snapshot_id,fetched_at_utc,batch_id,designation,ephem_time_utc,ra_hms,ra_deg,dec_dms,dec_deg,elong_deg,v_mag,motion_arcsec_per_min,pa_deg,uncertainty,source_url
20260507T104124Z,2026-05-07T10:41:24.175987Z,20260507T104124Z_batch01,ZTF10Di,2026-05-07T09:00:00Z,14 56 04.4,224.01833333333332,-08 21 14,-8.35388888888889,171.6,16.3,165.1,103.9,Map/Offsets   !!,https://cgi.minorplanetcenter.net/cgi-bin/confirmeph2.cgi
20260507T104124Z,2026-05-07T10:41:24.175987Z,20260507T104124Z_batch01,ZTF10Di,2026-05-07T10:00:00Z,15 07 10.2,226.79250000000002,-09 01 16,-9.021111111111113,171.8,16.2,173.5,103.5,Map/Offsets   !!,https://cgi.minorplanetcenter.net/cgi-bin/confirmeph2.cgi
20260507T104124Z,2026-05-07T10:41:24.175987Z,20260507T104124Z_batch01,ZTF10Di,2026-05-07T11:00:00Z,15 18 51.0,229.7125,-09 41 53,-9.698055555555555,171.0,16.2,181.6,103.0,Map/Offsets   !!,https://cgi.minorplanetcenter.net/cgi-bin/confirmeph2.cgi
20260507T104124Z,2026-05-07T10:41:24.175987Z,20260507T104124Z_batch01,ZTF10Di,2026-05-07T12:00:00Z,15 31 05.7,232.77375,-10 22 43,-10.37861111111111,169.4,16.2,189.1,102.5,Map/Offsets   !!,https://cgi.minorplanetcenter.net/cgi-bin/confirmeph2.cgi
20260507T104124Z,2026-05-07T10:41:24.175987Z,20260507T104124Z_batch01,ZTF10Di,2026-05-07T13:00:00Z,15 43 52.3,235.96791666666667,-11 03 17,-11.054722222222223,167.2,16.3,196.0,101.9,Map/Offsets   !!,https://cgi.minorplanetcenter.net/cgi-bin/confirmeph2.cgi
20260507T104124Z,2026-05-07T10:41:24.175987Z,20260507T104124Z_batch01,ZTF10Di,2026-05-07T14:00:00Z,15 57 07.8,239.2825,-11 43 04,-11.717777777777778,164.5,16.3,201.8,101.2,Map/Offsets   !!,https://cgi.minorplanetcenter.net/cgi-bin/confirmeph2.cgi
20260507T104124Z,2026-05-07T10:41:24.175987Z,20260507T104124Z_batch01,ZTF10Di,2026-05-07T15:00:00Z,16 10 48.4,242.7016666666667,-12 21 31,-12.358611111111111,161.6,16.4,206.5,100.5,Map/Offsets   !!,https://cgi.minorplanetcenter.net/cgi-bin/confirmeph2.cgi
20260507T104124Z,2026-05-07T10:41:24.175987Z,20260507T104124Z_batch01,ZTF10Di,2026-05-07T16:00:00Z,16 24 49.2,246.20499999999996,-12 58 05,-12.968055555555555,158.5,16.5,209.8,99.7,Map/Offsets   !!,https://cgi.minorplanetcenter.net/cgi-bin/confirmeph2.cgi
20260507T104124Z,2026-05-07T10:41:24.175987Z,20260507T104124Z_batch01,ZTF10Di,2026-05-07T17:00:00Z,16 39 04.3,249.76791666666662,-13 32 13,-13.536944444444444,155.2,16.6,211.7,98.9,Map/Offsets   !!,https://cgi.minorplanetcenter.net/cgi-bin/confirmeph2.cgi
20260507T104124Z,2026-05-07T10:41:24.175987Z,20260507T104124Z_batch01,ZTF10Di,2026-05-07T18:00:00Z,16 53 27.6,253.36499999999998,-14 03 27,-14.057500000000001,151.9,16.7,211.9,98.0,Map/Offsets   !!,https://cgi.minorplanetcenter.net/cgi-bin/confirmeph2.cgi
20260507T104124Z,2026-05-07T10:41:24.175987Z,20260507T104124Z_batch01,ZTF10Di,2026-05-07T19:00:00Z,17 07 52.2,256.96750000000003,-14 31 25,-14.523611111111112,148.6,16.8,210.5,97.2,Map/Offsets   !!,https://cgi.minorplanetcenter.net/cgi-bin/confirmeph2.cgi
20260507T104124Z,2026-05-07T10:41:24.175987Z,20260507T104124Z_batch01,ZTF10Di,2026-05-07T20:00:00Z,17 22 11.3,260.5470833333333,-14 55 50,-14.930555555555555,145.3,16.9,207.6,96.2,Map/Offsets   !!,https://cgi.minorplanetcenter.net/cgi-bin/confirmeph2.cgi
20260507T104124Z,2026-05-07T10:41:24.175987Z,20260507T104124Z_batch01,ZTF10Di,2026-05-07T21:00:00Z,17 36 18.4,264.0766666666667,-15 16 34,-15.276111111111112,142.0,17.0,203.2,95.3,Map/Offsets   !!,https://cgi.minorplanetcenter.net/cgi-bin/confirmeph2.cgi
20260507T104124Z,2026-05-07T10:41:24.175987Z,20260507T104124Z_batch01,ZTF10Di,2026-05-07T22:00:00Z,17 50 07.5,267.53125,-15 33 35,-15.559722222222224,138.8,17.1,197.7,94.4,Map/Offsets   !!,https://cgi.minorplanetcenter.net/cgi-bin/confirmeph2.cgi
20260507T104124Z,2026-05-07T10:41:24.175987Z,20260507T104124Z_batch01,ZTF10Di,2026-05-07T23:00:00Z,18 03 33.4,270.8891666666667,-15 47 00,-15.783333333333333,135.6,17.2,191.1,93.5,Map/Offsets   !!,https://cgi.minorplanetcenter.net/cgi-bin/confirmeph2.cgi
20260507T104124Z,2026-05-07T10:41:24.175987Z,20260507T104124Z_batch01,ZTF10Di,2026-05-08T00:00:00Z,18 16 31.8,274.13249999999994,-15 57 00,-15.95,132.6,17.4,183.7,92.6,Map/Offsets   !!,https://cgi.minorplanetcenter.net/cgi-bin/confirmeph2.cgi
20260507T104124Z,2026-05-07T10:41:24.175987Z,20260507T104124Z_batch01,ZTF10Di,2026-05-08T01:00:00Z,18 28 59.3,277.2470833333333,-16 03 51,-16.06416666666667,129.7,17.5,175.7,91.8,Map/Offsets   !!,https://cgi.minorplanetcenter.net/cgi-bin/confirmeph2.cgi
20260507T104124Z,2026-05-07T10:41:24.175987Z,20260507T104124Z_batch01,ZTF10Di,2026-05-08T02:00:00Z,18 40 53.5,280.22291666666666,-16 07 52,-16.13111111111111,126.9,17.6,167.4,90.9,Map/Offsets   !!,https://cgi.minorplanetcenter.net/cgi-bin/confirmeph2.cgi
20260507T104124Z,2026-05-07T10:41:24.175987Z,20260507T104124Z_batch01,ZTF10Di,2026-05-08T03:00:00Z,18 52 13.2,283.055,-16 09 24,-16.156666666666666,124.3,17.7,159.0,90.1,Map/Offsets   !!,https://cgi.minorplanetcenter.net/cgi-bin/confirmeph2.cgi
20260507T104124Z,2026-05-07T10:41:24.175987Z,20260507T104124Z_batch01,ZTF10Di,2026-05-08T04:00:00Z,19 02 57.6,285.74,-16 08 46,-16.14611111111111,121.8,17.9,150.5,89.4,Map/Offsets   !!,https://cgi.minorplanetcenter.net/cgi-bin/confirmeph2.cgi
20260507T104124Z,2026-05-07T10:41:24.175987Z,20260507T104124Z_batch01,ZTF10Di,2026-05-08T05:00:00Z,19 13 06.7,288.27791666666667,-16 06 19,-16.10527777777778,119.4,18.0,142.2,88.7,Map/Offsets   !!,https://cgi.minorplanetcenter.net/cgi-bin/confirmeph2.cgi
20260507T104124Z,2026-05-07T10:41:24.175987Z,20260507T104124Z_batch01,ZTF10Di,2026-05-08T06:00:00Z,19 22 41.3,290.6720833333333,-16 02 22,-16.039444444444445,117.2,18.1,134.1,88.0,Map/Offsets   !!,https://cgi.minorplanetcenter.net/cgi-bin/confirmeph2.cgi
20260507T104124Z,2026-05-07T10:41:24.175987Z,20260507T104124Z_batch01,ZTF10Di,2026-05-08T07:00:00Z,19 31 42.4,292.9266666666666,-15 57 11,-15.953055555555554,115.1,18.3,126.2,87.4,Map/Offsets   !!,https://cgi.minorplanetcenter.net/cgi-bin/confirmeph2.cgi
20260507T104124Z,2026-05-07T10:41:24.175987Z,20260507T104124Z_batch01,ZTF10Di,2026-05-08T08:00:00Z,19 40 11.2,295.0466666666667,-15 51 01,-15.850277777777777,113.1,18.4,118.8,86.8,Map/Offsets   !!,https://cgi.minorplanetcenter.net/cgi-bin/confirmeph2.cgi
20260507T104124Z,2026-05-07T10:41:24.175987Z,20260507T104124Z_batch01,ZTF10Di,2026-05-08T09:00:00Z,19 48 09.3,297.03875,-15 44 05,-15.73472222222222,111.3,18.5,111.7,86.3,Map/Offsets   !!,https://cgi.minorplanetcenter.net/cgi-bin/confirmeph2.cgi
20260507T104242Z,2026-05-07T10:42:42.908094Z,20260507T104242Z_batch01,ZTF10Di,2026-05-07T09:00:00Z,14 56 04.4,224.01833333333332,-08 21 14,-8.35388888888889,171.6,16.3,165.1,103.9,Map/Offsets   !!,https://cgi.minorplanetcenter.net/cgi-bin/confirmeph2.cgi
20260507T104242Z,2026-05-07T10:42:42.908094Z,20260507T104242Z_batch01,ZTF10Di,2026-05-07T10:00:00Z,15 07 10.2,226.79250000000002,-09 01 16,-9.021111111111113,171.8,16.2,173.5,103.5,Map/Offsets   !!,https://cgi.minorplanetcenter.net/cgi-bin/confirmeph2.cgi
20260507T104242Z,2026-05-07T10:42:42.908094Z,20260507T104242Z_batch01,ZTF10Di,2026-05-07T11:00:00Z,15 18 51.0,229.7125,-09 41 53,-9.698055555555555,171.0,16.2,181.6,103.0,Map/Offsets   !!,https://cgi.minorplanetcenter.net/cgi-bin/confirmeph2.cgi
20260507T104242Z,2026-05-07T10:42:42.908094Z,20260507T104242Z_batch01,ZTF10Di,2026-05-07T12:00:00Z,15 31 05.7,232.77375,-10 22 43,-10.37861111111111,169.4,16.2,189.1,102.5,Map/Offsets   !!,https://cgi.minorplanetcenter.net/cgi-bin/confirmeph2.cgi
20260507T104242Z,2026-05-07T10:42:42.908094Z,20260507T104242Z_batch01,ZTF10Di,2026-05-07T13:00:00Z,15 43 52.3,235.96791666666667,-11 03 17,-11.054722222222223,167.2,16.3,196.0,101.9,Map/Offsets   !!,https://cgi.minorplanetcenter.net/cgi-bin/confirmeph2.cgi
20260507T104242Z,2026-05-07T10:42:42.908094Z,20260507T104242Z_batch01,ZTF10Di,2026-05-07T14:00:00Z,15 57 07.8,239.2825,-11 43 04,-11.717777777777778,164.5,16.3,201.8,101.2,Map/Offsets   !!,https://cgi.minorplanetcenter.net/cgi-bin/confirmeph2.cgi
20260507T104242Z,2026-05-07T10:42:42.908094Z,20260507T104242Z_batch01,ZTF10Di,2026-05-07T15:00:00Z,16 10 48.4,242.7016666666667,-12 21 31,-12.358611111111111,161.6,16.4,206.5,100.5,Map/Offsets   !!,https://cgi.minorplanetcenter.net/cgi-bin/confirmeph2.cgi
20260507T104242Z,2026-05-07T10:42:42.908094Z,20260507T104242Z_batch01,ZTF10Di,2026-05-07T16:00:00Z,16 24 49.2,246.20499999999996,-12 58 05,-12.968055555555555,158.5,16.5,209.8,99.7,Map/Offsets   !!,https://cgi.minorplanetcenter.net/cgi-bin/confirmeph2.cgi
20260507T104242Z,2026-05-07T10:42:42.908094Z,20260507T104242Z_batch01,ZTF10Di,2026-05-07T17:00:00Z,16 39 04.3,249.76791666666662,-13 32 13,-13.536944444444444,155.2,16.6,211.7,98.9,Map/Offsets   !!,https://cgi.minorplanetcenter.net/cgi-bin/confirmeph2.cgi
20260507T104242Z,2026-05-07T10:42:42.908094Z,20260507T104242Z_batch01,ZTF10Di,2026-05-07T18:00:00Z,16 53 27.6,253.36499999999998,-14 03 27,-14.057500000000001,151.9,16.7,211.9,98.0,Map/Offsets   !!,https://cgi.minorplanetcenter.net/cgi-bin/confirmeph2.cgi
20260507T104242Z,2026-05-07T10:42:42.908094Z,20260507T104242Z_batch01,ZTF10Di,2026-05-07T19:00:00Z,17 07 52.2,256.96750000000003,-14 31 25,-14.523611111111112,148.6,16.8,210.5,97.2,Map/Offsets   !!,https://cgi.minorplanetcenter.net/cgi-bin/confirmeph2.cgi
20260507T104242Z,2026-05-07T10:42:42.908094Z,20260507T104242Z_batch01,ZTF10Di,2026-05-07T20:00:00Z,17 22 11.3,260.5470833333333,-14 55 50,-14.930555555555555,145.3,16.9,207.6,96.2,Map/Offsets   !!,https://cgi.minorplanetcenter.net/cgi-bin/confirmeph2.cgi
20260507T104242Z,2026-05-07T10:42:42.908094Z,20260507T104242Z_batch01,ZTF10Di,2026-05-07T21:00:00Z,17 36 18.4,264.0766666666667,-15 16 34,-15.276111111111112,142.0,17.0,203.2,95.3,Map/Offsets   !!,https://cgi.minorplanetcenter.net/cgi-bin/confirmeph2.cgi
20260507T104242Z,2026-05-07T10:42:42.908094Z,20260507T104242Z_batch01,ZTF10Di,2026-05-07T22:00:00Z,17 50 07.5,267.53125,-15 33 35,-15.559722222222224,138.8,17.1,197.7,94.4,Map/Offsets   !!,https://cgi.minorplanetcenter.net/cgi-bin/confirmeph2.cgi
20260507T104242Z,2026-05-07T10:42:42.908094Z,20260507T104242Z_batch01,ZTF10Di,2026-05-07T23:00:00Z,18 03 33.4,270.8891666666667,-15 47 00,-15.783333333333333,135.6,17.2,191.1,93.5,Map/Offsets   !!,https://cgi.minorplanetcenter.net/cgi-bin/confirmeph2.cgi
20260507T104242Z,2026-05-07T10:42:42.908094Z,20260507T104242Z_batch01,ZTF10Di,2026-05-08T00:00:00Z,18 16 31.8,274.13249999999994,-15 57 00,-15.95,132.6,17.4,183.7,92.6,Map/Offsets   !!,https://cgi.minorplanetcenter.net/cgi-bin/confirmeph2.cgi
20260507T104242Z,2026-05-07T10:42:42.908094Z,20260507T104242Z_batch01,ZTF10Di,2026-05-08T01:00:00Z,18 28 59.3,277.2470833333333,-16 03 51,-16.06416666666667,129.7,17.5,175.7,91.8,Map/Offsets   !!,https://cgi.minorplanetcenter.net/cgi-bin/confirmeph2.cgi
20260507T104242Z,2026-05-07T10:42:42.908094Z,20260507T104242Z_batch01,ZTF10Di,2026-05-08T02:00:00Z,18 40 53.5,280.22291666666666,-16 07 52,-16.13111111111111,126.9,17.6,167.4,90.9,Map/Offsets   !!,https://cgi.minorplanetcenter.net/cgi-bin/confirmeph2.cgi
20260507T104242Z,2026-05-07T10:42:42.908094Z,20260507T104242Z_batch01,ZTF10Di,2026-05-08T03:00:00Z,18 52 13.2,283.055,-16 09 24,-16.156666666666666,124.3,17.7,159.0,90.1,Map/Offsets   !!,https://cgi.minorplanetcenter.net/cgi-bin/confirmeph2.cgi
20260507T104242Z,2026-05-07T10:42:42.908094Z,20260507T104242Z_batch01,ZTF10Di,2026-05-08T04:00:00Z,19 02 57.6,285.74,-16 08 46,-16.14611111111111,121.8,17.9,150.5,89.4,Map/Offsets   !!,https://cgi.minorplanetcenter.net/cgi-bin/confirmeph2.cgi
20260507T104242Z,2026-05-07T10:42:42.908094Z,20260507T104242Z_batch01,ZTF10Di,2026-05-08T05:00:00Z,19 13 06.7,288.27791666666667,-16 06 19,-16.10527777777778,119.4,18.0,142.2,88.7,Map/Offsets   !!,https://cgi.minorplanetcenter.net/cgi-bin/confirmeph2.cgi
20260507T104242Z,2026-05-07T10:42:42.908094Z,20260507T104242Z_batch01,ZTF10Di,2026-05-08T06:00:00Z,19 22 41.3,290.6720833333333,-16 02 22,-16.039444444444445,117.2,18.1,134.1,88.0,Map/Offsets   !!,https://cgi.minorplanetcenter.net/cgi-bin/confirmeph2.cgi
20260507T104242Z,2026-05-07T10:42:42.908094Z,20260507T104242Z_batch01,ZTF10Di,2026-05-08T07:00:00Z,19 31 42.4,292.9266666666666,-15 57 11,-15.953055555555554,115.1,18.3,126.2,87.4,Map/Offsets   !!,https://cgi.minorplanetcenter.net/cgi-bin/confirmeph2.cgi
20260507T104242Z,2026-05-07T10:42:42.908094Z,20260507T104242Z_batch01,ZTF10Di,2026-05-08T08:00:00Z,19 40 11.2,295.0466666666667,-15 51 01,-15.850277777777777,113.1,18.4,118.8,86.8,Map/Offsets   !!,https://cgi.minorplanetcenter.net/cgi-bin/confirmeph2.cgi
20260507T104242Z,2026-05-07T10:42:42.908094Z,20260507T104242Z_batch01,ZTF10Di,2026-05-08T09:00:00Z,19 48 09.3,297.03875,-15 44 05,-15.73472222222222,111.3,18.5,111.7,86.3,Map/Offsets   !!,https://cgi.minorplanetcenter.net/cgi-bin/confirmeph2.cgi
20260507T104242Z,2026-05-07T10:42:42.908094Z,20260507T104242Z_batch01,P22n0fj,2026-05-07T09:00:00Z,14 21 20.2,215.33416666666668,+15 43 20,15.722222222222223,146.4,21.6,1.34,101.1,Map/Offsets,https://cgi.minorplanetcenter.net/cgi-bin/confirmeph2.cgi
20260507T104242Z,2026-05-07T10:42:42.908094Z,20260507T104242Z_batch01,P22n0fj,2026-05-07T10:00:00Z,14 21 25.7,215.35708333333332,+15 43 04,15.717777777777778,146.4,21.6,1.35,101.2,Map/Offsets,https://cgi.minorplanetcenter.net/cgi-bin/confirmeph2.cgi
20260507T104242Z,2026-05-07T10:42:42.908094Z,20260507T104242Z_batch01,P22n0fj,2026-05-07T11:00:00Z,14 21 31.2,215.38,+15 42 48,15.713333333333333,146.4,21.6,1.36,101.3,Map/Offsets,https://cgi.minorplanetcenter.net/cgi-bin/confirmeph2.cgi
20260507T104242Z,2026-05-07T10:42:42.908094Z,20260507T104242Z_batch01,P22n0fj,2026-05-07T12:00:00Z,14 21 36.8,215.4033333333333,+15 42 32,15.708888888888888,146.4,21.6,1.36,101.4,Map/Offsets,https://cgi.minorplanetcenter.net/cgi-bin/confirmeph2.cgi
20260507T104242Z,2026-05-07T10:42:42.908094Z,20260507T104242Z_batch01,P22n0fj,2026-05-07T13:00:00Z,14 21 42.3,215.42624999999998,+15 42 16,15.704444444444444,146.4,21.6,1.37,101.5,Map/Offsets,https://cgi.minorplanetcenter.net/cgi-bin/confirmeph2.cgi
20260507T104242Z,2026-05-07T10:42:42.908094Z,20260507T104242Z_batch01,P22n0fj,2026-05-07T14:00:00Z,14 21 47.9,215.44958333333335,+15 41 59,15.699722222222222,146.4,21.6,1.38,101.6,Map/Offsets,https://cgi.minorplanetcenter.net/cgi-bin/confirmeph2.cgi
20260507T104242Z,2026-05-07T10:42:42.908094Z,20260507T104242Z_batch01,P22n0fj,2026-05-07T15:00:00Z,14 21 53.5,215.47291666666666,+15 41 43,15.695277777777777,146.4,21.6,1.38,101.7,Map/Offsets,https://cgi.minorplanetcenter.net/cgi-bin/confirmeph2.cgi
20260507T104242Z,2026-05-07T10:42:42.908094Z,20260507T104242Z_batch01,P22n0fj,2026-05-07T16:00:00Z,14 21 59.2,215.49666666666664,+15 41 26,15.690555555555555,146.3,21.6,1.39,101.7,Map/Offsets,https://cgi.minorplanetcenter.net/cgi-bin/confirmeph2.cgi
20260507T104242Z,2026-05-07T10:42:42.908094Z,20260507T104242Z_batch01,P22n0fj,2026-05-07T17:00:00Z,14 22 04.8,215.52,+15 41 09,15.685833333333333,146.3,21.6,1.4,101.8,Map/Offsets,https://cgi.minorplanetcenter.net/cgi-bin/confirmeph2.cgi
20260507T104242Z,2026-05-07T10:42:42.908094Z,20260507T104242Z_batch01,P22n0fj,2026-05-07T18:00:00Z,14 22 10.5,215.54375,+15 40 51,15.680833333333332,146.3,21.6,1.4,101.9,Map/Offsets,https://cgi.minorplanetcenter.net/cgi-bin/confirmeph2.cgi
20260507T104242Z,2026-05-07T10:42:42.908094Z,20260507T104242Z_batch01,P22n0fj,2026-05-07T19:00:00Z,14 22 16.2,215.5675,+15 40 34,15.67611111111111,146.3,21.5,1.41,102.0,Map/Offsets,https://cgi.minorplanetcenter.net/cgi-bin/confirmeph2.cgi
20260507T104242Z,2026-05-07T10:42:42.908094Z,20260507T104242Z_batch01,P22n0fj,2026-05-07T20:00:00Z,14 22 22.0,215.59166666666667,+15 40 16,15.671111111111111,146.3,21.5,1.42,102.1,Map/Offsets,https://cgi.minorplanetcenter.net/cgi-bin/confirmeph2.cgi
20260507T104242Z,2026-05-07T10:42:42.908094Z,20260507T104242Z_batch01,P22n0fj,2026-05-07T21:00:00Z,14 22 27.8,215.61583333333334,+15 39 58,15.666111111111112,146.3,21.5,1.43,102.1,Map/Offsets,https://cgi.minorplanetcenter.net/cgi-bin/confirmeph2.cgi
20260507T104242Z,2026-05-07T10:42:42.908094Z,20260507T104242Z_batch01,P22n0fj,2026-05-07T22:00:00Z,14 22 33.6,215.64000000000001,+15 39 40,15.661111111111111,146.3,21.5,1.43,102.2,Map/Offsets,https://cgi.minorplanetcenter.net/cgi-bin/confirmeph2.cgi
20260507T104242Z,2026-05-07T10:42:42.908094Z,20260507T104242Z_batch01,P22n0fj,2026-05-07T23:00:00Z,14 22 39.4,215.66416666666666,+15 39 22,15.65611111111111,146.3,21.5,1.44,102.3,Map/Offsets,https://cgi.minorplanetcenter.net/cgi-bin/confirmeph2.cgi
20260507T104242Z,2026-05-07T10:42:42.908094Z,20260507T104242Z_batch01,P22n0fj,2026-05-08T00:00:00Z,14 22 45.3,215.68875,+15 39 03,15.650833333333333,146.3,21.5,1.45,102.4,Map/Offsets,https://cgi.minorplanetcenter.net/cgi-bin/confirmeph2.cgi
20260507T104242Z,2026-05-07T10:42:42.908094Z,20260507T104242Z_batch01,P22n0fj,2026-05-08T01:00:00Z,14 22 51.1,215.71291666666667,+15 38 45,15.645833333333332,146.2,21.5,1.46,102.5,Map/Offsets,https://cgi.minorplanetcenter.net/cgi-bin/confirmeph2.cgi
20260507T104242Z,2026-05-07T10:42:42.908094Z,20260507T104242Z_batch01,P22n0fj,2026-05-08T02:00:00Z,14 22 57.1,215.73791666666668,+15 38 26,15.640555555555554,146.2,21.5,1.46,102.6,Map/Offsets,https://cgi.minorplanetcenter.net/cgi-bin/confirmeph2.cgi
20260507T104242Z,2026-05-07T10:42:42.908094Z,20260507T104242Z_batch01,P22n0fj,2026-05-08T03:00:00Z,14 23 03.0,215.7625,+15 38 07,15.635277777777777,146.2,21.5,1.47,102.6,Map/Offsets,https://cgi.minorplanetcenter.net/cgi-bin/confirmeph2.cgi
20260507T104242Z,2026-05-07T10:42:42.908094Z,20260507T104242Z_batch01,P22n0fj,2026-05-08T04:00:00Z,14 23 09.0,215.7875,+15 37 47,15.629722222222222,146.2,21.5,1.48,102.7,Map/Offsets,https://cgi.minorplanetcenter.net/cgi-bin/confirmeph2.cgi
20260507T104242Z,2026-05-07T10:42:42.908094Z,20260507T104242Z_batch01,P22n0fj,2026-05-08T05:00:00Z,14 23 15.0,215.8125,+15 37 28,15.624444444444444,146.2,21.5,1.49,102.8,Map/Offsets,https://cgi.minorplanetcenter.net/cgi-bin/confirmeph2.cgi
20260507T104242Z,2026-05-07T10:42:42.908094Z,20260507T104242Z_batch01,P22n0fj,2026-05-08T06:00:00Z,14 23 21.0,215.8375,+15 37 08,15.61888888888889,146.2,21.5,1.49,102.9,Map/Offsets,https://cgi.minorplanetcenter.net/cgi-bin/confirmeph2.cgi
20260507T104242Z,2026-05-07T10:42:42.908094Z,20260507T104242Z_batch01,P22n0fj,2026-05-08T07:00:00Z,14 23 27.1,215.86291666666665,+15 36 48,15.613333333333333,146.2,21.5,1.5,102.9,Map/Offsets,https://cgi.minorplanetcenter.net/cgi-bin/confirmeph2.cgi
20260507T104242Z,2026-05-07T10:42:42.908094Z,20260507T104242Z_batch01,P22n0fj,2026-05-08T08:00:00Z,14 23 33.2,215.88833333333332,+15 36 27,15.6075,146.2,21.5,1.51,103.0,Map/Offsets,https://cgi.minorplanetcenter.net/cgi-bin/confirmeph2.cgi
20260507T104242Z,2026-05-07T10:42:42.908094Z,20260507T104242Z_batch01,P22n0fj,2026-05-08T09:00:00Z,14 23 39.3,215.91375,+15 36 07,15.601944444444444,146.2,21.5,1.52,103.1,Map/Offsets,https://cgi.minorplanetcenter.net/cgi-bin/confirmeph2.cgi
20260507T104242Z,2026-05-07T10:42:42.908094Z,20260507T104242Z_batch01,C468U01,2026-05-07T09:00:00Z,14 19 52.0,214.96666666666667,-10 26 00,-10.433333333333334,169.2,18.5,81.29,114.3,Map/Offsets   ***,https://cgi.minorplanetcenter.net/cgi-bin/confirmeph2.cgi
20260507T104242Z,2026-05-07T10:42:42.908094Z,20260507T104242Z_batch01,C468U01,2026-05-07T10:00:00Z,14 24 50.4,216.21,-10 58 57,-10.9825,170.5,18.5,79.44,114.1,Map/Offsets   ***,https://cgi.minorplanetcenter.net/cgi-bin/confirmeph2.cgi
20260507T104242Z,2026-05-07T10:42:42.908094Z,20260507T104242Z_batch01,C468U01,2026-05-07T11:00:00Z,14 29 42.9,217.42874999999998,-11 30 51,-11.514166666666666,171.7,18.4,77.57,113.9,Map/Offsets   ***,https://cgi.minorplanetcenter.net/cgi-bin/confirmeph2.cgi
20260507T104242Z,2026-05-07T10:42:42.908094Z,20260507T104242Z_batch01,C468U01,2026-05-07T12:00:00Z,14 34 29.5,218.62291666666667,-12 01 41,-12.028055555555556,172.9,18.4,75.68,113.6,Map/Offsets   ***,https://cgi.minorplanetcenter.net/cgi-bin/confirmeph2.cgi
20260507T104242Z,2026-05-07T10:42:42.908094Z,20260507T104242Z_batch01,C468U01,2026-05-07T13:00:00Z,14 39 10.1,219.79208333333335,-12 31 28,-12.524444444444445,174.0,18.4,73.8,113.4,Map/Offsets   ***,https://cgi.minorplanetcenter.net/cgi-bin/confirmeph2.cgi
20260507T104242Z,2026-05-07T10:42:42.908094Z,20260507T104242Z_batch01,C468U01,2026-05-07T14:00:00Z,14 43 44.7,220.93625,-13 00 13,-13.00361111111111,175.1,18.4,71.91,113.1,Map/Offsets   ***,https://cgi.minorplanetcenter.net/cgi-bin/confirmeph2.cgi
20260507T104242Z,2026-05-07T10:42:42.908094Z,20260507T104242Z_batch01,C468U01,2026-05-07T15:00:00Z,14 48 13.2,222.055,-13 27 55,-13.465277777777777,176.0,18.3,70.04,112.9,Map/Offsets   ***,https://cgi.minorplanetcenter.net/cgi-bin/confirmeph2.cgi
20260507T104242Z,2026-05-07T10:42:42.908094Z,20260507T104242Z_batch01,C468U01,2026-05-07T16:00:00Z,14 52 35.6,223.14833333333334,-13 54 37,-13.910277777777779,176.9,18.3,68.18,112.6,Map/Offsets   ***,https://cgi.minorplanetcenter.net/cgi-bin/confirmeph2.cgi
20260507T104242Z,2026-05-07T10:42:42.908094Z,20260507T104242Z_batch01,C468U01,2026-05-07T17:00:00Z,14 56 52.0,224.21666666666667,-14 20 19,-14.338611111111112,177.5,18.3,66.35,112.3,Map/Offsets   ***,https://cgi.minorplanetcenter.net/cgi-bin/confirmeph2.cgi
20260507T104242Z,2026-05-07T10:42:42.908094Z,20260507T104242Z_batch01,C468U01,2026-05-07T18:00:00Z,15 01 02.4,225.26000000000002,-14 45 03,-14.750833333333333,177.7,18.3,64.54,112.1,Map/Offsets   ***,https://cgi.minorplanetcenter.net/cgi-bin/confirmeph2.cgi
20260507T104242Z,2026-05-07T10:42:42.908094Z,20260507T104242Z_batch01,C468U01,2026-05-07T19:00:00Z,15 05 06.8,226.27833333333334,-15 08 50,-15.147222222222222,177.5,18.4,62.76,111.8,Map/Offsets   ***,https://cgi.minorplanetcenter.net/cgi-bin/confirmeph2.cgi
20260507T104242Z,2026-05-07T10:42:42.908094Z,20260507T104242Z_batch01,C468U01,2026-05-07T20:00:00Z,15 09 05.3,227.27208333333334,-15 31 42,-15.528333333333334,177.0,18.4,61.01,111.5,Map/Offsets   ***,https://cgi.minorplanetcenter.net/cgi-bin/confirmeph2.cgi
20260507T104242Z,2026-05-07T10:42:42.908094Z,20260507T104242Z_batch01,C468U01,2026-05-07T21:00:00Z,15 12 58.0,228.24166666666667,-15 53 39,-15.894166666666667,176.3,18.5,59.29,111.3,Map/Offsets   ***,https://cgi.minorplanetcenter.net/cgi-bin/confirmeph2.cgi
20260507T104242Z,2026-05-07T10:42:42.908094Z,20260507T104242Z_batch01,C468U01,2026-05-07T22:00:00Z,15 16 44.9,229.18708333333333,-16 14 45,-16.245833333333334,175.5,18.6,57.62,111.0,Map/Offsets   ***,https://cgi.minorplanetcenter.net/cgi-bin/confirmeph2.cgi
20260507T104242Z,2026-05-07T10:42:42.908094Z,20260507T104242Z_batch01,C468U01,2026-05-07T23:00:00Z,15 20 26.2,230.10916666666668,-16 35 00,-16.583333333333332,174.7,18.6,55.98,110.8,Map/Offsets   ***,https://cgi.minorplanetcenter.net/cgi-bin/confirmeph2.cgi
20260507T104242Z,2026-05-07T10:42:42.908094Z,20260507T104242Z_batch01,C468U01,2026-05-08T00:00:00Z,15 24 01.9,231.0079166666667,-16 54 27,-16.9075,173.9,18.7,54.38,110.5,Map/Offsets   ***,https://cgi.minorplanetcenter.net/cgi-bin/confirmeph2.cgi
20260507T104242Z,2026-05-07T10:42:42.908094Z,20260507T104242Z_batch01,C468U01,2026-05-08T01:00:00Z,15 27 32.1,231.88375,-17 13 07,-17.21861111111111,173.1,18.8,52.82,110.2,Map/Offsets   ***,https://cgi.minorplanetcenter.net/cgi-bin/confirmeph2.cgi
20260507T104242Z,2026-05-07T10:42:42.908094Z,20260507T104242Z_batch01,C468U01,2026-05-08T02:00:00Z,15 30 57.0,232.7375,-17 31 01,-17.516944444444444,172.3,18.9,51.31,110.0,Map/Offsets   ***,https://cgi.minorplanetcenter.net/cgi-bin/confirmeph2.cgi
20260507T104242Z,2026-05-07T10:42:42.908094Z,20260507T104242Z_batch01,C468U01,2026-05-08T03:00:00Z,15 34 16.6,233.56916666666666,-17 48 12,-17.803333333333335,171.5,18.9,49.83,109.7,Map/Offsets   ***,https://cgi.minorplanetcenter.net/cgi-bin/confirmeph2.cgi
20260507T104242Z,2026-05-07T10:42:42.908094Z,20260507T104242Z_batch01,C468U01,2026-05-08T04:00:00Z,15 37 31.2,234.38,-18 04 42,-18.078333333333333,170.8,19.0,48.4,109.5,Map/Offsets   ***,https://cgi.minorplanetcenter.net/cgi-bin/confirmeph2.cgi
20260507T104242Z,2026-05-07T10:42:42.908094Z,20260507T104242Z_batch01,C468U01,2026-05-08T05:00:00Z,15 40 40.7,235.16958333333332,-18 20 31,-18.341944444444444,170.0,19.0,47.01,109.2,Map/Offsets   ***,https://cgi.minorplanetcenter.net/cgi-bin/confirmeph2.cgi
20260507T104242Z,2026-05-07T10:42:42.908094Z,20260507T104242Z_batch01,C468U01,2026-05-08T06:00:00Z,15 43 45.3,235.93875,-18 35 42,-18.595,169.3,19.1,45.67,109.0,Map/Offsets   ***,https://cgi.minorplanetcenter.net/cgi-bin/confirmeph2.cgi
20260507T104242Z,2026-05-07T10:42:42.908094Z,20260507T104242Z_batch01,C468U01,2026-05-08T07:00:00Z,15 46 45.2,236.68833333333336,-18 50 16,-18.837777777777777,168.6,19.2,44.36,108.8,Map/Offsets   ***,https://cgi.minorplanetcenter.net/cgi-bin/confirmeph2.cgi
20260507T104242Z,2026-05-07T10:42:42.908094Z,20260507T104242Z_batch01,C468U01,2026-05-08T08:00:00Z,15 49 40.4,237.41833333333335,-19 04 15,-19.070833333333333,167.9,19.2,43.1,108.5,Map/Offsets   ***,https://cgi.minorplanetcenter.net/cgi-bin/confirmeph2.cgi
20260507T104242Z,2026-05-07T10:42:42.908094Z,20260507T104242Z_batch01,C468U01,2026-05-08T09:00:00Z,15 52 31.1,238.12958333333336,-19 17 40,-19.294444444444448,167.3,19.3,41.87,108.3,Map/Offsets   ***,https://cgi.minorplanetcenter.net/cgi-bin/confirmeph2.cgi
20260507T104242Z,2026-05-07T10:42:42.908094Z,20260507T104242Z_batch01,ST26E02,2026-05-07T09:00:00Z,12 50 39.0,192.66250000000002,-15 50 11,-15.836388888888889,149.9,19.5,57.71,10.1,Map/Offsets   !!,https://cgi.minorplanetcenter.net/cgi-bin/confirmeph2.cgi
20260507T104242Z,2026-05-07T10:42:42.908094Z,20260507T104242Z_batch01,ST26E02,2026-05-07T10:00:00Z,12 51 21.7,192.84041666666667,-14 51 57,-14.865833333333333,150.0,19.4,60.6,10.0,Map/Offsets   !!,https://cgi.minorplanetcenter.net/cgi-bin/confirmeph2.cgi
20260507T104242Z,2026-05-07T10:42:42.908094Z,20260507T104242Z_batch01,ST26E02,2026-05-07T11:00:00Z,12 52 06.2,193.02583333333334,-13 50 47,-13.846388888888889,149.9,19.4,63.67,10.0,Map/Offsets   !!,https://cgi.minorplanetcenter.net/cgi-bin/confirmeph2.cgi
20260507T104242Z,2026-05-07T10:42:42.908094Z,20260507T104242Z_batch01,ST26E02,2026-05-07T12:00:00Z,12 52 52.6,193.2191666666667,-12 46 29,-12.774722222222223,149.9,19.3,66.93,9.9,Map/Offsets   !!,https://cgi.minorplanetcenter.net/cgi-bin/confirmeph2.cgi
20260507T104242Z,2026-05-07T10:42:42.908094Z,20260507T104242Z_batch01,ST26E02,2026-05-07T13:00:00Z,12 53 40.9,193.42041666666665,-11 38 52,-11.647777777777778,149.8,19.3,70.39,9.9,Map/Offsets   !!,https://cgi.minorplanetcenter.net/cgi-bin/confirmeph2.cgi
20260507T104242Z,2026-05-07T10:42:42.908094Z,20260507T104242Z_batch01,ST26E02,2026-05-07T14:00:00Z,12 54 31.3,193.63041666666666,-10 27 44,-10.462222222222222,149.7,19.2,74.06,9.8,Map/Offsets   !!,https://cgi.minorplanetcenter.net/cgi-bin/confirmeph2.cgi
20260507T104242Z,2026-05-07T10:42:42.908094Z,20260507T104242Z_batch01,ST26E02,2026-05-07T15:00:00Z,12 55 24.0,193.84999999999997,-09 12 51,-9.214166666666666,149.5,19.2,77.95,9.8,Map/Offsets   !!,https://cgi.minorplanetcenter.net/cgi-bin/confirmeph2.cgi
20260507T104242Z,2026-05-07T10:42:42.908094Z,20260507T104242Z_batch01,ST26E02,2026-05-07T16:00:00Z,12 56 19.0,194.07916666666668,-07 54 01,-7.900277777777778,149.2,19.1,82.08,9.8,Map/Offsets   !!,https://cgi.minorplanetcenter.net/cgi-bin/confirmeph2.cgi
20260507T104242Z,2026-05-07T10:42:42.908094Z,20260507T104242Z_batch01,ST26E02,2026-05-07T17:00:00Z,12 57 16.6,194.31916666666663,-06 31 00,-6.516666666666667,148.9,19.1,86.43,9.7,Map/Offsets   !!,https://cgi.minorplanetcenter.net/cgi-bin/confirmeph2.cgi
20260507T104242Z,2026-05-07T10:42:42.908094Z,20260507T104242Z_batch01,ST26E02,2026-05-07T18:00:00Z,12 58 16.9,194.57041666666666,-05 03 34,-5.059444444444444,148.5,19.0,91.03,9.7,Map/Offsets   !!,https://cgi.minorplanetcenter.net/cgi-bin/confirmeph2.cgi
20260507T104242Z,2026-05-07T10:42:42.908094Z,20260507T104242Z_batch01,ST26E02,2026-05-07T19:00:00Z,12 59 20.1,194.83375,-03 31 29,-3.524722222222222,148.1,19.0,95.86,9.7,Map/Offsets   !!,https://cgi.minorplanetcenter.net/cgi-bin/confirmeph2.cgi
20260507T104242Z,2026-05-07T10:42:42.908094Z,20260507T104242Z_batch01,ST26E02,2026-05-07T20:00:00Z,13 00 26.4,195.11,-01 54 31,-1.908611111111111,147.5,19.0,100.9,9.7,Map/Offsets   !!,https://cgi.minorplanetcenter.net/cgi-bin/confirmeph2.cgi
20260507T104242Z,2026-05-07T10:42:42.908094Z,20260507T104242Z_batch01,ST26E02,2026-05-07T21:00:00Z,13 01 36.1,195.40041666666667,-00 12 26,-0.20722222222222222,146.9,18.9,106.2,9.7,Map/Offsets   !!,https://cgi.minorplanetcenter.net/cgi-bin/confirmeph2.cgi
20260507T104242Z,2026-05-07T10:42:42.908094Z,20260507T104242Z_batch01,ST26E02,2026-05-07T22:00:00Z,13 02 49.5,195.70625,+01 34 58,1.5827777777777778,146.1,18.9,111.7,9.7,Map/Offsets   !!,https://cgi.minorplanetcenter.net/cgi-bin/confirmeph2.cgi
20260507T104242Z,2026-05-07T10:42:42.908094Z,20260507T104242Z_batch01,ST26E02,2026-05-07T23:00:00Z,13 04 06.7,196.02791666666667,+03 27 52,3.4644444444444447,145.2,18.9,117.4,9.7,Map/Offsets   !!,https://cgi.minorplanetcenter.net/cgi-bin/confirmeph2.cgi
20260507T104242Z,2026-05-07T10:42:42.908094Z,20260507T104242Z_batch01,ST26E02,2026-05-08T00:00:00Z,13 05 28.2,196.3675,+05 26 27,5.440833333333334,144.2,18.8,123.2,9.7,Map/Offsets   !!,https://cgi.minorplanetcenter.net/cgi-bin/confirmeph2.cgi
20260507T104242Z,2026-05-07T10:42:42.908094Z,20260507T104242Z_batch01,ST26E02,2026-05-08T01:00:00Z,13 06 54.2,196.72583333333333,+07 30 49,7.5136111111111115,143.1,18.8,129.2,9.8,Map/Offsets   !!,https://cgi.minorplanetcenter.net/cgi-bin/confirmeph2.cgi
20260507T104242Z,2026-05-07T10:42:42.908094Z,20260507T104242Z_batch01,ST26E02,2026-05-08T02:00:00Z,13 08 25.2,197.105,+09 41 03,9.684166666666666,141.9,18.8,135.2,9.8,Map/Offsets   !!,https://cgi.minorplanetcenter.net/cgi-bin/confirmeph2.cgi
20260507T104242Z,2026-05-07T10:42:42.908094Z,20260507T104242Z_batch01,ST26E02,2026-05-08T03:00:00Z,13 10 01.5,197.50625,+11 57 09,11.952499999999999,140.5,18.8,141.1,9.9,Map/Offsets   !!,https://cgi.minorplanetcenter.net/cgi-bin/confirmeph2.cgi
20260507T104242Z,2026-05-07T10:42:42.908094Z,20260507T104242Z_batch01,ST26E02,2026-05-08T04:00:00Z,13 11 43.8,197.9325,+14 19 02,14.317222222222222,139.0,18.8,147.0,10.0,Map/Offsets   !!,https://cgi.minorplanetcenter.net/cgi-bin/confirmeph2.cgi
20260507T104242Z,2026-05-07T10:42:42.908094Z,20260507T104242Z_batch01,ST26E02,2026-05-08T05:00:00Z,13 13 32.4,198.38500000000002,+16 46 33,16.77583333333333,137.4,18.8,152.6,10.1,Map/Offsets   !!,https://cgi.minorplanetcenter.net/cgi-bin/confirmeph2.cgi
20260507T104242Z,2026-05-07T10:42:42.908094Z,20260507T104242Z_batch01,ST26E02,2026-05-08T06:00:00Z,13 15 28.1,198.8670833333333,+19 19 26,19.323888888888888,135.6,18.8,158.0,10.3,Map/Offsets   !!,https://cgi.minorplanetcenter.net/cgi-bin/confirmeph2.cgi
20260507T104242Z,2026-05-07T10:42:42.908094Z,20260507T104242Z_batch01,ST26E02,2026-05-08T07:00:00Z,13 17 31.4,199.38083333333333,+21 57 20,21.955555555555556,133.7,18.8,162.9,10.5,Map/Offsets   !!,https://cgi.minorplanetcenter.net/cgi-bin/confirmeph2.cgi
20260507T104242Z,2026-05-07T10:42:42.908094Z,20260507T104242Z_batch01,ST26E02,2026-05-08T08:00:00Z,13 19 43.3,199.93041666666667,+24 39 44,24.66222222222222,131.7,18.8,167.4,10.7,Map/Offsets   !!,https://cgi.minorplanetcenter.net/cgi-bin/confirmeph2.cgi
20260507T104242Z,2026-05-07T10:42:42.908094Z,20260507T104242Z_batch01,ST26E02,2026-05-08T09:00:00Z,13 22 04.5,200.51875,+27 26 02,27.433888888888887,129.6,18.9,171.1,10.9,Map/Offsets   !!,https://cgi.minorplanetcenter.net/cgi-bin/confirmeph2.cgi
20260507T104242Z,2026-05-07T10:42:42.908094Z,20260507T104242Z_batch01,S001563,2026-05-07T09:00:00Z,13 01 09.6,195.29000000000002,-26 42 30,-26.708333333333332,151.6,21.4,0.23,235.5,Map/Offsets,https://cgi.minorplanetcenter.net/cgi-bin/confirmeph2.cgi
20260507T104242Z,2026-05-07T10:42:42.908094Z,20260507T104242Z_batch01,S001563,2026-05-07T10:00:00Z,13 01 08.8,195.2866666666667,-26 42 38,-26.710555555555555,151.6,21.4,0.23,235.5,Map/Offsets,https://cgi.minorplanetcenter.net/cgi-bin/confirmeph2.cgi
20260507T104242Z,2026-05-07T10:42:42.908094Z,20260507T104242Z_batch01,S001563,2026-05-07T11:00:00Z,13 01 07.9,195.2829166666667,-26 42 46,-26.712777777777777,151.6,21.4,0.23,235.4,Map/Offsets,https://cgi.minorplanetcenter.net/cgi-bin/confirmeph2.cgi
20260507T104242Z,2026-05-07T10:42:42.908094Z,20260507T104242Z_batch01,S001563,2026-05-07T12:00:00Z,13 01 07.1,195.27958333333333,-26 42 54,-26.715,151.5,21.4,0.23,235.4,Map/Offsets,https://cgi.minorplanetcenter.net/cgi-bin/confirmeph2.cgi
20260507T104242Z,2026-05-07T10:42:42.908094Z,20260507T104242Z_batch01,S001563,2026-05-07T13:00:00Z,13 01 06.2,195.27583333333334,-26 43 02,-26.71722222222222,151.5,21.4,0.23,235.3,Map/Offsets,https://cgi.minorplanetcenter.net/cgi-bin/confirmeph2.cgi
20260507T104242Z,2026-05-07T10:42:42.908094Z,20260507T104242Z_batch01,S001563,2026-05-07T14:00:00Z,13 01 05.4,195.2725,-26 43 09,-26.719166666666666,151.5,21.4,0.23,235.3,Map/Offsets,https://cgi.minorplanetcenter.net/cgi-bin/confirmeph2.cgi
20260507T104242Z,2026-05-07T10:42:42.908094Z,20260507T104242Z_batch01,S001563,2026-05-07T15:00:00Z,13 01 04.5,195.26875,-26 43 17,-26.72138888888889,151.4,21.4,0.23,235.2,Map/Offsets,https://cgi.minorplanetcenter.net/cgi-bin/confirmeph2.cgi
20260507T104242Z,2026-05-07T10:42:42.908094Z,20260507T104242Z_batch01,S001563,2026-05-07T16:00:00Z,13 01 03.7,195.26541666666668,-26 43 25,-26.723611111111108,151.4,21.4,0.23,235.2,Map/Offsets,https://cgi.minorplanetcenter.net/cgi-bin/confirmeph2.cgi
20260507T104242Z,2026-05-07T10:42:42.908094Z,20260507T104242Z_batch01,S001563,2026-05-07T17:00:00Z,13 01 02.8,195.26166666666668,-26 43 33,-26.72583333333333,151.4,21.4,0.23,235.2,Map/Offsets,https://cgi.minorplanetcenter.net/cgi-bin/confirmeph2.cgi
20260507T104242Z,2026-05-07T10:42:42.908094Z,20260507T104242Z_batch01,S001563,2026-05-07T18:00:00Z,13 01 02.0,195.25833333333335,-26 43 41,-26.728055555555553,151.3,21.4,0.23,235.1,Map/Offsets,https://cgi.minorplanetcenter.net/cgi-bin/confirmeph2.cgi
20260507T104242Z,2026-05-07T10:42:42.908094Z,20260507T104242Z_batch01,S001563,2026-05-07T19:00:00Z,13 01 01.1,195.25458333333336,-26 43 49,-26.730277777777776,151.3,21.4,0.23,235.1,Map/Offsets,https://cgi.minorplanetcenter.net/cgi-bin/confirmeph2.cgi
20260507T104242Z,2026-05-07T10:42:42.908094Z,20260507T104242Z_batch01,S001563,2026-05-07T20:00:00Z,13 01 00.3,195.25125,-26 43 56,-26.73222222222222,151.3,21.4,0.23,235.0,Map/Offsets,https://cgi.minorplanetcenter.net/cgi-bin/confirmeph2.cgi
20260507T104242Z,2026-05-07T10:42:42.908094Z,20260507T104242Z_batch01,S001563,2026-05-07T21:00:00Z,13 00 59.5,195.24791666666667,-26 44 04,-26.734444444444446,151.2,21.4,0.23,235.0,Map/Offsets,https://cgi.minorplanetcenter.net/cgi-bin/confirmeph2.cgi
20260507T104242Z,2026-05-07T10:42:42.908094Z,20260507T104242Z_batch01,S001563,2026-05-07T22:00:00Z,13 00 58.6,195.24416666666664,-26 44 12,-26.736666666666668,151.2,21.4,0.23,234.9,Map/Offsets,https://cgi.minorplanetcenter.net/cgi-bin/confirmeph2.cgi
20260507T104242Z,2026-05-07T10:42:42.908094Z,20260507T104242Z_batch01,S001563,2026-05-07T23:00:00Z,13 00 57.8,195.2408333333333,-26 44 20,-26.73888888888889,151.2,21.4,0.23,234.9,Map/Offsets,https://cgi.minorplanetcenter.net/cgi-bin/confirmeph2.cgi
20260507T104242Z,2026-05-07T10:42:42.908094Z,20260507T104242Z_batch01,S001563,2026-05-08T00:00:00Z,13 00 57.0,195.2375,-26 44 28,-26.741111111111113,151.1,21.4,0.22,234.8,Map/Offsets,https://cgi.minorplanetcenter.net/cgi-bin/confirmeph2.cgi
20260507T104242Z,2026-05-07T10:42:42.908094Z,20260507T104242Z_batch01,S001563,2026-05-08T01:00:00Z,13 00 56.2,195.23416666666668,-26 44 35,-26.743055555555557,151.1,21.4,0.22,234.7,Map/Offsets,https://cgi.minorplanetcenter.net/cgi-bin/confirmeph2.cgi
20260507T104242Z,2026-05-07T10:42:42.908094Z,20260507T104242Z_batch01,S001563,2026-05-08T02:00:00Z,13 00 55.4,195.23083333333335,-26 44 43,-26.74527777777778,151.1,21.4,0.22,234.7,Map/Offsets,https://cgi.minorplanetcenter.net/cgi-bin/confirmeph2.cgi
20260507T104242Z,2026-05-07T10:42:42.908094Z,20260507T104242Z_batch01,S001563,2026-05-08T03:00:00Z,13 00 54.5,195.22708333333333,-26 44 51,-26.747500000000002,151.0,21.4,0.22,234.6,Map/Offsets,https://cgi.minorplanetcenter.net/cgi-bin/confirmeph2.cgi
20260507T104242Z,2026-05-07T10:42:42.908094Z,20260507T104242Z_batch01,S001563,2026-05-08T04:00:00Z,13 00 53.7,195.22375,-26 44 59,-26.749722222222225,151.0,21.4,0.22,234.6,Map/Offsets,https://cgi.minorplanetcenter.net/cgi-bin/confirmeph2.cgi
20260507T104242Z,2026-05-07T10:42:42.908094Z,20260507T104242Z_batch01,S001563,2026-05-08T05:00:00Z,13 00 52.9,195.22041666666667,-26 45 06,-26.751666666666665,150.9,21.4,0.22,234.5,Map/Offsets,https://cgi.minorplanetcenter.net/cgi-bin/confirmeph2.cgi
20260507T104242Z,2026-05-07T10:42:42.908094Z,20260507T104242Z_batch01,S001563,2026-05-08T06:00:00Z,13 00 52.1,195.21708333333333,-26 45 14,-26.753888888888888,150.9,21.4,0.22,234.5,Map/Offsets,https://cgi.minorplanetcenter.net/cgi-bin/confirmeph2.cgi
20260507T104242Z,2026-05-07T10:42:42.908094Z,20260507T104242Z_batch01,S001563,2026-05-08T07:00:00Z,13 00 51.3,195.21375,-26 45 22,-26.75611111111111,150.9,21.4,0.22,234.4,Map/Offsets,https://cgi.minorplanetcenter.net/cgi-bin/confirmeph2.cgi
20260507T104242Z,2026-05-07T10:42:42.908094Z,20260507T104242Z_batch01,S001563,2026-05-08T08:00:00Z,13 00 50.5,195.21041666666667,-26 45 29,-26.758055555555554,150.8,21.4,0.22,234.4,Map/Offsets,https://cgi.minorplanetcenter.net/cgi-bin/confirmeph2.cgi
20260507T104242Z,2026-05-07T10:42:42.908094Z,20260507T104242Z_batch01,S001563,2026-05-08T09:00:00Z,13 00 49.7,195.20708333333332,-26 45 37,-26.760277777777777,150.8,21.4,0.22,234.3,Map/Offsets,https://cgi.minorplanetcenter.net/cgi-bin/confirmeph2.cgi
20260507T104242Z,2026-05-07T10:42:42.908094Z,20260507T104242Z_batch01,gb00843,2026-05-07T09:00:00Z,14 47 14.4,221.81,+05 46 55,5.781944444444444,157.4,19.5,12.46,118.1,Map/Offsets   !,https://cgi.minorplanetcenter.net/cgi-bin/confirmeph2.cgi
20260507T104242Z,2026-05-07T10:42:42.908094Z,20260507T104242Z_batch01,gb00843,2026-05-07T10:00:00Z,14 47 58.9,221.99541666666667,+05 41 00,5.683333333333334,157.5,19.5,12.65,118.1,Map/Offsets   !,https://cgi.minorplanetcenter.net/cgi-bin/confirmeph2.cgi
20260507T104242Z,2026-05-07T10:42:42.908094Z,20260507T104242Z_batch01,gb00843,2026-05-07T11:00:00Z,14 48 44.1,222.18375,+05 35 00,5.583333333333333,157.6,19.5,12.83,118.1,Map/Offsets   !,https://cgi.minorplanetcenter.net/cgi-bin/confirmeph2.cgi
20260507T104242Z,2026-05-07T10:42:42.908094Z,20260507T104242Z_batch01,gb00843,2026-05-07T12:00:00Z,14 49 29.9,222.37458333333333,+05 28 55,5.481944444444444,157.7,19.5,13.03,118.1,Map/Offsets   !,https://cgi.minorplanetcenter.net/cgi-bin/confirmeph2.cgi
20260507T104242Z,2026-05-07T10:42:42.908094Z,20260507T104242Z_batch01,gb00843,2026-05-07T13:00:00Z,14 50 16.4,222.56833333333333,+05 22 43,5.378611111111111,157.8,19.4,13.22,118.2,Map/Offsets   !,https://cgi.minorplanetcenter.net/cgi-bin/confirmeph2.cgi
20260507T104242Z,2026-05-07T10:42:42.908094Z,20260507T104242Z_batch01,gb00843,2026-05-07T14:00:00Z,14 51 03.6,222.765,+05 16 26,5.273888888888889,157.9,19.4,13.42,118.2,Map/Offsets   !,https://cgi.minorplanetcenter.net/cgi-bin/confirmeph2.cgi
20260507T104242Z,2026-05-07T10:42:42.908094Z,20260507T104242Z_batch01,gb00843,2026-05-07T15:00:00Z,14 51 51.5,222.96458333333334,+05 10 02,5.167222222222223,158.0,19.4,13.63,118.2,Map/Offsets   !,https://cgi.minorplanetcenter.net/cgi-bin/confirmeph2.cgi
20260507T104242Z,2026-05-07T10:42:42.908094Z,20260507T104242Z_batch01,gb00843,2026-05-07T16:00:00Z,14 52 40.1,223.16708333333332,+05 03 32,5.058888888888888,158.1,19.4,13.84,118.2,Map/Offsets   !,https://cgi.minorplanetcenter.net/cgi-bin/confirmeph2.cgi
20260507T104242Z,2026-05-07T10:42:42.908094Z,20260507T104242Z_batch01,gb00843,2026-05-07T17:00:00Z,14 53 29.4,223.37249999999997,+04 56 57,4.949166666666667,158.2,19.4,14.05,118.3,Map/Offsets   !,https://cgi.minorplanetcenter.net/cgi-bin/confirmeph2.cgi
20260507T104242Z,2026-05-07T10:42:42.908094Z,20260507T104242Z_batch01,gb00843,2026-05-07T18:00:00Z,14 54 19.4,223.58083333333335,+04 50 14,4.837222222222222,158.3,19.3,14.27,118.3,Map/Offsets   !,https://cgi.minorplanetcenter.net/cgi-bin/confirmeph2.cgi
20260507T104242Z,2026-05-07T10:42:42.908094Z,20260507T104242Z_batch01,gb00843,2026-05-07T19:00:00Z,14 55 10.3,223.79291666666666,+04 43 25,4.723611111111111,158.4,19.3,14.49,118.3,Map/Offsets   !,https://cgi.minorplanetcenter.net/cgi-bin/confirmeph2.cgi
20260507T104242Z,2026-05-07T10:42:42.908094Z,20260507T104242Z_batch01,gb00843,2026-05-07T20:00:00Z,14 56 01.8,224.00750000000002,+04 36 30,4.608333333333333,158.5,19.3,14.72,118.3,Map/Offsets   !,https://cgi.minorplanetcenter.net/cgi-bin/confirmeph2.cgi
20260507T104242Z,2026-05-07T10:42:42.908094Z,20260507T104242Z_batch01,gb00843,2026-05-07T21:00:00Z,14 56 54.2,224.22583333333333,+04 29 27,4.490833333333334,158.6,19.3,14.95,118.4,Map/Offsets   !,https://cgi.minorplanetcenter.net/cgi-bin/confirmeph2.cgi
20260507T104242Z,2026-05-07T10:42:42.908094Z,20260507T104242Z_batch01,gb00843,2026-05-07T22:00:00Z,14 57 47.4,224.4475,+04 22 18,4.371666666666666,158.7,19.3,15.18,118.4,Map/Offsets   !,https://cgi.minorplanetcenter.net/cgi-bin/confirmeph2.cgi
20260507T104242Z,2026-05-07T10:42:42.908094Z,20260507T104242Z_batch01,gb00843,2026-05-07T23:00:00Z,14 58 41.4,224.6725,+04 15 01,4.250277777777778,158.8,19.2,15.43,118.4,Map/Offsets   !,https://cgi.minorplanetcenter.net/cgi-bin/confirmeph2.cgi
20260507T104242Z,2026-05-07T10:42:42.908094Z,20260507T104242Z_batch01,gb00843,2026-05-08T00:00:00Z,14 59 36.3,224.90125,+04 07 37,4.126944444444444,158.9,19.2,15.67,118.4,Map/Offsets   !,https://cgi.minorplanetcenter.net/cgi-bin/confirmeph2.cgi
20260507T104242Z,2026-05-07T10:42:42.908094Z,20260507T104242Z_batch01,gb00843,2026-05-08T01:00:00Z,15 00 32.0,225.13333333333333,+04 00 06,4.001666666666667,159.1,19.2,15.92,118.4,Map/Offsets   !,https://cgi.minorplanetcenter.net/cgi-bin/confirmeph2.cgi
20260507T104242Z,2026-05-07T10:42:42.908094Z,20260507T104242Z_batch01,gb00843,2026-05-08T02:00:00Z,15 01 28.6,225.36916666666667,+03 52 27,3.8741666666666665,159.2,19.2,16.18,118.5,Map/Offsets   !,https://cgi.minorplanetcenter.net/cgi-bin/confirmeph2.cgi
20260507T104242Z,2026-05-07T10:42:42.908094Z,20260507T104242Z_batch01,gb00843,2026-05-08T03:00:00Z,15 02 26.0,225.60833333333332,+03 44 41,3.7447222222222223,159.3,19.1,16.44,118.5,Map/Offsets   !,https://cgi.minorplanetcenter.net/cgi-bin/confirmeph2.cgi
20260507T104242Z,2026-05-07T10:42:42.908094Z,20260507T104242Z_batch01,gb00843,2026-05-08T04:00:00Z,15 03 24.4,225.8516666666667,+03 36 46,3.612777777777778,159.4,19.1,16.71,118.5,Map/Offsets   !,https://cgi.minorplanetcenter.net/cgi-bin/confirmeph2.cgi
20260507T104242Z,2026-05-07T10:42:42.908094Z,20260507T104242Z_batch01,gb00843,2026-05-08T05:00:00Z,15 04 23.8,226.09916666666666,+03 28 43,3.4786111111111113,159.5,19.1,16.98,118.5,Map/Offsets   !,https://cgi.minorplanetcenter.net/cgi-bin/confirmeph2.cgi
20260507T104242Z,2026-05-07T10:42:42.908094Z,20260507T104242Z_batch01,gb00843,2026-05-08T06:00:00Z,15 05 24.0,226.35,+03 20 33,3.3425000000000002,159.6,19.1,17.26,118.5,Map/Offsets   !,https://cgi.minorplanetcenter.net/cgi-bin/confirmeph2.cgi
20260507T104242Z,2026-05-07T10:42:42.908094Z,20260507T104242Z_batch01,gb00843,2026-05-08T07:00:00Z,15 06 25.3,226.60541666666666,+03 12 13,3.2036111111111114,159.7,19.1,17.55,118.6,Map/Offsets   !,https://cgi.minorplanetcenter.net/cgi-bin/confirmeph2.cgi
20260507T104242Z,2026-05-07T10:42:42.908094Z,20260507T104242Z_batch01,gb00843,2026-05-08T08:00:00Z,15 07 27.5,226.86458333333334,+03 03 45,3.0625,159.8,19.0,17.84,118.6,Map/Offsets   !,https://cgi.minorplanetcenter.net/cgi-bin/confirmeph2.cgi
20260507T104242Z,2026-05-07T10:42:42.908094Z,20260507T104242Z_batch01,gb00843,2026-05-08T09:00:00Z,15 08 30.8,227.1283333333333,+02 55 09,2.9191666666666665,159.9,19.0,18.14,118.6,Map/Offsets   !,https://cgi.minorplanetcenter.net/cgi-bin/confirmeph2.cgi
20260507T104242Z,2026-05-07T10:42:42.908094Z,20260507T104242Z_batch01,C468MQ1,2026-05-07T09:00:00Z,16 27 30.8,246.87833333333333,+34 51 40,34.861111111111114,124.0,16.7,190.0,142.6,Map/Offsets   !!,https://cgi.minorplanetcenter.net/cgi-bin/confirmeph2.cgi
20260507T104242Z,2026-05-07T10:42:42.908094Z,20260507T104242Z_batch01,C468MQ1,2026-05-07T10:00:00Z,16 36 51.5,249.21458333333337,+32 15 04,32.25111111111111,125.4,16.6,200.7,143.9,Map/Offsets   !!,https://cgi.minorplanetcenter.net/cgi-bin/confirmeph2.cgi
20260507T104242Z,2026-05-07T10:42:42.908094Z,20260507T104242Z_batch01,C468MQ1,2026-05-07T11:00:00Z,16 46 08.1,251.53375,+29 27 30,29.458333333333332,126.7,16.5,210.7,145.1,Map/Offsets   !!,https://cgi.minorplanetcenter.net/cgi-bin/confirmeph2.cgi
20260507T104242Z,2026-05-07T10:42:42.908094Z,20260507T104242Z_batch01,C468MQ1,2026-05-07T12:00:00Z,16 55 18.6,253.82750000000004,+26 29 38,26.49388888888889,128.0,16.4,219.9,146.2,Map/Offsets   !!,https://cgi.minorplanetcenter.net/cgi-bin/confirmeph2.cgi
20260507T104242Z,2026-05-07T10:42:42.908094Z,20260507T104242Z_batch01,C468MQ1,2026-05-07T13:00:00Z,17 04 21.5,256.08958333333334,+23 22 29,23.37472222222222,129.1,16.3,227.8,147.1,Map/Offsets   !!,https://cgi.minorplanetcenter.net/cgi-bin/confirmeph2.cgi
20260507T104242Z,2026-05-07T10:42:42.908094Z,20260507T104242Z_batch01,C468MQ1,2026-05-07T14:00:00Z,17 13 15.2,258.3133333333333,+20 07 29,20.12472222222222,130.1,16.3,234.0,148.0,Map/Offsets   !!,https://cgi.minorplanetcenter.net/cgi-bin/confirmeph2.cgi
20260507T104242Z,2026-05-07T10:42:42.908094Z,20260507T104242Z_batch01,C468MQ1,2026-05-07T15:00:00Z,17 21 58.5,260.49375000000003,+16 46 24,16.773333333333333,131.0,16.2,238.2,148.7,Map/Offsets   !!,https://cgi.minorplanetcenter.net/cgi-bin/confirmeph2.cgi
20260507T104242Z,2026-05-07T10:42:42.908094Z,20260507T104242Z_batch01,C468MQ1,2026-05-07T16:00:00Z,17 30 30.2,262.62583333333333,+13 21 18,13.355,131.6,16.2,240.2,149.2,Map/Offsets   !!,https://cgi.minorplanetcenter.net/cgi-bin/confirmeph2.cgi
20260507T104242Z,2026-05-07T10:42:42.908094Z,20260507T104242Z_batch01,C468MQ1,2026-05-07T17:00:00Z,17 38 49.3,264.7054166666666,+09 54 25,9.906944444444445,131.9,16.2,239.9,149.6,Map/Offsets   !!,https://cgi.minorplanetcenter.net/cgi-bin/confirmeph2.cgi
20260507T104242Z,2026-05-07T10:42:42.908094Z,20260507T104242Z_batch01,C468MQ1,2026-05-07T18:00:00Z,17 46 55.0,266.7291666666667,+06 28 04,6.467777777777778,132.1,16.2,237.3,149.9,Map/Offsets   !!,https://cgi.minorplanetcenter.net/cgi-bin/confirmeph2.cgi
20260507T104242Z,2026-05-07T10:42:42.908094Z,20260507T104242Z_batch01,C468MQ1,2026-05-07T19:00:00Z,17 54 46.6,268.6941666666666,+03 04 29,3.0747222222222224,131.9,16.2,232.5,150.1,Map/Offsets   !!,https://cgi.minorplanetcenter.net/cgi-bin/confirmeph2.cgi
20260507T104242Z,2026-05-07T10:42:42.908094Z,20260507T104242Z_batch01,C468MQ1,2026-05-07T20:00:00Z,18 02 23.7,270.59875,-00 14 19,-0.2386111111111111,131.6,16.3,225.8,150.1,Map/Offsets   !!,https://cgi.minorplanetcenter.net/cgi-bin/confirmeph2.cgi
20260507T104242Z,2026-05-07T10:42:42.908094Z,20260507T104242Z_batch01,C468MQ1,2026-05-07T21:00:00Z,18 09 46.0,272.44166666666666,-03 26 36,-3.4433333333333334,131.1,16.3,217.5,150.1,Map/Offsets   !!,https://cgi.minorplanetcenter.net/cgi-bin/confirmeph2.cgi
20260507T104242Z,2026-05-07T10:42:42.908094Z,20260507T104242Z_batch01,C468MQ1,2026-05-07T22:00:00Z,18 16 53.3,274.22208333333333,-06 30 58,-6.516111111111111,130.4,16.4,208.1,149.9,Map/Offsets   !!,https://cgi.minorplanetcenter.net/cgi-bin/confirmeph2.cgi
20260507T104242Z,2026-05-07T10:42:42.908094Z,20260507T104242Z_batch01,C468MQ1,2026-05-07T23:00:00Z,18 23 45.6,275.94,-09 26 25,-9.440277777777778,129.6,16.5,197.8,149.7,Map/Offsets   !!,https://cgi.minorplanetcenter.net/cgi-bin/confirmeph2.cgi
20260507T104242Z,2026-05-07T10:42:42.908094Z,20260507T104242Z_batch01,C468MQ1,2026-05-08T00:00:00Z,18 30 23.0,277.59583333333336,-12 12 18,-12.205,128.6,16.6,187.1,149.4,Map/Offsets   !!,https://cgi.minorplanetcenter.net/cgi-bin/confirmeph2.cgi
20260507T104242Z,2026-05-07T10:42:42.908094Z,20260507T104242Z_batch01,C468MQ1,2026-05-08T01:00:00Z,18 36 45.6,279.19000000000005,-14 48 17,-14.804722222222223,127.7,16.6,176.1,149.0,Map/Offsets   !!,https://cgi.minorplanetcenter.net/cgi-bin/confirmeph2.cgi
20260507T104242Z,2026-05-07T10:42:42.908094Z,20260507T104242Z_batch01,C468MQ1,2026-05-08T02:00:00Z,18 42 53.7,280.72375,-17 14 19,-17.238611111111112,126.6,16.7,165.3,148.6,Map/Offsets   !!,https://cgi.minorplanetcenter.net/cgi-bin/confirmeph2.cgi
20260507T104242Z,2026-05-07T10:42:42.908094Z,20260507T104242Z_batch01,C468MQ1,2026-05-08T03:00:00Z,18 48 47.6,282.1983333333333,-19 30 32,-19.50888888888889,125.6,16.8,154.8,148.1,Map/Offsets   !!,https://cgi.minorplanetcenter.net/cgi-bin/confirmeph2.cgi
20260507T104242Z,2026-05-07T10:42:42.908094Z,20260507T104242Z_batch01,C468MQ1,2026-05-08T04:00:00Z,18 54 27.7,283.61541666666665,-21 37 17,-21.62138888888889,124.6,16.9,144.6,147.6,Map/Offsets   !!,https://cgi.minorplanetcenter.net/cgi-bin/confirmeph2.cgi
20260507T104242Z,2026-05-07T10:42:42.908094Z,20260507T104242Z_batch01,C468MQ1,2026-05-08T05:00:00Z,18 59 54.3,284.97625,-23 34 59,-23.583055555555557,123.6,17.1,135.0,147.1,Map/Offsets   !!,https://cgi.minorplanetcenter.net/cgi-bin/confirmeph2.cgi
20260507T104242Z,2026-05-07T10:42:42.908094Z,20260507T104242Z_batch01,C468MQ1,2026-05-08T06:00:00Z,19 05 08.0,286.2833333333333,-25 24 09,-25.4025,122.6,17.2,125.9,146.6,Map/Offsets   !!,https://cgi.minorplanetcenter.net/cgi-bin/confirmeph2.cgi
20260507T104242Z,2026-05-07T10:42:42.908094Z,20260507T104242Z_batch01,C468MQ1,2026-05-08T07:00:00Z,19 10 09.0,287.5375,-27 05 18,-27.08833333333333,121.6,17.3,117.4,146.0,Map/Offsets   !!,https://cgi.minorplanetcenter.net/cgi-bin/confirmeph2.cgi
20260507T104242Z,2026-05-07T10:42:42.908094Z,20260507T104242Z_batch01,C468MQ1,2026-05-08T08:00:00Z,19 14 58.0,288.7416666666667,-28 39 01,-28.650277777777777,120.7,17.4,109.5,145.4,Map/Offsets   !!,https://cgi.minorplanetcenter.net/cgi-bin/confirmeph2.cgi
20260507T104242Z,2026-05-07T10:42:42.908094Z,20260507T104242Z_batch01,C468MQ1,2026-05-08T09:00:00Z,19 19 35.4,289.8975,-30 05 50,-30.09722222222222,119.8,17.5,102.2,144.9,Map/Offsets   !!,https://cgi.minorplanetcenter.net/cgi-bin/confirmeph2.cgi
20260507T104242Z,2026-05-07T10:42:42.908094Z,20260507T104242Z_batch01,P22mZMk,2026-05-07T09:00:00Z,12 03 48.1,180.95041666666668,-31 12 14,-31.203888888888887,138.4,21.5,1.32,124.0,Map/Offsets,https://cgi.minorplanetcenter.net/cgi-bin/confirmeph2.cgi
20260507T104242Z,2026-05-07T10:42:42.908094Z,20260507T104242Z_batch01,P22mZMk,2026-05-07T10:00:00Z,12 03 53.2,180.97166666666666,-31 12 59,-31.21638888888889,138.4,21.5,1.33,123.9,Map/Offsets,https://cgi.minorplanetcenter.net/cgi-bin/confirmeph2.cgi
20260507T104242Z,2026-05-07T10:42:42.908094Z,20260507T104242Z_batch01,P22mZMk,2026-05-07T11:00:00Z,12 03 58.4,180.99333333333334,-31 13 43,-31.22861111111111,138.4,21.5,1.33,123.8,Map/Offsets,https://cgi.minorplanetcenter.net/cgi-bin/confirmeph2.cgi
20260507T104242Z,2026-05-07T10:42:42.908094Z,20260507T104242Z_batch01,P22mZMk,2026-05-07T12:00:00Z,12 04 03.6,181.015,-31 14 28,-31.241111111111113,138.4,21.4,1.34,123.8,Map/Offsets,https://cgi.minorplanetcenter.net/cgi-bin/confirmeph2.cgi
20260507T104242Z,2026-05-07T10:42:42.908094Z,20260507T104242Z_batch01,P22mZMk,2026-05-07T13:00:00Z,12 04 08.8,181.03666666666666,-31 15 12,-31.253333333333334,138.4,21.4,1.34,123.7,Map/Offsets,https://cgi.minorplanetcenter.net/cgi-bin/confirmeph2.cgi
20260507T104242Z,2026-05-07T10:42:42.908094Z,20260507T104242Z_batch01,P22mZMk,2026-05-07T14:00:00Z,12 04 14.0,181.05833333333334,-31 15 57,-31.265833333333333,138.3,21.4,1.35,123.6,Map/Offsets,https://cgi.minorplanetcenter.net/cgi-bin/confirmeph2.cgi
20260507T104242Z,2026-05-07T10:42:42.908094Z,20260507T104242Z_batch01,P22mZMk,2026-05-07T15:00:00Z,12 04 19.3,181.08041666666665,-31 16 42,-31.278333333333332,138.3,21.4,1.35,123.5,Map/Offsets,https://cgi.minorplanetcenter.net/cgi-bin/confirmeph2.cgi
20260507T104242Z,2026-05-07T10:42:42.908094Z,20260507T104242Z_batch01,P22mZMk,2026-05-07T16:00:00Z,12 04 24.6,181.1025,-31 17 27,-31.290833333333335,138.3,21.4,1.36,123.5,Map/Offsets,https://cgi.minorplanetcenter.net/cgi-bin/confirmeph2.cgi
20260507T104242Z,2026-05-07T10:42:42.908094Z,20260507T104242Z_batch01,P22mZMk,2026-05-07T17:00:00Z,12 04 29.9,181.12458333333333,-31 18 12,-31.303333333333335,138.3,21.4,1.37,123.4,Map/Offsets,https://cgi.minorplanetcenter.net/cgi-bin/confirmeph2.cgi
20260507T104242Z,2026-05-07T10:42:42.908094Z,20260507T104242Z_batch01,P22mZMk,2026-05-07T18:00:00Z,12 04 35.3,181.14708333333334,-31 18 57,-31.315833333333334,138.3,21.4,1.37,123.3,Map/Offsets,https://cgi.minorplanetcenter.net/cgi-bin/confirmeph2.cgi
20260507T104242Z,2026-05-07T10:42:42.908094Z,20260507T104242Z_batch01,P22mZMk,2026-05-07T19:00:00Z,12 04 40.7,181.16958333333332,-31 19 42,-31.328333333333333,138.3,21.4,1.38,123.2,Map/Offsets,https://cgi.minorplanetcenter.net/cgi-bin/confirmeph2.cgi
20260507T104242Z,2026-05-07T10:42:42.908094Z,20260507T104242Z_batch01,P22mZMk,2026-05-07T20:00:00Z,12 04 46.1,181.19208333333333,-31 20 27,-31.340833333333332,138.3,21.4,1.38,123.2,Map/Offsets,https://cgi.minorplanetcenter.net/cgi-bin/confirmeph2.cgi
20260507T104242Z,2026-05-07T10:42:42.908094Z,20260507T104242Z_batch01,P22mZMk,2026-05-07T21:00:00Z,12 04 51.5,181.21458333333334,-31 21 13,-31.353611111111114,138.3,21.4,1.39,123.1,Map/Offsets,https://cgi.minorplanetcenter.net/cgi-bin/confirmeph2.cgi
20260507T104242Z,2026-05-07T10:42:42.908094Z,20260507T104242Z_batch01,P22mZMk,2026-05-07T22:00:00Z,12 04 57.0,181.23749999999998,-31 21 58,-31.366111111111113,138.3,21.4,1.39,123.0,Map/Offsets,https://cgi.minorplanetcenter.net/cgi-bin/confirmeph2.cgi
20260507T104242Z,2026-05-07T10:42:42.908094Z,20260507T104242Z_batch01,P22mZMk,2026-05-07T23:00:00Z,12 05 02.5,181.26041666666669,-31 22 44,-31.378888888888888,138.2,21.4,1.4,122.9,Map/Offsets,https://cgi.minorplanetcenter.net/cgi-bin/confirmeph2.cgi
20260507T104242Z,2026-05-07T10:42:42.908094Z,20260507T104242Z_batch01,P22mZMk,2026-05-08T00:00:00Z,12 05 08.0,181.28333333333336,-31 23 30,-31.391666666666666,138.2,21.4,1.41,122.9,Map/Offsets,https://cgi.minorplanetcenter.net/cgi-bin/confirmeph2.cgi
20260507T104242Z,2026-05-07T10:42:42.908094Z,20260507T104242Z_batch01,P22mZMk,2026-05-08T01:00:00Z,12 05 13.5,181.30625,-31 24 15,-31.404166666666665,138.2,21.4,1.41,122.8,Map/Offsets,https://cgi.minorplanetcenter.net/cgi-bin/confirmeph2.cgi
20260507T104242Z,2026-05-07T10:42:42.908094Z,20260507T104242Z_batch01,P22mZMk,2026-05-08T02:00:00Z,12 05 19.1,181.32958333333335,-31 25 01,-31.416944444444447,138.2,21.4,1.42,122.7,Map/Offsets,https://cgi.minorplanetcenter.net/cgi-bin/confirmeph2.cgi
20260507T104242Z,2026-05-07T10:42:42.908094Z,20260507T104242Z_batch01,P22mZMk,2026-05-08T03:00:00Z,12 05 24.7,181.35291666666666,-31 25 47,-31.429722222222225,138.2,21.4,1.42,122.6,Map/Offsets,https://cgi.minorplanetcenter.net/cgi-bin/confirmeph2.cgi
20260507T104242Z,2026-05-07T10:42:42.908094Z,20260507T104242Z_batch01,P22mZMk,2026-05-08T04:00:00Z,12 05 30.3,181.37625000000003,-31 26 33,-31.4425,138.2,21.4,1.43,122.6,Map/Offsets,https://cgi.minorplanetcenter.net/cgi-bin/confirmeph2.cgi
20260507T104242Z,2026-05-07T10:42:42.908094Z,20260507T104242Z_batch01,P22mZMk,2026-05-08T05:00:00Z,12 05 36.0,181.4,-31 27 20,-31.455555555555556,138.2,21.4,1.44,122.5,Map/Offsets,https://cgi.minorplanetcenter.net/cgi-bin/confirmeph2.cgi
20260507T104242Z,2026-05-07T10:42:42.908094Z,20260507T104242Z_batch01,P22mZMk,2026-05-08T06:00:00Z,12 05 41.7,181.42375,-31 28 06,-31.46833333333333,138.2,21.4,1.44,122.4,Map/Offsets,https://cgi.minorplanetcenter.net/cgi-bin/confirmeph2.cgi
20260507T104242Z,2026-05-07T10:42:42.908094Z,20260507T104242Z_batch01,P22mZMk,2026-05-08T07:00:00Z,12 05 47.4,181.44750000000002,-31 28 52,-31.481111111111108,138.2,21.4,1.45,122.3,Map/Offsets,https://cgi.minorplanetcenter.net/cgi-bin/confirmeph2.cgi
20260507T104242Z,2026-05-07T10:42:42.908094Z,20260507T104242Z_batch01,P22mZMk,2026-05-08T08:00:00Z,12 05 53.2,181.4716666666667,-31 29 39,-31.49416666666667,138.1,21.4,1.45,122.3,Map/Offsets,https://cgi.minorplanetcenter.net/cgi-bin/confirmeph2.cgi
20260507T104242Z,2026-05-07T10:42:42.908094Z,20260507T104242Z_batch01,P22mZMk,2026-05-08T09:00:00Z,12 05 58.9,181.49541666666667,-31 30 25,-31.506944444444443,138.1,21.4,1.46,122.2,Map/Offsets,https://cgi.minorplanetcenter.net/cgi-bin/confirmeph2.cgi
20260507T104242Z,2026-05-07T10:42:42.908094Z,20260507T104242Z_batch01,P22mZMl,2026-05-07T09:00:00Z,12 40 34.5,190.14374999999998,-29 38 08,-29.635555555555555,146.5,21.7,2.23,1.9,Map/Offsets,https://cgi.minorplanetcenter.net/cgi-bin/confirmeph2.cgi
20260507T104242Z,2026-05-07T10:42:42.908094Z,20260507T104242Z_batch01,P22mZMl,2026-05-07T10:00:00Z,12 40 34.9,190.14541666666665,-29 35 54,-29.598333333333333,146.5,21.7,2.23,2.0,Map/Offsets,https://cgi.minorplanetcenter.net/cgi-bin/confirmeph2.cgi
20260507T104242Z,2026-05-07T10:42:42.908094Z,20260507T104242Z_batch01,P22mZMl,2026-05-07T11:00:00Z,12 40 35.2,190.14666666666665,-29 33 41,-29.56138888888889,146.5,21.7,2.23,2.0,Map/Offsets,https://cgi.minorplanetcenter.net/cgi-bin/confirmeph2.cgi
20260507T104242Z,2026-05-07T10:42:42.908094Z,20260507T104242Z_batch01,P22mZMl,2026-05-07T12:00:00Z,12 40 35.6,190.14833333333334,-29 31 27,-29.524166666666666,146.4,21.7,2.23,2.0,Map/Offsets,https://cgi.minorplanetcenter.net/cgi-bin/confirmeph2.cgi
20260507T104242Z,2026-05-07T10:42:42.908094Z,20260507T104242Z_batch01,P22mZMl,2026-05-07T13:00:00Z,12 40 35.9,190.14958333333334,-29 29 14,-29.487222222222222,146.4,21.7,2.22,2.0,Map/Offsets,https://cgi.minorplanetcenter.net/cgi-bin/confirmeph2.cgi
20260507T104242Z,2026-05-07T10:42:42.908094Z,20260507T104242Z_batch01,P22mZMl,2026-05-07T14:00:00Z,12 40 36.3,190.15125,-29 27 00,-29.45,146.4,21.7,2.22,2.1,Map/Offsets,https://cgi.minorplanetcenter.net/cgi-bin/confirmeph2.cgi
20260507T104242Z,2026-05-07T10:42:42.908094Z,20260507T104242Z_batch01,P22mZMl,2026-05-07T15:00:00Z,12 40 36.7,190.15291666666664,-29 24 47,-29.413055555555555,146.4,21.7,2.22,2.1,Map/Offsets,https://cgi.minorplanetcenter.net/cgi-bin/confirmeph2.cgi
20260507T104242Z,2026-05-07T10:42:42.908094Z,20260507T104242Z_batch01,P22mZMl,2026-05-07T16:00:00Z,12 40 37.0,190.15416666666667,-29 22 34,-29.37611111111111,146.4,21.7,2.22,2.1,Map/Offsets,https://cgi.minorplanetcenter.net/cgi-bin/confirmeph2.cgi
20260507T104242Z,2026-05-07T10:42:42.908094Z,20260507T104242Z_batch01,P22mZMl,2026-05-07T17:00:00Z,12 40 37.4,190.1558333333333,-29 20 22,-29.339444444444442,146.3,21.7,2.21,2.1,Map/Offsets,https://cgi.minorplanetcenter.net/cgi-bin/confirmeph2.cgi
20260507T104242Z,2026-05-07T10:42:42.908094Z,20260507T104242Z_batch01,P22mZMl,2026-05-07T18:00:00Z,12 40 37.8,190.1575,-29 18 09,-29.302500000000002,146.3,21.7,2.21,2.2,Map/Offsets,https://cgi.minorplanetcenter.net/cgi-bin/confirmeph2.cgi
20260507T104242Z,2026-05-07T10:42:42.908094Z,20260507T104242Z_batch01,P22mZMl,2026-05-07T19:00:00Z,12 40 38.2,190.15916666666664,-29 15 56,-29.265555555555554,146.3,21.7,2.21,2.2,Map/Offsets,https://cgi.minorplanetcenter.net/cgi-bin/confirmeph2.cgi
20260507T104242Z,2026-05-07T10:42:42.908094Z,20260507T104242Z_batch01,P22mZMl,2026-05-07T20:00:00Z,12 40 38.6,190.16083333333333,-29 13 44,-29.228888888888886,146.3,21.7,2.21,2.2,Map/Offsets,https://cgi.minorplanetcenter.net/cgi-bin/confirmeph2.cgi
20260507T104242Z,2026-05-07T10:42:42.908094Z,20260507T104242Z_batch01,P22mZMl,2026-05-07T21:00:00Z,12 40 39.0,190.1625,-29 11 32,-29.192222222222224,146.3,21.7,2.2,2.2,Map/Offsets,https://cgi.minorplanetcenter.net/cgi-bin/confirmeph2.cgi
20260507T104242Z,2026-05-07T10:42:42.908094Z,20260507T104242Z_batch01,P22mZMl,2026-05-07T22:00:00Z,12 40 39.4,190.16416666666666,-29 09 20,-29.155555555555555,146.3,21.7,2.2,2.3,Map/Offsets,https://cgi.minorplanetcenter.net/cgi-bin/confirmeph2.cgi
20260507T104242Z,2026-05-07T10:42:42.908094Z,20260507T104242Z_batch01,P22mZMl,2026-05-07T23:00:00Z,12 40 39.8,190.16583333333332,-29 07 08,-29.11888888888889,146.2,21.7,2.2,2.3,Map/Offsets,https://cgi.minorplanetcenter.net/cgi-bin/confirmeph2.cgi
20260507T104242Z,2026-05-07T10:42:42.908094Z,20260507T104242Z_batch01,P22mZMl,2026-05-08T00:00:00Z,12 40 40.2,190.1675,-29 04 56,-29.08222222222222,146.2,21.7,2.2,2.3,Map/Offsets,https://cgi.minorplanetcenter.net/cgi-bin/confirmeph2.cgi
20260507T104242Z,2026-05-07T10:42:42.908094Z,20260507T104242Z_batch01,P22mZMl,2026-05-08T01:00:00Z,12 40 40.6,190.16916666666665,-29 02 44,-29.045555555555556,146.2,21.7,2.19,2.3,Map/Offsets,https://cgi.minorplanetcenter.net/cgi-bin/confirmeph2.cgi
20260507T104242Z,2026-05-07T10:42:42.908094Z,20260507T104242Z_batch01,P22mZMl,2026-05-08T02:00:00Z,12 40 41.0,190.17083333333332,-29 00 33,-29.009166666666665,146.2,21.7,2.19,2.4,Map/Offsets,https://cgi.minorplanetcenter.net/cgi-bin/confirmeph2.cgi
20260507T104242Z,2026-05-07T10:42:42.908094Z,20260507T104242Z_batch01,P22mZMl,2026-05-08T03:00:00Z,12 40 41.4,190.17249999999999,-28 58 22,-28.972777777777775,146.2,21.7,2.19,2.4,Map/Offsets,https://cgi.minorplanetcenter.net/cgi-bin/confirmeph2.cgi
20260507T104242Z,2026-05-07T10:42:42.908094Z,20260507T104242Z_batch01,P22mZMl,2026-05-08T04:00:00Z,12 40 41.8,190.17416666666668,-28 56 10,-28.93611111111111,146.1,21.7,2.19,2.4,Map/Offsets,https://cgi.minorplanetcenter.net/cgi-bin/confirmeph2.cgi
20260507T104242Z,2026-05-07T10:42:42.908094Z,20260507T104242Z_batch01,P22mZMl,2026-05-08T05:00:00Z,12 40 42.3,190.17624999999998,-28 53 59,-28.899722222222223,146.1,21.7,2.18,2.5,Map/Offsets,https://cgi.minorplanetcenter.net/cgi-bin/confirmeph2.cgi
20260507T104242Z,2026-05-07T10:42:42.908094Z,20260507T104242Z_batch01,P22mZMl,2026-05-08T06:00:00Z,12 40 42.7,190.17791666666665,-28 51 48,-28.863333333333333,146.1,21.7,2.18,2.5,Map/Offsets,https://cgi.minorplanetcenter.net/cgi-bin/confirmeph2.cgi
20260507T104242Z,2026-05-07T10:42:42.908094Z,20260507T104242Z_batch01,P22mZMl,2026-05-08T07:00:00Z,12 40 43.1,190.17958333333334,-28 49 38,-28.827222222222222,146.1,21.7,2.18,2.5,Map/Offsets,https://cgi.minorplanetcenter.net/cgi-bin/confirmeph2.cgi
20260507T104242Z,2026-05-07T10:42:42.908094Z,20260507T104242Z_batch01,P22mZMl,2026-05-08T08:00:00Z,12 40 43.6,190.18166666666664,-28 47 27,-28.790833333333335,146.1,21.7,2.18,2.5,Map/Offsets,https://cgi.minorplanetcenter.net/cgi-bin/confirmeph2.cgi
20260507T104242Z,2026-05-07T10:42:42.908094Z,20260507T104242Z_batch01,P22mZMl,2026-05-08T09:00:00Z,12 40 44.0,190.18333333333334,-28 45 17,-28.754722222222224,146.0,21.7,2.18,2.6,Map/Offsets,https://cgi.minorplanetcenter.net/cgi-bin/confirmeph2.cgi
20260507T104242Z,2026-05-07T10:42:42.908094Z,20260507T104242Z_batch01,P22mZLU,2026-05-07T09:00:00Z,11 38 17.0,174.57083333333333,-19 53 34,-19.892777777777777,133.1,20.8,2.36,31.7,Map/Offsets,https://cgi.minorplanetcenter.net/cgi-bin/confirmeph2.cgi
20260507T104242Z,2026-05-07T10:42:42.908094Z,20260507T104242Z_batch01,P22mZLU,2026-05-07T10:00:00Z,11 38 22.3,174.59291666666667,-19 51 33,-19.859166666666667,133.1,20.8,2.36,31.7,Map/Offsets,https://cgi.minorplanetcenter.net/cgi-bin/confirmeph2.cgi
20260507T104242Z,2026-05-07T10:42:42.908094Z,20260507T104242Z_batch01,P22mZLU,2026-05-07T11:00:00Z,11 38 27.5,174.61458333333334,-19 49 33,-19.825833333333332,133.1,20.8,2.36,31.7,Map/Offsets,https://cgi.minorplanetcenter.net/cgi-bin/confirmeph2.cgi
20260507T104242Z,2026-05-07T10:42:42.908094Z,20260507T104242Z_batch01,P22mZLU,2026-05-07T12:00:00Z,11 38 32.8,174.63666666666666,-19 47 32,-19.792222222222225,133.1,20.8,2.36,31.7,Map/Offsets,https://cgi.minorplanetcenter.net/cgi-bin/confirmeph2.cgi
20260507T104242Z,2026-05-07T10:42:42.908094Z,20260507T104242Z_batch01,P22mZLU,2026-05-07T13:00:00Z,11 38 38.1,174.65875,-19 45 32,-19.75888888888889,133.1,20.8,2.36,31.8,Map/Offsets,https://cgi.minorplanetcenter.net/cgi-bin/confirmeph2.cgi
20260507T104242Z,2026-05-07T10:42:42.908094Z,20260507T104242Z_batch01,P22mZLU,2026-05-07T14:00:00Z,11 38 43.4,174.68083333333334,-19 43 31,-19.725277777777777,133.1,20.8,2.37,31.8,Map/Offsets,https://cgi.minorplanetcenter.net/cgi-bin/confirmeph2.cgi
20260507T104242Z,2026-05-07T10:42:42.908094Z,20260507T104242Z_batch01,P22mZLU,2026-05-07T15:00:00Z,11 38 48.7,174.70291666666665,-19 41 30,-19.691666666666666,133.0,20.8,2.37,31.8,Map/Offsets,https://cgi.minorplanetcenter.net/cgi-bin/confirmeph2.cgi
20260507T104242Z,2026-05-07T10:42:42.908094Z,20260507T104242Z_batch01,P22mZLU,2026-05-07T16:00:00Z,11 38 54.0,174.725,-19 39 30,-19.65833333333333,133.0,20.8,2.37,31.9,Map/Offsets,https://cgi.minorplanetcenter.net/cgi-bin/confirmeph2.cgi
20260507T104242Z,2026-05-07T10:42:42.908094Z,20260507T104242Z_batch01,P22mZLU,2026-05-07T17:00:00Z,11 38 59.3,174.74708333333334,-19 37 29,-19.62472222222222,133.0,20.8,2.37,31.9,Map/Offsets,https://cgi.minorplanetcenter.net/cgi-bin/confirmeph2.cgi
20260507T104242Z,2026-05-07T10:42:42.908094Z,20260507T104242Z_batch01,P22mZLU,2026-05-07T18:00:00Z,11 39 04.6,174.76916666666668,-19 35 28,-19.59111111111111,133.0,20.8,2.37,31.9,Map/Offsets,https://cgi.minorplanetcenter.net/cgi-bin/confirmeph2.cgi
20260507T104242Z,2026-05-07T10:42:42.908094Z,20260507T104242Z_batch01,P22mZLU,2026-05-07T19:00:00Z,11 39 10.0,174.79166666666669,-19 33 27,-19.5575,133.0,20.8,2.37,31.9,Map/Offsets,https://cgi.minorplanetcenter.net/cgi-bin/confirmeph2.cgi
20260507T104242Z,2026-05-07T10:42:42.908094Z,20260507T104242Z_batch01,P22mZLU,2026-05-07T20:00:00Z,11 39 15.3,174.81375000000003,-19 31 26,-19.523888888888887,132.9,20.8,2.37,32.0,Map/Offsets,https://cgi.minorplanetcenter.net/cgi-bin/confirmeph2.cgi
20260507T104242Z,2026-05-07T10:42:42.908094Z,20260507T104242Z_batch01,P22mZLU,2026-05-07T21:00:00Z,11 39 20.6,174.83583333333334,-19 29 26,-19.490555555555556,132.9,20.8,2.38,32.0,Map/Offsets,https://cgi.minorplanetcenter.net/cgi-bin/confirmeph2.cgi
20260507T104242Z,2026-05-07T10:42:42.908094Z,20260507T104242Z_batch01,P22mZLU,2026-05-07T22:00:00Z,11 39 26.0,174.85833333333332,-19 27 25,-19.456944444444442,132.9,20.8,2.38,32.0,Map/Offsets,https://cgi.minorplanetcenter.net/cgi-bin/confirmeph2.cgi
20260507T104242Z,2026-05-07T10:42:42.908094Z,20260507T104242Z_batch01,P22mZLU,2026-05-07T23:00:00Z,11 39 31.3,174.88041666666666,-19 25 24,-19.423333333333336,132.9,20.8,2.38,32.1,Map/Offsets,https://cgi.minorplanetcenter.net/cgi-bin/confirmeph2.cgi
20260507T104242Z,2026-05-07T10:42:42.908094Z,20260507T104242Z_batch01,P22mZLU,2026-05-08T00:00:00Z,11 39 36.7,174.90291666666667,-19 23 23,-19.389722222222222,132.9,20.8,2.38,32.1,Map/Offsets,https://cgi.minorplanetcenter.net/cgi-bin/confirmeph2.cgi
20260507T104242Z,2026-05-07T10:42:42.908094Z,20260507T104242Z_batch01,P22mZLU,2026-05-08T01:00:00Z,11 39 42.1,174.92541666666668,-19 21 22,-19.35611111111111,132.9,20.8,2.38,32.1,Map/Offsets,https://cgi.minorplanetcenter.net/cgi-bin/confirmeph2.cgi
20260507T104242Z,2026-05-07T10:42:42.908094Z,20260507T104242Z_batch01,P22mZLU,2026-05-08T02:00:00Z,11 39 47.4,174.94750000000002,-19 19 21,-19.322499999999998,132.8,20.8,2.38,32.1,Map/Offsets,https://cgi.minorplanetcenter.net/cgi-bin/confirmeph2.cgi
20260507T104242Z,2026-05-07T10:42:42.908094Z,20260507T104242Z_batch01,P22mZLU,2026-05-08T03:00:00Z,11 39 52.8,174.97,-19 17 20,-19.28888888888889,132.8,20.8,2.38,32.2,Map/Offsets,https://cgi.minorplanetcenter.net/cgi-bin/confirmeph2.cgi
20260507T104242Z,2026-05-07T10:42:42.908094Z,20260507T104242Z_batch01,P22mZLU,2026-05-08T04:00:00Z,11 39 58.2,174.9925,-19 15 19,-19.255277777777778,132.8,20.8,2.39,32.2,Map/Offsets,https://cgi.minorplanetcenter.net/cgi-bin/confirmeph2.cgi
20260507T104242Z,2026-05-07T10:42:42.908094Z,20260507T104242Z_batch01,P22mZLU,2026-05-08T05:00:00Z,11 40 03.6,175.015,-19 13 17,-19.22138888888889,132.8,20.8,2.39,32.2,Map/Offsets,https://cgi.minorplanetcenter.net/cgi-bin/confirmeph2.cgi
20260507T104242Z,2026-05-07T10:42:42.908094Z,20260507T104242Z_batch01,P22mZLU,2026-05-08T06:00:00Z,11 40 09.0,175.0375,-19 11 16,-19.18777777777778,132.8,20.8,2.39,32.2,Map/Offsets,https://cgi.minorplanetcenter.net/cgi-bin/confirmeph2.cgi
20260507T104242Z,2026-05-07T10:42:42.908094Z,20260507T104242Z_batch01,P22mZLU,2026-05-08T07:00:00Z,11 40 14.4,175.05999999999997,-19 09 15,-19.154166666666665,132.7,20.8,2.39,32.3,Map/Offsets,https://cgi.minorplanetcenter.net/cgi-bin/confirmeph2.cgi
20260507T104242Z,2026-05-07T10:42:42.908094Z,20260507T104242Z_batch01,P22mZLU,2026-05-08T08:00:00Z,11 40 19.8,175.08249999999998,-19 07 14,-19.120555555555555,132.7,20.8,2.39,32.3,Map/Offsets,https://cgi.minorplanetcenter.net/cgi-bin/confirmeph2.cgi
20260507T104242Z,2026-05-07T10:42:42.908094Z,20260507T104242Z_batch01,P22mZLU,2026-05-08T09:00:00Z,11 40 25.2,175.105,-19 05 12,-19.086666666666666,132.7,20.8,2.39,32.3,Map/Offsets,https://cgi.minorplanetcenter.net/cgi-bin/confirmeph2.cgi
20260507T104242Z,2026-05-07T10:42:42.908094Z,20260507T104242Z_batch01,C468MC1,2026-05-07T09:00:00Z,12 30 32.0,187.63333333333333,+43 42 54,43.715,111.0,19.7,42.29,34.8,Map/Offsets   !,https://cgi.minorplanetcenter.net/cgi-bin/confirmeph2.cgi
20260507T104242Z,2026-05-07T10:42:42.908094Z,20260507T104242Z_batch01,C468MC1,2026-05-07T10:00:00Z,12 32 45.2,188.18833333333333,+44 17 05,44.28472222222222,110.7,19.7,41.2,35.2,Map/Offsets   !,https://cgi.minorplanetcenter.net/cgi-bin/confirmeph2.cgi
20260507T104242Z,2026-05-07T10:42:42.908094Z,20260507T104242Z_batch01,C468MC1,2026-05-07T11:00:00Z,12 34 57.5,188.73958333333334,+44 50 13,44.83694444444445,110.5,19.8,40.14,35.6,Map/Offsets   !,https://cgi.minorplanetcenter.net/cgi-bin/confirmeph2.cgi
20260507T104242Z,2026-05-07T10:42:42.908094Z,20260507T104242Z_batch01,C468MC1,2026-05-07T12:00:00Z,12 37 08.8,189.28666666666666,+45 22 21,45.3725,110.3,19.8,39.11,36.0,Map/Offsets   !,https://cgi.minorplanetcenter.net/cgi-bin/confirmeph2.cgi
20260507T104242Z,2026-05-07T10:42:42.908094Z,20260507T104242Z_batch01,C468MC1,2026-05-07T13:00:00Z,12 39 19.3,189.83041666666665,+45 53 31,45.89194444444444,110.0,19.8,38.11,36.4,Map/Offsets   !,https://cgi.minorplanetcenter.net/cgi-bin/confirmeph2.cgi
20260507T104242Z,2026-05-07T10:42:42.908094Z,20260507T104242Z_batch01,C468MC1,2026-05-07T14:00:00Z,12 41 28.7,190.36958333333334,+46 23 44,46.39555555555555,109.8,19.9,37.14,36.8,Map/Offsets   !,https://cgi.minorplanetcenter.net/cgi-bin/confirmeph2.cgi
20260507T104242Z,2026-05-07T10:42:42.908094Z,20260507T104242Z_batch01,C468MC1,2026-05-07T15:00:00Z,12 43 37.2,190.905,+46 53 02,46.88388888888889,109.6,19.9,36.2,37.2,Map/Offsets   !,https://cgi.minorplanetcenter.net/cgi-bin/confirmeph2.cgi
20260507T104242Z,2026-05-07T10:42:42.908094Z,20260507T104242Z_batch01,C468MC1,2026-05-07T16:00:00Z,12 45 44.7,191.43625,+47 21 26,47.35722222222223,109.4,19.9,35.29,37.6,Map/Offsets   !,https://cgi.minorplanetcenter.net/cgi-bin/confirmeph2.cgi
20260507T104242Z,2026-05-07T10:42:42.908094Z,20260507T104242Z_batch01,C468MC1,2026-05-07T17:00:00Z,12 47 51.2,191.96333333333334,+47 48 59,47.81638888888889,109.2,20.0,34.4,38.0,Map/Offsets   !,https://cgi.minorplanetcenter.net/cgi-bin/confirmeph2.cgi
20260507T104242Z,2026-05-07T10:42:42.908094Z,20260507T104242Z_batch01,C468MC1,2026-05-07T18:00:00Z,12 49 56.8,192.48666666666668,+48 15 42,48.26166666666666,108.9,20.0,33.54,38.3,Map/Offsets   !,https://cgi.minorplanetcenter.net/cgi-bin/confirmeph2.cgi
20260507T104242Z,2026-05-07T10:42:42.908094Z,20260507T104242Z_batch01,C468MC1,2026-05-07T19:00:00Z,12 52 01.3,193.0054166666667,+48 41 36,48.69333333333333,108.7,20.0,32.7,38.7,Map/Offsets   !,https://cgi.minorplanetcenter.net/cgi-bin/confirmeph2.cgi
20260507T104242Z,2026-05-07T10:42:42.908094Z,20260507T104242Z_batch01,C468MC1,2026-05-07T20:00:00Z,12 54 04.8,193.52,+49 06 44,49.11222222222222,108.5,20.1,31.89,39.1,Map/Offsets   !,https://cgi.minorplanetcenter.net/cgi-bin/confirmeph2.cgi
20260507T104242Z,2026-05-07T10:42:42.908094Z,20260507T104242Z_batch01,C468MC1,2026-05-07T21:00:00Z,12 56 07.2,194.03,+49 31 06,49.51833333333333,108.3,20.1,31.11,39.5,Map/Offsets   !,https://cgi.minorplanetcenter.net/cgi-bin/confirmeph2.cgi
20260507T104242Z,2026-05-07T10:42:42.908094Z,20260507T104242Z_batch01,C468MC1,2026-05-07T22:00:00Z,12 58 08.6,194.53583333333336,+49 54 44,49.91222222222222,108.1,20.1,30.35,39.9,Map/Offsets   !,https://cgi.minorplanetcenter.net/cgi-bin/confirmeph2.cgi
20260507T104242Z,2026-05-07T10:42:42.908094Z,20260507T104242Z_batch01,C468MC1,2026-05-07T23:00:00Z,13 00 09.0,195.0375,+50 17 40,50.294444444444444,107.9,20.2,29.61,40.3,Map/Offsets   !,https://cgi.minorplanetcenter.net/cgi-bin/confirmeph2.cgi
20260507T104242Z,2026-05-07T10:42:42.908094Z,20260507T104242Z_batch01,C468MC1,2026-05-08T00:00:00Z,13 02 08.4,195.535,+50 39 55,50.665277777777774,107.7,20.2,28.89,40.7,Map/Offsets   !,https://cgi.minorplanetcenter.net/cgi-bin/confirmeph2.cgi
20260507T104242Z,2026-05-07T10:42:42.908094Z,20260507T104242Z_batch01,C468MC1,2026-05-08T01:00:00Z,13 04 06.7,196.02791666666667,+51 01 30,51.025,107.6,20.2,28.2,41.1,Map/Offsets   !,https://cgi.minorplanetcenter.net/cgi-bin/confirmeph2.cgi
20260507T104242Z,2026-05-07T10:42:42.908094Z,20260507T104242Z_batch01,C468MC1,2026-05-08T02:00:00Z,13 06 03.9,196.51625,+51 22 27,51.37416666666667,107.4,20.3,27.52,41.4,Map/Offsets   !,https://cgi.minorplanetcenter.net/cgi-bin/confirmeph2.cgi
20260507T104242Z,2026-05-07T10:42:42.908094Z,20260507T104242Z_batch01,C468MC1,2026-05-08T03:00:00Z,13 08 00.1,197.00041666666667,+51 42 47,51.713055555555556,107.2,20.3,26.87,41.8,Map/Offsets   !,https://cgi.minorplanetcenter.net/cgi-bin/confirmeph2.cgi
20260507T104242Z,2026-05-07T10:42:42.908094Z,20260507T104242Z_batch01,C468MC1,2026-05-08T04:00:00Z,13 09 55.3,197.48041666666668,+52 02 30,52.041666666666664,107.0,20.3,26.24,42.2,Map/Offsets   !,https://cgi.minorplanetcenter.net/cgi-bin/confirmeph2.cgi
20260507T104242Z,2026-05-07T10:42:42.908094Z,20260507T104242Z_batch01,C468MC1,2026-05-08T05:00:00Z,13 11 49.3,197.95541666666668,+52 21 39,52.36083333333333,106.8,20.4,25.62,42.6,Map/Offsets   !,https://cgi.minorplanetcenter.net/cgi-bin/confirmeph2.cgi
20260507T104242Z,2026-05-07T10:42:42.908094Z,20260507T104242Z_batch01,C468MC1,2026-05-08T06:00:00Z,13 13 42.4,198.42666666666668,+52 40 15,52.670833333333334,106.7,20.4,25.03,43.0,Map/Offsets   !,https://cgi.minorplanetcenter.net/cgi-bin/confirmeph2.cgi
20260507T104242Z,2026-05-07T10:42:42.908094Z,20260507T104242Z_batch01,C468MC1,2026-05-08T07:00:00Z,13 15 34.3,198.89291666666668,+52 58 18,52.97166666666667,106.5,20.4,24.45,43.3,Map/Offsets   !,https://cgi.minorplanetcenter.net/cgi-bin/confirmeph2.cgi
20260507T104242Z,2026-05-07T10:42:42.908094Z,20260507T104242Z_batch01,C468MC1,2026-05-08T08:00:00Z,13 17 25.2,199.355,+53 15 49,53.26361111111111,106.3,20.5,23.89,43.7,Map/Offsets   !,https://cgi.minorplanetcenter.net/cgi-bin/confirmeph2.cgi
20260507T104242Z,2026-05-07T10:42:42.908094Z,20260507T104242Z_batch01,C468MC1,2026-05-08T09:00:00Z,13 19 15.1,199.81291666666667,+53 32 50,53.54722222222222,106.2,20.5,23.34,44.1,Map/Offsets   !,https://cgi.minorplanetcenter.net/cgi-bin/confirmeph2.cgi
20260507T104242Z,2026-05-07T10:42:42.908094Z,20260507T104242Z_batch01,A11BX2S,2026-05-07T09:00:00Z,17 57 39.8,269.4158333333333,+04 05 22,4.089444444444444,130.5,18.4,22.83,97.2,Map/Offsets   !,https://cgi.minorplanetcenter.net/cgi-bin/confirmeph2.cgi
20260507T104242Z,2026-05-07T10:42:42.908094Z,20260507T104242Z_batch01,A11BX2S,2026-05-07T10:00:00Z,17 59 09.5,269.7895833333333,+04 02 34,4.042777777777777,130.2,18.4,22.27,97.2,Map/Offsets   !,https://cgi.minorplanetcenter.net/cgi-bin/confirmeph2.cgi
20260507T104242Z,2026-05-07T10:42:42.908094Z,20260507T104242Z_batch01,A11BX2S,2026-05-07T11:00:00Z,18 00 37.0,270.15416666666664,+03 59 48,3.9966666666666666,130.0,18.5,21.72,97.2,Map/Offsets   !,https://cgi.minorplanetcenter.net/cgi-bin/confirmeph2.cgi
20260507T104242Z,2026-05-07T10:42:42.908094Z,20260507T104242Z_batch01,A11BX2S,2026-05-07T12:00:00Z,18 02 02.3,270.50958333333335,+03 57 06,3.9516666666666667,129.7,18.5,21.2,97.2,Map/Offsets   !,https://cgi.minorplanetcenter.net/cgi-bin/confirmeph2.cgi
20260507T104242Z,2026-05-07T10:42:42.908094Z,20260507T104242Z_batch01,A11BX2S,2026-05-07T13:00:00Z,18 03 25.6,270.8566666666667,+03 54 28,3.9077777777777776,129.4,18.5,20.69,97.3,Map/Offsets   !,https://cgi.minorplanetcenter.net/cgi-bin/confirmeph2.cgi
20260507T104242Z,2026-05-07T10:42:42.908094Z,20260507T104242Z_batch01,A11BX2S,2026-05-07T14:00:00Z,18 04 46.9,271.1954166666667,+03 51 52,3.8644444444444446,129.2,18.6,20.2,97.3,Map/Offsets   !,https://cgi.minorplanetcenter.net/cgi-bin/confirmeph2.cgi
20260507T104242Z,2026-05-07T10:42:42.908094Z,20260507T104242Z_batch01,A11BX2S,2026-05-07T15:00:00Z,18 06 06.3,271.52625000000006,+03 49 20,3.822222222222222,128.9,18.6,19.73,97.3,Map/Offsets   !,https://cgi.minorplanetcenter.net/cgi-bin/confirmeph2.cgi
20260507T104242Z,2026-05-07T10:42:42.908094Z,20260507T104242Z_batch01,A11BX2S,2026-05-07T16:00:00Z,18 07 23.8,271.8491666666667,+03 46 51,3.7808333333333333,128.7,18.6,19.27,97.3,Map/Offsets   !,https://cgi.minorplanetcenter.net/cgi-bin/confirmeph2.cgi
20260507T104242Z,2026-05-07T10:42:42.908094Z,20260507T104242Z_batch01,A11BX2S,2026-05-07T17:00:00Z,18 08 39.6,272.16499999999996,+03 44 25,3.740277777777778,128.5,18.6,18.82,97.4,Map/Offsets   !,https://cgi.minorplanetcenter.net/cgi-bin/confirmeph2.cgi
20260507T104242Z,2026-05-07T10:42:42.908094Z,20260507T104242Z_batch01,A11BX2S,2026-05-07T18:00:00Z,18 09 53.5,272.4729166666666,+03 42 01,3.700277777777778,128.2,18.7,18.39,97.4,Map/Offsets   !,https://cgi.minorplanetcenter.net/cgi-bin/confirmeph2.cgi
20260507T104242Z,2026-05-07T10:42:42.908094Z,20260507T104242Z_batch01,A11BX2S,2026-05-07T19:00:00Z,18 11 05.8,272.77416666666664,+03 39 41,3.661388888888889,128.0,18.7,17.97,97.4,Map/Offsets   !,https://cgi.minorplanetcenter.net/cgi-bin/confirmeph2.cgi
20260507T104242Z,2026-05-07T10:42:42.908094Z,20260507T104242Z_batch01,A11BX2S,2026-05-07T20:00:00Z,18 12 16.4,273.0683333333333,+03 37 23,3.6230555555555557,127.8,18.7,17.57,97.4,Map/Offsets   !,https://cgi.minorplanetcenter.net/cgi-bin/confirmeph2.cgi
20260507T104242Z,2026-05-07T10:42:42.908094Z,20260507T104242Z_batch01,A11BX2S,2026-05-07T21:00:00Z,18 13 25.5,273.35625,+03 35 08,3.5855555555555556,127.6,18.8,17.18,97.5,Map/Offsets   !,https://cgi.minorplanetcenter.net/cgi-bin/confirmeph2.cgi
20260507T104242Z,2026-05-07T10:42:42.908094Z,20260507T104242Z_batch01,A11BX2S,2026-05-07T22:00:00Z,18 14 33.0,273.6375,+03 32 56,3.548888888888889,127.4,18.8,16.8,97.5,Map/Offsets   !,https://cgi.minorplanetcenter.net/cgi-bin/confirmeph2.cgi
20260507T104242Z,2026-05-07T10:42:42.908094Z,20260507T104242Z_batch01,A11BX2S,2026-05-07T23:00:00Z,18 15 39.0,273.9125,+03 30 46,3.512777777777778,127.2,18.8,16.43,97.5,Map/Offsets   !,https://cgi.minorplanetcenter.net/cgi-bin/confirmeph2.cgi
20260507T104242Z,2026-05-07T10:42:42.908094Z,20260507T104242Z_batch01,A11BX2S,2026-05-08T00:00:00Z,18 16 43.5,274.18125,+03 28 38,3.477222222222222,127.0,18.9,16.07,97.5,Map/Offsets   !,https://cgi.minorplanetcenter.net/cgi-bin/confirmeph2.cgi
20260507T104242Z,2026-05-07T10:42:42.908094Z,20260507T104242Z_batch01,A11BX2S,2026-05-08T01:00:00Z,18 17 46.7,274.44458333333336,+03 26 33,3.4425000000000003,126.8,18.9,15.73,97.5,Map/Offsets   !,https://cgi.minorplanetcenter.net/cgi-bin/confirmeph2.cgi
20260507T104242Z,2026-05-07T10:42:42.908094Z,20260507T104242Z_batch01,A11BX2S,2026-05-08T02:00:00Z,18 18 48.5,274.70208333333335,+03 24 31,3.408611111111111,126.6,18.9,15.39,97.6,Map/Offsets   !,https://cgi.minorplanetcenter.net/cgi-bin/confirmeph2.cgi
20260507T104242Z,2026-05-07T10:42:42.908094Z,20260507T104242Z_batch01,A11BX2S,2026-05-08T03:00:00Z,18 19 49.0,274.95416666666665,+03 22 31,3.375277777777778,126.4,18.9,15.06,97.6,Map/Offsets   !,https://cgi.minorplanetcenter.net/cgi-bin/confirmeph2.cgi
20260507T104242Z,2026-05-07T10:42:42.908094Z,20260507T104242Z_batch01,A11BX2S,2026-05-08T04:00:00Z,18 20 48.2,275.2008333333333,+03 20 32,3.3422222222222224,126.2,19.0,14.75,97.6,Map/Offsets   !,https://cgi.minorplanetcenter.net/cgi-bin/confirmeph2.cgi
20260507T104242Z,2026-05-07T10:42:42.908094Z,20260507T104242Z_batch01,A11BX2S,2026-05-08T05:00:00Z,18 21 46.1,275.44208333333336,+03 18 37,3.3102777777777774,126.1,19.0,14.44,97.6,Map/Offsets   !,https://cgi.minorplanetcenter.net/cgi-bin/confirmeph2.cgi
20260507T104242Z,2026-05-07T10:42:42.908094Z,20260507T104242Z_batch01,A11BX2S,2026-05-08T06:00:00Z,18 22 42.9,275.67875000000004,+03 16 43,3.278611111111111,125.9,19.0,14.14,97.6,Map/Offsets   !,https://cgi.minorplanetcenter.net/cgi-bin/confirmeph2.cgi
20260507T104242Z,2026-05-07T10:42:42.908094Z,20260507T104242Z_batch01,A11BX2S,2026-05-08T07:00:00Z,18 23 38.5,275.91041666666666,+03 14 51,3.2475,125.7,19.1,13.85,97.6,Map/Offsets   !,https://cgi.minorplanetcenter.net/cgi-bin/confirmeph2.cgi
20260507T104242Z,2026-05-07T10:42:42.908094Z,20260507T104242Z_batch01,A11BX2S,2026-05-08T08:00:00Z,18 24 32.9,276.1370833333333,+03 13 02,3.2172222222222224,125.6,19.1,13.57,97.7,Map/Offsets   !,https://cgi.minorplanetcenter.net/cgi-bin/confirmeph2.cgi
20260507T104242Z,2026-05-07T10:42:42.908094Z,20260507T104242Z_batch01,A11BX2S,2026-05-08T09:00:00Z,18 25 26.2,276.3591666666667,+03 11 14,3.187222222222222,125.4,19.1,13.3,97.7,Map/Offsets   !,https://cgi.minorplanetcenter.net/cgi-bin/confirmeph2.cgi
20260507T104242Z,2026-05-07T10:42:42.908094Z,20260507T104242Z_batch01,A11BT9Q,2026-05-07T09:00:00Z,00 33 41.4,8.4225,+74 41 28,74.69111111111111,61.1,20.9,7.12,42.0,Map/Offsets   !,https://cgi.minorplanetcenter.net/cgi-bin/confirmeph2.cgi
20260507T104242Z,2026-05-07T10:42:42.908094Z,20260507T104242Z_batch01,A11BT9Q,2026-05-07T10:00:00Z,00 34 52.5,8.718749999999998,+74 46 38,74.77722222222222,61.1,20.9,6.83,42.3,Map/Offsets   !,https://cgi.minorplanetcenter.net/cgi-bin/confirmeph2.cgi
20260507T104242Z,2026-05-07T10:42:42.908094Z,20260507T104242Z_batch01,A11BT9Q,2026-05-07T11:00:00Z,00 36 01.5,9.00625,+74 51 34,74.85944444444443,61.1,21.0,6.56,42.6,Map/Offsets   !,https://cgi.minorplanetcenter.net/cgi-bin/confirmeph2.cgi
20260507T104242Z,2026-05-07T10:42:42.908094Z,20260507T104242Z_batch01,A11BT9Q,2026-05-07T12:00:00Z,00 37 08.5,9.285416666666668,+74 56 17,74.93805555555556,61.1,21.0,6.31,42.9,Map/Offsets   !,https://cgi.minorplanetcenter.net/cgi-bin/confirmeph2.cgi
20260507T104242Z,2026-05-07T10:42:42.908094Z,20260507T104242Z_batch01,A11BT9Q,2026-05-07T13:00:00Z,00 38 13.7,9.557083333333333,+75 00 48,75.01333333333334,61.1,21.1,6.07,43.2,Map/Offsets   !,https://cgi.minorplanetcenter.net/cgi-bin/confirmeph2.cgi
20260507T104242Z,2026-05-07T10:42:42.908094Z,20260507T104242Z_batch01,A11BT9Q,2026-05-07T14:00:00Z,00 39 17.0,9.820833333333333,+75 05 08,75.08555555555554,61.1,21.1,5.84,43.5,Map/Offsets   !,https://cgi.minorplanetcenter.net/cgi-bin/confirmeph2.cgi
20260507T104242Z,2026-05-07T10:42:42.908094Z,20260507T104242Z_batch01,A11BT9Q,2026-05-07T15:00:00Z,00 40 18.6,10.077499999999999,+75 09 17,75.15472222222223,61.1,21.1,5.63,43.7,Map/Offsets   !,https://cgi.minorplanetcenter.net/cgi-bin/confirmeph2.cgi
20260507T104242Z,2026-05-07T10:42:42.908094Z,20260507T104242Z_batch01,A11BT9Q,2026-05-07T16:00:00Z,00 41 18.5,10.327083333333334,+75 13 16,75.22111111111111,61.1,21.2,5.42,44.0,Map/Offsets   !,https://cgi.minorplanetcenter.net/cgi-bin/confirmeph2.cgi
20260507T104242Z,2026-05-07T10:42:42.908094Z,20260507T104242Z_batch01,A11BT9Q,2026-05-07T17:00:00Z,00 42 16.8,10.57,+75 17 06,75.285,61.2,21.2,5.23,44.3,Map/Offsets   !,https://cgi.minorplanetcenter.net/cgi-bin/confirmeph2.cgi
20260507T104242Z,2026-05-07T10:42:42.908094Z,20260507T104242Z_batch01,A11BT9Q,2026-05-07T18:00:00Z,00 43 13.5,10.80625,+75 20 46,75.3461111111111,61.2,21.2,5.05,44.5,Map/Offsets   !,https://cgi.minorplanetcenter.net/cgi-bin/confirmeph2.cgi
20260507T104242Z,2026-05-07T10:42:42.908094Z,20260507T104242Z_batch01,A11BT9Q,2026-05-07T19:00:00Z,00 44 08.8,11.036666666666667,+75 24 18,75.405,61.2,21.3,4.88,44.8,Map/Offsets   !,https://cgi.minorplanetcenter.net/cgi-bin/confirmeph2.cgi
20260507T104242Z,2026-05-07T10:42:42.908094Z,20260507T104242Z_batch01,A11BT9Q,2026-05-07T20:00:00Z,00 45 02.6,11.260833333333332,+75 27 42,75.46166666666667,61.2,21.3,4.71,45.0,Map/Offsets   !,https://cgi.minorplanetcenter.net/cgi-bin/confirmeph2.cgi
20260507T104242Z,2026-05-07T10:42:42.908094Z,20260507T104242Z_batch01,A11BT9Q,2026-05-07T21:00:00Z,00 45 55.0,11.479166666666666,+75 30 58,75.51611111111112,61.2,21.3,4.56,45.2,Map/Offsets   !,https://cgi.minorplanetcenter.net/cgi-bin/confirmeph2.cgi
20260507T104242Z,2026-05-07T10:42:42.908094Z,20260507T104242Z_batch01,A11BT9Q,2026-05-07T22:00:00Z,00 46 46.2,11.6925,+75 34 07,75.56861111111111,61.2,21.4,4.41,45.5,Map/Offsets   !,https://cgi.minorplanetcenter.net/cgi-bin/confirmeph2.cgi
20260507T104242Z,2026-05-07T10:42:42.908094Z,20260507T104242Z_batch01,A11BT9Q,2026-05-07T23:00:00Z,00 47 36.0,11.9,+75 37 09,75.61916666666666,61.2,21.4,4.27,45.7,Map/Offsets   !,https://cgi.minorplanetcenter.net/cgi-bin/confirmeph2.cgi
20260507T104242Z,2026-05-07T10:42:42.908094Z,20260507T104242Z_batch01,A11BT9Q,2026-05-08T00:00:00Z,00 48 24.6,12.102500000000001,+75 40 05,75.66805555555555,61.2,21.4,4.14,45.9,Map/Offsets   !,https://cgi.minorplanetcenter.net/cgi-bin/confirmeph2.cgi
20260507T104242Z,2026-05-07T10:42:42.908094Z,20260507T104242Z_batch01,A11BT9Q,2026-05-08T01:00:00Z,00 49 12.1,12.300416666666667,+75 42 55,75.71527777777779,61.2,21.5,4.01,46.2,Map/Offsets   !,https://cgi.minorplanetcenter.net/cgi-bin/confirmeph2.cgi
20260507T104242Z,2026-05-07T10:42:42.908094Z,20260507T104242Z_batch01,A11BT9Q,2026-05-08T02:00:00Z,00 49 58.4,12.493333333333334,+75 45 38,75.76055555555556,61.2,21.5,3.89,46.4,Map/Offsets   !,https://cgi.minorplanetcenter.net/cgi-bin/confirmeph2.cgi
20260507T104242Z,2026-05-07T10:42:42.908094Z,20260507T104242Z_batch01,A11BT9Q,2026-05-08T03:00:00Z,00 50 43.6,12.681666666666667,+75 48 16,75.80444444444444,61.2,21.5,3.77,46.6,Map/Offsets   !,https://cgi.minorplanetcenter.net/cgi-bin/confirmeph2.cgi
20260507T104242Z,2026-05-07T10:42:42.908094Z,20260507T104242Z_batch01,A11BT9Q,2026-05-08T04:00:00Z,00 51 27.7,12.865416666666667,+75 50 49,75.84694444444445,61.2,21.6,3.66,46.8,Map/Offsets,https://cgi.minorplanetcenter.net/cgi-bin/confirmeph2.cgi
20260507T104242Z,2026-05-07T10:42:42.908094Z,20260507T104242Z_batch01,A11BT9Q,2026-05-08T05:00:00Z,00 52 10.8,13.045,+75 53 17,75.88805555555557,61.2,21.6,3.55,47.0,Map/Offsets,https://cgi.minorplanetcenter.net/cgi-bin/confirmeph2.cgi
20260507T104242Z,2026-05-07T10:42:42.908094Z,20260507T104242Z_batch01,A11BT9Q,2026-05-08T06:00:00Z,00 52 52.9,13.220416666666667,+75 55 40,75.92777777777778,61.2,21.6,3.45,47.2,Map/Offsets,https://cgi.minorplanetcenter.net/cgi-bin/confirmeph2.cgi
20260507T104242Z,2026-05-07T10:42:42.908094Z,20260507T104242Z_batch01,A11BT9Q,2026-05-08T07:00:00Z,00 53 34.1,13.392083333333332,+75 57 58,75.96611111111112,61.2,21.6,3.35,47.4,Map/Offsets,https://cgi.minorplanetcenter.net/cgi-bin/confirmeph2.cgi
20260507T104242Z,2026-05-07T10:42:42.908094Z,20260507T104242Z_batch01,A11BT9Q,2026-05-08T08:00:00Z,00 54 14.3,13.559583333333334,+76 00 12,76.00333333333333,61.2,21.7,3.26,47.6,Map/Offsets,https://cgi.minorplanetcenter.net/cgi-bin/confirmeph2.cgi
20260507T104242Z,2026-05-07T10:42:42.908094Z,20260507T104242Z_batch01,A11BT9Q,2026-05-08T09:00:00Z,00 54 53.7,13.72375,+76 02 21,76.03916666666666,61.2,21.7,3.17,47.8,Map/Offsets,https://cgi.minorplanetcenter.net/cgi-bin/confirmeph2.cgi
20260507T104242Z,2026-05-07T10:42:42.908094Z,20260507T104242Z_batch01,A11BRHV,2026-05-07T09:00:00Z,14 11 10.1,212.79208333333335,-22 03 15,-22.054166666666667,168.2,15.5,8.13,113.9,Map/Offsets,https://cgi.minorplanetcenter.net/cgi-bin/confirmeph2.cgi
20260507T104242Z,2026-05-07T10:42:42.908094Z,20260507T104242Z_batch01,A11BRHV,2026-05-07T10:00:00Z,14 11 41.9,212.92458333333335,-22 06 31,-22.108611111111113,168.2,15.6,8.0,113.8,Map/Offsets,https://cgi.minorplanetcenter.net/cgi-bin/confirmeph2.cgi
20260507T104242Z,2026-05-07T10:42:42.908094Z,20260507T104242Z_batch01,A11BRHV,2026-05-07T11:00:00Z,14 12 13.3,213.05541666666667,-22 09 42,-22.161666666666665,168.3,15.6,7.86,113.8,Map/Offsets,https://cgi.minorplanetcenter.net/cgi-bin/confirmeph2.cgi
20260507T104242Z,2026-05-07T10:42:42.908094Z,20260507T104242Z_batch01,A11BRHV,2026-05-07T12:00:00Z,14 12 44.1,213.18374999999997,-22 12 51,-22.214166666666667,168.4,15.6,7.73,113.7,Map/Offsets,https://cgi.minorplanetcenter.net/cgi-bin/confirmeph2.cgi
20260507T104242Z,2026-05-07T10:42:42.908094Z,20260507T104242Z_batch01,A11BRHV,2026-05-07T13:00:00Z,14 13 14.4,213.31,-22 15 56,-22.265555555555554,168.4,15.6,7.61,113.7,Map/Offsets,https://cgi.minorplanetcenter.net/cgi-bin/confirmeph2.cgi
20260507T104242Z,2026-05-07T10:42:42.908094Z,20260507T104242Z_batch01,A11BRHV,2026-05-07T14:00:00Z,14 13 44.3,213.43458333333334,-22 18 57,-22.315833333333334,168.5,15.6,7.48,113.6,Map/Offsets,https://cgi.minorplanetcenter.net/cgi-bin/confirmeph2.cgi
20260507T104242Z,2026-05-07T10:42:42.908094Z,20260507T104242Z_batch01,A11BRHV,2026-05-07T15:00:00Z,14 14 13.7,213.5570833333333,-22 21 55,-22.36527777777778,168.5,15.6,7.36,113.6,Map/Offsets,https://cgi.minorplanetcenter.net/cgi-bin/confirmeph2.cgi
20260507T104242Z,2026-05-07T10:42:42.908094Z,20260507T104242Z_batch01,A11BRHV,2026-05-07T16:00:00Z,14 14 42.7,213.67791666666665,-22 24 50,-22.413888888888888,168.6,15.7,7.24,113.5,Map/Offsets,https://cgi.minorplanetcenter.net/cgi-bin/confirmeph2.cgi
20260507T104242Z,2026-05-07T10:42:42.908094Z,20260507T104242Z_batch01,A11BRHV,2026-05-07T17:00:00Z,14 15 11.2,213.79666666666668,-22 27 42,-22.461666666666666,168.6,15.7,7.13,113.5,Map/Offsets,https://cgi.minorplanetcenter.net/cgi-bin/confirmeph2.cgi
20260507T104242Z,2026-05-07T10:42:42.908094Z,20260507T104242Z_batch01,A11BRHV,2026-05-07T18:00:00Z,14 15 39.3,213.91375,-22 30 31,-22.50861111111111,168.7,15.7,7.02,113.4,Map/Offsets,https://cgi.minorplanetcenter.net/cgi-bin/confirmeph2.cgi
20260507T104242Z,2026-05-07T10:42:42.908094Z,20260507T104242Z_batch01,A11BRHV,2026-05-07T19:00:00Z,14 16 07.0,214.02916666666667,-22 33 17,-22.554722222222225,168.7,15.7,6.91,113.4,Map/Offsets,https://cgi.minorplanetcenter.net/cgi-bin/confirmeph2.cgi
20260507T104242Z,2026-05-07T10:42:42.908094Z,20260507T104242Z_batch01,A11BRHV,2026-05-07T20:00:00Z,14 16 34.3,214.14291666666668,-22 36 00,-22.6,168.8,15.7,6.8,113.3,Map/Offsets,https://cgi.minorplanetcenter.net/cgi-bin/confirmeph2.cgi
20260507T104242Z,2026-05-07T10:42:42.908094Z,20260507T104242Z_batch01,A11BRHV,2026-05-07T21:00:00Z,14 17 01.1,214.25458333333333,-22 38 40,-22.644444444444446,168.8,15.7,6.69,113.3,Map/Offsets,https://cgi.minorplanetcenter.net/cgi-bin/confirmeph2.cgi
20260507T104242Z,2026-05-07T10:42:42.908094Z,20260507T104242Z_batch01,A11BRHV,2026-05-07T22:00:00Z,14 17 27.6,214.365,-22 41 17,-22.688055555555557,168.8,15.8,6.59,113.2,Map/Offsets,https://cgi.minorplanetcenter.net/cgi-bin/confirmeph2.cgi
20260507T104242Z,2026-05-07T10:42:42.908094Z,20260507T104242Z_batch01,A11BRHV,2026-05-07T23:00:00Z,14 17 53.6,214.47333333333333,-22 43 51,-22.730833333333333,168.9,15.8,6.49,113.2,Map/Offsets,https://cgi.minorplanetcenter.net/cgi-bin/confirmeph2.cgi
20260507T104242Z,2026-05-07T10:42:42.908094Z,20260507T104242Z_batch01,A11BRHV,2026-05-08T00:00:00Z,14 18 19.3,214.58041666666668,-22 46 23,-22.773055555555555,168.9,15.8,6.39,113.1,Map/Offsets,https://cgi.minorplanetcenter.net/cgi-bin/confirmeph2.cgi
20260507T104242Z,2026-05-07T10:42:42.908094Z,20260507T104242Z_batch01,A11BRHV,2026-05-08T01:00:00Z,14 18 44.7,214.68625,-22 48 52,-22.814444444444444,169.0,15.8,6.3,113.1,Map/Offsets,https://cgi.minorplanetcenter.net/cgi-bin/confirmeph2.cgi
20260507T104242Z,2026-05-07T10:42:42.908094Z,20260507T104242Z_batch01,A11BRHV,2026-05-08T02:00:00Z,14 19 09.6,214.79,-22 51 19,-22.85527777777778,169.0,15.8,6.2,113.0,Map/Offsets,https://cgi.minorplanetcenter.net/cgi-bin/confirmeph2.cgi
20260507T104242Z,2026-05-07T10:42:42.908094Z,20260507T104242Z_batch01,A11BRHV,2026-05-08T03:00:00Z,14 19 34.2,214.89249999999998,-22 53 43,-22.89527777777778,169.0,15.8,6.11,113.0,Map/Offsets,https://cgi.minorplanetcenter.net/cgi-bin/confirmeph2.cgi
20260507T104242Z,2026-05-07T10:42:42.908094Z,20260507T104242Z_batch01,A11BRHV,2026-05-08T04:00:00Z,14 19 58.5,214.99374999999998,-22 56 05,-22.934722222222224,169.1,15.8,6.02,112.9,Map/Offsets,https://cgi.minorplanetcenter.net/cgi-bin/confirmeph2.cgi
20260507T104242Z,2026-05-07T10:42:42.908094Z,20260507T104242Z_batch01,A11BRHV,2026-05-08T05:00:00Z,14 20 22.4,215.09333333333333,-22 58 25,-22.973611111111108,169.1,15.9,5.93,112.9,Map/Offsets,https://cgi.minorplanetcenter.net/cgi-bin/confirmeph2.cgi
20260507T104242Z,2026-05-07T10:42:42.908094Z,20260507T104242Z_batch01,A11BRHV,2026-05-08T06:00:00Z,14 20 46.0,215.1916666666667,-23 00 42,-23.011666666666667,169.1,15.9,5.85,112.8,Map/Offsets,https://cgi.minorplanetcenter.net/cgi-bin/confirmeph2.cgi
20260507T104242Z,2026-05-07T10:42:42.908094Z,20260507T104242Z_batch01,A11BRHV,2026-05-08T07:00:00Z,14 21 09.2,215.28833333333333,-23 02 57,-23.049166666666668,169.2,15.9,5.76,112.8,Map/Offsets,https://cgi.minorplanetcenter.net/cgi-bin/confirmeph2.cgi
20260507T104242Z,2026-05-07T10:42:42.908094Z,20260507T104242Z_batch01,A11BRHV,2026-05-08T08:00:00Z,14 21 32.2,215.3841666666667,-23 05 10,-23.08611111111111,169.2,15.9,5.68,112.7,Map/Offsets,https://cgi.minorplanetcenter.net/cgi-bin/confirmeph2.cgi
20260507T104242Z,2026-05-07T10:42:42.908094Z,20260507T104242Z_batch01,A11BRHV,2026-05-08T09:00:00Z,14 21 54.8,215.47833333333332,-23 07 21,-23.1225,169.2,15.9,5.6,112.7,Map/Offsets,https://cgi.minorplanetcenter.net/cgi-bin/confirmeph2.cgi
20260507T104242Z,2026-05-07T10:42:42.908094Z,20260507T104242Z_batch01,ZTF10Df,2026-05-07T09:00:00Z,10 23 26.3,155.85958333333332,+01 29 04,1.4844444444444445,110.4,22.4,0.45,93.4,Map/Offsets   !,https://cgi.minorplanetcenter.net/cgi-bin/confirmeph2.cgi
20260507T104242Z,2026-05-07T10:42:42.908094Z,20260507T104242Z_batch01,ZTF10Df,2026-05-07T10:00:00Z,10 23 28.1,155.8670833333333,+01 29 02,1.483888888888889,110.4,22.4,0.44,93.5,Map/Offsets   !,https://cgi.minorplanetcenter.net/cgi-bin/confirmeph2.cgi
20260507T104242Z,2026-05-07T10:42:42.908094Z,20260507T104242Z_batch01,ZTF10Df,2026-05-07T11:00:00Z,10 23 29.8,155.87416666666667,+01 29 00,1.4833333333333334,110.4,22.5,0.44,93.5,Map/Offsets   !,https://cgi.minorplanetcenter.net/cgi-bin/confirmeph2.cgi
20260507T104242Z,2026-05-07T10:42:42.908094Z,20260507T104242Z_batch01,ZTF10Df,2026-05-07T12:00:00Z,10 23 31.6,155.88166666666666,+01 28 59,1.4830555555555556,110.3,22.5,0.43,93.6,Map/Offsets   !,https://cgi.minorplanetcenter.net/cgi-bin/confirmeph2.cgi
20260507T104242Z,2026-05-07T10:42:42.908094Z,20260507T104242Z_batch01,ZTF10Df,2026-05-07T13:00:00Z,10 23 33.3,155.88875,+01 28 57,1.4825000000000002,110.3,22.5,0.43,93.6,Map/Offsets   !,https://cgi.minorplanetcenter.net/cgi-bin/confirmeph2.cgi
20260507T104242Z,2026-05-07T10:42:42.908094Z,20260507T104242Z_batch01,ZTF10Df,2026-05-07T14:00:00Z,10 23 35.0,155.89583333333334,+01 28 56,1.4822222222222223,110.3,22.5,0.42,93.7,Map/Offsets   !,https://cgi.minorplanetcenter.net/cgi-bin/confirmeph2.cgi
20260507T104242Z,2026-05-07T10:42:42.908094Z,20260507T104242Z_batch01,ZTF10Df,2026-05-07T15:00:00Z,10 23 36.7,155.90291666666667,+01 28 54,1.4816666666666667,110.2,22.5,0.42,93.7,Map/Offsets,https://cgi.minorplanetcenter.net/cgi-bin/confirmeph2.cgi
20260507T104242Z,2026-05-07T10:42:42.908094Z,20260507T104242Z_batch01,ZTF10Df,2026-05-07T16:00:00Z,10 23 38.4,155.91,+01 28 52,1.4811111111111113,110.2,22.5,0.42,93.8,Map/Offsets,https://cgi.minorplanetcenter.net/cgi-bin/confirmeph2.cgi
20260507T104242Z,2026-05-07T10:42:42.908094Z,20260507T104242Z_batch01,ZTF10Df,2026-05-07T17:00:00Z,10 23 40.0,155.91666666666666,+01 28 51,1.4808333333333334,110.2,22.6,0.41,93.8,Map/Offsets,https://cgi.minorplanetcenter.net/cgi-bin/confirmeph2.cgi
20260507T104242Z,2026-05-07T10:42:42.908094Z,20260507T104242Z_batch01,ZTF10Df,2026-05-07T18:00:00Z,10 23 41.7,155.92375,+01 28 49,1.4802777777777778,110.1,22.6,0.41,93.9,Map/Offsets,https://cgi.minorplanetcenter.net/cgi-bin/confirmeph2.cgi
20260507T104242Z,2026-05-07T10:42:42.908094Z,20260507T104242Z_batch01,ZTF10Df,2026-05-07T19:00:00Z,10 23 43.3,155.93041666666667,+01 28 47,1.4797222222222224,110.1,22.6,0.4,93.9,Map/Offsets,https://cgi.minorplanetcenter.net/cgi-bin/confirmeph2.cgi
20260507T104242Z,2026-05-07T10:42:42.908094Z,20260507T104242Z_batch01,ZTF10Df,2026-05-07T20:00:00Z,10 23 44.9,155.9370833333333,+01 28 46,1.4794444444444446,110.1,22.6,0.4,94.0,Map/Offsets,https://cgi.minorplanetcenter.net/cgi-bin/confirmeph2.cgi
20260507T104242Z,2026-05-07T10:42:42.908094Z,20260507T104242Z_batch01,ZTF10Df,2026-05-07T21:00:00Z,10 23 46.5,155.94375,+01 28 44,1.478888888888889,110.0,22.6,0.39,94.0,Map/Offsets,https://cgi.minorplanetcenter.net/cgi-bin/confirmeph2.cgi
20260507T104242Z,2026-05-07T10:42:42.908094Z,20260507T104242Z_batch01,ZTF10Df,2026-05-07T22:00:00Z,10 23 48.0,155.95,+01 28 42,1.4783333333333335,110.0,22.6,0.39,94.1,Map/Offsets,https://cgi.minorplanetcenter.net/cgi-bin/confirmeph2.cgi
20260507T104242Z,2026-05-07T10:42:42.908094Z,20260507T104242Z_batch01,ZTF10Df,2026-05-07T23:00:00Z,10 23 49.6,155.95666666666665,+01 28 41,1.4780555555555557,110.0,22.7,0.39,94.2,Map/Offsets,https://cgi.minorplanetcenter.net/cgi-bin/confirmeph2.cgi
20260507T104242Z,2026-05-07T10:42:42.908094Z,20260507T104242Z_batch01,ZTF10Df,2026-05-08T00:00:00Z,10 23 51.1,155.96291666666664,+01 28 39,1.4775,109.9,22.7,0.38,94.2,Map/Offsets,https://cgi.minorplanetcenter.net/cgi-bin/confirmeph2.cgi
20260507T104242Z,2026-05-07T10:42:42.908094Z,20260507T104242Z_batch01,ZTF10Df,2026-05-08T01:00:00Z,10 23 52.6,155.96916666666667,+01 28 37,1.4769444444444446,109.9,22.7,0.38,94.3,Map/Offsets,https://cgi.minorplanetcenter.net/cgi-bin/confirmeph2.cgi
20260507T104242Z,2026-05-07T10:42:42.908094Z,20260507T104242Z_batch01,ZTF10Df,2026-05-08T02:00:00Z,10 23 54.1,155.97541666666666,+01 28 36,1.4766666666666668,109.9,22.7,0.38,94.3,Map/Offsets,https://cgi.minorplanetcenter.net/cgi-bin/confirmeph2.cgi
20260507T104242Z,2026-05-07T10:42:42.908094Z,20260507T104242Z_batch01,ZTF10Df,2026-05-08T03:00:00Z,10 23 55.6,155.98166666666665,+01 28 34,1.4761111111111112,109.8,22.7,0.37,94.4,Map/Offsets,https://cgi.minorplanetcenter.net/cgi-bin/confirmeph2.cgi
20260507T104242Z,2026-05-07T10:42:42.908094Z,20260507T104242Z_batch01,ZTF10Df,2026-05-08T04:00:00Z,10 23 57.1,155.98791666666665,+01 28 32,1.4755555555555557,109.8,22.7,0.37,94.4,Map/Offsets,https://cgi.minorplanetcenter.net/cgi-bin/confirmeph2.cgi
20260507T104242Z,2026-05-07T10:42:42.908094Z,20260507T104242Z_batch01,ZTF10Df,2026-05-08T05:00:00Z,10 23 58.6,155.99416666666664,+01 28 30,1.475,109.8,22.7,0.37,94.5,Map/Offsets,https://cgi.minorplanetcenter.net/cgi-bin/confirmeph2.cgi
20260507T104242Z,2026-05-07T10:42:42.908094Z,20260507T104242Z_batch01,ZTF10Df,2026-05-08T06:00:00Z,10 24 00.0,156.0,+01 28 29,1.4747222222222223,109.7,22.8,0.36,94.5,Map/Offsets,https://cgi.minorplanetcenter.net/cgi-bin/confirmeph2.cgi
20260507T104242Z,2026-05-07T10:42:42.908094Z,20260507T104242Z_batch01,ZTF10Df,2026-05-08T07:00:00Z,10 24 01.5,156.00625,+01 28 27,1.4741666666666668,109.7,22.8,0.36,94.6,Map/Offsets,https://cgi.minorplanetcenter.net/cgi-bin/confirmeph2.cgi
20260507T104242Z,2026-05-07T10:42:42.908094Z,20260507T104242Z_batch01,ZTF10Df,2026-05-08T08:00:00Z,10 24 02.9,156.01208333333332,+01 28 25,1.4736111111111112,109.7,22.8,0.36,94.7,Map/Offsets,https://cgi.minorplanetcenter.net/cgi-bin/confirmeph2.cgi
20260507T104242Z,2026-05-07T10:42:42.908094Z,20260507T104242Z_batch01,ZTF10Df,2026-05-08T09:00:00Z,10 24 04.3,156.01791666666665,+01 28 23,1.4730555555555558,109.6,22.8,0.35,94.7,Map/Offsets,https://cgi.minorplanetcenter.net/cgi-bin/confirmeph2.cgi
20260507T104242Z,2026-05-07T10:42:42.908094Z,20260507T104242Z_batch01,C1EUYV5,2026-05-07T09:00:00Z,17 22 14.5,260.5604166666667,+18 20 31,18.341944444444444,129.7,21.8,0.48,288.8,Map/Offsets,https://cgi.minorplanetcenter.net/cgi-bin/confirmeph2.cgi
20260507T104242Z,2026-05-07T10:42:42.908094Z,20260507T104242Z_batch01,C1EUYV5,2026-05-07T10:00:00Z,17 22 12.6,260.5525,+18 20 40,18.344444444444445,129.8,21.8,0.48,288.7,Map/Offsets,https://cgi.minorplanetcenter.net/cgi-bin/confirmeph2.cgi
20260507T104242Z,2026-05-07T10:42:42.908094Z,20260507T104242Z_batch01,C1EUYV5,2026-05-07T11:00:00Z,17 22 10.6,260.5441666666667,+18 20 49,18.346944444444443,129.8,21.8,0.48,288.7,Map/Offsets,https://cgi.minorplanetcenter.net/cgi-bin/confirmeph2.cgi
20260507T104242Z,2026-05-07T10:42:42.908094Z,20260507T104242Z_batch01,C1EUYV5,2026-05-07T12:00:00Z,17 22 08.7,260.53625,+18 20 58,18.349444444444444,129.8,21.8,0.48,288.7,Map/Offsets,https://cgi.minorplanetcenter.net/cgi-bin/confirmeph2.cgi
20260507T104242Z,2026-05-07T10:42:42.908094Z,20260507T104242Z_batch01,C1EUYV5,2026-05-07T13:00:00Z,17 22 06.8,260.52833333333336,+18 21 08,18.352222222222224,129.8,21.8,0.48,288.7,Map/Offsets,https://cgi.minorplanetcenter.net/cgi-bin/confirmeph2.cgi
20260507T104242Z,2026-05-07T10:42:42.908094Z,20260507T104242Z_batch01,C1EUYV5,2026-05-07T14:00:00Z,17 22 04.8,260.52000000000004,+18 21 17,18.354722222222225,129.9,21.8,0.48,288.6,Map/Offsets,https://cgi.minorplanetcenter.net/cgi-bin/confirmeph2.cgi
20260507T104242Z,2026-05-07T10:42:42.908094Z,20260507T104242Z_batch01,C1EUYV5,2026-05-07T15:00:00Z,17 22 02.9,260.51208333333335,+18 21 26,18.357222222222223,129.9,21.8,0.48,288.6,Map/Offsets,https://cgi.minorplanetcenter.net/cgi-bin/confirmeph2.cgi
20260507T104242Z,2026-05-07T10:42:42.908094Z,20260507T104242Z_batch01,C1EUYV5,2026-05-07T16:00:00Z,17 22 01.0,260.50416666666666,+18 21 36,18.360000000000003,129.9,21.8,0.48,288.6,Map/Offsets,https://cgi.minorplanetcenter.net/cgi-bin/confirmeph2.cgi
20260507T104242Z,2026-05-07T10:42:42.908094Z,20260507T104242Z_batch01,C1EUYV5,2026-05-07T17:00:00Z,17 21 59.0,260.4958333333334,+18 21 45,18.3625,129.9,21.8,0.49,288.6,Map/Offsets,https://cgi.minorplanetcenter.net/cgi-bin/confirmeph2.cgi
20260507T104242Z,2026-05-07T10:42:42.908094Z,20260507T104242Z_batch01,C1EUYV5,2026-05-07T18:00:00Z,17 21 57.1,260.4879166666667,+18 21 54,18.365000000000002,130.0,21.8,0.49,288.6,Map/Offsets,https://cgi.minorplanetcenter.net/cgi-bin/confirmeph2.cgi
20260507T104242Z,2026-05-07T10:42:42.908094Z,20260507T104242Z_batch01,C1EUYV5,2026-05-07T19:00:00Z,17 21 55.2,260.48,+18 22 04,18.36777777777778,130.0,21.8,0.49,288.5,Map/Offsets,https://cgi.minorplanetcenter.net/cgi-bin/confirmeph2.cgi
20260507T104242Z,2026-05-07T10:42:42.908094Z,20260507T104242Z_batch01,C1EUYV5,2026-05-07T20:00:00Z,17 21 53.2,260.4716666666667,+18 22 13,18.37027777777778,130.0,21.8,0.49,288.5,Map/Offsets,https://cgi.minorplanetcenter.net/cgi-bin/confirmeph2.cgi
20260507T104242Z,2026-05-07T10:42:42.908094Z,20260507T104242Z_batch01,C1EUYV5,2026-05-07T21:00:00Z,17 21 51.3,260.46375,+18 22 22,18.372777777777777,130.0,21.8,0.49,288.5,Map/Offsets,https://cgi.minorplanetcenter.net/cgi-bin/confirmeph2.cgi
20260507T104242Z,2026-05-07T10:42:42.908094Z,20260507T104242Z_batch01,C1EUYV5,2026-05-07T22:00:00Z,17 21 49.3,260.4554166666667,+18 22 31,18.37527777777778,130.1,21.8,0.49,288.5,Map/Offsets,https://cgi.minorplanetcenter.net/cgi-bin/confirmeph2.cgi
20260507T104242Z,2026-05-07T10:42:42.908094Z,20260507T104242Z_batch01,C1EUYV5,2026-05-07T23:00:00Z,17 21 47.4,260.44750000000005,+18 22 40,18.37777777777778,130.1,21.8,0.49,288.4,Map/Offsets,https://cgi.minorplanetcenter.net/cgi-bin/confirmeph2.cgi
20260507T104242Z,2026-05-07T10:42:42.908094Z,20260507T104242Z_batch01,C1EUYV5,2026-05-08T00:00:00Z,17 21 45.5,260.43958333333336,+18 22 50,18.380555555555556,130.1,21.8,0.49,288.4,Map/Offsets,https://cgi.minorplanetcenter.net/cgi-bin/confirmeph2.cgi
20260507T104242Z,2026-05-07T10:42:42.908094Z,20260507T104242Z_batch01,C1EUYV5,2026-05-08T01:00:00Z,17 21 43.5,260.43125000000003,+18 22 59,18.383055555555558,130.1,21.8,0.49,288.4,Map/Offsets,https://cgi.minorplanetcenter.net/cgi-bin/confirmeph2.cgi
20260507T104242Z,2026-05-07T10:42:42.908094Z,20260507T104242Z_batch01,C1EUYV5,2026-05-08T02:00:00Z,17 21 41.6,260.42333333333335,+18 23 08,18.385555555555555,130.2,21.8,0.49,288.4,Map/Offsets,https://cgi.minorplanetcenter.net/cgi-bin/confirmeph2.cgi
20260507T104242Z,2026-05-07T10:42:42.908094Z,20260507T104242Z_batch01,C1EUYV5,2026-05-08T03:00:00Z,17 21 39.6,260.415,+18 23 17,18.388055555555557,130.2,21.8,0.49,288.4,Map/Offsets,https://cgi.minorplanetcenter.net/cgi-bin/confirmeph2.cgi
20260507T104242Z,2026-05-07T10:42:42.908094Z,20260507T104242Z_batch01,C1EUYV5,2026-05-08T04:00:00Z,17 21 37.7,260.4070833333334,+18 23 27,18.390833333333333,130.2,21.8,0.49,288.3,Map/Offsets,https://cgi.minorplanetcenter.net/cgi-bin/confirmeph2.cgi
20260507T104242Z,2026-05-07T10:42:42.908094Z,20260507T104242Z_batch01,C1EUYV5,2026-05-08T05:00:00Z,17 21 35.7,260.39875,+18 23 36,18.393333333333334,130.2,21.8,0.49,288.3,Map/Offsets,https://cgi.minorplanetcenter.net/cgi-bin/confirmeph2.cgi
20260507T104242Z,2026-05-07T10:42:42.908094Z,20260507T104242Z_batch01,C1EUYV5,2026-05-08T06:00:00Z,17 21 33.8,260.3908333333334,+18 23 45,18.395833333333332,130.2,21.8,0.49,288.3,Map/Offsets,https://cgi.minorplanetcenter.net/cgi-bin/confirmeph2.cgi
20260507T104242Z,2026-05-07T10:42:42.908094Z,20260507T104242Z_batch01,C1EUYV5,2026-05-08T07:00:00Z,17 21 31.8,260.3825,+18 23 54,18.398333333333333,130.3,21.8,0.49,288.3,Map/Offsets,https://cgi.minorplanetcenter.net/cgi-bin/confirmeph2.cgi
20260507T104242Z,2026-05-07T10:42:42.908094Z,20260507T104242Z_batch01,C1EUYV5,2026-05-08T08:00:00Z,17 21 29.9,260.37458333333336,+18 24 03,18.40083333333333,130.3,21.8,0.49,288.3,Map/Offsets,https://cgi.minorplanetcenter.net/cgi-bin/confirmeph2.cgi
20260507T104242Z,2026-05-07T10:42:42.908094Z,20260507T104242Z_batch01,C1EUYV5,2026-05-08T09:00:00Z,17 21 27.9,260.36625000000004,+18 24 12,18.403333333333332,130.3,21.8,0.49,288.2,Map/Offsets,https://cgi.minorplanetcenter.net/cgi-bin/confirmeph2.cgi
20260507T104242Z,2026-05-07T10:42:42.908094Z,20260507T104242Z_batch01,C1EUWK5,2026-05-07T09:00:00Z,14 29 42.4,217.42666666666668,-03 01 00,-3.0166666666666666,164.8,22.9,0.96,318.6,Map/Offsets,https://cgi.minorplanetcenter.net/cgi-bin/confirmeph2.cgi
20260507T104242Z,2026-05-07T10:42:42.908094Z,20260507T104242Z_batch01,C1EUWK5,2026-05-07T10:00:00Z,14 29 39.9,217.41625,-03 00 17,-3.004722222222222,164.8,22.9,0.96,318.6,Map/Offsets,https://cgi.minorplanetcenter.net/cgi-bin/confirmeph2.cgi
20260507T104242Z,2026-05-07T10:42:42.908094Z,20260507T104242Z_batch01,C1EUWK5,2026-05-07T11:00:00Z,14 29 37.3,217.40541666666667,-02 59 34,-2.992777777777778,164.7,22.9,0.96,318.6,Map/Offsets,https://cgi.minorplanetcenter.net/cgi-bin/confirmeph2.cgi
20260507T104242Z,2026-05-07T10:42:42.908094Z,20260507T104242Z_batch01,C1EUWK5,2026-05-07T12:00:00Z,14 29 34.8,217.39499999999998,-02 58 51,-2.9808333333333334,164.7,22.9,0.96,318.6,Map/Offsets,https://cgi.minorplanetcenter.net/cgi-bin/confirmeph2.cgi
20260507T104242Z,2026-05-07T10:42:42.908094Z,20260507T104242Z_batch01,C1EUWK5,2026-05-07T13:00:00Z,14 29 32.2,217.38416666666666,-02 58 08,-2.968888888888889,164.6,22.9,0.96,318.6,Map/Offsets,https://cgi.minorplanetcenter.net/cgi-bin/confirmeph2.cgi
20260507T104242Z,2026-05-07T10:42:42.908094Z,20260507T104242Z_batch01,C1EUWK5,2026-05-07T14:00:00Z,14 29 29.7,217.37375,-02 57 25,-2.956944444444445,164.6,22.9,0.96,318.6,Map/Offsets,https://cgi.minorplanetcenter.net/cgi-bin/confirmeph2.cgi
20260507T104242Z,2026-05-07T10:42:42.908094Z,20260507T104242Z_batch01,C1EUWK5,2026-05-07T15:00:00Z,14 29 27.1,217.36291666666665,-02 56 42,-2.9450000000000003,164.6,22.9,0.96,318.5,Map/Offsets,https://cgi.minorplanetcenter.net/cgi-bin/confirmeph2.cgi
20260507T104242Z,2026-05-07T10:42:42.908094Z,20260507T104242Z_batch01,C1EUWK5,2026-05-07T16:00:00Z,14 29 24.6,217.3525,-02 55 59,-2.9330555555555553,164.5,22.9,0.96,318.5,Map/Offsets,https://cgi.minorplanetcenter.net/cgi-bin/confirmeph2.cgi
20260507T104242Z,2026-05-07T10:42:42.908094Z,20260507T104242Z_batch01,C1EUWK5,2026-05-07T17:00:00Z,14 29 22.1,217.34208333333333,-02 55 16,-2.9211111111111108,164.5,22.9,0.96,318.5,Map/Offsets,https://cgi.minorplanetcenter.net/cgi-bin/confirmeph2.cgi
20260507T104242Z,2026-05-07T10:42:42.908094Z,20260507T104242Z_batch01,C1EUWK5,2026-05-07T18:00:00Z,14 29 19.5,217.33124999999998,-02 54 33,-2.9091666666666667,164.4,22.9,0.96,318.5,Map/Offsets,https://cgi.minorplanetcenter.net/cgi-bin/confirmeph2.cgi
20260507T104242Z,2026-05-07T10:42:42.908094Z,20260507T104242Z_batch01,C1EUWK5,2026-05-07T19:00:00Z,14 29 17.0,217.32083333333333,-02 53 50,-2.897222222222222,164.4,23.0,0.95,318.5,Map/Offsets,https://cgi.minorplanetcenter.net/cgi-bin/confirmeph2.cgi
20260507T104242Z,2026-05-07T10:42:42.908094Z,20260507T104242Z_batch01,C1EUWK5,2026-05-07T20:00:00Z,14 29 14.5,217.31041666666664,-02 53 07,-2.8852777777777776,164.3,23.0,0.95,318.5,Map/Offsets,https://cgi.minorplanetcenter.net/cgi-bin/confirmeph2.cgi
20260507T104242Z,2026-05-07T10:42:42.908094Z,20260507T104242Z_batch01,C1EUWK5,2026-05-07T21:00:00Z,14 29 11.9,217.29958333333335,-02 52 24,-2.8733333333333335,164.3,23.0,0.95,318.5,Map/Offsets,https://cgi.minorplanetcenter.net/cgi-bin/confirmeph2.cgi
20260507T104242Z,2026-05-07T10:42:42.908094Z,20260507T104242Z_batch01,C1EUWK5,2026-05-07T22:00:00Z,14 29 09.4,217.28916666666666,-02 51 41,-2.861388888888889,164.3,23.0,0.95,318.5,Map/Offsets,https://cgi.minorplanetcenter.net/cgi-bin/confirmeph2.cgi
20260507T104242Z,2026-05-07T10:42:42.908094Z,20260507T104242Z_batch01,C1EUWK5,2026-05-07T23:00:00Z,14 29 06.9,217.27874999999997,-02 50 58,-2.8494444444444444,164.2,23.0,0.95,318.5,Map/Offsets,https://cgi.minorplanetcenter.net/cgi-bin/confirmeph2.cgi
20260507T104242Z,2026-05-07T10:42:42.908094Z,20260507T104242Z_batch01,C1EUWK5,2026-05-08T00:00:00Z,14 29 04.4,217.26833333333332,-02 50 15,-2.8375000000000004,164.2,23.0,0.95,318.5,Map/Offsets,https://cgi.minorplanetcenter.net/cgi-bin/confirmeph2.cgi
20260507T104242Z,2026-05-07T10:42:42.908094Z,20260507T104242Z_batch01,C1EUWK5,2026-05-08T01:00:00Z,14 29 01.8,217.2575,-02 49 33,-2.825833333333333,164.1,23.0,0.95,318.5,Map/Offsets,https://cgi.minorplanetcenter.net/cgi-bin/confirmeph2.cgi
20260507T104242Z,2026-05-07T10:42:42.908094Z,20260507T104242Z_batch01,C1EUWK5,2026-05-08T02:00:00Z,14 28 59.3,217.2470833333333,-02 48 50,-2.8138888888888887,164.1,23.0,0.95,318.5,Map/Offsets,https://cgi.minorplanetcenter.net/cgi-bin/confirmeph2.cgi
20260507T104242Z,2026-05-07T10:42:42.908094Z,20260507T104242Z_batch01,C1EUWK5,2026-05-08T03:00:00Z,14 28 56.8,217.23666666666668,-02 48 07,-2.801944444444444,164.0,23.0,0.95,318.5,Map/Offsets,https://cgi.minorplanetcenter.net/cgi-bin/confirmeph2.cgi
20260507T104242Z,2026-05-07T10:42:42.908094Z,20260507T104242Z_batch01,C1EUWK5,2026-05-08T04:00:00Z,14 28 54.3,217.22625,-02 47 25,-2.790277777777778,164.0,23.0,0.95,318.5,Map/Offsets,https://cgi.minorplanetcenter.net/cgi-bin/confirmeph2.cgi
20260507T104242Z,2026-05-07T10:42:42.908094Z,20260507T104242Z_batch01,C1EUWK5,2026-05-08T05:00:00Z,14 28 51.7,217.21541666666667,-02 46 42,-2.7783333333333333,164.0,23.0,0.95,318.5,Map/Offsets,https://cgi.minorplanetcenter.net/cgi-bin/confirmeph2.cgi
20260507T104242Z,2026-05-07T10:42:42.908094Z,20260507T104242Z_batch01,C1EUWK5,2026-05-08T06:00:00Z,14 28 49.2,217.205,-02 45 59,-2.766388888888889,163.9,23.0,0.95,318.5,Map/Offsets,https://cgi.minorplanetcenter.net/cgi-bin/confirmeph2.cgi
20260507T104242Z,2026-05-07T10:42:42.908094Z,20260507T104242Z_batch01,C1EUWK5,2026-05-08T07:00:00Z,14 28 46.7,217.19458333333333,-02 45 17,-2.754722222222222,163.9,23.0,0.95,318.5,Map/Offsets,https://cgi.minorplanetcenter.net/cgi-bin/confirmeph2.cgi
20260507T104242Z,2026-05-07T10:42:42.908094Z,20260507T104242Z_batch01,C1EUWK5,2026-05-08T08:00:00Z,14 28 44.2,217.18416666666667,-02 44 34,-2.742777777777778,163.8,23.0,0.95,318.5,Map/Offsets,https://cgi.minorplanetcenter.net/cgi-bin/confirmeph2.cgi
20260507T104242Z,2026-05-07T10:42:42.908094Z,20260507T104242Z_batch01,C1EUWK5,2026-05-08T09:00:00Z,14 28 41.7,217.17375,-02 43 52,-2.7311111111111113,163.8,23.0,0.95,318.4,Map/Offsets,https://cgi.minorplanetcenter.net/cgi-bin/confirmeph2.cgi
