snapshot_id,fetched_at_utc,batch_id,designation,ephem_time_utc,ra_hms,ra_deg,dec_dms,dec_deg,elong_deg,v_mag,motion_arcsec_per_min,pa_deg,uncertainty,source_url
20260710T230001Z,2026-07-10T23:00:01.571037Z,20260710T230001Z_batch01,ST26G26,2026-07-10T22:00:00Z,20 25 39.7,306.41541666666666,+09 15 13,9.25361111111111,144.6,19.3,25.04,173.2,Map/Offsets   !,https://cgi.minorplanetcenter.net/cgi-bin/confirmeph2.cgi
20260710T230001Z,2026-07-10T23:00:01.571037Z,20260710T230001Z_batch01,ST26G26,2026-07-10T23:00:00Z,20 25 51.3,306.46375,+08 51 01,8.850277777777777,145.0,19.4,23.71,173.3,Map/Offsets   !,https://cgi.minorplanetcenter.net/cgi-bin/confirmeph2.cgi
20260710T230001Z,2026-07-10T23:00:01.571037Z,20260710T230001Z_batch01,ST26G26,2026-07-11T00:00:00Z,20 26 02.3,306.50958333333335,+08 28 06,8.468333333333334,145.3,19.4,22.48,173.3,Map/Offsets   !,https://cgi.minorplanetcenter.net/cgi-bin/confirmeph2.cgi
20260710T230001Z,2026-07-10T23:00:01.571037Z,20260710T230001Z_batch01,ST26G26,2026-07-11T01:00:00Z,20 26 12.7,306.55291666666665,+08 06 20,8.105555555555556,145.6,19.5,21.34,173.3,Map/Offsets   !,https://cgi.minorplanetcenter.net/cgi-bin/confirmeph2.cgi
20260710T230001Z,2026-07-10T23:00:01.571037Z,20260710T230001Z_batch01,ST26G26,2026-07-11T02:00:00Z,20 26 22.5,306.59375,+07 45 41,7.761388888888889,145.9,19.5,20.29,173.3,Map/Offsets   !,https://cgi.minorplanetcenter.net/cgi-bin/confirmeph2.cgi
20260710T230001Z,2026-07-10T23:00:01.571037Z,20260710T230001Z_batch01,ST26G26,2026-07-11T03:00:00Z,20 26 31.8,306.6325,+07 26 01,7.433611111111111,146.2,19.6,19.31,173.3,Map/Offsets   !,https://cgi.minorplanetcenter.net/cgi-bin/confirmeph2.cgi
20260710T230001Z,2026-07-10T23:00:01.571037Z,20260710T230001Z_batch01,ST26G26,2026-07-11T04:00:00Z,20 26 40.7,306.6695833333333,+07 07 18,7.121666666666666,146.5,19.6,18.39,173.3,Map/Offsets   !,https://cgi.minorplanetcenter.net/cgi-bin/confirmeph2.cgi
20260710T230001Z,2026-07-10T23:00:01.571037Z,20260710T230001Z_batch01,ST26G26,2026-07-11T05:00:00Z,20 26 49.1,306.70458333333335,+06 49 28,6.8244444444444445,146.8,19.6,17.55,173.3,Map/Offsets   !,https://cgi.minorplanetcenter.net/cgi-bin/confirmeph2.cgi
20260710T230001Z,2026-07-10T23:00:01.571037Z,20260710T230001Z_batch01,ST26G26,2026-07-11T06:00:00Z,20 26 57.2,306.73833333333334,+06 32 26,6.540555555555556,147.0,19.7,16.75,173.3,Map/Offsets   !,https://cgi.minorplanetcenter.net/cgi-bin/confirmeph2.cgi
20260710T230001Z,2026-07-10T23:00:01.571037Z,20260710T230001Z_batch01,ST26G26,2026-07-11T07:00:00Z,20 27 04.8,306.77000000000004,+06 16 10,6.269444444444445,147.3,19.7,16.01,173.3,Map/Offsets   !,https://cgi.minorplanetcenter.net/cgi-bin/confirmeph2.cgi
20260710T230001Z,2026-07-10T23:00:01.571037Z,20260710T230001Z_batch01,ST26G26,2026-07-11T08:00:00Z,20 27 12.1,306.80041666666665,+06 00 37,6.010277777777778,147.5,19.8,15.32,173.3,Map/Offsets   !,https://cgi.minorplanetcenter.net/cgi-bin/confirmeph2.cgi
20260710T230001Z,2026-07-10T23:00:01.571037Z,20260710T230001Z_batch01,ST26G26,2026-07-11T09:00:00Z,20 27 19.1,306.8295833333333,+05 45 43,5.7619444444444445,147.7,19.8,14.67,173.4,Map/Offsets   !,https://cgi.minorplanetcenter.net/cgi-bin/confirmeph2.cgi
20260710T230001Z,2026-07-10T23:00:01.571037Z,20260710T230001Z_batch01,ST26G26,2026-07-11T10:00:00Z,20 27 25.8,306.85749999999996,+05 31 27,5.524166666666667,148.0,19.9,14.06,173.4,Map/Offsets   !,https://cgi.minorplanetcenter.net/cgi-bin/confirmeph2.cgi
20260710T230001Z,2026-07-10T23:00:01.571037Z,20260710T230001Z_batch01,ST26G26,2026-07-11T11:00:00Z,20 27 32.2,306.88416666666666,+05 17 46,5.296111111111111,148.2,19.9,13.49,173.4,Map/Offsets   !,https://cgi.minorplanetcenter.net/cgi-bin/confirmeph2.cgi
20260710T230001Z,2026-07-10T23:00:01.571037Z,20260710T230001Z_batch01,ST26G26,2026-07-11T12:00:00Z,20 27 38.3,306.90958333333333,+05 04 39,5.0775,148.4,19.9,12.95,173.4,Map/Offsets   !,https://cgi.minorplanetcenter.net/cgi-bin/confirmeph2.cgi
20260710T230001Z,2026-07-10T23:00:01.571037Z,20260710T230001Z_batch01,ST26G26,2026-07-11T13:00:00Z,20 27 44.1,306.93375000000003,+04 52 02,4.867222222222223,148.6,20.0,12.44,173.4,Map/Offsets   !,https://cgi.minorplanetcenter.net/cgi-bin/confirmeph2.cgi
20260710T230001Z,2026-07-10T23:00:01.571037Z,20260710T230001Z_batch01,ST26G26,2026-07-11T14:00:00Z,20 27 49.8,306.9575,+04 39 55,4.665277777777778,148.8,20.0,11.97,173.4,Map/Offsets   !,https://cgi.minorplanetcenter.net/cgi-bin/confirmeph2.cgi
20260710T230001Z,2026-07-10T23:00:01.571037Z,20260710T230001Z_batch01,ST26G26,2026-07-11T15:00:00Z,20 27 55.2,306.98,+04 28 15,4.470833333333333,148.9,20.1,11.51,173.4,Map/Offsets   !,https://cgi.minorplanetcenter.net/cgi-bin/confirmeph2.cgi
20260710T230001Z,2026-07-10T23:00:01.571037Z,20260710T230001Z_batch01,ST26G26,2026-07-11T16:00:00Z,20 28 00.4,307.0016666666666,+04 17 02,4.283888888888889,149.1,20.1,11.09,173.4,Map/Offsets   !,https://cgi.minorplanetcenter.net/cgi-bin/confirmeph2.cgi
20260710T230001Z,2026-07-10T23:00:01.571037Z,20260710T230001Z_batch01,ST26G26,2026-07-11T17:00:00Z,20 28 05.4,307.0225,+04 06 13,4.10361111111111,149.3,20.1,10.68,173.4,Map/Offsets   !,https://cgi.minorplanetcenter.net/cgi-bin/confirmeph2.cgi
20260710T230001Z,2026-07-10T23:00:01.571037Z,20260710T230001Z_batch01,ST26G26,2026-07-11T18:00:00Z,20 28 10.2,307.0425,+03 55 48,3.9299999999999997,149.5,20.2,10.3,173.4,Map/Offsets   !,https://cgi.minorplanetcenter.net/cgi-bin/confirmeph2.cgi
20260710T230001Z,2026-07-10T23:00:01.571037Z,20260710T230001Z_batch01,ST26G26,2026-07-11T19:00:00Z,20 28 14.8,307.06166666666667,+03 45 44,3.7622222222222224,149.6,20.2,9.94,173.5,Map/Offsets   !,https://cgi.minorplanetcenter.net/cgi-bin/confirmeph2.cgi
20260710T230001Z,2026-07-10T23:00:01.571037Z,20260710T230001Z_batch01,ST26G26,2026-07-11T20:00:00Z,20 28 19.3,307.0804166666666,+03 36 02,3.6005555555555557,149.8,20.2,9.6,173.5,Map/Offsets   !,https://cgi.minorplanetcenter.net/cgi-bin/confirmeph2.cgi
20260710T230001Z,2026-07-10T23:00:01.571037Z,20260710T230001Z_batch01,ST26G26,2026-07-11T21:00:00Z,20 28 23.5,307.0979166666666,+03 26 40,3.4444444444444446,149.9,20.3,9.27,173.5,Map/Offsets   !,https://cgi.minorplanetcenter.net/cgi-bin/confirmeph2.cgi
20260710T230001Z,2026-07-10T23:00:01.571037Z,20260710T230001Z_batch01,ST26G26,2026-07-11T22:00:00Z,20 28 27.7,307.11541666666665,+03 17 36,3.293333333333333,150.1,20.3,8.96,173.5,Map/Offsets   !,https://cgi.minorplanetcenter.net/cgi-bin/confirmeph2.cgi
20260710T230001Z,2026-07-10T23:00:01.571037Z,20260710T230001Z_batch01,ZTF10Ek,2026-07-10T22:00:00Z,17 32 41.4,263.17250000000007,+07 52 13,7.870277777777778,140.2,19.5,23.85,69.8,Map/Offsets   !,https://cgi.minorplanetcenter.net/cgi-bin/confirmeph2.cgi
20260710T230001Z,2026-07-10T23:00:01.571037Z,20260710T230001Z_batch01,ZTF10Ek,2026-07-10T23:00:00Z,17 34 10.6,263.5441666666667,+08 00 19,8.005277777777778,140.3,19.5,23.21,69.9,Map/Offsets   !,https://cgi.minorplanetcenter.net/cgi-bin/confirmeph2.cgi
20260710T230001Z,2026-07-10T23:00:01.571037Z,20260710T230001Z_batch01,ZTF10Ek,2026-07-11T00:00:00Z,17 35 37.5,263.90625,+08 08 11,8.136388888888888,140.4,19.6,22.59,69.9,Map/Offsets   !,https://cgi.minorplanetcenter.net/cgi-bin/confirmeph2.cgi
20260710T230001Z,2026-07-10T23:00:01.571037Z,20260710T230001Z_batch01,ZTF10Ek,2026-07-11T01:00:00Z,17 37 02.1,264.25875,+08 15 49,8.26361111111111,140.5,19.6,21.99,70.0,Map/Offsets   !,https://cgi.minorplanetcenter.net/cgi-bin/confirmeph2.cgi
20260710T230001Z,2026-07-10T23:00:01.571037Z,20260710T230001Z_batch01,ZTF10Ek,2026-07-11T02:00:00Z,17 38 24.6,264.60249999999996,+08 23 13,8.386944444444444,140.6,19.6,21.42,70.1,Map/Offsets   !,https://cgi.minorplanetcenter.net/cgi-bin/confirmeph2.cgi
20260710T230001Z,2026-07-10T23:00:01.571037Z,20260710T230001Z_batch01,ZTF10Ek,2026-07-11T03:00:00Z,17 39 45.0,264.93749999999994,+08 30 25,8.506944444444445,140.7,19.6,20.86,70.1,Map/Offsets   !,https://cgi.minorplanetcenter.net/cgi-bin/confirmeph2.cgi
20260710T230001Z,2026-07-10T23:00:01.571037Z,20260710T230001Z_batch01,ZTF10Ek,2026-07-11T04:00:00Z,17 41 03.3,265.26374999999996,+08 37 25,8.623611111111112,140.8,19.7,20.33,70.2,Map/Offsets   !,https://cgi.minorplanetcenter.net/cgi-bin/confirmeph2.cgi
20260710T230001Z,2026-07-10T23:00:01.571037Z,20260710T230001Z_batch01,ZTF10Ek,2026-07-11T05:00:00Z,17 42 19.7,265.58208333333334,+08 44 13,8.736944444444443,140.9,19.7,19.81,70.2,Map/Offsets   !,https://cgi.minorplanetcenter.net/cgi-bin/confirmeph2.cgi
20260710T230001Z,2026-07-10T23:00:01.571037Z,20260710T230001Z_batch01,ZTF10Ek,2026-07-11T06:00:00Z,17 43 34.3,265.8929166666666,+08 50 49,8.846944444444444,140.9,19.7,19.32,70.3,Map/Offsets   !,https://cgi.minorplanetcenter.net/cgi-bin/confirmeph2.cgi
20260710T230001Z,2026-07-10T23:00:01.571037Z,20260710T230001Z_batch01,ZTF10Ek,2026-07-11T07:00:00Z,17 44 47.0,266.1958333333334,+08 57 15,8.954166666666666,141.0,19.7,18.84,70.3,Map/Offsets   !,https://cgi.minorplanetcenter.net/cgi-bin/confirmeph2.cgi
20260710T230001Z,2026-07-10T23:00:01.571037Z,20260710T230001Z_batch01,ZTF10Ek,2026-07-11T08:00:00Z,17 45 57.9,266.49125000000004,+09 03 30,9.058333333333334,141.1,19.8,18.37,70.4,Map/Offsets   !,https://cgi.minorplanetcenter.net/cgi-bin/confirmeph2.cgi
20260710T230001Z,2026-07-10T23:00:01.571037Z,20260710T230001Z_batch01,ZTF10Ek,2026-07-11T09:00:00Z,17 47 07.2,266.78000000000003,+09 09 35,9.159722222222223,141.1,19.8,17.93,70.4,Map/Offsets   !,https://cgi.minorplanetcenter.net/cgi-bin/confirmeph2.cgi
20260710T230001Z,2026-07-10T23:00:01.571037Z,20260710T230001Z_batch01,ZTF10Ek,2026-07-11T10:00:00Z,17 48 14.8,267.06166666666667,+09 15 31,9.258611111111112,141.2,19.8,17.49,70.5,Map/Offsets   !,https://cgi.minorplanetcenter.net/cgi-bin/confirmeph2.cgi
20260710T230001Z,2026-07-10T23:00:01.571037Z,20260710T230001Z_batch01,ZTF10Ek,2026-07-11T11:00:00Z,17 49 20.9,267.3370833333333,+09 21 16,9.354444444444445,141.3,19.8,17.08,70.5,Map/Offsets   !,https://cgi.minorplanetcenter.net/cgi-bin/confirmeph2.cgi
20260710T230001Z,2026-07-10T23:00:01.571037Z,20260710T230001Z_batch01,ZTF10Ek,2026-07-11T12:00:00Z,17 50 25.4,267.60583333333335,+09 26 53,9.448055555555555,141.3,19.9,16.67,70.6,Map/Offsets   !,https://cgi.minorplanetcenter.net/cgi-bin/confirmeph2.cgi
20260710T230001Z,2026-07-10T23:00:01.571037Z,20260710T230001Z_batch01,ZTF10Ek,2026-07-11T13:00:00Z,17 51 28.5,267.86875000000003,+09 32 21,9.539166666666667,141.4,19.9,16.28,70.6,Map/Offsets   !,https://cgi.minorplanetcenter.net/cgi-bin/confirmeph2.cgi
20260710T230001Z,2026-07-10T23:00:01.571037Z,20260710T230001Z_batch01,ZTF10Ek,2026-07-11T14:00:00Z,17 52 30.1,268.12541666666664,+09 37 41,9.628055555555555,141.4,19.9,15.91,70.7,Map/Offsets,https://cgi.minorplanetcenter.net/cgi-bin/confirmeph2.cgi
20260710T230001Z,2026-07-10T23:00:01.571037Z,20260710T230001Z_batch01,ZTF10Ek,2026-07-11T15:00:00Z,17 53 30.3,268.37624999999997,+09 42 52,9.714444444444444,141.5,19.9,15.54,70.8,Map/Offsets,https://cgi.minorplanetcenter.net/cgi-bin/confirmeph2.cgi
20260710T230001Z,2026-07-10T23:00:01.571037Z,20260710T230001Z_batch01,ZTF10Ek,2026-07-11T16:00:00Z,17 54 29.1,268.62125,+09 47 56,9.79888888888889,141.5,20.0,15.19,70.8,Map/Offsets,https://cgi.minorplanetcenter.net/cgi-bin/confirmeph2.cgi
20260710T230001Z,2026-07-10T23:00:01.571037Z,20260710T230001Z_batch01,ZTF10Ek,2026-07-11T17:00:00Z,17 55 26.7,268.86125000000004,+09 52 52,9.881111111111112,141.6,20.0,14.85,70.9,Map/Offsets,https://cgi.minorplanetcenter.net/cgi-bin/confirmeph2.cgi
20260710T230001Z,2026-07-10T23:00:01.571037Z,20260710T230001Z_batch01,ZTF10Ek,2026-07-11T18:00:00Z,17 56 23.0,269.09583333333336,+09 57 40,9.96111111111111,141.6,20.0,14.51,70.9,Map/Offsets,https://cgi.minorplanetcenter.net/cgi-bin/confirmeph2.cgi
20260710T230001Z,2026-07-10T23:00:01.571037Z,20260710T230001Z_batch01,ZTF10Ek,2026-07-11T19:00:00Z,17 57 18.1,269.3254166666666,+10 02 22,10.039444444444444,141.6,20.0,14.19,70.9,Map/Offsets,https://cgi.minorplanetcenter.net/cgi-bin/confirmeph2.cgi
20260710T230001Z,2026-07-10T23:00:01.571037Z,20260710T230001Z_batch01,ZTF10Ek,2026-07-11T20:00:00Z,17 58 12.1,269.55041666666665,+10 06 56,10.115555555555556,141.7,20.1,13.88,71.0,Map/Offsets,https://cgi.minorplanetcenter.net/cgi-bin/confirmeph2.cgi
20260710T230001Z,2026-07-10T23:00:01.571037Z,20260710T230001Z_batch01,ZTF10Ek,2026-07-11T21:00:00Z,17 59 04.8,269.77000000000004,+10 11 24,10.19,141.7,20.1,13.58,71.0,Map/Offsets,https://cgi.minorplanetcenter.net/cgi-bin/confirmeph2.cgi
20260710T230001Z,2026-07-10T23:00:01.571037Z,20260710T230001Z_batch01,ZTF10Ek,2026-07-11T22:00:00Z,17 59 56.5,269.9854166666667,+10 15 46,10.262777777777778,141.8,20.1,13.29,71.1,Map/Offsets,https://cgi.minorplanetcenter.net/cgi-bin/confirmeph2.cgi
20260710T230001Z,2026-07-10T23:00:01.571037Z,20260710T230001Z_batch01,OCA1648,2026-07-10T22:00:00Z,19 14 09.5,288.5395833333333,-31 39 34,-31.659444444444443,170.5,18.8,0.86,345.1,Map/Offsets,https://cgi.minorplanetcenter.net/cgi-bin/confirmeph2.cgi
20260710T230001Z,2026-07-10T23:00:01.571037Z,20260710T230001Z_batch01,OCA1648,2026-07-10T23:00:00Z,19 14 08.5,288.53541666666666,-31 38 45,-31.645833333333332,170.5,18.8,0.86,345.1,Map/Offsets,https://cgi.minorplanetcenter.net/cgi-bin/confirmeph2.cgi
20260710T230001Z,2026-07-10T23:00:01.571037Z,20260710T230001Z_batch01,OCA1648,2026-07-11T00:00:00Z,19 14 07.4,288.5308333333333,-31 37 55,-31.631944444444446,170.5,18.8,0.86,345.1,Map/Offsets,https://cgi.minorplanetcenter.net/cgi-bin/confirmeph2.cgi
20260710T230001Z,2026-07-10T23:00:01.571037Z,20260710T230001Z_batch01,OCA1648,2026-07-11T01:00:00Z,19 14 06.4,288.5266666666667,-31 37 05,-31.618055555555557,170.5,18.8,0.86,345.1,Map/Offsets,https://cgi.minorplanetcenter.net/cgi-bin/confirmeph2.cgi
20260710T230001Z,2026-07-10T23:00:01.571037Z,20260710T230001Z_batch01,OCA1648,2026-07-11T02:00:00Z,19 14 05.4,288.52250000000004,-31 36 15,-31.604166666666668,170.5,18.8,0.86,345.1,Map/Offsets,https://cgi.minorplanetcenter.net/cgi-bin/confirmeph2.cgi
20260710T230001Z,2026-07-10T23:00:01.571037Z,20260710T230001Z_batch01,OCA1648,2026-07-11T03:00:00Z,19 14 04.3,288.5179166666667,-31 35 25,-31.590277777777775,170.5,18.8,0.86,345.1,Map/Offsets,https://cgi.minorplanetcenter.net/cgi-bin/confirmeph2.cgi
20260710T230001Z,2026-07-10T23:00:01.571037Z,20260710T230001Z_batch01,OCA1648,2026-07-11T04:00:00Z,19 14 03.3,288.51375,-31 34 36,-31.576666666666668,170.5,18.8,0.86,345.1,Map/Offsets,https://cgi.minorplanetcenter.net/cgi-bin/confirmeph2.cgi
20260710T230001Z,2026-07-10T23:00:01.571037Z,20260710T230001Z_batch01,OCA1648,2026-07-11T05:00:00Z,19 14 02.2,288.5091666666667,-31 33 46,-31.56277777777778,170.5,18.8,0.86,345.1,Map/Offsets,https://cgi.minorplanetcenter.net/cgi-bin/confirmeph2.cgi
20260710T230001Z,2026-07-10T23:00:01.571037Z,20260710T230001Z_batch01,OCA1648,2026-07-11T06:00:00Z,19 14 01.2,288.505,-31 32 56,-31.54888888888889,170.5,18.8,0.86,345.1,Map/Offsets,https://cgi.minorplanetcenter.net/cgi-bin/confirmeph2.cgi
20260710T230001Z,2026-07-10T23:00:01.571037Z,20260710T230001Z_batch01,OCA1648,2026-07-11T07:00:00Z,19 14 00.2,288.50083333333333,-31 32 06,-31.535,170.5,18.8,0.86,345.1,Map/Offsets,https://cgi.minorplanetcenter.net/cgi-bin/confirmeph2.cgi
20260710T230001Z,2026-07-10T23:00:01.571037Z,20260710T230001Z_batch01,OCA1648,2026-07-11T08:00:00Z,19 13 59.1,288.49625,-31 31 16,-31.52111111111111,170.5,18.8,0.86,345.2,Map/Offsets,https://cgi.minorplanetcenter.net/cgi-bin/confirmeph2.cgi
20260710T230001Z,2026-07-10T23:00:01.571037Z,20260710T230001Z_batch01,OCA1648,2026-07-11T09:00:00Z,19 13 58.1,288.4920833333333,-31 30 26,-31.50722222222222,170.5,18.8,0.86,345.2,Map/Offsets,https://cgi.minorplanetcenter.net/cgi-bin/confirmeph2.cgi
20260710T230001Z,2026-07-10T23:00:01.571037Z,20260710T230001Z_batch01,OCA1648,2026-07-11T10:00:00Z,19 13 57.1,288.48791666666665,-31 29 35,-31.493055555555557,170.5,18.8,0.86,345.2,Map/Offsets,https://cgi.minorplanetcenter.net/cgi-bin/confirmeph2.cgi
20260710T230001Z,2026-07-10T23:00:01.571037Z,20260710T230001Z_batch01,OCA1648,2026-07-11T11:00:00Z,19 13 56.0,288.4833333333333,-31 28 45,-31.479166666666664,170.5,18.8,0.86,345.2,Map/Offsets,https://cgi.minorplanetcenter.net/cgi-bin/confirmeph2.cgi
20260710T230001Z,2026-07-10T23:00:01.571037Z,20260710T230001Z_batch01,OCA1648,2026-07-11T12:00:00Z,19 13 55.0,288.4791666666667,-31 27 55,-31.46527777777778,170.5,18.8,0.87,345.2,Map/Offsets,https://cgi.minorplanetcenter.net/cgi-bin/confirmeph2.cgi
20260710T230001Z,2026-07-10T23:00:01.571037Z,20260710T230001Z_batch01,OCA1648,2026-07-11T13:00:00Z,19 13 53.9,288.4745833333333,-31 27 05,-31.45138888888889,170.5,18.8,0.87,345.2,Map/Offsets,https://cgi.minorplanetcenter.net/cgi-bin/confirmeph2.cgi
20260710T230001Z,2026-07-10T23:00:01.571037Z,20260710T230001Z_batch01,OCA1648,2026-07-11T14:00:00Z,19 13 52.9,288.47041666666667,-31 26 15,-31.4375,170.5,18.8,0.87,345.2,Map/Offsets,https://cgi.minorplanetcenter.net/cgi-bin/confirmeph2.cgi
20260710T230001Z,2026-07-10T23:00:01.571037Z,20260710T230001Z_batch01,OCA1648,2026-07-11T15:00:00Z,19 13 51.9,288.46624999999995,-31 25 24,-31.423333333333336,170.5,18.8,0.87,345.2,Map/Offsets,https://cgi.minorplanetcenter.net/cgi-bin/confirmeph2.cgi
20260710T230001Z,2026-07-10T23:00:01.571037Z,20260710T230001Z_batch01,OCA1648,2026-07-11T16:00:00Z,19 13 50.8,288.4616666666666,-31 24 34,-31.409444444444443,170.5,18.8,0.87,345.2,Map/Offsets,https://cgi.minorplanetcenter.net/cgi-bin/confirmeph2.cgi
20260710T230001Z,2026-07-10T23:00:01.571037Z,20260710T230001Z_batch01,OCA1648,2026-07-11T17:00:00Z,19 13 49.8,288.4575,-31 23 44,-31.395555555555553,170.5,18.8,0.87,345.2,Map/Offsets,https://cgi.minorplanetcenter.net/cgi-bin/confirmeph2.cgi
20260710T230001Z,2026-07-10T23:00:01.571037Z,20260710T230001Z_batch01,OCA1648,2026-07-11T18:00:00Z,19 13 48.8,288.4533333333333,-31 22 54,-31.381666666666668,170.5,18.8,0.87,345.2,Map/Offsets,https://cgi.minorplanetcenter.net/cgi-bin/confirmeph2.cgi
20260710T230001Z,2026-07-10T23:00:01.571037Z,20260710T230001Z_batch01,OCA1648,2026-07-11T19:00:00Z,19 13 47.7,288.44874999999996,-31 22 03,-31.3675,170.5,18.8,0.87,345.3,Map/Offsets,https://cgi.minorplanetcenter.net/cgi-bin/confirmeph2.cgi
20260710T230001Z,2026-07-10T23:00:01.571037Z,20260710T230001Z_batch01,OCA1648,2026-07-11T20:00:00Z,19 13 46.7,288.4445833333333,-31 21 13,-31.353611111111114,170.5,18.8,0.87,345.3,Map/Offsets,https://cgi.minorplanetcenter.net/cgi-bin/confirmeph2.cgi
20260710T230001Z,2026-07-10T23:00:01.571037Z,20260710T230001Z_batch01,OCA1648,2026-07-11T21:00:00Z,19 13 45.7,288.44041666666664,-31 20 22,-31.339444444444442,170.5,18.8,0.87,345.3,Map/Offsets,https://cgi.minorplanetcenter.net/cgi-bin/confirmeph2.cgi
20260710T230001Z,2026-07-10T23:00:01.571037Z,20260710T230001Z_batch01,OCA1648,2026-07-11T22:00:00Z,19 13 44.6,288.43583333333333,-31 19 32,-31.325555555555557,170.5,18.8,0.87,345.3,Map/Offsets,https://cgi.minorplanetcenter.net/cgi-bin/confirmeph2.cgi
20260710T230001Z,2026-07-10T23:00:01.571037Z,20260710T230001Z_batch01,A11Evr9,2026-07-10T22:00:00Z,22 37 35.5,339.3979166666667,-55 33 07,-55.551944444444445,130.6,18.5,19.44,286.5,Map/Offsets   !,https://cgi.minorplanetcenter.net/cgi-bin/confirmeph2.cgi
20260710T230001Z,2026-07-10T23:00:01.571037Z,20260710T230001Z_batch01,A11Evr9,2026-07-10T23:00:00Z,22 35 23.4,338.84749999999997,-55 27 29,-55.45805555555556,131.0,18.4,19.64,287.0,Map/Offsets   !,https://cgi.minorplanetcenter.net/cgi-bin/confirmeph2.cgi
20260710T230001Z,2026-07-10T23:00:01.571037Z,20260710T230001Z_batch01,A11Evr9,2026-07-11T00:00:00Z,22 33 10.6,338.2941666666667,-55 21 38,-55.36055555555556,131.3,18.4,19.83,287.5,Map/Offsets   !,https://cgi.minorplanetcenter.net/cgi-bin/confirmeph2.cgi
20260710T230001Z,2026-07-10T23:00:01.571037Z,20260710T230001Z_batch01,A11Evr9,2026-07-11T01:00:00Z,22 30 57.1,337.73791666666665,-55 15 35,-55.25972222222222,131.7,18.4,20.03,287.9,Map/Offsets   !,https://cgi.minorplanetcenter.net/cgi-bin/confirmeph2.cgi
20260710T230001Z,2026-07-10T23:00:01.571037Z,20260710T230001Z_batch01,A11Evr9,2026-07-11T02:00:00Z,22 28 43.0,337.1791666666667,-55 09 19,-55.155277777777776,132.0,18.4,20.23,288.4,Map/Offsets   !,https://cgi.minorplanetcenter.net/cgi-bin/confirmeph2.cgi
20260710T230001Z,2026-07-10T23:00:01.571037Z,20260710T230001Z_batch01,A11Evr9,2026-07-11T03:00:00Z,22 26 28.3,336.6179166666667,-55 02 50,-55.04722222222222,132.4,18.4,20.43,288.8,Map/Offsets   !,https://cgi.minorplanetcenter.net/cgi-bin/confirmeph2.cgi
20260710T230001Z,2026-07-10T23:00:01.571037Z,20260710T230001Z_batch01,A11Evr9,2026-07-11T04:00:00Z,22 24 13.0,336.0541666666667,-54 56 07,-54.93527777777778,132.7,18.3,20.63,289.3,Map/Offsets   !,https://cgi.minorplanetcenter.net/cgi-bin/confirmeph2.cgi
20260710T230001Z,2026-07-10T23:00:01.571037Z,20260710T230001Z_batch01,A11Evr9,2026-07-11T05:00:00Z,22 21 57.2,335.48833333333334,-54 49 12,-54.82,133.1,18.3,20.83,289.8,Map/Offsets   !,https://cgi.minorplanetcenter.net/cgi-bin/confirmeph2.cgi
20260710T230001Z,2026-07-10T23:00:01.571037Z,20260710T230001Z_batch01,A11Evr9,2026-07-11T06:00:00Z,22 19 40.8,334.92,-54 42 02,-54.70055555555556,133.4,18.3,21.04,290.2,Map/Offsets   !,https://cgi.minorplanetcenter.net/cgi-bin/confirmeph2.cgi
20260710T230001Z,2026-07-10T23:00:01.571037Z,20260710T230001Z_batch01,A11Evr9,2026-07-11T07:00:00Z,22 17 23.9,334.3495833333334,-54 34 39,-54.5775,133.8,18.3,21.24,290.7,Map/Offsets   !,https://cgi.minorplanetcenter.net/cgi-bin/confirmeph2.cgi
20260710T230001Z,2026-07-10T23:00:01.571037Z,20260710T230001Z_batch01,A11Evr9,2026-07-11T08:00:00Z,22 15 06.5,333.77708333333334,-54 27 01,-54.45027777777778,134.2,18.3,21.45,291.2,Map/Offsets   !,https://cgi.minorplanetcenter.net/cgi-bin/confirmeph2.cgi
20260710T230001Z,2026-07-10T23:00:01.571037Z,20260710T230001Z_batch01,A11Evr9,2026-07-11T09:00:00Z,22 12 48.6,333.2025,-54 19 10,-54.31944444444445,134.6,18.2,21.66,291.6,Map/Offsets   !,https://cgi.minorplanetcenter.net/cgi-bin/confirmeph2.cgi
20260710T230001Z,2026-07-10T23:00:01.571037Z,20260710T230001Z_batch01,A11Evr9,2026-07-11T10:00:00Z,22 10 30.3,332.62625,-54 11 04,-54.18444444444444,134.9,18.2,21.87,292.1,Map/Offsets   !,https://cgi.minorplanetcenter.net/cgi-bin/confirmeph2.cgi
20260710T230001Z,2026-07-10T23:00:01.571037Z,20260710T230001Z_batch01,A11Evr9,2026-07-11T11:00:00Z,22 08 11.6,332.04833333333335,-54 02 43,-54.04527777777778,135.3,18.2,22.08,292.6,Map/Offsets   !,https://cgi.minorplanetcenter.net/cgi-bin/confirmeph2.cgi
20260710T230001Z,2026-07-10T23:00:01.571037Z,20260710T230001Z_batch01,A11Evr9,2026-07-11T12:00:00Z,22 05 52.4,331.46833333333336,-53 54 07,-53.901944444444446,135.7,18.2,22.29,293.0,Map/Offsets   !,https://cgi.minorplanetcenter.net/cgi-bin/confirmeph2.cgi
20260710T230001Z,2026-07-10T23:00:01.571037Z,20260710T230001Z_batch01,A11Evr9,2026-07-11T13:00:00Z,22 03 33.0,330.8875,-53 45 16,-53.754444444444445,136.1,18.2,22.51,293.5,Map/Offsets   !,https://cgi.minorplanetcenter.net/cgi-bin/confirmeph2.cgi
20260710T230001Z,2026-07-10T23:00:01.571037Z,20260710T230001Z_batch01,A11Evr9,2026-07-11T14:00:00Z,22 01 13.2,330.305,-53 36 10,-53.60277777777778,136.5,18.1,22.72,294.0,Map/Offsets   !,https://cgi.minorplanetcenter.net/cgi-bin/confirmeph2.cgi
20260710T230001Z,2026-07-10T23:00:01.571037Z,20260710T230001Z_batch01,A11Evr9,2026-07-11T15:00:00Z,21 58 53.0,329.7208333333333,-53 26 49,-53.44694444444444,136.9,18.1,22.94,294.4,Map/Offsets   !,https://cgi.minorplanetcenter.net/cgi-bin/confirmeph2.cgi
20260710T230001Z,2026-07-10T23:00:01.571037Z,20260710T230001Z_batch01,A11Evr9,2026-07-11T16:00:00Z,21 56 32.7,329.13625,-53 17 12,-53.28666666666666,137.3,18.1,23.15,294.9,Map/Offsets   !,https://cgi.minorplanetcenter.net/cgi-bin/confirmeph2.cgi
20260710T230001Z,2026-07-10T23:00:01.571037Z,20260710T230001Z_batch01,A11Evr9,2026-07-11T17:00:00Z,21 54 12.0,328.55,-53 07 19,-53.121944444444445,137.7,18.1,23.37,295.4,Map/Offsets   !,https://cgi.minorplanetcenter.net/cgi-bin/confirmeph2.cgi
20260710T230001Z,2026-07-10T23:00:01.571037Z,20260710T230001Z_batch01,A11Evr9,2026-07-11T18:00:00Z,21 51 51.2,327.96333333333337,-52 57 10,-52.95277777777778,138.1,18.1,23.59,295.8,Map/Offsets   !,https://cgi.minorplanetcenter.net/cgi-bin/confirmeph2.cgi
20260710T230001Z,2026-07-10T23:00:01.571037Z,20260710T230001Z_batch01,A11Evr9,2026-07-11T19:00:00Z,21 49 30.1,327.37541666666664,-52 46 45,-52.77916666666667,138.5,18.0,23.81,296.3,Map/Offsets   !,https://cgi.minorplanetcenter.net/cgi-bin/confirmeph2.cgi
20260710T230001Z,2026-07-10T23:00:01.571037Z,20260710T230001Z_batch01,A11Evr9,2026-07-11T20:00:00Z,21 47 08.9,326.7870833333334,-52 36 03,-52.600833333333334,138.9,18.0,24.03,296.8,Map/Offsets   !,https://cgi.minorplanetcenter.net/cgi-bin/confirmeph2.cgi
20260710T230001Z,2026-07-10T23:00:01.571037Z,20260710T230001Z_batch01,A11Evr9,2026-07-11T21:00:00Z,21 44 47.6,326.1983333333333,-52 25 05,-52.418055555555554,139.3,18.0,24.25,297.2,Map/Offsets   !,https://cgi.minorplanetcenter.net/cgi-bin/confirmeph2.cgi
20260710T230001Z,2026-07-10T23:00:01.571037Z,20260710T230001Z_batch01,A11Evr9,2026-07-11T22:00:00Z,21 42 26.2,325.6091666666666,-52 13 51,-52.23083333333334,139.7,18.0,24.47,297.7,Map/Offsets   !,https://cgi.minorplanetcenter.net/cgi-bin/confirmeph2.cgi
20260710T230001Z,2026-07-10T23:00:01.571037Z,20260710T230001Z_batch01,TF26G22,2026-07-10T22:00:00Z,20 46 48.4,311.70166666666665,+08 54 36,8.91,142.2,19.7,36.29,124.9,Map/Offsets   !,https://cgi.minorplanetcenter.net/cgi-bin/confirmeph2.cgi
20260710T230001Z,2026-07-10T23:00:01.571037Z,20260710T230001Z_batch01,TF26G22,2026-07-10T23:00:00Z,20 48 49.4,312.2058333333333,+08 33 44,8.562222222222223,142.2,19.6,36.59,125.0,Map/Offsets   !,https://cgi.minorplanetcenter.net/cgi-bin/confirmeph2.cgi
20260710T230001Z,2026-07-10T23:00:01.571037Z,20260710T230001Z_batch01,TF26G22,2026-07-11T00:00:00Z,20 50 51.0,312.7125,+08 12 40,8.21111111111111,142.3,19.6,36.88,125.0,Map/Offsets   !,https://cgi.minorplanetcenter.net/cgi-bin/confirmeph2.cgi
20260710T230001Z,2026-07-10T23:00:01.571037Z,20260710T230001Z_batch01,TF26G22,2026-07-11T01:00:00Z,20 52 53.4,313.22249999999997,+07 51 24,7.8566666666666665,142.3,19.6,37.17,125.1,Map/Offsets   !,https://cgi.minorplanetcenter.net/cgi-bin/confirmeph2.cgi
20260710T230001Z,2026-07-10T23:00:01.571037Z,20260710T230001Z_batch01,TF26G22,2026-07-11T02:00:00Z,20 54 56.6,313.73583333333335,+07 29 56,7.498888888888889,142.3,19.6,37.45,125.2,Map/Offsets   !,https://cgi.minorplanetcenter.net/cgi-bin/confirmeph2.cgi
20260710T230001Z,2026-07-10T23:00:01.571037Z,20260710T230001Z_batch01,TF26G22,2026-07-11T03:00:00Z,20 57 00.4,314.25166666666667,+07 08 15,7.1375,142.3,19.6,37.72,125.2,Map/Offsets   !,https://cgi.minorplanetcenter.net/cgi-bin/confirmeph2.cgi
20260710T230001Z,2026-07-10T23:00:01.571037Z,20260710T230001Z_batch01,TF26G22,2026-07-11T04:00:00Z,20 59 04.9,314.7704166666667,+06 46 23,6.773055555555556,142.3,19.6,37.99,125.3,Map/Offsets   !,https://cgi.minorplanetcenter.net/cgi-bin/confirmeph2.cgi
20260710T230001Z,2026-07-10T23:00:01.571037Z,20260710T230001Z_batch01,TF26G22,2026-07-11T05:00:00Z,21 01 10.2,315.2925,+06 24 20,6.405555555555556,142.3,19.6,38.26,125.4,Map/Offsets   !,https://cgi.minorplanetcenter.net/cgi-bin/confirmeph2.cgi
20260710T230001Z,2026-07-10T23:00:01.571037Z,20260710T230001Z_batch01,TF26G22,2026-07-11T06:00:00Z,21 03 16.0,315.81666666666666,+06 02 05,6.034722222222222,142.2,19.6,38.51,125.4,Map/Offsets   !,https://cgi.minorplanetcenter.net/cgi-bin/confirmeph2.cgi
20260710T230001Z,2026-07-10T23:00:01.571037Z,20260710T230001Z_batch01,TF26G22,2026-07-11T07:00:00Z,21 05 22.6,316.34416666666664,+05 39 40,5.661111111111111,142.2,19.6,38.76,125.5,Map/Offsets   !,https://cgi.minorplanetcenter.net/cgi-bin/confirmeph2.cgi
20260710T230001Z,2026-07-10T23:00:01.571037Z,20260710T230001Z_batch01,TF26G22,2026-07-11T08:00:00Z,21 07 29.7,316.87375000000003,+05 17 04,5.2844444444444445,142.2,19.6,39.0,125.6,Map/Offsets   !,https://cgi.minorplanetcenter.net/cgi-bin/confirmeph2.cgi
20260710T230001Z,2026-07-10T23:00:01.571037Z,20260710T230001Z_batch01,TF26G22,2026-07-11T09:00:00Z,21 09 37.5,317.40625,+04 54 19,4.905277777777778,142.1,19.6,39.24,125.6,Map/Offsets   !,https://cgi.minorplanetcenter.net/cgi-bin/confirmeph2.cgi
20260710T230001Z,2026-07-10T23:00:01.571037Z,20260710T230001Z_batch01,TF26G22,2026-07-11T10:00:00Z,21 11 45.9,317.94125,+04 31 23,4.523055555555556,142.1,19.6,39.46,125.7,Map/Offsets   !,https://cgi.minorplanetcenter.net/cgi-bin/confirmeph2.cgi
20260710T230001Z,2026-07-10T23:00:01.571037Z,20260710T230001Z_batch01,TF26G22,2026-07-11T11:00:00Z,21 13 54.8,318.4783333333333,+04 08 19,4.1386111111111115,142.0,19.6,39.68,125.7,Map/Offsets   !,https://cgi.minorplanetcenter.net/cgi-bin/confirmeph2.cgi
20260710T230001Z,2026-07-10T23:00:01.571037Z,20260710T230001Z_batch01,TF26G22,2026-07-11T12:00:00Z,21 16 04.3,319.0179166666666,+03 45 05,3.751388888888889,141.9,19.6,39.89,125.7,Map/Offsets   !,https://cgi.minorplanetcenter.net/cgi-bin/confirmeph2.cgi
20260710T230001Z,2026-07-10T23:00:01.571037Z,20260710T230001Z_batch01,TF26G22,2026-07-11T13:00:00Z,21 18 14.4,319.56000000000006,+03 21 44,3.3622222222222224,141.8,19.6,40.08,125.8,Map/Offsets   !,https://cgi.minorplanetcenter.net/cgi-bin/confirmeph2.cgi
20260710T230001Z,2026-07-10T23:00:01.571037Z,20260710T230001Z_batch01,TF26G22,2026-07-11T14:00:00Z,21 20 24.9,320.10375,+02 58 14,2.970555555555556,141.7,19.5,40.27,125.8,Map/Offsets   !,https://cgi.minorplanetcenter.net/cgi-bin/confirmeph2.cgi
20260710T230001Z,2026-07-10T23:00:01.571037Z,20260710T230001Z_batch01,TF26G22,2026-07-11T15:00:00Z,21 22 36.0,320.65000000000003,+02 34 36,2.576666666666666,141.6,19.5,40.45,125.8,Map/Offsets   !,https://cgi.minorplanetcenter.net/cgi-bin/confirmeph2.cgi
20260710T230001Z,2026-07-10T23:00:01.571037Z,20260710T230001Z_batch01,TF26G22,2026-07-11T16:00:00Z,21 24 47.5,321.19791666666663,+02 10 52,2.181111111111111,141.5,19.5,40.62,125.9,Map/Offsets   !,https://cgi.minorplanetcenter.net/cgi-bin/confirmeph2.cgi
20260710T230001Z,2026-07-10T23:00:01.571037Z,20260710T230001Z_batch01,TF26G22,2026-07-11T17:00:00Z,21 26 59.5,321.7479166666667,+01 47 01,1.783611111111111,141.4,19.5,40.78,125.9,Map/Offsets   !,https://cgi.minorplanetcenter.net/cgi-bin/confirmeph2.cgi
20260710T230001Z,2026-07-10T23:00:01.571037Z,20260710T230001Z_batch01,TF26G22,2026-07-11T18:00:00Z,21 29 12.0,322.3,+01 23 03,1.3841666666666665,141.2,19.5,40.93,125.9,Map/Offsets   !,https://cgi.minorplanetcenter.net/cgi-bin/confirmeph2.cgi
20260710T230001Z,2026-07-10T23:00:01.571037Z,20260710T230001Z_batch01,TF26G22,2026-07-11T19:00:00Z,21 31 24.8,322.8533333333333,+00 59 00,0.9833333333333333,141.1,19.5,41.06,125.9,Map/Offsets   !,https://cgi.minorplanetcenter.net/cgi-bin/confirmeph2.cgi
20260710T230001Z,2026-07-10T23:00:01.571037Z,20260710T230001Z_batch01,TF26G22,2026-07-11T20:00:00Z,21 33 38.0,323.40833333333336,+00 34 52,0.5811111111111111,140.9,19.5,41.19,125.9,Map/Offsets   !,https://cgi.minorplanetcenter.net/cgi-bin/confirmeph2.cgi
20260710T230001Z,2026-07-10T23:00:01.571037Z,20260710T230001Z_batch01,TF26G22,2026-07-11T21:00:00Z,21 35 51.6,323.965,+00 10 40,0.17777777777777776,140.8,19.5,41.3,125.9,Map/Offsets   !,https://cgi.minorplanetcenter.net/cgi-bin/confirmeph2.cgi
20260710T230001Z,2026-07-10T23:00:01.571037Z,20260710T230001Z_batch01,TF26G22,2026-07-11T22:00:00Z,21 38 05.5,324.5229166666667,-00 13 36,-0.22666666666666668,140.6,19.5,41.41,125.9,Map/Offsets   !,https://cgi.minorplanetcenter.net/cgi-bin/confirmeph2.cgi
20260710T230001Z,2026-07-10T23:00:01.571037Z,20260710T230001Z_batch01,ST26G18,2026-07-10T22:00:00Z,21 15 57.8,318.99083333333334,+28 00 46,28.012777777777778,122.4,19.9,80.18,10.1,Map/Offsets   !,https://cgi.minorplanetcenter.net/cgi-bin/confirmeph2.cgi
20260710T230001Z,2026-07-10T23:00:01.571037Z,20260710T230001Z_batch01,ST26G18,2026-07-10T23:00:00Z,21 17 03.0,319.2625,+29 20 41,29.34472222222222,121.2,19.9,82.18,10.2,Map/Offsets   !,https://cgi.minorplanetcenter.net/cgi-bin/confirmeph2.cgi
20260710T230001Z,2026-07-10T23:00:01.571037Z,20260710T230001Z_batch01,ST26G18,2026-07-11T00:00:00Z,21 18 11.6,319.54833333333335,+30 42 32,30.70888888888889,119.9,20.0,84.17,10.3,Map/Offsets   !,https://cgi.minorplanetcenter.net/cgi-bin/confirmeph2.cgi
20260710T230001Z,2026-07-10T23:00:01.571037Z,20260710T230001Z_batch01,ST26G18,2026-07-11T01:00:00Z,21 19 23.8,319.8491666666667,+32 06 16,32.10444444444445,118.6,20.0,86.12,10.5,Map/Offsets   !,https://cgi.minorplanetcenter.net/cgi-bin/confirmeph2.cgi
20260710T230001Z,2026-07-10T23:00:01.571037Z,20260710T230001Z_batch01,ST26G18,2026-07-11T02:00:00Z,21 20 40.0,320.1666666666667,+33 31 51,33.530833333333334,117.3,20.0,88.02,10.7,Map/Offsets   !,https://cgi.minorplanetcenter.net/cgi-bin/confirmeph2.cgi
20260710T230001Z,2026-07-10T23:00:01.571037Z,20260710T230001Z_batch01,ST26G18,2026-07-11T03:00:00Z,21 22 00.4,320.50166666666667,+34 59 15,34.987500000000004,116.0,20.0,89.87,10.9,Map/Offsets   !,https://cgi.minorplanetcenter.net/cgi-bin/confirmeph2.cgi
20260710T230001Z,2026-07-10T23:00:01.571037Z,20260710T230001Z_batch01,ST26G18,2026-07-11T04:00:00Z,21 23 25.5,320.85625,+36 28 21,36.472500000000004,114.6,20.0,91.66,11.1,Map/Offsets   !,https://cgi.minorplanetcenter.net/cgi-bin/confirmeph2.cgi
20260710T230001Z,2026-07-10T23:00:01.571037Z,20260710T230001Z_batch01,ST26G18,2026-07-11T05:00:00Z,21 24 55.6,321.2316666666666,+37 59 07,37.98527777777778,113.1,20.0,93.36,11.3,Map/Offsets   !,https://cgi.minorplanetcenter.net/cgi-bin/confirmeph2.cgi
20260710T230001Z,2026-07-10T23:00:01.571037Z,20260710T230001Z_batch01,ST26G18,2026-07-11T06:00:00Z,21 26 31.3,321.6304166666667,+39 31 26,39.52388888888889,111.7,20.1,94.97,11.5,Map/Offsets   !,https://cgi.minorplanetcenter.net/cgi-bin/confirmeph2.cgi
20260710T230001Z,2026-07-10T23:00:01.571037Z,20260710T230001Z_batch01,ST26G18,2026-07-11T07:00:00Z,21 28 13.0,322.0541666666667,+41 05 11,41.08638888888889,110.2,20.1,96.48,11.8,Map/Offsets   !,https://cgi.minorplanetcenter.net/cgi-bin/confirmeph2.cgi
20260710T230001Z,2026-07-10T23:00:01.571037Z,20260710T230001Z_batch01,ST26G18,2026-07-11T08:00:00Z,21 30 01.2,322.505,+42 40 15,42.670833333333334,108.7,20.1,97.86,12.1,Map/Offsets   !,https://cgi.minorplanetcenter.net/cgi-bin/confirmeph2.cgi
20260710T230001Z,2026-07-10T23:00:01.571037Z,20260710T230001Z_batch01,ST26G18,2026-07-11T09:00:00Z,21 31 56.7,322.98625,+44 16 30,44.275,107.2,20.2,99.11,12.5,Map/Offsets   !,https://cgi.minorplanetcenter.net/cgi-bin/confirmeph2.cgi
20260710T230001Z,2026-07-10T23:00:01.571037Z,20260710T230001Z_batch01,ST26G18,2026-07-11T10:00:00Z,21 34 00.2,323.50083333333333,+45 53 46,45.89611111111111,105.6,20.2,100.2,12.8,Map/Offsets   !,https://cgi.minorplanetcenter.net/cgi-bin/confirmeph2.cgi
20260710T230001Z,2026-07-10T23:00:01.571037Z,20260710T230001Z_batch01,ST26G18,2026-07-11T11:00:00Z,21 36 12.5,324.05208333333337,+47 31 54,47.531666666666666,104.0,20.2,101.2,13.2,Map/Offsets   !,https://cgi.minorplanetcenter.net/cgi-bin/confirmeph2.cgi
20260710T230001Z,2026-07-10T23:00:01.571037Z,20260710T230001Z_batch01,ST26G18,2026-07-11T12:00:00Z,21 38 34.6,324.6441666666667,+49 10 43,49.17861111111111,102.5,20.3,102.0,13.7,Map/Offsets   !,https://cgi.minorplanetcenter.net/cgi-bin/confirmeph2.cgi
20260710T230001Z,2026-07-10T23:00:01.571037Z,20260710T230001Z_batch01,ST26G18,2026-07-11T13:00:00Z,21 41 07.6,325.2816666666667,+50 50 01,50.83361111111111,100.9,20.3,102.6,14.1,Map/Offsets   !,https://cgi.minorplanetcenter.net/cgi-bin/confirmeph2.cgi
20260710T230001Z,2026-07-10T23:00:01.571037Z,20260710T230001Z_batch01,ST26G18,2026-07-11T14:00:00Z,21 43 52.6,325.96916666666664,+52 29 37,52.493611111111115,99.3,20.4,103.0,14.7,Map/Offsets   !,https://cgi.minorplanetcenter.net/cgi-bin/confirmeph2.cgi
20260710T230001Z,2026-07-10T23:00:01.571037Z,20260710T230001Z_batch01,ST26G18,2026-07-11T15:00:00Z,21 46 51.3,326.71375,+54 09 17,54.15472222222222,97.6,20.4,103.3,15.3,Map/Offsets   !,https://cgi.minorplanetcenter.net/cgi-bin/confirmeph2.cgi
20260710T230001Z,2026-07-10T23:00:01.571037Z,20260710T230001Z_batch01,ST26G18,2026-07-11T16:00:00Z,21 50 05.1,327.52125,+55 48 50,55.81388888888888,96.0,20.5,103.4,15.9,Map/Offsets   !,https://cgi.minorplanetcenter.net/cgi-bin/confirmeph2.cgi
20260710T230001Z,2026-07-10T23:00:01.571037Z,20260710T230001Z_batch01,ST26G18,2026-07-11T17:00:00Z,21 53 36.2,328.40083333333337,+57 28 00,57.46666666666667,94.4,20.5,103.3,16.7,Map/Offsets   !,https://cgi.minorplanetcenter.net/cgi-bin/confirmeph2.cgi
20260710T230001Z,2026-07-10T23:00:01.571037Z,20260710T230001Z_batch01,ST26G18,2026-07-11T18:00:00Z,21 57 26.7,329.36125,+59 06 35,59.109722222222224,92.8,20.6,103.0,17.5,Map/Offsets   !,https://cgi.minorplanetcenter.net/cgi-bin/confirmeph2.cgi
20260710T230001Z,2026-07-10T23:00:01.571037Z,20260710T230001Z_batch01,ST26G18,2026-07-11T19:00:00Z,22 01 39.4,330.41416666666663,+60 44 20,60.73888888888889,91.2,20.7,102.5,18.4,Map/Offsets   !,https://cgi.minorplanetcenter.net/cgi-bin/confirmeph2.cgi
20260710T230001Z,2026-07-10T23:00:01.571037Z,20260710T230001Z_batch01,ST26G18,2026-07-11T20:00:00Z,22 06 17.3,331.57208333333335,+62 20 59,62.349722222222226,89.6,20.7,101.8,19.4,Map/Offsets   !,https://cgi.minorplanetcenter.net/cgi-bin/confirmeph2.cgi
20260710T230001Z,2026-07-10T23:00:01.571037Z,20260710T230001Z_batch01,ST26G18,2026-07-11T21:00:00Z,22 11 24.4,332.8516666666667,+63 56 18,63.93833333333333,88.0,20.8,101.0,20.6,Map/Offsets   !,https://cgi.minorplanetcenter.net/cgi-bin/confirmeph2.cgi
20260710T230001Z,2026-07-10T23:00:01.571037Z,20260710T230001Z_batch01,ST26G18,2026-07-11T22:00:00Z,22 17 04.9,334.27041666666673,+65 30 01,65.50027777777778,86.4,20.9,100.0,21.8,Map/Offsets   !,https://cgi.minorplanetcenter.net/cgi-bin/confirmeph2.cgi
20260710T230001Z,2026-07-10T23:00:01.571037Z,20260710T230001Z_batch01,ST26G17,2026-07-10T22:00:00Z,20 50 29.6,312.62333333333333,+08 06 30,8.108333333333333,142.3,20.0,39.55,124.0,Map/Offsets   !,https://cgi.minorplanetcenter.net/cgi-bin/confirmeph2.cgi
20260710T230001Z,2026-07-10T23:00:01.571037Z,20260710T230001Z_batch01,ST26G17,2026-07-10T23:00:00Z,20 52 42.2,313.17583333333334,+07 44 17,7.7380555555555555,142.4,20.0,39.73,124.1,Map/Offsets   !,https://cgi.minorplanetcenter.net/cgi-bin/confirmeph2.cgi
20260710T230001Z,2026-07-10T23:00:01.571037Z,20260710T230001Z_batch01,ST26G17,2026-07-11T00:00:00Z,20 54 55.1,313.7295833333333,+07 21 56,7.365555555555555,142.3,20.0,39.9,124.2,Map/Offsets   !,https://cgi.minorplanetcenter.net/cgi-bin/confirmeph2.cgi
20260710T230001Z,2026-07-10T23:00:01.571037Z,20260710T230001Z_batch01,ST26G17,2026-07-11T01:00:00Z,20 57 08.4,314.28499999999997,+06 59 26,6.990555555555556,142.3,20.0,40.06,124.3,Map/Offsets   !,https://cgi.minorplanetcenter.net/cgi-bin/confirmeph2.cgi
20260710T230001Z,2026-07-10T23:00:01.571037Z,20260710T230001Z_batch01,ST26G17,2026-07-11T02:00:00Z,20 59 21.9,314.84125,+06 36 49,6.613611111111111,142.3,20.0,40.22,124.3,Map/Offsets   !,https://cgi.minorplanetcenter.net/cgi-bin/confirmeph2.cgi
20260710T230001Z,2026-07-10T23:00:01.571037Z,20260710T230001Z_batch01,ST26G17,2026-07-11T03:00:00Z,21 01 35.8,315.39916666666664,+06 14 04,6.234444444444445,142.3,20.0,40.36,124.4,Map/Offsets   !,https://cgi.minorplanetcenter.net/cgi-bin/confirmeph2.cgi
20260710T230001Z,2026-07-10T23:00:01.571037Z,20260710T230001Z_batch01,ST26G17,2026-07-11T04:00:00Z,21 03 49.9,315.9579166666667,+05 51 12,5.853333333333333,142.2,20.0,40.49,124.5,Map/Offsets   !,https://cgi.minorplanetcenter.net/cgi-bin/confirmeph2.cgi
20260710T230001Z,2026-07-10T23:00:01.571037Z,20260710T230001Z_batch01,ST26G17,2026-07-11T05:00:00Z,21 06 04.3,316.5179166666667,+05 28 14,5.470555555555555,142.2,20.0,40.61,124.5,Map/Offsets   !,https://cgi.minorplanetcenter.net/cgi-bin/confirmeph2.cgi
20260710T230001Z,2026-07-10T23:00:01.571037Z,20260710T230001Z_batch01,ST26G17,2026-07-11T06:00:00Z,21 08 18.8,317.0783333333333,+05 05 10,5.086111111111111,142.1,20.0,40.72,124.6,Map/Offsets   !,https://cgi.minorplanetcenter.net/cgi-bin/confirmeph2.cgi
20260710T230001Z,2026-07-10T23:00:01.571037Z,20260710T230001Z_batch01,ST26G17,2026-07-11T07:00:00Z,21 10 33.5,317.63958333333335,+04 42 00,4.7,142.0,20.0,40.82,124.6,Map/Offsets   !,https://cgi.minorplanetcenter.net/cgi-bin/confirmeph2.cgi
20260710T230001Z,2026-07-10T23:00:01.571037Z,20260710T230001Z_batch01,ST26G17,2026-07-11T08:00:00Z,21 12 48.4,318.20166666666665,+04 18 46,4.312777777777778,142.0,20.0,40.91,124.7,Map/Offsets   !,https://cgi.minorplanetcenter.net/cgi-bin/confirmeph2.cgi
20260710T230001Z,2026-07-10T23:00:01.571037Z,20260710T230001Z_batch01,ST26G17,2026-07-11T09:00:00Z,21 15 03.4,318.7641666666667,+03 55 27,3.9241666666666664,141.9,20.0,40.99,124.7,Map/Offsets   !,https://cgi.minorplanetcenter.net/cgi-bin/confirmeph2.cgi
20260710T230001Z,2026-07-10T23:00:01.571037Z,20260710T230001Z_batch01,ST26G17,2026-07-11T10:00:00Z,21 17 18.5,319.32708333333335,+03 32 04,3.5344444444444445,141.8,20.0,41.05,124.8,Map/Offsets   !,https://cgi.minorplanetcenter.net/cgi-bin/confirmeph2.cgi
20260710T230001Z,2026-07-10T23:00:01.571037Z,20260710T230001Z_batch01,ST26G17,2026-07-11T11:00:00Z,21 19 33.7,319.8904166666667,+03 08 38,3.1438888888888887,141.7,20.0,41.11,124.8,Map/Offsets   !,https://cgi.minorplanetcenter.net/cgi-bin/confirmeph2.cgi
20260710T230001Z,2026-07-10T23:00:01.571037Z,20260710T230001Z_batch01,ST26G17,2026-07-11T12:00:00Z,21 21 49.0,320.45416666666665,+02 45 09,2.7525,141.5,20.0,41.15,124.8,Map/Offsets   !,https://cgi.minorplanetcenter.net/cgi-bin/confirmeph2.cgi
20260710T230001Z,2026-07-10T23:00:01.571037Z,20260710T230001Z_batch01,ST26G17,2026-07-11T13:00:00Z,21 24 04.2,321.0175,+02 21 37,2.3602777777777777,141.4,20.0,41.18,124.9,Map/Offsets   !,https://cgi.minorplanetcenter.net/cgi-bin/confirmeph2.cgi
20260710T230001Z,2026-07-10T23:00:01.571037Z,20260710T230001Z_batch01,ST26G17,2026-07-11T14:00:00Z,21 26 19.5,321.58124999999995,+01 58 04,1.9677777777777778,141.3,20.0,41.2,124.9,Map/Offsets   !,https://cgi.minorplanetcenter.net/cgi-bin/confirmeph2.cgi
20260710T230001Z,2026-07-10T23:00:01.571037Z,20260710T230001Z_batch01,ST26G17,2026-07-11T15:00:00Z,21 28 34.7,322.14458333333334,+01 34 30,1.575,141.1,20.0,41.2,124.9,Map/Offsets   !,https://cgi.minorplanetcenter.net/cgi-bin/confirmeph2.cgi
20260710T230001Z,2026-07-10T23:00:01.571037Z,20260710T230001Z_batch01,ST26G17,2026-07-11T16:00:00Z,21 30 49.9,322.7079166666667,+01 10 54,1.1816666666666666,141.0,20.0,41.2,124.9,Map/Offsets   !,https://cgi.minorplanetcenter.net/cgi-bin/confirmeph2.cgi
20260710T230001Z,2026-07-10T23:00:01.571037Z,20260710T230001Z_batch01,ST26G17,2026-07-11T17:00:00Z,21 33 05.0,323.27083333333337,+00 47 19,0.7886111111111112,140.8,20.0,41.18,124.9,Map/Offsets   !,https://cgi.minorplanetcenter.net/cgi-bin/confirmeph2.cgi
20260710T230001Z,2026-07-10T23:00:01.571037Z,20260710T230001Z_batch01,ST26G17,2026-07-11T18:00:00Z,21 35 20.0,323.8333333333333,+00 23 44,0.3955555555555556,140.6,20.0,41.15,125.0,Map/Offsets   !,https://cgi.minorplanetcenter.net/cgi-bin/confirmeph2.cgi
20260710T230001Z,2026-07-10T23:00:01.571037Z,20260710T230001Z_batch01,ST26G17,2026-07-11T19:00:00Z,21 37 34.8,324.39500000000004,+00 00 10,0.002777777777777778,140.4,20.0,41.11,125.0,Map/Offsets   !,https://cgi.minorplanetcenter.net/cgi-bin/confirmeph2.cgi
20260710T230001Z,2026-07-10T23:00:01.571037Z,20260710T230001Z_batch01,ST26G17,2026-07-11T20:00:00Z,21 39 49.5,324.95625,-00 23 22,-0.3894444444444445,140.3,20.0,41.06,125.0,Map/Offsets   !,https://cgi.minorplanetcenter.net/cgi-bin/confirmeph2.cgi
20260710T230001Z,2026-07-10T23:00:01.571037Z,20260710T230001Z_batch01,ST26G17,2026-07-11T21:00:00Z,21 42 04.0,325.51666666666665,-00 46 53,-0.7813888888888889,140.1,20.0,40.99,125.0,Map/Offsets   !,https://cgi.minorplanetcenter.net/cgi-bin/confirmeph2.cgi
20260710T230001Z,2026-07-10T23:00:01.571037Z,20260710T230001Z_batch01,ST26G17,2026-07-11T22:00:00Z,21 44 18.3,326.07625,-01 10 20,-1.1722222222222223,139.9,20.0,40.92,125.0,Map/Offsets   !,https://cgi.minorplanetcenter.net/cgi-bin/confirmeph2.cgi
20260710T230001Z,2026-07-10T23:00:01.571037Z,20260710T230001Z_batch01,CEQKE72,2026-07-10T22:00:00Z,16 13 57.5,243.4895833333333,+11 32 11,11.536388888888888,123.4,21.1,1.41,118.2,Map/Offsets,https://cgi.minorplanetcenter.net/cgi-bin/confirmeph2.cgi
20260710T230001Z,2026-07-10T23:00:01.571037Z,20260710T230001Z_batch01,CEQKE72,2026-07-10T23:00:00Z,16 14 02.6,243.51083333333335,+11 31 31,11.525277777777779,123.4,21.1,1.41,118.2,Map/Offsets,https://cgi.minorplanetcenter.net/cgi-bin/confirmeph2.cgi
20260710T230001Z,2026-07-10T23:00:01.571037Z,20260710T230001Z_batch01,CEQKE72,2026-07-11T00:00:00Z,16 14 07.6,243.5316666666667,+11 30 52,11.514444444444445,123.4,21.1,1.41,118.3,Map/Offsets,https://cgi.minorplanetcenter.net/cgi-bin/confirmeph2.cgi
20260710T230001Z,2026-07-10T23:00:01.571037Z,20260710T230001Z_batch01,CEQKE72,2026-07-11T01:00:00Z,16 14 12.7,243.55291666666665,+11 30 12,11.503333333333334,123.4,21.1,1.4,118.3,Map/Offsets,https://cgi.minorplanetcenter.net/cgi-bin/confirmeph2.cgi
20260710T230001Z,2026-07-10T23:00:01.571037Z,20260710T230001Z_batch01,CEQKE72,2026-07-11T02:00:00Z,16 14 17.7,243.57375000000002,+11 29 32,11.492222222222221,123.4,21.1,1.4,118.3,Map/Offsets,https://cgi.minorplanetcenter.net/cgi-bin/confirmeph2.cgi
20260710T230001Z,2026-07-10T23:00:01.571037Z,20260710T230001Z_batch01,CEQKE72,2026-07-11T03:00:00Z,16 14 22.8,243.59500000000003,+11 28 52,11.481111111111112,123.4,21.1,1.4,118.3,Map/Offsets,https://cgi.minorplanetcenter.net/cgi-bin/confirmeph2.cgi
20260710T230001Z,2026-07-10T23:00:01.571037Z,20260710T230001Z_batch01,CEQKE72,2026-07-11T04:00:00Z,16 14 27.8,243.61583333333337,+11 28 12,11.47,123.4,21.1,1.4,118.3,Map/Offsets,https://cgi.minorplanetcenter.net/cgi-bin/confirmeph2.cgi
20260710T230001Z,2026-07-10T23:00:01.571037Z,20260710T230001Z_batch01,CEQKE72,2026-07-11T05:00:00Z,16 14 32.8,243.63666666666666,+11 27 32,11.458888888888888,123.4,21.1,1.4,118.3,Map/Offsets,https://cgi.minorplanetcenter.net/cgi-bin/confirmeph2.cgi
20260710T230001Z,2026-07-10T23:00:01.571037Z,20260710T230001Z_batch01,CEQKE72,2026-07-11T06:00:00Z,16 14 37.9,243.6579166666667,+11 26 52,11.447777777777778,123.4,21.1,1.4,118.4,Map/Offsets,https://cgi.minorplanetcenter.net/cgi-bin/confirmeph2.cgi
20260710T230001Z,2026-07-10T23:00:01.571037Z,20260710T230001Z_batch01,CEQKE72,2026-07-11T07:00:00Z,16 14 42.9,243.67875000000004,+11 26 12,11.436666666666667,123.4,21.1,1.4,118.4,Map/Offsets,https://cgi.minorplanetcenter.net/cgi-bin/confirmeph2.cgi
20260710T230001Z,2026-07-10T23:00:01.571037Z,20260710T230001Z_batch01,CEQKE72,2026-07-11T08:00:00Z,16 14 47.9,243.69958333333332,+11 25 32,11.425555555555555,123.4,21.1,1.4,118.4,Map/Offsets,https://cgi.minorplanetcenter.net/cgi-bin/confirmeph2.cgi
20260710T230001Z,2026-07-10T23:00:01.571037Z,20260710T230001Z_batch01,CEQKE72,2026-07-11T09:00:00Z,16 14 52.9,243.72041666666667,+11 24 52,11.414444444444445,123.4,21.1,1.4,118.4,Map/Offsets,https://cgi.minorplanetcenter.net/cgi-bin/confirmeph2.cgi
20260710T230001Z,2026-07-10T23:00:01.571037Z,20260710T230001Z_batch01,CEQKE72,2026-07-11T10:00:00Z,16 14 57.9,243.74125000000004,+11 24 13,11.403611111111111,123.3,21.1,1.39,118.4,Map/Offsets,https://cgi.minorplanetcenter.net/cgi-bin/confirmeph2.cgi
20260710T230001Z,2026-07-10T23:00:01.571037Z,20260710T230001Z_batch01,CEQKE72,2026-07-11T11:00:00Z,16 15 02.9,243.76208333333332,+11 23 33,11.3925,123.3,21.1,1.39,118.4,Map/Offsets,https://cgi.minorplanetcenter.net/cgi-bin/confirmeph2.cgi
20260710T230001Z,2026-07-10T23:00:01.571037Z,20260710T230001Z_batch01,CEQKE72,2026-07-11T12:00:00Z,16 15 07.9,243.78291666666667,+11 22 53,11.381388888888889,123.3,21.1,1.39,118.5,Map/Offsets,https://cgi.minorplanetcenter.net/cgi-bin/confirmeph2.cgi
20260710T230001Z,2026-07-10T23:00:01.571037Z,20260710T230001Z_batch01,CEQKE72,2026-07-11T13:00:00Z,16 15 12.9,243.80375000000004,+11 22 13,11.370277777777778,123.3,21.1,1.39,118.5,Map/Offsets,https://cgi.minorplanetcenter.net/cgi-bin/confirmeph2.cgi
20260710T230001Z,2026-07-10T23:00:01.571037Z,20260710T230001Z_batch01,CEQKE72,2026-07-11T14:00:00Z,16 15 17.9,243.82458333333332,+11 21 33,11.359166666666667,123.3,21.1,1.39,118.5,Map/Offsets,https://cgi.minorplanetcenter.net/cgi-bin/confirmeph2.cgi
20260710T230001Z,2026-07-10T23:00:01.571037Z,20260710T230001Z_batch01,CEQKE72,2026-07-11T15:00:00Z,16 15 22.9,243.84541666666667,+11 20 53,11.348055555555556,123.3,21.1,1.39,118.5,Map/Offsets,https://cgi.minorplanetcenter.net/cgi-bin/confirmeph2.cgi
20260710T230001Z,2026-07-10T23:00:01.571037Z,20260710T230001Z_batch01,CEQKE72,2026-07-11T16:00:00Z,16 15 27.9,243.86625000000004,+11 20 14,11.337222222222223,123.3,21.2,1.39,118.5,Map/Offsets,https://cgi.minorplanetcenter.net/cgi-bin/confirmeph2.cgi
20260710T230001Z,2026-07-10T23:00:01.571037Z,20260710T230001Z_batch01,CEQKE72,2026-07-11T17:00:00Z,16 15 32.8,243.88666666666666,+11 19 34,11.32611111111111,123.3,21.2,1.39,118.6,Map/Offsets,https://cgi.minorplanetcenter.net/cgi-bin/confirmeph2.cgi
20260710T230001Z,2026-07-10T23:00:01.571037Z,20260710T230001Z_batch01,CEQKE72,2026-07-11T18:00:00Z,16 15 37.8,243.9075,+11 18 54,11.315000000000001,123.3,21.2,1.39,118.6,Map/Offsets,https://cgi.minorplanetcenter.net/cgi-bin/confirmeph2.cgi
20260710T230001Z,2026-07-10T23:00:01.571037Z,20260710T230001Z_batch01,CEQKE72,2026-07-11T19:00:00Z,16 15 42.8,243.92833333333334,+11 18 14,11.30388888888889,123.3,21.2,1.39,118.6,Map/Offsets,https://cgi.minorplanetcenter.net/cgi-bin/confirmeph2.cgi
20260710T230001Z,2026-07-10T23:00:01.571037Z,20260710T230001Z_batch01,CEQKE72,2026-07-11T20:00:00Z,16 15 47.7,243.94875,+11 17 35,11.293055555555556,123.3,21.2,1.38,118.6,Map/Offsets,https://cgi.minorplanetcenter.net/cgi-bin/confirmeph2.cgi
20260710T230001Z,2026-07-10T23:00:01.571037Z,20260710T230001Z_batch01,CEQKE72,2026-07-11T21:00:00Z,16 15 52.7,243.96958333333333,+11 16 55,11.281944444444445,123.3,21.2,1.38,118.6,Map/Offsets,https://cgi.minorplanetcenter.net/cgi-bin/confirmeph2.cgi
20260710T230001Z,2026-07-10T23:00:01.571037Z,20260710T230001Z_batch01,CEQKE72,2026-07-11T22:00:00Z,16 15 57.6,243.98999999999998,+11 16 15,11.270833333333334,123.3,21.2,1.38,118.6,Map/Offsets,https://cgi.minorplanetcenter.net/cgi-bin/confirmeph2.cgi
20260710T230001Z,2026-07-10T23:00:01.571037Z,20260710T230001Z_batch01,A11Evap,2026-07-10T22:00:00Z,19 48 08.0,297.03333333333336,-38 49 52,-38.83111111111111,162.2,19.4,4.02,5.9,Map/Offsets,https://cgi.minorplanetcenter.net/cgi-bin/confirmeph2.cgi
20260710T230001Z,2026-07-10T23:00:01.571037Z,20260710T230001Z_batch01,A11Evap,2026-07-10T23:00:00Z,19 48 10.1,297.0420833333333,-38 45 52,-38.76444444444444,162.3,19.4,4.03,5.9,Map/Offsets,https://cgi.minorplanetcenter.net/cgi-bin/confirmeph2.cgi
20260710T230001Z,2026-07-10T23:00:01.571037Z,20260710T230001Z_batch01,A11Evap,2026-07-11T00:00:00Z,19 48 12.2,297.05083333333334,-38 41 51,-38.6975,162.4,19.4,4.05,5.9,Map/Offsets,https://cgi.minorplanetcenter.net/cgi-bin/confirmeph2.cgi
20260710T230001Z,2026-07-10T23:00:01.571037Z,20260710T230001Z_batch01,A11Evap,2026-07-11T01:00:00Z,19 48 14.4,297.06000000000006,-38 37 49,-38.63027777777778,162.4,19.4,4.06,5.9,Map/Offsets,https://cgi.minorplanetcenter.net/cgi-bin/confirmeph2.cgi
20260710T230001Z,2026-07-10T23:00:01.571037Z,20260710T230001Z_batch01,A11Evap,2026-07-11T02:00:00Z,19 48 16.5,297.06875,-38 33 46,-38.562777777777775,162.5,19.4,4.07,5.9,Map/Offsets,https://cgi.minorplanetcenter.net/cgi-bin/confirmeph2.cgi
20260710T230001Z,2026-07-10T23:00:01.571037Z,20260710T230001Z_batch01,A11Evap,2026-07-11T03:00:00Z,19 48 18.6,297.07750000000004,-38 29 42,-38.495,162.6,19.4,4.09,5.8,Map/Offsets,https://cgi.minorplanetcenter.net/cgi-bin/confirmeph2.cgi
20260710T230001Z,2026-07-10T23:00:01.571037Z,20260710T230001Z_batch01,A11Evap,2026-07-11T04:00:00Z,19 48 20.7,297.08625,-38 25 38,-38.42722222222222,162.7,19.4,4.1,5.8,Map/Offsets,https://cgi.minorplanetcenter.net/cgi-bin/confirmeph2.cgi
20260710T230001Z,2026-07-10T23:00:01.571037Z,20260710T230001Z_batch01,A11Evap,2026-07-11T05:00:00Z,19 48 22.9,297.09541666666667,-38 21 33,-38.35916666666667,162.7,19.4,4.11,5.8,Map/Offsets,https://cgi.minorplanetcenter.net/cgi-bin/confirmeph2.cgi
20260710T230001Z,2026-07-10T23:00:01.571037Z,20260710T230001Z_batch01,A11Evap,2026-07-11T06:00:00Z,19 48 25.0,297.10416666666663,-38 17 27,-38.29083333333333,162.8,19.4,4.13,5.8,Map/Offsets,https://cgi.minorplanetcenter.net/cgi-bin/confirmeph2.cgi
20260710T230001Z,2026-07-10T23:00:01.571037Z,20260710T230001Z_batch01,A11Evap,2026-07-11T07:00:00Z,19 48 27.1,297.1129166666667,-38 13 20,-38.22222222222222,162.9,19.4,4.14,5.8,Map/Offsets,https://cgi.minorplanetcenter.net/cgi-bin/confirmeph2.cgi
20260710T230001Z,2026-07-10T23:00:01.571037Z,20260710T230001Z_batch01,A11Evap,2026-07-11T08:00:00Z,19 48 29.3,297.12208333333336,-38 09 12,-38.15333333333333,162.9,19.4,4.16,5.8,Map/Offsets,https://cgi.minorplanetcenter.net/cgi-bin/confirmeph2.cgi
20260710T230001Z,2026-07-10T23:00:01.571037Z,20260710T230001Z_batch01,A11Evap,2026-07-11T09:00:00Z,19 48 31.4,297.1308333333333,-38 05 04,-38.08444444444444,163.0,19.4,4.17,5.8,Map/Offsets,https://cgi.minorplanetcenter.net/cgi-bin/confirmeph2.cgi
20260710T230001Z,2026-07-10T23:00:01.571037Z,20260710T230001Z_batch01,A11Evap,2026-07-11T10:00:00Z,19 48 33.5,297.13958333333335,-38 00 54,-38.015,163.1,19.4,4.18,5.8,Map/Offsets,https://cgi.minorplanetcenter.net/cgi-bin/confirmeph2.cgi
20260710T230001Z,2026-07-10T23:00:01.571037Z,20260710T230001Z_batch01,A11Evap,2026-07-11T11:00:00Z,19 48 35.7,297.14875,-37 56 44,-37.94555555555555,163.1,19.4,4.2,5.7,Map/Offsets,https://cgi.minorplanetcenter.net/cgi-bin/confirmeph2.cgi
20260710T230001Z,2026-07-10T23:00:01.571037Z,20260710T230001Z_batch01,A11Evap,2026-07-11T12:00:00Z,19 48 37.8,297.1575,-37 52 33,-37.87583333333333,163.2,19.3,4.21,5.7,Map/Offsets,https://cgi.minorplanetcenter.net/cgi-bin/confirmeph2.cgi
20260710T230001Z,2026-07-10T23:00:01.571037Z,20260710T230001Z_batch01,A11Evap,2026-07-11T13:00:00Z,19 48 39.9,297.16625,-37 48 21,-37.80583333333333,163.3,19.3,4.23,5.7,Map/Offsets,https://cgi.minorplanetcenter.net/cgi-bin/confirmeph2.cgi
20260710T230001Z,2026-07-10T23:00:01.571037Z,20260710T230001Z_batch01,A11Evap,2026-07-11T14:00:00Z,19 48 42.1,297.17541666666665,-37 44 08,-37.73555555555556,163.3,19.3,4.24,5.7,Map/Offsets,https://cgi.minorplanetcenter.net/cgi-bin/confirmeph2.cgi
20260710T230001Z,2026-07-10T23:00:01.571037Z,20260710T230001Z_batch01,A11Evap,2026-07-11T15:00:00Z,19 48 44.2,297.18416666666667,-37 39 54,-37.665,163.4,19.3,4.26,5.7,Map/Offsets,https://cgi.minorplanetcenter.net/cgi-bin/confirmeph2.cgi
20260710T230001Z,2026-07-10T23:00:01.571037Z,20260710T230001Z_batch01,A11Evap,2026-07-11T16:00:00Z,19 48 46.3,297.1929166666667,-37 35 40,-37.59444444444445,163.5,19.3,4.27,5.7,Map/Offsets,https://cgi.minorplanetcenter.net/cgi-bin/confirmeph2.cgi
20260710T230001Z,2026-07-10T23:00:01.571037Z,20260710T230001Z_batch01,A11Evap,2026-07-11T17:00:00Z,19 48 48.5,297.20208333333335,-37 31 25,-37.52361111111111,163.5,19.3,4.28,5.7,Map/Offsets,https://cgi.minorplanetcenter.net/cgi-bin/confirmeph2.cgi
20260710T230001Z,2026-07-10T23:00:01.571037Z,20260710T230001Z_batch01,A11Evap,2026-07-11T18:00:00Z,19 48 50.6,297.2108333333333,-37 27 08,-37.452222222222225,163.6,19.3,4.3,5.7,Map/Offsets,https://cgi.minorplanetcenter.net/cgi-bin/confirmeph2.cgi
20260710T230001Z,2026-07-10T23:00:01.571037Z,20260710T230001Z_batch01,A11Evap,2026-07-11T19:00:00Z,19 48 52.7,297.21958333333333,-37 22 51,-37.380833333333335,163.7,19.3,4.31,5.6,Map/Offsets,https://cgi.minorplanetcenter.net/cgi-bin/confirmeph2.cgi
20260710T230001Z,2026-07-10T23:00:01.571037Z,20260710T230001Z_batch01,A11Evap,2026-07-11T20:00:00Z,19 48 54.9,297.22875000000005,-37 18 33,-37.30916666666666,163.8,19.3,4.33,5.6,Map/Offsets,https://cgi.minorplanetcenter.net/cgi-bin/confirmeph2.cgi
20260710T230001Z,2026-07-10T23:00:01.571037Z,20260710T230001Z_batch01,A11Evap,2026-07-11T21:00:00Z,19 48 57.0,297.2375,-37 14 14,-37.23722222222222,163.8,19.3,4.34,5.6,Map/Offsets,https://cgi.minorplanetcenter.net/cgi-bin/confirmeph2.cgi
20260710T230001Z,2026-07-10T23:00:01.571037Z,20260710T230001Z_batch01,A11Evap,2026-07-11T22:00:00Z,19 48 59.1,297.24625000000003,-37 09 54,-37.165,163.9,19.3,4.36,5.6,Map/Offsets,https://cgi.minorplanetcenter.net/cgi-bin/confirmeph2.cgi
20260710T230001Z,2026-07-10T23:00:01.571037Z,20260710T230001Z_batch01,P12o0YY,2026-07-10T22:00:00Z,20 48 22.6,312.0941666666667,-22 09 28,-22.157777777777778,159.4,21.0,1.82,309.8,Map/Offsets,https://cgi.minorplanetcenter.net/cgi-bin/confirmeph2.cgi
20260710T230001Z,2026-07-10T23:00:01.571037Z,20260710T230001Z_batch01,P12o0YY,2026-07-10T23:00:00Z,20 48 16.5,312.06875,-22 08 18,-22.138333333333332,159.4,21.0,1.82,309.8,Map/Offsets,https://cgi.minorplanetcenter.net/cgi-bin/confirmeph2.cgi
20260710T230001Z,2026-07-10T23:00:01.571037Z,20260710T230001Z_batch01,P12o0YY,2026-07-11T00:00:00Z,20 48 10.5,312.04375000000005,-22 07 08,-22.11888888888889,159.5,21.0,1.82,309.8,Map/Offsets,https://cgi.minorplanetcenter.net/cgi-bin/confirmeph2.cgi
20260710T230001Z,2026-07-10T23:00:01.571037Z,20260710T230001Z_batch01,P12o0YY,2026-07-11T01:00:00Z,20 48 04.4,312.0183333333333,-22 05 58,-22.099444444444444,159.6,21.0,1.83,309.8,Map/Offsets,https://cgi.minorplanetcenter.net/cgi-bin/confirmeph2.cgi
20260710T230001Z,2026-07-10T23:00:01.571037Z,20260710T230001Z_batch01,P12o0YY,2026-07-11T02:00:00Z,20 47 58.4,311.99333333333334,-22 04 48,-22.08,159.6,21.0,1.83,309.8,Map/Offsets,https://cgi.minorplanetcenter.net/cgi-bin/confirmeph2.cgi
20260710T230001Z,2026-07-10T23:00:01.571037Z,20260710T230001Z_batch01,P12o0YY,2026-07-11T03:00:00Z,20 47 52.3,311.9679166666667,-22 03 38,-22.060555555555556,159.7,21.0,1.83,309.8,Map/Offsets,https://cgi.minorplanetcenter.net/cgi-bin/confirmeph2.cgi
20260710T230001Z,2026-07-10T23:00:01.571037Z,20260710T230001Z_batch01,P12o0YY,2026-07-11T04:00:00Z,20 47 46.3,311.9429166666667,-22 02 28,-22.041111111111114,159.7,21.0,1.83,309.8,Map/Offsets,https://cgi.minorplanetcenter.net/cgi-bin/confirmeph2.cgi
20260710T230001Z,2026-07-10T23:00:01.571037Z,20260710T230001Z_batch01,P12o0YY,2026-07-11T05:00:00Z,20 47 40.2,311.9175,-22 01 18,-22.021666666666665,159.8,21.0,1.83,309.8,Map/Offsets,https://cgi.minorplanetcenter.net/cgi-bin/confirmeph2.cgi
20260710T230001Z,2026-07-10T23:00:01.571037Z,20260710T230001Z_batch01,P12o0YY,2026-07-11T06:00:00Z,20 47 34.1,311.89208333333335,-22 00 07,-22.001944444444444,159.9,21.0,1.83,309.8,Map/Offsets,https://cgi.minorplanetcenter.net/cgi-bin/confirmeph2.cgi
20260710T230001Z,2026-07-10T23:00:01.571037Z,20260710T230001Z_batch01,P12o0YY,2026-07-11T07:00:00Z,20 47 28.1,311.86708333333337,-21 58 57,-21.982499999999998,159.9,21.0,1.83,309.8,Map/Offsets,https://cgi.minorplanetcenter.net/cgi-bin/confirmeph2.cgi
20260710T230001Z,2026-07-10T23:00:01.571037Z,20260710T230001Z_batch01,P12o0YY,2026-07-11T08:00:00Z,20 47 22.0,311.8416666666667,-21 57 47,-21.963055555555556,160.0,21.0,1.83,309.8,Map/Offsets,https://cgi.minorplanetcenter.net/cgi-bin/confirmeph2.cgi
20260710T230001Z,2026-07-10T23:00:01.571037Z,20260710T230001Z_batch01,P12o0YY,2026-07-11T09:00:00Z,20 47 15.9,311.81625,-21 56 36,-21.943333333333335,160.1,21.0,1.83,309.8,Map/Offsets,https://cgi.minorplanetcenter.net/cgi-bin/confirmeph2.cgi
20260710T230001Z,2026-07-10T23:00:01.571037Z,20260710T230001Z_batch01,P12o0YY,2026-07-11T10:00:00Z,20 47 09.8,311.79083333333335,-21 55 26,-21.92388888888889,160.1,21.0,1.83,309.8,Map/Offsets,https://cgi.minorplanetcenter.net/cgi-bin/confirmeph2.cgi
20260710T230001Z,2026-07-10T23:00:01.571037Z,20260710T230001Z_batch01,P12o0YY,2026-07-11T11:00:00Z,20 47 03.8,311.7658333333334,-21 54 15,-21.904166666666665,160.2,21.0,1.83,309.8,Map/Offsets,https://cgi.minorplanetcenter.net/cgi-bin/confirmeph2.cgi
20260710T230001Z,2026-07-10T23:00:01.571037Z,20260710T230001Z_batch01,P12o0YY,2026-07-11T12:00:00Z,20 46 57.7,311.74041666666665,-21 53 05,-21.884722222222223,160.2,21.0,1.84,309.8,Map/Offsets,https://cgi.minorplanetcenter.net/cgi-bin/confirmeph2.cgi
20260710T230001Z,2026-07-10T23:00:01.571037Z,20260710T230001Z_batch01,P12o0YY,2026-07-11T13:00:00Z,20 46 51.6,311.715,-21 51 54,-21.865000000000002,160.3,21.0,1.84,309.8,Map/Offsets,https://cgi.minorplanetcenter.net/cgi-bin/confirmeph2.cgi
20260710T230001Z,2026-07-10T23:00:01.571037Z,20260710T230001Z_batch01,P12o0YY,2026-07-11T14:00:00Z,20 46 45.5,311.68958333333336,-21 50 44,-21.845555555555553,160.4,21.0,1.84,309.8,Map/Offsets,https://cgi.minorplanetcenter.net/cgi-bin/confirmeph2.cgi
20260710T230001Z,2026-07-10T23:00:01.571037Z,20260710T230001Z_batch01,P12o0YY,2026-07-11T15:00:00Z,20 46 39.4,311.66416666666663,-21 49 33,-21.825833333333332,160.4,20.9,1.84,309.8,Map/Offsets,https://cgi.minorplanetcenter.net/cgi-bin/confirmeph2.cgi
20260710T230001Z,2026-07-10T23:00:01.571037Z,20260710T230001Z_batch01,P12o0YY,2026-07-11T16:00:00Z,20 46 33.4,311.63916666666665,-21 48 23,-21.80638888888889,160.5,20.9,1.84,309.8,Map/Offsets,https://cgi.minorplanetcenter.net/cgi-bin/confirmeph2.cgi
20260710T230001Z,2026-07-10T23:00:01.571037Z,20260710T230001Z_batch01,P12o0YY,2026-07-11T17:00:00Z,20 46 27.3,311.61375,-21 47 12,-21.78666666666667,160.5,20.9,1.84,309.8,Map/Offsets,https://cgi.minorplanetcenter.net/cgi-bin/confirmeph2.cgi
20260710T230001Z,2026-07-10T23:00:01.571037Z,20260710T230001Z_batch01,P12o0YY,2026-07-11T18:00:00Z,20 46 21.2,311.58833333333337,-21 46 01,-21.766944444444444,160.6,20.9,1.84,309.8,Map/Offsets,https://cgi.minorplanetcenter.net/cgi-bin/confirmeph2.cgi
20260710T230001Z,2026-07-10T23:00:01.571037Z,20260710T230001Z_batch01,P12o0YY,2026-07-11T19:00:00Z,20 46 15.1,311.56291666666664,-21 44 51,-21.747500000000002,160.7,20.9,1.84,309.8,Map/Offsets,https://cgi.minorplanetcenter.net/cgi-bin/confirmeph2.cgi
20260710T230001Z,2026-07-10T23:00:01.571037Z,20260710T230001Z_batch01,P12o0YY,2026-07-11T20:00:00Z,20 46 09.0,311.5375,-21 43 40,-21.727777777777778,160.7,20.9,1.84,309.8,Map/Offsets,https://cgi.minorplanetcenter.net/cgi-bin/confirmeph2.cgi
20260710T230001Z,2026-07-10T23:00:01.571037Z,20260710T230001Z_batch01,P12o0YY,2026-07-11T21:00:00Z,20 46 02.9,311.5120833333333,-21 42 29,-21.708055555555553,160.8,20.9,1.84,309.8,Map/Offsets,https://cgi.minorplanetcenter.net/cgi-bin/confirmeph2.cgi
20260710T230001Z,2026-07-10T23:00:01.571037Z,20260710T230001Z_batch01,P12o0YY,2026-07-11T22:00:00Z,20 45 56.8,311.4866666666667,-21 41 18,-21.688333333333333,160.8,20.9,1.84,309.8,Map/Offsets,https://cgi.minorplanetcenter.net/cgi-bin/confirmeph2.cgi
20260710T230001Z,2026-07-10T23:00:01.571037Z,20260710T230001Z_batch01,CEQJF02,2026-07-10T22:00:00Z,22 26 59.7,336.74875,+14 33 39,14.560833333333335,121.1,20.9,16.15,94.7,Map/Offsets   !,https://cgi.minorplanetcenter.net/cgi-bin/confirmeph2.cgi
20260710T230001Z,2026-07-10T23:00:01.571037Z,20260710T230001Z_batch01,CEQJF02,2026-07-10T23:00:00Z,22 28 05.8,337.02416666666664,+14 32 19,14.538611111111111,121.0,20.9,15.95,94.8,Map/Offsets   !,https://cgi.minorplanetcenter.net/cgi-bin/confirmeph2.cgi
20260710T230001Z,2026-07-10T23:00:01.571037Z,20260710T230001Z_batch01,CEQJF02,2026-07-11T00:00:00Z,22 29 11.1,337.29625,+14 30 59,14.516388888888889,120.8,20.9,15.76,94.8,Map/Offsets   !,https://cgi.minorplanetcenter.net/cgi-bin/confirmeph2.cgi
20260710T230001Z,2026-07-10T23:00:01.571037Z,20260710T230001Z_batch01,CEQJF02,2026-07-11T01:00:00Z,22 30 15.6,337.56500000000005,+14 29 40,14.494444444444444,120.7,20.9,15.57,94.9,Map/Offsets   !,https://cgi.minorplanetcenter.net/cgi-bin/confirmeph2.cgi
20260710T230001Z,2026-07-10T23:00:01.571037Z,20260710T230001Z_batch01,CEQJF02,2026-07-11T02:00:00Z,22 31 19.2,337.83,+14 28 19,14.471944444444444,120.5,21.0,15.38,95.0,Map/Offsets   !,https://cgi.minorplanetcenter.net/cgi-bin/confirmeph2.cgi
20260710T230001Z,2026-07-10T23:00:01.571037Z,20260710T230001Z_batch01,CEQJF02,2026-07-11T03:00:00Z,22 32 22.1,338.09208333333333,+14 26 59,14.449722222222222,120.3,21.0,15.19,95.1,Map/Offsets   !,https://cgi.minorplanetcenter.net/cgi-bin/confirmeph2.cgi
20260710T230001Z,2026-07-10T23:00:01.571037Z,20260710T230001Z_batch01,CEQJF02,2026-07-11T04:00:00Z,22 33 24.2,338.35083333333336,+14 25 39,14.4275,120.2,21.0,15.01,95.1,Map/Offsets   !,https://cgi.minorplanetcenter.net/cgi-bin/confirmeph2.cgi
20260710T230001Z,2026-07-10T23:00:01.571037Z,20260710T230001Z_batch01,CEQJF02,2026-07-11T05:00:00Z,22 34 25.6,338.6066666666667,+14 24 18,14.405000000000001,120.0,21.0,14.83,95.2,Map/Offsets   !,https://cgi.minorplanetcenter.net/cgi-bin/confirmeph2.cgi
20260710T230001Z,2026-07-10T23:00:01.571037Z,20260710T230001Z_batch01,CEQJF02,2026-07-11T06:00:00Z,22 35 26.2,338.8591666666666,+14 22 58,14.382777777777779,119.9,21.0,14.65,95.3,Map/Offsets   !,https://cgi.minorplanetcenter.net/cgi-bin/confirmeph2.cgi
20260710T230001Z,2026-07-10T23:00:01.571037Z,20260710T230001Z_batch01,CEQJF02,2026-07-11T07:00:00Z,22 36 26.0,339.10833333333335,+14 21 37,14.360277777777778,119.8,21.0,14.47,95.3,Map/Offsets   !,https://cgi.minorplanetcenter.net/cgi-bin/confirmeph2.cgi
20260710T230001Z,2026-07-10T23:00:01.571037Z,20260710T230001Z_batch01,CEQJF02,2026-07-11T08:00:00Z,22 37 25.2,339.355,+14 20 16,14.337777777777779,119.6,21.1,14.3,95.4,Map/Offsets   !,https://cgi.minorplanetcenter.net/cgi-bin/confirmeph2.cgi
20260710T230001Z,2026-07-10T23:00:01.571037Z,20260710T230001Z_batch01,CEQJF02,2026-07-11T09:00:00Z,22 38 23.6,339.5983333333333,+14 18 55,14.315277777777778,119.5,21.1,14.13,95.5,Map/Offsets   !,https://cgi.minorplanetcenter.net/cgi-bin/confirmeph2.cgi
20260710T230001Z,2026-07-10T23:00:01.571037Z,20260710T230001Z_batch01,CEQJF02,2026-07-11T10:00:00Z,22 39 21.3,339.83875,+14 17 34,14.292777777777777,119.3,21.1,13.96,95.5,Map/Offsets   !,https://cgi.minorplanetcenter.net/cgi-bin/confirmeph2.cgi
20260710T230001Z,2026-07-10T23:00:01.571037Z,20260710T230001Z_batch01,CEQJF02,2026-07-11T11:00:00Z,22 40 18.3,340.0762500000001,+14 16 13,14.270277777777778,119.2,21.1,13.79,95.6,Map/Offsets   !,https://cgi.minorplanetcenter.net/cgi-bin/confirmeph2.cgi
20260710T230001Z,2026-07-10T23:00:01.571037Z,20260710T230001Z_batch01,CEQJF02,2026-07-11T12:00:00Z,22 41 14.6,340.31083333333333,+14 14 53,14.248055555555554,119.1,21.1,13.63,95.7,Map/Offsets   !,https://cgi.minorplanetcenter.net/cgi-bin/confirmeph2.cgi
20260710T230001Z,2026-07-10T23:00:01.571037Z,20260710T230001Z_batch01,CEQJF02,2026-07-11T13:00:00Z,22 42 10.2,340.5425,+14 13 32,14.225555555555555,118.9,21.1,13.47,95.7,Map/Offsets   !,https://cgi.minorplanetcenter.net/cgi-bin/confirmeph2.cgi
20260710T230001Z,2026-07-10T23:00:01.571037Z,20260710T230001Z_batch01,CEQJF02,2026-07-11T14:00:00Z,22 43 05.2,340.77166666666665,+14 12 11,14.203055555555554,118.8,21.2,13.31,95.8,Map/Offsets   !,https://cgi.minorplanetcenter.net/cgi-bin/confirmeph2.cgi
20260710T230001Z,2026-07-10T23:00:01.571037Z,20260710T230001Z_batch01,CEQJF02,2026-07-11T15:00:00Z,22 43 59.5,340.99791666666664,+14 10 51,14.180833333333332,118.7,21.2,13.15,95.9,Map/Offsets   !,https://cgi.minorplanetcenter.net/cgi-bin/confirmeph2.cgi
20260710T230001Z,2026-07-10T23:00:01.571037Z,20260710T230001Z_batch01,CEQJF02,2026-07-11T16:00:00Z,22 44 53.2,341.2216666666667,+14 09 30,14.158333333333333,118.5,21.2,13.0,95.9,Map/Offsets   !,https://cgi.minorplanetcenter.net/cgi-bin/confirmeph2.cgi
20260710T230001Z,2026-07-10T23:00:01.571037Z,20260710T230001Z_batch01,CEQJF02,2026-07-11T17:00:00Z,22 45 46.2,341.4425,+14 08 10,14.136111111111111,118.4,21.2,12.85,96.0,Map/Offsets   !,https://cgi.minorplanetcenter.net/cgi-bin/confirmeph2.cgi
20260710T230001Z,2026-07-10T23:00:01.571037Z,20260710T230001Z_batch01,CEQJF02,2026-07-11T18:00:00Z,22 46 38.6,341.6608333333333,+14 06 49,14.11361111111111,118.3,21.2,12.7,96.0,Map/Offsets   !,https://cgi.minorplanetcenter.net/cgi-bin/confirmeph2.cgi
20260710T230001Z,2026-07-10T23:00:01.571037Z,20260710T230001Z_batch01,CEQJF02,2026-07-11T19:00:00Z,22 47 30.4,341.87666666666667,+14 05 29,14.09138888888889,118.2,21.2,12.55,96.1,Map/Offsets   !,https://cgi.minorplanetcenter.net/cgi-bin/confirmeph2.cgi
20260710T230001Z,2026-07-10T23:00:01.571037Z,20260710T230001Z_batch01,CEQJF02,2026-07-11T20:00:00Z,22 48 21.6,342.09000000000003,+14 04 09,14.069166666666666,118.0,21.3,12.41,96.2,Map/Offsets   !,https://cgi.minorplanetcenter.net/cgi-bin/confirmeph2.cgi
20260710T230001Z,2026-07-10T23:00:01.571037Z,20260710T230001Z_batch01,CEQJF02,2026-07-11T21:00:00Z,22 49 12.1,342.30041666666665,+14 02 49,14.046944444444444,117.9,21.3,12.27,96.2,Map/Offsets   !,https://cgi.minorplanetcenter.net/cgi-bin/confirmeph2.cgi
20260710T230001Z,2026-07-10T23:00:01.571037Z,20260710T230001Z_batch01,CEQJF02,2026-07-11T22:00:00Z,22 50 02.1,342.50875,+14 01 30,14.025,117.8,21.3,12.12,96.3,Map/Offsets   !,https://cgi.minorplanetcenter.net/cgi-bin/confirmeph2.cgi
20260710T230001Z,2026-07-10T23:00:01.571037Z,20260710T230001Z_batch01,P12o0Y1,2026-07-10T22:00:00Z,20 19 15.8,304.81583333333333,-29 57 31,-29.95861111111111,164.5,21.3,2.42,286.4,Map/Offsets,https://cgi.minorplanetcenter.net/cgi-bin/confirmeph2.cgi
20260710T230001Z,2026-07-10T23:00:01.571037Z,20260710T230001Z_batch01,P12o0Y1,2026-07-10T23:00:00Z,20 19 05.1,304.77125,-29 56 50,-29.947222222222223,164.5,21.3,2.42,286.4,Map/Offsets,https://cgi.minorplanetcenter.net/cgi-bin/confirmeph2.cgi
20260710T230001Z,2026-07-10T23:00:01.571037Z,20260710T230001Z_batch01,P12o0Y1,2026-07-11T00:00:00Z,20 18 54.4,304.7266666666667,-29 56 09,-29.935833333333335,164.6,21.3,2.42,286.5,Map/Offsets,https://cgi.minorplanetcenter.net/cgi-bin/confirmeph2.cgi
20260710T230001Z,2026-07-10T23:00:01.571037Z,20260710T230001Z_batch01,P12o0Y1,2026-07-11T01:00:00Z,20 18 43.7,304.6820833333333,-29 55 28,-29.924444444444447,164.7,21.3,2.42,286.5,Map/Offsets,https://cgi.minorplanetcenter.net/cgi-bin/confirmeph2.cgi
20260710T230001Z,2026-07-10T23:00:01.571037Z,20260710T230001Z_batch01,P12o0Y1,2026-07-11T02:00:00Z,20 18 33.0,304.6375,-29 54 46,-29.912777777777777,164.7,21.3,2.42,286.5,Map/Offsets,https://cgi.minorplanetcenter.net/cgi-bin/confirmeph2.cgi
20260710T230001Z,2026-07-10T23:00:01.571037Z,20260710T230001Z_batch01,P12o0Y1,2026-07-11T03:00:00Z,20 18 22.3,304.59291666666667,-29 54 05,-29.90138888888889,164.8,21.3,2.42,286.5,Map/Offsets,https://cgi.minorplanetcenter.net/cgi-bin/confirmeph2.cgi
20260710T230001Z,2026-07-10T23:00:01.571037Z,20260710T230001Z_batch01,P12o0Y1,2026-07-11T04:00:00Z,20 18 11.6,304.54833333333335,-29 53 24,-29.89,164.9,21.3,2.42,286.6,Map/Offsets,https://cgi.minorplanetcenter.net/cgi-bin/confirmeph2.cgi
20260710T230001Z,2026-07-10T23:00:01.571037Z,20260710T230001Z_batch01,P12o0Y1,2026-07-11T05:00:00Z,20 18 00.9,304.50375,-29 52 43,-29.878611111111113,165.0,21.3,2.42,286.6,Map/Offsets,https://cgi.minorplanetcenter.net/cgi-bin/confirmeph2.cgi
20260710T230001Z,2026-07-10T23:00:01.571037Z,20260710T230001Z_batch01,P12o0Y1,2026-07-11T06:00:00Z,20 17 50.2,304.4591666666667,-29 52 01,-29.866944444444446,165.0,21.3,2.42,286.6,Map/Offsets,https://cgi.minorplanetcenter.net/cgi-bin/confirmeph2.cgi
20260710T230001Z,2026-07-10T23:00:01.571037Z,20260710T230001Z_batch01,P12o0Y1,2026-07-11T07:00:00Z,20 17 39.5,304.4145833333333,-29 51 20,-29.855555555555558,165.1,21.3,2.42,286.6,Map/Offsets,https://cgi.minorplanetcenter.net/cgi-bin/confirmeph2.cgi
20260710T230001Z,2026-07-10T23:00:01.571037Z,20260710T230001Z_batch01,P12o0Y1,2026-07-11T08:00:00Z,20 17 28.8,304.37,-29 50 38,-29.843888888888888,165.2,21.3,2.42,286.7,Map/Offsets,https://cgi.minorplanetcenter.net/cgi-bin/confirmeph2.cgi
20260710T230001Z,2026-07-10T23:00:01.571037Z,20260710T230001Z_batch01,P12o0Y1,2026-07-11T09:00:00Z,20 17 18.1,304.3254166666667,-29 49 56,-29.83222222222222,165.2,21.3,2.42,286.7,Map/Offsets,https://cgi.minorplanetcenter.net/cgi-bin/confirmeph2.cgi
20260710T230001Z,2026-07-10T23:00:01.571037Z,20260710T230001Z_batch01,P12o0Y1,2026-07-11T10:00:00Z,20 17 07.4,304.28083333333336,-29 49 15,-29.820833333333333,165.3,21.3,2.42,286.7,Map/Offsets,https://cgi.minorplanetcenter.net/cgi-bin/confirmeph2.cgi
20260710T230001Z,2026-07-10T23:00:01.571037Z,20260710T230001Z_batch01,P12o0Y1,2026-07-11T11:00:00Z,20 16 56.7,304.23625,-29 48 33,-29.809166666666666,165.4,21.3,2.42,286.7,Map/Offsets,https://cgi.minorplanetcenter.net/cgi-bin/confirmeph2.cgi
20260710T230001Z,2026-07-10T23:00:01.571037Z,20260710T230001Z_batch01,P12o0Y1,2026-07-11T12:00:00Z,20 16 46.1,304.1920833333333,-29 47 51,-29.797500000000003,165.4,21.3,2.42,286.8,Map/Offsets,https://cgi.minorplanetcenter.net/cgi-bin/confirmeph2.cgi
20260710T230001Z,2026-07-10T23:00:01.571037Z,20260710T230001Z_batch01,P12o0Y1,2026-07-11T13:00:00Z,20 16 35.4,304.1475,-29 47 09,-29.785833333333336,165.5,21.3,2.42,286.8,Map/Offsets,https://cgi.minorplanetcenter.net/cgi-bin/confirmeph2.cgi
20260710T230001Z,2026-07-10T23:00:01.571037Z,20260710T230001Z_batch01,P12o0Y1,2026-07-11T14:00:00Z,20 16 24.7,304.10291666666666,-29 46 27,-29.774166666666666,165.6,21.3,2.42,286.8,Map/Offsets,https://cgi.minorplanetcenter.net/cgi-bin/confirmeph2.cgi
20260710T230001Z,2026-07-10T23:00:01.571037Z,20260710T230001Z_batch01,P12o0Y1,2026-07-11T15:00:00Z,20 16 14.1,304.05875,-29 45 45,-29.7625,165.6,21.3,2.42,286.8,Map/Offsets,https://cgi.minorplanetcenter.net/cgi-bin/confirmeph2.cgi
20260710T230001Z,2026-07-10T23:00:01.571037Z,20260710T230001Z_batch01,P12o0Y1,2026-07-11T16:00:00Z,20 16 03.4,304.01416666666665,-29 45 03,-29.750833333333333,165.7,21.3,2.42,286.9,Map/Offsets,https://cgi.minorplanetcenter.net/cgi-bin/confirmeph2.cgi
20260710T230001Z,2026-07-10T23:00:01.571037Z,20260710T230001Z_batch01,P12o0Y1,2026-07-11T17:00:00Z,20 15 52.8,303.97,-29 44 21,-29.739166666666666,165.8,21.3,2.42,286.9,Map/Offsets,https://cgi.minorplanetcenter.net/cgi-bin/confirmeph2.cgi
20260710T230001Z,2026-07-10T23:00:01.571037Z,20260710T230001Z_batch01,P12o0Y1,2026-07-11T18:00:00Z,20 15 42.1,303.92541666666665,-29 43 39,-29.7275,165.8,21.3,2.42,286.9,Map/Offsets,https://cgi.minorplanetcenter.net/cgi-bin/confirmeph2.cgi
20260710T230001Z,2026-07-10T23:00:01.571037Z,20260710T230001Z_batch01,P12o0Y1,2026-07-11T19:00:00Z,20 15 31.5,303.88124999999997,-29 42 57,-29.715833333333332,165.9,21.3,2.42,286.9,Map/Offsets,https://cgi.minorplanetcenter.net/cgi-bin/confirmeph2.cgi
20260710T230001Z,2026-07-10T23:00:01.571037Z,20260710T230001Z_batch01,P12o0Y1,2026-07-11T20:00:00Z,20 15 20.8,303.83666666666664,-29 42 15,-29.704166666666666,166.0,21.3,2.42,287.0,Map/Offsets,https://cgi.minorplanetcenter.net/cgi-bin/confirmeph2.cgi
20260710T230001Z,2026-07-10T23:00:01.571037Z,20260710T230001Z_batch01,P12o0Y1,2026-07-11T21:00:00Z,20 15 10.2,303.7925,-29 41 33,-29.6925,166.0,21.3,2.42,287.0,Map/Offsets,https://cgi.minorplanetcenter.net/cgi-bin/confirmeph2.cgi
20260710T230001Z,2026-07-10T23:00:01.571037Z,20260710T230001Z_batch01,P12o0Y1,2026-07-11T22:00:00Z,20 14 59.5,303.7479166666667,-29 40 50,-29.680555555555557,166.1,21.3,2.41,287.0,Map/Offsets,https://cgi.minorplanetcenter.net/cgi-bin/confirmeph2.cgi
20260710T230001Z,2026-07-10T23:00:01.571037Z,20260710T230001Z_batch01,P12nXce,2026-07-10T22:00:00Z,21 53 25.9,328.35791666666665,-32 28 49,-32.48027777777778,144.5,21.1,3.67,215.4,Map/Offsets,https://cgi.minorplanetcenter.net/cgi-bin/confirmeph2.cgi
20260710T230001Z,2026-07-10T23:00:01.571037Z,20260710T230001Z_batch01,P12nXce,2026-07-10T23:00:00Z,21 53 15.8,328.31583333333333,-32 31 48,-32.53,144.5,21.1,3.67,215.4,Map/Offsets,https://cgi.minorplanetcenter.net/cgi-bin/confirmeph2.cgi
20260710T230001Z,2026-07-10T23:00:01.571037Z,20260710T230001Z_batch01,P12nXce,2026-07-11T00:00:00Z,21 53 05.7,328.27375,-32 34 47,-32.57972222222222,144.6,21.1,3.66,215.5,Map/Offsets,https://cgi.minorplanetcenter.net/cgi-bin/confirmeph2.cgi
20260710T230001Z,2026-07-10T23:00:01.571037Z,20260710T230001Z_batch01,P12nXce,2026-07-11T01:00:00Z,21 52 55.6,328.2316666666667,-32 37 46,-32.629444444444445,144.6,21.1,3.66,215.5,Map/Offsets,https://cgi.minorplanetcenter.net/cgi-bin/confirmeph2.cgi
20260710T230001Z,2026-07-10T23:00:01.571037Z,20260710T230001Z_batch01,P12nXce,2026-07-11T02:00:00Z,21 52 45.5,328.18958333333336,-32 40 45,-32.67916666666667,144.7,21.1,3.66,215.6,Map/Offsets,https://cgi.minorplanetcenter.net/cgi-bin/confirmeph2.cgi
20260710T230001Z,2026-07-10T23:00:01.571037Z,20260710T230001Z_batch01,P12nXce,2026-07-11T03:00:00Z,21 52 35.4,328.1475,-32 43 43,-32.728611111111114,144.8,21.1,3.66,215.6,Map/Offsets,https://cgi.minorplanetcenter.net/cgi-bin/confirmeph2.cgi
20260710T230001Z,2026-07-10T23:00:01.571037Z,20260710T230001Z_batch01,P12nXce,2026-07-11T04:00:00Z,21 52 25.2,328.105,-32 46 42,-32.77833333333333,144.8,21.1,3.66,215.7,Map/Offsets,https://cgi.minorplanetcenter.net/cgi-bin/confirmeph2.cgi
20260710T230001Z,2026-07-10T23:00:01.571037Z,20260710T230001Z_batch01,P12nXce,2026-07-11T05:00:00Z,21 52 15.1,328.06291666666664,-32 49 40,-32.82777777777778,144.9,21.1,3.66,215.7,Map/Offsets,https://cgi.minorplanetcenter.net/cgi-bin/confirmeph2.cgi
20260710T230001Z,2026-07-10T23:00:01.571037Z,20260710T230001Z_batch01,P12nXce,2026-07-11T06:00:00Z,21 52 04.9,328.0204166666667,-32 52 39,-32.8775,145.0,21.1,3.66,215.7,Map/Offsets,https://cgi.minorplanetcenter.net/cgi-bin/confirmeph2.cgi
20260710T230001Z,2026-07-10T23:00:01.571037Z,20260710T230001Z_batch01,P12nXce,2026-07-11T07:00:00Z,21 51 54.7,327.97791666666666,-32 55 37,-32.926944444444445,145.0,21.1,3.66,215.8,Map/Offsets,https://cgi.minorplanetcenter.net/cgi-bin/confirmeph2.cgi
20260710T230001Z,2026-07-10T23:00:01.571037Z,20260710T230001Z_batch01,P12nXce,2026-07-11T08:00:00Z,21 51 44.5,327.9354166666667,-32 58 34,-32.976111111111116,145.1,21.1,3.65,215.8,Map/Offsets,https://cgi.minorplanetcenter.net/cgi-bin/confirmeph2.cgi
20260710T230001Z,2026-07-10T23:00:01.571037Z,20260710T230001Z_batch01,P12nXce,2026-07-11T09:00:00Z,21 51 34.3,327.8929166666667,-33 01 32,-33.025555555555556,145.1,21.1,3.65,215.9,Map/Offsets,https://cgi.minorplanetcenter.net/cgi-bin/confirmeph2.cgi
20260710T230001Z,2026-07-10T23:00:01.571037Z,20260710T230001Z_batch01,P12nXce,2026-07-11T10:00:00Z,21 51 24.1,327.8504166666667,-33 04 30,-33.075,145.2,21.1,3.65,215.9,Map/Offsets,https://cgi.minorplanetcenter.net/cgi-bin/confirmeph2.cgi
20260710T230001Z,2026-07-10T23:00:01.571037Z,20260710T230001Z_batch01,P12nXce,2026-07-11T11:00:00Z,21 51 13.9,327.8079166666667,-33 07 27,-33.12416666666667,145.3,21.1,3.65,216.0,Map/Offsets,https://cgi.minorplanetcenter.net/cgi-bin/confirmeph2.cgi
20260710T230001Z,2026-07-10T23:00:01.571037Z,20260710T230001Z_batch01,P12nXce,2026-07-11T12:00:00Z,21 51 03.6,327.76500000000004,-33 10 24,-33.17333333333333,145.3,21.1,3.65,216.0,Map/Offsets,https://cgi.minorplanetcenter.net/cgi-bin/confirmeph2.cgi
20260710T230001Z,2026-07-10T23:00:01.571037Z,20260710T230001Z_batch01,P12nXce,2026-07-11T13:00:00Z,21 50 53.4,327.72249999999997,-33 13 21,-33.222500000000004,145.4,21.1,3.65,216.1,Map/Offsets,https://cgi.minorplanetcenter.net/cgi-bin/confirmeph2.cgi
20260710T230001Z,2026-07-10T23:00:01.571037Z,20260710T230001Z_batch01,P12nXce,2026-07-11T14:00:00Z,21 50 43.1,327.6795833333333,-33 16 18,-33.27166666666667,145.4,21.1,3.65,216.1,Map/Offsets,https://cgi.minorplanetcenter.net/cgi-bin/confirmeph2.cgi
20260710T230001Z,2026-07-10T23:00:01.571037Z,20260710T230001Z_batch01,P12nXce,2026-07-11T15:00:00Z,21 50 32.8,327.63666666666666,-33 19 15,-33.32083333333334,145.5,21.1,3.64,216.1,Map/Offsets,https://cgi.minorplanetcenter.net/cgi-bin/confirmeph2.cgi
20260710T230001Z,2026-07-10T23:00:01.571037Z,20260710T230001Z_batch01,P12nXce,2026-07-11T16:00:00Z,21 50 22.5,327.59375,-33 22 11,-33.36972222222222,145.6,21.1,3.64,216.2,Map/Offsets,https://cgi.minorplanetcenter.net/cgi-bin/confirmeph2.cgi
20260710T230001Z,2026-07-10T23:00:01.571037Z,20260710T230001Z_batch01,P12nXce,2026-07-11T17:00:00Z,21 50 12.2,327.55083333333334,-33 25 07,-33.41861111111111,145.6,21.1,3.64,216.2,Map/Offsets,https://cgi.minorplanetcenter.net/cgi-bin/confirmeph2.cgi
20260710T230001Z,2026-07-10T23:00:01.571037Z,20260710T230001Z_batch01,P12nXce,2026-07-11T18:00:00Z,21 50 01.9,327.50791666666663,-33 28 03,-33.4675,145.7,21.1,3.64,216.3,Map/Offsets,https://cgi.minorplanetcenter.net/cgi-bin/confirmeph2.cgi
20260710T230001Z,2026-07-10T23:00:01.571037Z,20260710T230001Z_batch01,P12nXce,2026-07-11T19:00:00Z,21 49 51.6,327.465,-33 30 59,-33.51638888888889,145.7,21.1,3.64,216.3,Map/Offsets,https://cgi.minorplanetcenter.net/cgi-bin/confirmeph2.cgi
20260710T230001Z,2026-07-10T23:00:01.571037Z,20260710T230001Z_batch01,P12nXce,2026-07-11T20:00:00Z,21 49 41.2,327.4216666666666,-33 33 55,-33.56527777777777,145.8,21.1,3.64,216.4,Map/Offsets,https://cgi.minorplanetcenter.net/cgi-bin/confirmeph2.cgi
20260710T230001Z,2026-07-10T23:00:01.571037Z,20260710T230001Z_batch01,P12nXce,2026-07-11T21:00:00Z,21 49 30.9,327.37875,-33 36 51,-33.61416666666667,145.9,21.1,3.63,216.4,Map/Offsets,https://cgi.minorplanetcenter.net/cgi-bin/confirmeph2.cgi
20260710T230001Z,2026-07-10T23:00:01.571037Z,20260710T230001Z_batch01,P12nXce,2026-07-11T22:00:00Z,21 49 20.5,327.3354166666667,-33 39 46,-33.66277777777778,145.9,21.1,3.63,216.5,Map/Offsets,https://cgi.minorplanetcenter.net/cgi-bin/confirmeph2.cgi
20260710T230001Z,2026-07-10T23:00:01.571037Z,20260710T230001Z_batch01,P12nXcA,2026-07-10T22:00:00Z,21 05 42.1,316.42541666666665,-26 39 59,-26.66638888888889,155.4,20.0,4.09,332.7,Map/Offsets,https://cgi.minorplanetcenter.net/cgi-bin/confirmeph2.cgi
20260710T230001Z,2026-07-10T23:00:01.571037Z,20260710T230001Z_batch01,P12nXcA,2026-07-10T23:00:00Z,21 05 33.7,316.3904166666667,-26 36 20,-26.605555555555558,155.5,19.9,4.13,332.7,Map/Offsets,https://cgi.minorplanetcenter.net/cgi-bin/confirmeph2.cgi
20260710T230001Z,2026-07-10T23:00:01.571037Z,20260710T230001Z_batch01,P12nXcA,2026-07-11T00:00:00Z,21 05 25.2,316.355,-26 32 39,-26.54416666666667,155.6,19.9,4.17,332.7,Map/Offsets,https://cgi.minorplanetcenter.net/cgi-bin/confirmeph2.cgi
20260710T230001Z,2026-07-10T23:00:01.571037Z,20260710T230001Z_batch01,P12nXcA,2026-07-11T01:00:00Z,21 05 16.6,316.31916666666666,-26 28 56,-26.48222222222222,155.6,19.9,4.21,332.7,Map/Offsets,https://cgi.minorplanetcenter.net/cgi-bin/confirmeph2.cgi
20260710T230001Z,2026-07-10T23:00:01.571037Z,20260710T230001Z_batch01,P12nXcA,2026-07-11T02:00:00Z,21 05 07.9,316.28291666666667,-26 25 10,-26.419444444444444,155.7,19.9,4.25,332.7,Map/Offsets,https://cgi.minorplanetcenter.net/cgi-bin/confirmeph2.cgi
20260710T230001Z,2026-07-10T23:00:01.571037Z,20260710T230001Z_batch01,P12nXcA,2026-07-11T03:00:00Z,21 04 59.2,316.24666666666667,-26 21 23,-26.35638888888889,155.8,19.9,4.29,332.7,Map/Offsets,https://cgi.minorplanetcenter.net/cgi-bin/confirmeph2.cgi
20260710T230001Z,2026-07-10T23:00:01.571037Z,20260710T230001Z_batch01,P12nXcA,2026-07-11T04:00:00Z,21 04 50.3,316.20958333333334,-26 17 34,-26.29277777777778,155.8,19.9,4.33,332.7,Map/Offsets,https://cgi.minorplanetcenter.net/cgi-bin/confirmeph2.cgi
20260710T230001Z,2026-07-10T23:00:01.571037Z,20260710T230001Z_batch01,P12nXcA,2026-07-11T05:00:00Z,21 04 41.4,316.1725,-26 13 42,-26.22833333333333,155.9,19.9,4.37,332.7,Map/Offsets,https://cgi.minorplanetcenter.net/cgi-bin/confirmeph2.cgi
20260710T230001Z,2026-07-10T23:00:01.571037Z,20260710T230001Z_batch01,P12nXcA,2026-07-11T06:00:00Z,21 04 32.4,316.135,-26 09 48,-26.16333333333333,156.0,19.9,4.41,332.7,Map/Offsets,https://cgi.minorplanetcenter.net/cgi-bin/confirmeph2.cgi
20260710T230001Z,2026-07-10T23:00:01.571037Z,20260710T230001Z_batch01,P12nXcA,2026-07-11T07:00:00Z,21 04 23.4,316.09749999999997,-26 05 52,-26.097777777777775,156.1,19.8,4.45,332.7,Map/Offsets,https://cgi.minorplanetcenter.net/cgi-bin/confirmeph2.cgi
20260710T230001Z,2026-07-10T23:00:01.571037Z,20260710T230001Z_batch01,P12nXcA,2026-07-11T08:00:00Z,21 04 14.2,316.0591666666666,-26 01 54,-26.031666666666666,156.1,19.8,4.49,332.7,Map/Offsets,https://cgi.minorplanetcenter.net/cgi-bin/confirmeph2.cgi
20260710T230001Z,2026-07-10T23:00:01.571037Z,20260710T230001Z_batch01,P12nXcA,2026-07-11T09:00:00Z,21 04 05.0,316.02083333333337,-25 57 53,-25.96472222222222,156.2,19.8,4.54,332.7,Map/Offsets,https://cgi.minorplanetcenter.net/cgi-bin/confirmeph2.cgi
20260710T230001Z,2026-07-10T23:00:01.571037Z,20260710T230001Z_batch01,P12nXcA,2026-07-11T10:00:00Z,21 03 55.7,315.9820833333333,-25 53 50,-25.897222222222222,156.3,19.8,4.58,332.7,Map/Offsets,https://cgi.minorplanetcenter.net/cgi-bin/confirmeph2.cgi
20260710T230001Z,2026-07-10T23:00:01.571037Z,20260710T230001Z_batch01,P12nXcA,2026-07-11T11:00:00Z,21 03 46.3,315.9429166666667,-25 49 45,-25.829166666666666,156.4,19.8,4.62,332.7,Map/Offsets,https://cgi.minorplanetcenter.net/cgi-bin/confirmeph2.cgi
20260710T230001Z,2026-07-10T23:00:01.571037Z,20260710T230001Z_batch01,P12nXcA,2026-07-11T12:00:00Z,21 03 36.8,315.9033333333333,-25 45 38,-25.760555555555555,156.5,19.8,4.67,332.7,Map/Offsets,https://cgi.minorplanetcenter.net/cgi-bin/confirmeph2.cgi
20260710T230001Z,2026-07-10T23:00:01.571037Z,20260710T230001Z_batch01,P12nXcA,2026-07-11T13:00:00Z,21 03 27.2,315.86333333333334,-25 41 28,-25.691111111111113,156.5,19.8,4.71,332.7,Map/Offsets,https://cgi.minorplanetcenter.net/cgi-bin/confirmeph2.cgi
20260710T230001Z,2026-07-10T23:00:01.571037Z,20260710T230001Z_batch01,P12nXcA,2026-07-11T14:00:00Z,21 03 17.6,315.8233333333333,-25 37 15,-25.620833333333334,156.6,19.8,4.76,332.7,Map/Offsets,https://cgi.minorplanetcenter.net/cgi-bin/confirmeph2.cgi
20260710T230001Z,2026-07-10T23:00:01.571037Z,20260710T230001Z_batch01,P12nXcA,2026-07-11T15:00:00Z,21 03 07.9,315.78291666666667,-25 33 00,-25.55,156.7,19.7,4.81,332.7,Map/Offsets,https://cgi.minorplanetcenter.net/cgi-bin/confirmeph2.cgi
20260710T230001Z,2026-07-10T23:00:01.571037Z,20260710T230001Z_batch01,P12nXcA,2026-07-11T16:00:00Z,21 02 58.0,315.7416666666667,-25 28 43,-25.47861111111111,156.8,19.7,4.85,332.7,Map/Offsets,https://cgi.minorplanetcenter.net/cgi-bin/confirmeph2.cgi
20260710T230001Z,2026-07-10T23:00:01.571037Z,20260710T230001Z_batch01,P12nXcA,2026-07-11T17:00:00Z,21 02 48.1,315.7004166666667,-25 24 23,-25.406388888888888,156.8,19.7,4.9,332.7,Map/Offsets,https://cgi.minorplanetcenter.net/cgi-bin/confirmeph2.cgi
20260710T230001Z,2026-07-10T23:00:01.571037Z,20260710T230001Z_batch01,P12nXcA,2026-07-11T18:00:00Z,21 02 38.1,315.65875,-25 20 00,-25.333333333333332,156.9,19.7,4.95,332.7,Map/Offsets,https://cgi.minorplanetcenter.net/cgi-bin/confirmeph2.cgi
20260710T230001Z,2026-07-10T23:00:01.571037Z,20260710T230001Z_batch01,P12nXcA,2026-07-11T19:00:00Z,21 02 28.0,315.61666666666673,-25 15 35,-25.259722222222223,157.0,19.7,5.0,332.7,Map/Offsets,https://cgi.minorplanetcenter.net/cgi-bin/confirmeph2.cgi
20260710T230001Z,2026-07-10T23:00:01.571037Z,20260710T230001Z_batch01,P12nXcA,2026-07-11T20:00:00Z,21 02 17.8,315.57416666666666,-25 11 07,-25.185277777777777,157.1,19.7,5.05,332.7,Map/Offsets,https://cgi.minorplanetcenter.net/cgi-bin/confirmeph2.cgi
20260710T230001Z,2026-07-10T23:00:01.571037Z,20260710T230001Z_batch01,P12nXcA,2026-07-11T21:00:00Z,21 02 07.5,315.53125000000006,-25 06 37,-25.110277777777778,157.2,19.7,5.1,332.7,Map/Offsets,https://cgi.minorplanetcenter.net/cgi-bin/confirmeph2.cgi
20260710T230001Z,2026-07-10T23:00:01.571037Z,20260710T230001Z_batch01,P12nXcA,2026-07-11T22:00:00Z,21 01 57.1,315.48791666666665,-25 02 03,-25.034166666666668,157.2,19.6,5.15,332.7,Map/Offsets,https://cgi.minorplanetcenter.net/cgi-bin/confirmeph2.cgi
20260710T230001Z,2026-07-10T23:00:01.571037Z,20260710T230001Z_batch01,P12nXcf,2026-07-10T22:00:00Z,20 58 20.6,314.5858333333333,-18 58 13,-18.970277777777778,156.6,21.3,4.11,350.3,Map/Offsets,https://cgi.minorplanetcenter.net/cgi-bin/confirmeph2.cgi
20260710T230001Z,2026-07-10T23:00:01.571037Z,20260710T230001Z_batch01,P12nXcf,2026-07-10T23:00:00Z,20 58 17.7,314.57374999999996,-18 54 10,-18.902777777777775,156.6,21.3,4.11,350.3,Map/Offsets,https://cgi.minorplanetcenter.net/cgi-bin/confirmeph2.cgi
20260710T230001Z,2026-07-10T23:00:01.571037Z,20260710T230001Z_batch01,P12nXcf,2026-07-11T00:00:00Z,20 58 14.7,314.56125,-18 50 07,-18.835277777777776,156.7,21.3,4.1,350.2,Map/Offsets,https://cgi.minorplanetcenter.net/cgi-bin/confirmeph2.cgi
20260710T230001Z,2026-07-10T23:00:01.571037Z,20260710T230001Z_batch01,P12nXcf,2026-07-11T01:00:00Z,20 58 11.8,314.5491666666667,-18 46 05,-18.768055555555556,156.7,21.3,4.1,350.2,Map/Offsets,https://cgi.minorplanetcenter.net/cgi-bin/confirmeph2.cgi
20260710T230001Z,2026-07-10T23:00:01.571037Z,20260710T230001Z_batch01,P12nXcf,2026-07-11T02:00:00Z,20 58 08.8,314.53666666666663,-18 42 03,-18.700833333333332,156.8,21.3,4.1,350.2,Map/Offsets,https://cgi.minorplanetcenter.net/cgi-bin/confirmeph2.cgi
20260710T230001Z,2026-07-10T23:00:01.571037Z,20260710T230001Z_batch01,P12nXcf,2026-07-11T03:00:00Z,20 58 05.9,314.5245833333333,-18 38 01,-18.63361111111111,156.8,21.3,4.09,350.2,Map/Offsets,https://cgi.minorplanetcenter.net/cgi-bin/confirmeph2.cgi
20260710T230001Z,2026-07-10T23:00:01.571037Z,20260710T230001Z_batch01,P12nXcf,2026-07-11T04:00:00Z,20 58 03.0,314.5125,-18 33 59,-18.56638888888889,156.8,21.3,4.09,350.2,Map/Offsets,https://cgi.minorplanetcenter.net/cgi-bin/confirmeph2.cgi
20260710T230001Z,2026-07-10T23:00:01.571037Z,20260710T230001Z_batch01,P12nXcf,2026-07-11T05:00:00Z,20 58 00.0,314.5,-18 29 57,-18.499166666666667,156.9,21.3,4.08,350.2,Map/Offsets,https://cgi.minorplanetcenter.net/cgi-bin/confirmeph2.cgi
20260710T230001Z,2026-07-10T23:00:01.571037Z,20260710T230001Z_batch01,P12nXcf,2026-07-11T06:00:00Z,20 57 57.1,314.48791666666665,-18 25 56,-18.432222222222222,156.9,21.3,4.08,350.1,Map/Offsets,https://cgi.minorplanetcenter.net/cgi-bin/confirmeph2.cgi
20260710T230001Z,2026-07-10T23:00:01.571037Z,20260710T230001Z_batch01,P12nXcf,2026-07-11T07:00:00Z,20 57 54.1,314.47541666666666,-18 21 55,-18.36527777777778,156.9,21.3,4.08,350.1,Map/Offsets,https://cgi.minorplanetcenter.net/cgi-bin/confirmeph2.cgi
20260710T230001Z,2026-07-10T23:00:01.571037Z,20260710T230001Z_batch01,P12nXcf,2026-07-11T08:00:00Z,20 57 51.2,314.4633333333333,-18 17 54,-18.298333333333336,157.0,21.3,4.07,350.1,Map/Offsets,https://cgi.minorplanetcenter.net/cgi-bin/confirmeph2.cgi
20260710T230001Z,2026-07-10T23:00:01.571037Z,20260710T230001Z_batch01,P12nXcf,2026-07-11T09:00:00Z,20 57 48.2,314.4508333333333,-18 13 53,-18.231388888888887,157.0,21.3,4.07,350.1,Map/Offsets,https://cgi.minorplanetcenter.net/cgi-bin/confirmeph2.cgi
20260710T230001Z,2026-07-10T23:00:01.571037Z,20260710T230001Z_batch01,P12nXcf,2026-07-11T10:00:00Z,20 57 45.3,314.43874999999997,-18 09 53,-18.16472222222222,157.0,21.3,4.06,350.1,Map/Offsets,https://cgi.minorplanetcenter.net/cgi-bin/confirmeph2.cgi
20260710T230001Z,2026-07-10T23:00:01.571037Z,20260710T230001Z_batch01,P12nXcf,2026-07-11T11:00:00Z,20 57 42.3,314.42625,-18 05 53,-18.098055555555554,157.1,21.3,4.06,350.1,Map/Offsets,https://cgi.minorplanetcenter.net/cgi-bin/confirmeph2.cgi
20260710T230001Z,2026-07-10T23:00:01.571037Z,20260710T230001Z_batch01,P12nXcf,2026-07-11T12:00:00Z,20 57 39.4,314.41416666666663,-18 01 53,-18.031388888888888,157.1,21.3,4.06,350.0,Map/Offsets,https://cgi.minorplanetcenter.net/cgi-bin/confirmeph2.cgi
20260710T230001Z,2026-07-10T23:00:01.571037Z,20260710T230001Z_batch01,P12nXcf,2026-07-11T13:00:00Z,20 57 36.4,314.40166666666664,-17 57 54,-17.965,157.1,21.3,4.05,350.0,Map/Offsets,https://cgi.minorplanetcenter.net/cgi-bin/confirmeph2.cgi
20260710T230001Z,2026-07-10T23:00:01.571037Z,20260710T230001Z_batch01,P12nXcf,2026-07-11T14:00:00Z,20 57 33.5,314.38958333333335,-17 53 55,-17.898611111111112,157.2,21.3,4.05,350.0,Map/Offsets,https://cgi.minorplanetcenter.net/cgi-bin/confirmeph2.cgi
20260710T230001Z,2026-07-10T23:00:01.571037Z,20260710T230001Z_batch01,P12nXcf,2026-07-11T15:00:00Z,20 57 30.5,314.37708333333336,-17 49 56,-17.83222222222222,157.2,21.3,4.04,350.0,Map/Offsets,https://cgi.minorplanetcenter.net/cgi-bin/confirmeph2.cgi
20260710T230001Z,2026-07-10T23:00:01.571037Z,20260710T230001Z_batch01,P12nXcf,2026-07-11T16:00:00Z,20 57 27.5,314.3645833333333,-17 45 57,-17.765833333333333,157.2,21.3,4.04,350.0,Map/Offsets,https://cgi.minorplanetcenter.net/cgi-bin/confirmeph2.cgi
20260710T230001Z,2026-07-10T23:00:01.571037Z,20260710T230001Z_batch01,P12nXcf,2026-07-11T17:00:00Z,20 57 24.6,314.35249999999996,-17 41 58,-17.699444444444445,157.3,21.3,4.03,350.0,Map/Offsets,https://cgi.minorplanetcenter.net/cgi-bin/confirmeph2.cgi
20260710T230001Z,2026-07-10T23:00:01.571037Z,20260710T230001Z_batch01,P12nXcf,2026-07-11T18:00:00Z,20 57 21.6,314.34,-17 38 00,-17.633333333333333,157.3,21.3,4.03,349.9,Map/Offsets,https://cgi.minorplanetcenter.net/cgi-bin/confirmeph2.cgi
20260710T230001Z,2026-07-10T23:00:01.571037Z,20260710T230001Z_batch01,P12nXcf,2026-07-11T19:00:00Z,20 57 18.7,314.3279166666667,-17 34 02,-17.56722222222222,157.3,21.3,4.03,349.9,Map/Offsets,https://cgi.minorplanetcenter.net/cgi-bin/confirmeph2.cgi
20260710T230001Z,2026-07-10T23:00:01.571037Z,20260710T230001Z_batch01,P12nXcf,2026-07-11T20:00:00Z,20 57 15.7,314.3154166666667,-17 30 04,-17.50111111111111,157.4,21.3,4.02,349.9,Map/Offsets,https://cgi.minorplanetcenter.net/cgi-bin/confirmeph2.cgi
20260710T230001Z,2026-07-10T23:00:01.571037Z,20260710T230001Z_batch01,P12nXcf,2026-07-11T21:00:00Z,20 57 12.8,314.3033333333333,-17 26 07,-17.435277777777777,157.4,21.3,4.02,349.9,Map/Offsets,https://cgi.minorplanetcenter.net/cgi-bin/confirmeph2.cgi
20260710T230001Z,2026-07-10T23:00:01.571037Z,20260710T230001Z_batch01,P12nXcf,2026-07-11T22:00:00Z,20 57 09.8,314.2908333333333,-17 22 10,-17.369444444444444,157.4,21.3,4.01,349.9,Map/Offsets,https://cgi.minorplanetcenter.net/cgi-bin/confirmeph2.cgi
20260710T230001Z,2026-07-10T23:00:01.571037Z,20260710T230001Z_batch01,A11Eq8v,2026-07-10T22:00:00Z,21 57 15.6,329.315,-39 41 41,-39.69472222222222,142.3,18.5,37.69,43.2,Map/Offsets   !,https://cgi.minorplanetcenter.net/cgi-bin/confirmeph2.cgi
20260710T230001Z,2026-07-10T23:00:01.571037Z,20260710T230001Z_batch01,A11Eq8v,2026-07-10T23:00:00Z,21 59 29.6,329.87333333333333,-39 14 00,-39.233333333333334,142.0,18.5,38.06,42.8,Map/Offsets   !,https://cgi.minorplanetcenter.net/cgi-bin/confirmeph2.cgi
20260710T230001Z,2026-07-10T23:00:01.571037Z,20260710T230001Z_batch01,A11Eq8v,2026-07-11T00:00:00Z,22 01 43.0,330.4291666666667,-38 45 53,-38.764722222222225,141.7,18.5,38.43,42.5,Map/Offsets   !,https://cgi.minorplanetcenter.net/cgi-bin/confirmeph2.cgi
20260710T230001Z,2026-07-10T23:00:01.571037Z,20260710T230001Z_batch01,A11Eq8v,2026-07-11T01:00:00Z,22 03 55.9,330.98291666666665,-38 17 20,-38.288888888888884,141.4,18.5,38.79,42.1,Map/Offsets   !,https://cgi.minorplanetcenter.net/cgi-bin/confirmeph2.cgi
20260710T230001Z,2026-07-10T23:00:01.571037Z,20260710T230001Z_batch01,A11Eq8v,2026-07-11T02:00:00Z,22 06 08.3,331.53458333333333,-37 48 22,-37.80611111111111,141.2,18.5,39.14,41.8,Map/Offsets   !,https://cgi.minorplanetcenter.net/cgi-bin/confirmeph2.cgi
20260710T230001Z,2026-07-10T23:00:01.571037Z,20260710T230001Z_batch01,A11Eq8v,2026-07-11T03:00:00Z,22 08 20.1,332.08375,-37 18 59,-37.31638888888889,140.9,18.5,39.49,41.5,Map/Offsets   !,https://cgi.minorplanetcenter.net/cgi-bin/confirmeph2.cgi
20260710T230001Z,2026-07-10T23:00:01.571037Z,20260710T230001Z_batch01,A11Eq8v,2026-07-11T04:00:00Z,22 10 31.3,332.6304166666667,-36 49 11,-36.819722222222225,140.5,18.5,39.84,41.1,Map/Offsets   !,https://cgi.minorplanetcenter.net/cgi-bin/confirmeph2.cgi
20260710T230001Z,2026-07-10T23:00:01.571037Z,20260710T230001Z_batch01,A11Eq8v,2026-07-11T05:00:00Z,22 12 42.0,333.175,-36 18 58,-36.316111111111105,140.2,18.5,40.18,40.8,Map/Offsets   !,https://cgi.minorplanetcenter.net/cgi-bin/confirmeph2.cgi
20260710T230001Z,2026-07-10T23:00:01.571037Z,20260710T230001Z_batch01,A11Eq8v,2026-07-11T06:00:00Z,22 14 52.0,333.71666666666664,-35 48 21,-35.80583333333333,139.9,18.5,40.51,40.5,Map/Offsets   !,https://cgi.minorplanetcenter.net/cgi-bin/confirmeph2.cgi
20260710T230001Z,2026-07-10T23:00:01.571037Z,20260710T230001Z_batch01,A11Eq8v,2026-07-11T07:00:00Z,22 17 01.4,334.2558333333334,-35 17 21,-35.28916666666667,139.6,18.5,40.83,40.2,Map/Offsets   !,https://cgi.minorplanetcenter.net/cgi-bin/confirmeph2.cgi
20260710T230001Z,2026-07-10T23:00:01.571037Z,20260710T230001Z_batch01,A11Eq8v,2026-07-11T08:00:00Z,22 19 10.1,334.7920833333333,-34 45 58,-34.76611111111111,139.2,18.5,41.15,39.9,Map/Offsets   !,https://cgi.minorplanetcenter.net/cgi-bin/confirmeph2.cgi
20260710T230001Z,2026-07-10T23:00:01.571037Z,20260710T230001Z_batch01,A11Eq8v,2026-07-11T09:00:00Z,22 21 18.2,335.3258333333333,-34 14 11,-34.23638888888889,138.9,18.5,41.45,39.6,Map/Offsets   !,https://cgi.minorplanetcenter.net/cgi-bin/confirmeph2.cgi
20260710T230001Z,2026-07-10T23:00:01.571037Z,20260710T230001Z_batch01,A11Eq8v,2026-07-11T10:00:00Z,22 23 25.5,335.85625,-33 42 02,-33.70055555555556,138.5,18.5,41.75,39.3,Map/Offsets   !,https://cgi.minorplanetcenter.net/cgi-bin/confirmeph2.cgi
20260710T230001Z,2026-07-10T23:00:01.571037Z,20260710T230001Z_batch01,A11Eq8v,2026-07-11T11:00:00Z,22 25 32.2,336.3841666666667,-33 09 31,-33.15861111111111,138.1,18.5,42.04,39.0,Map/Offsets   !,https://cgi.minorplanetcenter.net/cgi-bin/confirmeph2.cgi
20260710T230001Z,2026-07-10T23:00:01.571037Z,20260710T230001Z_batch01,A11Eq8v,2026-07-11T12:00:00Z,22 27 38.1,336.90875,-32 36 39,-32.61083333333333,137.7,18.5,42.32,38.7,Map/Offsets   !,https://cgi.minorplanetcenter.net/cgi-bin/confirmeph2.cgi
20260710T230001Z,2026-07-10T23:00:01.571037Z,20260710T230001Z_batch01,A11Eq8v,2026-07-11T13:00:00Z,22 29 43.3,337.4304166666667,-32 03 26,-32.05722222222222,137.3,18.5,42.59,38.4,Map/Offsets   !,https://cgi.minorplanetcenter.net/cgi-bin/confirmeph2.cgi
20260710T230001Z,2026-07-10T23:00:01.571037Z,20260710T230001Z_batch01,A11Eq8v,2026-07-11T14:00:00Z,22 31 47.8,337.94916666666666,-31 29 53,-31.498055555555556,136.9,18.5,42.85,38.1,Map/Offsets   !,https://cgi.minorplanetcenter.net/cgi-bin/confirmeph2.cgi
20260710T230001Z,2026-07-10T23:00:01.571037Z,20260710T230001Z_batch01,A11Eq8v,2026-07-11T15:00:00Z,22 33 51.4,338.4641666666667,-30 56 01,-30.933611111111112,136.5,18.5,43.1,37.8,Map/Offsets   !,https://cgi.minorplanetcenter.net/cgi-bin/confirmeph2.cgi
20260710T230001Z,2026-07-10T23:00:01.571037Z,20260710T230001Z_batch01,A11Eq8v,2026-07-11T16:00:00Z,22 35 54.3,338.97625,-30 21 50,-30.36388888888889,136.1,18.5,43.33,37.6,Map/Offsets   !,https://cgi.minorplanetcenter.net/cgi-bin/confirmeph2.cgi
20260710T230001Z,2026-07-10T23:00:01.571037Z,20260710T230001Z_batch01,A11Eq8v,2026-07-11T17:00:00Z,22 37 56.5,339.4854166666667,-29 47 20,-29.78888888888889,135.7,18.5,43.56,37.3,Map/Offsets   !,https://cgi.minorplanetcenter.net/cgi-bin/confirmeph2.cgi
20260710T230001Z,2026-07-10T23:00:01.571037Z,20260710T230001Z_batch01,A11Eq8v,2026-07-11T18:00:00Z,22 39 57.8,339.99083333333334,-29 12 33,-29.209166666666665,135.3,18.5,43.77,37.1,Map/Offsets   !,https://cgi.minorplanetcenter.net/cgi-bin/confirmeph2.cgi
20260710T230001Z,2026-07-10T23:00:01.571037Z,20260710T230001Z_batch01,A11Eq8v,2026-07-11T19:00:00Z,22 41 58.3,340.49291666666664,-28 37 29,-28.62472222222222,134.8,18.5,43.97,36.8,Map/Offsets   !,https://cgi.minorplanetcenter.net/cgi-bin/confirmeph2.cgi
20260710T230001Z,2026-07-10T23:00:01.571037Z,20260710T230001Z_batch01,A11Eq8v,2026-07-11T20:00:00Z,22 43 57.9,340.99125,-28 02 10,-28.03611111111111,134.4,18.5,44.15,36.6,Map/Offsets   !,https://cgi.minorplanetcenter.net/cgi-bin/confirmeph2.cgi
20260710T230001Z,2026-07-10T23:00:01.571037Z,20260710T230001Z_batch01,A11Eq8v,2026-07-11T21:00:00Z,22 45 56.8,341.4866666666667,-27 26 35,-27.443055555555556,134.0,18.5,44.33,36.3,Map/Offsets   !,https://cgi.minorplanetcenter.net/cgi-bin/confirmeph2.cgi
20260710T230001Z,2026-07-10T23:00:01.571037Z,20260710T230001Z_batch01,A11Eq8v,2026-07-11T22:00:00Z,22 47 54.8,341.97833333333335,-26 50 46,-26.84611111111111,133.5,18.5,44.49,36.1,Map/Offsets   !,https://cgi.minorplanetcenter.net/cgi-bin/confirmeph2.cgi
20260710T230001Z,2026-07-10T23:00:01.571037Z,20260710T230001Z_batch01,A11EpSe,2026-07-10T22:00:00Z,19 39 43.7,294.9320833333333,-29 53 55,-29.898611111111112,171.0,19.4,0.53,319.7,Map/Offsets,https://cgi.minorplanetcenter.net/cgi-bin/confirmeph2.cgi
20260710T230001Z,2026-07-10T23:00:01.571037Z,20260710T230001Z_batch01,A11EpSe,2026-07-10T23:00:00Z,19 39 42.2,294.9258333333333,-29 53 31,-29.891944444444444,171.0,19.3,0.53,319.7,Map/Offsets,https://cgi.minorplanetcenter.net/cgi-bin/confirmeph2.cgi
20260710T230001Z,2026-07-10T23:00:01.571037Z,20260710T230001Z_batch01,A11EpSe,2026-07-11T00:00:00Z,19 39 40.6,294.9191666666666,-29 53 06,-29.884999999999998,171.1,19.3,0.53,319.7,Map/Offsets,https://cgi.minorplanetcenter.net/cgi-bin/confirmeph2.cgi
20260710T230001Z,2026-07-10T23:00:01.571037Z,20260710T230001Z_batch01,A11EpSe,2026-07-11T01:00:00Z,19 39 39.0,294.91249999999997,-29 52 42,-29.878333333333334,171.1,19.3,0.53,319.7,Map/Offsets,https://cgi.minorplanetcenter.net/cgi-bin/confirmeph2.cgi
20260710T230001Z,2026-07-10T23:00:01.571037Z,20260710T230001Z_batch01,A11EpSe,2026-07-11T02:00:00Z,19 39 37.4,294.90583333333336,-29 52 17,-29.87138888888889,171.1,19.3,0.54,319.7,Map/Offsets,https://cgi.minorplanetcenter.net/cgi-bin/confirmeph2.cgi
20260710T230001Z,2026-07-10T23:00:01.571037Z,20260710T230001Z_batch01,A11EpSe,2026-07-11T03:00:00Z,19 39 35.8,294.89916666666664,-29 51 53,-29.864722222222223,171.1,19.3,0.54,319.7,Map/Offsets,https://cgi.minorplanetcenter.net/cgi-bin/confirmeph2.cgi
20260710T230001Z,2026-07-10T23:00:01.571037Z,20260710T230001Z_batch01,A11EpSe,2026-07-11T04:00:00Z,19 39 34.2,294.8925,-29 51 28,-29.85777777777778,171.2,19.3,0.54,319.7,Map/Offsets,https://cgi.minorplanetcenter.net/cgi-bin/confirmeph2.cgi
20260710T230001Z,2026-07-10T23:00:01.571037Z,20260710T230001Z_batch01,A11EpSe,2026-07-11T05:00:00Z,19 39 32.6,294.8858333333333,-29 51 04,-29.851111111111113,171.2,19.3,0.54,319.7,Map/Offsets,https://cgi.minorplanetcenter.net/cgi-bin/confirmeph2.cgi
20260710T230001Z,2026-07-10T23:00:01.571037Z,20260710T230001Z_batch01,A11EpSe,2026-07-11T06:00:00Z,19 39 31.0,294.87916666666666,-29 50 39,-29.844166666666666,171.2,19.3,0.54,319.7,Map/Offsets,https://cgi.minorplanetcenter.net/cgi-bin/confirmeph2.cgi
20260710T230001Z,2026-07-10T23:00:01.571037Z,20260710T230001Z_batch01,A11EpSe,2026-07-11T07:00:00Z,19 39 29.4,294.8725,-29 50 14,-29.83722222222222,171.2,19.3,0.54,319.7,Map/Offsets,https://cgi.minorplanetcenter.net/cgi-bin/confirmeph2.cgi
20260710T230001Z,2026-07-10T23:00:01.571037Z,20260710T230001Z_batch01,A11EpSe,2026-07-11T08:00:00Z,19 39 27.8,294.86583333333334,-29 49 50,-29.830555555555556,171.3,19.3,0.54,319.8,Map/Offsets,https://cgi.minorplanetcenter.net/cgi-bin/confirmeph2.cgi
20260710T230001Z,2026-07-10T23:00:01.571037Z,20260710T230001Z_batch01,A11EpSe,2026-07-11T09:00:00Z,19 39 26.1,294.85875,-29 49 25,-29.82361111111111,171.3,19.3,0.54,319.8,Map/Offsets,https://cgi.minorplanetcenter.net/cgi-bin/confirmeph2.cgi
20260710T230001Z,2026-07-10T23:00:01.571037Z,20260710T230001Z_batch01,A11EpSe,2026-07-11T10:00:00Z,19 39 24.5,294.8520833333333,-29 49 00,-29.816666666666666,171.3,19.3,0.54,319.8,Map/Offsets,https://cgi.minorplanetcenter.net/cgi-bin/confirmeph2.cgi
20260710T230001Z,2026-07-10T23:00:01.571037Z,20260710T230001Z_batch01,A11EpSe,2026-07-11T11:00:00Z,19 39 22.9,294.84541666666667,-29 48 35,-29.809722222222224,171.3,19.3,0.54,319.8,Map/Offsets,https://cgi.minorplanetcenter.net/cgi-bin/confirmeph2.cgi
20260710T230001Z,2026-07-10T23:00:01.571037Z,20260710T230001Z_batch01,A11EpSe,2026-07-11T12:00:00Z,19 39 21.3,294.83875,-29 48 11,-29.803055555555556,171.3,19.3,0.54,319.8,Map/Offsets,https://cgi.minorplanetcenter.net/cgi-bin/confirmeph2.cgi
20260710T230001Z,2026-07-10T23:00:01.571037Z,20260710T230001Z_batch01,A11EpSe,2026-07-11T13:00:00Z,19 39 19.7,294.83208333333334,-29 47 46,-29.796111111111113,171.4,19.3,0.54,319.8,Map/Offsets,https://cgi.minorplanetcenter.net/cgi-bin/confirmeph2.cgi
20260710T230001Z,2026-07-10T23:00:01.571037Z,20260710T230001Z_batch01,A11EpSe,2026-07-11T14:00:00Z,19 39 18.1,294.8254166666666,-29 47 21,-29.789166666666667,171.4,19.3,0.54,319.8,Map/Offsets,https://cgi.minorplanetcenter.net/cgi-bin/confirmeph2.cgi
20260710T230001Z,2026-07-10T23:00:01.571037Z,20260710T230001Z_batch01,A11EpSe,2026-07-11T15:00:00Z,19 39 16.5,294.81874999999997,-29 46 56,-29.78222222222222,171.4,19.3,0.54,319.8,Map/Offsets,https://cgi.minorplanetcenter.net/cgi-bin/confirmeph2.cgi
20260710T230001Z,2026-07-10T23:00:01.571037Z,20260710T230001Z_batch01,A11EpSe,2026-07-11T16:00:00Z,19 39 14.8,294.81166666666667,-29 46 31,-29.775277777777777,171.4,19.3,0.55,319.8,Map/Offsets,https://cgi.minorplanetcenter.net/cgi-bin/confirmeph2.cgi
20260710T230001Z,2026-07-10T23:00:01.571037Z,20260710T230001Z_batch01,A11EpSe,2026-07-11T17:00:00Z,19 39 13.2,294.805,-29 46 06,-29.76833333333333,171.4,19.3,0.55,319.8,Map/Offsets,https://cgi.minorplanetcenter.net/cgi-bin/confirmeph2.cgi
20260710T230001Z,2026-07-10T23:00:01.571037Z,20260710T230001Z_batch01,A11EpSe,2026-07-11T18:00:00Z,19 39 11.6,294.79833333333335,-29 45 41,-29.761388888888888,171.5,19.3,0.55,319.8,Map/Offsets,https://cgi.minorplanetcenter.net/cgi-bin/confirmeph2.cgi
20260710T230001Z,2026-07-10T23:00:01.571037Z,20260710T230001Z_batch01,A11EpSe,2026-07-11T19:00:00Z,19 39 10.0,294.79166666666663,-29 45 16,-29.754444444444445,171.5,19.3,0.55,319.9,Map/Offsets,https://cgi.minorplanetcenter.net/cgi-bin/confirmeph2.cgi
20260710T230001Z,2026-07-10T23:00:01.571037Z,20260710T230001Z_batch01,A11EpSe,2026-07-11T20:00:00Z,19 39 08.3,294.78458333333333,-29 44 51,-29.747500000000002,171.5,19.3,0.55,319.9,Map/Offsets,https://cgi.minorplanetcenter.net/cgi-bin/confirmeph2.cgi
20260710T230001Z,2026-07-10T23:00:01.571037Z,20260710T230001Z_batch01,A11EpSe,2026-07-11T21:00:00Z,19 39 06.7,294.77791666666667,-29 44 25,-29.740277777777777,171.5,19.3,0.55,319.9,Map/Offsets,https://cgi.minorplanetcenter.net/cgi-bin/confirmeph2.cgi
20260710T230001Z,2026-07-10T23:00:01.571037Z,20260710T230001Z_batch01,A11EpSe,2026-07-11T22:00:00Z,19 39 05.1,294.77125,-29 44 00,-29.733333333333334,171.5,19.3,0.55,319.9,Map/Offsets,https://cgi.minorplanetcenter.net/cgi-bin/confirmeph2.cgi
20260710T230001Z,2026-07-10T23:00:01.571037Z,20260710T230001Z_batch01,W2nCdO,2026-07-10T22:00:00Z,19 07 23.6,286.8483333333333,-24 29 57,-24.499166666666667,176.4,23.7,0.8,120.5,Map/Offsets,https://cgi.minorplanetcenter.net/cgi-bin/confirmeph2.cgi
20260710T230001Z,2026-07-10T23:00:01.571037Z,20260710T230001Z_batch01,W2nCdO,2026-07-10T23:00:00Z,19 07 26.7,286.86125000000004,-24 30 22,-24.50611111111111,176.4,23.7,0.8,120.5,Map/Offsets,https://cgi.minorplanetcenter.net/cgi-bin/confirmeph2.cgi
20260710T230001Z,2026-07-10T23:00:01.571037Z,20260710T230001Z_batch01,W2nCdO,2026-07-11T00:00:00Z,19 07 29.7,286.87375000000003,-24 30 46,-24.512777777777778,176.4,23.7,0.8,120.4,Map/Offsets,https://cgi.minorplanetcenter.net/cgi-bin/confirmeph2.cgi
20260710T230001Z,2026-07-10T23:00:01.571037Z,20260710T230001Z_batch01,W2nCdO,2026-07-11T01:00:00Z,19 07 32.7,286.88625,-24 31 10,-24.519444444444442,176.3,23.7,0.79,120.4,Map/Offsets,https://cgi.minorplanetcenter.net/cgi-bin/confirmeph2.cgi
20260710T230001Z,2026-07-10T23:00:01.571037Z,20260710T230001Z_batch01,W2nCdO,2026-07-11T02:00:00Z,19 07 35.7,286.89875,-24 31 34,-24.52611111111111,176.3,23.7,0.79,120.4,Map/Offsets,https://cgi.minorplanetcenter.net/cgi-bin/confirmeph2.cgi
20260710T230001Z,2026-07-10T23:00:01.571037Z,20260710T230001Z_batch01,W2nCdO,2026-07-11T03:00:00Z,19 07 38.7,286.91125000000005,-24 31 58,-24.532777777777778,176.3,23.7,0.79,120.4,Map/Offsets,https://cgi.minorplanetcenter.net/cgi-bin/confirmeph2.cgi
20260710T230001Z,2026-07-10T23:00:01.571037Z,20260710T230001Z_batch01,W2nCdO,2026-07-11T04:00:00Z,19 07 41.7,286.92375000000004,-24 32 22,-24.539444444444445,176.3,23.7,0.78,120.4,Map/Offsets,https://cgi.minorplanetcenter.net/cgi-bin/confirmeph2.cgi
20260710T230001Z,2026-07-10T23:00:01.571037Z,20260710T230001Z_batch01,W2nCdO,2026-07-11T05:00:00Z,19 07 44.7,286.93625000000003,-24 32 46,-24.546111111111113,176.2,23.7,0.78,120.4,Map/Offsets,https://cgi.minorplanetcenter.net/cgi-bin/confirmeph2.cgi
20260710T230001Z,2026-07-10T23:00:01.571037Z,20260710T230001Z_batch01,W2nCdO,2026-07-11T06:00:00Z,19 07 47.6,286.9483333333333,-24 33 09,-24.552500000000002,176.2,23.7,0.78,120.3,Map/Offsets,https://cgi.minorplanetcenter.net/cgi-bin/confirmeph2.cgi
20260710T230001Z,2026-07-10T23:00:01.571037Z,20260710T230001Z_batch01,W2nCdO,2026-07-11T07:00:00Z,19 07 50.6,286.9608333333333,-24 33 33,-24.559166666666666,176.2,23.7,0.78,120.3,Map/Offsets,https://cgi.minorplanetcenter.net/cgi-bin/confirmeph2.cgi
20260710T230001Z,2026-07-10T23:00:01.571037Z,20260710T230001Z_batch01,W2nCdO,2026-07-11T08:00:00Z,19 07 53.5,286.97291666666666,-24 33 56,-24.565555555555555,176.1,23.7,0.77,120.3,Map/Offsets,https://cgi.minorplanetcenter.net/cgi-bin/confirmeph2.cgi
20260710T230001Z,2026-07-10T23:00:01.571037Z,20260710T230001Z_batch01,W2nCdO,2026-07-11T09:00:00Z,19 07 56.5,286.9854166666667,-24 34 20,-24.572222222222223,176.1,23.7,0.77,120.3,Map/Offsets,https://cgi.minorplanetcenter.net/cgi-bin/confirmeph2.cgi
20260710T230001Z,2026-07-10T23:00:01.571037Z,20260710T230001Z_batch01,W2nCdO,2026-07-11T10:00:00Z,19 07 59.4,286.9975,-24 34 43,-24.578611111111112,176.1,23.7,0.77,120.3,Map/Offsets,https://cgi.minorplanetcenter.net/cgi-bin/confirmeph2.cgi
20260710T230001Z,2026-07-10T23:00:01.571037Z,20260710T230001Z_batch01,W2nCdO,2026-07-11T11:00:00Z,19 08 02.3,287.00958333333335,-24 35 06,-24.584999999999997,176.1,23.7,0.77,120.2,Map/Offsets,https://cgi.minorplanetcenter.net/cgi-bin/confirmeph2.cgi
20260710T230001Z,2026-07-10T23:00:01.571037Z,20260710T230001Z_batch01,W2nCdO,2026-07-11T12:00:00Z,19 08 05.2,287.02166666666665,-24 35 29,-24.591388888888886,176.0,23.7,0.76,120.2,Map/Offsets,https://cgi.minorplanetcenter.net/cgi-bin/confirmeph2.cgi
20260710T230001Z,2026-07-10T23:00:01.571037Z,20260710T230001Z_batch01,W2nCdO,2026-07-11T13:00:00Z,19 08 08.1,287.03375,-24 35 52,-24.597777777777775,176.0,23.8,0.76,120.2,Map/Offsets,https://cgi.minorplanetcenter.net/cgi-bin/confirmeph2.cgi
20260710T230001Z,2026-07-10T23:00:01.571037Z,20260710T230001Z_batch01,W2nCdO,2026-07-11T14:00:00Z,19 08 11.0,287.04583333333335,-24 36 15,-24.604166666666668,176.0,23.8,0.76,120.2,Map/Offsets,https://cgi.minorplanetcenter.net/cgi-bin/confirmeph2.cgi
20260710T230001Z,2026-07-10T23:00:01.571037Z,20260710T230001Z_batch01,W2nCdO,2026-07-11T15:00:00Z,19 08 13.9,287.05791666666664,-24 36 38,-24.610555555555557,175.9,23.8,0.75,120.2,Map/Offsets,https://cgi.minorplanetcenter.net/cgi-bin/confirmeph2.cgi
20260710T230001Z,2026-07-10T23:00:01.571037Z,20260710T230001Z_batch01,W2nCdO,2026-07-11T16:00:00Z,19 08 16.7,287.0695833333333,-24 37 01,-24.616944444444446,175.9,23.8,0.75,120.1,Map/Offsets,https://cgi.minorplanetcenter.net/cgi-bin/confirmeph2.cgi
20260710T230001Z,2026-07-10T23:00:01.571037Z,20260710T230001Z_batch01,W2nCdO,2026-07-11T17:00:00Z,19 08 19.6,287.08166666666665,-24 37 23,-24.623055555555556,175.9,23.8,0.75,120.1,Map/Offsets,https://cgi.minorplanetcenter.net/cgi-bin/confirmeph2.cgi
20260710T230001Z,2026-07-10T23:00:01.571037Z,20260710T230001Z_batch01,W2nCdO,2026-07-11T18:00:00Z,19 08 22.4,287.09333333333336,-24 37 46,-24.629444444444445,175.8,23.8,0.75,120.1,Map/Offsets,https://cgi.minorplanetcenter.net/cgi-bin/confirmeph2.cgi
20260710T230001Z,2026-07-10T23:00:01.571037Z,20260710T230001Z_batch01,W2nCdO,2026-07-11T19:00:00Z,19 08 25.3,287.10541666666666,-24 38 08,-24.635555555555555,175.8,23.8,0.74,120.1,Map/Offsets,https://cgi.minorplanetcenter.net/cgi-bin/confirmeph2.cgi
20260710T230001Z,2026-07-10T23:00:01.571037Z,20260710T230001Z_batch01,W2nCdO,2026-07-11T20:00:00Z,19 08 28.1,287.1170833333333,-24 38 31,-24.641944444444444,175.8,23.8,0.74,120.0,Map/Offsets,https://cgi.minorplanetcenter.net/cgi-bin/confirmeph2.cgi
20260710T230001Z,2026-07-10T23:00:01.571037Z,20260710T230001Z_batch01,W2nCdO,2026-07-11T21:00:00Z,19 08 30.9,287.12875,-24 38 53,-24.648055555555555,175.8,23.8,0.74,120.0,Map/Offsets,https://cgi.minorplanetcenter.net/cgi-bin/confirmeph2.cgi
20260710T230001Z,2026-07-10T23:00:01.571037Z,20260710T230001Z_batch01,W2nCdO,2026-07-11T22:00:00Z,19 08 33.7,287.1404166666667,-24 39 15,-24.654166666666665,175.7,23.8,0.74,120.0,Map/Offsets,https://cgi.minorplanetcenter.net/cgi-bin/confirmeph2.cgi
20260710T230001Z,2026-07-10T23:00:01.571037Z,20260710T230001Z_batch01,ST26G01,2026-07-10T22:00:00Z,20 20 15.4,305.0641666666666,-57 30 08,-57.50222222222222,143.0,21.2,15.03,121.9,Map/Offsets   !,https://cgi.minorplanetcenter.net/cgi-bin/confirmeph2.cgi
20260710T230001Z,2026-07-10T23:00:01.571037Z,20260710T230001Z_batch01,ST26G01,2026-07-10T23:00:00Z,20 21 49.9,305.4579166666667,-57 37 59,-57.63305555555556,142.8,21.2,14.76,121.6,Map/Offsets   !,https://cgi.minorplanetcenter.net/cgi-bin/confirmeph2.cgi
20260710T230001Z,2026-07-10T23:00:01.571037Z,20260710T230001Z_batch01,ST26G01,2026-07-11T00:00:00Z,20 23 23.3,305.84708333333333,-57 45 36,-57.76,142.6,21.2,14.5,121.3,Map/Offsets   !,https://cgi.minorplanetcenter.net/cgi-bin/confirmeph2.cgi
20260710T230001Z,2026-07-10T23:00:01.571037Z,20260710T230001Z_batch01,ST26G01,2026-07-11T01:00:00Z,20 24 55.7,306.2320833333333,-57 53 01,-57.88361111111111,142.4,21.2,14.24,120.9,Map/Offsets   !,https://cgi.minorplanetcenter.net/cgi-bin/confirmeph2.cgi
20260710T230001Z,2026-07-10T23:00:01.571037Z,20260710T230001Z_batch01,ST26G01,2026-07-11T02:00:00Z,20 26 27.1,306.61291666666665,-58 00 15,-58.00416666666667,142.2,21.3,13.98,120.6,Map/Offsets   !,https://cgi.minorplanetcenter.net/cgi-bin/confirmeph2.cgi
20260710T230001Z,2026-07-10T23:00:01.571037Z,20260710T230001Z_batch01,ST26G01,2026-07-11T03:00:00Z,20 27 57.5,306.9895833333333,-58 07 16,-58.12111111111111,142.0,21.3,13.74,120.3,Map/Offsets   !,https://cgi.minorplanetcenter.net/cgi-bin/confirmeph2.cgi
20260710T230001Z,2026-07-10T23:00:01.571037Z,20260710T230001Z_batch01,ST26G01,2026-07-11T04:00:00Z,20 29 26.8,307.3616666666667,-58 14 06,-58.235,141.8,21.3,13.5,120.0,Map/Offsets   !,https://cgi.minorplanetcenter.net/cgi-bin/confirmeph2.cgi
20260710T230001Z,2026-07-10T23:00:01.571037Z,20260710T230001Z_batch01,ST26G01,2026-07-11T05:00:00Z,20 30 55.2,307.73,-58 20 45,-58.34583333333334,141.6,21.3,13.26,119.6,Map/Offsets   !,https://cgi.minorplanetcenter.net/cgi-bin/confirmeph2.cgi
20260710T230001Z,2026-07-10T23:00:01.571037Z,20260710T230001Z_batch01,ST26G01,2026-07-11T06:00:00Z,20 32 22.6,308.0941666666667,-58 27 13,-58.453611111111115,141.5,21.4,13.03,119.3,Map/Offsets   !,https://cgi.minorplanetcenter.net/cgi-bin/confirmeph2.cgi
20260710T230001Z,2026-07-10T23:00:01.571037Z,20260710T230001Z_batch01,ST26G01,2026-07-11T07:00:00Z,20 33 49.0,308.45416666666665,-58 33 31,-58.558611111111105,141.3,21.4,12.81,119.0,Map/Offsets   !,https://cgi.minorplanetcenter.net/cgi-bin/confirmeph2.cgi
20260710T230001Z,2026-07-10T23:00:01.571037Z,20260710T230001Z_batch01,ST26G01,2026-07-11T08:00:00Z,20 35 14.4,308.81,-58 39 39,-58.66083333333333,141.1,21.4,12.59,118.7,Map/Offsets   !,https://cgi.minorplanetcenter.net/cgi-bin/confirmeph2.cgi
20260710T230001Z,2026-07-10T23:00:01.571037Z,20260710T230001Z_batch01,ST26G01,2026-07-11T09:00:00Z,20 36 38.9,309.1620833333334,-58 45 37,-58.76027777777778,141.0,21.4,12.38,118.4,Map/Offsets   !,https://cgi.minorplanetcenter.net/cgi-bin/confirmeph2.cgi
20260710T230001Z,2026-07-10T23:00:01.571037Z,20260710T230001Z_batch01,ST26G01,2026-07-11T10:00:00Z,20 38 02.4,309.51,-58 51 25,-58.856944444444444,140.8,21.5,12.17,118.1,Map/Offsets   !,https://cgi.minorplanetcenter.net/cgi-bin/confirmeph2.cgi
20260710T230001Z,2026-07-10T23:00:01.571037Z,20260710T230001Z_batch01,ST26G01,2026-07-11T11:00:00Z,20 39 25.0,309.85416666666663,-58 57 05,-58.95138888888889,140.6,21.5,11.97,117.8,Map/Offsets   !,https://cgi.minorplanetcenter.net/cgi-bin/confirmeph2.cgi
20260710T230001Z,2026-07-10T23:00:01.571037Z,20260710T230001Z_batch01,ST26G01,2026-07-11T12:00:00Z,20 40 46.6,310.19416666666666,-59 02 35,-59.043055555555554,140.5,21.5,11.77,117.5,Map/Offsets   !,https://cgi.minorplanetcenter.net/cgi-bin/confirmeph2.cgi
20260710T230001Z,2026-07-10T23:00:01.571037Z,20260710T230001Z_batch01,ST26G01,2026-07-11T13:00:00Z,20 42 07.3,310.5304166666666,-59 07 57,-59.1325,140.3,21.5,11.58,117.2,Map/Offsets   !,https://cgi.minorplanetcenter.net/cgi-bin/confirmeph2.cgi
20260710T230001Z,2026-07-10T23:00:01.571037Z,20260710T230001Z_batch01,ST26G01,2026-07-11T14:00:00Z,20 43 27.2,310.8633333333333,-59 13 10,-59.21944444444445,140.1,21.6,11.39,116.9,Map/Offsets   !,https://cgi.minorplanetcenter.net/cgi-bin/confirmeph2.cgi
20260710T230001Z,2026-07-10T23:00:01.571037Z,20260710T230001Z_batch01,ST26G01,2026-07-11T15:00:00Z,20 44 46.1,311.19208333333336,-59 18 15,-59.30416666666667,140.0,21.6,11.2,116.6,Map/Offsets   !,https://cgi.minorplanetcenter.net/cgi-bin/confirmeph2.cgi
20260710T230001Z,2026-07-10T23:00:01.571037Z,20260710T230001Z_batch01,ST26G01,2026-07-11T16:00:00Z,20 46 04.1,311.5170833333333,-59 23 12,-59.38666666666666,139.8,21.6,11.02,116.3,Map/Offsets   !,https://cgi.minorplanetcenter.net/cgi-bin/confirmeph2.cgi
20260710T230001Z,2026-07-10T23:00:01.571037Z,20260710T230001Z_batch01,ST26G01,2026-07-11T17:00:00Z,20 47 21.2,311.83833333333337,-59 28 02,-59.467222222222226,139.7,21.6,10.84,116.1,Map/Offsets   !,https://cgi.minorplanetcenter.net/cgi-bin/confirmeph2.cgi
20260710T230001Z,2026-07-10T23:00:01.571037Z,20260710T230001Z_batch01,ST26G01,2026-07-11T18:00:00Z,20 48 37.5,312.15625,-59 32 44,-59.54555555555555,139.6,21.6,10.67,115.8,Map/Offsets   !,https://cgi.minorplanetcenter.net/cgi-bin/confirmeph2.cgi
20260710T230001Z,2026-07-10T23:00:01.571037Z,20260710T230001Z_batch01,ST26G01,2026-07-11T19:00:00Z,20 49 52.9,312.47041666666667,-59 37 19,-59.621944444444445,139.4,21.7,10.5,115.5,Map/Offsets   !,https://cgi.minorplanetcenter.net/cgi-bin/confirmeph2.cgi
20260710T230001Z,2026-07-10T23:00:01.571037Z,20260710T230001Z_batch01,ST26G01,2026-07-11T20:00:00Z,20 51 07.4,312.7808333333333,-59 41 46,-59.69611111111111,139.3,21.7,10.33,115.2,Map/Offsets   !,https://cgi.minorplanetcenter.net/cgi-bin/confirmeph2.cgi
20260710T230001Z,2026-07-10T23:00:01.571037Z,20260710T230001Z_batch01,ST26G01,2026-07-11T21:00:00Z,20 52 21.1,313.0879166666667,-59 46 07,-59.76861111111111,139.1,21.7,10.17,114.9,Map/Offsets   !,https://cgi.minorplanetcenter.net/cgi-bin/confirmeph2.cgi
20260710T230001Z,2026-07-10T23:00:01.571037Z,20260710T230001Z_batch01,ST26G01,2026-07-11T22:00:00Z,20 53 34.0,313.39166666666665,-59 50 21,-59.83916666666667,139.0,21.7,10.01,114.7,Map/Offsets   !,https://cgi.minorplanetcenter.net/cgi-bin/confirmeph2.cgi
20260710T230001Z,2026-07-10T23:00:01.571037Z,20260710T230001Z_batch01,P22nTNT,2026-07-10T22:00:00Z,18 18 24.7,274.60291666666666,+17 44 04,17.734444444444446,137.4,21.0,0.8,205.7,Map/Offsets,https://cgi.minorplanetcenter.net/cgi-bin/confirmeph2.cgi
20260710T230001Z,2026-07-10T23:00:01.571037Z,20260710T230001Z_batch01,P22nTNT,2026-07-10T23:00:00Z,18 18 23.2,274.5966666666667,+17 43 21,17.722499999999997,137.4,21.0,0.8,205.7,Map/Offsets,https://cgi.minorplanetcenter.net/cgi-bin/confirmeph2.cgi
20260710T230001Z,2026-07-10T23:00:01.571037Z,20260710T230001Z_batch01,P22nTNT,2026-07-11T00:00:00Z,18 18 21.8,274.59083333333336,+17 42 37,17.710277777777776,137.4,21.0,0.8,205.6,Map/Offsets,https://cgi.minorplanetcenter.net/cgi-bin/confirmeph2.cgi
20260710T230001Z,2026-07-10T23:00:01.571037Z,20260710T230001Z_batch01,P22nTNT,2026-07-11T01:00:00Z,18 18 20.3,274.58458333333334,+17 41 54,17.698333333333334,137.4,21.0,0.8,205.5,Map/Offsets,https://cgi.minorplanetcenter.net/cgi-bin/confirmeph2.cgi
20260710T230001Z,2026-07-10T23:00:01.571037Z,20260710T230001Z_batch01,P22nTNT,2026-07-11T02:00:00Z,18 18 18.9,274.57875,+17 41 11,17.68638888888889,137.4,21.0,0.8,205.5,Map/Offsets,https://cgi.minorplanetcenter.net/cgi-bin/confirmeph2.cgi
20260710T230001Z,2026-07-10T23:00:01.571037Z,20260710T230001Z_batch01,P22nTNT,2026-07-11T03:00:00Z,18 18 17.4,274.5725,+17 40 27,17.674166666666668,137.4,21.0,0.8,205.4,Map/Offsets,https://cgi.minorplanetcenter.net/cgi-bin/confirmeph2.cgi
20260710T230001Z,2026-07-10T23:00:01.571037Z,20260710T230001Z_batch01,P22nTNT,2026-07-11T04:00:00Z,18 18 16.0,274.56666666666666,+17 39 44,17.66222222222222,137.4,21.0,0.8,205.4,Map/Offsets,https://cgi.minorplanetcenter.net/cgi-bin/confirmeph2.cgi
20260710T230001Z,2026-07-10T23:00:01.571037Z,20260710T230001Z_batch01,P22nTNT,2026-07-11T05:00:00Z,18 18 14.5,274.5604166666667,+17 39 00,17.65,137.4,21.0,0.8,205.3,Map/Offsets,https://cgi.minorplanetcenter.net/cgi-bin/confirmeph2.cgi
20260710T230001Z,2026-07-10T23:00:01.571037Z,20260710T230001Z_batch01,P22nTNT,2026-07-11T06:00:00Z,18 18 13.1,274.55458333333337,+17 38 17,17.638055555555557,137.4,21.0,0.8,205.3,Map/Offsets,https://cgi.minorplanetcenter.net/cgi-bin/confirmeph2.cgi
20260710T230001Z,2026-07-10T23:00:01.571037Z,20260710T230001Z_batch01,P22nTNT,2026-07-11T07:00:00Z,18 18 11.7,274.54875000000004,+17 37 33,17.625833333333333,137.4,21.0,0.8,205.2,Map/Offsets,https://cgi.minorplanetcenter.net/cgi-bin/confirmeph2.cgi
20260710T230001Z,2026-07-10T23:00:01.571037Z,20260710T230001Z_batch01,P22nTNT,2026-07-11T08:00:00Z,18 18 10.2,274.5425,+17 36 49,17.613611111111112,137.4,21.0,0.81,205.1,Map/Offsets,https://cgi.minorplanetcenter.net/cgi-bin/confirmeph2.cgi
20260710T230001Z,2026-07-10T23:00:01.571037Z,20260710T230001Z_batch01,P22nTNT,2026-07-11T09:00:00Z,18 18 08.8,274.53666666666663,+17 36 05,17.60138888888889,137.4,21.0,0.81,205.1,Map/Offsets,https://cgi.minorplanetcenter.net/cgi-bin/confirmeph2.cgi
20260710T230001Z,2026-07-10T23:00:01.571037Z,20260710T230001Z_batch01,P22nTNT,2026-07-11T10:00:00Z,18 18 07.4,274.5308333333333,+17 35 22,17.589444444444442,137.4,21.0,0.81,205.0,Map/Offsets,https://cgi.minorplanetcenter.net/cgi-bin/confirmeph2.cgi
20260710T230001Z,2026-07-10T23:00:01.571037Z,20260710T230001Z_batch01,P22nTNT,2026-07-11T11:00:00Z,18 18 05.9,274.52458333333334,+17 34 38,17.577222222222222,137.4,21.0,0.81,205.0,Map/Offsets,https://cgi.minorplanetcenter.net/cgi-bin/confirmeph2.cgi
20260710T230001Z,2026-07-10T23:00:01.571037Z,20260710T230001Z_batch01,P22nTNT,2026-07-11T12:00:00Z,18 18 04.5,274.51875,+17 33 54,17.565,137.4,21.0,0.81,204.9,Map/Offsets,https://cgi.minorplanetcenter.net/cgi-bin/confirmeph2.cgi
20260710T230001Z,2026-07-10T23:00:01.571037Z,20260710T230001Z_batch01,P22nTNT,2026-07-11T13:00:00Z,18 18 03.1,274.5129166666667,+17 33 10,17.552777777777777,137.4,21.0,0.81,204.9,Map/Offsets,https://cgi.minorplanetcenter.net/cgi-bin/confirmeph2.cgi
20260710T230001Z,2026-07-10T23:00:01.571037Z,20260710T230001Z_batch01,P22nTNT,2026-07-11T14:00:00Z,18 18 01.6,274.50666666666666,+17 32 26,17.540555555555557,137.4,21.0,0.81,204.8,Map/Offsets,https://cgi.minorplanetcenter.net/cgi-bin/confirmeph2.cgi
20260710T230001Z,2026-07-10T23:00:01.571037Z,20260710T230001Z_batch01,P22nTNT,2026-07-11T15:00:00Z,18 18 00.2,274.50083333333333,+17 31 42,17.528333333333332,137.4,21.0,0.81,204.7,Map/Offsets,https://cgi.minorplanetcenter.net/cgi-bin/confirmeph2.cgi
20260710T230001Z,2026-07-10T23:00:01.571037Z,20260710T230001Z_batch01,P22nTNT,2026-07-11T16:00:00Z,18 17 58.8,274.495,+17 30 58,17.516111111111112,137.4,21.0,0.81,204.7,Map/Offsets,https://cgi.minorplanetcenter.net/cgi-bin/confirmeph2.cgi
20260710T230001Z,2026-07-10T23:00:01.571037Z,20260710T230001Z_batch01,P22nTNT,2026-07-11T17:00:00Z,18 17 57.4,274.4891666666667,+17 30 13,17.503611111111113,137.4,21.0,0.81,204.6,Map/Offsets,https://cgi.minorplanetcenter.net/cgi-bin/confirmeph2.cgi
20260710T230001Z,2026-07-10T23:00:01.571037Z,20260710T230001Z_batch01,P22nTNT,2026-07-11T18:00:00Z,18 17 56.0,274.48333333333335,+17 29 29,17.49138888888889,137.4,21.0,0.81,204.6,Map/Offsets,https://cgi.minorplanetcenter.net/cgi-bin/confirmeph2.cgi
20260710T230001Z,2026-07-10T23:00:01.571037Z,20260710T230001Z_batch01,P22nTNT,2026-07-11T19:00:00Z,18 17 54.6,274.4775,+17 28 45,17.479166666666664,137.4,21.0,0.81,204.5,Map/Offsets,https://cgi.minorplanetcenter.net/cgi-bin/confirmeph2.cgi
20260710T230001Z,2026-07-10T23:00:01.571037Z,20260710T230001Z_batch01,P22nTNT,2026-07-11T20:00:00Z,18 17 53.1,274.47125,+17 28 00,17.466666666666665,137.4,21.0,0.81,204.4,Map/Offsets,https://cgi.minorplanetcenter.net/cgi-bin/confirmeph2.cgi
20260710T230001Z,2026-07-10T23:00:01.571037Z,20260710T230001Z_batch01,P22nTNT,2026-07-11T21:00:00Z,18 17 51.7,274.46541666666667,+17 27 16,17.454444444444444,137.4,21.0,0.81,204.4,Map/Offsets,https://cgi.minorplanetcenter.net/cgi-bin/confirmeph2.cgi
20260710T230001Z,2026-07-10T23:00:01.571037Z,20260710T230001Z_batch01,P22nTNT,2026-07-11T22:00:00Z,18 17 50.3,274.45958333333334,+17 26 31,17.441944444444445,137.4,21.0,0.81,204.3,Map/Offsets,https://cgi.minorplanetcenter.net/cgi-bin/confirmeph2.cgi
20260710T230001Z,2026-07-10T23:00:01.571037Z,20260710T230001Z_batch01,P22nTLB,2026-07-10T22:00:00Z,17 41 59.9,265.4995833333333,+07 53 16,7.887777777777777,141.6,22.2,0.95,220.0,Map/Offsets,https://cgi.minorplanetcenter.net/cgi-bin/confirmeph2.cgi
20260710T230001Z,2026-07-10T23:00:01.571037Z,20260710T230001Z_batch01,P22nTLB,2026-07-10T23:00:00Z,17 41 57.4,265.4891666666667,+07 52 32,7.875555555555556,141.6,22.2,0.95,220.0,Map/Offsets,https://cgi.minorplanetcenter.net/cgi-bin/confirmeph2.cgi
20260710T230001Z,2026-07-10T23:00:01.571037Z,20260710T230001Z_batch01,P22nTLB,2026-07-11T00:00:00Z,17 41 55.0,265.4791666666667,+07 51 48,7.863333333333333,141.6,22.2,0.95,219.9,Map/Offsets,https://cgi.minorplanetcenter.net/cgi-bin/confirmeph2.cgi
20260710T230001Z,2026-07-10T23:00:01.571037Z,20260710T230001Z_batch01,P22nTLB,2026-07-11T01:00:00Z,17 41 52.5,265.46875,+07 51 05,7.851388888888889,141.6,22.2,0.95,219.9,Map/Offsets,https://cgi.minorplanetcenter.net/cgi-bin/confirmeph2.cgi
20260710T230001Z,2026-07-10T23:00:01.571037Z,20260710T230001Z_batch01,P22nTLB,2026-07-11T02:00:00Z,17 41 50.1,265.45875,+07 50 21,7.839166666666666,141.6,22.2,0.95,219.8,Map/Offsets,https://cgi.minorplanetcenter.net/cgi-bin/confirmeph2.cgi
20260710T230001Z,2026-07-10T23:00:01.571037Z,20260710T230001Z_batch01,P22nTLB,2026-07-11T03:00:00Z,17 41 47.6,265.4483333333333,+07 49 37,7.826944444444444,141.5,22.2,0.95,219.8,Map/Offsets,https://cgi.minorplanetcenter.net/cgi-bin/confirmeph2.cgi
20260710T230001Z,2026-07-10T23:00:01.571037Z,20260710T230001Z_batch01,P22nTLB,2026-07-11T04:00:00Z,17 41 45.2,265.43833333333333,+07 48 53,7.814722222222222,141.5,22.2,0.95,219.7,Map/Offsets,https://cgi.minorplanetcenter.net/cgi-bin/confirmeph2.cgi
20260710T230001Z,2026-07-10T23:00:01.571037Z,20260710T230001Z_batch01,P22nTLB,2026-07-11T05:00:00Z,17 41 42.7,265.4279166666667,+07 48 09,7.8025,141.5,22.2,0.95,219.7,Map/Offsets,https://cgi.minorplanetcenter.net/cgi-bin/confirmeph2.cgi
20260710T230001Z,2026-07-10T23:00:01.571037Z,20260710T230001Z_batch01,P22nTLB,2026-07-11T06:00:00Z,17 41 40.3,265.41791666666666,+07 47 26,7.790555555555556,141.5,22.2,0.95,219.6,Map/Offsets,https://cgi.minorplanetcenter.net/cgi-bin/confirmeph2.cgi
20260710T230001Z,2026-07-10T23:00:01.571037Z,20260710T230001Z_batch01,P22nTLB,2026-07-11T07:00:00Z,17 41 37.8,265.4075,+07 46 42,7.778333333333333,141.5,22.2,0.95,219.5,Map/Offsets,https://cgi.minorplanetcenter.net/cgi-bin/confirmeph2.cgi
20260710T230001Z,2026-07-10T23:00:01.571037Z,20260710T230001Z_batch01,P22nTLB,2026-07-11T08:00:00Z,17 41 35.4,265.3975,+07 45 58,7.766111111111111,141.4,22.2,0.95,219.5,Map/Offsets,https://cgi.minorplanetcenter.net/cgi-bin/confirmeph2.cgi
20260710T230001Z,2026-07-10T23:00:01.571037Z,20260710T230001Z_batch01,P22nTLB,2026-07-11T09:00:00Z,17 41 33.0,265.3875,+07 45 14,7.753888888888889,141.4,22.2,0.95,219.4,Map/Offsets,https://cgi.minorplanetcenter.net/cgi-bin/confirmeph2.cgi
20260710T230001Z,2026-07-10T23:00:01.571037Z,20260710T230001Z_batch01,P22nTLB,2026-07-11T10:00:00Z,17 41 30.5,265.37708333333336,+07 44 30,7.741666666666667,141.4,22.2,0.95,219.4,Map/Offsets,https://cgi.minorplanetcenter.net/cgi-bin/confirmeph2.cgi
20260710T230001Z,2026-07-10T23:00:01.571037Z,20260710T230001Z_batch01,P22nTLB,2026-07-11T11:00:00Z,17 41 28.1,265.36708333333337,+07 43 46,7.729444444444445,141.4,22.2,0.95,219.3,Map/Offsets,https://cgi.minorplanetcenter.net/cgi-bin/confirmeph2.cgi
20260710T230001Z,2026-07-10T23:00:01.571037Z,20260710T230001Z_batch01,P22nTLB,2026-07-11T12:00:00Z,17 41 25.7,265.3570833333333,+07 43 02,7.717222222222222,141.4,22.2,0.95,219.3,Map/Offsets,https://cgi.minorplanetcenter.net/cgi-bin/confirmeph2.cgi
20260710T230001Z,2026-07-10T23:00:01.571037Z,20260710T230001Z_batch01,P22nTLB,2026-07-11T13:00:00Z,17 41 23.2,265.3466666666667,+07 42 17,7.704722222222222,141.3,22.2,0.95,219.2,Map/Offsets,https://cgi.minorplanetcenter.net/cgi-bin/confirmeph2.cgi
20260710T230001Z,2026-07-10T23:00:01.571037Z,20260710T230001Z_batch01,P22nTLB,2026-07-11T14:00:00Z,17 41 20.8,265.33666666666664,+07 41 33,7.6925,141.3,22.2,0.95,219.2,Map/Offsets,https://cgi.minorplanetcenter.net/cgi-bin/confirmeph2.cgi
20260710T230001Z,2026-07-10T23:00:01.571037Z,20260710T230001Z_batch01,P22nTLB,2026-07-11T15:00:00Z,17 41 18.4,265.3266666666667,+07 40 49,7.680277777777778,141.3,22.2,0.95,219.1,Map/Offsets,https://cgi.minorplanetcenter.net/cgi-bin/confirmeph2.cgi
20260710T230001Z,2026-07-10T23:00:01.571037Z,20260710T230001Z_batch01,P22nTLB,2026-07-11T16:00:00Z,17 41 16.0,265.31666666666666,+07 40 05,7.668055555555556,141.3,22.2,0.95,219.1,Map/Offsets,https://cgi.minorplanetcenter.net/cgi-bin/confirmeph2.cgi
20260710T230001Z,2026-07-10T23:00:01.571037Z,20260710T230001Z_batch01,P22nTLB,2026-07-11T17:00:00Z,17 41 13.6,265.3066666666667,+07 39 21,7.655833333333334,141.3,22.2,0.95,219.0,Map/Offsets,https://cgi.minorplanetcenter.net/cgi-bin/confirmeph2.cgi
20260710T230001Z,2026-07-10T23:00:01.571037Z,20260710T230001Z_batch01,P22nTLB,2026-07-11T18:00:00Z,17 41 11.1,265.29625,+07 38 36,7.643333333333333,141.3,22.2,0.95,219.0,Map/Offsets,https://cgi.minorplanetcenter.net/cgi-bin/confirmeph2.cgi
20260710T230001Z,2026-07-10T23:00:01.571037Z,20260710T230001Z_batch01,P22nTLB,2026-07-11T19:00:00Z,17 41 08.7,265.28625,+07 37 52,7.631111111111111,141.2,22.2,0.95,218.9,Map/Offsets,https://cgi.minorplanetcenter.net/cgi-bin/confirmeph2.cgi
20260710T230001Z,2026-07-10T23:00:01.571037Z,20260710T230001Z_batch01,P22nTLB,2026-07-11T20:00:00Z,17 41 06.3,265.27625,+07 37 08,7.61888888888889,141.2,22.2,0.95,218.9,Map/Offsets,https://cgi.minorplanetcenter.net/cgi-bin/confirmeph2.cgi
20260710T230001Z,2026-07-10T23:00:01.571037Z,20260710T230001Z_batch01,P22nTLB,2026-07-11T21:00:00Z,17 41 03.9,265.26625,+07 36 23,7.606388888888889,141.2,22.2,0.95,218.8,Map/Offsets,https://cgi.minorplanetcenter.net/cgi-bin/confirmeph2.cgi
20260710T230001Z,2026-07-10T23:00:01.571037Z,20260710T230001Z_batch01,P22nTLB,2026-07-11T22:00:00Z,17 41 01.5,265.25625,+07 35 39,7.594166666666666,141.2,22.2,0.95,218.8,Map/Offsets,https://cgi.minorplanetcenter.net/cgi-bin/confirmeph2.cgi
20260710T230001Z,2026-07-10T23:00:01.571037Z,20260710T230001Z_batch01,8N8R001,2026-07-10T22:00:00Z,05 17 34.1,79.39208333333333,-02 26 09,-2.4358333333333335,38.6,29.5,0.4,2.6,Map/Offsets   !,https://cgi.minorplanetcenter.net/cgi-bin/confirmeph2.cgi
20260710T230001Z,2026-07-10T23:00:01.571037Z,20260710T230001Z_batch01,8N8R001,2026-07-10T23:00:00Z,05 17 34.1,79.39208333333333,-02 25 46,-2.4294444444444445,38.6,29.5,0.39,2.9,Map/Offsets   !,https://cgi.minorplanetcenter.net/cgi-bin/confirmeph2.cgi
20260710T230001Z,2026-07-10T23:00:01.571037Z,20260710T230001Z_batch01,8N8R001,2026-07-11T00:00:00Z,05 17 34.2,79.3925,-02 25 22,-2.4227777777777777,38.6,29.5,0.39,3.2,Map/Offsets   !,https://cgi.minorplanetcenter.net/cgi-bin/confirmeph2.cgi
20260710T230001Z,2026-07-10T23:00:01.571037Z,20260710T230001Z_batch01,8N8R001,2026-07-11T01:00:00Z,05 17 34.3,79.39291666666666,-02 24 59,-2.4163888888888887,38.7,29.5,0.38,3.5,Map/Offsets   !,https://cgi.minorplanetcenter.net/cgi-bin/confirmeph2.cgi
20260710T230001Z,2026-07-10T23:00:01.571037Z,20260710T230001Z_batch01,8N8R001,2026-07-11T02:00:00Z,05 17 34.4,79.39333333333335,-02 24 36,-2.4099999999999997,38.7,29.5,0.38,3.8,Map/Offsets,https://cgi.minorplanetcenter.net/cgi-bin/confirmeph2.cgi
20260710T230001Z,2026-07-10T23:00:01.571037Z,20260710T230001Z_batch01,8N8R001,2026-07-11T03:00:00Z,05 17 34.5,79.39375,-02 24 14,-2.403888888888889,38.7,29.5,0.37,4.1,Map/Offsets,https://cgi.minorplanetcenter.net/cgi-bin/confirmeph2.cgi
20260710T230001Z,2026-07-10T23:00:01.571037Z,20260710T230001Z_batch01,8N8R001,2026-07-11T04:00:00Z,05 17 34.6,79.39416666666666,-02 23 51,-2.3975,38.7,29.6,0.37,4.4,Map/Offsets,https://cgi.minorplanetcenter.net/cgi-bin/confirmeph2.cgi
20260710T230001Z,2026-07-10T23:00:01.571037Z,20260710T230001Z_batch01,8N8R001,2026-07-11T05:00:00Z,05 17 34.7,79.39458333333333,-02 23 30,-2.3916666666666666,38.8,29.6,0.36,4.7,Map/Offsets,https://cgi.minorplanetcenter.net/cgi-bin/confirmeph2.cgi
20260710T230001Z,2026-07-10T23:00:01.571037Z,20260710T230001Z_batch01,8N8R001,2026-07-11T06:00:00Z,05 17 34.9,79.39541666666666,-02 23 08,-2.3855555555555554,38.8,29.6,0.36,5.0,Map/Offsets,https://cgi.minorplanetcenter.net/cgi-bin/confirmeph2.cgi
20260710T230001Z,2026-07-10T23:00:01.571037Z,20260710T230001Z_batch01,8N8R001,2026-07-11T07:00:00Z,05 17 35.0,79.39583333333333,-02 22 47,-2.379722222222222,38.8,29.6,0.36,5.3,Map/Offsets,https://cgi.minorplanetcenter.net/cgi-bin/confirmeph2.cgi
20260710T230001Z,2026-07-10T23:00:01.571037Z,20260710T230001Z_batch01,8N8R001,2026-07-11T08:00:00Z,05 17 35.1,79.39625000000001,-02 22 25,-2.3736111111111113,38.8,29.6,0.35,5.6,Map/Offsets,https://cgi.minorplanetcenter.net/cgi-bin/confirmeph2.cgi
20260710T230001Z,2026-07-10T23:00:01.571037Z,20260710T230001Z_batch01,8N8R001,2026-07-11T09:00:00Z,05 17 35.3,79.39708333333333,-02 22 05,-2.368055555555556,38.9,29.6,0.35,5.9,Map/Offsets,https://cgi.minorplanetcenter.net/cgi-bin/confirmeph2.cgi
20260710T230001Z,2026-07-10T23:00:01.571037Z,20260710T230001Z_batch01,8N8R001,2026-07-11T10:00:00Z,05 17 35.4,79.3975,-02 21 44,-2.3622222222222224,38.9,29.6,0.34,6.2,Map/Offsets,https://cgi.minorplanetcenter.net/cgi-bin/confirmeph2.cgi
20260710T230001Z,2026-07-10T23:00:01.571037Z,20260710T230001Z_batch01,8N8R001,2026-07-11T11:00:00Z,05 17 35.6,79.39833333333333,-02 21 24,-2.356666666666667,38.9,29.6,0.34,6.5,Map/Offsets,https://cgi.minorplanetcenter.net/cgi-bin/confirmeph2.cgi
20260710T230001Z,2026-07-10T23:00:01.571037Z,20260710T230001Z_batch01,8N8R001,2026-07-11T12:00:00Z,05 17 35.7,79.39874999999999,-02 21 03,-2.3508333333333336,38.9,29.7,0.34,6.8,Map/Offsets,https://cgi.minorplanetcenter.net/cgi-bin/confirmeph2.cgi
20260710T230001Z,2026-07-10T23:00:01.571037Z,20260710T230001Z_batch01,8N8R001,2026-07-11T13:00:00Z,05 17 35.9,79.39958333333334,-02 20 43,-2.345277777777778,39.0,29.7,0.33,7.2,Map/Offsets,https://cgi.minorplanetcenter.net/cgi-bin/confirmeph2.cgi
20260710T230001Z,2026-07-10T23:00:01.571037Z,20260710T230001Z_batch01,8N8R001,2026-07-11T14:00:00Z,05 17 36.0,79.39999999999999,-02 20 24,-2.3400000000000003,39.0,29.7,0.33,7.5,Map/Offsets,https://cgi.minorplanetcenter.net/cgi-bin/confirmeph2.cgi
20260710T230001Z,2026-07-10T23:00:01.571037Z,20260710T230001Z_batch01,8N8R001,2026-07-11T15:00:00Z,05 17 36.2,79.40083333333334,-02 20 04,-2.3344444444444448,39.0,29.7,0.33,7.8,Map/Offsets,https://cgi.minorplanetcenter.net/cgi-bin/confirmeph2.cgi
20260710T230001Z,2026-07-10T23:00:01.571037Z,20260710T230001Z_batch01,8N8R001,2026-07-11T16:00:00Z,05 17 36.4,79.40166666666666,-02 19 45,-2.3291666666666666,39.0,29.7,0.32,8.1,Map/Offsets,https://cgi.minorplanetcenter.net/cgi-bin/confirmeph2.cgi
20260710T230001Z,2026-07-10T23:00:01.571037Z,20260710T230001Z_batch01,8N8R001,2026-07-11T17:00:00Z,05 17 36.6,79.4025,-02 19 26,-2.3238888888888884,39.1,29.7,0.32,8.4,Map/Offsets,https://cgi.minorplanetcenter.net/cgi-bin/confirmeph2.cgi
20260710T230001Z,2026-07-10T23:00:01.571037Z,20260710T230001Z_batch01,8N8R001,2026-07-11T18:00:00Z,05 17 36.8,79.40333333333334,-02 19 07,-2.3186111111111107,39.1,29.7,0.32,8.8,Map/Offsets,https://cgi.minorplanetcenter.net/cgi-bin/confirmeph2.cgi
20260710T230001Z,2026-07-10T23:00:01.571037Z,20260710T230001Z_batch01,8N8R001,2026-07-11T19:00:00Z,05 17 37.0,79.40416666666667,-02 18 48,-2.313333333333333,39.1,29.7,0.31,9.1,Map/Offsets,https://cgi.minorplanetcenter.net/cgi-bin/confirmeph2.cgi
20260710T230001Z,2026-07-10T23:00:01.571037Z,20260710T230001Z_batch01,8N8R001,2026-07-11T20:00:00Z,05 17 37.2,79.405,-02 18 30,-2.308333333333333,39.1,29.7,0.31,9.4,Map/Offsets,https://cgi.minorplanetcenter.net/cgi-bin/confirmeph2.cgi
20260710T230001Z,2026-07-10T23:00:01.571037Z,20260710T230001Z_batch01,8N8R001,2026-07-11T21:00:00Z,05 17 37.4,79.40583333333333,-02 18 12,-2.3033333333333332,39.2,29.8,0.31,9.7,Map/Offsets,https://cgi.minorplanetcenter.net/cgi-bin/confirmeph2.cgi
20260710T230001Z,2026-07-10T23:00:01.571037Z,20260710T230001Z_batch01,8N8R001,2026-07-11T22:00:00Z,05 17 37.6,79.40666666666667,-02 17 53,-2.2980555555555555,39.2,29.8,0.31,10.1,Map/Offsets,https://cgi.minorplanetcenter.net/cgi-bin/confirmeph2.cgi
20260710T230001Z,2026-07-10T23:00:01.571037Z,20260710T230001Z_batch01,OMO0297,2026-07-10T22:00:00Z,23 38 54.9,354.72875,+03 49 12,3.82,111.5,21.9,1.25,82.2,Map/Offsets,https://cgi.minorplanetcenter.net/cgi-bin/confirmeph2.cgi
20260710T230001Z,2026-07-10T23:00:01.571037Z,20260710T230001Z_batch01,OMO0297,2026-07-10T23:00:00Z,23 38 59.9,354.7495833333333,+03 49 23,3.8230555555555554,111.5,21.9,1.25,82.2,Map/Offsets,https://cgi.minorplanetcenter.net/cgi-bin/confirmeph2.cgi
20260710T230001Z,2026-07-10T23:00:01.571037Z,20260710T230001Z_batch01,OMO0297,2026-07-11T00:00:00Z,23 39 04.9,354.7704166666667,+03 49 33,3.825833333333333,111.5,21.9,1.25,82.2,Map/Offsets,https://cgi.minorplanetcenter.net/cgi-bin/confirmeph2.cgi
20260710T230001Z,2026-07-10T23:00:01.571037Z,20260710T230001Z_batch01,OMO0297,2026-07-11T01:00:00Z,23 39 09.9,354.79125,+03 49 43,3.828611111111111,111.6,21.9,1.25,82.2,Map/Offsets,https://cgi.minorplanetcenter.net/cgi-bin/confirmeph2.cgi
20260710T230001Z,2026-07-10T23:00:01.571037Z,20260710T230001Z_batch01,OMO0297,2026-07-11T02:00:00Z,23 39 14.8,354.81166666666667,+03 49 53,3.8313888888888887,111.6,21.9,1.25,82.2,Map/Offsets,https://cgi.minorplanetcenter.net/cgi-bin/confirmeph2.cgi
20260710T230001Z,2026-07-10T23:00:01.571037Z,20260710T230001Z_batch01,OMO0297,2026-07-11T03:00:00Z,23 39 19.8,354.8325,+03 50 03,3.834166666666667,111.6,21.9,1.25,82.3,Map/Offsets,https://cgi.minorplanetcenter.net/cgi-bin/confirmeph2.cgi
20260710T230001Z,2026-07-10T23:00:01.571037Z,20260710T230001Z_batch01,OMO0297,2026-07-11T04:00:00Z,23 39 24.7,354.85291666666666,+03 50 13,3.8369444444444447,111.6,21.9,1.25,82.3,Map/Offsets,https://cgi.minorplanetcenter.net/cgi-bin/confirmeph2.cgi
20260710T230001Z,2026-07-10T23:00:01.571037Z,20260710T230001Z_batch01,OMO0297,2026-07-11T05:00:00Z,23 39 29.7,354.87375,+03 50 23,3.8397222222222225,111.6,21.9,1.25,82.3,Map/Offsets,https://cgi.minorplanetcenter.net/cgi-bin/confirmeph2.cgi
20260710T230001Z,2026-07-10T23:00:01.571037Z,20260710T230001Z_batch01,OMO0297,2026-07-11T06:00:00Z,23 39 34.6,354.89416666666665,+03 50 33,3.8425000000000002,111.7,21.9,1.25,82.3,Map/Offsets,https://cgi.minorplanetcenter.net/cgi-bin/confirmeph2.cgi
20260710T230001Z,2026-07-10T23:00:01.571037Z,20260710T230001Z_batch01,OMO0297,2026-07-11T07:00:00Z,23 39 39.6,354.91499999999996,+03 50 43,3.845277777777778,111.7,21.9,1.25,82.3,Map/Offsets,https://cgi.minorplanetcenter.net/cgi-bin/confirmeph2.cgi
20260710T230001Z,2026-07-10T23:00:01.571037Z,20260710T230001Z_batch01,OMO0297,2026-07-11T08:00:00Z,23 39 44.5,354.93541666666664,+03 50 53,3.848055555555556,111.7,21.9,1.25,82.4,Map/Offsets,https://cgi.minorplanetcenter.net/cgi-bin/confirmeph2.cgi
20260710T230001Z,2026-07-10T23:00:01.571037Z,20260710T230001Z_batch01,OMO0297,2026-07-11T09:00:00Z,23 39 49.5,354.95625,+03 51 03,3.8508333333333336,111.7,21.9,1.24,82.4,Map/Offsets,https://cgi.minorplanetcenter.net/cgi-bin/confirmeph2.cgi
20260710T230001Z,2026-07-10T23:00:01.571037Z,20260710T230001Z_batch01,OMO0297,2026-07-11T10:00:00Z,23 39 54.4,354.97666666666663,+03 51 13,3.8536111111111113,111.7,21.9,1.24,82.4,Map/Offsets,https://cgi.minorplanetcenter.net/cgi-bin/confirmeph2.cgi
20260710T230001Z,2026-07-10T23:00:01.571037Z,20260710T230001Z_batch01,OMO0297,2026-07-11T11:00:00Z,23 39 59.4,354.9975,+03 51 23,3.856388888888889,111.8,21.9,1.24,82.4,Map/Offsets,https://cgi.minorplanetcenter.net/cgi-bin/confirmeph2.cgi
20260710T230001Z,2026-07-10T23:00:01.571037Z,20260710T230001Z_batch01,OMO0297,2026-07-11T12:00:00Z,23 40 04.3,355.0179166666667,+03 51 33,3.859166666666667,111.8,21.9,1.24,82.5,Map/Offsets,https://cgi.minorplanetcenter.net/cgi-bin/confirmeph2.cgi
20260710T230001Z,2026-07-10T23:00:01.571037Z,20260710T230001Z_batch01,OMO0297,2026-07-11T13:00:00Z,23 40 09.3,355.03875000000005,+03 51 42,3.861666666666667,111.8,21.9,1.24,82.5,Map/Offsets,https://cgi.minorplanetcenter.net/cgi-bin/confirmeph2.cgi
20260710T230001Z,2026-07-10T23:00:01.571037Z,20260710T230001Z_batch01,OMO0297,2026-07-11T14:00:00Z,23 40 14.2,355.05916666666667,+03 51 52,3.8644444444444446,111.8,21.9,1.24,82.5,Map/Offsets,https://cgi.minorplanetcenter.net/cgi-bin/confirmeph2.cgi
20260710T230001Z,2026-07-10T23:00:01.571037Z,20260710T230001Z_batch01,OMO0297,2026-07-11T15:00:00Z,23 40 19.1,355.07958333333335,+03 52 02,3.8672222222222223,111.8,21.9,1.24,82.5,Map/Offsets,https://cgi.minorplanetcenter.net/cgi-bin/confirmeph2.cgi
20260710T230001Z,2026-07-10T23:00:01.571037Z,20260710T230001Z_batch01,OMO0297,2026-07-11T16:00:00Z,23 40 24.1,355.1004166666667,+03 52 12,3.87,111.9,21.9,1.24,82.5,Map/Offsets,https://cgi.minorplanetcenter.net/cgi-bin/confirmeph2.cgi
20260710T230001Z,2026-07-10T23:00:01.571037Z,20260710T230001Z_batch01,OMO0297,2026-07-11T17:00:00Z,23 40 29.0,355.12083333333334,+03 52 21,3.8725,111.9,21.9,1.24,82.6,Map/Offsets,https://cgi.minorplanetcenter.net/cgi-bin/confirmeph2.cgi
20260710T230001Z,2026-07-10T23:00:01.571037Z,20260710T230001Z_batch01,OMO0297,2026-07-11T18:00:00Z,23 40 33.9,355.14125,+03 52 31,3.875277777777778,111.9,21.9,1.24,82.6,Map/Offsets,https://cgi.minorplanetcenter.net/cgi-bin/confirmeph2.cgi
20260710T230001Z,2026-07-10T23:00:01.571037Z,20260710T230001Z_batch01,OMO0297,2026-07-11T19:00:00Z,23 40 38.9,355.1620833333334,+03 52 40,3.8777777777777778,111.9,21.9,1.24,82.6,Map/Offsets,https://cgi.minorplanetcenter.net/cgi-bin/confirmeph2.cgi
20260710T230001Z,2026-07-10T23:00:01.571037Z,20260710T230001Z_batch01,OMO0297,2026-07-11T20:00:00Z,23 40 43.8,355.1825,+03 52 50,3.8805555555555555,111.9,21.9,1.24,82.6,Map/Offsets,https://cgi.minorplanetcenter.net/cgi-bin/confirmeph2.cgi
20260710T230001Z,2026-07-10T23:00:01.571037Z,20260710T230001Z_batch01,OMO0297,2026-07-11T21:00:00Z,23 40 48.7,355.2029166666667,+03 52 59,3.8830555555555555,112.0,21.9,1.24,82.7,Map/Offsets,https://cgi.minorplanetcenter.net/cgi-bin/confirmeph2.cgi
20260710T230001Z,2026-07-10T23:00:01.571037Z,20260710T230001Z_batch01,OMO0297,2026-07-11T22:00:00Z,23 40 53.6,355.22333333333336,+03 53 09,3.8858333333333333,112.0,21.9,1.24,82.7,Map/Offsets,https://cgi.minorplanetcenter.net/cgi-bin/confirmeph2.cgi
