snapshot_id,fetched_at_utc,batch_id,designation,ephem_time_utc,ra_hms,ra_deg,dec_dms,dec_deg,elong_deg,v_mag,motion_arcsec_per_min,pa_deg,uncertainty,source_url
20260526T124508Z,2026-05-26T12:45:08.846943Z,20260526T124508Z_batch01,CEP5WY2,2026-05-26T11:00:00Z,18 59 42.0,284.925,+40 44 18,40.73833333333334,106.9,21.0,1.92,268.1,Map/Offsets,https://cgi.minorplanetcenter.net/cgi-bin/confirmeph2.cgi
20260526T124508Z,2026-05-26T12:45:08.846943Z,20260526T124508Z_batch01,CEP5WY2,2026-05-26T12:00:00Z,18 59 31.9,284.8829166666667,+40 44 15,40.737500000000004,106.9,21.0,1.92,268.0,Map/Offsets,https://cgi.minorplanetcenter.net/cgi-bin/confirmeph2.cgi
20260526T124508Z,2026-05-26T12:45:08.846943Z,20260526T124508Z_batch01,CEP5WY2,2026-05-26T13:00:00Z,18 59 21.7,284.84041666666667,+40 44 10,40.736111111111114,106.9,21.0,1.92,267.9,Map/Offsets,https://cgi.minorplanetcenter.net/cgi-bin/confirmeph2.cgi
20260526T124508Z,2026-05-26T12:45:08.846943Z,20260526T124508Z_batch01,CEP5WY2,2026-05-26T14:00:00Z,18 59 11.6,284.79833333333335,+40 44 06,40.735,107.0,21.0,1.92,267.9,Map/Offsets,https://cgi.minorplanetcenter.net/cgi-bin/confirmeph2.cgi
20260526T124508Z,2026-05-26T12:45:08.846943Z,20260526T124508Z_batch01,CEP5WY2,2026-05-26T15:00:00Z,18 59 01.5,284.75625,+40 44 02,40.73388888888889,107.0,21.0,1.92,267.8,Map/Offsets,https://cgi.minorplanetcenter.net/cgi-bin/confirmeph2.cgi
20260526T124508Z,2026-05-26T12:45:08.846943Z,20260526T124508Z_batch01,CEP5WY2,2026-05-26T16:00:00Z,18 58 51.4,284.71416666666664,+40 43 58,40.73277777777778,107.1,21.0,1.92,267.8,Map/Offsets,https://cgi.minorplanetcenter.net/cgi-bin/confirmeph2.cgi
20260526T124508Z,2026-05-26T12:45:08.846943Z,20260526T124508Z_batch01,CEP5WY2,2026-05-26T17:00:00Z,18 58 41.3,284.67208333333326,+40 43 53,40.731388888888894,107.1,21.0,1.91,267.7,Map/Offsets,https://cgi.minorplanetcenter.net/cgi-bin/confirmeph2.cgi
20260526T124508Z,2026-05-26T12:45:08.846943Z,20260526T124508Z_batch01,CEP5WY2,2026-05-26T18:00:00Z,18 58 31.2,284.63,+40 43 48,40.730000000000004,107.1,21.0,1.91,267.6,Map/Offsets,https://cgi.minorplanetcenter.net/cgi-bin/confirmeph2.cgi
20260526T124508Z,2026-05-26T12:45:08.846943Z,20260526T124508Z_batch01,CEP5WY2,2026-05-26T19:00:00Z,18 58 21.1,284.5879166666667,+40 43 43,40.728611111111114,107.2,21.0,1.91,267.6,Map/Offsets,https://cgi.minorplanetcenter.net/cgi-bin/confirmeph2.cgi
20260526T124508Z,2026-05-26T12:45:08.846943Z,20260526T124508Z_batch01,CEP5WY2,2026-05-26T20:00:00Z,18 58 11.1,284.54625,+40 43 39,40.7275,107.2,21.0,1.91,267.5,Map/Offsets,https://cgi.minorplanetcenter.net/cgi-bin/confirmeph2.cgi
20260526T124508Z,2026-05-26T12:45:08.846943Z,20260526T124508Z_batch01,CEP5WY2,2026-05-26T21:00:00Z,18 58 01.0,284.50416666666666,+40 43 33,40.725833333333334,107.2,21.0,1.91,267.4,Map/Offsets,https://cgi.minorplanetcenter.net/cgi-bin/confirmeph2.cgi
20260526T124508Z,2026-05-26T12:45:08.846943Z,20260526T124508Z_batch01,CEP5WY2,2026-05-26T22:00:00Z,18 57 50.9,284.46208333333334,+40 43 28,40.724444444444444,107.3,21.1,1.91,267.4,Map/Offsets,https://cgi.minorplanetcenter.net/cgi-bin/confirmeph2.cgi
20260526T124508Z,2026-05-26T12:45:08.846943Z,20260526T124508Z_batch01,CEP5WY2,2026-05-26T23:00:00Z,18 57 40.9,284.42041666666665,+40 43 23,40.723055555555554,107.3,21.1,1.9,267.3,Map/Offsets,https://cgi.minorplanetcenter.net/cgi-bin/confirmeph2.cgi
20260526T124508Z,2026-05-26T12:45:08.846943Z,20260526T124508Z_batch01,CEP5WY2,2026-05-27T00:00:00Z,18 57 30.9,284.37875,+40 43 18,40.72166666666667,107.3,21.1,1.9,267.2,Map/Offsets,https://cgi.minorplanetcenter.net/cgi-bin/confirmeph2.cgi
20260526T124508Z,2026-05-26T12:45:08.846943Z,20260526T124508Z_batch01,CEP5WY2,2026-05-27T01:00:00Z,18 57 20.8,284.33666666666664,+40 43 12,40.72,107.4,21.1,1.9,267.2,Map/Offsets,https://cgi.minorplanetcenter.net/cgi-bin/confirmeph2.cgi
20260526T124508Z,2026-05-26T12:45:08.846943Z,20260526T124508Z_batch01,CEP5WY2,2026-05-27T02:00:00Z,18 57 10.8,284.295,+40 43 06,40.718333333333334,107.4,21.1,1.9,267.1,Map/Offsets,https://cgi.minorplanetcenter.net/cgi-bin/confirmeph2.cgi
20260526T124508Z,2026-05-26T12:45:08.846943Z,20260526T124508Z_batch01,CEP5WY2,2026-05-27T03:00:00Z,18 57 00.8,284.25333333333333,+40 43 01,40.716944444444444,107.4,21.1,1.9,267.1,Map/Offsets,https://cgi.minorplanetcenter.net/cgi-bin/confirmeph2.cgi
20260526T124508Z,2026-05-26T12:45:08.846943Z,20260526T124508Z_batch01,CEP5WY2,2026-05-27T04:00:00Z,18 56 50.8,284.21166666666664,+40 42 55,40.71527777777778,107.5,21.1,1.9,267.0,Map/Offsets,https://cgi.minorplanetcenter.net/cgi-bin/confirmeph2.cgi
20260526T124508Z,2026-05-26T12:45:08.846943Z,20260526T124508Z_batch01,CEP5WY2,2026-05-27T05:00:00Z,18 56 40.8,284.17,+40 42 49,40.71361111111111,107.5,21.1,1.89,266.9,Map/Offsets,https://cgi.minorplanetcenter.net/cgi-bin/confirmeph2.cgi
20260526T124508Z,2026-05-26T12:45:08.846943Z,20260526T124508Z_batch01,CEP5WY2,2026-05-27T06:00:00Z,18 56 30.9,284.12875,+40 42 43,40.71194444444445,107.6,21.1,1.89,266.9,Map/Offsets,https://cgi.minorplanetcenter.net/cgi-bin/confirmeph2.cgi
20260526T124508Z,2026-05-26T12:45:08.846943Z,20260526T124508Z_batch01,CEP5WY2,2026-05-27T07:00:00Z,18 56 20.9,284.08708333333334,+40 42 36,40.71,107.6,21.1,1.89,266.8,Map/Offsets,https://cgi.minorplanetcenter.net/cgi-bin/confirmeph2.cgi
20260526T124508Z,2026-05-26T12:45:08.846943Z,20260526T124508Z_batch01,CEP5WY2,2026-05-27T08:00:00Z,18 56 10.9,284.04541666666665,+40 42 30,40.708333333333336,107.6,21.1,1.89,266.7,Map/Offsets,https://cgi.minorplanetcenter.net/cgi-bin/confirmeph2.cgi
20260526T124508Z,2026-05-26T12:45:08.846943Z,20260526T124508Z_batch01,CEP5WY2,2026-05-27T09:00:00Z,18 56 01.0,284.00416666666666,+40 42 23,40.70638888888889,107.7,21.1,1.89,266.7,Map/Offsets,https://cgi.minorplanetcenter.net/cgi-bin/confirmeph2.cgi
20260526T124508Z,2026-05-26T12:45:08.846943Z,20260526T124508Z_batch01,CEP5WY2,2026-05-27T10:00:00Z,18 55 51.0,283.96250000000003,+40 42 17,40.70472222222222,107.7,21.1,1.89,266.6,Map/Offsets,https://cgi.minorplanetcenter.net/cgi-bin/confirmeph2.cgi
20260526T124508Z,2026-05-26T12:45:08.846943Z,20260526T124508Z_batch01,CEP5WY2,2026-05-27T11:00:00Z,18 55 41.1,283.92125,+40 42 10,40.70277777777778,107.7,21.1,1.88,266.6,Map/Offsets,https://cgi.minorplanetcenter.net/cgi-bin/confirmeph2.cgi
20260526T124508Z,2026-05-26T12:45:08.846943Z,20260526T124508Z_batch01,C1F41L5,2026-05-26T11:00:00Z,16 01 13.0,240.30416666666667,+07 20 12,7.336666666666666,151.4,19.8,15.74,333.3,Map/Offsets,https://cgi.minorplanetcenter.net/cgi-bin/confirmeph2.cgi
20260526T124508Z,2026-05-26T12:45:08.846943Z,20260526T124508Z_batch01,C1F41L5,2026-05-26T12:00:00Z,16 00 44.5,240.18541666666667,+07 34 17,7.5713888888888885,151.2,19.8,15.8,333.3,Map/Offsets,https://cgi.minorplanetcenter.net/cgi-bin/confirmeph2.cgi
20260526T124508Z,2026-05-26T12:45:08.846943Z,20260526T124508Z_batch01,C1F41L5,2026-05-26T13:00:00Z,16 00 15.8,240.06583333333336,+07 48 26,7.807222222222222,150.9,19.8,15.86,333.3,Map/Offsets,https://cgi.minorplanetcenter.net/cgi-bin/confirmeph2.cgi
20260526T124508Z,2026-05-26T12:45:08.846943Z,20260526T124508Z_batch01,C1F41L5,2026-05-26T14:00:00Z,15 59 46.9,239.94541666666666,+08 02 38,8.043888888888889,150.7,19.8,15.93,333.3,Map/Offsets,https://cgi.minorplanetcenter.net/cgi-bin/confirmeph2.cgi
20260526T124508Z,2026-05-26T12:45:08.846943Z,20260526T124508Z_batch01,C1F41L5,2026-05-26T15:00:00Z,15 59 17.9,239.82458333333332,+08 16 53,8.28138888888889,150.4,19.8,15.99,333.3,Map/Offsets,https://cgi.minorplanetcenter.net/cgi-bin/confirmeph2.cgi
20260526T124508Z,2026-05-26T12:45:08.846943Z,20260526T124508Z_batch01,C1F41L5,2026-05-26T16:00:00Z,15 58 48.8,239.70333333333335,+08 31 12,8.520000000000001,150.2,19.8,16.05,333.3,Map/Offsets,https://cgi.minorplanetcenter.net/cgi-bin/confirmeph2.cgi
20260526T124508Z,2026-05-26T12:45:08.846943Z,20260526T124508Z_batch01,C1F41L5,2026-05-26T17:00:00Z,15 58 19.5,239.58125,+08 45 33,8.759166666666667,149.9,19.8,16.11,333.2,Map/Offsets,https://cgi.minorplanetcenter.net/cgi-bin/confirmeph2.cgi
20260526T124508Z,2026-05-26T12:45:08.846943Z,20260526T124508Z_batch01,C1F41L5,2026-05-26T18:00:00Z,15 57 50.1,239.45874999999998,+08 59 58,8.999444444444444,149.6,19.8,16.17,333.2,Map/Offsets,https://cgi.minorplanetcenter.net/cgi-bin/confirmeph2.cgi
20260526T124508Z,2026-05-26T12:45:08.846943Z,20260526T124508Z_batch01,C1F41L5,2026-05-26T19:00:00Z,15 57 20.5,239.33541666666665,+09 14 25,9.240277777777777,149.4,19.8,16.23,333.2,Map/Offsets,https://cgi.minorplanetcenter.net/cgi-bin/confirmeph2.cgi
20260526T124508Z,2026-05-26T12:45:08.846943Z,20260526T124508Z_batch01,C1F41L5,2026-05-26T20:00:00Z,15 56 50.8,239.21166666666667,+09 28 56,9.482222222222223,149.1,19.8,16.29,333.2,Map/Offsets,https://cgi.minorplanetcenter.net/cgi-bin/confirmeph2.cgi
20260526T124508Z,2026-05-26T12:45:08.846943Z,20260526T124508Z_batch01,C1F41L5,2026-05-26T21:00:00Z,15 56 20.9,239.08708333333334,+09 43 29,9.724722222222223,148.8,19.8,16.35,333.1,Map/Offsets,https://cgi.minorplanetcenter.net/cgi-bin/confirmeph2.cgi
20260526T124508Z,2026-05-26T12:45:08.846943Z,20260526T124508Z_batch01,C1F41L5,2026-05-26T22:00:00Z,15 55 50.8,238.96166666666664,+09 58 06,9.968333333333334,148.5,19.8,16.41,333.1,Map/Offsets,https://cgi.minorplanetcenter.net/cgi-bin/confirmeph2.cgi
20260526T124508Z,2026-05-26T12:45:08.846943Z,20260526T124508Z_batch01,C1F41L5,2026-05-26T23:00:00Z,15 55 20.6,238.8358333333333,+10 12 46,10.212777777777777,148.3,19.8,16.47,333.1,Map/Offsets,https://cgi.minorplanetcenter.net/cgi-bin/confirmeph2.cgi
20260526T124508Z,2026-05-26T12:45:08.846943Z,20260526T124508Z_batch01,C1F41L5,2026-05-27T00:00:00Z,15 54 50.3,238.70958333333334,+10 27 28,10.457777777777777,148.0,19.8,16.52,333.1,Map/Offsets,https://cgi.minorplanetcenter.net/cgi-bin/confirmeph2.cgi
20260526T124508Z,2026-05-26T12:45:08.846943Z,20260526T124508Z_batch01,C1F41L5,2026-05-27T01:00:00Z,15 54 19.7,238.58208333333334,+10 42 13,10.70361111111111,147.7,19.8,16.58,333.0,Map/Offsets,https://cgi.minorplanetcenter.net/cgi-bin/confirmeph2.cgi
20260526T124508Z,2026-05-26T12:45:08.846943Z,20260526T124508Z_batch01,C1F41L5,2026-05-27T02:00:00Z,15 53 49.1,238.45458333333332,+10 57 02,10.950555555555555,147.5,19.8,16.64,333.0,Map/Offsets,https://cgi.minorplanetcenter.net/cgi-bin/confirmeph2.cgi
20260526T124508Z,2026-05-26T12:45:08.846943Z,20260526T124508Z_batch01,C1F41L5,2026-05-27T03:00:00Z,15 53 18.2,238.32583333333332,+11 11 53,11.198055555555555,147.2,19.8,16.69,333.0,Map/Offsets,https://cgi.minorplanetcenter.net/cgi-bin/confirmeph2.cgi
20260526T124508Z,2026-05-26T12:45:08.846943Z,20260526T124508Z_batch01,C1F41L5,2026-05-27T04:00:00Z,15 52 47.3,238.19708333333335,+11 26 47,11.446388888888889,146.9,19.8,16.75,333.0,Map/Offsets,https://cgi.minorplanetcenter.net/cgi-bin/confirmeph2.cgi
20260526T124508Z,2026-05-26T12:45:08.846943Z,20260526T124508Z_batch01,C1F41L5,2026-05-27T05:00:00Z,15 52 16.1,238.06708333333336,+11 41 43,11.695277777777777,146.6,19.8,16.81,332.9,Map/Offsets,https://cgi.minorplanetcenter.net/cgi-bin/confirmeph2.cgi
20260526T124508Z,2026-05-26T12:45:08.846943Z,20260526T124508Z_batch01,C1F41L5,2026-05-27T06:00:00Z,15 51 44.8,237.93666666666667,+11 56 42,11.945,146.3,19.8,16.86,332.9,Map/Offsets,https://cgi.minorplanetcenter.net/cgi-bin/confirmeph2.cgi
20260526T124508Z,2026-05-26T12:45:08.846943Z,20260526T124508Z_batch01,C1F41L5,2026-05-27T07:00:00Z,15 51 13.3,237.80541666666667,+12 11 44,12.195555555555556,146.1,19.8,16.91,332.9,Map/Offsets,https://cgi.minorplanetcenter.net/cgi-bin/confirmeph2.cgi
20260526T124508Z,2026-05-26T12:45:08.846943Z,20260526T124508Z_batch01,C1F41L5,2026-05-27T08:00:00Z,15 50 41.7,237.67375,+12 26 49,12.446944444444444,145.8,19.8,16.97,332.9,Map/Offsets,https://cgi.minorplanetcenter.net/cgi-bin/confirmeph2.cgi
20260526T124508Z,2026-05-26T12:45:08.846943Z,20260526T124508Z_batch01,C1F41L5,2026-05-27T09:00:00Z,15 50 09.9,237.54125000000002,+12 41 56,12.69888888888889,145.5,19.8,17.02,332.8,Map/Offsets,https://cgi.minorplanetcenter.net/cgi-bin/confirmeph2.cgi
20260526T124508Z,2026-05-26T12:45:08.846943Z,20260526T124508Z_batch01,C1F41L5,2026-05-27T10:00:00Z,15 49 37.9,237.40791666666667,+12 57 06,12.951666666666666,145.2,19.8,17.07,332.8,Map/Offsets,https://cgi.minorplanetcenter.net/cgi-bin/confirmeph2.cgi
20260526T124508Z,2026-05-26T12:45:08.846943Z,20260526T124508Z_batch01,C1F41L5,2026-05-27T11:00:00Z,15 49 05.8,237.27416666666667,+13 12 18,13.205,144.9,19.8,17.13,332.8,Map/Offsets,https://cgi.minorplanetcenter.net/cgi-bin/confirmeph2.cgi
20260526T124508Z,2026-05-26T12:45:08.846943Z,20260526T124508Z_batch01,CEP5WU2,2026-05-26T11:00:00Z,17 24 59.1,261.24625,+50 05 30,50.09166666666667,107.0,21.1,14.13,105.7,Map/Offsets   !,https://cgi.minorplanetcenter.net/cgi-bin/confirmeph2.cgi
20260526T124508Z,2026-05-26T12:45:08.846943Z,20260526T124508Z_batch01,CEP5WU2,2026-05-26T12:00:00Z,17 26 23.5,261.59791666666666,+50 01 40,50.02777777777778,107.0,21.1,14.01,106.0,Map/Offsets   !,https://cgi.minorplanetcenter.net/cgi-bin/confirmeph2.cgi
20260526T124508Z,2026-05-26T12:45:08.846943Z,20260526T124508Z_batch01,CEP5WU2,2026-05-26T13:00:00Z,17 27 46.9,261.9454166666667,+49 57 48,49.96333333333334,107.0,21.1,13.89,106.2,Map/Offsets   !,https://cgi.minorplanetcenter.net/cgi-bin/confirmeph2.cgi
20260526T124508Z,2026-05-26T12:45:08.846943Z,20260526T124508Z_batch01,CEP5WU2,2026-05-26T14:00:00Z,17 29 09.3,262.28875000000005,+49 53 54,49.89833333333333,107.0,21.1,13.77,106.5,Map/Offsets   !,https://cgi.minorplanetcenter.net/cgi-bin/confirmeph2.cgi
20260526T124508Z,2026-05-26T12:45:08.846943Z,20260526T124508Z_batch01,CEP5WU2,2026-05-26T15:00:00Z,17 30 30.9,262.62875,+49 49 59,49.83305555555556,106.9,21.1,13.66,106.8,Map/Offsets   !,https://cgi.minorplanetcenter.net/cgi-bin/confirmeph2.cgi
20260526T124508Z,2026-05-26T12:45:08.846943Z,20260526T124508Z_batch01,CEP5WU2,2026-05-26T16:00:00Z,17 31 51.5,262.96458333333334,+49 46 02,49.76722222222222,106.9,21.1,13.54,107.0,Map/Offsets   !,https://cgi.minorplanetcenter.net/cgi-bin/confirmeph2.cgi
20260526T124508Z,2026-05-26T12:45:08.846943Z,20260526T124508Z_batch01,CEP5WU2,2026-05-26T17:00:00Z,17 33 11.3,263.2970833333333,+49 42 03,49.700833333333335,106.9,21.1,13.43,107.3,Map/Offsets   !,https://cgi.minorplanetcenter.net/cgi-bin/confirmeph2.cgi
20260526T124508Z,2026-05-26T12:45:08.846943Z,20260526T124508Z_batch01,CEP5WU2,2026-05-26T18:00:00Z,17 34 30.1,263.62541666666664,+49 38 04,49.63444444444444,106.9,21.1,13.31,107.5,Map/Offsets   !,https://cgi.minorplanetcenter.net/cgi-bin/confirmeph2.cgi
20260526T124508Z,2026-05-26T12:45:08.846943Z,20260526T124508Z_batch01,CEP5WU2,2026-05-26T19:00:00Z,17 35 48.0,263.94999999999993,+49 34 02,49.56722222222223,106.9,21.1,13.2,107.8,Map/Offsets   !,https://cgi.minorplanetcenter.net/cgi-bin/confirmeph2.cgi
20260526T124508Z,2026-05-26T12:45:08.846943Z,20260526T124508Z_batch01,CEP5WU2,2026-05-26T20:00:00Z,17 37 05.1,264.27125,+49 30 00,49.5,106.9,21.2,13.09,108.0,Map/Offsets   !,https://cgi.minorplanetcenter.net/cgi-bin/confirmeph2.cgi
20260526T124508Z,2026-05-26T12:45:08.846943Z,20260526T124508Z_batch01,CEP5WU2,2026-05-26T21:00:00Z,17 38 21.3,264.58875,+49 25 56,49.43222222222222,106.9,21.2,12.98,108.3,Map/Offsets   !,https://cgi.minorplanetcenter.net/cgi-bin/confirmeph2.cgi
20260526T124508Z,2026-05-26T12:45:08.846943Z,20260526T124508Z_batch01,CEP5WU2,2026-05-26T22:00:00Z,17 39 36.7,264.90291666666667,+49 21 51,49.36416666666667,106.9,21.2,12.87,108.5,Map/Offsets   !,https://cgi.minorplanetcenter.net/cgi-bin/confirmeph2.cgi
20260526T124508Z,2026-05-26T12:45:08.846943Z,20260526T124508Z_batch01,CEP5WU2,2026-05-26T23:00:00Z,17 40 51.2,265.21333333333337,+49 17 46,49.29611111111111,106.9,21.2,12.76,108.8,Map/Offsets   !,https://cgi.minorplanetcenter.net/cgi-bin/confirmeph2.cgi
20260526T124508Z,2026-05-26T12:45:08.846943Z,20260526T124508Z_batch01,CEP5WU2,2026-05-27T00:00:00Z,17 42 04.9,265.5204166666667,+49 13 39,49.2275,106.9,21.2,12.65,109.0,Map/Offsets   !,https://cgi.minorplanetcenter.net/cgi-bin/confirmeph2.cgi
20260526T124508Z,2026-05-26T12:45:08.846943Z,20260526T124508Z_batch01,CEP5WU2,2026-05-27T01:00:00Z,17 43 17.7,265.82374999999996,+49 09 31,49.15861111111111,106.9,21.2,12.54,109.2,Map/Offsets   !,https://cgi.minorplanetcenter.net/cgi-bin/confirmeph2.cgi
20260526T124508Z,2026-05-26T12:45:08.846943Z,20260526T124508Z_batch01,CEP5WU2,2026-05-27T02:00:00Z,17 44 29.7,266.12375000000003,+49 05 23,49.08972222222222,106.9,21.2,12.44,109.5,Map/Offsets   !,https://cgi.minorplanetcenter.net/cgi-bin/confirmeph2.cgi
20260526T124508Z,2026-05-26T12:45:08.846943Z,20260526T124508Z_batch01,CEP5WU2,2026-05-27T03:00:00Z,17 45 41.0,266.42083333333335,+49 01 14,49.02055555555555,106.9,21.2,12.33,109.7,Map/Offsets   !,https://cgi.minorplanetcenter.net/cgi-bin/confirmeph2.cgi
20260526T124508Z,2026-05-26T12:45:08.846943Z,20260526T124508Z_batch01,CEP5WU2,2026-05-27T04:00:00Z,17 46 51.4,266.71416666666664,+48 57 04,48.95111111111111,106.9,21.2,12.23,109.9,Map/Offsets   !,https://cgi.minorplanetcenter.net/cgi-bin/confirmeph2.cgi
20260526T124508Z,2026-05-26T12:45:08.846943Z,20260526T124508Z_batch01,CEP5WU2,2026-05-27T05:00:00Z,17 48 01.0,267.0041666666667,+48 52 53,48.88138888888889,106.9,21.2,12.13,110.2,Map/Offsets   !,https://cgi.minorplanetcenter.net/cgi-bin/confirmeph2.cgi
20260526T124508Z,2026-05-26T12:45:08.846943Z,20260526T124508Z_batch01,CEP5WU2,2026-05-27T06:00:00Z,17 49 09.9,267.29125,+48 48 42,48.81166666666666,106.9,21.3,12.03,110.4,Map/Offsets   !,https://cgi.minorplanetcenter.net/cgi-bin/confirmeph2.cgi
20260526T124508Z,2026-05-26T12:45:08.846943Z,20260526T124508Z_batch01,CEP5WU2,2026-05-27T07:00:00Z,17 50 18.0,267.575,+48 44 31,48.74194444444444,106.9,21.3,11.93,110.6,Map/Offsets   !,https://cgi.minorplanetcenter.net/cgi-bin/confirmeph2.cgi
20260526T124508Z,2026-05-26T12:45:08.846943Z,20260526T124508Z_batch01,CEP5WU2,2026-05-27T08:00:00Z,17 51 25.3,267.8554166666667,+48 40 19,48.67194444444444,106.8,21.3,11.83,110.8,Map/Offsets   !,https://cgi.minorplanetcenter.net/cgi-bin/confirmeph2.cgi
20260526T124508Z,2026-05-26T12:45:08.846943Z,20260526T124508Z_batch01,CEP5WU2,2026-05-27T09:00:00Z,17 52 31.9,268.1329166666667,+48 36 07,48.60194444444445,106.8,21.3,11.73,111.0,Map/Offsets   !,https://cgi.minorplanetcenter.net/cgi-bin/confirmeph2.cgi
20260526T124508Z,2026-05-26T12:45:08.846943Z,20260526T124508Z_batch01,CEP5WU2,2026-05-27T10:00:00Z,17 53 37.8,268.4075,+48 31 54,48.531666666666666,106.8,21.3,11.63,111.2,Map/Offsets   !,https://cgi.minorplanetcenter.net/cgi-bin/confirmeph2.cgi
20260526T124508Z,2026-05-26T12:45:08.846943Z,20260526T124508Z_batch01,CEP5WU2,2026-05-27T11:00:00Z,17 54 42.9,268.67875,+48 27 41,48.46138888888889,106.8,21.3,11.53,111.5,Map/Offsets   !,https://cgi.minorplanetcenter.net/cgi-bin/confirmeph2.cgi
20260526T124508Z,2026-05-26T12:45:08.846943Z,20260526T124508Z_batch01,C1F4195,2026-05-26T11:00:00Z,16 06 24.0,241.60000000000002,+07 31 30,7.525,151.3,22.0,4.56,11.2,Map/Offsets   !,https://cgi.minorplanetcenter.net/cgi-bin/confirmeph2.cgi
20260526T124508Z,2026-05-26T12:45:08.846943Z,20260526T124508Z_batch01,C1F4195,2026-05-26T12:00:00Z,16 06 27.6,241.615,+07 35 57,7.599166666666666,151.3,22.0,4.51,11.2,Map/Offsets   !,https://cgi.minorplanetcenter.net/cgi-bin/confirmeph2.cgi
20260526T124508Z,2026-05-26T12:45:08.846943Z,20260526T124508Z_batch01,C1F4195,2026-05-26T13:00:00Z,16 06 31.1,241.62958333333336,+07 40 21,7.6725,151.2,22.1,4.46,11.2,Map/Offsets   !,https://cgi.minorplanetcenter.net/cgi-bin/confirmeph2.cgi
20260526T124508Z,2026-05-26T12:45:08.846943Z,20260526T124508Z_batch01,C1F4195,2026-05-26T14:00:00Z,16 06 34.5,241.64375,+07 44 42,7.745,151.1,22.1,4.41,11.2,Map/Offsets   !,https://cgi.minorplanetcenter.net/cgi-bin/confirmeph2.cgi
20260526T124508Z,2026-05-26T12:45:08.846943Z,20260526T124508Z_batch01,C1F4195,2026-05-26T15:00:00Z,16 06 38.0,241.65833333333336,+07 49 00,7.816666666666666,151.0,22.1,4.37,11.2,Map/Offsets   !,https://cgi.minorplanetcenter.net/cgi-bin/confirmeph2.cgi
20260526T124508Z,2026-05-26T12:45:08.846943Z,20260526T124508Z_batch01,C1F4195,2026-05-26T16:00:00Z,16 06 41.4,241.67250000000004,+07 53 16,7.887777777777777,150.9,22.1,4.32,11.2,Map/Offsets   !,https://cgi.minorplanetcenter.net/cgi-bin/confirmeph2.cgi
20260526T124508Z,2026-05-26T12:45:08.846943Z,20260526T124508Z_batch01,C1F4195,2026-05-26T17:00:00Z,16 06 44.8,241.6866666666667,+07 57 29,7.958055555555556,150.9,22.1,4.28,11.2,Map/Offsets   !,https://cgi.minorplanetcenter.net/cgi-bin/confirmeph2.cgi
20260526T124508Z,2026-05-26T12:45:08.846943Z,20260526T124508Z_batch01,C1F4195,2026-05-26T18:00:00Z,16 06 48.1,241.70041666666665,+08 01 39,8.027500000000002,150.8,22.1,4.23,11.2,Map/Offsets   !,https://cgi.minorplanetcenter.net/cgi-bin/confirmeph2.cgi
20260526T124508Z,2026-05-26T12:45:08.846943Z,20260526T124508Z_batch01,C1F4195,2026-05-26T19:00:00Z,16 06 51.4,241.7141666666667,+08 05 47,8.096388888888889,150.7,22.1,4.19,11.2,Map/Offsets   !,https://cgi.minorplanetcenter.net/cgi-bin/confirmeph2.cgi
20260526T124508Z,2026-05-26T12:45:08.846943Z,20260526T124508Z_batch01,C1F4195,2026-05-26T20:00:00Z,16 06 54.7,241.72791666666666,+08 09 52,8.164444444444445,150.6,22.2,4.14,11.3,Map/Offsets   !,https://cgi.minorplanetcenter.net/cgi-bin/confirmeph2.cgi
20260526T124508Z,2026-05-26T12:45:08.846943Z,20260526T124508Z_batch01,C1F4195,2026-05-26T21:00:00Z,16 06 58.0,241.7416666666667,+08 13 54,8.231666666666667,150.6,22.2,4.1,11.3,Map/Offsets   !,https://cgi.minorplanetcenter.net/cgi-bin/confirmeph2.cgi
20260526T124508Z,2026-05-26T12:45:08.846943Z,20260526T124508Z_batch01,C1F4195,2026-05-26T22:00:00Z,16 07 01.2,241.75500000000002,+08 17 54,8.298333333333334,150.5,22.2,4.06,11.3,Map/Offsets   !,https://cgi.minorplanetcenter.net/cgi-bin/confirmeph2.cgi
20260526T124508Z,2026-05-26T12:45:08.846943Z,20260526T124508Z_batch01,C1F4195,2026-05-26T23:00:00Z,16 07 04.4,241.76833333333332,+08 21 52,8.364444444444445,150.4,22.2,4.02,11.3,Map/Offsets   !,https://cgi.minorplanetcenter.net/cgi-bin/confirmeph2.cgi
20260526T124508Z,2026-05-26T12:45:08.846943Z,20260526T124508Z_batch01,C1F4195,2026-05-27T00:00:00Z,16 07 07.5,241.78125000000003,+08 25 47,8.429722222222221,150.3,22.2,3.98,11.3,Map/Offsets   !,https://cgi.minorplanetcenter.net/cgi-bin/confirmeph2.cgi
20260526T124508Z,2026-05-26T12:45:08.846943Z,20260526T124508Z_batch01,C1F4195,2026-05-27T01:00:00Z,16 07 10.7,241.79458333333335,+08 29 40,8.494444444444444,150.3,22.2,3.94,11.3,Map/Offsets   !,https://cgi.minorplanetcenter.net/cgi-bin/confirmeph2.cgi
20260526T124508Z,2026-05-26T12:45:08.846943Z,20260526T124508Z_batch01,C1F4195,2026-05-27T02:00:00Z,16 07 13.8,241.8075,+08 33 30,8.558333333333334,150.2,22.2,3.9,11.3,Map/Offsets   !,https://cgi.minorplanetcenter.net/cgi-bin/confirmeph2.cgi
20260526T124508Z,2026-05-26T12:45:08.846943Z,20260526T124508Z_batch01,C1F4195,2026-05-27T03:00:00Z,16 07 16.9,241.82041666666666,+08 37 18,8.621666666666668,150.1,22.2,3.86,11.3,Map/Offsets   !,https://cgi.minorplanetcenter.net/cgi-bin/confirmeph2.cgi
20260526T124508Z,2026-05-26T12:45:08.846943Z,20260526T124508Z_batch01,C1F4195,2026-05-27T04:00:00Z,16 07 19.9,241.83291666666668,+08 41 04,8.684444444444445,150.0,22.3,3.82,11.3,Map/Offsets   !,https://cgi.minorplanetcenter.net/cgi-bin/confirmeph2.cgi
20260526T124508Z,2026-05-26T12:45:08.846943Z,20260526T124508Z_batch01,C1F4195,2026-05-27T05:00:00Z,16 07 22.9,241.84541666666667,+08 44 47,8.746388888888887,150.0,22.3,3.78,11.4,Map/Offsets   !,https://cgi.minorplanetcenter.net/cgi-bin/confirmeph2.cgi
20260526T124508Z,2026-05-26T12:45:08.846943Z,20260526T124508Z_batch01,C1F4195,2026-05-27T06:00:00Z,16 07 25.9,241.85791666666665,+08 48 29,8.808055555555557,149.9,22.3,3.74,11.4,Map/Offsets   !,https://cgi.minorplanetcenter.net/cgi-bin/confirmeph2.cgi
20260526T124508Z,2026-05-26T12:45:08.846943Z,20260526T124508Z_batch01,C1F4195,2026-05-27T07:00:00Z,16 07 28.9,241.87041666666664,+08 52 08,8.86888888888889,149.8,22.3,3.7,11.4,Map/Offsets   !,https://cgi.minorplanetcenter.net/cgi-bin/confirmeph2.cgi
20260526T124508Z,2026-05-26T12:45:08.846943Z,20260526T124508Z_batch01,C1F4195,2026-05-27T08:00:00Z,16 07 31.9,241.8829166666667,+08 55 44,8.928888888888888,149.8,22.3,3.67,11.4,Map/Offsets   !,https://cgi.minorplanetcenter.net/cgi-bin/confirmeph2.cgi
20260526T124508Z,2026-05-26T12:45:08.846943Z,20260526T124508Z_batch01,C1F4195,2026-05-27T09:00:00Z,16 07 34.8,241.89500000000004,+08 59 19,8.98861111111111,149.7,22.3,3.63,11.4,Map/Offsets   !,https://cgi.minorplanetcenter.net/cgi-bin/confirmeph2.cgi
20260526T124508Z,2026-05-26T12:45:08.846943Z,20260526T124508Z_batch01,C1F4195,2026-05-27T10:00:00Z,16 07 37.7,241.90708333333336,+09 02 52,9.047777777777778,149.6,22.3,3.6,11.4,Map/Offsets   !,https://cgi.minorplanetcenter.net/cgi-bin/confirmeph2.cgi
20260526T124508Z,2026-05-26T12:45:08.846943Z,20260526T124508Z_batch01,C1F4195,2026-05-27T11:00:00Z,16 07 40.5,241.91875000000002,+09 06 22,9.10611111111111,149.6,22.3,3.56,11.4,Map/Offsets   !,https://cgi.minorplanetcenter.net/cgi-bin/confirmeph2.cgi
20260526T124508Z,2026-05-26T12:45:08.846943Z,20260526T124508Z_batch01,C1F4075,2026-05-26T11:00:00Z,16 02 50.2,240.7091666666667,+27 49 53,27.83138888888889,131.0,22.4,3.56,177.9,Map/Offsets,https://cgi.minorplanetcenter.net/cgi-bin/confirmeph2.cgi
20260526T124508Z,2026-05-26T12:45:08.846943Z,20260526T124508Z_batch01,C1F4075,2026-05-26T12:00:00Z,16 02 50.8,240.71166666666667,+27 46 19,27.771944444444443,131.1,22.4,3.58,177.9,Map/Offsets,https://cgi.minorplanetcenter.net/cgi-bin/confirmeph2.cgi
20260526T124508Z,2026-05-26T12:45:08.846943Z,20260526T124508Z_batch01,C1F4075,2026-05-26T13:00:00Z,16 02 51.4,240.7141666666667,+27 42 44,27.71222222222222,131.1,22.3,3.6,177.9,Map/Offsets,https://cgi.minorplanetcenter.net/cgi-bin/confirmeph2.cgi
20260526T124508Z,2026-05-26T12:45:08.846943Z,20260526T124508Z_batch01,C1F4075,2026-05-26T14:00:00Z,16 02 52.0,240.71666666666667,+27 39 08,27.65222222222222,131.2,22.3,3.62,177.9,Map/Offsets,https://cgi.minorplanetcenter.net/cgi-bin/confirmeph2.cgi
20260526T124508Z,2026-05-26T12:45:08.846943Z,20260526T124508Z_batch01,C1F4075,2026-05-26T15:00:00Z,16 02 52.6,240.7191666666667,+27 35 30,27.591666666666665,131.2,22.3,3.64,177.9,Map/Offsets,https://cgi.minorplanetcenter.net/cgi-bin/confirmeph2.cgi
20260526T124508Z,2026-05-26T12:45:08.846943Z,20260526T124508Z_batch01,C1F4075,2026-05-26T16:00:00Z,16 02 53.2,240.7216666666667,+27 31 52,27.53111111111111,131.3,22.3,3.66,177.9,Map/Offsets,https://cgi.minorplanetcenter.net/cgi-bin/confirmeph2.cgi
20260526T124508Z,2026-05-26T12:45:08.846943Z,20260526T124508Z_batch01,C1F4075,2026-05-26T17:00:00Z,16 02 53.9,240.72458333333338,+27 28 12,27.47,131.3,22.3,3.68,177.9,Map/Offsets,https://cgi.minorplanetcenter.net/cgi-bin/confirmeph2.cgi
20260526T124508Z,2026-05-26T12:45:08.846943Z,20260526T124508Z_batch01,C1F4075,2026-05-26T18:00:00Z,16 02 54.5,240.72708333333335,+27 24 31,27.40861111111111,131.4,22.3,3.7,177.9,Map/Offsets,https://cgi.minorplanetcenter.net/cgi-bin/confirmeph2.cgi
20260526T124508Z,2026-05-26T12:45:08.846943Z,20260526T124508Z_batch01,C1F4075,2026-05-26T19:00:00Z,16 02 55.1,240.72958333333338,+27 20 49,27.346944444444443,131.4,22.3,3.72,177.9,Map/Offsets,https://cgi.minorplanetcenter.net/cgi-bin/confirmeph2.cgi
20260526T124508Z,2026-05-26T12:45:08.846943Z,20260526T124508Z_batch01,C1F4075,2026-05-26T20:00:00Z,16 02 55.7,240.73208333333335,+27 17 05,27.284722222222225,131.5,22.3,3.74,177.9,Map/Offsets,https://cgi.minorplanetcenter.net/cgi-bin/confirmeph2.cgi
20260526T124508Z,2026-05-26T12:45:08.846943Z,20260526T124508Z_batch01,C1F4075,2026-05-26T21:00:00Z,16 02 56.3,240.73458333333338,+27 13 21,27.222499999999997,131.5,22.3,3.76,177.9,Map/Offsets,https://cgi.minorplanetcenter.net/cgi-bin/confirmeph2.cgi
20260526T124508Z,2026-05-26T12:45:08.846943Z,20260526T124508Z_batch01,C1F4075,2026-05-26T22:00:00Z,16 02 57.0,240.7375,+27 09 35,27.15972222222222,131.6,22.3,3.78,177.9,Map/Offsets,https://cgi.minorplanetcenter.net/cgi-bin/confirmeph2.cgi
20260526T124508Z,2026-05-26T12:45:08.846943Z,20260526T124508Z_batch01,C1F4075,2026-05-26T23:00:00Z,16 02 57.6,240.74,+27 05 48,27.096666666666664,131.6,22.3,3.8,177.9,Map/Offsets,https://cgi.minorplanetcenter.net/cgi-bin/confirmeph2.cgi
20260526T124508Z,2026-05-26T12:45:08.846943Z,20260526T124508Z_batch01,C1F4075,2026-05-27T00:00:00Z,16 02 58.2,240.74250000000004,+27 01 59,27.033055555555556,131.7,22.3,3.82,177.9,Map/Offsets,https://cgi.minorplanetcenter.net/cgi-bin/confirmeph2.cgi
20260526T124508Z,2026-05-26T12:45:08.846943Z,20260526T124508Z_batch01,C1F4075,2026-05-27T01:00:00Z,16 02 58.9,240.74541666666667,+26 58 10,26.96944444444444,131.8,22.3,3.84,177.9,Map/Offsets,https://cgi.minorplanetcenter.net/cgi-bin/confirmeph2.cgi
20260526T124508Z,2026-05-26T12:45:08.846943Z,20260526T124508Z_batch01,C1F4075,2026-05-27T02:00:00Z,16 02 59.5,240.7479166666667,+26 54 19,26.905277777777776,131.8,22.3,3.86,177.9,Map/Offsets,https://cgi.minorplanetcenter.net/cgi-bin/confirmeph2.cgi
20260526T124508Z,2026-05-26T12:45:08.846943Z,20260526T124508Z_batch01,C1F4075,2026-05-27T03:00:00Z,16 03 00.2,240.75083333333333,+26 50 27,26.840833333333332,131.9,22.3,3.88,177.9,Map/Offsets,https://cgi.minorplanetcenter.net/cgi-bin/confirmeph2.cgi
20260526T124508Z,2026-05-26T12:45:08.846943Z,20260526T124508Z_batch01,C1F4075,2026-05-27T04:00:00Z,16 03 00.8,240.75333333333336,+26 46 34,26.77611111111111,131.9,22.2,3.9,177.9,Map/Offsets,https://cgi.minorplanetcenter.net/cgi-bin/confirmeph2.cgi
20260526T124508Z,2026-05-26T12:45:08.846943Z,20260526T124508Z_batch01,C1F4075,2026-05-27T05:00:00Z,16 03 01.5,240.75625,+26 42 39,26.710833333333333,132.0,22.2,3.92,177.9,Map/Offsets,https://cgi.minorplanetcenter.net/cgi-bin/confirmeph2.cgi
20260526T124508Z,2026-05-26T12:45:08.846943Z,20260526T124508Z_batch01,C1F4075,2026-05-27T06:00:00Z,16 03 02.1,240.75875000000002,+26 38 43,26.64527777777778,132.0,22.2,3.94,177.9,Map/Offsets,https://cgi.minorplanetcenter.net/cgi-bin/confirmeph2.cgi
20260526T124508Z,2026-05-26T12:45:08.846943Z,20260526T124508Z_batch01,C1F4075,2026-05-27T07:00:00Z,16 03 02.8,240.76166666666668,+26 34 46,26.579444444444444,132.1,22.2,3.97,177.9,Map/Offsets,https://cgi.minorplanetcenter.net/cgi-bin/confirmeph2.cgi
20260526T124508Z,2026-05-26T12:45:08.846943Z,20260526T124508Z_batch01,C1F4075,2026-05-27T08:00:00Z,16 03 03.4,240.7641666666667,+26 30 48,26.513333333333332,132.1,22.2,3.99,177.9,Map/Offsets,https://cgi.minorplanetcenter.net/cgi-bin/confirmeph2.cgi
20260526T124508Z,2026-05-26T12:45:08.846943Z,20260526T124508Z_batch01,C1F4075,2026-05-27T09:00:00Z,16 03 04.1,240.76708333333335,+26 26 48,26.446666666666665,132.2,22.2,4.01,177.9,Map/Offsets,https://cgi.minorplanetcenter.net/cgi-bin/confirmeph2.cgi
20260526T124508Z,2026-05-26T12:45:08.846943Z,20260526T124508Z_batch01,C1F4075,2026-05-27T10:00:00Z,16 03 04.8,240.77000000000004,+26 22 47,26.379722222222224,132.3,22.2,4.03,177.9,Map/Offsets,https://cgi.minorplanetcenter.net/cgi-bin/confirmeph2.cgi
20260526T124508Z,2026-05-26T12:45:08.846943Z,20260526T124508Z_batch01,C1F4075,2026-05-27T11:00:00Z,16 03 05.4,240.7725,+26 18 45,26.3125,132.3,22.2,4.05,177.9,Map/Offsets,https://cgi.minorplanetcenter.net/cgi-bin/confirmeph2.cgi
20260526T124508Z,2026-05-26T12:45:08.846943Z,20260526T124508Z_batch01,P12nfxd,2026-05-26T11:00:00Z,17 49 47.8,267.44916666666666,+16 22 41,16.378055555555555,135.5,21.9,1.27,332.8,Map/Offsets,https://cgi.minorplanetcenter.net/cgi-bin/confirmeph2.cgi
20260526T124508Z,2026-05-26T12:45:08.846943Z,20260526T124508Z_batch01,P12nfxd,2026-05-26T12:00:00Z,17 49 45.4,267.43916666666667,+16 23 48,16.396666666666665,135.5,21.9,1.27,332.7,Map/Offsets,https://cgi.minorplanetcenter.net/cgi-bin/confirmeph2.cgi
20260526T124508Z,2026-05-26T12:45:08.846943Z,20260526T124508Z_batch01,P12nfxd,2026-05-26T13:00:00Z,17 49 42.9,267.42875000000004,+16 24 56,16.415555555555553,135.5,21.9,1.27,332.6,Map/Offsets,https://cgi.minorplanetcenter.net/cgi-bin/confirmeph2.cgi
20260526T124508Z,2026-05-26T12:45:08.846943Z,20260526T124508Z_batch01,P12nfxd,2026-05-26T14:00:00Z,17 49 40.5,267.41875,+16 26 04,16.434444444444445,135.5,21.9,1.27,332.6,Map/Offsets,https://cgi.minorplanetcenter.net/cgi-bin/confirmeph2.cgi
20260526T124508Z,2026-05-26T12:45:08.846943Z,20260526T124508Z_batch01,P12nfxd,2026-05-26T15:00:00Z,17 49 38.1,267.40875,+16 27 11,16.453055555555554,135.5,21.9,1.26,332.5,Map/Offsets,https://cgi.minorplanetcenter.net/cgi-bin/confirmeph2.cgi
20260526T124508Z,2026-05-26T12:45:08.846943Z,20260526T124508Z_batch01,P12nfxd,2026-05-26T16:00:00Z,17 49 35.6,267.3983333333333,+16 28 18,16.471666666666664,135.5,21.9,1.26,332.4,Map/Offsets,https://cgi.minorplanetcenter.net/cgi-bin/confirmeph2.cgi
20260526T124508Z,2026-05-26T12:45:08.846943Z,20260526T124508Z_batch01,P12nfxd,2026-05-26T17:00:00Z,17 49 33.2,267.3883333333333,+16 29 25,16.490277777777777,135.5,21.9,1.26,332.3,Map/Offsets,https://cgi.minorplanetcenter.net/cgi-bin/confirmeph2.cgi
20260526T124508Z,2026-05-26T12:45:08.846943Z,20260526T124508Z_batch01,P12nfxd,2026-05-26T18:00:00Z,17 49 30.7,267.3779166666667,+16 30 32,16.50888888888889,135.5,21.9,1.26,332.2,Map/Offsets,https://cgi.minorplanetcenter.net/cgi-bin/confirmeph2.cgi
20260526T124508Z,2026-05-26T12:45:08.846943Z,20260526T124508Z_batch01,P12nfxd,2026-05-26T19:00:00Z,17 49 28.3,267.36791666666664,+16 31 38,16.52722222222222,135.5,21.9,1.25,332.2,Map/Offsets,https://cgi.minorplanetcenter.net/cgi-bin/confirmeph2.cgi
20260526T124508Z,2026-05-26T12:45:08.846943Z,20260526T124508Z_batch01,P12nfxd,2026-05-26T20:00:00Z,17 49 25.9,267.35791666666665,+16 32 45,16.545833333333334,135.5,21.9,1.25,332.1,Map/Offsets,https://cgi.minorplanetcenter.net/cgi-bin/confirmeph2.cgi
20260526T124508Z,2026-05-26T12:45:08.846943Z,20260526T124508Z_batch01,P12nfxd,2026-05-26T21:00:00Z,17 49 23.4,267.34749999999997,+16 33 51,16.56416666666667,135.5,21.9,1.25,332.0,Map/Offsets,https://cgi.minorplanetcenter.net/cgi-bin/confirmeph2.cgi
20260526T124508Z,2026-05-26T12:45:08.846943Z,20260526T124508Z_batch01,P12nfxd,2026-05-26T22:00:00Z,17 49 21.0,267.3375,+16 34 57,16.5825,135.5,21.9,1.25,331.9,Map/Offsets,https://cgi.minorplanetcenter.net/cgi-bin/confirmeph2.cgi
20260526T124508Z,2026-05-26T12:45:08.846943Z,20260526T124508Z_batch01,P12nfxd,2026-05-26T23:00:00Z,17 49 18.5,267.32708333333335,+16 36 03,16.600833333333334,135.5,21.9,1.24,331.9,Map/Offsets,https://cgi.minorplanetcenter.net/cgi-bin/confirmeph2.cgi
20260526T124508Z,2026-05-26T12:45:08.846943Z,20260526T124508Z_batch01,P12nfxd,2026-05-27T00:00:00Z,17 49 16.1,267.31708333333336,+16 37 09,16.61916666666667,135.5,21.9,1.24,331.8,Map/Offsets,https://cgi.minorplanetcenter.net/cgi-bin/confirmeph2.cgi
20260526T124508Z,2026-05-26T12:45:08.846943Z,20260526T124508Z_batch01,P12nfxd,2026-05-27T01:00:00Z,17 49 13.6,267.3066666666667,+16 38 14,16.63722222222222,135.5,21.9,1.24,331.7,Map/Offsets,https://cgi.minorplanetcenter.net/cgi-bin/confirmeph2.cgi
20260526T124508Z,2026-05-26T12:45:08.846943Z,20260526T124508Z_batch01,P12nfxd,2026-05-27T02:00:00Z,17 49 11.2,267.2966666666666,+16 39 19,16.655277777777776,135.5,21.9,1.24,331.6,Map/Offsets,https://cgi.minorplanetcenter.net/cgi-bin/confirmeph2.cgi
20260526T124508Z,2026-05-26T12:45:08.846943Z,20260526T124508Z_batch01,P12nfxd,2026-05-27T03:00:00Z,17 49 08.7,267.28625,+16 40 25,16.67361111111111,135.5,21.9,1.23,331.6,Map/Offsets,https://cgi.minorplanetcenter.net/cgi-bin/confirmeph2.cgi
20260526T124508Z,2026-05-26T12:45:08.846943Z,20260526T124508Z_batch01,P12nfxd,2026-05-27T04:00:00Z,17 49 06.3,267.27625,+16 41 30,16.691666666666666,135.6,21.9,1.23,331.5,Map/Offsets,https://cgi.minorplanetcenter.net/cgi-bin/confirmeph2.cgi
20260526T124508Z,2026-05-26T12:45:08.846943Z,20260526T124508Z_batch01,P12nfxd,2026-05-27T05:00:00Z,17 49 03.8,267.2658333333333,+16 42 34,16.709444444444443,135.6,21.9,1.23,331.4,Map/Offsets,https://cgi.minorplanetcenter.net/cgi-bin/confirmeph2.cgi
20260526T124508Z,2026-05-26T12:45:08.846943Z,20260526T124508Z_batch01,P12nfxd,2026-05-27T06:00:00Z,17 49 01.4,267.2558333333333,+16 43 39,16.7275,135.6,21.9,1.23,331.3,Map/Offsets,https://cgi.minorplanetcenter.net/cgi-bin/confirmeph2.cgi
20260526T124508Z,2026-05-26T12:45:08.846943Z,20260526T124508Z_batch01,P12nfxd,2026-05-27T07:00:00Z,17 48 58.9,267.24541666666664,+16 44 43,16.74527777777778,135.6,21.9,1.22,331.3,Map/Offsets,https://cgi.minorplanetcenter.net/cgi-bin/confirmeph2.cgi
20260526T124508Z,2026-05-26T12:45:08.846943Z,20260526T124508Z_batch01,P12nfxd,2026-05-27T08:00:00Z,17 48 56.5,267.2354166666667,+16 45 47,16.763055555555557,135.6,21.9,1.22,331.2,Map/Offsets,https://cgi.minorplanetcenter.net/cgi-bin/confirmeph2.cgi
20260526T124508Z,2026-05-26T12:45:08.846943Z,20260526T124508Z_batch01,P12nfxd,2026-05-27T09:00:00Z,17 48 54.0,267.225,+16 46 52,16.78111111111111,135.6,21.9,1.22,331.1,Map/Offsets,https://cgi.minorplanetcenter.net/cgi-bin/confirmeph2.cgi
20260526T124508Z,2026-05-26T12:45:08.846943Z,20260526T124508Z_batch01,P12nfxd,2026-05-27T10:00:00Z,17 48 51.5,267.21458333333334,+16 47 55,16.798611111111114,135.6,21.9,1.21,331.0,Map/Offsets,https://cgi.minorplanetcenter.net/cgi-bin/confirmeph2.cgi
20260526T124508Z,2026-05-26T12:45:08.846943Z,20260526T124508Z_batch01,P12nfxd,2026-05-27T11:00:00Z,17 48 49.1,267.20458333333335,+16 48 59,16.81638888888889,135.6,21.9,1.21,330.9,Map/Offsets,https://cgi.minorplanetcenter.net/cgi-bin/confirmeph2.cgi
20260526T124508Z,2026-05-26T12:45:08.846943Z,20260526T124508Z_batch01,C1F32J5,2026-05-26T11:00:00Z,17 12 08.0,258.0333333333333,+13 28 16,13.471111111111112,142.4,21.9,5.09,355.5,Map/Offsets,https://cgi.minorplanetcenter.net/cgi-bin/confirmeph2.cgi
20260526T124508Z,2026-05-26T12:45:08.846943Z,20260526T124508Z_batch01,C1F32J5,2026-05-26T12:00:00Z,17 12 06.4,258.02666666666664,+13 33 20,13.555555555555557,142.3,21.9,5.09,355.5,Map/Offsets,https://cgi.minorplanetcenter.net/cgi-bin/confirmeph2.cgi
20260526T124508Z,2026-05-26T12:45:08.846943Z,20260526T124508Z_batch01,C1F32J5,2026-05-26T13:00:00Z,17 12 04.8,258.02000000000004,+13 38 24,13.639999999999999,142.2,21.9,5.09,355.5,Map/Offsets,https://cgi.minorplanetcenter.net/cgi-bin/confirmeph2.cgi
20260526T124508Z,2026-05-26T12:45:08.846943Z,20260526T124508Z_batch01,C1F32J5,2026-05-26T14:00:00Z,17 12 03.1,258.0129166666666,+13 43 28,13.724444444444444,142.2,21.9,5.08,355.5,Map/Offsets,https://cgi.minorplanetcenter.net/cgi-bin/confirmeph2.cgi
20260526T124508Z,2026-05-26T12:45:08.846943Z,20260526T124508Z_batch01,C1F32J5,2026-05-26T15:00:00Z,17 12 01.5,258.00624999999997,+13 48 33,13.809166666666668,142.1,22.0,5.08,355.5,Map/Offsets,https://cgi.minorplanetcenter.net/cgi-bin/confirmeph2.cgi
20260526T124508Z,2026-05-26T12:45:08.846943Z,20260526T124508Z_batch01,C1F32J5,2026-05-26T16:00:00Z,17 11 59.9,257.9995833333333,+13 53 37,13.893611111111111,142.0,22.0,5.08,355.5,Map/Offsets,https://cgi.minorplanetcenter.net/cgi-bin/confirmeph2.cgi
20260526T124508Z,2026-05-26T12:45:08.846943Z,20260526T124508Z_batch01,C1F32J5,2026-05-26T17:00:00Z,17 11 58.2,257.9925,+13 58 40,13.977777777777778,142.0,22.0,5.08,355.5,Map/Offsets,https://cgi.minorplanetcenter.net/cgi-bin/confirmeph2.cgi
20260526T124508Z,2026-05-26T12:45:08.846943Z,20260526T124508Z_batch01,C1F32J5,2026-05-26T18:00:00Z,17 11 56.5,257.9854166666667,+14 03 44,14.062222222222223,141.9,22.0,5.08,355.5,Map/Offsets,https://cgi.minorplanetcenter.net/cgi-bin/confirmeph2.cgi
20260526T124508Z,2026-05-26T12:45:08.846943Z,20260526T124508Z_batch01,C1F32J5,2026-05-26T19:00:00Z,17 11 54.9,257.97875000000005,+14 08 48,14.146666666666667,141.8,22.0,5.08,355.4,Map/Offsets,https://cgi.minorplanetcenter.net/cgi-bin/confirmeph2.cgi
20260526T124508Z,2026-05-26T12:45:08.846943Z,20260526T124508Z_batch01,C1F32J5,2026-05-26T20:00:00Z,17 11 53.2,257.97166666666664,+14 13 51,14.230833333333333,141.8,22.0,5.07,355.4,Map/Offsets,https://cgi.minorplanetcenter.net/cgi-bin/confirmeph2.cgi
20260526T124508Z,2026-05-26T12:45:08.846943Z,20260526T124508Z_batch01,C1F32J5,2026-05-26T21:00:00Z,17 11 51.6,257.965,+14 18 55,14.315277777777778,141.7,22.0,5.07,355.4,Map/Offsets,https://cgi.minorplanetcenter.net/cgi-bin/confirmeph2.cgi
20260526T124508Z,2026-05-26T12:45:08.846943Z,20260526T124508Z_batch01,C1F32J5,2026-05-26T22:00:00Z,17 11 49.9,257.9579166666667,+14 23 58,14.399444444444445,141.6,22.0,5.07,355.4,Map/Offsets,https://cgi.minorplanetcenter.net/cgi-bin/confirmeph2.cgi
20260526T124508Z,2026-05-26T12:45:08.846943Z,20260526T124508Z_batch01,C1F32J5,2026-05-26T23:00:00Z,17 11 48.2,257.9508333333334,+14 29 02,14.483888888888888,141.6,22.0,5.07,355.4,Map/Offsets,https://cgi.minorplanetcenter.net/cgi-bin/confirmeph2.cgi
20260526T124508Z,2026-05-26T12:45:08.846943Z,20260526T124508Z_batch01,C1F32J5,2026-05-27T00:00:00Z,17 11 46.5,257.94374999999997,+14 34 05,14.568055555555555,141.5,22.0,5.07,355.4,Map/Offsets,https://cgi.minorplanetcenter.net/cgi-bin/confirmeph2.cgi
20260526T124508Z,2026-05-26T12:45:08.846943Z,20260526T124508Z_batch01,C1F32J5,2026-05-27T01:00:00Z,17 11 44.8,257.93666666666667,+14 39 08,14.652222222222223,141.4,22.0,5.07,355.4,Map/Offsets,https://cgi.minorplanetcenter.net/cgi-bin/confirmeph2.cgi
20260526T124508Z,2026-05-26T12:45:08.846943Z,20260526T124508Z_batch01,C1F32J5,2026-05-27T02:00:00Z,17 11 43.2,257.93,+14 44 11,14.736388888888888,141.4,22.0,5.06,355.4,Map/Offsets,https://cgi.minorplanetcenter.net/cgi-bin/confirmeph2.cgi
20260526T124508Z,2026-05-26T12:45:08.846943Z,20260526T124508Z_batch01,C1F32J5,2026-05-27T03:00:00Z,17 11 41.5,257.9229166666667,+14 49 13,14.820277777777777,141.3,22.0,5.06,355.4,Map/Offsets,https://cgi.minorplanetcenter.net/cgi-bin/confirmeph2.cgi
20260526T124508Z,2026-05-26T12:45:08.846943Z,20260526T124508Z_batch01,C1F32J5,2026-05-27T04:00:00Z,17 11 39.8,257.9158333333333,+14 54 16,14.904444444444445,141.2,22.0,5.06,355.4,Map/Offsets,https://cgi.minorplanetcenter.net/cgi-bin/confirmeph2.cgi
20260526T124508Z,2026-05-26T12:45:08.846943Z,20260526T124508Z_batch01,C1F32J5,2026-05-27T05:00:00Z,17 11 38.1,257.90875,+14 59 19,14.98861111111111,141.2,22.0,5.06,355.3,Map/Offsets,https://cgi.minorplanetcenter.net/cgi-bin/confirmeph2.cgi
20260526T124508Z,2026-05-26T12:45:08.846943Z,20260526T124508Z_batch01,C1F32J5,2026-05-27T06:00:00Z,17 11 36.4,257.9016666666667,+15 04 21,15.0725,141.1,22.0,5.06,355.3,Map/Offsets,https://cgi.minorplanetcenter.net/cgi-bin/confirmeph2.cgi
20260526T124508Z,2026-05-26T12:45:08.846943Z,20260526T124508Z_batch01,C1F32J5,2026-05-27T07:00:00Z,17 11 34.7,257.89458333333334,+15 09 23,15.15638888888889,141.0,22.0,5.05,355.3,Map/Offsets,https://cgi.minorplanetcenter.net/cgi-bin/confirmeph2.cgi
20260526T124508Z,2026-05-26T12:45:08.846943Z,20260526T124508Z_batch01,C1F32J5,2026-05-27T08:00:00Z,17 11 32.9,257.8870833333333,+15 14 25,15.240277777777777,141.0,22.0,5.05,355.3,Map/Offsets,https://cgi.minorplanetcenter.net/cgi-bin/confirmeph2.cgi
20260526T124508Z,2026-05-26T12:45:08.846943Z,20260526T124508Z_batch01,C1F32J5,2026-05-27T09:00:00Z,17 11 31.2,257.88,+15 19 27,15.324166666666667,140.9,22.0,5.05,355.3,Map/Offsets,https://cgi.minorplanetcenter.net/cgi-bin/confirmeph2.cgi
20260526T124508Z,2026-05-26T12:45:08.846943Z,20260526T124508Z_batch01,C1F32J5,2026-05-27T10:00:00Z,17 11 29.5,257.8729166666667,+15 24 29,15.408055555555556,140.8,22.0,5.05,355.3,Map/Offsets,https://cgi.minorplanetcenter.net/cgi-bin/confirmeph2.cgi
20260526T124508Z,2026-05-26T12:45:08.846943Z,20260526T124508Z_batch01,C1F32J5,2026-05-27T11:00:00Z,17 11 27.8,257.86583333333334,+15 29 31,15.491944444444444,140.8,22.0,5.05,355.3,Map/Offsets,https://cgi.minorplanetcenter.net/cgi-bin/confirmeph2.cgi
20260526T124508Z,2026-05-26T12:45:08.846943Z,20260526T124508Z_batch01,C1F3245,2026-05-26T11:00:00Z,17 00 48.7,255.20291666666668,+10 36 21,10.605833333333333,146.1,22.5,0.82,255.3,Map/Offsets,https://cgi.minorplanetcenter.net/cgi-bin/confirmeph2.cgi
20260526T124508Z,2026-05-26T12:45:08.846943Z,20260526T124508Z_batch01,C1F3245,2026-05-26T12:00:00Z,17 00 45.5,255.18958333333336,+10 36 09,10.6025,146.1,22.5,0.82,255.2,Map/Offsets,https://cgi.minorplanetcenter.net/cgi-bin/confirmeph2.cgi
20260526T124508Z,2026-05-26T12:45:08.846943Z,20260526T124508Z_batch01,C1F3245,2026-05-26T13:00:00Z,17 00 42.2,255.17583333333332,+10 35 56,10.59888888888889,146.1,22.5,0.82,255.2,Map/Offsets,https://cgi.minorplanetcenter.net/cgi-bin/confirmeph2.cgi
20260526T124508Z,2026-05-26T12:45:08.846943Z,20260526T124508Z_batch01,C1F3245,2026-05-26T14:00:00Z,17 00 39.0,255.16250000000002,+10 35 43,10.595277777777778,146.1,22.5,0.82,255.1,Map/Offsets,https://cgi.minorplanetcenter.net/cgi-bin/confirmeph2.cgi
20260526T124508Z,2026-05-26T12:45:08.846943Z,20260526T124508Z_batch01,C1F3245,2026-05-26T15:00:00Z,17 00 35.8,255.14916666666664,+10 35 31,10.591944444444445,146.1,22.5,0.82,255.1,Map/Offsets,https://cgi.minorplanetcenter.net/cgi-bin/confirmeph2.cgi
20260526T124508Z,2026-05-26T12:45:08.846943Z,20260526T124508Z_batch01,C1F3245,2026-05-26T16:00:00Z,17 00 32.5,255.13541666666666,+10 35 18,10.588333333333335,146.1,22.5,0.82,255.0,Map/Offsets,https://cgi.minorplanetcenter.net/cgi-bin/confirmeph2.cgi
20260526T124508Z,2026-05-26T12:45:08.846943Z,20260526T124508Z_batch01,C1F3245,2026-05-26T17:00:00Z,17 00 29.3,255.12208333333336,+10 35 05,10.584722222222222,146.2,22.5,0.82,255.0,Map/Offsets,https://cgi.minorplanetcenter.net/cgi-bin/confirmeph2.cgi
20260526T124508Z,2026-05-26T12:45:08.846943Z,20260526T124508Z_batch01,C1F3245,2026-05-26T18:00:00Z,17 00 26.1,255.10875,+10 34 52,10.581111111111111,146.2,22.5,0.82,254.9,Map/Offsets,https://cgi.minorplanetcenter.net/cgi-bin/confirmeph2.cgi
20260526T124508Z,2026-05-26T12:45:08.846943Z,20260526T124508Z_batch01,C1F3245,2026-05-26T19:00:00Z,17 00 22.9,255.09541666666667,+10 34 40,10.577777777777778,146.2,22.5,0.82,254.9,Map/Offsets,https://cgi.minorplanetcenter.net/cgi-bin/confirmeph2.cgi
20260526T124508Z,2026-05-26T12:45:08.846943Z,20260526T124508Z_batch01,C1F3245,2026-05-26T20:00:00Z,17 00 19.6,255.08166666666665,+10 34 27,10.574166666666667,146.2,22.5,0.82,254.8,Map/Offsets,https://cgi.minorplanetcenter.net/cgi-bin/confirmeph2.cgi
20260526T124508Z,2026-05-26T12:45:08.846943Z,20260526T124508Z_batch01,C1F3245,2026-05-26T21:00:00Z,17 00 16.4,255.06833333333333,+10 34 14,10.570555555555556,146.2,22.5,0.82,254.8,Map/Offsets,https://cgi.minorplanetcenter.net/cgi-bin/confirmeph2.cgi
20260526T124508Z,2026-05-26T12:45:08.846943Z,20260526T124508Z_batch01,C1F3245,2026-05-26T22:00:00Z,17 00 13.2,255.055,+10 34 01,10.566944444444443,146.2,22.5,0.82,254.7,Map/Offsets,https://cgi.minorplanetcenter.net/cgi-bin/confirmeph2.cgi
20260526T124508Z,2026-05-26T12:45:08.846943Z,20260526T124508Z_batch01,C1F3245,2026-05-26T23:00:00Z,17 00 09.9,255.04125,+10 33 48,10.563333333333334,146.3,22.5,0.82,254.7,Map/Offsets,https://cgi.minorplanetcenter.net/cgi-bin/confirmeph2.cgi
20260526T124508Z,2026-05-26T12:45:08.846943Z,20260526T124508Z_batch01,C1F3245,2026-05-27T00:00:00Z,17 00 06.7,255.02791666666667,+10 33 35,10.559722222222224,146.3,22.5,0.82,254.6,Map/Offsets,https://cgi.minorplanetcenter.net/cgi-bin/confirmeph2.cgi
20260526T124508Z,2026-05-26T12:45:08.846943Z,20260526T124508Z_batch01,C1F3245,2026-05-27T01:00:00Z,17 00 03.5,255.01458333333335,+10 33 22,10.556111111111111,146.3,22.5,0.82,254.6,Map/Offsets,https://cgi.minorplanetcenter.net/cgi-bin/confirmeph2.cgi
20260526T124508Z,2026-05-26T12:45:08.846943Z,20260526T124508Z_batch01,C1F3245,2026-05-27T02:00:00Z,17 00 00.2,255.00083333333333,+10 33 08,10.552222222222223,146.3,22.5,0.82,254.5,Map/Offsets,https://cgi.minorplanetcenter.net/cgi-bin/confirmeph2.cgi
20260526T124508Z,2026-05-26T12:45:08.846943Z,20260526T124508Z_batch01,C1F3245,2026-05-27T03:00:00Z,16 59 57.0,254.9875,+10 32 55,10.54861111111111,146.3,22.5,0.82,254.5,Map/Offsets,https://cgi.minorplanetcenter.net/cgi-bin/confirmeph2.cgi
20260526T124508Z,2026-05-26T12:45:08.846943Z,20260526T124508Z_batch01,C1F3245,2026-05-27T04:00:00Z,16 59 53.8,254.9741666666667,+10 32 42,10.545,146.3,22.5,0.82,254.4,Map/Offsets,https://cgi.minorplanetcenter.net/cgi-bin/confirmeph2.cgi
20260526T124508Z,2026-05-26T12:45:08.846943Z,20260526T124508Z_batch01,C1F3245,2026-05-27T05:00:00Z,16 59 50.5,254.96041666666667,+10 32 29,10.54138888888889,146.3,22.5,0.82,254.4,Map/Offsets,https://cgi.minorplanetcenter.net/cgi-bin/confirmeph2.cgi
20260526T124508Z,2026-05-26T12:45:08.846943Z,20260526T124508Z_batch01,C1F3245,2026-05-27T06:00:00Z,16 59 47.3,254.94708333333335,+10 32 15,10.5375,146.4,22.5,0.83,254.3,Map/Offsets,https://cgi.minorplanetcenter.net/cgi-bin/confirmeph2.cgi
20260526T124508Z,2026-05-26T12:45:08.846943Z,20260526T124508Z_batch01,C1F3245,2026-05-27T07:00:00Z,16 59 44.1,254.93375000000003,+10 32 02,10.533888888888889,146.4,22.5,0.83,254.3,Map/Offsets,https://cgi.minorplanetcenter.net/cgi-bin/confirmeph2.cgi
20260526T124508Z,2026-05-26T12:45:08.846943Z,20260526T124508Z_batch01,C1F3245,2026-05-27T08:00:00Z,16 59 40.8,254.92000000000002,+10 31 49,10.530277777777778,146.4,22.5,0.83,254.3,Map/Offsets,https://cgi.minorplanetcenter.net/cgi-bin/confirmeph2.cgi
20260526T124508Z,2026-05-26T12:45:08.846943Z,20260526T124508Z_batch01,C1F3245,2026-05-27T09:00:00Z,16 59 37.6,254.9066666666667,+10 31 35,10.52638888888889,146.4,22.5,0.83,254.2,Map/Offsets,https://cgi.minorplanetcenter.net/cgi-bin/confirmeph2.cgi
20260526T124508Z,2026-05-26T12:45:08.846943Z,20260526T124508Z_batch01,C1F3245,2026-05-27T10:00:00Z,16 59 34.4,254.89333333333332,+10 31 22,10.522777777777778,146.4,22.5,0.83,254.2,Map/Offsets,https://cgi.minorplanetcenter.net/cgi-bin/confirmeph2.cgi
20260526T124508Z,2026-05-26T12:45:08.846943Z,20260526T124508Z_batch01,C1F3245,2026-05-27T11:00:00Z,16 59 31.1,254.87958333333336,+10 31 08,10.51888888888889,146.4,22.5,0.83,254.1,Map/Offsets,https://cgi.minorplanetcenter.net/cgi-bin/confirmeph2.cgi
20260526T124508Z,2026-05-26T12:45:08.846943Z,20260526T124508Z_batch01,SJA1250,2026-05-26T11:00:00Z,16 52 04.9,253.0204166666667,+61 24 09,61.402499999999996,97.1,20.3,1.53,229.6,Map/Offsets,https://cgi.minorplanetcenter.net/cgi-bin/confirmeph2.cgi
20260526T124508Z,2026-05-26T12:45:08.846943Z,20260526T124508Z_batch01,SJA1250,2026-05-26T12:00:00Z,16 51 55.2,252.98000000000005,+61 23 10,61.38611111111111,97.1,20.3,1.53,229.5,Map/Offsets,https://cgi.minorplanetcenter.net/cgi-bin/confirmeph2.cgi
20260526T124508Z,2026-05-26T12:45:08.846943Z,20260526T124508Z_batch01,SJA1250,2026-05-26T13:00:00Z,16 51 45.5,252.9395833333334,+61 22 10,61.36944444444445,97.1,20.3,1.53,229.5,Map/Offsets,https://cgi.minorplanetcenter.net/cgi-bin/confirmeph2.cgi
20260526T124508Z,2026-05-26T12:45:08.846943Z,20260526T124508Z_batch01,SJA1250,2026-05-26T14:00:00Z,16 51 35.8,252.89916666666667,+61 21 11,61.35305555555556,97.1,20.3,1.53,229.4,Map/Offsets,https://cgi.minorplanetcenter.net/cgi-bin/confirmeph2.cgi
20260526T124508Z,2026-05-26T12:45:08.846943Z,20260526T124508Z_batch01,SJA1250,2026-05-26T15:00:00Z,16 51 26.1,252.85875000000001,+61 20 11,61.33638888888889,97.2,20.3,1.53,229.4,Map/Offsets,https://cgi.minorplanetcenter.net/cgi-bin/confirmeph2.cgi
20260526T124508Z,2026-05-26T12:45:08.846943Z,20260526T124508Z_batch01,SJA1250,2026-05-26T16:00:00Z,16 51 16.5,252.81875000000002,+61 19 11,61.319722222222225,97.2,20.3,1.53,229.3,Map/Offsets,https://cgi.minorplanetcenter.net/cgi-bin/confirmeph2.cgi
20260526T124508Z,2026-05-26T12:45:08.846943Z,20260526T124508Z_batch01,SJA1250,2026-05-26T17:00:00Z,16 51 06.8,252.77833333333336,+61 18 11,61.30305555555555,97.2,20.3,1.53,229.2,Map/Offsets,https://cgi.minorplanetcenter.net/cgi-bin/confirmeph2.cgi
20260526T124508Z,2026-05-26T12:45:08.846943Z,20260526T124508Z_batch01,SJA1250,2026-05-26T18:00:00Z,16 50 57.2,252.73833333333332,+61 17 12,61.28666666666666,97.2,20.3,1.53,229.2,Map/Offsets,https://cgi.minorplanetcenter.net/cgi-bin/confirmeph2.cgi
20260526T124508Z,2026-05-26T12:45:08.846943Z,20260526T124508Z_batch01,SJA1250,2026-05-26T19:00:00Z,16 50 47.5,252.69791666666666,+61 16 12,61.269999999999996,97.2,20.3,1.53,229.1,Map/Offsets,https://cgi.minorplanetcenter.net/cgi-bin/confirmeph2.cgi
20260526T124508Z,2026-05-26T12:45:08.846943Z,20260526T124508Z_batch01,SJA1250,2026-05-26T20:00:00Z,16 50 37.9,252.65791666666667,+61 15 11,61.253055555555555,97.2,20.3,1.53,229.0,Map/Offsets,https://cgi.minorplanetcenter.net/cgi-bin/confirmeph2.cgi
20260526T124508Z,2026-05-26T12:45:08.846943Z,20260526T124508Z_batch01,SJA1250,2026-05-26T21:00:00Z,16 50 28.3,252.61791666666664,+61 14 11,61.23638888888889,97.2,20.3,1.53,229.0,Map/Offsets,https://cgi.minorplanetcenter.net/cgi-bin/confirmeph2.cgi
20260526T124508Z,2026-05-26T12:45:08.846943Z,20260526T124508Z_batch01,SJA1250,2026-05-26T22:00:00Z,16 50 18.7,252.57791666666665,+61 13 11,61.219722222222224,97.3,20.3,1.53,228.9,Map/Offsets,https://cgi.minorplanetcenter.net/cgi-bin/confirmeph2.cgi
20260526T124508Z,2026-05-26T12:45:08.846943Z,20260526T124508Z_batch01,SJA1250,2026-05-26T23:00:00Z,16 50 09.2,252.53833333333333,+61 12 11,61.20305555555556,97.3,20.3,1.53,228.9,Map/Offsets,https://cgi.minorplanetcenter.net/cgi-bin/confirmeph2.cgi
20260526T124508Z,2026-05-26T12:45:08.846943Z,20260526T124508Z_batch01,SJA1250,2026-05-27T00:00:00Z,16 49 59.6,252.49833333333333,+61 11 10,61.18611111111111,97.3,20.3,1.53,228.8,Map/Offsets,https://cgi.minorplanetcenter.net/cgi-bin/confirmeph2.cgi
20260526T124508Z,2026-05-26T12:45:08.846943Z,20260526T124508Z_batch01,SJA1250,2026-05-27T01:00:00Z,16 49 50.0,252.45833333333334,+61 10 10,61.169444444444444,97.3,20.3,1.53,228.7,Map/Offsets,https://cgi.minorplanetcenter.net/cgi-bin/confirmeph2.cgi
20260526T124508Z,2026-05-26T12:45:08.846943Z,20260526T124508Z_batch01,SJA1250,2026-05-27T02:00:00Z,16 49 40.5,252.41875,+61 09 09,61.152499999999996,97.3,20.3,1.53,228.7,Map/Offsets,https://cgi.minorplanetcenter.net/cgi-bin/confirmeph2.cgi
20260526T124508Z,2026-05-26T12:45:08.846943Z,20260526T124508Z_batch01,SJA1250,2026-05-27T03:00:00Z,16 49 31.0,252.37916666666666,+61 08 08,61.135555555555555,97.3,20.3,1.53,228.6,Map/Offsets,https://cgi.minorplanetcenter.net/cgi-bin/confirmeph2.cgi
20260526T124508Z,2026-05-26T12:45:08.846943Z,20260526T124508Z_batch01,SJA1250,2026-05-27T04:00:00Z,16 49 21.5,252.33958333333334,+61 07 07,61.118611111111115,97.4,20.3,1.53,228.5,Map/Offsets,https://cgi.minorplanetcenter.net/cgi-bin/confirmeph2.cgi
20260526T124508Z,2026-05-26T12:45:08.846943Z,20260526T124508Z_batch01,SJA1250,2026-05-27T05:00:00Z,16 49 12.0,252.3,+61 06 06,61.10166666666667,97.4,20.3,1.53,228.5,Map/Offsets,https://cgi.minorplanetcenter.net/cgi-bin/confirmeph2.cgi
20260526T124508Z,2026-05-26T12:45:08.846943Z,20260526T124508Z_batch01,SJA1250,2026-05-27T06:00:00Z,16 49 02.5,252.26041666666669,+61 05 06,61.085,97.4,20.3,1.53,228.4,Map/Offsets,https://cgi.minorplanetcenter.net/cgi-bin/confirmeph2.cgi
20260526T124508Z,2026-05-26T12:45:08.846943Z,20260526T124508Z_batch01,SJA1250,2026-05-27T07:00:00Z,16 48 53.0,252.22083333333333,+61 04 04,61.06777777777778,97.4,20.3,1.53,228.4,Map/Offsets,https://cgi.minorplanetcenter.net/cgi-bin/confirmeph2.cgi
20260526T124508Z,2026-05-26T12:45:08.846943Z,20260526T124508Z_batch01,SJA1250,2026-05-27T08:00:00Z,16 48 43.5,252.18125,+61 03 03,61.05083333333333,97.4,20.3,1.53,228.3,Map/Offsets,https://cgi.minorplanetcenter.net/cgi-bin/confirmeph2.cgi
20260526T124508Z,2026-05-26T12:45:08.846943Z,20260526T124508Z_batch01,SJA1250,2026-05-27T09:00:00Z,16 48 34.1,252.14208333333335,+61 02 02,61.03388888888889,97.4,20.3,1.53,228.2,Map/Offsets,https://cgi.minorplanetcenter.net/cgi-bin/confirmeph2.cgi
20260526T124508Z,2026-05-26T12:45:08.846943Z,20260526T124508Z_batch01,SJA1250,2026-05-27T10:00:00Z,16 48 24.7,252.10291666666666,+61 01 01,61.01694444444444,97.4,20.3,1.53,228.2,Map/Offsets,https://cgi.minorplanetcenter.net/cgi-bin/confirmeph2.cgi
20260526T124508Z,2026-05-26T12:45:08.846943Z,20260526T124508Z_batch01,SJA1250,2026-05-27T11:00:00Z,16 48 15.2,252.06333333333333,+60 59 59,60.999722222222225,97.5,20.3,1.53,228.1,Map/Offsets,https://cgi.minorplanetcenter.net/cgi-bin/confirmeph2.cgi
20260526T124508Z,2026-05-26T12:45:08.846943Z,20260526T124508Z_batch01,C1F2X35,2026-05-26T11:00:00Z,16 19 57.5,244.98958333333331,+00 59 26,0.9905555555555555,157.8,21.8,3.33,199.5,Map/Offsets,https://cgi.minorplanetcenter.net/cgi-bin/confirmeph2.cgi
20260526T124508Z,2026-05-26T12:45:08.846943Z,20260526T124508Z_batch01,C1F2X35,2026-05-26T12:00:00Z,16 19 53.0,244.97083333333333,+00 56 17,0.9380555555555555,157.9,21.8,3.34,199.5,Map/Offsets,https://cgi.minorplanetcenter.net/cgi-bin/confirmeph2.cgi
20260526T124508Z,2026-05-26T12:45:08.846943Z,20260526T124508Z_batch01,C1F2X35,2026-05-26T13:00:00Z,16 19 48.6,244.95250000000001,+00 53 08,0.8855555555555555,157.9,21.8,3.35,199.5,Map/Offsets,https://cgi.minorplanetcenter.net/cgi-bin/confirmeph2.cgi
20260526T124508Z,2026-05-26T12:45:08.846943Z,20260526T124508Z_batch01,C1F2X35,2026-05-26T14:00:00Z,16 19 44.1,244.93375000000003,+00 49 58,0.8327777777777777,158.0,21.8,3.35,199.5,Map/Offsets,https://cgi.minorplanetcenter.net/cgi-bin/confirmeph2.cgi
20260526T124508Z,2026-05-26T12:45:08.846943Z,20260526T124508Z_batch01,C1F2X35,2026-05-26T15:00:00Z,16 19 39.6,244.915,+00 46 49,0.7802777777777778,158.0,21.8,3.36,199.5,Map/Offsets,https://cgi.minorplanetcenter.net/cgi-bin/confirmeph2.cgi
20260526T124508Z,2026-05-26T12:45:08.846943Z,20260526T124508Z_batch01,C1F2X35,2026-05-26T16:00:00Z,16 19 35.1,244.89625,+00 43 39,0.7275,158.1,21.8,3.36,199.5,Map/Offsets,https://cgi.minorplanetcenter.net/cgi-bin/confirmeph2.cgi
20260526T124508Z,2026-05-26T12:45:08.846943Z,20260526T124508Z_batch01,C1F2X35,2026-05-26T17:00:00Z,16 19 30.6,244.87750000000003,+00 40 28,0.6744444444444444,158.1,21.8,3.37,199.5,Map/Offsets,https://cgi.minorplanetcenter.net/cgi-bin/confirmeph2.cgi
20260526T124508Z,2026-05-26T12:45:08.846943Z,20260526T124508Z_batch01,C1F2X35,2026-05-26T18:00:00Z,16 19 26.1,244.85875,+00 37 18,0.6216666666666667,158.2,21.8,3.37,199.5,Map/Offsets,https://cgi.minorplanetcenter.net/cgi-bin/confirmeph2.cgi
20260526T124508Z,2026-05-26T12:45:08.846943Z,20260526T124508Z_batch01,C1F2X35,2026-05-26T19:00:00Z,16 19 21.6,244.84,+00 34 07,0.5686111111111111,158.2,21.7,3.38,199.5,Map/Offsets,https://cgi.minorplanetcenter.net/cgi-bin/confirmeph2.cgi
20260526T124508Z,2026-05-26T12:45:08.846943Z,20260526T124508Z_batch01,C1F2X35,2026-05-26T20:00:00Z,16 19 17.1,244.82125000000002,+00 30 55,0.5152777777777777,158.3,21.7,3.39,199.5,Map/Offsets,https://cgi.minorplanetcenter.net/cgi-bin/confirmeph2.cgi
20260526T124508Z,2026-05-26T12:45:08.846943Z,20260526T124508Z_batch01,C1F2X35,2026-05-26T21:00:00Z,16 19 12.6,244.80249999999998,+00 27 44,0.46222222222222226,158.3,21.7,3.39,199.5,Map/Offsets,https://cgi.minorplanetcenter.net/cgi-bin/confirmeph2.cgi
20260526T124508Z,2026-05-26T12:45:08.846943Z,20260526T124508Z_batch01,C1F2X35,2026-05-26T22:00:00Z,16 19 08.0,244.78333333333333,+00 24 32,0.4088888888888889,158.4,21.7,3.4,199.5,Map/Offsets,https://cgi.minorplanetcenter.net/cgi-bin/confirmeph2.cgi
20260526T124508Z,2026-05-26T12:45:08.846943Z,20260526T124508Z_batch01,C1F2X35,2026-05-26T23:00:00Z,16 19 03.5,244.76458333333335,+00 21 19,0.35527777777777775,158.4,21.7,3.4,199.5,Map/Offsets,https://cgi.minorplanetcenter.net/cgi-bin/confirmeph2.cgi
20260526T124508Z,2026-05-26T12:45:08.846943Z,20260526T124508Z_batch01,C1F2X35,2026-05-27T00:00:00Z,16 18 58.9,244.74541666666664,+00 18 07,0.30194444444444446,158.5,21.7,3.41,199.5,Map/Offsets,https://cgi.minorplanetcenter.net/cgi-bin/confirmeph2.cgi
20260526T124508Z,2026-05-26T12:45:08.846943Z,20260526T124508Z_batch01,C1F2X35,2026-05-27T01:00:00Z,16 18 54.4,244.72666666666666,+00 14 54,0.24833333333333335,158.5,21.7,3.41,199.5,Map/Offsets,https://cgi.minorplanetcenter.net/cgi-bin/confirmeph2.cgi
20260526T124508Z,2026-05-26T12:45:08.846943Z,20260526T124508Z_batch01,C1F2X35,2026-05-27T02:00:00Z,16 18 49.8,244.70750000000004,+00 11 41,0.1947222222222222,158.6,21.7,3.42,199.5,Map/Offsets,https://cgi.minorplanetcenter.net/cgi-bin/confirmeph2.cgi
20260526T124508Z,2026-05-26T12:45:08.846943Z,20260526T124508Z_batch01,C1F2X35,2026-05-27T03:00:00Z,16 18 45.3,244.68875,+00 08 27,0.14083333333333334,158.6,21.7,3.42,199.5,Map/Offsets,https://cgi.minorplanetcenter.net/cgi-bin/confirmeph2.cgi
20260526T124508Z,2026-05-26T12:45:08.846943Z,20260526T124508Z_batch01,C1F2X35,2026-05-27T04:00:00Z,16 18 40.7,244.66958333333335,+00 05 13,0.08694444444444444,158.7,21.7,3.43,199.4,Map/Offsets,https://cgi.minorplanetcenter.net/cgi-bin/confirmeph2.cgi
20260526T124508Z,2026-05-26T12:45:08.846943Z,20260526T124508Z_batch01,C1F2X35,2026-05-27T05:00:00Z,16 18 36.2,244.65083333333337,+00 01 59,0.03305555555555556,158.7,21.7,3.44,199.4,Map/Offsets,https://cgi.minorplanetcenter.net/cgi-bin/confirmeph2.cgi
20260526T124508Z,2026-05-26T12:45:08.846943Z,20260526T124508Z_batch01,C1F2X35,2026-05-27T06:00:00Z,16 18 31.6,244.63166666666666,-00 01 16,-0.021111111111111112,158.8,21.7,3.44,199.4,Map/Offsets,https://cgi.minorplanetcenter.net/cgi-bin/confirmeph2.cgi
20260526T124508Z,2026-05-26T12:45:08.846943Z,20260526T124508Z_batch01,C1F2X35,2026-05-27T07:00:00Z,16 18 27.0,244.6125,-00 04 31,-0.07527777777777778,158.8,21.7,3.45,199.4,Map/Offsets,https://cgi.minorplanetcenter.net/cgi-bin/confirmeph2.cgi
20260526T124508Z,2026-05-26T12:45:08.846943Z,20260526T124508Z_batch01,C1F2X35,2026-05-27T08:00:00Z,16 18 22.4,244.59333333333336,-00 07 46,-0.12944444444444445,158.9,21.7,3.45,199.4,Map/Offsets,https://cgi.minorplanetcenter.net/cgi-bin/confirmeph2.cgi
20260526T124508Z,2026-05-26T12:45:08.846943Z,20260526T124508Z_batch01,C1F2X35,2026-05-27T09:00:00Z,16 18 17.8,244.57416666666666,-00 11 01,-0.18361111111111109,158.9,21.7,3.46,199.4,Map/Offsets,https://cgi.minorplanetcenter.net/cgi-bin/confirmeph2.cgi
20260526T124508Z,2026-05-26T12:45:08.846943Z,20260526T124508Z_batch01,C1F2X35,2026-05-27T10:00:00Z,16 18 13.2,244.55500000000004,-00 14 17,-0.23805555555555555,159.0,21.7,3.46,199.4,Map/Offsets,https://cgi.minorplanetcenter.net/cgi-bin/confirmeph2.cgi
20260526T124508Z,2026-05-26T12:45:08.846943Z,20260526T124508Z_batch01,C1F2X35,2026-05-27T11:00:00Z,16 18 08.6,244.53583333333333,-00 17 33,-0.2925,159.0,21.7,3.47,199.4,Map/Offsets,https://cgi.minorplanetcenter.net/cgi-bin/confirmeph2.cgi
20260526T124508Z,2026-05-26T12:45:08.846943Z,20260526T124508Z_batch01,C1F2HL5,2026-05-26T11:00:00Z,16 23 59.9,245.9995833333333,-11 37 04,-11.617777777777778,170.1,22.4,4.67,98.3,Map/Offsets,https://cgi.minorplanetcenter.net/cgi-bin/confirmeph2.cgi
20260526T124508Z,2026-05-26T12:45:08.846943Z,20260526T124508Z_batch01,C1F2HL5,2026-05-26T12:00:00Z,16 24 18.8,246.07833333333332,-11 37 45,-11.629166666666666,170.1,22.4,4.67,98.2,Map/Offsets,https://cgi.minorplanetcenter.net/cgi-bin/confirmeph2.cgi
20260526T124508Z,2026-05-26T12:45:08.846943Z,20260526T124508Z_batch01,C1F2HL5,2026-05-26T13:00:00Z,16 24 37.7,246.15708333333333,-11 38 25,-11.640277777777778,170.1,22.4,4.68,98.2,Map/Offsets,https://cgi.minorplanetcenter.net/cgi-bin/confirmeph2.cgi
20260526T124508Z,2026-05-26T12:45:08.846943Z,20260526T124508Z_batch01,C1F2HL5,2026-05-26T14:00:00Z,16 24 56.6,246.23583333333332,-11 39 05,-11.651388888888889,170.0,22.4,4.68,98.2,Map/Offsets,https://cgi.minorplanetcenter.net/cgi-bin/confirmeph2.cgi
20260526T124508Z,2026-05-26T12:45:08.846943Z,20260526T124508Z_batch01,C1F2HL5,2026-05-26T15:00:00Z,16 25 15.5,246.31458333333333,-11 39 45,-11.6625,170.0,22.4,4.68,98.2,Map/Offsets,https://cgi.minorplanetcenter.net/cgi-bin/confirmeph2.cgi
20260526T124508Z,2026-05-26T12:45:08.846943Z,20260526T124508Z_batch01,C1F2HL5,2026-05-26T16:00:00Z,16 25 34.4,246.39333333333332,-11 40 25,-11.67361111111111,170.0,22.4,4.68,98.2,Map/Offsets,https://cgi.minorplanetcenter.net/cgi-bin/confirmeph2.cgi
20260526T124508Z,2026-05-26T12:45:08.846943Z,20260526T124508Z_batch01,C1F2HL5,2026-05-26T17:00:00Z,16 25 53.4,246.4725,-11 41 06,-11.685,170.0,22.4,4.69,98.2,Map/Offsets,https://cgi.minorplanetcenter.net/cgi-bin/confirmeph2.cgi
20260526T124508Z,2026-05-26T12:45:08.846943Z,20260526T124508Z_batch01,C1F2HL5,2026-05-26T18:00:00Z,16 26 12.3,246.55125,-11 41 46,-11.696111111111112,170.0,22.4,4.69,98.2,Map/Offsets,https://cgi.minorplanetcenter.net/cgi-bin/confirmeph2.cgi
20260526T124508Z,2026-05-26T12:45:08.846943Z,20260526T124508Z_batch01,C1F2HL5,2026-05-26T19:00:00Z,16 26 31.3,246.63041666666666,-11 42 26,-11.70722222222222,170.0,22.4,4.69,98.2,Map/Offsets,https://cgi.minorplanetcenter.net/cgi-bin/confirmeph2.cgi
20260526T124508Z,2026-05-26T12:45:08.846943Z,20260526T124508Z_batch01,C1F2HL5,2026-05-26T20:00:00Z,16 26 50.3,246.70958333333334,-11 43 06,-11.718333333333334,170.0,22.4,4.7,98.2,Map/Offsets,https://cgi.minorplanetcenter.net/cgi-bin/confirmeph2.cgi
20260526T124508Z,2026-05-26T12:45:08.846943Z,20260526T124508Z_batch01,C1F2HL5,2026-05-26T21:00:00Z,16 27 09.3,246.78875,-11 43 46,-11.729444444444445,170.0,22.4,4.7,98.2,Map/Offsets,https://cgi.minorplanetcenter.net/cgi-bin/confirmeph2.cgi
20260526T124508Z,2026-05-26T12:45:08.846943Z,20260526T124508Z_batch01,C1F2HL5,2026-05-26T22:00:00Z,16 27 28.3,246.86791666666667,-11 44 26,-11.740555555555554,170.0,22.4,4.7,98.2,Map/Offsets,https://cgi.minorplanetcenter.net/cgi-bin/confirmeph2.cgi
20260526T124508Z,2026-05-26T12:45:08.846943Z,20260526T124508Z_batch01,C1F2HL5,2026-05-26T23:00:00Z,16 27 47.3,246.94708333333332,-11 45 06,-11.751666666666667,170.0,22.4,4.7,98.2,Map/Offsets,https://cgi.minorplanetcenter.net/cgi-bin/confirmeph2.cgi
20260526T124508Z,2026-05-26T12:45:08.846943Z,20260526T124508Z_batch01,C1F2HL5,2026-05-27T00:00:00Z,16 28 06.3,247.02625,-11 45 46,-11.762777777777778,170.0,22.4,4.71,98.2,Map/Offsets,https://cgi.minorplanetcenter.net/cgi-bin/confirmeph2.cgi
20260526T124508Z,2026-05-26T12:45:08.846943Z,20260526T124508Z_batch01,C1F2HL5,2026-05-27T01:00:00Z,16 28 25.4,247.10583333333332,-11 46 26,-11.773888888888889,170.0,22.4,4.71,98.1,Map/Offsets,https://cgi.minorplanetcenter.net/cgi-bin/confirmeph2.cgi
20260526T124508Z,2026-05-26T12:45:08.846943Z,20260526T124508Z_batch01,C1F2HL5,2026-05-27T02:00:00Z,16 28 44.4,247.185,-11 47 06,-11.785,170.0,22.4,4.71,98.1,Map/Offsets,https://cgi.minorplanetcenter.net/cgi-bin/confirmeph2.cgi
20260526T124508Z,2026-05-26T12:45:08.846943Z,20260526T124508Z_batch01,C1F2HL5,2026-05-27T03:00:00Z,16 29 03.5,247.26458333333338,-11 47 46,-11.796111111111111,169.9,22.4,4.71,98.1,Map/Offsets,https://cgi.minorplanetcenter.net/cgi-bin/confirmeph2.cgi
20260526T124508Z,2026-05-26T12:45:08.846943Z,20260526T124508Z_batch01,C1F2HL5,2026-05-27T04:00:00Z,16 29 22.5,247.34375000000003,-11 48 26,-11.807222222222222,169.9,22.4,4.71,98.1,Map/Offsets,https://cgi.minorplanetcenter.net/cgi-bin/confirmeph2.cgi
20260526T124508Z,2026-05-26T12:45:08.846943Z,20260526T124508Z_batch01,C1F2HL5,2026-05-27T05:00:00Z,16 29 41.6,247.42333333333337,-11 49 06,-11.818333333333333,169.9,22.4,4.72,98.1,Map/Offsets,https://cgi.minorplanetcenter.net/cgi-bin/confirmeph2.cgi
20260526T124508Z,2026-05-26T12:45:08.846943Z,20260526T124508Z_batch01,C1F2HL5,2026-05-27T06:00:00Z,16 30 00.7,247.5029166666667,-11 49 46,-11.829444444444444,169.9,22.4,4.72,98.1,Map/Offsets,https://cgi.minorplanetcenter.net/cgi-bin/confirmeph2.cgi
20260526T124508Z,2026-05-26T12:45:08.846943Z,20260526T124508Z_batch01,C1F2HL5,2026-05-27T07:00:00Z,16 30 19.8,247.5825,-11 50 26,-11.840555555555556,169.9,22.4,4.72,98.1,Map/Offsets,https://cgi.minorplanetcenter.net/cgi-bin/confirmeph2.cgi
20260526T124508Z,2026-05-26T12:45:08.846943Z,20260526T124508Z_batch01,C1F2HL5,2026-05-27T08:00:00Z,16 30 38.9,247.66208333333336,-11 51 06,-11.851666666666667,169.9,22.4,4.72,98.1,Map/Offsets,https://cgi.minorplanetcenter.net/cgi-bin/confirmeph2.cgi
20260526T124508Z,2026-05-26T12:45:08.846943Z,20260526T124508Z_batch01,C1F2HL5,2026-05-27T09:00:00Z,16 30 58.0,247.74166666666667,-11 51 46,-11.862777777777778,169.9,22.4,4.73,98.1,Map/Offsets,https://cgi.minorplanetcenter.net/cgi-bin/confirmeph2.cgi
20260526T124508Z,2026-05-26T12:45:08.846943Z,20260526T124508Z_batch01,C1F2HL5,2026-05-27T10:00:00Z,16 31 17.2,247.82166666666666,-11 52 25,-11.873611111111112,169.9,22.4,4.73,98.1,Map/Offsets,https://cgi.minorplanetcenter.net/cgi-bin/confirmeph2.cgi
20260526T124508Z,2026-05-26T12:45:08.846943Z,20260526T124508Z_batch01,C1F2HL5,2026-05-27T11:00:00Z,16 31 36.3,247.90125,-11 53 05,-11.884722222222221,169.9,22.4,4.73,98.1,Map/Offsets,https://cgi.minorplanetcenter.net/cgi-bin/confirmeph2.cgi
20260526T124508Z,2026-05-26T12:45:08.846943Z,20260526T124508Z_batch01,C1F1TD5,2026-05-26T11:00:00Z,15 44 24.8,236.10333333333332,+04 45 19,4.755277777777778,153.3,23.6,4.1,99.1,Map/Offsets   !!,https://cgi.minorplanetcenter.net/cgi-bin/confirmeph2.cgi
20260526T124508Z,2026-05-26T12:45:08.846943Z,20260526T124508Z_batch01,C1F1TD5,2026-05-26T12:00:00Z,15 44 40.8,236.17,+04 44 41,4.744722222222222,153.3,23.7,3.96,99.1,Map/Offsets   !!,https://cgi.minorplanetcenter.net/cgi-bin/confirmeph2.cgi
20260526T124508Z,2026-05-26T12:45:08.846943Z,20260526T124508Z_batch01,C1F1TD5,2026-05-26T13:00:00Z,15 44 56.2,236.23416666666665,+04 44 04,4.734444444444445,153.3,23.7,3.82,99.1,Map/Offsets   !!,https://cgi.minorplanetcenter.net/cgi-bin/confirmeph2.cgi
20260526T124508Z,2026-05-26T12:45:08.846943Z,20260526T124508Z_batch01,C1F1TD5,2026-05-26T14:00:00Z,15 45 11.1,236.29625,+04 43 28,4.724444444444445,153.3,23.7,3.69,99.1,Map/Offsets   !!,https://cgi.minorplanetcenter.net/cgi-bin/confirmeph2.cgi
20260526T124508Z,2026-05-26T12:45:08.846943Z,20260526T124508Z_batch01,C1F1TD5,2026-05-26T15:00:00Z,15 45 25.4,236.35583333333332,+04 42 54,4.715,153.3,23.8,3.57,99.2,Map/Offsets   !!,https://cgi.minorplanetcenter.net/cgi-bin/confirmeph2.cgi
20260526T124508Z,2026-05-26T12:45:08.846943Z,20260526T124508Z_batch01,C1F1TD5,2026-05-26T16:00:00Z,15 45 39.3,236.41375,+04 42 20,4.705555555555556,153.3,23.8,3.45,99.2,Map/Offsets   !!,https://cgi.minorplanetcenter.net/cgi-bin/confirmeph2.cgi
20260526T124508Z,2026-05-26T12:45:08.846943Z,20260526T124508Z_batch01,C1F1TD5,2026-05-26T17:00:00Z,15 45 52.8,236.47,+04 41 47,4.696388888888889,153.3,23.9,3.34,99.2,Map/Offsets   !!,https://cgi.minorplanetcenter.net/cgi-bin/confirmeph2.cgi
20260526T124508Z,2026-05-26T12:45:08.846943Z,20260526T124508Z_batch01,C1F1TD5,2026-05-26T18:00:00Z,15 46 05.8,236.5241666666667,+04 41 16,4.687777777777778,153.3,23.9,3.23,99.3,Map/Offsets   !!,https://cgi.minorplanetcenter.net/cgi-bin/confirmeph2.cgi
20260526T124508Z,2026-05-26T12:45:08.846943Z,20260526T124508Z_batch01,C1F1TD5,2026-05-26T19:00:00Z,15 46 18.4,236.57666666666668,+04 40 45,4.679166666666667,153.3,23.9,3.13,99.3,Map/Offsets   !!,https://cgi.minorplanetcenter.net/cgi-bin/confirmeph2.cgi
20260526T124508Z,2026-05-26T12:45:08.846943Z,20260526T124508Z_batch01,C1F1TD5,2026-05-26T20:00:00Z,15 46 30.6,236.6275,+04 40 15,4.670833333333333,153.3,24.0,3.04,99.3,Map/Offsets   !!,https://cgi.minorplanetcenter.net/cgi-bin/confirmeph2.cgi
20260526T124508Z,2026-05-26T12:45:08.846943Z,20260526T124508Z_batch01,C1F1TD5,2026-05-26T21:00:00Z,15 46 42.5,236.67708333333334,+04 39 46,4.662777777777778,153.4,24.0,2.94,99.3,Map/Offsets   !!,https://cgi.minorplanetcenter.net/cgi-bin/confirmeph2.cgi
20260526T124508Z,2026-05-26T12:45:08.846943Z,20260526T124508Z_batch01,C1F1TD5,2026-05-26T22:00:00Z,15 46 53.9,236.72458333333336,+04 39 18,4.655,153.4,24.0,2.86,99.4,Map/Offsets   !!,https://cgi.minorplanetcenter.net/cgi-bin/confirmeph2.cgi
20260526T124508Z,2026-05-26T12:45:08.846943Z,20260526T124508Z_batch01,C1F1TD5,2026-05-26T23:00:00Z,15 47 05.1,236.77125,+04 38 50,4.647222222222222,153.4,24.1,2.77,99.4,Map/Offsets   !!,https://cgi.minorplanetcenter.net/cgi-bin/confirmeph2.cgi
20260526T124508Z,2026-05-26T12:45:08.846943Z,20260526T124508Z_batch01,C1F1TD5,2026-05-27T00:00:00Z,15 47 15.9,236.81625,+04 38 23,4.639722222222222,153.4,24.1,2.69,99.4,Map/Offsets   !!,https://cgi.minorplanetcenter.net/cgi-bin/confirmeph2.cgi
20260526T124508Z,2026-05-26T12:45:08.846943Z,20260526T124508Z_batch01,C1F1TD5,2026-05-27T01:00:00Z,15 47 26.4,236.86,+04 37 57,4.6325,153.4,24.1,2.62,99.5,Map/Offsets   !!,https://cgi.minorplanetcenter.net/cgi-bin/confirmeph2.cgi
20260526T124508Z,2026-05-26T12:45:08.846943Z,20260526T124508Z_batch01,C1F1TD5,2026-05-27T02:00:00Z,15 47 36.6,236.9025,+04 37 32,4.625555555555556,153.4,24.2,2.54,99.5,Map/Offsets   !!,https://cgi.minorplanetcenter.net/cgi-bin/confirmeph2.cgi
20260526T124508Z,2026-05-26T12:45:08.846943Z,20260526T124508Z_batch01,C1F1TD5,2026-05-27T03:00:00Z,15 47 46.6,236.94416666666666,+04 37 07,4.618611111111112,153.4,24.2,2.47,99.5,Map/Offsets   !!,https://cgi.minorplanetcenter.net/cgi-bin/confirmeph2.cgi
20260526T124508Z,2026-05-26T12:45:08.846943Z,20260526T124508Z_batch01,C1F1TD5,2026-05-27T04:00:00Z,15 47 56.2,236.98416666666668,+04 36 42,4.611666666666666,153.4,24.2,2.41,99.6,Map/Offsets   !!,https://cgi.minorplanetcenter.net/cgi-bin/confirmeph2.cgi
20260526T124508Z,2026-05-26T12:45:08.846943Z,20260526T124508Z_batch01,C1F1TD5,2026-05-27T05:00:00Z,15 48 05.6,237.02333333333334,+04 36 19,4.605277777777777,153.4,24.2,2.34,99.6,Map/Offsets   !!,https://cgi.minorplanetcenter.net/cgi-bin/confirmeph2.cgi
20260526T124508Z,2026-05-26T12:45:08.846943Z,20260526T124508Z_batch01,C1F1TD5,2026-05-27T06:00:00Z,15 48 14.8,237.06166666666667,+04 35 55,4.5986111111111105,153.4,24.3,2.28,99.7,Map/Offsets   !!,https://cgi.minorplanetcenter.net/cgi-bin/confirmeph2.cgi
20260526T124508Z,2026-05-26T12:45:08.846943Z,20260526T124508Z_batch01,C1F1TD5,2026-05-27T07:00:00Z,15 48 23.7,237.09875000000002,+04 35 33,4.592499999999999,153.4,24.3,2.22,99.7,Map/Offsets   !!,https://cgi.minorplanetcenter.net/cgi-bin/confirmeph2.cgi
20260526T124508Z,2026-05-26T12:45:08.846943Z,20260526T124508Z_batch01,C1F1TD5,2026-05-27T08:00:00Z,15 48 32.3,237.13458333333335,+04 35 10,4.586111111111111,153.3,24.3,2.16,99.7,Map/Offsets   !!,https://cgi.minorplanetcenter.net/cgi-bin/confirmeph2.cgi
20260526T124508Z,2026-05-26T12:45:08.846943Z,20260526T124508Z_batch01,C1F1TD5,2026-05-27T09:00:00Z,15 48 40.8,237.17000000000002,+04 34 49,4.580277777777778,153.3,24.4,2.11,99.8,Map/Offsets   !!,https://cgi.minorplanetcenter.net/cgi-bin/confirmeph2.cgi
20260526T124508Z,2026-05-26T12:45:08.846943Z,20260526T124508Z_batch01,C1F1TD5,2026-05-27T10:00:00Z,15 48 49.0,237.20416666666668,+04 34 27,4.574166666666667,153.3,24.4,2.06,99.8,Map/Offsets   !!,https://cgi.minorplanetcenter.net/cgi-bin/confirmeph2.cgi
20260526T124508Z,2026-05-26T12:45:08.846943Z,20260526T124508Z_batch01,C1F1TD5,2026-05-27T11:00:00Z,15 48 57.1,237.23791666666668,+04 34 07,4.568611111111111,153.3,24.4,2.01,99.9,Map/Offsets   !!,https://cgi.minorplanetcenter.net/cgi-bin/confirmeph2.cgi
20260526T124508Z,2026-05-26T12:45:08.846943Z,20260526T124508Z_batch01,C03UYWZ,2026-05-26T11:00:00Z,16 44 30.0,251.125,+12 17 17,12.288055555555555,145.6,22.4,4.47,354.9,Map/Offsets,https://cgi.minorplanetcenter.net/cgi-bin/confirmeph2.cgi
20260526T124508Z,2026-05-26T12:45:08.846943Z,20260526T124508Z_batch01,C03UYWZ,2026-05-26T12:00:00Z,16 44 28.4,251.11833333333334,+12 21 44,12.362222222222222,145.6,22.4,4.47,354.9,Map/Offsets,https://cgi.minorplanetcenter.net/cgi-bin/confirmeph2.cgi
20260526T124508Z,2026-05-26T12:45:08.846943Z,20260526T124508Z_batch01,C03UYWZ,2026-05-26T13:00:00Z,16 44 26.8,251.11166666666668,+12 26 11,12.436388888888889,145.5,22.4,4.47,354.9,Map/Offsets,https://cgi.minorplanetcenter.net/cgi-bin/confirmeph2.cgi
20260526T124508Z,2026-05-26T12:45:08.846943Z,20260526T124508Z_batch01,C03UYWZ,2026-05-26T14:00:00Z,16 44 25.1,251.10458333333338,+12 30 38,12.510555555555555,145.4,22.4,4.47,354.9,Map/Offsets,https://cgi.minorplanetcenter.net/cgi-bin/confirmeph2.cgi
20260526T124508Z,2026-05-26T12:45:08.846943Z,20260526T124508Z_batch01,C03UYWZ,2026-05-26T15:00:00Z,16 44 23.5,251.09791666666666,+12 35 05,12.584722222222222,145.4,22.4,4.47,354.9,Map/Offsets,https://cgi.minorplanetcenter.net/cgi-bin/confirmeph2.cgi
20260526T124508Z,2026-05-26T12:45:08.846943Z,20260526T124508Z_batch01,C03UYWZ,2026-05-26T16:00:00Z,16 44 21.9,251.09125,+12 39 32,12.658888888888889,145.3,22.4,4.47,354.9,Map/Offsets,https://cgi.minorplanetcenter.net/cgi-bin/confirmeph2.cgi
20260526T124508Z,2026-05-26T12:45:08.846943Z,20260526T124508Z_batch01,C03UYWZ,2026-05-26T17:00:00Z,16 44 20.2,251.08416666666668,+12 43 59,12.733055555555556,145.2,22.4,4.47,354.9,Map/Offsets,https://cgi.minorplanetcenter.net/cgi-bin/confirmeph2.cgi
20260526T124508Z,2026-05-26T12:45:08.846943Z,20260526T124508Z_batch01,C03UYWZ,2026-05-26T18:00:00Z,16 44 18.6,251.07750000000004,+12 48 26,12.807222222222222,145.2,22.4,4.47,354.8,Map/Offsets,https://cgi.minorplanetcenter.net/cgi-bin/confirmeph2.cgi
20260526T124508Z,2026-05-26T12:45:08.846943Z,20260526T124508Z_batch01,C03UYWZ,2026-05-26T19:00:00Z,16 44 16.9,251.07041666666666,+12 52 52,12.881111111111112,145.1,22.4,4.47,354.8,Map/Offsets,https://cgi.minorplanetcenter.net/cgi-bin/confirmeph2.cgi
20260526T124508Z,2026-05-26T12:45:08.846943Z,20260526T124508Z_batch01,C03UYWZ,2026-05-26T20:00:00Z,16 44 15.3,251.06375,+12 57 19,12.955277777777777,145.0,22.4,4.47,354.8,Map/Offsets,https://cgi.minorplanetcenter.net/cgi-bin/confirmeph2.cgi
20260526T124508Z,2026-05-26T12:45:08.846943Z,20260526T124508Z_batch01,C03UYWZ,2026-05-26T21:00:00Z,16 44 13.6,251.05666666666667,+13 01 46,13.029444444444445,145.0,22.4,4.47,354.8,Map/Offsets,https://cgi.minorplanetcenter.net/cgi-bin/confirmeph2.cgi
20260526T124508Z,2026-05-26T12:45:08.846943Z,20260526T124508Z_batch01,C03UYWZ,2026-05-26T22:00:00Z,16 44 12.0,251.05,+13 06 13,13.10361111111111,144.9,22.4,4.47,354.8,Map/Offsets,https://cgi.minorplanetcenter.net/cgi-bin/confirmeph2.cgi
20260526T124508Z,2026-05-26T12:45:08.846943Z,20260526T124508Z_batch01,C03UYWZ,2026-05-26T23:00:00Z,16 44 10.3,251.0429166666667,+13 10 40,13.177777777777777,144.8,22.4,4.46,354.8,Map/Offsets,https://cgi.minorplanetcenter.net/cgi-bin/confirmeph2.cgi
20260526T124508Z,2026-05-26T12:45:08.846943Z,20260526T124508Z_batch01,C03UYWZ,2026-05-27T00:00:00Z,16 44 08.6,251.03583333333333,+13 15 07,13.251944444444444,144.8,22.4,4.46,354.8,Map/Offsets,https://cgi.minorplanetcenter.net/cgi-bin/confirmeph2.cgi
20260526T124508Z,2026-05-26T12:45:08.846943Z,20260526T124508Z_batch01,C03UYWZ,2026-05-27T01:00:00Z,16 44 07.0,251.02916666666667,+13 19 33,13.325833333333334,144.7,22.4,4.46,354.8,Map/Offsets,https://cgi.minorplanetcenter.net/cgi-bin/confirmeph2.cgi
20260526T124508Z,2026-05-26T12:45:08.846943Z,20260526T124508Z_batch01,C03UYWZ,2026-05-27T02:00:00Z,16 44 05.3,251.02208333333334,+13 24 00,13.4,144.6,22.4,4.46,354.8,Map/Offsets,https://cgi.minorplanetcenter.net/cgi-bin/confirmeph2.cgi
20260526T124508Z,2026-05-26T12:45:08.846943Z,20260526T124508Z_batch01,C03UYWZ,2026-05-27T03:00:00Z,16 44 03.7,251.01541666666668,+13 28 27,13.474166666666667,144.5,22.4,4.46,354.8,Map/Offsets,https://cgi.minorplanetcenter.net/cgi-bin/confirmeph2.cgi
20260526T124508Z,2026-05-26T12:45:08.846943Z,20260526T124508Z_batch01,C03UYWZ,2026-05-27T04:00:00Z,16 44 02.0,251.00833333333333,+13 32 53,13.548055555555555,144.5,22.4,4.46,354.8,Map/Offsets,https://cgi.minorplanetcenter.net/cgi-bin/confirmeph2.cgi
20260526T124508Z,2026-05-26T12:45:08.846943Z,20260526T124508Z_batch01,C03UYWZ,2026-05-27T05:00:00Z,16 44 00.3,251.00125,+13 37 20,13.622222222222224,144.4,22.4,4.46,354.8,Map/Offsets,https://cgi.minorplanetcenter.net/cgi-bin/confirmeph2.cgi
20260526T124508Z,2026-05-26T12:45:08.846943Z,20260526T124508Z_batch01,C03UYWZ,2026-05-27T06:00:00Z,16 43 58.6,250.99416666666662,+13 41 47,13.696388888888889,144.3,22.4,4.46,354.8,Map/Offsets,https://cgi.minorplanetcenter.net/cgi-bin/confirmeph2.cgi
20260526T124508Z,2026-05-26T12:45:08.846943Z,20260526T124508Z_batch01,C03UYWZ,2026-05-27T07:00:00Z,16 43 56.9,250.98708333333332,+13 46 13,13.770277777777778,144.3,22.5,4.46,354.8,Map/Offsets,https://cgi.minorplanetcenter.net/cgi-bin/confirmeph2.cgi
20260526T124508Z,2026-05-26T12:45:08.846943Z,20260526T124508Z_batch01,C03UYWZ,2026-05-27T08:00:00Z,16 43 55.3,250.98041666666666,+13 50 40,13.844444444444445,144.2,22.5,4.46,354.7,Map/Offsets,https://cgi.minorplanetcenter.net/cgi-bin/confirmeph2.cgi
20260526T124508Z,2026-05-26T12:45:08.846943Z,20260526T124508Z_batch01,C03UYWZ,2026-05-27T09:00:00Z,16 43 53.6,250.97333333333333,+13 55 06,13.918333333333333,144.1,22.5,4.46,354.7,Map/Offsets,https://cgi.minorplanetcenter.net/cgi-bin/confirmeph2.cgi
20260526T124508Z,2026-05-26T12:45:08.846943Z,20260526T124508Z_batch01,C03UYWZ,2026-05-27T10:00:00Z,16 43 51.9,250.96624999999995,+13 59 33,13.9925,144.1,22.5,4.46,354.7,Map/Offsets,https://cgi.minorplanetcenter.net/cgi-bin/confirmeph2.cgi
20260526T124508Z,2026-05-26T12:45:08.846943Z,20260526T124508Z_batch01,C03UYWZ,2026-05-27T11:00:00Z,16 43 50.2,250.95916666666665,+14 03 59,14.06638888888889,144.0,22.5,4.46,354.7,Map/Offsets,https://cgi.minorplanetcenter.net/cgi-bin/confirmeph2.cgi
20260526T124508Z,2026-05-26T12:45:08.846943Z,20260526T124508Z_batch01,A11CUyv,2026-05-26T11:00:00Z,17 34 55.4,263.73083333333335,-56 42 55,-56.71527777777778,141.2,19.2,2.39,348.1,Map/Offsets,https://cgi.minorplanetcenter.net/cgi-bin/confirmeph2.cgi
20260526T124508Z,2026-05-26T12:45:08.846943Z,20260526T124508Z_batch01,A11CUyv,2026-05-26T12:00:00Z,17 34 51.9,263.71625,-56 40 35,-56.67638888888889,141.3,19.2,2.39,348.1,Map/Offsets,https://cgi.minorplanetcenter.net/cgi-bin/confirmeph2.cgi
20260526T124508Z,2026-05-26T12:45:08.846943Z,20260526T124508Z_batch01,A11CUyv,2026-05-26T13:00:00Z,17 34 48.3,263.70125,-56 38 14,-56.63722222222222,141.3,19.2,2.39,348.1,Map/Offsets,https://cgi.minorplanetcenter.net/cgi-bin/confirmeph2.cgi
20260526T124508Z,2026-05-26T12:45:08.846943Z,20260526T124508Z_batch01,A11CUyv,2026-05-26T14:00:00Z,17 34 44.7,263.68625,-56 35 54,-56.598333333333336,141.4,19.2,2.39,348.1,Map/Offsets,https://cgi.minorplanetcenter.net/cgi-bin/confirmeph2.cgi
20260526T124508Z,2026-05-26T12:45:08.846943Z,20260526T124508Z_batch01,A11CUyv,2026-05-26T15:00:00Z,17 34 41.1,263.67125,-56 33 33,-56.55916666666666,141.4,19.2,2.4,348.1,Map/Offsets,https://cgi.minorplanetcenter.net/cgi-bin/confirmeph2.cgi
20260526T124508Z,2026-05-26T12:45:08.846943Z,20260526T124508Z_batch01,A11CUyv,2026-05-26T16:00:00Z,17 34 37.6,263.6566666666667,-56 31 13,-56.52027777777778,141.5,19.2,2.4,348.1,Map/Offsets,https://cgi.minorplanetcenter.net/cgi-bin/confirmeph2.cgi
20260526T124508Z,2026-05-26T12:45:08.846943Z,20260526T124508Z_batch01,A11CUyv,2026-05-26T17:00:00Z,17 34 34.0,263.64166666666665,-56 28 52,-56.48111111111111,141.6,19.2,2.4,348.1,Map/Offsets,https://cgi.minorplanetcenter.net/cgi-bin/confirmeph2.cgi
20260526T124508Z,2026-05-26T12:45:08.846943Z,20260526T124508Z_batch01,A11CUyv,2026-05-26T18:00:00Z,17 34 30.4,263.62666666666667,-56 26 31,-56.44194444444444,141.6,19.2,2.4,348.1,Map/Offsets,https://cgi.minorplanetcenter.net/cgi-bin/confirmeph2.cgi
20260526T124508Z,2026-05-26T12:45:08.846943Z,20260526T124508Z_batch01,A11CUyv,2026-05-26T19:00:00Z,17 34 26.8,263.6116666666667,-56 24 10,-56.40277777777778,141.7,19.2,2.4,348.1,Map/Offsets,https://cgi.minorplanetcenter.net/cgi-bin/confirmeph2.cgi
20260526T124508Z,2026-05-26T12:45:08.846943Z,20260526T124508Z_batch01,A11CUyv,2026-05-26T20:00:00Z,17 34 23.3,263.59708333333333,-56 21 49,-56.36361111111111,141.7,19.2,2.4,348.1,Map/Offsets,https://cgi.minorplanetcenter.net/cgi-bin/confirmeph2.cgi
20260526T124508Z,2026-05-26T12:45:08.846943Z,20260526T124508Z_batch01,A11CUyv,2026-05-26T21:00:00Z,17 34 19.7,263.58208333333334,-56 19 27,-56.32416666666667,141.8,19.2,2.41,348.1,Map/Offsets,https://cgi.minorplanetcenter.net/cgi-bin/confirmeph2.cgi
20260526T124508Z,2026-05-26T12:45:08.846943Z,20260526T124508Z_batch01,A11CUyv,2026-05-26T22:00:00Z,17 34 16.1,263.56708333333336,-56 17 06,-56.285,141.8,19.2,2.41,348.1,Map/Offsets,https://cgi.minorplanetcenter.net/cgi-bin/confirmeph2.cgi
20260526T124508Z,2026-05-26T12:45:08.846943Z,20260526T124508Z_batch01,A11CUyv,2026-05-26T23:00:00Z,17 34 12.6,263.5525,-56 14 45,-56.24583333333334,141.9,19.2,2.41,348.1,Map/Offsets,https://cgi.minorplanetcenter.net/cgi-bin/confirmeph2.cgi
20260526T124508Z,2026-05-26T12:45:08.846943Z,20260526T124508Z_batch01,A11CUyv,2026-05-27T00:00:00Z,17 34 09.0,263.5375,-56 12 23,-56.20638888888889,142.0,19.2,2.41,348.1,Map/Offsets,https://cgi.minorplanetcenter.net/cgi-bin/confirmeph2.cgi
20260526T124508Z,2026-05-26T12:45:08.846943Z,20260526T124508Z_batch01,A11CUyv,2026-05-27T01:00:00Z,17 34 05.4,263.5225,-56 10 01,-56.16694444444444,142.0,19.2,2.41,348.1,Map/Offsets,https://cgi.minorplanetcenter.net/cgi-bin/confirmeph2.cgi
20260526T124508Z,2026-05-26T12:45:08.846943Z,20260526T124508Z_batch01,A11CUyv,2026-05-27T02:00:00Z,17 34 01.9,263.50791666666663,-56 07 40,-56.12777777777778,142.1,19.2,2.42,348.1,Map/Offsets,https://cgi.minorplanetcenter.net/cgi-bin/confirmeph2.cgi
20260526T124508Z,2026-05-26T12:45:08.846943Z,20260526T124508Z_batch01,A11CUyv,2026-05-27T03:00:00Z,17 33 58.3,263.4929166666667,-56 05 18,-56.08833333333334,142.1,19.2,2.42,348.1,Map/Offsets,https://cgi.minorplanetcenter.net/cgi-bin/confirmeph2.cgi
20260526T124508Z,2026-05-26T12:45:08.846943Z,20260526T124508Z_batch01,A11CUyv,2026-05-27T04:00:00Z,17 33 54.8,263.4783333333333,-56 02 56,-56.04888888888889,142.2,19.2,2.42,348.1,Map/Offsets,https://cgi.minorplanetcenter.net/cgi-bin/confirmeph2.cgi
20260526T124508Z,2026-05-26T12:45:08.846943Z,20260526T124508Z_batch01,A11CUyv,2026-05-27T05:00:00Z,17 33 51.2,263.46333333333337,-56 00 33,-56.009166666666665,142.2,19.2,2.42,348.1,Map/Offsets,https://cgi.minorplanetcenter.net/cgi-bin/confirmeph2.cgi
20260526T124508Z,2026-05-26T12:45:08.846943Z,20260526T124508Z_batch01,A11CUyv,2026-05-27T06:00:00Z,17 33 47.6,263.4483333333333,-55 58 11,-55.969722222222224,142.3,19.2,2.42,348.1,Map/Offsets,https://cgi.minorplanetcenter.net/cgi-bin/confirmeph2.cgi
20260526T124508Z,2026-05-26T12:45:08.846943Z,20260526T124508Z_batch01,A11CUyv,2026-05-27T07:00:00Z,17 33 44.1,263.43375000000003,-55 55 49,-55.930277777777775,142.4,19.2,2.43,348.1,Map/Offsets,https://cgi.minorplanetcenter.net/cgi-bin/confirmeph2.cgi
20260526T124508Z,2026-05-26T12:45:08.846943Z,20260526T124508Z_batch01,A11CUyv,2026-05-27T08:00:00Z,17 33 40.5,263.41875000000005,-55 53 26,-55.89055555555556,142.4,19.2,2.43,348.2,Map/Offsets,https://cgi.minorplanetcenter.net/cgi-bin/confirmeph2.cgi
20260526T124508Z,2026-05-26T12:45:08.846943Z,20260526T124508Z_batch01,A11CUyv,2026-05-27T09:00:00Z,17 33 37.0,263.40416666666664,-55 51 04,-55.85111111111111,142.5,19.2,2.43,348.2,Map/Offsets,https://cgi.minorplanetcenter.net/cgi-bin/confirmeph2.cgi
20260526T124508Z,2026-05-26T12:45:08.846943Z,20260526T124508Z_batch01,A11CUyv,2026-05-27T10:00:00Z,17 33 33.4,263.3891666666667,-55 48 41,-55.811388888888885,142.5,19.2,2.43,348.2,Map/Offsets,https://cgi.minorplanetcenter.net/cgi-bin/confirmeph2.cgi
20260526T124508Z,2026-05-26T12:45:08.846943Z,20260526T124508Z_batch01,A11CUyv,2026-05-27T11:00:00Z,17 33 29.9,263.37458333333336,-55 46 18,-55.77166666666667,142.6,19.2,2.43,348.2,Map/Offsets,https://cgi.minorplanetcenter.net/cgi-bin/confirmeph2.cgi
20260526T124508Z,2026-05-26T12:45:08.846943Z,20260526T124508Z_batch01,P12nfw2,2026-05-26T11:00:00Z,21 03 45.3,315.93874999999997,-03 42 18,-3.705,107.2,21.7,2.35,64.3,Map/Offsets,https://cgi.minorplanetcenter.net/cgi-bin/confirmeph2.cgi
20260526T124508Z,2026-05-26T12:45:08.846943Z,20260526T124508Z_batch01,P12nfw2,2026-05-26T12:00:00Z,21 03 53.8,315.9741666666667,-03 41 17,-3.6880555555555556,107.2,21.7,2.35,64.3,Map/Offsets,https://cgi.minorplanetcenter.net/cgi-bin/confirmeph2.cgi
20260526T124508Z,2026-05-26T12:45:08.846943Z,20260526T124508Z_batch01,P12nfw2,2026-05-26T13:00:00Z,21 04 02.3,316.00958333333335,-03 40 16,-3.6711111111111108,107.2,21.7,2.35,64.3,Map/Offsets,https://cgi.minorplanetcenter.net/cgi-bin/confirmeph2.cgi
20260526T124508Z,2026-05-26T12:45:08.846943Z,20260526T124508Z_batch01,P12nfw2,2026-05-26T14:00:00Z,21 04 10.8,316.045,-03 39 14,-3.653888888888889,107.2,21.7,2.36,64.3,Map/Offsets,https://cgi.minorplanetcenter.net/cgi-bin/confirmeph2.cgi
20260526T124508Z,2026-05-26T12:45:08.846943Z,20260526T124508Z_batch01,P12nfw2,2026-05-26T15:00:00Z,21 04 19.3,316.0804166666667,-03 38 13,-3.6369444444444445,107.2,21.7,2.36,64.2,Map/Offsets,https://cgi.minorplanetcenter.net/cgi-bin/confirmeph2.cgi
20260526T124508Z,2026-05-26T12:45:08.846943Z,20260526T124508Z_batch01,P12nfw2,2026-05-26T16:00:00Z,21 04 27.9,316.11625000000004,-03 37 11,-3.6197222222222223,107.2,21.7,2.36,64.2,Map/Offsets,https://cgi.minorplanetcenter.net/cgi-bin/confirmeph2.cgi
20260526T124508Z,2026-05-26T12:45:08.846943Z,20260526T124508Z_batch01,P12nfw2,2026-05-26T17:00:00Z,21 04 36.4,316.15166666666664,-03 36 10,-3.602777777777778,107.2,21.7,2.36,64.2,Map/Offsets,https://cgi.minorplanetcenter.net/cgi-bin/confirmeph2.cgi
20260526T124508Z,2026-05-26T12:45:08.846943Z,20260526T124508Z_batch01,P12nfw2,2026-05-26T18:00:00Z,21 04 44.9,316.1870833333333,-03 35 08,-3.5855555555555556,107.2,21.7,2.36,64.2,Map/Offsets,https://cgi.minorplanetcenter.net/cgi-bin/confirmeph2.cgi
20260526T124508Z,2026-05-26T12:45:08.846943Z,20260526T124508Z_batch01,P12nfw2,2026-05-26T19:00:00Z,21 04 53.4,316.22249999999997,-03 34 07,-3.5686111111111107,107.2,21.7,2.36,64.2,Map/Offsets,https://cgi.minorplanetcenter.net/cgi-bin/confirmeph2.cgi
20260526T124508Z,2026-05-26T12:45:08.846943Z,20260526T124508Z_batch01,P12nfw2,2026-05-26T20:00:00Z,21 05 01.9,316.25791666666663,-03 33 05,-3.551388888888889,107.2,21.7,2.36,64.2,Map/Offsets,https://cgi.minorplanetcenter.net/cgi-bin/confirmeph2.cgi
20260526T124508Z,2026-05-26T12:45:08.846943Z,20260526T124508Z_batch01,P12nfw2,2026-05-26T21:00:00Z,21 05 10.4,316.29333333333335,-03 32 04,-3.5344444444444445,107.2,21.7,2.36,64.2,Map/Offsets,https://cgi.minorplanetcenter.net/cgi-bin/confirmeph2.cgi
20260526T124508Z,2026-05-26T12:45:08.846943Z,20260526T124508Z_batch01,P12nfw2,2026-05-26T22:00:00Z,21 05 18.9,316.32875,-03 31 02,-3.5172222222222222,107.2,21.7,2.36,64.2,Map/Offsets,https://cgi.minorplanetcenter.net/cgi-bin/confirmeph2.cgi
20260526T124508Z,2026-05-26T12:45:08.846943Z,20260526T124508Z_batch01,P12nfw2,2026-05-26T23:00:00Z,21 05 27.5,316.3645833333333,-03 30 00,-3.5,107.2,21.7,2.36,64.2,Map/Offsets,https://cgi.minorplanetcenter.net/cgi-bin/confirmeph2.cgi
20260526T124508Z,2026-05-26T12:45:08.846943Z,20260526T124508Z_batch01,P12nfw2,2026-05-27T00:00:00Z,21 05 36.0,316.4,-03 28 59,-3.4830555555555556,107.2,21.7,2.36,64.2,Map/Offsets,https://cgi.minorplanetcenter.net/cgi-bin/confirmeph2.cgi
20260526T124508Z,2026-05-26T12:45:08.846943Z,20260526T124508Z_batch01,P12nfw2,2026-05-27T01:00:00Z,21 05 44.5,316.43541666666664,-03 27 57,-3.4658333333333333,107.2,21.7,2.36,64.2,Map/Offsets,https://cgi.minorplanetcenter.net/cgi-bin/confirmeph2.cgi
20260526T124508Z,2026-05-26T12:45:08.846943Z,20260526T124508Z_batch01,P12nfw2,2026-05-27T02:00:00Z,21 05 53.0,316.4708333333333,-03 26 55,-3.4486111111111115,107.2,21.7,2.36,64.2,Map/Offsets,https://cgi.minorplanetcenter.net/cgi-bin/confirmeph2.cgi
20260526T124508Z,2026-05-26T12:45:08.846943Z,20260526T124508Z_batch01,P12nfw2,2026-05-27T03:00:00Z,21 06 01.6,316.50666666666666,-03 25 54,-3.4316666666666666,107.2,21.7,2.36,64.2,Map/Offsets,https://cgi.minorplanetcenter.net/cgi-bin/confirmeph2.cgi
20260526T124508Z,2026-05-26T12:45:08.846943Z,20260526T124508Z_batch01,P12nfw2,2026-05-27T04:00:00Z,21 06 10.1,316.5420833333333,-03 24 52,-3.4144444444444444,107.2,21.7,2.36,64.2,Map/Offsets,https://cgi.minorplanetcenter.net/cgi-bin/confirmeph2.cgi
20260526T124508Z,2026-05-26T12:45:08.846943Z,20260526T124508Z_batch01,P12nfw2,2026-05-27T05:00:00Z,21 06 18.6,316.57750000000004,-03 23 50,-3.397222222222222,107.2,21.7,2.37,64.2,Map/Offsets,https://cgi.minorplanetcenter.net/cgi-bin/confirmeph2.cgi
20260526T124508Z,2026-05-26T12:45:08.846943Z,20260526T124508Z_batch01,P12nfw2,2026-05-27T06:00:00Z,21 06 27.2,316.61333333333334,-03 22 48,-3.38,107.2,21.7,2.37,64.2,Map/Offsets,https://cgi.minorplanetcenter.net/cgi-bin/confirmeph2.cgi
20260526T124508Z,2026-05-26T12:45:08.846943Z,20260526T124508Z_batch01,P12nfw2,2026-05-27T07:00:00Z,21 06 35.7,316.64875,-03 21 46,-3.362777777777778,107.2,21.7,2.37,64.2,Map/Offsets,https://cgi.minorplanetcenter.net/cgi-bin/confirmeph2.cgi
20260526T124508Z,2026-05-26T12:45:08.846943Z,20260526T124508Z_batch01,P12nfw2,2026-05-27T08:00:00Z,21 06 44.2,316.6841666666667,-03 20 44,-3.345555555555556,107.2,21.7,2.37,64.2,Map/Offsets,https://cgi.minorplanetcenter.net/cgi-bin/confirmeph2.cgi
20260526T124508Z,2026-05-26T12:45:08.846943Z,20260526T124508Z_batch01,P12nfw2,2026-05-27T09:00:00Z,21 06 52.8,316.72,-03 19 43,-3.328611111111111,107.2,21.7,2.37,64.2,Map/Offsets,https://cgi.minorplanetcenter.net/cgi-bin/confirmeph2.cgi
20260526T124508Z,2026-05-26T12:45:08.846943Z,20260526T124508Z_batch01,P12nfw2,2026-05-27T10:00:00Z,21 07 01.3,316.7554166666667,-03 18 41,-3.3113888888888887,107.2,21.7,2.37,64.2,Map/Offsets,https://cgi.minorplanetcenter.net/cgi-bin/confirmeph2.cgi
20260526T124508Z,2026-05-26T12:45:08.846943Z,20260526T124508Z_batch01,P12nfw2,2026-05-27T11:00:00Z,21 07 09.9,316.79125,-03 17 39,-3.2941666666666665,107.2,21.7,2.37,64.1,Map/Offsets,https://cgi.minorplanetcenter.net/cgi-bin/confirmeph2.cgi
20260526T124508Z,2026-05-26T12:45:08.846943Z,20260526T124508Z_batch01,NAOCLYL,2026-05-26T11:00:00Z,15 54 04.4,238.51833333333332,-19 23 52,-19.397777777777776,175.5,21.7,2.43,3.6,Map/Offsets,https://cgi.minorplanetcenter.net/cgi-bin/confirmeph2.cgi
20260526T124508Z,2026-05-26T12:45:08.846943Z,20260526T124508Z_batch01,NAOCLYL,2026-05-26T12:00:00Z,15 54 05.0,238.52083333333331,-19 21 27,-19.3575,175.5,21.7,2.43,3.6,Map/Offsets,https://cgi.minorplanetcenter.net/cgi-bin/confirmeph2.cgi
20260526T124508Z,2026-05-26T12:45:08.846943Z,20260526T124508Z_batch01,NAOCLYL,2026-05-26T13:00:00Z,15 54 05.6,238.52333333333334,-19 19 02,-19.31722222222222,175.4,21.7,2.43,3.6,Map/Offsets,https://cgi.minorplanetcenter.net/cgi-bin/confirmeph2.cgi
20260526T124508Z,2026-05-26T12:45:08.846943Z,20260526T124508Z_batch01,NAOCLYL,2026-05-26T14:00:00Z,15 54 06.3,238.52625,-19 16 36,-19.276666666666667,175.4,21.7,2.42,3.6,Map/Offsets,https://cgi.minorplanetcenter.net/cgi-bin/confirmeph2.cgi
20260526T124508Z,2026-05-26T12:45:08.846943Z,20260526T124508Z_batch01,NAOCLYL,2026-05-26T15:00:00Z,15 54 06.9,238.52875,-19 14 11,-19.23638888888889,175.3,21.7,2.42,3.6,Map/Offsets,https://cgi.minorplanetcenter.net/cgi-bin/confirmeph2.cgi
20260526T124508Z,2026-05-26T12:45:08.846943Z,20260526T124508Z_batch01,NAOCLYL,2026-05-26T16:00:00Z,15 54 07.6,238.53166666666667,-19 11 46,-19.19611111111111,175.3,21.7,2.42,3.6,Map/Offsets,https://cgi.minorplanetcenter.net/cgi-bin/confirmeph2.cgi
20260526T124508Z,2026-05-26T12:45:08.846943Z,20260526T124508Z_batch01,NAOCLYL,2026-05-26T17:00:00Z,15 54 08.2,238.53416666666666,-19 09 21,-19.15583333333333,175.2,21.7,2.42,3.6,Map/Offsets,https://cgi.minorplanetcenter.net/cgi-bin/confirmeph2.cgi
20260526T124508Z,2026-05-26T12:45:08.846943Z,20260526T124508Z_batch01,NAOCLYL,2026-05-26T18:00:00Z,15 54 08.8,238.53666666666666,-19 06 57,-19.115833333333335,175.2,21.7,2.42,3.6,Map/Offsets,https://cgi.minorplanetcenter.net/cgi-bin/confirmeph2.cgi
20260526T124508Z,2026-05-26T12:45:08.846943Z,20260526T124508Z_batch01,NAOCLYL,2026-05-26T19:00:00Z,15 54 09.5,238.53958333333333,-19 04 32,-19.075555555555557,175.1,21.7,2.41,3.6,Map/Offsets,https://cgi.minorplanetcenter.net/cgi-bin/confirmeph2.cgi
20260526T124508Z,2026-05-26T12:45:08.846943Z,20260526T124508Z_batch01,NAOCLYL,2026-05-26T20:00:00Z,15 54 10.1,238.54208333333335,-19 02 08,-19.035555555555558,175.1,21.7,2.41,3.6,Map/Offsets,https://cgi.minorplanetcenter.net/cgi-bin/confirmeph2.cgi
20260526T124508Z,2026-05-26T12:45:08.846943Z,20260526T124508Z_batch01,NAOCLYL,2026-05-26T21:00:00Z,15 54 10.8,238.54500000000002,-18 59 43,-18.99527777777778,175.0,21.7,2.41,3.6,Map/Offsets,https://cgi.minorplanetcenter.net/cgi-bin/confirmeph2.cgi
20260526T124508Z,2026-05-26T12:45:08.846943Z,20260526T124508Z_batch01,NAOCLYL,2026-05-26T22:00:00Z,15 54 11.4,238.5475,-18 57 19,-18.955277777777777,175.0,21.7,2.41,3.6,Map/Offsets,https://cgi.minorplanetcenter.net/cgi-bin/confirmeph2.cgi
20260526T124508Z,2026-05-26T12:45:08.846943Z,20260526T124508Z_batch01,NAOCLYL,2026-05-26T23:00:00Z,15 54 12.1,238.55041666666668,-18 54 55,-18.915277777777778,174.9,21.7,2.41,3.6,Map/Offsets,https://cgi.minorplanetcenter.net/cgi-bin/confirmeph2.cgi
20260526T124508Z,2026-05-26T12:45:08.846943Z,20260526T124508Z_batch01,NAOCLYL,2026-05-27T00:00:00Z,15 54 12.7,238.55291666666668,-18 52 31,-18.87527777777778,174.8,21.7,2.4,3.6,Map/Offsets,https://cgi.minorplanetcenter.net/cgi-bin/confirmeph2.cgi
20260526T124508Z,2026-05-26T12:45:08.846943Z,20260526T124508Z_batch01,NAOCLYL,2026-05-27T01:00:00Z,15 54 13.3,238.55541666666667,-18 50 07,-18.835277777777776,174.8,21.7,2.4,3.6,Map/Offsets,https://cgi.minorplanetcenter.net/cgi-bin/confirmeph2.cgi
20260526T124508Z,2026-05-26T12:45:08.846943Z,20260526T124508Z_batch01,NAOCLYL,2026-05-27T02:00:00Z,15 54 14.0,238.55833333333334,-18 47 43,-18.79527777777778,174.7,21.7,2.4,3.6,Map/Offsets,https://cgi.minorplanetcenter.net/cgi-bin/confirmeph2.cgi
20260526T124508Z,2026-05-26T12:45:08.846943Z,20260526T124508Z_batch01,NAOCLYL,2026-05-27T03:00:00Z,15 54 14.6,238.56083333333336,-18 45 19,-18.755277777777778,174.7,21.7,2.4,3.6,Map/Offsets,https://cgi.minorplanetcenter.net/cgi-bin/confirmeph2.cgi
20260526T124508Z,2026-05-26T12:45:08.846943Z,20260526T124508Z_batch01,NAOCLYL,2026-05-27T04:00:00Z,15 54 15.3,238.56375000000003,-18 42 56,-18.715555555555554,174.6,21.7,2.4,3.6,Map/Offsets,https://cgi.minorplanetcenter.net/cgi-bin/confirmeph2.cgi
20260526T124508Z,2026-05-26T12:45:08.846943Z,20260526T124508Z_batch01,NAOCLYL,2026-05-27T05:00:00Z,15 54 15.9,238.56625,-18 40 32,-18.675555555555558,174.6,21.7,2.39,3.6,Map/Offsets,https://cgi.minorplanetcenter.net/cgi-bin/confirmeph2.cgi
20260526T124508Z,2026-05-26T12:45:08.846943Z,20260526T124508Z_batch01,NAOCLYL,2026-05-27T06:00:00Z,15 54 16.5,238.56875,-18 38 09,-18.635833333333334,174.5,21.7,2.39,3.6,Map/Offsets,https://cgi.minorplanetcenter.net/cgi-bin/confirmeph2.cgi
20260526T124508Z,2026-05-26T12:45:08.846943Z,20260526T124508Z_batch01,NAOCLYL,2026-05-27T07:00:00Z,15 54 17.2,238.57166666666666,-18 35 46,-18.59611111111111,174.5,21.7,2.39,3.6,Map/Offsets,https://cgi.minorplanetcenter.net/cgi-bin/confirmeph2.cgi
20260526T124508Z,2026-05-26T12:45:08.846943Z,20260526T124508Z_batch01,NAOCLYL,2026-05-27T08:00:00Z,15 54 17.8,238.57416666666666,-18 33 23,-18.55638888888889,174.4,21.8,2.39,3.7,Map/Offsets,https://cgi.minorplanetcenter.net/cgi-bin/confirmeph2.cgi
20260526T124508Z,2026-05-26T12:45:08.846943Z,20260526T124508Z_batch01,NAOCLYL,2026-05-27T09:00:00Z,15 54 18.5,238.57708333333332,-18 31 00,-18.516666666666666,174.3,21.8,2.39,3.7,Map/Offsets,https://cgi.minorplanetcenter.net/cgi-bin/confirmeph2.cgi
20260526T124508Z,2026-05-26T12:45:08.846943Z,20260526T124508Z_batch01,NAOCLYL,2026-05-27T10:00:00Z,15 54 19.1,238.57958333333335,-18 28 37,-18.47694444444444,174.3,21.8,2.38,3.7,Map/Offsets,https://cgi.minorplanetcenter.net/cgi-bin/confirmeph2.cgi
20260526T124508Z,2026-05-26T12:45:08.846943Z,20260526T124508Z_batch01,NAOCLYL,2026-05-27T11:00:00Z,15 54 19.8,238.5825,-18 26 14,-18.43722222222222,174.2,21.8,2.38,3.7,Map/Offsets,https://cgi.minorplanetcenter.net/cgi-bin/confirmeph2.cgi
20260526T124508Z,2026-05-26T12:45:08.846943Z,20260526T124508Z_batch01,A11CQzo,2026-05-26T11:00:00Z,21 30 50.4,322.71,-17 54 24,-17.906666666666666,105.5,20.2,26.45,83.0,Map/Offsets   !!,https://cgi.minorplanetcenter.net/cgi-bin/confirmeph2.cgi
20260526T124508Z,2026-05-26T12:45:08.846943Z,20260526T124508Z_batch01,A11CQzo,2026-05-26T12:00:00Z,21 32 38.8,323.1616666666667,-17 51 11,-17.853055555555557,105.2,20.3,25.52,82.8,Map/Offsets   !!,https://cgi.minorplanetcenter.net/cgi-bin/confirmeph2.cgi
20260526T124508Z,2026-05-26T12:45:08.846943Z,20260526T124508Z_batch01,A11CQzo,2026-05-26T13:00:00Z,21 34 23.3,323.59708333333333,-17 48 02,-17.800555555555555,104.8,20.3,24.63,82.7,Map/Offsets   !!,https://cgi.minorplanetcenter.net/cgi-bin/confirmeph2.cgi
20260526T124508Z,2026-05-26T12:45:08.846943Z,20260526T124508Z_batch01,A11CQzo,2026-05-26T14:00:00Z,21 36 04.1,324.01708333333335,-17 44 56,-17.74888888888889,104.4,20.4,23.79,82.6,Map/Offsets   !!,https://cgi.minorplanetcenter.net/cgi-bin/confirmeph2.cgi
20260526T124508Z,2026-05-26T12:45:08.846943Z,20260526T124508Z_batch01,A11CQzo,2026-05-26T15:00:00Z,21 37 41.5,324.4229166666667,-17 41 53,-17.698055555555555,104.1,20.4,22.99,82.5,Map/Offsets   !!,https://cgi.minorplanetcenter.net/cgi-bin/confirmeph2.cgi
20260526T124508Z,2026-05-26T12:45:08.846943Z,20260526T124508Z_batch01,A11CQzo,2026-05-26T16:00:00Z,21 39 15.5,324.8145833333333,-17 38 54,-17.648333333333333,103.8,20.5,22.22,82.3,Map/Offsets   !!,https://cgi.minorplanetcenter.net/cgi-bin/confirmeph2.cgi
20260526T124508Z,2026-05-26T12:45:08.846943Z,20260526T124508Z_batch01,A11CQzo,2026-05-26T17:00:00Z,21 40 46.4,325.1933333333333,-17 35 58,-17.599444444444444,103.4,20.5,21.49,82.2,Map/Offsets   !!,https://cgi.minorplanetcenter.net/cgi-bin/confirmeph2.cgi
20260526T124508Z,2026-05-26T12:45:08.846943Z,20260526T124508Z_batch01,A11CQzo,2026-05-26T18:00:00Z,21 42 14.3,325.55958333333336,-17 33 05,-17.55138888888889,103.1,20.6,20.8,82.1,Map/Offsets   !!,https://cgi.minorplanetcenter.net/cgi-bin/confirmeph2.cgi
20260526T124508Z,2026-05-26T12:45:08.846943Z,20260526T124508Z_batch01,A11CQzo,2026-05-26T19:00:00Z,21 43 39.3,325.91375,-17 30 15,-17.504166666666666,102.8,20.6,20.14,82.0,Map/Offsets   !!,https://cgi.minorplanetcenter.net/cgi-bin/confirmeph2.cgi
20260526T124508Z,2026-05-26T12:45:08.846943Z,20260526T124508Z_batch01,A11CQzo,2026-05-26T20:00:00Z,21 45 01.6,326.25666666666666,-17 27 29,-17.458055555555553,102.5,20.7,19.5,81.9,Map/Offsets   !!,https://cgi.minorplanetcenter.net/cgi-bin/confirmeph2.cgi
20260526T124508Z,2026-05-26T12:45:08.846943Z,20260526T124508Z_batch01,A11CQzo,2026-05-26T21:00:00Z,21 46 21.3,326.58875,-17 24 45,-17.412499999999998,102.3,20.7,18.9,81.8,Map/Offsets   !!,https://cgi.minorplanetcenter.net/cgi-bin/confirmeph2.cgi
20260526T124508Z,2026-05-26T12:45:08.846943Z,20260526T124508Z_batch01,A11CQzo,2026-05-26T22:00:00Z,21 47 38.5,326.91041666666666,-17 22 05,-17.368055555555557,102.0,20.7,18.32,81.7,Map/Offsets   !!,https://cgi.minorplanetcenter.net/cgi-bin/confirmeph2.cgi
20260526T124508Z,2026-05-26T12:45:08.846943Z,20260526T124508Z_batch01,A11CQzo,2026-05-26T23:00:00Z,21 48 53.2,327.2216666666667,-17 19 28,-17.324444444444445,101.8,20.8,17.77,81.6,Map/Offsets   !!,https://cgi.minorplanetcenter.net/cgi-bin/confirmeph2.cgi
20260526T124508Z,2026-05-26T12:45:08.846943Z,20260526T124508Z_batch01,A11CQzo,2026-05-27T00:00:00Z,21 50 05.8,327.52416666666664,-17 16 54,-17.281666666666666,101.5,20.8,17.24,81.5,Map/Offsets   !!,https://cgi.minorplanetcenter.net/cgi-bin/confirmeph2.cgi
20260526T124508Z,2026-05-26T12:45:08.846943Z,20260526T124508Z_batch01,A11CQzo,2026-05-27T01:00:00Z,21 51 16.1,327.81708333333336,-17 14 22,-17.239444444444445,101.3,20.9,16.73,81.4,Map/Offsets   !!,https://cgi.minorplanetcenter.net/cgi-bin/confirmeph2.cgi
20260526T124508Z,2026-05-26T12:45:08.846943Z,20260526T124508Z_batch01,A11CQzo,2026-05-27T02:00:00Z,21 52 24.4,328.1016666666667,-17 11 54,-17.198333333333334,101.0,20.9,16.24,81.3,Map/Offsets   !!,https://cgi.minorplanetcenter.net/cgi-bin/confirmeph2.cgi
20260526T124508Z,2026-05-26T12:45:08.846943Z,20260526T124508Z_batch01,A11CQzo,2026-05-27T03:00:00Z,21 53 30.6,328.3775,-17 09 29,-17.158055555555553,100.8,21.0,15.78,81.3,Map/Offsets   !!,https://cgi.minorplanetcenter.net/cgi-bin/confirmeph2.cgi
20260526T124508Z,2026-05-26T12:45:08.846943Z,20260526T124508Z_batch01,A11CQzo,2026-05-27T04:00:00Z,21 54 35.0,328.6458333333333,-17 07 06,-17.118333333333332,100.6,21.0,15.33,81.2,Map/Offsets   !!,https://cgi.minorplanetcenter.net/cgi-bin/confirmeph2.cgi
20260526T124508Z,2026-05-26T12:45:08.846943Z,20260526T124508Z_batch01,A11CQzo,2026-05-27T05:00:00Z,21 55 37.5,328.90625000000006,-17 04 47,-17.079722222222223,100.4,21.0,14.9,81.1,Map/Offsets   !!,https://cgi.minorplanetcenter.net/cgi-bin/confirmeph2.cgi
20260526T124508Z,2026-05-26T12:45:08.846943Z,20260526T124508Z_batch01,A11CQzo,2026-05-27T06:00:00Z,21 56 38.2,329.15916666666664,-17 02 30,-17.041666666666668,100.2,21.1,14.49,81.0,Map/Offsets   !!,https://cgi.minorplanetcenter.net/cgi-bin/confirmeph2.cgi
20260526T124508Z,2026-05-26T12:45:08.846943Z,20260526T124508Z_batch01,A11CQzo,2026-05-27T07:00:00Z,21 57 37.3,329.40541666666667,-17 00 15,-17.004166666666666,100.0,21.1,14.1,81.0,Map/Offsets   !!,https://cgi.minorplanetcenter.net/cgi-bin/confirmeph2.cgi
20260526T124508Z,2026-05-26T12:45:08.846943Z,20260526T124508Z_batch01,A11CQzo,2026-05-27T08:00:00Z,21 58 34.7,329.64458333333334,-16 58 04,-16.967777777777776,99.8,21.1,13.72,80.9,Map/Offsets   !!,https://cgi.minorplanetcenter.net/cgi-bin/confirmeph2.cgi
20260526T124508Z,2026-05-26T12:45:08.846943Z,20260526T124508Z_batch01,A11CQzo,2026-05-27T09:00:00Z,21 59 30.6,329.87750000000005,-16 55 54,-16.93166666666667,99.6,21.2,13.35,80.8,Map/Offsets   !!,https://cgi.minorplanetcenter.net/cgi-bin/confirmeph2.cgi
20260526T124508Z,2026-05-26T12:45:08.846943Z,20260526T124508Z_batch01,A11CQzo,2026-05-27T10:00:00Z,22 00 25.0,330.10416666666663,-16 53 48,-16.896666666666665,99.4,21.2,13.0,80.7,Map/Offsets   !!,https://cgi.minorplanetcenter.net/cgi-bin/confirmeph2.cgi
20260526T124508Z,2026-05-26T12:45:08.846943Z,20260526T124508Z_batch01,A11CQzo,2026-05-27T11:00:00Z,22 01 17.9,330.3245833333333,-16 51 43,-16.861944444444447,99.3,21.2,12.67,80.7,Map/Offsets   !!,https://cgi.minorplanetcenter.net/cgi-bin/confirmeph2.cgi
20260526T124508Z,2026-05-26T12:45:08.846943Z,20260526T124508Z_batch01,oKr0080,2026-05-26T11:00:00Z,23 29 20.3,352.33458333333334,+18 33 04,18.551111111111112,65.9,20.2,0.15,62.7,Map/Offsets,https://cgi.minorplanetcenter.net/cgi-bin/confirmeph2.cgi
20260526T124508Z,2026-05-26T12:45:08.846943Z,20260526T124508Z_batch01,oKr0080,2026-05-26T12:00:00Z,23 29 20.8,352.33666666666664,+18 33 08,18.552222222222223,65.9,20.2,0.15,62.6,Map/Offsets,https://cgi.minorplanetcenter.net/cgi-bin/confirmeph2.cgi
20260526T124508Z,2026-05-26T12:45:08.846943Z,20260526T124508Z_batch01,oKr0080,2026-05-26T13:00:00Z,23 29 21.4,352.3391666666667,+18 33 12,18.553333333333335,65.9,20.2,0.15,62.6,Map/Offsets,https://cgi.minorplanetcenter.net/cgi-bin/confirmeph2.cgi
20260526T124508Z,2026-05-26T12:45:08.846943Z,20260526T124508Z_batch01,oKr0080,2026-05-26T14:00:00Z,23 29 21.9,352.34125,+18 33 16,18.554444444444446,66.0,20.2,0.15,62.5,Map/Offsets,https://cgi.minorplanetcenter.net/cgi-bin/confirmeph2.cgi
20260526T124508Z,2026-05-26T12:45:08.846943Z,20260526T124508Z_batch01,oKr0080,2026-05-26T15:00:00Z,23 29 22.5,352.34375000000006,+18 33 20,18.555555555555557,66.0,20.2,0.15,62.5,Map/Offsets,https://cgi.minorplanetcenter.net/cgi-bin/confirmeph2.cgi
20260526T124508Z,2026-05-26T12:45:08.846943Z,20260526T124508Z_batch01,oKr0080,2026-05-26T16:00:00Z,23 29 23.0,352.34583333333336,+18 33 24,18.55666666666667,66.1,20.2,0.14,62.4,Map/Offsets,https://cgi.minorplanetcenter.net/cgi-bin/confirmeph2.cgi
20260526T124508Z,2026-05-26T12:45:08.846943Z,20260526T124508Z_batch01,oKr0080,2026-05-26T17:00:00Z,23 29 23.6,352.3483333333333,+18 33 28,18.55777777777778,66.1,20.2,0.14,62.4,Map/Offsets,https://cgi.minorplanetcenter.net/cgi-bin/confirmeph2.cgi
20260526T124508Z,2026-05-26T12:45:08.846943Z,20260526T124508Z_batch01,oKr0080,2026-05-26T18:00:00Z,23 29 24.1,352.3504166666667,+18 33 32,18.55888888888889,66.1,20.2,0.14,62.3,Map/Offsets,https://cgi.minorplanetcenter.net/cgi-bin/confirmeph2.cgi
20260526T124508Z,2026-05-26T12:45:08.846943Z,20260526T124508Z_batch01,oKr0080,2026-05-26T19:00:00Z,23 29 24.6,352.3525,+18 33 36,18.560000000000002,66.2,20.2,0.14,62.2,Map/Offsets,https://cgi.minorplanetcenter.net/cgi-bin/confirmeph2.cgi
20260526T124508Z,2026-05-26T12:45:08.846943Z,20260526T124508Z_batch01,oKr0080,2026-05-26T20:00:00Z,23 29 25.2,352.355,+18 33 40,18.561111111111114,66.2,20.2,0.14,62.2,Map/Offsets,https://cgi.minorplanetcenter.net/cgi-bin/confirmeph2.cgi
20260526T124508Z,2026-05-26T12:45:08.846943Z,20260526T124508Z_batch01,oKr0080,2026-05-26T21:00:00Z,23 29 25.7,352.3570833333333,+18 33 44,18.56222222222222,66.2,20.2,0.14,62.1,Map/Offsets,https://cgi.minorplanetcenter.net/cgi-bin/confirmeph2.cgi
20260526T124508Z,2026-05-26T12:45:08.846943Z,20260526T124508Z_batch01,oKr0080,2026-05-26T22:00:00Z,23 29 26.2,352.3591666666667,+18 33 48,18.563333333333333,66.3,20.2,0.14,62.1,Map/Offsets,https://cgi.minorplanetcenter.net/cgi-bin/confirmeph2.cgi
20260526T124508Z,2026-05-26T12:45:08.846943Z,20260526T124508Z_batch01,oKr0080,2026-05-26T23:00:00Z,23 29 26.8,352.3616666666667,+18 33 52,18.564444444444444,66.3,20.2,0.14,62.0,Map/Offsets,https://cgi.minorplanetcenter.net/cgi-bin/confirmeph2.cgi
20260526T124508Z,2026-05-26T12:45:08.846943Z,20260526T124508Z_batch01,oKr0080,2026-05-27T00:00:00Z,23 29 27.3,352.36375,+18 33 56,18.565555555555555,66.3,20.2,0.14,62.0,Map/Offsets,https://cgi.minorplanetcenter.net/cgi-bin/confirmeph2.cgi
20260526T124508Z,2026-05-26T12:45:08.846943Z,20260526T124508Z_batch01,oKr0080,2026-05-27T01:00:00Z,23 29 27.8,352.3658333333334,+18 34 00,18.566666666666666,66.4,20.2,0.14,61.9,Map/Offsets,https://cgi.minorplanetcenter.net/cgi-bin/confirmeph2.cgi
20260526T124508Z,2026-05-26T12:45:08.846943Z,20260526T124508Z_batch01,oKr0080,2026-05-27T02:00:00Z,23 29 28.3,352.3679166666667,+18 34 04,18.567777777777778,66.4,20.2,0.14,61.8,Map/Offsets,https://cgi.minorplanetcenter.net/cgi-bin/confirmeph2.cgi
20260526T124508Z,2026-05-26T12:45:08.846943Z,20260526T124508Z_batch01,oKr0080,2026-05-27T03:00:00Z,23 29 28.8,352.37,+18 34 08,18.56888888888889,66.4,20.2,0.14,61.8,Map/Offsets,https://cgi.minorplanetcenter.net/cgi-bin/confirmeph2.cgi
20260526T124508Z,2026-05-26T12:45:08.846943Z,20260526T124508Z_batch01,oKr0080,2026-05-27T04:00:00Z,23 29 29.4,352.37250000000006,+18 34 12,18.57,66.5,20.2,0.14,61.7,Map/Offsets,https://cgi.minorplanetcenter.net/cgi-bin/confirmeph2.cgi
20260526T124508Z,2026-05-26T12:45:08.846943Z,20260526T124508Z_batch01,oKr0080,2026-05-27T05:00:00Z,23 29 29.9,352.37458333333336,+18 34 16,18.57111111111111,66.5,20.2,0.14,61.7,Map/Offsets,https://cgi.minorplanetcenter.net/cgi-bin/confirmeph2.cgi
20260526T124508Z,2026-05-26T12:45:08.846943Z,20260526T124508Z_batch01,oKr0080,2026-05-27T06:00:00Z,23 29 30.4,352.37666666666667,+18 34 20,18.572222222222223,66.5,20.2,0.14,61.6,Map/Offsets,https://cgi.minorplanetcenter.net/cgi-bin/confirmeph2.cgi
20260526T124508Z,2026-05-26T12:45:08.846943Z,20260526T124508Z_batch01,oKr0080,2026-05-27T07:00:00Z,23 29 30.9,352.37875,+18 34 24,18.573333333333334,66.6,20.2,0.14,61.6,Map/Offsets,https://cgi.minorplanetcenter.net/cgi-bin/confirmeph2.cgi
20260526T124508Z,2026-05-26T12:45:08.846943Z,20260526T124508Z_batch01,oKr0080,2026-05-27T08:00:00Z,23 29 31.4,352.3808333333333,+18 34 27,18.574166666666667,66.6,20.2,0.14,61.5,Map/Offsets,https://cgi.minorplanetcenter.net/cgi-bin/confirmeph2.cgi
20260526T124508Z,2026-05-26T12:45:08.846943Z,20260526T124508Z_batch01,oKr0080,2026-05-27T09:00:00Z,23 29 31.9,352.3829166666667,+18 34 31,18.575277777777778,66.6,20.2,0.14,61.4,Map/Offsets,https://cgi.minorplanetcenter.net/cgi-bin/confirmeph2.cgi
20260526T124508Z,2026-05-26T12:45:08.846943Z,20260526T124508Z_batch01,oKr0080,2026-05-27T10:00:00Z,23 29 32.4,352.385,+18 34 35,18.57638888888889,66.7,20.2,0.14,61.4,Map/Offsets,https://cgi.minorplanetcenter.net/cgi-bin/confirmeph2.cgi
20260526T124508Z,2026-05-26T12:45:08.846943Z,20260526T124508Z_batch01,oKr0080,2026-05-27T11:00:00Z,23 29 32.9,352.38708333333335,+18 34 39,18.5775,66.7,20.2,0.13,61.3,Map/Offsets,https://cgi.minorplanetcenter.net/cgi-bin/confirmeph2.cgi
20260526T124508Z,2026-05-26T12:45:08.846943Z,20260526T124508Z_batch01,C1F1535,2026-05-26T11:00:00Z,16 45 27.9,251.36625000000004,+06 32 19,6.538611111111111,151.1,22.4,0.7,1.0,Map/Offsets,https://cgi.minorplanetcenter.net/cgi-bin/confirmeph2.cgi
20260526T124508Z,2026-05-26T12:45:08.846943Z,20260526T124508Z_batch01,C1F1535,2026-05-26T12:00:00Z,16 45 27.9,251.36625000000004,+06 33 01,6.550277777777778,151.1,22.4,0.7,0.9,Map/Offsets,https://cgi.minorplanetcenter.net/cgi-bin/confirmeph2.cgi
20260526T124508Z,2026-05-26T12:45:08.846943Z,20260526T124508Z_batch01,C1F1535,2026-05-26T13:00:00Z,16 45 28.0,251.36666666666667,+06 33 43,6.561944444444444,151.1,22.4,0.7,0.9,Map/Offsets,https://cgi.minorplanetcenter.net/cgi-bin/confirmeph2.cgi
20260526T124508Z,2026-05-26T12:45:08.846943Z,20260526T124508Z_batch01,C1F1535,2026-05-26T14:00:00Z,16 45 28.0,251.36666666666667,+06 34 25,6.573611111111111,151.1,22.4,0.7,0.9,Map/Offsets,https://cgi.minorplanetcenter.net/cgi-bin/confirmeph2.cgi
20260526T124508Z,2026-05-26T12:45:08.846943Z,20260526T124508Z_batch01,C1F1535,2026-05-26T15:00:00Z,16 45 28.1,251.36708333333334,+06 35 07,6.585277777777778,151.1,22.4,0.7,0.9,Map/Offsets,https://cgi.minorplanetcenter.net/cgi-bin/confirmeph2.cgi
20260526T124508Z,2026-05-26T12:45:08.846943Z,20260526T124508Z_batch01,C1F1535,2026-05-26T16:00:00Z,16 45 28.1,251.36708333333334,+06 35 49,6.5969444444444445,151.1,22.4,0.7,0.8,Map/Offsets,https://cgi.minorplanetcenter.net/cgi-bin/confirmeph2.cgi
20260526T124508Z,2026-05-26T12:45:08.846943Z,20260526T124508Z_batch01,C1F1535,2026-05-26T17:00:00Z,16 45 28.2,251.3675,+06 36 31,6.60861111111111,151.1,22.4,0.7,0.8,Map/Offsets,https://cgi.minorplanetcenter.net/cgi-bin/confirmeph2.cgi
20260526T124508Z,2026-05-26T12:45:08.846943Z,20260526T124508Z_batch01,C1F1535,2026-05-26T18:00:00Z,16 45 28.2,251.3675,+06 37 13,6.620277777777778,151.1,22.4,0.7,0.8,Map/Offsets,https://cgi.minorplanetcenter.net/cgi-bin/confirmeph2.cgi
20260526T124508Z,2026-05-26T12:45:08.846943Z,20260526T124508Z_batch01,C1F1535,2026-05-26T19:00:00Z,16 45 28.2,251.3675,+06 37 55,6.631944444444445,151.1,22.4,0.7,0.7,Map/Offsets,https://cgi.minorplanetcenter.net/cgi-bin/confirmeph2.cgi
20260526T124508Z,2026-05-26T12:45:08.846943Z,20260526T124508Z_batch01,C1F1535,2026-05-26T20:00:00Z,16 45 28.3,251.36791666666667,+06 38 37,6.6436111111111105,151.1,22.4,0.7,0.7,Map/Offsets,https://cgi.minorplanetcenter.net/cgi-bin/confirmeph2.cgi
20260526T124508Z,2026-05-26T12:45:08.846943Z,20260526T124508Z_batch01,C1F1535,2026-05-26T21:00:00Z,16 45 28.3,251.36791666666667,+06 39 19,6.655277777777778,151.1,22.4,0.7,0.7,Map/Offsets,https://cgi.minorplanetcenter.net/cgi-bin/confirmeph2.cgi
20260526T124508Z,2026-05-26T12:45:08.846943Z,20260526T124508Z_batch01,C1F1535,2026-05-26T22:00:00Z,16 45 28.3,251.36791666666667,+06 40 01,6.666944444444445,151.1,22.4,0.7,0.7,Map/Offsets,https://cgi.minorplanetcenter.net/cgi-bin/confirmeph2.cgi
20260526T124508Z,2026-05-26T12:45:08.846943Z,20260526T124508Z_batch01,C1F1535,2026-05-26T23:00:00Z,16 45 28.4,251.36833333333334,+06 40 43,6.6786111111111115,151.1,22.4,0.7,0.6,Map/Offsets,https://cgi.minorplanetcenter.net/cgi-bin/confirmeph2.cgi
20260526T124508Z,2026-05-26T12:45:08.846943Z,20260526T124508Z_batch01,C1F1535,2026-05-27T00:00:00Z,16 45 28.4,251.36833333333334,+06 41 25,6.690277777777778,151.1,22.4,0.7,0.6,Map/Offsets,https://cgi.minorplanetcenter.net/cgi-bin/confirmeph2.cgi
20260526T124508Z,2026-05-26T12:45:08.846943Z,20260526T124508Z_batch01,C1F1535,2026-05-27T01:00:00Z,16 45 28.4,251.36833333333334,+06 42 07,6.701944444444445,151.0,22.4,0.7,0.6,Map/Offsets,https://cgi.minorplanetcenter.net/cgi-bin/confirmeph2.cgi
20260526T124508Z,2026-05-26T12:45:08.846943Z,20260526T124508Z_batch01,C1F1535,2026-05-27T02:00:00Z,16 45 28.5,251.36875,+06 42 49,6.713611111111112,151.0,22.4,0.7,0.6,Map/Offsets,https://cgi.minorplanetcenter.net/cgi-bin/confirmeph2.cgi
20260526T124508Z,2026-05-26T12:45:08.846943Z,20260526T124508Z_batch01,C1F1535,2026-05-27T03:00:00Z,16 45 28.5,251.36875,+06 43 31,6.7252777777777775,151.0,22.4,0.7,0.5,Map/Offsets,https://cgi.minorplanetcenter.net/cgi-bin/confirmeph2.cgi
20260526T124508Z,2026-05-26T12:45:08.846943Z,20260526T124508Z_batch01,C1F1535,2026-05-27T04:00:00Z,16 45 28.5,251.36875,+06 44 13,6.736944444444444,151.0,22.4,0.7,0.5,Map/Offsets,https://cgi.minorplanetcenter.net/cgi-bin/confirmeph2.cgi
20260526T124508Z,2026-05-26T12:45:08.846943Z,20260526T124508Z_batch01,C1F1535,2026-05-27T05:00:00Z,16 45 28.5,251.36875,+06 44 55,6.748611111111111,151.0,22.4,0.7,0.5,Map/Offsets,https://cgi.minorplanetcenter.net/cgi-bin/confirmeph2.cgi
20260526T124508Z,2026-05-26T12:45:08.846943Z,20260526T124508Z_batch01,C1F1535,2026-05-27T06:00:00Z,16 45 28.6,251.36916666666667,+06 45 38,6.760555555555555,151.0,22.4,0.7,0.4,Map/Offsets,https://cgi.minorplanetcenter.net/cgi-bin/confirmeph2.cgi
20260526T124508Z,2026-05-26T12:45:08.846943Z,20260526T124508Z_batch01,C1F1535,2026-05-27T07:00:00Z,16 45 28.6,251.36916666666667,+06 46 20,6.772222222222222,151.0,22.4,0.7,0.4,Map/Offsets,https://cgi.minorplanetcenter.net/cgi-bin/confirmeph2.cgi
20260526T124508Z,2026-05-26T12:45:08.846943Z,20260526T124508Z_batch01,C1F1535,2026-05-27T08:00:00Z,16 45 28.6,251.36916666666667,+06 47 02,6.783888888888889,151.0,22.4,0.7,0.4,Map/Offsets,https://cgi.minorplanetcenter.net/cgi-bin/confirmeph2.cgi
20260526T124508Z,2026-05-26T12:45:08.846943Z,20260526T124508Z_batch01,C1F1535,2026-05-27T09:00:00Z,16 45 28.6,251.36916666666667,+06 47 44,6.795555555555556,151.0,22.4,0.7,0.4,Map/Offsets,https://cgi.minorplanetcenter.net/cgi-bin/confirmeph2.cgi
20260526T124508Z,2026-05-26T12:45:08.846943Z,20260526T124508Z_batch01,C1F1535,2026-05-27T10:00:00Z,16 45 28.6,251.36916666666667,+06 48 26,6.807222222222222,151.0,22.3,0.7,0.3,Map/Offsets,https://cgi.minorplanetcenter.net/cgi-bin/confirmeph2.cgi
20260526T124508Z,2026-05-26T12:45:08.846943Z,20260526T124508Z_batch01,C1F1535,2026-05-27T11:00:00Z,16 45 28.7,251.3695833333333,+06 49 08,6.818888888888889,151.0,22.3,0.7,0.3,Map/Offsets,https://cgi.minorplanetcenter.net/cgi-bin/confirmeph2.cgi
20260526T124508Z,2026-05-26T12:45:08.846943Z,20260526T124508Z_batch01,C1F0EU5,2026-05-26T11:00:00Z,15 24 37.3,231.15541666666667,-10 05 20,-10.08888888888889,164.2,22.0,0.75,269.9,Map/Offsets,https://cgi.minorplanetcenter.net/cgi-bin/confirmeph2.cgi
20260526T124508Z,2026-05-26T12:45:08.846943Z,20260526T124508Z_batch01,C1F0EU5,2026-05-26T12:00:00Z,15 24 34.2,231.14249999999998,-10 05 20,-10.08888888888889,164.2,22.0,0.75,269.9,Map/Offsets,https://cgi.minorplanetcenter.net/cgi-bin/confirmeph2.cgi
20260526T124508Z,2026-05-26T12:45:08.846943Z,20260526T124508Z_batch01,C1F0EU5,2026-05-26T13:00:00Z,15 24 31.2,231.13,-10 05 20,-10.08888888888889,164.1,22.0,0.75,269.8,Map/Offsets,https://cgi.minorplanetcenter.net/cgi-bin/confirmeph2.cgi
20260526T124508Z,2026-05-26T12:45:08.846943Z,20260526T124508Z_batch01,C1F0EU5,2026-05-26T14:00:00Z,15 24 28.1,231.1170833333333,-10 05 20,-10.08888888888889,164.1,22.0,0.75,269.8,Map/Offsets,https://cgi.minorplanetcenter.net/cgi-bin/confirmeph2.cgi
20260526T124508Z,2026-05-26T12:45:08.846943Z,20260526T124508Z_batch01,C1F0EU5,2026-05-26T15:00:00Z,15 24 25.1,231.10458333333332,-10 05 20,-10.08888888888889,164.1,22.0,0.75,269.8,Map/Offsets,https://cgi.minorplanetcenter.net/cgi-bin/confirmeph2.cgi
20260526T124508Z,2026-05-26T12:45:08.846943Z,20260526T124508Z_batch01,C1F0EU5,2026-05-26T16:00:00Z,15 24 22.0,231.09166666666667,-10 05 20,-10.08888888888889,164.0,22.0,0.75,269.8,Map/Offsets,https://cgi.minorplanetcenter.net/cgi-bin/confirmeph2.cgi
20260526T124508Z,2026-05-26T12:45:08.846943Z,20260526T124508Z_batch01,C1F0EU5,2026-05-26T17:00:00Z,15 24 19.0,231.07916666666668,-10 05 21,-10.089166666666667,164.0,22.0,0.75,269.8,Map/Offsets,https://cgi.minorplanetcenter.net/cgi-bin/confirmeph2.cgi
20260526T124508Z,2026-05-26T12:45:08.846943Z,20260526T124508Z_batch01,C1F0EU5,2026-05-26T18:00:00Z,15 24 15.9,231.06625,-10 05 21,-10.089166666666667,163.9,22.0,0.75,269.7,Map/Offsets,https://cgi.minorplanetcenter.net/cgi-bin/confirmeph2.cgi
20260526T124508Z,2026-05-26T12:45:08.846943Z,20260526T124508Z_batch01,C1F0EU5,2026-05-26T19:00:00Z,15 24 12.9,231.05375,-10 05 21,-10.089166666666667,163.9,22.0,0.75,269.7,Map/Offsets,https://cgi.minorplanetcenter.net/cgi-bin/confirmeph2.cgi
20260526T124508Z,2026-05-26T12:45:08.846943Z,20260526T124508Z_batch01,C1F0EU5,2026-05-26T20:00:00Z,15 24 09.9,231.04125000000002,-10 05 21,-10.089166666666667,163.8,22.0,0.75,269.7,Map/Offsets,https://cgi.minorplanetcenter.net/cgi-bin/confirmeph2.cgi
20260526T124508Z,2026-05-26T12:45:08.846943Z,20260526T124508Z_batch01,C1F0EU5,2026-05-26T21:00:00Z,15 24 06.8,231.02833333333334,-10 05 22,-10.089444444444444,163.8,22.0,0.75,269.7,Map/Offsets,https://cgi.minorplanetcenter.net/cgi-bin/confirmeph2.cgi
20260526T124508Z,2026-05-26T12:45:08.846943Z,20260526T124508Z_batch01,C1F0EU5,2026-05-26T22:00:00Z,15 24 03.8,231.01583333333335,-10 05 22,-10.089444444444444,163.7,22.0,0.75,269.6,Map/Offsets,https://cgi.minorplanetcenter.net/cgi-bin/confirmeph2.cgi
20260526T124508Z,2026-05-26T12:45:08.846943Z,20260526T124508Z_batch01,C1F0EU5,2026-05-26T23:00:00Z,15 24 00.7,231.00291666666666,-10 05 22,-10.089444444444444,163.7,22.0,0.75,269.6,Map/Offsets,https://cgi.minorplanetcenter.net/cgi-bin/confirmeph2.cgi
20260526T124508Z,2026-05-26T12:45:08.846943Z,20260526T124508Z_batch01,C1F0EU5,2026-05-27T00:00:00Z,15 23 57.7,230.99041666666665,-10 05 22,-10.089444444444444,163.7,22.0,0.75,269.6,Map/Offsets,https://cgi.minorplanetcenter.net/cgi-bin/confirmeph2.cgi
20260526T124508Z,2026-05-26T12:45:08.846943Z,20260526T124508Z_batch01,C1F0EU5,2026-05-27T01:00:00Z,15 23 54.6,230.9775,-10 05 23,-10.089722222222223,163.6,22.0,0.75,269.6,Map/Offsets,https://cgi.minorplanetcenter.net/cgi-bin/confirmeph2.cgi
20260526T124508Z,2026-05-26T12:45:08.846943Z,20260526T124508Z_batch01,C1F0EU5,2026-05-27T02:00:00Z,15 23 51.6,230.96499999999997,-10 05 23,-10.089722222222223,163.6,22.0,0.75,269.6,Map/Offsets,https://cgi.minorplanetcenter.net/cgi-bin/confirmeph2.cgi
20260526T124508Z,2026-05-26T12:45:08.846943Z,20260526T124508Z_batch01,C1F0EU5,2026-05-27T03:00:00Z,15 23 48.5,230.95208333333335,-10 05 23,-10.089722222222223,163.5,22.0,0.75,269.5,Map/Offsets,https://cgi.minorplanetcenter.net/cgi-bin/confirmeph2.cgi
20260526T124508Z,2026-05-26T12:45:08.846943Z,20260526T124508Z_batch01,C1F0EU5,2026-05-27T04:00:00Z,15 23 45.5,230.93958333333333,-10 05 24,-10.09,163.5,22.0,0.75,269.5,Map/Offsets,https://cgi.minorplanetcenter.net/cgi-bin/confirmeph2.cgi
20260526T124508Z,2026-05-26T12:45:08.846943Z,20260526T124508Z_batch01,C1F0EU5,2026-05-27T05:00:00Z,15 23 42.4,230.92666666666668,-10 05 24,-10.09,163.4,22.0,0.75,269.5,Map/Offsets,https://cgi.minorplanetcenter.net/cgi-bin/confirmeph2.cgi
20260526T124508Z,2026-05-26T12:45:08.846943Z,20260526T124508Z_batch01,C1F0EU5,2026-05-27T06:00:00Z,15 23 39.4,230.91416666666666,-10 05 25,-10.090277777777779,163.4,22.0,0.75,269.5,Map/Offsets,https://cgi.minorplanetcenter.net/cgi-bin/confirmeph2.cgi
20260526T124508Z,2026-05-26T12:45:08.846943Z,20260526T124508Z_batch01,C1F0EU5,2026-05-27T07:00:00Z,15 23 36.4,230.90166666666667,-10 05 25,-10.090277777777779,163.4,22.0,0.75,269.5,Map/Offsets,https://cgi.minorplanetcenter.net/cgi-bin/confirmeph2.cgi
20260526T124508Z,2026-05-26T12:45:08.846943Z,20260526T124508Z_batch01,C1F0EU5,2026-05-27T08:00:00Z,15 23 33.3,230.88875,-10 05 25,-10.090277777777779,163.3,22.0,0.75,269.4,Map/Offsets,https://cgi.minorplanetcenter.net/cgi-bin/confirmeph2.cgi
20260526T124508Z,2026-05-26T12:45:08.846943Z,20260526T124508Z_batch01,C1F0EU5,2026-05-27T09:00:00Z,15 23 30.3,230.87625,-10 05 26,-10.090555555555556,163.3,22.0,0.75,269.4,Map/Offsets,https://cgi.minorplanetcenter.net/cgi-bin/confirmeph2.cgi
20260526T124508Z,2026-05-26T12:45:08.846943Z,20260526T124508Z_batch01,C1F0EU5,2026-05-27T10:00:00Z,15 23 27.2,230.86333333333332,-10 05 26,-10.090555555555556,163.2,22.0,0.75,269.4,Map/Offsets,https://cgi.minorplanetcenter.net/cgi-bin/confirmeph2.cgi
20260526T124508Z,2026-05-26T12:45:08.846943Z,20260526T124508Z_batch01,C1F0EU5,2026-05-27T11:00:00Z,15 23 24.2,230.85083333333333,-10 05 27,-10.090833333333334,163.2,22.0,0.75,269.4,Map/Offsets,https://cgi.minorplanetcenter.net/cgi-bin/confirmeph2.cgi
20260526T124508Z,2026-05-26T12:45:08.846943Z,20260526T124508Z_batch01,C1F0295,2026-05-26T11:00:00Z,15 18 52.4,229.71833333333333,-07 04 30,-7.075,161.0,22.1,0.86,305.9,Map/Offsets,https://cgi.minorplanetcenter.net/cgi-bin/confirmeph2.cgi
20260526T124508Z,2026-05-26T12:45:08.846943Z,20260526T124508Z_batch01,C1F0295,2026-05-26T12:00:00Z,15 18 49.6,229.70666666666668,-07 03 59,-7.066388888888889,161.0,22.1,0.86,305.9,Map/Offsets,https://cgi.minorplanetcenter.net/cgi-bin/confirmeph2.cgi
20260526T124508Z,2026-05-26T12:45:08.846943Z,20260526T124508Z_batch01,C1F0295,2026-05-26T13:00:00Z,15 18 46.8,229.69500000000002,-07 03 29,-7.058055555555556,160.9,22.1,0.86,305.9,Map/Offsets,https://cgi.minorplanetcenter.net/cgi-bin/confirmeph2.cgi
20260526T124508Z,2026-05-26T12:45:08.846943Z,20260526T124508Z_batch01,C1F0295,2026-05-26T14:00:00Z,15 18 43.9,229.68291666666667,-07 02 58,-7.049444444444444,160.9,22.1,0.86,305.9,Map/Offsets,https://cgi.minorplanetcenter.net/cgi-bin/confirmeph2.cgi
20260526T124508Z,2026-05-26T12:45:08.846943Z,20260526T124508Z_batch01,C1F0295,2026-05-26T15:00:00Z,15 18 41.1,229.67125000000001,-07 02 28,-7.041111111111111,160.9,22.1,0.86,305.9,Map/Offsets,https://cgi.minorplanetcenter.net/cgi-bin/confirmeph2.cgi
20260526T124508Z,2026-05-26T12:45:08.846943Z,20260526T124508Z_batch01,C1F0295,2026-05-26T16:00:00Z,15 18 38.3,229.65958333333336,-07 01 58,-7.032777777777778,160.8,22.1,0.86,305.9,Map/Offsets,https://cgi.minorplanetcenter.net/cgi-bin/confirmeph2.cgi
20260526T124508Z,2026-05-26T12:45:08.846943Z,20260526T124508Z_batch01,C1F0295,2026-05-26T17:00:00Z,15 18 35.5,229.64791666666667,-07 01 27,-7.024166666666667,160.8,22.1,0.86,305.9,Map/Offsets,https://cgi.minorplanetcenter.net/cgi-bin/confirmeph2.cgi
20260526T124508Z,2026-05-26T12:45:08.846943Z,20260526T124508Z_batch01,C1F0295,2026-05-26T18:00:00Z,15 18 32.7,229.63625000000002,-07 00 57,-7.015833333333333,160.7,22.1,0.86,305.9,Map/Offsets,https://cgi.minorplanetcenter.net/cgi-bin/confirmeph2.cgi
20260526T124508Z,2026-05-26T12:45:08.846943Z,20260526T124508Z_batch01,C1F0295,2026-05-26T19:00:00Z,15 18 29.9,229.62458333333333,-07 00 27,-7.0075,160.7,22.1,0.86,305.8,Map/Offsets,https://cgi.minorplanetcenter.net/cgi-bin/confirmeph2.cgi
20260526T124508Z,2026-05-26T12:45:08.846943Z,20260526T124508Z_batch01,C1F0295,2026-05-26T20:00:00Z,15 18 27.0,229.6125,-06 59 57,-6.9991666666666665,160.6,22.1,0.86,305.8,Map/Offsets,https://cgi.minorplanetcenter.net/cgi-bin/confirmeph2.cgi
20260526T124508Z,2026-05-26T12:45:08.846943Z,20260526T124508Z_batch01,C1F0295,2026-05-26T21:00:00Z,15 18 24.2,229.60083333333336,-06 59 26,-6.990555555555556,160.6,22.1,0.86,305.8,Map/Offsets,https://cgi.minorplanetcenter.net/cgi-bin/confirmeph2.cgi
20260526T124508Z,2026-05-26T12:45:08.846943Z,20260526T124508Z_batch01,C1F0295,2026-05-26T22:00:00Z,15 18 21.4,229.5891666666667,-06 58 56,-6.982222222222222,160.5,22.1,0.86,305.8,Map/Offsets,https://cgi.minorplanetcenter.net/cgi-bin/confirmeph2.cgi
20260526T124508Z,2026-05-26T12:45:08.846943Z,20260526T124508Z_batch01,C1F0295,2026-05-26T23:00:00Z,15 18 18.6,229.5775,-06 58 26,-6.973888888888889,160.5,22.1,0.86,305.8,Map/Offsets,https://cgi.minorplanetcenter.net/cgi-bin/confirmeph2.cgi
20260526T124508Z,2026-05-26T12:45:08.846943Z,20260526T124508Z_batch01,C1F0295,2026-05-27T00:00:00Z,15 18 15.8,229.56583333333333,-06 57 56,-6.9655555555555555,160.4,22.1,0.86,305.8,Map/Offsets,https://cgi.minorplanetcenter.net/cgi-bin/confirmeph2.cgi
20260526T124508Z,2026-05-26T12:45:08.846943Z,20260526T124508Z_batch01,C1F0295,2026-05-27T01:00:00Z,15 18 13.0,229.55416666666667,-06 57 25,-6.956944444444445,160.4,22.1,0.86,305.8,Map/Offsets,https://cgi.minorplanetcenter.net/cgi-bin/confirmeph2.cgi
20260526T124508Z,2026-05-26T12:45:08.846943Z,20260526T124508Z_batch01,C1F0295,2026-05-27T02:00:00Z,15 18 10.1,229.54208333333335,-06 56 55,-6.948611111111111,160.3,22.1,0.86,305.8,Map/Offsets,https://cgi.minorplanetcenter.net/cgi-bin/confirmeph2.cgi
20260526T124508Z,2026-05-26T12:45:08.846943Z,20260526T124508Z_batch01,C1F0295,2026-05-27T03:00:00Z,15 18 07.3,229.5304166666667,-06 56 25,-6.940277777777778,160.3,22.1,0.86,305.8,Map/Offsets,https://cgi.minorplanetcenter.net/cgi-bin/confirmeph2.cgi
20260526T124508Z,2026-05-26T12:45:08.846943Z,20260526T124508Z_batch01,C1F0295,2026-05-27T04:00:00Z,15 18 04.5,229.51875,-06 55 55,-6.9319444444444445,160.2,22.1,0.86,305.8,Map/Offsets,https://cgi.minorplanetcenter.net/cgi-bin/confirmeph2.cgi
20260526T124508Z,2026-05-26T12:45:08.846943Z,20260526T124508Z_batch01,C1F0295,2026-05-27T05:00:00Z,15 18 01.7,229.50708333333336,-06 55 25,-6.923611111111112,160.2,22.1,0.86,305.7,Map/Offsets,https://cgi.minorplanetcenter.net/cgi-bin/confirmeph2.cgi
20260526T124508Z,2026-05-26T12:45:08.846943Z,20260526T124508Z_batch01,C1F0295,2026-05-27T06:00:00Z,15 17 58.9,229.49541666666667,-06 54 55,-6.915277777777778,160.1,22.1,0.86,305.7,Map/Offsets,https://cgi.minorplanetcenter.net/cgi-bin/confirmeph2.cgi
20260526T124508Z,2026-05-26T12:45:08.846943Z,20260526T124508Z_batch01,C1F0295,2026-05-27T07:00:00Z,15 17 56.1,229.48375000000001,-06 54 24,-6.906666666666667,160.1,22.1,0.86,305.7,Map/Offsets,https://cgi.minorplanetcenter.net/cgi-bin/confirmeph2.cgi
20260526T124508Z,2026-05-26T12:45:08.846943Z,20260526T124508Z_batch01,C1F0295,2026-05-27T08:00:00Z,15 17 53.3,229.47208333333333,-06 53 54,-6.8983333333333325,160.1,22.1,0.86,305.7,Map/Offsets,https://cgi.minorplanetcenter.net/cgi-bin/confirmeph2.cgi
20260526T124508Z,2026-05-26T12:45:08.846943Z,20260526T124508Z_batch01,C1F0295,2026-05-27T09:00:00Z,15 17 50.5,229.46041666666667,-06 53 24,-6.89,160.0,22.1,0.86,305.7,Map/Offsets,https://cgi.minorplanetcenter.net/cgi-bin/confirmeph2.cgi
20260526T124508Z,2026-05-26T12:45:08.846943Z,20260526T124508Z_batch01,C1F0295,2026-05-27T10:00:00Z,15 17 47.6,229.44833333333332,-06 52 54,-6.881666666666667,160.0,22.1,0.86,305.7,Map/Offsets,https://cgi.minorplanetcenter.net/cgi-bin/confirmeph2.cgi
20260526T124508Z,2026-05-26T12:45:08.846943Z,20260526T124508Z_batch01,C1F0295,2026-05-27T11:00:00Z,15 17 44.8,229.43666666666667,-06 52 24,-6.873333333333334,159.9,22.1,0.86,305.7,Map/Offsets,https://cgi.minorplanetcenter.net/cgi-bin/confirmeph2.cgi
20260526T124508Z,2026-05-26T12:45:08.846943Z,20260526T124508Z_batch01,6EN3D21,2026-05-26T11:00:00Z,16 27 50.6,246.9608333333333,-79 47 50,-79.79722222222222,121.3,18.7,1.76,219.2,Map/Offsets,https://cgi.minorplanetcenter.net/cgi-bin/confirmeph2.cgi
20260526T124508Z,2026-05-26T12:45:08.846943Z,20260526T124508Z_batch01,6EN3D21,2026-05-26T12:00:00Z,16 27 25.4,246.85583333333335,-79 49 12,-79.82,121.3,18.7,1.77,219.3,Map/Offsets,https://cgi.minorplanetcenter.net/cgi-bin/confirmeph2.cgi
20260526T124508Z,2026-05-26T12:45:08.846943Z,20260526T124508Z_batch01,6EN3D21,2026-05-26T13:00:00Z,16 26 59.9,246.74958333333333,-79 50 34,-79.84277777777777,121.3,18.7,1.78,219.5,Map/Offsets,https://cgi.minorplanetcenter.net/cgi-bin/confirmeph2.cgi
20260526T124508Z,2026-05-26T12:45:08.846943Z,20260526T124508Z_batch01,6EN3D21,2026-05-26T14:00:00Z,16 26 34.0,246.64166666666665,-79 51 57,-79.86583333333333,121.2,18.7,1.79,219.6,Map/Offsets,https://cgi.minorplanetcenter.net/cgi-bin/confirmeph2.cgi
20260526T124508Z,2026-05-26T12:45:08.846943Z,20260526T124508Z_batch01,6EN3D21,2026-05-26T15:00:00Z,16 26 07.8,246.53250000000003,-79 53 20,-79.8888888888889,121.2,18.6,1.81,219.8,Map/Offsets,https://cgi.minorplanetcenter.net/cgi-bin/confirmeph2.cgi
20260526T124508Z,2026-05-26T12:45:08.846943Z,20260526T124508Z_batch01,6EN3D21,2026-05-26T16:00:00Z,16 25 41.4,246.42250000000004,-79 54 43,-79.91194444444444,121.2,18.6,1.82,219.9,Map/Offsets,https://cgi.minorplanetcenter.net/cgi-bin/confirmeph2.cgi
20260526T124508Z,2026-05-26T12:45:08.846943Z,20260526T124508Z_batch01,6EN3D21,2026-05-26T17:00:00Z,16 25 14.6,246.31083333333336,-79 56 07,-79.93527777777778,121.2,18.6,1.83,220.1,Map/Offsets,https://cgi.minorplanetcenter.net/cgi-bin/confirmeph2.cgi
20260526T124508Z,2026-05-26T12:45:08.846943Z,20260526T124508Z_batch01,6EN3D21,2026-05-26T18:00:00Z,16 24 47.4,246.1975,-79 57 32,-79.9588888888889,121.2,18.6,1.84,220.2,Map/Offsets,https://cgi.minorplanetcenter.net/cgi-bin/confirmeph2.cgi
20260526T124508Z,2026-05-26T12:45:08.846943Z,20260526T124508Z_batch01,6EN3D21,2026-05-26T19:00:00Z,16 24 20.0,246.08333333333331,-79 58 56,-79.98222222222222,121.2,18.6,1.86,220.4,Map/Offsets,https://cgi.minorplanetcenter.net/cgi-bin/confirmeph2.cgi
20260526T124508Z,2026-05-26T12:45:08.846943Z,20260526T124508Z_batch01,6EN3D21,2026-05-26T20:00:00Z,16 23 52.2,245.96750000000003,-80 00 21,-80.00583333333333,121.1,18.6,1.87,220.5,Map/Offsets,https://cgi.minorplanetcenter.net/cgi-bin/confirmeph2.cgi
20260526T124508Z,2026-05-26T12:45:08.846943Z,20260526T124508Z_batch01,6EN3D21,2026-05-26T21:00:00Z,16 23 24.0,245.85000000000002,-80 01 46,-80.02944444444444,121.1,18.6,1.88,220.7,Map/Offsets,https://cgi.minorplanetcenter.net/cgi-bin/confirmeph2.cgi
20260526T124508Z,2026-05-26T12:45:08.846943Z,20260526T124508Z_batch01,6EN3D21,2026-05-26T22:00:00Z,16 22 55.5,245.73125000000002,-80 03 12,-80.05333333333333,121.1,18.6,1.89,220.8,Map/Offsets,https://cgi.minorplanetcenter.net/cgi-bin/confirmeph2.cgi
20260526T124508Z,2026-05-26T12:45:08.846943Z,20260526T124508Z_batch01,6EN3D21,2026-05-26T23:00:00Z,16 22 26.7,245.61125,-80 04 38,-80.07722222222222,121.1,18.6,1.91,221.0,Map/Offsets,https://cgi.minorplanetcenter.net/cgi-bin/confirmeph2.cgi
20260526T124508Z,2026-05-26T12:45:08.846943Z,20260526T124508Z_batch01,6EN3D21,2026-05-27T00:00:00Z,16 21 57.4,245.48916666666668,-80 06 05,-80.10138888888888,121.1,18.6,1.92,221.2,Map/Offsets,https://cgi.minorplanetcenter.net/cgi-bin/confirmeph2.cgi
20260526T124508Z,2026-05-26T12:45:08.846943Z,20260526T124508Z_batch01,6EN3D21,2026-05-27T01:00:00Z,16 21 27.8,245.36583333333337,-80 07 32,-80.12555555555555,121.1,18.6,1.93,221.3,Map/Offsets,https://cgi.minorplanetcenter.net/cgi-bin/confirmeph2.cgi
20260526T124508Z,2026-05-26T12:45:08.846943Z,20260526T124508Z_batch01,6EN3D21,2026-05-27T02:00:00Z,16 20 57.9,245.24125,-80 08 59,-80.14972222222222,121.1,18.6,1.95,221.5,Map/Offsets,https://cgi.minorplanetcenter.net/cgi-bin/confirmeph2.cgi
20260526T124508Z,2026-05-26T12:45:08.846943Z,20260526T124508Z_batch01,6EN3D21,2026-05-27T03:00:00Z,16 20 27.5,245.11458333333331,-80 10 27,-80.17416666666666,121.0,18.6,1.96,221.7,Map/Offsets,https://cgi.minorplanetcenter.net/cgi-bin/confirmeph2.cgi
20260526T124508Z,2026-05-26T12:45:08.846943Z,20260526T124508Z_batch01,6EN3D21,2026-05-27T04:00:00Z,16 19 56.8,244.98666666666668,-80 11 55,-80.19861111111112,121.0,18.5,1.97,221.8,Map/Offsets,https://cgi.minorplanetcenter.net/cgi-bin/confirmeph2.cgi
20260526T124508Z,2026-05-26T12:45:08.846943Z,20260526T124508Z_batch01,6EN3D21,2026-05-27T05:00:00Z,16 19 25.6,244.85666666666668,-80 13 23,-80.22305555555556,121.0,18.5,1.99,222.0,Map/Offsets,https://cgi.minorplanetcenter.net/cgi-bin/confirmeph2.cgi
20260526T124508Z,2026-05-26T12:45:08.846943Z,20260526T124508Z_batch01,6EN3D21,2026-05-27T06:00:00Z,16 18 54.1,244.7254166666667,-80 14 52,-80.24777777777778,121.0,18.5,2.0,222.2,Map/Offsets,https://cgi.minorplanetcenter.net/cgi-bin/confirmeph2.cgi
20260526T124508Z,2026-05-26T12:45:08.846943Z,20260526T124508Z_batch01,6EN3D21,2026-05-27T07:00:00Z,16 18 22.1,244.59208333333333,-80 16 21,-80.2725,121.0,18.5,2.02,222.3,Map/Offsets,https://cgi.minorplanetcenter.net/cgi-bin/confirmeph2.cgi
20260526T124508Z,2026-05-26T12:45:08.846943Z,20260526T124508Z_batch01,6EN3D21,2026-05-27T08:00:00Z,16 17 49.8,244.45750000000004,-80 17 51,-80.2975,121.0,18.5,2.03,222.5,Map/Offsets,https://cgi.minorplanetcenter.net/cgi-bin/confirmeph2.cgi
20260526T124508Z,2026-05-26T12:45:08.846943Z,20260526T124508Z_batch01,6EN3D21,2026-05-27T09:00:00Z,16 17 17.0,244.32083333333338,-80 19 21,-80.32249999999999,120.9,18.5,2.05,222.7,Map/Offsets,https://cgi.minorplanetcenter.net/cgi-bin/confirmeph2.cgi
20260526T124508Z,2026-05-26T12:45:08.846943Z,20260526T124508Z_batch01,6EN3D21,2026-05-27T10:00:00Z,16 16 43.8,244.18249999999998,-80 20 51,-80.3475,120.9,18.5,2.06,222.9,Map/Offsets,https://cgi.minorplanetcenter.net/cgi-bin/confirmeph2.cgi
20260526T124508Z,2026-05-26T12:45:08.846943Z,20260526T124508Z_batch01,6EN3D21,2026-05-27T11:00:00Z,16 16 10.1,244.0420833333333,-80 22 22,-80.37277777777777,120.9,18.5,2.08,223.0,Map/Offsets,https://cgi.minorplanetcenter.net/cgi-bin/confirmeph2.cgi
20260526T124508Z,2026-05-26T12:45:08.846943Z,20260526T124508Z_batch01,C1EYPU5,2026-05-26T11:00:00Z,15 51 52.6,237.96916666666667,+03 21 12,3.3533333333333335,155.1,22.8,0.74,60.7,Map/Offsets,https://cgi.minorplanetcenter.net/cgi-bin/confirmeph2.cgi
20260526T124508Z,2026-05-26T12:45:08.846943Z,20260526T124508Z_batch01,C1EYPU5,2026-05-26T12:00:00Z,15 51 55.2,237.98,+03 21 34,3.3594444444444447,155.1,22.8,0.74,60.8,Map/Offsets,https://cgi.minorplanetcenter.net/cgi-bin/confirmeph2.cgi
20260526T124508Z,2026-05-26T12:45:08.846943Z,20260526T124508Z_batch01,C1EYPU5,2026-05-26T13:00:00Z,15 51 57.8,237.9908333333333,+03 21 55,3.365277777777778,155.0,22.8,0.74,60.9,Map/Offsets,https://cgi.minorplanetcenter.net/cgi-bin/confirmeph2.cgi
20260526T124508Z,2026-05-26T12:45:08.846943Z,20260526T124508Z_batch01,C1EYPU5,2026-05-26T14:00:00Z,15 52 00.3,238.00125,+03 22 17,3.3713888888888888,155.0,22.8,0.74,61.0,Map/Offsets,https://cgi.minorplanetcenter.net/cgi-bin/confirmeph2.cgi
20260526T124508Z,2026-05-26T12:45:08.846943Z,20260526T124508Z_batch01,C1EYPU5,2026-05-26T15:00:00Z,15 52 02.9,238.01208333333332,+03 22 38,3.377222222222222,155.0,22.8,0.74,61.1,Map/Offsets,https://cgi.minorplanetcenter.net/cgi-bin/confirmeph2.cgi
20260526T124508Z,2026-05-26T12:45:08.846943Z,20260526T124508Z_batch01,C1EYPU5,2026-05-26T16:00:00Z,15 52 05.5,238.02291666666667,+03 22 59,3.3830555555555555,155.0,22.8,0.74,61.2,Map/Offsets,https://cgi.minorplanetcenter.net/cgi-bin/confirmeph2.cgi
20260526T124508Z,2026-05-26T12:45:08.846943Z,20260526T124508Z_batch01,C1EYPU5,2026-05-26T17:00:00Z,15 52 08.1,238.03375,+03 23 21,3.3891666666666667,155.0,22.8,0.73,61.3,Map/Offsets,https://cgi.minorplanetcenter.net/cgi-bin/confirmeph2.cgi
20260526T124508Z,2026-05-26T12:45:08.846943Z,20260526T124508Z_batch01,C1EYPU5,2026-05-26T18:00:00Z,15 52 10.7,238.04458333333335,+03 23 42,3.395,154.9,22.8,0.73,61.4,Map/Offsets,https://cgi.minorplanetcenter.net/cgi-bin/confirmeph2.cgi
20260526T124508Z,2026-05-26T12:45:08.846943Z,20260526T124508Z_batch01,C1EYPU5,2026-05-26T19:00:00Z,15 52 13.3,238.05541666666667,+03 24 03,3.4008333333333334,154.9,22.8,0.73,61.5,Map/Offsets,https://cgi.minorplanetcenter.net/cgi-bin/confirmeph2.cgi
20260526T124508Z,2026-05-26T12:45:08.846943Z,20260526T124508Z_batch01,C1EYPU5,2026-05-26T20:00:00Z,15 52 15.8,238.06583333333333,+03 24 24,3.4066666666666667,154.9,22.8,0.73,61.6,Map/Offsets,https://cgi.minorplanetcenter.net/cgi-bin/confirmeph2.cgi
20260526T124508Z,2026-05-26T12:45:08.846943Z,20260526T124508Z_batch01,C1EYPU5,2026-05-26T21:00:00Z,15 52 18.4,238.07666666666668,+03 24 45,3.4125,154.9,22.8,0.73,61.7,Map/Offsets,https://cgi.minorplanetcenter.net/cgi-bin/confirmeph2.cgi
20260526T124508Z,2026-05-26T12:45:08.846943Z,20260526T124508Z_batch01,C1EYPU5,2026-05-26T22:00:00Z,15 52 21.0,238.0875,+03 25 06,3.418333333333333,154.9,22.8,0.73,61.8,Map/Offsets,https://cgi.minorplanetcenter.net/cgi-bin/confirmeph2.cgi
20260526T124508Z,2026-05-26T12:45:08.846943Z,20260526T124508Z_batch01,C1EYPU5,2026-05-26T23:00:00Z,15 52 23.6,238.09833333333336,+03 25 26,3.4238888888888885,154.8,22.8,0.73,61.9,Map/Offsets,https://cgi.minorplanetcenter.net/cgi-bin/confirmeph2.cgi
20260526T124508Z,2026-05-26T12:45:08.846943Z,20260526T124508Z_batch01,C1EYPU5,2026-05-27T00:00:00Z,15 52 26.2,238.10916666666668,+03 25 47,3.429722222222222,154.8,22.8,0.73,62.0,Map/Offsets,https://cgi.minorplanetcenter.net/cgi-bin/confirmeph2.cgi
20260526T124508Z,2026-05-26T12:45:08.846943Z,20260526T124508Z_batch01,C1EYPU5,2026-05-27T01:00:00Z,15 52 28.8,238.12,+03 26 08,3.4355555555555557,154.8,22.8,0.73,62.1,Map/Offsets,https://cgi.minorplanetcenter.net/cgi-bin/confirmeph2.cgi
20260526T124508Z,2026-05-26T12:45:08.846943Z,20260526T124508Z_batch01,C1EYPU5,2026-05-27T02:00:00Z,15 52 31.4,238.13083333333333,+03 26 28,3.4411111111111112,154.8,22.8,0.73,62.2,Map/Offsets,https://cgi.minorplanetcenter.net/cgi-bin/confirmeph2.cgi
20260526T124508Z,2026-05-26T12:45:08.846943Z,20260526T124508Z_batch01,C1EYPU5,2026-05-27T03:00:00Z,15 52 34.0,238.14166666666668,+03 26 49,3.4469444444444446,154.8,22.8,0.73,62.3,Map/Offsets,https://cgi.minorplanetcenter.net/cgi-bin/confirmeph2.cgi
20260526T124508Z,2026-05-26T12:45:08.846943Z,20260526T124508Z_batch01,C1EYPU5,2026-05-27T04:00:00Z,15 52 36.6,238.1525,+03 27 09,3.4525,154.7,22.8,0.73,62.4,Map/Offsets,https://cgi.minorplanetcenter.net/cgi-bin/confirmeph2.cgi
20260526T124508Z,2026-05-26T12:45:08.846943Z,20260526T124508Z_batch01,C1EYPU5,2026-05-27T05:00:00Z,15 52 39.1,238.1629166666667,+03 27 29,3.4580555555555557,154.7,22.8,0.73,62.5,Map/Offsets,https://cgi.minorplanetcenter.net/cgi-bin/confirmeph2.cgi
20260526T124508Z,2026-05-26T12:45:08.846943Z,20260526T124508Z_batch01,C1EYPU5,2026-05-27T06:00:00Z,15 52 41.7,238.17375,+03 27 49,3.463611111111111,154.7,22.8,0.73,62.6,Map/Offsets,https://cgi.minorplanetcenter.net/cgi-bin/confirmeph2.cgi
20260526T124508Z,2026-05-26T12:45:08.846943Z,20260526T124508Z_batch01,C1EYPU5,2026-05-27T07:00:00Z,15 52 44.3,238.18458333333334,+03 28 10,3.4694444444444446,154.7,22.8,0.73,62.7,Map/Offsets,https://cgi.minorplanetcenter.net/cgi-bin/confirmeph2.cgi
20260526T124508Z,2026-05-26T12:45:08.846943Z,20260526T124508Z_batch01,C1EYPU5,2026-05-27T08:00:00Z,15 52 46.9,238.19541666666666,+03 28 30,3.475,154.7,22.8,0.73,62.8,Map/Offsets,https://cgi.minorplanetcenter.net/cgi-bin/confirmeph2.cgi
20260526T124508Z,2026-05-26T12:45:08.846943Z,20260526T124508Z_batch01,C1EYPU5,2026-05-27T09:00:00Z,15 52 49.5,238.20625,+03 28 50,3.4805555555555556,154.7,22.8,0.73,62.9,Map/Offsets,https://cgi.minorplanetcenter.net/cgi-bin/confirmeph2.cgi
20260526T124508Z,2026-05-26T12:45:08.846943Z,20260526T124508Z_batch01,C1EYPU5,2026-05-27T10:00:00Z,15 52 52.1,238.21708333333333,+03 29 09,3.4858333333333333,154.6,22.8,0.73,63.0,Map/Offsets,https://cgi.minorplanetcenter.net/cgi-bin/confirmeph2.cgi
20260526T124508Z,2026-05-26T12:45:08.846943Z,20260526T124508Z_batch01,C1EYPU5,2026-05-27T11:00:00Z,15 52 54.7,238.2279166666667,+03 29 29,3.491388888888889,154.6,22.8,0.73,63.1,Map/Offsets,https://cgi.minorplanetcenter.net/cgi-bin/confirmeph2.cgi
20260526T124508Z,2026-05-26T12:45:08.846943Z,20260526T124508Z_batch01,C1EYD55,2026-05-26T11:00:00Z,15 44 24.6,236.1025,-13 34 06,-13.568333333333333,170.1,22.2,1.25,241.5,Map/Offsets,https://cgi.minorplanetcenter.net/cgi-bin/confirmeph2.cgi
20260526T124508Z,2026-05-26T12:45:08.846943Z,20260526T124508Z_batch01,C1EYD55,2026-05-26T12:00:00Z,15 44 20.1,236.08375,-13 34 42,-13.578333333333333,170.0,22.2,1.25,241.5,Map/Offsets,https://cgi.minorplanetcenter.net/cgi-bin/confirmeph2.cgi
20260526T124508Z,2026-05-26T12:45:08.846943Z,20260526T124508Z_batch01,C1EYD55,2026-05-26T13:00:00Z,15 44 15.6,236.065,-13 35 18,-13.588333333333335,170.0,22.2,1.25,241.5,Map/Offsets,https://cgi.minorplanetcenter.net/cgi-bin/confirmeph2.cgi
20260526T124508Z,2026-05-26T12:45:08.846943Z,20260526T124508Z_batch01,C1EYD55,2026-05-26T14:00:00Z,15 44 11.0,236.04583333333332,-13 35 54,-13.598333333333334,169.9,22.2,1.25,241.5,Map/Offsets,https://cgi.minorplanetcenter.net/cgi-bin/confirmeph2.cgi
20260526T124508Z,2026-05-26T12:45:08.846943Z,20260526T124508Z_batch01,C1EYD55,2026-05-26T15:00:00Z,15 44 06.5,236.02708333333334,-13 36 30,-13.608333333333333,169.9,22.2,1.25,241.4,Map/Offsets,https://cgi.minorplanetcenter.net/cgi-bin/confirmeph2.cgi
20260526T124508Z,2026-05-26T12:45:08.846943Z,20260526T124508Z_batch01,C1EYD55,2026-05-26T16:00:00Z,15 44 02.0,236.00833333333333,-13 37 06,-13.618333333333334,169.9,22.2,1.25,241.4,Map/Offsets,https://cgi.minorplanetcenter.net/cgi-bin/confirmeph2.cgi
20260526T124508Z,2026-05-26T12:45:08.846943Z,20260526T124508Z_batch01,C1EYD55,2026-05-26T17:00:00Z,15 43 57.5,235.98958333333334,-13 37 42,-13.628333333333334,169.8,22.2,1.25,241.4,Map/Offsets,https://cgi.minorplanetcenter.net/cgi-bin/confirmeph2.cgi
20260526T124508Z,2026-05-26T12:45:08.846943Z,20260526T124508Z_batch01,C1EYD55,2026-05-26T18:00:00Z,15 43 52.9,235.97041666666667,-13 38 18,-13.638333333333334,169.8,22.2,1.25,241.4,Map/Offsets,https://cgi.minorplanetcenter.net/cgi-bin/confirmeph2.cgi
20260526T124508Z,2026-05-26T12:45:08.846943Z,20260526T124508Z_batch01,C1EYD55,2026-05-26T19:00:00Z,15 43 48.4,235.95166666666665,-13 38 54,-13.648333333333333,169.8,22.2,1.25,241.4,Map/Offsets,https://cgi.minorplanetcenter.net/cgi-bin/confirmeph2.cgi
20260526T124508Z,2026-05-26T12:45:08.846943Z,20260526T124508Z_batch01,C1EYD55,2026-05-26T20:00:00Z,15 43 43.9,235.93291666666667,-13 39 30,-13.658333333333333,169.7,22.2,1.25,241.4,Map/Offsets,https://cgi.minorplanetcenter.net/cgi-bin/confirmeph2.cgi
20260526T124508Z,2026-05-26T12:45:08.846943Z,20260526T124508Z_batch01,C1EYD55,2026-05-26T21:00:00Z,15 43 39.3,235.91375,-13 40 06,-13.668333333333333,169.7,22.2,1.25,241.4,Map/Offsets,https://cgi.minorplanetcenter.net/cgi-bin/confirmeph2.cgi
20260526T124508Z,2026-05-26T12:45:08.846943Z,20260526T124508Z_batch01,C1EYD55,2026-05-26T22:00:00Z,15 43 34.8,235.89499999999998,-13 40 42,-13.678333333333333,169.7,22.2,1.25,241.4,Map/Offsets,https://cgi.minorplanetcenter.net/cgi-bin/confirmeph2.cgi
20260526T124508Z,2026-05-26T12:45:08.846943Z,20260526T124508Z_batch01,C1EYD55,2026-05-26T23:00:00Z,15 43 30.3,235.87625,-13 41 18,-13.688333333333334,169.6,22.2,1.25,241.4,Map/Offsets,https://cgi.minorplanetcenter.net/cgi-bin/confirmeph2.cgi
20260526T124508Z,2026-05-26T12:45:08.846943Z,20260526T124508Z_batch01,C1EYD55,2026-05-27T00:00:00Z,15 43 25.7,235.85708333333335,-13 41 54,-13.698333333333334,169.6,22.2,1.25,241.4,Map/Offsets,https://cgi.minorplanetcenter.net/cgi-bin/confirmeph2.cgi
20260526T124508Z,2026-05-26T12:45:08.846943Z,20260526T124508Z_batch01,C1EYD55,2026-05-27T01:00:00Z,15 43 21.2,235.83833333333334,-13 42 30,-13.708333333333332,169.5,22.2,1.25,241.4,Map/Offsets,https://cgi.minorplanetcenter.net/cgi-bin/confirmeph2.cgi
20260526T124508Z,2026-05-26T12:45:08.846943Z,20260526T124508Z_batch01,C1EYD55,2026-05-27T02:00:00Z,15 43 16.7,235.81958333333336,-13 43 06,-13.718333333333334,169.5,22.2,1.25,241.4,Map/Offsets,https://cgi.minorplanetcenter.net/cgi-bin/confirmeph2.cgi
20260526T124508Z,2026-05-26T12:45:08.846943Z,20260526T124508Z_batch01,C1EYD55,2026-05-27T03:00:00Z,15 43 12.1,235.80041666666668,-13 43 42,-13.728333333333333,169.5,22.2,1.25,241.3,Map/Offsets,https://cgi.minorplanetcenter.net/cgi-bin/confirmeph2.cgi
20260526T124508Z,2026-05-26T12:45:08.846943Z,20260526T124508Z_batch01,C1EYD55,2026-05-27T04:00:00Z,15 43 07.6,235.78166666666667,-13 44 18,-13.738333333333333,169.4,22.2,1.25,241.3,Map/Offsets,https://cgi.minorplanetcenter.net/cgi-bin/confirmeph2.cgi
20260526T124508Z,2026-05-26T12:45:08.846943Z,20260526T124508Z_batch01,C1EYD55,2026-05-27T05:00:00Z,15 43 03.1,235.76291666666668,-13 44 54,-13.748333333333333,169.4,22.3,1.25,241.3,Map/Offsets,https://cgi.minorplanetcenter.net/cgi-bin/confirmeph2.cgi
20260526T124508Z,2026-05-26T12:45:08.846943Z,20260526T124508Z_batch01,C1EYD55,2026-05-27T06:00:00Z,15 42 58.5,235.74374999999998,-13 45 31,-13.758611111111112,169.3,22.3,1.25,241.3,Map/Offsets,https://cgi.minorplanetcenter.net/cgi-bin/confirmeph2.cgi
20260526T124508Z,2026-05-26T12:45:08.846943Z,20260526T124508Z_batch01,C1EYD55,2026-05-27T07:00:00Z,15 42 54.0,235.725,-13 46 07,-13.768611111111111,169.3,22.3,1.25,241.3,Map/Offsets,https://cgi.minorplanetcenter.net/cgi-bin/confirmeph2.cgi
20260526T124508Z,2026-05-26T12:45:08.846943Z,20260526T124508Z_batch01,C1EYD55,2026-05-27T08:00:00Z,15 42 49.5,235.70624999999998,-13 46 43,-13.778611111111111,169.3,22.3,1.25,241.3,Map/Offsets,https://cgi.minorplanetcenter.net/cgi-bin/confirmeph2.cgi
20260526T124508Z,2026-05-26T12:45:08.846943Z,20260526T124508Z_batch01,C1EYD55,2026-05-27T09:00:00Z,15 42 45.0,235.68749999999997,-13 47 19,-13.788611111111111,169.2,22.3,1.25,241.3,Map/Offsets,https://cgi.minorplanetcenter.net/cgi-bin/confirmeph2.cgi
20260526T124508Z,2026-05-26T12:45:08.846943Z,20260526T124508Z_batch01,C1EYD55,2026-05-27T10:00:00Z,15 42 40.4,235.66833333333332,-13 47 55,-13.79861111111111,169.2,22.3,1.25,241.3,Map/Offsets,https://cgi.minorplanetcenter.net/cgi-bin/confirmeph2.cgi
20260526T124508Z,2026-05-26T12:45:08.846943Z,20260526T124508Z_batch01,C1EYD55,2026-05-27T11:00:00Z,15 42 35.9,235.6495833333333,-13 48 31,-13.808611111111112,169.1,22.3,1.25,241.3,Map/Offsets,https://cgi.minorplanetcenter.net/cgi-bin/confirmeph2.cgi
20260526T124508Z,2026-05-26T12:45:08.846943Z,20260526T124508Z_batch01,NAOCBPP,2026-05-26T11:00:00Z,14 54 12.6,223.5525,-20 57 24,-20.956666666666667,161.9,22.3,1.62,161.1,Map/Offsets   Map/Offsets,https://cgi.minorplanetcenter.net/cgi-bin/confirmeph2.cgi
20260526T124508Z,2026-05-26T12:45:08.846943Z,20260526T124508Z_batch01,NAOCBPP,2026-05-26T12:00:00Z,14 54 14.9,223.56208333333333,-20 58 57,-20.982499999999998,161.9,22.3,1.62,161.1,Map/Offsets   Map/Offsets,https://cgi.minorplanetcenter.net/cgi-bin/confirmeph2.cgi
20260526T124508Z,2026-05-26T12:45:08.846943Z,20260526T124508Z_batch01,NAOCBPP,2026-05-26T13:00:00Z,14 54 17.1,223.57125,-21 00 29,-21.008055555555554,161.9,22.3,1.62,161.0,Map/Offsets   Map/Offsets,https://cgi.minorplanetcenter.net/cgi-bin/confirmeph2.cgi
20260526T124508Z,2026-05-26T12:45:08.846943Z,20260526T124508Z_batch01,NAOCBPP,2026-05-26T14:00:00Z,14 54 19.4,223.58083333333335,-21 02 01,-21.033611111111114,161.9,22.3,1.62,161.0,Map/Offsets   Map/Offsets,https://cgi.minorplanetcenter.net/cgi-bin/confirmeph2.cgi
20260526T124508Z,2026-05-26T12:45:08.846943Z,20260526T124508Z_batch01,NAOCBPP,2026-05-26T15:00:00Z,14 54 21.6,223.59,-21 03 32,-21.05888888888889,161.8,22.3,1.62,161.0,Map/Offsets   Map/Offsets,https://cgi.minorplanetcenter.net/cgi-bin/confirmeph2.cgi
20260526T124508Z,2026-05-26T12:45:08.846943Z,20260526T124508Z_batch01,NAOCBPP,2026-05-26T16:00:00Z,14 54 23.9,223.59958333333333,-21 05 04,-21.084444444444443,161.8,22.3,1.62,160.9,Map/Offsets   Map/Offsets,https://cgi.minorplanetcenter.net/cgi-bin/confirmeph2.cgi
20260526T124508Z,2026-05-26T12:45:08.846943Z,20260526T124508Z_batch01,NAOCBPP,2026-05-26T17:00:00Z,14 54 26.2,223.60916666666668,-21 06 36,-21.110000000000003,161.8,22.3,1.62,160.9,Map/Offsets   Map/Offsets,https://cgi.minorplanetcenter.net/cgi-bin/confirmeph2.cgi
20260526T124508Z,2026-05-26T12:45:08.846943Z,20260526T124508Z_batch01,NAOCBPP,2026-05-26T18:00:00Z,14 54 28.4,223.61833333333334,-21 08 08,-21.135555555555555,161.7,22.3,1.62,160.9,Map/Offsets   Map/Offsets,https://cgi.minorplanetcenter.net/cgi-bin/confirmeph2.cgi
20260526T124508Z,2026-05-26T12:45:08.846943Z,20260526T124508Z_batch01,NAOCBPP,2026-05-26T19:00:00Z,14 54 30.7,223.62791666666666,-21 09 39,-21.160833333333333,161.7,22.3,1.61,160.9,Map/Offsets   Map/Offsets,https://cgi.minorplanetcenter.net/cgi-bin/confirmeph2.cgi
20260526T124508Z,2026-05-26T12:45:08.846943Z,20260526T124508Z_batch01,NAOCBPP,2026-05-26T20:00:00Z,14 54 33.0,223.63750000000002,-21 11 11,-21.18638888888889,161.7,22.3,1.61,160.8,Map/Offsets   Map/Offsets,https://cgi.minorplanetcenter.net/cgi-bin/confirmeph2.cgi
20260526T124508Z,2026-05-26T12:45:08.846943Z,20260526T124508Z_batch01,NAOCBPP,2026-05-26T21:00:00Z,14 54 35.3,223.64708333333334,-21 12 42,-21.211666666666666,161.7,22.3,1.61,160.8,Map/Offsets   Map/Offsets,https://cgi.minorplanetcenter.net/cgi-bin/confirmeph2.cgi
20260526T124508Z,2026-05-26T12:45:08.846943Z,20260526T124508Z_batch01,NAOCBPP,2026-05-26T22:00:00Z,14 54 37.5,223.65625,-21 14 13,-21.236944444444447,161.6,22.3,1.61,160.8,Map/Offsets   Map/Offsets,https://cgi.minorplanetcenter.net/cgi-bin/confirmeph2.cgi
20260526T124508Z,2026-05-26T12:45:08.846943Z,20260526T124508Z_batch01,NAOCBPP,2026-05-26T23:00:00Z,14 54 39.8,223.66583333333335,-21 15 44,-21.26222222222222,161.6,22.3,1.61,160.7,Map/Offsets   Map/Offsets,https://cgi.minorplanetcenter.net/cgi-bin/confirmeph2.cgi
20260526T124508Z,2026-05-26T12:45:08.846943Z,20260526T124508Z_batch01,NAOCBPP,2026-05-27T00:00:00Z,14 54 42.1,223.67541666666668,-21 17 16,-21.28777777777778,161.6,22.3,1.61,160.7,Map/Offsets   Map/Offsets,https://cgi.minorplanetcenter.net/cgi-bin/confirmeph2.cgi
20260526T124508Z,2026-05-26T12:45:08.846943Z,20260526T124508Z_batch01,NAOCBPP,2026-05-27T01:00:00Z,14 54 44.4,223.68500000000003,-21 18 47,-21.313055555555557,161.5,22.3,1.61,160.7,Map/Offsets   Map/Offsets,https://cgi.minorplanetcenter.net/cgi-bin/confirmeph2.cgi
20260526T124508Z,2026-05-26T12:45:08.846943Z,20260526T124508Z_batch01,NAOCBPP,2026-05-27T02:00:00Z,14 54 46.6,223.6941666666667,-21 20 17,-21.338055555555556,161.5,22.3,1.61,160.7,Map/Offsets   Map/Offsets,https://cgi.minorplanetcenter.net/cgi-bin/confirmeph2.cgi
20260526T124508Z,2026-05-26T12:45:08.846943Z,20260526T124508Z_batch01,NAOCBPP,2026-05-27T03:00:00Z,14 54 48.9,223.70375,-21 21 48,-21.363333333333333,161.5,22.3,1.6,160.6,Map/Offsets   Map/Offsets,https://cgi.minorplanetcenter.net/cgi-bin/confirmeph2.cgi
20260526T124508Z,2026-05-26T12:45:08.846943Z,20260526T124508Z_batch01,NAOCBPP,2026-05-27T04:00:00Z,14 54 51.2,223.71333333333334,-21 23 19,-21.38861111111111,161.5,22.3,1.6,160.6,Map/Offsets   Map/Offsets,https://cgi.minorplanetcenter.net/cgi-bin/confirmeph2.cgi
20260526T124508Z,2026-05-26T12:45:08.846943Z,20260526T124508Z_batch01,NAOCBPP,2026-05-27T05:00:00Z,14 54 53.5,223.72291666666666,-21 24 50,-21.413888888888888,161.4,22.3,1.6,160.6,Map/Offsets   Map/Offsets,https://cgi.minorplanetcenter.net/cgi-bin/confirmeph2.cgi
20260526T124508Z,2026-05-26T12:45:08.846943Z,20260526T124508Z_batch01,NAOCBPP,2026-05-27T06:00:00Z,14 54 55.8,223.7325,-21 26 20,-21.43888888888889,161.4,22.3,1.6,160.5,Map/Offsets   Map/Offsets,https://cgi.minorplanetcenter.net/cgi-bin/confirmeph2.cgi
20260526T124508Z,2026-05-26T12:45:08.846943Z,20260526T124508Z_batch01,NAOCBPP,2026-05-27T07:00:00Z,14 54 58.1,223.74208333333334,-21 27 51,-21.464166666666667,161.4,22.3,1.6,160.5,Map/Offsets   Map/Offsets,https://cgi.minorplanetcenter.net/cgi-bin/confirmeph2.cgi
20260526T124508Z,2026-05-26T12:45:08.846943Z,20260526T124508Z_batch01,NAOCBPP,2026-05-27T08:00:00Z,14 55 00.4,223.75166666666667,-21 29 21,-21.489166666666666,161.3,22.3,1.6,160.5,Map/Offsets   Map/Offsets,https://cgi.minorplanetcenter.net/cgi-bin/confirmeph2.cgi
20260526T124508Z,2026-05-26T12:45:08.846943Z,20260526T124508Z_batch01,NAOCBPP,2026-05-27T09:00:00Z,14 55 02.7,223.76125,-21 30 51,-21.514166666666668,161.3,22.3,1.6,160.4,Map/Offsets   Map/Offsets,https://cgi.minorplanetcenter.net/cgi-bin/confirmeph2.cgi
20260526T124508Z,2026-05-26T12:45:08.846943Z,20260526T124508Z_batch01,NAOCBPP,2026-05-27T10:00:00Z,14 55 05.0,223.77083333333331,-21 32 22,-21.539444444444445,161.3,22.3,1.59,160.4,Map/Offsets   Map/Offsets,https://cgi.minorplanetcenter.net/cgi-bin/confirmeph2.cgi
20260526T124508Z,2026-05-26T12:45:08.846943Z,20260526T124508Z_batch01,NAOCBPP,2026-05-27T11:00:00Z,14 55 07.3,223.78041666666667,-21 33 52,-21.564444444444444,161.3,22.3,1.59,160.4,Map/Offsets   Map/Offsets,https://cgi.minorplanetcenter.net/cgi-bin/confirmeph2.cgi
20260526T124508Z,2026-05-26T12:45:08.846943Z,20260526T124508Z_batch01,ST26ED1,2026-05-26T11:00:00Z,01 44 12.6,26.052500000000002,-14 29 56,-14.498888888888889,50.8,28.1,1.4,73.7,Map/Offsets   !,https://cgi.minorplanetcenter.net/cgi-bin/confirmeph2.cgi
20260526T124508Z,2026-05-26T12:45:08.846943Z,20260526T124508Z_batch01,ST26ED1,2026-05-26T12:00:00Z,01 44 18.1,26.07541666666667,-14 29 33,-14.4925,50.8,28.1,1.38,73.7,Map/Offsets   !,https://cgi.minorplanetcenter.net/cgi-bin/confirmeph2.cgi
20260526T124508Z,2026-05-26T12:45:08.846943Z,20260526T124508Z_batch01,ST26ED1,2026-05-26T13:00:00Z,01 44 23.5,26.097916666666666,-14 29 10,-14.48611111111111,50.8,28.1,1.36,73.6,Map/Offsets   !,https://cgi.minorplanetcenter.net/cgi-bin/confirmeph2.cgi
20260526T124508Z,2026-05-26T12:45:08.846943Z,20260526T124508Z_batch01,ST26ED1,2026-05-26T14:00:00Z,01 44 28.9,26.120416666666667,-14 28 47,-14.479722222222222,50.8,28.2,1.34,73.5,Map/Offsets   !,https://cgi.minorplanetcenter.net/cgi-bin/confirmeph2.cgi
20260526T124508Z,2026-05-26T12:45:08.846943Z,20260526T124508Z_batch01,ST26ED1,2026-05-26T15:00:00Z,01 44 34.1,26.142083333333336,-14 28 24,-14.473333333333333,50.8,28.2,1.31,73.5,Map/Offsets   !,https://cgi.minorplanetcenter.net/cgi-bin/confirmeph2.cgi
20260526T124508Z,2026-05-26T12:45:08.846943Z,20260526T124508Z_batch01,ST26ED1,2026-05-26T16:00:00Z,01 44 39.3,26.16375,-14 28 02,-14.467222222222222,50.8,28.2,1.29,73.4,Map/Offsets   !,https://cgi.minorplanetcenter.net/cgi-bin/confirmeph2.cgi
20260526T124508Z,2026-05-26T12:45:08.846943Z,20260526T124508Z_batch01,ST26ED1,2026-05-26T17:00:00Z,01 44 44.4,26.185000000000002,-14 27 40,-14.46111111111111,50.8,28.2,1.27,73.4,Map/Offsets   !,https://cgi.minorplanetcenter.net/cgi-bin/confirmeph2.cgi
20260526T124508Z,2026-05-26T12:45:08.846943Z,20260526T124508Z_batch01,ST26ED1,2026-05-26T18:00:00Z,01 44 49.4,26.205833333333334,-14 27 18,-14.455,50.9,28.2,1.25,73.3,Map/Offsets   !,https://cgi.minorplanetcenter.net/cgi-bin/confirmeph2.cgi
20260526T124508Z,2026-05-26T12:45:08.846943Z,20260526T124508Z_batch01,ST26ED1,2026-05-26T19:00:00Z,01 44 54.3,26.22625,-14 26 57,-14.449166666666667,50.9,28.2,1.23,73.2,Map/Offsets   !,https://cgi.minorplanetcenter.net/cgi-bin/confirmeph2.cgi
20260526T124508Z,2026-05-26T12:45:08.846943Z,20260526T124508Z_batch01,ST26ED1,2026-05-26T20:00:00Z,01 44 59.1,26.246250000000003,-14 26 36,-14.443333333333333,50.9,28.2,1.22,73.2,Map/Offsets   !,https://cgi.minorplanetcenter.net/cgi-bin/confirmeph2.cgi
20260526T124508Z,2026-05-26T12:45:08.846943Z,20260526T124508Z_batch01,ST26ED1,2026-05-26T21:00:00Z,01 45 03.9,26.26625,-14 26 15,-14.4375,50.9,28.3,1.2,73.1,Map/Offsets   !,https://cgi.minorplanetcenter.net/cgi-bin/confirmeph2.cgi
20260526T124508Z,2026-05-26T12:45:08.846943Z,20260526T124508Z_batch01,ST26ED1,2026-05-26T22:00:00Z,01 45 08.6,26.285833333333336,-14 25 54,-14.431666666666667,50.9,28.3,1.18,73.0,Map/Offsets   !,https://cgi.minorplanetcenter.net/cgi-bin/confirmeph2.cgi
20260526T124508Z,2026-05-26T12:45:08.846943Z,20260526T124508Z_batch01,ST26ED1,2026-05-26T23:00:00Z,01 45 13.2,26.305,-14 25 33,-14.425833333333333,50.9,28.3,1.16,73.0,Map/Offsets   !,https://cgi.minorplanetcenter.net/cgi-bin/confirmeph2.cgi
20260526T124508Z,2026-05-26T12:45:08.846943Z,20260526T124508Z_batch01,ST26ED1,2026-05-27T00:00:00Z,01 45 17.8,26.324166666666667,-14 25 13,-14.420277777777777,51.0,28.3,1.15,72.9,Map/Offsets   !,https://cgi.minorplanetcenter.net/cgi-bin/confirmeph2.cgi
20260526T124508Z,2026-05-26T12:45:08.846943Z,20260526T124508Z_batch01,ST26ED1,2026-05-27T01:00:00Z,01 45 22.3,26.342916666666667,-14 24 53,-14.414722222222222,51.0,28.3,1.13,72.8,Map/Offsets   !,https://cgi.minorplanetcenter.net/cgi-bin/confirmeph2.cgi
20260526T124508Z,2026-05-26T12:45:08.846943Z,20260526T124508Z_batch01,ST26ED1,2026-05-27T02:00:00Z,01 45 26.7,26.36125,-14 24 33,-14.409166666666668,51.0,28.3,1.11,72.8,Map/Offsets   !,https://cgi.minorplanetcenter.net/cgi-bin/confirmeph2.cgi
20260526T124508Z,2026-05-26T12:45:08.846943Z,20260526T124508Z_batch01,ST26ED1,2026-05-27T03:00:00Z,01 45 31.1,26.379583333333333,-14 24 13,-14.403611111111111,51.0,28.4,1.1,72.7,Map/Offsets   !,https://cgi.minorplanetcenter.net/cgi-bin/confirmeph2.cgi
20260526T124508Z,2026-05-26T12:45:08.846943Z,20260526T124508Z_batch01,ST26ED1,2026-05-27T04:00:00Z,01 45 35.4,26.3975,-14 23 54,-14.398333333333333,51.0,28.4,1.08,72.6,Map/Offsets   !,https://cgi.minorplanetcenter.net/cgi-bin/confirmeph2.cgi
20260526T124508Z,2026-05-26T12:45:08.846943Z,20260526T124508Z_batch01,ST26ED1,2026-05-27T05:00:00Z,01 45 39.6,26.415,-14 23 34,-14.392777777777777,51.1,28.4,1.07,72.5,Map/Offsets   !,https://cgi.minorplanetcenter.net/cgi-bin/confirmeph2.cgi
20260526T124508Z,2026-05-26T12:45:08.846943Z,20260526T124508Z_batch01,ST26ED1,2026-05-27T06:00:00Z,01 45 43.8,26.4325,-14 23 15,-14.3875,51.1,28.4,1.05,72.5,Map/Offsets   !,https://cgi.minorplanetcenter.net/cgi-bin/confirmeph2.cgi
20260526T124508Z,2026-05-26T12:45:08.846943Z,20260526T124508Z_batch01,ST26ED1,2026-05-27T07:00:00Z,01 45 47.9,26.449583333333333,-14 22 56,-14.382222222222223,51.1,28.4,1.04,72.4,Map/Offsets   !,https://cgi.minorplanetcenter.net/cgi-bin/confirmeph2.cgi
20260526T124508Z,2026-05-26T12:45:08.846943Z,20260526T124508Z_batch01,ST26ED1,2026-05-27T08:00:00Z,01 45 52.0,26.46666666666667,-14 22 37,-14.376944444444446,51.1,28.4,1.03,72.3,Map/Offsets   !,https://cgi.minorplanetcenter.net/cgi-bin/confirmeph2.cgi
20260526T124508Z,2026-05-26T12:45:08.846943Z,20260526T124508Z_batch01,ST26ED1,2026-05-27T09:00:00Z,01 45 56.0,26.483333333333334,-14 22 19,-14.371944444444445,51.1,28.4,1.01,72.3,Map/Offsets   !,https://cgi.minorplanetcenter.net/cgi-bin/confirmeph2.cgi
20260526T124508Z,2026-05-26T12:45:08.846943Z,20260526T124508Z_batch01,ST26ED1,2026-05-27T10:00:00Z,01 46 00.0,26.5,-14 22 00,-14.366666666666667,51.1,28.4,1.0,72.2,Map/Offsets   !,https://cgi.minorplanetcenter.net/cgi-bin/confirmeph2.cgi
20260526T124508Z,2026-05-26T12:45:08.846943Z,20260526T124508Z_batch01,ST26ED1,2026-05-27T11:00:00Z,01 46 03.9,26.51625,-14 21 42,-14.361666666666666,51.2,28.5,0.99,72.1,Map/Offsets   !,https://cgi.minorplanetcenter.net/cgi-bin/confirmeph2.cgi
20260526T124508Z,2026-05-26T12:45:08.846943Z,20260526T124508Z_batch01,ST26EC8,2026-05-26T11:00:00Z,21 53 10.4,328.29333333333335,-31 00 39,-31.010833333333334,104.5,23.4,8.42,90.8,Map/Offsets   !,https://cgi.minorplanetcenter.net/cgi-bin/confirmeph2.cgi
20260526T124508Z,2026-05-26T12:45:08.846943Z,20260526T124508Z_batch01,ST26EC8,2026-05-26T12:00:00Z,21 53 49.4,328.4558333333333,-31 00 46,-31.012777777777778,104.4,23.4,8.3,90.8,Map/Offsets   !,https://cgi.minorplanetcenter.net/cgi-bin/confirmeph2.cgi
20260526T124508Z,2026-05-26T12:45:08.846943Z,20260526T124508Z_batch01,ST26EC8,2026-05-26T13:00:00Z,21 54 27.9,328.61625,-31 00 53,-31.014722222222222,104.3,23.4,8.18,90.7,Map/Offsets   !,https://cgi.minorplanetcenter.net/cgi-bin/confirmeph2.cgi
20260526T124508Z,2026-05-26T12:45:08.846943Z,20260526T124508Z_batch01,ST26EC8,2026-05-26T14:00:00Z,21 55 05.8,328.77416666666664,-31 00 58,-31.016111111111112,104.2,23.4,8.06,90.6,Map/Offsets   !,https://cgi.minorplanetcenter.net/cgi-bin/confirmeph2.cgi
20260526T124508Z,2026-05-26T12:45:08.846943Z,20260526T124508Z_batch01,ST26EC8,2026-05-26T15:00:00Z,21 55 43.2,328.93,-31 01 03,-31.0175,104.1,23.4,7.95,90.5,Map/Offsets   !,https://cgi.minorplanetcenter.net/cgi-bin/confirmeph2.cgi
20260526T124508Z,2026-05-26T12:45:08.846943Z,20260526T124508Z_batch01,ST26EC8,2026-05-26T16:00:00Z,21 56 20.0,329.08333333333337,-31 01 07,-31.01861111111111,104.0,23.5,7.84,90.4,Map/Offsets   !,https://cgi.minorplanetcenter.net/cgi-bin/confirmeph2.cgi
20260526T124508Z,2026-05-26T12:45:08.846943Z,20260526T124508Z_batch01,ST26EC8,2026-05-26T17:00:00Z,21 56 56.3,329.2345833333334,-31 01 10,-31.019444444444442,103.9,23.5,7.73,90.4,Map/Offsets   !,https://cgi.minorplanetcenter.net/cgi-bin/confirmeph2.cgi
20260526T124508Z,2026-05-26T12:45:08.846943Z,20260526T124508Z_batch01,ST26EC8,2026-05-26T18:00:00Z,21 57 32.1,329.38375,-31 01 13,-31.02027777777778,103.8,23.5,7.62,90.3,Map/Offsets   !,https://cgi.minorplanetcenter.net/cgi-bin/confirmeph2.cgi
20260526T124508Z,2026-05-26T12:45:08.846943Z,20260526T124508Z_batch01,ST26EC8,2026-05-26T19:00:00Z,21 58 07.4,329.5308333333333,-31 01 15,-31.020833333333332,103.8,23.5,7.51,90.2,Map/Offsets   !,https://cgi.minorplanetcenter.net/cgi-bin/confirmeph2.cgi
20260526T124508Z,2026-05-26T12:45:08.846943Z,20260526T124508Z_batch01,ST26EC8,2026-05-26T20:00:00Z,21 58 42.3,329.67625,-31 01 16,-31.02111111111111,103.7,23.5,7.41,90.1,Map/Offsets   !,https://cgi.minorplanetcenter.net/cgi-bin/confirmeph2.cgi
20260526T124508Z,2026-05-26T12:45:08.846943Z,20260526T124508Z_batch01,ST26EC8,2026-05-26T21:00:00Z,21 59 16.6,329.81916666666666,-31 01 17,-31.02138888888889,103.6,23.5,7.31,90.1,Map/Offsets   !,https://cgi.minorplanetcenter.net/cgi-bin/confirmeph2.cgi
20260526T124508Z,2026-05-26T12:45:08.846943Z,20260526T124508Z_batch01,ST26EC8,2026-05-26T22:00:00Z,21 59 50.5,329.9604166666667,-31 01 17,-31.02138888888889,103.5,23.6,7.21,90.0,Map/Offsets   !,https://cgi.minorplanetcenter.net/cgi-bin/confirmeph2.cgi
20260526T124508Z,2026-05-26T12:45:08.846943Z,20260526T124508Z_batch01,ST26EC8,2026-05-26T23:00:00Z,22 00 23.9,330.0995833333333,-31 01 17,-31.02138888888889,103.4,23.6,7.11,89.9,Map/Offsets   !,https://cgi.minorplanetcenter.net/cgi-bin/confirmeph2.cgi
20260526T124508Z,2026-05-26T12:45:08.846943Z,20260526T124508Z_batch01,ST26EC8,2026-05-27T00:00:00Z,22 00 56.8,330.2366666666667,-31 01 16,-31.02111111111111,103.4,23.6,7.01,89.9,Map/Offsets   !,https://cgi.minorplanetcenter.net/cgi-bin/confirmeph2.cgi
20260526T124508Z,2026-05-26T12:45:08.846943Z,20260526T124508Z_batch01,ST26EC8,2026-05-27T01:00:00Z,22 01 29.3,330.37208333333336,-31 01 15,-31.020833333333332,103.3,23.6,6.92,89.8,Map/Offsets   !,https://cgi.minorplanetcenter.net/cgi-bin/confirmeph2.cgi
20260526T124508Z,2026-05-26T12:45:08.846943Z,20260526T124508Z_batch01,ST26EC8,2026-05-27T02:00:00Z,22 02 01.4,330.5058333333334,-31 01 13,-31.02027777777778,103.2,23.6,6.83,89.7,Map/Offsets   !,https://cgi.minorplanetcenter.net/cgi-bin/confirmeph2.cgi
20260526T124508Z,2026-05-26T12:45:08.846943Z,20260526T124508Z_batch01,ST26EC8,2026-05-27T03:00:00Z,22 02 33.1,330.6379166666667,-31 01 11,-31.01972222222222,103.2,23.6,6.74,89.7,Map/Offsets   !,https://cgi.minorplanetcenter.net/cgi-bin/confirmeph2.cgi
20260526T124508Z,2026-05-26T12:45:08.846943Z,20260526T124508Z_batch01,ST26EC8,2026-05-27T04:00:00Z,22 03 04.3,330.7679166666667,-31 01 08,-31.01888888888889,103.1,23.7,6.65,89.6,Map/Offsets   !,https://cgi.minorplanetcenter.net/cgi-bin/confirmeph2.cgi
20260526T124508Z,2026-05-26T12:45:08.846943Z,20260526T124508Z_batch01,ST26EC8,2026-05-27T05:00:00Z,22 03 35.1,330.89625,-31 01 05,-31.018055555555556,103.0,23.7,6.56,89.5,Map/Offsets   !,https://cgi.minorplanetcenter.net/cgi-bin/confirmeph2.cgi
20260526T124508Z,2026-05-26T12:45:08.846943Z,20260526T124508Z_batch01,ST26EC8,2026-05-27T06:00:00Z,22 04 05.5,331.0229166666667,-31 01 01,-31.016944444444444,103.0,23.7,6.47,89.5,Map/Offsets   !,https://cgi.minorplanetcenter.net/cgi-bin/confirmeph2.cgi
20260526T124508Z,2026-05-26T12:45:08.846943Z,20260526T124508Z_batch01,ST26EC8,2026-05-27T07:00:00Z,22 04 35.6,331.1483333333333,-31 00 58,-31.016111111111112,102.9,23.7,6.39,89.4,Map/Offsets   !,https://cgi.minorplanetcenter.net/cgi-bin/confirmeph2.cgi
20260526T124508Z,2026-05-26T12:45:08.846943Z,20260526T124508Z_batch01,ST26EC8,2026-05-27T08:00:00Z,22 05 05.2,331.27166666666665,-31 00 53,-31.014722222222222,102.8,23.7,6.31,89.3,Map/Offsets   !,https://cgi.minorplanetcenter.net/cgi-bin/confirmeph2.cgi
20260526T124508Z,2026-05-26T12:45:08.846943Z,20260526T124508Z_batch01,ST26EC8,2026-05-27T09:00:00Z,22 05 34.4,331.3933333333333,-31 00 49,-31.01361111111111,102.8,23.7,6.23,89.3,Map/Offsets   !,https://cgi.minorplanetcenter.net/cgi-bin/confirmeph2.cgi
20260526T124508Z,2026-05-26T12:45:08.846943Z,20260526T124508Z_batch01,ST26EC8,2026-05-27T10:00:00Z,22 06 03.3,331.51375,-31 00 44,-31.01222222222222,102.7,23.8,6.15,89.2,Map/Offsets   !,https://cgi.minorplanetcenter.net/cgi-bin/confirmeph2.cgi
20260526T124508Z,2026-05-26T12:45:08.846943Z,20260526T124508Z_batch01,ST26EC8,2026-05-27T11:00:00Z,22 06 31.8,331.6325,-31 00 39,-31.010833333333334,102.6,23.8,6.07,89.2,Map/Offsets   !,https://cgi.minorplanetcenter.net/cgi-bin/confirmeph2.cgi
20260526T124508Z,2026-05-26T12:45:08.846943Z,20260526T124508Z_batch01,ST26EC7,2026-05-26T11:00:00Z,02 28 58.6,37.24416666666667,-08 22 57,-8.3825,38.8,30.3,0.5,82.4,Map/Offsets   !,https://cgi.minorplanetcenter.net/cgi-bin/confirmeph2.cgi
20260526T124508Z,2026-05-26T12:45:08.846943Z,20260526T124508Z_batch01,ST26EC7,2026-05-26T12:00:00Z,02 29 00.6,37.252500000000005,-08 22 53,-8.381388888888889,38.8,30.3,0.5,82.2,Map/Offsets   !,https://cgi.minorplanetcenter.net/cgi-bin/confirmeph2.cgi
20260526T124508Z,2026-05-26T12:45:08.846943Z,20260526T124508Z_batch01,ST26EC7,2026-05-26T13:00:00Z,02 29 02.5,37.26041666666667,-08 22 49,-8.380277777777778,38.8,30.3,0.49,82.0,Map/Offsets   !,https://cgi.minorplanetcenter.net/cgi-bin/confirmeph2.cgi
20260526T124508Z,2026-05-26T12:45:08.846943Z,20260526T124508Z_batch01,ST26EC7,2026-05-26T14:00:00Z,02 29 04.5,37.268750000000004,-08 22 45,-8.379166666666666,38.9,30.3,0.49,81.8,Map/Offsets   !,https://cgi.minorplanetcenter.net/cgi-bin/confirmeph2.cgi
20260526T124508Z,2026-05-26T12:45:08.846943Z,20260526T124508Z_batch01,ST26EC7,2026-05-26T15:00:00Z,02 29 06.4,37.27666666666667,-08 22 41,-8.378055555555555,38.9,30.3,0.48,81.6,Map/Offsets   !,https://cgi.minorplanetcenter.net/cgi-bin/confirmeph2.cgi
20260526T124508Z,2026-05-26T12:45:08.846943Z,20260526T124508Z_batch01,ST26EC7,2026-05-26T16:00:00Z,02 29 08.3,37.28458333333334,-08 22 37,-8.376944444444446,38.9,30.3,0.48,81.3,Map/Offsets   !,https://cgi.minorplanetcenter.net/cgi-bin/confirmeph2.cgi
20260526T124508Z,2026-05-26T12:45:08.846943Z,20260526T124508Z_batch01,ST26EC7,2026-05-26T17:00:00Z,02 29 10.2,37.2925,-08 22 32,-8.375555555555556,38.9,30.3,0.47,81.1,Map/Offsets   !,https://cgi.minorplanetcenter.net/cgi-bin/confirmeph2.cgi
20260526T124508Z,2026-05-26T12:45:08.846943Z,20260526T124508Z_batch01,ST26EC7,2026-05-26T18:00:00Z,02 29 12.1,37.30041666666666,-08 22 28,-8.374444444444444,39.0,30.3,0.47,80.9,Map/Offsets   !,https://cgi.minorplanetcenter.net/cgi-bin/confirmeph2.cgi
20260526T124508Z,2026-05-26T12:45:08.846943Z,20260526T124508Z_batch01,ST26EC7,2026-05-26T19:00:00Z,02 29 13.9,37.30791666666667,-08 22 23,-8.373055555555556,39.0,30.3,0.46,80.7,Map/Offsets   !,https://cgi.minorplanetcenter.net/cgi-bin/confirmeph2.cgi
20260526T124508Z,2026-05-26T12:45:08.846943Z,20260526T124508Z_batch01,ST26EC7,2026-05-26T20:00:00Z,02 29 15.8,37.31583333333333,-08 22 19,-8.371944444444445,39.0,30.4,0.46,80.5,Map/Offsets   !,https://cgi.minorplanetcenter.net/cgi-bin/confirmeph2.cgi
20260526T124508Z,2026-05-26T12:45:08.846943Z,20260526T124508Z_batch01,ST26EC7,2026-05-26T21:00:00Z,02 29 17.6,37.32333333333334,-08 22 14,-8.370555555555557,39.1,30.4,0.45,80.2,Map/Offsets   !,https://cgi.minorplanetcenter.net/cgi-bin/confirmeph2.cgi
20260526T124508Z,2026-05-26T12:45:08.846943Z,20260526T124508Z_batch01,ST26EC7,2026-05-26T22:00:00Z,02 29 19.4,37.33083333333334,-08 22 10,-8.369444444444445,39.1,30.4,0.45,80.0,Map/Offsets   !,https://cgi.minorplanetcenter.net/cgi-bin/confirmeph2.cgi
20260526T124508Z,2026-05-26T12:45:08.846943Z,20260526T124508Z_batch01,ST26EC7,2026-05-26T23:00:00Z,02 29 21.1,37.33791666666667,-08 22 05,-8.368055555555555,39.1,30.4,0.44,79.8,Map/Offsets   !,https://cgi.minorplanetcenter.net/cgi-bin/confirmeph2.cgi
20260526T124508Z,2026-05-26T12:45:08.846943Z,20260526T124508Z_batch01,ST26EC7,2026-05-27T00:00:00Z,02 29 22.9,37.345416666666665,-08 22 00,-8.366666666666667,39.1,30.4,0.44,79.6,Map/Offsets   !,https://cgi.minorplanetcenter.net/cgi-bin/confirmeph2.cgi
20260526T124508Z,2026-05-26T12:45:08.846943Z,20260526T124508Z_batch01,ST26EC7,2026-05-27T01:00:00Z,02 29 24.6,37.3525,-08 21 55,-8.365277777777777,39.2,30.4,0.44,79.3,Map/Offsets   !,https://cgi.minorplanetcenter.net/cgi-bin/confirmeph2.cgi
20260526T124508Z,2026-05-26T12:45:08.846943Z,20260526T124508Z_batch01,ST26EC7,2026-05-27T02:00:00Z,02 29 26.4,37.36,-08 21 51,-8.364166666666666,39.2,30.4,0.43,79.1,Map/Offsets   !,https://cgi.minorplanetcenter.net/cgi-bin/confirmeph2.cgi
20260526T124508Z,2026-05-26T12:45:08.846943Z,20260526T124508Z_batch01,ST26EC7,2026-05-27T03:00:00Z,02 29 28.1,37.36708333333333,-08 21 46,-8.362777777777778,39.2,30.4,0.43,78.9,Map/Offsets   !,https://cgi.minorplanetcenter.net/cgi-bin/confirmeph2.cgi
20260526T124508Z,2026-05-26T12:45:08.846943Z,20260526T124508Z_batch01,ST26EC7,2026-05-27T04:00:00Z,02 29 29.8,37.37416666666667,-08 21 41,-8.361388888888888,39.2,30.4,0.43,78.6,Map/Offsets   !,https://cgi.minorplanetcenter.net/cgi-bin/confirmeph2.cgi
20260526T124508Z,2026-05-26T12:45:08.846943Z,20260526T124508Z_batch01,ST26EC7,2026-05-27T05:00:00Z,02 29 31.4,37.380833333333335,-08 21 36,-8.36,39.3,30.4,0.42,78.4,Map/Offsets   !,https://cgi.minorplanetcenter.net/cgi-bin/confirmeph2.cgi
20260526T124508Z,2026-05-26T12:45:08.846943Z,20260526T124508Z_batch01,ST26EC7,2026-05-27T06:00:00Z,02 29 33.1,37.38791666666666,-08 21 31,-8.358611111111111,39.3,30.4,0.42,78.2,Map/Offsets,https://cgi.minorplanetcenter.net/cgi-bin/confirmeph2.cgi
20260526T124508Z,2026-05-26T12:45:08.846943Z,20260526T124508Z_batch01,ST26EC7,2026-05-27T07:00:00Z,02 29 34.8,37.394999999999996,-08 21 25,-8.356944444444444,39.3,30.5,0.41,77.9,Map/Offsets,https://cgi.minorplanetcenter.net/cgi-bin/confirmeph2.cgi
20260526T124508Z,2026-05-26T12:45:08.846943Z,20260526T124508Z_batch01,ST26EC7,2026-05-27T08:00:00Z,02 29 36.4,37.40166666666667,-08 21 20,-8.355555555555556,39.3,30.5,0.41,77.7,Map/Offsets,https://cgi.minorplanetcenter.net/cgi-bin/confirmeph2.cgi
20260526T124508Z,2026-05-26T12:45:08.846943Z,20260526T124508Z_batch01,ST26EC7,2026-05-27T09:00:00Z,02 29 38.0,37.40833333333333,-08 21 15,-8.354166666666666,39.4,30.5,0.41,77.5,Map/Offsets,https://cgi.minorplanetcenter.net/cgi-bin/confirmeph2.cgi
20260526T124508Z,2026-05-26T12:45:08.846943Z,20260526T124508Z_batch01,ST26EC7,2026-05-27T10:00:00Z,02 29 39.6,37.415000000000006,-08 21 09,-8.3525,39.4,30.5,0.41,77.2,Map/Offsets,https://cgi.minorplanetcenter.net/cgi-bin/confirmeph2.cgi
20260526T124508Z,2026-05-26T12:45:08.846943Z,20260526T124508Z_batch01,ST26EC7,2026-05-27T11:00:00Z,02 29 41.2,37.42166666666667,-08 21 04,-8.351111111111111,39.4,30.5,0.4,77.0,Map/Offsets,https://cgi.minorplanetcenter.net/cgi-bin/confirmeph2.cgi
20260526T124508Z,2026-05-26T12:45:08.846943Z,20260526T124508Z_batch01,P12nfaz,2026-05-26T11:00:00Z,13 12 54.1,198.22541666666666,-27 28 49,-27.480277777777776,139.0,22.0,0.52,335.8,Map/Offsets,https://cgi.minorplanetcenter.net/cgi-bin/confirmeph2.cgi
20260526T124508Z,2026-05-26T12:45:08.846943Z,20260526T124508Z_batch01,P12nfaz,2026-05-26T12:00:00Z,13 12 53.2,198.22166666666664,-27 28 21,-27.472499999999997,139.0,22.0,0.52,335.8,Map/Offsets,https://cgi.minorplanetcenter.net/cgi-bin/confirmeph2.cgi
20260526T124508Z,2026-05-26T12:45:08.846943Z,20260526T124508Z_batch01,P12nfaz,2026-05-26T13:00:00Z,13 12 52.2,198.2175,-27 27 53,-27.46472222222222,138.9,22.0,0.52,335.9,Map/Offsets,https://cgi.minorplanetcenter.net/cgi-bin/confirmeph2.cgi
20260526T124508Z,2026-05-26T12:45:08.846943Z,20260526T124508Z_batch01,P12nfaz,2026-05-26T14:00:00Z,13 12 51.3,198.21375,-27 27 25,-27.456944444444442,138.9,22.0,0.51,336.0,Map/Offsets,https://cgi.minorplanetcenter.net/cgi-bin/confirmeph2.cgi
20260526T124508Z,2026-05-26T12:45:08.846943Z,20260526T124508Z_batch01,P12nfaz,2026-05-26T15:00:00Z,13 12 50.3,198.2095833333333,-27 26 56,-27.448888888888888,138.8,22.0,0.51,336.1,Map/Offsets,https://cgi.minorplanetcenter.net/cgi-bin/confirmeph2.cgi
20260526T124508Z,2026-05-26T12:45:08.846943Z,20260526T124508Z_batch01,P12nfaz,2026-05-26T16:00:00Z,13 12 49.4,198.20583333333332,-27 26 28,-27.441111111111113,138.8,22.0,0.51,336.1,Map/Offsets,https://cgi.minorplanetcenter.net/cgi-bin/confirmeph2.cgi
20260526T124508Z,2026-05-26T12:45:08.846943Z,20260526T124508Z_batch01,P12nfaz,2026-05-26T17:00:00Z,13 12 48.4,198.20166666666665,-27 26 00,-27.433333333333334,138.8,22.0,0.51,336.2,Map/Offsets,https://cgi.minorplanetcenter.net/cgi-bin/confirmeph2.cgi
20260526T124508Z,2026-05-26T12:45:08.846943Z,20260526T124508Z_batch01,P12nfaz,2026-05-26T18:00:00Z,13 12 47.5,198.19791666666666,-27 25 32,-27.425555555555558,138.7,22.0,0.51,336.3,Map/Offsets,https://cgi.minorplanetcenter.net/cgi-bin/confirmeph2.cgi
20260526T124508Z,2026-05-26T12:45:08.846943Z,20260526T124508Z_batch01,P12nfaz,2026-05-26T19:00:00Z,13 12 46.6,198.19416666666666,-27 25 04,-27.41777777777778,138.7,22.0,0.51,336.3,Map/Offsets,https://cgi.minorplanetcenter.net/cgi-bin/confirmeph2.cgi
20260526T124508Z,2026-05-26T12:45:08.846943Z,20260526T124508Z_batch01,P12nfaz,2026-05-26T20:00:00Z,13 12 45.7,198.19041666666664,-27 24 35,-27.40972222222222,138.6,22.0,0.51,336.4,Map/Offsets,https://cgi.minorplanetcenter.net/cgi-bin/confirmeph2.cgi
20260526T124508Z,2026-05-26T12:45:08.846943Z,20260526T124508Z_batch01,P12nfaz,2026-05-26T21:00:00Z,13 12 44.7,198.18625,-27 24 07,-27.401944444444442,138.6,22.0,0.51,336.5,Map/Offsets,https://cgi.minorplanetcenter.net/cgi-bin/confirmeph2.cgi
20260526T124508Z,2026-05-26T12:45:08.846943Z,20260526T124508Z_batch01,P12nfaz,2026-05-26T22:00:00Z,13 12 43.8,198.1825,-27 23 39,-27.394166666666667,138.6,22.0,0.51,336.6,Map/Offsets,https://cgi.minorplanetcenter.net/cgi-bin/confirmeph2.cgi
20260526T124508Z,2026-05-26T12:45:08.846943Z,20260526T124508Z_batch01,P12nfaz,2026-05-26T23:00:00Z,13 12 42.9,198.17874999999998,-27 23 11,-27.386388888888888,138.5,22.0,0.51,336.6,Map/Offsets,https://cgi.minorplanetcenter.net/cgi-bin/confirmeph2.cgi
20260526T124508Z,2026-05-26T12:45:08.846943Z,20260526T124508Z_batch01,P12nfaz,2026-05-27T00:00:00Z,13 12 42.0,198.17499999999998,-27 22 43,-27.378611111111113,138.5,22.0,0.51,336.7,Map/Offsets,https://cgi.minorplanetcenter.net/cgi-bin/confirmeph2.cgi
20260526T124508Z,2026-05-26T12:45:08.846943Z,20260526T124508Z_batch01,P12nfaz,2026-05-27T01:00:00Z,13 12 41.1,198.17125,-27 22 15,-27.370833333333334,138.4,22.0,0.51,336.8,Map/Offsets,https://cgi.minorplanetcenter.net/cgi-bin/confirmeph2.cgi
20260526T124508Z,2026-05-26T12:45:08.846943Z,20260526T124508Z_batch01,P12nfaz,2026-05-27T02:00:00Z,13 12 40.2,198.1675,-27 21 46,-27.36277777777778,138.4,22.0,0.51,336.8,Map/Offsets,https://cgi.minorplanetcenter.net/cgi-bin/confirmeph2.cgi
20260526T124508Z,2026-05-26T12:45:08.846943Z,20260526T124508Z_batch01,P12nfaz,2026-05-27T03:00:00Z,13 12 39.3,198.16375,-27 21 18,-27.355,138.4,22.0,0.51,336.9,Map/Offsets,https://cgi.minorplanetcenter.net/cgi-bin/confirmeph2.cgi
20260526T124508Z,2026-05-26T12:45:08.846943Z,20260526T124508Z_batch01,P12nfaz,2026-05-27T04:00:00Z,13 12 38.4,198.16,-27 20 50,-27.34722222222222,138.3,22.0,0.51,337.0,Map/Offsets,https://cgi.minorplanetcenter.net/cgi-bin/confirmeph2.cgi
20260526T124508Z,2026-05-26T12:45:08.846943Z,20260526T124508Z_batch01,P12nfaz,2026-05-27T05:00:00Z,13 12 37.5,198.15624999999997,-27 20 22,-27.339444444444442,138.3,22.0,0.51,337.1,Map/Offsets,https://cgi.minorplanetcenter.net/cgi-bin/confirmeph2.cgi
20260526T124508Z,2026-05-26T12:45:08.846943Z,20260526T124508Z_batch01,P12nfaz,2026-05-27T06:00:00Z,13 12 36.6,198.15249999999997,-27 19 54,-27.331666666666667,138.3,22.0,0.51,337.1,Map/Offsets,https://cgi.minorplanetcenter.net/cgi-bin/confirmeph2.cgi
20260526T124508Z,2026-05-26T12:45:08.846943Z,20260526T124508Z_batch01,P12nfaz,2026-05-27T07:00:00Z,13 12 35.7,198.14875,-27 19 26,-27.323888888888888,138.2,22.0,0.51,337.2,Map/Offsets,https://cgi.minorplanetcenter.net/cgi-bin/confirmeph2.cgi
20260526T124508Z,2026-05-26T12:45:08.846943Z,20260526T124508Z_batch01,P12nfaz,2026-05-27T08:00:00Z,13 12 34.8,198.14499999999998,-27 18 57,-27.315833333333334,138.2,22.0,0.51,337.3,Map/Offsets,https://cgi.minorplanetcenter.net/cgi-bin/confirmeph2.cgi
20260526T124508Z,2026-05-26T12:45:08.846943Z,20260526T124508Z_batch01,P12nfaz,2026-05-27T09:00:00Z,13 12 33.9,198.14124999999999,-27 18 29,-27.308055555555555,138.1,22.0,0.51,337.4,Map/Offsets,https://cgi.minorplanetcenter.net/cgi-bin/confirmeph2.cgi
20260526T124508Z,2026-05-26T12:45:08.846943Z,20260526T124508Z_batch01,P12nfaz,2026-05-27T10:00:00Z,13 12 33.0,198.1375,-27 18 01,-27.30027777777778,138.1,22.0,0.51,337.4,Map/Offsets,https://cgi.minorplanetcenter.net/cgi-bin/confirmeph2.cgi
20260526T124508Z,2026-05-26T12:45:08.846943Z,20260526T124508Z_batch01,P12nfaz,2026-05-27T11:00:00Z,13 12 32.2,198.13416666666666,-27 17 33,-27.2925,138.1,22.0,0.51,337.5,Map/Offsets,https://cgi.minorplanetcenter.net/cgi-bin/confirmeph2.cgi
20260526T124508Z,2026-05-26T12:45:08.846943Z,20260526T124508Z_batch01,NAOCAN7,2026-05-26T11:00:00Z,15 17 09.6,229.29,-21 55 08,-21.91888888888889,167.3,20.9,0.11,126.6,Map/Offsets,https://cgi.minorplanetcenter.net/cgi-bin/confirmeph2.cgi
20260526T124508Z,2026-05-26T12:45:08.846943Z,20260526T124508Z_batch01,NAOCAN7,2026-05-26T12:00:00Z,15 17 10.0,229.29166666666669,-21 55 11,-21.919722222222223,167.3,21.0,0.11,126.5,Map/Offsets,https://cgi.minorplanetcenter.net/cgi-bin/confirmeph2.cgi
20260526T124508Z,2026-05-26T12:45:08.846943Z,20260526T124508Z_batch01,NAOCAN7,2026-05-26T13:00:00Z,15 17 10.3,229.29291666666666,-21 55 15,-21.920833333333334,167.2,21.0,0.11,126.4,Map/Offsets,https://cgi.minorplanetcenter.net/cgi-bin/confirmeph2.cgi
20260526T124508Z,2026-05-26T12:45:08.846943Z,20260526T124508Z_batch01,NAOCAN7,2026-05-26T14:00:00Z,15 17 10.7,229.29458333333335,-21 55 19,-21.921944444444446,167.2,21.0,0.11,126.2,Map/Offsets,https://cgi.minorplanetcenter.net/cgi-bin/confirmeph2.cgi
20260526T124508Z,2026-05-26T12:45:08.846943Z,20260526T124508Z_batch01,NAOCAN7,2026-05-26T15:00:00Z,15 17 11.1,229.29625,-21 55 23,-21.923055555555557,167.2,21.0,0.11,126.1,Map/Offsets,https://cgi.minorplanetcenter.net/cgi-bin/confirmeph2.cgi
20260526T124508Z,2026-05-26T12:45:08.846943Z,20260526T124508Z_batch01,NAOCAN7,2026-05-26T16:00:00Z,15 17 11.4,229.2975,-21 55 26,-21.92388888888889,167.1,21.0,0.11,126.0,Map/Offsets,https://cgi.minorplanetcenter.net/cgi-bin/confirmeph2.cgi
20260526T124508Z,2026-05-26T12:45:08.846943Z,20260526T124508Z_batch01,NAOCAN7,2026-05-26T17:00:00Z,15 17 11.8,229.29916666666665,-21 55 30,-21.925,167.1,21.0,0.11,125.8,Map/Offsets,https://cgi.minorplanetcenter.net/cgi-bin/confirmeph2.cgi
20260526T124508Z,2026-05-26T12:45:08.846943Z,20260526T124508Z_batch01,NAOCAN7,2026-05-26T18:00:00Z,15 17 12.2,229.30083333333334,-21 55 34,-21.926111111111112,167.0,21.0,0.11,125.7,Map/Offsets,https://cgi.minorplanetcenter.net/cgi-bin/confirmeph2.cgi
20260526T124508Z,2026-05-26T12:45:08.846943Z,20260526T124508Z_batch01,NAOCAN7,2026-05-26T19:00:00Z,15 17 12.6,229.3025,-21 55 38,-21.927222222222223,167.0,21.0,0.11,125.6,Map/Offsets,https://cgi.minorplanetcenter.net/cgi-bin/confirmeph2.cgi
20260526T124508Z,2026-05-26T12:45:08.846943Z,20260526T124508Z_batch01,NAOCAN7,2026-05-26T20:00:00Z,15 17 12.9,229.30375,-21 55 41,-21.928055555555556,167.0,21.0,0.11,125.5,Map/Offsets,https://cgi.minorplanetcenter.net/cgi-bin/confirmeph2.cgi
20260526T124508Z,2026-05-26T12:45:08.846943Z,20260526T124508Z_batch01,NAOCAN7,2026-05-26T21:00:00Z,15 17 13.3,229.30541666666667,-21 55 45,-21.929166666666667,166.9,21.0,0.11,125.3,Map/Offsets,https://cgi.minorplanetcenter.net/cgi-bin/confirmeph2.cgi
20260526T124508Z,2026-05-26T12:45:08.846943Z,20260526T124508Z_batch01,NAOCAN7,2026-05-26T22:00:00Z,15 17 13.7,229.30708333333334,-21 55 49,-21.93027777777778,166.9,21.0,0.11,125.2,Map/Offsets,https://cgi.minorplanetcenter.net/cgi-bin/confirmeph2.cgi
20260526T124508Z,2026-05-26T12:45:08.846943Z,20260526T124508Z_batch01,NAOCAN7,2026-05-26T23:00:00Z,15 17 14.1,229.30875,-21 55 53,-21.93138888888889,166.9,21.0,0.11,125.1,Map/Offsets,https://cgi.minorplanetcenter.net/cgi-bin/confirmeph2.cgi
20260526T124508Z,2026-05-26T12:45:08.846943Z,20260526T124508Z_batch01,NAOCAN7,2026-05-27T00:00:00Z,15 17 14.5,229.31041666666664,-21 55 56,-21.932222222222222,166.8,21.0,0.11,124.9,Map/Offsets,https://cgi.minorplanetcenter.net/cgi-bin/confirmeph2.cgi
20260526T124508Z,2026-05-26T12:45:08.846943Z,20260526T124508Z_batch01,NAOCAN7,2026-05-27T01:00:00Z,15 17 14.8,229.31166666666667,-21 56 00,-21.933333333333334,166.8,21.0,0.11,124.8,Map/Offsets,https://cgi.minorplanetcenter.net/cgi-bin/confirmeph2.cgi
20260526T124508Z,2026-05-26T12:45:08.846943Z,20260526T124508Z_batch01,NAOCAN7,2026-05-27T02:00:00Z,15 17 15.2,229.31333333333333,-21 56 04,-21.934444444444445,166.8,21.0,0.11,124.7,Map/Offsets,https://cgi.minorplanetcenter.net/cgi-bin/confirmeph2.cgi
20260526T124508Z,2026-05-26T12:45:08.846943Z,20260526T124508Z_batch01,NAOCAN7,2026-05-27T03:00:00Z,15 17 15.6,229.315,-21 56 08,-21.935555555555556,166.7,21.0,0.11,124.6,Map/Offsets,https://cgi.minorplanetcenter.net/cgi-bin/confirmeph2.cgi
20260526T124508Z,2026-05-26T12:45:08.846943Z,20260526T124508Z_batch01,NAOCAN7,2026-05-27T04:00:00Z,15 17 16.0,229.31666666666666,-21 56 11,-21.93638888888889,166.7,21.0,0.11,124.4,Map/Offsets,https://cgi.minorplanetcenter.net/cgi-bin/confirmeph2.cgi
20260526T124508Z,2026-05-26T12:45:08.846943Z,20260526T124508Z_batch01,NAOCAN7,2026-05-27T05:00:00Z,15 17 16.4,229.31833333333333,-21 56 15,-21.9375,166.6,21.0,0.11,124.3,Map/Offsets,https://cgi.minorplanetcenter.net/cgi-bin/confirmeph2.cgi
20260526T124508Z,2026-05-26T12:45:08.846943Z,20260526T124508Z_batch01,NAOCAN7,2026-05-27T06:00:00Z,15 17 16.8,229.32,-21 56 19,-21.93861111111111,166.6,21.0,0.11,124.2,Map/Offsets,https://cgi.minorplanetcenter.net/cgi-bin/confirmeph2.cgi
20260526T124508Z,2026-05-26T12:45:08.846943Z,20260526T124508Z_batch01,NAOCAN7,2026-05-27T07:00:00Z,15 17 17.2,229.32166666666666,-21 56 22,-21.939444444444444,166.6,21.0,0.11,124.1,Map/Offsets,https://cgi.minorplanetcenter.net/cgi-bin/confirmeph2.cgi
20260526T124508Z,2026-05-26T12:45:08.846943Z,20260526T124508Z_batch01,NAOCAN7,2026-05-27T08:00:00Z,15 17 17.6,229.32333333333332,-21 56 26,-21.940555555555555,166.5,21.0,0.11,123.9,Map/Offsets,https://cgi.minorplanetcenter.net/cgi-bin/confirmeph2.cgi
20260526T124508Z,2026-05-26T12:45:08.846943Z,20260526T124508Z_batch01,NAOCAN7,2026-05-27T09:00:00Z,15 17 18.0,229.32500000000002,-21 56 30,-21.941666666666666,166.5,21.0,0.11,123.8,Map/Offsets,https://cgi.minorplanetcenter.net/cgi-bin/confirmeph2.cgi
20260526T124508Z,2026-05-26T12:45:08.846943Z,20260526T124508Z_batch01,NAOCAN7,2026-05-27T10:00:00Z,15 17 18.4,229.32666666666665,-21 56 34,-21.942777777777778,166.5,21.0,0.11,123.7,Map/Offsets,https://cgi.minorplanetcenter.net/cgi-bin/confirmeph2.cgi
20260526T124508Z,2026-05-26T12:45:08.846943Z,20260526T124508Z_batch01,NAOCAN7,2026-05-27T11:00:00Z,15 17 18.8,229.32833333333335,-21 56 37,-21.94361111111111,166.4,21.0,0.11,123.6,Map/Offsets,https://cgi.minorplanetcenter.net/cgi-bin/confirmeph2.cgi
20260526T124508Z,2026-05-26T12:45:08.846943Z,20260526T124508Z_batch01,KPMa1Ih,2026-05-26T11:00:00Z,11 07 34.6,166.89416666666668,-28 24 08,-28.40222222222222,111.7,23.5,1.07,176.2,Map/Offsets,https://cgi.minorplanetcenter.net/cgi-bin/confirmeph2.cgi
20260526T124508Z,2026-05-26T12:45:08.846943Z,20260526T124508Z_batch01,KPMa1Ih,2026-05-26T12:00:00Z,11 07 34.9,166.89541666666665,-28 25 12,-28.42,111.7,23.5,1.07,176.2,Map/Offsets,https://cgi.minorplanetcenter.net/cgi-bin/confirmeph2.cgi
20260526T124508Z,2026-05-26T12:45:08.846943Z,20260526T124508Z_batch01,KPMa1Ih,2026-05-26T13:00:00Z,11 07 35.2,166.89666666666668,-28 26 16,-28.43777777777778,111.6,23.5,1.06,176.1,Map/Offsets,https://cgi.minorplanetcenter.net/cgi-bin/confirmeph2.cgi
20260526T124508Z,2026-05-26T12:45:08.846943Z,20260526T124508Z_batch01,KPMa1Ih,2026-05-26T14:00:00Z,11 07 35.6,166.89833333333334,-28 27 20,-28.455555555555556,111.6,23.5,1.06,176.1,Map/Offsets,https://cgi.minorplanetcenter.net/cgi-bin/confirmeph2.cgi
20260526T124508Z,2026-05-26T12:45:08.846943Z,20260526T124508Z_batch01,KPMa1Ih,2026-05-26T15:00:00Z,11 07 35.9,166.89958333333334,-28 28 23,-28.473055555555554,111.6,23.5,1.06,176.0,Map/Offsets,https://cgi.minorplanetcenter.net/cgi-bin/confirmeph2.cgi
20260526T124508Z,2026-05-26T12:45:08.846943Z,20260526T124508Z_batch01,KPMa1Ih,2026-05-26T16:00:00Z,11 07 36.2,166.90083333333334,-28 29 27,-28.490833333333335,111.5,23.5,1.06,175.9,Map/Offsets,https://cgi.minorplanetcenter.net/cgi-bin/confirmeph2.cgi
20260526T124508Z,2026-05-26T12:45:08.846943Z,20260526T124508Z_batch01,KPMa1Ih,2026-05-26T17:00:00Z,11 07 36.6,166.9025,-28 30 30,-28.508333333333333,111.5,23.5,1.06,175.9,Map/Offsets,https://cgi.minorplanetcenter.net/cgi-bin/confirmeph2.cgi
20260526T124508Z,2026-05-26T12:45:08.846943Z,20260526T124508Z_batch01,KPMa1Ih,2026-05-26T18:00:00Z,11 07 36.9,166.90375,-28 31 34,-28.52611111111111,111.5,23.5,1.06,175.8,Map/Offsets,https://cgi.minorplanetcenter.net/cgi-bin/confirmeph2.cgi
20260526T124508Z,2026-05-26T12:45:08.846943Z,20260526T124508Z_batch01,KPMa1Ih,2026-05-26T19:00:00Z,11 07 37.3,166.90541666666667,-28 32 37,-28.54361111111111,111.5,23.5,1.06,175.7,Map/Offsets,https://cgi.minorplanetcenter.net/cgi-bin/confirmeph2.cgi
20260526T124508Z,2026-05-26T12:45:08.846943Z,20260526T124508Z_batch01,KPMa1Ih,2026-05-26T20:00:00Z,11 07 37.7,166.90708333333336,-28 33 41,-28.56138888888889,111.4,23.5,1.06,175.7,Map/Offsets,https://cgi.minorplanetcenter.net/cgi-bin/confirmeph2.cgi
20260526T124508Z,2026-05-26T12:45:08.846943Z,20260526T124508Z_batch01,KPMa1Ih,2026-05-26T21:00:00Z,11 07 38.0,166.90833333333333,-28 34 44,-28.578888888888887,111.4,23.5,1.06,175.6,Map/Offsets,https://cgi.minorplanetcenter.net/cgi-bin/confirmeph2.cgi
20260526T124508Z,2026-05-26T12:45:08.846943Z,20260526T124508Z_batch01,KPMa1Ih,2026-05-26T22:00:00Z,11 07 38.4,166.91000000000003,-28 35 47,-28.59638888888889,111.4,23.5,1.06,175.5,Map/Offsets,https://cgi.minorplanetcenter.net/cgi-bin/confirmeph2.cgi
20260526T124508Z,2026-05-26T12:45:08.846943Z,20260526T124508Z_batch01,KPMa1Ih,2026-05-26T23:00:00Z,11 07 38.8,166.91166666666666,-28 36 51,-28.61416666666667,111.4,23.5,1.06,175.5,Map/Offsets,https://cgi.minorplanetcenter.net/cgi-bin/confirmeph2.cgi
20260526T124508Z,2026-05-26T12:45:08.846943Z,20260526T124508Z_batch01,KPMa1Ih,2026-05-27T00:00:00Z,11 07 39.2,166.91333333333336,-28 37 54,-28.631666666666668,111.3,23.5,1.06,175.4,Map/Offsets,https://cgi.minorplanetcenter.net/cgi-bin/confirmeph2.cgi
20260526T124508Z,2026-05-26T12:45:08.846943Z,20260526T124508Z_batch01,KPMa1Ih,2026-05-27T01:00:00Z,11 07 39.5,166.91458333333333,-28 38 57,-28.649166666666666,111.3,23.5,1.06,175.4,Map/Offsets,https://cgi.minorplanetcenter.net/cgi-bin/confirmeph2.cgi
20260526T124508Z,2026-05-26T12:45:08.846943Z,20260526T124508Z_batch01,KPMa1Ih,2026-05-27T02:00:00Z,11 07 39.9,166.91625000000002,-28 40 00,-28.666666666666668,111.3,23.5,1.06,175.3,Map/Offsets,https://cgi.minorplanetcenter.net/cgi-bin/confirmeph2.cgi
20260526T124508Z,2026-05-26T12:45:08.846943Z,20260526T124508Z_batch01,KPMa1Ih,2026-05-27T03:00:00Z,11 07 40.3,166.91791666666666,-28 41 03,-28.684166666666666,111.2,23.5,1.05,175.2,Map/Offsets,https://cgi.minorplanetcenter.net/cgi-bin/confirmeph2.cgi
20260526T124508Z,2026-05-26T12:45:08.846943Z,20260526T124508Z_batch01,KPMa1Ih,2026-05-27T04:00:00Z,11 07 40.7,166.91958333333335,-28 42 06,-28.701666666666664,111.2,23.5,1.05,175.2,Map/Offsets,https://cgi.minorplanetcenter.net/cgi-bin/confirmeph2.cgi
20260526T124508Z,2026-05-26T12:45:08.846943Z,20260526T124508Z_batch01,KPMa1Ih,2026-05-27T05:00:00Z,11 07 41.1,166.92125000000001,-28 43 09,-28.719166666666666,111.2,23.5,1.05,175.1,Map/Offsets,https://cgi.minorplanetcenter.net/cgi-bin/confirmeph2.cgi
20260526T124508Z,2026-05-26T12:45:08.846943Z,20260526T124508Z_batch01,KPMa1Ih,2026-05-27T06:00:00Z,11 07 41.6,166.92333333333332,-28 44 12,-28.736666666666668,111.2,23.5,1.05,175.0,Map/Offsets,https://cgi.minorplanetcenter.net/cgi-bin/confirmeph2.cgi
20260526T124508Z,2026-05-26T12:45:08.846943Z,20260526T124508Z_batch01,KPMa1Ih,2026-05-27T07:00:00Z,11 07 42.0,166.925,-28 45 15,-28.754166666666666,111.1,23.5,1.05,175.0,Map/Offsets,https://cgi.minorplanetcenter.net/cgi-bin/confirmeph2.cgi
20260526T124508Z,2026-05-26T12:45:08.846943Z,20260526T124508Z_batch01,KPMa1Ih,2026-05-27T08:00:00Z,11 07 42.4,166.92666666666668,-28 46 18,-28.771666666666665,111.1,23.5,1.05,174.9,Map/Offsets,https://cgi.minorplanetcenter.net/cgi-bin/confirmeph2.cgi
20260526T124508Z,2026-05-26T12:45:08.846943Z,20260526T124508Z_batch01,KPMa1Ih,2026-05-27T09:00:00Z,11 07 42.8,166.92833333333334,-28 47 21,-28.789166666666667,111.1,23.5,1.05,174.8,Map/Offsets,https://cgi.minorplanetcenter.net/cgi-bin/confirmeph2.cgi
20260526T124508Z,2026-05-26T12:45:08.846943Z,20260526T124508Z_batch01,KPMa1Ih,2026-05-27T10:00:00Z,11 07 43.3,166.93041666666667,-28 48 23,-28.80638888888889,111.0,23.5,1.05,174.8,Map/Offsets,https://cgi.minorplanetcenter.net/cgi-bin/confirmeph2.cgi
20260526T124508Z,2026-05-26T12:45:08.846943Z,20260526T124508Z_batch01,KPMa1Ih,2026-05-27T11:00:00Z,11 07 43.7,166.93208333333334,-28 49 26,-28.823888888888888,111.0,23.5,1.05,174.7,Map/Offsets,https://cgi.minorplanetcenter.net/cgi-bin/confirmeph2.cgi
