snapshot_id,fetched_at_utc,batch_id,designation,ephem_time_utc,ra_hms,ra_deg,dec_dms,dec_deg,elong_deg,v_mag,motion_arcsec_per_min,pa_deg,uncertainty,source_url
20260525T024412Z,2026-05-25T02:44:12.517282Z,20260525T024412Z_batch01,6EO3221,2026-05-25T01:00:00Z,11 07 06.1,166.77541666666667,-41 49 39,-41.8275,114.9,17.6,8.68,42.3,Map/Offsets   !,https://cgi.minorplanetcenter.net/cgi-bin/confirmeph2.cgi
20260525T024412Z,2026-05-25T02:44:12.517282Z,20260525T024412Z_batch01,6EO3221,2026-05-25T02:00:00Z,11 07 37.8,166.90750000000003,-41 43 08,-41.71888888888889,115.0,17.6,8.91,42.2,Map/Offsets   !,https://cgi.minorplanetcenter.net/cgi-bin/confirmeph2.cgi
20260525T024412Z,2026-05-25T02:44:12.517282Z,20260525T024412Z_batch01,6EO3221,2026-05-25T03:00:00Z,11 08 10.2,167.0425,-41 36 27,-41.6075,115.0,17.5,9.14,42.1,Map/Offsets   !,https://cgi.minorplanetcenter.net/cgi-bin/confirmeph2.cgi
20260525T024412Z,2026-05-25T02:44:12.517282Z,20260525T024412Z_batch01,6EO3221,2026-05-25T04:00:00Z,11 08 43.4,167.18083333333334,-41 29 35,-41.49305555555556,115.1,17.5,9.38,42.0,Map/Offsets   !,https://cgi.minorplanetcenter.net/cgi-bin/confirmeph2.cgi
20260525T024412Z,2026-05-25T02:44:12.517282Z,20260525T024412Z_batch01,6EO3221,2026-05-25T05:00:00Z,11 09 17.3,167.32208333333335,-41 22 31,-41.375277777777775,115.2,17.5,9.62,41.9,Map/Offsets   !,https://cgi.minorplanetcenter.net/cgi-bin/confirmeph2.cgi
20260525T024412Z,2026-05-25T02:44:12.517282Z,20260525T024412Z_batch01,6EO3221,2026-05-25T06:00:00Z,11 09 52.0,167.46666666666667,-41 15 15,-41.25416666666667,115.2,17.4,9.88,41.8,Map/Offsets   !,https://cgi.minorplanetcenter.net/cgi-bin/confirmeph2.cgi
20260525T024412Z,2026-05-25T02:44:12.517282Z,20260525T024412Z_batch01,6EO3221,2026-05-25T07:00:00Z,11 10 27.4,167.61416666666665,-41 07 47,-41.12972222222222,115.3,17.4,10.15,41.8,Map/Offsets   !,https://cgi.minorplanetcenter.net/cgi-bin/confirmeph2.cgi
20260525T024412Z,2026-05-25T02:44:12.517282Z,20260525T024412Z_batch01,6EO3221,2026-05-25T08:00:00Z,11 11 03.8,167.76583333333335,-41 00 07,-41.00194444444445,115.4,17.4,10.43,41.7,Map/Offsets   !,https://cgi.minorplanetcenter.net/cgi-bin/confirmeph2.cgi
20260525T024412Z,2026-05-25T02:44:12.517282Z,20260525T024412Z_batch01,6EO3221,2026-05-25T09:00:00Z,11 11 41.0,167.92083333333332,-40 52 12,-40.87,115.4,17.4,10.72,41.6,Map/Offsets   !,https://cgi.minorplanetcenter.net/cgi-bin/confirmeph2.cgi
20260525T024412Z,2026-05-25T02:44:12.517282Z,20260525T024412Z_batch01,6EO3221,2026-05-25T10:00:00Z,11 12 19.1,168.07958333333332,-40 44 04,-40.73444444444444,115.5,17.3,11.03,41.5,Map/Offsets   !,https://cgi.minorplanetcenter.net/cgi-bin/confirmeph2.cgi
20260525T024412Z,2026-05-25T02:44:12.517282Z,20260525T024412Z_batch01,6EO3221,2026-05-25T11:00:00Z,11 12 58.1,168.24208333333334,-40 35 41,-40.594722222222224,115.6,17.3,11.34,41.4,Map/Offsets   !,https://cgi.minorplanetcenter.net/cgi-bin/confirmeph2.cgi
20260525T024412Z,2026-05-25T02:44:12.517282Z,20260525T024412Z_batch01,6EO3221,2026-05-25T12:00:00Z,11 13 38.1,168.40875,-40 27 02,-40.45055555555556,115.7,17.3,11.67,41.3,Map/Offsets   !,https://cgi.minorplanetcenter.net/cgi-bin/confirmeph2.cgi
20260525T024412Z,2026-05-25T02:44:12.517282Z,20260525T024412Z_batch01,6EO3221,2026-05-25T13:00:00Z,11 14 19.1,168.57958333333332,-40 18 08,-40.30222222222222,115.8,17.2,12.02,41.2,Map/Offsets   !,https://cgi.minorplanetcenter.net/cgi-bin/confirmeph2.cgi
20260525T024412Z,2026-05-25T02:44:12.517282Z,20260525T024412Z_batch01,6EO3221,2026-05-25T14:00:00Z,11 15 01.1,168.75458333333336,-40 08 57,-40.149166666666666,115.8,17.2,12.38,41.1,Map/Offsets   !,https://cgi.minorplanetcenter.net/cgi-bin/confirmeph2.cgi
20260525T024412Z,2026-05-25T02:44:12.517282Z,20260525T024412Z_batch01,6EO3221,2026-05-25T15:00:00Z,11 15 44.2,168.93416666666667,-39 59 28,-39.99111111111111,115.9,17.2,12.75,41.0,Map/Offsets   !,https://cgi.minorplanetcenter.net/cgi-bin/confirmeph2.cgi
20260525T024412Z,2026-05-25T02:44:12.517282Z,20260525T024412Z_batch01,6EO3221,2026-05-25T16:00:00Z,11 16 28.4,169.11833333333334,-39 49 41,-39.82805555555556,116.0,17.1,13.14,40.9,Map/Offsets   !,https://cgi.minorplanetcenter.net/cgi-bin/confirmeph2.cgi
20260525T024412Z,2026-05-25T02:44:12.517282Z,20260525T024412Z_batch01,6EO3221,2026-05-25T17:00:00Z,11 17 13.8,169.30749999999998,-39 39 35,-39.65972222222222,116.1,17.1,13.55,40.7,Map/Offsets   !,https://cgi.minorplanetcenter.net/cgi-bin/confirmeph2.cgi
20260525T024412Z,2026-05-25T02:44:12.517282Z,20260525T024412Z_batch01,6EO3221,2026-05-25T18:00:00Z,11 18 00.4,169.5016666666667,-39 29 09,-39.48583333333333,116.2,17.0,13.98,40.6,Map/Offsets   !,https://cgi.minorplanetcenter.net/cgi-bin/confirmeph2.cgi
20260525T024412Z,2026-05-25T02:44:12.517282Z,20260525T024412Z_batch01,6EO3221,2026-05-25T19:00:00Z,11 18 48.2,169.70083333333335,-39 18 22,-39.30611111111111,116.3,17.0,14.43,40.5,Map/Offsets   !,https://cgi.minorplanetcenter.net/cgi-bin/confirmeph2.cgi
20260525T024412Z,2026-05-25T02:44:12.517282Z,20260525T024412Z_batch01,6EO3221,2026-05-25T20:00:00Z,11 19 37.3,169.90541666666667,-39 07 12,-39.12,116.4,17.0,14.9,40.4,Map/Offsets   !,https://cgi.minorplanetcenter.net/cgi-bin/confirmeph2.cgi
20260525T024412Z,2026-05-25T02:44:12.517282Z,20260525T024412Z_batch01,6EO3221,2026-05-25T21:00:00Z,11 20 27.8,170.11583333333334,-38 55 39,-38.927499999999995,116.6,16.9,15.39,40.3,Map/Offsets   !,https://cgi.minorplanetcenter.net/cgi-bin/confirmeph2.cgi
20260525T024412Z,2026-05-25T02:44:12.517282Z,20260525T024412Z_batch01,6EO3221,2026-05-25T22:00:00Z,11 21 19.7,170.33208333333332,-38 43 42,-38.72833333333333,116.7,16.9,15.91,40.1,Map/Offsets   !,https://cgi.minorplanetcenter.net/cgi-bin/confirmeph2.cgi
20260525T024412Z,2026-05-25T02:44:12.517282Z,20260525T024412Z_batch01,6EO3221,2026-05-25T23:00:00Z,11 22 13.0,170.55416666666667,-38 31 19,-38.52194444444444,116.8,16.9,16.45,40.0,Map/Offsets   !,https://cgi.minorplanetcenter.net/cgi-bin/confirmeph2.cgi
20260525T024412Z,2026-05-25T02:44:12.517282Z,20260525T024412Z_batch01,6EO3221,2026-05-26T00:00:00Z,11 23 07.8,170.7825,-38 18 29,-38.308055555555555,116.9,16.8,17.02,39.9,Map/Offsets   !,https://cgi.minorplanetcenter.net/cgi-bin/confirmeph2.cgi
20260525T024412Z,2026-05-25T02:44:12.517282Z,20260525T024412Z_batch01,6EO3221,2026-05-26T01:00:00Z,11 24 04.3,171.01791666666665,-38 05 11,-38.08638888888889,117.1,16.8,17.62,39.7,Map/Offsets   !,https://cgi.minorplanetcenter.net/cgi-bin/confirmeph2.cgi
20260525T024412Z,2026-05-25T02:44:12.517282Z,20260525T024412Z_batch01,A11CUyv,2026-05-25T01:00:00Z,17 36 57.9,264.24125000000004,-58 01 16,-58.02111111111111,139.3,18.8,2.31,348.3,Map/Offsets,https://cgi.minorplanetcenter.net/cgi-bin/confirmeph2.cgi
20260525T024412Z,2026-05-25T02:44:12.517282Z,20260525T024412Z_batch01,A11CUyv,2026-05-25T02:00:00Z,17 36 54.4,264.2266666666667,-57 59 00,-57.983333333333334,139.4,18.8,2.31,348.3,Map/Offsets,https://cgi.minorplanetcenter.net/cgi-bin/confirmeph2.cgi
20260525T024412Z,2026-05-25T02:44:12.517282Z,20260525T024412Z_batch01,A11CUyv,2026-05-25T03:00:00Z,17 36 50.8,264.21166666666664,-57 56 45,-57.94583333333333,139.4,18.8,2.31,348.3,Map/Offsets,https://cgi.minorplanetcenter.net/cgi-bin/confirmeph2.cgi
20260525T024412Z,2026-05-25T02:44:12.517282Z,20260525T024412Z_batch01,A11CUyv,2026-05-25T04:00:00Z,17 36 47.3,264.19708333333335,-57 54 29,-57.908055555555556,139.5,18.8,2.31,348.3,Map/Offsets,https://cgi.minorplanetcenter.net/cgi-bin/confirmeph2.cgi
20260525T024412Z,2026-05-25T02:44:12.517282Z,20260525T024412Z_batch01,A11CUyv,2026-05-25T05:00:00Z,17 36 43.8,264.1825,-57 52 13,-57.87027777777778,139.5,18.8,2.31,348.3,Map/Offsets,https://cgi.minorplanetcenter.net/cgi-bin/confirmeph2.cgi
20260525T024412Z,2026-05-25T02:44:12.517282Z,20260525T024412Z_batch01,A11CUyv,2026-05-25T06:00:00Z,17 36 40.2,264.1675,-57 49 58,-57.83277777777778,139.6,18.8,2.31,348.3,Map/Offsets,https://cgi.minorplanetcenter.net/cgi-bin/confirmeph2.cgi
20260525T024412Z,2026-05-25T02:44:12.517282Z,20260525T024412Z_batch01,A11CUyv,2026-05-25T07:00:00Z,17 36 36.7,264.15291666666667,-57 47 42,-57.794999999999995,139.6,18.8,2.31,348.3,Map/Offsets,https://cgi.minorplanetcenter.net/cgi-bin/confirmeph2.cgi
20260525T024412Z,2026-05-25T02:44:12.517282Z,20260525T024412Z_batch01,A11CUyv,2026-05-25T08:00:00Z,17 36 33.2,264.1383333333333,-57 45 26,-57.757222222222225,139.7,18.8,2.31,348.3,Map/Offsets,https://cgi.minorplanetcenter.net/cgi-bin/confirmeph2.cgi
20260525T024412Z,2026-05-25T02:44:12.517282Z,20260525T024412Z_batch01,A11CUyv,2026-05-25T09:00:00Z,17 36 29.7,264.12375000000003,-57 43 10,-57.71944444444445,139.8,18.8,2.31,348.3,Map/Offsets,https://cgi.minorplanetcenter.net/cgi-bin/confirmeph2.cgi
20260525T024412Z,2026-05-25T02:44:12.517282Z,20260525T024412Z_batch01,A11CUyv,2026-05-25T10:00:00Z,17 36 26.2,264.1091666666667,-57 40 54,-57.681666666666665,139.8,18.8,2.31,348.3,Map/Offsets,https://cgi.minorplanetcenter.net/cgi-bin/confirmeph2.cgi
20260525T024412Z,2026-05-25T02:44:12.517282Z,20260525T024412Z_batch01,A11CUyv,2026-05-25T11:00:00Z,17 36 22.6,264.0941666666667,-57 38 38,-57.64388888888889,139.9,18.8,2.32,348.3,Map/Offsets,https://cgi.minorplanetcenter.net/cgi-bin/confirmeph2.cgi
20260525T024412Z,2026-05-25T02:44:12.517282Z,20260525T024412Z_batch01,A11CUyv,2026-05-25T12:00:00Z,17 36 19.1,264.07958333333335,-57 36 22,-57.60611111111111,139.9,18.8,2.32,348.3,Map/Offsets,https://cgi.minorplanetcenter.net/cgi-bin/confirmeph2.cgi
20260525T024412Z,2026-05-25T02:44:12.517282Z,20260525T024412Z_batch01,A11CUyv,2026-05-25T13:00:00Z,17 36 15.6,264.06500000000005,-57 34 06,-57.568333333333335,140.0,18.8,2.32,348.3,Map/Offsets,https://cgi.minorplanetcenter.net/cgi-bin/confirmeph2.cgi
20260525T024412Z,2026-05-25T02:44:12.517282Z,20260525T024412Z_batch01,A11CUyv,2026-05-25T14:00:00Z,17 36 12.1,264.0504166666667,-57 31 50,-57.53055555555555,140.0,18.8,2.32,348.3,Map/Offsets,https://cgi.minorplanetcenter.net/cgi-bin/confirmeph2.cgi
20260525T024412Z,2026-05-25T02:44:12.517282Z,20260525T024412Z_batch01,A11CUyv,2026-05-25T15:00:00Z,17 36 08.6,264.03583333333336,-57 29 34,-57.49277777777778,140.1,18.8,2.32,348.3,Map/Offsets,https://cgi.minorplanetcenter.net/cgi-bin/confirmeph2.cgi
20260525T024412Z,2026-05-25T02:44:12.517282Z,20260525T024412Z_batch01,A11CUyv,2026-05-25T16:00:00Z,17 36 05.1,264.02125,-57 27 17,-57.45472222222222,140.1,18.8,2.32,348.3,Map/Offsets,https://cgi.minorplanetcenter.net/cgi-bin/confirmeph2.cgi
20260525T024412Z,2026-05-25T02:44:12.517282Z,20260525T024412Z_batch01,A11CUyv,2026-05-25T17:00:00Z,17 36 01.6,264.00666666666666,-57 25 01,-57.41694444444444,140.2,18.8,2.32,348.3,Map/Offsets,https://cgi.minorplanetcenter.net/cgi-bin/confirmeph2.cgi
20260525T024412Z,2026-05-25T02:44:12.517282Z,20260525T024412Z_batch01,A11CUyv,2026-05-25T18:00:00Z,17 35 58.1,263.9920833333333,-57 22 44,-57.37888888888889,140.3,18.8,2.32,348.3,Map/Offsets,https://cgi.minorplanetcenter.net/cgi-bin/confirmeph2.cgi
20260525T024412Z,2026-05-25T02:44:12.517282Z,20260525T024412Z_batch01,A11CUyv,2026-05-25T19:00:00Z,17 35 54.6,263.97749999999996,-57 20 28,-57.34111111111111,140.3,18.8,2.32,348.3,Map/Offsets,https://cgi.minorplanetcenter.net/cgi-bin/confirmeph2.cgi
20260525T024412Z,2026-05-25T02:44:12.517282Z,20260525T024412Z_batch01,A11CUyv,2026-05-25T20:00:00Z,17 35 51.1,263.9629166666667,-57 18 11,-57.30305555555555,140.4,18.7,2.32,348.3,Map/Offsets,https://cgi.minorplanetcenter.net/cgi-bin/confirmeph2.cgi
20260525T024412Z,2026-05-25T02:44:12.517282Z,20260525T024412Z_batch01,A11CUyv,2026-05-25T21:00:00Z,17 35 47.6,263.9483333333333,-57 15 55,-57.265277777777776,140.4,18.7,2.33,348.3,Map/Offsets,https://cgi.minorplanetcenter.net/cgi-bin/confirmeph2.cgi
20260525T024412Z,2026-05-25T02:44:12.517282Z,20260525T024412Z_batch01,A11CUyv,2026-05-25T22:00:00Z,17 35 44.1,263.93375000000003,-57 13 38,-57.227222222222224,140.5,18.7,2.33,348.3,Map/Offsets,https://cgi.minorplanetcenter.net/cgi-bin/confirmeph2.cgi
20260525T024412Z,2026-05-25T02:44:12.517282Z,20260525T024412Z_batch01,A11CUyv,2026-05-25T23:00:00Z,17 35 40.6,263.9191666666666,-57 11 21,-57.189166666666665,140.5,18.7,2.33,348.3,Map/Offsets,https://cgi.minorplanetcenter.net/cgi-bin/confirmeph2.cgi
20260525T024412Z,2026-05-25T02:44:12.517282Z,20260525T024412Z_batch01,A11CUyv,2026-05-26T00:00:00Z,17 35 37.1,263.9045833333333,-57 09 05,-57.15138888888889,140.6,18.7,2.33,348.3,Map/Offsets,https://cgi.minorplanetcenter.net/cgi-bin/confirmeph2.cgi
20260525T024412Z,2026-05-25T02:44:12.517282Z,20260525T024412Z_batch01,A11CUyv,2026-05-26T01:00:00Z,17 35 33.7,263.8904166666667,-57 06 48,-57.11333333333334,140.6,18.7,2.33,348.3,Map/Offsets,https://cgi.minorplanetcenter.net/cgi-bin/confirmeph2.cgi
20260525T024412Z,2026-05-25T02:44:12.517282Z,20260525T024412Z_batch01,A11CUyu,2026-05-25T01:00:00Z,18 43 19.0,280.82916666666665,+08 48 55,8.815277777777778,131.3,18.2,12.94,231.3,Map/Offsets,https://cgi.minorplanetcenter.net/cgi-bin/confirmeph2.cgi
20260525T024412Z,2026-05-25T02:44:12.517282Z,20260525T024412Z_batch01,A11CUyu,2026-05-25T02:00:00Z,18 42 38.2,280.65916666666664,+08 40 49,8.680277777777777,131.5,18.2,12.93,231.2,Map/Offsets,https://cgi.minorplanetcenter.net/cgi-bin/confirmeph2.cgi
20260525T024412Z,2026-05-25T02:44:12.517282Z,20260525T024412Z_batch01,A11CUyu,2026-05-25T03:00:00Z,18 41 57.4,280.4891666666667,+08 32 43,8.545277777777777,131.8,18.1,12.93,231.2,Map/Offsets,https://cgi.minorplanetcenter.net/cgi-bin/confirmeph2.cgi
20260525T024412Z,2026-05-25T02:44:12.517282Z,20260525T024412Z_batch01,A11CUyu,2026-05-25T04:00:00Z,18 41 16.7,280.3195833333333,+08 24 37,8.410277777777779,132.0,18.1,12.92,231.2,Map/Offsets,https://cgi.minorplanetcenter.net/cgi-bin/confirmeph2.cgi
20260525T024412Z,2026-05-25T02:44:12.517282Z,20260525T024412Z_batch01,A11CUyu,2026-05-25T05:00:00Z,18 40 36.0,280.15000000000003,+08 16 32,8.275555555555556,132.2,18.1,12.91,231.2,Map/Offsets,https://cgi.minorplanetcenter.net/cgi-bin/confirmeph2.cgi
20260525T024412Z,2026-05-25T02:44:12.517282Z,20260525T024412Z_batch01,A11CUyu,2026-05-25T06:00:00Z,18 39 55.4,279.9808333333333,+08 08 26,8.140555555555554,132.5,18.1,12.9,231.1,Map/Offsets,https://cgi.minorplanetcenter.net/cgi-bin/confirmeph2.cgi
20260525T024412Z,2026-05-25T02:44:12.517282Z,20260525T024412Z_batch01,A11CUyu,2026-05-25T07:00:00Z,18 39 14.8,279.81166666666667,+08 00 21,8.005833333333333,132.7,18.1,12.89,231.1,Map/Offsets,https://cgi.minorplanetcenter.net/cgi-bin/confirmeph2.cgi
20260525T024412Z,2026-05-25T02:44:12.517282Z,20260525T024412Z_batch01,A11CUyu,2026-05-25T08:00:00Z,18 38 34.3,279.6429166666666,+07 52 16,7.871111111111111,133.0,18.1,12.87,231.1,Map/Offsets,https://cgi.minorplanetcenter.net/cgi-bin/confirmeph2.cgi
20260525T024412Z,2026-05-25T02:44:12.517282Z,20260525T024412Z_batch01,A11CUyu,2026-05-25T09:00:00Z,18 37 53.9,279.4745833333333,+07 44 11,7.7363888888888885,133.2,18.1,12.86,231.1,Map/Offsets,https://cgi.minorplanetcenter.net/cgi-bin/confirmeph2.cgi
20260525T024412Z,2026-05-25T02:44:12.517282Z,20260525T024412Z_batch01,A11CUyu,2026-05-25T10:00:00Z,18 37 13.6,279.3066666666667,+07 36 06,7.601666666666667,133.5,18.1,12.85,231.1,Map/Offsets,https://cgi.minorplanetcenter.net/cgi-bin/confirmeph2.cgi
20260525T024412Z,2026-05-25T02:44:12.517282Z,20260525T024412Z_batch01,A11CUyu,2026-05-25T11:00:00Z,18 36 33.2,279.1383333333333,+07 28 01,7.466944444444445,133.7,18.1,12.84,231.0,Map/Offsets,https://cgi.minorplanetcenter.net/cgi-bin/confirmeph2.cgi
20260525T024412Z,2026-05-25T02:44:12.517282Z,20260525T024412Z_batch01,A11CUyu,2026-05-25T12:00:00Z,18 35 53.0,278.9708333333333,+07 19 57,7.3325,133.9,18.1,12.83,231.0,Map/Offsets,https://cgi.minorplanetcenter.net/cgi-bin/confirmeph2.cgi
20260525T024412Z,2026-05-25T02:44:12.517282Z,20260525T024412Z_batch01,A11CUyu,2026-05-25T13:00:00Z,18 35 12.8,278.8033333333333,+07 11 52,7.197777777777778,134.2,18.1,12.82,231.0,Map/Offsets,https://cgi.minorplanetcenter.net/cgi-bin/confirmeph2.cgi
20260525T024412Z,2026-05-25T02:44:12.517282Z,20260525T024412Z_batch01,A11CUyu,2026-05-25T14:00:00Z,18 34 32.7,278.63625,+07 03 49,7.063611111111111,134.4,18.1,12.8,231.0,Map/Offsets,https://cgi.minorplanetcenter.net/cgi-bin/confirmeph2.cgi
20260525T024412Z,2026-05-25T02:44:12.517282Z,20260525T024412Z_batch01,A11CUyu,2026-05-25T15:00:00Z,18 33 52.7,278.46958333333333,+06 55 45,6.929166666666667,134.7,18.1,12.79,230.9,Map/Offsets,https://cgi.minorplanetcenter.net/cgi-bin/confirmeph2.cgi
20260525T024412Z,2026-05-25T02:44:12.517282Z,20260525T024412Z_batch01,A11CUyu,2026-05-25T16:00:00Z,18 33 12.7,278.30291666666665,+06 47 42,6.795,134.9,18.1,12.78,230.9,Map/Offsets,https://cgi.minorplanetcenter.net/cgi-bin/confirmeph2.cgi
20260525T024412Z,2026-05-25T02:44:12.517282Z,20260525T024412Z_batch01,A11CUyu,2026-05-25T17:00:00Z,18 32 32.8,278.13666666666666,+06 39 39,6.660833333333334,135.2,18.1,12.76,230.9,Map/Offsets,https://cgi.minorplanetcenter.net/cgi-bin/confirmeph2.cgi
20260525T024412Z,2026-05-25T02:44:12.517282Z,20260525T024412Z_batch01,A11CUyu,2026-05-25T18:00:00Z,18 31 52.9,277.97041666666667,+06 31 36,6.526666666666666,135.4,18.1,12.75,230.9,Map/Offsets,https://cgi.minorplanetcenter.net/cgi-bin/confirmeph2.cgi
20260525T024412Z,2026-05-25T02:44:12.517282Z,20260525T024412Z_batch01,A11CUyu,2026-05-25T19:00:00Z,18 31 13.1,277.8045833333333,+06 23 34,6.392777777777778,135.6,18.1,12.73,230.9,Map/Offsets,https://cgi.minorplanetcenter.net/cgi-bin/confirmeph2.cgi
20260525T024412Z,2026-05-25T02:44:12.517282Z,20260525T024412Z_batch01,A11CUyu,2026-05-25T20:00:00Z,18 30 33.4,277.6391666666667,+06 15 32,6.2588888888888885,135.9,18.1,12.72,230.8,Map/Offsets,https://cgi.minorplanetcenter.net/cgi-bin/confirmeph2.cgi
20260525T024412Z,2026-05-25T02:44:12.517282Z,20260525T024412Z_batch01,A11CUyu,2026-05-25T21:00:00Z,18 29 53.7,277.47375000000005,+06 07 30,6.125,136.1,18.1,12.7,230.8,Map/Offsets,https://cgi.minorplanetcenter.net/cgi-bin/confirmeph2.cgi
20260525T024412Z,2026-05-25T02:44:12.517282Z,20260525T024412Z_batch01,A11CUyu,2026-05-25T22:00:00Z,18 29 14.2,277.30916666666667,+05 59 29,5.991388888888889,136.4,18.1,12.69,230.8,Map/Offsets,https://cgi.minorplanetcenter.net/cgi-bin/confirmeph2.cgi
20260525T024412Z,2026-05-25T02:44:12.517282Z,20260525T024412Z_batch01,A11CUyu,2026-05-25T23:00:00Z,18 28 34.6,277.14416666666665,+05 51 28,5.857777777777778,136.6,18.1,12.67,230.8,Map/Offsets,https://cgi.minorplanetcenter.net/cgi-bin/confirmeph2.cgi
20260525T024412Z,2026-05-25T02:44:12.517282Z,20260525T024412Z_batch01,A11CUyu,2026-05-26T00:00:00Z,18 27 55.2,276.98,+05 43 28,5.724444444444445,136.8,18.1,12.65,230.8,Map/Offsets,https://cgi.minorplanetcenter.net/cgi-bin/confirmeph2.cgi
20260525T024412Z,2026-05-25T02:44:12.517282Z,20260525T024412Z_batch01,A11CUyu,2026-05-26T01:00:00Z,18 27 15.8,276.81583333333333,+05 35 28,5.591111111111111,137.1,18.1,12.64,230.8,Map/Offsets,https://cgi.minorplanetcenter.net/cgi-bin/confirmeph2.cgi
20260525T024412Z,2026-05-25T02:44:12.517282Z,20260525T024412Z_batch01,P12nfw2,2026-05-25T01:00:00Z,20 59 05.9,314.77458333333334,-04 16 17,-4.271388888888889,107.1,21.2,2.64,65.9,Map/Offsets,https://cgi.minorplanetcenter.net/cgi-bin/confirmeph2.cgi
20260525T024412Z,2026-05-25T02:44:12.517282Z,20260525T024412Z_batch01,P12nfw2,2026-05-25T02:00:00Z,20 59 15.6,314.81500000000005,-04 15 12,-4.253333333333333,107.1,21.2,2.66,65.9,Map/Offsets,https://cgi.minorplanetcenter.net/cgi-bin/confirmeph2.cgi
20260525T024412Z,2026-05-25T02:44:12.517282Z,20260525T024412Z_batch01,P12nfw2,2026-05-25T03:00:00Z,20 59 25.4,314.85583333333335,-04 14 07,-4.235277777777778,107.1,21.2,2.68,65.9,Map/Offsets,https://cgi.minorplanetcenter.net/cgi-bin/confirmeph2.cgi
20260525T024412Z,2026-05-25T02:44:12.517282Z,20260525T024412Z_batch01,P12nfw2,2026-05-25T04:00:00Z,20 59 35.3,314.89708333333334,-04 13 01,-4.216944444444445,107.1,21.2,2.7,65.9,Map/Offsets,https://cgi.minorplanetcenter.net/cgi-bin/confirmeph2.cgi
20260525T024412Z,2026-05-25T02:44:12.517282Z,20260525T024412Z_batch01,P12nfw2,2026-05-25T05:00:00Z,20 59 45.2,314.93833333333333,-04 11 54,-4.198333333333333,107.1,21.2,2.72,65.9,Map/Offsets,https://cgi.minorplanetcenter.net/cgi-bin/confirmeph2.cgi
20260525T024412Z,2026-05-25T02:44:12.517282Z,20260525T024412Z_batch01,P12nfw2,2026-05-25T06:00:00Z,20 59 55.2,314.98,-04 10 47,-4.179722222222223,107.1,21.2,2.75,65.9,Map/Offsets,https://cgi.minorplanetcenter.net/cgi-bin/confirmeph2.cgi
20260525T024412Z,2026-05-25T02:44:12.517282Z,20260525T024412Z_batch01,P12nfw2,2026-05-25T07:00:00Z,21 00 05.3,315.02208333333334,-04 09 40,-4.161111111111111,107.1,21.2,2.77,65.9,Map/Offsets,https://cgi.minorplanetcenter.net/cgi-bin/confirmeph2.cgi
20260525T024412Z,2026-05-25T02:44:12.517282Z,20260525T024412Z_batch01,P12nfw2,2026-05-25T08:00:00Z,21 00 15.5,315.0645833333333,-04 08 32,-4.142222222222222,107.1,21.2,2.79,65.9,Map/Offsets,https://cgi.minorplanetcenter.net/cgi-bin/confirmeph2.cgi
20260525T024412Z,2026-05-25T02:44:12.517282Z,20260525T024412Z_batch01,P12nfw2,2026-05-25T09:00:00Z,21 00 25.8,315.1075,-04 07 23,-4.123055555555555,107.1,21.2,2.82,65.9,Map/Offsets,https://cgi.minorplanetcenter.net/cgi-bin/confirmeph2.cgi
20260525T024412Z,2026-05-25T02:44:12.517282Z,20260525T024412Z_batch01,P12nfw2,2026-05-25T10:00:00Z,21 00 36.1,315.1504166666667,-04 06 14,-4.103888888888888,107.1,21.1,2.84,65.9,Map/Offsets,https://cgi.minorplanetcenter.net/cgi-bin/confirmeph2.cgi
20260525T024412Z,2026-05-25T02:44:12.517282Z,20260525T024412Z_batch01,P12nfw2,2026-05-25T11:00:00Z,21 00 46.6,315.19416666666666,-04 05 04,-4.084444444444444,107.1,21.1,2.87,65.9,Map/Offsets,https://cgi.minorplanetcenter.net/cgi-bin/confirmeph2.cgi
20260525T024412Z,2026-05-25T02:44:12.517282Z,20260525T024412Z_batch01,P12nfw2,2026-05-25T12:00:00Z,21 00 57.1,315.23791666666665,-04 03 53,-4.064722222222222,107.0,21.1,2.89,65.9,Map/Offsets,https://cgi.minorplanetcenter.net/cgi-bin/confirmeph2.cgi
20260525T024412Z,2026-05-25T02:44:12.517282Z,20260525T024412Z_batch01,P12nfw2,2026-05-25T13:00:00Z,21 01 07.7,315.28208333333333,-04 02 42,-4.045,107.0,21.1,2.92,65.9,Map/Offsets,https://cgi.minorplanetcenter.net/cgi-bin/confirmeph2.cgi
20260525T024412Z,2026-05-25T02:44:12.517282Z,20260525T024412Z_batch01,P12nfw2,2026-05-25T14:00:00Z,21 01 18.5,315.32708333333335,-04 01 30,-4.025,107.0,21.1,2.94,65.9,Map/Offsets,https://cgi.minorplanetcenter.net/cgi-bin/confirmeph2.cgi
20260525T024412Z,2026-05-25T02:44:12.517282Z,20260525T024412Z_batch01,P12nfw2,2026-05-25T15:00:00Z,21 01 29.3,315.37208333333336,-04 00 18,-4.005,107.0,21.1,2.97,65.9,Map/Offsets,https://cgi.minorplanetcenter.net/cgi-bin/confirmeph2.cgi
20260525T024412Z,2026-05-25T02:44:12.517282Z,20260525T024412Z_batch01,P12nfw2,2026-05-25T16:00:00Z,21 01 40.2,315.4175,-03 59 04,-3.9844444444444447,107.0,21.1,2.99,65.9,Map/Offsets,https://cgi.minorplanetcenter.net/cgi-bin/confirmeph2.cgi
20260525T024412Z,2026-05-25T02:44:12.517282Z,20260525T024412Z_batch01,P12nfw2,2026-05-25T17:00:00Z,21 01 51.2,315.4633333333333,-03 57 51,-3.964166666666667,107.0,21.1,3.02,65.9,Map/Offsets,https://cgi.minorplanetcenter.net/cgi-bin/confirmeph2.cgi
20260525T024412Z,2026-05-25T02:44:12.517282Z,20260525T024412Z_batch01,P12nfw2,2026-05-25T18:00:00Z,21 02 02.3,315.50958333333335,-03 56 36,-3.9433333333333334,107.0,21.1,3.05,65.9,Map/Offsets,https://cgi.minorplanetcenter.net/cgi-bin/confirmeph2.cgi
20260525T024412Z,2026-05-25T02:44:12.517282Z,20260525T024412Z_batch01,P12nfw2,2026-05-25T19:00:00Z,21 02 13.5,315.55625000000003,-03 55 21,-3.9225,107.0,21.1,3.08,65.9,Map/Offsets,https://cgi.minorplanetcenter.net/cgi-bin/confirmeph2.cgi
20260525T024412Z,2026-05-25T02:44:12.517282Z,20260525T024412Z_batch01,P12nfw2,2026-05-25T20:00:00Z,21 02 24.8,315.60333333333335,-03 54 05,-3.901388888888889,107.0,21.1,3.1,65.8,Map/Offsets,https://cgi.minorplanetcenter.net/cgi-bin/confirmeph2.cgi
20260525T024412Z,2026-05-25T02:44:12.517282Z,20260525T024412Z_batch01,P12nfw2,2026-05-25T21:00:00Z,21 02 36.2,315.65083333333337,-03 52 49,-3.8802777777777777,106.9,21.0,3.13,65.8,Map/Offsets,https://cgi.minorplanetcenter.net/cgi-bin/confirmeph2.cgi
20260525T024412Z,2026-05-25T02:44:12.517282Z,20260525T024412Z_batch01,P12nfw2,2026-05-25T22:00:00Z,21 02 47.7,315.69875,-03 51 31,-3.858611111111111,106.9,21.0,3.16,65.8,Map/Offsets,https://cgi.minorplanetcenter.net/cgi-bin/confirmeph2.cgi
20260525T024412Z,2026-05-25T02:44:12.517282Z,20260525T024412Z_batch01,P12nfw2,2026-05-25T23:00:00Z,21 02 59.3,315.74708333333336,-03 50 13,-3.8369444444444447,106.9,21.0,3.19,65.8,Map/Offsets,https://cgi.minorplanetcenter.net/cgi-bin/confirmeph2.cgi
20260525T024412Z,2026-05-25T02:44:12.517282Z,20260525T024412Z_batch01,P12nfw2,2026-05-26T00:00:00Z,21 03 11.1,315.79625,-03 48 55,-3.8152777777777778,106.9,21.0,3.22,65.8,Map/Offsets,https://cgi.minorplanetcenter.net/cgi-bin/confirmeph2.cgi
20260525T024412Z,2026-05-25T02:44:12.517282Z,20260525T024412Z_batch01,P12nfw2,2026-05-26T01:00:00Z,21 03 22.9,315.84541666666667,-03 47 35,-3.7930555555555556,106.9,21.0,3.25,65.8,Map/Offsets,https://cgi.minorplanetcenter.net/cgi-bin/confirmeph2.cgi
20260525T024412Z,2026-05-25T02:44:12.517282Z,20260525T024412Z_batch01,NAOCLYL,2026-05-25T01:00:00Z,15 53 42.0,238.42499999999998,-20 47 14,-20.787222222222223,177.1,21.6,2.52,3.4,Map/Offsets,https://cgi.minorplanetcenter.net/cgi-bin/confirmeph2.cgi
20260525T024412Z,2026-05-25T02:44:12.517282Z,20260525T024412Z_batch01,NAOCLYL,2026-05-25T02:00:00Z,15 53 42.6,238.4275,-20 44 43,-20.74527777777778,177.1,21.6,2.52,3.4,Map/Offsets,https://cgi.minorplanetcenter.net/cgi-bin/confirmeph2.cgi
20260525T024412Z,2026-05-25T02:44:12.517282Z,20260525T024412Z_batch01,NAOCLYL,2026-05-25T03:00:00Z,15 53 43.2,238.43,-20 42 12,-20.703333333333333,177.1,21.6,2.52,3.4,Map/Offsets,https://cgi.minorplanetcenter.net/cgi-bin/confirmeph2.cgi
20260525T024412Z,2026-05-25T02:44:12.517282Z,20260525T024412Z_batch01,NAOCLYL,2026-05-25T04:00:00Z,15 53 43.9,238.43291666666667,-20 39 41,-20.661388888888887,177.0,21.6,2.52,3.4,Map/Offsets,https://cgi.minorplanetcenter.net/cgi-bin/confirmeph2.cgi
20260525T024412Z,2026-05-25T02:44:12.517282Z,20260525T024412Z_batch01,NAOCLYL,2026-05-25T05:00:00Z,15 53 44.5,238.43541666666667,-20 37 10,-20.619444444444444,177.0,21.6,2.52,3.4,Map/Offsets,https://cgi.minorplanetcenter.net/cgi-bin/confirmeph2.cgi
20260525T024412Z,2026-05-25T02:44:12.517282Z,20260525T024412Z_batch01,NAOCLYL,2026-05-25T06:00:00Z,15 53 45.1,238.43791666666667,-20 34 39,-20.5775,176.9,21.6,2.52,3.4,Map/Offsets,https://cgi.minorplanetcenter.net/cgi-bin/confirmeph2.cgi
20260525T024412Z,2026-05-25T02:44:12.517282Z,20260525T024412Z_batch01,NAOCLYL,2026-05-25T07:00:00Z,15 53 45.8,238.44083333333333,-20 32 08,-20.535555555555558,176.9,21.6,2.52,3.4,Map/Offsets,https://cgi.minorplanetcenter.net/cgi-bin/confirmeph2.cgi
20260525T024412Z,2026-05-25T02:44:12.517282Z,20260525T024412Z_batch01,NAOCLYL,2026-05-25T08:00:00Z,15 53 46.4,238.44333333333333,-20 29 38,-20.49388888888889,176.9,21.6,2.52,3.4,Map/Offsets,https://cgi.minorplanetcenter.net/cgi-bin/confirmeph2.cgi
20260525T024412Z,2026-05-25T02:44:12.517282Z,20260525T024412Z_batch01,NAOCLYL,2026-05-25T09:00:00Z,15 53 47.1,238.44625,-20 27 07,-20.451944444444443,176.8,21.6,2.52,3.4,Map/Offsets,https://cgi.minorplanetcenter.net/cgi-bin/confirmeph2.cgi
20260525T024412Z,2026-05-25T02:44:12.517282Z,20260525T024412Z_batch01,NAOCLYL,2026-05-25T10:00:00Z,15 53 47.7,238.44875,-20 24 36,-20.41,176.8,21.6,2.52,3.4,Map/Offsets,https://cgi.minorplanetcenter.net/cgi-bin/confirmeph2.cgi
20260525T024412Z,2026-05-25T02:44:12.517282Z,20260525T024412Z_batch01,NAOCLYL,2026-05-25T11:00:00Z,15 53 48.3,238.45125,-20 22 05,-20.368055555555557,176.7,21.6,2.52,3.4,Map/Offsets,https://cgi.minorplanetcenter.net/cgi-bin/confirmeph2.cgi
20260525T024412Z,2026-05-25T02:44:12.517282Z,20260525T024412Z_batch01,NAOCLYL,2026-05-25T12:00:00Z,15 53 49.0,238.45416666666665,-20 19 35,-20.32638888888889,176.7,21.6,2.52,3.4,Map/Offsets,https://cgi.minorplanetcenter.net/cgi-bin/confirmeph2.cgi
20260525T024412Z,2026-05-25T02:44:12.517282Z,20260525T024412Z_batch01,NAOCLYL,2026-05-25T13:00:00Z,15 53 49.6,238.45666666666665,-20 17 04,-20.284444444444446,176.6,21.6,2.52,3.4,Map/Offsets,https://cgi.minorplanetcenter.net/cgi-bin/confirmeph2.cgi
20260525T024412Z,2026-05-25T02:44:12.517282Z,20260525T024412Z_batch01,NAOCLYL,2026-05-25T14:00:00Z,15 53 50.2,238.45916666666665,-20 14 33,-20.2425,176.6,21.6,2.52,3.4,Map/Offsets,https://cgi.minorplanetcenter.net/cgi-bin/confirmeph2.cgi
20260525T024412Z,2026-05-25T02:44:12.517282Z,20260525T024412Z_batch01,NAOCLYL,2026-05-25T15:00:00Z,15 53 50.9,238.4620833333333,-20 12 03,-20.200833333333332,176.5,21.6,2.52,3.4,Map/Offsets,https://cgi.minorplanetcenter.net/cgi-bin/confirmeph2.cgi
20260525T024412Z,2026-05-25T02:44:12.517282Z,20260525T024412Z_batch01,NAOCLYL,2026-05-25T16:00:00Z,15 53 51.5,238.46458333333334,-20 09 32,-20.15888888888889,176.5,21.6,2.51,3.4,Map/Offsets,https://cgi.minorplanetcenter.net/cgi-bin/confirmeph2.cgi
20260525T024412Z,2026-05-25T02:44:12.517282Z,20260525T024412Z_batch01,NAOCLYL,2026-05-25T17:00:00Z,15 53 52.2,238.4675,-20 07 01,-20.116944444444446,176.4,21.6,2.51,3.4,Map/Offsets,https://cgi.minorplanetcenter.net/cgi-bin/confirmeph2.cgi
20260525T024412Z,2026-05-25T02:44:12.517282Z,20260525T024412Z_batch01,NAOCLYL,2026-05-25T18:00:00Z,15 53 52.8,238.47,-20 04 31,-20.075277777777778,176.4,21.6,2.51,3.4,Map/Offsets,https://cgi.minorplanetcenter.net/cgi-bin/confirmeph2.cgi
20260525T024412Z,2026-05-25T02:44:12.517282Z,20260525T024412Z_batch01,NAOCLYL,2026-05-25T19:00:00Z,15 53 53.4,238.4725,-20 02 00,-20.033333333333335,176.3,21.6,2.51,3.4,Map/Offsets,https://cgi.minorplanetcenter.net/cgi-bin/confirmeph2.cgi
20260525T024412Z,2026-05-25T02:44:12.517282Z,20260525T024412Z_batch01,NAOCLYL,2026-05-25T20:00:00Z,15 53 54.1,238.47541666666666,-19 59 30,-19.991666666666667,176.3,21.6,2.51,3.4,Map/Offsets,https://cgi.minorplanetcenter.net/cgi-bin/confirmeph2.cgi
20260525T024412Z,2026-05-25T02:44:12.517282Z,20260525T024412Z_batch01,NAOCLYL,2026-05-25T21:00:00Z,15 53 54.7,238.47791666666666,-19 56 59,-19.949722222222224,176.3,21.6,2.51,3.4,Map/Offsets,https://cgi.minorplanetcenter.net/cgi-bin/confirmeph2.cgi
20260525T024412Z,2026-05-25T02:44:12.517282Z,20260525T024412Z_batch01,NAOCLYL,2026-05-25T22:00:00Z,15 53 55.4,238.48083333333332,-19 54 29,-19.908055555555553,176.2,21.6,2.51,3.4,Map/Offsets,https://cgi.minorplanetcenter.net/cgi-bin/confirmeph2.cgi
20260525T024412Z,2026-05-25T02:44:12.517282Z,20260525T024412Z_batch01,NAOCLYL,2026-05-25T23:00:00Z,15 53 56.0,238.48333333333335,-19 51 58,-19.866111111111113,176.2,21.6,2.51,3.4,Map/Offsets,https://cgi.minorplanetcenter.net/cgi-bin/confirmeph2.cgi
20260525T024412Z,2026-05-25T02:44:12.517282Z,20260525T024412Z_batch01,NAOCLYL,2026-05-26T00:00:00Z,15 53 56.6,238.48583333333335,-19 49 28,-19.824444444444445,176.1,21.6,2.51,3.4,Map/Offsets,https://cgi.minorplanetcenter.net/cgi-bin/confirmeph2.cgi
20260525T024412Z,2026-05-25T02:44:12.517282Z,20260525T024412Z_batch01,NAOCLYL,2026-05-26T01:00:00Z,15 53 57.3,238.48875,-19 46 57,-19.7825,176.0,21.6,2.51,3.4,Map/Offsets,https://cgi.minorplanetcenter.net/cgi-bin/confirmeph2.cgi
20260525T024412Z,2026-05-25T02:44:12.517282Z,20260525T024412Z_batch01,A11CQzo,2026-05-25T01:00:00Z,19 06 43.3,286.6804166666667,-18 37 46,-18.629444444444445,137.5,17.7,121.6,94.6,Map/Offsets   ***,https://cgi.minorplanetcenter.net/cgi-bin/confirmeph2.cgi
20260525T024412Z,2026-05-25T02:44:12.517282Z,20260525T024412Z_batch01,A11CQzo,2026-05-25T02:00:00Z,19 15 03.7,288.7654166666667,-18 46 41,-18.778055555555554,135.7,17.8,116.1,94.0,Map/Offsets   ***,https://cgi.minorplanetcenter.net/cgi-bin/confirmeph2.cgi
20260525T024412Z,2026-05-25T02:44:12.517282Z,20260525T024412Z_batch01,A11CQzo,2026-05-25T03:00:00Z,19 23 01.9,290.75791666666663,-18 53 53,-18.898055555555555,133.9,17.9,110.7,93.3,Map/Offsets   ***,https://cgi.minorplanetcenter.net/cgi-bin/confirmeph2.cgi
20260525T024412Z,2026-05-25T02:44:12.517282Z,20260525T024412Z_batch01,A11CQzo,2026-05-25T04:00:00Z,19 30 38.2,292.65916666666664,-18 59 34,-18.99277777777778,132.2,18.0,105.5,92.7,Map/Offsets   ***,https://cgi.minorplanetcenter.net/cgi-bin/confirmeph2.cgi
20260525T024412Z,2026-05-25T02:44:12.517282Z,20260525T024412Z_batch01,A11CQzo,2026-05-25T05:00:00Z,19 37 53.3,294.47208333333333,-19 03 54,-19.065,130.5,18.1,100.4,92.1,Map/Offsets   ***,https://cgi.minorplanetcenter.net/cgi-bin/confirmeph2.cgi
20260525T024412Z,2026-05-25T02:44:12.517282Z,20260525T024412Z_batch01,A11CQzo,2026-05-25T06:00:00Z,19 44 47.7,296.19875,-19 07 02,-19.11722222222222,129.0,18.2,95.54,91.5,Map/Offsets   ***,https://cgi.minorplanetcenter.net/cgi-bin/confirmeph2.cgi
20260525T024412Z,2026-05-25T02:44:12.517282Z,20260525T024412Z_batch01,A11CQzo,2026-05-25T07:00:00Z,19 51 22.2,297.8425,-19 09 07,-19.151944444444442,127.5,18.3,90.88,91.0,Map/Offsets   ***,https://cgi.minorplanetcenter.net/cgi-bin/confirmeph2.cgi
20260525T024412Z,2026-05-25T02:44:12.517282Z,20260525T024412Z_batch01,A11CQzo,2026-05-25T08:00:00Z,19 57 37.5,299.40625,-19 10 17,-19.17138888888889,126.1,18.4,86.44,90.5,Map/Offsets   ***,https://cgi.minorplanetcenter.net/cgi-bin/confirmeph2.cgi
20260525T024412Z,2026-05-25T02:44:12.517282Z,20260525T024412Z_batch01,A11CQzo,2026-05-25T09:00:00Z,20 03 34.6,300.8941666666667,-19 10 39,-19.177500000000002,124.8,18.5,82.22,90.0,Map/Offsets   ***,https://cgi.minorplanetcenter.net/cgi-bin/confirmeph2.cgi
20260525T024412Z,2026-05-25T02:44:12.517282Z,20260525T024412Z_batch01,A11CQzo,2026-05-25T10:00:00Z,20 09 14.2,302.3091666666666,-19 10 20,-19.172222222222224,123.5,18.6,78.21,89.5,Map/Offsets   ***,https://cgi.minorplanetcenter.net/cgi-bin/confirmeph2.cgi
20260525T024412Z,2026-05-25T02:44:12.517282Z,20260525T024412Z_batch01,A11CQzo,2026-05-25T11:00:00Z,20 14 37.2,303.655,-19 09 26,-19.15722222222222,122.3,18.7,74.41,89.1,Map/Offsets   ***,https://cgi.minorplanetcenter.net/cgi-bin/confirmeph2.cgi
20260525T024412Z,2026-05-25T02:44:12.517282Z,20260525T024412Z_batch01,A11CQzo,2026-05-25T12:00:00Z,20 19 44.6,304.93583333333333,-19 08 01,-19.13361111111111,121.2,18.8,70.82,88.7,Map/Offsets   ***,https://cgi.minorplanetcenter.net/cgi-bin/confirmeph2.cgi
20260525T024412Z,2026-05-25T02:44:12.517282Z,20260525T024412Z_batch01,A11CQzo,2026-05-25T13:00:00Z,20 24 37.0,306.15416666666664,-19 06 11,-19.103055555555557,120.1,18.9,67.42,88.3,Map/Offsets   ***,https://cgi.minorplanetcenter.net/cgi-bin/confirmeph2.cgi
20260525T024412Z,2026-05-25T02:44:12.517282Z,20260525T024412Z_batch01,A11CQzo,2026-05-25T14:00:00Z,20 29 15.4,307.31416666666667,-19 04 00,-19.066666666666666,119.1,18.9,64.22,87.9,Map/Offsets   ***,https://cgi.minorplanetcenter.net/cgi-bin/confirmeph2.cgi
20260525T024412Z,2026-05-25T02:44:12.517282Z,20260525T024412Z_batch01,A11CQzo,2026-05-25T15:00:00Z,20 33 40.4,308.41833333333335,-19 01 30,-19.025,118.1,19.0,61.19,87.5,Map/Offsets   ***,https://cgi.minorplanetcenter.net/cgi-bin/confirmeph2.cgi
20260525T024412Z,2026-05-25T02:44:12.517282Z,20260525T024412Z_batch01,A11CQzo,2026-05-25T16:00:00Z,20 37 53.0,309.47083333333336,-18 58 45,-18.979166666666664,117.1,19.1,58.34,87.2,Map/Offsets   ***,https://cgi.minorplanetcenter.net/cgi-bin/confirmeph2.cgi
20260525T024412Z,2026-05-25T02:44:12.517282Z,20260525T024412Z_batch01,A11CQzo,2026-05-25T17:00:00Z,20 41 53.7,310.47375,-18 55 49,-18.93027777777778,116.3,19.2,55.66,86.9,Map/Offsets   ***,https://cgi.minorplanetcenter.net/cgi-bin/confirmeph2.cgi
20260525T024412Z,2026-05-25T02:44:12.517282Z,20260525T024412Z_batch01,A11CQzo,2026-05-25T18:00:00Z,20 45 43.2,311.43,-18 52 42,-18.878333333333334,115.4,19.2,53.12,86.6,Map/Offsets   ***,https://cgi.minorplanetcenter.net/cgi-bin/confirmeph2.cgi
20260525T024412Z,2026-05-25T02:44:12.517282Z,20260525T024412Z_batch01,A11CQzo,2026-05-25T19:00:00Z,20 49 22.2,312.3425,-18 49 27,-18.824166666666667,114.6,19.3,50.73,86.3,Map/Offsets   ***,https://cgi.minorplanetcenter.net/cgi-bin/confirmeph2.cgi
20260525T024412Z,2026-05-25T02:44:12.517282Z,20260525T024412Z_batch01,A11CQzo,2026-05-25T20:00:00Z,20 52 51.3,313.21375,-18 46 06,-18.76833333333333,113.8,19.4,48.48,86.0,Map/Offsets   ***,https://cgi.minorplanetcenter.net/cgi-bin/confirmeph2.cgi
20260525T024412Z,2026-05-25T02:44:12.517282Z,20260525T024412Z_batch01,A11CQzo,2026-05-25T21:00:00Z,20 56 11.0,314.04583333333335,-18 42 40,-18.711111111111112,113.1,19.5,46.36,85.7,Map/Offsets   ***,https://cgi.minorplanetcenter.net/cgi-bin/confirmeph2.cgi
20260525T024412Z,2026-05-25T02:44:12.517282Z,20260525T024412Z_batch01,A11CQzo,2026-05-25T22:00:00Z,20 59 21.9,314.84125,-18 39 11,-18.653055555555554,112.4,19.5,44.36,85.5,Map/Offsets   ***,https://cgi.minorplanetcenter.net/cgi-bin/confirmeph2.cgi
20260525T024412Z,2026-05-25T02:44:12.517282Z,20260525T024412Z_batch01,A11CQzo,2026-05-25T23:00:00Z,21 02 24.5,315.6020833333333,-18 35 39,-18.594166666666666,111.7,19.6,42.47,85.2,Map/Offsets   !!,https://cgi.minorplanetcenter.net/cgi-bin/confirmeph2.cgi
20260525T024412Z,2026-05-25T02:44:12.517282Z,20260525T024412Z_batch01,A11CQzo,2026-05-26T00:00:00Z,21 05 19.3,316.3304166666666,-18 32 06,-18.535,111.1,19.7,40.69,85.0,Map/Offsets   !!,https://cgi.minorplanetcenter.net/cgi-bin/confirmeph2.cgi
20260525T024412Z,2026-05-25T02:44:12.517282Z,20260525T024412Z_batch01,A11CQzo,2026-05-26T01:00:00Z,21 08 06.7,317.02791666666667,-18 28 32,-18.475555555555555,110.5,19.7,39.0,84.8,Map/Offsets   !!,https://cgi.minorplanetcenter.net/cgi-bin/confirmeph2.cgi
20260525T024412Z,2026-05-25T02:44:12.517282Z,20260525T024412Z_batch01,P12nfqd,2026-05-25T01:00:00Z,15 57 32.8,239.38666666666666,-23 31 10,-23.519444444444442,176.7,20.2,2.78,342.8,Map/Offsets,https://cgi.minorplanetcenter.net/cgi-bin/confirmeph2.cgi
20260525T024412Z,2026-05-25T02:44:12.517282Z,20260525T024412Z_batch01,P12nfqd,2026-05-25T02:00:00Z,15 57 29.3,239.3720833333333,-23 28 30,-23.474999999999998,176.7,20.2,2.78,342.8,Map/Offsets,https://cgi.minorplanetcenter.net/cgi-bin/confirmeph2.cgi
20260525T024412Z,2026-05-25T02:44:12.517282Z,20260525T024412Z_batch01,P12nfqd,2026-05-25T03:00:00Z,15 57 25.7,239.35708333333332,-23 25 51,-23.430833333333336,176.7,20.2,2.78,342.9,Map/Offsets,https://cgi.minorplanetcenter.net/cgi-bin/confirmeph2.cgi
20260525T024412Z,2026-05-25T02:44:12.517282Z,20260525T024412Z_batch01,P12nfqd,2026-05-25T04:00:00Z,15 57 22.1,239.34208333333333,-23 23 12,-23.386666666666667,176.7,20.2,2.78,342.9,Map/Offsets,https://cgi.minorplanetcenter.net/cgi-bin/confirmeph2.cgi
20260525T024412Z,2026-05-25T02:44:12.517282Z,20260525T024412Z_batch01,P12nfqd,2026-05-25T05:00:00Z,15 57 18.5,239.32708333333332,-23 20 32,-23.342222222222222,176.7,20.2,2.78,342.9,Map/Offsets,https://cgi.minorplanetcenter.net/cgi-bin/confirmeph2.cgi
20260525T024412Z,2026-05-25T02:44:12.517282Z,20260525T024412Z_batch01,P12nfqd,2026-05-25T06:00:00Z,15 57 15.0,239.3125,-23 17 53,-23.298055555555557,176.7,20.2,2.78,342.9,Map/Offsets,https://cgi.minorplanetcenter.net/cgi-bin/confirmeph2.cgi
20260525T024412Z,2026-05-25T02:44:12.517282Z,20260525T024412Z_batch01,P12nfqd,2026-05-25T07:00:00Z,15 57 11.4,239.29749999999999,-23 15 14,-23.253888888888888,176.7,20.2,2.78,342.9,Map/Offsets,https://cgi.minorplanetcenter.net/cgi-bin/confirmeph2.cgi
20260525T024412Z,2026-05-25T02:44:12.517282Z,20260525T024412Z_batch01,P12nfqd,2026-05-25T08:00:00Z,15 57 07.9,239.28291666666667,-23 12 35,-23.209722222222222,176.7,20.2,2.77,342.9,Map/Offsets,https://cgi.minorplanetcenter.net/cgi-bin/confirmeph2.cgi
20260525T024412Z,2026-05-25T02:44:12.517282Z,20260525T024412Z_batch01,P12nfqd,2026-05-25T09:00:00Z,15 57 04.3,239.26791666666665,-23 09 56,-23.165555555555553,176.7,20.2,2.77,342.9,Map/Offsets,https://cgi.minorplanetcenter.net/cgi-bin/confirmeph2.cgi
20260525T024412Z,2026-05-25T02:44:12.517282Z,20260525T024412Z_batch01,P12nfqd,2026-05-25T10:00:00Z,15 57 00.8,239.25333333333333,-23 07 17,-23.12138888888889,176.7,20.2,2.77,342.9,Map/Offsets,https://cgi.minorplanetcenter.net/cgi-bin/confirmeph2.cgi
20260525T024412Z,2026-05-25T02:44:12.517282Z,20260525T024412Z_batch01,P12nfqd,2026-05-25T11:00:00Z,15 56 57.2,239.23833333333332,-23 04 38,-23.077222222222222,176.7,20.2,2.77,342.9,Map/Offsets,https://cgi.minorplanetcenter.net/cgi-bin/confirmeph2.cgi
20260525T024412Z,2026-05-25T02:44:12.517282Z,20260525T024412Z_batch01,P12nfqd,2026-05-25T12:00:00Z,15 56 53.7,239.22375,-23 01 59,-23.033055555555556,176.7,20.2,2.77,342.9,Map/Offsets,https://cgi.minorplanetcenter.net/cgi-bin/confirmeph2.cgi
20260525T024412Z,2026-05-25T02:44:12.517282Z,20260525T024412Z_batch01,P12nfqd,2026-05-25T13:00:00Z,15 56 50.2,239.20916666666668,-22 59 20,-22.98888888888889,176.7,20.2,2.77,342.9,Map/Offsets,https://cgi.minorplanetcenter.net/cgi-bin/confirmeph2.cgi
20260525T024412Z,2026-05-25T02:44:12.517282Z,20260525T024412Z_batch01,P12nfqd,2026-05-25T14:00:00Z,15 56 46.7,239.19458333333333,-22 56 42,-22.945,176.7,20.2,2.77,343.0,Map/Offsets,https://cgi.minorplanetcenter.net/cgi-bin/confirmeph2.cgi
20260525T024412Z,2026-05-25T02:44:12.517282Z,20260525T024412Z_batch01,P12nfqd,2026-05-25T15:00:00Z,15 56 43.1,239.17958333333334,-22 54 03,-22.90083333333333,176.7,20.2,2.76,343.0,Map/Offsets,https://cgi.minorplanetcenter.net/cgi-bin/confirmeph2.cgi
20260525T024412Z,2026-05-25T02:44:12.517282Z,20260525T024412Z_batch01,P12nfqd,2026-05-25T16:00:00Z,15 56 39.6,239.165,-22 51 24,-22.85666666666667,176.7,20.2,2.76,343.0,Map/Offsets,https://cgi.minorplanetcenter.net/cgi-bin/confirmeph2.cgi
20260525T024412Z,2026-05-25T02:44:12.517282Z,20260525T024412Z_batch01,P12nfqd,2026-05-25T17:00:00Z,15 56 36.1,239.15041666666667,-22 48 46,-22.81277777777778,176.7,20.3,2.76,343.0,Map/Offsets,https://cgi.minorplanetcenter.net/cgi-bin/confirmeph2.cgi
20260525T024412Z,2026-05-25T02:44:12.517282Z,20260525T024412Z_batch01,P12nfqd,2026-05-25T18:00:00Z,15 56 32.6,239.13583333333332,-22 46 08,-22.76888888888889,176.6,20.3,2.76,343.0,Map/Offsets,https://cgi.minorplanetcenter.net/cgi-bin/confirmeph2.cgi
20260525T024412Z,2026-05-25T02:44:12.517282Z,20260525T024412Z_batch01,P12nfqd,2026-05-25T19:00:00Z,15 56 29.1,239.12125,-22 43 29,-22.72472222222222,176.6,20.3,2.76,343.0,Map/Offsets,https://cgi.minorplanetcenter.net/cgi-bin/confirmeph2.cgi
20260525T024412Z,2026-05-25T02:44:12.517282Z,20260525T024412Z_batch01,P12nfqd,2026-05-25T20:00:00Z,15 56 25.6,239.10666666666668,-22 40 51,-22.680833333333336,176.6,20.3,2.76,343.0,Map/Offsets,https://cgi.minorplanetcenter.net/cgi-bin/confirmeph2.cgi
20260525T024412Z,2026-05-25T02:44:12.517282Z,20260525T024412Z_batch01,P12nfqd,2026-05-25T21:00:00Z,15 56 22.1,239.09208333333333,-22 38 13,-22.636944444444445,176.6,20.3,2.76,343.0,Map/Offsets,https://cgi.minorplanetcenter.net/cgi-bin/confirmeph2.cgi
20260525T024412Z,2026-05-25T02:44:12.517282Z,20260525T024412Z_batch01,P12nfqd,2026-05-25T22:00:00Z,15 56 18.6,239.0775,-22 35 35,-22.593055555555555,176.6,20.3,2.75,343.0,Map/Offsets,https://cgi.minorplanetcenter.net/cgi-bin/confirmeph2.cgi
20260525T024412Z,2026-05-25T02:44:12.517282Z,20260525T024412Z_batch01,P12nfqd,2026-05-25T23:00:00Z,15 56 15.2,239.06333333333333,-22 32 57,-22.549166666666668,176.5,20.3,2.75,343.0,Map/Offsets,https://cgi.minorplanetcenter.net/cgi-bin/confirmeph2.cgi
20260525T024412Z,2026-05-25T02:44:12.517282Z,20260525T024412Z_batch01,P12nfqd,2026-05-26T00:00:00Z,15 56 11.7,239.04874999999998,-22 30 19,-22.505277777777778,176.5,20.3,2.75,343.0,Map/Offsets,https://cgi.minorplanetcenter.net/cgi-bin/confirmeph2.cgi
20260525T024412Z,2026-05-25T02:44:12.517282Z,20260525T024412Z_batch01,P12nfqd,2026-05-26T01:00:00Z,15 56 08.2,239.03416666666666,-22 27 41,-22.461388888888887,176.5,20.3,2.75,343.1,Map/Offsets,https://cgi.minorplanetcenter.net/cgi-bin/confirmeph2.cgi
20260525T024412Z,2026-05-25T02:44:12.517282Z,20260525T024412Z_batch01,oKr0080,2026-05-25T01:00:00Z,23 28 58.7,352.2445833333333,+18 30 45,18.5125,64.7,20.3,0.16,61.1,Map/Offsets,https://cgi.minorplanetcenter.net/cgi-bin/confirmeph2.cgi
20260525T024412Z,2026-05-25T02:44:12.517282Z,20260525T024412Z_batch01,oKr0080,2026-05-25T02:00:00Z,23 28 59.3,352.2470833333333,+18 30 49,18.51361111111111,64.7,20.3,0.16,61.1,Map/Offsets,https://cgi.minorplanetcenter.net/cgi-bin/confirmeph2.cgi
20260525T024412Z,2026-05-25T02:44:12.517282Z,20260525T024412Z_batch01,oKr0080,2026-05-25T03:00:00Z,23 28 59.9,352.2495833333333,+18 30 54,18.515,64.8,20.3,0.15,61.0,Map/Offsets,https://cgi.minorplanetcenter.net/cgi-bin/confirmeph2.cgi
20260525T024412Z,2026-05-25T02:44:12.517282Z,20260525T024412Z_batch01,oKr0080,2026-05-25T04:00:00Z,23 29 00.4,352.25166666666667,+18 30 58,18.516111111111112,64.8,20.3,0.15,61.0,Map/Offsets,https://cgi.minorplanetcenter.net/cgi-bin/confirmeph2.cgi
20260525T024412Z,2026-05-25T02:44:12.517282Z,20260525T024412Z_batch01,oKr0080,2026-05-25T05:00:00Z,23 29 01.0,352.2541666666667,+18 31 03,18.5175,64.8,20.3,0.15,60.9,Map/Offsets,https://cgi.minorplanetcenter.net/cgi-bin/confirmeph2.cgi
20260525T024412Z,2026-05-25T02:44:12.517282Z,20260525T024412Z_batch01,oKr0080,2026-05-25T06:00:00Z,23 29 01.6,352.25666666666666,+18 31 07,18.51861111111111,64.9,20.3,0.15,60.9,Map/Offsets,https://cgi.minorplanetcenter.net/cgi-bin/confirmeph2.cgi
20260525T024412Z,2026-05-25T02:44:12.517282Z,20260525T024412Z_batch01,oKr0080,2026-05-25T07:00:00Z,23 29 02.1,352.25875,+18 31 12,18.52,64.9,20.3,0.15,60.8,Map/Offsets,https://cgi.minorplanetcenter.net/cgi-bin/confirmeph2.cgi
20260525T024412Z,2026-05-25T02:44:12.517282Z,20260525T024412Z_batch01,oKr0080,2026-05-25T08:00:00Z,23 29 02.7,352.26125,+18 31 16,18.52111111111111,65.0,20.2,0.15,60.8,Map/Offsets,https://cgi.minorplanetcenter.net/cgi-bin/confirmeph2.cgi
20260525T024412Z,2026-05-25T02:44:12.517282Z,20260525T024412Z_batch01,oKr0080,2026-05-25T09:00:00Z,23 29 03.3,352.26375,+18 31 20,18.522222222222222,65.0,20.2,0.15,60.7,Map/Offsets,https://cgi.minorplanetcenter.net/cgi-bin/confirmeph2.cgi
20260525T024412Z,2026-05-25T02:44:12.517282Z,20260525T024412Z_batch01,oKr0080,2026-05-25T10:00:00Z,23 29 03.8,352.2658333333334,+18 31 25,18.52361111111111,65.0,20.2,0.15,60.7,Map/Offsets,https://cgi.minorplanetcenter.net/cgi-bin/confirmeph2.cgi
20260525T024412Z,2026-05-25T02:44:12.517282Z,20260525T024412Z_batch01,oKr0080,2026-05-25T11:00:00Z,23 29 04.4,352.2683333333333,+18 31 29,18.52472222222222,65.1,20.2,0.15,60.6,Map/Offsets,https://cgi.minorplanetcenter.net/cgi-bin/confirmeph2.cgi
20260525T024412Z,2026-05-25T02:44:12.517282Z,20260525T024412Z_batch01,oKr0080,2026-05-25T12:00:00Z,23 29 04.9,352.2704166666667,+18 31 34,18.52611111111111,65.1,20.2,0.15,60.6,Map/Offsets,https://cgi.minorplanetcenter.net/cgi-bin/confirmeph2.cgi
20260525T024412Z,2026-05-25T02:44:12.517282Z,20260525T024412Z_batch01,oKr0080,2026-05-25T13:00:00Z,23 29 05.5,352.2729166666667,+18 31 38,18.52722222222222,65.1,20.2,0.15,60.5,Map/Offsets,https://cgi.minorplanetcenter.net/cgi-bin/confirmeph2.cgi
20260525T024412Z,2026-05-25T02:44:12.517282Z,20260525T024412Z_batch01,oKr0080,2026-05-25T14:00:00Z,23 29 06.0,352.275,+18 31 43,18.52861111111111,65.2,20.2,0.15,60.5,Map/Offsets,https://cgi.minorplanetcenter.net/cgi-bin/confirmeph2.cgi
20260525T024412Z,2026-05-25T02:44:12.517282Z,20260525T024412Z_batch01,oKr0080,2026-05-25T15:00:00Z,23 29 06.6,352.27750000000003,+18 31 47,18.529722222222222,65.2,20.2,0.15,60.4,Map/Offsets,https://cgi.minorplanetcenter.net/cgi-bin/confirmeph2.cgi
20260525T024412Z,2026-05-25T02:44:12.517282Z,20260525T024412Z_batch01,oKr0080,2026-05-25T16:00:00Z,23 29 07.1,352.27958333333333,+18 31 52,18.53111111111111,65.2,20.2,0.15,60.4,Map/Offsets,https://cgi.minorplanetcenter.net/cgi-bin/confirmeph2.cgi
20260525T024412Z,2026-05-25T02:44:12.517282Z,20260525T024412Z_batch01,oKr0080,2026-05-25T17:00:00Z,23 29 07.7,352.2820833333334,+18 31 56,18.53222222222222,65.3,20.2,0.15,60.3,Map/Offsets,https://cgi.minorplanetcenter.net/cgi-bin/confirmeph2.cgi
20260525T024412Z,2026-05-25T02:44:12.517282Z,20260525T024412Z_batch01,oKr0080,2026-05-25T18:00:00Z,23 29 08.2,352.2841666666667,+18 32 00,18.533333333333335,65.3,20.2,0.15,60.2,Map/Offsets,https://cgi.minorplanetcenter.net/cgi-bin/confirmeph2.cgi
20260525T024412Z,2026-05-25T02:44:12.517282Z,20260525T024412Z_batch01,oKr0080,2026-05-25T19:00:00Z,23 29 08.8,352.28666666666663,+18 32 05,18.534722222222225,65.3,20.2,0.15,60.2,Map/Offsets,https://cgi.minorplanetcenter.net/cgi-bin/confirmeph2.cgi
20260525T024412Z,2026-05-25T02:44:12.517282Z,20260525T024412Z_batch01,oKr0080,2026-05-25T20:00:00Z,23 29 09.3,352.28875000000005,+18 32 09,18.535833333333336,65.4,20.2,0.15,60.1,Map/Offsets,https://cgi.minorplanetcenter.net/cgi-bin/confirmeph2.cgi
20260525T024412Z,2026-05-25T02:44:12.517282Z,20260525T024412Z_batch01,oKr0080,2026-05-25T21:00:00Z,23 29 09.8,352.29083333333335,+18 32 13,18.536944444444448,65.4,20.2,0.15,60.1,Map/Offsets,https://cgi.minorplanetcenter.net/cgi-bin/confirmeph2.cgi
20260525T024412Z,2026-05-25T02:44:12.517282Z,20260525T024412Z_batch01,oKr0080,2026-05-25T22:00:00Z,23 29 10.4,352.29333333333335,+18 32 18,18.538333333333334,65.4,20.2,0.15,60.0,Map/Offsets,https://cgi.minorplanetcenter.net/cgi-bin/confirmeph2.cgi
20260525T024412Z,2026-05-25T02:44:12.517282Z,20260525T024412Z_batch01,oKr0080,2026-05-25T23:00:00Z,23 29 10.9,352.29541666666665,+18 32 22,18.539444444444445,65.5,20.2,0.15,60.0,Map/Offsets,https://cgi.minorplanetcenter.net/cgi-bin/confirmeph2.cgi
20260525T024412Z,2026-05-25T02:44:12.517282Z,20260525T024412Z_batch01,oKr0080,2026-05-26T00:00:00Z,23 29 11.4,352.2975,+18 32 27,18.540833333333335,65.5,20.2,0.15,59.9,Map/Offsets,https://cgi.minorplanetcenter.net/cgi-bin/confirmeph2.cgi
20260525T024412Z,2026-05-25T02:44:12.517282Z,20260525T024412Z_batch01,oKr0080,2026-05-26T01:00:00Z,23 29 12.0,352.3,+18 32 31,18.541944444444447,65.5,20.2,0.14,59.8,Map/Offsets,https://cgi.minorplanetcenter.net/cgi-bin/confirmeph2.cgi
20260525T024412Z,2026-05-25T02:44:12.517282Z,20260525T024412Z_batch01,C1F15H5,2026-05-25T01:00:00Z,16 45 51.3,251.46375,+24 12 21,24.20583333333333,133.9,21.5,7.83,297.9,Map/Offsets,https://cgi.minorplanetcenter.net/cgi-bin/confirmeph2.cgi
20260525T024412Z,2026-05-25T02:44:12.517282Z,20260525T024412Z_batch01,C1F15H5,2026-05-25T02:00:00Z,16 45 21.0,251.33749999999998,+24 16 01,24.266944444444444,133.9,21.5,7.77,297.9,Map/Offsets,https://cgi.minorplanetcenter.net/cgi-bin/confirmeph2.cgi
20260525T024412Z,2026-05-25T02:44:12.517282Z,20260525T024412Z_batch01,C1F15H5,2026-05-25T03:00:00Z,16 44 51.0,251.21250000000003,+24 19 38,24.327222222222222,133.8,21.5,7.71,297.8,Map/Offsets,https://cgi.minorplanetcenter.net/cgi-bin/confirmeph2.cgi
20260525T024412Z,2026-05-25T02:44:12.517282Z,20260525T024412Z_batch01,C1F15H5,2026-05-25T04:00:00Z,16 44 21.1,251.0879166666667,+24 23 12,24.386666666666667,133.8,21.6,7.65,297.7,Map/Offsets,https://cgi.minorplanetcenter.net/cgi-bin/confirmeph2.cgi
20260525T024412Z,2026-05-25T02:44:12.517282Z,20260525T024412Z_batch01,C1F15H5,2026-05-25T05:00:00Z,16 43 51.5,250.9645833333333,+24 26 45,24.445833333333333,133.8,21.6,7.6,297.7,Map/Offsets,https://cgi.minorplanetcenter.net/cgi-bin/confirmeph2.cgi
20260525T024412Z,2026-05-25T02:44:12.517282Z,20260525T024412Z_batch01,C1F15H5,2026-05-25T06:00:00Z,16 43 22.0,250.84166666666664,+24 30 16,24.504444444444445,133.7,21.6,7.54,297.6,Map/Offsets,https://cgi.minorplanetcenter.net/cgi-bin/confirmeph2.cgi
20260525T024412Z,2026-05-25T02:44:12.517282Z,20260525T024412Z_batch01,C1F15H5,2026-05-25T07:00:00Z,16 42 52.7,250.71958333333333,+24 33 44,24.56222222222222,133.7,21.6,7.48,297.5,Map/Offsets,https://cgi.minorplanetcenter.net/cgi-bin/confirmeph2.cgi
20260525T024412Z,2026-05-25T02:44:12.517282Z,20260525T024412Z_batch01,C1F15H5,2026-05-25T08:00:00Z,16 42 23.7,250.59874999999997,+24 37 11,24.619722222222222,133.7,21.6,7.42,297.5,Map/Offsets,https://cgi.minorplanetcenter.net/cgi-bin/confirmeph2.cgi
20260525T024412Z,2026-05-25T02:44:12.517282Z,20260525T024412Z_batch01,C1F15H5,2026-05-25T09:00:00Z,16 41 54.8,250.47833333333332,+24 40 35,24.67638888888889,133.6,21.6,7.37,297.4,Map/Offsets,https://cgi.minorplanetcenter.net/cgi-bin/confirmeph2.cgi
20260525T024412Z,2026-05-25T02:44:12.517282Z,20260525T024412Z_batch01,C1F15H5,2026-05-25T10:00:00Z,16 41 26.1,250.35875,+24 43 57,24.732499999999998,133.6,21.6,7.31,297.3,Map/Offsets,https://cgi.minorplanetcenter.net/cgi-bin/confirmeph2.cgi
20260525T024412Z,2026-05-25T02:44:12.517282Z,20260525T024412Z_batch01,C1F15H5,2026-05-25T11:00:00Z,16 40 57.6,250.23999999999998,+24 47 18,24.788333333333334,133.6,21.6,7.26,297.3,Map/Offsets,https://cgi.minorplanetcenter.net/cgi-bin/confirmeph2.cgi
20260525T024412Z,2026-05-25T02:44:12.517282Z,20260525T024412Z_batch01,C1F15H5,2026-05-25T12:00:00Z,16 40 29.3,250.12208333333336,+24 50 36,24.843333333333334,133.5,21.6,7.2,297.2,Map/Offsets,https://cgi.minorplanetcenter.net/cgi-bin/confirmeph2.cgi
20260525T024412Z,2026-05-25T02:44:12.517282Z,20260525T024412Z_batch01,C1F15H5,2026-05-25T13:00:00Z,16 40 01.1,250.00458333333336,+24 53 53,24.898055555555555,133.5,21.6,7.15,297.1,Map/Offsets,https://cgi.minorplanetcenter.net/cgi-bin/confirmeph2.cgi
20260525T024412Z,2026-05-25T02:44:12.517282Z,20260525T024412Z_batch01,C1F15H5,2026-05-25T14:00:00Z,16 39 33.2,249.8883333333333,+24 57 08,24.952222222222222,133.5,21.6,7.09,297.1,Map/Offsets,https://cgi.minorplanetcenter.net/cgi-bin/confirmeph2.cgi
20260525T024412Z,2026-05-25T02:44:12.517282Z,20260525T024412Z_batch01,C1F15H5,2026-05-25T15:00:00Z,16 39 05.4,249.77249999999998,+25 00 20,25.005555555555556,133.4,21.7,7.04,297.0,Map/Offsets,https://cgi.minorplanetcenter.net/cgi-bin/confirmeph2.cgi
20260525T024412Z,2026-05-25T02:44:12.517282Z,20260525T024412Z_batch01,C1F15H5,2026-05-25T16:00:00Z,16 38 37.8,249.6575,+25 03 31,25.058611111111112,133.4,21.7,6.99,296.9,Map/Offsets,https://cgi.minorplanetcenter.net/cgi-bin/confirmeph2.cgi
20260525T024412Z,2026-05-25T02:44:12.517282Z,20260525T024412Z_batch01,C1F15H5,2026-05-25T17:00:00Z,16 38 10.4,249.54333333333335,+25 06 40,25.111111111111114,133.4,21.7,6.93,296.9,Map/Offsets,https://cgi.minorplanetcenter.net/cgi-bin/confirmeph2.cgi
20260525T024412Z,2026-05-25T02:44:12.517282Z,20260525T024412Z_batch01,C1F15H5,2026-05-25T18:00:00Z,16 37 43.2,249.43,+25 09 47,25.163055555555555,133.3,21.7,6.88,296.8,Map/Offsets,https://cgi.minorplanetcenter.net/cgi-bin/confirmeph2.cgi
20260525T024412Z,2026-05-25T02:44:12.517282Z,20260525T024412Z_batch01,C1F15H5,2026-05-25T19:00:00Z,16 37 16.1,249.31708333333336,+25 12 53,25.21472222222222,133.3,21.7,6.83,296.7,Map/Offsets,https://cgi.minorplanetcenter.net/cgi-bin/confirmeph2.cgi
20260525T024412Z,2026-05-25T02:44:12.517282Z,20260525T024412Z_batch01,C1F15H5,2026-05-25T20:00:00Z,16 36 49.2,249.205,+25 15 56,25.265555555555554,133.3,21.7,6.78,296.7,Map/Offsets,https://cgi.minorplanetcenter.net/cgi-bin/confirmeph2.cgi
20260525T024412Z,2026-05-25T02:44:12.517282Z,20260525T024412Z_batch01,C1F15H5,2026-05-25T21:00:00Z,16 36 22.5,249.09375000000006,+25 18 58,25.316111111111113,133.2,21.7,6.73,296.6,Map/Offsets,https://cgi.minorplanetcenter.net/cgi-bin/confirmeph2.cgi
20260525T024412Z,2026-05-25T02:44:12.517282Z,20260525T024412Z_batch01,C1F15H5,2026-05-25T22:00:00Z,16 35 55.9,248.98291666666663,+25 21 58,25.366111111111113,133.2,21.7,6.68,296.5,Map/Offsets,https://cgi.minorplanetcenter.net/cgi-bin/confirmeph2.cgi
20260525T024412Z,2026-05-25T02:44:12.517282Z,20260525T024412Z_batch01,C1F15H5,2026-05-25T23:00:00Z,16 35 29.6,248.87333333333333,+25 24 56,25.415555555555553,133.1,21.7,6.63,296.5,Map/Offsets,https://cgi.minorplanetcenter.net/cgi-bin/confirmeph2.cgi
20260525T024412Z,2026-05-25T02:44:12.517282Z,20260525T024412Z_batch01,C1F15H5,2026-05-26T00:00:00Z,16 35 03.4,248.76416666666668,+25 27 53,25.46472222222222,133.1,21.7,6.58,296.4,Map/Offsets,https://cgi.minorplanetcenter.net/cgi-bin/confirmeph2.cgi
20260525T024412Z,2026-05-25T02:44:12.517282Z,20260525T024412Z_batch01,C1F15H5,2026-05-26T01:00:00Z,16 34 37.3,248.6554166666667,+25 30 48,25.513333333333332,133.1,21.7,6.54,296.3,Map/Offsets,https://cgi.minorplanetcenter.net/cgi-bin/confirmeph2.cgi
20260525T024412Z,2026-05-25T02:44:12.517282Z,20260525T024412Z_batch01,C1F1535,2026-05-25T01:00:00Z,16 45 21.7,251.34041666666667,+06 08 19,6.1386111111111115,151.3,22.6,0.68,357.7,Map/Offsets,https://cgi.minorplanetcenter.net/cgi-bin/confirmeph2.cgi
20260525T024412Z,2026-05-25T02:44:12.517282Z,20260525T024412Z_batch01,C1F1535,2026-05-25T02:00:00Z,16 45 21.6,251.34,+06 09 00,6.15,151.3,22.6,0.68,357.6,Map/Offsets,https://cgi.minorplanetcenter.net/cgi-bin/confirmeph2.cgi
20260525T024412Z,2026-05-25T02:44:12.517282Z,20260525T024412Z_batch01,C1F1535,2026-05-25T03:00:00Z,16 45 21.5,251.33958333333334,+06 09 41,6.161388888888889,151.3,22.6,0.68,357.6,Map/Offsets,https://cgi.minorplanetcenter.net/cgi-bin/confirmeph2.cgi
20260525T024412Z,2026-05-25T02:44:12.517282Z,20260525T024412Z_batch01,C1F1535,2026-05-25T04:00:00Z,16 45 21.4,251.33916666666667,+06 10 22,6.172777777777778,151.3,22.6,0.68,357.6,Map/Offsets,https://cgi.minorplanetcenter.net/cgi-bin/confirmeph2.cgi
20260525T024412Z,2026-05-25T02:44:12.517282Z,20260525T024412Z_batch01,C1F1535,2026-05-25T05:00:00Z,16 45 21.3,251.33875,+06 11 03,6.184166666666667,151.3,22.6,0.68,357.6,Map/Offsets,https://cgi.minorplanetcenter.net/cgi-bin/confirmeph2.cgi
20260525T024412Z,2026-05-25T02:44:12.517282Z,20260525T024412Z_batch01,C1F1535,2026-05-25T06:00:00Z,16 45 21.2,251.33833333333337,+06 11 44,6.195555555555556,151.3,22.6,0.68,357.6,Map/Offsets,https://cgi.minorplanetcenter.net/cgi-bin/confirmeph2.cgi
20260525T024412Z,2026-05-25T02:44:12.517282Z,20260525T024412Z_batch01,C1F1535,2026-05-25T07:00:00Z,16 45 21.1,251.3379166666667,+06 12 25,6.206944444444445,151.3,22.5,0.68,357.5,Map/Offsets,https://cgi.minorplanetcenter.net/cgi-bin/confirmeph2.cgi
20260525T024412Z,2026-05-25T02:44:12.517282Z,20260525T024412Z_batch01,C1F1535,2026-05-25T08:00:00Z,16 45 20.9,251.3370833333333,+06 13 05,6.218055555555556,151.3,22.5,0.68,357.5,Map/Offsets,https://cgi.minorplanetcenter.net/cgi-bin/confirmeph2.cgi
20260525T024412Z,2026-05-25T02:44:12.517282Z,20260525T024412Z_batch01,C1F1535,2026-05-25T09:00:00Z,16 45 20.8,251.33666666666664,+06 13 46,6.229444444444445,151.3,22.5,0.68,357.5,Map/Offsets,https://cgi.minorplanetcenter.net/cgi-bin/confirmeph2.cgi
20260525T024412Z,2026-05-25T02:44:12.517282Z,20260525T024412Z_batch01,C1F1535,2026-05-25T10:00:00Z,16 45 20.7,251.33624999999998,+06 14 27,6.240833333333334,151.3,22.5,0.68,357.5,Map/Offsets,https://cgi.minorplanetcenter.net/cgi-bin/confirmeph2.cgi
20260525T024412Z,2026-05-25T02:44:12.517282Z,20260525T024412Z_batch01,C1F1535,2026-05-25T11:00:00Z,16 45 20.6,251.3358333333333,+06 15 08,6.252222222222223,151.3,22.5,0.68,357.5,Map/Offsets,https://cgi.minorplanetcenter.net/cgi-bin/confirmeph2.cgi
20260525T024412Z,2026-05-25T02:44:12.517282Z,20260525T024412Z_batch01,C1F1535,2026-05-25T12:00:00Z,16 45 20.5,251.33541666666667,+06 15 48,6.263333333333334,151.3,22.5,0.68,357.4,Map/Offsets,https://cgi.minorplanetcenter.net/cgi-bin/confirmeph2.cgi
20260525T024412Z,2026-05-25T02:44:12.517282Z,20260525T024412Z_batch01,C1F1535,2026-05-25T13:00:00Z,16 45 20.3,251.33458333333334,+06 16 29,6.2747222222222225,151.3,22.5,0.68,357.4,Map/Offsets,https://cgi.minorplanetcenter.net/cgi-bin/confirmeph2.cgi
20260525T024412Z,2026-05-25T02:44:12.517282Z,20260525T024412Z_batch01,C1F1535,2026-05-25T14:00:00Z,16 45 20.2,251.33416666666668,+06 17 10,6.286111111111111,151.3,22.5,0.68,357.4,Map/Offsets,https://cgi.minorplanetcenter.net/cgi-bin/confirmeph2.cgi
20260525T024412Z,2026-05-25T02:44:12.517282Z,20260525T024412Z_batch01,C1F1535,2026-05-25T15:00:00Z,16 45 20.1,251.33375,+06 17 50,6.2972222222222225,151.3,22.5,0.68,357.4,Map/Offsets,https://cgi.minorplanetcenter.net/cgi-bin/confirmeph2.cgi
20260525T024412Z,2026-05-25T02:44:12.517282Z,20260525T024412Z_batch01,C1F1535,2026-05-25T16:00:00Z,16 45 20.0,251.33333333333334,+06 18 31,6.3086111111111105,151.3,22.5,0.68,357.4,Map/Offsets,https://cgi.minorplanetcenter.net/cgi-bin/confirmeph2.cgi
20260525T024412Z,2026-05-25T02:44:12.517282Z,20260525T024412Z_batch01,C1F1535,2026-05-25T17:00:00Z,16 45 19.8,251.3325,+06 19 12,6.319999999999999,151.3,22.5,0.68,357.3,Map/Offsets,https://cgi.minorplanetcenter.net/cgi-bin/confirmeph2.cgi
20260525T024412Z,2026-05-25T02:44:12.517282Z,20260525T024412Z_batch01,C1F1535,2026-05-25T18:00:00Z,16 45 19.7,251.33208333333334,+06 19 52,6.3311111111111105,151.3,22.5,0.68,357.3,Map/Offsets,https://cgi.minorplanetcenter.net/cgi-bin/confirmeph2.cgi
20260525T024412Z,2026-05-25T02:44:12.517282Z,20260525T024412Z_batch01,C1F1535,2026-05-25T19:00:00Z,16 45 19.6,251.33166666666665,+06 20 33,6.342499999999999,151.2,22.5,0.68,357.3,Map/Offsets,https://cgi.minorplanetcenter.net/cgi-bin/confirmeph2.cgi
20260525T024412Z,2026-05-25T02:44:12.517282Z,20260525T024412Z_batch01,C1F1535,2026-05-25T20:00:00Z,16 45 19.5,251.33124999999998,+06 21 13,6.35361111111111,151.2,22.5,0.67,357.3,Map/Offsets,https://cgi.minorplanetcenter.net/cgi-bin/confirmeph2.cgi
20260525T024412Z,2026-05-25T02:44:12.517282Z,20260525T024412Z_batch01,C1F1535,2026-05-25T21:00:00Z,16 45 19.3,251.33041666666665,+06 21 53,6.3647222222222215,151.2,22.5,0.67,357.3,Map/Offsets,https://cgi.minorplanetcenter.net/cgi-bin/confirmeph2.cgi
20260525T024412Z,2026-05-25T02:44:12.517282Z,20260525T024412Z_batch01,C1F1535,2026-05-25T22:00:00Z,16 45 19.2,251.32999999999998,+06 22 34,6.37611111111111,151.2,22.5,0.67,357.2,Map/Offsets,https://cgi.minorplanetcenter.net/cgi-bin/confirmeph2.cgi
20260525T024412Z,2026-05-25T02:44:12.517282Z,20260525T024412Z_batch01,C1F1535,2026-05-25T23:00:00Z,16 45 19.1,251.32958333333332,+06 23 14,6.387222222222222,151.2,22.5,0.67,357.2,Map/Offsets,https://cgi.minorplanetcenter.net/cgi-bin/confirmeph2.cgi
20260525T024412Z,2026-05-25T02:44:12.517282Z,20260525T024412Z_batch01,C1F1535,2026-05-26T00:00:00Z,16 45 18.9,251.32875,+06 23 55,6.398611111111111,151.2,22.5,0.67,357.2,Map/Offsets,https://cgi.minorplanetcenter.net/cgi-bin/confirmeph2.cgi
20260525T024412Z,2026-05-25T02:44:12.517282Z,20260525T024412Z_batch01,C1F1535,2026-05-26T01:00:00Z,16 45 18.8,251.32833333333335,+06 24 35,6.409722222222222,151.2,22.5,0.67,357.2,Map/Offsets,https://cgi.minorplanetcenter.net/cgi-bin/confirmeph2.cgi
20260525T024412Z,2026-05-25T02:44:12.517282Z,20260525T024412Z_batch01,C1F0TQ5,2026-05-25T01:00:00Z,15 55 58.0,238.99166666666667,-06 36 53,-6.6147222222222215,165.6,21.6,3.93,215.1,Map/Offsets,https://cgi.minorplanetcenter.net/cgi-bin/confirmeph2.cgi
20260525T024412Z,2026-05-25T02:44:12.517282Z,20260525T024412Z_batch01,C1F0TQ5,2026-05-25T02:00:00Z,15 55 48.9,238.95374999999999,-06 40 06,-6.668333333333334,165.6,21.6,3.93,215.1,Map/Offsets,https://cgi.minorplanetcenter.net/cgi-bin/confirmeph2.cgi
20260525T024412Z,2026-05-25T02:44:12.517282Z,20260525T024412Z_batch01,C1F0TQ5,2026-05-25T03:00:00Z,15 55 39.8,238.91583333333332,-06 43 18,-6.721666666666667,165.6,21.6,3.92,215.1,Map/Offsets,https://cgi.minorplanetcenter.net/cgi-bin/confirmeph2.cgi
20260525T024412Z,2026-05-25T02:44:12.517282Z,20260525T024412Z_batch01,C1F0TQ5,2026-05-25T04:00:00Z,15 55 30.7,238.87791666666664,-06 46 31,-6.775277777777777,165.7,21.7,3.92,215.1,Map/Offsets,https://cgi.minorplanetcenter.net/cgi-bin/confirmeph2.cgi
20260525T024412Z,2026-05-25T02:44:12.517282Z,20260525T024412Z_batch01,C1F0TQ5,2026-05-25T05:00:00Z,15 55 21.7,238.84041666666667,-06 49 43,-6.828611111111111,165.7,21.7,3.91,215.1,Map/Offsets,https://cgi.minorplanetcenter.net/cgi-bin/confirmeph2.cgi
20260525T024412Z,2026-05-25T02:44:12.517282Z,20260525T024412Z_batch01,C1F0TQ5,2026-05-25T06:00:00Z,15 55 12.6,238.8025,-06 52 55,-6.881944444444445,165.7,21.7,3.91,215.1,Map/Offsets,https://cgi.minorplanetcenter.net/cgi-bin/confirmeph2.cgi
20260525T024412Z,2026-05-25T02:44:12.517282Z,20260525T024412Z_batch01,C1F0TQ5,2026-05-25T07:00:00Z,15 55 03.6,238.765,-06 56 07,-6.935277777777778,165.7,21.7,3.9,215.1,Map/Offsets,https://cgi.minorplanetcenter.net/cgi-bin/confirmeph2.cgi
20260525T024412Z,2026-05-25T02:44:12.517282Z,20260525T024412Z_batch01,C1F0TQ5,2026-05-25T08:00:00Z,15 54 54.5,238.72708333333333,-06 59 19,-6.988611111111111,165.8,21.7,3.9,215.1,Map/Offsets,https://cgi.minorplanetcenter.net/cgi-bin/confirmeph2.cgi
20260525T024412Z,2026-05-25T02:44:12.517282Z,20260525T024412Z_batch01,C1F0TQ5,2026-05-25T09:00:00Z,15 54 45.5,238.68958333333333,-07 02 30,-7.041666666666667,165.8,21.7,3.89,215.1,Map/Offsets,https://cgi.minorplanetcenter.net/cgi-bin/confirmeph2.cgi
20260525T024412Z,2026-05-25T02:44:12.517282Z,20260525T024412Z_batch01,C1F0TQ5,2026-05-25T10:00:00Z,15 54 36.5,238.65208333333334,-07 05 41,-7.094722222222222,165.8,21.7,3.89,215.0,Map/Offsets,https://cgi.minorplanetcenter.net/cgi-bin/confirmeph2.cgi
20260525T024412Z,2026-05-25T02:44:12.517282Z,20260525T024412Z_batch01,C1F0TQ5,2026-05-25T11:00:00Z,15 54 27.5,238.61458333333334,-07 08 52,-7.147777777777778,165.9,21.7,3.88,215.0,Map/Offsets,https://cgi.minorplanetcenter.net/cgi-bin/confirmeph2.cgi
20260525T024412Z,2026-05-25T02:44:12.517282Z,20260525T024412Z_batch01,C1F0TQ5,2026-05-25T12:00:00Z,15 54 18.5,238.57708333333332,-07 12 02,-7.200555555555556,165.9,21.7,3.88,215.0,Map/Offsets,https://cgi.minorplanetcenter.net/cgi-bin/confirmeph2.cgi
20260525T024412Z,2026-05-25T02:44:12.517282Z,20260525T024412Z_batch01,C1F0TQ5,2026-05-25T13:00:00Z,15 54 09.6,238.54,-07 15 13,-7.253611111111111,165.9,21.7,3.87,215.0,Map/Offsets,https://cgi.minorplanetcenter.net/cgi-bin/confirmeph2.cgi
20260525T024412Z,2026-05-25T02:44:12.517282Z,20260525T024412Z_batch01,C1F0TQ5,2026-05-25T14:00:00Z,15 54 00.6,238.5025,-07 18 23,-7.306388888888889,165.9,21.7,3.87,215.0,Map/Offsets,https://cgi.minorplanetcenter.net/cgi-bin/confirmeph2.cgi
20260525T024412Z,2026-05-25T02:44:12.517282Z,20260525T024412Z_batch01,C1F0TQ5,2026-05-25T15:00:00Z,15 53 51.7,238.46541666666664,-07 21 33,-7.359166666666666,166.0,21.7,3.86,215.0,Map/Offsets,https://cgi.minorplanetcenter.net/cgi-bin/confirmeph2.cgi
20260525T024412Z,2026-05-25T02:44:12.517282Z,20260525T024412Z_batch01,C1F0TQ5,2026-05-25T16:00:00Z,15 53 42.7,238.42791666666665,-07 24 43,-7.411944444444445,166.0,21.7,3.86,215.0,Map/Offsets,https://cgi.minorplanetcenter.net/cgi-bin/confirmeph2.cgi
20260525T024412Z,2026-05-25T02:44:12.517282Z,20260525T024412Z_batch01,C1F0TQ5,2026-05-25T17:00:00Z,15 53 33.8,238.39083333333332,-07 27 52,-7.464444444444444,166.0,21.7,3.85,215.0,Map/Offsets,https://cgi.minorplanetcenter.net/cgi-bin/confirmeph2.cgi
20260525T024412Z,2026-05-25T02:44:12.517282Z,20260525T024412Z_batch01,C1F0TQ5,2026-05-25T18:00:00Z,15 53 24.9,238.35375,-07 31 01,-7.516944444444444,166.0,21.7,3.85,215.0,Map/Offsets,https://cgi.minorplanetcenter.net/cgi-bin/confirmeph2.cgi
20260525T024412Z,2026-05-25T02:44:12.517282Z,20260525T024412Z_batch01,C1F0TQ5,2026-05-25T19:00:00Z,15 53 16.0,238.31666666666666,-07 34 10,-7.569444444444445,166.1,21.7,3.84,215.0,Map/Offsets,https://cgi.minorplanetcenter.net/cgi-bin/confirmeph2.cgi
20260525T024412Z,2026-05-25T02:44:12.517282Z,20260525T024412Z_batch01,C1F0TQ5,2026-05-25T20:00:00Z,15 53 07.1,238.2795833333333,-07 37 19,-7.621944444444445,166.1,21.7,3.84,215.0,Map/Offsets,https://cgi.minorplanetcenter.net/cgi-bin/confirmeph2.cgi
20260525T024412Z,2026-05-25T02:44:12.517282Z,20260525T024412Z_batch01,C1F0TQ5,2026-05-25T21:00:00Z,15 52 58.2,238.2425,-07 40 27,-7.674166666666667,166.1,21.7,3.83,215.0,Map/Offsets,https://cgi.minorplanetcenter.net/cgi-bin/confirmeph2.cgi
20260525T024412Z,2026-05-25T02:44:12.517282Z,20260525T024412Z_batch01,C1F0TQ5,2026-05-25T22:00:00Z,15 52 49.3,238.20541666666668,-07 43 35,-7.726388888888889,166.1,21.7,3.83,215.0,Map/Offsets,https://cgi.minorplanetcenter.net/cgi-bin/confirmeph2.cgi
20260525T024412Z,2026-05-25T02:44:12.517282Z,20260525T024412Z_batch01,C1F0TQ5,2026-05-25T23:00:00Z,15 52 40.5,238.16875000000002,-07 46 43,-7.778611111111111,166.1,21.7,3.82,215.0,Map/Offsets,https://cgi.minorplanetcenter.net/cgi-bin/confirmeph2.cgi
20260525T024412Z,2026-05-25T02:44:12.517282Z,20260525T024412Z_batch01,C1F0TQ5,2026-05-26T00:00:00Z,15 52 31.6,238.1316666666667,-07 49 51,-7.8308333333333335,166.2,21.7,3.82,215.0,Map/Offsets,https://cgi.minorplanetcenter.net/cgi-bin/confirmeph2.cgi
20260525T024412Z,2026-05-25T02:44:12.517282Z,20260525T024412Z_batch01,C1F0TQ5,2026-05-26T01:00:00Z,15 52 22.8,238.09500000000003,-07 52 58,-7.882777777777778,166.2,21.7,3.81,215.0,Map/Offsets,https://cgi.minorplanetcenter.net/cgi-bin/confirmeph2.cgi
20260525T024412Z,2026-05-25T02:44:12.517282Z,20260525T024412Z_batch01,C1F0L35,2026-05-25T01:00:00Z,15 04 00.9,226.00375,+02 36 43,2.6119444444444446,152.1,22.4,0.66,300.3,Map/Offsets,https://cgi.minorplanetcenter.net/cgi-bin/confirmeph2.cgi
20260525T024412Z,2026-05-25T02:44:12.517282Z,20260525T024412Z_batch01,C1F0L35,2026-05-25T02:00:00Z,15 03 58.6,225.99416666666667,+02 37 03,2.6175,152.0,22.4,0.66,300.2,Map/Offsets,https://cgi.minorplanetcenter.net/cgi-bin/confirmeph2.cgi
20260525T024412Z,2026-05-25T02:44:12.517282Z,20260525T024412Z_batch01,C1F0L35,2026-05-25T03:00:00Z,15 03 56.3,225.98458333333335,+02 37 23,2.6230555555555557,152.0,22.4,0.66,300.2,Map/Offsets,https://cgi.minorplanetcenter.net/cgi-bin/confirmeph2.cgi
20260525T024412Z,2026-05-25T02:44:12.517282Z,20260525T024412Z_batch01,C1F0L35,2026-05-25T04:00:00Z,15 03 54.1,225.9754166666667,+02 37 42,2.6283333333333334,152.0,22.4,0.66,300.1,Map/Offsets,https://cgi.minorplanetcenter.net/cgi-bin/confirmeph2.cgi
20260525T024412Z,2026-05-25T02:44:12.517282Z,20260525T024412Z_batch01,C1F0L35,2026-05-25T05:00:00Z,15 03 51.8,225.96583333333334,+02 38 02,2.633888888888889,151.9,22.4,0.65,300.1,Map/Offsets,https://cgi.minorplanetcenter.net/cgi-bin/confirmeph2.cgi
20260525T024412Z,2026-05-25T02:44:12.517282Z,20260525T024412Z_batch01,C1F0L35,2026-05-25T06:00:00Z,15 03 49.5,225.95625,+02 38 22,2.6394444444444445,151.9,22.4,0.65,300.1,Map/Offsets,https://cgi.minorplanetcenter.net/cgi-bin/confirmeph2.cgi
20260525T024412Z,2026-05-25T02:44:12.517282Z,20260525T024412Z_batch01,C1F0L35,2026-05-25T07:00:00Z,15 03 47.3,225.94708333333335,+02 38 41,2.644722222222222,151.8,22.4,0.65,300.0,Map/Offsets,https://cgi.minorplanetcenter.net/cgi-bin/confirmeph2.cgi
20260525T024412Z,2026-05-25T02:44:12.517282Z,20260525T024412Z_batch01,C1F0L35,2026-05-25T08:00:00Z,15 03 45.0,225.9375,+02 39 01,2.6502777777777777,151.8,22.4,0.65,300.0,Map/Offsets,https://cgi.minorplanetcenter.net/cgi-bin/confirmeph2.cgi
20260525T024412Z,2026-05-25T02:44:12.517282Z,20260525T024412Z_batch01,C1F0L35,2026-05-25T09:00:00Z,15 03 42.8,225.92833333333334,+02 39 20,2.6555555555555554,151.8,22.4,0.65,299.9,Map/Offsets,https://cgi.minorplanetcenter.net/cgi-bin/confirmeph2.cgi
20260525T024412Z,2026-05-25T02:44:12.517282Z,20260525T024412Z_batch01,C1F0L35,2026-05-25T10:00:00Z,15 03 40.6,225.91916666666668,+02 39 39,2.660833333333333,151.7,22.4,0.64,299.9,Map/Offsets,https://cgi.minorplanetcenter.net/cgi-bin/confirmeph2.cgi
20260525T024412Z,2026-05-25T02:44:12.517282Z,20260525T024412Z_batch01,C1F0L35,2026-05-25T11:00:00Z,15 03 38.3,225.90958333333336,+02 39 59,2.6663888888888887,151.7,22.4,0.64,299.8,Map/Offsets,https://cgi.minorplanetcenter.net/cgi-bin/confirmeph2.cgi
20260525T024412Z,2026-05-25T02:44:12.517282Z,20260525T024412Z_batch01,C1F0L35,2026-05-25T12:00:00Z,15 03 36.1,225.90041666666667,+02 40 18,2.6716666666666664,151.6,22.4,0.64,299.8,Map/Offsets,https://cgi.minorplanetcenter.net/cgi-bin/confirmeph2.cgi
20260525T024412Z,2026-05-25T02:44:12.517282Z,20260525T024412Z_batch01,C1F0L35,2026-05-25T13:00:00Z,15 03 33.9,225.89125,+02 40 37,2.676944444444444,151.6,22.4,0.64,299.8,Map/Offsets,https://cgi.minorplanetcenter.net/cgi-bin/confirmeph2.cgi
20260525T024412Z,2026-05-25T02:44:12.517282Z,20260525T024412Z_batch01,C1F0L35,2026-05-25T14:00:00Z,15 03 31.7,225.88208333333336,+02 40 56,2.6822222222222223,151.6,22.4,0.64,299.7,Map/Offsets,https://cgi.minorplanetcenter.net/cgi-bin/confirmeph2.cgi
20260525T024412Z,2026-05-25T02:44:12.517282Z,20260525T024412Z_batch01,C1F0L35,2026-05-25T15:00:00Z,15 03 29.5,225.8729166666667,+02 41 14,2.6872222222222226,151.5,22.4,0.63,299.7,Map/Offsets,https://cgi.minorplanetcenter.net/cgi-bin/confirmeph2.cgi
20260525T024412Z,2026-05-25T02:44:12.517282Z,20260525T024412Z_batch01,C1F0L35,2026-05-25T16:00:00Z,15 03 27.3,225.86375,+02 41 33,2.6925000000000003,151.5,22.4,0.63,299.6,Map/Offsets,https://cgi.minorplanetcenter.net/cgi-bin/confirmeph2.cgi
20260525T024412Z,2026-05-25T02:44:12.517282Z,20260525T024412Z_batch01,C1F0L35,2026-05-25T17:00:00Z,15 03 25.1,225.85458333333335,+02 41 52,2.697777777777778,151.5,22.4,0.63,299.6,Map/Offsets,https://cgi.minorplanetcenter.net/cgi-bin/confirmeph2.cgi
20260525T024412Z,2026-05-25T02:44:12.517282Z,20260525T024412Z_batch01,C1F0L35,2026-05-25T18:00:00Z,15 03 22.9,225.8454166666667,+02 42 11,2.7030555555555558,151.4,22.4,0.63,299.5,Map/Offsets,https://cgi.minorplanetcenter.net/cgi-bin/confirmeph2.cgi
20260525T024412Z,2026-05-25T02:44:12.517282Z,20260525T024412Z_batch01,C1F0L35,2026-05-25T19:00:00Z,15 03 20.7,225.83625000000004,+02 42 29,2.7080555555555557,151.4,22.4,0.63,299.5,Map/Offsets,https://cgi.minorplanetcenter.net/cgi-bin/confirmeph2.cgi
20260525T024412Z,2026-05-25T02:44:12.517282Z,20260525T024412Z_batch01,C1F0L35,2026-05-25T20:00:00Z,15 03 18.5,225.82708333333335,+02 42 48,2.7133333333333334,151.3,22.4,0.62,299.4,Map/Offsets,https://cgi.minorplanetcenter.net/cgi-bin/confirmeph2.cgi
20260525T024412Z,2026-05-25T02:44:12.517282Z,20260525T024412Z_batch01,C1F0L35,2026-05-25T21:00:00Z,15 03 16.3,225.8179166666667,+02 43 06,2.7183333333333333,151.3,22.4,0.62,299.4,Map/Offsets,https://cgi.minorplanetcenter.net/cgi-bin/confirmeph2.cgi
20260525T024412Z,2026-05-25T02:44:12.517282Z,20260525T024412Z_batch01,C1F0L35,2026-05-25T22:00:00Z,15 03 14.2,225.80916666666667,+02 43 24,2.7233333333333336,151.3,22.4,0.62,299.4,Map/Offsets,https://cgi.minorplanetcenter.net/cgi-bin/confirmeph2.cgi
20260525T024412Z,2026-05-25T02:44:12.517282Z,20260525T024412Z_batch01,C1F0L35,2026-05-25T23:00:00Z,15 03 12.0,225.8,+02 43 42,2.7283333333333335,151.2,22.4,0.62,299.3,Map/Offsets,https://cgi.minorplanetcenter.net/cgi-bin/confirmeph2.cgi
20260525T024412Z,2026-05-25T02:44:12.517282Z,20260525T024412Z_batch01,C1F0L35,2026-05-26T00:00:00Z,15 03 09.9,225.79125000000002,+02 44 00,2.7333333333333334,151.2,22.4,0.62,299.3,Map/Offsets,https://cgi.minorplanetcenter.net/cgi-bin/confirmeph2.cgi
20260525T024412Z,2026-05-25T02:44:12.517282Z,20260525T024412Z_batch01,C1F0L35,2026-05-26T01:00:00Z,15 03 07.7,225.78208333333333,+02 44 18,2.7383333333333333,151.1,22.4,0.61,299.2,Map/Offsets,https://cgi.minorplanetcenter.net/cgi-bin/confirmeph2.cgi
20260525T024412Z,2026-05-25T02:44:12.517282Z,20260525T024412Z_batch01,C1F0EU5,2026-05-25T01:00:00Z,15 26 19.6,231.58166666666668,-10 05 27,-10.090833333333334,165.6,22.1,0.78,270.9,Map/Offsets,https://cgi.minorplanetcenter.net/cgi-bin/confirmeph2.cgi
20260525T024412Z,2026-05-25T02:44:12.517282Z,20260525T024412Z_batch01,C1F0EU5,2026-05-25T02:00:00Z,15 26 16.5,231.56875,-10 05 26,-10.090555555555556,165.6,22.1,0.77,270.9,Map/Offsets,https://cgi.minorplanetcenter.net/cgi-bin/confirmeph2.cgi
20260525T024412Z,2026-05-25T02:44:12.517282Z,20260525T024412Z_batch01,C1F0EU5,2026-05-25T03:00:00Z,15 26 13.3,231.55541666666667,-10 05 25,-10.090277777777779,165.6,22.1,0.77,270.9,Map/Offsets,https://cgi.minorplanetcenter.net/cgi-bin/confirmeph2.cgi
20260525T024412Z,2026-05-25T02:44:12.517282Z,20260525T024412Z_batch01,C1F0EU5,2026-05-25T04:00:00Z,15 26 10.2,231.5425,-10 05 25,-10.090277777777779,165.5,22.1,0.77,270.9,Map/Offsets,https://cgi.minorplanetcenter.net/cgi-bin/confirmeph2.cgi
20260525T024412Z,2026-05-25T02:44:12.517282Z,20260525T024412Z_batch01,C1F0EU5,2026-05-25T05:00:00Z,15 26 07.0,231.52916666666667,-10 05 24,-10.09,165.5,22.1,0.77,270.9,Map/Offsets,https://cgi.minorplanetcenter.net/cgi-bin/confirmeph2.cgi
20260525T024412Z,2026-05-25T02:44:12.517282Z,20260525T024412Z_batch01,C1F0EU5,2026-05-25T06:00:00Z,15 26 03.9,231.51625,-10 05 23,-10.089722222222223,165.4,22.1,0.77,270.9,Map/Offsets,https://cgi.minorplanetcenter.net/cgi-bin/confirmeph2.cgi
20260525T024412Z,2026-05-25T02:44:12.517282Z,20260525T024412Z_batch01,C1F0EU5,2026-05-25T07:00:00Z,15 26 00.8,231.50333333333333,-10 05 23,-10.089722222222223,165.4,22.1,0.77,270.9,Map/Offsets,https://cgi.minorplanetcenter.net/cgi-bin/confirmeph2.cgi
20260525T024412Z,2026-05-25T02:44:12.517282Z,20260525T024412Z_batch01,C1F0EU5,2026-05-25T08:00:00Z,15 25 57.6,231.48999999999998,-10 05 22,-10.089444444444444,165.3,22.1,0.77,270.9,Map/Offsets,https://cgi.minorplanetcenter.net/cgi-bin/confirmeph2.cgi
20260525T024412Z,2026-05-25T02:44:12.517282Z,20260525T024412Z_batch01,C1F0EU5,2026-05-25T09:00:00Z,15 25 54.5,231.47708333333333,-10 05 21,-10.089166666666667,165.3,22.1,0.77,270.9,Map/Offsets,https://cgi.minorplanetcenter.net/cgi-bin/confirmeph2.cgi
20260525T024412Z,2026-05-25T02:44:12.517282Z,20260525T024412Z_batch01,C1F0EU5,2026-05-25T10:00:00Z,15 25 51.3,231.46375,-10 05 20,-10.08888888888889,165.3,22.1,0.77,270.9,Map/Offsets,https://cgi.minorplanetcenter.net/cgi-bin/confirmeph2.cgi
20260525T024412Z,2026-05-25T02:44:12.517282Z,20260525T024412Z_batch01,C1F0EU5,2026-05-25T11:00:00Z,15 25 48.2,231.45083333333332,-10 05 20,-10.08888888888889,165.2,22.1,0.77,270.9,Map/Offsets,https://cgi.minorplanetcenter.net/cgi-bin/confirmeph2.cgi
20260525T024412Z,2026-05-25T02:44:12.517282Z,20260525T024412Z_batch01,C1F0EU5,2026-05-25T12:00:00Z,15 25 45.0,231.43749999999997,-10 05 19,-10.088611111111112,165.2,22.1,0.77,270.9,Map/Offsets,https://cgi.minorplanetcenter.net/cgi-bin/confirmeph2.cgi
20260525T024412Z,2026-05-25T02:44:12.517282Z,20260525T024412Z_batch01,C1F0EU5,2026-05-25T13:00:00Z,15 25 41.9,231.42458333333332,-10 05 18,-10.088333333333335,165.1,22.1,0.77,270.8,Map/Offsets,https://cgi.minorplanetcenter.net/cgi-bin/confirmeph2.cgi
20260525T024412Z,2026-05-25T02:44:12.517282Z,20260525T024412Z_batch01,C1F0EU5,2026-05-25T14:00:00Z,15 25 38.7,231.41125,-10 05 18,-10.088333333333335,165.1,22.1,0.77,270.8,Map/Offsets,https://cgi.minorplanetcenter.net/cgi-bin/confirmeph2.cgi
20260525T024412Z,2026-05-25T02:44:12.517282Z,20260525T024412Z_batch01,C1F0EU5,2026-05-25T15:00:00Z,15 25 35.6,231.39833333333334,-10 05 17,-10.088055555555556,165.1,22.1,0.77,270.8,Map/Offsets,https://cgi.minorplanetcenter.net/cgi-bin/confirmeph2.cgi
20260525T024412Z,2026-05-25T02:44:12.517282Z,20260525T024412Z_batch01,C1F0EU5,2026-05-25T16:00:00Z,15 25 32.5,231.38541666666666,-10 05 16,-10.087777777777779,165.0,22.1,0.77,270.8,Map/Offsets,https://cgi.minorplanetcenter.net/cgi-bin/confirmeph2.cgi
20260525T024412Z,2026-05-25T02:44:12.517282Z,20260525T024412Z_batch01,C1F0EU5,2026-05-25T17:00:00Z,15 25 29.3,231.3720833333333,-10 05 16,-10.087777777777779,165.0,22.1,0.77,270.8,Map/Offsets,https://cgi.minorplanetcenter.net/cgi-bin/confirmeph2.cgi
20260525T024412Z,2026-05-25T02:44:12.517282Z,20260525T024412Z_batch01,C1F0EU5,2026-05-25T18:00:00Z,15 25 26.2,231.35916666666668,-10 05 15,-10.0875,164.9,22.1,0.77,270.8,Map/Offsets,https://cgi.minorplanetcenter.net/cgi-bin/confirmeph2.cgi
20260525T024412Z,2026-05-25T02:44:12.517282Z,20260525T024412Z_batch01,C1F0EU5,2026-05-25T19:00:00Z,15 25 23.0,231.34583333333333,-10 05 14,-10.087222222222223,164.9,22.1,0.77,270.8,Map/Offsets,https://cgi.minorplanetcenter.net/cgi-bin/confirmeph2.cgi
20260525T024412Z,2026-05-25T02:44:12.517282Z,20260525T024412Z_batch01,C1F0EU5,2026-05-25T20:00:00Z,15 25 19.9,231.33291666666665,-10 05 14,-10.087222222222223,164.8,22.1,0.77,270.8,Map/Offsets,https://cgi.minorplanetcenter.net/cgi-bin/confirmeph2.cgi
20260525T024412Z,2026-05-25T02:44:12.517282Z,20260525T024412Z_batch01,C1F0EU5,2026-05-25T21:00:00Z,15 25 16.8,231.32,-10 05 13,-10.086944444444445,164.8,22.1,0.77,270.8,Map/Offsets,https://cgi.minorplanetcenter.net/cgi-bin/confirmeph2.cgi
20260525T024412Z,2026-05-25T02:44:12.517282Z,20260525T024412Z_batch01,C1F0EU5,2026-05-25T22:00:00Z,15 25 13.6,231.30666666666664,-10 05 12,-10.086666666666668,164.8,22.1,0.77,270.8,Map/Offsets,https://cgi.minorplanetcenter.net/cgi-bin/confirmeph2.cgi
20260525T024412Z,2026-05-25T02:44:12.517282Z,20260525T024412Z_batch01,C1F0EU5,2026-05-25T23:00:00Z,15 25 10.5,231.29375,-10 05 12,-10.086666666666668,164.7,22.1,0.77,270.8,Map/Offsets,https://cgi.minorplanetcenter.net/cgi-bin/confirmeph2.cgi
20260525T024412Z,2026-05-25T02:44:12.517282Z,20260525T024412Z_batch01,C1F0EU5,2026-05-26T00:00:00Z,15 25 07.3,231.28041666666667,-10 05 11,-10.086388888888889,164.7,22.1,0.77,270.8,Map/Offsets,https://cgi.minorplanetcenter.net/cgi-bin/confirmeph2.cgi
20260525T024412Z,2026-05-25T02:44:12.517282Z,20260525T024412Z_batch01,C1F0EU5,2026-05-26T01:00:00Z,15 25 04.2,231.26749999999998,-10 05 10,-10.086111111111112,164.6,22.1,0.77,270.8,Map/Offsets,https://cgi.minorplanetcenter.net/cgi-bin/confirmeph2.cgi
20260525T024412Z,2026-05-25T02:44:12.517282Z,20260525T024412Z_batch01,C1F0295,2026-05-25T01:00:00Z,15 20 28.2,230.1175,-07 21 50,-7.363888888888889,162.6,22.0,0.87,306.3,Map/Offsets,https://cgi.minorplanetcenter.net/cgi-bin/confirmeph2.cgi
20260525T024412Z,2026-05-25T02:44:12.517282Z,20260525T024412Z_batch01,C1F0295,2026-05-25T02:00:00Z,15 20 25.4,230.10583333333332,-07 21 19,-7.355277777777777,162.6,22.0,0.87,306.3,Map/Offsets,https://cgi.minorplanetcenter.net/cgi-bin/confirmeph2.cgi
20260525T024412Z,2026-05-25T02:44:12.517282Z,20260525T024412Z_batch01,C1F0295,2026-05-25T03:00:00Z,15 20 22.6,230.09416666666667,-07 20 48,-7.346666666666667,162.5,22.0,0.87,306.3,Map/Offsets,https://cgi.minorplanetcenter.net/cgi-bin/confirmeph2.cgi
20260525T024412Z,2026-05-25T02:44:12.517282Z,20260525T024412Z_batch01,C1F0295,2026-05-25T04:00:00Z,15 20 19.8,230.0825,-07 20 17,-7.338055555555555,162.5,22.0,0.87,306.3,Map/Offsets,https://cgi.minorplanetcenter.net/cgi-bin/confirmeph2.cgi
20260525T024412Z,2026-05-25T02:44:12.517282Z,20260525T024412Z_batch01,C1F0295,2026-05-25T05:00:00Z,15 20 16.9,230.0704166666667,-07 19 46,-7.329444444444444,162.4,22.0,0.87,306.3,Map/Offsets,https://cgi.minorplanetcenter.net/cgi-bin/confirmeph2.cgi
20260525T024412Z,2026-05-25T02:44:12.517282Z,20260525T024412Z_batch01,C1F0295,2026-05-25T06:00:00Z,15 20 14.1,230.05875,-07 19 15,-7.320833333333333,162.4,22.0,0.87,306.3,Map/Offsets,https://cgi.minorplanetcenter.net/cgi-bin/confirmeph2.cgi
20260525T024412Z,2026-05-25T02:44:12.517282Z,20260525T024412Z_batch01,C1F0295,2026-05-25T07:00:00Z,15 20 11.3,230.04708333333335,-07 18 45,-7.3125,162.3,22.0,0.87,306.2,Map/Offsets,https://cgi.minorplanetcenter.net/cgi-bin/confirmeph2.cgi
20260525T024412Z,2026-05-25T02:44:12.517282Z,20260525T024412Z_batch01,C1F0295,2026-05-25T08:00:00Z,15 20 08.4,230.035,-07 18 14,-7.303888888888888,162.3,22.0,0.87,306.2,Map/Offsets,https://cgi.minorplanetcenter.net/cgi-bin/confirmeph2.cgi
20260525T024412Z,2026-05-25T02:44:12.517282Z,20260525T024412Z_batch01,C1F0295,2026-05-25T09:00:00Z,15 20 05.6,230.02333333333334,-07 17 43,-7.295277777777778,162.2,22.0,0.87,306.2,Map/Offsets,https://cgi.minorplanetcenter.net/cgi-bin/confirmeph2.cgi
20260525T024412Z,2026-05-25T02:44:12.517282Z,20260525T024412Z_batch01,C1F0295,2026-05-25T10:00:00Z,15 20 02.8,230.01166666666668,-07 17 12,-7.286666666666666,162.2,22.0,0.87,306.2,Map/Offsets,https://cgi.minorplanetcenter.net/cgi-bin/confirmeph2.cgi
20260525T024412Z,2026-05-25T02:44:12.517282Z,20260525T024412Z_batch01,C1F0295,2026-05-25T11:00:00Z,15 19 59.9,229.9995833333333,-07 16 41,-7.2780555555555555,162.1,22.0,0.87,306.2,Map/Offsets,https://cgi.minorplanetcenter.net/cgi-bin/confirmeph2.cgi
20260525T024412Z,2026-05-25T02:44:12.517282Z,20260525T024412Z_batch01,C1F0295,2026-05-25T12:00:00Z,15 19 57.1,229.98791666666665,-07 16 10,-7.269444444444445,162.1,22.0,0.87,306.2,Map/Offsets,https://cgi.minorplanetcenter.net/cgi-bin/confirmeph2.cgi
20260525T024412Z,2026-05-25T02:44:12.517282Z,20260525T024412Z_batch01,C1F0295,2026-05-25T13:00:00Z,15 19 54.3,229.97625,-07 15 39,-7.260833333333333,162.1,22.0,0.87,306.2,Map/Offsets,https://cgi.minorplanetcenter.net/cgi-bin/confirmeph2.cgi
20260525T024412Z,2026-05-25T02:44:12.517282Z,20260525T024412Z_batch01,C1F0295,2026-05-25T14:00:00Z,15 19 51.4,229.96416666666667,-07 15 08,-7.252222222222223,162.0,22.0,0.87,306.2,Map/Offsets,https://cgi.minorplanetcenter.net/cgi-bin/confirmeph2.cgi
20260525T024412Z,2026-05-25T02:44:12.517282Z,20260525T024412Z_batch01,C1F0295,2026-05-25T15:00:00Z,15 19 48.6,229.95250000000001,-07 14 38,-7.243888888888889,162.0,22.0,0.87,306.2,Map/Offsets,https://cgi.minorplanetcenter.net/cgi-bin/confirmeph2.cgi
20260525T024412Z,2026-05-25T02:44:12.517282Z,20260525T024412Z_batch01,C1F0295,2026-05-25T16:00:00Z,15 19 45.8,229.94083333333333,-07 14 07,-7.235277777777778,161.9,22.0,0.87,306.1,Map/Offsets,https://cgi.minorplanetcenter.net/cgi-bin/confirmeph2.cgi
20260525T024412Z,2026-05-25T02:44:12.517282Z,20260525T024412Z_batch01,C1F0295,2026-05-25T17:00:00Z,15 19 42.9,229.92874999999998,-07 13 36,-7.226666666666667,161.9,22.0,0.87,306.1,Map/Offsets,https://cgi.minorplanetcenter.net/cgi-bin/confirmeph2.cgi
20260525T024412Z,2026-05-25T02:44:12.517282Z,20260525T024412Z_batch01,C1F0295,2026-05-25T18:00:00Z,15 19 40.1,229.91708333333332,-07 13 05,-7.218055555555556,161.8,22.0,0.87,306.1,Map/Offsets,https://cgi.minorplanetcenter.net/cgi-bin/confirmeph2.cgi
20260525T024412Z,2026-05-25T02:44:12.517282Z,20260525T024412Z_batch01,C1F0295,2026-05-25T19:00:00Z,15 19 37.2,229.905,-07 12 34,-7.209444444444444,161.8,22.0,0.87,306.1,Map/Offsets,https://cgi.minorplanetcenter.net/cgi-bin/confirmeph2.cgi
20260525T024412Z,2026-05-25T02:44:12.517282Z,20260525T024412Z_batch01,C1F0295,2026-05-25T20:00:00Z,15 19 34.4,229.89333333333335,-07 12 03,-7.200833333333334,161.7,22.0,0.87,306.1,Map/Offsets,https://cgi.minorplanetcenter.net/cgi-bin/confirmeph2.cgi
20260525T024412Z,2026-05-25T02:44:12.517282Z,20260525T024412Z_batch01,C1F0295,2026-05-25T21:00:00Z,15 19 31.5,229.88125,-07 11 32,-7.192222222222222,161.7,22.0,0.87,306.1,Map/Offsets,https://cgi.minorplanetcenter.net/cgi-bin/confirmeph2.cgi
20260525T024412Z,2026-05-25T02:44:12.517282Z,20260525T024412Z_batch01,C1F0295,2026-05-25T22:00:00Z,15 19 28.7,229.8695833333333,-07 11 02,-7.183888888888889,161.6,22.0,0.87,306.1,Map/Offsets,https://cgi.minorplanetcenter.net/cgi-bin/confirmeph2.cgi
20260525T024412Z,2026-05-25T02:44:12.517282Z,20260525T024412Z_batch01,C1F0295,2026-05-25T23:00:00Z,15 19 25.9,229.85791666666665,-07 10 31,-7.175277777777778,161.6,22.0,0.87,306.1,Map/Offsets,https://cgi.minorplanetcenter.net/cgi-bin/confirmeph2.cgi
20260525T024412Z,2026-05-25T02:44:12.517282Z,20260525T024412Z_batch01,C1F0295,2026-05-26T00:00:00Z,15 19 23.0,229.84583333333333,-07 10 00,-7.166666666666667,161.5,22.0,0.87,306.1,Map/Offsets,https://cgi.minorplanetcenter.net/cgi-bin/confirmeph2.cgi
20260525T024412Z,2026-05-25T02:44:12.517282Z,20260525T024412Z_batch01,C1F0295,2026-05-26T01:00:00Z,15 19 20.2,229.83416666666668,-07 09 29,-7.158055555555556,161.5,22.0,0.87,306.1,Map/Offsets,https://cgi.minorplanetcenter.net/cgi-bin/confirmeph2.cgi
20260525T024412Z,2026-05-25T02:44:12.517282Z,20260525T024412Z_batch01,6EN3D21,2026-05-25T01:00:00Z,16 38 39.3,249.66375,-79 04 56,-79.08222222222221,121.6,19.1,1.44,219.5,Map/Offsets,https://cgi.minorplanetcenter.net/cgi-bin/confirmeph2.cgi
20260525T024412Z,2026-05-25T02:44:12.517282Z,20260525T024412Z_batch01,6EN3D21,2026-05-25T02:00:00Z,16 38 20.0,249.58333333333334,-79 06 03,-79.10083333333333,121.6,19.1,1.44,219.7,Map/Offsets,https://cgi.minorplanetcenter.net/cgi-bin/confirmeph2.cgi
20260525T024412Z,2026-05-25T02:44:12.517282Z,20260525T024412Z_batch01,6EN3D21,2026-05-25T03:00:00Z,16 38 00.5,249.5020833333333,-79 07 09,-79.11916666666666,121.6,19.1,1.44,219.8,Map/Offsets,https://cgi.minorplanetcenter.net/cgi-bin/confirmeph2.cgi
20260525T024412Z,2026-05-25T02:44:12.517282Z,20260525T024412Z_batch01,6EN3D21,2026-05-25T04:00:00Z,16 37 41.0,249.42083333333332,-79 08 15,-79.1375,121.6,19.1,1.44,219.9,Map/Offsets,https://cgi.minorplanetcenter.net/cgi-bin/confirmeph2.cgi
20260525T024412Z,2026-05-25T02:44:12.517282Z,20260525T024412Z_batch01,6EN3D21,2026-05-25T05:00:00Z,16 37 21.4,249.3391666666667,-79 09 21,-79.15583333333333,121.6,19.1,1.44,220.1,Map/Offsets,https://cgi.minorplanetcenter.net/cgi-bin/confirmeph2.cgi
20260525T024412Z,2026-05-25T02:44:12.517282Z,20260525T024412Z_batch01,6EN3D21,2026-05-25T06:00:00Z,16 37 01.7,249.25708333333333,-79 10 27,-79.17416666666666,121.6,19.1,1.44,220.2,Map/Offsets,https://cgi.minorplanetcenter.net/cgi-bin/confirmeph2.cgi
20260525T024412Z,2026-05-25T02:44:12.517282Z,20260525T024412Z_batch01,6EN3D21,2026-05-25T07:00:00Z,16 36 42.0,249.175,-79 11 33,-79.19250000000001,121.6,19.1,1.43,220.3,Map/Offsets,https://cgi.minorplanetcenter.net/cgi-bin/confirmeph2.cgi
20260525T024412Z,2026-05-25T02:44:12.517282Z,20260525T024412Z_batch01,6EN3D21,2026-05-25T08:00:00Z,16 36 22.1,249.09208333333333,-79 12 38,-79.21055555555556,121.6,19.1,1.43,220.5,Map/Offsets,https://cgi.minorplanetcenter.net/cgi-bin/confirmeph2.cgi
20260525T024412Z,2026-05-25T02:44:12.517282Z,20260525T024412Z_batch01,6EN3D21,2026-05-25T09:00:00Z,16 36 02.2,249.00916666666672,-79 13 44,-79.22888888888889,121.6,19.1,1.43,220.6,Map/Offsets,https://cgi.minorplanetcenter.net/cgi-bin/confirmeph2.cgi
20260525T024412Z,2026-05-25T02:44:12.517282Z,20260525T024412Z_batch01,6EN3D21,2026-05-25T10:00:00Z,16 35 42.2,248.92583333333332,-79 14 49,-79.24694444444445,121.6,19.1,1.43,220.7,Map/Offsets,https://cgi.minorplanetcenter.net/cgi-bin/confirmeph2.cgi
20260525T024412Z,2026-05-25T02:44:12.517282Z,20260525T024412Z_batch01,6EN3D21,2026-05-25T11:00:00Z,16 35 22.1,248.8420833333333,-79 15 54,-79.265,121.6,19.1,1.43,220.9,Map/Offsets,https://cgi.minorplanetcenter.net/cgi-bin/confirmeph2.cgi
20260525T024412Z,2026-05-25T02:44:12.517282Z,20260525T024412Z_batch01,6EN3D21,2026-05-25T12:00:00Z,16 35 01.9,248.75791666666663,-79 16 59,-79.28305555555555,121.6,19.1,1.43,221.0,Map/Offsets,https://cgi.minorplanetcenter.net/cgi-bin/confirmeph2.cgi
20260525T024412Z,2026-05-25T02:44:12.517282Z,20260525T024412Z_batch01,6EN3D21,2026-05-25T13:00:00Z,16 34 41.6,248.67333333333335,-79 18 04,-79.30111111111111,121.6,19.1,1.43,221.2,Map/Offsets,https://cgi.minorplanetcenter.net/cgi-bin/confirmeph2.cgi
20260525T024412Z,2026-05-25T02:44:12.517282Z,20260525T024412Z_batch01,6EN3D21,2026-05-25T14:00:00Z,16 34 21.2,248.58833333333334,-79 19 09,-79.31916666666666,121.6,19.1,1.43,221.3,Map/Offsets,https://cgi.minorplanetcenter.net/cgi-bin/confirmeph2.cgi
20260525T024412Z,2026-05-25T02:44:12.517282Z,20260525T024412Z_batch01,6EN3D21,2026-05-25T15:00:00Z,16 34 00.8,248.50333333333336,-79 20 13,-79.33694444444444,121.5,19.1,1.43,221.4,Map/Offsets,https://cgi.minorplanetcenter.net/cgi-bin/confirmeph2.cgi
20260525T024412Z,2026-05-25T02:44:12.517282Z,20260525T024412Z_batch01,6EN3D21,2026-05-25T16:00:00Z,16 33 40.3,248.41791666666668,-79 21 18,-79.35499999999999,121.5,19.1,1.43,221.6,Map/Offsets,https://cgi.minorplanetcenter.net/cgi-bin/confirmeph2.cgi
20260525T024412Z,2026-05-25T02:44:12.517282Z,20260525T024412Z_batch01,6EN3D21,2026-05-25T17:00:00Z,16 33 19.6,248.33166666666665,-79 22 22,-79.37277777777777,121.5,19.1,1.43,221.7,Map/Offsets,https://cgi.minorplanetcenter.net/cgi-bin/confirmeph2.cgi
20260525T024412Z,2026-05-25T02:44:12.517282Z,20260525T024412Z_batch01,6EN3D21,2026-05-25T18:00:00Z,16 32 58.9,248.24541666666667,-79 23 26,-79.39055555555557,121.5,19.1,1.43,221.8,Map/Offsets,https://cgi.minorplanetcenter.net/cgi-bin/confirmeph2.cgi
20260525T024412Z,2026-05-25T02:44:12.517282Z,20260525T024412Z_batch01,6EN3D21,2026-05-25T19:00:00Z,16 32 38.2,248.1591666666667,-79 24 30,-79.40833333333335,121.5,19.1,1.43,222.0,Map/Offsets,https://cgi.minorplanetcenter.net/cgi-bin/confirmeph2.cgi
20260525T024412Z,2026-05-25T02:44:12.517282Z,20260525T024412Z_batch01,6EN3D21,2026-05-25T20:00:00Z,16 32 17.3,248.07208333333338,-79 25 33,-79.42583333333334,121.5,19.1,1.43,222.1,Map/Offsets,https://cgi.minorplanetcenter.net/cgi-bin/confirmeph2.cgi
20260525T024412Z,2026-05-25T02:44:12.517282Z,20260525T024412Z_batch01,6EN3D21,2026-05-25T21:00:00Z,16 31 56.3,247.98458333333335,-79 26 37,-79.44361111111111,121.5,19.1,1.43,222.3,Map/Offsets,https://cgi.minorplanetcenter.net/cgi-bin/confirmeph2.cgi
20260525T024412Z,2026-05-25T02:44:12.517282Z,20260525T024412Z_batch01,6EN3D21,2026-05-25T22:00:00Z,16 31 35.3,247.8970833333333,-79 27 40,-79.46111111111111,121.5,19.1,1.43,222.4,Map/Offsets,https://cgi.minorplanetcenter.net/cgi-bin/confirmeph2.cgi
20260525T024412Z,2026-05-25T02:44:12.517282Z,20260525T024412Z_batch01,6EN3D21,2026-05-25T23:00:00Z,16 31 14.1,247.80874999999997,-79 28 44,-79.47888888888889,121.5,19.1,1.43,222.5,Map/Offsets,https://cgi.minorplanetcenter.net/cgi-bin/confirmeph2.cgi
20260525T024412Z,2026-05-25T02:44:12.517282Z,20260525T024412Z_batch01,6EN3D21,2026-05-26T00:00:00Z,16 30 52.9,247.72041666666667,-79 29 47,-79.49638888888889,121.5,19.1,1.43,222.7,Map/Offsets,https://cgi.minorplanetcenter.net/cgi-bin/confirmeph2.cgi
20260525T024412Z,2026-05-25T02:44:12.517282Z,20260525T024412Z_batch01,6EN3D21,2026-05-26T01:00:00Z,16 30 31.6,247.63166666666666,-79 30 50,-79.51388888888889,121.5,19.1,1.43,222.8,Map/Offsets,https://cgi.minorplanetcenter.net/cgi-bin/confirmeph2.cgi
20260525T024412Z,2026-05-25T02:44:12.517282Z,20260525T024412Z_batch01,C1EYRR5,2026-05-25T01:00:00Z,15 52 42.7,238.17791666666668,+01 28 40,1.4777777777777779,157.4,22.4,2.94,170.4,Map/Offsets,https://cgi.minorplanetcenter.net/cgi-bin/confirmeph2.cgi
20260525T024412Z,2026-05-25T02:44:12.517282Z,20260525T024412Z_batch01,C1EYRR5,2026-05-25T02:00:00Z,15 52 44.6,238.18583333333333,+01 25 46,1.4294444444444445,157.5,22.4,2.94,170.4,Map/Offsets,https://cgi.minorplanetcenter.net/cgi-bin/confirmeph2.cgi
20260525T024412Z,2026-05-25T02:44:12.517282Z,20260525T024412Z_batch01,C1EYRR5,2026-05-25T03:00:00Z,15 52 46.6,238.1941666666667,+01 22 52,1.3811111111111112,157.5,22.4,2.94,170.4,Map/Offsets,https://cgi.minorplanetcenter.net/cgi-bin/confirmeph2.cgi
20260525T024412Z,2026-05-25T02:44:12.517282Z,20260525T024412Z_batch01,C1EYRR5,2026-05-25T04:00:00Z,15 52 48.6,238.20250000000001,+01 19 58,1.3327777777777778,157.5,22.4,2.94,170.4,Map/Offsets,https://cgi.minorplanetcenter.net/cgi-bin/confirmeph2.cgi
20260525T024412Z,2026-05-25T02:44:12.517282Z,20260525T024412Z_batch01,C1EYRR5,2026-05-25T05:00:00Z,15 52 50.5,238.21041666666667,+01 17 04,1.2844444444444443,157.6,22.4,2.94,170.4,Map/Offsets,https://cgi.minorplanetcenter.net/cgi-bin/confirmeph2.cgi
20260525T024412Z,2026-05-25T02:44:12.517282Z,20260525T024412Z_batch01,C1EYRR5,2026-05-25T06:00:00Z,15 52 52.5,238.21875,+01 14 10,1.2361111111111112,157.6,22.4,2.94,170.4,Map/Offsets,https://cgi.minorplanetcenter.net/cgi-bin/confirmeph2.cgi
20260525T024412Z,2026-05-25T02:44:12.517282Z,20260525T024412Z_batch01,C1EYRR5,2026-05-25T07:00:00Z,15 52 54.4,238.22666666666666,+01 11 16,1.1877777777777778,157.7,22.4,2.94,170.4,Map/Offsets,https://cgi.minorplanetcenter.net/cgi-bin/confirmeph2.cgi
20260525T024412Z,2026-05-25T02:44:12.517282Z,20260525T024412Z_batch01,C1EYRR5,2026-05-25T08:00:00Z,15 52 56.4,238.235,+01 08 22,1.1394444444444445,157.7,22.4,2.93,170.4,Map/Offsets,https://cgi.minorplanetcenter.net/cgi-bin/confirmeph2.cgi
20260525T024412Z,2026-05-25T02:44:12.517282Z,20260525T024412Z_batch01,C1EYRR5,2026-05-25T09:00:00Z,15 52 58.3,238.24291666666667,+01 05 29,1.0913888888888887,157.7,22.4,2.93,170.4,Map/Offsets,https://cgi.minorplanetcenter.net/cgi-bin/confirmeph2.cgi
20260525T024412Z,2026-05-25T02:44:12.517282Z,20260525T024412Z_batch01,C1EYRR5,2026-05-25T10:00:00Z,15 53 00.3,238.25124999999997,+01 02 35,1.0430555555555556,157.8,22.4,2.93,170.4,Map/Offsets,https://cgi.minorplanetcenter.net/cgi-bin/confirmeph2.cgi
20260525T024412Z,2026-05-25T02:44:12.517282Z,20260525T024412Z_batch01,C1EYRR5,2026-05-25T11:00:00Z,15 53 02.3,238.25958333333332,+00 59 42,0.995,157.8,22.4,2.93,170.4,Map/Offsets,https://cgi.minorplanetcenter.net/cgi-bin/confirmeph2.cgi
20260525T024412Z,2026-05-25T02:44:12.517282Z,20260525T024412Z_batch01,C1EYRR5,2026-05-25T12:00:00Z,15 53 04.2,238.26749999999998,+00 56 49,0.9469444444444445,157.8,22.4,2.93,170.4,Map/Offsets,https://cgi.minorplanetcenter.net/cgi-bin/confirmeph2.cgi
20260525T024412Z,2026-05-25T02:44:12.517282Z,20260525T024412Z_batch01,C1EYRR5,2026-05-25T13:00:00Z,15 53 06.2,238.2758333333333,+00 53 55,0.898611111111111,157.9,22.4,2.93,170.4,Map/Offsets,https://cgi.minorplanetcenter.net/cgi-bin/confirmeph2.cgi
20260525T024412Z,2026-05-25T02:44:12.517282Z,20260525T024412Z_batch01,C1EYRR5,2026-05-25T14:00:00Z,15 53 08.1,238.28375,+00 51 02,0.8505555555555555,157.9,22.4,2.93,170.4,Map/Offsets,https://cgi.minorplanetcenter.net/cgi-bin/confirmeph2.cgi
20260525T024412Z,2026-05-25T02:44:12.517282Z,20260525T024412Z_batch01,C1EYRR5,2026-05-25T15:00:00Z,15 53 10.1,238.29208333333332,+00 48 09,0.8025,157.9,22.4,2.93,170.4,Map/Offsets,https://cgi.minorplanetcenter.net/cgi-bin/confirmeph2.cgi
20260525T024412Z,2026-05-25T02:44:12.517282Z,20260525T024412Z_batch01,C1EYRR5,2026-05-25T16:00:00Z,15 53 12.0,238.3,+00 45 16,0.7544444444444445,158.0,22.4,2.92,170.4,Map/Offsets,https://cgi.minorplanetcenter.net/cgi-bin/confirmeph2.cgi
20260525T024412Z,2026-05-25T02:44:12.517282Z,20260525T024412Z_batch01,C1EYRR5,2026-05-25T17:00:00Z,15 53 14.0,238.30833333333334,+00 42 23,0.7063888888888888,158.0,22.4,2.92,170.4,Map/Offsets,https://cgi.minorplanetcenter.net/cgi-bin/confirmeph2.cgi
20260525T024412Z,2026-05-25T02:44:12.517282Z,20260525T024412Z_batch01,C1EYRR5,2026-05-25T18:00:00Z,15 53 15.9,238.31624999999997,+00 39 30,0.6583333333333333,158.0,22.4,2.92,170.4,Map/Offsets,https://cgi.minorplanetcenter.net/cgi-bin/confirmeph2.cgi
20260525T024412Z,2026-05-25T02:44:12.517282Z,20260525T024412Z_batch01,C1EYRR5,2026-05-25T19:00:00Z,15 53 17.9,238.32458333333332,+00 36 37,0.6102777777777778,158.1,22.4,2.92,170.4,Map/Offsets,https://cgi.minorplanetcenter.net/cgi-bin/confirmeph2.cgi
20260525T024412Z,2026-05-25T02:44:12.517282Z,20260525T024412Z_batch01,C1EYRR5,2026-05-25T20:00:00Z,15 53 19.8,238.33249999999998,+00 33 45,0.5625,158.1,22.4,2.92,170.4,Map/Offsets,https://cgi.minorplanetcenter.net/cgi-bin/confirmeph2.cgi
20260525T024412Z,2026-05-25T02:44:12.517282Z,20260525T024412Z_batch01,C1EYRR5,2026-05-25T21:00:00Z,15 53 21.8,238.3408333333333,+00 30 52,0.5144444444444445,158.1,22.4,2.92,170.4,Map/Offsets,https://cgi.minorplanetcenter.net/cgi-bin/confirmeph2.cgi
20260525T024412Z,2026-05-25T02:44:12.517282Z,20260525T024412Z_batch01,C1EYRR5,2026-05-25T22:00:00Z,15 53 23.7,238.34875,+00 28 00,0.4666666666666667,158.2,22.4,2.92,170.4,Map/Offsets,https://cgi.minorplanetcenter.net/cgi-bin/confirmeph2.cgi
20260525T024412Z,2026-05-25T02:44:12.517282Z,20260525T024412Z_batch01,C1EYRR5,2026-05-25T23:00:00Z,15 53 25.6,238.35666666666665,+00 25 07,0.41861111111111116,158.2,22.4,2.91,170.4,Map/Offsets,https://cgi.minorplanetcenter.net/cgi-bin/confirmeph2.cgi
20260525T024412Z,2026-05-25T02:44:12.517282Z,20260525T024412Z_batch01,C1EYRR5,2026-05-26T00:00:00Z,15 53 27.6,238.365,+00 22 15,0.3708333333333333,158.2,22.4,2.91,170.4,Map/Offsets,https://cgi.minorplanetcenter.net/cgi-bin/confirmeph2.cgi
20260525T024412Z,2026-05-25T02:44:12.517282Z,20260525T024412Z_batch01,C1EYRR5,2026-05-26T01:00:00Z,15 53 29.5,238.37291666666667,+00 19 23,0.32305555555555554,158.3,22.4,2.91,170.4,Map/Offsets,https://cgi.minorplanetcenter.net/cgi-bin/confirmeph2.cgi
20260525T024412Z,2026-05-25T02:44:12.517282Z,20260525T024412Z_batch01,C1EYQL5,2026-05-25T01:00:00Z,15 49 20.1,237.33375,+00 30 58,0.5161111111111111,158.3,22.0,3.14,223.0,Map/Offsets,https://cgi.minorplanetcenter.net/cgi-bin/confirmeph2.cgi
20260525T024412Z,2026-05-25T02:44:12.517282Z,20260525T024412Z_batch01,C1EYQL5,2026-05-25T02:00:00Z,15 49 11.5,237.29791666666665,+00 28 40,0.4777777777777778,158.3,22.0,3.13,223.0,Map/Offsets,https://cgi.minorplanetcenter.net/cgi-bin/confirmeph2.cgi
20260525T024412Z,2026-05-25T02:44:12.517282Z,20260525T024412Z_batch01,C1EYQL5,2026-05-25T03:00:00Z,15 49 03.0,237.2625,+00 26 23,0.43972222222222224,158.3,22.1,3.12,222.9,Map/Offsets,https://cgi.minorplanetcenter.net/cgi-bin/confirmeph2.cgi
20260525T024412Z,2026-05-25T02:44:12.517282Z,20260525T024412Z_batch01,C1EYQL5,2026-05-25T04:00:00Z,15 48 54.5,237.22708333333333,+00 24 06,0.40166666666666667,158.3,22.1,3.11,222.9,Map/Offsets,https://cgi.minorplanetcenter.net/cgi-bin/confirmeph2.cgi
20260525T024412Z,2026-05-25T02:44:12.517282Z,20260525T024412Z_batch01,C1EYQL5,2026-05-25T05:00:00Z,15 48 46.0,237.1916666666667,+00 21 49,0.3636111111111111,158.3,22.1,3.1,222.9,Map/Offsets,https://cgi.minorplanetcenter.net/cgi-bin/confirmeph2.cgi
20260525T024412Z,2026-05-25T02:44:12.517282Z,20260525T024412Z_batch01,C1EYQL5,2026-05-25T06:00:00Z,15 48 37.6,237.15666666666667,+00 19 33,0.3258333333333333,158.3,22.1,3.09,222.9,Map/Offsets,https://cgi.minorplanetcenter.net/cgi-bin/confirmeph2.cgi
20260525T024412Z,2026-05-25T02:44:12.517282Z,20260525T024412Z_batch01,C1EYQL5,2026-05-25T07:00:00Z,15 48 29.2,237.12166666666667,+00 17 17,0.28805555555555556,158.3,22.1,3.08,222.9,Map/Offsets,https://cgi.minorplanetcenter.net/cgi-bin/confirmeph2.cgi
20260525T024412Z,2026-05-25T02:44:12.517282Z,20260525T024412Z_batch01,C1EYQL5,2026-05-25T08:00:00Z,15 48 20.9,237.08708333333334,+00 15 02,0.25055555555555553,158.4,22.1,3.07,222.8,Map/Offsets,https://cgi.minorplanetcenter.net/cgi-bin/confirmeph2.cgi
20260525T024412Z,2026-05-25T02:44:12.517282Z,20260525T024412Z_batch01,C1EYQL5,2026-05-25T09:00:00Z,15 48 12.5,237.05208333333334,+00 12 48,0.21333333333333335,158.4,22.1,3.06,222.8,Map/Offsets,https://cgi.minorplanetcenter.net/cgi-bin/confirmeph2.cgi
20260525T024412Z,2026-05-25T02:44:12.517282Z,20260525T024412Z_batch01,C1EYQL5,2026-05-25T10:00:00Z,15 48 04.2,237.0175,+00 10 33,0.1758333333333333,158.4,22.1,3.05,222.8,Map/Offsets,https://cgi.minorplanetcenter.net/cgi-bin/confirmeph2.cgi
20260525T024412Z,2026-05-25T02:44:12.517282Z,20260525T024412Z_batch01,C1EYQL5,2026-05-25T11:00:00Z,15 47 56.0,236.98333333333335,+00 08 19,0.1386111111111111,158.4,22.1,3.03,222.8,Map/Offsets,https://cgi.minorplanetcenter.net/cgi-bin/confirmeph2.cgi
20260525T024412Z,2026-05-25T02:44:12.517282Z,20260525T024412Z_batch01,C1EYQL5,2026-05-25T12:00:00Z,15 47 47.7,236.94875,+00 06 06,0.10166666666666667,158.4,22.1,3.02,222.8,Map/Offsets,https://cgi.minorplanetcenter.net/cgi-bin/confirmeph2.cgi
20260525T024412Z,2026-05-25T02:44:12.517282Z,20260525T024412Z_batch01,C1EYQL5,2026-05-25T13:00:00Z,15 47 39.5,236.91458333333333,+00 03 53,0.06472222222222222,158.4,22.1,3.01,222.7,Map/Offsets,https://cgi.minorplanetcenter.net/cgi-bin/confirmeph2.cgi
20260525T024412Z,2026-05-25T02:44:12.517282Z,20260525T024412Z_batch01,C1EYQL5,2026-05-25T14:00:00Z,15 47 31.4,236.88083333333333,+00 01 40,0.027777777777777776,158.4,22.1,3.0,222.7,Map/Offsets,https://cgi.minorplanetcenter.net/cgi-bin/confirmeph2.cgi
20260525T024412Z,2026-05-25T02:44:12.517282Z,20260525T024412Z_batch01,C1EYQL5,2026-05-25T15:00:00Z,15 47 23.3,236.84708333333333,-00 00 32,-0.008888888888888889,158.4,22.1,2.99,222.7,Map/Offsets,https://cgi.minorplanetcenter.net/cgi-bin/confirmeph2.cgi
20260525T024412Z,2026-05-25T02:44:12.517282Z,20260525T024412Z_batch01,C1EYQL5,2026-05-25T16:00:00Z,15 47 15.2,236.81333333333333,-00 02 44,-0.04555555555555556,158.5,22.1,2.98,222.7,Map/Offsets,https://cgi.minorplanetcenter.net/cgi-bin/confirmeph2.cgi
20260525T024412Z,2026-05-25T02:44:12.517282Z,20260525T024412Z_batch01,C1EYQL5,2026-05-25T17:00:00Z,15 47 07.1,236.7795833333333,-00 04 55,-0.08194444444444444,158.5,22.1,2.97,222.7,Map/Offsets,https://cgi.minorplanetcenter.net/cgi-bin/confirmeph2.cgi
20260525T024412Z,2026-05-25T02:44:12.517282Z,20260525T024412Z_batch01,C1EYQL5,2026-05-25T18:00:00Z,15 46 59.0,236.74583333333334,-00 07 06,-0.11833333333333333,158.5,22.1,2.96,222.6,Map/Offsets,https://cgi.minorplanetcenter.net/cgi-bin/confirmeph2.cgi
20260525T024412Z,2026-05-25T02:44:12.517282Z,20260525T024412Z_batch01,C1EYQL5,2026-05-25T19:00:00Z,15 46 51.0,236.7125,-00 09 16,-0.15444444444444444,158.5,22.1,2.95,222.6,Map/Offsets,https://cgi.minorplanetcenter.net/cgi-bin/confirmeph2.cgi
20260525T024412Z,2026-05-25T02:44:12.517282Z,20260525T024412Z_batch01,C1EYQL5,2026-05-25T20:00:00Z,15 46 43.1,236.67958333333337,-00 11 26,-0.19055555555555553,158.5,22.1,2.94,222.6,Map/Offsets,https://cgi.minorplanetcenter.net/cgi-bin/confirmeph2.cgi
20260525T024412Z,2026-05-25T02:44:12.517282Z,20260525T024412Z_batch01,C1EYQL5,2026-05-25T21:00:00Z,15 46 35.1,236.64625,-00 13 36,-0.22666666666666668,158.5,22.1,2.93,222.6,Map/Offsets,https://cgi.minorplanetcenter.net/cgi-bin/confirmeph2.cgi
20260525T024412Z,2026-05-25T02:44:12.517282Z,20260525T024412Z_batch01,C1EYQL5,2026-05-25T22:00:00Z,15 46 27.2,236.61333333333334,-00 15 45,-0.2625,158.5,22.1,2.92,222.5,Map/Offsets,https://cgi.minorplanetcenter.net/cgi-bin/confirmeph2.cgi
20260525T024412Z,2026-05-25T02:44:12.517282Z,20260525T024412Z_batch01,C1EYQL5,2026-05-25T23:00:00Z,15 46 19.3,236.58041666666668,-00 17 54,-0.29833333333333334,158.5,22.1,2.91,222.5,Map/Offsets,https://cgi.minorplanetcenter.net/cgi-bin/confirmeph2.cgi
20260525T024412Z,2026-05-25T02:44:12.517282Z,20260525T024412Z_batch01,C1EYQL5,2026-05-26T00:00:00Z,15 46 11.5,236.54791666666668,-00 20 03,-0.33416666666666667,158.5,22.1,2.9,222.5,Map/Offsets,https://cgi.minorplanetcenter.net/cgi-bin/confirmeph2.cgi
20260525T024412Z,2026-05-25T02:44:12.517282Z,20260525T024412Z_batch01,C1EYQL5,2026-05-26T01:00:00Z,15 46 03.7,236.51541666666668,-00 22 11,-0.3697222222222222,158.5,22.1,2.89,222.5,Map/Offsets,https://cgi.minorplanetcenter.net/cgi-bin/confirmeph2.cgi
20260525T024412Z,2026-05-25T02:44:12.517282Z,20260525T024412Z_batch01,C1EYPU5,2026-05-25T01:00:00Z,15 50 26.0,237.60833333333332,+03 08 16,3.1377777777777776,155.7,22.8,0.76,57.5,Map/Offsets,https://cgi.minorplanetcenter.net/cgi-bin/confirmeph2.cgi
20260525T024412Z,2026-05-25T02:44:12.517282Z,20260525T024412Z_batch01,C1EYPU5,2026-05-25T02:00:00Z,15 50 28.6,237.61916666666667,+03 08 40,3.1444444444444444,155.7,22.8,0.76,57.6,Map/Offsets,https://cgi.minorplanetcenter.net/cgi-bin/confirmeph2.cgi
20260525T024412Z,2026-05-25T02:44:12.517282Z,20260525T024412Z_batch01,C1EYPU5,2026-05-25T03:00:00Z,15 50 31.2,237.63,+03 09 05,3.151388888888889,155.7,22.8,0.76,57.7,Map/Offsets,https://cgi.minorplanetcenter.net/cgi-bin/confirmeph2.cgi
20260525T024412Z,2026-05-25T02:44:12.517282Z,20260525T024412Z_batch01,C1EYPU5,2026-05-25T04:00:00Z,15 50 33.8,237.64083333333335,+03 09 29,3.1580555555555554,155.7,22.8,0.76,57.8,Map/Offsets,https://cgi.minorplanetcenter.net/cgi-bin/confirmeph2.cgi
20260525T024412Z,2026-05-25T02:44:12.517282Z,20260525T024412Z_batch01,C1EYPU5,2026-05-25T05:00:00Z,15 50 36.4,237.65166666666667,+03 09 54,3.165,155.6,22.8,0.76,57.9,Map/Offsets,https://cgi.minorplanetcenter.net/cgi-bin/confirmeph2.cgi
20260525T024412Z,2026-05-25T02:44:12.517282Z,20260525T024412Z_batch01,C1EYPU5,2026-05-25T06:00:00Z,15 50 39.0,237.66250000000002,+03 10 18,3.1716666666666664,155.6,22.8,0.76,58.0,Map/Offsets,https://cgi.minorplanetcenter.net/cgi-bin/confirmeph2.cgi
20260525T024412Z,2026-05-25T02:44:12.517282Z,20260525T024412Z_batch01,C1EYPU5,2026-05-25T07:00:00Z,15 50 41.6,237.67333333333335,+03 10 42,3.1783333333333332,155.6,22.8,0.76,58.0,Map/Offsets,https://cgi.minorplanetcenter.net/cgi-bin/confirmeph2.cgi
20260525T024412Z,2026-05-25T02:44:12.517282Z,20260525T024412Z_batch01,C1EYPU5,2026-05-25T08:00:00Z,15 50 44.1,237.68375,+03 11 06,3.1849999999999996,155.6,22.8,0.76,58.1,Map/Offsets,https://cgi.minorplanetcenter.net/cgi-bin/confirmeph2.cgi
20260525T024412Z,2026-05-25T02:44:12.517282Z,20260525T024412Z_batch01,C1EYPU5,2026-05-25T09:00:00Z,15 50 46.7,237.69458333333336,+03 11 30,3.1916666666666664,155.6,22.8,0.76,58.2,Map/Offsets,https://cgi.minorplanetcenter.net/cgi-bin/confirmeph2.cgi
20260525T024412Z,2026-05-25T02:44:12.517282Z,20260525T024412Z_batch01,C1EYPU5,2026-05-25T10:00:00Z,15 50 49.3,237.70541666666668,+03 11 54,3.1983333333333333,155.5,22.8,0.76,58.3,Map/Offsets,https://cgi.minorplanetcenter.net/cgi-bin/confirmeph2.cgi
20260525T024412Z,2026-05-25T02:44:12.517282Z,20260525T024412Z_batch01,C1EYPU5,2026-05-25T11:00:00Z,15 50 51.9,237.71625000000003,+03 12 18,3.205,155.5,22.8,0.76,58.4,Map/Offsets,https://cgi.minorplanetcenter.net/cgi-bin/confirmeph2.cgi
20260525T024412Z,2026-05-25T02:44:12.517282Z,20260525T024412Z_batch01,C1EYPU5,2026-05-25T12:00:00Z,15 50 54.5,237.72708333333333,+03 12 42,3.211666666666667,155.5,22.8,0.76,58.5,Map/Offsets,https://cgi.minorplanetcenter.net/cgi-bin/confirmeph2.cgi
20260525T024412Z,2026-05-25T02:44:12.517282Z,20260525T024412Z_batch01,C1EYPU5,2026-05-25T13:00:00Z,15 50 57.1,237.73791666666668,+03 13 06,3.2183333333333333,155.5,22.8,0.76,58.6,Map/Offsets,https://cgi.minorplanetcenter.net/cgi-bin/confirmeph2.cgi
20260525T024412Z,2026-05-25T02:44:12.517282Z,20260525T024412Z_batch01,C1EYPU5,2026-05-25T14:00:00Z,15 50 59.7,237.74875,+03 13 30,3.225,155.5,22.8,0.76,58.7,Map/Offsets,https://cgi.minorplanetcenter.net/cgi-bin/confirmeph2.cgi
20260525T024412Z,2026-05-25T02:44:12.517282Z,20260525T024412Z_batch01,C1EYPU5,2026-05-25T15:00:00Z,15 51 02.3,237.75958333333332,+03 13 54,3.231666666666667,155.4,22.8,0.76,58.8,Map/Offsets,https://cgi.minorplanetcenter.net/cgi-bin/confirmeph2.cgi
20260525T024412Z,2026-05-25T02:44:12.517282Z,20260525T024412Z_batch01,C1EYPU5,2026-05-25T16:00:00Z,15 51 04.9,237.77041666666665,+03 14 17,3.2380555555555555,155.4,22.8,0.76,58.8,Map/Offsets,https://cgi.minorplanetcenter.net/cgi-bin/confirmeph2.cgi
20260525T024412Z,2026-05-25T02:44:12.517282Z,20260525T024412Z_batch01,C1EYPU5,2026-05-25T17:00:00Z,15 51 07.6,237.78166666666667,+03 14 41,3.2447222222222223,155.4,22.8,0.76,58.9,Map/Offsets,https://cgi.minorplanetcenter.net/cgi-bin/confirmeph2.cgi
20260525T024412Z,2026-05-25T02:44:12.517282Z,20260525T024412Z_batch01,C1EYPU5,2026-05-25T18:00:00Z,15 51 10.2,237.7925,+03 15 04,3.2511111111111113,155.4,22.8,0.76,59.0,Map/Offsets,https://cgi.minorplanetcenter.net/cgi-bin/confirmeph2.cgi
20260525T024412Z,2026-05-25T02:44:12.517282Z,20260525T024412Z_batch01,C1EYPU5,2026-05-25T19:00:00Z,15 51 12.8,237.80333333333334,+03 15 28,3.2577777777777777,155.4,22.8,0.76,59.1,Map/Offsets,https://cgi.minorplanetcenter.net/cgi-bin/confirmeph2.cgi
20260525T024412Z,2026-05-25T02:44:12.517282Z,20260525T024412Z_batch01,C1EYPU5,2026-05-25T20:00:00Z,15 51 15.4,237.81416666666667,+03 15 51,3.2641666666666667,155.4,22.8,0.76,59.2,Map/Offsets,https://cgi.minorplanetcenter.net/cgi-bin/confirmeph2.cgi
20260525T024412Z,2026-05-25T02:44:12.517282Z,20260525T024412Z_batch01,C1EYPU5,2026-05-25T21:00:00Z,15 51 18.0,237.82500000000002,+03 16 14,3.2705555555555557,155.3,22.8,0.76,59.3,Map/Offsets,https://cgi.minorplanetcenter.net/cgi-bin/confirmeph2.cgi
20260525T024412Z,2026-05-25T02:44:12.517282Z,20260525T024412Z_batch01,C1EYPU5,2026-05-25T22:00:00Z,15 51 20.6,237.8358333333333,+03 16 38,3.277222222222222,155.3,22.8,0.76,59.4,Map/Offsets,https://cgi.minorplanetcenter.net/cgi-bin/confirmeph2.cgi
20260525T024412Z,2026-05-25T02:44:12.517282Z,20260525T024412Z_batch01,C1EYPU5,2026-05-25T23:00:00Z,15 51 23.2,237.84666666666666,+03 17 01,3.283611111111111,155.3,22.8,0.76,59.5,Map/Offsets,https://cgi.minorplanetcenter.net/cgi-bin/confirmeph2.cgi
20260525T024412Z,2026-05-25T02:44:12.517282Z,20260525T024412Z_batch01,C1EYPU5,2026-05-26T00:00:00Z,15 51 25.9,237.85791666666665,+03 17 24,3.29,155.3,22.8,0.76,59.6,Map/Offsets,https://cgi.minorplanetcenter.net/cgi-bin/confirmeph2.cgi
20260525T024412Z,2026-05-25T02:44:12.517282Z,20260525T024412Z_batch01,C1EYPU5,2026-05-26T01:00:00Z,15 51 28.5,237.86875,+03 17 47,3.2963888888888886,155.3,22.8,0.76,59.7,Map/Offsets,https://cgi.minorplanetcenter.net/cgi-bin/confirmeph2.cgi
20260525T024412Z,2026-05-25T02:44:12.517282Z,20260525T024412Z_batch01,C1EYPT5,2026-05-25T01:00:00Z,15 48 46.4,237.19333333333333,+01 07 52,1.1311111111111112,157.6,21.8,2.8,191.1,Map/Offsets,https://cgi.minorplanetcenter.net/cgi-bin/confirmeph2.cgi
20260525T024412Z,2026-05-25T02:44:12.517282Z,20260525T024412Z_batch01,C1EYPT5,2026-05-25T02:00:00Z,15 48 44.3,237.18458333333334,+01 05 07,1.0852777777777778,157.7,21.8,2.79,191.1,Map/Offsets,https://cgi.minorplanetcenter.net/cgi-bin/confirmeph2.cgi
20260525T024412Z,2026-05-25T02:44:12.517282Z,20260525T024412Z_batch01,C1EYPT5,2026-05-25T03:00:00Z,15 48 42.1,237.17541666666668,+01 02 23,1.0397222222222224,157.7,21.8,2.78,191.1,Map/Offsets,https://cgi.minorplanetcenter.net/cgi-bin/confirmeph2.cgi
20260525T024412Z,2026-05-25T02:44:12.517282Z,20260525T024412Z_batch01,C1EYPT5,2026-05-25T04:00:00Z,15 48 40.0,237.16666666666669,+00 59 39,0.9941666666666666,157.7,21.8,2.77,191.1,Map/Offsets,https://cgi.minorplanetcenter.net/cgi-bin/confirmeph2.cgi
20260525T024412Z,2026-05-25T02:44:12.517282Z,20260525T024412Z_batch01,C1EYPT5,2026-05-25T05:00:00Z,15 48 37.8,237.15750000000003,+00 56 57,0.9491666666666667,157.7,21.8,2.76,191.1,Map/Offsets,https://cgi.minorplanetcenter.net/cgi-bin/confirmeph2.cgi
20260525T024412Z,2026-05-25T02:44:12.517282Z,20260525T024412Z_batch01,C1EYPT5,2026-05-25T06:00:00Z,15 48 35.7,237.14875,+00 54 14,0.903888888888889,157.8,21.8,2.75,191.1,Map/Offsets,https://cgi.minorplanetcenter.net/cgi-bin/confirmeph2.cgi
20260525T024412Z,2026-05-25T02:44:12.517282Z,20260525T024412Z_batch01,C1EYPT5,2026-05-25T07:00:00Z,15 48 33.6,237.14000000000001,+00 51 33,0.8591666666666666,157.8,21.8,2.74,191.1,Map/Offsets,https://cgi.minorplanetcenter.net/cgi-bin/confirmeph2.cgi
20260525T024412Z,2026-05-25T02:44:12.517282Z,20260525T024412Z_batch01,C1EYPT5,2026-05-25T08:00:00Z,15 48 31.5,237.13125,+00 48 52,0.8144444444444445,157.8,21.8,2.73,191.0,Map/Offsets,https://cgi.minorplanetcenter.net/cgi-bin/confirmeph2.cgi
20260525T024412Z,2026-05-25T02:44:12.517282Z,20260525T024412Z_batch01,C1EYPT5,2026-05-25T09:00:00Z,15 48 29.4,237.1225,+00 46 12,0.77,157.8,21.8,2.72,191.0,Map/Offsets,https://cgi.minorplanetcenter.net/cgi-bin/confirmeph2.cgi
20260525T024412Z,2026-05-25T02:44:12.517282Z,20260525T024412Z_batch01,C1EYPT5,2026-05-25T10:00:00Z,15 48 27.4,237.11416666666668,+00 43 32,0.7255555555555555,157.9,21.8,2.7,191.0,Map/Offsets,https://cgi.minorplanetcenter.net/cgi-bin/confirmeph2.cgi
20260525T024412Z,2026-05-25T02:44:12.517282Z,20260525T024412Z_batch01,C1EYPT5,2026-05-25T11:00:00Z,15 48 25.3,237.10541666666666,+00 40 53,0.6813888888888888,157.9,21.8,2.69,191.0,Map/Offsets,https://cgi.minorplanetcenter.net/cgi-bin/confirmeph2.cgi
20260525T024412Z,2026-05-25T02:44:12.517282Z,20260525T024412Z_batch01,C1EYPT5,2026-05-25T12:00:00Z,15 48 23.2,237.09666666666666,+00 38 15,0.6375,157.9,21.8,2.68,191.0,Map/Offsets,https://cgi.minorplanetcenter.net/cgi-bin/confirmeph2.cgi
20260525T024412Z,2026-05-25T02:44:12.517282Z,20260525T024412Z_batch01,C1EYPT5,2026-05-25T13:00:00Z,15 48 21.2,237.08833333333334,+00 35 37,0.5936111111111112,157.9,21.8,2.67,191.0,Map/Offsets,https://cgi.minorplanetcenter.net/cgi-bin/confirmeph2.cgi
20260525T024412Z,2026-05-25T02:44:12.517282Z,20260525T024412Z_batch01,C1EYPT5,2026-05-25T14:00:00Z,15 48 19.2,237.08,+00 33 00,0.55,158.0,21.8,2.66,191.0,Map/Offsets,https://cgi.minorplanetcenter.net/cgi-bin/confirmeph2.cgi
20260525T024412Z,2026-05-25T02:44:12.517282Z,20260525T024412Z_batch01,C1EYPT5,2026-05-25T15:00:00Z,15 48 17.1,237.07125,+00 30 24,0.5066666666666667,158.0,21.9,2.65,191.0,Map/Offsets,https://cgi.minorplanetcenter.net/cgi-bin/confirmeph2.cgi
20260525T024412Z,2026-05-25T02:44:12.517282Z,20260525T024412Z_batch01,C1EYPT5,2026-05-25T16:00:00Z,15 48 15.1,237.06291666666667,+00 27 48,0.4633333333333333,158.0,21.9,2.64,191.0,Map/Offsets,https://cgi.minorplanetcenter.net/cgi-bin/confirmeph2.cgi
20260525T024412Z,2026-05-25T02:44:12.517282Z,20260525T024412Z_batch01,C1EYPT5,2026-05-25T17:00:00Z,15 48 13.1,237.05458333333334,+00 25 12,0.42000000000000004,158.0,21.9,2.63,190.9,Map/Offsets,https://cgi.minorplanetcenter.net/cgi-bin/confirmeph2.cgi
20260525T024412Z,2026-05-25T02:44:12.517282Z,20260525T024412Z_batch01,C1EYPT5,2026-05-25T18:00:00Z,15 48 11.1,237.04625,+00 22 38,0.3772222222222222,158.1,21.9,2.62,190.9,Map/Offsets,https://cgi.minorplanetcenter.net/cgi-bin/confirmeph2.cgi
20260525T024412Z,2026-05-25T02:44:12.517282Z,20260525T024412Z_batch01,C1EYPT5,2026-05-25T19:00:00Z,15 48 09.2,237.03833333333336,+00 20 04,0.33444444444444443,158.1,21.9,2.61,190.9,Map/Offsets,https://cgi.minorplanetcenter.net/cgi-bin/confirmeph2.cgi
20260525T024412Z,2026-05-25T02:44:12.517282Z,20260525T024412Z_batch01,C1EYPT5,2026-05-25T20:00:00Z,15 48 07.2,237.03000000000003,+00 17 30,0.2916666666666667,158.1,21.9,2.6,190.9,Map/Offsets,https://cgi.minorplanetcenter.net/cgi-bin/confirmeph2.cgi
20260525T024412Z,2026-05-25T02:44:12.517282Z,20260525T024412Z_batch01,C1EYPT5,2026-05-25T21:00:00Z,15 48 05.2,237.02166666666668,+00 14 57,0.24916666666666668,158.1,21.9,2.59,190.9,Map/Offsets,https://cgi.minorplanetcenter.net/cgi-bin/confirmeph2.cgi
20260525T024412Z,2026-05-25T02:44:12.517282Z,20260525T024412Z_batch01,C1EYPT5,2026-05-25T22:00:00Z,15 48 03.3,237.01375000000002,+00 12 25,0.20694444444444446,158.2,21.9,2.58,190.9,Map/Offsets,https://cgi.minorplanetcenter.net/cgi-bin/confirmeph2.cgi
20260525T024412Z,2026-05-25T02:44:12.517282Z,20260525T024412Z_batch01,C1EYPT5,2026-05-25T23:00:00Z,15 48 01.3,237.0054166666667,+00 09 53,0.16472222222222221,158.2,21.9,2.57,190.9,Map/Offsets,https://cgi.minorplanetcenter.net/cgi-bin/confirmeph2.cgi
20260525T024412Z,2026-05-25T02:44:12.517282Z,20260525T024412Z_batch01,C1EYPT5,2026-05-26T00:00:00Z,15 47 59.4,236.9975,+00 07 22,0.12277777777777778,158.2,21.9,2.56,190.8,Map/Offsets,https://cgi.minorplanetcenter.net/cgi-bin/confirmeph2.cgi
20260525T024412Z,2026-05-25T02:44:12.517282Z,20260525T024412Z_batch01,C1EYPT5,2026-05-26T01:00:00Z,15 47 57.5,236.98958333333334,+00 04 51,0.08083333333333333,158.2,21.9,2.55,190.8,Map/Offsets,https://cgi.minorplanetcenter.net/cgi-bin/confirmeph2.cgi
20260525T024412Z,2026-05-25T02:44:12.517282Z,20260525T024412Z_batch01,C1EYD55,2026-05-25T01:00:00Z,15 46 59.4,236.74750000000003,-13 13 46,-13.229444444444445,171.1,22.1,1.23,241.7,Map/Offsets,https://cgi.minorplanetcenter.net/cgi-bin/confirmeph2.cgi
20260525T024412Z,2026-05-25T02:44:12.517282Z,20260525T024412Z_batch01,C1EYD55,2026-05-25T02:00:00Z,15 46 54.9,236.72875000000002,-13 14 21,-13.239166666666666,171.1,22.1,1.23,241.7,Map/Offsets,https://cgi.minorplanetcenter.net/cgi-bin/confirmeph2.cgi
20260525T024412Z,2026-05-25T02:44:12.517282Z,20260525T024412Z_batch01,C1EYD55,2026-05-25T03:00:00Z,15 46 50.5,236.7104166666667,-13 14 56,-13.248888888888889,171.1,22.1,1.23,241.7,Map/Offsets,https://cgi.minorplanetcenter.net/cgi-bin/confirmeph2.cgi
20260525T024412Z,2026-05-25T02:44:12.517282Z,20260525T024412Z_batch01,C1EYD55,2026-05-25T04:00:00Z,15 46 46.0,236.6916666666667,-13 15 31,-13.258611111111112,171.1,22.1,1.23,241.7,Map/Offsets,https://cgi.minorplanetcenter.net/cgi-bin/confirmeph2.cgi
20260525T024412Z,2026-05-25T02:44:12.517282Z,20260525T024412Z_batch01,C1EYD55,2026-05-25T05:00:00Z,15 46 41.6,236.67333333333335,-13 16 06,-13.268333333333334,171.0,22.1,1.23,241.7,Map/Offsets,https://cgi.minorplanetcenter.net/cgi-bin/confirmeph2.cgi
20260525T024412Z,2026-05-25T02:44:12.517282Z,20260525T024412Z_batch01,C1EYD55,2026-05-25T06:00:00Z,15 46 37.1,236.65458333333336,-13 16 41,-13.278055555555556,171.0,22.1,1.23,241.7,Map/Offsets,https://cgi.minorplanetcenter.net/cgi-bin/confirmeph2.cgi
20260525T024412Z,2026-05-25T02:44:12.517282Z,20260525T024412Z_batch01,C1EYD55,2026-05-25T07:00:00Z,15 46 32.7,236.63625000000002,-13 17 17,-13.288055555555555,171.0,22.1,1.23,241.7,Map/Offsets,https://cgi.minorplanetcenter.net/cgi-bin/confirmeph2.cgi
20260525T024412Z,2026-05-25T02:44:12.517282Z,20260525T024412Z_batch01,C1EYD55,2026-05-25T08:00:00Z,15 46 28.2,236.61750000000004,-13 17 52,-13.297777777777778,170.9,22.1,1.23,241.7,Map/Offsets,https://cgi.minorplanetcenter.net/cgi-bin/confirmeph2.cgi
20260525T024412Z,2026-05-25T02:44:12.517282Z,20260525T024412Z_batch01,C1EYD55,2026-05-25T09:00:00Z,15 46 23.7,236.59875000000002,-13 18 27,-13.307500000000001,170.9,22.1,1.23,241.7,Map/Offsets,https://cgi.minorplanetcenter.net/cgi-bin/confirmeph2.cgi
20260525T024412Z,2026-05-25T02:44:12.517282Z,20260525T024412Z_batch01,C1EYD55,2026-05-25T10:00:00Z,15 46 19.3,236.58041666666668,-13 19 02,-13.317222222222222,170.9,22.1,1.23,241.7,Map/Offsets,https://cgi.minorplanetcenter.net/cgi-bin/confirmeph2.cgi
20260525T024412Z,2026-05-25T02:44:12.517282Z,20260525T024412Z_batch01,C1EYD55,2026-05-25T11:00:00Z,15 46 14.8,236.5616666666667,-13 19 37,-13.326944444444445,170.9,22.1,1.23,241.7,Map/Offsets,https://cgi.minorplanetcenter.net/cgi-bin/confirmeph2.cgi
20260525T024412Z,2026-05-25T02:44:12.517282Z,20260525T024412Z_batch01,C1EYD55,2026-05-25T12:00:00Z,15 46 10.4,236.54333333333335,-13 20 12,-13.336666666666668,170.8,22.1,1.23,241.7,Map/Offsets,https://cgi.minorplanetcenter.net/cgi-bin/confirmeph2.cgi
20260525T024412Z,2026-05-25T02:44:12.517282Z,20260525T024412Z_batch01,C1EYD55,2026-05-25T13:00:00Z,15 46 06.0,236.525,-13 20 47,-13.346388888888889,170.8,22.1,1.23,241.7,Map/Offsets,https://cgi.minorplanetcenter.net/cgi-bin/confirmeph2.cgi
20260525T024412Z,2026-05-25T02:44:12.517282Z,20260525T024412Z_batch01,C1EYD55,2026-05-25T14:00:00Z,15 46 01.5,236.50625,-13 21 22,-13.35611111111111,170.8,22.1,1.23,241.6,Map/Offsets,https://cgi.minorplanetcenter.net/cgi-bin/confirmeph2.cgi
20260525T024412Z,2026-05-25T02:44:12.517282Z,20260525T024412Z_batch01,C1EYD55,2026-05-25T15:00:00Z,15 45 57.1,236.48791666666665,-13 21 57,-13.365833333333333,170.7,22.1,1.23,241.6,Map/Offsets,https://cgi.minorplanetcenter.net/cgi-bin/confirmeph2.cgi
20260525T024412Z,2026-05-25T02:44:12.517282Z,20260525T024412Z_batch01,C1EYD55,2026-05-25T16:00:00Z,15 45 52.6,236.46916666666667,-13 22 32,-13.375555555555556,170.7,22.1,1.23,241.6,Map/Offsets,https://cgi.minorplanetcenter.net/cgi-bin/confirmeph2.cgi
20260525T024412Z,2026-05-25T02:44:12.517282Z,20260525T024412Z_batch01,C1EYD55,2026-05-25T17:00:00Z,15 45 48.2,236.45083333333332,-13 23 06,-13.385,170.7,22.1,1.23,241.6,Map/Offsets,https://cgi.minorplanetcenter.net/cgi-bin/confirmeph2.cgi
20260525T024412Z,2026-05-25T02:44:12.517282Z,20260525T024412Z_batch01,C1EYD55,2026-05-25T18:00:00Z,15 45 43.7,236.4320833333333,-13 23 41,-13.39472222222222,170.6,22.1,1.23,241.6,Map/Offsets,https://cgi.minorplanetcenter.net/cgi-bin/confirmeph2.cgi
20260525T024412Z,2026-05-25T02:44:12.517282Z,20260525T024412Z_batch01,C1EYD55,2026-05-25T19:00:00Z,15 45 39.3,236.41375,-13 24 16,-13.404444444444445,170.6,22.1,1.23,241.6,Map/Offsets,https://cgi.minorplanetcenter.net/cgi-bin/confirmeph2.cgi
20260525T024412Z,2026-05-25T02:44:12.517282Z,20260525T024412Z_batch01,C1EYD55,2026-05-25T20:00:00Z,15 45 34.9,236.39541666666665,-13 24 51,-13.414166666666667,170.6,22.1,1.23,241.6,Map/Offsets,https://cgi.minorplanetcenter.net/cgi-bin/confirmeph2.cgi
20260525T024412Z,2026-05-25T02:44:12.517282Z,20260525T024412Z_batch01,C1EYD55,2026-05-25T21:00:00Z,15 45 30.4,236.37666666666667,-13 25 26,-13.423888888888888,170.5,22.1,1.23,241.6,Map/Offsets,https://cgi.minorplanetcenter.net/cgi-bin/confirmeph2.cgi
20260525T024412Z,2026-05-25T02:44:12.517282Z,20260525T024412Z_batch01,C1EYD55,2026-05-25T22:00:00Z,15 45 26.0,236.35833333333332,-13 26 01,-13.43361111111111,170.5,22.1,1.22,241.6,Map/Offsets,https://cgi.minorplanetcenter.net/cgi-bin/confirmeph2.cgi
20260525T024412Z,2026-05-25T02:44:12.517282Z,20260525T024412Z_batch01,C1EYD55,2026-05-25T23:00:00Z,15 45 21.6,236.34,-13 26 36,-13.443333333333333,170.5,22.1,1.22,241.6,Map/Offsets,https://cgi.minorplanetcenter.net/cgi-bin/confirmeph2.cgi
20260525T024412Z,2026-05-25T02:44:12.517282Z,20260525T024412Z_batch01,C1EYD55,2026-05-26T00:00:00Z,15 45 17.2,236.32166666666666,-13 27 11,-13.453055555555554,170.4,22.1,1.22,241.6,Map/Offsets,https://cgi.minorplanetcenter.net/cgi-bin/confirmeph2.cgi
20260525T024412Z,2026-05-25T02:44:12.517282Z,20260525T024412Z_batch01,C1EYD55,2026-05-26T01:00:00Z,15 45 12.7,236.30291666666668,-13 27 46,-13.462777777777777,170.4,22.1,1.22,241.6,Map/Offsets,https://cgi.minorplanetcenter.net/cgi-bin/confirmeph2.cgi
20260525T024412Z,2026-05-25T02:44:12.517282Z,20260525T024412Z_batch01,NAOCBPP,2026-05-25T01:00:00Z,14 52 51.8,223.21583333333334,-19 59 55,-19.998611111111114,162.9,22.3,1.58,162.0,Map/Offsets   Map/Offsets,https://cgi.minorplanetcenter.net/cgi-bin/confirmeph2.cgi
20260525T024412Z,2026-05-25T02:44:12.517282Z,20260525T024412Z_batch01,NAOCBPP,2026-05-25T02:00:00Z,14 52 53.9,223.22458333333336,-20 01 25,-20.02361111111111,162.8,22.3,1.58,162.0,Map/Offsets   Map/Offsets,https://cgi.minorplanetcenter.net/cgi-bin/confirmeph2.cgi
20260525T024412Z,2026-05-25T02:44:12.517282Z,20260525T024412Z_batch01,NAOCBPP,2026-05-25T03:00:00Z,14 52 56.0,223.23333333333335,-20 02 55,-20.048611111111114,162.8,22.3,1.58,161.9,Map/Offsets   Map/Offsets,https://cgi.minorplanetcenter.net/cgi-bin/confirmeph2.cgi
20260525T024412Z,2026-05-25T02:44:12.517282Z,20260525T024412Z_batch01,NAOCBPP,2026-05-25T04:00:00Z,14 52 58.1,223.24208333333334,-20 04 25,-20.07361111111111,162.8,22.3,1.58,161.9,Map/Offsets   Map/Offsets,https://cgi.minorplanetcenter.net/cgi-bin/confirmeph2.cgi
20260525T024412Z,2026-05-25T02:44:12.517282Z,20260525T024412Z_batch01,NAOCBPP,2026-05-25T05:00:00Z,14 53 00.2,223.25083333333333,-20 05 55,-20.09861111111111,162.8,22.3,1.58,161.9,Map/Offsets   Map/Offsets,https://cgi.minorplanetcenter.net/cgi-bin/confirmeph2.cgi
20260525T024412Z,2026-05-25T02:44:12.517282Z,20260525T024412Z_batch01,NAOCBPP,2026-05-25T06:00:00Z,14 53 02.3,223.25958333333332,-20 07 25,-20.12361111111111,162.7,22.3,1.57,161.8,Map/Offsets   Map/Offsets,https://cgi.minorplanetcenter.net/cgi-bin/confirmeph2.cgi
20260525T024412Z,2026-05-25T02:44:12.517282Z,20260525T024412Z_batch01,NAOCBPP,2026-05-25T07:00:00Z,14 53 04.4,223.26833333333332,-20 08 55,-20.148611111111112,162.7,22.3,1.57,161.8,Map/Offsets   Map/Offsets,https://cgi.minorplanetcenter.net/cgi-bin/confirmeph2.cgi
20260525T024412Z,2026-05-25T02:44:12.517282Z,20260525T024412Z_batch01,NAOCBPP,2026-05-25T08:00:00Z,14 53 06.4,223.27666666666664,-20 10 24,-20.173333333333336,162.7,22.3,1.57,161.8,Map/Offsets   Map/Offsets,https://cgi.minorplanetcenter.net/cgi-bin/confirmeph2.cgi
20260525T024412Z,2026-05-25T02:44:12.517282Z,20260525T024412Z_batch01,NAOCBPP,2026-05-25T09:00:00Z,14 53 08.5,223.28541666666666,-20 11 54,-20.198333333333334,162.6,22.3,1.57,161.8,Map/Offsets   Map/Offsets,https://cgi.minorplanetcenter.net/cgi-bin/confirmeph2.cgi
20260525T024412Z,2026-05-25T02:44:12.517282Z,20260525T024412Z_batch01,NAOCBPP,2026-05-25T10:00:00Z,14 53 10.6,223.29416666666668,-20 13 23,-20.223055555555554,162.6,22.3,1.57,161.7,Map/Offsets   Map/Offsets,https://cgi.minorplanetcenter.net/cgi-bin/confirmeph2.cgi
20260525T024412Z,2026-05-25T02:44:12.517282Z,20260525T024412Z_batch01,NAOCBPP,2026-05-25T11:00:00Z,14 53 12.7,223.30291666666668,-20 14 52,-20.247777777777777,162.6,22.3,1.56,161.7,Map/Offsets   Map/Offsets,https://cgi.minorplanetcenter.net/cgi-bin/confirmeph2.cgi
20260525T024412Z,2026-05-25T02:44:12.517282Z,20260525T024412Z_batch01,NAOCBPP,2026-05-25T12:00:00Z,14 53 14.8,223.31166666666667,-20 16 21,-20.272499999999997,162.6,22.3,1.56,161.7,Map/Offsets   Map/Offsets,https://cgi.minorplanetcenter.net/cgi-bin/confirmeph2.cgi
20260525T024412Z,2026-05-25T02:44:12.517282Z,20260525T024412Z_batch01,NAOCBPP,2026-05-25T13:00:00Z,14 53 16.9,223.32041666666666,-20 17 50,-20.297222222222224,162.5,22.3,1.56,161.6,Map/Offsets   Map/Offsets,https://cgi.minorplanetcenter.net/cgi-bin/confirmeph2.cgi
20260525T024412Z,2026-05-25T02:44:12.517282Z,20260525T024412Z_batch01,NAOCBPP,2026-05-25T14:00:00Z,14 53 19.0,223.32916666666665,-20 19 19,-20.321944444444444,162.5,22.3,1.56,161.6,Map/Offsets   Map/Offsets,https://cgi.minorplanetcenter.net/cgi-bin/confirmeph2.cgi
20260525T024412Z,2026-05-25T02:44:12.517282Z,20260525T024412Z_batch01,NAOCBPP,2026-05-25T15:00:00Z,14 53 21.1,223.33791666666664,-20 20 48,-20.346666666666664,162.5,22.3,1.56,161.6,Map/Offsets   Map/Offsets,https://cgi.minorplanetcenter.net/cgi-bin/confirmeph2.cgi
20260525T024412Z,2026-05-25T02:44:12.517282Z,20260525T024412Z_batch01,NAOCBPP,2026-05-25T16:00:00Z,14 53 23.2,223.34666666666666,-20 22 16,-20.371111111111112,162.4,22.4,1.55,161.6,Map/Offsets   Map/Offsets,https://cgi.minorplanetcenter.net/cgi-bin/confirmeph2.cgi
20260525T024412Z,2026-05-25T02:44:12.517282Z,20260525T024412Z_batch01,NAOCBPP,2026-05-25T17:00:00Z,14 53 25.3,223.35541666666666,-20 23 45,-20.395833333333332,162.4,22.4,1.55,161.5,Map/Offsets   Map/Offsets,https://cgi.minorplanetcenter.net/cgi-bin/confirmeph2.cgi
20260525T024412Z,2026-05-25T02:44:12.517282Z,20260525T024412Z_batch01,NAOCBPP,2026-05-25T18:00:00Z,14 53 27.4,223.36416666666665,-20 25 13,-20.42027777777778,162.4,22.4,1.55,161.5,Map/Offsets   Map/Offsets,https://cgi.minorplanetcenter.net/cgi-bin/confirmeph2.cgi
20260525T024412Z,2026-05-25T02:44:12.517282Z,20260525T024412Z_batch01,NAOCBPP,2026-05-25T19:00:00Z,14 53 29.5,223.37291666666667,-20 26 41,-20.44472222222222,162.4,22.4,1.55,161.5,Map/Offsets   Map/Offsets,https://cgi.minorplanetcenter.net/cgi-bin/confirmeph2.cgi
20260525T024412Z,2026-05-25T02:44:12.517282Z,20260525T024412Z_batch01,NAOCBPP,2026-05-25T20:00:00Z,14 53 31.6,223.38166666666666,-20 28 09,-20.469166666666666,162.3,22.4,1.55,161.4,Map/Offsets   Map/Offsets,https://cgi.minorplanetcenter.net/cgi-bin/confirmeph2.cgi
20260525T024412Z,2026-05-25T02:44:12.517282Z,20260525T024412Z_batch01,NAOCBPP,2026-05-25T21:00:00Z,14 53 33.7,223.39041666666668,-20 29 37,-20.49361111111111,162.3,22.4,1.55,161.4,Map/Offsets   Map/Offsets,https://cgi.minorplanetcenter.net/cgi-bin/confirmeph2.cgi
20260525T024412Z,2026-05-25T02:44:12.517282Z,20260525T024412Z_batch01,NAOCBPP,2026-05-25T22:00:00Z,14 53 35.8,223.39916666666667,-20 31 05,-20.518055555555556,162.3,22.4,1.54,161.4,Map/Offsets   Map/Offsets,https://cgi.minorplanetcenter.net/cgi-bin/confirmeph2.cgi
20260525T024412Z,2026-05-25T02:44:12.517282Z,20260525T024412Z_batch01,NAOCBPP,2026-05-25T23:00:00Z,14 53 37.9,223.40791666666667,-20 32 33,-20.5425,162.2,22.4,1.54,161.4,Map/Offsets   Map/Offsets,https://cgi.minorplanetcenter.net/cgi-bin/confirmeph2.cgi
20260525T024412Z,2026-05-25T02:44:12.517282Z,20260525T024412Z_batch01,NAOCBPP,2026-05-26T00:00:00Z,14 53 40.0,223.41666666666666,-20 34 00,-20.566666666666666,162.2,22.4,1.54,161.3,Map/Offsets   Map/Offsets,https://cgi.minorplanetcenter.net/cgi-bin/confirmeph2.cgi
20260525T024412Z,2026-05-25T02:44:12.517282Z,20260525T024412Z_batch01,NAOCBPP,2026-05-26T01:00:00Z,14 53 42.1,223.42541666666665,-20 35 28,-20.59111111111111,162.2,22.4,1.54,161.3,Map/Offsets   Map/Offsets,https://cgi.minorplanetcenter.net/cgi-bin/confirmeph2.cgi
20260525T024412Z,2026-05-25T02:44:12.517282Z,20260525T024412Z_batch01,C46CD31,2026-05-25T01:00:00Z,01 24 00.4,21.001666666666665,-03 12 17,-3.2047222222222222,46.4,26.9,6.48,84.9,Map/Offsets   !,https://cgi.minorplanetcenter.net/cgi-bin/confirmeph2.cgi
20260525T024412Z,2026-05-25T02:44:12.517282Z,20260525T024412Z_batch01,C46CD31,2026-05-25T02:00:00Z,01 24 25.9,21.107916666666668,-03 11 43,-3.1952777777777777,46.3,26.9,6.31,84.9,Map/Offsets   !,https://cgi.minorplanetcenter.net/cgi-bin/confirmeph2.cgi
20260525T024412Z,2026-05-25T02:44:12.517282Z,20260525T024412Z_batch01,C46CD31,2026-05-25T03:00:00Z,01 24 50.8,21.211666666666666,-03 11 09,-3.185833333333333,46.3,26.9,6.15,84.8,Map/Offsets   !,https://cgi.minorplanetcenter.net/cgi-bin/confirmeph2.cgi
20260525T024412Z,2026-05-25T02:44:12.517282Z,20260525T024412Z_batch01,C46CD31,2026-05-25T04:00:00Z,01 25 15.0,21.3125,-03 10 36,-3.1766666666666663,46.2,27.0,5.99,84.8,Map/Offsets   !,https://cgi.minorplanetcenter.net/cgi-bin/confirmeph2.cgi
20260525T024412Z,2026-05-25T02:44:12.517282Z,20260525T024412Z_batch01,C46CD31,2026-05-25T05:00:00Z,01 25 38.6,21.410833333333336,-03 10 04,-3.167777777777778,46.2,27.0,5.84,84.8,Map/Offsets   !,https://cgi.minorplanetcenter.net/cgi-bin/confirmeph2.cgi
20260525T024412Z,2026-05-25T02:44:12.517282Z,20260525T024412Z_batch01,C46CD31,2026-05-25T06:00:00Z,01 26 01.6,21.506666666666668,-03 09 33,-3.1591666666666667,46.1,27.0,5.69,84.8,Map/Offsets   !,https://cgi.minorplanetcenter.net/cgi-bin/confirmeph2.cgi
20260525T024412Z,2026-05-25T02:44:12.517282Z,20260525T024412Z_batch01,C46CD31,2026-05-25T07:00:00Z,01 26 24.1,21.600416666666664,-03 09 02,-3.1505555555555556,46.1,27.1,5.55,84.8,Map/Offsets   !,https://cgi.minorplanetcenter.net/cgi-bin/confirmeph2.cgi
20260525T024412Z,2026-05-25T02:44:12.517282Z,20260525T024412Z_batch01,C46CD31,2026-05-25T08:00:00Z,01 26 45.9,21.69125,-03 08 32,-3.1422222222222222,46.0,27.1,5.42,84.7,Map/Offsets   !,https://cgi.minorplanetcenter.net/cgi-bin/confirmeph2.cgi
20260525T024412Z,2026-05-25T02:44:12.517282Z,20260525T024412Z_batch01,C46CD31,2026-05-25T09:00:00Z,01 27 07.3,21.780416666666664,-03 08 03,-3.1341666666666668,46.0,27.1,5.29,84.7,Map/Offsets   !,https://cgi.minorplanetcenter.net/cgi-bin/confirmeph2.cgi
20260525T024412Z,2026-05-25T02:44:12.517282Z,20260525T024412Z_batch01,C46CD31,2026-05-25T10:00:00Z,01 27 28.1,21.867083333333333,-03 07 34,-3.1261111111111113,46.0,27.2,5.16,84.7,Map/Offsets   !,https://cgi.minorplanetcenter.net/cgi-bin/confirmeph2.cgi
20260525T024412Z,2026-05-25T02:44:12.517282Z,20260525T024412Z_batch01,C46CD31,2026-05-25T11:00:00Z,01 27 48.5,21.952083333333334,-03 07 06,-3.118333333333333,45.9,27.2,5.04,84.7,Map/Offsets   !,https://cgi.minorplanetcenter.net/cgi-bin/confirmeph2.cgi
20260525T024412Z,2026-05-25T02:44:12.517282Z,20260525T024412Z_batch01,C46CD31,2026-05-25T12:00:00Z,01 28 08.4,22.035,-03 06 38,-3.1105555555555555,45.9,27.2,4.93,84.7,Map/Offsets   !,https://cgi.minorplanetcenter.net/cgi-bin/confirmeph2.cgi
20260525T024412Z,2026-05-25T02:44:12.517282Z,20260525T024412Z_batch01,C46CD31,2026-05-25T13:00:00Z,01 28 27.8,22.115833333333335,-03 06 11,-3.1030555555555557,45.9,27.2,4.82,84.7,Map/Offsets   !,https://cgi.minorplanetcenter.net/cgi-bin/confirmeph2.cgi
20260525T024412Z,2026-05-25T02:44:12.517282Z,20260525T024412Z_batch01,C46CD31,2026-05-25T14:00:00Z,01 28 46.8,22.195,-03 05 44,-3.095555555555556,45.8,27.3,4.71,84.6,Map/Offsets   !,https://cgi.minorplanetcenter.net/cgi-bin/confirmeph2.cgi
20260525T024412Z,2026-05-25T02:44:12.517282Z,20260525T024412Z_batch01,C46CD31,2026-05-25T15:00:00Z,01 29 05.4,22.2725,-03 05 18,-3.0883333333333334,45.8,27.3,4.6,84.6,Map/Offsets   !,https://cgi.minorplanetcenter.net/cgi-bin/confirmeph2.cgi
20260525T024412Z,2026-05-25T02:44:12.517282Z,20260525T024412Z_batch01,C46CD31,2026-05-25T16:00:00Z,01 29 23.5,22.347916666666666,-03 04 52,-3.0811111111111114,45.8,27.3,4.5,84.6,Map/Offsets   !,https://cgi.minorplanetcenter.net/cgi-bin/confirmeph2.cgi
20260525T024412Z,2026-05-25T02:44:12.517282Z,20260525T024412Z_batch01,C46CD31,2026-05-25T17:00:00Z,01 29 41.3,22.422083333333337,-03 04 27,-3.0741666666666667,45.7,27.3,4.4,84.6,Map/Offsets   !,https://cgi.minorplanetcenter.net/cgi-bin/confirmeph2.cgi
20260525T024412Z,2026-05-25T02:44:12.517282Z,20260525T024412Z_batch01,C46CD31,2026-05-25T18:00:00Z,01 29 58.6,22.49416666666667,-03 04 02,-3.0672222222222225,45.7,27.4,4.31,84.6,Map/Offsets   !,https://cgi.minorplanetcenter.net/cgi-bin/confirmeph2.cgi
20260525T024412Z,2026-05-25T02:44:12.517282Z,20260525T024412Z_batch01,C46CD31,2026-05-25T19:00:00Z,01 30 15.6,22.564999999999998,-03 03 38,-3.0605555555555553,45.7,27.4,4.22,84.5,Map/Offsets   !,https://cgi.minorplanetcenter.net/cgi-bin/confirmeph2.cgi
20260525T024412Z,2026-05-25T02:44:12.517282Z,20260525T024412Z_batch01,C46CD31,2026-05-25T20:00:00Z,01 30 32.3,22.63458333333333,-03 03 14,-3.053888888888889,45.7,27.4,4.13,84.5,Map/Offsets   !,https://cgi.minorplanetcenter.net/cgi-bin/confirmeph2.cgi
20260525T024412Z,2026-05-25T02:44:12.517282Z,20260525T024412Z_batch01,C46CD31,2026-05-25T21:00:00Z,01 30 48.6,22.7025,-03 02 50,-3.047222222222222,45.6,27.4,4.04,84.5,Map/Offsets   !,https://cgi.minorplanetcenter.net/cgi-bin/confirmeph2.cgi
20260525T024412Z,2026-05-25T02:44:12.517282Z,20260525T024412Z_batch01,C46CD31,2026-05-25T22:00:00Z,01 31 04.5,22.768749999999997,-03 02 27,-3.040833333333333,45.6,27.5,3.96,84.5,Map/Offsets   !,https://cgi.minorplanetcenter.net/cgi-bin/confirmeph2.cgi
20260525T024412Z,2026-05-25T02:44:12.517282Z,20260525T024412Z_batch01,C46CD31,2026-05-25T23:00:00Z,01 31 20.1,22.83375,-03 02 05,-3.0347222222222223,45.6,27.5,3.88,84.4,Map/Offsets   !,https://cgi.minorplanetcenter.net/cgi-bin/confirmeph2.cgi
20260525T024412Z,2026-05-25T02:44:12.517282Z,20260525T024412Z_batch01,C46CD31,2026-05-26T00:00:00Z,01 31 35.4,22.8975,-03 01 42,-3.0283333333333333,45.6,27.5,3.8,84.4,Map/Offsets   !,https://cgi.minorplanetcenter.net/cgi-bin/confirmeph2.cgi
20260525T024412Z,2026-05-25T02:44:12.517282Z,20260525T024412Z_batch01,C46CD31,2026-05-26T01:00:00Z,01 31 50.5,22.960416666666667,-03 01 20,-3.022222222222222,45.6,27.5,3.73,84.4,Map/Offsets   !,https://cgi.minorplanetcenter.net/cgi-bin/confirmeph2.cgi
20260525T024412Z,2026-05-25T02:44:12.517282Z,20260525T024412Z_batch01,ST26ED1,2026-05-25T01:00:00Z,01 39 42.7,24.927916666666665,-14 47 49,-14.796944444444444,50.6,27.4,2.85,75.4,Map/Offsets   !,https://cgi.minorplanetcenter.net/cgi-bin/confirmeph2.cgi
20260525T024412Z,2026-05-25T02:44:12.517282Z,20260525T024412Z_batch01,ST26ED1,2026-05-25T02:00:00Z,01 39 53.9,24.97458333333333,-14 47 06,-14.785,50.6,27.4,2.78,75.3,Map/Offsets   !,https://cgi.minorplanetcenter.net/cgi-bin/confirmeph2.cgi
20260525T024412Z,2026-05-25T02:44:12.517282Z,20260525T024412Z_batch01,ST26ED1,2026-05-25T03:00:00Z,01 40 04.9,25.020416666666666,-14 46 25,-14.773611111111112,50.6,27.4,2.71,75.3,Map/Offsets   !,https://cgi.minorplanetcenter.net/cgi-bin/confirmeph2.cgi
20260525T024412Z,2026-05-25T02:44:12.517282Z,20260525T024412Z_batch01,ST26ED1,2026-05-25T04:00:00Z,01 40 15.6,25.064999999999998,-14 45 44,-14.762222222222222,50.6,27.4,2.64,75.3,Map/Offsets   !,https://cgi.minorplanetcenter.net/cgi-bin/confirmeph2.cgi
20260525T024412Z,2026-05-25T02:44:12.517282Z,20260525T024412Z_batch01,ST26ED1,2026-05-25T05:00:00Z,01 40 26.0,25.10833333333333,-14 45 04,-14.751111111111111,50.6,27.5,2.58,75.2,Map/Offsets   !,https://cgi.minorplanetcenter.net/cgi-bin/confirmeph2.cgi
20260525T024412Z,2026-05-25T02:44:12.517282Z,20260525T024412Z_batch01,ST26ED1,2026-05-25T06:00:00Z,01 40 36.2,25.15083333333333,-14 44 25,-14.740277777777777,50.6,27.5,2.51,75.2,Map/Offsets   !,https://cgi.minorplanetcenter.net/cgi-bin/confirmeph2.cgi
20260525T024412Z,2026-05-25T02:44:12.517282Z,20260525T024412Z_batch01,ST26ED1,2026-05-25T07:00:00Z,01 40 46.1,25.19208333333333,-14 43 47,-14.729722222222222,50.6,27.5,2.45,75.1,Map/Offsets   !,https://cgi.minorplanetcenter.net/cgi-bin/confirmeph2.cgi
20260525T024412Z,2026-05-25T02:44:12.517282Z,20260525T024412Z_batch01,ST26ED1,2026-05-25T08:00:00Z,01 40 55.8,25.232499999999998,-14 43 09,-14.719166666666666,50.6,27.5,2.4,75.1,Map/Offsets   !,https://cgi.minorplanetcenter.net/cgi-bin/confirmeph2.cgi
20260525T024412Z,2026-05-25T02:44:12.517282Z,20260525T024412Z_batch01,ST26ED1,2026-05-25T09:00:00Z,01 41 05.3,25.272083333333335,-14 42 33,-14.709166666666667,50.6,27.6,2.34,75.0,Map/Offsets   !,https://cgi.minorplanetcenter.net/cgi-bin/confirmeph2.cgi
20260525T024412Z,2026-05-25T02:44:12.517282Z,20260525T024412Z_batch01,ST26ED1,2026-05-25T10:00:00Z,01 41 14.5,25.310416666666665,-14 41 57,-14.699166666666667,50.6,27.6,2.29,75.0,Map/Offsets   !,https://cgi.minorplanetcenter.net/cgi-bin/confirmeph2.cgi
20260525T024412Z,2026-05-25T02:44:12.517282Z,20260525T024412Z_batch01,ST26ED1,2026-05-25T11:00:00Z,01 41 23.6,25.348333333333336,-14 41 22,-14.689444444444444,50.6,27.6,2.24,75.0,Map/Offsets   !,https://cgi.minorplanetcenter.net/cgi-bin/confirmeph2.cgi
20260525T024412Z,2026-05-25T02:44:12.517282Z,20260525T024412Z_batch01,ST26ED1,2026-05-25T12:00:00Z,01 41 32.4,25.384999999999998,-14 40 47,-14.679722222222221,50.6,27.6,2.19,74.9,Map/Offsets   !,https://cgi.minorplanetcenter.net/cgi-bin/confirmeph2.cgi
20260525T024412Z,2026-05-25T02:44:12.517282Z,20260525T024412Z_batch01,ST26ED1,2026-05-25T13:00:00Z,01 41 41.0,25.420833333333334,-14 40 13,-14.670277777777777,50.6,27.7,2.14,74.9,Map/Offsets   !,https://cgi.minorplanetcenter.net/cgi-bin/confirmeph2.cgi
20260525T024412Z,2026-05-25T02:44:12.517282Z,20260525T024412Z_batch01,ST26ED1,2026-05-25T14:00:00Z,01 41 49.5,25.45625,-14 39 40,-14.661111111111111,50.6,27.7,2.09,74.8,Map/Offsets   !,https://cgi.minorplanetcenter.net/cgi-bin/confirmeph2.cgi
20260525T024412Z,2026-05-25T02:44:12.517282Z,20260525T024412Z_batch01,ST26ED1,2026-05-25T15:00:00Z,01 41 57.8,25.49083333333333,-14 39 07,-14.651944444444444,50.6,27.7,2.05,74.8,Map/Offsets   !,https://cgi.minorplanetcenter.net/cgi-bin/confirmeph2.cgi
20260525T024412Z,2026-05-25T02:44:12.517282Z,20260525T024412Z_batch01,ST26ED1,2026-05-25T16:00:00Z,01 42 05.9,25.524583333333332,-14 38 35,-14.643055555555556,50.6,27.7,2.01,74.7,Map/Offsets   !,https://cgi.minorplanetcenter.net/cgi-bin/confirmeph2.cgi
20260525T024412Z,2026-05-25T02:44:12.517282Z,20260525T024412Z_batch01,ST26ED1,2026-05-25T17:00:00Z,01 42 13.8,25.5575,-14 38 04,-14.634444444444444,50.6,27.8,1.96,74.7,Map/Offsets   !,https://cgi.minorplanetcenter.net/cgi-bin/confirmeph2.cgi
20260525T024412Z,2026-05-25T02:44:12.517282Z,20260525T024412Z_batch01,ST26ED1,2026-05-25T18:00:00Z,01 42 21.5,25.589583333333334,-14 37 33,-14.625833333333334,50.6,27.8,1.92,74.6,Map/Offsets   !,https://cgi.minorplanetcenter.net/cgi-bin/confirmeph2.cgi
20260525T024412Z,2026-05-25T02:44:12.517282Z,20260525T024412Z_batch01,ST26ED1,2026-05-25T19:00:00Z,01 42 29.1,25.62125,-14 37 03,-14.6175,50.6,27.8,1.89,74.6,Map/Offsets   !,https://cgi.minorplanetcenter.net/cgi-bin/confirmeph2.cgi
20260525T024412Z,2026-05-25T02:44:12.517282Z,20260525T024412Z_batch01,ST26ED1,2026-05-25T20:00:00Z,01 42 36.6,25.6525,-14 36 33,-14.609166666666667,50.6,27.8,1.85,74.5,Map/Offsets   !,https://cgi.minorplanetcenter.net/cgi-bin/confirmeph2.cgi
20260525T024412Z,2026-05-25T02:44:12.517282Z,20260525T024412Z_batch01,ST26ED1,2026-05-25T21:00:00Z,01 42 43.8,25.682499999999997,-14 36 04,-14.601111111111111,50.6,27.8,1.81,74.5,Map/Offsets   !,https://cgi.minorplanetcenter.net/cgi-bin/confirmeph2.cgi
20260525T024412Z,2026-05-25T02:44:12.517282Z,20260525T024412Z_batch01,ST26ED1,2026-05-25T22:00:00Z,01 42 51.0,25.7125,-14 35 35,-14.593055555555557,50.6,27.9,1.78,74.4,Map/Offsets   !,https://cgi.minorplanetcenter.net/cgi-bin/confirmeph2.cgi
20260525T024412Z,2026-05-25T02:44:12.517282Z,20260525T024412Z_batch01,ST26ED1,2026-05-25T23:00:00Z,01 42 58.0,25.741666666666667,-14 35 06,-14.585,50.6,27.9,1.74,74.4,Map/Offsets   !,https://cgi.minorplanetcenter.net/cgi-bin/confirmeph2.cgi
20260525T024412Z,2026-05-25T02:44:12.517282Z,20260525T024412Z_batch01,ST26ED1,2026-05-26T00:00:00Z,01 43 04.9,25.77041666666667,-14 34 39,-14.5775,50.6,27.9,1.71,74.3,Map/Offsets   !,https://cgi.minorplanetcenter.net/cgi-bin/confirmeph2.cgi
20260525T024412Z,2026-05-25T02:44:12.517282Z,20260525T024412Z_batch01,ST26ED1,2026-05-26T01:00:00Z,01 43 11.6,25.798333333333336,-14 34 11,-14.569722222222222,50.6,27.9,1.68,74.3,Map/Offsets   !,https://cgi.minorplanetcenter.net/cgi-bin/confirmeph2.cgi
20260525T024412Z,2026-05-25T02:44:12.517282Z,20260525T024412Z_batch01,TF26EE0,2026-05-25T01:00:00Z,16 21 33.2,245.38833333333332,+08 48 57,8.815833333333334,150.1,24.4,0.34,263.0,Map/Offsets,https://cgi.minorplanetcenter.net/cgi-bin/confirmeph2.cgi
20260525T024412Z,2026-05-25T02:44:12.517282Z,20260525T024412Z_batch01,TF26EE0,2026-05-25T02:00:00Z,16 21 31.8,245.3825,+08 48 55,8.815277777777778,150.1,24.4,0.33,262.7,Map/Offsets,https://cgi.minorplanetcenter.net/cgi-bin/confirmeph2.cgi
20260525T024412Z,2026-05-25T02:44:12.517282Z,20260525T024412Z_batch01,TF26EE0,2026-05-25T03:00:00Z,16 21 30.5,245.3770833333334,+08 48 52,8.814444444444446,150.1,24.4,0.33,262.3,Map/Offsets,https://cgi.minorplanetcenter.net/cgi-bin/confirmeph2.cgi
20260525T024412Z,2026-05-25T02:44:12.517282Z,20260525T024412Z_batch01,TF26EE0,2026-05-25T04:00:00Z,16 21 29.2,245.37166666666673,+08 48 50,8.81388888888889,150.1,24.5,0.32,262.0,Map/Offsets,https://cgi.minorplanetcenter.net/cgi-bin/confirmeph2.cgi
20260525T024412Z,2026-05-25T02:44:12.517282Z,20260525T024412Z_batch01,TF26EE0,2026-05-25T05:00:00Z,16 21 28.0,245.3666666666667,+08 48 47,8.813055555555556,150.1,24.5,0.32,261.6,Map/Offsets,https://cgi.minorplanetcenter.net/cgi-bin/confirmeph2.cgi
20260525T024412Z,2026-05-25T02:44:12.517282Z,20260525T024412Z_batch01,TF26EE0,2026-05-25T06:00:00Z,16 21 26.7,245.36125000000004,+08 48 44,8.812222222222223,150.1,24.5,0.31,261.3,Map/Offsets,https://cgi.minorplanetcenter.net/cgi-bin/confirmeph2.cgi
20260525T024412Z,2026-05-25T02:44:12.517282Z,20260525T024412Z_batch01,TF26EE0,2026-05-25T07:00:00Z,16 21 25.5,245.35625000000005,+08 48 41,8.811388888888889,150.1,24.5,0.31,260.9,Map/Offsets,https://cgi.minorplanetcenter.net/cgi-bin/confirmeph2.cgi
20260525T024412Z,2026-05-25T02:44:12.517282Z,20260525T024412Z_batch01,TF26EE0,2026-05-25T08:00:00Z,16 21 24.2,245.35083333333336,+08 48 38,8.810555555555556,150.1,24.5,0.3,260.6,Map/Offsets,https://cgi.minorplanetcenter.net/cgi-bin/confirmeph2.cgi
20260525T024412Z,2026-05-25T02:44:12.517282Z,20260525T024412Z_batch01,TF26EE0,2026-05-25T09:00:00Z,16 21 23.0,245.34583333333336,+08 48 35,8.809722222222224,150.1,24.5,0.3,260.2,Map/Offsets,https://cgi.minorplanetcenter.net/cgi-bin/confirmeph2.cgi
20260525T024412Z,2026-05-25T02:44:12.517282Z,20260525T024412Z_batch01,TF26EE0,2026-05-25T10:00:00Z,16 21 21.9,245.34125,+08 48 32,8.80888888888889,150.1,24.6,0.29,259.8,Map/Offsets,https://cgi.minorplanetcenter.net/cgi-bin/confirmeph2.cgi
20260525T024412Z,2026-05-25T02:44:12.517282Z,20260525T024412Z_batch01,TF26EE0,2026-05-25T11:00:00Z,16 21 20.7,245.33625,+08 48 29,8.808055555555557,150.1,24.6,0.29,259.5,Map/Offsets,https://cgi.minorplanetcenter.net/cgi-bin/confirmeph2.cgi
20260525T024412Z,2026-05-25T02:44:12.517282Z,20260525T024412Z_batch01,TF26EE0,2026-05-25T12:00:00Z,16 21 19.6,245.33166666666665,+08 48 26,8.807222222222222,150.1,24.6,0.29,259.1,Map/Offsets,https://cgi.minorplanetcenter.net/cgi-bin/confirmeph2.cgi
20260525T024412Z,2026-05-25T02:44:12.517282Z,20260525T024412Z_batch01,TF26EE0,2026-05-25T13:00:00Z,16 21 18.4,245.3266666666667,+08 48 23,8.80638888888889,150.1,24.6,0.28,258.7,Map/Offsets,https://cgi.minorplanetcenter.net/cgi-bin/confirmeph2.cgi
20260525T024412Z,2026-05-25T02:44:12.517282Z,20260525T024412Z_batch01,TF26EE0,2026-05-25T14:00:00Z,16 21 17.3,245.32208333333335,+08 48 19,8.805277777777778,150.1,24.6,0.28,258.3,Map/Offsets,https://cgi.minorplanetcenter.net/cgi-bin/confirmeph2.cgi
20260525T024412Z,2026-05-25T02:44:12.517282Z,20260525T024412Z_batch01,TF26EE0,2026-05-25T15:00:00Z,16 21 16.2,245.31750000000002,+08 48 16,8.804444444444446,150.1,24.7,0.27,257.9,Map/Offsets,https://cgi.minorplanetcenter.net/cgi-bin/confirmeph2.cgi
20260525T024412Z,2026-05-25T02:44:12.517282Z,20260525T024412Z_batch01,TF26EE0,2026-05-25T16:00:00Z,16 21 15.1,245.3129166666667,+08 48 12,8.803333333333335,150.1,24.7,0.27,257.5,Map/Offsets,https://cgi.minorplanetcenter.net/cgi-bin/confirmeph2.cgi
20260525T024412Z,2026-05-25T02:44:12.517282Z,20260525T024412Z_batch01,TF26EE0,2026-05-25T17:00:00Z,16 21 14.1,245.30875,+08 48 09,8.8025,150.1,24.7,0.27,257.1,Map/Offsets,https://cgi.minorplanetcenter.net/cgi-bin/confirmeph2.cgi
20260525T024412Z,2026-05-25T02:44:12.517282Z,20260525T024412Z_batch01,TF26EE0,2026-05-25T18:00:00Z,16 21 13.0,245.3041666666667,+08 48 05,8.801388888888889,150.1,24.7,0.26,256.7,Map/Offsets,https://cgi.minorplanetcenter.net/cgi-bin/confirmeph2.cgi
20260525T024412Z,2026-05-25T02:44:12.517282Z,20260525T024412Z_batch01,TF26EE0,2026-05-25T19:00:00Z,16 21 12.0,245.30000000000004,+08 48 02,8.800555555555556,150.1,24.7,0.26,256.3,Map/Offsets,https://cgi.minorplanetcenter.net/cgi-bin/confirmeph2.cgi
20260525T024412Z,2026-05-25T02:44:12.517282Z,20260525T024412Z_batch01,TF26EE0,2026-05-25T20:00:00Z,16 21 11.0,245.29583333333335,+08 47 58,8.799444444444445,150.1,24.7,0.26,255.9,Map/Offsets,https://cgi.minorplanetcenter.net/cgi-bin/confirmeph2.cgi
20260525T024412Z,2026-05-25T02:44:12.517282Z,20260525T024412Z_batch01,TF26EE0,2026-05-25T21:00:00Z,16 21 10.0,245.29166666666666,+08 47 54,8.798333333333334,150.1,24.8,0.25,255.5,Map/Offsets,https://cgi.minorplanetcenter.net/cgi-bin/confirmeph2.cgi
20260525T024412Z,2026-05-25T02:44:12.517282Z,20260525T024412Z_batch01,TF26EE0,2026-05-25T22:00:00Z,16 21 09.0,245.28750000000005,+08 47 50,8.797222222222222,150.1,24.8,0.25,255.1,Map/Offsets,https://cgi.minorplanetcenter.net/cgi-bin/confirmeph2.cgi
20260525T024412Z,2026-05-25T02:44:12.517282Z,20260525T024412Z_batch01,TF26EE0,2026-05-25T23:00:00Z,16 21 08.0,245.28333333333336,+08 47 46,8.796111111111111,150.1,24.8,0.25,254.7,Map/Offsets,https://cgi.minorplanetcenter.net/cgi-bin/confirmeph2.cgi
20260525T024412Z,2026-05-25T02:44:12.517282Z,20260525T024412Z_batch01,TF26EE0,2026-05-26T00:00:00Z,16 21 07.1,245.27958333333333,+08 47 42,8.795,150.1,24.8,0.25,254.2,Map/Offsets,https://cgi.minorplanetcenter.net/cgi-bin/confirmeph2.cgi
20260525T024412Z,2026-05-25T02:44:12.517282Z,20260525T024412Z_batch01,TF26EE0,2026-05-26T01:00:00Z,16 21 06.1,245.27541666666673,+08 47 38,8.793888888888889,150.1,24.8,0.24,253.8,Map/Offsets,https://cgi.minorplanetcenter.net/cgi-bin/confirmeph2.cgi
20260525T024412Z,2026-05-25T02:44:12.517282Z,20260525T024412Z_batch01,ST26EC8,2026-05-25T01:00:00Z,21 23 24.9,320.85375,-30 42 12,-30.703333333333333,109.3,22.6,14.77,94.6,Map/Offsets   !,https://cgi.minorplanetcenter.net/cgi-bin/confirmeph2.cgi
20260525T024412Z,2026-05-25T02:44:12.517282Z,20260525T024412Z_batch01,ST26EC8,2026-05-25T02:00:00Z,21 24 32.8,321.13666666666666,-30 43 22,-30.722777777777775,109.1,22.6,14.5,94.5,Map/Offsets   !,https://cgi.minorplanetcenter.net/cgi-bin/confirmeph2.cgi
20260525T024412Z,2026-05-25T02:44:12.517282Z,20260525T024412Z_batch01,ST26EC8,2026-05-25T03:00:00Z,21 25 39.4,321.4141666666667,-30 44 28,-30.741111111111113,108.9,22.7,14.24,94.3,Map/Offsets   !,https://cgi.minorplanetcenter.net/cgi-bin/confirmeph2.cgi
20260525T024412Z,2026-05-25T02:44:12.517282Z,20260525T024412Z_batch01,ST26EC8,2026-05-25T04:00:00Z,21 26 44.9,321.6870833333333,-30 45 31,-30.75861111111111,108.7,22.7,13.98,94.2,Map/Offsets   !,https://cgi.minorplanetcenter.net/cgi-bin/confirmeph2.cgi
20260525T024412Z,2026-05-25T02:44:12.517282Z,20260525T024412Z_batch01,ST26EC8,2026-05-25T05:00:00Z,21 27 49.2,321.955,-30 46 31,-30.775277777777777,108.5,22.7,13.73,94.1,Map/Offsets   !,https://cgi.minorplanetcenter.net/cgi-bin/confirmeph2.cgi
20260525T024412Z,2026-05-25T02:44:12.517282Z,20260525T024412Z_batch01,ST26EC8,2026-05-25T06:00:00Z,21 28 52.4,322.2183333333333,-30 47 28,-30.791111111111114,108.3,22.7,13.48,93.9,Map/Offsets   !,https://cgi.minorplanetcenter.net/cgi-bin/confirmeph2.cgi
20260525T024412Z,2026-05-25T02:44:12.517282Z,20260525T024412Z_batch01,ST26EC8,2026-05-25T07:00:00Z,21 29 54.5,322.4770833333333,-30 48 22,-30.80611111111111,108.2,22.8,13.25,93.8,Map/Offsets   !,https://cgi.minorplanetcenter.net/cgi-bin/confirmeph2.cgi
20260525T024412Z,2026-05-25T02:44:12.517282Z,20260525T024412Z_batch01,ST26EC8,2026-05-25T08:00:00Z,21 30 55.5,322.73125,-30 49 13,-30.82027777777778,108.0,22.8,13.01,93.7,Map/Offsets   !,https://cgi.minorplanetcenter.net/cgi-bin/confirmeph2.cgi
20260525T024412Z,2026-05-25T02:44:12.517282Z,20260525T024412Z_batch01,ST26EC8,2026-05-25T09:00:00Z,21 31 55.5,322.98125,-30 50 01,-30.83361111111111,107.8,22.8,12.79,93.5,Map/Offsets   !,https://cgi.minorplanetcenter.net/cgi-bin/confirmeph2.cgi
20260525T024412Z,2026-05-25T02:44:12.517282Z,20260525T024412Z_batch01,ST26EC8,2026-05-25T10:00:00Z,21 32 54.5,323.2270833333333,-30 50 48,-30.846666666666664,107.7,22.8,12.57,93.4,Map/Offsets   !,https://cgi.minorplanetcenter.net/cgi-bin/confirmeph2.cgi
20260525T024412Z,2026-05-25T02:44:12.517282Z,20260525T024412Z_batch01,ST26EC8,2026-05-25T11:00:00Z,21 33 52.4,323.46833333333336,-30 51 31,-30.858611111111113,107.5,22.9,12.35,93.3,Map/Offsets   !,https://cgi.minorplanetcenter.net/cgi-bin/confirmeph2.cgi
20260525T024412Z,2026-05-25T02:44:12.517282Z,20260525T024412Z_batch01,ST26EC8,2026-05-25T12:00:00Z,21 34 49.4,323.7058333333333,-30 52 13,-30.87027777777778,107.3,22.9,12.14,93.2,Map/Offsets   !,https://cgi.minorplanetcenter.net/cgi-bin/confirmeph2.cgi
20260525T024412Z,2026-05-25T02:44:12.517282Z,20260525T024412Z_batch01,ST26EC8,2026-05-25T13:00:00Z,21 35 45.4,323.9391666666666,-30 52 52,-30.88111111111111,107.2,22.9,11.93,93.1,Map/Offsets   !,https://cgi.minorplanetcenter.net/cgi-bin/confirmeph2.cgi
20260525T024412Z,2026-05-25T02:44:12.517282Z,20260525T024412Z_batch01,ST26EC8,2026-05-25T14:00:00Z,21 36 40.5,324.16875000000005,-30 53 29,-30.891388888888887,107.0,22.9,11.73,92.9,Map/Offsets   !,https://cgi.minorplanetcenter.net/cgi-bin/confirmeph2.cgi
20260525T024412Z,2026-05-25T02:44:12.517282Z,20260525T024412Z_batch01,ST26EC8,2026-05-25T15:00:00Z,21 37 34.6,324.3941666666667,-30 54 04,-30.90111111111111,106.9,23.0,11.54,92.8,Map/Offsets   !,https://cgi.minorplanetcenter.net/cgi-bin/confirmeph2.cgi
20260525T024412Z,2026-05-25T02:44:12.517282Z,20260525T024412Z_batch01,ST26EC8,2026-05-25T16:00:00Z,21 38 27.9,324.61625000000004,-30 54 37,-30.910277777777775,106.8,23.0,11.35,92.7,Map/Offsets   !,https://cgi.minorplanetcenter.net/cgi-bin/confirmeph2.cgi
20260525T024412Z,2026-05-25T02:44:12.517282Z,20260525T024412Z_batch01,ST26EC8,2026-05-25T17:00:00Z,21 39 20.3,324.8345833333333,-30 55 08,-30.91888888888889,106.6,23.0,11.16,92.6,Map/Offsets   !,https://cgi.minorplanetcenter.net/cgi-bin/confirmeph2.cgi
20260525T024412Z,2026-05-25T02:44:12.517282Z,20260525T024412Z_batch01,ST26EC8,2026-05-25T18:00:00Z,21 40 11.9,325.0495833333334,-30 55 38,-30.927222222222223,106.5,23.0,10.98,92.5,Map/Offsets   !,https://cgi.minorplanetcenter.net/cgi-bin/confirmeph2.cgi
20260525T024412Z,2026-05-25T02:44:12.517282Z,20260525T024412Z_batch01,ST26EC8,2026-05-25T19:00:00Z,21 41 02.6,325.2608333333333,-30 56 06,-30.935,106.3,23.0,10.8,92.4,Map/Offsets   !,https://cgi.minorplanetcenter.net/cgi-bin/confirmeph2.cgi
20260525T024412Z,2026-05-25T02:44:12.517282Z,20260525T024412Z_batch01,ST26EC8,2026-05-25T20:00:00Z,21 41 52.5,325.46875,-30 56 32,-30.942222222222224,106.2,23.1,10.62,92.3,Map/Offsets   !,https://cgi.minorplanetcenter.net/cgi-bin/confirmeph2.cgi
20260525T024412Z,2026-05-25T02:44:12.517282Z,20260525T024412Z_batch01,ST26EC8,2026-05-25T21:00:00Z,21 42 41.6,325.67333333333335,-30 56 56,-30.948888888888888,106.1,23.1,10.45,92.2,Map/Offsets   !,https://cgi.minorplanetcenter.net/cgi-bin/confirmeph2.cgi
20260525T024412Z,2026-05-25T02:44:12.517282Z,20260525T024412Z_batch01,ST26EC8,2026-05-25T22:00:00Z,21 43 30.0,325.87499999999994,-30 57 19,-30.955277777777777,106.0,23.1,10.29,92.1,Map/Offsets   !,https://cgi.minorplanetcenter.net/cgi-bin/confirmeph2.cgi
20260525T024412Z,2026-05-25T02:44:12.517282Z,20260525T024412Z_batch01,ST26EC8,2026-05-25T23:00:00Z,21 44 17.5,326.0729166666667,-30 57 41,-30.961388888888887,105.8,23.1,10.12,92.0,Map/Offsets   !,https://cgi.minorplanetcenter.net/cgi-bin/confirmeph2.cgi
20260525T024412Z,2026-05-25T02:44:12.517282Z,20260525T024412Z_batch01,ST26EC8,2026-05-26T00:00:00Z,21 45 04.4,326.2683333333333,-30 58 01,-30.966944444444444,105.7,23.2,9.97,91.9,Map/Offsets   !,https://cgi.minorplanetcenter.net/cgi-bin/confirmeph2.cgi
20260525T024412Z,2026-05-25T02:44:12.517282Z,20260525T024412Z_batch01,ST26EC8,2026-05-26T01:00:00Z,21 45 50.5,326.4604166666667,-30 58 20,-30.97222222222222,105.6,23.2,9.81,91.8,Map/Offsets   !,https://cgi.minorplanetcenter.net/cgi-bin/confirmeph2.cgi
20260525T024412Z,2026-05-25T02:44:12.517282Z,20260525T024412Z_batch01,ST26EC7,2026-05-25T01:00:00Z,02 27 33.6,36.89,-08 24 28,-8.407777777777778,37.9,29.8,0.81,88.5,Map/Offsets   !,https://cgi.minorplanetcenter.net/cgi-bin/confirmeph2.cgi
20260525T024412Z,2026-05-25T02:44:12.517282Z,20260525T024412Z_batch01,ST26EC7,2026-05-25T02:00:00Z,02 27 36.9,36.90375,-08 24 27,-8.4075,38.0,29.8,0.8,88.3,Map/Offsets   !,https://cgi.minorplanetcenter.net/cgi-bin/confirmeph2.cgi
20260525T024412Z,2026-05-25T02:44:12.517282Z,20260525T024412Z_batch01,ST26EC7,2026-05-25T03:00:00Z,02 27 40.1,36.91708333333334,-08 24 26,-8.407222222222222,38.0,29.9,0.79,88.2,Map/Offsets   !,https://cgi.minorplanetcenter.net/cgi-bin/confirmeph2.cgi
20260525T024412Z,2026-05-25T02:44:12.517282Z,20260525T024412Z_batch01,ST26EC7,2026-05-25T04:00:00Z,02 27 43.2,36.93,-08 24 24,-8.406666666666666,38.0,29.9,0.77,88.0,Map/Offsets   !,https://cgi.minorplanetcenter.net/cgi-bin/confirmeph2.cgi
20260525T024412Z,2026-05-25T02:44:12.517282Z,20260525T024412Z_batch01,ST26EC7,2026-05-25T05:00:00Z,02 27 46.3,36.94291666666667,-08 24 22,-8.40611111111111,38.0,29.9,0.76,87.9,Map/Offsets   !,https://cgi.minorplanetcenter.net/cgi-bin/confirmeph2.cgi
20260525T024412Z,2026-05-25T02:44:12.517282Z,20260525T024412Z_batch01,ST26EC7,2026-05-25T06:00:00Z,02 27 49.4,36.95583333333334,-08 24 21,-8.405833333333334,38.1,29.9,0.75,87.7,Map/Offsets   !,https://cgi.minorplanetcenter.net/cgi-bin/confirmeph2.cgi
20260525T024412Z,2026-05-25T02:44:12.517282Z,20260525T024412Z_batch01,ST26EC7,2026-05-25T07:00:00Z,02 27 52.4,36.968333333333334,-08 24 19,-8.405277777777778,38.1,29.9,0.73,87.6,Map/Offsets   !,https://cgi.minorplanetcenter.net/cgi-bin/confirmeph2.cgi
20260525T024412Z,2026-05-25T02:44:12.517282Z,20260525T024412Z_batch01,ST26EC7,2026-05-25T08:00:00Z,02 27 55.3,36.98041666666667,-08 24 17,-8.404722222222222,38.1,29.9,0.72,87.4,Map/Offsets   !,https://cgi.minorplanetcenter.net/cgi-bin/confirmeph2.cgi
20260525T024412Z,2026-05-25T02:44:12.517282Z,20260525T024412Z_batch01,ST26EC7,2026-05-25T09:00:00Z,02 27 58.2,36.99250000000001,-08 24 15,-8.404166666666667,38.1,29.9,0.71,87.3,Map/Offsets   !,https://cgi.minorplanetcenter.net/cgi-bin/confirmeph2.cgi
20260525T024412Z,2026-05-25T02:44:12.517282Z,20260525T024412Z_batch01,ST26EC7,2026-05-25T10:00:00Z,02 28 01.0,37.00416666666667,-08 24 13,-8.403611111111111,38.2,30.0,0.7,87.1,Map/Offsets   !,https://cgi.minorplanetcenter.net/cgi-bin/confirmeph2.cgi
20260525T024412Z,2026-05-25T02:44:12.517282Z,20260525T024412Z_batch01,ST26EC7,2026-05-25T11:00:00Z,02 28 03.8,37.01583333333333,-08 24 11,-8.403055555555556,38.2,30.0,0.69,86.9,Map/Offsets   !,https://cgi.minorplanetcenter.net/cgi-bin/confirmeph2.cgi
20260525T024412Z,2026-05-25T02:44:12.517282Z,20260525T024412Z_batch01,ST26EC7,2026-05-25T12:00:00Z,02 28 06.6,37.0275,-08 24 08,-8.402222222222223,38.2,30.0,0.68,86.8,Map/Offsets   !,https://cgi.minorplanetcenter.net/cgi-bin/confirmeph2.cgi
20260525T024412Z,2026-05-25T02:44:12.517282Z,20260525T024412Z_batch01,ST26EC7,2026-05-25T13:00:00Z,02 28 09.3,37.03875,-08 24 06,-8.401666666666667,38.2,30.0,0.67,86.6,Map/Offsets   !,https://cgi.minorplanetcenter.net/cgi-bin/confirmeph2.cgi
20260525T024412Z,2026-05-25T02:44:12.517282Z,20260525T024412Z_batch01,ST26EC7,2026-05-25T14:00:00Z,02 28 12.0,37.050000000000004,-08 24 04,-8.401111111111112,38.3,30.0,0.66,86.4,Map/Offsets   !,https://cgi.minorplanetcenter.net/cgi-bin/confirmeph2.cgi
20260525T024412Z,2026-05-25T02:44:12.517282Z,20260525T024412Z_batch01,ST26EC7,2026-05-25T15:00:00Z,02 28 14.6,37.060833333333335,-08 24 01,-8.400277777777777,38.3,30.0,0.65,86.3,Map/Offsets   !,https://cgi.minorplanetcenter.net/cgi-bin/confirmeph2.cgi
20260525T024412Z,2026-05-25T02:44:12.517282Z,20260525T024412Z_batch01,ST26EC7,2026-05-25T16:00:00Z,02 28 17.2,37.07166666666667,-08 23 59,-8.399722222222222,38.3,30.0,0.64,86.1,Map/Offsets   !,https://cgi.minorplanetcenter.net/cgi-bin/confirmeph2.cgi
20260525T024412Z,2026-05-25T02:44:12.517282Z,20260525T024412Z_batch01,ST26EC7,2026-05-25T17:00:00Z,02 28 19.8,37.0825,-08 23 56,-8.398888888888889,38.3,30.1,0.63,85.9,Map/Offsets   !,https://cgi.minorplanetcenter.net/cgi-bin/confirmeph2.cgi
20260525T024412Z,2026-05-25T02:44:12.517282Z,20260525T024412Z_batch01,ST26EC7,2026-05-25T18:00:00Z,02 28 22.3,37.09291666666667,-08 23 53,-8.398055555555555,38.4,30.1,0.62,85.7,Map/Offsets   !,https://cgi.minorplanetcenter.net/cgi-bin/confirmeph2.cgi
20260525T024412Z,2026-05-25T02:44:12.517282Z,20260525T024412Z_batch01,ST26EC7,2026-05-25T19:00:00Z,02 28 24.8,37.10333333333333,-08 23 51,-8.397499999999999,38.4,30.1,0.61,85.6,Map/Offsets   !,https://cgi.minorplanetcenter.net/cgi-bin/confirmeph2.cgi
20260525T024412Z,2026-05-25T02:44:12.517282Z,20260525T024412Z_batch01,ST26EC7,2026-05-25T20:00:00Z,02 28 27.2,37.11333333333334,-08 23 48,-8.396666666666667,38.4,30.1,0.6,85.4,Map/Offsets   !,https://cgi.minorplanetcenter.net/cgi-bin/confirmeph2.cgi
20260525T024412Z,2026-05-25T02:44:12.517282Z,20260525T024412Z_batch01,ST26EC7,2026-05-25T21:00:00Z,02 28 29.7,37.12375,-08 23 45,-8.395833333333332,38.4,30.1,0.6,85.2,Map/Offsets   !,https://cgi.minorplanetcenter.net/cgi-bin/confirmeph2.cgi
20260525T024412Z,2026-05-25T02:44:12.517282Z,20260525T024412Z_batch01,ST26EC7,2026-05-25T22:00:00Z,02 28 32.0,37.13333333333333,-08 23 42,-8.395,38.5,30.1,0.59,85.0,Map/Offsets   !,https://cgi.minorplanetcenter.net/cgi-bin/confirmeph2.cgi
20260525T024412Z,2026-05-25T02:44:12.517282Z,20260525T024412Z_batch01,ST26EC7,2026-05-25T23:00:00Z,02 28 34.4,37.14333333333334,-08 23 39,-8.394166666666667,38.5,30.1,0.58,84.8,Map/Offsets   !,https://cgi.minorplanetcenter.net/cgi-bin/confirmeph2.cgi
20260525T024412Z,2026-05-25T02:44:12.517282Z,20260525T024412Z_batch01,ST26EC7,2026-05-26T00:00:00Z,02 28 36.7,37.15291666666667,-08 23 35,-8.393055555555556,38.5,30.1,0.57,84.6,Map/Offsets   !,https://cgi.minorplanetcenter.net/cgi-bin/confirmeph2.cgi
20260525T024412Z,2026-05-25T02:44:12.517282Z,20260525T024412Z_batch01,ST26EC7,2026-05-26T01:00:00Z,02 28 39.0,37.1625,-08 23 32,-8.392222222222221,38.5,30.2,0.56,84.4,Map/Offsets   !,https://cgi.minorplanetcenter.net/cgi-bin/confirmeph2.cgi
20260525T024412Z,2026-05-25T02:44:12.517282Z,20260525T024412Z_batch01,ST26EC5,2026-05-25T01:00:00Z,15 16 51.4,229.21416666666667,-18 22 05,-18.368055555555557,168.2,20.6,7.02,247.5,Map/Offsets,https://cgi.minorplanetcenter.net/cgi-bin/confirmeph2.cgi
20260525T024412Z,2026-05-25T02:44:12.517282Z,20260525T024412Z_batch01,ST26EC5,2026-05-25T02:00:00Z,15 16 24.2,229.10083333333336,-18 24 46,-18.412777777777777,168.1,20.7,6.93,247.5,Map/Offsets,https://cgi.minorplanetcenter.net/cgi-bin/confirmeph2.cgi
20260525T024412Z,2026-05-25T02:44:12.517282Z,20260525T024412Z_batch01,ST26EC5,2026-05-25T03:00:00Z,15 15 57.4,228.98916666666668,-18 27 24,-18.456666666666667,167.9,20.7,6.84,247.5,Map/Offsets,https://cgi.minorplanetcenter.net/cgi-bin/confirmeph2.cgi
20260525T024412Z,2026-05-25T02:44:12.517282Z,20260525T024412Z_batch01,ST26EC5,2026-05-25T04:00:00Z,15 15 30.9,228.87875000000003,-18 29 59,-18.499722222222225,167.8,20.7,6.75,247.6,Map/Offsets,https://cgi.minorplanetcenter.net/cgi-bin/confirmeph2.cgi
20260525T024412Z,2026-05-25T02:44:12.517282Z,20260525T024412Z_batch01,ST26EC5,2026-05-25T05:00:00Z,15 15 04.8,228.77,-18 32 33,-18.5425,167.7,20.7,6.66,247.6,Map/Offsets,https://cgi.minorplanetcenter.net/cgi-bin/confirmeph2.cgi
20260525T024412Z,2026-05-25T02:44:12.517282Z,20260525T024412Z_batch01,ST26EC5,2026-05-25T06:00:00Z,15 14 39.0,228.6625,-18 35 04,-18.584444444444443,167.5,20.7,6.58,247.6,Map/Offsets,https://cgi.minorplanetcenter.net/cgi-bin/confirmeph2.cgi
20260525T024412Z,2026-05-25T02:44:12.517282Z,20260525T024412Z_batch01,ST26EC5,2026-05-25T07:00:00Z,15 14 13.5,228.55624999999998,-18 37 34,-18.62611111111111,167.4,20.8,6.49,247.6,Map/Offsets,https://cgi.minorplanetcenter.net/cgi-bin/confirmeph2.cgi
20260525T024412Z,2026-05-25T02:44:12.517282Z,20260525T024412Z_batch01,ST26EC5,2026-05-25T08:00:00Z,15 13 48.3,228.45125,-18 40 01,-18.666944444444447,167.3,20.8,6.41,247.7,Map/Offsets,https://cgi.minorplanetcenter.net/cgi-bin/confirmeph2.cgi
20260525T024412Z,2026-05-25T02:44:12.517282Z,20260525T024412Z_batch01,ST26EC5,2026-05-25T09:00:00Z,15 13 23.4,228.34750000000003,-18 42 26,-18.70722222222222,167.1,20.8,6.33,247.7,Map/Offsets,https://cgi.minorplanetcenter.net/cgi-bin/confirmeph2.cgi
20260525T024412Z,2026-05-25T02:44:12.517282Z,20260525T024412Z_batch01,ST26EC5,2026-05-25T10:00:00Z,15 12 58.8,228.245,-18 44 49,-18.746944444444445,167.0,20.8,6.25,247.7,Map/Offsets,https://cgi.minorplanetcenter.net/cgi-bin/confirmeph2.cgi
20260525T024412Z,2026-05-25T02:44:12.517282Z,20260525T024412Z_batch01,ST26EC5,2026-05-25T11:00:00Z,15 12 34.5,228.14374999999998,-18 47 10,-18.78611111111111,166.9,20.8,6.17,247.8,Map/Offsets,https://cgi.minorplanetcenter.net/cgi-bin/confirmeph2.cgi
20260525T024412Z,2026-05-25T02:44:12.517282Z,20260525T024412Z_batch01,ST26EC5,2026-05-25T12:00:00Z,15 12 10.6,228.04416666666665,-18 49 29,-18.82472222222222,166.8,20.9,6.09,247.8,Map/Offsets,https://cgi.minorplanetcenter.net/cgi-bin/confirmeph2.cgi
20260525T024412Z,2026-05-25T02:44:12.517282Z,20260525T024412Z_batch01,ST26EC5,2026-05-25T13:00:00Z,15 11 46.9,227.94541666666666,-18 51 46,-18.86277777777778,166.6,20.9,6.02,247.8,Map/Offsets,https://cgi.minorplanetcenter.net/cgi-bin/confirmeph2.cgi
20260525T024412Z,2026-05-25T02:44:12.517282Z,20260525T024412Z_batch01,ST26EC5,2026-05-25T14:00:00Z,15 11 23.4,227.84750000000003,-18 54 02,-18.900555555555552,166.5,20.9,5.94,247.8,Map/Offsets,https://cgi.minorplanetcenter.net/cgi-bin/confirmeph2.cgi
20260525T024412Z,2026-05-25T02:44:12.517282Z,20260525T024412Z_batch01,ST26EC5,2026-05-25T15:00:00Z,15 11 00.3,227.75125,-18 56 15,-18.9375,166.4,20.9,5.87,247.9,Map/Offsets,https://cgi.minorplanetcenter.net/cgi-bin/confirmeph2.cgi
20260525T024412Z,2026-05-25T02:44:12.517282Z,20260525T024412Z_batch01,ST26EC5,2026-05-25T16:00:00Z,15 10 37.5,227.65624999999997,-18 58 27,-18.974166666666665,166.3,20.9,5.8,247.9,Map/Offsets,https://cgi.minorplanetcenter.net/cgi-bin/confirmeph2.cgi
20260525T024412Z,2026-05-25T02:44:12.517282Z,20260525T024412Z_batch01,ST26EC5,2026-05-25T17:00:00Z,15 10 14.9,227.56208333333333,-19 00 37,-19.010277777777777,166.2,20.9,5.73,247.9,Map/Offsets,https://cgi.minorplanetcenter.net/cgi-bin/confirmeph2.cgi
20260525T024412Z,2026-05-25T02:44:12.517282Z,20260525T024412Z_batch01,ST26EC5,2026-05-25T18:00:00Z,15 09 52.5,227.46875,-19 02 46,-19.046111111111113,166.0,21.0,5.66,247.9,Map/Offsets,https://cgi.minorplanetcenter.net/cgi-bin/confirmeph2.cgi
20260525T024412Z,2026-05-25T02:44:12.517282Z,20260525T024412Z_batch01,ST26EC5,2026-05-25T19:00:00Z,15 09 30.5,227.37708333333333,-19 04 52,-19.08111111111111,165.9,21.0,5.59,248.0,Map/Offsets,https://cgi.minorplanetcenter.net/cgi-bin/confirmeph2.cgi
20260525T024412Z,2026-05-25T02:44:12.517282Z,20260525T024412Z_batch01,ST26EC5,2026-05-25T20:00:00Z,15 09 08.7,227.28625,-19 06 58,-19.116111111111113,165.8,21.0,5.52,248.0,Map/Offsets,https://cgi.minorplanetcenter.net/cgi-bin/confirmeph2.cgi
20260525T024412Z,2026-05-25T02:44:12.517282Z,20260525T024412Z_batch01,ST26EC5,2026-05-25T21:00:00Z,15 08 47.1,227.19625,-19 09 01,-19.150277777777777,165.7,21.0,5.46,248.0,Map/Offsets,https://cgi.minorplanetcenter.net/cgi-bin/confirmeph2.cgi
20260525T024412Z,2026-05-25T02:44:12.517282Z,20260525T024412Z_batch01,ST26EC5,2026-05-25T22:00:00Z,15 08 25.8,227.1075,-19 11 03,-19.184166666666666,165.6,21.0,5.39,248.0,Map/Offsets,https://cgi.minorplanetcenter.net/cgi-bin/confirmeph2.cgi
20260525T024412Z,2026-05-25T02:44:12.517282Z,20260525T024412Z_batch01,ST26EC5,2026-05-25T23:00:00Z,15 08 04.8,227.01999999999998,-19 13 03,-19.217499999999998,165.4,21.1,5.33,248.1,Map/Offsets,https://cgi.minorplanetcenter.net/cgi-bin/confirmeph2.cgi
20260525T024412Z,2026-05-25T02:44:12.517282Z,20260525T024412Z_batch01,ST26EC5,2026-05-26T00:00:00Z,15 07 43.9,226.93291666666667,-19 15 02,-19.250555555555554,165.3,21.1,5.27,248.1,Map/Offsets,https://cgi.minorplanetcenter.net/cgi-bin/confirmeph2.cgi
20260525T024412Z,2026-05-25T02:44:12.517282Z,20260525T024412Z_batch01,ST26EC5,2026-05-26T01:00:00Z,15 07 23.3,226.84708333333333,-19 16 59,-19.283055555555556,165.2,21.1,5.21,248.1,Map/Offsets,https://cgi.minorplanetcenter.net/cgi-bin/confirmeph2.cgi
20260525T024412Z,2026-05-25T02:44:12.517282Z,20260525T024412Z_batch01,P12nfaz,2026-05-25T01:00:00Z,13 13 28.5,198.36875,-27 44 50,-27.747222222222224,140.3,21.9,0.53,333.4,Map/Offsets,https://cgi.minorplanetcenter.net/cgi-bin/confirmeph2.cgi
20260525T024412Z,2026-05-25T02:44:12.517282Z,20260525T024412Z_batch01,P12nfaz,2026-05-25T02:00:00Z,13 13 27.4,198.36416666666665,-27 44 22,-27.739444444444445,140.3,21.9,0.53,333.5,Map/Offsets,https://cgi.minorplanetcenter.net/cgi-bin/confirmeph2.cgi
20260525T024412Z,2026-05-25T02:44:12.517282Z,20260525T024412Z_batch01,P12nfaz,2026-05-25T03:00:00Z,13 13 26.4,198.36,-27 43 54,-27.731666666666666,140.2,21.9,0.53,333.6,Map/Offsets,https://cgi.minorplanetcenter.net/cgi-bin/confirmeph2.cgi
20260525T024412Z,2026-05-25T02:44:12.517282Z,20260525T024412Z_batch01,P12nfaz,2026-05-25T04:00:00Z,13 13 25.3,198.35541666666666,-27 43 26,-27.723888888888887,140.2,21.9,0.53,333.6,Map/Offsets,https://cgi.minorplanetcenter.net/cgi-bin/confirmeph2.cgi
20260525T024412Z,2026-05-25T02:44:12.517282Z,20260525T024412Z_batch01,P12nfaz,2026-05-25T05:00:00Z,13 13 24.2,198.35083333333336,-27 42 57,-27.715833333333332,140.2,21.9,0.53,333.7,Map/Offsets,https://cgi.minorplanetcenter.net/cgi-bin/confirmeph2.cgi
20260525T024412Z,2026-05-25T02:44:12.517282Z,20260525T024412Z_batch01,P12nfaz,2026-05-25T06:00:00Z,13 13 23.2,198.34666666666666,-27 42 29,-27.708055555555553,140.1,21.9,0.53,333.8,Map/Offsets,https://cgi.minorplanetcenter.net/cgi-bin/confirmeph2.cgi
20260525T024412Z,2026-05-25T02:44:12.517282Z,20260525T024412Z_batch01,P12nfaz,2026-05-25T07:00:00Z,13 13 22.1,198.34208333333333,-27 42 01,-27.700277777777778,140.1,21.9,0.53,333.8,Map/Offsets,https://cgi.minorplanetcenter.net/cgi-bin/confirmeph2.cgi
20260525T024412Z,2026-05-25T02:44:12.517282Z,20260525T024412Z_batch01,P12nfaz,2026-05-25T08:00:00Z,13 13 21.1,198.33791666666667,-27 41 32,-27.692222222222224,140.0,21.9,0.53,333.9,Map/Offsets,https://cgi.minorplanetcenter.net/cgi-bin/confirmeph2.cgi
20260525T024412Z,2026-05-25T02:44:12.517282Z,20260525T024412Z_batch01,P12nfaz,2026-05-25T09:00:00Z,13 13 20.1,198.33375,-27 41 04,-27.684444444444445,140.0,21.9,0.52,334.0,Map/Offsets,https://cgi.minorplanetcenter.net/cgi-bin/confirmeph2.cgi
20260525T024412Z,2026-05-25T02:44:12.517282Z,20260525T024412Z_batch01,P12nfaz,2026-05-25T10:00:00Z,13 13 19.0,198.32916666666668,-27 40 36,-27.67666666666667,140.0,21.9,0.52,334.0,Map/Offsets,https://cgi.minorplanetcenter.net/cgi-bin/confirmeph2.cgi
20260525T024412Z,2026-05-25T02:44:12.517282Z,20260525T024412Z_batch01,P12nfaz,2026-05-25T11:00:00Z,13 13 18.0,198.32500000000002,-27 40 07,-27.66861111111111,139.9,21.9,0.52,334.1,Map/Offsets,https://cgi.minorplanetcenter.net/cgi-bin/confirmeph2.cgi
20260525T024412Z,2026-05-25T02:44:12.517282Z,20260525T024412Z_batch01,P12nfaz,2026-05-25T12:00:00Z,13 13 16.9,198.32041666666666,-27 39 39,-27.660833333333333,139.9,21.9,0.52,334.2,Map/Offsets,https://cgi.minorplanetcenter.net/cgi-bin/confirmeph2.cgi
20260525T024412Z,2026-05-25T02:44:12.517282Z,20260525T024412Z_batch01,P12nfaz,2026-05-25T13:00:00Z,13 13 15.9,198.31625,-27 39 11,-27.653055555555554,139.8,21.9,0.52,334.2,Map/Offsets,https://cgi.minorplanetcenter.net/cgi-bin/confirmeph2.cgi
20260525T024412Z,2026-05-25T02:44:12.517282Z,20260525T024412Z_batch01,P12nfaz,2026-05-25T14:00:00Z,13 13 14.9,198.31208333333333,-27 38 43,-27.64527777777778,139.8,21.9,0.52,334.3,Map/Offsets,https://cgi.minorplanetcenter.net/cgi-bin/confirmeph2.cgi
20260525T024412Z,2026-05-25T02:44:12.517282Z,20260525T024412Z_batch01,P12nfaz,2026-05-25T15:00:00Z,13 13 13.9,198.30791666666667,-27 38 14,-27.63722222222222,139.8,21.9,0.52,334.4,Map/Offsets,https://cgi.minorplanetcenter.net/cgi-bin/confirmeph2.cgi
20260525T024412Z,2026-05-25T02:44:12.517282Z,20260525T024412Z_batch01,P12nfaz,2026-05-25T16:00:00Z,13 13 12.8,198.30333333333334,-27 37 46,-27.629444444444445,139.7,21.9,0.52,334.4,Map/Offsets,https://cgi.minorplanetcenter.net/cgi-bin/confirmeph2.cgi
20260525T024412Z,2026-05-25T02:44:12.517282Z,20260525T024412Z_batch01,P12nfaz,2026-05-25T17:00:00Z,13 13 11.8,198.29916666666665,-27 37 18,-27.621666666666666,139.7,21.9,0.52,334.5,Map/Offsets,https://cgi.minorplanetcenter.net/cgi-bin/confirmeph2.cgi
20260525T024412Z,2026-05-25T02:44:12.517282Z,20260525T024412Z_batch01,P12nfaz,2026-05-25T18:00:00Z,13 13 10.8,198.29500000000002,-27 36 49,-27.613611111111112,139.7,21.9,0.52,334.6,Map/Offsets,https://cgi.minorplanetcenter.net/cgi-bin/confirmeph2.cgi
20260525T024412Z,2026-05-25T02:44:12.517282Z,20260525T024412Z_batch01,P12nfaz,2026-05-25T19:00:00Z,13 13 09.8,198.29083333333332,-27 36 21,-27.605833333333333,139.6,21.9,0.52,334.6,Map/Offsets,https://cgi.minorplanetcenter.net/cgi-bin/confirmeph2.cgi
20260525T024412Z,2026-05-25T02:44:12.517282Z,20260525T024412Z_batch01,P12nfaz,2026-05-25T20:00:00Z,13 13 08.8,198.28666666666666,-27 35 53,-27.598055555555554,139.6,21.9,0.52,334.7,Map/Offsets,https://cgi.minorplanetcenter.net/cgi-bin/confirmeph2.cgi
20260525T024412Z,2026-05-25T02:44:12.517282Z,20260525T024412Z_batch01,P12nfaz,2026-05-25T21:00:00Z,13 13 07.8,198.28250000000003,-27 35 25,-27.590277777777775,139.5,21.9,0.52,334.8,Map/Offsets,https://cgi.minorplanetcenter.net/cgi-bin/confirmeph2.cgi
20260525T024412Z,2026-05-25T02:44:12.517282Z,20260525T024412Z_batch01,P12nfaz,2026-05-25T22:00:00Z,13 13 06.8,198.27833333333334,-27 34 56,-27.58222222222222,139.5,21.9,0.52,334.9,Map/Offsets,https://cgi.minorplanetcenter.net/cgi-bin/confirmeph2.cgi
20260525T024412Z,2026-05-25T02:44:12.517282Z,20260525T024412Z_batch01,P12nfaz,2026-05-25T23:00:00Z,13 13 05.8,198.27416666666667,-27 34 28,-27.574444444444445,139.5,21.9,0.52,334.9,Map/Offsets,https://cgi.minorplanetcenter.net/cgi-bin/confirmeph2.cgi
20260525T024412Z,2026-05-25T02:44:12.517282Z,20260525T024412Z_batch01,P12nfaz,2026-05-26T00:00:00Z,13 13 04.8,198.27,-27 34 00,-27.566666666666666,139.4,21.9,0.52,335.0,Map/Offsets,https://cgi.minorplanetcenter.net/cgi-bin/confirmeph2.cgi
20260525T024412Z,2026-05-25T02:44:12.517282Z,20260525T024412Z_batch01,P12nfaz,2026-05-26T01:00:00Z,13 13 03.8,198.26583333333335,-27 33 32,-27.55888888888889,139.4,21.9,0.52,335.1,Map/Offsets,https://cgi.minorplanetcenter.net/cgi-bin/confirmeph2.cgi
20260525T024412Z,2026-05-25T02:44:12.517282Z,20260525T024412Z_batch01,NAOCAN7,2026-05-25T01:00:00Z,15 16 52.3,229.21791666666667,-21 52 42,-21.878333333333334,168.5,21.0,0.09,133.3,Map/Offsets,https://cgi.minorplanetcenter.net/cgi-bin/confirmeph2.cgi
20260525T024412Z,2026-05-25T02:44:12.517282Z,20260525T024412Z_batch01,NAOCAN7,2026-05-25T02:00:00Z,15 16 52.6,229.2191666666667,-21 52 46,-21.879444444444445,168.5,21.0,0.09,133.2,Map/Offsets,https://cgi.minorplanetcenter.net/cgi-bin/confirmeph2.cgi
20260525T024412Z,2026-05-25T02:44:12.517282Z,20260525T024412Z_batch01,NAOCAN7,2026-05-25T03:00:00Z,15 16 52.9,229.22041666666667,-21 52 50,-21.880555555555556,168.5,21.0,0.09,133.0,Map/Offsets,https://cgi.minorplanetcenter.net/cgi-bin/confirmeph2.cgi
20260525T024412Z,2026-05-25T02:44:12.517282Z,20260525T024412Z_batch01,NAOCAN7,2026-05-25T04:00:00Z,15 16 53.1,229.22125,-21 52 54,-21.881666666666668,168.4,21.0,0.09,132.8,Map/Offsets,https://cgi.minorplanetcenter.net/cgi-bin/confirmeph2.cgi
20260525T024412Z,2026-05-25T02:44:12.517282Z,20260525T024412Z_batch01,NAOCAN7,2026-05-25T05:00:00Z,15 16 53.4,229.22250000000003,-21 52 57,-21.8825,168.4,21.0,0.09,132.6,Map/Offsets,https://cgi.minorplanetcenter.net/cgi-bin/confirmeph2.cgi
20260525T024412Z,2026-05-25T02:44:12.517282Z,20260525T024412Z_batch01,NAOCAN7,2026-05-25T06:00:00Z,15 16 53.7,229.22375,-21 53 01,-21.88361111111111,168.4,21.0,0.09,132.5,Map/Offsets,https://cgi.minorplanetcenter.net/cgi-bin/confirmeph2.cgi
20260525T024412Z,2026-05-25T02:44:12.517282Z,20260525T024412Z_batch01,NAOCAN7,2026-05-25T07:00:00Z,15 16 54.0,229.22500000000002,-21 53 05,-21.884722222222223,168.3,21.0,0.09,132.3,Map/Offsets,https://cgi.minorplanetcenter.net/cgi-bin/confirmeph2.cgi
20260525T024412Z,2026-05-25T02:44:12.517282Z,20260525T024412Z_batch01,NAOCAN7,2026-05-25T08:00:00Z,15 16 54.3,229.22625000000002,-21 53 08,-21.885555555555555,168.3,21.0,0.09,132.1,Map/Offsets,https://cgi.minorplanetcenter.net/cgi-bin/confirmeph2.cgi
20260525T024412Z,2026-05-25T02:44:12.517282Z,20260525T024412Z_batch01,NAOCAN7,2026-05-25T09:00:00Z,15 16 54.6,229.22750000000002,-21 53 12,-21.886666666666667,168.2,21.0,0.09,132.0,Map/Offsets,https://cgi.minorplanetcenter.net/cgi-bin/confirmeph2.cgi
20260525T024412Z,2026-05-25T02:44:12.517282Z,20260525T024412Z_batch01,NAOCAN7,2026-05-25T10:00:00Z,15 16 54.9,229.22875000000002,-21 53 16,-21.887777777777778,168.2,21.0,0.09,131.8,Map/Offsets,https://cgi.minorplanetcenter.net/cgi-bin/confirmeph2.cgi
20260525T024412Z,2026-05-25T02:44:12.517282Z,20260525T024412Z_batch01,NAOCAN7,2026-05-25T11:00:00Z,15 16 55.2,229.23,-21 53 20,-21.88888888888889,168.2,21.0,0.09,131.6,Map/Offsets,https://cgi.minorplanetcenter.net/cgi-bin/confirmeph2.cgi
20260525T024412Z,2026-05-25T02:44:12.517282Z,20260525T024412Z_batch01,NAOCAN7,2026-05-25T12:00:00Z,15 16 55.5,229.23125000000002,-21 53 23,-21.889722222222222,168.1,21.0,0.09,131.5,Map/Offsets,https://cgi.minorplanetcenter.net/cgi-bin/confirmeph2.cgi
20260525T024412Z,2026-05-25T02:44:12.517282Z,20260525T024412Z_batch01,NAOCAN7,2026-05-25T13:00:00Z,15 16 55.8,229.23250000000002,-21 53 27,-21.890833333333333,168.1,21.0,0.09,131.3,Map/Offsets,https://cgi.minorplanetcenter.net/cgi-bin/confirmeph2.cgi
20260525T024412Z,2026-05-25T02:44:12.517282Z,20260525T024412Z_batch01,NAOCAN7,2026-05-25T14:00:00Z,15 16 56.1,229.23375000000001,-21 53 31,-21.891944444444444,168.1,21.0,0.09,131.1,Map/Offsets,https://cgi.minorplanetcenter.net/cgi-bin/confirmeph2.cgi
20260525T024412Z,2026-05-25T02:44:12.517282Z,20260525T024412Z_batch01,NAOCAN7,2026-05-25T15:00:00Z,15 16 56.4,229.235,-21 53 34,-21.892777777777777,168.0,21.0,0.09,131.0,Map/Offsets,https://cgi.minorplanetcenter.net/cgi-bin/confirmeph2.cgi
20260525T024412Z,2026-05-25T02:44:12.517282Z,20260525T024412Z_batch01,NAOCAN7,2026-05-25T16:00:00Z,15 16 56.7,229.23625,-21 53 38,-21.89388888888889,168.0,21.0,0.09,130.8,Map/Offsets,https://cgi.minorplanetcenter.net/cgi-bin/confirmeph2.cgi
20260525T024412Z,2026-05-25T02:44:12.517282Z,20260525T024412Z_batch01,NAOCAN7,2026-05-25T17:00:00Z,15 16 57.0,229.2375,-21 53 42,-21.895,167.9,21.0,0.09,130.6,Map/Offsets,https://cgi.minorplanetcenter.net/cgi-bin/confirmeph2.cgi
20260525T024412Z,2026-05-25T02:44:12.517282Z,20260525T024412Z_batch01,NAOCAN7,2026-05-25T18:00:00Z,15 16 57.3,229.23875000000004,-21 53 45,-21.895833333333332,167.9,21.0,0.09,130.5,Map/Offsets,https://cgi.minorplanetcenter.net/cgi-bin/confirmeph2.cgi
20260525T024412Z,2026-05-25T02:44:12.517282Z,20260525T024412Z_batch01,NAOCAN7,2026-05-25T19:00:00Z,15 16 57.6,229.24,-21 53 49,-21.896944444444443,167.9,21.0,0.09,130.3,Map/Offsets,https://cgi.minorplanetcenter.net/cgi-bin/confirmeph2.cgi
20260525T024412Z,2026-05-25T02:44:12.517282Z,20260525T024412Z_batch01,NAOCAN7,2026-05-25T20:00:00Z,15 16 57.9,229.24125,-21 53 53,-21.898055555555555,167.8,21.0,0.09,130.1,Map/Offsets,https://cgi.minorplanetcenter.net/cgi-bin/confirmeph2.cgi
20260525T024412Z,2026-05-25T02:44:12.517282Z,20260525T024412Z_batch01,NAOCAN7,2026-05-25T21:00:00Z,15 16 58.3,229.24291666666667,-21 53 56,-21.898888888888887,167.8,21.0,0.09,130.0,Map/Offsets,https://cgi.minorplanetcenter.net/cgi-bin/confirmeph2.cgi
20260525T024412Z,2026-05-25T02:44:12.517282Z,20260525T024412Z_batch01,NAOCAN7,2026-05-25T22:00:00Z,15 16 58.6,229.24416666666667,-21 54 00,-21.9,167.8,21.0,0.1,129.8,Map/Offsets,https://cgi.minorplanetcenter.net/cgi-bin/confirmeph2.cgi
20260525T024412Z,2026-05-25T02:44:12.517282Z,20260525T024412Z_batch01,NAOCAN7,2026-05-25T23:00:00Z,15 16 58.9,229.24541666666667,-21 54 04,-21.90111111111111,167.7,21.0,0.1,129.7,Map/Offsets,https://cgi.minorplanetcenter.net/cgi-bin/confirmeph2.cgi
20260525T024412Z,2026-05-25T02:44:12.517282Z,20260525T024412Z_batch01,NAOCAN7,2026-05-26T00:00:00Z,15 16 59.2,229.24666666666667,-21 54 07,-21.901944444444442,167.7,21.0,0.1,129.5,Map/Offsets,https://cgi.minorplanetcenter.net/cgi-bin/confirmeph2.cgi
20260525T024412Z,2026-05-25T02:44:12.517282Z,20260525T024412Z_batch01,NAOCAN7,2026-05-26T01:00:00Z,15 16 59.5,229.2479166666667,-21 54 11,-21.903055555555554,167.7,21.0,0.1,129.3,Map/Offsets,https://cgi.minorplanetcenter.net/cgi-bin/confirmeph2.cgi
20260525T024412Z,2026-05-25T02:44:12.517282Z,20260525T024412Z_batch01,KPMa1Ih,2026-05-25T01:00:00Z,11 07 27.3,166.86375,-27 44 30,-27.741666666666667,112.7,23.4,1.06,178.4,Map/Offsets,https://cgi.minorplanetcenter.net/cgi-bin/confirmeph2.cgi
20260525T024412Z,2026-05-25T02:44:12.517282Z,20260525T024412Z_batch01,KPMa1Ih,2026-05-25T02:00:00Z,11 07 27.4,166.86416666666668,-27 45 34,-27.759444444444444,112.6,23.4,1.06,178.4,Map/Offsets,https://cgi.minorplanetcenter.net/cgi-bin/confirmeph2.cgi
20260525T024412Z,2026-05-25T02:44:12.517282Z,20260525T024412Z_batch01,KPMa1Ih,2026-05-25T03:00:00Z,11 07 27.5,166.86458333333334,-27 46 38,-27.77722222222222,112.6,23.4,1.06,178.3,Map/Offsets,https://cgi.minorplanetcenter.net/cgi-bin/confirmeph2.cgi
20260525T024412Z,2026-05-25T02:44:12.517282Z,20260525T024412Z_batch01,KPMa1Ih,2026-05-25T04:00:00Z,11 07 27.7,166.86541666666668,-27 47 41,-27.794722222222223,112.6,23.4,1.06,178.2,Map/Offsets,https://cgi.minorplanetcenter.net/cgi-bin/confirmeph2.cgi
20260525T024412Z,2026-05-25T02:44:12.517282Z,20260525T024412Z_batch01,KPMa1Ih,2026-05-25T05:00:00Z,11 07 27.8,166.86583333333334,-27 48 45,-27.8125,112.5,23.4,1.06,178.2,Map/Offsets,https://cgi.minorplanetcenter.net/cgi-bin/confirmeph2.cgi
20260525T024412Z,2026-05-25T02:44:12.517282Z,20260525T024412Z_batch01,KPMa1Ih,2026-05-25T06:00:00Z,11 07 28.0,166.86666666666667,-27 49 49,-27.830277777777777,112.5,23.4,1.06,178.1,Map/Offsets,https://cgi.minorplanetcenter.net/cgi-bin/confirmeph2.cgi
20260525T024412Z,2026-05-25T02:44:12.517282Z,20260525T024412Z_batch01,KPMa1Ih,2026-05-25T07:00:00Z,11 07 28.2,166.8675,-27 50 52,-27.847777777777775,112.5,23.4,1.06,178.0,Map/Offsets,https://cgi.minorplanetcenter.net/cgi-bin/confirmeph2.cgi
20260525T024412Z,2026-05-25T02:44:12.517282Z,20260525T024412Z_batch01,KPMa1Ih,2026-05-25T08:00:00Z,11 07 28.3,166.86791666666667,-27 51 56,-27.865555555555556,112.4,23.4,1.06,178.0,Map/Offsets,https://cgi.minorplanetcenter.net/cgi-bin/confirmeph2.cgi
20260525T024412Z,2026-05-25T02:44:12.517282Z,20260525T024412Z_batch01,KPMa1Ih,2026-05-25T09:00:00Z,11 07 28.5,166.86875,-27 52 59,-27.883055555555558,112.4,23.4,1.06,177.9,Map/Offsets,https://cgi.minorplanetcenter.net/cgi-bin/confirmeph2.cgi
20260525T024412Z,2026-05-25T02:44:12.517282Z,20260525T024412Z_batch01,KPMa1Ih,2026-05-25T10:00:00Z,11 07 28.7,166.86958333333334,-27 54 02,-27.900555555555552,112.4,23.4,1.06,177.8,Map/Offsets,https://cgi.minorplanetcenter.net/cgi-bin/confirmeph2.cgi
20260525T024412Z,2026-05-25T02:44:12.517282Z,20260525T024412Z_batch01,KPMa1Ih,2026-05-25T11:00:00Z,11 07 28.9,166.87041666666667,-27 55 06,-27.918333333333333,112.4,23.4,1.06,177.8,Map/Offsets,https://cgi.minorplanetcenter.net/cgi-bin/confirmeph2.cgi
20260525T024412Z,2026-05-25T02:44:12.517282Z,20260525T024412Z_batch01,KPMa1Ih,2026-05-25T12:00:00Z,11 07 29.0,166.87083333333334,-27 56 09,-27.935833333333335,112.3,23.4,1.05,177.7,Map/Offsets,https://cgi.minorplanetcenter.net/cgi-bin/confirmeph2.cgi
20260525T024412Z,2026-05-25T02:44:12.517282Z,20260525T024412Z_batch01,KPMa1Ih,2026-05-25T13:00:00Z,11 07 29.2,166.87166666666667,-27 57 12,-27.953333333333333,112.3,23.4,1.05,177.7,Map/Offsets,https://cgi.minorplanetcenter.net/cgi-bin/confirmeph2.cgi
20260525T024412Z,2026-05-25T02:44:12.517282Z,20260525T024412Z_batch01,KPMa1Ih,2026-05-25T14:00:00Z,11 07 29.4,166.8725,-27 58 15,-27.97083333333333,112.3,23.4,1.05,177.6,Map/Offsets,https://cgi.minorplanetcenter.net/cgi-bin/confirmeph2.cgi
20260525T024412Z,2026-05-25T02:44:12.517282Z,20260525T024412Z_batch01,KPMa1Ih,2026-05-25T15:00:00Z,11 07 29.6,166.87333333333333,-27 59 18,-27.988333333333333,112.2,23.4,1.05,177.5,Map/Offsets,https://cgi.minorplanetcenter.net/cgi-bin/confirmeph2.cgi
20260525T024412Z,2026-05-25T02:44:12.517282Z,20260525T024412Z_batch01,KPMa1Ih,2026-05-25T16:00:00Z,11 07 29.8,166.87416666666667,-28 00 21,-28.00583333333333,112.2,23.4,1.05,177.5,Map/Offsets,https://cgi.minorplanetcenter.net/cgi-bin/confirmeph2.cgi
20260525T024412Z,2026-05-25T02:44:12.517282Z,20260525T024412Z_batch01,KPMa1Ih,2026-05-25T17:00:00Z,11 07 30.1,166.87541666666667,-28 01 24,-28.023333333333333,112.2,23.4,1.05,177.4,Map/Offsets,https://cgi.minorplanetcenter.net/cgi-bin/confirmeph2.cgi
20260525T024412Z,2026-05-25T02:44:12.517282Z,20260525T024412Z_batch01,KPMa1Ih,2026-05-25T18:00:00Z,11 07 30.3,166.87625000000003,-28 02 27,-28.040833333333335,112.2,23.4,1.05,177.3,Map/Offsets,https://cgi.minorplanetcenter.net/cgi-bin/confirmeph2.cgi
20260525T024412Z,2026-05-25T02:44:12.517282Z,20260525T024412Z_batch01,KPMa1Ih,2026-05-25T19:00:00Z,11 07 30.5,166.87708333333333,-28 03 30,-28.058333333333334,112.1,23.4,1.05,177.3,Map/Offsets,https://cgi.minorplanetcenter.net/cgi-bin/confirmeph2.cgi
20260525T024412Z,2026-05-25T02:44:12.517282Z,20260525T024412Z_batch01,KPMa1Ih,2026-05-25T20:00:00Z,11 07 30.7,166.87791666666666,-28 04 33,-28.075833333333332,112.1,23.4,1.05,177.2,Map/Offsets,https://cgi.minorplanetcenter.net/cgi-bin/confirmeph2.cgi
20260525T024412Z,2026-05-25T02:44:12.517282Z,20260525T024412Z_batch01,KPMa1Ih,2026-05-25T21:00:00Z,11 07 31.0,166.8791666666667,-28 05 35,-28.093055555555555,112.1,23.4,1.05,177.1,Map/Offsets,https://cgi.minorplanetcenter.net/cgi-bin/confirmeph2.cgi
20260525T024412Z,2026-05-25T02:44:12.517282Z,20260525T024412Z_batch01,KPMa1Ih,2026-05-25T22:00:00Z,11 07 31.2,166.88,-28 06 38,-28.110555555555557,112.0,23.4,1.05,177.1,Map/Offsets,https://cgi.minorplanetcenter.net/cgi-bin/confirmeph2.cgi
20260525T024412Z,2026-05-25T02:44:12.517282Z,20260525T024412Z_batch01,KPMa1Ih,2026-05-25T23:00:00Z,11 07 31.4,166.88083333333333,-28 07 41,-28.128055555555555,112.0,23.4,1.04,177.0,Map/Offsets,https://cgi.minorplanetcenter.net/cgi-bin/confirmeph2.cgi
20260525T024412Z,2026-05-25T02:44:12.517282Z,20260525T024412Z_batch01,KPMa1Ih,2026-05-26T00:00:00Z,11 07 31.7,166.88208333333336,-28 08 43,-28.14527777777778,112.0,23.4,1.04,176.9,Map/Offsets,https://cgi.minorplanetcenter.net/cgi-bin/confirmeph2.cgi
20260525T024412Z,2026-05-25T02:44:12.517282Z,20260525T024412Z_batch01,KPMa1Ih,2026-05-26T01:00:00Z,11 07 31.9,166.88291666666666,-28 09 46,-28.162777777777777,112.0,23.4,1.04,176.9,Map/Offsets,https://cgi.minorplanetcenter.net/cgi-bin/confirmeph2.cgi
