snapshot_id,fetched_at_utc,batch_id,designation,ephem_time_utc,ra_hms,ra_deg,dec_dms,dec_deg,elong_deg,v_mag,motion_arcsec_per_min,pa_deg,uncertainty,source_url
20260512T023058Z,2026-05-12T02:30:58.342167Z,20260512T023058Z_batch01,SO0005d,2026-05-12T01:00:00Z,16 35 13.5,248.80624999999998,-33 34 07,-33.56861111111112,156.1,17.7,119.8,84.8,Map/Offsets   !!,https://cgi.minorplanetcenter.net/cgi-bin/confirmeph2.cgi
20260512T023058Z,2026-05-12T02:30:58.342167Z,20260512T023058Z_batch01,SO0005d,2026-05-12T02:00:00Z,16 44 23.4,251.0975,-33 22 27,-33.37416666666667,154.6,17.8,110.9,83.6,Map/Offsets   !!,https://cgi.minorplanetcenter.net/cgi-bin/confirmeph2.cgi
20260512T023058Z,2026-05-12T02:30:58.342167Z,20260512T023058Z_batch01,SO0005d,2026-05-12T03:00:00Z,16 52 50.2,253.20916666666668,-33 09 25,-33.15694444444444,153.3,18.0,102.7,82.4,Map/Offsets   !!,https://cgi.minorplanetcenter.net/cgi-bin/confirmeph2.cgi
20260512T023058Z,2026-05-12T02:30:58.342167Z,20260512T023058Z_batch01,SO0005d,2026-05-12T04:00:00Z,17 00 37.3,255.1554166666667,-32 55 26,-32.92388888888889,152.0,18.1,95.22,81.3,Map/Offsets   !!,https://cgi.minorplanetcenter.net/cgi-bin/confirmeph2.cgi
20260512T023058Z,2026-05-12T02:30:58.342167Z,20260512T023058Z_batch01,SO0005d,2026-05-12T05:00:00Z,17 07 48.4,256.9516666666667,-32 40 50,-32.68055555555555,150.7,18.2,88.4,80.4,Map/Offsets   !!,https://cgi.minorplanetcenter.net/cgi-bin/confirmeph2.cgi
20260512T023058Z,2026-05-12T02:30:58.342167Z,20260512T023058Z_batch01,SO0005d,2026-05-12T06:00:00Z,17 14 26.7,258.61125000000004,-32 25 55,-32.43194444444444,149.6,18.3,82.18,79.5,Map/Offsets   !!,https://cgi.minorplanetcenter.net/cgi-bin/confirmeph2.cgi
20260512T023058Z,2026-05-12T02:30:58.342167Z,20260512T023058Z_batch01,SO0005d,2026-05-12T07:00:00Z,17 20 35.2,260.14666666666665,-32 10 52,-32.18111111111111,148.5,18.4,76.52,78.6,Map/Offsets   !!,https://cgi.minorplanetcenter.net/cgi-bin/confirmeph2.cgi
20260512T023058Z,2026-05-12T02:30:58.342167Z,20260512T023058Z_batch01,SO0005d,2026-05-12T08:00:00Z,17 26 16.7,261.5695833333333,-31 55 50,-31.930555555555557,147.4,18.5,71.35,77.9,Map/Offsets   !!,https://cgi.minorplanetcenter.net/cgi-bin/confirmeph2.cgi
20260512T023058Z,2026-05-12T02:30:58.342167Z,20260512T023058Z_batch01,SO0005d,2026-05-12T09:00:00Z,17 31 33.6,262.89,-31 40 58,-31.68277777777778,146.5,18.6,66.63,77.2,Map/Offsets   !!,https://cgi.minorplanetcenter.net/cgi-bin/confirmeph2.cgi
20260512T023058Z,2026-05-12T02:30:58.342167Z,20260512T023058Z_batch01,SO0005d,2026-05-12T10:00:00Z,17 36 28.2,264.1175,-31 26 20,-31.43888888888889,145.5,18.7,62.32,76.6,Map/Offsets   !!,https://cgi.minorplanetcenter.net/cgi-bin/confirmeph2.cgi
20260512T023058Z,2026-05-12T02:30:58.342167Z,20260512T023058Z_batch01,SO0005d,2026-05-12T11:00:00Z,17 41 02.5,265.2604166666667,-31 12 00,-31.2,144.7,18.8,58.37,76.0,Map/Offsets   !!,https://cgi.minorplanetcenter.net/cgi-bin/confirmeph2.cgi
20260512T023058Z,2026-05-12T02:30:58.342167Z,20260512T023058Z_batch01,SO0005d,2026-05-12T12:00:00Z,17 45 18.4,266.3266666666667,-30 58 01,-30.966944444444444,143.9,18.9,54.76,75.4,Map/Offsets   !!,https://cgi.minorplanetcenter.net/cgi-bin/confirmeph2.cgi
20260512T023058Z,2026-05-12T02:30:58.342167Z,20260512T023058Z_batch01,SO0005d,2026-05-12T13:00:00Z,17 49 17.4,267.3225,-30 44 25,-30.740277777777777,143.1,19.0,51.45,74.9,Map/Offsets   !!,https://cgi.minorplanetcenter.net/cgi-bin/confirmeph2.cgi
20260512T023058Z,2026-05-12T02:30:58.342167Z,20260512T023058Z_batch01,SO0005d,2026-05-12T14:00:00Z,17 53 01.1,268.25458333333336,-30 31 12,-30.52,142.4,19.1,48.41,74.4,Map/Offsets   !!,https://cgi.minorplanetcenter.net/cgi-bin/confirmeph2.cgi
20260512T023058Z,2026-05-12T02:30:58.342167Z,20260512T023058Z_batch01,SO0005d,2026-05-12T15:00:00Z,17 56 30.8,269.12833333333333,-30 18 24,-30.30666666666667,141.8,19.2,45.61,74.0,Map/Offsets   !!,https://cgi.minorplanetcenter.net/cgi-bin/confirmeph2.cgi
20260512T023058Z,2026-05-12T02:30:58.342167Z,20260512T023058Z_batch01,SO0005d,2026-05-12T16:00:00Z,17 59 47.7,269.94875,-30 06 01,-30.10027777777778,141.1,19.2,43.03,73.6,Map/Offsets   !!,https://cgi.minorplanetcenter.net/cgi-bin/confirmeph2.cgi
20260512T023058Z,2026-05-12T02:30:58.342167Z,20260512T023058Z_batch01,SO0005d,2026-05-12T17:00:00Z,18 02 52.8,270.72,-29 54 03,-29.90083333333333,140.5,19.3,40.65,73.2,Map/Offsets   !!,https://cgi.minorplanetcenter.net/cgi-bin/confirmeph2.cgi
20260512T023058Z,2026-05-12T02:30:58.342167Z,20260512T023058Z_batch01,SO0005d,2026-05-12T18:00:00Z,18 05 47.1,271.44625,-29 42 29,-29.708055555555553,140.0,19.4,38.45,72.8,Map/Offsets   !!,https://cgi.minorplanetcenter.net/cgi-bin/confirmeph2.cgi
20260512T023058Z,2026-05-12T02:30:58.342167Z,20260512T023058Z_batch01,SO0005d,2026-05-12T19:00:00Z,18 08 31.4,272.1308333333333,-29 31 19,-29.521944444444443,139.4,19.5,36.42,72.5,Map/Offsets   !,https://cgi.minorplanetcenter.net/cgi-bin/confirmeph2.cgi
20260512T023058Z,2026-05-12T02:30:58.342167Z,20260512T023058Z_batch01,SO0005d,2026-05-12T20:00:00Z,18 11 06.6,272.77750000000003,-29 20 32,-29.342222222222222,138.9,19.5,34.54,72.1,Map/Offsets   !,https://cgi.minorplanetcenter.net/cgi-bin/confirmeph2.cgi
20260512T023058Z,2026-05-12T02:30:58.342167Z,20260512T023058Z_batch01,SO0005d,2026-05-12T21:00:00Z,18 13 33.4,273.38916666666665,-29 10 08,-29.16888888888889,138.5,19.6,32.79,71.8,Map/Offsets   !,https://cgi.minorplanetcenter.net/cgi-bin/confirmeph2.cgi
20260512T023058Z,2026-05-12T02:30:58.342167Z,20260512T023058Z_batch01,SO0005d,2026-05-12T22:00:00Z,18 15 52.3,273.96791666666667,-29 00 06,-29.001666666666665,138.0,19.7,31.17,71.6,Map/Offsets   !,https://cgi.minorplanetcenter.net/cgi-bin/confirmeph2.cgi
20260512T023058Z,2026-05-12T02:30:58.342167Z,20260512T023058Z_batch01,SO0005d,2026-05-12T23:00:00Z,18 18 04.0,274.51666666666665,-28 50 25,-28.840277777777775,137.6,19.7,29.65,71.3,Map/Offsets   !,https://cgi.minorplanetcenter.net/cgi-bin/confirmeph2.cgi
20260512T023058Z,2026-05-12T02:30:58.342167Z,20260512T023058Z_batch01,SO0005d,2026-05-13T00:00:00Z,18 20 09.0,275.0375,-28 41 04,-28.684444444444445,137.2,19.8,28.25,71.0,Map/Offsets   !,https://cgi.minorplanetcenter.net/cgi-bin/confirmeph2.cgi
20260512T023058Z,2026-05-12T02:30:58.342167Z,20260512T023058Z_batch01,SO0005d,2026-05-13T01:00:00Z,18 22 07.7,275.53208333333333,-28 32 03,-28.534166666666668,136.8,19.9,26.93,70.8,Map/Offsets   !,https://cgi.minorplanetcenter.net/cgi-bin/confirmeph2.cgi
20260512T023058Z,2026-05-12T02:30:58.342167Z,20260512T023058Z_batch01,SO0005c,2026-05-12T01:00:00Z,17 20 36.1,260.1504166666667,-29 49 03,-29.8175,148.9,18.5,182.4,112.5,Map/Offsets   !!,https://cgi.minorplanetcenter.net/cgi-bin/confirmeph2.cgi
20260512T023058Z,2026-05-12T02:30:58.342167Z,20260512T023058Z_batch01,SO0005c,2026-05-12T02:00:00Z,17 33 32.4,263.385,-30 55 28,-30.924444444444447,146.0,18.6,177.7,110.8,Map/Offsets   !!,https://cgi.minorplanetcenter.net/cgi-bin/confirmeph2.cgi
20260512T023058Z,2026-05-12T02:30:58.342167Z,20260512T023058Z_batch01,SO0005c,2026-05-12T03:00:00Z,17 46 23.7,266.59874999999994,-31 55 19,-31.921944444444446,143.1,18.7,172.3,109.1,Map/Offsets   !!,https://cgi.minorplanetcenter.net/cgi-bin/confirmeph2.cgi
20260512T023058Z,2026-05-12T02:30:58.342167Z,20260512T023058Z_batch01,SO0005c,2026-05-12T04:00:00Z,17 59 05.5,269.7729166666667,-32 48 30,-32.80833333333333,140.3,18.8,166.4,107.4,Map/Offsets   !!,https://cgi.minorplanetcenter.net/cgi-bin/confirmeph2.cgi
20260512T023058Z,2026-05-12T02:30:58.342167Z,20260512T023058Z_batch01,SO0005c,2026-05-12T05:00:00Z,18 11 33.2,272.8883333333333,-33 35 07,-33.58527777777778,137.7,18.9,160.0,105.7,Map/Offsets   !!,https://cgi.minorplanetcenter.net/cgi-bin/confirmeph2.cgi
20260512T023058Z,2026-05-12T02:30:58.342167Z,20260512T023058Z_batch01,SO0005c,2026-05-12T06:00:00Z,18 23 43.0,275.9291666666667,-34 15 22,-34.25611111111111,135.1,19.0,153.3,104.0,Map/Offsets   !!,https://cgi.minorplanetcenter.net/cgi-bin/confirmeph2.cgi
20260512T023058Z,2026-05-12T02:30:58.342167Z,20260512T023058Z_batch01,SO0005c,2026-05-12T07:00:00Z,18 35 31.5,278.88124999999997,-34 49 36,-34.82666666666667,132.7,19.2,146.4,102.4,Map/Offsets   !!,https://cgi.minorplanetcenter.net/cgi-bin/confirmeph2.cgi
20260512T023058Z,2026-05-12T02:30:58.342167Z,20260512T023058Z_batch01,SO0005c,2026-05-12T08:00:00Z,18 46 56.2,281.7341666666666,-35 18 14,-35.303888888888885,130.3,19.3,139.5,100.7,Map/Offsets   !!,https://cgi.minorplanetcenter.net/cgi-bin/confirmeph2.cgi
20260512T023058Z,2026-05-12T02:30:58.342167Z,20260512T023058Z_batch01,SO0005c,2026-05-12T09:00:00Z,18 57 55.0,284.4791666666667,-35 41 43,-35.695277777777775,128.1,19.4,132.7,99.1,Map/Offsets   !!,https://cgi.minorplanetcenter.net/cgi-bin/confirmeph2.cgi
20260512T023058Z,2026-05-12T02:30:58.342167Z,20260512T023058Z_batch01,SO0005c,2026-05-12T10:00:00Z,19 08 26.4,287.10999999999996,-36 00 31,-36.00861111111111,126.0,19.5,126.0,97.6,Map/Offsets   !!,https://cgi.minorplanetcenter.net/cgi-bin/confirmeph2.cgi
20260512T023058Z,2026-05-12T02:30:58.342167Z,20260512T023058Z_batch01,SO0005c,2026-05-12T11:00:00Z,19 18 29.6,289.62333333333333,-36 15 10,-36.25277777777778,124.0,19.6,119.4,96.1,Map/Offsets   !!,https://cgi.minorplanetcenter.net/cgi-bin/confirmeph2.cgi
20260512T023058Z,2026-05-12T02:30:58.342167Z,20260512T023058Z_batch01,SO0005c,2026-05-12T12:00:00Z,19 28 04.4,292.0183333333333,-36 26 06,-36.434999999999995,122.1,19.7,113.1,94.7,Map/Offsets   !!,https://cgi.minorplanetcenter.net/cgi-bin/confirmeph2.cgi
20260512T023058Z,2026-05-12T02:30:58.342167Z,20260512T023058Z_batch01,SO0005c,2026-05-12T13:00:00Z,19 37 10.8,294.295,-36 33 49,-36.56361111111111,120.3,19.9,107.1,93.3,Map/Offsets   !!,https://cgi.minorplanetcenter.net/cgi-bin/confirmeph2.cgi
20260512T023058Z,2026-05-12T02:30:58.342167Z,20260512T023058Z_batch01,SO0005c,2026-05-12T14:00:00Z,19 45 49.3,296.4554166666666,-36 38 42,-36.644999999999996,118.6,20.0,101.3,92.1,Map/Offsets   !!,https://cgi.minorplanetcenter.net/cgi-bin/confirmeph2.cgi
20260512T023058Z,2026-05-12T02:30:58.342167Z,20260512T023058Z_batch01,SO0005c,2026-05-12T15:00:00Z,19 54 00.5,298.5020833333333,-36 41 11,-36.686388888888885,117.0,20.1,95.83,90.8,Map/Offsets   !!,https://cgi.minorplanetcenter.net/cgi-bin/confirmeph2.cgi
20260512T023058Z,2026-05-12T02:30:58.342167Z,20260512T023058Z_batch01,SO0005c,2026-05-12T16:00:00Z,20 01 45.5,300.43958333333336,-36 41 35,-36.69305555555555,115.5,20.2,90.65,89.7,Map/Offsets   !!,https://cgi.minorplanetcenter.net/cgi-bin/confirmeph2.cgi
20260512T023058Z,2026-05-12T02:30:58.342167Z,20260512T023058Z_batch01,SO0005c,2026-05-12T17:00:00Z,20 09 05.3,302.27208333333334,-36 40 14,-36.67055555555555,114.1,20.3,85.76,88.6,Map/Offsets   !!,https://cgi.minorplanetcenter.net/cgi-bin/confirmeph2.cgi
20260512T023058Z,2026-05-12T02:30:58.342167Z,20260512T023058Z_batch01,SO0005c,2026-05-12T18:00:00Z,20 16 01.1,304.00458333333336,-36 37 25,-36.62361111111111,112.7,20.4,81.16,87.5,Map/Offsets   !!,https://cgi.minorplanetcenter.net/cgi-bin/confirmeph2.cgi
20260512T023058Z,2026-05-12T02:30:58.342167Z,20260512T023058Z_batch01,SO0005c,2026-05-12T19:00:00Z,20 22 34.0,305.64166666666665,-36 33 21,-36.55583333333333,111.5,20.5,76.84,86.6,Map/Offsets   !!,https://cgi.minorplanetcenter.net/cgi-bin/confirmeph2.cgi
20260512T023058Z,2026-05-12T02:30:58.342167Z,20260512T023058Z_batch01,SO0005c,2026-05-12T20:00:00Z,20 28 45.3,307.18874999999997,-36 28 17,-36.47138888888889,110.3,20.6,72.78,85.6,Map/Offsets   !!,https://cgi.minorplanetcenter.net/cgi-bin/confirmeph2.cgi
20260512T023058Z,2026-05-12T02:30:58.342167Z,20260512T023058Z_batch01,SO0005c,2026-05-12T21:00:00Z,20 34 36.3,308.65125,-36 22 22,-36.37277777777778,109.1,20.7,68.97,84.8,Map/Offsets   !!,https://cgi.minorplanetcenter.net/cgi-bin/confirmeph2.cgi
20260512T023058Z,2026-05-12T02:30:58.342167Z,20260512T023058Z_batch01,SO0005c,2026-05-12T22:00:00Z,20 40 08.2,310.0341666666667,-36 15 47,-36.26305555555555,108.0,20.8,65.4,84.0,Map/Offsets   !!,https://cgi.minorplanetcenter.net/cgi-bin/confirmeph2.cgi
20260512T023058Z,2026-05-12T02:30:58.342167Z,20260512T023058Z_batch01,SO0005c,2026-05-12T23:00:00Z,20 45 22.0,311.34166666666664,-36 08 39,-36.14416666666666,107.0,20.9,62.06,83.2,Map/Offsets   !!,https://cgi.minorplanetcenter.net/cgi-bin/confirmeph2.cgi
20260512T023058Z,2026-05-12T02:30:58.342167Z,20260512T023058Z_batch01,SO0005c,2026-05-13T00:00:00Z,20 50 19.0,312.57916666666665,-36 01 05,-36.018055555555556,106.0,20.9,58.94,82.5,Map/Offsets   !!,https://cgi.minorplanetcenter.net/cgi-bin/confirmeph2.cgi
20260512T023058Z,2026-05-12T02:30:58.342167Z,20260512T023058Z_batch01,SO0005c,2026-05-13T01:00:00Z,20 55 00.2,313.75083333333333,-35 53 13,-35.886944444444445,105.1,21.0,56.01,81.8,Map/Offsets   !!,https://cgi.minorplanetcenter.net/cgi-bin/confirmeph2.cgi
20260512T023058Z,2026-05-12T02:30:58.342167Z,20260512T023058Z_batch01,SO0005b,2026-05-12T01:00:00Z,20 20 33.0,305.1375,-29 31 32,-29.525555555555556,110.1,16.9,207.7,68.2,Map/Offsets   !!,https://cgi.minorplanetcenter.net/cgi-bin/confirmeph2.cgi
20260512T023058Z,2026-05-12T02:30:58.342167Z,20260512T023058Z_batch01,SO0005b,2026-05-12T02:00:00Z,20 34 24.6,308.60249999999996,-28 15 33,-28.259166666666665,106.9,17.1,187.1,66.5,Map/Offsets   !!,https://cgi.minorplanetcenter.net/cgi-bin/confirmeph2.cgi
20260512T023058Z,2026-05-12T02:30:58.342167Z,20260512T023058Z_batch01,SO0005b,2026-05-12T03:00:00Z,20 46 36.2,311.6508333333333,-27 02 44,-27.045555555555556,104.1,17.3,168.5,65.1,Map/Offsets   !!,https://cgi.minorplanetcenter.net/cgi-bin/confirmeph2.cgi
20260512T023058Z,2026-05-12T02:30:58.342167Z,20260512T023058Z_batch01,SO0005b,2026-05-12T04:00:00Z,20 57 21.4,314.33916666666664,-25 53 50,-25.897222222222222,101.5,17.5,151.8,63.9,Map/Offsets   !!,https://cgi.minorplanetcenter.net/cgi-bin/confirmeph2.cgi
20260512T023058Z,2026-05-12T02:30:58.342167Z,20260512T023058Z_batch01,SO0005b,2026-05-12T05:00:00Z,21 06 52.3,316.7179166666667,-24 49 13,-24.82027777777778,99.2,17.7,137.0,62.9,Map/Offsets   !!,https://cgi.minorplanetcenter.net/cgi-bin/confirmeph2.cgi
20260512T023058Z,2026-05-12T02:30:58.342167Z,20260512T023058Z_batch01,SO0005b,2026-05-12T06:00:00Z,21 15 19.2,318.83,-23 48 56,-23.815555555555555,97.1,17.9,123.8,62.0,Map/Offsets   !!,https://cgi.minorplanetcenter.net/cgi-bin/confirmeph2.cgi
20260512T023058Z,2026-05-12T02:30:58.342167Z,20260512T023058Z_batch01,SO0005b,2026-05-12T07:00:00Z,21 22 51.3,320.71375,-22 52 54,-22.881666666666668,95.2,18.1,112.2,61.3,Map/Offsets   !!,https://cgi.minorplanetcenter.net/cgi-bin/confirmeph2.cgi
20260512T023058Z,2026-05-12T02:30:58.342167Z,20260512T023058Z_batch01,SO0005b,2026-05-12T08:00:00Z,21 29 36.1,322.40041666666673,-22 00 56,-22.015555555555554,93.5,18.2,102.0,60.6,Map/Offsets   !!,https://cgi.minorplanetcenter.net/cgi-bin/confirmeph2.cgi
20260512T023058Z,2026-05-12T02:30:58.342167Z,20260512T023058Z_batch01,SO0005b,2026-05-12T09:00:00Z,21 35 40.1,323.9170833333333,-21 12 45,-21.2125,92.0,18.4,92.91,60.1,Map/Offsets   !!,https://cgi.minorplanetcenter.net/cgi-bin/confirmeph2.cgi
20260512T023058Z,2026-05-12T02:30:58.342167Z,20260512T023058Z_batch01,SO0005b,2026-05-12T10:00:00Z,21 41 08.6,325.2858333333333,-20 28 05,-20.468055555555555,90.6,18.6,84.88,59.6,Map/Offsets   !!,https://cgi.minorplanetcenter.net/cgi-bin/confirmeph2.cgi
20260512T023058Z,2026-05-12T02:30:58.342167Z,20260512T023058Z_batch01,SO0005b,2026-05-12T11:00:00Z,21 46 06.4,326.52666666666664,-19 46 41,-19.778055555555554,89.3,18.7,77.76,59.1,Map/Offsets   !!,https://cgi.minorplanetcenter.net/cgi-bin/confirmeph2.cgi
20260512T023058Z,2026-05-12T02:30:58.342167Z,20260512T023058Z_batch01,SO0005b,2026-05-12T12:00:00Z,21 50 37.3,327.65541666666667,-19 08 15,-19.1375,88.1,18.8,71.43,58.8,Map/Offsets   !!,https://cgi.minorplanetcenter.net/cgi-bin/confirmeph2.cgi
20260512T023058Z,2026-05-12T02:30:58.342167Z,20260512T023058Z_batch01,SO0005b,2026-05-12T13:00:00Z,21 54 44.6,328.68583333333333,-18 32 32,-18.542222222222225,87.0,19.0,65.78,58.4,Map/Offsets   !!,https://cgi.minorplanetcenter.net/cgi-bin/confirmeph2.cgi
20260512T023058Z,2026-05-12T02:30:58.342167Z,20260512T023058Z_batch01,SO0005b,2026-05-12T14:00:00Z,21 58 31.2,329.63,-17 59 18,-17.988333333333333,86.0,19.1,60.74,58.1,Map/Offsets   !!,https://cgi.minorplanetcenter.net/cgi-bin/confirmeph2.cgi
20260512T023058Z,2026-05-12T02:30:58.342167Z,20260512T023058Z_batch01,SO0005b,2026-05-12T15:00:00Z,22 01 59.3,330.4970833333333,-17 28 20,-17.47222222222222,85.1,19.2,56.22,57.9,Map/Offsets   !!,https://cgi.minorplanetcenter.net/cgi-bin/confirmeph2.cgi
20260512T023058Z,2026-05-12T02:30:58.342167Z,20260512T023058Z_batch01,SO0005b,2026-05-12T16:00:00Z,22 05 11.1,331.29625,-16 59 27,-16.990833333333335,84.3,19.3,52.16,57.6,Map/Offsets   !!,https://cgi.minorplanetcenter.net/cgi-bin/confirmeph2.cgi
20260512T023058Z,2026-05-12T02:30:58.342167Z,20260512T023058Z_batch01,SO0005b,2026-05-12T17:00:00Z,22 08 08.4,332.03499999999997,-16 32 26,-16.540555555555557,83.5,19.5,48.51,57.4,Map/Offsets   !!,https://cgi.minorplanetcenter.net/cgi-bin/confirmeph2.cgi
20260512T023058Z,2026-05-12T02:30:58.342167Z,20260512T023058Z_batch01,SO0005b,2026-05-12T18:00:00Z,22 10 52.7,332.71958333333333,-16 07 10,-16.119444444444444,82.7,19.6,45.21,57.2,Map/Offsets   !!,https://cgi.minorplanetcenter.net/cgi-bin/confirmeph2.cgi
20260512T023058Z,2026-05-12T02:30:58.342167Z,20260512T023058Z_batch01,SO0005b,2026-05-12T19:00:00Z,22 13 25.4,333.3558333333333,-15 43 28,-15.724444444444444,82.1,19.7,42.22,57.1,Map/Offsets   !!,https://cgi.minorplanetcenter.net/cgi-bin/confirmeph2.cgi
20260512T023058Z,2026-05-12T02:30:58.342167Z,20260512T023058Z_batch01,SO0005b,2026-05-12T20:00:00Z,22 15 47.6,333.9483333333333,-15 21 13,-15.35361111111111,81.4,19.8,39.5,56.9,Map/Offsets   !!,https://cgi.minorplanetcenter.net/cgi-bin/confirmeph2.cgi
20260512T023058Z,2026-05-12T02:30:58.342167Z,20260512T023058Z_batch01,SO0005b,2026-05-12T21:00:00Z,22 18 00.2,334.50083333333333,-15 00 17,-15.004722222222222,80.9,19.9,37.03,56.8,Map/Offsets   !!,https://cgi.minorplanetcenter.net/cgi-bin/confirmeph2.cgi
20260512T023058Z,2026-05-12T02:30:58.342167Z,20260512T023058Z_batch01,SO0005b,2026-05-12T22:00:00Z,22 20 04.3,335.0179166666666,-14 40 35,-14.676388888888889,80.3,20.0,34.78,56.6,Map/Offsets   !!,https://cgi.minorplanetcenter.net/cgi-bin/confirmeph2.cgi
20260512T023058Z,2026-05-12T02:30:58.342167Z,20260512T023058Z_batch01,SO0005b,2026-05-12T23:00:00Z,22 22 00.7,335.5029166666667,-14 22 00,-14.366666666666667,79.8,20.1,32.72,56.5,Map/Offsets   !!,https://cgi.minorplanetcenter.net/cgi-bin/confirmeph2.cgi
20260512T023058Z,2026-05-12T02:30:58.342167Z,20260512T023058Z_batch01,SO0005b,2026-05-13T00:00:00Z,22 23 49.9,335.9579166666667,-14 04 26,-14.073888888888888,79.3,20.1,30.83,56.4,Map/Offsets   !!,https://cgi.minorplanetcenter.net/cgi-bin/confirmeph2.cgi
20260512T023058Z,2026-05-12T02:30:58.342167Z,20260512T023058Z_batch01,SO0005b,2026-05-13T01:00:00Z,22 25 32.6,336.3858333333333,-13 47 50,-13.797222222222222,78.9,20.2,29.1,56.3,Map/Offsets   !!,https://cgi.minorplanetcenter.net/cgi-bin/confirmeph2.cgi
20260512T023058Z,2026-05-12T02:30:58.342167Z,20260512T023058Z_batch01,CELY6P2,2026-05-12T01:00:00Z,17 01 12.1,255.30041666666665,+18 25 04,18.41777777777778,135.1,20.7,2.95,1.0,Map/Offsets   !,https://cgi.minorplanetcenter.net/cgi-bin/confirmeph2.cgi
20260512T023058Z,2026-05-12T02:30:58.342167Z,20260512T023058Z_batch01,CELY6P2,2026-05-12T02:00:00Z,17 01 12.4,255.30166666666665,+18 28 03,18.467499999999998,135.1,20.7,3.02,1.0,Map/Offsets   !,https://cgi.minorplanetcenter.net/cgi-bin/confirmeph2.cgi
20260512T023058Z,2026-05-12T02:30:58.342167Z,20260512T023058Z_batch01,CELY6P2,2026-05-12T03:00:00Z,17 01 12.6,255.30249999999998,+18 31 06,18.51833333333333,135.0,20.7,3.08,0.9,Map/Offsets   !,https://cgi.minorplanetcenter.net/cgi-bin/confirmeph2.cgi
20260512T023058Z,2026-05-12T02:30:58.342167Z,20260512T023058Z_batch01,CELY6P2,2026-05-12T04:00:00Z,17 01 12.8,255.30333333333328,+18 34 13,18.57027777777778,135.0,20.7,3.15,0.9,Map/Offsets   !,https://cgi.minorplanetcenter.net/cgi-bin/confirmeph2.cgi
20260512T023058Z,2026-05-12T02:30:58.342167Z,20260512T023058Z_batch01,CELY6P2,2026-05-12T05:00:00Z,17 01 13.0,255.30416666666667,+18 37 24,18.623333333333335,135.0,20.7,3.23,0.9,Map/Offsets   !,https://cgi.minorplanetcenter.net/cgi-bin/confirmeph2.cgi
20260512T023058Z,2026-05-12T02:30:58.342167Z,20260512T023058Z_batch01,CELY6P2,2026-05-12T06:00:00Z,17 01 13.2,255.305,+18 40 40,18.67777777777778,134.9,20.6,3.3,0.8,Map/Offsets   !,https://cgi.minorplanetcenter.net/cgi-bin/confirmeph2.cgi
20260512T023058Z,2026-05-12T02:30:58.342167Z,20260512T023058Z_batch01,CELY6P2,2026-05-12T07:00:00Z,17 01 13.4,255.30583333333334,+18 44 00,18.733333333333334,134.9,20.6,3.38,0.8,Map/Offsets   !,https://cgi.minorplanetcenter.net/cgi-bin/confirmeph2.cgi
20260512T023058Z,2026-05-12T02:30:58.342167Z,20260512T023058Z_batch01,CELY6P2,2026-05-12T08:00:00Z,17 01 13.6,255.30666666666664,+18 47 25,18.790277777777778,134.9,20.6,3.46,0.8,Map/Offsets   !,https://cgi.minorplanetcenter.net/cgi-bin/confirmeph2.cgi
20260512T023058Z,2026-05-12T02:30:58.342167Z,20260512T023058Z_batch01,CELY6P2,2026-05-12T09:00:00Z,17 01 13.8,255.30749999999998,+18 50 55,18.84861111111111,134.9,20.5,3.54,0.8,Map/Offsets   !,https://cgi.minorplanetcenter.net/cgi-bin/confirmeph2.cgi
20260512T023058Z,2026-05-12T02:30:58.342167Z,20260512T023058Z_batch01,CELY6P2,2026-05-12T10:00:00Z,17 01 14.0,255.3083333333333,+18 54 30,18.90833333333333,134.8,20.5,3.63,0.7,Map/Offsets   !,https://cgi.minorplanetcenter.net/cgi-bin/confirmeph2.cgi
20260512T023058Z,2026-05-12T02:30:58.342167Z,20260512T023058Z_batch01,CELY6P2,2026-05-12T11:00:00Z,17 01 14.2,255.3091666666666,+18 58 11,18.96972222222222,134.8,20.5,3.72,0.7,Map/Offsets   !,https://cgi.minorplanetcenter.net/cgi-bin/confirmeph2.cgi
20260512T023058Z,2026-05-12T02:30:58.342167Z,20260512T023058Z_batch01,CELY6P2,2026-05-12T12:00:00Z,17 01 14.4,255.31,+19 01 57,19.0325,134.7,20.5,3.81,0.7,Map/Offsets   !,https://cgi.minorplanetcenter.net/cgi-bin/confirmeph2.cgi
20260512T023058Z,2026-05-12T02:30:58.342167Z,20260512T023058Z_batch01,CELY6P2,2026-05-12T13:00:00Z,17 01 14.5,255.31041666666667,+19 05 48,19.096666666666664,134.7,20.4,3.91,0.6,Map/Offsets   !,https://cgi.minorplanetcenter.net/cgi-bin/confirmeph2.cgi
20260512T023058Z,2026-05-12T02:30:58.342167Z,20260512T023058Z_batch01,CELY6P2,2026-05-12T14:00:00Z,17 01 14.7,255.31125,+19 09 46,19.162777777777777,134.7,20.4,4.01,0.6,Map/Offsets   !,https://cgi.minorplanetcenter.net/cgi-bin/confirmeph2.cgi
20260512T023058Z,2026-05-12T02:30:58.342167Z,20260512T023058Z_batch01,CELY6P2,2026-05-12T15:00:00Z,17 01 14.9,255.3120833333333,+19 13 49,19.230277777777776,134.6,20.4,4.12,0.6,Map/Offsets   !,https://cgi.minorplanetcenter.net/cgi-bin/confirmeph2.cgi
20260512T023058Z,2026-05-12T02:30:58.342167Z,20260512T023058Z_batch01,CELY6P2,2026-05-12T16:00:00Z,17 01 15.1,255.31291666666664,+19 18 00,19.3,134.6,20.4,4.22,0.6,Map/Offsets   !,https://cgi.minorplanetcenter.net/cgi-bin/confirmeph2.cgi
20260512T023058Z,2026-05-12T02:30:58.342167Z,20260512T023058Z_batch01,CELY6P2,2026-05-12T17:00:00Z,17 01 15.3,255.31374999999997,+19 22 16,19.371111111111112,134.5,20.3,4.34,0.6,Map/Offsets   !,https://cgi.minorplanetcenter.net/cgi-bin/confirmeph2.cgi
20260512T023058Z,2026-05-12T02:30:58.342167Z,20260512T023058Z_batch01,CELY6P2,2026-05-12T18:00:00Z,17 01 15.5,255.3145833333333,+19 26 40,19.444444444444446,134.5,20.3,4.46,0.5,Map/Offsets   !,https://cgi.minorplanetcenter.net/cgi-bin/confirmeph2.cgi
20260512T023058Z,2026-05-12T02:30:58.342167Z,20260512T023058Z_batch01,CELY6P2,2026-05-12T19:00:00Z,17 01 15.6,255.315,+19 31 11,19.51972222222222,134.4,20.3,4.58,0.5,Map/Offsets   !,https://cgi.minorplanetcenter.net/cgi-bin/confirmeph2.cgi
20260512T023058Z,2026-05-12T02:30:58.342167Z,20260512T023058Z_batch01,CELY6P2,2026-05-12T20:00:00Z,17 01 15.8,255.31583333333333,+19 35 50,19.59722222222222,134.4,20.2,4.71,0.5,Map/Offsets   !,https://cgi.minorplanetcenter.net/cgi-bin/confirmeph2.cgi
20260512T023058Z,2026-05-12T02:30:58.342167Z,20260512T023058Z_batch01,CELY6P2,2026-05-12T21:00:00Z,17 01 16.0,255.31666666666666,+19 40 37,19.676944444444445,134.3,20.2,4.84,0.5,Map/Offsets   !,https://cgi.minorplanetcenter.net/cgi-bin/confirmeph2.cgi
20260512T023058Z,2026-05-12T02:30:58.342167Z,20260512T023058Z_batch01,CELY6P2,2026-05-12T22:00:00Z,17 01 16.1,255.31708333333333,+19 45 31,19.75861111111111,134.3,20.2,4.98,0.4,Map/Offsets   !,https://cgi.minorplanetcenter.net/cgi-bin/confirmeph2.cgi
20260512T023058Z,2026-05-12T02:30:58.342167Z,20260512T023058Z_batch01,CELY6P2,2026-05-12T23:00:00Z,17 01 16.3,255.31791666666666,+19 50 35,19.843055555555555,134.2,20.2,5.13,0.4,Map/Offsets   !,https://cgi.minorplanetcenter.net/cgi-bin/confirmeph2.cgi
20260512T023058Z,2026-05-12T02:30:58.342167Z,20260512T023058Z_batch01,CELY6P2,2026-05-13T00:00:00Z,17 01 16.5,255.31874999999997,+19 55 47,19.929722222222225,134.2,20.1,5.28,0.4,Map/Offsets   !,https://cgi.minorplanetcenter.net/cgi-bin/confirmeph2.cgi
20260512T023058Z,2026-05-12T02:30:58.342167Z,20260512T023058Z_batch01,CELY6P2,2026-05-13T01:00:00Z,17 01 16.6,255.31916666666663,+20 01 09,20.019166666666667,134.1,20.1,5.44,0.4,Map/Offsets   !,https://cgi.minorplanetcenter.net/cgi-bin/confirmeph2.cgi
20260512T023058Z,2026-05-12T02:30:58.342167Z,20260512T023058Z_batch01,ST26E38,2026-05-12T01:00:00Z,17 30 01.3,262.5054166666667,+06 37 26,6.62388888888889,138.4,20.1,28.53,100.3,Map/Offsets   !,https://cgi.minorplanetcenter.net/cgi-bin/confirmeph2.cgi
20260512T023058Z,2026-05-12T02:30:58.342167Z,20260512T023058Z_batch01,ST26E38,2026-05-12T02:00:00Z,17 31 54.5,262.9770833333333,+06 32 19,6.538611111111111,138.1,20.1,28.6,100.3,Map/Offsets   !,https://cgi.minorplanetcenter.net/cgi-bin/confirmeph2.cgi
20260512T023058Z,2026-05-12T02:30:58.342167Z,20260512T023058Z_batch01,ST26E38,2026-05-12T03:00:00Z,17 33 47.9,263.44958333333335,+06 27 11,6.453055555555555,137.8,20.1,28.66,100.4,Map/Offsets   !,https://cgi.minorplanetcenter.net/cgi-bin/confirmeph2.cgi
20260512T023058Z,2026-05-12T02:30:58.342167Z,20260512T023058Z_batch01,ST26E38,2026-05-12T04:00:00Z,17 35 41.4,263.9225,+06 21 59,6.366388888888888,137.5,20.1,28.72,100.4,Map/Offsets   !,https://cgi.minorplanetcenter.net/cgi-bin/confirmeph2.cgi
20260512T023058Z,2026-05-12T02:30:58.342167Z,20260512T023058Z_batch01,ST26E38,2026-05-12T05:00:00Z,17 37 35.2,264.39666666666665,+06 16 46,6.279444444444445,137.2,20.1,28.78,100.5,Map/Offsets   !,https://cgi.minorplanetcenter.net/cgi-bin/confirmeph2.cgi
20260512T023058Z,2026-05-12T02:30:58.342167Z,20260512T023058Z_batch01,ST26E38,2026-05-12T06:00:00Z,17 39 29.2,264.87166666666667,+06 11 30,6.191666666666667,136.9,20.1,28.83,100.6,Map/Offsets   !,https://cgi.minorplanetcenter.net/cgi-bin/confirmeph2.cgi
20260512T023058Z,2026-05-12T02:30:58.342167Z,20260512T023058Z_batch01,ST26E38,2026-05-12T07:00:00Z,17 41 23.3,265.34708333333333,+06 06 12,6.103333333333333,136.6,20.1,28.88,100.6,Map/Offsets   !,https://cgi.minorplanetcenter.net/cgi-bin/confirmeph2.cgi
20260512T023058Z,2026-05-12T02:30:58.342167Z,20260512T023058Z_batch01,ST26E38,2026-05-12T08:00:00Z,17 43 17.5,265.82291666666663,+06 00 52,6.014444444444444,136.3,20.2,28.92,100.7,Map/Offsets   !,https://cgi.minorplanetcenter.net/cgi-bin/confirmeph2.cgi
20260512T023058Z,2026-05-12T02:30:58.342167Z,20260512T023058Z_batch01,ST26E38,2026-05-12T09:00:00Z,17 45 11.9,266.2995833333333,+05 55 29,5.924722222222223,136.0,20.2,28.96,100.7,Map/Offsets   !,https://cgi.minorplanetcenter.net/cgi-bin/confirmeph2.cgi
20260512T023058Z,2026-05-12T02:30:58.342167Z,20260512T023058Z_batch01,ST26E38,2026-05-12T10:00:00Z,17 47 06.4,266.7766666666667,+05 50 05,5.834722222222222,135.6,20.2,29.0,100.8,Map/Offsets   !,https://cgi.minorplanetcenter.net/cgi-bin/confirmeph2.cgi
20260512T023058Z,2026-05-12T02:30:58.342167Z,20260512T023058Z_batch01,ST26E38,2026-05-12T11:00:00Z,17 49 01.0,267.25416666666666,+05 44 39,5.744166666666667,135.3,20.2,29.03,100.8,Map/Offsets   !,https://cgi.minorplanetcenter.net/cgi-bin/confirmeph2.cgi
20260512T023058Z,2026-05-12T02:30:58.342167Z,20260512T023058Z_batch01,ST26E38,2026-05-12T12:00:00Z,17 50 55.6,267.7316666666666,+05 39 11,5.6530555555555555,135.0,20.2,29.06,100.9,Map/Offsets   !,https://cgi.minorplanetcenter.net/cgi-bin/confirmeph2.cgi
20260512T023058Z,2026-05-12T02:30:58.342167Z,20260512T023058Z_batch01,ST26E38,2026-05-12T13:00:00Z,17 52 50.4,268.21,+05 33 41,5.561388888888889,134.7,20.2,29.08,100.9,Map/Offsets   !,https://cgi.minorplanetcenter.net/cgi-bin/confirmeph2.cgi
20260512T023058Z,2026-05-12T02:30:58.342167Z,20260512T023058Z_batch01,ST26E38,2026-05-12T14:00:00Z,17 54 45.2,268.6883333333333,+05 28 10,5.469444444444445,134.4,20.2,29.1,101.0,Map/Offsets   !,https://cgi.minorplanetcenter.net/cgi-bin/confirmeph2.cgi
20260512T023058Z,2026-05-12T02:30:58.342167Z,20260512T023058Z_batch01,ST26E38,2026-05-12T15:00:00Z,17 56 40.0,269.1666666666667,+05 22 36,5.376666666666666,134.0,20.2,29.12,101.0,Map/Offsets   !,https://cgi.minorplanetcenter.net/cgi-bin/confirmeph2.cgi
20260512T023058Z,2026-05-12T02:30:58.342167Z,20260512T023058Z_batch01,ST26E38,2026-05-12T16:00:00Z,17 58 34.8,269.645,+05 17 02,5.283888888888889,133.7,20.2,29.13,101.1,Map/Offsets   !,https://cgi.minorplanetcenter.net/cgi-bin/confirmeph2.cgi
20260512T023058Z,2026-05-12T02:30:58.342167Z,20260512T023058Z_batch01,ST26E38,2026-05-12T17:00:00Z,18 00 29.7,270.12375000000003,+05 11 25,5.190277777777778,133.4,20.2,29.14,101.1,Map/Offsets   !,https://cgi.minorplanetcenter.net/cgi-bin/confirmeph2.cgi
20260512T023058Z,2026-05-12T02:30:58.342167Z,20260512T023058Z_batch01,ST26E38,2026-05-12T18:00:00Z,18 02 24.5,270.6020833333333,+05 05 47,5.096388888888889,133.0,20.2,29.14,101.2,Map/Offsets   !,https://cgi.minorplanetcenter.net/cgi-bin/confirmeph2.cgi
20260512T023058Z,2026-05-12T02:30:58.342167Z,20260512T023058Z_batch01,ST26E38,2026-05-12T19:00:00Z,18 04 19.3,271.0804166666667,+05 00 08,5.002222222222223,132.7,20.2,29.14,101.2,Map/Offsets   !,https://cgi.minorplanetcenter.net/cgi-bin/confirmeph2.cgi
20260512T023058Z,2026-05-12T02:30:58.342167Z,20260512T023058Z_batch01,ST26E38,2026-05-12T20:00:00Z,18 06 14.0,271.55833333333334,+04 54 28,4.9077777777777785,132.4,20.2,29.13,101.3,Map/Offsets   !,https://cgi.minorplanetcenter.net/cgi-bin/confirmeph2.cgi
20260512T023058Z,2026-05-12T02:30:58.342167Z,20260512T023058Z_batch01,ST26E38,2026-05-12T21:00:00Z,18 08 08.7,272.03625,+04 48 46,4.812777777777778,132.0,20.3,29.13,101.3,Map/Offsets   !,https://cgi.minorplanetcenter.net/cgi-bin/confirmeph2.cgi
20260512T023058Z,2026-05-12T02:30:58.342167Z,20260512T023058Z_batch01,ST26E38,2026-05-12T22:00:00Z,18 10 03.3,272.51375,+04 43 03,4.7175,131.7,20.3,29.11,101.3,Map/Offsets   !,https://cgi.minorplanetcenter.net/cgi-bin/confirmeph2.cgi
20260512T023058Z,2026-05-12T02:30:58.342167Z,20260512T023058Z_batch01,ST26E38,2026-05-12T23:00:00Z,18 11 57.8,272.99083333333334,+04 37 19,4.621944444444445,131.4,20.3,29.09,101.4,Map/Offsets   !,https://cgi.minorplanetcenter.net/cgi-bin/confirmeph2.cgi
20260512T023058Z,2026-05-12T02:30:58.342167Z,20260512T023058Z_batch01,ST26E38,2026-05-13T00:00:00Z,18 13 52.2,273.4675,+04 31 34,4.526111111111111,131.0,20.3,29.07,101.4,Map/Offsets   !,https://cgi.minorplanetcenter.net/cgi-bin/confirmeph2.cgi
20260512T023058Z,2026-05-12T02:30:58.342167Z,20260512T023058Z_batch01,ST26E38,2026-05-13T01:00:00Z,18 15 46.5,273.94374999999997,+04 25 48,4.430000000000001,130.7,20.3,29.05,101.5,Map/Offsets   !,https://cgi.minorplanetcenter.net/cgi-bin/confirmeph2.cgi
20260512T023058Z,2026-05-12T02:30:58.342167Z,20260512T023058Z_batch01,C469HY1,2026-05-12T01:00:00Z,17 26 00.4,261.50166666666667,+12 49 27,12.824166666666667,135.2,18.3,88.41,34.9,Map/Offsets   !,https://cgi.minorplanetcenter.net/cgi-bin/confirmeph2.cgi
20260512T023058Z,2026-05-12T02:30:58.342167Z,20260512T023058Z_batch01,C469HY1,2026-05-12T02:00:00Z,17 29 30.5,262.37708333333336,+14 02 19,14.038611111111111,133.8,18.4,89.57,35.1,Map/Offsets   !,https://cgi.minorplanetcenter.net/cgi-bin/confirmeph2.cgi
20260512T023058Z,2026-05-12T02:30:58.342167Z,20260512T023058Z_batch01,C469HY1,2026-05-12T03:00:00Z,17 33 05.5,263.2729166666667,+15 15 54,15.265,132.3,18.4,90.63,35.4,Map/Offsets   !,https://cgi.minorplanetcenter.net/cgi-bin/confirmeph2.cgi
20260512T023058Z,2026-05-12T02:30:58.342167Z,20260512T023058Z_batch01,C469HY1,2026-05-12T04:00:00Z,17 36 45.5,264.18958333333336,+16 30 05,16.50138888888889,130.9,18.4,91.58,35.6,Map/Offsets   !,https://cgi.minorplanetcenter.net/cgi-bin/confirmeph2.cgi
20260512T023058Z,2026-05-12T02:30:58.342167Z,20260512T023058Z_batch01,C469HY1,2026-05-12T05:00:00Z,17 40 30.5,265.12708333333336,+17 44 45,17.745833333333334,129.4,18.4,92.41,35.9,Map/Offsets   !,https://cgi.minorplanetcenter.net/cgi-bin/confirmeph2.cgi
20260512T023058Z,2026-05-12T02:30:58.342167Z,20260512T023058Z_batch01,C469HY1,2026-05-12T06:00:00Z,17 44 20.6,266.0858333333333,+18 59 46,18.996111111111112,127.9,18.5,93.12,36.2,Map/Offsets   !,https://cgi.minorplanetcenter.net/cgi-bin/confirmeph2.cgi
20260512T023058Z,2026-05-12T02:30:58.342167Z,20260512T023058Z_batch01,C469HY1,2026-05-12T07:00:00Z,17 48 15.7,267.0654166666667,+20 15 00,20.25,126.4,18.5,93.7,36.5,Map/Offsets   !,https://cgi.minorplanetcenter.net/cgi-bin/confirmeph2.cgi
20260512T023058Z,2026-05-12T02:30:58.342167Z,20260512T023058Z_batch01,C469HY1,2026-05-12T08:00:00Z,17 52 16.0,268.06666666666666,+21 30 19,21.505277777777778,124.8,18.5,94.14,36.9,Map/Offsets   !,https://cgi.minorplanetcenter.net/cgi-bin/confirmeph2.cgi
20260512T023058Z,2026-05-12T02:30:58.342167Z,20260512T023058Z_batch01,C469HY1,2026-05-12T09:00:00Z,17 56 21.5,269.08958333333334,+22 45 34,22.759444444444444,123.3,18.6,94.45,37.3,Map/Offsets   !,https://cgi.minorplanetcenter.net/cgi-bin/confirmeph2.cgi
20260512T023058Z,2026-05-12T02:30:58.342167Z,20260512T023058Z_batch01,C469HY1,2026-05-12T10:00:00Z,18 00 32.1,270.13375,+24 00 37,24.010277777777777,121.8,18.6,94.61,37.7,Map/Offsets   !,https://cgi.minorplanetcenter.net/cgi-bin/confirmeph2.cgi
20260512T023058Z,2026-05-12T02:30:58.342167Z,20260512T023058Z_batch01,C469HY1,2026-05-12T11:00:00Z,18 04 47.9,271.1995833333333,+25 15 17,25.254722222222224,120.2,18.7,94.63,38.1,Map/Offsets   !,https://cgi.minorplanetcenter.net/cgi-bin/confirmeph2.cgi
20260512T023058Z,2026-05-12T02:30:58.342167Z,20260512T023058Z_batch01,C469HY1,2026-05-12T12:00:00Z,18 09 08.8,272.28666666666663,+26 29 28,26.491111111111113,118.7,18.7,94.51,38.6,Map/Offsets   !,https://cgi.minorplanetcenter.net/cgi-bin/confirmeph2.cgi
20260512T023058Z,2026-05-12T02:30:58.342167Z,20260512T023058Z_batch01,C469HY1,2026-05-12T13:00:00Z,18 13 34.8,273.395,+27 42 59,27.71638888888889,117.2,18.8,94.24,39.1,Map/Offsets   !,https://cgi.minorplanetcenter.net/cgi-bin/confirmeph2.cgi
20260512T023058Z,2026-05-12T02:30:58.342167Z,20260512T023058Z_batch01,C469HY1,2026-05-12T14:00:00Z,18 18 05.9,274.52458333333334,+28 55 42,28.928333333333335,115.7,18.8,93.84,39.6,Map/Offsets   !,https://cgi.minorplanetcenter.net/cgi-bin/confirmeph2.cgi
20260512T023058Z,2026-05-12T02:30:58.342167Z,20260512T023058Z_batch01,C469HY1,2026-05-12T15:00:00Z,18 22 41.9,275.6745833333333,+30 07 29,30.12472222222222,114.1,18.9,93.3,40.2,Map/Offsets   !,https://cgi.minorplanetcenter.net/cgi-bin/confirmeph2.cgi
20260512T023058Z,2026-05-12T02:30:58.342167Z,20260512T023058Z_batch01,C469HY1,2026-05-12T16:00:00Z,18 27 22.8,276.845,+31 18 11,31.303055555555556,112.6,18.9,92.63,40.8,Map/Offsets   !,https://cgi.minorplanetcenter.net/cgi-bin/confirmeph2.cgi
20260512T023058Z,2026-05-12T02:30:58.342167Z,20260512T023058Z_batch01,C469HY1,2026-05-12T17:00:00Z,18 32 08.5,278.03541666666666,+32 27 41,32.46138888888889,111.1,19.0,91.83,41.4,Map/Offsets   !,https://cgi.minorplanetcenter.net/cgi-bin/confirmeph2.cgi
20260512T023058Z,2026-05-12T02:30:58.342167Z,20260512T023058Z_batch01,C469HY1,2026-05-12T18:00:00Z,18 36 58.8,279.245,+33 35 52,33.59777777777778,109.6,19.0,90.92,42.1,Map/Offsets   !,https://cgi.minorplanetcenter.net/cgi-bin/confirmeph2.cgi
20260512T023058Z,2026-05-12T02:30:58.342167Z,20260512T023058Z_batch01,C469HY1,2026-05-12T19:00:00Z,18 41 53.7,280.47375,+34 42 36,34.71,108.2,19.1,89.89,42.8,Map/Offsets   !,https://cgi.minorplanetcenter.net/cgi-bin/confirmeph2.cgi
20260512T023058Z,2026-05-12T02:30:58.342167Z,20260512T023058Z_batch01,C469HY1,2026-05-12T20:00:00Z,18 46 52.8,281.71999999999997,+35 47 48,35.79666666666667,106.7,19.1,88.76,43.5,Map/Offsets   !,https://cgi.minorplanetcenter.net/cgi-bin/confirmeph2.cgi
20260512T023058Z,2026-05-12T02:30:58.342167Z,20260512T023058Z_batch01,C469HY1,2026-05-12T21:00:00Z,18 51 56.1,282.98375,+36 51 22,36.85611111111111,105.3,19.2,87.53,44.2,Map/Offsets   !,https://cgi.minorplanetcenter.net/cgi-bin/confirmeph2.cgi
20260512T023058Z,2026-05-12T02:30:58.342167Z,20260512T023058Z_batch01,C469HY1,2026-05-12T22:00:00Z,18 57 03.3,284.26374999999996,+37 53 12,37.88666666666666,103.9,19.3,86.22,45.0,Map/Offsets   !,https://cgi.minorplanetcenter.net/cgi-bin/confirmeph2.cgi
20260512T023058Z,2026-05-12T02:30:58.342167Z,20260512T023058Z_batch01,C469HY1,2026-05-12T23:00:00Z,19 02 14.2,285.55916666666667,+38 53 15,38.8875,102.5,19.3,84.83,45.8,Map/Offsets   !,https://cgi.minorplanetcenter.net/cgi-bin/confirmeph2.cgi
20260512T023058Z,2026-05-12T02:30:58.342167Z,20260512T023058Z_batch01,C469HY1,2026-05-13T00:00:00Z,19 07 28.5,286.86875,+39 51 26,39.85722222222223,101.1,19.4,83.38,46.6,Map/Offsets   !,https://cgi.minorplanetcenter.net/cgi-bin/confirmeph2.cgi
20260512T023058Z,2026-05-12T02:30:58.342167Z,20260512T023058Z_batch01,C469HY1,2026-05-13T01:00:00Z,19 12 45.9,288.19124999999997,+40 47 42,40.794999999999995,99.7,19.5,81.87,47.5,Map/Offsets   !,https://cgi.minorplanetcenter.net/cgi-bin/confirmeph2.cgi
20260512T023058Z,2026-05-12T02:30:58.342167Z,20260512T023058Z_batch01,6EA3I21,2026-05-12T01:00:00Z,19 25 50.3,291.45958333333334,-05 15 00,-5.25,117.4,17.0,0.52,6.5,Map/Offsets,https://cgi.minorplanetcenter.net/cgi-bin/confirmeph2.cgi
20260512T023058Z,2026-05-12T02:30:58.342167Z,20260512T023058Z_batch01,6EA3I21,2026-05-12T02:00:00Z,19 25 50.5,291.4604166666667,-05 14 29,-5.241388888888889,117.4,17.0,0.52,6.4,Map/Offsets,https://cgi.minorplanetcenter.net/cgi-bin/confirmeph2.cgi
20260512T023058Z,2026-05-12T02:30:58.342167Z,20260512T023058Z_batch01,6EA3I21,2026-05-12T03:00:00Z,19 25 50.8,291.46166666666664,-05 13 58,-5.232777777777778,117.4,17.0,0.53,6.3,Map/Offsets,https://cgi.minorplanetcenter.net/cgi-bin/confirmeph2.cgi
20260512T023058Z,2026-05-12T02:30:58.342167Z,20260512T023058Z_batch01,6EA3I21,2026-05-12T04:00:00Z,19 25 51.0,291.46250000000003,-05 13 26,-5.223888888888889,117.5,17.0,0.53,6.2,Map/Offsets,https://cgi.minorplanetcenter.net/cgi-bin/confirmeph2.cgi
20260512T023058Z,2026-05-12T02:30:58.342167Z,20260512T023058Z_batch01,6EA3I21,2026-05-12T05:00:00Z,19 25 51.2,291.46333333333337,-05 12 55,-5.215277777777778,117.5,17.0,0.53,6.1,Map/Offsets,https://cgi.minorplanetcenter.net/cgi-bin/confirmeph2.cgi
20260512T023058Z,2026-05-12T02:30:58.342167Z,20260512T023058Z_batch01,6EA3I21,2026-05-12T06:00:00Z,19 25 51.4,291.4641666666667,-05 12 24,-5.206666666666667,117.5,17.0,0.53,6.0,Map/Offsets,https://cgi.minorplanetcenter.net/cgi-bin/confirmeph2.cgi
20260512T023058Z,2026-05-12T02:30:58.342167Z,20260512T023058Z_batch01,6EA3I21,2026-05-12T07:00:00Z,19 25 51.7,291.46541666666667,-05 11 52,-5.197777777777778,117.6,17.0,0.53,5.9,Map/Offsets,https://cgi.minorplanetcenter.net/cgi-bin/confirmeph2.cgi
20260512T023058Z,2026-05-12T02:30:58.342167Z,20260512T023058Z_batch01,6EA3I21,2026-05-12T08:00:00Z,19 25 51.9,291.46625,-05 11 21,-5.189166666666667,117.6,17.0,0.53,5.9,Map/Offsets,https://cgi.minorplanetcenter.net/cgi-bin/confirmeph2.cgi
20260512T023058Z,2026-05-12T02:30:58.342167Z,20260512T023058Z_batch01,6EA3I21,2026-05-12T09:00:00Z,19 25 52.1,291.46708333333333,-05 10 49,-5.180277777777778,117.6,16.9,0.53,5.8,Map/Offsets,https://cgi.minorplanetcenter.net/cgi-bin/confirmeph2.cgi
20260512T023058Z,2026-05-12T02:30:58.342167Z,20260512T023058Z_batch01,6EA3I21,2026-05-12T10:00:00Z,19 25 52.3,291.4679166666667,-05 10 18,-5.171666666666667,117.7,16.9,0.53,5.7,Map/Offsets,https://cgi.minorplanetcenter.net/cgi-bin/confirmeph2.cgi
20260512T023058Z,2026-05-12T02:30:58.342167Z,20260512T023058Z_batch01,6EA3I21,2026-05-12T11:00:00Z,19 25 52.5,291.46875000000006,-05 09 46,-5.162777777777778,117.7,16.9,0.53,5.6,Map/Offsets,https://cgi.minorplanetcenter.net/cgi-bin/confirmeph2.cgi
20260512T023058Z,2026-05-12T02:30:58.342167Z,20260512T023058Z_batch01,6EA3I21,2026-05-12T12:00:00Z,19 25 52.7,291.46958333333333,-05 09 15,-5.154166666666667,117.7,16.9,0.53,5.5,Map/Offsets,https://cgi.minorplanetcenter.net/cgi-bin/confirmeph2.cgi
20260512T023058Z,2026-05-12T02:30:58.342167Z,20260512T023058Z_batch01,6EA3I21,2026-05-12T13:00:00Z,19 25 52.9,291.47041666666667,-05 08 43,-5.145277777777778,117.8,16.9,0.53,5.4,Map/Offsets,https://cgi.minorplanetcenter.net/cgi-bin/confirmeph2.cgi
20260512T023058Z,2026-05-12T02:30:58.342167Z,20260512T023058Z_batch01,6EA3I21,2026-05-12T14:00:00Z,19 25 53.1,291.47125,-05 08 12,-5.136666666666667,117.8,16.9,0.53,5.3,Map/Offsets,https://cgi.minorplanetcenter.net/cgi-bin/confirmeph2.cgi
20260512T023058Z,2026-05-12T02:30:58.342167Z,20260512T023058Z_batch01,6EA3I21,2026-05-12T15:00:00Z,19 25 53.3,291.47208333333333,-05 07 40,-5.127777777777777,117.8,16.9,0.53,5.3,Map/Offsets,https://cgi.minorplanetcenter.net/cgi-bin/confirmeph2.cgi
20260512T023058Z,2026-05-12T02:30:58.342167Z,20260512T023058Z_batch01,6EA3I21,2026-05-12T16:00:00Z,19 25 53.5,291.47291666666666,-05 07 09,-5.119166666666667,117.9,16.9,0.53,5.2,Map/Offsets,https://cgi.minorplanetcenter.net/cgi-bin/confirmeph2.cgi
20260512T023058Z,2026-05-12T02:30:58.342167Z,20260512T023058Z_batch01,6EA3I21,2026-05-12T17:00:00Z,19 25 53.7,291.47375000000005,-05 06 37,-5.110277777777777,117.9,16.9,0.53,5.1,Map/Offsets,https://cgi.minorplanetcenter.net/cgi-bin/confirmeph2.cgi
20260512T023058Z,2026-05-12T02:30:58.342167Z,20260512T023058Z_batch01,6EA3I21,2026-05-12T18:00:00Z,19 25 53.9,291.4745833333334,-05 06 05,-5.101388888888889,117.9,16.9,0.53,5.0,Map/Offsets,https://cgi.minorplanetcenter.net/cgi-bin/confirmeph2.cgi
20260512T023058Z,2026-05-12T02:30:58.342167Z,20260512T023058Z_batch01,6EA3I21,2026-05-12T19:00:00Z,19 25 54.1,291.47541666666666,-05 05 34,-5.092777777777777,118.0,16.9,0.53,4.9,Map/Offsets,https://cgi.minorplanetcenter.net/cgi-bin/confirmeph2.cgi
20260512T023058Z,2026-05-12T02:30:58.342167Z,20260512T023058Z_batch01,6EA3I21,2026-05-12T20:00:00Z,19 25 54.3,291.47625,-05 05 02,-5.083888888888889,118.0,16.9,0.53,4.8,Map/Offsets,https://cgi.minorplanetcenter.net/cgi-bin/confirmeph2.cgi
20260512T023058Z,2026-05-12T02:30:58.342167Z,20260512T023058Z_batch01,6EA3I21,2026-05-12T21:00:00Z,19 25 54.4,291.4766666666667,-05 04 30,-5.075,118.0,16.9,0.53,4.7,Map/Offsets,https://cgi.minorplanetcenter.net/cgi-bin/confirmeph2.cgi
20260512T023058Z,2026-05-12T02:30:58.342167Z,20260512T023058Z_batch01,6EA3I21,2026-05-12T22:00:00Z,19 25 54.6,291.4775,-05 03 58,-5.066111111111111,118.1,16.9,0.53,4.6,Map/Offsets,https://cgi.minorplanetcenter.net/cgi-bin/confirmeph2.cgi
20260512T023058Z,2026-05-12T02:30:58.342167Z,20260512T023058Z_batch01,6EA3I21,2026-05-12T23:00:00Z,19 25 54.8,291.47833333333335,-05 03 27,-5.0575,118.1,16.9,0.53,4.6,Map/Offsets,https://cgi.minorplanetcenter.net/cgi-bin/confirmeph2.cgi
20260512T023058Z,2026-05-12T02:30:58.342167Z,20260512T023058Z_batch01,6EA3I21,2026-05-13T00:00:00Z,19 25 54.9,291.47875000000005,-05 02 55,-5.048611111111111,118.1,16.9,0.53,4.5,Map/Offsets,https://cgi.minorplanetcenter.net/cgi-bin/confirmeph2.cgi
20260512T023058Z,2026-05-12T02:30:58.342167Z,20260512T023058Z_batch01,6EA3I21,2026-05-13T01:00:00Z,19 25 55.1,291.4795833333334,-05 02 23,-5.039722222222222,118.2,16.9,0.53,4.4,Map/Offsets,https://cgi.minorplanetcenter.net/cgi-bin/confirmeph2.cgi
20260512T023058Z,2026-05-12T02:30:58.342167Z,20260512T023058Z_batch01,CELXZH2,2026-05-12T01:00:00Z,14 48 06.3,222.02625,+24 01 36,24.026666666666667,137.5,22.7,0.75,291.4,Map/Offsets,https://cgi.minorplanetcenter.net/cgi-bin/confirmeph2.cgi
20260512T023058Z,2026-05-12T02:30:58.342167Z,20260512T023058Z_batch01,CELXZH2,2026-05-12T02:00:00Z,14 48 03.2,222.01333333333335,+24 01 52,24.03111111111111,137.5,22.7,0.75,291.3,Map/Offsets,https://cgi.minorplanetcenter.net/cgi-bin/confirmeph2.cgi
20260512T023058Z,2026-05-12T02:30:58.342167Z,20260512T023058Z_batch01,CELXZH2,2026-05-12T03:00:00Z,14 48 00.2,222.00083333333333,+24 02 09,24.035833333333336,137.5,22.7,0.75,291.2,Map/Offsets,https://cgi.minorplanetcenter.net/cgi-bin/confirmeph2.cgi
20260512T023058Z,2026-05-12T02:30:58.342167Z,20260512T023058Z_batch01,CELXZH2,2026-05-12T04:00:00Z,14 47 57.1,221.98791666666665,+24 02 25,24.040277777777778,137.4,22.7,0.74,291.1,Map/Offsets,https://cgi.minorplanetcenter.net/cgi-bin/confirmeph2.cgi
20260512T023058Z,2026-05-12T02:30:58.342167Z,20260512T023058Z_batch01,CELXZH2,2026-05-12T05:00:00Z,14 47 54.1,221.97541666666666,+24 02 41,24.044722222222223,137.4,22.7,0.74,291.0,Map/Offsets,https://cgi.minorplanetcenter.net/cgi-bin/confirmeph2.cgi
20260512T023058Z,2026-05-12T02:30:58.342167Z,20260512T023058Z_batch01,CELXZH2,2026-05-12T06:00:00Z,14 47 51.1,221.96291666666664,+24 02 57,24.049166666666668,137.4,22.7,0.74,290.9,Map/Offsets,https://cgi.minorplanetcenter.net/cgi-bin/confirmeph2.cgi
20260512T023058Z,2026-05-12T02:30:58.342167Z,20260512T023058Z_batch01,CELXZH2,2026-05-12T07:00:00Z,14 47 48.0,221.95,+24 03 13,24.053611111111113,137.4,22.7,0.74,290.8,Map/Offsets,https://cgi.minorplanetcenter.net/cgi-bin/confirmeph2.cgi
20260512T023058Z,2026-05-12T02:30:58.342167Z,20260512T023058Z_batch01,CELXZH2,2026-05-12T08:00:00Z,14 47 45.0,221.9375,+24 03 28,24.05777777777778,137.3,22.7,0.74,290.7,Map/Offsets,https://cgi.minorplanetcenter.net/cgi-bin/confirmeph2.cgi
20260512T023058Z,2026-05-12T02:30:58.342167Z,20260512T023058Z_batch01,CELXZH2,2026-05-12T09:00:00Z,14 47 41.9,221.92458333333335,+24 03 44,24.06222222222222,137.3,22.7,0.74,290.6,Map/Offsets,https://cgi.minorplanetcenter.net/cgi-bin/confirmeph2.cgi
20260512T023058Z,2026-05-12T02:30:58.342167Z,20260512T023058Z_batch01,CELXZH2,2026-05-12T10:00:00Z,14 47 38.9,221.91208333333333,+24 04 00,24.066666666666666,137.3,22.7,0.74,290.5,Map/Offsets,https://cgi.minorplanetcenter.net/cgi-bin/confirmeph2.cgi
20260512T023058Z,2026-05-12T02:30:58.342167Z,20260512T023058Z_batch01,CELXZH2,2026-05-12T11:00:00Z,14 47 35.9,221.89958333333334,+24 04 15,24.070833333333333,137.3,22.7,0.74,290.4,Map/Offsets,https://cgi.minorplanetcenter.net/cgi-bin/confirmeph2.cgi
20260512T023058Z,2026-05-12T02:30:58.342167Z,20260512T023058Z_batch01,CELXZH2,2026-05-12T12:00:00Z,14 47 32.8,221.88666666666666,+24 04 30,24.075,137.2,22.7,0.74,290.3,Map/Offsets,https://cgi.minorplanetcenter.net/cgi-bin/confirmeph2.cgi
20260512T023058Z,2026-05-12T02:30:58.342167Z,20260512T023058Z_batch01,CELXZH2,2026-05-12T13:00:00Z,14 47 29.8,221.87416666666667,+24 04 46,24.079444444444444,137.2,22.7,0.74,290.2,Map/Offsets,https://cgi.minorplanetcenter.net/cgi-bin/confirmeph2.cgi
20260512T023058Z,2026-05-12T02:30:58.342167Z,20260512T023058Z_batch01,CELXZH2,2026-05-12T14:00:00Z,14 47 26.8,221.86166666666668,+24 05 01,24.08361111111111,137.2,22.7,0.74,290.1,Map/Offsets,https://cgi.minorplanetcenter.net/cgi-bin/confirmeph2.cgi
20260512T023058Z,2026-05-12T02:30:58.342167Z,20260512T023058Z_batch01,CELXZH2,2026-05-12T15:00:00Z,14 47 23.7,221.84875,+24 05 16,24.087777777777777,137.2,22.7,0.74,289.9,Map/Offsets,https://cgi.minorplanetcenter.net/cgi-bin/confirmeph2.cgi
20260512T023058Z,2026-05-12T02:30:58.342167Z,20260512T023058Z_batch01,CELXZH2,2026-05-12T16:00:00Z,14 47 20.7,221.83625,+24 05 31,24.091944444444444,137.2,22.7,0.74,289.8,Map/Offsets,https://cgi.minorplanetcenter.net/cgi-bin/confirmeph2.cgi
20260512T023058Z,2026-05-12T02:30:58.342167Z,20260512T023058Z_batch01,CELXZH2,2026-05-12T17:00:00Z,14 47 17.7,221.82375,+24 05 46,24.09611111111111,137.1,22.7,0.73,289.7,Map/Offsets,https://cgi.minorplanetcenter.net/cgi-bin/confirmeph2.cgi
20260512T023058Z,2026-05-12T02:30:58.342167Z,20260512T023058Z_batch01,CELXZH2,2026-05-12T18:00:00Z,14 47 14.6,221.81083333333333,+24 06 01,24.10027777777778,137.1,22.7,0.73,289.6,Map/Offsets,https://cgi.minorplanetcenter.net/cgi-bin/confirmeph2.cgi
20260512T023058Z,2026-05-12T02:30:58.342167Z,20260512T023058Z_batch01,CELXZH2,2026-05-12T19:00:00Z,14 47 11.6,221.79833333333332,+24 06 16,24.104444444444447,137.1,22.7,0.73,289.5,Map/Offsets,https://cgi.minorplanetcenter.net/cgi-bin/confirmeph2.cgi
20260512T023058Z,2026-05-12T02:30:58.342167Z,20260512T023058Z_batch01,CELXZH2,2026-05-12T20:00:00Z,14 47 08.6,221.78583333333333,+24 06 30,24.108333333333334,137.1,22.7,0.73,289.4,Map/Offsets,https://cgi.minorplanetcenter.net/cgi-bin/confirmeph2.cgi
20260512T023058Z,2026-05-12T02:30:58.342167Z,20260512T023058Z_batch01,CELXZH2,2026-05-12T21:00:00Z,14 47 05.6,221.7733333333333,+24 06 45,24.1125,137.0,22.7,0.73,289.3,Map/Offsets,https://cgi.minorplanetcenter.net/cgi-bin/confirmeph2.cgi
20260512T023058Z,2026-05-12T02:30:58.342167Z,20260512T023058Z_batch01,CELXZH2,2026-05-12T22:00:00Z,14 47 02.5,221.76041666666669,+24 06 59,24.116388888888892,137.0,22.7,0.73,289.2,Map/Offsets,https://cgi.minorplanetcenter.net/cgi-bin/confirmeph2.cgi
20260512T023058Z,2026-05-12T02:30:58.342167Z,20260512T023058Z_batch01,CELXZH2,2026-05-12T23:00:00Z,14 46 59.5,221.7479166666667,+24 07 14,24.120555555555555,137.0,22.7,0.73,289.1,Map/Offsets,https://cgi.minorplanetcenter.net/cgi-bin/confirmeph2.cgi
20260512T023058Z,2026-05-12T02:30:58.342167Z,20260512T023058Z_batch01,CELXZH2,2026-05-13T00:00:00Z,14 46 56.5,221.73541666666668,+24 07 28,24.124444444444446,137.0,22.7,0.73,289.0,Map/Offsets,https://cgi.minorplanetcenter.net/cgi-bin/confirmeph2.cgi
20260512T023058Z,2026-05-12T02:30:58.342167Z,20260512T023058Z_batch01,CELXZH2,2026-05-13T01:00:00Z,14 46 53.5,221.7229166666667,+24 07 42,24.128333333333334,136.9,22.7,0.73,288.9,Map/Offsets,https://cgi.minorplanetcenter.net/cgi-bin/confirmeph2.cgi
20260512T023058Z,2026-05-12T02:30:58.342167Z,20260512T023058Z_batch01,CELXRN2,2026-05-12T01:00:00Z,13 08 40.7,197.16958333333332,+26 46 53,26.781388888888888,125.9,21.0,2.77,301.8,Map/Offsets,https://cgi.minorplanetcenter.net/cgi-bin/confirmeph2.cgi
20260512T023058Z,2026-05-12T02:30:58.342167Z,20260512T023058Z_batch01,CELXRN2,2026-05-12T02:00:00Z,13 08 30.1,197.12541666666664,+26 48 21,26.805833333333332,125.8,21.0,2.77,301.8,Map/Offsets,https://cgi.minorplanetcenter.net/cgi-bin/confirmeph2.cgi
20260512T023058Z,2026-05-12T02:30:58.342167Z,20260512T023058Z_batch01,CELXRN2,2026-05-12T03:00:00Z,13 08 19.5,197.08125,+26 49 49,26.830277777777777,125.7,21.0,2.78,301.8,Map/Offsets,https://cgi.minorplanetcenter.net/cgi-bin/confirmeph2.cgi
20260512T023058Z,2026-05-12T02:30:58.342167Z,20260512T023058Z_batch01,CELXRN2,2026-05-12T04:00:00Z,13 08 09.0,197.0375,+26 51 16,26.854444444444447,125.6,21.0,2.78,301.7,Map/Offsets,https://cgi.minorplanetcenter.net/cgi-bin/confirmeph2.cgi
20260512T023058Z,2026-05-12T02:30:58.342167Z,20260512T023058Z_batch01,CELXRN2,2026-05-12T05:00:00Z,13 07 58.3,196.99291666666667,+26 52 44,26.878888888888888,125.6,21.0,2.78,301.7,Map/Offsets,https://cgi.minorplanetcenter.net/cgi-bin/confirmeph2.cgi
20260512T023058Z,2026-05-12T02:30:58.342167Z,20260512T023058Z_batch01,CELXRN2,2026-05-12T06:00:00Z,13 07 47.7,196.94875,+26 54 12,26.903333333333332,125.5,21.0,2.79,301.6,Map/Offsets,https://cgi.minorplanetcenter.net/cgi-bin/confirmeph2.cgi
20260512T023058Z,2026-05-12T02:30:58.342167Z,20260512T023058Z_batch01,CELXRN2,2026-05-12T07:00:00Z,13 07 37.1,196.90458333333333,+26 55 39,26.927500000000002,125.4,21.0,2.79,301.6,Map/Offsets,https://cgi.minorplanetcenter.net/cgi-bin/confirmeph2.cgi
20260512T023058Z,2026-05-12T02:30:58.342167Z,20260512T023058Z_batch01,CELXRN2,2026-05-12T08:00:00Z,13 07 26.4,196.86,+26 57 07,26.951944444444443,125.3,21.0,2.79,301.6,Map/Offsets,https://cgi.minorplanetcenter.net/cgi-bin/confirmeph2.cgi
20260512T023058Z,2026-05-12T02:30:58.342167Z,20260512T023058Z_batch01,CELXRN2,2026-05-12T09:00:00Z,13 07 15.7,196.81541666666666,+26 58 35,26.976388888888888,125.3,21.0,2.8,301.5,Map/Offsets,https://cgi.minorplanetcenter.net/cgi-bin/confirmeph2.cgi
20260512T023058Z,2026-05-12T02:30:58.342167Z,20260512T023058Z_batch01,CELXRN2,2026-05-12T10:00:00Z,13 07 05.0,196.77083333333334,+27 00 03,27.000833333333333,125.2,21.0,2.8,301.5,Map/Offsets,https://cgi.minorplanetcenter.net/cgi-bin/confirmeph2.cgi
20260512T023058Z,2026-05-12T02:30:58.342167Z,20260512T023058Z_batch01,CELXRN2,2026-05-12T11:00:00Z,13 06 54.3,196.72625,+27 01 30,27.025,125.1,21.0,2.8,301.5,Map/Offsets,https://cgi.minorplanetcenter.net/cgi-bin/confirmeph2.cgi
20260512T023058Z,2026-05-12T02:30:58.342167Z,20260512T023058Z_batch01,CELXRN2,2026-05-12T12:00:00Z,13 06 43.5,196.68124999999998,+27 02 58,27.049444444444447,125.0,21.0,2.81,301.4,Map/Offsets,https://cgi.minorplanetcenter.net/cgi-bin/confirmeph2.cgi
20260512T023058Z,2026-05-12T02:30:58.342167Z,20260512T023058Z_batch01,CELXRN2,2026-05-12T13:00:00Z,13 06 32.7,196.63625,+27 04 26,27.073888888888888,125.0,21.0,2.81,301.4,Map/Offsets,https://cgi.minorplanetcenter.net/cgi-bin/confirmeph2.cgi
20260512T023058Z,2026-05-12T02:30:58.342167Z,20260512T023058Z_batch01,CELXRN2,2026-05-12T14:00:00Z,13 06 22.0,196.59166666666664,+27 05 54,27.098333333333333,124.9,21.0,2.82,301.4,Map/Offsets,https://cgi.minorplanetcenter.net/cgi-bin/confirmeph2.cgi
20260512T023058Z,2026-05-12T02:30:58.342167Z,20260512T023058Z_batch01,CELXRN2,2026-05-12T15:00:00Z,13 06 11.1,196.54625,+27 07 22,27.122777777777777,124.8,21.0,2.82,301.3,Map/Offsets,https://cgi.minorplanetcenter.net/cgi-bin/confirmeph2.cgi
20260512T023058Z,2026-05-12T02:30:58.342167Z,20260512T023058Z_batch01,CELXRN2,2026-05-12T16:00:00Z,13 06 00.3,196.50124999999997,+27 08 50,27.147222222222222,124.7,21.0,2.82,301.3,Map/Offsets,https://cgi.minorplanetcenter.net/cgi-bin/confirmeph2.cgi
20260512T023058Z,2026-05-12T02:30:58.342167Z,20260512T023058Z_batch01,CELXRN2,2026-05-12T17:00:00Z,13 05 49.4,196.45583333333335,+27 10 18,27.171666666666667,124.7,21.0,2.83,301.3,Map/Offsets,https://cgi.minorplanetcenter.net/cgi-bin/confirmeph2.cgi
20260512T023058Z,2026-05-12T02:30:58.342167Z,20260512T023058Z_batch01,CELXRN2,2026-05-12T18:00:00Z,13 05 38.6,196.41083333333336,+27 11 46,27.19611111111111,124.6,21.0,2.83,301.2,Map/Offsets,https://cgi.minorplanetcenter.net/cgi-bin/confirmeph2.cgi
20260512T023058Z,2026-05-12T02:30:58.342167Z,20260512T023058Z_batch01,CELXRN2,2026-05-12T19:00:00Z,13 05 27.7,196.36541666666668,+27 13 14,27.220555555555553,124.5,21.0,2.83,301.2,Map/Offsets,https://cgi.minorplanetcenter.net/cgi-bin/confirmeph2.cgi
20260512T023058Z,2026-05-12T02:30:58.342167Z,20260512T023058Z_batch01,CELXRN2,2026-05-12T20:00:00Z,13 05 16.7,196.31958333333336,+27 14 42,27.245,124.4,21.0,2.84,301.1,Map/Offsets,https://cgi.minorplanetcenter.net/cgi-bin/confirmeph2.cgi
20260512T023058Z,2026-05-12T02:30:58.342167Z,20260512T023058Z_batch01,CELXRN2,2026-05-12T21:00:00Z,13 05 05.8,196.2741666666667,+27 16 10,27.269444444444442,124.4,21.0,2.84,301.1,Map/Offsets,https://cgi.minorplanetcenter.net/cgi-bin/confirmeph2.cgi
20260512T023058Z,2026-05-12T02:30:58.342167Z,20260512T023058Z_batch01,CELXRN2,2026-05-12T22:00:00Z,13 04 54.8,196.22833333333332,+27 17 38,27.29388888888889,124.3,21.0,2.85,301.1,Map/Offsets,https://cgi.minorplanetcenter.net/cgi-bin/confirmeph2.cgi
20260512T023058Z,2026-05-12T02:30:58.342167Z,20260512T023058Z_batch01,CELXRN2,2026-05-12T23:00:00Z,13 04 43.9,196.18291666666667,+27 19 07,27.31861111111111,124.2,21.0,2.85,301.0,Map/Offsets,https://cgi.minorplanetcenter.net/cgi-bin/confirmeph2.cgi
20260512T023058Z,2026-05-12T02:30:58.342167Z,20260512T023058Z_batch01,CELXRN2,2026-05-13T00:00:00Z,13 04 32.9,196.13708333333335,+27 20 35,27.343055555555555,124.1,21.0,2.85,301.0,Map/Offsets,https://cgi.minorplanetcenter.net/cgi-bin/confirmeph2.cgi
20260512T023058Z,2026-05-12T02:30:58.342167Z,20260512T023058Z_batch01,CELXRN2,2026-05-13T01:00:00Z,13 04 21.8,196.09083333333334,+27 22 03,27.3675,124.1,21.0,2.86,301.0,Map/Offsets,https://cgi.minorplanetcenter.net/cgi-bin/confirmeph2.cgi
20260512T023058Z,2026-05-12T02:30:58.342167Z,20260512T023058Z_batch01,TF26E51,2026-05-12T01:00:00Z,15 20 18.5,230.07708333333335,+08 57 48,8.963333333333333,153.0,19.3,7.57,72.3,Map/Offsets,https://cgi.minorplanetcenter.net/cgi-bin/confirmeph2.cgi
20260512T023058Z,2026-05-12T02:30:58.342167Z,20260512T023058Z_batch01,TF26E51,2026-05-12T02:00:00Z,15 20 47.7,230.19875,+09 00 05,9.001388888888888,152.9,19.3,7.54,72.4,Map/Offsets,https://cgi.minorplanetcenter.net/cgi-bin/confirmeph2.cgi
20260512T023058Z,2026-05-12T02:30:58.342167Z,20260512T023058Z_batch01,TF26E51,2026-05-12T03:00:00Z,15 21 16.7,230.31958333333333,+09 02 22,9.039444444444444,152.9,19.3,7.5,72.4,Map/Offsets,https://cgi.minorplanetcenter.net/cgi-bin/confirmeph2.cgi
20260512T023058Z,2026-05-12T02:30:58.342167Z,20260512T023058Z_batch01,TF26E51,2026-05-12T04:00:00Z,15 21 45.6,230.44,+09 04 37,9.076944444444445,152.8,19.3,7.47,72.4,Map/Offsets,https://cgi.minorplanetcenter.net/cgi-bin/confirmeph2.cgi
20260512T023058Z,2026-05-12T02:30:58.342167Z,20260512T023058Z_batch01,TF26E51,2026-05-12T05:00:00Z,15 22 14.4,230.56,+09 06 52,9.114444444444445,152.8,19.3,7.44,72.5,Map/Offsets,https://cgi.minorplanetcenter.net/cgi-bin/confirmeph2.cgi
20260512T023058Z,2026-05-12T02:30:58.342167Z,20260512T023058Z_batch01,TF26E51,2026-05-12T06:00:00Z,15 22 43.1,230.67958333333334,+09 09 06,9.151666666666667,152.7,19.3,7.41,72.5,Map/Offsets,https://cgi.minorplanetcenter.net/cgi-bin/confirmeph2.cgi
20260512T023058Z,2026-05-12T02:30:58.342167Z,20260512T023058Z_batch01,TF26E51,2026-05-12T07:00:00Z,15 23 11.6,230.79833333333332,+09 11 20,9.18888888888889,152.7,19.3,7.37,72.5,Map/Offsets,https://cgi.minorplanetcenter.net/cgi-bin/confirmeph2.cgi
20260512T023058Z,2026-05-12T02:30:58.342167Z,20260512T023058Z_batch01,TF26E51,2026-05-12T08:00:00Z,15 23 40.1,230.91708333333332,+09 13 32,9.225555555555555,152.6,19.3,7.34,72.6,Map/Offsets,https://cgi.minorplanetcenter.net/cgi-bin/confirmeph2.cgi
20260512T023058Z,2026-05-12T02:30:58.342167Z,20260512T023058Z_batch01,TF26E51,2026-05-12T09:00:00Z,15 24 08.4,231.035,+09 15 44,9.262222222222222,152.6,19.3,7.31,72.6,Map/Offsets,https://cgi.minorplanetcenter.net/cgi-bin/confirmeph2.cgi
20260512T023058Z,2026-05-12T02:30:58.342167Z,20260512T023058Z_batch01,TF26E51,2026-05-12T10:00:00Z,15 24 36.6,231.1525,+09 17 54,9.298333333333334,152.5,19.3,7.28,72.6,Map/Offsets,https://cgi.minorplanetcenter.net/cgi-bin/confirmeph2.cgi
20260512T023058Z,2026-05-12T02:30:58.342167Z,20260512T023058Z_batch01,TF26E51,2026-05-12T11:00:00Z,15 25 04.7,231.26958333333332,+09 20 04,9.334444444444445,152.5,19.3,7.24,72.7,Map/Offsets,https://cgi.minorplanetcenter.net/cgi-bin/confirmeph2.cgi
20260512T023058Z,2026-05-12T02:30:58.342167Z,20260512T023058Z_batch01,TF26E51,2026-05-12T12:00:00Z,15 25 32.7,231.38625,+09 22 14,9.370555555555557,152.4,19.3,7.21,72.7,Map/Offsets,https://cgi.minorplanetcenter.net/cgi-bin/confirmeph2.cgi
20260512T023058Z,2026-05-12T02:30:58.342167Z,20260512T023058Z_batch01,TF26E51,2026-05-12T13:00:00Z,15 26 00.5,231.50208333333333,+09 24 22,9.40611111111111,152.4,19.3,7.18,72.7,Map/Offsets,https://cgi.minorplanetcenter.net/cgi-bin/confirmeph2.cgi
20260512T023058Z,2026-05-12T02:30:58.342167Z,20260512T023058Z_batch01,TF26E51,2026-05-12T14:00:00Z,15 26 28.3,231.61791666666667,+09 26 30,9.441666666666666,152.3,19.3,7.15,72.8,Map/Offsets,https://cgi.minorplanetcenter.net/cgi-bin/confirmeph2.cgi
20260512T023058Z,2026-05-12T02:30:58.342167Z,20260512T023058Z_batch01,TF26E51,2026-05-12T15:00:00Z,15 26 55.9,231.73291666666665,+09 28 36,9.476666666666667,152.3,19.4,7.12,72.8,Map/Offsets,https://cgi.minorplanetcenter.net/cgi-bin/confirmeph2.cgi
20260512T023058Z,2026-05-12T02:30:58.342167Z,20260512T023058Z_batch01,TF26E51,2026-05-12T16:00:00Z,15 27 23.4,231.8475,+09 30 42,9.511666666666667,152.2,19.4,7.08,72.8,Map/Offsets,https://cgi.minorplanetcenter.net/cgi-bin/confirmeph2.cgi
20260512T023058Z,2026-05-12T02:30:58.342167Z,20260512T023058Z_batch01,TF26E51,2026-05-12T17:00:00Z,15 27 50.8,231.96166666666664,+09 32 47,9.546388888888888,152.2,19.4,7.05,72.8,Map/Offsets,https://cgi.minorplanetcenter.net/cgi-bin/confirmeph2.cgi
20260512T023058Z,2026-05-12T02:30:58.342167Z,20260512T023058Z_batch01,TF26E51,2026-05-12T18:00:00Z,15 28 18.1,232.07541666666668,+09 34 52,9.581111111111111,152.1,19.4,7.02,72.9,Map/Offsets,https://cgi.minorplanetcenter.net/cgi-bin/confirmeph2.cgi
20260512T023058Z,2026-05-12T02:30:58.342167Z,20260512T023058Z_batch01,TF26E51,2026-05-12T19:00:00Z,15 28 45.2,232.18833333333333,+09 36 56,9.615555555555556,152.1,19.4,6.99,72.9,Map/Offsets,https://cgi.minorplanetcenter.net/cgi-bin/confirmeph2.cgi
20260512T023058Z,2026-05-12T02:30:58.342167Z,20260512T023058Z_batch01,TF26E51,2026-05-12T20:00:00Z,15 29 12.3,232.30124999999998,+09 38 58,9.649444444444445,152.0,19.4,6.96,72.9,Map/Offsets,https://cgi.minorplanetcenter.net/cgi-bin/confirmeph2.cgi
20260512T023058Z,2026-05-12T02:30:58.342167Z,20260512T023058Z_batch01,TF26E51,2026-05-12T21:00:00Z,15 29 39.2,232.41333333333333,+09 41 00,9.683333333333334,151.9,19.4,6.93,73.0,Map/Offsets,https://cgi.minorplanetcenter.net/cgi-bin/confirmeph2.cgi
20260512T023058Z,2026-05-12T02:30:58.342167Z,20260512T023058Z_batch01,TF26E51,2026-05-12T22:00:00Z,15 30 06.0,232.525,+09 43 02,9.717222222222222,151.9,19.4,6.9,73.0,Map/Offsets,https://cgi.minorplanetcenter.net/cgi-bin/confirmeph2.cgi
20260512T023058Z,2026-05-12T02:30:58.342167Z,20260512T023058Z_batch01,TF26E51,2026-05-12T23:00:00Z,15 30 32.8,232.63666666666666,+09 45 02,9.750555555555556,151.8,19.4,6.87,73.0,Map/Offsets,https://cgi.minorplanetcenter.net/cgi-bin/confirmeph2.cgi
20260512T023058Z,2026-05-12T02:30:58.342167Z,20260512T023058Z_batch01,TF26E51,2026-05-13T00:00:00Z,15 30 59.4,232.7475,+09 47 02,9.783888888888889,151.8,19.4,6.84,73.1,Map/Offsets,https://cgi.minorplanetcenter.net/cgi-bin/confirmeph2.cgi
20260512T023058Z,2026-05-12T02:30:58.342167Z,20260512T023058Z_batch01,TF26E51,2026-05-13T01:00:00Z,15 31 25.9,232.85791666666668,+09 49 01,9.816944444444443,151.7,19.4,6.81,73.1,Map/Offsets,https://cgi.minorplanetcenter.net/cgi-bin/confirmeph2.cgi
20260512T023058Z,2026-05-12T02:30:58.342167Z,20260512T023058Z_batch01,ST26E34,2026-05-12T01:00:00Z,14 40 15.1,220.06291666666664,+25 35 55,25.59861111111111,135.6,21.4,18.54,340.8,Map/Offsets   !,https://cgi.minorplanetcenter.net/cgi-bin/confirmeph2.cgi
20260512T023058Z,2026-05-12T02:30:58.342167Z,20260512T023058Z_batch01,ST26E34,2026-05-12T02:00:00Z,14 39 48.3,219.95125,+25 53 13,25.886944444444445,135.3,21.4,18.1,340.8,Map/Offsets   !,https://cgi.minorplanetcenter.net/cgi-bin/confirmeph2.cgi
20260512T023058Z,2026-05-12T02:30:58.342167Z,20260512T023058Z_batch01,ST26E34,2026-05-12T03:00:00Z,14 39 22.0,219.84166666666667,+26 10 06,26.168333333333333,135.0,21.4,17.68,340.7,Map/Offsets   !,https://cgi.minorplanetcenter.net/cgi-bin/confirmeph2.cgi
20260512T023058Z,2026-05-12T02:30:58.342167Z,20260512T023058Z_batch01,ST26E34,2026-05-12T04:00:00Z,14 38 56.2,219.73416666666665,+26 26 36,26.443333333333335,134.7,21.5,17.27,340.7,Map/Offsets   !,https://cgi.minorplanetcenter.net/cgi-bin/confirmeph2.cgi
20260512T023058Z,2026-05-12T02:30:58.342167Z,20260512T023058Z_batch01,ST26E34,2026-05-12T05:00:00Z,14 38 30.9,219.62875,+26 42 43,26.711944444444445,134.4,21.5,16.88,340.6,Map/Offsets   !,https://cgi.minorplanetcenter.net/cgi-bin/confirmeph2.cgi
20260512T023058Z,2026-05-12T02:30:58.342167Z,20260512T023058Z_batch01,ST26E34,2026-05-12T06:00:00Z,14 38 06.0,219.525,+26 58 27,26.974166666666665,134.1,21.5,16.5,340.6,Map/Offsets   !,https://cgi.minorplanetcenter.net/cgi-bin/confirmeph2.cgi
20260512T023058Z,2026-05-12T02:30:58.342167Z,20260512T023058Z_batch01,ST26E34,2026-05-12T07:00:00Z,14 37 41.6,219.42333333333332,+27 13 50,27.230555555555554,133.8,21.6,16.13,340.5,Map/Offsets   !,https://cgi.minorplanetcenter.net/cgi-bin/confirmeph2.cgi
20260512T023058Z,2026-05-12T02:30:58.342167Z,20260512T023058Z_batch01,ST26E34,2026-05-12T08:00:00Z,14 37 17.6,219.32333333333335,+27 28 51,27.480833333333333,133.5,21.6,15.77,340.5,Map/Offsets   !,https://cgi.minorplanetcenter.net/cgi-bin/confirmeph2.cgi
20260512T023058Z,2026-05-12T02:30:58.342167Z,20260512T023058Z_batch01,ST26E34,2026-05-12T09:00:00Z,14 36 54.0,219.225,+27 43 33,27.72583333333333,133.3,21.6,15.42,340.4,Map/Offsets   !,https://cgi.minorplanetcenter.net/cgi-bin/confirmeph2.cgi
20260512T023058Z,2026-05-12T02:30:58.342167Z,20260512T023058Z_batch01,ST26E34,2026-05-12T10:00:00Z,14 36 30.9,219.12875,+27 57 55,27.96527777777778,133.0,21.7,15.09,340.4,Map/Offsets   !,https://cgi.minorplanetcenter.net/cgi-bin/confirmeph2.cgi
20260512T023058Z,2026-05-12T02:30:58.342167Z,20260512T023058Z_batch01,ST26E34,2026-05-12T11:00:00Z,14 36 08.1,219.03375,+28 11 58,28.199444444444445,132.7,21.7,14.76,340.3,Map/Offsets   !,https://cgi.minorplanetcenter.net/cgi-bin/confirmeph2.cgi
20260512T023058Z,2026-05-12T02:30:58.342167Z,20260512T023058Z_batch01,ST26E34,2026-05-12T12:00:00Z,14 35 45.8,218.94083333333336,+28 25 43,28.428611111111113,132.5,21.7,14.44,340.3,Map/Offsets   !,https://cgi.minorplanetcenter.net/cgi-bin/confirmeph2.cgi
20260512T023058Z,2026-05-12T02:30:58.342167Z,20260512T023058Z_batch01,ST26E34,2026-05-12T13:00:00Z,14 35 23.8,218.84916666666666,+28 39 10,28.652777777777775,132.2,21.8,14.13,340.2,Map/Offsets,https://cgi.minorplanetcenter.net/cgi-bin/confirmeph2.cgi
20260512T023058Z,2026-05-12T02:30:58.342167Z,20260512T023058Z_batch01,ST26E34,2026-05-12T14:00:00Z,14 35 02.2,218.75916666666666,+28 52 19,28.871944444444445,131.9,21.8,13.84,340.2,Map/Offsets,https://cgi.minorplanetcenter.net/cgi-bin/confirmeph2.cgi
20260512T023058Z,2026-05-12T02:30:58.342167Z,20260512T023058Z_batch01,ST26E34,2026-05-12T15:00:00Z,14 34 40.9,218.67041666666665,+29 05 12,29.086666666666666,131.7,21.8,13.55,340.1,Map/Offsets,https://cgi.minorplanetcenter.net/cgi-bin/confirmeph2.cgi
20260512T023058Z,2026-05-12T02:30:58.342167Z,20260512T023058Z_batch01,ST26E34,2026-05-12T16:00:00Z,14 34 20.0,218.58333333333334,+29 17 48,29.296666666666667,131.5,21.8,13.27,340.1,Map/Offsets,https://cgi.minorplanetcenter.net/cgi-bin/confirmeph2.cgi
20260512T023058Z,2026-05-12T02:30:58.342167Z,20260512T023058Z_batch01,ST26E34,2026-05-12T17:00:00Z,14 33 59.5,218.4979166666667,+29 30 09,29.5025,131.2,21.9,12.99,340.1,Map/Offsets,https://cgi.minorplanetcenter.net/cgi-bin/confirmeph2.cgi
20260512T023058Z,2026-05-12T02:30:58.342167Z,20260512T023058Z_batch01,ST26E34,2026-05-12T18:00:00Z,14 33 39.3,218.41375000000002,+29 42 14,29.703888888888887,131.0,21.9,12.73,340.0,Map/Offsets,https://cgi.minorplanetcenter.net/cgi-bin/confirmeph2.cgi
20260512T023058Z,2026-05-12T02:30:58.342167Z,20260512T023058Z_batch01,ST26E34,2026-05-12T19:00:00Z,14 33 19.4,218.33083333333335,+29 54 05,29.90138888888889,130.8,21.9,12.47,340.0,Map/Offsets,https://cgi.minorplanetcenter.net/cgi-bin/confirmeph2.cgi
20260512T023058Z,2026-05-12T02:30:58.342167Z,20260512T023058Z_batch01,ST26E34,2026-05-12T20:00:00Z,14 32 59.8,218.24916666666667,+30 05 41,30.09472222222222,130.5,22.0,12.22,339.9,Map/Offsets,https://cgi.minorplanetcenter.net/cgi-bin/confirmeph2.cgi
20260512T023058Z,2026-05-12T02:30:58.342167Z,20260512T023058Z_batch01,ST26E34,2026-05-12T21:00:00Z,14 32 40.6,218.16916666666665,+30 17 02,30.28388888888889,130.3,22.0,11.98,339.9,Map/Offsets,https://cgi.minorplanetcenter.net/cgi-bin/confirmeph2.cgi
20260512T023058Z,2026-05-12T02:30:58.342167Z,20260512T023058Z_batch01,ST26E34,2026-05-12T22:00:00Z,14 32 21.7,218.09041666666667,+30 28 10,30.46944444444444,130.1,22.0,11.74,339.8,Map/Offsets,https://cgi.minorplanetcenter.net/cgi-bin/confirmeph2.cgi
20260512T023058Z,2026-05-12T02:30:58.342167Z,20260512T023058Z_batch01,ST26E34,2026-05-12T23:00:00Z,14 32 03.0,218.0125,+30 39 05,30.65138888888889,129.9,22.0,11.51,339.8,Map/Offsets,https://cgi.minorplanetcenter.net/cgi-bin/confirmeph2.cgi
20260512T023058Z,2026-05-12T02:30:58.342167Z,20260512T023058Z_batch01,ST26E34,2026-05-13T00:00:00Z,14 31 44.7,217.93625,+30 49 47,30.829722222222223,129.7,22.1,11.29,339.8,Map/Offsets,https://cgi.minorplanetcenter.net/cgi-bin/confirmeph2.cgi
20260512T023058Z,2026-05-12T02:30:58.342167Z,20260512T023058Z_batch01,ST26E34,2026-05-13T01:00:00Z,14 31 26.6,217.86083333333335,+31 00 17,31.004722222222224,129.5,22.1,11.07,339.7,Map/Offsets,https://cgi.minorplanetcenter.net/cgi-bin/confirmeph2.cgi
20260512T023058Z,2026-05-12T02:30:58.342167Z,20260512T023058Z_batch01,6E94521,2026-05-12T01:00:00Z,19 24 42.7,291.17791666666665,-57 43 54,-57.73166666666667,119.6,19.4,6.07,164.8,Map/Offsets,https://cgi.minorplanetcenter.net/cgi-bin/confirmeph2.cgi
20260512T023058Z,2026-05-12T02:30:58.342167Z,20260512T023058Z_batch01,6E94521,2026-05-12T02:00:00Z,19 24 54.6,291.22749999999996,-57 49 45,-57.82916666666667,119.6,19.4,6.07,164.8,Map/Offsets,https://cgi.minorplanetcenter.net/cgi-bin/confirmeph2.cgi
20260512T023058Z,2026-05-12T02:30:58.342167Z,20260512T023058Z_batch01,6E94521,2026-05-12T03:00:00Z,19 25 06.7,291.27791666666667,-57 55 36,-57.92666666666666,119.6,19.4,6.07,164.7,Map/Offsets,https://cgi.minorplanetcenter.net/cgi-bin/confirmeph2.cgi
20260512T023058Z,2026-05-12T02:30:58.342167Z,20260512T023058Z_batch01,6E94521,2026-05-12T04:00:00Z,19 25 18.7,291.3279166666667,-58 01 27,-58.024166666666666,119.6,19.4,6.07,164.7,Map/Offsets,https://cgi.minorplanetcenter.net/cgi-bin/confirmeph2.cgi
20260512T023058Z,2026-05-12T02:30:58.342167Z,20260512T023058Z_batch01,6E94521,2026-05-12T05:00:00Z,19 25 30.9,291.37875,-58 07 19,-58.121944444444445,119.6,19.4,6.07,164.7,Map/Offsets,https://cgi.minorplanetcenter.net/cgi-bin/confirmeph2.cgi
20260512T023058Z,2026-05-12T02:30:58.342167Z,20260512T023058Z_batch01,6E94521,2026-05-12T06:00:00Z,19 25 43.0,291.4291666666667,-58 13 10,-58.21944444444445,119.5,19.4,6.07,164.6,Map/Offsets,https://cgi.minorplanetcenter.net/cgi-bin/confirmeph2.cgi
20260512T023058Z,2026-05-12T02:30:58.342167Z,20260512T023058Z_batch01,6E94521,2026-05-12T07:00:00Z,19 25 55.3,291.4804166666667,-58 19 01,-58.316944444444445,119.5,19.4,6.07,164.6,Map/Offsets,https://cgi.minorplanetcenter.net/cgi-bin/confirmeph2.cgi
20260512T023058Z,2026-05-12T02:30:58.342167Z,20260512T023058Z_batch01,6E94521,2026-05-12T08:00:00Z,19 26 07.6,291.5316666666667,-58 24 53,-58.414722222222224,119.5,19.4,6.08,164.6,Map/Offsets,https://cgi.minorplanetcenter.net/cgi-bin/confirmeph2.cgi
20260512T023058Z,2026-05-12T02:30:58.342167Z,20260512T023058Z_batch01,6E94521,2026-05-12T09:00:00Z,19 26 20.0,291.58333333333337,-58 30 44,-58.51222222222222,119.5,19.4,6.08,164.6,Map/Offsets,https://cgi.minorplanetcenter.net/cgi-bin/confirmeph2.cgi
20260512T023058Z,2026-05-12T02:30:58.342167Z,20260512T023058Z_batch01,6E94521,2026-05-12T10:00:00Z,19 26 32.4,291.635,-58 36 36,-58.61,119.5,19.4,6.08,164.5,Map/Offsets,https://cgi.minorplanetcenter.net/cgi-bin/confirmeph2.cgi
20260512T023058Z,2026-05-12T02:30:58.342167Z,20260512T023058Z_batch01,6E94521,2026-05-12T11:00:00Z,19 26 44.9,291.6870833333333,-58 42 27,-58.7075,119.4,19.4,6.08,164.5,Map/Offsets,https://cgi.minorplanetcenter.net/cgi-bin/confirmeph2.cgi
20260512T023058Z,2026-05-12T02:30:58.342167Z,20260512T023058Z_batch01,6E94521,2026-05-12T12:00:00Z,19 26 57.4,291.7391666666667,-58 48 19,-58.805277777777775,119.4,19.4,6.08,164.5,Map/Offsets,https://cgi.minorplanetcenter.net/cgi-bin/confirmeph2.cgi
20260512T023058Z,2026-05-12T02:30:58.342167Z,20260512T023058Z_batch01,6E94521,2026-05-12T13:00:00Z,19 27 10.0,291.79166666666663,-58 54 11,-58.903055555555554,119.4,19.4,6.08,164.4,Map/Offsets,https://cgi.minorplanetcenter.net/cgi-bin/confirmeph2.cgi
20260512T023058Z,2026-05-12T02:30:58.342167Z,20260512T023058Z_batch01,6E94521,2026-05-12T14:00:00Z,19 27 22.7,291.84458333333333,-59 00 02,-59.00055555555556,119.4,19.4,6.08,164.4,Map/Offsets,https://cgi.minorplanetcenter.net/cgi-bin/confirmeph2.cgi
20260512T023058Z,2026-05-12T02:30:58.342167Z,20260512T023058Z_batch01,6E94521,2026-05-12T15:00:00Z,19 27 35.4,291.8975,-59 05 54,-59.098333333333336,119.4,19.4,6.08,164.4,Map/Offsets,https://cgi.minorplanetcenter.net/cgi-bin/confirmeph2.cgi
20260512T023058Z,2026-05-12T02:30:58.342167Z,20260512T023058Z_batch01,6E94521,2026-05-12T16:00:00Z,19 27 48.2,291.9508333333333,-59 11 45,-59.19583333333333,119.3,19.4,6.09,164.3,Map/Offsets,https://cgi.minorplanetcenter.net/cgi-bin/confirmeph2.cgi
20260512T023058Z,2026-05-12T02:30:58.342167Z,20260512T023058Z_batch01,6E94521,2026-05-12T17:00:00Z,19 28 01.1,292.0045833333333,-59 17 37,-59.29361111111111,119.3,19.4,6.09,164.3,Map/Offsets,https://cgi.minorplanetcenter.net/cgi-bin/confirmeph2.cgi
20260512T023058Z,2026-05-12T02:30:58.342167Z,20260512T023058Z_batch01,6E94521,2026-05-12T18:00:00Z,19 28 14.0,292.0583333333333,-59 23 29,-59.39138888888889,119.3,19.4,6.09,164.3,Map/Offsets,https://cgi.minorplanetcenter.net/cgi-bin/confirmeph2.cgi
20260512T023058Z,2026-05-12T02:30:58.342167Z,20260512T023058Z_batch01,6E94521,2026-05-12T19:00:00Z,19 28 27.0,292.11249999999995,-59 29 20,-59.48888888888889,119.3,19.4,6.09,164.3,Map/Offsets,https://cgi.minorplanetcenter.net/cgi-bin/confirmeph2.cgi
20260512T023058Z,2026-05-12T02:30:58.342167Z,20260512T023058Z_batch01,6E94521,2026-05-12T20:00:00Z,19 28 40.0,292.1666666666667,-59 35 12,-59.586666666666666,119.3,19.4,6.09,164.2,Map/Offsets,https://cgi.minorplanetcenter.net/cgi-bin/confirmeph2.cgi
20260512T023058Z,2026-05-12T02:30:58.342167Z,20260512T023058Z_batch01,6E94521,2026-05-12T21:00:00Z,19 28 53.1,292.22124999999994,-59 41 03,-59.68416666666666,119.2,19.4,6.09,164.2,Map/Offsets,https://cgi.minorplanetcenter.net/cgi-bin/confirmeph2.cgi
20260512T023058Z,2026-05-12T02:30:58.342167Z,20260512T023058Z_batch01,6E94521,2026-05-12T22:00:00Z,19 29 06.3,292.27625,-59 46 55,-59.78194444444444,119.2,19.4,6.09,164.2,Map/Offsets,https://cgi.minorplanetcenter.net/cgi-bin/confirmeph2.cgi
20260512T023058Z,2026-05-12T02:30:58.342167Z,20260512T023058Z_batch01,6E94521,2026-05-12T23:00:00Z,19 29 19.6,292.33166666666665,-59 52 47,-59.87972222222222,119.2,19.4,6.09,164.1,Map/Offsets,https://cgi.minorplanetcenter.net/cgi-bin/confirmeph2.cgi
20260512T023058Z,2026-05-12T02:30:58.342167Z,20260512T023058Z_batch01,6E94521,2026-05-13T00:00:00Z,19 29 32.9,292.38708333333335,-59 58 38,-59.977222222222224,119.2,19.4,6.09,164.1,Map/Offsets,https://cgi.minorplanetcenter.net/cgi-bin/confirmeph2.cgi
20260512T023058Z,2026-05-12T02:30:58.342167Z,20260512T023058Z_batch01,6E94521,2026-05-13T01:00:00Z,19 29 46.3,292.4429166666667,-60 04 30,-60.075,119.1,19.4,6.09,164.1,Map/Offsets,https://cgi.minorplanetcenter.net/cgi-bin/confirmeph2.cgi
20260512T023058Z,2026-05-12T02:30:58.342167Z,20260512T023058Z_batch01,CELUGK2,2026-05-12T01:00:00Z,14 48 50.6,222.21083333333334,+27 20 43,27.345277777777778,134.2,21.5,4.3,175.8,Map/Offsets,https://cgi.minorplanetcenter.net/cgi-bin/confirmeph2.cgi
20260512T023058Z,2026-05-12T02:30:58.342167Z,20260512T023058Z_batch01,CELUGK2,2026-05-12T02:00:00Z,14 48 52.0,222.2166666666667,+27 16 25,27.27361111111111,134.3,21.5,4.3,175.8,Map/Offsets,https://cgi.minorplanetcenter.net/cgi-bin/confirmeph2.cgi
20260512T023058Z,2026-05-12T02:30:58.342167Z,20260512T023058Z_batch01,CELUGK2,2026-05-12T03:00:00Z,14 48 53.5,222.2229166666667,+27 12 08,27.202222222222222,134.4,21.5,4.3,175.8,Map/Offsets,https://cgi.minorplanetcenter.net/cgi-bin/confirmeph2.cgi
20260512T023058Z,2026-05-12T02:30:58.342167Z,20260512T023058Z_batch01,CELUGK2,2026-05-12T04:00:00Z,14 48 54.9,222.22875000000002,+27 07 50,27.130555555555556,134.4,21.5,4.3,175.8,Map/Offsets,https://cgi.minorplanetcenter.net/cgi-bin/confirmeph2.cgi
20260512T023058Z,2026-05-12T02:30:58.342167Z,20260512T023058Z_batch01,CELUGK2,2026-05-12T05:00:00Z,14 48 56.3,222.23458333333335,+27 03 33,27.059166666666666,134.5,21.5,4.31,175.8,Map/Offsets,https://cgi.minorplanetcenter.net/cgi-bin/confirmeph2.cgi
20260512T023058Z,2026-05-12T02:30:58.342167Z,20260512T023058Z_batch01,CELUGK2,2026-05-12T06:00:00Z,14 48 57.7,222.24041666666668,+26 59 15,26.9875,134.5,21.5,4.31,175.8,Map/Offsets,https://cgi.minorplanetcenter.net/cgi-bin/confirmeph2.cgi
20260512T023058Z,2026-05-12T02:30:58.342167Z,20260512T023058Z_batch01,CELUGK2,2026-05-12T07:00:00Z,14 48 59.2,222.24666666666667,+26 54 57,26.91583333333333,134.6,21.5,4.31,175.8,Map/Offsets,https://cgi.minorplanetcenter.net/cgi-bin/confirmeph2.cgi
20260512T023058Z,2026-05-12T02:30:58.342167Z,20260512T023058Z_batch01,CELUGK2,2026-05-12T08:00:00Z,14 49 00.6,222.2525,+26 50 39,26.844166666666666,134.6,21.5,4.31,175.8,Map/Offsets,https://cgi.minorplanetcenter.net/cgi-bin/confirmeph2.cgi
20260512T023058Z,2026-05-12T02:30:58.342167Z,20260512T023058Z_batch01,CELUGK2,2026-05-12T09:00:00Z,14 49 02.0,222.25833333333333,+26 46 21,26.772499999999997,134.7,21.5,4.31,175.8,Map/Offsets,https://cgi.minorplanetcenter.net/cgi-bin/confirmeph2.cgi
20260512T023058Z,2026-05-12T02:30:58.342167Z,20260512T023058Z_batch01,CELUGK2,2026-05-12T10:00:00Z,14 49 03.4,222.26416666666665,+26 42 03,26.700833333333332,134.7,21.5,4.31,175.8,Map/Offsets,https://cgi.minorplanetcenter.net/cgi-bin/confirmeph2.cgi
20260512T023058Z,2026-05-12T02:30:58.342167Z,20260512T023058Z_batch01,CELUGK2,2026-05-12T11:00:00Z,14 49 04.8,222.26999999999998,+26 37 45,26.629166666666666,134.8,21.5,4.32,175.8,Map/Offsets,https://cgi.minorplanetcenter.net/cgi-bin/confirmeph2.cgi
20260512T023058Z,2026-05-12T02:30:58.342167Z,20260512T023058Z_batch01,CELUGK2,2026-05-12T12:00:00Z,14 49 06.2,222.27583333333334,+26 33 27,26.5575,134.9,21.5,4.32,175.8,Map/Offsets,https://cgi.minorplanetcenter.net/cgi-bin/confirmeph2.cgi
20260512T023058Z,2026-05-12T02:30:58.342167Z,20260512T023058Z_batch01,CELUGK2,2026-05-12T13:00:00Z,14 49 07.7,222.28208333333333,+26 29 08,26.485555555555557,134.9,21.5,4.32,175.8,Map/Offsets,https://cgi.minorplanetcenter.net/cgi-bin/confirmeph2.cgi
20260512T023058Z,2026-05-12T02:30:58.342167Z,20260512T023058Z_batch01,CELUGK2,2026-05-12T14:00:00Z,14 49 09.1,222.28791666666666,+26 24 50,26.413888888888888,135.0,21.5,4.32,175.8,Map/Offsets,https://cgi.minorplanetcenter.net/cgi-bin/confirmeph2.cgi
20260512T023058Z,2026-05-12T02:30:58.342167Z,20260512T023058Z_batch01,CELUGK2,2026-05-12T15:00:00Z,14 49 10.5,222.29375,+26 20 31,26.341944444444444,135.0,21.5,4.32,175.8,Map/Offsets,https://cgi.minorplanetcenter.net/cgi-bin/confirmeph2.cgi
20260512T023058Z,2026-05-12T02:30:58.342167Z,20260512T023058Z_batch01,CELUGK2,2026-05-12T16:00:00Z,14 49 11.9,222.29958333333335,+26 16 13,26.27027777777778,135.1,21.5,4.32,175.8,Map/Offsets,https://cgi.minorplanetcenter.net/cgi-bin/confirmeph2.cgi
20260512T023058Z,2026-05-12T02:30:58.342167Z,20260512T023058Z_batch01,CELUGK2,2026-05-12T17:00:00Z,14 49 13.3,222.30541666666667,+26 11 54,26.198333333333334,135.1,21.5,4.32,175.8,Map/Offsets,https://cgi.minorplanetcenter.net/cgi-bin/confirmeph2.cgi
20260512T023058Z,2026-05-12T02:30:58.342167Z,20260512T023058Z_batch01,CELUGK2,2026-05-12T18:00:00Z,14 49 14.7,222.31125,+26 07 35,26.12638888888889,135.2,21.5,4.33,175.8,Map/Offsets,https://cgi.minorplanetcenter.net/cgi-bin/confirmeph2.cgi
20260512T023058Z,2026-05-12T02:30:58.342167Z,20260512T023058Z_batch01,CELUGK2,2026-05-12T19:00:00Z,14 49 16.1,222.31708333333333,+26 03 16,26.054444444444446,135.2,21.5,4.33,175.8,Map/Offsets,https://cgi.minorplanetcenter.net/cgi-bin/confirmeph2.cgi
20260512T023058Z,2026-05-12T02:30:58.342167Z,20260512T023058Z_batch01,CELUGK2,2026-05-12T20:00:00Z,14 49 17.5,222.32291666666666,+25 58 57,25.982499999999998,135.3,21.5,4.33,175.8,Map/Offsets,https://cgi.minorplanetcenter.net/cgi-bin/confirmeph2.cgi
20260512T023058Z,2026-05-12T02:30:58.342167Z,20260512T023058Z_batch01,CELUGK2,2026-05-12T21:00:00Z,14 49 19.0,222.32916666666665,+25 54 38,25.910555555555554,135.4,21.5,4.33,175.8,Map/Offsets,https://cgi.minorplanetcenter.net/cgi-bin/confirmeph2.cgi
20260512T023058Z,2026-05-12T02:30:58.342167Z,20260512T023058Z_batch01,CELUGK2,2026-05-12T22:00:00Z,14 49 20.4,222.33499999999998,+25 50 19,25.83861111111111,135.4,21.5,4.33,175.8,Map/Offsets,https://cgi.minorplanetcenter.net/cgi-bin/confirmeph2.cgi
20260512T023058Z,2026-05-12T02:30:58.342167Z,20260512T023058Z_batch01,CELUGK2,2026-05-12T23:00:00Z,14 49 21.8,222.34083333333334,+25 46 00,25.766666666666666,135.5,21.5,4.33,175.8,Map/Offsets,https://cgi.minorplanetcenter.net/cgi-bin/confirmeph2.cgi
20260512T023058Z,2026-05-12T02:30:58.342167Z,20260512T023058Z_batch01,CELUGK2,2026-05-13T00:00:00Z,14 49 23.2,222.34666666666666,+25 41 40,25.694444444444446,135.5,21.5,4.33,175.8,Map/Offsets,https://cgi.minorplanetcenter.net/cgi-bin/confirmeph2.cgi
20260512T023058Z,2026-05-12T02:30:58.342167Z,20260512T023058Z_batch01,CELUGK2,2026-05-13T01:00:00Z,14 49 24.6,222.3525,+25 37 21,25.6225,135.6,21.5,4.34,175.8,Map/Offsets,https://cgi.minorplanetcenter.net/cgi-bin/confirmeph2.cgi
20260512T023058Z,2026-05-12T02:30:58.342167Z,20260512T023058Z_batch01,ZTF10Do,2026-05-12T01:00:00Z,14 06 12.2,211.55083333333332,+14 38 59,14.649722222222222,143.3,18.2,73.6,35.1,Map/Offsets   !!,https://cgi.minorplanetcenter.net/cgi-bin/confirmeph2.cgi
20260512T023058Z,2026-05-12T02:30:58.342167Z,20260512T023058Z_batch01,ZTF10Do,2026-05-12T02:00:00Z,14 09 08.2,212.28416666666666,+15 39 18,15.655000000000001,142.7,18.3,73.9,35.2,Map/Offsets   !!,https://cgi.minorplanetcenter.net/cgi-bin/confirmeph2.cgi
20260512T023058Z,2026-05-12T02:30:58.342167Z,20260512T023058Z_batch01,ZTF10Do,2026-05-12T03:00:00Z,14 12 06.5,213.02708333333334,+16 39 40,16.66111111111111,142.1,18.3,74.13,35.5,Map/Offsets   !!,https://cgi.minorplanetcenter.net/cgi-bin/confirmeph2.cgi
20260512T023058Z,2026-05-12T02:30:58.342167Z,20260512T023058Z_batch01,ZTF10Do,2026-05-12T04:00:00Z,14 15 07.2,213.78,+17 40 03,17.6675,141.4,18.3,74.29,35.7,Map/Offsets   !!,https://cgi.minorplanetcenter.net/cgi-bin/confirmeph2.cgi
20260512T023058Z,2026-05-12T02:30:58.342167Z,20260512T023058Z_batch01,ZTF10Do,2026-05-12T05:00:00Z,14 18 10.3,214.54291666666668,+18 40 21,18.6725,140.7,18.3,74.38,35.9,Map/Offsets   !!,https://cgi.minorplanetcenter.net/cgi-bin/confirmeph2.cgi
20260512T023058Z,2026-05-12T02:30:58.342167Z,20260512T023058Z_batch01,ZTF10Do,2026-05-12T06:00:00Z,14 21 15.7,215.31541666666666,+19 40 31,19.67527777777778,140.0,18.3,74.41,36.2,Map/Offsets   !!,https://cgi.minorplanetcenter.net/cgi-bin/confirmeph2.cgi
20260512T023058Z,2026-05-12T02:30:58.342167Z,20260512T023058Z_batch01,ZTF10Do,2026-05-12T07:00:00Z,14 24 23.4,216.09750000000003,+20 40 28,20.674444444444447,139.3,18.3,74.36,36.4,Map/Offsets   !!,https://cgi.minorplanetcenter.net/cgi-bin/confirmeph2.cgi
20260512T023058Z,2026-05-12T02:30:58.342167Z,20260512T023058Z_batch01,ZTF10Do,2026-05-12T08:00:00Z,14 27 33.3,216.88875,+21 40 08,21.66888888888889,138.6,18.4,74.24,36.7,Map/Offsets   !!,https://cgi.minorplanetcenter.net/cgi-bin/confirmeph2.cgi
20260512T023058Z,2026-05-12T02:30:58.342167Z,20260512T023058Z_batch01,ZTF10Do,2026-05-12T09:00:00Z,14 30 45.5,217.68958333333333,+22 39 27,22.6575,137.8,18.4,74.06,37.0,Map/Offsets   !!,https://cgi.minorplanetcenter.net/cgi-bin/confirmeph2.cgi
20260512T023058Z,2026-05-12T02:30:58.342167Z,20260512T023058Z_batch01,ZTF10Do,2026-05-12T10:00:00Z,14 33 59.9,218.49958333333333,+23 38 21,23.639166666666664,137.1,18.4,73.8,37.3,Map/Offsets   !!,https://cgi.minorplanetcenter.net/cgi-bin/confirmeph2.cgi
20260512T023058Z,2026-05-12T02:30:58.342167Z,20260512T023058Z_batch01,ZTF10Do,2026-05-12T11:00:00Z,14 37 16.5,219.31875,+24 36 46,24.61277777777778,136.3,18.4,73.48,37.7,Map/Offsets   !!,https://cgi.minorplanetcenter.net/cgi-bin/confirmeph2.cgi
20260512T023058Z,2026-05-12T02:30:58.342167Z,20260512T023058Z_batch01,ZTF10Do,2026-05-12T12:00:00Z,14 40 35.2,220.14666666666665,+25 34 38,25.577222222222222,135.5,18.5,73.1,38.0,Map/Offsets   !!,https://cgi.minorplanetcenter.net/cgi-bin/confirmeph2.cgi
20260512T023058Z,2026-05-12T02:30:58.342167Z,20260512T023058Z_batch01,ZTF10Do,2026-05-12T13:00:00Z,14 43 55.9,220.98291666666665,+26 31 53,26.531388888888888,134.7,18.5,72.65,38.4,Map/Offsets   !!,https://cgi.minorplanetcenter.net/cgi-bin/confirmeph2.cgi
20260512T023058Z,2026-05-12T02:30:58.342167Z,20260512T023058Z_batch01,ZTF10Do,2026-05-12T14:00:00Z,14 47 18.7,221.82791666666668,+27 28 28,27.474444444444444,133.9,18.5,72.14,38.8,Map/Offsets   !!,https://cgi.minorplanetcenter.net/cgi-bin/confirmeph2.cgi
20260512T023058Z,2026-05-12T02:30:58.342167Z,20260512T023058Z_batch01,ZTF10Do,2026-05-12T15:00:00Z,14 50 43.4,222.68083333333334,+28 24 20,28.405555555555555,133.0,18.6,71.58,39.2,Map/Offsets   !!,https://cgi.minorplanetcenter.net/cgi-bin/confirmeph2.cgi
20260512T023058Z,2026-05-12T02:30:58.342167Z,20260512T023058Z_batch01,ZTF10Do,2026-05-12T16:00:00Z,14 54 10.0,223.54166666666669,+29 19 24,29.323333333333334,132.2,18.6,70.96,39.6,Map/Offsets   !!,https://cgi.minorplanetcenter.net/cgi-bin/confirmeph2.cgi
20260512T023058Z,2026-05-12T02:30:58.342167Z,20260512T023058Z_batch01,ZTF10Do,2026-05-12T17:00:00Z,14 57 38.5,224.41041666666666,+30 13 39,30.2275,131.4,18.6,70.28,40.0,Map/Offsets   !!,https://cgi.minorplanetcenter.net/cgi-bin/confirmeph2.cgi
20260512T023058Z,2026-05-12T02:30:58.342167Z,20260512T023058Z_batch01,ZTF10Do,2026-05-12T18:00:00Z,15 01 08.7,225.28625000000002,+31 07 01,31.116944444444446,130.6,18.7,69.56,40.5,Map/Offsets   !!,https://cgi.minorplanetcenter.net/cgi-bin/confirmeph2.cgi
20260512T023058Z,2026-05-12T02:30:58.342167Z,20260512T023058Z_batch01,ZTF10Do,2026-05-12T19:00:00Z,15 04 40.5,226.16875,+31 59 27,31.990833333333335,129.7,18.7,68.8,41.0,Map/Offsets   !!,https://cgi.minorplanetcenter.net/cgi-bin/confirmeph2.cgi
20260512T023058Z,2026-05-12T02:30:58.342167Z,20260512T023058Z_batch01,ZTF10Do,2026-05-12T20:00:00Z,15 08 13.9,227.05791666666667,+32 50 55,32.84861111111111,128.9,18.7,67.99,41.4,Map/Offsets   !!,https://cgi.minorplanetcenter.net/cgi-bin/confirmeph2.cgi
20260512T023058Z,2026-05-12T02:30:58.342167Z,20260512T023058Z_batch01,ZTF10Do,2026-05-12T21:00:00Z,15 11 48.9,227.95375,+33 41 23,33.689722222222215,128.1,18.8,67.14,41.9,Map/Offsets   !!,https://cgi.minorplanetcenter.net/cgi-bin/confirmeph2.cgi
20260512T023058Z,2026-05-12T02:30:58.342167Z,20260512T023058Z_batch01,ZTF10Do,2026-05-12T22:00:00Z,15 15 25.2,228.855,+34 30 50,34.513888888888886,127.3,18.8,66.26,42.4,Map/Offsets   !!,https://cgi.minorplanetcenter.net/cgi-bin/confirmeph2.cgi
20260512T023058Z,2026-05-12T02:30:58.342167Z,20260512T023058Z_batch01,ZTF10Do,2026-05-12T23:00:00Z,15 19 02.9,229.76208333333332,+35 19 12,35.32,126.5,18.8,65.35,42.9,Map/Offsets   !!,https://cgi.minorplanetcenter.net/cgi-bin/confirmeph2.cgi
20260512T023058Z,2026-05-12T02:30:58.342167Z,20260512T023058Z_batch01,ZTF10Do,2026-05-13T00:00:00Z,15 22 41.7,230.67375,+36 06 30,36.108333333333334,125.6,18.9,64.41,43.5,Map/Offsets   !!,https://cgi.minorplanetcenter.net/cgi-bin/confirmeph2.cgi
20260512T023058Z,2026-05-12T02:30:58.342167Z,20260512T023058Z_batch01,ZTF10Do,2026-05-13T01:00:00Z,15 26 21.7,231.59041666666667,+36 52 41,36.878055555555555,124.8,18.9,63.45,44.0,Map/Offsets   !!,https://cgi.minorplanetcenter.net/cgi-bin/confirmeph2.cgi
20260512T023058Z,2026-05-12T02:30:58.342167Z,20260512T023058Z_batch01,CELU1Q2,2026-05-12T01:00:00Z,11 35 12.5,173.80208333333334,+31 15 31,31.25861111111111,108.0,21.3,0.3,161.5,Map/Offsets   !,https://cgi.minorplanetcenter.net/cgi-bin/confirmeph2.cgi
20260512T023058Z,2026-05-12T02:30:58.342167Z,20260512T023058Z_batch01,CELU1Q2,2026-05-12T02:00:00Z,11 35 13.0,173.80416666666667,+31 15 14,31.253888888888888,108.0,21.3,0.3,161.4,Map/Offsets   !,https://cgi.minorplanetcenter.net/cgi-bin/confirmeph2.cgi
20260512T023058Z,2026-05-12T02:30:58.342167Z,20260512T023058Z_batch01,CELU1Q2,2026-05-12T03:00:00Z,11 35 13.4,173.80583333333334,+31 14 57,31.249166666666667,107.9,21.3,0.31,161.2,Map/Offsets   !,https://cgi.minorplanetcenter.net/cgi-bin/confirmeph2.cgi
20260512T023058Z,2026-05-12T02:30:58.342167Z,20260512T023058Z_batch01,CELU1Q2,2026-05-12T04:00:00Z,11 35 13.9,173.8079166666667,+31 14 39,31.24416666666667,107.9,21.3,0.31,161.1,Map/Offsets   !,https://cgi.minorplanetcenter.net/cgi-bin/confirmeph2.cgi
20260512T023058Z,2026-05-12T02:30:58.342167Z,20260512T023058Z_batch01,CELU1Q2,2026-05-12T05:00:00Z,11 35 14.4,173.81,+31 14 21,31.239166666666666,107.9,21.3,0.32,160.9,Map/Offsets   !,https://cgi.minorplanetcenter.net/cgi-bin/confirmeph2.cgi
20260512T023058Z,2026-05-12T02:30:58.342167Z,20260512T023058Z_batch01,CELU1Q2,2026-05-12T06:00:00Z,11 35 14.8,173.81166666666667,+31 14 03,31.234166666666667,107.8,21.3,0.32,160.8,Map/Offsets   !,https://cgi.minorplanetcenter.net/cgi-bin/confirmeph2.cgi
20260512T023058Z,2026-05-12T02:30:58.342167Z,20260512T023058Z_batch01,CELU1Q2,2026-05-12T07:00:00Z,11 35 15.4,173.8141666666667,+31 13 45,31.229166666666664,107.8,21.3,0.33,160.6,Map/Offsets   !,https://cgi.minorplanetcenter.net/cgi-bin/confirmeph2.cgi
20260512T023058Z,2026-05-12T02:30:58.342167Z,20260512T023058Z_batch01,CELU1Q2,2026-05-12T08:00:00Z,11 35 15.9,173.81625,+31 13 26,31.223888888888887,107.8,21.2,0.33,160.5,Map/Offsets   !,https://cgi.minorplanetcenter.net/cgi-bin/confirmeph2.cgi
20260512T023058Z,2026-05-12T02:30:58.342167Z,20260512T023058Z_batch01,CELU1Q2,2026-05-12T09:00:00Z,11 35 16.4,173.81833333333333,+31 13 07,31.21861111111111,107.7,21.2,0.34,160.3,Map/Offsets   !,https://cgi.minorplanetcenter.net/cgi-bin/confirmeph2.cgi
20260512T023058Z,2026-05-12T02:30:58.342167Z,20260512T023058Z_batch01,CELU1Q2,2026-05-12T10:00:00Z,11 35 16.9,173.8204166666667,+31 12 48,31.21333333333333,107.7,21.2,0.34,160.2,Map/Offsets   !,https://cgi.minorplanetcenter.net/cgi-bin/confirmeph2.cgi
20260512T023058Z,2026-05-12T02:30:58.342167Z,20260512T023058Z_batch01,CELU1Q2,2026-05-12T11:00:00Z,11 35 17.5,173.82291666666669,+31 12 29,31.208055555555553,107.7,21.2,0.35,160.1,Map/Offsets   !,https://cgi.minorplanetcenter.net/cgi-bin/confirmeph2.cgi
20260512T023058Z,2026-05-12T02:30:58.342167Z,20260512T023058Z_batch01,CELU1Q2,2026-05-12T12:00:00Z,11 35 18.0,173.82500000000002,+31 12 09,31.2025,107.7,21.2,0.35,159.9,Map/Offsets   !,https://cgi.minorplanetcenter.net/cgi-bin/confirmeph2.cgi
20260512T023058Z,2026-05-12T02:30:58.342167Z,20260512T023058Z_batch01,CELU1Q2,2026-05-12T13:00:00Z,11 35 18.6,173.8275,+31 11 49,31.196944444444444,107.6,21.2,0.36,159.8,Map/Offsets   !,https://cgi.minorplanetcenter.net/cgi-bin/confirmeph2.cgi
20260512T023058Z,2026-05-12T02:30:58.342167Z,20260512T023058Z_batch01,CELU1Q2,2026-05-12T14:00:00Z,11 35 19.2,173.83,+31 11 29,31.191388888888888,107.6,21.2,0.36,159.7,Map/Offsets   !,https://cgi.minorplanetcenter.net/cgi-bin/confirmeph2.cgi
20260512T023058Z,2026-05-12T02:30:58.342167Z,20260512T023058Z_batch01,CELU1Q2,2026-05-12T15:00:00Z,11 35 19.8,173.8325,+31 11 08,31.185555555555556,107.6,21.2,0.37,159.5,Map/Offsets   !,https://cgi.minorplanetcenter.net/cgi-bin/confirmeph2.cgi
20260512T023058Z,2026-05-12T02:30:58.342167Z,20260512T023058Z_batch01,CELU1Q2,2026-05-12T16:00:00Z,11 35 20.4,173.835,+31 10 47,31.179722222222225,107.5,21.2,0.38,159.4,Map/Offsets   !,https://cgi.minorplanetcenter.net/cgi-bin/confirmeph2.cgi
20260512T023058Z,2026-05-12T02:30:58.342167Z,20260512T023058Z_batch01,CELU1Q2,2026-05-12T17:00:00Z,11 35 21.0,173.8375,+31 10 26,31.17388888888889,107.5,21.1,0.38,159.3,Map/Offsets   !,https://cgi.minorplanetcenter.net/cgi-bin/confirmeph2.cgi
20260512T023058Z,2026-05-12T02:30:58.342167Z,20260512T023058Z_batch01,CELU1Q2,2026-05-12T18:00:00Z,11 35 21.7,173.84041666666667,+31 10 04,31.16777777777778,107.5,21.1,0.39,159.2,Map/Offsets   !,https://cgi.minorplanetcenter.net/cgi-bin/confirmeph2.cgi
20260512T023058Z,2026-05-12T02:30:58.342167Z,20260512T023058Z_batch01,CELU1Q2,2026-05-12T19:00:00Z,11 35 22.3,173.84291666666667,+31 09 43,31.161944444444444,107.4,21.1,0.39,159.1,Map/Offsets   !,https://cgi.minorplanetcenter.net/cgi-bin/confirmeph2.cgi
20260512T023058Z,2026-05-12T02:30:58.342167Z,20260512T023058Z_batch01,CELU1Q2,2026-05-12T20:00:00Z,11 35 23.0,173.84583333333333,+31 09 20,31.155555555555555,107.4,21.1,0.4,159.0,Map/Offsets   !,https://cgi.minorplanetcenter.net/cgi-bin/confirmeph2.cgi
20260512T023058Z,2026-05-12T02:30:58.342167Z,20260512T023058Z_batch01,CELU1Q2,2026-05-12T21:00:00Z,11 35 23.6,173.84833333333336,+31 08 58,31.149444444444445,107.4,21.1,0.41,158.8,Map/Offsets   !,https://cgi.minorplanetcenter.net/cgi-bin/confirmeph2.cgi
20260512T023058Z,2026-05-12T02:30:58.342167Z,20260512T023058Z_batch01,CELU1Q2,2026-05-12T22:00:00Z,11 35 24.3,173.85125000000002,+31 08 35,31.143055555555556,107.4,21.1,0.41,158.7,Map/Offsets   !,https://cgi.minorplanetcenter.net/cgi-bin/confirmeph2.cgi
20260512T023058Z,2026-05-12T02:30:58.342167Z,20260512T023058Z_batch01,CELU1Q2,2026-05-12T23:00:00Z,11 35 25.0,173.85416666666669,+31 08 12,31.136666666666667,107.3,21.1,0.42,158.6,Map/Offsets   !,https://cgi.minorplanetcenter.net/cgi-bin/confirmeph2.cgi
20260512T023058Z,2026-05-12T02:30:58.342167Z,20260512T023058Z_batch01,CELU1Q2,2026-05-13T00:00:00Z,11 35 25.8,173.85750000000002,+31 07 48,31.13,107.3,21.1,0.43,158.5,Map/Offsets   !,https://cgi.minorplanetcenter.net/cgi-bin/confirmeph2.cgi
20260512T023058Z,2026-05-12T02:30:58.342167Z,20260512T023058Z_batch01,CELU1Q2,2026-05-13T01:00:00Z,11 35 26.5,173.86041666666668,+31 07 24,31.123333333333335,107.3,21.0,0.43,158.4,Map/Offsets   !,https://cgi.minorplanetcenter.net/cgi-bin/confirmeph2.cgi
20260512T023058Z,2026-05-12T02:30:58.342167Z,20260512T023058Z_batch01,ST26E24,2026-05-12T01:00:00Z,02 59 30.1,44.875416666666666,-15 08 28,-15.14111111111111,33.3,26.4,37.47,295.1,Map/Offsets   !!,https://cgi.minorplanetcenter.net/cgi-bin/confirmeph2.cgi
20260512T023058Z,2026-05-12T02:30:58.342167Z,20260512T023058Z_batch01,ST26E24,2026-05-12T02:00:00Z,02 57 15.0,44.31250000000001,-14 53 06,-14.885,33.2,26.5,34.71,295.3,Map/Offsets   !!,https://cgi.minorplanetcenter.net/cgi-bin/confirmeph2.cgi
20260512T023058Z,2026-05-12T02:30:58.342167Z,20260512T023058Z_batch01,ST26E24,2026-05-12T03:00:00Z,02 55 09.9,43.79125,-14 38 46,-14.64611111111111,33.0,26.6,32.24,295.4,Map/Offsets   !!,https://cgi.minorplanetcenter.net/cgi-bin/confirmeph2.cgi
20260512T023058Z,2026-05-12T02:30:58.342167Z,20260512T023058Z_batch01,ST26E24,2026-05-12T04:00:00Z,02 53 13.9,43.307916666666664,-14 25 23,-14.423055555555555,32.9,26.7,30.02,295.6,Map/Offsets   !!,https://cgi.minorplanetcenter.net/cgi-bin/confirmeph2.cgi
20260512T023058Z,2026-05-12T02:30:58.342167Z,20260512T023058Z_batch01,ST26E24,2026-05-12T05:00:00Z,02 51 25.9,42.85791666666667,-14 12 50,-14.213888888888889,32.8,26.8,28.02,295.7,Map/Offsets   !!,https://cgi.minorplanetcenter.net/cgi-bin/confirmeph2.cgi
20260512T023058Z,2026-05-12T02:30:58.342167Z,20260512T023058Z_batch01,ST26E24,2026-05-12T06:00:00Z,02 49 45.3,42.43874999999999,-14 01 05,-14.018055555555556,32.7,26.9,26.2,295.8,Map/Offsets   !!,https://cgi.minorplanetcenter.net/cgi-bin/confirmeph2.cgi
20260512T023058Z,2026-05-12T02:30:58.342167Z,20260512T023058Z_batch01,ST26E24,2026-05-12T07:00:00Z,02 48 11.2,42.04666666666667,-13 50 01,-13.83361111111111,32.6,26.9,24.56,295.9,Map/Offsets   !!,https://cgi.minorplanetcenter.net/cgi-bin/confirmeph2.cgi
20260512T023058Z,2026-05-12T02:30:58.342167Z,20260512T023058Z_batch01,ST26E24,2026-05-12T08:00:00Z,02 46 43.0,41.67916666666667,-13 39 37,-13.660277777777779,32.5,27.0,23.06,296.0,Map/Offsets   !!,https://cgi.minorplanetcenter.net/cgi-bin/confirmeph2.cgi
20260512T023058Z,2026-05-12T02:30:58.342167Z,20260512T023058Z_batch01,ST26E24,2026-05-12T09:00:00Z,02 45 20.3,41.334583333333335,-13 29 48,-13.496666666666666,32.4,27.1,21.7,296.1,Map/Offsets   !,https://cgi.minorplanetcenter.net/cgi-bin/confirmeph2.cgi
20260512T023058Z,2026-05-12T02:30:58.342167Z,20260512T023058Z_batch01,ST26E24,2026-05-12T10:00:00Z,02 44 02.6,41.01083333333333,-13 20 32,-13.342222222222222,32.4,27.2,20.45,296.1,Map/Offsets   !,https://cgi.minorplanetcenter.net/cgi-bin/confirmeph2.cgi
20260512T023058Z,2026-05-12T02:30:58.342167Z,20260512T023058Z_batch01,ST26E24,2026-05-12T11:00:00Z,02 42 49.3,40.70541666666667,-13 11 46,-13.196111111111112,32.3,27.2,19.3,296.2,Map/Offsets   !,https://cgi.minorplanetcenter.net/cgi-bin/confirmeph2.cgi
20260512T023058Z,2026-05-12T02:30:58.342167Z,20260512T023058Z_batch01,ST26E24,2026-05-12T12:00:00Z,02 41 40.2,40.417500000000004,-13 03 28,-13.057777777777778,32.3,27.3,18.25,296.3,Map/Offsets   !,https://cgi.minorplanetcenter.net/cgi-bin/confirmeph2.cgi
20260512T023058Z,2026-05-12T02:30:58.342167Z,20260512T023058Z_batch01,ST26E24,2026-05-12T13:00:00Z,02 40 34.9,40.14541666666666,-12 55 35,-12.926388888888889,32.3,27.4,17.27,296.4,Map/Offsets   !,https://cgi.minorplanetcenter.net/cgi-bin/confirmeph2.cgi
20260512T023058Z,2026-05-12T02:30:58.342167Z,20260512T023058Z_batch01,ST26E24,2026-05-12T14:00:00Z,02 39 33.0,39.8875,-12 48 06,-12.801666666666668,32.2,27.4,16.38,296.4,Map/Offsets   !,https://cgi.minorplanetcenter.net/cgi-bin/confirmeph2.cgi
20260512T023058Z,2026-05-12T02:30:58.342167Z,20260512T023058Z_batch01,ST26E24,2026-05-12T15:00:00Z,02 38 34.5,39.643750000000004,-12 41 00,-12.683333333333334,32.2,27.5,15.55,296.5,Map/Offsets   !,https://cgi.minorplanetcenter.net/cgi-bin/confirmeph2.cgi
20260512T023058Z,2026-05-12T02:30:58.342167Z,20260512T023058Z_batch01,ST26E24,2026-05-12T16:00:00Z,02 37 38.9,39.412083333333335,-12 34 14,-12.570555555555556,32.2,27.5,14.78,296.6,Map/Offsets   !,https://cgi.minorplanetcenter.net/cgi-bin/confirmeph2.cgi
20260512T023058Z,2026-05-12T02:30:58.342167Z,20260512T023058Z_batch01,ST26E24,2026-05-12T17:00:00Z,02 36 46.0,39.19166666666667,-12 27 46,-12.462777777777777,32.2,27.6,14.07,296.6,Map/Offsets   !,https://cgi.minorplanetcenter.net/cgi-bin/confirmeph2.cgi
20260512T023058Z,2026-05-12T02:30:58.342167Z,20260512T023058Z_batch01,ST26E24,2026-05-12T18:00:00Z,02 35 55.7,38.982083333333335,-12 21 37,-12.360277777777778,32.2,27.6,13.41,296.7,Map/Offsets   !,https://cgi.minorplanetcenter.net/cgi-bin/confirmeph2.cgi
20260512T023058Z,2026-05-12T02:30:58.342167Z,20260512T023058Z_batch01,ST26E24,2026-05-12T19:00:00Z,02 35 07.9,38.78291666666667,-12 15 44,-12.262222222222222,32.2,27.7,12.79,296.7,Map/Offsets   !,https://cgi.minorplanetcenter.net/cgi-bin/confirmeph2.cgi
20260512T023058Z,2026-05-12T02:30:58.342167Z,20260512T023058Z_batch01,ST26E24,2026-05-12T20:00:00Z,02 34 22.2,38.592499999999994,-12 10 06,-12.168333333333333,32.2,27.7,12.21,296.8,Map/Offsets   !,https://cgi.minorplanetcenter.net/cgi-bin/confirmeph2.cgi
20260512T023058Z,2026-05-12T02:30:58.342167Z,20260512T023058Z_batch01,ST26E24,2026-05-12T21:00:00Z,02 33 38.6,38.41083333333333,-12 04 43,-12.07861111111111,32.2,27.8,11.67,296.8,Map/Offsets   !,https://cgi.minorplanetcenter.net/cgi-bin/confirmeph2.cgi
20260512T023058Z,2026-05-12T02:30:58.342167Z,20260512T023058Z_batch01,ST26E24,2026-05-12T22:00:00Z,02 32 56.9,38.23708333333333,-11 59 34,-11.992777777777777,32.2,27.8,11.17,296.9,Map/Offsets   !,https://cgi.minorplanetcenter.net/cgi-bin/confirmeph2.cgi
20260512T023058Z,2026-05-12T02:30:58.342167Z,20260512T023058Z_batch01,ST26E24,2026-05-12T23:00:00Z,02 32 17.1,38.07125,-11 54 37,-11.910277777777779,32.2,27.9,10.7,296.9,Map/Offsets   !,https://cgi.minorplanetcenter.net/cgi-bin/confirmeph2.cgi
20260512T023058Z,2026-05-12T02:30:58.342167Z,20260512T023058Z_batch01,ST26E24,2026-05-13T00:00:00Z,02 31 38.9,37.912083333333335,-11 49 53,-11.831388888888888,32.2,27.9,10.25,297.0,Map/Offsets   !,https://cgi.minorplanetcenter.net/cgi-bin/confirmeph2.cgi
20260512T023058Z,2026-05-12T02:30:58.342167Z,20260512T023058Z_batch01,ST26E24,2026-05-13T01:00:00Z,02 31 02.3,37.75958333333334,-11 45 19,-11.755277777777778,32.2,28.0,9.84,297.0,Map/Offsets   !,https://cgi.minorplanetcenter.net/cgi-bin/confirmeph2.cgi
20260512T023058Z,2026-05-12T02:30:58.342167Z,20260512T023058Z_batch01,ZTF10Dn,2026-05-12T01:00:00Z,16 53 04.4,253.26833333333332,-12 57 06,-12.951666666666666,155.7,20.5,5.49,95.9,Map/Offsets   !,https://cgi.minorplanetcenter.net/cgi-bin/confirmeph2.cgi
20260512T023058Z,2026-05-12T02:30:58.342167Z,20260512T023058Z_batch01,ZTF10Dn,2026-05-12T02:00:00Z,16 53 26.5,253.36041666666668,-12 57 39,-12.960833333333333,155.6,20.5,5.35,95.9,Map/Offsets   !,https://cgi.minorplanetcenter.net/cgi-bin/confirmeph2.cgi
20260512T023058Z,2026-05-12T02:30:58.342167Z,20260512T023058Z_batch01,ZTF10Dn,2026-05-12T03:00:00Z,16 53 48.0,253.44999999999996,-12 58 12,-12.97,155.6,20.5,5.2,95.9,Map/Offsets   !,https://cgi.minorplanetcenter.net/cgi-bin/confirmeph2.cgi
20260512T023058Z,2026-05-12T02:30:58.342167Z,20260512T023058Z_batch01,ZTF10Dn,2026-05-12T04:00:00Z,16 54 09.0,253.5375,-12 58 44,-12.97888888888889,155.5,20.5,5.07,95.9,Map/Offsets   !,https://cgi.minorplanetcenter.net/cgi-bin/confirmeph2.cgi
20260512T023058Z,2026-05-12T02:30:58.342167Z,20260512T023058Z_batch01,ZTF10Dn,2026-05-12T05:00:00Z,16 54 29.4,253.6225,-12 59 14,-12.987222222222222,155.5,20.6,4.93,95.9,Map/Offsets   !,https://cgi.minorplanetcenter.net/cgi-bin/confirmeph2.cgi
20260512T023058Z,2026-05-12T02:30:58.342167Z,20260512T023058Z_batch01,ZTF10Dn,2026-05-12T06:00:00Z,16 54 49.3,253.70541666666662,-12 59 44,-12.995555555555555,155.4,20.6,4.81,95.9,Map/Offsets   !,https://cgi.minorplanetcenter.net/cgi-bin/confirmeph2.cgi
20260512T023058Z,2026-05-12T02:30:58.342167Z,20260512T023058Z_batch01,ZTF10Dn,2026-05-12T07:00:00Z,16 55 08.7,253.78625,-13 00 14,-13.00388888888889,155.4,20.6,4.68,95.9,Map/Offsets   !,https://cgi.minorplanetcenter.net/cgi-bin/confirmeph2.cgi
20260512T023058Z,2026-05-12T02:30:58.342167Z,20260512T023058Z_batch01,ZTF10Dn,2026-05-12T08:00:00Z,16 55 27.6,253.865,-13 00 42,-13.011666666666667,155.4,20.7,4.57,95.9,Map/Offsets   !,https://cgi.minorplanetcenter.net/cgi-bin/confirmeph2.cgi
20260512T023058Z,2026-05-12T02:30:58.342167Z,20260512T023058Z_batch01,ZTF10Dn,2026-05-12T09:00:00Z,16 55 46.0,253.9416666666667,-13 01 09,-13.019166666666667,155.3,20.7,4.45,95.9,Map/Offsets   !,https://cgi.minorplanetcenter.net/cgi-bin/confirmeph2.cgi
20260512T023058Z,2026-05-12T02:30:58.342167Z,20260512T023058Z_batch01,ZTF10Dn,2026-05-12T10:00:00Z,16 56 03.9,254.01625,-13 01 36,-13.026666666666667,155.3,20.7,4.34,95.8,Map/Offsets   !,https://cgi.minorplanetcenter.net/cgi-bin/confirmeph2.cgi
20260512T023058Z,2026-05-12T02:30:58.342167Z,20260512T023058Z_batch01,ZTF10Dn,2026-05-12T11:00:00Z,16 56 21.4,254.08916666666667,-13 02 03,-13.034166666666666,155.3,20.7,4.24,95.8,Map/Offsets   !,https://cgi.minorplanetcenter.net/cgi-bin/confirmeph2.cgi
20260512T023058Z,2026-05-12T02:30:58.342167Z,20260512T023058Z_batch01,ZTF10Dn,2026-05-12T12:00:00Z,16 56 38.5,254.16041666666666,-13 02 28,-13.04111111111111,155.3,20.8,4.13,95.8,Map/Offsets   !,https://cgi.minorplanetcenter.net/cgi-bin/confirmeph2.cgi
20260512T023058Z,2026-05-12T02:30:58.342167Z,20260512T023058Z_batch01,ZTF10Dn,2026-05-12T13:00:00Z,16 56 55.2,254.23000000000002,-13 02 53,-13.048055555555555,155.2,20.8,4.04,95.8,Map/Offsets   !,https://cgi.minorplanetcenter.net/cgi-bin/confirmeph2.cgi
20260512T023058Z,2026-05-12T02:30:58.342167Z,20260512T023058Z_batch01,ZTF10Dn,2026-05-12T14:00:00Z,16 57 11.5,254.29791666666662,-13 03 17,-13.054722222222223,155.2,20.8,3.94,95.8,Map/Offsets   !,https://cgi.minorplanetcenter.net/cgi-bin/confirmeph2.cgi
20260512T023058Z,2026-05-12T02:30:58.342167Z,20260512T023058Z_batch01,ZTF10Dn,2026-05-12T15:00:00Z,16 57 27.4,254.36416666666665,-13 03 41,-13.061388888888889,155.2,20.9,3.85,95.8,Map/Offsets   !,https://cgi.minorplanetcenter.net/cgi-bin/confirmeph2.cgi
20260512T023058Z,2026-05-12T02:30:58.342167Z,20260512T023058Z_batch01,ZTF10Dn,2026-05-12T16:00:00Z,16 57 43.0,254.42916666666667,-13 04 04,-13.067777777777778,155.2,20.9,3.76,95.8,Map/Offsets   !,https://cgi.minorplanetcenter.net/cgi-bin/confirmeph2.cgi
20260512T023058Z,2026-05-12T02:30:58.342167Z,20260512T023058Z_batch01,ZTF10Dn,2026-05-12T17:00:00Z,16 57 58.1,254.49208333333334,-13 04 27,-13.074166666666667,155.1,20.9,3.67,95.8,Map/Offsets   !,https://cgi.minorplanetcenter.net/cgi-bin/confirmeph2.cgi
20260512T023058Z,2026-05-12T02:30:58.342167Z,20260512T023058Z_batch01,ZTF10Dn,2026-05-12T18:00:00Z,16 58 13.0,254.55416666666667,-13 04 49,-13.080277777777777,155.1,20.9,3.59,95.8,Map/Offsets   !,https://cgi.minorplanetcenter.net/cgi-bin/confirmeph2.cgi
20260512T023058Z,2026-05-12T02:30:58.342167Z,20260512T023058Z_batch01,ZTF10Dn,2026-05-12T19:00:00Z,16 58 27.5,254.6145833333333,-13 05 10,-13.086111111111112,155.1,21.0,3.51,95.8,Map/Offsets   !,https://cgi.minorplanetcenter.net/cgi-bin/confirmeph2.cgi
20260512T023058Z,2026-05-12T02:30:58.342167Z,20260512T023058Z_batch01,ZTF10Dn,2026-05-12T20:00:00Z,16 58 41.7,254.67374999999998,-13 05 31,-13.091944444444445,155.1,21.0,3.43,95.8,Map/Offsets   !,https://cgi.minorplanetcenter.net/cgi-bin/confirmeph2.cgi
20260512T023058Z,2026-05-12T02:30:58.342167Z,20260512T023058Z_batch01,ZTF10Dn,2026-05-12T21:00:00Z,16 58 55.5,254.73125,-13 05 52,-13.097777777777779,155.1,21.0,3.36,95.8,Map/Offsets   !,https://cgi.minorplanetcenter.net/cgi-bin/confirmeph2.cgi
20260512T023058Z,2026-05-12T02:30:58.342167Z,20260512T023058Z_batch01,ZTF10Dn,2026-05-12T22:00:00Z,16 59 09.1,254.7879166666667,-13 06 12,-13.103333333333333,155.0,21.0,3.28,95.8,Map/Offsets   !,https://cgi.minorplanetcenter.net/cgi-bin/confirmeph2.cgi
20260512T023058Z,2026-05-12T02:30:58.342167Z,20260512T023058Z_batch01,ZTF10Dn,2026-05-12T23:00:00Z,16 59 22.4,254.84333333333336,-13 06 31,-13.108611111111111,155.0,21.1,3.21,95.8,Map/Offsets   !,https://cgi.minorplanetcenter.net/cgi-bin/confirmeph2.cgi
20260512T023058Z,2026-05-12T02:30:58.342167Z,20260512T023058Z_batch01,ZTF10Dn,2026-05-13T00:00:00Z,16 59 35.4,254.8975,-13 06 51,-13.114166666666666,155.0,21.1,3.15,95.8,Map/Offsets   !,https://cgi.minorplanetcenter.net/cgi-bin/confirmeph2.cgi
20260512T023058Z,2026-05-12T02:30:58.342167Z,20260512T023058Z_batch01,ZTF10Dn,2026-05-13T01:00:00Z,16 59 48.1,254.95041666666665,-13 07 10,-13.119444444444445,155.0,21.1,3.08,95.8,Map/Offsets   !,https://cgi.minorplanetcenter.net/cgi-bin/confirmeph2.cgi
20260512T023058Z,2026-05-12T02:30:58.342167Z,20260512T023058Z_batch01,XA9ttXA,2026-05-12T01:00:00Z,15 06 51.6,226.715,+01 51 23,1.856388888888889,160.1,22.6,0.79,278.3,Map/Offsets,https://cgi.minorplanetcenter.net/cgi-bin/confirmeph2.cgi
20260512T023058Z,2026-05-12T02:30:58.342167Z,20260512T023058Z_batch01,XA9ttXA,2026-05-12T02:00:00Z,15 06 48.4,226.70166666666665,+01 51 29,1.8580555555555556,160.0,22.6,0.79,278.2,Map/Offsets,https://cgi.minorplanetcenter.net/cgi-bin/confirmeph2.cgi
20260512T023058Z,2026-05-12T02:30:58.342167Z,20260512T023058Z_batch01,XA9ttXA,2026-05-12T03:00:00Z,15 06 45.3,226.68875,+01 51 36,1.86,160.0,22.5,0.79,278.2,Map/Offsets,https://cgi.minorplanetcenter.net/cgi-bin/confirmeph2.cgi
20260512T023058Z,2026-05-12T02:30:58.342167Z,20260512T023058Z_batch01,XA9ttXA,2026-05-12T04:00:00Z,15 06 42.2,226.67583333333332,+01 51 43,1.8619444444444446,160.0,22.5,0.79,278.1,Map/Offsets,https://cgi.minorplanetcenter.net/cgi-bin/confirmeph2.cgi
20260512T023058Z,2026-05-12T02:30:58.342167Z,20260512T023058Z_batch01,XA9ttXA,2026-05-12T05:00:00Z,15 06 39.1,226.66291666666666,+01 51 49,1.863611111111111,160.0,22.5,0.79,278.1,Map/Offsets,https://cgi.minorplanetcenter.net/cgi-bin/confirmeph2.cgi
20260512T023058Z,2026-05-12T02:30:58.342167Z,20260512T023058Z_batch01,XA9ttXA,2026-05-12T06:00:00Z,15 06 36.0,226.64999999999998,+01 51 56,1.8655555555555556,160.0,22.5,0.79,278.0,Map/Offsets,https://cgi.minorplanetcenter.net/cgi-bin/confirmeph2.cgi
20260512T023058Z,2026-05-12T02:30:58.342167Z,20260512T023058Z_batch01,XA9ttXA,2026-05-12T07:00:00Z,15 06 32.9,226.63708333333335,+01 52 03,1.8675,160.0,22.5,0.79,278.0,Map/Offsets,https://cgi.minorplanetcenter.net/cgi-bin/confirmeph2.cgi
20260512T023058Z,2026-05-12T02:30:58.342167Z,20260512T023058Z_batch01,XA9ttXA,2026-05-12T08:00:00Z,15 06 29.7,226.62375,+01 52 09,1.8691666666666666,159.9,22.5,0.79,277.9,Map/Offsets,https://cgi.minorplanetcenter.net/cgi-bin/confirmeph2.cgi
20260512T023058Z,2026-05-12T02:30:58.342167Z,20260512T023058Z_batch01,XA9ttXA,2026-05-12T09:00:00Z,15 06 26.6,226.61083333333332,+01 52 16,1.8711111111111112,159.9,22.5,0.79,277.8,Map/Offsets,https://cgi.minorplanetcenter.net/cgi-bin/confirmeph2.cgi
20260512T023058Z,2026-05-12T02:30:58.342167Z,20260512T023058Z_batch01,XA9ttXA,2026-05-12T10:00:00Z,15 06 23.5,226.59791666666666,+01 52 22,1.8727777777777779,159.9,22.5,0.79,277.8,Map/Offsets,https://cgi.minorplanetcenter.net/cgi-bin/confirmeph2.cgi
20260512T023058Z,2026-05-12T02:30:58.342167Z,20260512T023058Z_batch01,XA9ttXA,2026-05-12T11:00:00Z,15 06 20.3,226.58458333333334,+01 52 28,1.8744444444444446,159.9,22.5,0.79,277.7,Map/Offsets,https://cgi.minorplanetcenter.net/cgi-bin/confirmeph2.cgi
20260512T023058Z,2026-05-12T02:30:58.342167Z,20260512T023058Z_batch01,XA9ttXA,2026-05-12T12:00:00Z,15 06 17.2,226.57166666666666,+01 52 35,1.8763888888888889,159.9,22.5,0.79,277.7,Map/Offsets,https://cgi.minorplanetcenter.net/cgi-bin/confirmeph2.cgi
20260512T023058Z,2026-05-12T02:30:58.342167Z,20260512T023058Z_batch01,XA9ttXA,2026-05-12T13:00:00Z,15 06 14.1,226.55875,+01 52 41,1.8780555555555556,159.9,22.5,0.79,277.6,Map/Offsets,https://cgi.minorplanetcenter.net/cgi-bin/confirmeph2.cgi
20260512T023058Z,2026-05-12T02:30:58.342167Z,20260512T023058Z_batch01,XA9ttXA,2026-05-12T14:00:00Z,15 06 10.9,226.54541666666665,+01 52 47,1.8797222222222223,159.8,22.5,0.79,277.6,Map/Offsets,https://cgi.minorplanetcenter.net/cgi-bin/confirmeph2.cgi
20260512T023058Z,2026-05-12T02:30:58.342167Z,20260512T023058Z_batch01,XA9ttXA,2026-05-12T15:00:00Z,15 06 07.8,226.5325,+01 52 54,1.8816666666666666,159.8,22.5,0.79,277.5,Map/Offsets,https://cgi.minorplanetcenter.net/cgi-bin/confirmeph2.cgi
20260512T023058Z,2026-05-12T02:30:58.342167Z,20260512T023058Z_batch01,XA9ttXA,2026-05-12T16:00:00Z,15 06 04.7,226.51958333333334,+01 53 00,1.8833333333333333,159.8,22.5,0.79,277.5,Map/Offsets,https://cgi.minorplanetcenter.net/cgi-bin/confirmeph2.cgi
20260512T023058Z,2026-05-12T02:30:58.342167Z,20260512T023058Z_batch01,XA9ttXA,2026-05-12T17:00:00Z,15 06 01.5,226.50625,+01 53 06,1.885,159.8,22.5,0.79,277.4,Map/Offsets,https://cgi.minorplanetcenter.net/cgi-bin/confirmeph2.cgi
20260512T023058Z,2026-05-12T02:30:58.342167Z,20260512T023058Z_batch01,XA9ttXA,2026-05-12T18:00:00Z,15 05 58.4,226.49333333333334,+01 53 12,1.8866666666666667,159.8,22.5,0.79,277.4,Map/Offsets,https://cgi.minorplanetcenter.net/cgi-bin/confirmeph2.cgi
20260512T023058Z,2026-05-12T02:30:58.342167Z,20260512T023058Z_batch01,XA9ttXA,2026-05-12T19:00:00Z,15 05 55.2,226.48,+01 53 18,1.8883333333333332,159.7,22.5,0.79,277.3,Map/Offsets,https://cgi.minorplanetcenter.net/cgi-bin/confirmeph2.cgi
20260512T023058Z,2026-05-12T02:30:58.342167Z,20260512T023058Z_batch01,XA9ttXA,2026-05-12T20:00:00Z,15 05 52.1,226.46708333333333,+01 53 24,1.89,159.7,22.5,0.79,277.3,Map/Offsets,https://cgi.minorplanetcenter.net/cgi-bin/confirmeph2.cgi
20260512T023058Z,2026-05-12T02:30:58.342167Z,20260512T023058Z_batch01,XA9ttXA,2026-05-12T21:00:00Z,15 05 49.0,226.45416666666668,+01 53 30,1.8916666666666666,159.7,22.5,0.79,277.2,Map/Offsets,https://cgi.minorplanetcenter.net/cgi-bin/confirmeph2.cgi
20260512T023058Z,2026-05-12T02:30:58.342167Z,20260512T023058Z_batch01,XA9ttXA,2026-05-12T22:00:00Z,15 05 45.8,226.44083333333336,+01 53 36,1.8933333333333333,159.7,22.5,0.79,277.2,Map/Offsets,https://cgi.minorplanetcenter.net/cgi-bin/confirmeph2.cgi
20260512T023058Z,2026-05-12T02:30:58.342167Z,20260512T023058Z_batch01,XA9ttXA,2026-05-12T23:00:00Z,15 05 42.7,226.42791666666668,+01 53 42,1.895,159.7,22.5,0.79,277.1,Map/Offsets,https://cgi.minorplanetcenter.net/cgi-bin/confirmeph2.cgi
20260512T023058Z,2026-05-12T02:30:58.342167Z,20260512T023058Z_batch01,XA9ttXA,2026-05-13T00:00:00Z,15 05 39.5,226.41458333333333,+01 53 48,1.8966666666666667,159.6,22.5,0.79,277.1,Map/Offsets,https://cgi.minorplanetcenter.net/cgi-bin/confirmeph2.cgi
20260512T023058Z,2026-05-12T02:30:58.342167Z,20260512T023058Z_batch01,XA9ttXA,2026-05-13T01:00:00Z,15 05 36.4,226.40166666666667,+01 53 54,1.8983333333333332,159.6,22.5,0.79,277.0,Map/Offsets,https://cgi.minorplanetcenter.net/cgi-bin/confirmeph2.cgi
20260512T023058Z,2026-05-12T02:30:58.342167Z,20260512T023058Z_batch01,ST26E18,2026-05-12T01:00:00Z,15 28 46.6,232.19416666666666,-14 19 05,-14.318055555555555,174.9,22.8,1.51,125.6,Map/Offsets   !,https://cgi.minorplanetcenter.net/cgi-bin/confirmeph2.cgi
20260512T023058Z,2026-05-12T02:30:58.342167Z,20260512T023058Z_batch01,ST26E18,2026-05-12T02:00:00Z,15 28 51.7,232.21541666666667,-14 19 58,-14.332777777777778,174.9,22.8,1.47,125.6,Map/Offsets   !,https://cgi.minorplanetcenter.net/cgi-bin/confirmeph2.cgi
20260512T023058Z,2026-05-12T02:30:58.342167Z,20260512T023058Z_batch01,ST26E18,2026-05-12T03:00:00Z,15 28 56.5,232.23541666666665,-14 20 48,-14.346666666666668,174.9,22.9,1.43,125.6,Map/Offsets   !,https://cgi.minorplanetcenter.net/cgi-bin/confirmeph2.cgi
20260512T023058Z,2026-05-12T02:30:58.342167Z,20260512T023058Z_batch01,ST26E18,2026-05-12T04:00:00Z,15 29 01.3,232.25541666666666,-14 21 38,-14.360555555555555,175.0,22.9,1.4,125.7,Map/Offsets   !,https://cgi.minorplanetcenter.net/cgi-bin/confirmeph2.cgi
20260512T023058Z,2026-05-12T02:30:58.342167Z,20260512T023058Z_batch01,ST26E18,2026-05-12T05:00:00Z,15 29 05.9,232.27458333333334,-14 22 26,-14.373888888888889,175.0,22.9,1.36,125.7,Map/Offsets   !,https://cgi.minorplanetcenter.net/cgi-bin/confirmeph2.cgi
20260512T023058Z,2026-05-12T02:30:58.342167Z,20260512T023058Z_batch01,ST26E18,2026-05-12T06:00:00Z,15 29 10.4,232.29333333333332,-14 23 13,-14.386944444444444,175.0,22.9,1.33,125.7,Map/Offsets   !,https://cgi.minorplanetcenter.net/cgi-bin/confirmeph2.cgi
20260512T023058Z,2026-05-12T02:30:58.342167Z,20260512T023058Z_batch01,ST26E18,2026-05-12T07:00:00Z,15 29 14.8,232.31166666666667,-14 23 59,-14.399722222222222,175.0,23.0,1.3,125.7,Map/Offsets   !,https://cgi.minorplanetcenter.net/cgi-bin/confirmeph2.cgi
20260512T023058Z,2026-05-12T02:30:58.342167Z,20260512T023058Z_batch01,ST26E18,2026-05-12T08:00:00Z,15 29 19.1,232.32958333333332,-14 24 44,-14.412222222222223,175.0,23.0,1.26,125.7,Map/Offsets   !,https://cgi.minorplanetcenter.net/cgi-bin/confirmeph2.cgi
20260512T023058Z,2026-05-12T02:30:58.342167Z,20260512T023058Z_batch01,ST26E18,2026-05-12T09:00:00Z,15 29 23.3,232.3470833333333,-14 25 28,-14.424444444444443,175.0,23.0,1.23,125.8,Map/Offsets   !,https://cgi.minorplanetcenter.net/cgi-bin/confirmeph2.cgi
20260512T023058Z,2026-05-12T02:30:58.342167Z,20260512T023058Z_batch01,ST26E18,2026-05-12T10:00:00Z,15 29 27.4,232.36416666666665,-14 26 11,-14.436388888888889,175.1,23.1,1.2,125.8,Map/Offsets   !,https://cgi.minorplanetcenter.net/cgi-bin/confirmeph2.cgi
20260512T023058Z,2026-05-12T02:30:58.342167Z,20260512T023058Z_batch01,ST26E18,2026-05-12T11:00:00Z,15 29 31.4,232.3808333333333,-14 26 52,-14.447777777777778,175.1,23.1,1.18,125.8,Map/Offsets   !,https://cgi.minorplanetcenter.net/cgi-bin/confirmeph2.cgi
20260512T023058Z,2026-05-12T02:30:58.342167Z,20260512T023058Z_batch01,ST26E18,2026-05-12T12:00:00Z,15 29 35.3,232.3970833333333,-14 27 33,-14.459166666666667,175.1,23.1,1.15,125.8,Map/Offsets   !,https://cgi.minorplanetcenter.net/cgi-bin/confirmeph2.cgi
20260512T023058Z,2026-05-12T02:30:58.342167Z,20260512T023058Z_batch01,ST26E18,2026-05-12T13:00:00Z,15 29 39.1,232.41291666666666,-14 28 13,-14.470277777777778,175.1,23.1,1.12,125.8,Map/Offsets   !,https://cgi.minorplanetcenter.net/cgi-bin/confirmeph2.cgi
20260512T023058Z,2026-05-12T02:30:58.342167Z,20260512T023058Z_batch01,ST26E18,2026-05-12T14:00:00Z,15 29 42.8,232.4283333333333,-14 28 52,-14.481111111111112,175.1,23.2,1.1,125.9,Map/Offsets   !,https://cgi.minorplanetcenter.net/cgi-bin/confirmeph2.cgi
20260512T023058Z,2026-05-12T02:30:58.342167Z,20260512T023058Z_batch01,ST26E18,2026-05-12T15:00:00Z,15 29 46.4,232.4433333333333,-14 29 30,-14.491666666666665,175.1,23.2,1.07,125.9,Map/Offsets   !,https://cgi.minorplanetcenter.net/cgi-bin/confirmeph2.cgi
20260512T023058Z,2026-05-12T02:30:58.342167Z,20260512T023058Z_batch01,ST26E18,2026-05-12T16:00:00Z,15 29 49.9,232.45791666666668,-14 30 07,-14.501944444444444,175.2,23.2,1.05,125.9,Map/Offsets   !,https://cgi.minorplanetcenter.net/cgi-bin/confirmeph2.cgi
20260512T023058Z,2026-05-12T02:30:58.342167Z,20260512T023058Z_batch01,ST26E18,2026-05-12T17:00:00Z,15 29 53.4,232.4725,-14 30 44,-14.512222222222222,175.2,23.2,1.02,125.9,Map/Offsets   !,https://cgi.minorplanetcenter.net/cgi-bin/confirmeph2.cgi
20260512T023058Z,2026-05-12T02:30:58.342167Z,20260512T023058Z_batch01,ST26E18,2026-05-12T18:00:00Z,15 29 56.8,232.48666666666665,-14 31 19,-14.521944444444445,175.2,23.2,1.0,126.0,Map/Offsets   !,https://cgi.minorplanetcenter.net/cgi-bin/confirmeph2.cgi
20260512T023058Z,2026-05-12T02:30:58.342167Z,20260512T023058Z_batch01,ST26E18,2026-05-12T19:00:00Z,15 30 00.1,232.50041666666667,-14 31 54,-14.531666666666668,175.2,23.3,0.98,126.0,Map/Offsets   !,https://cgi.minorplanetcenter.net/cgi-bin/confirmeph2.cgi
20260512T023058Z,2026-05-12T02:30:58.342167Z,20260512T023058Z_batch01,ST26E18,2026-05-12T20:00:00Z,15 30 03.3,232.51375000000002,-14 32 29,-14.54138888888889,175.2,23.3,0.96,126.0,Map/Offsets   !,https://cgi.minorplanetcenter.net/cgi-bin/confirmeph2.cgi
20260512T023058Z,2026-05-12T02:30:58.342167Z,20260512T023058Z_batch01,ST26E18,2026-05-12T21:00:00Z,15 30 06.5,232.52708333333334,-14 33 02,-14.550555555555556,175.2,23.3,0.94,126.1,Map/Offsets   !,https://cgi.minorplanetcenter.net/cgi-bin/confirmeph2.cgi
20260512T023058Z,2026-05-12T02:30:58.342167Z,20260512T023058Z_batch01,ST26E18,2026-05-12T22:00:00Z,15 30 09.6,232.54,-14 33 35,-14.559722222222224,175.3,23.3,0.92,126.1,Map/Offsets   !,https://cgi.minorplanetcenter.net/cgi-bin/confirmeph2.cgi
20260512T023058Z,2026-05-12T02:30:58.342167Z,20260512T023058Z_batch01,ST26E18,2026-05-12T23:00:00Z,15 30 12.7,232.55291666666668,-14 34 07,-14.56861111111111,175.3,23.4,0.9,126.1,Map/Offsets   !,https://cgi.minorplanetcenter.net/cgi-bin/confirmeph2.cgi
20260512T023058Z,2026-05-12T02:30:58.342167Z,20260512T023058Z_batch01,ST26E18,2026-05-13T00:00:00Z,15 30 15.6,232.565,-14 34 39,-14.5775,175.3,23.4,0.88,126.1,Map/Offsets   !,https://cgi.minorplanetcenter.net/cgi-bin/confirmeph2.cgi
20260512T023058Z,2026-05-12T02:30:58.342167Z,20260512T023058Z_batch01,ST26E18,2026-05-13T01:00:00Z,15 30 18.5,232.57708333333332,-14 35 09,-14.585833333333333,175.3,23.4,0.86,126.2,Map/Offsets   !,https://cgi.minorplanetcenter.net/cgi-bin/confirmeph2.cgi
20260512T023058Z,2026-05-12T02:30:58.342167Z,20260512T023058Z_batch01,CELRZD2,2026-05-12T01:00:00Z,12 30 09.9,187.54125000000002,+35 58 12,35.97,113.5,22.2,2.04,308.6,Map/Offsets,https://cgi.minorplanetcenter.net/cgi-bin/confirmeph2.cgi
20260512T023058Z,2026-05-12T02:30:58.342167Z,20260512T023058Z_batch01,CELRZD2,2026-05-12T02:00:00Z,12 30 02.0,187.50833333333333,+35 59 28,35.99111111111111,113.5,22.2,2.02,308.6,Map/Offsets,https://cgi.minorplanetcenter.net/cgi-bin/confirmeph2.cgi
20260512T023058Z,2026-05-12T02:30:58.342167Z,20260512T023058Z_batch01,CELRZD2,2026-05-12T03:00:00Z,12 29 54.3,187.47625,+36 00 44,36.01222222222222,113.4,22.2,2.0,308.6,Map/Offsets,https://cgi.minorplanetcenter.net/cgi-bin/confirmeph2.cgi
20260512T023058Z,2026-05-12T02:30:58.342167Z,20260512T023058Z_batch01,CELRZD2,2026-05-12T04:00:00Z,12 29 46.6,187.44416666666666,+36 01 58,36.032777777777774,113.4,22.2,1.98,308.5,Map/Offsets,https://cgi.minorplanetcenter.net/cgi-bin/confirmeph2.cgi
20260512T023058Z,2026-05-12T02:30:58.342167Z,20260512T023058Z_batch01,CELRZD2,2026-05-12T05:00:00Z,12 29 38.9,187.4120833333333,+36 03 12,36.05333333333333,113.3,22.2,1.96,308.5,Map/Offsets,https://cgi.minorplanetcenter.net/cgi-bin/confirmeph2.cgi
20260512T023058Z,2026-05-12T02:30:58.342167Z,20260512T023058Z_batch01,CELRZD2,2026-05-12T06:00:00Z,12 29 31.4,187.3808333333333,+36 04 25,36.07361111111111,113.2,22.2,1.94,308.5,Map/Offsets,https://cgi.minorplanetcenter.net/cgi-bin/confirmeph2.cgi
20260512T023058Z,2026-05-12T02:30:58.342167Z,20260512T023058Z_batch01,CELRZD2,2026-05-12T07:00:00Z,12 29 23.8,187.34916666666666,+36 05 37,36.093611111111116,113.2,22.2,1.93,308.5,Map/Offsets,https://cgi.minorplanetcenter.net/cgi-bin/confirmeph2.cgi
20260512T023058Z,2026-05-12T02:30:58.342167Z,20260512T023058Z_batch01,CELRZD2,2026-05-12T08:00:00Z,12 29 16.4,187.31833333333333,+36 06 49,36.11361111111111,113.1,22.2,1.91,308.4,Map/Offsets,https://cgi.minorplanetcenter.net/cgi-bin/confirmeph2.cgi
20260512T023058Z,2026-05-12T02:30:58.342167Z,20260512T023058Z_batch01,CELRZD2,2026-05-12T09:00:00Z,12 29 09.0,187.28749999999997,+36 07 59,36.13305555555556,113.0,22.2,1.89,308.4,Map/Offsets,https://cgi.minorplanetcenter.net/cgi-bin/confirmeph2.cgi
20260512T023058Z,2026-05-12T02:30:58.342167Z,20260512T023058Z_batch01,CELRZD2,2026-05-12T10:00:00Z,12 29 01.7,187.25708333333333,+36 09 09,36.152499999999996,113.0,22.2,1.87,308.4,Map/Offsets,https://cgi.minorplanetcenter.net/cgi-bin/confirmeph2.cgi
20260512T023058Z,2026-05-12T02:30:58.342167Z,20260512T023058Z_batch01,CELRZD2,2026-05-12T11:00:00Z,12 28 54.5,187.22708333333333,+36 10 19,36.17194444444444,112.9,22.3,1.86,308.4,Map/Offsets,https://cgi.minorplanetcenter.net/cgi-bin/confirmeph2.cgi
20260512T023058Z,2026-05-12T02:30:58.342167Z,20260512T023058Z_batch01,CELRZD2,2026-05-12T12:00:00Z,12 28 47.3,187.19708333333335,+36 11 28,36.191111111111105,112.8,22.3,1.84,308.3,Map/Offsets,https://cgi.minorplanetcenter.net/cgi-bin/confirmeph2.cgi
20260512T023058Z,2026-05-12T02:30:58.342167Z,20260512T023058Z_batch01,CELRZD2,2026-05-12T13:00:00Z,12 28 40.2,187.1675,+36 12 36,36.21,112.8,22.3,1.82,308.3,Map/Offsets,https://cgi.minorplanetcenter.net/cgi-bin/confirmeph2.cgi
20260512T023058Z,2026-05-12T02:30:58.342167Z,20260512T023058Z_batch01,CELRZD2,2026-05-12T14:00:00Z,12 28 33.2,187.13833333333332,+36 13 43,36.228611111111114,112.7,22.3,1.8,308.3,Map/Offsets,https://cgi.minorplanetcenter.net/cgi-bin/confirmeph2.cgi
20260512T023058Z,2026-05-12T02:30:58.342167Z,20260512T023058Z_batch01,CELRZD2,2026-05-12T15:00:00Z,12 28 26.2,187.10916666666668,+36 14 50,36.24722222222222,112.7,22.3,1.79,308.2,Map/Offsets,https://cgi.minorplanetcenter.net/cgi-bin/confirmeph2.cgi
20260512T023058Z,2026-05-12T02:30:58.342167Z,20260512T023058Z_batch01,CELRZD2,2026-05-12T16:00:00Z,12 28 19.2,187.07999999999998,+36 15 56,36.26555555555556,112.6,22.3,1.77,308.2,Map/Offsets,https://cgi.minorplanetcenter.net/cgi-bin/confirmeph2.cgi
20260512T023058Z,2026-05-12T02:30:58.342167Z,20260512T023058Z_batch01,CELRZD2,2026-05-12T17:00:00Z,12 28 12.4,187.05166666666665,+36 17 01,36.28361111111111,112.5,22.3,1.75,308.2,Map/Offsets,https://cgi.minorplanetcenter.net/cgi-bin/confirmeph2.cgi
20260512T023058Z,2026-05-12T02:30:58.342167Z,20260512T023058Z_batch01,CELRZD2,2026-05-12T18:00:00Z,12 28 05.5,187.02291666666667,+36 18 06,36.30166666666666,112.5,22.3,1.74,308.2,Map/Offsets,https://cgi.minorplanetcenter.net/cgi-bin/confirmeph2.cgi
20260512T023058Z,2026-05-12T02:30:58.342167Z,20260512T023058Z_batch01,CELRZD2,2026-05-12T19:00:00Z,12 27 58.8,186.995,+36 19 10,36.31944444444445,112.4,22.3,1.72,308.1,Map/Offsets,https://cgi.minorplanetcenter.net/cgi-bin/confirmeph2.cgi
20260512T023058Z,2026-05-12T02:30:58.342167Z,20260512T023058Z_batch01,CELRZD2,2026-05-12T20:00:00Z,12 27 52.1,186.96708333333333,+36 20 14,36.33722222222222,112.4,22.3,1.71,308.1,Map/Offsets,https://cgi.minorplanetcenter.net/cgi-bin/confirmeph2.cgi
20260512T023058Z,2026-05-12T02:30:58.342167Z,20260512T023058Z_batch01,CELRZD2,2026-05-12T21:00:00Z,12 27 45.4,186.93916666666667,+36 21 17,36.35472222222222,112.3,22.4,1.69,308.1,Map/Offsets,https://cgi.minorplanetcenter.net/cgi-bin/confirmeph2.cgi
20260512T023058Z,2026-05-12T02:30:58.342167Z,20260512T023058Z_batch01,CELRZD2,2026-05-12T22:00:00Z,12 27 38.9,186.9120833333333,+36 22 19,36.371944444444445,112.2,22.4,1.68,308.1,Map/Offsets,https://cgi.minorplanetcenter.net/cgi-bin/confirmeph2.cgi
20260512T023058Z,2026-05-12T02:30:58.342167Z,20260512T023058Z_batch01,CELRZD2,2026-05-12T23:00:00Z,12 27 32.3,186.88458333333332,+36 23 21,36.38916666666667,112.2,22.4,1.66,308.0,Map/Offsets,https://cgi.minorplanetcenter.net/cgi-bin/confirmeph2.cgi
20260512T023058Z,2026-05-12T02:30:58.342167Z,20260512T023058Z_batch01,CELRZD2,2026-05-13T00:00:00Z,12 27 25.9,186.85791666666665,+36 24 22,36.40611111111111,112.1,22.4,1.65,308.0,Map/Offsets,https://cgi.minorplanetcenter.net/cgi-bin/confirmeph2.cgi
20260512T023058Z,2026-05-12T02:30:58.342167Z,20260512T023058Z_batch01,CELRZD2,2026-05-13T01:00:00Z,12 27 19.4,186.83083333333335,+36 25 22,36.422777777777775,112.1,22.4,1.63,308.0,Map/Offsets,https://cgi.minorplanetcenter.net/cgi-bin/confirmeph2.cgi
20260512T023058Z,2026-05-12T02:30:58.342167Z,20260512T023058Z_batch01,TF26E23,2026-05-12T01:00:00Z,12 57 38.4,194.41,-03 49 35,-3.826388888888889,143.7,17.7,3.01,293.7,Map/Offsets,https://cgi.minorplanetcenter.net/cgi-bin/confirmeph2.cgi
20260512T023058Z,2026-05-12T02:30:58.342167Z,20260512T023058Z_batch01,TF26E23,2026-05-12T02:00:00Z,12 57 27.4,194.36416666666665,-03 48 23,-3.806388888888889,143.6,17.7,2.97,293.7,Map/Offsets,https://cgi.minorplanetcenter.net/cgi-bin/confirmeph2.cgi
20260512T023058Z,2026-05-12T02:30:58.342167Z,20260512T023058Z_batch01,TF26E23,2026-05-12T03:00:00Z,12 57 16.6,194.31916666666663,-03 47 12,-3.7866666666666666,143.5,17.7,2.94,293.7,Map/Offsets,https://cgi.minorplanetcenter.net/cgi-bin/confirmeph2.cgi
20260512T023058Z,2026-05-12T02:30:58.342167Z,20260512T023058Z_batch01,TF26E23,2026-05-12T04:00:00Z,12 57 05.9,194.27458333333334,-03 46 02,-3.7672222222222222,143.5,17.8,2.9,293.7,Map/Offsets,https://cgi.minorplanetcenter.net/cgi-bin/confirmeph2.cgi
20260512T023058Z,2026-05-12T02:30:58.342167Z,20260512T023058Z_batch01,TF26E23,2026-05-12T05:00:00Z,12 56 55.3,194.23041666666668,-03 44 52,-3.747777777777778,143.4,17.8,2.87,293.7,Map/Offsets,https://cgi.minorplanetcenter.net/cgi-bin/confirmeph2.cgi
20260512T023058Z,2026-05-12T02:30:58.342167Z,20260512T023058Z_batch01,TF26E23,2026-05-12T06:00:00Z,12 56 44.8,194.18666666666667,-03 43 44,-3.728888888888889,143.3,17.8,2.83,293.7,Map/Offsets,https://cgi.minorplanetcenter.net/cgi-bin/confirmeph2.cgi
20260512T023058Z,2026-05-12T02:30:58.342167Z,20260512T023058Z_batch01,TF26E23,2026-05-12T07:00:00Z,12 56 34.5,194.14375,-03 42 36,-3.71,143.2,17.8,2.8,293.7,Map/Offsets,https://cgi.minorplanetcenter.net/cgi-bin/confirmeph2.cgi
20260512T023058Z,2026-05-12T02:30:58.342167Z,20260512T023058Z_batch01,TF26E23,2026-05-12T08:00:00Z,12 56 24.2,194.10083333333336,-03 41 29,-3.691388888888889,143.1,17.8,2.77,293.7,Map/Offsets,https://cgi.minorplanetcenter.net/cgi-bin/confirmeph2.cgi
20260512T023058Z,2026-05-12T02:30:58.342167Z,20260512T023058Z_batch01,TF26E23,2026-05-12T09:00:00Z,12 56 14.1,194.05875,-03 40 23,-3.6730555555555555,143.0,17.8,2.73,293.7,Map/Offsets,https://cgi.minorplanetcenter.net/cgi-bin/confirmeph2.cgi
20260512T023058Z,2026-05-12T02:30:58.342167Z,20260512T023058Z_batch01,TF26E23,2026-05-12T10:00:00Z,12 56 04.2,194.01749999999998,-03 39 17,-3.654722222222222,142.9,17.9,2.7,293.7,Map/Offsets,https://cgi.minorplanetcenter.net/cgi-bin/confirmeph2.cgi
20260512T023058Z,2026-05-12T02:30:58.342167Z,20260512T023058Z_batch01,TF26E23,2026-05-12T11:00:00Z,12 55 54.3,193.97625,-03 38 12,-3.6366666666666667,142.8,17.9,2.67,293.7,Map/Offsets,https://cgi.minorplanetcenter.net/cgi-bin/confirmeph2.cgi
20260512T023058Z,2026-05-12T02:30:58.342167Z,20260512T023058Z_batch01,TF26E23,2026-05-12T12:00:00Z,12 55 44.5,193.93541666666667,-03 37 08,-3.618888888888889,142.8,17.9,2.64,293.7,Map/Offsets,https://cgi.minorplanetcenter.net/cgi-bin/confirmeph2.cgi
20260512T023058Z,2026-05-12T02:30:58.342167Z,20260512T023058Z_batch01,TF26E23,2026-05-12T13:00:00Z,12 55 34.9,193.89541666666665,-03 36 05,-3.601388888888889,142.7,17.9,2.61,293.7,Map/Offsets,https://cgi.minorplanetcenter.net/cgi-bin/confirmeph2.cgi
20260512T023058Z,2026-05-12T02:30:58.342167Z,20260512T023058Z_batch01,TF26E23,2026-05-12T14:00:00Z,12 55 25.4,193.85583333333332,-03 35 02,-3.583888888888889,142.6,17.9,2.58,293.7,Map/Offsets,https://cgi.minorplanetcenter.net/cgi-bin/confirmeph2.cgi
20260512T023058Z,2026-05-12T02:30:58.342167Z,20260512T023058Z_batch01,TF26E23,2026-05-12T15:00:00Z,12 55 16.0,193.81666666666666,-03 34 01,-3.5669444444444443,142.5,17.9,2.55,293.7,Map/Offsets,https://cgi.minorplanetcenter.net/cgi-bin/confirmeph2.cgi
20260512T023058Z,2026-05-12T02:30:58.342167Z,20260512T023058Z_batch01,TF26E23,2026-05-12T16:00:00Z,12 55 06.7,193.77791666666667,-03 33 00,-3.55,142.4,17.9,2.52,293.7,Map/Offsets,https://cgi.minorplanetcenter.net/cgi-bin/confirmeph2.cgi
20260512T023058Z,2026-05-12T02:30:58.342167Z,20260512T023058Z_batch01,TF26E23,2026-05-12T17:00:00Z,12 54 57.4,193.73916666666668,-03 31 59,-3.5330555555555554,142.3,18.0,2.49,293.7,Map/Offsets,https://cgi.minorplanetcenter.net/cgi-bin/confirmeph2.cgi
20260512T023058Z,2026-05-12T02:30:58.342167Z,20260512T023058Z_batch01,TF26E23,2026-05-12T18:00:00Z,12 54 48.3,193.70125,-03 30 59,-3.516388888888889,142.3,18.0,2.47,293.7,Map/Offsets,https://cgi.minorplanetcenter.net/cgi-bin/confirmeph2.cgi
20260512T023058Z,2026-05-12T02:30:58.342167Z,20260512T023058Z_batch01,TF26E23,2026-05-12T19:00:00Z,12 54 39.3,193.66375,-03 30 00,-3.5,142.2,18.0,2.44,293.7,Map/Offsets,https://cgi.minorplanetcenter.net/cgi-bin/confirmeph2.cgi
20260512T023058Z,2026-05-12T02:30:58.342167Z,20260512T023058Z_batch01,TF26E23,2026-05-12T20:00:00Z,12 54 30.5,193.62708333333333,-03 29 02,-3.483888888888889,142.1,18.0,2.41,293.7,Map/Offsets,https://cgi.minorplanetcenter.net/cgi-bin/confirmeph2.cgi
20260512T023058Z,2026-05-12T02:30:58.342167Z,20260512T023058Z_batch01,TF26E23,2026-05-12T21:00:00Z,12 54 21.7,193.59041666666667,-03 28 04,-3.467777777777778,142.0,18.0,2.38,293.7,Map/Offsets,https://cgi.minorplanetcenter.net/cgi-bin/confirmeph2.cgi
20260512T023058Z,2026-05-12T02:30:58.342167Z,20260512T023058Z_batch01,TF26E23,2026-05-12T22:00:00Z,12 54 13.0,193.55416666666667,-03 27 07,-3.4519444444444445,141.9,18.0,2.36,293.7,Map/Offsets,https://cgi.minorplanetcenter.net/cgi-bin/confirmeph2.cgi
20260512T023058Z,2026-05-12T02:30:58.342167Z,20260512T023058Z_batch01,TF26E23,2026-05-12T23:00:00Z,12 54 04.4,193.51833333333332,-03 26 10,-3.4361111111111113,141.9,18.0,2.33,293.7,Map/Offsets,https://cgi.minorplanetcenter.net/cgi-bin/confirmeph2.cgi
20260512T023058Z,2026-05-12T02:30:58.342167Z,20260512T023058Z_batch01,TF26E23,2026-05-13T00:00:00Z,12 53 55.8,193.4825,-03 25 15,-3.4208333333333334,141.8,18.1,2.31,293.7,Map/Offsets,https://cgi.minorplanetcenter.net/cgi-bin/confirmeph2.cgi
20260512T023058Z,2026-05-12T02:30:58.342167Z,20260512T023058Z_batch01,TF26E23,2026-05-13T01:00:00Z,12 53 47.4,193.4475,-03 24 19,-3.4052777777777776,141.7,18.1,2.28,293.7,Map/Offsets,https://cgi.minorplanetcenter.net/cgi-bin/confirmeph2.cgi
20260512T023058Z,2026-05-12T02:30:58.342167Z,20260512T023058Z_batch01,ZTF10Dl,2026-05-12T01:00:00Z,18 50 55.6,282.7316666666666,-15 31 36,-15.526666666666667,128.2,21.2,6.44,89.7,Map/Offsets   !,https://cgi.minorplanetcenter.net/cgi-bin/confirmeph2.cgi
20260512T023058Z,2026-05-12T02:30:58.342167Z,20260512T023058Z_batch01,ZTF10Dl,2026-05-12T02:00:00Z,18 51 22.0,282.8416666666667,-15 31 34,-15.526111111111112,128.2,21.2,6.31,89.7,Map/Offsets   !,https://cgi.minorplanetcenter.net/cgi-bin/confirmeph2.cgi
20260512T023058Z,2026-05-12T02:30:58.342167Z,20260512T023058Z_batch01,ZTF10Dl,2026-05-12T03:00:00Z,18 51 48.0,282.95,-15 31 31,-15.525277777777779,128.1,21.2,6.18,89.7,Map/Offsets   !,https://cgi.minorplanetcenter.net/cgi-bin/confirmeph2.cgi
20260512T023058Z,2026-05-12T02:30:58.342167Z,20260512T023058Z_batch01,ZTF10Dl,2026-05-12T04:00:00Z,18 52 13.4,283.05583333333334,-15 31 29,-15.524722222222223,128.0,21.3,6.05,89.6,Map/Offsets   !,https://cgi.minorplanetcenter.net/cgi-bin/confirmeph2.cgi
20260512T023058Z,2026-05-12T02:30:58.342167Z,20260512T023058Z_batch01,ZTF10Dl,2026-05-12T05:00:00Z,18 52 38.2,283.1591666666667,-15 31 27,-15.524166666666668,128.0,21.3,5.93,89.6,Map/Offsets   !,https://cgi.minorplanetcenter.net/cgi-bin/confirmeph2.cgi
20260512T023058Z,2026-05-12T02:30:58.342167Z,20260512T023058Z_batch01,ZTF10Dl,2026-05-12T06:00:00Z,18 53 02.6,283.2608333333333,-15 31 24,-15.523333333333333,127.9,21.3,5.81,89.6,Map/Offsets   !,https://cgi.minorplanetcenter.net/cgi-bin/confirmeph2.cgi
20260512T023058Z,2026-05-12T02:30:58.342167Z,20260512T023058Z_batch01,ZTF10Dl,2026-05-12T07:00:00Z,18 53 26.5,283.3604166666667,-15 31 22,-15.522777777777778,127.9,21.3,5.7,89.6,Map/Offsets   !,https://cgi.minorplanetcenter.net/cgi-bin/confirmeph2.cgi
20260512T023058Z,2026-05-12T02:30:58.342167Z,20260512T023058Z_batch01,ZTF10Dl,2026-05-12T08:00:00Z,18 53 49.9,283.4579166666667,-15 31 19,-15.521944444444445,127.8,21.4,5.58,89.5,Map/Offsets   !,https://cgi.minorplanetcenter.net/cgi-bin/confirmeph2.cgi
20260512T023058Z,2026-05-12T02:30:58.342167Z,20260512T023058Z_batch01,ZTF10Dl,2026-05-12T09:00:00Z,18 54 12.8,283.5533333333333,-15 31 17,-15.52138888888889,127.8,21.4,5.47,89.5,Map/Offsets   !,https://cgi.minorplanetcenter.net/cgi-bin/confirmeph2.cgi
20260512T023058Z,2026-05-12T02:30:58.342167Z,20260512T023058Z_batch01,ZTF10Dl,2026-05-12T10:00:00Z,18 54 35.3,283.6470833333333,-15 31 14,-15.520555555555557,127.7,21.4,5.37,89.5,Map/Offsets   !,https://cgi.minorplanetcenter.net/cgi-bin/confirmeph2.cgi
20260512T023058Z,2026-05-12T02:30:58.342167Z,20260512T023058Z_batch01,ZTF10Dl,2026-05-12T11:00:00Z,18 54 57.4,283.7391666666666,-15 31 11,-15.519722222222223,127.7,21.4,5.26,89.5,Map/Offsets   !,https://cgi.minorplanetcenter.net/cgi-bin/confirmeph2.cgi
20260512T023058Z,2026-05-12T02:30:58.342167Z,20260512T023058Z_batch01,ZTF10Dl,2026-05-12T12:00:00Z,18 55 19.0,283.8291666666667,-15 31 08,-15.51888888888889,127.6,21.5,5.16,89.5,Map/Offsets   !,https://cgi.minorplanetcenter.net/cgi-bin/confirmeph2.cgi
20260512T023058Z,2026-05-12T02:30:58.342167Z,20260512T023058Z_batch01,ZTF10Dl,2026-05-12T13:00:00Z,18 55 40.3,283.9179166666667,-15 31 05,-15.518055555555556,127.6,21.5,5.07,89.4,Map/Offsets   !,https://cgi.minorplanetcenter.net/cgi-bin/confirmeph2.cgi
20260512T023058Z,2026-05-12T02:30:58.342167Z,20260512T023058Z_batch01,ZTF10Dl,2026-05-12T14:00:00Z,18 56 01.1,284.00458333333336,-15 31 02,-15.517222222222223,127.5,21.5,4.97,89.4,Map/Offsets   !,https://cgi.minorplanetcenter.net/cgi-bin/confirmeph2.cgi
20260512T023058Z,2026-05-12T02:30:58.342167Z,20260512T023058Z_batch01,ZTF10Dl,2026-05-12T15:00:00Z,18 56 21.5,284.08958333333334,-15 30 59,-15.516388888888889,127.5,21.5,4.88,89.4,Map/Offsets   !,https://cgi.minorplanetcenter.net/cgi-bin/confirmeph2.cgi
20260512T023058Z,2026-05-12T02:30:58.342167Z,20260512T023058Z_batch01,ZTF10Dl,2026-05-12T16:00:00Z,18 56 41.6,284.17333333333335,-15 30 56,-15.515555555555556,127.5,21.5,4.79,89.4,Map/Offsets   !,https://cgi.minorplanetcenter.net/cgi-bin/confirmeph2.cgi
20260512T023058Z,2026-05-12T02:30:58.342167Z,20260512T023058Z_batch01,ZTF10Dl,2026-05-12T17:00:00Z,18 57 01.3,284.25541666666663,-15 30 53,-15.514722222222222,127.4,21.6,4.7,89.4,Map/Offsets   !,https://cgi.minorplanetcenter.net/cgi-bin/confirmeph2.cgi
20260512T023058Z,2026-05-12T02:30:58.342167Z,20260512T023058Z_batch01,ZTF10Dl,2026-05-12T18:00:00Z,18 57 20.6,284.3358333333333,-15 30 50,-15.51388888888889,127.4,21.6,4.61,89.4,Map/Offsets   !,https://cgi.minorplanetcenter.net/cgi-bin/confirmeph2.cgi
20260512T023058Z,2026-05-12T02:30:58.342167Z,20260512T023058Z_batch01,ZTF10Dl,2026-05-12T19:00:00Z,18 57 39.6,284.41499999999996,-15 30 47,-15.513055555555555,127.4,21.6,4.53,89.3,Map/Offsets   !,https://cgi.minorplanetcenter.net/cgi-bin/confirmeph2.cgi
20260512T023058Z,2026-05-12T02:30:58.342167Z,20260512T023058Z_batch01,ZTF10Dl,2026-05-12T20:00:00Z,18 57 58.2,284.4925,-15 30 44,-15.512222222222222,127.3,21.6,4.45,89.3,Map/Offsets   !,https://cgi.minorplanetcenter.net/cgi-bin/confirmeph2.cgi
20260512T023058Z,2026-05-12T02:30:58.342167Z,20260512T023058Z_batch01,ZTF10Dl,2026-05-12T21:00:00Z,18 58 16.6,284.5691666666666,-15 30 41,-15.511388888888888,127.3,21.6,4.37,89.3,Map/Offsets   !,https://cgi.minorplanetcenter.net/cgi-bin/confirmeph2.cgi
20260512T023058Z,2026-05-12T02:30:58.342167Z,20260512T023058Z_batch01,ZTF10Dl,2026-05-12T22:00:00Z,18 58 34.5,284.64374999999995,-15 30 38,-15.510555555555555,127.3,21.7,4.29,89.3,Map/Offsets   !,https://cgi.minorplanetcenter.net/cgi-bin/confirmeph2.cgi
20260512T023058Z,2026-05-12T02:30:58.342167Z,20260512T023058Z_batch01,ZTF10Dl,2026-05-12T23:00:00Z,18 58 52.2,284.7175,-15 30 35,-15.509722222222223,127.2,21.7,4.22,89.3,Map/Offsets   !,https://cgi.minorplanetcenter.net/cgi-bin/confirmeph2.cgi
20260512T023058Z,2026-05-12T02:30:58.342167Z,20260512T023058Z_batch01,ZTF10Dl,2026-05-13T00:00:00Z,18 59 09.6,284.79,-15 30 31,-15.508611111111112,127.2,21.7,4.15,89.3,Map/Offsets   !,https://cgi.minorplanetcenter.net/cgi-bin/confirmeph2.cgi
20260512T023058Z,2026-05-12T02:30:58.342167Z,20260512T023058Z_batch01,ZTF10Dl,2026-05-13T01:00:00Z,18 59 26.6,284.86083333333335,-15 30 28,-15.507777777777777,127.2,21.7,4.07,89.3,Map/Offsets   !,https://cgi.minorplanetcenter.net/cgi-bin/confirmeph2.cgi
20260512T023058Z,2026-05-12T02:30:58.342167Z,20260512T023058Z_batch01,ST26E14,2026-05-12T01:00:00Z,13 21 10.1,200.29208333333332,-03 14 15,-3.2375000000000003,148.6,17.9,1.21,305.4,Map/Offsets,https://cgi.minorplanetcenter.net/cgi-bin/confirmeph2.cgi
20260512T023058Z,2026-05-12T02:30:58.342167Z,20260512T023058Z_batch01,ST26E14,2026-05-12T02:00:00Z,13 21 06.2,200.2758333333333,-03 13 33,-3.2258333333333336,148.6,17.9,1.21,305.4,Map/Offsets,https://cgi.minorplanetcenter.net/cgi-bin/confirmeph2.cgi
20260512T023058Z,2026-05-12T02:30:58.342167Z,20260512T023058Z_batch01,ST26E14,2026-05-12T03:00:00Z,13 21 02.2,200.25916666666666,-03 12 51,-3.214166666666667,148.5,17.9,1.21,305.4,Map/Offsets,https://cgi.minorplanetcenter.net/cgi-bin/confirmeph2.cgi
20260512T023058Z,2026-05-12T02:30:58.342167Z,20260512T023058Z_batch01,ST26E14,2026-05-12T04:00:00Z,13 20 58.3,200.24291666666667,-03 12 09,-3.2025,148.5,17.9,1.21,305.4,Map/Offsets,https://cgi.minorplanetcenter.net/cgi-bin/confirmeph2.cgi
20260512T023058Z,2026-05-12T02:30:58.342167Z,20260512T023058Z_batch01,ST26E14,2026-05-12T05:00:00Z,13 20 54.3,200.22625,-03 11 27,-3.190833333333333,148.4,17.9,1.21,305.4,Map/Offsets,https://cgi.minorplanetcenter.net/cgi-bin/confirmeph2.cgi
20260512T023058Z,2026-05-12T02:30:58.342167Z,20260512T023058Z_batch01,ST26E14,2026-05-12T06:00:00Z,13 20 50.4,200.21,-03 10 45,-3.1791666666666667,148.3,17.9,1.21,305.4,Map/Offsets,https://cgi.minorplanetcenter.net/cgi-bin/confirmeph2.cgi
20260512T023058Z,2026-05-12T02:30:58.342167Z,20260512T023058Z_batch01,ST26E14,2026-05-12T07:00:00Z,13 20 46.5,200.19375000000002,-03 10 03,-3.1675,148.3,17.9,1.21,305.4,Map/Offsets,https://cgi.minorplanetcenter.net/cgi-bin/confirmeph2.cgi
20260512T023058Z,2026-05-12T02:30:58.342167Z,20260512T023058Z_batch01,ST26E14,2026-05-12T08:00:00Z,13 20 42.5,200.17708333333334,-03 09 20,-3.1555555555555554,148.2,17.9,1.21,305.5,Map/Offsets,https://cgi.minorplanetcenter.net/cgi-bin/confirmeph2.cgi
20260512T023058Z,2026-05-12T02:30:58.342167Z,20260512T023058Z_batch01,ST26E14,2026-05-12T09:00:00Z,13 20 38.5,200.1604166666667,-03 08 38,-3.1438888888888887,148.2,17.9,1.21,305.5,Map/Offsets,https://cgi.minorplanetcenter.net/cgi-bin/confirmeph2.cgi
20260512T023058Z,2026-05-12T02:30:58.342167Z,20260512T023058Z_batch01,ST26E14,2026-05-12T10:00:00Z,13 20 34.6,200.14416666666668,-03 07 56,-3.1322222222222225,148.1,17.9,1.21,305.5,Map/Offsets,https://cgi.minorplanetcenter.net/cgi-bin/confirmeph2.cgi
20260512T023058Z,2026-05-12T02:30:58.342167Z,20260512T023058Z_batch01,ST26E14,2026-05-12T11:00:00Z,13 20 30.6,200.1275,-03 07 14,-3.1205555555555557,148.0,17.8,1.21,305.5,Map/Offsets,https://cgi.minorplanetcenter.net/cgi-bin/confirmeph2.cgi
20260512T023058Z,2026-05-12T02:30:58.342167Z,20260512T023058Z_batch01,ST26E14,2026-05-12T12:00:00Z,13 20 26.7,200.11124999999998,-03 06 31,-3.108611111111111,148.0,17.8,1.21,305.5,Map/Offsets,https://cgi.minorplanetcenter.net/cgi-bin/confirmeph2.cgi
20260512T023058Z,2026-05-12T02:30:58.342167Z,20260512T023058Z_batch01,ST26E14,2026-05-12T13:00:00Z,13 20 22.7,200.09458333333333,-03 05 49,-3.0969444444444445,147.9,17.8,1.22,305.5,Map/Offsets,https://cgi.minorplanetcenter.net/cgi-bin/confirmeph2.cgi
20260512T023058Z,2026-05-12T02:30:58.342167Z,20260512T023058Z_batch01,ST26E14,2026-05-12T14:00:00Z,13 20 18.7,200.07791666666668,-03 05 07,-3.085277777777778,147.9,17.8,1.22,305.5,Map/Offsets,https://cgi.minorplanetcenter.net/cgi-bin/confirmeph2.cgi
20260512T023058Z,2026-05-12T02:30:58.342167Z,20260512T023058Z_batch01,ST26E14,2026-05-12T15:00:00Z,13 20 14.8,200.06166666666667,-03 04 24,-3.0733333333333337,147.8,17.8,1.22,305.5,Map/Offsets,https://cgi.minorplanetcenter.net/cgi-bin/confirmeph2.cgi
20260512T023058Z,2026-05-12T02:30:58.342167Z,20260512T023058Z_batch01,ST26E14,2026-05-12T16:00:00Z,13 20 10.8,200.04500000000002,-03 03 42,-3.0616666666666665,147.7,17.8,1.22,305.5,Map/Offsets,https://cgi.minorplanetcenter.net/cgi-bin/confirmeph2.cgi
20260512T023058Z,2026-05-12T02:30:58.342167Z,20260512T023058Z_batch01,ST26E14,2026-05-12T17:00:00Z,13 20 06.8,200.02833333333334,-03 02 59,-3.049722222222222,147.7,17.8,1.22,305.5,Map/Offsets,https://cgi.minorplanetcenter.net/cgi-bin/confirmeph2.cgi
20260512T023058Z,2026-05-12T02:30:58.342167Z,20260512T023058Z_batch01,ST26E14,2026-05-12T18:00:00Z,13 20 02.9,200.01208333333332,-03 02 17,-3.0380555555555553,147.6,17.8,1.22,305.5,Map/Offsets,https://cgi.minorplanetcenter.net/cgi-bin/confirmeph2.cgi
20260512T023058Z,2026-05-12T02:30:58.342167Z,20260512T023058Z_batch01,ST26E14,2026-05-12T19:00:00Z,13 19 58.9,199.99541666666667,-03 01 34,-3.026111111111111,147.6,17.8,1.22,305.6,Map/Offsets,https://cgi.minorplanetcenter.net/cgi-bin/confirmeph2.cgi
20260512T023058Z,2026-05-12T02:30:58.342167Z,20260512T023058Z_batch01,ST26E14,2026-05-12T20:00:00Z,13 19 54.9,199.97875,-03 00 52,-3.0144444444444445,147.5,17.8,1.22,305.6,Map/Offsets,https://cgi.minorplanetcenter.net/cgi-bin/confirmeph2.cgi
20260512T023058Z,2026-05-12T02:30:58.342167Z,20260512T023058Z_batch01,ST26E14,2026-05-12T21:00:00Z,13 19 50.9,199.96208333333334,-03 00 09,-3.0025,147.4,17.8,1.22,305.6,Map/Offsets,https://cgi.minorplanetcenter.net/cgi-bin/confirmeph2.cgi
20260512T023058Z,2026-05-12T02:30:58.342167Z,20260512T023058Z_batch01,ST26E14,2026-05-12T22:00:00Z,13 19 47.0,199.94583333333333,-02 59 27,-2.9908333333333332,147.4,17.8,1.22,305.6,Map/Offsets,https://cgi.minorplanetcenter.net/cgi-bin/confirmeph2.cgi
20260512T023058Z,2026-05-12T02:30:58.342167Z,20260512T023058Z_batch01,ST26E14,2026-05-12T23:00:00Z,13 19 43.0,199.92916666666665,-02 58 44,-2.978888888888889,147.3,17.8,1.22,305.6,Map/Offsets,https://cgi.minorplanetcenter.net/cgi-bin/confirmeph2.cgi
20260512T023058Z,2026-05-12T02:30:58.342167Z,20260512T023058Z_batch01,ST26E14,2026-05-13T00:00:00Z,13 19 39.0,199.91250000000002,-02 58 01,-2.9669444444444446,147.3,17.8,1.22,305.6,Map/Offsets,https://cgi.minorplanetcenter.net/cgi-bin/confirmeph2.cgi
20260512T023058Z,2026-05-12T02:30:58.342167Z,20260512T023058Z_batch01,ST26E14,2026-05-13T01:00:00Z,13 19 35.0,199.89583333333334,-02 57 18,-2.955,147.2,17.8,1.23,305.6,Map/Offsets,https://cgi.minorplanetcenter.net/cgi-bin/confirmeph2.cgi
20260512T023058Z,2026-05-12T02:30:58.342167Z,20260512T023058Z_batch01,P22n0vC,2026-05-12T01:00:00Z,14 47 48.0,221.95,+09 44 22,9.739444444444443,151.5,22.4,0.98,247.6,Map/Offsets,https://cgi.minorplanetcenter.net/cgi-bin/confirmeph2.cgi
20260512T023058Z,2026-05-12T02:30:58.342167Z,20260512T023058Z_batch01,P22n0vC,2026-05-12T02:00:00Z,14 47 44.3,221.9345833333333,+09 43 59,9.733055555555556,151.5,22.4,0.98,247.6,Map/Offsets,https://cgi.minorplanetcenter.net/cgi-bin/confirmeph2.cgi
20260512T023058Z,2026-05-12T02:30:58.342167Z,20260512T023058Z_batch01,P22n0vC,2026-05-12T03:00:00Z,14 47 40.7,221.91958333333332,+09 43 37,9.726944444444445,151.5,22.4,0.98,247.5,Map/Offsets,https://cgi.minorplanetcenter.net/cgi-bin/confirmeph2.cgi
20260512T023058Z,2026-05-12T02:30:58.342167Z,20260512T023058Z_batch01,P22n0vC,2026-05-12T04:00:00Z,14 47 37.0,221.90416666666667,+09 43 14,9.720555555555556,151.5,22.4,0.98,247.5,Map/Offsets,https://cgi.minorplanetcenter.net/cgi-bin/confirmeph2.cgi
20260512T023058Z,2026-05-12T02:30:58.342167Z,20260512T023058Z_batch01,P22n0vC,2026-05-12T05:00:00Z,14 47 33.3,221.88875,+09 42 51,9.714166666666666,151.4,22.4,0.98,247.4,Map/Offsets,https://cgi.minorplanetcenter.net/cgi-bin/confirmeph2.cgi
20260512T023058Z,2026-05-12T02:30:58.342167Z,20260512T023058Z_batch01,P22n0vC,2026-05-12T06:00:00Z,14 47 29.6,221.87333333333333,+09 42 29,9.708055555555555,151.4,22.4,0.98,247.4,Map/Offsets,https://cgi.minorplanetcenter.net/cgi-bin/confirmeph2.cgi
20260512T023058Z,2026-05-12T02:30:58.342167Z,20260512T023058Z_batch01,P22n0vC,2026-05-12T07:00:00Z,14 47 25.9,221.85791666666665,+09 42 06,9.701666666666666,151.4,22.4,0.98,247.4,Map/Offsets,https://cgi.minorplanetcenter.net/cgi-bin/confirmeph2.cgi
20260512T023058Z,2026-05-12T02:30:58.342167Z,20260512T023058Z_batch01,P22n0vC,2026-05-12T08:00:00Z,14 47 22.2,221.8425,+09 41 43,9.695277777777777,151.4,22.4,0.98,247.3,Map/Offsets,https://cgi.minorplanetcenter.net/cgi-bin/confirmeph2.cgi
20260512T023058Z,2026-05-12T02:30:58.342167Z,20260512T023058Z_batch01,P22n0vC,2026-05-12T09:00:00Z,14 47 18.5,221.82708333333332,+09 41 20,9.68888888888889,151.4,22.4,0.98,247.3,Map/Offsets,https://cgi.minorplanetcenter.net/cgi-bin/confirmeph2.cgi
20260512T023058Z,2026-05-12T02:30:58.342167Z,20260512T023058Z_batch01,P22n0vC,2026-05-12T10:00:00Z,14 47 14.9,221.81208333333333,+09 40 58,9.682777777777778,151.4,22.4,0.98,247.2,Map/Offsets,https://cgi.minorplanetcenter.net/cgi-bin/confirmeph2.cgi
20260512T023058Z,2026-05-12T02:30:58.342167Z,20260512T023058Z_batch01,P22n0vC,2026-05-12T11:00:00Z,14 47 11.2,221.79666666666668,+09 40 35,9.676388888888889,151.3,22.4,0.98,247.2,Map/Offsets,https://cgi.minorplanetcenter.net/cgi-bin/confirmeph2.cgi
20260512T023058Z,2026-05-12T02:30:58.342167Z,20260512T023058Z_batch01,P22n0vC,2026-05-12T12:00:00Z,14 47 07.5,221.78125,+09 40 12,9.67,151.3,22.4,0.98,247.1,Map/Offsets,https://cgi.minorplanetcenter.net/cgi-bin/confirmeph2.cgi
20260512T023058Z,2026-05-12T02:30:58.342167Z,20260512T023058Z_batch01,P22n0vC,2026-05-12T13:00:00Z,14 47 03.8,221.76583333333335,+09 39 49,9.663611111111111,151.3,22.4,0.98,247.1,Map/Offsets,https://cgi.minorplanetcenter.net/cgi-bin/confirmeph2.cgi
20260512T023058Z,2026-05-12T02:30:58.342167Z,20260512T023058Z_batch01,P22n0vC,2026-05-12T14:00:00Z,14 47 00.1,221.75041666666667,+09 39 26,9.657222222222222,151.3,22.4,0.98,247.1,Map/Offsets,https://cgi.minorplanetcenter.net/cgi-bin/confirmeph2.cgi
20260512T023058Z,2026-05-12T02:30:58.342167Z,20260512T023058Z_batch01,P22n0vC,2026-05-12T15:00:00Z,14 46 56.5,221.73541666666668,+09 39 03,9.650833333333333,151.3,22.4,0.98,247.0,Map/Offsets,https://cgi.minorplanetcenter.net/cgi-bin/confirmeph2.cgi
20260512T023058Z,2026-05-12T02:30:58.342167Z,20260512T023058Z_batch01,P22n0vC,2026-05-12T16:00:00Z,14 46 52.8,221.72000000000003,+09 38 40,9.644444444444444,151.2,22.4,0.98,247.0,Map/Offsets,https://cgi.minorplanetcenter.net/cgi-bin/confirmeph2.cgi
20260512T023058Z,2026-05-12T02:30:58.342167Z,20260512T023058Z_batch01,P22n0vC,2026-05-12T17:00:00Z,14 46 49.1,221.70458333333335,+09 38 17,9.638055555555555,151.2,22.4,0.98,246.9,Map/Offsets,https://cgi.minorplanetcenter.net/cgi-bin/confirmeph2.cgi
20260512T023058Z,2026-05-12T02:30:58.342167Z,20260512T023058Z_batch01,P22n0vC,2026-05-12T18:00:00Z,14 46 45.4,221.68916666666667,+09 37 54,9.631666666666668,151.2,22.4,0.98,246.9,Map/Offsets,https://cgi.minorplanetcenter.net/cgi-bin/confirmeph2.cgi
20260512T023058Z,2026-05-12T02:30:58.342167Z,20260512T023058Z_batch01,P22n0vC,2026-05-12T19:00:00Z,14 46 41.8,221.67416666666668,+09 37 30,9.625,151.2,22.4,0.98,246.9,Map/Offsets,https://cgi.minorplanetcenter.net/cgi-bin/confirmeph2.cgi
20260512T023058Z,2026-05-12T02:30:58.342167Z,20260512T023058Z_batch01,P22n0vC,2026-05-12T20:00:00Z,14 46 38.1,221.65875,+09 37 07,9.618611111111111,151.2,22.4,0.98,246.8,Map/Offsets,https://cgi.minorplanetcenter.net/cgi-bin/confirmeph2.cgi
20260512T023058Z,2026-05-12T02:30:58.342167Z,20260512T023058Z_batch01,P22n0vC,2026-05-12T21:00:00Z,14 46 34.4,221.64333333333335,+09 36 44,9.612222222222222,151.2,22.4,0.98,246.8,Map/Offsets,https://cgi.minorplanetcenter.net/cgi-bin/confirmeph2.cgi
20260512T023058Z,2026-05-12T02:30:58.342167Z,20260512T023058Z_batch01,P22n0vC,2026-05-12T22:00:00Z,14 46 30.8,221.62833333333333,+09 36 21,9.605833333333333,151.1,22.4,0.98,246.7,Map/Offsets,https://cgi.minorplanetcenter.net/cgi-bin/confirmeph2.cgi
20260512T023058Z,2026-05-12T02:30:58.342167Z,20260512T023058Z_batch01,P22n0vC,2026-05-12T23:00:00Z,14 46 27.1,221.61291666666668,+09 35 57,9.599166666666667,151.1,22.4,0.98,246.7,Map/Offsets,https://cgi.minorplanetcenter.net/cgi-bin/confirmeph2.cgi
20260512T023058Z,2026-05-12T02:30:58.342167Z,20260512T023058Z_batch01,P22n0vC,2026-05-13T00:00:00Z,14 46 23.4,221.59750000000003,+09 35 34,9.592777777777778,151.1,22.4,0.98,246.6,Map/Offsets,https://cgi.minorplanetcenter.net/cgi-bin/confirmeph2.cgi
20260512T023058Z,2026-05-12T02:30:58.342167Z,20260512T023058Z_batch01,P22n0vC,2026-05-13T01:00:00Z,14 46 19.8,221.5825,+09 35 10,9.586111111111112,151.1,22.4,0.98,246.6,Map/Offsets,https://cgi.minorplanetcenter.net/cgi-bin/confirmeph2.cgi
20260512T023058Z,2026-05-12T02:30:58.342167Z,20260512T023058Z_batch01,CELLEH2,2026-05-12T01:00:00Z,15 52 28.7,238.11958333333334,-16 37 05,-16.618055555555557,170.8,23.6,1.11,137.4,Map/Offsets   !,https://cgi.minorplanetcenter.net/cgi-bin/confirmeph2.cgi
20260512T023058Z,2026-05-12T02:30:58.342167Z,20260512T023058Z_batch01,CELLEH2,2026-05-12T02:00:00Z,15 52 31.8,238.13250000000002,-16 37 54,-16.631666666666668,170.8,23.6,1.09,137.5,Map/Offsets   !,https://cgi.minorplanetcenter.net/cgi-bin/confirmeph2.cgi
20260512T023058Z,2026-05-12T02:30:58.342167Z,20260512T023058Z_batch01,CELLEH2,2026-05-12T03:00:00Z,15 52 34.8,238.145,-16 38 42,-16.645,170.8,23.6,1.07,137.6,Map/Offsets   !,https://cgi.minorplanetcenter.net/cgi-bin/confirmeph2.cgi
20260512T023058Z,2026-05-12T02:30:58.342167Z,20260512T023058Z_batch01,CELLEH2,2026-05-12T04:00:00Z,15 52 37.8,238.15750000000003,-16 39 29,-16.658055555555553,170.8,23.6,1.05,137.6,Map/Offsets   !,https://cgi.minorplanetcenter.net/cgi-bin/confirmeph2.cgi
20260512T023058Z,2026-05-12T02:30:58.342167Z,20260512T023058Z_batch01,CELLEH2,2026-05-12T05:00:00Z,15 52 40.7,238.16958333333335,-16 40 15,-16.670833333333334,170.9,23.6,1.03,137.7,Map/Offsets   !,https://cgi.minorplanetcenter.net/cgi-bin/confirmeph2.cgi
20260512T023058Z,2026-05-12T02:30:58.342167Z,20260512T023058Z_batch01,CELLEH2,2026-05-12T06:00:00Z,15 52 43.6,238.18166666666667,-16 41 00,-16.683333333333334,170.9,23.7,1.01,137.7,Map/Offsets   !,https://cgi.minorplanetcenter.net/cgi-bin/confirmeph2.cgi
20260512T023058Z,2026-05-12T02:30:58.342167Z,20260512T023058Z_batch01,CELLEH2,2026-05-12T07:00:00Z,15 52 46.4,238.19333333333333,-16 41 44,-16.695555555555554,170.9,23.7,0.99,137.8,Map/Offsets   !,https://cgi.minorplanetcenter.net/cgi-bin/confirmeph2.cgi
20260512T023058Z,2026-05-12T02:30:58.342167Z,20260512T023058Z_batch01,CELLEH2,2026-05-12T08:00:00Z,15 52 49.1,238.20458333333332,-16 42 28,-16.70777777777778,170.9,23.7,0.97,137.9,Map/Offsets   !,https://cgi.minorplanetcenter.net/cgi-bin/confirmeph2.cgi
20260512T023058Z,2026-05-12T02:30:58.342167Z,20260512T023058Z_batch01,CELLEH2,2026-05-12T09:00:00Z,15 52 51.8,238.21583333333334,-16 43 11,-16.71972222222222,171.0,23.7,0.96,137.9,Map/Offsets   !,https://cgi.minorplanetcenter.net/cgi-bin/confirmeph2.cgi
20260512T023058Z,2026-05-12T02:30:58.342167Z,20260512T023058Z_batch01,CELLEH2,2026-05-12T10:00:00Z,15 52 54.5,238.22708333333333,-16 43 53,-16.731388888888887,171.0,23.7,0.94,138.0,Map/Offsets   !,https://cgi.minorplanetcenter.net/cgi-bin/confirmeph2.cgi
20260512T023058Z,2026-05-12T02:30:58.342167Z,20260512T023058Z_batch01,CELLEH2,2026-05-12T11:00:00Z,15 52 57.1,238.23791666666668,-16 44 35,-16.743055555555557,171.0,23.8,0.92,138.1,Map/Offsets   !,https://cgi.minorplanetcenter.net/cgi-bin/confirmeph2.cgi
20260512T023058Z,2026-05-12T02:30:58.342167Z,20260512T023058Z_batch01,CELLEH2,2026-05-12T12:00:00Z,15 52 59.6,238.24833333333333,-16 45 16,-16.754444444444445,171.1,23.8,0.91,138.1,Map/Offsets   !,https://cgi.minorplanetcenter.net/cgi-bin/confirmeph2.cgi
20260512T023058Z,2026-05-12T02:30:58.342167Z,20260512T023058Z_batch01,CELLEH2,2026-05-12T13:00:00Z,15 53 02.1,238.25875,-16 45 56,-16.765555555555554,171.1,23.8,0.89,138.2,Map/Offsets   !,https://cgi.minorplanetcenter.net/cgi-bin/confirmeph2.cgi
20260512T023058Z,2026-05-12T02:30:58.342167Z,20260512T023058Z_batch01,CELLEH2,2026-05-12T14:00:00Z,15 53 04.6,238.26916666666668,-16 46 35,-16.77638888888889,171.1,23.8,0.87,138.3,Map/Offsets   !,https://cgi.minorplanetcenter.net/cgi-bin/confirmeph2.cgi
20260512T023058Z,2026-05-12T02:30:58.342167Z,20260512T023058Z_batch01,CELLEH2,2026-05-12T15:00:00Z,15 53 07.0,238.27916666666664,-16 47 14,-16.787222222222223,171.2,23.8,0.86,138.4,Map/Offsets   !,https://cgi.minorplanetcenter.net/cgi-bin/confirmeph2.cgi
20260512T023058Z,2026-05-12T02:30:58.342167Z,20260512T023058Z_batch01,CELLEH2,2026-05-12T16:00:00Z,15 53 09.3,238.28875,-16 47 52,-16.797777777777778,171.2,23.8,0.84,138.4,Map/Offsets   !,https://cgi.minorplanetcenter.net/cgi-bin/confirmeph2.cgi
20260512T023058Z,2026-05-12T02:30:58.342167Z,20260512T023058Z_batch01,CELLEH2,2026-05-12T17:00:00Z,15 53 11.7,238.29874999999998,-16 48 30,-16.808333333333334,171.2,23.9,0.83,138.5,Map/Offsets   !,https://cgi.minorplanetcenter.net/cgi-bin/confirmeph2.cgi
20260512T023058Z,2026-05-12T02:30:58.342167Z,20260512T023058Z_batch01,CELLEH2,2026-05-12T18:00:00Z,15 53 13.9,238.30791666666667,-16 49 07,-16.81861111111111,171.2,23.9,0.82,138.6,Map/Offsets   !,https://cgi.minorplanetcenter.net/cgi-bin/confirmeph2.cgi
20260512T023058Z,2026-05-12T02:30:58.342167Z,20260512T023058Z_batch01,CELLEH2,2026-05-12T19:00:00Z,15 53 16.2,238.3175,-16 49 43,-16.828611111111112,171.3,23.9,0.8,138.7,Map/Offsets   !,https://cgi.minorplanetcenter.net/cgi-bin/confirmeph2.cgi
20260512T023058Z,2026-05-12T02:30:58.342167Z,20260512T023058Z_batch01,CELLEH2,2026-05-12T20:00:00Z,15 53 18.4,238.32666666666665,-16 50 19,-16.83861111111111,171.3,23.9,0.79,138.7,Map/Offsets   !,https://cgi.minorplanetcenter.net/cgi-bin/confirmeph2.cgi
20260512T023058Z,2026-05-12T02:30:58.342167Z,20260512T023058Z_batch01,CELLEH2,2026-05-12T21:00:00Z,15 53 20.5,238.33541666666665,-16 50 54,-16.848333333333333,171.3,23.9,0.78,138.8,Map/Offsets   !,https://cgi.minorplanetcenter.net/cgi-bin/confirmeph2.cgi
20260512T023058Z,2026-05-12T02:30:58.342167Z,20260512T023058Z_batch01,CELLEH2,2026-05-12T22:00:00Z,15 53 22.6,238.34416666666664,-16 51 29,-16.858055555555556,171.4,23.9,0.76,138.9,Map/Offsets   !,https://cgi.minorplanetcenter.net/cgi-bin/confirmeph2.cgi
20260512T023058Z,2026-05-12T02:30:58.342167Z,20260512T023058Z_batch01,CELLEH2,2026-05-12T23:00:00Z,15 53 24.7,238.35291666666666,-16 52 03,-16.8675,171.4,23.9,0.75,139.0,Map/Offsets   !,https://cgi.minorplanetcenter.net/cgi-bin/confirmeph2.cgi
20260512T023058Z,2026-05-12T02:30:58.342167Z,20260512T023058Z_batch01,CELLEH2,2026-05-13T00:00:00Z,15 53 26.7,238.36124999999998,-16 52 37,-16.876944444444444,171.4,24.0,0.74,139.1,Map/Offsets   !,https://cgi.minorplanetcenter.net/cgi-bin/confirmeph2.cgi
20260512T023058Z,2026-05-12T02:30:58.342167Z,20260512T023058Z_batch01,CELLEH2,2026-05-13T01:00:00Z,15 53 28.7,238.3695833333333,-16 53 10,-16.88611111111111,171.5,24.0,0.73,139.1,Map/Offsets   !,https://cgi.minorplanetcenter.net/cgi-bin/confirmeph2.cgi
20260512T023058Z,2026-05-12T02:30:58.342167Z,20260512T023058Z_batch01,P22n0fQ,2026-05-12T01:00:00Z,15 04 52.6,226.21916666666667,+10 01 01,10.016944444444444,151.9,22.6,0.29,311.4,Map/Offsets,https://cgi.minorplanetcenter.net/cgi-bin/confirmeph2.cgi
20260512T023058Z,2026-05-12T02:30:58.342167Z,20260512T023058Z_batch01,P22n0fQ,2026-05-12T02:00:00Z,15 04 51.7,226.21541666666667,+10 01 13,10.020277777777778,151.9,22.6,0.29,311.2,Map/Offsets,https://cgi.minorplanetcenter.net/cgi-bin/confirmeph2.cgi
20260512T023058Z,2026-05-12T02:30:58.342167Z,20260512T023058Z_batch01,P22n0fQ,2026-05-12T03:00:00Z,15 04 50.9,226.21208333333334,+10 01 24,10.023333333333333,151.9,22.6,0.29,310.9,Map/Offsets,https://cgi.minorplanetcenter.net/cgi-bin/confirmeph2.cgi
20260512T023058Z,2026-05-12T02:30:58.342167Z,20260512T023058Z_batch01,P22n0fQ,2026-05-12T04:00:00Z,15 04 50.0,226.20833333333334,+10 01 35,10.02638888888889,151.8,22.6,0.28,310.7,Map/Offsets,https://cgi.minorplanetcenter.net/cgi-bin/confirmeph2.cgi
20260512T023058Z,2026-05-12T02:30:58.342167Z,20260512T023058Z_batch01,P22n0fQ,2026-05-12T05:00:00Z,15 04 49.1,226.20458333333332,+10 01 46,10.029444444444445,151.8,22.6,0.28,310.5,Map/Offsets,https://cgi.minorplanetcenter.net/cgi-bin/confirmeph2.cgi
20260512T023058Z,2026-05-12T02:30:58.342167Z,20260512T023058Z_batch01,P22n0fQ,2026-05-12T06:00:00Z,15 04 48.2,226.20083333333332,+10 01 57,10.0325,151.8,22.6,0.28,310.3,Map/Offsets,https://cgi.minorplanetcenter.net/cgi-bin/confirmeph2.cgi
20260512T023058Z,2026-05-12T02:30:58.342167Z,20260512T023058Z_batch01,P22n0fQ,2026-05-12T07:00:00Z,15 04 47.4,226.1975,+10 02 08,10.035555555555556,151.8,22.6,0.28,310.0,Map/Offsets,https://cgi.minorplanetcenter.net/cgi-bin/confirmeph2.cgi
20260512T023058Z,2026-05-12T02:30:58.342167Z,20260512T023058Z_batch01,P22n0fQ,2026-05-12T08:00:00Z,15 04 46.5,226.19375,+10 02 19,10.038611111111111,151.8,22.6,0.27,309.8,Map/Offsets,https://cgi.minorplanetcenter.net/cgi-bin/confirmeph2.cgi
20260512T023058Z,2026-05-12T02:30:58.342167Z,20260512T023058Z_batch01,P22n0fQ,2026-05-12T09:00:00Z,15 04 45.7,226.19041666666666,+10 02 29,10.04138888888889,151.8,22.6,0.27,309.6,Map/Offsets,https://cgi.minorplanetcenter.net/cgi-bin/confirmeph2.cgi
20260512T023058Z,2026-05-12T02:30:58.342167Z,20260512T023058Z_batch01,P22n0fQ,2026-05-12T10:00:00Z,15 04 44.8,226.18666666666667,+10 02 39,10.044166666666667,151.7,22.7,0.27,309.3,Map/Offsets,https://cgi.minorplanetcenter.net/cgi-bin/confirmeph2.cgi
20260512T023058Z,2026-05-12T02:30:58.342167Z,20260512T023058Z_batch01,P22n0fQ,2026-05-12T11:00:00Z,15 04 44.0,226.18333333333334,+10 02 49,10.046944444444444,151.7,22.7,0.27,309.1,Map/Offsets,https://cgi.minorplanetcenter.net/cgi-bin/confirmeph2.cgi
20260512T023058Z,2026-05-12T02:30:58.342167Z,20260512T023058Z_batch01,P22n0fQ,2026-05-12T12:00:00Z,15 04 43.2,226.18,+10 02 59,10.049722222222222,151.7,22.7,0.26,308.8,Map/Offsets,https://cgi.minorplanetcenter.net/cgi-bin/confirmeph2.cgi
20260512T023058Z,2026-05-12T02:30:58.342167Z,20260512T023058Z_batch01,P22n0fQ,2026-05-12T13:00:00Z,15 04 42.3,226.17624999999998,+10 03 09,10.0525,151.7,22.7,0.26,308.6,Map/Offsets,https://cgi.minorplanetcenter.net/cgi-bin/confirmeph2.cgi
20260512T023058Z,2026-05-12T02:30:58.342167Z,20260512T023058Z_batch01,P22n0fQ,2026-05-12T14:00:00Z,15 04 41.5,226.17291666666665,+10 03 19,10.055277777777778,151.7,22.7,0.26,308.3,Map/Offsets,https://cgi.minorplanetcenter.net/cgi-bin/confirmeph2.cgi
20260512T023058Z,2026-05-12T02:30:58.342167Z,20260512T023058Z_batch01,P22n0fQ,2026-05-12T15:00:00Z,15 04 40.7,226.16958333333332,+10 03 28,10.057777777777778,151.6,22.7,0.26,308.1,Map/Offsets,https://cgi.minorplanetcenter.net/cgi-bin/confirmeph2.cgi
20260512T023058Z,2026-05-12T02:30:58.342167Z,20260512T023058Z_batch01,P22n0fQ,2026-05-12T16:00:00Z,15 04 39.9,226.16625,+10 03 38,10.060555555555556,151.6,22.7,0.25,307.8,Map/Offsets,https://cgi.minorplanetcenter.net/cgi-bin/confirmeph2.cgi
20260512T023058Z,2026-05-12T02:30:58.342167Z,20260512T023058Z_batch01,P22n0fQ,2026-05-12T17:00:00Z,15 04 39.1,226.16291666666666,+10 03 47,10.063055555555556,151.6,22.7,0.25,307.6,Map/Offsets,https://cgi.minorplanetcenter.net/cgi-bin/confirmeph2.cgi
20260512T023058Z,2026-05-12T02:30:58.342167Z,20260512T023058Z_batch01,P22n0fQ,2026-05-12T18:00:00Z,15 04 38.2,226.15916666666666,+10 03 56,10.065555555555557,151.6,22.7,0.25,307.3,Map/Offsets,https://cgi.minorplanetcenter.net/cgi-bin/confirmeph2.cgi
20260512T023058Z,2026-05-12T02:30:58.342167Z,20260512T023058Z_batch01,P22n0fQ,2026-05-12T19:00:00Z,15 04 37.4,226.15583333333333,+10 04 05,10.068055555555555,151.6,22.7,0.25,307.0,Map/Offsets,https://cgi.minorplanetcenter.net/cgi-bin/confirmeph2.cgi
20260512T023058Z,2026-05-12T02:30:58.342167Z,20260512T023058Z_batch01,P22n0fQ,2026-05-12T20:00:00Z,15 04 36.6,226.1525,+10 04 14,10.070555555555556,151.6,22.7,0.24,306.8,Map/Offsets,https://cgi.minorplanetcenter.net/cgi-bin/confirmeph2.cgi
20260512T023058Z,2026-05-12T02:30:58.342167Z,20260512T023058Z_batch01,P22n0fQ,2026-05-12T21:00:00Z,15 04 35.9,226.14958333333334,+10 04 23,10.073055555555555,151.5,22.7,0.24,306.5,Map/Offsets,https://cgi.minorplanetcenter.net/cgi-bin/confirmeph2.cgi
20260512T023058Z,2026-05-12T02:30:58.342167Z,20260512T023058Z_batch01,P22n0fQ,2026-05-12T22:00:00Z,15 04 35.1,226.14625,+10 04 31,10.075277777777778,151.5,22.7,0.24,306.2,Map/Offsets,https://cgi.minorplanetcenter.net/cgi-bin/confirmeph2.cgi
20260512T023058Z,2026-05-12T02:30:58.342167Z,20260512T023058Z_batch01,P22n0fQ,2026-05-12T23:00:00Z,15 04 34.3,226.14291666666668,+10 04 40,10.077777777777778,151.5,22.7,0.24,305.9,Map/Offsets,https://cgi.minorplanetcenter.net/cgi-bin/confirmeph2.cgi
20260512T023058Z,2026-05-12T02:30:58.342167Z,20260512T023058Z_batch01,P22n0fQ,2026-05-13T00:00:00Z,15 04 33.5,226.13958333333332,+10 04 48,10.08,151.5,22.8,0.24,305.7,Map/Offsets,https://cgi.minorplanetcenter.net/cgi-bin/confirmeph2.cgi
20260512T023058Z,2026-05-12T02:30:58.342167Z,20260512T023058Z_batch01,P22n0fQ,2026-05-13T01:00:00Z,15 04 32.7,226.13625,+10 04 56,10.082222222222223,151.5,22.8,0.23,305.4,Map/Offsets,https://cgi.minorplanetcenter.net/cgi-bin/confirmeph2.cgi
20260512T023058Z,2026-05-12T02:30:58.342167Z,20260512T023058Z_batch01,ZTF10Di,2026-05-12T01:00:00Z,22 09 45.1,332.43791666666664,-10 46 25,-10.773611111111112,80.4,23.0,5.28,77.9,Map/Offsets   !,https://cgi.minorplanetcenter.net/cgi-bin/confirmeph2.cgi
20260512T023058Z,2026-05-12T02:30:58.342167Z,20260512T023058Z_batch01,ZTF10Di,2026-05-12T02:00:00Z,22 10 05.9,332.52458333333334,-10 45 19,-10.755277777777778,80.4,23.0,5.18,77.9,Map/Offsets   !,https://cgi.minorplanetcenter.net/cgi-bin/confirmeph2.cgi
20260512T023058Z,2026-05-12T02:30:58.342167Z,20260512T023058Z_batch01,ZTF10Di,2026-05-12T03:00:00Z,22 10 26.3,332.6095833333333,-10 44 15,-10.737499999999999,80.3,23.1,5.09,77.9,Map/Offsets   !,https://cgi.minorplanetcenter.net/cgi-bin/confirmeph2.cgi
20260512T023058Z,2026-05-12T02:30:58.342167Z,20260512T023058Z_batch01,ZTF10Di,2026-05-12T04:00:00Z,22 10 46.4,332.6933333333333,-10 43 11,-10.719722222222222,80.3,23.1,4.99,77.8,Map/Offsets   !,https://cgi.minorplanetcenter.net/cgi-bin/confirmeph2.cgi
20260512T023058Z,2026-05-12T02:30:58.342167Z,20260512T023058Z_batch01,ZTF10Di,2026-05-12T05:00:00Z,22 11 06.1,332.7754166666667,-10 42 08,-10.702222222222222,80.2,23.1,4.91,77.8,Map/Offsets   !,https://cgi.minorplanetcenter.net/cgi-bin/confirmeph2.cgi
20260512T023058Z,2026-05-12T02:30:58.342167Z,20260512T023058Z_batch01,ZTF10Di,2026-05-12T06:00:00Z,22 11 25.4,332.85583333333335,-10 41 07,-10.685277777777777,80.2,23.1,4.82,77.8,Map/Offsets   !,https://cgi.minorplanetcenter.net/cgi-bin/confirmeph2.cgi
20260512T023058Z,2026-05-12T02:30:58.342167Z,20260512T023058Z_batch01,ZTF10Di,2026-05-12T07:00:00Z,22 11 44.4,332.935,-10 40 06,-10.668333333333333,80.2,23.1,4.73,77.8,Map/Offsets   !,https://cgi.minorplanetcenter.net/cgi-bin/confirmeph2.cgi
20260512T023058Z,2026-05-12T02:30:58.342167Z,20260512T023058Z_batch01,ZTF10Di,2026-05-12T08:00:00Z,22 12 03.1,333.0129166666666,-10 39 07,-10.651944444444444,80.1,23.2,4.65,77.8,Map/Offsets   !,https://cgi.minorplanetcenter.net/cgi-bin/confirmeph2.cgi
20260512T023058Z,2026-05-12T02:30:58.342167Z,20260512T023058Z_batch01,ZTF10Di,2026-05-12T09:00:00Z,22 12 21.4,333.08916666666664,-10 38 08,-10.635555555555555,80.1,23.2,4.57,77.8,Map/Offsets   !,https://cgi.minorplanetcenter.net/cgi-bin/confirmeph2.cgi
20260512T023058Z,2026-05-12T02:30:58.342167Z,20260512T023058Z_batch01,ZTF10Di,2026-05-12T10:00:00Z,22 12 39.5,333.1645833333333,-10 37 10,-10.619444444444445,80.0,23.2,4.49,77.8,Map/Offsets   !,https://cgi.minorplanetcenter.net/cgi-bin/confirmeph2.cgi
20260512T023058Z,2026-05-12T02:30:58.342167Z,20260512T023058Z_batch01,ZTF10Di,2026-05-12T11:00:00Z,22 12 57.2,333.2383333333333,-10 36 14,-10.60388888888889,80.0,23.2,4.42,77.7,Map/Offsets   !,https://cgi.minorplanetcenter.net/cgi-bin/confirmeph2.cgi
20260512T023058Z,2026-05-12T02:30:58.342167Z,20260512T023058Z_batch01,ZTF10Di,2026-05-12T12:00:00Z,22 13 14.6,333.31083333333333,-10 35 18,-10.588333333333335,80.0,23.2,4.34,77.7,Map/Offsets   !,https://cgi.minorplanetcenter.net/cgi-bin/confirmeph2.cgi
20260512T023058Z,2026-05-12T02:30:58.342167Z,20260512T023058Z_batch01,ZTF10Di,2026-05-12T13:00:00Z,22 13 31.7,333.3820833333333,-10 34 23,-10.573055555555555,80.0,23.3,4.27,77.7,Map/Offsets   !,https://cgi.minorplanetcenter.net/cgi-bin/confirmeph2.cgi
20260512T023058Z,2026-05-12T02:30:58.342167Z,20260512T023058Z_batch01,ZTF10Di,2026-05-12T14:00:00Z,22 13 48.6,333.4525,-10 33 29,-10.558055555555557,79.9,23.3,4.2,77.7,Map/Offsets   !,https://cgi.minorplanetcenter.net/cgi-bin/confirmeph2.cgi
20260512T023058Z,2026-05-12T02:30:58.342167Z,20260512T023058Z_batch01,ZTF10Di,2026-05-12T15:00:00Z,22 14 05.1,333.52125,-10 32 35,-10.543055555555556,79.9,23.3,4.13,77.7,Map/Offsets   !,https://cgi.minorplanetcenter.net/cgi-bin/confirmeph2.cgi
20260512T023058Z,2026-05-12T02:30:58.342167Z,20260512T023058Z_batch01,ZTF10Di,2026-05-12T16:00:00Z,22 14 21.4,333.5891666666667,-10 31 43,-10.528611111111111,79.9,23.3,4.07,77.7,Map/Offsets   !,https://cgi.minorplanetcenter.net/cgi-bin/confirmeph2.cgi
20260512T023058Z,2026-05-12T02:30:58.342167Z,20260512T023058Z_batch01,ZTF10Di,2026-05-12T17:00:00Z,22 14 37.5,333.65625000000006,-10 30 51,-10.514166666666666,79.8,23.3,4.0,77.7,Map/Offsets   !,https://cgi.minorplanetcenter.net/cgi-bin/confirmeph2.cgi
20260512T023058Z,2026-05-12T02:30:58.342167Z,20260512T023058Z_batch01,ZTF10Di,2026-05-12T18:00:00Z,22 14 53.2,333.7216666666667,-10 30 00,-10.5,79.8,23.3,3.94,77.6,Map/Offsets   !,https://cgi.minorplanetcenter.net/cgi-bin/confirmeph2.cgi
20260512T023058Z,2026-05-12T02:30:58.342167Z,20260512T023058Z_batch01,ZTF10Di,2026-05-12T19:00:00Z,22 15 08.8,333.78666666666663,-10 29 10,-10.48611111111111,79.8,23.4,3.87,77.6,Map/Offsets   !,https://cgi.minorplanetcenter.net/cgi-bin/confirmeph2.cgi
20260512T023058Z,2026-05-12T02:30:58.342167Z,20260512T023058Z_batch01,ZTF10Di,2026-05-12T20:00:00Z,22 15 24.0,333.85,-10 28 21,-10.4725,79.8,23.4,3.81,77.6,Map/Offsets   !,https://cgi.minorplanetcenter.net/cgi-bin/confirmeph2.cgi
20260512T023058Z,2026-05-12T02:30:58.342167Z,20260512T023058Z_batch01,ZTF10Di,2026-05-12T21:00:00Z,22 15 39.1,333.91291666666666,-10 27 32,-10.458888888888888,79.7,23.4,3.75,77.6,Map/Offsets   !,https://cgi.minorplanetcenter.net/cgi-bin/confirmeph2.cgi
20260512T023058Z,2026-05-12T02:30:58.342167Z,20260512T023058Z_batch01,ZTF10Di,2026-05-12T22:00:00Z,22 15 53.9,333.9745833333333,-10 26 44,-10.445555555555556,79.7,23.4,3.7,77.6,Map/Offsets   !,https://cgi.minorplanetcenter.net/cgi-bin/confirmeph2.cgi
20260512T023058Z,2026-05-12T02:30:58.342167Z,20260512T023058Z_batch01,ZTF10Di,2026-05-12T23:00:00Z,22 16 08.4,334.03499999999997,-10 25 56,-10.432222222222222,79.7,23.4,3.64,77.6,Map/Offsets   !,https://cgi.minorplanetcenter.net/cgi-bin/confirmeph2.cgi
20260512T023058Z,2026-05-12T02:30:58.342167Z,20260512T023058Z_batch01,ZTF10Di,2026-05-13T00:00:00Z,22 16 22.8,334.09499999999997,-10 25 10,-10.419444444444444,79.7,23.5,3.58,77.6,Map/Offsets   !,https://cgi.minorplanetcenter.net/cgi-bin/confirmeph2.cgi
20260512T023058Z,2026-05-12T02:30:58.342167Z,20260512T023058Z_batch01,ZTF10Di,2026-05-13T01:00:00Z,22 16 36.9,334.15374999999995,-10 24 24,-10.406666666666666,79.7,23.5,3.53,77.6,Map/Offsets   !,https://cgi.minorplanetcenter.net/cgi-bin/confirmeph2.cgi
20260512T023058Z,2026-05-12T02:30:58.342167Z,20260512T023058Z_batch01,S001563,2026-05-12T01:00:00Z,12 59 38.0,194.90833333333333,-26 57 21,-26.95583333333333,147.8,21.5,0.19,230.2,Map/Offsets,https://cgi.minorplanetcenter.net/cgi-bin/confirmeph2.cgi
20260512T023058Z,2026-05-12T02:30:58.342167Z,20260512T023058Z_batch01,S001563,2026-05-12T02:00:00Z,12 59 37.4,194.9058333333333,-26 57 29,-26.958055555555553,147.7,21.5,0.19,230.1,Map/Offsets,https://cgi.minorplanetcenter.net/cgi-bin/confirmeph2.cgi
20260512T023058Z,2026-05-12T02:30:58.342167Z,20260512T023058Z_batch01,S001563,2026-05-12T03:00:00Z,12 59 36.7,194.90291666666664,-26 57 36,-26.96,147.7,21.5,0.19,230.1,Map/Offsets,https://cgi.minorplanetcenter.net/cgi-bin/confirmeph2.cgi
20260512T023058Z,2026-05-12T02:30:58.342167Z,20260512T023058Z_batch01,S001563,2026-05-12T04:00:00Z,12 59 36.0,194.89999999999998,-26 57 44,-26.96222222222222,147.7,21.5,0.19,230.0,Map/Offsets,https://cgi.minorplanetcenter.net/cgi-bin/confirmeph2.cgi
20260512T023058Z,2026-05-12T02:30:58.342167Z,20260512T023058Z_batch01,S001563,2026-05-12T05:00:00Z,12 59 35.4,194.89749999999998,-26 57 51,-26.964166666666667,147.6,21.5,0.19,229.9,Map/Offsets,https://cgi.minorplanetcenter.net/cgi-bin/confirmeph2.cgi
20260512T023058Z,2026-05-12T02:30:58.342167Z,20260512T023058Z_batch01,S001563,2026-05-12T06:00:00Z,12 59 34.7,194.89458333333332,-26 57 58,-26.96611111111111,147.6,21.5,0.19,229.8,Map/Offsets,https://cgi.minorplanetcenter.net/cgi-bin/confirmeph2.cgi
20260512T023058Z,2026-05-12T02:30:58.342167Z,20260512T023058Z_batch01,S001563,2026-05-12T07:00:00Z,12 59 34.1,194.89208333333332,-26 58 06,-26.96833333333333,147.6,21.5,0.19,229.7,Map/Offsets,https://cgi.minorplanetcenter.net/cgi-bin/confirmeph2.cgi
20260512T023058Z,2026-05-12T02:30:58.342167Z,20260512T023058Z_batch01,S001563,2026-05-12T08:00:00Z,12 59 33.4,194.88916666666665,-26 58 13,-26.970277777777778,147.5,21.5,0.19,229.6,Map/Offsets,https://cgi.minorplanetcenter.net/cgi-bin/confirmeph2.cgi
20260512T023058Z,2026-05-12T02:30:58.342167Z,20260512T023058Z_batch01,S001563,2026-05-12T09:00:00Z,12 59 32.8,194.88666666666666,-26 58 21,-26.972499999999997,147.5,21.5,0.19,229.5,Map/Offsets,https://cgi.minorplanetcenter.net/cgi-bin/confirmeph2.cgi
20260512T023058Z,2026-05-12T02:30:58.342167Z,20260512T023058Z_batch01,S001563,2026-05-12T10:00:00Z,12 59 32.1,194.88374999999996,-26 58 28,-26.974444444444444,147.5,21.5,0.19,229.5,Map/Offsets,https://cgi.minorplanetcenter.net/cgi-bin/confirmeph2.cgi
20260512T023058Z,2026-05-12T02:30:58.342167Z,20260512T023058Z_batch01,S001563,2026-05-12T11:00:00Z,12 59 31.5,194.88124999999997,-26 58 35,-26.976388888888888,147.4,21.5,0.19,229.4,Map/Offsets,https://cgi.minorplanetcenter.net/cgi-bin/confirmeph2.cgi
20260512T023058Z,2026-05-12T02:30:58.342167Z,20260512T023058Z_batch01,S001563,2026-05-12T12:00:00Z,12 59 30.8,194.8783333333333,-26 58 43,-26.97861111111111,147.4,21.5,0.19,229.3,Map/Offsets,https://cgi.minorplanetcenter.net/cgi-bin/confirmeph2.cgi
20260512T023058Z,2026-05-12T02:30:58.342167Z,20260512T023058Z_batch01,S001563,2026-05-12T13:00:00Z,12 59 30.2,194.87583333333333,-26 58 50,-26.980555555555554,147.4,21.5,0.19,229.2,Map/Offsets,https://cgi.minorplanetcenter.net/cgi-bin/confirmeph2.cgi
20260512T023058Z,2026-05-12T02:30:58.342167Z,20260512T023058Z_batch01,S001563,2026-05-12T14:00:00Z,12 59 29.6,194.87333333333333,-26 58 58,-26.982777777777777,147.3,21.5,0.19,229.1,Map/Offsets,https://cgi.minorplanetcenter.net/cgi-bin/confirmeph2.cgi
20260512T023058Z,2026-05-12T02:30:58.342167Z,20260512T023058Z_batch01,S001563,2026-05-12T15:00:00Z,12 59 28.9,194.87041666666667,-26 59 05,-26.984722222222224,147.3,21.5,0.19,229.0,Map/Offsets,https://cgi.minorplanetcenter.net/cgi-bin/confirmeph2.cgi
20260512T023058Z,2026-05-12T02:30:58.342167Z,20260512T023058Z_batch01,S001563,2026-05-12T16:00:00Z,12 59 28.3,194.86791666666667,-26 59 12,-26.986666666666668,147.2,21.5,0.19,228.9,Map/Offsets,https://cgi.minorplanetcenter.net/cgi-bin/confirmeph2.cgi
20260512T023058Z,2026-05-12T02:30:58.342167Z,20260512T023058Z_batch01,S001563,2026-05-12T17:00:00Z,12 59 27.7,194.86541666666665,-26 59 20,-26.98888888888889,147.2,21.5,0.19,228.8,Map/Offsets,https://cgi.minorplanetcenter.net/cgi-bin/confirmeph2.cgi
20260512T023058Z,2026-05-12T02:30:58.342167Z,20260512T023058Z_batch01,S001563,2026-05-12T18:00:00Z,12 59 27.0,194.86249999999998,-26 59 27,-26.990833333333335,147.2,21.5,0.19,228.7,Map/Offsets,https://cgi.minorplanetcenter.net/cgi-bin/confirmeph2.cgi
20260512T023058Z,2026-05-12T02:30:58.342167Z,20260512T023058Z_batch01,S001563,2026-05-12T19:00:00Z,12 59 26.4,194.85999999999999,-26 59 34,-26.99277777777778,147.1,21.5,0.18,228.6,Map/Offsets,https://cgi.minorplanetcenter.net/cgi-bin/confirmeph2.cgi
20260512T023058Z,2026-05-12T02:30:58.342167Z,20260512T023058Z_batch01,S001563,2026-05-12T20:00:00Z,12 59 25.8,194.8575,-26 59 42,-26.995,147.1,21.5,0.18,228.5,Map/Offsets,https://cgi.minorplanetcenter.net/cgi-bin/confirmeph2.cgi
20260512T023058Z,2026-05-12T02:30:58.342167Z,20260512T023058Z_batch01,S001563,2026-05-12T21:00:00Z,12 59 25.2,194.855,-26 59 49,-26.996944444444445,147.1,21.5,0.18,228.4,Map/Offsets,https://cgi.minorplanetcenter.net/cgi-bin/confirmeph2.cgi
20260512T023058Z,2026-05-12T02:30:58.342167Z,20260512T023058Z_batch01,S001563,2026-05-12T22:00:00Z,12 59 24.6,194.8525,-26 59 56,-26.99888888888889,147.0,21.5,0.18,228.3,Map/Offsets,https://cgi.minorplanetcenter.net/cgi-bin/confirmeph2.cgi
20260512T023058Z,2026-05-12T02:30:58.342167Z,20260512T023058Z_batch01,S001563,2026-05-12T23:00:00Z,12 59 24.0,194.84999999999997,-27 00 03,-27.000833333333333,147.0,21.5,0.18,228.2,Map/Offsets,https://cgi.minorplanetcenter.net/cgi-bin/confirmeph2.cgi
20260512T023058Z,2026-05-12T02:30:58.342167Z,20260512T023058Z_batch01,S001563,2026-05-13T00:00:00Z,12 59 23.3,194.8470833333333,-27 00 11,-27.003055555555555,147.0,21.5,0.18,228.1,Map/Offsets,https://cgi.minorplanetcenter.net/cgi-bin/confirmeph2.cgi
20260512T023058Z,2026-05-12T02:30:58.342167Z,20260512T023058Z_batch01,S001563,2026-05-13T01:00:00Z,12 59 22.7,194.8445833333333,-27 00 18,-27.005,146.9,21.5,0.18,228.0,Map/Offsets,https://cgi.minorplanetcenter.net/cgi-bin/confirmeph2.cgi
20260512T023058Z,2026-05-12T02:30:58.342167Z,20260512T023058Z_batch01,P22mZLU,2026-05-12T01:00:00Z,11 48 42.0,177.175,-16 07 00,-16.116666666666667,131.0,21.0,2.48,34.8,Map/Offsets,https://cgi.minorplanetcenter.net/cgi-bin/confirmeph2.cgi
20260512T023058Z,2026-05-12T02:30:58.342167Z,20260512T023058Z_batch01,P22mZLU,2026-05-12T02:00:00Z,11 48 47.9,177.19958333333335,-16 04 58,-16.08277777777778,131.0,21.0,2.48,34.9,Map/Offsets,https://cgi.minorplanetcenter.net/cgi-bin/confirmeph2.cgi
20260512T023058Z,2026-05-12T02:30:58.342167Z,20260512T023058Z_batch01,P22mZLU,2026-05-12T03:00:00Z,11 48 53.8,177.22416666666666,-16 02 56,-16.04888888888889,131.0,21.0,2.48,34.9,Map/Offsets,https://cgi.minorplanetcenter.net/cgi-bin/confirmeph2.cgi
20260512T023058Z,2026-05-12T02:30:58.342167Z,20260512T023058Z_batch01,P22mZLU,2026-05-12T04:00:00Z,11 48 59.7,177.24875,-16 00 54,-16.015,131.0,21.0,2.48,34.9,Map/Offsets,https://cgi.minorplanetcenter.net/cgi-bin/confirmeph2.cgi
20260512T023058Z,2026-05-12T02:30:58.342167Z,20260512T023058Z_batch01,P22mZLU,2026-05-12T05:00:00Z,11 49 05.6,177.2733333333333,-15 58 52,-15.981111111111112,130.9,21.0,2.48,35.0,Map/Offsets,https://cgi.minorplanetcenter.net/cgi-bin/confirmeph2.cgi
20260512T023058Z,2026-05-12T02:30:58.342167Z,20260512T023058Z_batch01,P22mZLU,2026-05-12T06:00:00Z,11 49 11.5,177.29791666666665,-15 56 51,-15.9475,130.9,21.0,2.48,35.0,Map/Offsets,https://cgi.minorplanetcenter.net/cgi-bin/confirmeph2.cgi
20260512T023058Z,2026-05-12T02:30:58.342167Z,20260512T023058Z_batch01,P22mZLU,2026-05-12T07:00:00Z,11 49 17.5,177.32291666666666,-15 54 49,-15.913611111111111,130.9,21.0,2.48,35.0,Map/Offsets,https://cgi.minorplanetcenter.net/cgi-bin/confirmeph2.cgi
20260512T023058Z,2026-05-12T02:30:58.342167Z,20260512T023058Z_batch01,P22mZLU,2026-05-12T08:00:00Z,11 49 23.4,177.3475,-15 52 47,-15.879722222222222,130.9,21.0,2.48,35.0,Map/Offsets,https://cgi.minorplanetcenter.net/cgi-bin/confirmeph2.cgi
20260512T023058Z,2026-05-12T02:30:58.342167Z,20260512T023058Z_batch01,P22mZLU,2026-05-12T09:00:00Z,11 49 29.3,177.37208333333334,-15 50 45,-15.845833333333333,130.9,21.0,2.48,35.1,Map/Offsets,https://cgi.minorplanetcenter.net/cgi-bin/confirmeph2.cgi
20260512T023058Z,2026-05-12T02:30:58.342167Z,20260512T023058Z_batch01,P22mZLU,2026-05-12T10:00:00Z,11 49 35.2,177.39666666666668,-15 48 43,-15.811944444444444,130.8,21.0,2.48,35.1,Map/Offsets,https://cgi.minorplanetcenter.net/cgi-bin/confirmeph2.cgi
20260512T023058Z,2026-05-12T02:30:58.342167Z,20260512T023058Z_batch01,P22mZLU,2026-05-12T11:00:00Z,11 49 41.2,177.42166666666668,-15 46 41,-15.778055555555556,130.8,21.0,2.48,35.1,Map/Offsets,https://cgi.minorplanetcenter.net/cgi-bin/confirmeph2.cgi
20260512T023058Z,2026-05-12T02:30:58.342167Z,20260512T023058Z_batch01,P22mZLU,2026-05-12T12:00:00Z,11 49 47.1,177.44625,-15 44 39,-15.744166666666667,130.8,21.0,2.49,35.2,Map/Offsets,https://cgi.minorplanetcenter.net/cgi-bin/confirmeph2.cgi
20260512T023058Z,2026-05-12T02:30:58.342167Z,20260512T023058Z_batch01,P22mZLU,2026-05-12T13:00:00Z,11 49 53.1,177.47125,-15 42 37,-15.710277777777778,130.8,21.0,2.49,35.2,Map/Offsets,https://cgi.minorplanetcenter.net/cgi-bin/confirmeph2.cgi
20260512T023058Z,2026-05-12T02:30:58.342167Z,20260512T023058Z_batch01,P22mZLU,2026-05-12T14:00:00Z,11 49 59.0,177.49583333333334,-15 40 35,-15.676388888888889,130.7,21.0,2.49,35.2,Map/Offsets,https://cgi.minorplanetcenter.net/cgi-bin/confirmeph2.cgi
20260512T023058Z,2026-05-12T02:30:58.342167Z,20260512T023058Z_batch01,P22mZLU,2026-05-12T15:00:00Z,11 50 05.0,177.52083333333334,-15 38 33,-15.6425,130.7,21.0,2.49,35.2,Map/Offsets,https://cgi.minorplanetcenter.net/cgi-bin/confirmeph2.cgi
20260512T023058Z,2026-05-12T02:30:58.342167Z,20260512T023058Z_batch01,P22mZLU,2026-05-12T16:00:00Z,11 50 11.0,177.54583333333335,-15 36 31,-15.608611111111111,130.7,21.0,2.49,35.3,Map/Offsets,https://cgi.minorplanetcenter.net/cgi-bin/confirmeph2.cgi
20260512T023058Z,2026-05-12T02:30:58.342167Z,20260512T023058Z_batch01,P22mZLU,2026-05-12T17:00:00Z,11 50 16.9,177.5704166666667,-15 34 29,-15.574722222222222,130.7,21.0,2.49,35.3,Map/Offsets,https://cgi.minorplanetcenter.net/cgi-bin/confirmeph2.cgi
20260512T023058Z,2026-05-12T02:30:58.342167Z,20260512T023058Z_batch01,P22mZLU,2026-05-12T18:00:00Z,11 50 22.9,177.5954166666667,-15 32 27,-15.540833333333333,130.7,21.0,2.49,35.3,Map/Offsets,https://cgi.minorplanetcenter.net/cgi-bin/confirmeph2.cgi
20260512T023058Z,2026-05-12T02:30:58.342167Z,20260512T023058Z_batch01,P22mZLU,2026-05-12T19:00:00Z,11 50 28.9,177.6204166666667,-15 30 25,-15.506944444444445,130.6,21.0,2.49,35.4,Map/Offsets,https://cgi.minorplanetcenter.net/cgi-bin/confirmeph2.cgi
20260512T023058Z,2026-05-12T02:30:58.342167Z,20260512T023058Z_batch01,P22mZLU,2026-05-12T20:00:00Z,11 50 34.9,177.64541666666668,-15 28 24,-15.473333333333333,130.6,21.0,2.49,35.4,Map/Offsets,https://cgi.minorplanetcenter.net/cgi-bin/confirmeph2.cgi
20260512T023058Z,2026-05-12T02:30:58.342167Z,20260512T023058Z_batch01,P22mZLU,2026-05-12T21:00:00Z,11 50 40.9,177.67041666666665,-15 26 22,-15.439444444444444,130.6,21.0,2.49,35.4,Map/Offsets,https://cgi.minorplanetcenter.net/cgi-bin/confirmeph2.cgi
20260512T023058Z,2026-05-12T02:30:58.342167Z,20260512T023058Z_batch01,P22mZLU,2026-05-12T22:00:00Z,11 50 46.9,177.69541666666666,-15 24 20,-15.405555555555557,130.6,21.0,2.49,35.4,Map/Offsets,https://cgi.minorplanetcenter.net/cgi-bin/confirmeph2.cgi
20260512T023058Z,2026-05-12T02:30:58.342167Z,20260512T023058Z_batch01,P22mZLU,2026-05-12T23:00:00Z,11 50 52.9,177.72041666666667,-15 22 18,-15.371666666666668,130.6,21.0,2.49,35.5,Map/Offsets,https://cgi.minorplanetcenter.net/cgi-bin/confirmeph2.cgi
20260512T023058Z,2026-05-12T02:30:58.342167Z,20260512T023058Z_batch01,P22mZLU,2026-05-13T00:00:00Z,11 50 58.9,177.74541666666667,-15 20 16,-15.337777777777779,130.5,21.0,2.5,35.5,Map/Offsets,https://cgi.minorplanetcenter.net/cgi-bin/confirmeph2.cgi
20260512T023058Z,2026-05-12T02:30:58.342167Z,20260512T023058Z_batch01,P22mZLU,2026-05-13T01:00:00Z,11 51 04.9,177.77041666666665,-15 18 14,-15.30388888888889,130.5,21.0,2.5,35.5,Map/Offsets,https://cgi.minorplanetcenter.net/cgi-bin/confirmeph2.cgi
