snapshot_id,fetched_at_utc,batch_id,designation,ephem_time_utc,ra_hms,ra_deg,dec_dms,dec_deg,elong_deg,v_mag,motion_arcsec_per_min,pa_deg,uncertainty,source_url
20260515T013407Z,2026-05-15T01:34:07.995566Z,20260515T013407Z_batch01,P12neKJ,2026-05-15T00:00:00Z,13 01 28.8,195.37,-23 29 28,-23.491111111111113,146.1,21.1,0.56,292.1,Map/Offsets,https://cgi.minorplanetcenter.net/cgi-bin/confirmeph2.cgi
20260515T013407Z,2026-05-15T01:34:07.995566Z,20260515T013407Z_batch01,P12neKJ,2026-05-15T01:00:00Z,13 01 26.6,195.36083333333335,-23 29 15,-23.4875,146.0,21.1,0.56,292.1,Map/Offsets,https://cgi.minorplanetcenter.net/cgi-bin/confirmeph2.cgi
20260515T013407Z,2026-05-15T01:34:07.995566Z,20260515T013407Z_batch01,P12neKJ,2026-05-15T02:00:00Z,13 01 24.3,195.35125000000002,-23 29 02,-23.483888888888888,146.0,21.1,0.56,292.1,Map/Offsets,https://cgi.minorplanetcenter.net/cgi-bin/confirmeph2.cgi
20260515T013407Z,2026-05-15T01:34:07.995566Z,20260515T013407Z_batch01,P12neKJ,2026-05-15T03:00:00Z,13 01 22.1,195.34208333333336,-23 28 50,-23.480555555555554,146.0,21.1,0.56,292.1,Map/Offsets,https://cgi.minorplanetcenter.net/cgi-bin/confirmeph2.cgi
20260515T013407Z,2026-05-15T01:34:07.995566Z,20260515T013407Z_batch01,P12neKJ,2026-05-15T04:00:00Z,13 01 19.8,195.3325,-23 28 37,-23.47694444444444,145.9,21.1,0.56,292.2,Map/Offsets,https://cgi.minorplanetcenter.net/cgi-bin/confirmeph2.cgi
20260515T013407Z,2026-05-15T01:34:07.995566Z,20260515T013407Z_batch01,P12neKJ,2026-05-15T05:00:00Z,13 01 17.6,195.32333333333335,-23 28 25,-23.473611111111108,145.9,21.1,0.56,292.2,Map/Offsets,https://cgi.minorplanetcenter.net/cgi-bin/confirmeph2.cgi
20260515T013407Z,2026-05-15T01:34:07.995566Z,20260515T013407Z_batch01,P12neKJ,2026-05-15T06:00:00Z,13 01 15.3,195.31375000000003,-23 28 12,-23.47,145.8,21.1,0.56,292.2,Map/Offsets,https://cgi.minorplanetcenter.net/cgi-bin/confirmeph2.cgi
20260515T013407Z,2026-05-15T01:34:07.995566Z,20260515T013407Z_batch01,P12neKJ,2026-05-15T07:00:00Z,13 01 13.1,195.30458333333334,-23 27 59,-23.46638888888889,145.8,21.1,0.56,292.2,Map/Offsets,https://cgi.minorplanetcenter.net/cgi-bin/confirmeph2.cgi
20260515T013407Z,2026-05-15T01:34:07.995566Z,20260515T013407Z_batch01,P12neKJ,2026-05-15T08:00:00Z,13 01 10.9,195.29541666666668,-23 27 47,-23.463055555555556,145.7,21.1,0.56,292.2,Map/Offsets,https://cgi.minorplanetcenter.net/cgi-bin/confirmeph2.cgi
20260515T013407Z,2026-05-15T01:34:07.995566Z,20260515T013407Z_batch01,P12neKJ,2026-05-15T09:00:00Z,13 01 08.6,195.28583333333336,-23 27 34,-23.459444444444443,145.7,21.1,0.56,292.2,Map/Offsets,https://cgi.minorplanetcenter.net/cgi-bin/confirmeph2.cgi
20260515T013407Z,2026-05-15T01:34:07.995566Z,20260515T013407Z_batch01,P12neKJ,2026-05-15T10:00:00Z,13 01 06.4,195.27666666666667,-23 27 22,-23.45611111111111,145.7,21.1,0.56,292.2,Map/Offsets,https://cgi.minorplanetcenter.net/cgi-bin/confirmeph2.cgi
20260515T013407Z,2026-05-15T01:34:07.995566Z,20260515T013407Z_batch01,P12neKJ,2026-05-15T11:00:00Z,13 01 04.1,195.26708333333335,-23 27 09,-23.4525,145.6,21.1,0.56,292.2,Map/Offsets,https://cgi.minorplanetcenter.net/cgi-bin/confirmeph2.cgi
20260515T013407Z,2026-05-15T01:34:07.995566Z,20260515T013407Z_batch01,P12neKJ,2026-05-15T12:00:00Z,13 01 01.9,195.2579166666667,-23 26 56,-23.448888888888888,145.6,21.1,0.55,292.3,Map/Offsets,https://cgi.minorplanetcenter.net/cgi-bin/confirmeph2.cgi
20260515T013407Z,2026-05-15T01:34:07.995566Z,20260515T013407Z_batch01,P12neKJ,2026-05-15T13:00:00Z,13 00 59.6,195.24833333333333,-23 26 44,-23.445555555555554,145.5,21.1,0.55,292.3,Map/Offsets,https://cgi.minorplanetcenter.net/cgi-bin/confirmeph2.cgi
20260515T013407Z,2026-05-15T01:34:07.995566Z,20260515T013407Z_batch01,P12neKJ,2026-05-15T14:00:00Z,13 00 57.4,195.23916666666668,-23 26 31,-23.441944444444445,145.5,21.1,0.55,292.3,Map/Offsets,https://cgi.minorplanetcenter.net/cgi-bin/confirmeph2.cgi
20260515T013407Z,2026-05-15T01:34:07.995566Z,20260515T013407Z_batch01,P12neKJ,2026-05-15T15:00:00Z,13 00 55.2,195.23,-23 26 19,-23.43861111111111,145.4,21.1,0.55,292.3,Map/Offsets,https://cgi.minorplanetcenter.net/cgi-bin/confirmeph2.cgi
20260515T013407Z,2026-05-15T01:34:07.995566Z,20260515T013407Z_batch01,P12neKJ,2026-05-15T16:00:00Z,13 00 52.9,195.22041666666667,-23 26 06,-23.435,145.4,21.1,0.55,292.3,Map/Offsets,https://cgi.minorplanetcenter.net/cgi-bin/confirmeph2.cgi
20260515T013407Z,2026-05-15T01:34:07.995566Z,20260515T013407Z_batch01,P12neKJ,2026-05-15T17:00:00Z,13 00 50.7,195.21125,-23 25 53,-23.43138888888889,145.3,21.1,0.55,292.3,Map/Offsets,https://cgi.minorplanetcenter.net/cgi-bin/confirmeph2.cgi
20260515T013407Z,2026-05-15T01:34:07.995566Z,20260515T013407Z_batch01,P12neKJ,2026-05-15T18:00:00Z,13 00 48.5,195.20208333333335,-23 25 41,-23.428055555555556,145.3,21.1,0.55,292.3,Map/Offsets,https://cgi.minorplanetcenter.net/cgi-bin/confirmeph2.cgi
20260515T013407Z,2026-05-15T01:34:07.995566Z,20260515T013407Z_batch01,P12neKJ,2026-05-15T19:00:00Z,13 00 46.2,195.1925,-23 25 28,-23.424444444444447,145.3,21.1,0.55,292.3,Map/Offsets,https://cgi.minorplanetcenter.net/cgi-bin/confirmeph2.cgi
20260515T013407Z,2026-05-15T01:34:07.995566Z,20260515T013407Z_batch01,P12neKJ,2026-05-15T20:00:00Z,13 00 44.0,195.18333333333334,-23 25 15,-23.420833333333334,145.2,21.1,0.55,292.4,Map/Offsets,https://cgi.minorplanetcenter.net/cgi-bin/confirmeph2.cgi
20260515T013407Z,2026-05-15T01:34:07.995566Z,20260515T013407Z_batch01,P12neKJ,2026-05-15T21:00:00Z,13 00 41.8,195.17416666666668,-23 25 03,-23.4175,145.2,21.1,0.55,292.4,Map/Offsets,https://cgi.minorplanetcenter.net/cgi-bin/confirmeph2.cgi
20260515T013407Z,2026-05-15T01:34:07.995566Z,20260515T013407Z_batch01,P12neKJ,2026-05-15T22:00:00Z,13 00 39.6,195.165,-23 24 50,-23.413888888888888,145.1,21.1,0.55,292.4,Map/Offsets,https://cgi.minorplanetcenter.net/cgi-bin/confirmeph2.cgi
20260515T013407Z,2026-05-15T01:34:07.995566Z,20260515T013407Z_batch01,P12neKJ,2026-05-15T23:00:00Z,13 00 37.3,195.15541666666667,-23 24 38,-23.410555555555554,145.1,21.1,0.55,292.4,Map/Offsets,https://cgi.minorplanetcenter.net/cgi-bin/confirmeph2.cgi
20260515T013407Z,2026-05-15T01:34:07.995566Z,20260515T013407Z_batch01,P12neKJ,2026-05-16T00:00:00Z,13 00 35.1,195.14625,-23 24 25,-23.40694444444444,145.0,21.1,0.55,292.4,Map/Offsets,https://cgi.minorplanetcenter.net/cgi-bin/confirmeph2.cgi
20260515T013407Z,2026-05-15T01:34:07.995566Z,20260515T013407Z_batch01,P12neKs,2026-05-15T00:00:00Z,18 21 42.0,275.425,+57 59 43,57.99527777777778,95.1,20.2,0.58,256.4,Map/Offsets,https://cgi.minorplanetcenter.net/cgi-bin/confirmeph2.cgi
20260515T013407Z,2026-05-15T01:34:07.995566Z,20260515T013407Z_batch01,P12neKs,2026-05-15T01:00:00Z,18 21 37.8,275.4075,+57 59 35,57.99305555555556,95.1,20.2,0.58,256.3,Map/Offsets,https://cgi.minorplanetcenter.net/cgi-bin/confirmeph2.cgi
20260515T013407Z,2026-05-15T01:34:07.995566Z,20260515T013407Z_batch01,P12neKs,2026-05-15T02:00:00Z,18 21 33.5,275.38958333333335,+57 59 27,57.990833333333335,95.1,20.2,0.58,256.2,Map/Offsets,https://cgi.minorplanetcenter.net/cgi-bin/confirmeph2.cgi
20260515T013407Z,2026-05-15T01:34:07.995566Z,20260515T013407Z_batch01,P12neKs,2026-05-15T03:00:00Z,18 21 29.3,275.37208333333336,+57 59 18,57.98833333333334,95.1,20.2,0.58,256.2,Map/Offsets,https://cgi.minorplanetcenter.net/cgi-bin/confirmeph2.cgi
20260515T013407Z,2026-05-15T01:34:07.995566Z,20260515T013407Z_batch01,P12neKs,2026-05-15T04:00:00Z,18 21 25.0,275.3541666666667,+57 59 10,57.986111111111114,95.2,20.2,0.58,256.1,Map/Offsets,https://cgi.minorplanetcenter.net/cgi-bin/confirmeph2.cgi
20260515T013407Z,2026-05-15T01:34:07.995566Z,20260515T013407Z_batch01,P12neKs,2026-05-15T05:00:00Z,18 21 20.8,275.33666666666664,+57 59 02,57.98388888888889,95.2,20.2,0.58,256.1,Map/Offsets,https://cgi.minorplanetcenter.net/cgi-bin/confirmeph2.cgi
20260515T013407Z,2026-05-15T01:34:07.995566Z,20260515T013407Z_batch01,P12neKs,2026-05-15T06:00:00Z,18 21 16.5,275.31875,+57 58 53,57.981388888888894,95.2,20.2,0.58,256.0,Map/Offsets,https://cgi.minorplanetcenter.net/cgi-bin/confirmeph2.cgi
20260515T013407Z,2026-05-15T01:34:07.995566Z,20260515T013407Z_batch01,P12neKs,2026-05-15T07:00:00Z,18 21 12.3,275.30125000000004,+57 58 45,57.97916666666667,95.2,20.2,0.58,256.0,Map/Offsets,https://cgi.minorplanetcenter.net/cgi-bin/confirmeph2.cgi
20260515T013407Z,2026-05-15T01:34:07.995566Z,20260515T013407Z_batch01,P12neKs,2026-05-15T08:00:00Z,18 21 08.0,275.28333333333336,+57 58 36,57.97666666666667,95.2,20.2,0.58,255.9,Map/Offsets,https://cgi.minorplanetcenter.net/cgi-bin/confirmeph2.cgi
20260515T013407Z,2026-05-15T01:34:07.995566Z,20260515T013407Z_batch01,P12neKs,2026-05-15T09:00:00Z,18 21 03.8,275.2658333333334,+57 58 28,57.974444444444444,95.2,20.2,0.58,255.8,Map/Offsets,https://cgi.minorplanetcenter.net/cgi-bin/confirmeph2.cgi
20260515T013407Z,2026-05-15T01:34:07.995566Z,20260515T013407Z_batch01,P12neKs,2026-05-15T10:00:00Z,18 20 59.5,275.24791666666664,+57 58 19,57.971944444444446,95.2,20.2,0.58,255.8,Map/Offsets,https://cgi.minorplanetcenter.net/cgi-bin/confirmeph2.cgi
20260515T013407Z,2026-05-15T01:34:07.995566Z,20260515T013407Z_batch01,P12neKs,2026-05-15T11:00:00Z,18 20 55.2,275.23,+57 58 11,57.969722222222224,95.2,20.2,0.58,255.7,Map/Offsets,https://cgi.minorplanetcenter.net/cgi-bin/confirmeph2.cgi
20260515T013407Z,2026-05-15T01:34:07.995566Z,20260515T013407Z_batch01,P12neKs,2026-05-15T12:00:00Z,18 20 51.0,275.2125,+57 58 02,57.967222222222226,95.3,20.2,0.58,255.7,Map/Offsets,https://cgi.minorplanetcenter.net/cgi-bin/confirmeph2.cgi
20260515T013407Z,2026-05-15T01:34:07.995566Z,20260515T013407Z_batch01,P12neKs,2026-05-15T13:00:00Z,18 20 46.7,275.1945833333333,+57 57 53,57.96472222222223,95.3,20.2,0.59,255.6,Map/Offsets,https://cgi.minorplanetcenter.net/cgi-bin/confirmeph2.cgi
20260515T013407Z,2026-05-15T01:34:07.995566Z,20260515T013407Z_batch01,P12neKs,2026-05-15T14:00:00Z,18 20 42.4,275.1766666666666,+57 57 45,57.962500000000006,95.3,20.2,0.59,255.6,Map/Offsets,https://cgi.minorplanetcenter.net/cgi-bin/confirmeph2.cgi
20260515T013407Z,2026-05-15T01:34:07.995566Z,20260515T013407Z_batch01,P12neKs,2026-05-15T15:00:00Z,18 20 38.1,275.15875,+57 57 36,57.96,95.3,20.2,0.59,255.5,Map/Offsets,https://cgi.minorplanetcenter.net/cgi-bin/confirmeph2.cgi
20260515T013407Z,2026-05-15T01:34:07.995566Z,20260515T013407Z_batch01,P12neKs,2026-05-15T16:00:00Z,18 20 33.9,275.14124999999996,+57 57 27,57.9575,95.3,20.2,0.59,255.4,Map/Offsets,https://cgi.minorplanetcenter.net/cgi-bin/confirmeph2.cgi
20260515T013407Z,2026-05-15T01:34:07.995566Z,20260515T013407Z_batch01,P12neKs,2026-05-15T17:00:00Z,18 20 29.6,275.12333333333333,+57 57 18,57.955000000000005,95.3,20.2,0.59,255.4,Map/Offsets,https://cgi.minorplanetcenter.net/cgi-bin/confirmeph2.cgi
20260515T013407Z,2026-05-15T01:34:07.995566Z,20260515T013407Z_batch01,P12neKs,2026-05-15T18:00:00Z,18 20 25.3,275.10541666666666,+57 57 09,57.9525,95.3,20.2,0.59,255.3,Map/Offsets,https://cgi.minorplanetcenter.net/cgi-bin/confirmeph2.cgi
20260515T013407Z,2026-05-15T01:34:07.995566Z,20260515T013407Z_batch01,P12neKs,2026-05-15T19:00:00Z,18 20 21.0,275.0875,+57 57 00,57.95,95.4,20.2,0.59,255.3,Map/Offsets,https://cgi.minorplanetcenter.net/cgi-bin/confirmeph2.cgi
20260515T013407Z,2026-05-15T01:34:07.995566Z,20260515T013407Z_batch01,P12neKs,2026-05-15T20:00:00Z,18 20 16.7,275.0695833333333,+57 56 51,57.9475,95.4,20.2,0.59,255.2,Map/Offsets,https://cgi.minorplanetcenter.net/cgi-bin/confirmeph2.cgi
20260515T013407Z,2026-05-15T01:34:07.995566Z,20260515T013407Z_batch01,P12neKs,2026-05-15T21:00:00Z,18 20 12.4,275.0516666666666,+57 56 42,57.94499999999999,95.4,20.2,0.59,255.2,Map/Offsets,https://cgi.minorplanetcenter.net/cgi-bin/confirmeph2.cgi
20260515T013407Z,2026-05-15T01:34:07.995566Z,20260515T013407Z_batch01,P12neKs,2026-05-15T22:00:00Z,18 20 08.1,275.03375,+57 56 33,57.942499999999995,95.4,20.2,0.59,255.1,Map/Offsets,https://cgi.minorplanetcenter.net/cgi-bin/confirmeph2.cgi
20260515T013407Z,2026-05-15T01:34:07.995566Z,20260515T013407Z_batch01,P12neKs,2026-05-15T23:00:00Z,18 20 03.7,275.0154166666667,+57 56 24,57.94,95.4,20.2,0.59,255.0,Map/Offsets,https://cgi.minorplanetcenter.net/cgi-bin/confirmeph2.cgi
20260515T013407Z,2026-05-15T01:34:07.995566Z,20260515T013407Z_batch01,P12neKs,2026-05-16T00:00:00Z,18 19 59.4,274.9975,+57 56 15,57.9375,95.4,20.2,0.59,255.0,Map/Offsets,https://cgi.minorplanetcenter.net/cgi-bin/confirmeph2.cgi
20260515T013407Z,2026-05-15T01:34:07.995566Z,20260515T013407Z_batch01,P12nc1w,2026-05-15T00:00:00Z,16 13 24.2,243.35083333333333,-05 22 12,-5.369999999999999,162.3,20.7,2.9,13.1,Map/Offsets,https://cgi.minorplanetcenter.net/cgi-bin/confirmeph2.cgi
20260515T013407Z,2026-05-15T01:34:07.995566Z,20260515T013407Z_batch01,P12nc1w,2026-05-15T01:00:00Z,16 13 26.9,243.36208333333332,-05 19 21,-5.3225,162.3,20.7,2.94,13.1,Map/Offsets,https://cgi.minorplanetcenter.net/cgi-bin/confirmeph2.cgi
20260515T013407Z,2026-05-15T01:34:07.995566Z,20260515T013407Z_batch01,P12nc1w,2026-05-15T02:00:00Z,16 13 29.6,243.3733333333333,-05 16 28,-5.274444444444445,162.3,20.7,2.98,13.1,Map/Offsets,https://cgi.minorplanetcenter.net/cgi-bin/confirmeph2.cgi
20260515T013407Z,2026-05-15T01:34:07.995566Z,20260515T013407Z_batch01,P12nc1w,2026-05-15T03:00:00Z,16 13 32.3,243.38458333333332,-05 13 33,-5.225833333333333,162.2,20.6,3.02,13.0,Map/Offsets,https://cgi.minorplanetcenter.net/cgi-bin/confirmeph2.cgi
20260515T013407Z,2026-05-15T01:34:07.995566Z,20260515T013407Z_batch01,P12nc1w,2026-05-15T04:00:00Z,16 13 35.0,243.39583333333331,-05 10 36,-5.176666666666667,162.2,20.6,3.06,13.0,Map/Offsets,https://cgi.minorplanetcenter.net/cgi-bin/confirmeph2.cgi
20260515T013407Z,2026-05-15T01:34:07.995566Z,20260515T013407Z_batch01,P12nc1w,2026-05-15T05:00:00Z,16 13 37.8,243.40749999999997,-05 07 36,-5.126666666666666,162.2,20.6,3.1,13.0,Map/Offsets,https://cgi.minorplanetcenter.net/cgi-bin/confirmeph2.cgi
20260515T013407Z,2026-05-15T01:34:07.995566Z,20260515T013407Z_batch01,P12nc1w,2026-05-15T06:00:00Z,16 13 40.6,243.41916666666665,-05 04 34,-5.076111111111111,162.1,20.6,3.14,13.0,Map/Offsets,https://cgi.minorplanetcenter.net/cgi-bin/confirmeph2.cgi
20260515T013407Z,2026-05-15T01:34:07.995566Z,20260515T013407Z_batch01,P12nc1w,2026-05-15T07:00:00Z,16 13 43.5,243.43124999999998,-05 01 29,-5.0247222222222225,162.1,20.6,3.18,13.0,Map/Offsets,https://cgi.minorplanetcenter.net/cgi-bin/confirmeph2.cgi
20260515T013407Z,2026-05-15T01:34:07.995566Z,20260515T013407Z_batch01,P12nc1w,2026-05-15T08:00:00Z,16 13 46.4,243.4433333333333,-04 58 22,-4.972777777777778,162.1,20.6,3.22,13.0,Map/Offsets,https://cgi.minorplanetcenter.net/cgi-bin/confirmeph2.cgi
20260515T013407Z,2026-05-15T01:34:07.995566Z,20260515T013407Z_batch01,P12nc1w,2026-05-15T09:00:00Z,16 13 49.3,243.45541666666662,-04 55 12,-4.92,162.1,20.6,3.27,13.0,Map/Offsets,https://cgi.minorplanetcenter.net/cgi-bin/confirmeph2.cgi
20260515T013407Z,2026-05-15T01:34:07.995566Z,20260515T013407Z_batch01,P12nc1w,2026-05-15T10:00:00Z,16 13 52.3,243.46791666666667,-04 52 00,-4.866666666666667,162.0,20.5,3.31,13.0,Map/Offsets,https://cgi.minorplanetcenter.net/cgi-bin/confirmeph2.cgi
20260515T013407Z,2026-05-15T01:34:07.995566Z,20260515T013407Z_batch01,P12nc1w,2026-05-15T11:00:00Z,16 13 55.3,243.48041666666666,-04 48 45,-4.8125,162.0,20.5,3.36,12.9,Map/Offsets,https://cgi.minorplanetcenter.net/cgi-bin/confirmeph2.cgi
20260515T013407Z,2026-05-15T01:34:07.995566Z,20260515T013407Z_batch01,P12nc1w,2026-05-15T12:00:00Z,16 13 58.3,243.49291666666664,-04 45 27,-4.7575,162.0,20.5,3.4,12.9,Map/Offsets,https://cgi.minorplanetcenter.net/cgi-bin/confirmeph2.cgi
20260515T013407Z,2026-05-15T01:34:07.995566Z,20260515T013407Z_batch01,P12nc1w,2026-05-15T13:00:00Z,16 14 01.4,243.50583333333336,-04 42 07,-4.701944444444445,161.9,20.5,3.45,12.9,Map/Offsets,https://cgi.minorplanetcenter.net/cgi-bin/confirmeph2.cgi
20260515T013407Z,2026-05-15T01:34:07.995566Z,20260515T013407Z_batch01,P12nc1w,2026-05-15T14:00:00Z,16 14 04.5,243.51875,-04 38 44,-4.645555555555555,161.9,20.5,3.5,12.9,Map/Offsets,https://cgi.minorplanetcenter.net/cgi-bin/confirmeph2.cgi
20260515T013407Z,2026-05-15T01:34:07.995566Z,20260515T013407Z_batch01,P12nc1w,2026-05-15T15:00:00Z,16 14 07.7,243.53208333333336,-04 35 18,-4.588333333333333,161.9,20.5,3.55,12.9,Map/Offsets,https://cgi.minorplanetcenter.net/cgi-bin/confirmeph2.cgi
20260515T013407Z,2026-05-15T01:34:07.995566Z,20260515T013407Z_batch01,P12nc1w,2026-05-15T16:00:00Z,16 14 10.9,243.54541666666668,-04 31 48,-4.53,161.8,20.5,3.6,12.9,Map/Offsets,https://cgi.minorplanetcenter.net/cgi-bin/confirmeph2.cgi
20260515T013407Z,2026-05-15T01:34:07.995566Z,20260515T013407Z_batch01,P12nc1w,2026-05-15T17:00:00Z,16 14 14.1,243.55875,-04 28 16,-4.471111111111111,161.8,20.4,3.65,12.9,Map/Offsets,https://cgi.minorplanetcenter.net/cgi-bin/confirmeph2.cgi
20260515T013407Z,2026-05-15T01:34:07.995566Z,20260515T013407Z_batch01,P12nc1w,2026-05-15T18:00:00Z,16 14 17.4,243.57250000000002,-04 24 41,-4.411388888888889,161.7,20.4,3.71,12.9,Map/Offsets,https://cgi.minorplanetcenter.net/cgi-bin/confirmeph2.cgi
20260515T013407Z,2026-05-15T01:34:07.995566Z,20260515T013407Z_batch01,P12nc1w,2026-05-15T19:00:00Z,16 14 20.7,243.58625,-04 21 03,-4.350833333333333,161.7,20.4,3.76,12.9,Map/Offsets,https://cgi.minorplanetcenter.net/cgi-bin/confirmeph2.cgi
20260515T013407Z,2026-05-15T01:34:07.995566Z,20260515T013407Z_batch01,P12nc1w,2026-05-15T20:00:00Z,16 14 24.1,243.6004166666667,-04 17 21,-4.289166666666667,161.7,20.4,3.82,12.9,Map/Offsets,https://cgi.minorplanetcenter.net/cgi-bin/confirmeph2.cgi
20260515T013407Z,2026-05-15T01:34:07.995566Z,20260515T013407Z_batch01,P12nc1w,2026-05-15T21:00:00Z,16 14 27.5,243.61458333333334,-04 13 36,-4.226666666666667,161.6,20.4,3.87,12.8,Map/Offsets,https://cgi.minorplanetcenter.net/cgi-bin/confirmeph2.cgi
20260515T013407Z,2026-05-15T01:34:07.995566Z,20260515T013407Z_batch01,P12nc1w,2026-05-15T22:00:00Z,16 14 31.0,243.6291666666667,-04 09 48,-4.163333333333334,161.6,20.4,3.93,12.8,Map/Offsets,https://cgi.minorplanetcenter.net/cgi-bin/confirmeph2.cgi
20260515T013407Z,2026-05-15T01:34:07.995566Z,20260515T013407Z_batch01,P12nc1w,2026-05-15T23:00:00Z,16 14 34.6,243.6441666666667,-04 05 56,-4.098888888888888,161.5,20.3,3.99,12.8,Map/Offsets,https://cgi.minorplanetcenter.net/cgi-bin/confirmeph2.cgi
20260515T013407Z,2026-05-15T01:34:07.995566Z,20260515T013407Z_batch01,P12nc1w,2026-05-16T00:00:00Z,16 14 38.1,243.65875,-04 02 01,-4.033611111111111,161.5,20.3,4.05,12.8,Map/Offsets,https://cgi.minorplanetcenter.net/cgi-bin/confirmeph2.cgi
20260515T013407Z,2026-05-15T01:34:07.995566Z,20260515T013407Z_batch01,P12nc1d,2026-05-15T00:00:00Z,16 55 25.8,253.85750000000002,-05 19 36,-5.326666666666666,154.4,21.3,1.02,314.0,Map/Offsets,https://cgi.minorplanetcenter.net/cgi-bin/confirmeph2.cgi
20260515T013407Z,2026-05-15T01:34:07.995566Z,20260515T013407Z_batch01,P12nc1d,2026-05-15T01:00:00Z,16 55 22.9,253.8454166666667,-05 18 54,-5.3149999999999995,154.4,21.3,1.02,313.9,Map/Offsets,https://cgi.minorplanetcenter.net/cgi-bin/confirmeph2.cgi
20260515T013407Z,2026-05-15T01:34:07.995566Z,20260515T013407Z_batch01,P12nc1d,2026-05-15T02:00:00Z,16 55 19.9,253.8329166666667,-05 18 11,-5.303055555555555,154.4,21.3,1.02,313.9,Map/Offsets,https://cgi.minorplanetcenter.net/cgi-bin/confirmeph2.cgi
20260515T013407Z,2026-05-15T01:34:07.995566Z,20260515T013407Z_batch01,P12nc1d,2026-05-15T03:00:00Z,16 55 16.9,253.82041666666666,-05 17 29,-5.291388888888889,154.5,21.3,1.03,313.8,Map/Offsets,https://cgi.minorplanetcenter.net/cgi-bin/confirmeph2.cgi
20260515T013407Z,2026-05-15T01:34:07.995566Z,20260515T013407Z_batch01,P12nc1d,2026-05-15T04:00:00Z,16 55 13.9,253.80791666666667,-05 16 46,-5.279444444444445,154.5,21.3,1.03,313.7,Map/Offsets,https://cgi.minorplanetcenter.net/cgi-bin/confirmeph2.cgi
20260515T013407Z,2026-05-15T01:34:07.995566Z,20260515T013407Z_batch01,P12nc1d,2026-05-15T05:00:00Z,16 55 10.9,253.79541666666668,-05 16 03,-5.2675,154.5,21.3,1.03,313.6,Map/Offsets,https://cgi.minorplanetcenter.net/cgi-bin/confirmeph2.cgi
20260515T013407Z,2026-05-15T01:34:07.995566Z,20260515T013407Z_batch01,P12nc1d,2026-05-15T06:00:00Z,16 55 07.9,253.7829166666667,-05 15 21,-5.255833333333333,154.6,21.3,1.03,313.6,Map/Offsets,https://cgi.minorplanetcenter.net/cgi-bin/confirmeph2.cgi
20260515T013407Z,2026-05-15T01:34:07.995566Z,20260515T013407Z_batch01,P12nc1d,2026-05-15T07:00:00Z,16 55 04.9,253.7704166666667,-05 14 38,-5.243888888888889,154.6,21.3,1.03,313.5,Map/Offsets,https://cgi.minorplanetcenter.net/cgi-bin/confirmeph2.cgi
20260515T013407Z,2026-05-15T01:34:07.995566Z,20260515T013407Z_batch01,P12nc1d,2026-05-15T08:00:00Z,16 55 01.9,253.75791666666666,-05 13 55,-5.231944444444444,154.6,21.3,1.04,313.4,Map/Offsets,https://cgi.minorplanetcenter.net/cgi-bin/confirmeph2.cgi
20260515T013407Z,2026-05-15T01:34:07.995566Z,20260515T013407Z_batch01,P12nc1d,2026-05-15T09:00:00Z,16 54 58.9,253.7454166666666,-05 13 13,-5.220277777777778,154.7,21.3,1.04,313.3,Map/Offsets,https://cgi.minorplanetcenter.net/cgi-bin/confirmeph2.cgi
20260515T013407Z,2026-05-15T01:34:07.995566Z,20260515T013407Z_batch01,P12nc1d,2026-05-15T10:00:00Z,16 54 55.8,253.73249999999996,-05 12 30,-5.208333333333334,154.7,21.2,1.04,313.3,Map/Offsets,https://cgi.minorplanetcenter.net/cgi-bin/confirmeph2.cgi
20260515T013407Z,2026-05-15T01:34:07.995566Z,20260515T013407Z_batch01,P12nc1d,2026-05-15T11:00:00Z,16 54 52.8,253.71999999999997,-05 11 47,-5.196388888888889,154.7,21.2,1.04,313.2,Map/Offsets,https://cgi.minorplanetcenter.net/cgi-bin/confirmeph2.cgi
20260515T013407Z,2026-05-15T01:34:07.995566Z,20260515T013407Z_batch01,P12nc1d,2026-05-15T12:00:00Z,16 54 49.7,253.70708333333334,-05 11 04,-5.184444444444445,154.8,21.2,1.05,313.1,Map/Offsets,https://cgi.minorplanetcenter.net/cgi-bin/confirmeph2.cgi
20260515T013407Z,2026-05-15T01:34:07.995566Z,20260515T013407Z_batch01,P12nc1d,2026-05-15T13:00:00Z,16 54 46.7,253.6945833333333,-05 10 21,-5.1725,154.8,21.2,1.05,313.0,Map/Offsets,https://cgi.minorplanetcenter.net/cgi-bin/confirmeph2.cgi
20260515T013407Z,2026-05-15T01:34:07.995566Z,20260515T013407Z_batch01,P12nc1d,2026-05-15T14:00:00Z,16 54 43.6,253.68166666666664,-05 09 38,-5.160555555555556,154.8,21.2,1.05,313.0,Map/Offsets,https://cgi.minorplanetcenter.net/cgi-bin/confirmeph2.cgi
20260515T013407Z,2026-05-15T01:34:07.995566Z,20260515T013407Z_batch01,P12nc1d,2026-05-15T15:00:00Z,16 54 40.5,253.66875,-05 08 55,-5.148611111111111,154.9,21.2,1.05,312.9,Map/Offsets,https://cgi.minorplanetcenter.net/cgi-bin/confirmeph2.cgi
20260515T013407Z,2026-05-15T01:34:07.995566Z,20260515T013407Z_batch01,P12nc1d,2026-05-15T16:00:00Z,16 54 37.4,253.65583333333333,-05 08 12,-5.136666666666667,154.9,21.2,1.06,312.8,Map/Offsets,https://cgi.minorplanetcenter.net/cgi-bin/confirmeph2.cgi
20260515T013407Z,2026-05-15T01:34:07.995566Z,20260515T013407Z_batch01,P12nc1d,2026-05-15T17:00:00Z,16 54 34.3,253.64291666666662,-05 07 29,-5.124722222222222,154.9,21.2,1.06,312.7,Map/Offsets,https://cgi.minorplanetcenter.net/cgi-bin/confirmeph2.cgi
20260515T013407Z,2026-05-15T01:34:07.995566Z,20260515T013407Z_batch01,P12nc1d,2026-05-15T18:00:00Z,16 54 31.1,253.6295833333333,-05 06 46,-5.112777777777778,155.0,21.2,1.06,312.7,Map/Offsets,https://cgi.minorplanetcenter.net/cgi-bin/confirmeph2.cgi
20260515T013407Z,2026-05-15T01:34:07.995566Z,20260515T013407Z_batch01,P12nc1d,2026-05-15T19:00:00Z,16 54 28.0,253.61666666666667,-05 06 03,-5.100833333333333,155.0,21.2,1.06,312.6,Map/Offsets,https://cgi.minorplanetcenter.net/cgi-bin/confirmeph2.cgi
20260515T013407Z,2026-05-15T01:34:07.995566Z,20260515T013407Z_batch01,P12nc1d,2026-05-15T20:00:00Z,16 54 24.9,253.60374999999996,-05 05 20,-5.088888888888889,155.0,21.2,1.06,312.5,Map/Offsets,https://cgi.minorplanetcenter.net/cgi-bin/confirmeph2.cgi
20260515T013407Z,2026-05-15T01:34:07.995566Z,20260515T013407Z_batch01,P12nc1d,2026-05-15T21:00:00Z,16 54 21.7,253.59041666666664,-05 04 37,-5.076944444444444,155.1,21.2,1.07,312.5,Map/Offsets,https://cgi.minorplanetcenter.net/cgi-bin/confirmeph2.cgi
20260515T013407Z,2026-05-15T01:34:07.995566Z,20260515T013407Z_batch01,P12nc1d,2026-05-15T22:00:00Z,16 54 18.5,253.57708333333332,-05 03 53,-5.064722222222222,155.1,21.2,1.07,312.4,Map/Offsets,https://cgi.minorplanetcenter.net/cgi-bin/confirmeph2.cgi
20260515T013407Z,2026-05-15T01:34:07.995566Z,20260515T013407Z_batch01,P12nc1d,2026-05-15T23:00:00Z,16 54 15.4,253.56416666666664,-05 03 10,-5.052777777777778,155.1,21.2,1.07,312.3,Map/Offsets,https://cgi.minorplanetcenter.net/cgi-bin/confirmeph2.cgi
20260515T013407Z,2026-05-15T01:34:07.995566Z,20260515T013407Z_batch01,P12nc1d,2026-05-16T00:00:00Z,16 54 12.2,253.55083333333332,-05 02 27,-5.0408333333333335,155.1,21.2,1.07,312.2,Map/Offsets,https://cgi.minorplanetcenter.net/cgi-bin/confirmeph2.cgi
20260515T013407Z,2026-05-15T01:34:07.995566Z,20260515T013407Z_batch01,P12nc1c,2026-05-15T00:00:00Z,16 48 33.6,252.14000000000001,-06 43 27,-6.724166666666667,156.6,21.7,1.21,307.6,Map/Offsets,https://cgi.minorplanetcenter.net/cgi-bin/confirmeph2.cgi
20260515T013407Z,2026-05-15T01:34:07.995566Z,20260515T013407Z_batch01,P12nc1c,2026-05-15T01:00:00Z,16 48 29.8,252.12416666666667,-06 42 43,-6.711944444444445,156.6,21.7,1.21,307.6,Map/Offsets,https://cgi.minorplanetcenter.net/cgi-bin/confirmeph2.cgi
20260515T013407Z,2026-05-15T01:34:07.995566Z,20260515T013407Z_batch01,P12nc1c,2026-05-15T02:00:00Z,16 48 25.9,252.10791666666668,-06 41 59,-6.699722222222222,156.6,21.7,1.21,307.5,Map/Offsets,https://cgi.minorplanetcenter.net/cgi-bin/confirmeph2.cgi
20260515T013407Z,2026-05-15T01:34:07.995566Z,20260515T013407Z_batch01,P12nc1c,2026-05-15T03:00:00Z,16 48 22.1,252.09208333333333,-06 41 15,-6.6875,156.7,21.7,1.21,307.5,Map/Offsets,https://cgi.minorplanetcenter.net/cgi-bin/confirmeph2.cgi
20260515T013407Z,2026-05-15T01:34:07.995566Z,20260515T013407Z_batch01,P12nc1c,2026-05-15T04:00:00Z,16 48 18.2,252.07583333333332,-06 40 31,-6.675277777777778,156.7,21.7,1.21,307.5,Map/Offsets,https://cgi.minorplanetcenter.net/cgi-bin/confirmeph2.cgi
20260515T013407Z,2026-05-15T01:34:07.995566Z,20260515T013407Z_batch01,P12nc1c,2026-05-15T05:00:00Z,16 48 14.4,252.06000000000003,-06 39 47,-6.663055555555556,156.7,21.7,1.21,307.4,Map/Offsets,https://cgi.minorplanetcenter.net/cgi-bin/confirmeph2.cgi
20260515T013407Z,2026-05-15T01:34:07.995566Z,20260515T013407Z_batch01,P12nc1c,2026-05-15T06:00:00Z,16 48 10.5,252.04375000000002,-06 39 02,-6.650555555555556,156.8,21.7,1.21,307.4,Map/Offsets,https://cgi.minorplanetcenter.net/cgi-bin/confirmeph2.cgi
20260515T013407Z,2026-05-15T01:34:07.995566Z,20260515T013407Z_batch01,P12nc1c,2026-05-15T07:00:00Z,16 48 06.6,252.02750000000003,-06 38 18,-6.638333333333333,156.8,21.7,1.21,307.4,Map/Offsets,https://cgi.minorplanetcenter.net/cgi-bin/confirmeph2.cgi
20260515T013407Z,2026-05-15T01:34:07.995566Z,20260515T013407Z_batch01,P12nc1c,2026-05-15T08:00:00Z,16 48 02.7,252.01125000000002,-06 37 34,-6.626111111111111,156.8,21.7,1.21,307.4,Map/Offsets,https://cgi.minorplanetcenter.net/cgi-bin/confirmeph2.cgi
20260515T013407Z,2026-05-15T01:34:07.995566Z,20260515T013407Z_batch01,P12nc1c,2026-05-15T09:00:00Z,16 47 58.8,251.995,-06 36 50,-6.613888888888889,156.9,21.7,1.21,307.3,Map/Offsets,https://cgi.minorplanetcenter.net/cgi-bin/confirmeph2.cgi
20260515T013407Z,2026-05-15T01:34:07.995566Z,20260515T013407Z_batch01,P12nc1c,2026-05-15T10:00:00Z,16 47 55.0,251.9791666666667,-06 36 06,-6.601666666666667,156.9,21.7,1.21,307.3,Map/Offsets,https://cgi.minorplanetcenter.net/cgi-bin/confirmeph2.cgi
20260515T013407Z,2026-05-15T01:34:07.995566Z,20260515T013407Z_batch01,P12nc1c,2026-05-15T11:00:00Z,16 47 51.1,251.9629166666667,-06 35 22,-6.589444444444444,157.0,21.7,1.21,307.3,Map/Offsets,https://cgi.minorplanetcenter.net/cgi-bin/confirmeph2.cgi
20260515T013407Z,2026-05-15T01:34:07.995566Z,20260515T013407Z_batch01,P12nc1c,2026-05-15T12:00:00Z,16 47 47.2,251.94666666666672,-06 34 38,-6.577222222222222,157.0,21.7,1.22,307.3,Map/Offsets,https://cgi.minorplanetcenter.net/cgi-bin/confirmeph2.cgi
20260515T013407Z,2026-05-15T01:34:07.995566Z,20260515T013407Z_batch01,P12nc1c,2026-05-15T13:00:00Z,16 47 43.3,251.9304166666667,-06 33 53,-6.564722222222222,157.0,21.7,1.22,307.2,Map/Offsets,https://cgi.minorplanetcenter.net/cgi-bin/confirmeph2.cgi
20260515T013407Z,2026-05-15T01:34:07.995566Z,20260515T013407Z_batch01,P12nc1c,2026-05-15T14:00:00Z,16 47 39.4,251.9141666666667,-06 33 09,-6.5525,157.1,21.7,1.22,307.2,Map/Offsets,https://cgi.minorplanetcenter.net/cgi-bin/confirmeph2.cgi
20260515T013407Z,2026-05-15T01:34:07.995566Z,20260515T013407Z_batch01,P12nc1c,2026-05-15T15:00:00Z,16 47 35.5,251.89791666666667,-06 32 25,-6.540277777777778,157.1,21.7,1.22,307.2,Map/Offsets,https://cgi.minorplanetcenter.net/cgi-bin/confirmeph2.cgi
20260515T013407Z,2026-05-15T01:34:07.995566Z,20260515T013407Z_batch01,P12nc1c,2026-05-15T16:00:00Z,16 47 31.6,251.88166666666666,-06 31 41,-6.5280555555555555,157.1,21.7,1.22,307.2,Map/Offsets,https://cgi.minorplanetcenter.net/cgi-bin/confirmeph2.cgi
20260515T013407Z,2026-05-15T01:34:07.995566Z,20260515T013407Z_batch01,P12nc1c,2026-05-15T17:00:00Z,16 47 27.6,251.865,-06 30 57,-6.515833333333333,157.2,21.7,1.22,307.1,Map/Offsets,https://cgi.minorplanetcenter.net/cgi-bin/confirmeph2.cgi
20260515T013407Z,2026-05-15T01:34:07.995566Z,20260515T013407Z_batch01,P12nc1c,2026-05-15T18:00:00Z,16 47 23.7,251.84875,-06 30 12,-6.503333333333333,157.2,21.7,1.22,307.1,Map/Offsets,https://cgi.minorplanetcenter.net/cgi-bin/confirmeph2.cgi
20260515T013407Z,2026-05-15T01:34:07.995566Z,20260515T013407Z_batch01,P12nc1c,2026-05-15T19:00:00Z,16 47 19.8,251.83250000000004,-06 29 28,-6.4911111111111115,157.2,21.7,1.22,307.1,Map/Offsets,https://cgi.minorplanetcenter.net/cgi-bin/confirmeph2.cgi
20260515T013407Z,2026-05-15T01:34:07.995566Z,20260515T013407Z_batch01,P12nc1c,2026-05-15T20:00:00Z,16 47 15.9,251.81625000000003,-06 28 44,-6.478888888888889,157.3,21.7,1.22,307.0,Map/Offsets,https://cgi.minorplanetcenter.net/cgi-bin/confirmeph2.cgi
20260515T013407Z,2026-05-15T01:34:07.995566Z,20260515T013407Z_batch01,P12nc1c,2026-05-15T21:00:00Z,16 47 12.0,251.80000000000004,-06 28 00,-6.466666666666667,157.3,21.7,1.22,307.0,Map/Offsets,https://cgi.minorplanetcenter.net/cgi-bin/confirmeph2.cgi
20260515T013407Z,2026-05-15T01:34:07.995566Z,20260515T013407Z_batch01,P12nc1c,2026-05-15T22:00:00Z,16 47 08.0,251.78333333333336,-06 27 16,-6.454444444444444,157.3,21.7,1.22,307.0,Map/Offsets,https://cgi.minorplanetcenter.net/cgi-bin/confirmeph2.cgi
20260515T013407Z,2026-05-15T01:34:07.995566Z,20260515T013407Z_batch01,P12nc1c,2026-05-15T23:00:00Z,16 47 04.1,251.76708333333335,-06 26 32,-6.442222222222222,157.4,21.7,1.22,307.0,Map/Offsets,https://cgi.minorplanetcenter.net/cgi-bin/confirmeph2.cgi
20260515T013407Z,2026-05-15T01:34:07.995566Z,20260515T013407Z_batch01,P12nc1c,2026-05-16T00:00:00Z,16 47 00.1,251.7504166666667,-06 25 47,-6.429722222222223,157.4,21.7,1.23,306.9,Map/Offsets,https://cgi.minorplanetcenter.net/cgi-bin/confirmeph2.cgi
20260515T013407Z,2026-05-15T01:34:07.995566Z,20260515T013407Z_batch01,RFD0300,2026-05-15T00:00:00Z,23 35 00.2,353.75083333333333,-35 54 23,-35.906388888888884,77.2,24.1,28.91,59.6,Map/Offsets   !,https://cgi.minorplanetcenter.net/cgi-bin/confirmeph2.cgi
20260515T013407Z,2026-05-15T01:34:07.995566Z,20260515T013407Z_batch01,RFD0300,2026-05-15T01:00:00Z,23 37 00.3,354.25124999999997,-35 40 00,-35.666666666666664,76.8,24.1,27.68,59.3,Map/Offsets   !,https://cgi.minorplanetcenter.net/cgi-bin/confirmeph2.cgi
20260515T013407Z,2026-05-15T01:34:07.995566Z,20260515T013407Z_batch01,RFD0300,2026-05-15T02:00:00Z,23 38 54.7,354.72791666666666,-35 26 07,-35.43527777777778,76.3,24.2,26.52,59.0,Map/Offsets   !,https://cgi.minorplanetcenter.net/cgi-bin/confirmeph2.cgi
20260515T013407Z,2026-05-15T01:34:07.995566Z,20260515T013407Z_batch01,RFD0300,2026-05-15T03:00:00Z,23 40 43.7,355.18208333333337,-35 12 42,-35.211666666666666,75.9,24.3,25.43,58.8,Map/Offsets   !,https://cgi.minorplanetcenter.net/cgi-bin/confirmeph2.cgi
20260515T013407Z,2026-05-15T01:34:07.995566Z,20260515T013407Z_batch01,RFD0300,2026-05-15T04:00:00Z,23 42 27.7,355.61541666666665,-34 59 44,-34.995555555555555,75.6,24.3,24.41,58.5,Map/Offsets   !,https://cgi.minorplanetcenter.net/cgi-bin/confirmeph2.cgi
20260515T013407Z,2026-05-15T01:34:07.995566Z,20260515T013407Z_batch01,RFD0300,2026-05-15T05:00:00Z,23 44 07.0,356.0291666666667,-34 47 12,-34.78666666666666,75.2,24.4,23.44,58.3,Map/Offsets   !,https://cgi.minorplanetcenter.net/cgi-bin/confirmeph2.cgi
20260515T013407Z,2026-05-15T01:34:07.995566Z,20260515T013407Z_batch01,RFD0300,2026-05-15T06:00:00Z,23 45 42.0,356.425,-34 35 04,-34.58444444444444,74.9,24.5,22.53,58.0,Map/Offsets   !,https://cgi.minorplanetcenter.net/cgi-bin/confirmeph2.cgi
20260515T013407Z,2026-05-15T01:34:07.995566Z,20260515T013407Z_batch01,RFD0300,2026-05-15T07:00:00Z,23 47 12.9,356.80375000000004,-34 23 21,-34.38916666666667,74.5,24.5,21.66,57.8,Map/Offsets   !,https://cgi.minorplanetcenter.net/cgi-bin/confirmeph2.cgi
20260515T013407Z,2026-05-15T01:34:07.995566Z,20260515T013407Z_batch01,RFD0300,2026-05-15T08:00:00Z,23 48 39.9,357.16625,-34 12 00,-34.2,74.2,24.6,20.85,57.6,Map/Offsets   !,https://cgi.minorplanetcenter.net/cgi-bin/confirmeph2.cgi
20260515T013407Z,2026-05-15T01:34:07.995566Z,20260515T013407Z_batch01,RFD0300,2026-05-15T09:00:00Z,23 50 03.3,357.51374999999996,-34 01 01,-34.01694444444444,73.9,24.6,20.08,57.4,Map/Offsets   !,https://cgi.minorplanetcenter.net/cgi-bin/confirmeph2.cgi
20260515T013407Z,2026-05-15T01:34:07.995566Z,20260515T013407Z_batch01,RFD0300,2026-05-15T10:00:00Z,23 51 23.2,357.8466666666667,-33 50 23,-33.83972222222222,73.6,24.7,19.35,57.3,Map/Offsets   !,https://cgi.minorplanetcenter.net/cgi-bin/confirmeph2.cgi
20260515T013407Z,2026-05-15T01:34:07.995566Z,20260515T013407Z_batch01,RFD0300,2026-05-15T11:00:00Z,23 52 40.0,358.1666666666667,-33 40 05,-33.668055555555554,73.3,24.7,18.65,57.1,Map/Offsets   !,https://cgi.minorplanetcenter.net/cgi-bin/confirmeph2.cgi
20260515T013407Z,2026-05-15T01:34:07.995566Z,20260515T013407Z_batch01,RFD0300,2026-05-15T12:00:00Z,23 53 53.8,358.4741666666667,-33 30 06,-33.501666666666665,73.1,24.8,18.0,56.9,Map/Offsets   !,https://cgi.minorplanetcenter.net/cgi-bin/confirmeph2.cgi
20260515T013407Z,2026-05-15T01:34:07.995566Z,20260515T013407Z_batch01,RFD0300,2026-05-15T13:00:00Z,23 55 04.7,358.76958333333334,-33 20 25,-33.34027777777778,72.8,24.8,17.37,56.7,Map/Offsets   !,https://cgi.minorplanetcenter.net/cgi-bin/confirmeph2.cgi
20260515T013407Z,2026-05-15T01:34:07.995566Z,20260515T013407Z_batch01,RFD0300,2026-05-15T14:00:00Z,23 56 13.0,359.0541666666667,-33 11 02,-33.18388888888889,72.5,24.9,16.78,56.6,Map/Offsets   !,https://cgi.minorplanetcenter.net/cgi-bin/confirmeph2.cgi
20260515T013407Z,2026-05-15T01:34:07.995566Z,20260515T013407Z_batch01,RFD0300,2026-05-15T15:00:00Z,23 57 18.7,359.3279166666667,-33 01 56,-33.032222222222224,72.3,24.9,16.22,56.4,Map/Offsets   !,https://cgi.minorplanetcenter.net/cgi-bin/confirmeph2.cgi
20260515T013407Z,2026-05-15T01:34:07.995566Z,20260515T013407Z_batch01,RFD0300,2026-05-15T16:00:00Z,23 58 22.0,359.59166666666664,-32 53 06,-32.885,72.1,25.0,15.68,56.3,Map/Offsets   !,https://cgi.minorplanetcenter.net/cgi-bin/confirmeph2.cgi
20260515T013407Z,2026-05-15T01:34:07.995566Z,20260515T013407Z_batch01,RFD0300,2026-05-15T17:00:00Z,23 59 23.0,359.84583333333336,-32 44 32,-32.742222222222225,71.9,25.0,15.17,56.2,Map/Offsets   !,https://cgi.minorplanetcenter.net/cgi-bin/confirmeph2.cgi
20260515T013407Z,2026-05-15T01:34:07.995566Z,20260515T013407Z_batch01,RFD0300,2026-05-15T18:00:00Z,00 00 21.8,0.09083333333333334,-32 36 12,-32.60333333333333,71.6,25.1,14.68,56.0,Map/Offsets   !,https://cgi.minorplanetcenter.net/cgi-bin/confirmeph2.cgi
20260515T013407Z,2026-05-15T01:34:07.995566Z,20260515T013407Z_batch01,RFD0300,2026-05-15T19:00:00Z,00 01 18.7,0.32791666666666663,-32 28 07,-32.468611111111116,71.4,25.1,14.22,55.9,Map/Offsets   !,https://cgi.minorplanetcenter.net/cgi-bin/confirmeph2.cgi
20260515T013407Z,2026-05-15T01:34:07.995566Z,20260515T013407Z_batch01,RFD0300,2026-05-15T20:00:00Z,00 02 13.5,0.5562499999999999,-32 20 15,-32.337500000000006,71.2,25.2,13.78,55.8,Map/Offsets   !,https://cgi.minorplanetcenter.net/cgi-bin/confirmeph2.cgi
20260515T013407Z,2026-05-15T01:34:07.995566Z,20260515T013407Z_batch01,RFD0300,2026-05-15T21:00:00Z,00 03 06.6,0.7775000000000001,-32 12 36,-32.21,71.0,25.2,13.36,55.7,Map/Offsets   !,https://cgi.minorplanetcenter.net/cgi-bin/confirmeph2.cgi
20260515T013407Z,2026-05-15T01:34:07.995566Z,20260515T013407Z_batch01,RFD0300,2026-05-15T22:00:00Z,00 03 57.8,0.9908333333333335,-32 05 11,-32.08638888888889,70.9,25.3,12.95,55.5,Map/Offsets   !,https://cgi.minorplanetcenter.net/cgi-bin/confirmeph2.cgi
20260515T013407Z,2026-05-15T01:34:07.995566Z,20260515T013407Z_batch01,RFD0300,2026-05-15T23:00:00Z,00 04 47.4,1.1975,-31 57 57,-31.965833333333332,70.7,25.3,12.57,55.4,Map/Offsets   !,https://cgi.minorplanetcenter.net/cgi-bin/confirmeph2.cgi
20260515T013407Z,2026-05-15T01:34:07.995566Z,20260515T013407Z_batch01,RFD0300,2026-05-16T00:00:00Z,00 05 35.4,1.3975,-31 50 55,-31.84861111111111,70.5,25.3,12.2,55.3,Map/Offsets   !,https://cgi.minorplanetcenter.net/cgi-bin/confirmeph2.cgi
20260515T013407Z,2026-05-15T01:34:07.995566Z,20260515T013407Z_batch01,CEMAUH2,2026-05-15T00:00:00Z,16 28 36.3,247.15124999999998,+02 51 10,2.852777777777778,153.5,21.3,13.0,204.5,Map/Offsets,https://cgi.minorplanetcenter.net/cgi-bin/confirmeph2.cgi
20260515T013407Z,2026-05-15T01:34:07.995566Z,20260515T013407Z_batch01,CEMAUH2,2026-05-15T01:00:00Z,16 28 14.7,247.06124999999997,+02 39 21,2.6558333333333333,153.7,21.3,12.97,204.5,Map/Offsets,https://cgi.minorplanetcenter.net/cgi-bin/confirmeph2.cgi
20260515T013407Z,2026-05-15T01:34:07.995566Z,20260515T013407Z_batch01,CEMAUH2,2026-05-15T02:00:00Z,16 27 53.2,246.97166666666664,+02 27 34,2.4594444444444448,153.9,21.3,12.93,204.5,Map/Offsets,https://cgi.minorplanetcenter.net/cgi-bin/confirmeph2.cgi
20260515T013407Z,2026-05-15T01:34:07.995566Z,20260515T013407Z_batch01,CEMAUH2,2026-05-15T03:00:00Z,16 27 31.7,246.8820833333333,+02 15 49,2.263611111111111,154.1,21.3,12.89,204.5,Map/Offsets,https://cgi.minorplanetcenter.net/cgi-bin/confirmeph2.cgi
20260515T013407Z,2026-05-15T01:34:07.995566Z,20260515T013407Z_batch01,CEMAUH2,2026-05-15T04:00:00Z,16 27 10.3,246.79291666666668,+02 04 07,2.068611111111111,154.4,21.3,12.86,204.5,Map/Offsets,https://cgi.minorplanetcenter.net/cgi-bin/confirmeph2.cgi
20260515T013407Z,2026-05-15T01:34:07.995566Z,20260515T013407Z_batch01,CEMAUH2,2026-05-15T05:00:00Z,16 26 49.0,246.70416666666665,+01 52 26,1.873888888888889,154.6,21.3,12.82,204.5,Map/Offsets,https://cgi.minorplanetcenter.net/cgi-bin/confirmeph2.cgi
20260515T013407Z,2026-05-15T01:34:07.995566Z,20260515T013407Z_batch01,CEMAUH2,2026-05-15T06:00:00Z,16 26 27.8,246.61583333333337,+01 40 47,1.6797222222222221,154.8,21.3,12.78,204.5,Map/Offsets,https://cgi.minorplanetcenter.net/cgi-bin/confirmeph2.cgi
20260515T013407Z,2026-05-15T01:34:07.995566Z,20260515T013407Z_batch01,CEMAUH2,2026-05-15T07:00:00Z,16 26 06.6,246.5275,+01 29 10,1.4861111111111112,155.0,21.3,12.75,204.5,Map/Offsets,https://cgi.minorplanetcenter.net/cgi-bin/confirmeph2.cgi
20260515T013407Z,2026-05-15T01:34:07.995566Z,20260515T013407Z_batch01,CEMAUH2,2026-05-15T08:00:00Z,16 25 45.5,246.43958333333336,+01 17 35,1.2930555555555554,155.3,21.3,12.71,204.5,Map/Offsets,https://cgi.minorplanetcenter.net/cgi-bin/confirmeph2.cgi
20260515T013407Z,2026-05-15T01:34:07.995566Z,20260515T013407Z_batch01,CEMAUH2,2026-05-15T09:00:00Z,16 25 24.4,246.3516666666667,+01 06 02,1.1005555555555557,155.5,21.3,12.67,204.5,Map/Offsets,https://cgi.minorplanetcenter.net/cgi-bin/confirmeph2.cgi
20260515T013407Z,2026-05-15T01:34:07.995566Z,20260515T013407Z_batch01,CEMAUH2,2026-05-15T10:00:00Z,16 25 03.4,246.2641666666667,+00 54 32,0.9088888888888889,155.7,21.3,12.63,204.5,Map/Offsets,https://cgi.minorplanetcenter.net/cgi-bin/confirmeph2.cgi
20260515T013407Z,2026-05-15T01:34:07.995566Z,20260515T013407Z_batch01,CEMAUH2,2026-05-15T11:00:00Z,16 24 42.5,246.1770833333333,+00 43 03,0.7175,155.9,21.3,12.59,204.5,Map/Offsets,https://cgi.minorplanetcenter.net/cgi-bin/confirmeph2.cgi
20260515T013407Z,2026-05-15T01:34:07.995566Z,20260515T013407Z_batch01,CEMAUH2,2026-05-15T12:00:00Z,16 24 21.6,246.08999999999997,+00 31 37,0.5269444444444445,156.2,21.3,12.56,204.5,Map/Offsets,https://cgi.minorplanetcenter.net/cgi-bin/confirmeph2.cgi
20260515T013407Z,2026-05-15T01:34:07.995566Z,20260515T013407Z_batch01,CEMAUH2,2026-05-15T13:00:00Z,16 24 00.8,246.00333333333333,+00 20 12,0.33666666666666667,156.4,21.3,12.52,204.5,Map/Offsets,https://cgi.minorplanetcenter.net/cgi-bin/confirmeph2.cgi
20260515T013407Z,2026-05-15T01:34:07.995566Z,20260515T013407Z_batch01,CEMAUH2,2026-05-15T14:00:00Z,16 23 40.1,245.91708333333335,+00 08 50,0.14722222222222223,156.6,21.3,12.48,204.5,Map/Offsets,https://cgi.minorplanetcenter.net/cgi-bin/confirmeph2.cgi
20260515T013407Z,2026-05-15T01:34:07.995566Z,20260515T013407Z_batch01,CEMAUH2,2026-05-15T15:00:00Z,16 23 19.4,245.83083333333332,-00 02 30,-0.041666666666666664,156.8,21.3,12.44,204.5,Map/Offsets,https://cgi.minorplanetcenter.net/cgi-bin/confirmeph2.cgi
20260515T013407Z,2026-05-15T01:34:07.995566Z,20260515T013407Z_batch01,CEMAUH2,2026-05-15T16:00:00Z,16 22 58.8,245.74499999999998,-00 13 49,-0.23027777777777778,157.0,21.3,12.4,204.5,Map/Offsets,https://cgi.minorplanetcenter.net/cgi-bin/confirmeph2.cgi
20260515T013407Z,2026-05-15T01:34:07.995566Z,20260515T013407Z_batch01,CEMAUH2,2026-05-15T17:00:00Z,16 22 38.3,245.65958333333333,-00 25 05,-0.41805555555555557,157.3,21.3,12.36,204.5,Map/Offsets,https://cgi.minorplanetcenter.net/cgi-bin/confirmeph2.cgi
20260515T013407Z,2026-05-15T01:34:07.995566Z,20260515T013407Z_batch01,CEMAUH2,2026-05-15T18:00:00Z,16 22 17.8,245.57416666666666,-00 36 18,-0.605,157.5,21.3,12.32,204.5,Map/Offsets,https://cgi.minorplanetcenter.net/cgi-bin/confirmeph2.cgi
20260515T013407Z,2026-05-15T01:34:07.995566Z,20260515T013407Z_batch01,CEMAUH2,2026-05-15T19:00:00Z,16 21 57.3,245.48875,-00 47 30,-0.7916666666666666,157.7,21.3,12.28,204.5,Map/Offsets,https://cgi.minorplanetcenter.net/cgi-bin/confirmeph2.cgi
20260515T013407Z,2026-05-15T01:34:07.995566Z,20260515T013407Z_batch01,CEMAUH2,2026-05-15T20:00:00Z,16 21 37.0,245.40416666666667,-00 58 39,-0.9775,157.9,21.3,12.24,204.5,Map/Offsets,https://cgi.minorplanetcenter.net/cgi-bin/confirmeph2.cgi
20260515T013407Z,2026-05-15T01:34:07.995566Z,20260515T013407Z_batch01,CEMAUH2,2026-05-15T21:00:00Z,16 21 16.7,245.31958333333333,-01 09 47,-1.1630555555555555,158.1,21.3,12.2,204.5,Map/Offsets,https://cgi.minorplanetcenter.net/cgi-bin/confirmeph2.cgi
20260515T013407Z,2026-05-15T01:34:07.995566Z,20260515T013407Z_batch01,CEMAUH2,2026-05-15T22:00:00Z,16 20 56.5,245.23541666666665,-01 20 52,-1.3477777777777777,158.3,21.3,12.16,204.5,Map/Offsets,https://cgi.minorplanetcenter.net/cgi-bin/confirmeph2.cgi
20260515T013407Z,2026-05-15T01:34:07.995566Z,20260515T013407Z_batch01,CEMAUH2,2026-05-15T23:00:00Z,16 20 36.3,245.15125,-01 31 55,-1.5319444444444443,158.6,21.3,12.12,204.5,Map/Offsets,https://cgi.minorplanetcenter.net/cgi-bin/confirmeph2.cgi
20260515T013407Z,2026-05-15T01:34:07.995566Z,20260515T013407Z_batch01,CEMAUH2,2026-05-16T00:00:00Z,16 20 16.2,245.0675,-01 42 56,-1.7155555555555555,158.8,21.3,12.08,204.5,Map/Offsets,https://cgi.minorplanetcenter.net/cgi-bin/confirmeph2.cgi
20260515T013407Z,2026-05-15T01:34:07.995566Z,20260515T013407Z_batch01,CEMAY32,2026-05-15T00:00:00Z,16 39 52.3,249.96791666666667,+03 25 34,3.426111111111111,151.3,20.4,10.16,233.2,Map/Offsets,https://cgi.minorplanetcenter.net/cgi-bin/confirmeph2.cgi
20260515T013407Z,2026-05-15T01:34:07.995566Z,20260515T013407Z_batch01,CEMAY32,2026-05-15T01:00:00Z,16 39 19.8,249.8325,+03 19 30,3.3249999999999997,151.5,20.4,10.08,233.2,Map/Offsets,https://cgi.minorplanetcenter.net/cgi-bin/confirmeph2.cgi
20260515T013407Z,2026-05-15T01:34:07.995566Z,20260515T013407Z_batch01,CEMAY32,2026-05-15T02:00:00Z,16 38 47.6,249.69833333333332,+03 13 30,3.225,151.7,20.4,10.01,233.2,Map/Offsets,https://cgi.minorplanetcenter.net/cgi-bin/confirmeph2.cgi
20260515T013407Z,2026-05-15T01:34:07.995566Z,20260515T013407Z_batch01,CEMAY32,2026-05-15T03:00:00Z,16 38 15.6,249.56500000000003,+03 07 31,3.125277777777778,151.9,20.4,9.93,233.2,Map/Offsets,https://cgi.minorplanetcenter.net/cgi-bin/confirmeph2.cgi
20260515T013407Z,2026-05-15T01:34:07.995566Z,20260515T013407Z_batch01,CEMAY32,2026-05-15T04:00:00Z,16 37 43.9,249.43291666666664,+03 01 36,3.0266666666666664,152.0,20.4,9.86,233.2,Map/Offsets,https://cgi.minorplanetcenter.net/cgi-bin/confirmeph2.cgi
20260515T013407Z,2026-05-15T01:34:07.995566Z,20260515T013407Z_batch01,CEMAY32,2026-05-15T05:00:00Z,16 37 12.4,249.30166666666668,+02 55 43,2.928611111111111,152.2,20.4,9.78,233.2,Map/Offsets,https://cgi.minorplanetcenter.net/cgi-bin/confirmeph2.cgi
20260515T013407Z,2026-05-15T01:34:07.995566Z,20260515T013407Z_batch01,CEMAY32,2026-05-15T06:00:00Z,16 36 41.2,249.17166666666668,+02 49 52,2.831111111111111,152.4,20.4,9.71,233.2,Map/Offsets,https://cgi.minorplanetcenter.net/cgi-bin/confirmeph2.cgi
20260515T013407Z,2026-05-15T01:34:07.995566Z,20260515T013407Z_batch01,CEMAY32,2026-05-15T07:00:00Z,16 36 10.2,249.04250000000005,+02 44 05,2.7347222222222225,152.6,20.4,9.64,233.2,Map/Offsets,https://cgi.minorplanetcenter.net/cgi-bin/confirmeph2.cgi
20260515T013407Z,2026-05-15T01:34:07.995566Z,20260515T013407Z_batch01,CEMAY32,2026-05-15T08:00:00Z,16 35 39.4,248.91416666666663,+02 38 19,2.638611111111111,152.7,20.4,9.56,233.2,Map/Offsets,https://cgi.minorplanetcenter.net/cgi-bin/confirmeph2.cgi
20260515T013407Z,2026-05-15T01:34:07.995566Z,20260515T013407Z_batch01,CEMAY32,2026-05-15T09:00:00Z,16 35 08.9,248.78708333333333,+02 32 36,2.543333333333333,152.9,20.4,9.49,233.1,Map/Offsets,https://cgi.minorplanetcenter.net/cgi-bin/confirmeph2.cgi
20260515T013407Z,2026-05-15T01:34:07.995566Z,20260515T013407Z_batch01,CEMAY32,2026-05-15T10:00:00Z,16 34 38.6,248.6608333333333,+02 26 56,2.4488888888888893,153.1,20.4,9.42,233.1,Map/Offsets,https://cgi.minorplanetcenter.net/cgi-bin/confirmeph2.cgi
20260515T013407Z,2026-05-15T01:34:07.995566Z,20260515T013407Z_batch01,CEMAY32,2026-05-15T11:00:00Z,16 34 08.5,248.53541666666666,+02 21 18,2.355,153.2,20.4,9.35,233.1,Map/Offsets,https://cgi.minorplanetcenter.net/cgi-bin/confirmeph2.cgi
20260515T013407Z,2026-05-15T01:34:07.995566Z,20260515T013407Z_batch01,CEMAY32,2026-05-15T12:00:00Z,16 33 38.7,248.41125000000002,+02 15 43,2.2619444444444445,153.4,20.4,9.28,233.1,Map/Offsets,https://cgi.minorplanetcenter.net/cgi-bin/confirmeph2.cgi
20260515T013407Z,2026-05-15T01:34:07.995566Z,20260515T013407Z_batch01,CEMAY32,2026-05-15T13:00:00Z,16 33 09.1,248.2879166666667,+02 10 10,2.1694444444444443,153.6,20.4,9.21,233.1,Map/Offsets,https://cgi.minorplanetcenter.net/cgi-bin/confirmeph2.cgi
20260515T013407Z,2026-05-15T01:34:07.995566Z,20260515T013407Z_batch01,CEMAY32,2026-05-15T14:00:00Z,16 32 39.7,248.1654166666667,+02 04 39,2.0775,153.7,20.4,9.15,233.1,Map/Offsets,https://cgi.minorplanetcenter.net/cgi-bin/confirmeph2.cgi
20260515T013407Z,2026-05-15T01:34:07.995566Z,20260515T013407Z_batch01,CEMAY32,2026-05-15T15:00:00Z,16 32 10.5,248.04375000000005,+01 59 11,1.986388888888889,153.9,20.4,9.08,233.1,Map/Offsets,https://cgi.minorplanetcenter.net/cgi-bin/confirmeph2.cgi
20260515T013407Z,2026-05-15T01:34:07.995566Z,20260515T013407Z_batch01,CEMAY32,2026-05-15T16:00:00Z,16 31 41.6,247.92333333333335,+01 53 45,1.8958333333333333,154.0,20.4,9.01,233.1,Map/Offsets,https://cgi.minorplanetcenter.net/cgi-bin/confirmeph2.cgi
20260515T013407Z,2026-05-15T01:34:07.995566Z,20260515T013407Z_batch01,CEMAY32,2026-05-15T17:00:00Z,16 31 12.9,247.80375,+01 48 22,1.8061111111111112,154.2,20.4,8.94,233.1,Map/Offsets,https://cgi.minorplanetcenter.net/cgi-bin/confirmeph2.cgi
20260515T013407Z,2026-05-15T01:34:07.995566Z,20260515T013407Z_batch01,CEMAY32,2026-05-15T18:00:00Z,16 30 44.3,247.68458333333336,+01 43 01,1.7169444444444446,154.4,20.4,8.88,233.1,Map/Offsets,https://cgi.minorplanetcenter.net/cgi-bin/confirmeph2.cgi
20260515T013407Z,2026-05-15T01:34:07.995566Z,20260515T013407Z_batch01,CEMAY32,2026-05-15T19:00:00Z,16 30 16.0,247.56666666666666,+01 37 42,1.6283333333333334,154.5,20.4,8.81,233.1,Map/Offsets,https://cgi.minorplanetcenter.net/cgi-bin/confirmeph2.cgi
20260515T013407Z,2026-05-15T01:34:07.995566Z,20260515T013407Z_batch01,CEMAY32,2026-05-15T20:00:00Z,16 29 47.9,247.44958333333332,+01 32 25,1.5402777777777776,154.7,20.5,8.75,233.1,Map/Offsets,https://cgi.minorplanetcenter.net/cgi-bin/confirmeph2.cgi
20260515T013407Z,2026-05-15T01:34:07.995566Z,20260515T013407Z_batch01,CEMAY32,2026-05-15T21:00:00Z,16 29 20.1,247.33375,+01 27 11,1.4530555555555555,154.8,20.5,8.69,233.1,Map/Offsets,https://cgi.minorplanetcenter.net/cgi-bin/confirmeph2.cgi
20260515T013407Z,2026-05-15T01:34:07.995566Z,20260515T013407Z_batch01,CEMAY32,2026-05-15T22:00:00Z,16 28 52.4,247.21833333333333,+01 21 59,1.3663888888888889,155.0,20.5,8.62,233.1,Map/Offsets,https://cgi.minorplanetcenter.net/cgi-bin/confirmeph2.cgi
20260515T013407Z,2026-05-15T01:34:07.995566Z,20260515T013407Z_batch01,CEMAY32,2026-05-15T23:00:00Z,16 28 24.9,247.10374999999996,+01 16 49,1.2802777777777776,155.1,20.5,8.56,233.0,Map/Offsets,https://cgi.minorplanetcenter.net/cgi-bin/confirmeph2.cgi
20260515T013407Z,2026-05-15T01:34:07.995566Z,20260515T013407Z_batch01,CEMAY32,2026-05-16T00:00:00Z,16 27 57.6,246.98999999999995,+01 11 41,1.1947222222222222,155.3,20.5,8.5,233.0,Map/Offsets,https://cgi.minorplanetcenter.net/cgi-bin/confirmeph2.cgi
20260515T013407Z,2026-05-15T01:34:07.995566Z,20260515T013407Z_batch01,ST26E61,2026-05-15T00:00:00Z,16 15 17.0,243.82083333333335,+00 11 43,0.19527777777777777,157.5,20.9,17.35,84.9,Map/Offsets   !,https://cgi.minorplanetcenter.net/cgi-bin/confirmeph2.cgi
20260515T013407Z,2026-05-15T01:34:07.995566Z,20260515T013407Z_batch01,ST26E61,2026-05-15T01:00:00Z,16 16 24.0,244.1,+00 13 12,0.22,157.4,21.0,16.33,84.9,Map/Offsets   !,https://cgi.minorplanetcenter.net/cgi-bin/confirmeph2.cgi
20260515T013407Z,2026-05-15T01:34:07.995566Z,20260515T013407Z_batch01,ST26E61,2026-05-15T02:00:00Z,16 17 27.2,244.36333333333334,+00 14 36,0.24333333333333335,157.2,21.1,15.4,84.9,Map/Offsets   !,https://cgi.minorplanetcenter.net/cgi-bin/confirmeph2.cgi
20260515T013407Z,2026-05-15T01:34:07.995566Z,20260515T013407Z_batch01,ST26E61,2026-05-15T03:00:00Z,16 18 26.8,244.61166666666668,+00 15 55,0.2652777777777778,157.1,21.1,14.55,85.0,Map/Offsets   !,https://cgi.minorplanetcenter.net/cgi-bin/confirmeph2.cgi
20260515T013407Z,2026-05-15T01:34:07.995566Z,20260515T013407Z_batch01,ST26E61,2026-05-15T04:00:00Z,16 19 23.2,244.84666666666666,+00 17 10,0.2861111111111111,156.9,21.2,13.76,85.0,Map/Offsets   !,https://cgi.minorplanetcenter.net/cgi-bin/confirmeph2.cgi
20260515T013407Z,2026-05-15T01:34:07.995566Z,20260515T013407Z_batch01,ST26E61,2026-05-15T05:00:00Z,16 20 16.6,245.06916666666663,+00 18 20,0.3055555555555555,156.8,21.3,13.04,85.0,Map/Offsets   !,https://cgi.minorplanetcenter.net/cgi-bin/confirmeph2.cgi
20260515T013407Z,2026-05-15T01:34:07.995566Z,20260515T013407Z_batch01,ST26E61,2026-05-15T06:00:00Z,16 21 07.2,245.28,+00 19 27,0.32416666666666666,156.7,21.3,12.37,85.0,Map/Offsets   !,https://cgi.minorplanetcenter.net/cgi-bin/confirmeph2.cgi
20260515T013407Z,2026-05-15T01:34:07.995566Z,20260515T013407Z_batch01,ST26E61,2026-05-15T07:00:00Z,16 21 55.2,245.48000000000005,+00 20 30,0.3416666666666667,156.6,21.4,11.75,85.0,Map/Offsets   !,https://cgi.minorplanetcenter.net/cgi-bin/confirmeph2.cgi
20260515T013407Z,2026-05-15T01:34:07.995566Z,20260515T013407Z_batch01,ST26E61,2026-05-15T08:00:00Z,16 22 40.9,245.67041666666665,+00 21 30,0.35833333333333334,156.5,21.4,11.17,85.0,Map/Offsets   !,https://cgi.minorplanetcenter.net/cgi-bin/confirmeph2.cgi
20260515T013407Z,2026-05-15T01:34:07.995566Z,20260515T013407Z_batch01,ST26E61,2026-05-15T09:00:00Z,16 23 24.3,245.85125,+00 22 27,0.37416666666666665,156.4,21.5,10.64,85.0,Map/Offsets   !,https://cgi.minorplanetcenter.net/cgi-bin/confirmeph2.cgi
20260515T013407Z,2026-05-15T01:34:07.995566Z,20260515T013407Z_batch01,ST26E61,2026-05-15T10:00:00Z,16 24 05.7,246.02374999999998,+00 23 21,0.3891666666666667,156.3,21.6,10.14,85.0,Map/Offsets   !,https://cgi.minorplanetcenter.net/cgi-bin/confirmeph2.cgi
20260515T013407Z,2026-05-15T01:34:07.995566Z,20260515T013407Z_batch01,ST26E61,2026-05-15T11:00:00Z,16 24 45.2,246.1883333333333,+00 24 13,0.40361111111111114,156.2,21.6,9.68,85.0,Map/Offsets   !,https://cgi.minorplanetcenter.net/cgi-bin/confirmeph2.cgi
20260515T013407Z,2026-05-15T01:34:07.995566Z,20260515T013407Z_batch01,ST26E61,2026-05-15T12:00:00Z,16 25 22.9,246.3454166666667,+00 25 02,0.4172222222222222,156.1,21.7,9.25,85.0,Map/Offsets   !,https://cgi.minorplanetcenter.net/cgi-bin/confirmeph2.cgi
20260515T013407Z,2026-05-15T01:34:07.995566Z,20260515T013407Z_batch01,ST26E61,2026-05-15T13:00:00Z,16 25 58.9,246.49541666666667,+00 25 49,0.4302777777777778,156.0,21.7,8.84,85.0,Map/Offsets   !,https://cgi.minorplanetcenter.net/cgi-bin/confirmeph2.cgi
20260515T013407Z,2026-05-15T01:34:07.995566Z,20260515T013407Z_batch01,ST26E61,2026-05-15T14:00:00Z,16 26 33.4,246.63916666666668,+00 26 34,0.44277777777777777,155.9,21.8,8.47,85.1,Map/Offsets   !,https://cgi.minorplanetcenter.net/cgi-bin/confirmeph2.cgi
20260515T013407Z,2026-05-15T01:34:07.995566Z,20260515T013407Z_batch01,ST26E61,2026-05-15T15:00:00Z,16 27 06.5,246.77708333333334,+00 27 17,0.45472222222222225,155.9,21.8,8.11,85.1,Map/Offsets   !,https://cgi.minorplanetcenter.net/cgi-bin/confirmeph2.cgi
20260515T013407Z,2026-05-15T01:34:07.995566Z,20260515T013407Z_batch01,ST26E61,2026-05-15T16:00:00Z,16 27 38.1,246.90875,+00 27 58,0.46611111111111114,155.8,21.9,7.78,85.1,Map/Offsets   !,https://cgi.minorplanetcenter.net/cgi-bin/confirmeph2.cgi
20260515T013407Z,2026-05-15T01:34:07.995566Z,20260515T013407Z_batch01,ST26E61,2026-05-15T17:00:00Z,16 28 08.5,247.03541666666663,+00 28 37,0.47694444444444445,155.7,21.9,7.46,85.1,Map/Offsets   !,https://cgi.minorplanetcenter.net/cgi-bin/confirmeph2.cgi
20260515T013407Z,2026-05-15T01:34:07.995566Z,20260515T013407Z_batch01,ST26E61,2026-05-15T18:00:00Z,16 28 37.6,247.15666666666667,+00 29 14,0.4872222222222222,155.7,22.0,7.17,85.1,Map/Offsets   !,https://cgi.minorplanetcenter.net/cgi-bin/confirmeph2.cgi
20260515T013407Z,2026-05-15T01:34:07.995566Z,20260515T013407Z_batch01,ST26E61,2026-05-15T19:00:00Z,16 29 05.7,247.27375,+00 29 50,0.49722222222222223,155.6,22.0,6.89,85.1,Map/Offsets   !,https://cgi.minorplanetcenter.net/cgi-bin/confirmeph2.cgi
20260515T013407Z,2026-05-15T01:34:07.995566Z,20260515T013407Z_batch01,ST26E61,2026-05-15T20:00:00Z,16 29 32.6,247.38583333333335,+00 30 25,0.5069444444444444,155.6,22.0,6.63,85.1,Map/Offsets   !,https://cgi.minorplanetcenter.net/cgi-bin/confirmeph2.cgi
20260515T013407Z,2026-05-15T01:34:07.995566Z,20260515T013407Z_batch01,ST26E61,2026-05-15T21:00:00Z,16 29 58.5,247.49375,+00 30 58,0.5161111111111111,155.5,22.1,6.38,85.1,Map/Offsets   !,https://cgi.minorplanetcenter.net/cgi-bin/confirmeph2.cgi
20260515T013407Z,2026-05-15T01:34:07.995566Z,20260515T013407Z_batch01,ST26E61,2026-05-15T22:00:00Z,16 30 23.5,247.59791666666666,+00 31 29,0.5247222222222223,155.4,22.1,6.15,85.2,Map/Offsets   !,https://cgi.minorplanetcenter.net/cgi-bin/confirmeph2.cgi
20260515T013407Z,2026-05-15T01:34:07.995566Z,20260515T013407Z_batch01,ST26E61,2026-05-15T23:00:00Z,16 30 47.5,247.69791666666666,+00 32 00,0.5333333333333333,155.4,22.2,5.93,85.2,Map/Offsets   !,https://cgi.minorplanetcenter.net/cgi-bin/confirmeph2.cgi
20260515T013407Z,2026-05-15T01:34:07.995566Z,20260515T013407Z_batch01,ST26E61,2026-05-16T00:00:00Z,16 31 10.7,247.79458333333332,+00 32 29,0.5413888888888889,155.3,22.2,5.72,85.2,Map/Offsets   !,https://cgi.minorplanetcenter.net/cgi-bin/confirmeph2.cgi
20260515T013407Z,2026-05-15T01:34:07.995566Z,20260515T013407Z_batch01,CEM9MQ2,2026-05-15T00:00:00Z,15 05 44.0,226.43333333333334,-02 34 45,-2.5791666666666666,163.1,20.0,44.15,142.4,Map/Offsets   !,https://cgi.minorplanetcenter.net/cgi-bin/confirmeph2.cgi
20260515T013407Z,2026-05-15T01:34:07.995566Z,20260515T013407Z_batch01,CEM9MQ2,2026-05-15T01:00:00Z,15 07 33.4,226.88916666666665,-03 10 12,-3.17,163.8,19.9,45.34,142.4,Map/Offsets   !,https://cgi.minorplanetcenter.net/cgi-bin/confirmeph2.cgi
20260515T013407Z,2026-05-15T01:34:07.995566Z,20260515T013407Z_batch01,CEM9MQ2,2026-05-15T02:00:00Z,15 09 25.8,227.35750000000002,-03 46 35,-3.776388888888889,164.5,19.9,46.56,142.4,Map/Offsets   !,https://cgi.minorplanetcenter.net/cgi-bin/confirmeph2.cgi
20260515T013407Z,2026-05-15T01:34:07.995566Z,20260515T013407Z_batch01,CEM9MQ2,2026-05-15T03:00:00Z,15 11 21.4,227.83916666666667,-04 23 57,-4.399166666666667,165.2,19.8,47.82,142.3,Map/Offsets   !,https://cgi.minorplanetcenter.net/cgi-bin/confirmeph2.cgi
20260515T013407Z,2026-05-15T01:34:07.995566Z,20260515T013407Z_batch01,CEM9MQ2,2026-05-15T04:00:00Z,15 13 20.3,228.33458333333334,-05 02 17,-5.038055555555555,165.9,19.8,49.1,142.3,Map/Offsets   !,https://cgi.minorplanetcenter.net/cgi-bin/confirmeph2.cgi
20260515T013407Z,2026-05-15T01:34:07.995566Z,20260515T013407Z_batch01,CEM9MQ2,2026-05-15T05:00:00Z,15 15 22.7,228.84458333333333,-05 41 38,-5.693888888888889,166.6,19.7,50.42,142.2,Map/Offsets   !,https://cgi.minorplanetcenter.net/cgi-bin/confirmeph2.cgi
20260515T013407Z,2026-05-15T01:34:07.995566Z,20260515T013407Z_batch01,CEM9MQ2,2026-05-15T06:00:00Z,15 17 28.6,229.36916666666667,-06 22 01,-6.366944444444444,167.4,19.7,51.77,142.2,Map/Offsets   !,https://cgi.minorplanetcenter.net/cgi-bin/confirmeph2.cgi
20260515T013407Z,2026-05-15T01:34:07.995566Z,20260515T013407Z_batch01,CEM9MQ2,2026-05-15T07:00:00Z,15 19 38.2,229.90916666666666,-07 03 26,-7.057222222222222,168.1,19.6,53.15,142.1,Map/Offsets   !,https://cgi.minorplanetcenter.net/cgi-bin/confirmeph2.cgi
20260515T013407Z,2026-05-15T01:34:07.995566Z,20260515T013407Z_batch01,CEM9MQ2,2026-05-15T08:00:00Z,15 21 51.7,230.46541666666664,-07 45 55,-7.7652777777777775,168.9,19.5,54.55,142.0,Map/Offsets   !,https://cgi.minorplanetcenter.net/cgi-bin/confirmeph2.cgi
20260515T013407Z,2026-05-15T01:34:07.995566Z,20260515T013407Z_batch01,CEM9MQ2,2026-05-15T09:00:00Z,15 24 09.2,231.03833333333336,-08 29 28,-8.49111111111111,169.6,19.5,55.99,142.0,Map/Offsets   !,https://cgi.minorplanetcenter.net/cgi-bin/confirmeph2.cgi
20260515T013407Z,2026-05-15T01:34:07.995566Z,20260515T013407Z_batch01,CEM9MQ2,2026-05-15T10:00:00Z,15 26 30.8,231.62833333333333,-09 14 07,-9.235277777777776,170.4,19.4,57.45,141.9,Map/Offsets   !,https://cgi.minorplanetcenter.net/cgi-bin/confirmeph2.cgi
20260515T013407Z,2026-05-15T01:34:07.995566Z,20260515T013407Z_batch01,CEM9MQ2,2026-05-15T11:00:00Z,15 28 56.7,232.23625,-09 59 52,-9.997777777777777,171.2,19.4,58.93,141.8,Map/Offsets   !,https://cgi.minorplanetcenter.net/cgi-bin/confirmeph2.cgi
20260515T013407Z,2026-05-15T01:34:07.995566Z,20260515T013407Z_batch01,CEM9MQ2,2026-05-15T12:00:00Z,15 31 27.0,232.8625,-10 46 43,-10.778611111111111,171.9,19.3,60.44,141.7,Map/Offsets   !,https://cgi.minorplanetcenter.net/cgi-bin/confirmeph2.cgi
20260515T013407Z,2026-05-15T01:34:07.995566Z,20260515T013407Z_batch01,CEM9MQ2,2026-05-15T13:00:00Z,15 34 02.0,233.50833333333333,-11 34 41,-11.578055555555554,172.6,19.3,61.97,141.5,Map/Offsets   !,https://cgi.minorplanetcenter.net/cgi-bin/confirmeph2.cgi
20260515T013407Z,2026-05-15T01:34:07.995566Z,20260515T013407Z_batch01,CEM9MQ2,2026-05-15T14:00:00Z,15 36 41.8,234.17416666666668,-12 23 46,-12.39611111111111,173.2,19.2,63.51,141.4,Map/Offsets   !,https://cgi.minorplanetcenter.net/cgi-bin/confirmeph2.cgi
20260515T013407Z,2026-05-15T01:34:07.995566Z,20260515T013407Z_batch01,CEM9MQ2,2026-05-15T15:00:00Z,15 39 26.6,234.86083333333335,-13 13 58,-13.232777777777779,173.8,19.1,65.07,141.3,Map/Offsets   !,https://cgi.minorplanetcenter.net/cgi-bin/confirmeph2.cgi
20260515T013407Z,2026-05-15T01:34:07.995566Z,20260515T013407Z_batch01,CEM9MQ2,2026-05-15T16:00:00Z,15 42 16.6,235.56916666666663,-14 05 16,-14.087777777777779,174.2,19.1,66.64,141.1,Map/Offsets   !!,https://cgi.minorplanetcenter.net/cgi-bin/confirmeph2.cgi
20260515T013407Z,2026-05-15T01:34:07.995566Z,20260515T013407Z_batch01,CEM9MQ2,2026-05-15T17:00:00Z,15 45 11.9,236.29958333333335,-14 57 39,-14.960833333333333,174.4,19.1,68.21,140.9,Map/Offsets   !!,https://cgi.minorplanetcenter.net/cgi-bin/confirmeph2.cgi
20260515T013407Z,2026-05-15T01:34:07.995566Z,20260515T013407Z_batch01,CEM9MQ2,2026-05-15T18:00:00Z,15 48 12.8,237.05333333333334,-15 51 07,-15.851944444444444,174.4,19.0,69.78,140.7,Map/Offsets   !!,https://cgi.minorplanetcenter.net/cgi-bin/confirmeph2.cgi
20260515T013407Z,2026-05-15T01:34:07.995566Z,20260515T013407Z_batch01,CEM9MQ2,2026-05-15T19:00:00Z,15 51 19.5,237.83125,-16 45 39,-16.760833333333334,174.3,19.0,71.34,140.5,Map/Offsets   !!,https://cgi.minorplanetcenter.net/cgi-bin/confirmeph2.cgi
20260515T013407Z,2026-05-15T01:34:07.995566Z,20260515T013407Z_batch01,CEM9MQ2,2026-05-15T20:00:00Z,15 54 32.2,238.6341666666667,-17 41 12,-17.686666666666667,173.8,19.0,72.9,140.2,Map/Offsets   !!,https://cgi.minorplanetcenter.net/cgi-bin/confirmeph2.cgi
20260515T013407Z,2026-05-15T01:34:07.995566Z,20260515T013407Z_batch01,CEM9MQ2,2026-05-15T21:00:00Z,15 57 51.0,239.46249999999998,-18 37 44,-18.628888888888888,173.2,19.0,74.44,140.0,Map/Offsets   !!,https://cgi.minorplanetcenter.net/cgi-bin/confirmeph2.cgi
20260515T013407Z,2026-05-15T01:34:07.995566Z,20260515T013407Z_batch01,CEM9MQ2,2026-05-15T22:00:00Z,16 01 16.2,240.3175,-19 35 13,-19.586944444444445,172.5,19.0,75.96,139.7,Map/Offsets   !!,https://cgi.minorplanetcenter.net/cgi-bin/confirmeph2.cgi
20260515T013407Z,2026-05-15T01:34:07.995566Z,20260515T013407Z_batch01,CEM9MQ2,2026-05-15T23:00:00Z,16 04 48.1,241.20041666666663,-20 33 36,-20.560000000000002,171.6,19.1,77.44,139.4,Map/Offsets   !!,https://cgi.minorplanetcenter.net/cgi-bin/confirmeph2.cgi
20260515T013407Z,2026-05-15T01:34:07.995566Z,20260515T013407Z_batch01,CEM9MQ2,2026-05-16T00:00:00Z,16 08 26.8,242.11166666666668,-21 32 49,-21.546944444444446,170.6,19.1,78.89,139.1,Map/Offsets   !!,https://cgi.minorplanetcenter.net/cgi-bin/confirmeph2.cgi
20260515T013407Z,2026-05-15T01:34:07.995566Z,20260515T013407Z_batch01,CEM9DH2,2026-05-15T00:00:00Z,14 55 24.5,223.85208333333333,+01 43 24,1.7233333333333334,158.2,20.6,6.53,321.5,Map/Offsets,https://cgi.minorplanetcenter.net/cgi-bin/confirmeph2.cgi
20260515T013407Z,2026-05-15T01:34:07.995566Z,20260515T013407Z_batch01,CEM9DH2,2026-05-15T01:00:00Z,14 55 08.1,223.78375,+01 48 32,1.808888888888889,158.1,20.6,6.59,321.5,Map/Offsets,https://cgi.minorplanetcenter.net/cgi-bin/confirmeph2.cgi
20260515T013407Z,2026-05-15T01:34:07.995566Z,20260515T013407Z_batch01,CEM9DH2,2026-05-15T02:00:00Z,14 54 51.6,223.715,+01 53 43,1.8952777777777778,158.0,20.6,6.66,321.5,Map/Offsets,https://cgi.minorplanetcenter.net/cgi-bin/confirmeph2.cgi
20260515T013407Z,2026-05-15T01:34:07.995566Z,20260515T013407Z_batch01,CEM9DH2,2026-05-15T03:00:00Z,14 54 34.9,223.64541666666665,+01 58 57,1.9825000000000002,157.8,20.6,6.73,321.5,Map/Offsets,https://cgi.minorplanetcenter.net/cgi-bin/confirmeph2.cgi
20260515T013407Z,2026-05-15T01:34:07.995566Z,20260515T013407Z_batch01,CEM9DH2,2026-05-15T04:00:00Z,14 54 18.1,223.57541666666668,+02 04 15,2.0708333333333337,157.7,20.6,6.8,321.5,Map/Offsets,https://cgi.minorplanetcenter.net/cgi-bin/confirmeph2.cgi
20260515T013407Z,2026-05-15T01:34:07.995566Z,20260515T013407Z_batch01,CEM9DH2,2026-05-15T05:00:00Z,14 54 01.0,223.50416666666666,+02 09 35,2.1597222222222223,157.6,20.6,6.87,321.4,Map/Offsets,https://cgi.minorplanetcenter.net/cgi-bin/confirmeph2.cgi
20260515T013407Z,2026-05-15T01:34:07.995566Z,20260515T013407Z_batch01,CEM9DH2,2026-05-15T06:00:00Z,14 53 43.8,223.4325,+02 14 59,2.249722222222222,157.4,20.6,6.94,321.4,Map/Offsets,https://cgi.minorplanetcenter.net/cgi-bin/confirmeph2.cgi
20260515T013407Z,2026-05-15T01:34:07.995566Z,20260515T013407Z_batch01,CEM9DH2,2026-05-15T07:00:00Z,14 53 26.4,223.35999999999999,+02 20 27,2.3408333333333333,157.3,20.6,7.01,321.4,Map/Offsets,https://cgi.minorplanetcenter.net/cgi-bin/confirmeph2.cgi
20260515T013407Z,2026-05-15T01:34:07.995566Z,20260515T013407Z_batch01,CEM9DH2,2026-05-15T08:00:00Z,14 53 08.8,223.28666666666666,+02 25 58,2.4327777777777775,157.2,20.6,7.09,321.4,Map/Offsets,https://cgi.minorplanetcenter.net/cgi-bin/confirmeph2.cgi
20260515T013407Z,2026-05-15T01:34:07.995566Z,20260515T013407Z_batch01,CEM9DH2,2026-05-15T09:00:00Z,14 52 51.0,223.2125,+02 31 32,2.5255555555555556,157.0,20.6,7.16,321.4,Map/Offsets,https://cgi.minorplanetcenter.net/cgi-bin/confirmeph2.cgi
20260515T013407Z,2026-05-15T01:34:07.995566Z,20260515T013407Z_batch01,CEM9DH2,2026-05-15T10:00:00Z,14 52 33.0,223.13750000000002,+02 37 10,2.6194444444444445,156.9,20.6,7.24,321.4,Map/Offsets,https://cgi.minorplanetcenter.net/cgi-bin/confirmeph2.cgi
20260515T013407Z,2026-05-15T01:34:07.995566Z,20260515T013407Z_batch01,CEM9DH2,2026-05-15T11:00:00Z,14 52 14.8,223.06166666666667,+02 42 51,2.714166666666667,156.8,20.5,7.32,321.4,Map/Offsets,https://cgi.minorplanetcenter.net/cgi-bin/confirmeph2.cgi
20260515T013407Z,2026-05-15T01:34:07.995566Z,20260515T013407Z_batch01,CEM9DH2,2026-05-15T12:00:00Z,14 51 56.4,222.98499999999999,+02 48 36,2.8099999999999996,156.6,20.5,7.4,321.4,Map/Offsets,https://cgi.minorplanetcenter.net/cgi-bin/confirmeph2.cgi
20260515T013407Z,2026-05-15T01:34:07.995566Z,20260515T013407Z_batch01,CEM9DH2,2026-05-15T13:00:00Z,14 51 37.8,222.9075,+02 54 25,2.9069444444444446,156.5,20.5,7.48,321.4,Map/Offsets,https://cgi.minorplanetcenter.net/cgi-bin/confirmeph2.cgi
20260515T013407Z,2026-05-15T01:34:07.995566Z,20260515T013407Z_batch01,CEM9DH2,2026-05-15T14:00:00Z,14 51 19.0,222.82916666666665,+03 00 17,3.004722222222222,156.3,20.5,7.56,321.4,Map/Offsets,https://cgi.minorplanetcenter.net/cgi-bin/confirmeph2.cgi
20260515T013407Z,2026-05-15T01:34:07.995566Z,20260515T013407Z_batch01,CEM9DH2,2026-05-15T15:00:00Z,14 51 00.0,222.75,+03 06 13,3.1036111111111113,156.2,20.5,7.64,321.4,Map/Offsets,https://cgi.minorplanetcenter.net/cgi-bin/confirmeph2.cgi
20260515T013407Z,2026-05-15T01:34:07.995566Z,20260515T013407Z_batch01,CEM9DH2,2026-05-15T16:00:00Z,14 50 40.8,222.67000000000002,+03 12 13,3.2036111111111114,156.0,20.5,7.72,321.4,Map/Offsets,https://cgi.minorplanetcenter.net/cgi-bin/confirmeph2.cgi
20260515T013407Z,2026-05-15T01:34:07.995566Z,20260515T013407Z_batch01,CEM9DH2,2026-05-15T17:00:00Z,14 50 21.4,222.5891666666667,+03 18 17,3.304722222222222,155.9,20.5,7.81,321.4,Map/Offsets,https://cgi.minorplanetcenter.net/cgi-bin/confirmeph2.cgi
20260515T013407Z,2026-05-15T01:34:07.995566Z,20260515T013407Z_batch01,CEM9DH2,2026-05-15T18:00:00Z,14 50 01.7,222.50708333333336,+03 24 25,3.4069444444444446,155.7,20.5,7.9,321.3,Map/Offsets,https://cgi.minorplanetcenter.net/cgi-bin/confirmeph2.cgi
20260515T013407Z,2026-05-15T01:34:07.995566Z,20260515T013407Z_batch01,CEM9DH2,2026-05-15T19:00:00Z,14 49 41.9,222.42458333333335,+03 30 37,3.5102777777777776,155.6,20.5,7.98,321.3,Map/Offsets,https://cgi.minorplanetcenter.net/cgi-bin/confirmeph2.cgi
20260515T013407Z,2026-05-15T01:34:07.995566Z,20260515T013407Z_batch01,CEM9DH2,2026-05-15T20:00:00Z,14 49 21.8,222.34083333333334,+03 36 53,3.6147222222222224,155.4,20.5,8.07,321.3,Map/Offsets,https://cgi.minorplanetcenter.net/cgi-bin/confirmeph2.cgi
20260515T013407Z,2026-05-15T01:34:07.995566Z,20260515T013407Z_batch01,CEM9DH2,2026-05-15T21:00:00Z,14 49 01.4,222.25583333333333,+03 43 14,3.720555555555556,155.3,20.5,8.16,321.3,Map/Offsets,https://cgi.minorplanetcenter.net/cgi-bin/confirmeph2.cgi
20260515T013407Z,2026-05-15T01:34:07.995566Z,20260515T013407Z_batch01,CEM9DH2,2026-05-15T22:00:00Z,14 48 40.9,222.17041666666665,+03 49 38,3.827222222222222,155.1,20.4,8.26,321.3,Map/Offsets,https://cgi.minorplanetcenter.net/cgi-bin/confirmeph2.cgi
20260515T013407Z,2026-05-15T01:34:07.995566Z,20260515T013407Z_batch01,CEM9DH2,2026-05-15T23:00:00Z,14 48 20.1,222.08375,+03 56 07,3.935277777777778,155.0,20.4,8.35,321.3,Map/Offsets,https://cgi.minorplanetcenter.net/cgi-bin/confirmeph2.cgi
20260515T013407Z,2026-05-15T01:34:07.995566Z,20260515T013407Z_batch01,CEM9DH2,2026-05-16T00:00:00Z,14 47 59.0,221.99583333333334,+04 02 40,4.044444444444444,154.8,20.4,8.44,321.3,Map/Offsets,https://cgi.minorplanetcenter.net/cgi-bin/confirmeph2.cgi
20260515T013407Z,2026-05-15T01:34:07.995566Z,20260515T013407Z_batch01,CEM9AR2,2026-05-15T00:00:00Z,14 59 03.2,224.76333333333332,+01 45 39,1.7608333333333333,158.5,21.5,9.15,86.0,Map/Offsets   !,https://cgi.minorplanetcenter.net/cgi-bin/confirmeph2.cgi
20260515T013407Z,2026-05-15T01:34:07.995566Z,20260515T013407Z_batch01,CEM9AR2,2026-05-15T01:00:00Z,14 59 39.9,224.91625,+01 46 18,1.7716666666666665,158.5,21.5,9.23,86.0,Map/Offsets   !,https://cgi.minorplanetcenter.net/cgi-bin/confirmeph2.cgi
20260515T013407Z,2026-05-15T01:34:07.995566Z,20260515T013407Z_batch01,CEM9AR2,2026-05-15T02:00:00Z,15 00 16.9,225.07041666666666,+01 46 56,1.7822222222222222,158.5,21.4,9.32,86.0,Map/Offsets   !,https://cgi.minorplanetcenter.net/cgi-bin/confirmeph2.cgi
20260515T013407Z,2026-05-15T01:34:07.995566Z,20260515T013407Z_batch01,CEM9AR2,2026-05-15T03:00:00Z,15 00 54.3,225.22625,+01 47 36,1.7933333333333332,158.5,21.4,9.4,86.0,Map/Offsets   !,https://cgi.minorplanetcenter.net/cgi-bin/confirmeph2.cgi
20260515T013407Z,2026-05-15T01:34:07.995566Z,20260515T013407Z_batch01,CEM9AR2,2026-05-15T04:00:00Z,15 01 32.0,225.38333333333333,+01 48 15,1.8041666666666667,158.5,21.4,9.49,86.0,Map/Offsets   !,https://cgi.minorplanetcenter.net/cgi-bin/confirmeph2.cgi
20260515T013407Z,2026-05-15T01:34:07.995566Z,20260515T013407Z_batch01,CEM9AR2,2026-05-15T05:00:00Z,15 02 10.0,225.54166666666669,+01 48 55,1.8152777777777778,158.5,21.4,9.57,86.0,Map/Offsets   !,https://cgi.minorplanetcenter.net/cgi-bin/confirmeph2.cgi
20260515T013407Z,2026-05-15T01:34:07.995566Z,20260515T013407Z_batch01,CEM9AR2,2026-05-15T06:00:00Z,15 02 48.4,225.70166666666665,+01 49 34,1.826111111111111,158.6,21.4,9.66,86.1,Map/Offsets   !,https://cgi.minorplanetcenter.net/cgi-bin/confirmeph2.cgi
20260515T013407Z,2026-05-15T01:34:07.995566Z,20260515T013407Z_batch01,CEM9AR2,2026-05-15T07:00:00Z,15 03 27.2,225.86333333333334,+01 50 14,1.8372222222222223,158.6,21.4,9.75,86.1,Map/Offsets   !,https://cgi.minorplanetcenter.net/cgi-bin/confirmeph2.cgi
20260515T013407Z,2026-05-15T01:34:07.995566Z,20260515T013407Z_batch01,CEM9AR2,2026-05-15T08:00:00Z,15 04 06.3,226.02624999999998,+01 50 55,1.8486111111111112,158.6,21.4,9.84,86.1,Map/Offsets   !,https://cgi.minorplanetcenter.net/cgi-bin/confirmeph2.cgi
20260515T013407Z,2026-05-15T01:34:07.995566Z,20260515T013407Z_batch01,CEM9AR2,2026-05-15T09:00:00Z,15 04 45.8,226.19083333333333,+01 51 35,1.8597222222222223,158.6,21.4,9.93,86.1,Map/Offsets   !,https://cgi.minorplanetcenter.net/cgi-bin/confirmeph2.cgi
20260515T013407Z,2026-05-15T01:34:07.995566Z,20260515T013407Z_batch01,CEM9AR2,2026-05-15T10:00:00Z,15 05 25.6,226.35666666666668,+01 52 16,1.8711111111111112,158.6,21.4,10.02,86.1,Map/Offsets   !,https://cgi.minorplanetcenter.net/cgi-bin/confirmeph2.cgi
20260515T013407Z,2026-05-15T01:34:07.995566Z,20260515T013407Z_batch01,CEM9AR2,2026-05-15T11:00:00Z,15 06 05.8,226.52416666666667,+01 52 56,1.8822222222222222,158.6,21.4,10.11,86.1,Map/Offsets   !,https://cgi.minorplanetcenter.net/cgi-bin/confirmeph2.cgi
20260515T013407Z,2026-05-15T01:34:07.995566Z,20260515T013407Z_batch01,CEM9AR2,2026-05-15T12:00:00Z,15 06 46.4,226.69333333333333,+01 53 38,1.893888888888889,158.6,21.3,10.21,86.1,Map/Offsets   !,https://cgi.minorplanetcenter.net/cgi-bin/confirmeph2.cgi
20260515T013407Z,2026-05-15T01:34:07.995566Z,20260515T013407Z_batch01,CEM9AR2,2026-05-15T13:00:00Z,15 07 27.3,226.86375,+01 54 19,1.9052777777777776,158.6,21.3,10.3,86.2,Map/Offsets   !,https://cgi.minorplanetcenter.net/cgi-bin/confirmeph2.cgi
20260515T013407Z,2026-05-15T01:34:07.995566Z,20260515T013407Z_batch01,CEM9AR2,2026-05-15T14:00:00Z,15 08 08.7,227.03625,+01 55 00,1.9166666666666665,158.6,21.3,10.4,86.2,Map/Offsets   !,https://cgi.minorplanetcenter.net/cgi-bin/confirmeph2.cgi
20260515T013407Z,2026-05-15T01:34:07.995566Z,20260515T013407Z_batch01,CEM9AR2,2026-05-15T15:00:00Z,15 08 50.4,227.20999999999998,+01 55 42,1.9283333333333332,158.7,21.3,10.5,86.2,Map/Offsets   !,https://cgi.minorplanetcenter.net/cgi-bin/confirmeph2.cgi
20260515T013407Z,2026-05-15T01:34:07.995566Z,20260515T013407Z_batch01,CEM9AR2,2026-05-15T16:00:00Z,15 09 32.5,227.38541666666669,+01 56 24,1.94,158.7,21.3,10.6,86.2,Map/Offsets   !,https://cgi.minorplanetcenter.net/cgi-bin/confirmeph2.cgi
20260515T013407Z,2026-05-15T01:34:07.995566Z,20260515T013407Z_batch01,CEM9AR2,2026-05-15T17:00:00Z,15 10 15.0,227.5625,+01 57 06,1.9516666666666667,158.7,21.3,10.69,86.2,Map/Offsets   !,https://cgi.minorplanetcenter.net/cgi-bin/confirmeph2.cgi
20260515T013407Z,2026-05-15T01:34:07.995566Z,20260515T013407Z_batch01,CEM9AR2,2026-05-15T18:00:00Z,15 10 57.9,227.74124999999998,+01 57 49,1.963611111111111,158.7,21.3,10.8,86.2,Map/Offsets   !,https://cgi.minorplanetcenter.net/cgi-bin/confirmeph2.cgi
20260515T013407Z,2026-05-15T01:34:07.995566Z,20260515T013407Z_batch01,CEM9AR2,2026-05-15T19:00:00Z,15 11 41.2,227.92166666666668,+01 58 31,1.975277777777778,158.7,21.3,10.9,86.3,Map/Offsets   !,https://cgi.minorplanetcenter.net/cgi-bin/confirmeph2.cgi
20260515T013407Z,2026-05-15T01:34:07.995566Z,20260515T013407Z_batch01,CEM9AR2,2026-05-15T20:00:00Z,15 12 25.0,228.10416666666666,+01 59 14,1.9872222222222222,158.7,21.3,11.0,86.3,Map/Offsets   !,https://cgi.minorplanetcenter.net/cgi-bin/confirmeph2.cgi
20260515T013407Z,2026-05-15T01:34:07.995566Z,20260515T013407Z_batch01,CEM9AR2,2026-05-15T21:00:00Z,15 13 09.1,228.28791666666666,+01 59 57,1.9991666666666668,158.7,21.2,11.1,86.3,Map/Offsets   !,https://cgi.minorplanetcenter.net/cgi-bin/confirmeph2.cgi
20260515T013407Z,2026-05-15T01:34:07.995566Z,20260515T013407Z_batch01,CEM9AR2,2026-05-15T22:00:00Z,15 13 53.7,228.47375,+02 00 41,2.011388888888889,158.7,21.2,11.21,86.3,Map/Offsets   !,https://cgi.minorplanetcenter.net/cgi-bin/confirmeph2.cgi
20260515T013407Z,2026-05-15T01:34:07.995566Z,20260515T013407Z_batch01,CEM9AR2,2026-05-15T23:00:00Z,15 14 38.7,228.66125,+02 01 24,2.0233333333333334,158.7,21.2,11.32,86.3,Map/Offsets   !,https://cgi.minorplanetcenter.net/cgi-bin/confirmeph2.cgi
20260515T013407Z,2026-05-15T01:34:07.995566Z,20260515T013407Z_batch01,CEM9AR2,2026-05-16T00:00:00Z,15 15 24.1,228.8504166666667,+02 02 08,2.0355555555555553,158.7,21.2,11.42,86.3,Map/Offsets   !,https://cgi.minorplanetcenter.net/cgi-bin/confirmeph2.cgi
20260515T013407Z,2026-05-15T01:34:07.995566Z,20260515T013407Z_batch01,ST26E59,2026-05-15T00:00:00Z,15 10 42.4,227.67666666666668,-04 01 04,-4.017777777777778,164.8,19.9,19.68,190.3,Map/Offsets   !,https://cgi.minorplanetcenter.net/cgi-bin/confirmeph2.cgi
20260515T013407Z,2026-05-15T01:34:07.995566Z,20260515T013407Z_batch01,ST26E59,2026-05-15T01:00:00Z,15 10 28.2,227.6175,-04 20 28,-4.341111111111111,165.1,19.9,19.77,190.3,Map/Offsets   !,https://cgi.minorplanetcenter.net/cgi-bin/confirmeph2.cgi
20260515T013407Z,2026-05-15T01:34:07.995566Z,20260515T013407Z_batch01,ST26E59,2026-05-15T02:00:00Z,15 10 13.9,227.55791666666667,-04 39 58,-4.666111111111111,165.4,19.9,19.86,190.3,Map/Offsets   !,https://cgi.minorplanetcenter.net/cgi-bin/confirmeph2.cgi
20260515T013407Z,2026-05-15T01:34:07.995566Z,20260515T013407Z_batch01,ST26E59,2026-05-15T03:00:00Z,15 09 59.5,227.49791666666667,-04 59 33,-4.9925,165.7,19.9,19.95,190.4,Map/Offsets   !,https://cgi.minorplanetcenter.net/cgi-bin/confirmeph2.cgi
20260515T013407Z,2026-05-15T01:34:07.995566Z,20260515T013407Z_batch01,ST26E59,2026-05-15T04:00:00Z,15 09 45.1,227.4379166666667,-05 19 13,-5.320277777777777,165.9,19.9,20.04,190.4,Map/Offsets   !,https://cgi.minorplanetcenter.net/cgi-bin/confirmeph2.cgi
20260515T013407Z,2026-05-15T01:34:07.995566Z,20260515T013407Z_batch01,ST26E59,2026-05-15T05:00:00Z,15 09 30.6,227.3775,-05 38 58,-5.649444444444444,166.2,19.8,20.13,190.4,Map/Offsets   !,https://cgi.minorplanetcenter.net/cgi-bin/confirmeph2.cgi
20260515T013407Z,2026-05-15T01:34:07.995566Z,20260515T013407Z_batch01,ST26E59,2026-05-15T06:00:00Z,15 09 16.0,227.3166666666667,-05 58 49,-5.980277777777778,166.5,19.8,20.22,190.4,Map/Offsets   !,https://cgi.minorplanetcenter.net/cgi-bin/confirmeph2.cgi
20260515T013407Z,2026-05-15T01:34:07.995566Z,20260515T013407Z_batch01,ST26E59,2026-05-15T07:00:00Z,15 09 01.3,227.25541666666666,-06 18 45,-6.3125,166.8,19.8,20.3,190.4,Map/Offsets   !,https://cgi.minorplanetcenter.net/cgi-bin/confirmeph2.cgi
20260515T013407Z,2026-05-15T01:34:07.995566Z,20260515T013407Z_batch01,ST26E59,2026-05-15T08:00:00Z,15 08 46.6,227.19416666666666,-06 38 46,-6.646111111111111,167.0,19.8,20.39,190.4,Map/Offsets   !,https://cgi.minorplanetcenter.net/cgi-bin/confirmeph2.cgi
20260515T013407Z,2026-05-15T01:34:07.995566Z,20260515T013407Z_batch01,ST26E59,2026-05-15T09:00:00Z,15 08 31.7,227.13208333333333,-06 58 52,-6.981111111111111,167.3,19.8,20.48,190.4,Map/Offsets   !,https://cgi.minorplanetcenter.net/cgi-bin/confirmeph2.cgi
20260515T013407Z,2026-05-15T01:34:07.995566Z,20260515T013407Z_batch01,ST26E59,2026-05-15T10:00:00Z,15 08 16.8,227.07,-07 19 03,-7.3175,167.6,19.8,20.56,190.4,Map/Offsets   !,https://cgi.minorplanetcenter.net/cgi-bin/confirmeph2.cgi
20260515T013407Z,2026-05-15T01:34:07.995566Z,20260515T013407Z_batch01,ST26E59,2026-05-15T11:00:00Z,15 08 01.8,227.0075,-07 39 19,-7.655277777777778,167.8,19.8,20.64,190.4,Map/Offsets   !,https://cgi.minorplanetcenter.net/cgi-bin/confirmeph2.cgi
20260515T013407Z,2026-05-15T01:34:07.995566Z,20260515T013407Z_batch01,ST26E59,2026-05-15T12:00:00Z,15 07 46.8,226.945,-07 59 39,-7.994166666666667,168.1,19.7,20.72,190.4,Map/Offsets   !,https://cgi.minorplanetcenter.net/cgi-bin/confirmeph2.cgi
20260515T013407Z,2026-05-15T01:34:07.995566Z,20260515T013407Z_batch01,ST26E59,2026-05-15T13:00:00Z,15 07 31.6,226.8816666666667,-08 20 05,-8.334722222222222,168.4,19.7,20.81,190.4,Map/Offsets   !,https://cgi.minorplanetcenter.net/cgi-bin/confirmeph2.cgi
20260515T013407Z,2026-05-15T01:34:07.995566Z,20260515T013407Z_batch01,ST26E59,2026-05-15T14:00:00Z,15 07 16.4,226.81833333333333,-08 40 35,-8.676388888888889,168.6,19.7,20.89,190.4,Map/Offsets   !,https://cgi.minorplanetcenter.net/cgi-bin/confirmeph2.cgi
20260515T013407Z,2026-05-15T01:34:07.995566Z,20260515T013407Z_batch01,ST26E59,2026-05-15T15:00:00Z,15 07 01.1,226.75458333333336,-09 01 09,-9.019166666666667,168.9,19.7,20.96,190.4,Map/Offsets   !,https://cgi.minorplanetcenter.net/cgi-bin/confirmeph2.cgi
20260515T013407Z,2026-05-15T01:34:07.995566Z,20260515T013407Z_batch01,ST26E59,2026-05-15T16:00:00Z,15 06 45.6,226.69,-09 21 49,-9.36361111111111,169.1,19.7,21.04,190.4,Map/Offsets   !,https://cgi.minorplanetcenter.net/cgi-bin/confirmeph2.cgi
20260515T013407Z,2026-05-15T01:34:07.995566Z,20260515T013407Z_batch01,ST26E59,2026-05-15T17:00:00Z,15 06 30.1,226.62541666666664,-09 42 33,-9.709166666666667,169.4,19.7,21.12,190.4,Map/Offsets   !,https://cgi.minorplanetcenter.net/cgi-bin/confirmeph2.cgi
20260515T013407Z,2026-05-15T01:34:07.995566Z,20260515T013407Z_batch01,ST26E59,2026-05-15T18:00:00Z,15 06 14.6,226.56083333333333,-10 03 21,-10.055833333333334,169.6,19.7,21.19,190.5,Map/Offsets   !,https://cgi.minorplanetcenter.net/cgi-bin/confirmeph2.cgi
20260515T013407Z,2026-05-15T01:34:07.995566Z,20260515T013407Z_batch01,ST26E59,2026-05-15T19:00:00Z,15 05 58.9,226.49541666666667,-10 24 13,-10.403611111111111,169.8,19.6,21.27,190.5,Map/Offsets   !,https://cgi.minorplanetcenter.net/cgi-bin/confirmeph2.cgi
20260515T013407Z,2026-05-15T01:34:07.995566Z,20260515T013407Z_batch01,ST26E59,2026-05-15T20:00:00Z,15 05 43.2,226.43,-10 45 10,-10.752777777777778,170.1,19.6,21.34,190.5,Map/Offsets   !,https://cgi.minorplanetcenter.net/cgi-bin/confirmeph2.cgi
20260515T013407Z,2026-05-15T01:34:07.995566Z,20260515T013407Z_batch01,ST26E59,2026-05-15T21:00:00Z,15 05 27.3,226.36375,-11 06 11,-11.103055555555555,170.3,19.6,21.41,190.5,Map/Offsets   !,https://cgi.minorplanetcenter.net/cgi-bin/confirmeph2.cgi
20260515T013407Z,2026-05-15T01:34:07.995566Z,20260515T013407Z_batch01,ST26E59,2026-05-15T22:00:00Z,15 05 11.4,226.2975,-11 27 16,-11.454444444444444,170.5,19.6,21.48,190.5,Map/Offsets   !,https://cgi.minorplanetcenter.net/cgi-bin/confirmeph2.cgi
20260515T013407Z,2026-05-15T01:34:07.995566Z,20260515T013407Z_batch01,ST26E59,2026-05-15T23:00:00Z,15 04 55.4,226.23083333333335,-11 48 25,-11.806944444444445,170.7,19.6,21.55,190.5,Map/Offsets   !,https://cgi.minorplanetcenter.net/cgi-bin/confirmeph2.cgi
20260515T013407Z,2026-05-15T01:34:07.995566Z,20260515T013407Z_batch01,ST26E59,2026-05-16T00:00:00Z,15 04 39.3,226.16375,-12 09 38,-12.160555555555556,170.9,19.6,21.61,190.5,Map/Offsets   !,https://cgi.minorplanetcenter.net/cgi-bin/confirmeph2.cgi
20260515T013407Z,2026-05-15T01:34:07.995566Z,20260515T013407Z_batch01,ST26E57,2026-05-15T00:00:00Z,15 30 09.9,232.54125000000002,-05 44 07,-5.735277777777778,167.0,19.1,49.56,112.0,Map/Offsets   !,https://cgi.minorplanetcenter.net/cgi-bin/confirmeph2.cgi
20260515T013407Z,2026-05-15T01:34:07.995566Z,20260515T013407Z_batch01,ST26E57,2026-05-15T01:00:00Z,15 33 14.7,233.31125000000003,-06 02 39,-6.0441666666666665,167.2,19.1,49.53,111.9,Map/Offsets   !,https://cgi.minorplanetcenter.net/cgi-bin/confirmeph2.cgi
20260515T013407Z,2026-05-15T01:34:07.995566Z,20260515T013407Z_batch01,ST26E57,2026-05-15T02:00:00Z,15 36 19.5,234.08125,-06 21 08,-6.352222222222222,167.4,19.1,49.49,111.9,Map/Offsets   !,https://cgi.minorplanetcenter.net/cgi-bin/confirmeph2.cgi
20260515T013407Z,2026-05-15T01:34:07.995566Z,20260515T013407Z_batch01,ST26E57,2026-05-15T03:00:00Z,15 39 24.3,234.85125000000002,-06 39 31,-6.658611111111111,167.5,19.1,49.42,111.8,Map/Offsets   !,https://cgi.minorplanetcenter.net/cgi-bin/confirmeph2.cgi
20260515T013407Z,2026-05-15T01:34:07.995566Z,20260515T013407Z_batch01,ST26E57,2026-05-15T04:00:00Z,15 42 29.1,235.62125,-06 57 48,-6.963333333333334,167.6,19.1,49.33,111.7,Map/Offsets   !,https://cgi.minorplanetcenter.net/cgi-bin/confirmeph2.cgi
20260515T013407Z,2026-05-15T01:34:07.995566Z,20260515T013407Z_batch01,ST26E57,2026-05-15T05:00:00Z,15 45 33.8,236.39083333333335,-07 15 58,-7.266111111111111,167.6,19.1,49.22,111.6,Map/Offsets   !,https://cgi.minorplanetcenter.net/cgi-bin/confirmeph2.cgi
20260515T013407Z,2026-05-15T01:34:07.995566Z,20260515T013407Z_batch01,ST26E57,2026-05-15T06:00:00Z,15 48 38.2,237.15916666666666,-07 34 01,-7.566944444444444,167.6,19.1,49.09,111.5,Map/Offsets   !,https://cgi.minorplanetcenter.net/cgi-bin/confirmeph2.cgi
20260515T013407Z,2026-05-15T01:34:07.995566Z,20260515T013407Z_batch01,ST26E57,2026-05-15T07:00:00Z,15 51 42.4,237.92666666666668,-07 51 57,-7.865833333333333,167.5,19.1,48.95,111.4,Map/Offsets   !,https://cgi.minorplanetcenter.net/cgi-bin/confirmeph2.cgi
20260515T013407Z,2026-05-15T01:34:07.995566Z,20260515T013407Z_batch01,ST26E57,2026-05-15T08:00:00Z,15 54 46.2,238.6925,-08 09 44,-8.162222222222223,167.4,19.1,48.78,111.3,Map/Offsets   !,https://cgi.minorplanetcenter.net/cgi-bin/confirmeph2.cgi
20260515T013407Z,2026-05-15T01:34:07.995566Z,20260515T013407Z_batch01,ST26E57,2026-05-15T09:00:00Z,15 57 49.7,239.45708333333332,-08 27 22,-8.45611111111111,167.3,19.1,48.59,111.2,Map/Offsets   !,https://cgi.minorplanetcenter.net/cgi-bin/confirmeph2.cgi
20260515T013407Z,2026-05-15T01:34:07.995566Z,20260515T013407Z_batch01,ST26E57,2026-05-15T10:00:00Z,16 00 52.7,240.21958333333333,-08 44 50,-8.747222222222222,167.1,19.1,48.39,111.1,Map/Offsets   !,https://cgi.minorplanetcenter.net/cgi-bin/confirmeph2.cgi
20260515T013407Z,2026-05-15T01:34:07.995566Z,20260515T013407Z_batch01,ST26E57,2026-05-15T11:00:00Z,16 03 55.2,240.98000000000002,-09 02 09,-9.035833333333333,166.8,19.1,48.17,111.0,Map/Offsets   !,https://cgi.minorplanetcenter.net/cgi-bin/confirmeph2.cgi
20260515T013407Z,2026-05-15T01:34:07.995566Z,20260515T013407Z_batch01,ST26E57,2026-05-15T12:00:00Z,16 06 57.0,241.7375,-09 19 17,-9.321388888888889,166.6,19.1,47.93,110.8,Map/Offsets   !,https://cgi.minorplanetcenter.net/cgi-bin/confirmeph2.cgi
20260515T013407Z,2026-05-15T01:34:07.995566Z,20260515T013407Z_batch01,ST26E57,2026-05-15T13:00:00Z,16 09 58.3,242.49291666666664,-09 36 14,-9.60388888888889,166.3,19.1,47.67,110.7,Map/Offsets   !,https://cgi.minorplanetcenter.net/cgi-bin/confirmeph2.cgi
20260515T013407Z,2026-05-15T01:34:07.995566Z,20260515T013407Z_batch01,ST26E57,2026-05-15T14:00:00Z,16 12 58.8,243.24499999999998,-09 53 00,-9.883333333333333,165.9,19.2,47.4,110.6,Map/Offsets   !,https://cgi.minorplanetcenter.net/cgi-bin/confirmeph2.cgi
20260515T013407Z,2026-05-15T01:34:07.995566Z,20260515T013407Z_batch01,ST26E57,2026-05-15T15:00:00Z,16 15 58.6,243.99416666666664,-10 09 34,-10.159444444444444,165.5,19.2,47.11,110.5,Map/Offsets   !,https://cgi.minorplanetcenter.net/cgi-bin/confirmeph2.cgi
20260515T013407Z,2026-05-15T01:34:07.995566Z,20260515T013407Z_batch01,ST26E57,2026-05-15T16:00:00Z,16 18 57.5,244.73958333333331,-10 25 55,-10.431944444444444,165.2,19.2,46.81,110.3,Map/Offsets   !,https://cgi.minorplanetcenter.net/cgi-bin/confirmeph2.cgi
20260515T013407Z,2026-05-15T01:34:07.995566Z,20260515T013407Z_batch01,ST26E57,2026-05-15T17:00:00Z,16 21 55.6,245.48166666666668,-10 42 04,-10.70111111111111,164.7,19.2,46.49,110.2,Map/Offsets   !,https://cgi.minorplanetcenter.net/cgi-bin/confirmeph2.cgi
20260515T013407Z,2026-05-15T01:34:07.995566Z,20260515T013407Z_batch01,ST26E57,2026-05-15T18:00:00Z,16 24 52.8,246.21999999999997,-10 58 00,-10.966666666666667,164.3,19.2,46.16,110.1,Map/Offsets   !,https://cgi.minorplanetcenter.net/cgi-bin/confirmeph2.cgi
20260515T013407Z,2026-05-15T01:34:07.995566Z,20260515T013407Z_batch01,ST26E57,2026-05-15T19:00:00Z,16 27 48.9,246.95374999999999,-11 13 43,-11.22861111111111,163.9,19.3,45.81,109.9,Map/Offsets   !,https://cgi.minorplanetcenter.net/cgi-bin/confirmeph2.cgi
20260515T013407Z,2026-05-15T01:34:07.995566Z,20260515T013407Z_batch01,ST26E57,2026-05-15T20:00:00Z,16 30 44.0,247.6833333333333,-11 29 12,-11.486666666666666,163.4,19.3,45.45,109.8,Map/Offsets   !,https://cgi.minorplanetcenter.net/cgi-bin/confirmeph2.cgi
20260515T013407Z,2026-05-15T01:34:07.995566Z,20260515T013407Z_batch01,ST26E57,2026-05-15T21:00:00Z,16 33 38.1,248.40875,-11 44 28,-11.74111111111111,162.9,19.3,45.08,109.6,Map/Offsets   !,https://cgi.minorplanetcenter.net/cgi-bin/confirmeph2.cgi
20260515T013407Z,2026-05-15T01:34:07.995566Z,20260515T013407Z_batch01,ST26E57,2026-05-15T22:00:00Z,16 36 31.0,249.1291666666667,-11 59 29,-11.991388888888888,162.4,19.3,44.7,109.5,Map/Offsets   !,https://cgi.minorplanetcenter.net/cgi-bin/confirmeph2.cgi
20260515T013407Z,2026-05-15T01:34:07.995566Z,20260515T013407Z_batch01,ST26E57,2026-05-15T23:00:00Z,16 39 22.8,249.845,-12 14 17,-12.238055555555555,161.9,19.4,44.31,109.3,Map/Offsets   !,https://cgi.minorplanetcenter.net/cgi-bin/confirmeph2.cgi
20260515T013407Z,2026-05-15T01:34:07.995566Z,20260515T013407Z_batch01,ST26E57,2026-05-16T00:00:00Z,16 42 13.3,250.55541666666667,-12 28 49,-12.480277777777777,161.4,19.4,43.91,109.2,Map/Offsets   !,https://cgi.minorplanetcenter.net/cgi-bin/confirmeph2.cgi
20260515T013407Z,2026-05-15T01:34:07.995566Z,20260515T013407Z_batch01,CEM83E2,2026-05-15T00:00:00Z,14 05 10.5,211.29375,+00 31 20,0.5222222222222223,152.4,20.7,7.56,116.3,Map/Offsets,https://cgi.minorplanetcenter.net/cgi-bin/confirmeph2.cgi
20260515T013407Z,2026-05-15T01:34:07.995566Z,20260515T013407Z_batch01,CEM83E2,2026-05-15T01:00:00Z,14 05 37.6,211.40666666666667,+00 27 59,0.4663888888888889,152.5,20.7,7.56,116.3,Map/Offsets,https://cgi.minorplanetcenter.net/cgi-bin/confirmeph2.cgi
20260515T013407Z,2026-05-15T01:34:07.995566Z,20260515T013407Z_batch01,CEM83E2,2026-05-15T02:00:00Z,14 06 04.7,211.51958333333334,+00 24 38,0.41055555555555556,152.6,20.7,7.56,116.3,Map/Offsets,https://cgi.minorplanetcenter.net/cgi-bin/confirmeph2.cgi
20260515T013407Z,2026-05-15T01:34:07.995566Z,20260515T013407Z_batch01,CEM83E2,2026-05-15T03:00:00Z,14 06 31.8,211.6325,+00 21 17,0.3547222222222222,152.6,20.7,7.56,116.3,Map/Offsets,https://cgi.minorplanetcenter.net/cgi-bin/confirmeph2.cgi
20260515T013407Z,2026-05-15T01:34:07.995566Z,20260515T013407Z_batch01,CEM83E2,2026-05-15T04:00:00Z,14 06 58.9,211.74541666666667,+00 17 55,0.2986111111111111,152.7,20.7,7.56,116.3,Map/Offsets,https://cgi.minorplanetcenter.net/cgi-bin/confirmeph2.cgi
20260515T013407Z,2026-05-15T01:34:07.995566Z,20260515T013407Z_batch01,CEM83E2,2026-05-15T05:00:00Z,14 07 26.0,211.85833333333332,+00 14 34,0.2427777777777778,152.8,20.7,7.56,116.3,Map/Offsets,https://cgi.minorplanetcenter.net/cgi-bin/confirmeph2.cgi
20260515T013407Z,2026-05-15T01:34:07.995566Z,20260515T013407Z_batch01,CEM83E2,2026-05-15T06:00:00Z,14 07 53.1,211.97125,+00 11 13,0.18694444444444444,152.9,20.7,7.56,116.3,Map/Offsets,https://cgi.minorplanetcenter.net/cgi-bin/confirmeph2.cgi
20260515T013407Z,2026-05-15T01:34:07.995566Z,20260515T013407Z_batch01,CEM83E2,2026-05-15T07:00:00Z,14 08 20.2,212.08416666666668,+00 07 51,0.13083333333333333,153.0,20.7,7.56,116.4,Map/Offsets,https://cgi.minorplanetcenter.net/cgi-bin/confirmeph2.cgi
20260515T013407Z,2026-05-15T01:34:07.995566Z,20260515T013407Z_batch01,CEM83E2,2026-05-15T08:00:00Z,14 08 47.3,212.19708333333332,+00 04 30,0.075,153.1,20.7,7.56,116.4,Map/Offsets,https://cgi.minorplanetcenter.net/cgi-bin/confirmeph2.cgi
20260515T013407Z,2026-05-15T01:34:07.995566Z,20260515T013407Z_batch01,CEM83E2,2026-05-15T09:00:00Z,14 09 14.4,212.31,+00 01 08,0.01888888888888889,153.1,20.7,7.56,116.4,Map/Offsets,https://cgi.minorplanetcenter.net/cgi-bin/confirmeph2.cgi
20260515T013407Z,2026-05-15T01:34:07.995566Z,20260515T013407Z_batch01,CEM83E2,2026-05-15T10:00:00Z,14 09 41.5,212.42291666666665,-00 02 13,-0.036944444444444446,153.2,20.7,7.56,116.4,Map/Offsets,https://cgi.minorplanetcenter.net/cgi-bin/confirmeph2.cgi
20260515T013407Z,2026-05-15T01:34:07.995566Z,20260515T013407Z_batch01,CEM83E2,2026-05-15T11:00:00Z,14 10 08.6,212.53583333333333,-00 05 34,-0.09277777777777778,153.3,20.7,7.56,116.4,Map/Offsets,https://cgi.minorplanetcenter.net/cgi-bin/confirmeph2.cgi
20260515T013407Z,2026-05-15T01:34:07.995566Z,20260515T013407Z_batch01,CEM83E2,2026-05-15T12:00:00Z,14 10 35.7,212.64875,-00 08 56,-0.14888888888888888,153.4,20.7,7.56,116.4,Map/Offsets,https://cgi.minorplanetcenter.net/cgi-bin/confirmeph2.cgi
20260515T013407Z,2026-05-15T01:34:07.995566Z,20260515T013407Z_batch01,CEM83E2,2026-05-15T13:00:00Z,14 11 02.8,212.76166666666666,-00 12 17,-0.20472222222222222,153.5,20.7,7.56,116.4,Map/Offsets,https://cgi.minorplanetcenter.net/cgi-bin/confirmeph2.cgi
20260515T013407Z,2026-05-15T01:34:07.995566Z,20260515T013407Z_batch01,CEM83E2,2026-05-15T14:00:00Z,14 11 29.9,212.87458333333333,-00 15 39,-0.26083333333333336,153.6,20.7,7.56,116.4,Map/Offsets,https://cgi.minorplanetcenter.net/cgi-bin/confirmeph2.cgi
20260515T013407Z,2026-05-15T01:34:07.995566Z,20260515T013407Z_batch01,CEM83E2,2026-05-15T15:00:00Z,14 11 56.9,212.98708333333335,-00 19 00,-0.31666666666666665,153.6,20.7,7.56,116.4,Map/Offsets,https://cgi.minorplanetcenter.net/cgi-bin/confirmeph2.cgi
20260515T013407Z,2026-05-15T01:34:07.995566Z,20260515T013407Z_batch01,CEM83E2,2026-05-15T16:00:00Z,14 12 24.0,213.09999999999997,-00 22 22,-0.37277777777777776,153.7,20.7,7.55,116.4,Map/Offsets,https://cgi.minorplanetcenter.net/cgi-bin/confirmeph2.cgi
20260515T013407Z,2026-05-15T01:34:07.995566Z,20260515T013407Z_batch01,CEM83E2,2026-05-15T17:00:00Z,14 12 51.1,213.21291666666664,-00 25 43,-0.4286111111111111,153.8,20.7,7.55,116.4,Map/Offsets,https://cgi.minorplanetcenter.net/cgi-bin/confirmeph2.cgi
20260515T013407Z,2026-05-15T01:34:07.995566Z,20260515T013407Z_batch01,CEM83E2,2026-05-15T18:00:00Z,14 13 18.1,213.32541666666668,-00 29 05,-0.4847222222222222,153.9,20.7,7.55,116.4,Map/Offsets,https://cgi.minorplanetcenter.net/cgi-bin/confirmeph2.cgi
20260515T013407Z,2026-05-15T01:34:07.995566Z,20260515T013407Z_batch01,CEM83E2,2026-05-15T19:00:00Z,14 13 45.2,213.43833333333333,-00 32 26,-0.5405555555555556,154.0,20.7,7.55,116.4,Map/Offsets,https://cgi.minorplanetcenter.net/cgi-bin/confirmeph2.cgi
20260515T013407Z,2026-05-15T01:34:07.995566Z,20260515T013407Z_batch01,CEM83E2,2026-05-15T20:00:00Z,14 14 12.2,213.55083333333332,-00 35 48,-0.5966666666666667,154.1,20.7,7.55,116.4,Map/Offsets,https://cgi.minorplanetcenter.net/cgi-bin/confirmeph2.cgi
20260515T013407Z,2026-05-15T01:34:07.995566Z,20260515T013407Z_batch01,CEM83E2,2026-05-15T21:00:00Z,14 14 39.3,213.66375,-00 39 09,-0.6525,154.1,20.7,7.55,116.4,Map/Offsets,https://cgi.minorplanetcenter.net/cgi-bin/confirmeph2.cgi
20260515T013407Z,2026-05-15T01:34:07.995566Z,20260515T013407Z_batch01,CEM83E2,2026-05-15T22:00:00Z,14 15 06.3,213.77625,-00 42 31,-0.7086111111111111,154.2,20.7,7.55,116.4,Map/Offsets,https://cgi.minorplanetcenter.net/cgi-bin/confirmeph2.cgi
20260515T013407Z,2026-05-15T01:34:07.995566Z,20260515T013407Z_batch01,CEM83E2,2026-05-15T23:00:00Z,14 15 33.3,213.88875,-00 45 52,-0.7644444444444445,154.3,20.7,7.54,116.4,Map/Offsets,https://cgi.minorplanetcenter.net/cgi-bin/confirmeph2.cgi
20260515T013407Z,2026-05-15T01:34:07.995566Z,20260515T013407Z_batch01,CEM83E2,2026-05-16T00:00:00Z,14 16 00.4,214.0016666666667,-00 49 14,-0.8205555555555556,154.4,20.7,7.54,116.4,Map/Offsets,https://cgi.minorplanetcenter.net/cgi-bin/confirmeph2.cgi
20260515T013407Z,2026-05-15T01:34:07.995566Z,20260515T013407Z_batch01,CEM7YT2,2026-05-15T00:00:00Z,13 16 18.0,199.07500000000002,+01 06 57,1.1158333333333335,142.5,20.0,10.27,196.7,Map/Offsets,https://cgi.minorplanetcenter.net/cgi-bin/confirmeph2.cgi
20260515T013407Z,2026-05-15T01:34:07.995566Z,20260515T013407Z_batch01,CEM7YT2,2026-05-15T01:00:00Z,13 16 06.2,199.02583333333334,+00 57 08,0.9522222222222222,142.5,20.0,10.25,196.7,Map/Offsets,https://cgi.minorplanetcenter.net/cgi-bin/confirmeph2.cgi
20260515T013407Z,2026-05-15T01:34:07.995566Z,20260515T013407Z_batch01,CEM7YT2,2026-05-15T02:00:00Z,13 15 54.5,198.97708333333333,+00 47 19,0.7886111111111112,142.5,20.0,10.24,196.7,Map/Offsets,https://cgi.minorplanetcenter.net/cgi-bin/confirmeph2.cgi
20260515T013407Z,2026-05-15T01:34:07.995566Z,20260515T013407Z_batch01,CEM7YT2,2026-05-15T03:00:00Z,13 15 42.7,198.92791666666668,+00 37 30,0.625,142.5,20.0,10.23,196.7,Map/Offsets,https://cgi.minorplanetcenter.net/cgi-bin/confirmeph2.cgi
20260515T013407Z,2026-05-15T01:34:07.995566Z,20260515T013407Z_batch01,CEM7YT2,2026-05-15T04:00:00Z,13 15 31.0,198.87916666666666,+00 27 43,0.46194444444444444,142.5,20.0,10.21,196.6,Map/Offsets,https://cgi.minorplanetcenter.net/cgi-bin/confirmeph2.cgi
20260515T013407Z,2026-05-15T01:34:07.995566Z,20260515T013407Z_batch01,CEM7YT2,2026-05-15T05:00:00Z,13 15 19.3,198.83041666666665,+00 17 56,0.29888888888888887,142.6,20.0,10.2,196.6,Map/Offsets,https://cgi.minorplanetcenter.net/cgi-bin/confirmeph2.cgi
20260515T013407Z,2026-05-15T01:34:07.995566Z,20260515T013407Z_batch01,CEM7YT2,2026-05-15T06:00:00Z,13 15 07.7,198.78208333333333,+00 08 11,0.1363888888888889,142.6,20.0,10.18,196.6,Map/Offsets,https://cgi.minorplanetcenter.net/cgi-bin/confirmeph2.cgi
20260515T013407Z,2026-05-15T01:34:07.995566Z,20260515T013407Z_batch01,CEM7YT2,2026-05-15T07:00:00Z,13 14 56.0,198.73333333333332,-00 01 34,-0.026111111111111113,142.6,20.0,10.17,196.6,Map/Offsets,https://cgi.minorplanetcenter.net/cgi-bin/confirmeph2.cgi
20260515T013407Z,2026-05-15T01:34:07.995566Z,20260515T013407Z_batch01,CEM7YT2,2026-05-15T08:00:00Z,13 14 44.4,198.685,-00 11 18,-0.18833333333333332,142.6,20.0,10.15,196.6,Map/Offsets,https://cgi.minorplanetcenter.net/cgi-bin/confirmeph2.cgi
20260515T013407Z,2026-05-15T01:34:07.995566Z,20260515T013407Z_batch01,CEM7YT2,2026-05-15T09:00:00Z,13 14 32.8,198.63666666666666,-00 21 02,-0.3505555555555555,142.6,20.0,10.14,196.6,Map/Offsets,https://cgi.minorplanetcenter.net/cgi-bin/confirmeph2.cgi
20260515T013407Z,2026-05-15T01:34:07.995566Z,20260515T013407Z_batch01,CEM7YT2,2026-05-15T10:00:00Z,13 14 21.2,198.5883333333333,-00 30 44,-0.5122222222222222,142.6,20.0,10.12,196.6,Map/Offsets,https://cgi.minorplanetcenter.net/cgi-bin/confirmeph2.cgi
20260515T013407Z,2026-05-15T01:34:07.995566Z,20260515T013407Z_batch01,CEM7YT2,2026-05-15T11:00:00Z,13 14 09.7,198.54041666666666,-00 40 26,-0.6738888888888889,142.6,20.0,10.1,196.6,Map/Offsets,https://cgi.minorplanetcenter.net/cgi-bin/confirmeph2.cgi
20260515T013407Z,2026-05-15T01:34:07.995566Z,20260515T013407Z_batch01,CEM7YT2,2026-05-15T12:00:00Z,13 13 58.2,198.4925,-00 50 06,-0.8350000000000001,142.6,20.0,10.09,196.6,Map/Offsets,https://cgi.minorplanetcenter.net/cgi-bin/confirmeph2.cgi
20260515T013407Z,2026-05-15T01:34:07.995566Z,20260515T013407Z_batch01,CEM7YT2,2026-05-15T13:00:00Z,13 13 46.7,198.44458333333333,-00 59 46,-0.9961111111111111,142.6,20.0,10.07,196.6,Map/Offsets,https://cgi.minorplanetcenter.net/cgi-bin/confirmeph2.cgi
20260515T013407Z,2026-05-15T01:34:07.995566Z,20260515T013407Z_batch01,CEM7YT2,2026-05-15T14:00:00Z,13 13 35.2,198.39666666666668,-01 09 25,-1.1569444444444443,142.6,20.0,10.06,196.5,Map/Offsets,https://cgi.minorplanetcenter.net/cgi-bin/confirmeph2.cgi
20260515T013407Z,2026-05-15T01:34:07.995566Z,20260515T013407Z_batch01,CEM7YT2,2026-05-15T15:00:00Z,13 13 23.8,198.34916666666666,-01 19 03,-1.3175,142.6,20.0,10.04,196.5,Map/Offsets,https://cgi.minorplanetcenter.net/cgi-bin/confirmeph2.cgi
20260515T013407Z,2026-05-15T01:34:07.995566Z,20260515T013407Z_batch01,CEM7YT2,2026-05-15T16:00:00Z,13 13 12.4,198.30166666666665,-01 28 40,-1.4777777777777779,142.6,20.0,10.02,196.5,Map/Offsets,https://cgi.minorplanetcenter.net/cgi-bin/confirmeph2.cgi
20260515T013407Z,2026-05-15T01:34:07.995566Z,20260515T013407Z_batch01,CEM7YT2,2026-05-15T17:00:00Z,13 13 01.0,198.25416666666666,-01 38 16,-1.6377777777777778,142.6,20.0,10.01,196.5,Map/Offsets,https://cgi.minorplanetcenter.net/cgi-bin/confirmeph2.cgi
20260515T013407Z,2026-05-15T01:34:07.995566Z,20260515T013407Z_batch01,CEM7YT2,2026-05-15T18:00:00Z,13 12 49.6,198.20666666666665,-01 47 51,-1.7974999999999999,142.6,20.0,9.99,196.5,Map/Offsets,https://cgi.minorplanetcenter.net/cgi-bin/confirmeph2.cgi
20260515T013407Z,2026-05-15T01:34:07.995566Z,20260515T013407Z_batch01,CEM7YT2,2026-05-15T19:00:00Z,13 12 38.3,198.15958333333333,-01 57 26,-1.9572222222222222,142.6,20.0,9.97,196.5,Map/Offsets,https://cgi.minorplanetcenter.net/cgi-bin/confirmeph2.cgi
20260515T013407Z,2026-05-15T01:34:07.995566Z,20260515T013407Z_batch01,CEM7YT2,2026-05-15T20:00:00Z,13 12 26.9,198.11208333333332,-02 06 59,-2.116388888888889,142.6,20.0,9.96,196.5,Map/Offsets,https://cgi.minorplanetcenter.net/cgi-bin/confirmeph2.cgi
20260515T013407Z,2026-05-15T01:34:07.995566Z,20260515T013407Z_batch01,CEM7YT2,2026-05-15T21:00:00Z,13 12 15.6,198.065,-02 16 32,-2.2755555555555556,142.6,20.0,9.94,196.5,Map/Offsets,https://cgi.minorplanetcenter.net/cgi-bin/confirmeph2.cgi
20260515T013407Z,2026-05-15T01:34:07.995566Z,20260515T013407Z_batch01,CEM7YT2,2026-05-15T22:00:00Z,13 12 04.4,198.01833333333332,-02 26 03,-2.434166666666667,142.6,20.0,9.92,196.5,Map/Offsets,https://cgi.minorplanetcenter.net/cgi-bin/confirmeph2.cgi
20260515T013407Z,2026-05-15T01:34:07.995566Z,20260515T013407Z_batch01,CEM7YT2,2026-05-15T23:00:00Z,13 11 53.1,197.97125,-02 35 34,-2.592777777777778,142.6,20.0,9.91,196.5,Map/Offsets,https://cgi.minorplanetcenter.net/cgi-bin/confirmeph2.cgi
20260515T013407Z,2026-05-15T01:34:07.995566Z,20260515T013407Z_batch01,CEM7YT2,2026-05-16T00:00:00Z,13 11 41.9,197.92458333333335,-02 45 03,-2.7508333333333335,142.6,20.0,9.89,196.4,Map/Offsets,https://cgi.minorplanetcenter.net/cgi-bin/confirmeph2.cgi
20260515T013407Z,2026-05-15T01:34:07.995566Z,20260515T013407Z_batch01,ST26E52,2026-05-15T00:00:00Z,13 35 12.9,203.80375,+11 06 47,11.113055555555555,139.6,20.2,39.93,356.4,Map/Offsets   !,https://cgi.minorplanetcenter.net/cgi-bin/confirmeph2.cgi
20260515T013407Z,2026-05-15T01:34:07.995566Z,20260515T013407Z_batch01,ST26E52,2026-05-15T01:00:00Z,13 35 02.6,203.76083333333335,+11 46 46,11.779444444444445,139.0,20.2,40.18,356.4,Map/Offsets   !,https://cgi.minorplanetcenter.net/cgi-bin/confirmeph2.cgi
20260515T013407Z,2026-05-15T01:34:07.995566Z,20260515T013407Z_batch01,ST26E52,2026-05-15T02:00:00Z,13 34 52.3,203.71791666666667,+12 26 59,12.449722222222222,138.5,20.2,40.42,356.4,Map/Offsets   !,https://cgi.minorplanetcenter.net/cgi-bin/confirmeph2.cgi
20260515T013407Z,2026-05-15T01:34:07.995566Z,20260515T013407Z_batch01,ST26E52,2026-05-15T03:00:00Z,13 34 41.8,203.67416666666668,+13 07 26,13.123888888888889,137.9,20.2,40.65,356.4,Map/Offsets   !,https://cgi.minorplanetcenter.net/cgi-bin/confirmeph2.cgi
20260515T013407Z,2026-05-15T01:34:07.995566Z,20260515T013407Z_batch01,ST26E52,2026-05-15T04:00:00Z,13 34 31.2,203.63,+13 48 08,13.802222222222223,137.3,20.2,40.88,356.4,Map/Offsets   !,https://cgi.minorplanetcenter.net/cgi-bin/confirmeph2.cgi
20260515T013407Z,2026-05-15T01:34:07.995566Z,20260515T013407Z_batch01,ST26E52,2026-05-15T05:00:00Z,13 34 20.6,203.5858333333333,+14 29 02,14.483888888888888,136.7,20.2,41.09,356.4,Map/Offsets   !,https://cgi.minorplanetcenter.net/cgi-bin/confirmeph2.cgi
20260515T013407Z,2026-05-15T01:34:07.995566Z,20260515T013407Z_batch01,ST26E52,2026-05-15T06:00:00Z,13 34 09.8,203.54083333333332,+15 10 08,15.168888888888889,136.2,20.3,41.3,356.4,Map/Offsets   !,https://cgi.minorplanetcenter.net/cgi-bin/confirmeph2.cgi
20260515T013407Z,2026-05-15T01:34:07.995566Z,20260515T013407Z_batch01,ST26E52,2026-05-15T07:00:00Z,13 33 58.8,203.495,+15 51 27,15.8575,135.6,20.3,41.49,356.4,Map/Offsets   !,https://cgi.minorplanetcenter.net/cgi-bin/confirmeph2.cgi
20260515T013407Z,2026-05-15T01:34:07.995566Z,20260515T013407Z_batch01,ST26E52,2026-05-15T08:00:00Z,13 33 47.8,203.44916666666668,+16 32 57,16.549166666666668,135.0,20.3,41.67,356.3,Map/Offsets   !,https://cgi.minorplanetcenter.net/cgi-bin/confirmeph2.cgi
20260515T013407Z,2026-05-15T01:34:07.995566Z,20260515T013407Z_batch01,ST26E52,2026-05-15T09:00:00Z,13 33 36.6,203.4025,+17 14 37,17.24361111111111,134.4,20.3,41.84,356.3,Map/Offsets   !,https://cgi.minorplanetcenter.net/cgi-bin/confirmeph2.cgi
20260515T013407Z,2026-05-15T01:34:07.995566Z,20260515T013407Z_batch01,ST26E52,2026-05-15T10:00:00Z,13 33 25.4,203.35583333333332,+17 56 27,17.940833333333334,133.8,20.3,42.0,356.3,Map/Offsets   !,https://cgi.minorplanetcenter.net/cgi-bin/confirmeph2.cgi
20260515T013407Z,2026-05-15T01:34:07.995566Z,20260515T013407Z_batch01,ST26E52,2026-05-15T11:00:00Z,13 33 14.0,203.30833333333337,+18 38 26,18.640555555555554,133.2,20.3,42.15,356.3,Map/Offsets   !,https://cgi.minorplanetcenter.net/cgi-bin/confirmeph2.cgi
20260515T013407Z,2026-05-15T01:34:07.995566Z,20260515T013407Z_batch01,ST26E52,2026-05-15T12:00:00Z,13 33 02.4,203.26000000000002,+19 20 34,19.342777777777776,132.6,20.3,42.28,356.3,Map/Offsets   !,https://cgi.minorplanetcenter.net/cgi-bin/confirmeph2.cgi
20260515T013407Z,2026-05-15T01:34:07.995566Z,20260515T013407Z_batch01,ST26E52,2026-05-15T13:00:00Z,13 32 50.8,203.21166666666667,+20 02 50,20.047222222222224,131.9,20.3,42.41,356.3,Map/Offsets   !,https://cgi.minorplanetcenter.net/cgi-bin/confirmeph2.cgi
20260515T013407Z,2026-05-15T01:34:07.995566Z,20260515T013407Z_batch01,ST26E52,2026-05-15T14:00:00Z,13 32 39.0,203.16250000000002,+20 45 12,20.753333333333334,131.3,20.4,42.52,356.3,Map/Offsets   !,https://cgi.minorplanetcenter.net/cgi-bin/confirmeph2.cgi
20260515T013407Z,2026-05-15T01:34:07.995566Z,20260515T013407Z_batch01,ST26E52,2026-05-15T15:00:00Z,13 32 27.0,203.1125,+21 27 41,21.461388888888887,130.7,20.4,42.62,356.2,Map/Offsets   !,https://cgi.minorplanetcenter.net/cgi-bin/confirmeph2.cgi
20260515T013407Z,2026-05-15T01:34:07.995566Z,20260515T013407Z_batch01,ST26E52,2026-05-15T16:00:00Z,13 32 15.0,203.0625,+22 10 15,22.170833333333334,130.1,20.4,42.7,356.2,Map/Offsets   !,https://cgi.minorplanetcenter.net/cgi-bin/confirmeph2.cgi
20260515T013407Z,2026-05-15T01:34:07.995566Z,20260515T013407Z_batch01,ST26E52,2026-05-15T17:00:00Z,13 32 02.8,203.01166666666666,+22 52 54,22.881666666666668,129.5,20.4,42.78,356.2,Map/Offsets   !,https://cgi.minorplanetcenter.net/cgi-bin/confirmeph2.cgi
20260515T013407Z,2026-05-15T01:34:07.995566Z,20260515T013407Z_batch01,ST26E52,2026-05-15T18:00:00Z,13 31 50.4,202.96,+23 35 36,23.593333333333334,128.8,20.4,42.83,356.2,Map/Offsets   !,https://cgi.minorplanetcenter.net/cgi-bin/confirmeph2.cgi
20260515T013407Z,2026-05-15T01:34:07.995566Z,20260515T013407Z_batch01,ST26E52,2026-05-15T19:00:00Z,13 31 37.9,202.9079166666667,+24 18 22,24.30611111111111,128.2,20.4,42.88,356.2,Map/Offsets   !,https://cgi.minorplanetcenter.net/cgi-bin/confirmeph2.cgi
20260515T013407Z,2026-05-15T01:34:07.995566Z,20260515T013407Z_batch01,ST26E52,2026-05-15T20:00:00Z,13 31 25.3,202.85541666666666,+25 01 10,25.019444444444442,127.6,20.4,42.91,356.2,Map/Offsets   !,https://cgi.minorplanetcenter.net/cgi-bin/confirmeph2.cgi
20260515T013407Z,2026-05-15T01:34:07.995566Z,20260515T013407Z_batch01,ST26E52,2026-05-15T21:00:00Z,13 31 12.5,202.80208333333334,+25 44 00,25.733333333333334,126.9,20.5,42.93,356.1,Map/Offsets   !,https://cgi.minorplanetcenter.net/cgi-bin/confirmeph2.cgi
20260515T013407Z,2026-05-15T01:34:07.995566Z,20260515T013407Z_batch01,ST26E52,2026-05-15T22:00:00Z,13 30 59.6,202.74833333333333,+26 26 50,26.447222222222223,126.3,20.5,42.94,356.1,Map/Offsets   !,https://cgi.minorplanetcenter.net/cgi-bin/confirmeph2.cgi
20260515T013407Z,2026-05-15T01:34:07.995566Z,20260515T013407Z_batch01,ST26E52,2026-05-15T23:00:00Z,13 30 46.5,202.69375000000002,+27 09 41,27.161388888888887,125.6,20.5,42.93,356.1,Map/Offsets   !,https://cgi.minorplanetcenter.net/cgi-bin/confirmeph2.cgi
20260515T013407Z,2026-05-15T01:34:07.995566Z,20260515T013407Z_batch01,ST26E52,2026-05-16T00:00:00Z,13 30 33.2,202.63833333333332,+27 52 30,27.875,125.0,20.5,42.91,356.1,Map/Offsets   !,https://cgi.minorplanetcenter.net/cgi-bin/confirmeph2.cgi
20260515T013407Z,2026-05-15T01:34:07.995566Z,20260515T013407Z_batch01,MZ26075,2026-05-15T00:00:00Z,16 51 56.0,252.98333333333335,+00 58 26,0.9738888888888889,151.1,19.6,29.96,36.8,Map/Offsets   !,https://cgi.minorplanetcenter.net/cgi-bin/confirmeph2.cgi
20260515T013407Z,2026-05-15T01:34:07.995566Z,20260515T013407Z_batch01,MZ26075,2026-05-15T01:00:00Z,16 53 07.8,253.2825,+01 22 25,1.3736111111111111,150.6,19.6,29.96,36.8,Map/Offsets   !,https://cgi.minorplanetcenter.net/cgi-bin/confirmeph2.cgi
20260515T013407Z,2026-05-15T01:34:07.995566Z,20260515T013407Z_batch01,MZ26075,2026-05-15T02:00:00Z,16 54 19.6,253.58166666666662,+01 46 24,1.7733333333333332,150.1,19.6,29.94,36.8,Map/Offsets   !,https://cgi.minorplanetcenter.net/cgi-bin/confirmeph2.cgi
20260515T013407Z,2026-05-15T01:34:07.995566Z,20260515T013407Z_batch01,MZ26075,2026-05-15T03:00:00Z,16 55 31.4,253.88083333333333,+02 10 22,2.1727777777777777,149.7,19.6,29.93,36.8,Map/Offsets   !,https://cgi.minorplanetcenter.net/cgi-bin/confirmeph2.cgi
20260515T013407Z,2026-05-15T01:34:07.995566Z,20260515T013407Z_batch01,MZ26075,2026-05-15T04:00:00Z,16 56 43.2,254.18,+02 34 19,2.571944444444444,149.2,19.7,29.91,36.8,Map/Offsets   !,https://cgi.minorplanetcenter.net/cgi-bin/confirmeph2.cgi
20260515T013407Z,2026-05-15T01:34:07.995566Z,20260515T013407Z_batch01,MZ26075,2026-05-15T05:00:00Z,16 57 55.0,254.47916666666669,+02 58 14,2.970555555555556,148.7,19.7,29.88,36.8,Map/Offsets   !,https://cgi.minorplanetcenter.net/cgi-bin/confirmeph2.cgi
20260515T013407Z,2026-05-15T01:34:07.995566Z,20260515T013407Z_batch01,MZ26075,2026-05-15T06:00:00Z,16 59 06.7,254.77791666666667,+03 22 08,3.368888888888889,148.3,19.7,29.85,36.9,Map/Offsets   !,https://cgi.minorplanetcenter.net/cgi-bin/confirmeph2.cgi
20260515T013407Z,2026-05-15T01:34:07.995566Z,20260515T013407Z_batch01,MZ26075,2026-05-15T07:00:00Z,17 00 18.5,255.07708333333335,+03 46 00,3.7666666666666666,147.8,19.7,29.82,36.9,Map/Offsets   !,https://cgi.minorplanetcenter.net/cgi-bin/confirmeph2.cgi
20260515T013407Z,2026-05-15T01:34:07.995566Z,20260515T013407Z_batch01,MZ26075,2026-05-15T08:00:00Z,17 01 30.2,255.3758333333333,+04 09 50,4.16388888888889,147.3,19.7,29.78,36.9,Map/Offsets   !,https://cgi.minorplanetcenter.net/cgi-bin/confirmeph2.cgi
20260515T013407Z,2026-05-15T01:34:07.995566Z,20260515T013407Z_batch01,MZ26075,2026-05-15T09:00:00Z,17 02 41.9,255.67458333333337,+04 33 38,4.560555555555555,146.9,19.7,29.73,36.9,Map/Offsets   !,https://cgi.minorplanetcenter.net/cgi-bin/confirmeph2.cgi
20260515T013407Z,2026-05-15T01:34:07.995566Z,20260515T013407Z_batch01,MZ26075,2026-05-15T10:00:00Z,17 03 53.5,255.97291666666666,+04 57 23,4.956388888888889,146.4,19.7,29.68,36.9,Map/Offsets   !,https://cgi.minorplanetcenter.net/cgi-bin/confirmeph2.cgi
20260515T013407Z,2026-05-15T01:34:07.995566Z,20260515T013407Z_batch01,MZ26075,2026-05-15T11:00:00Z,17 05 05.1,256.27125,+05 21 05,5.351388888888889,145.9,19.8,29.63,37.0,Map/Offsets   !,https://cgi.minorplanetcenter.net/cgi-bin/confirmeph2.cgi
20260515T013407Z,2026-05-15T01:34:07.995566Z,20260515T013407Z_batch01,MZ26075,2026-05-15T12:00:00Z,17 06 16.7,256.56958333333336,+05 44 44,5.745555555555556,145.5,19.8,29.58,37.0,Map/Offsets   !,https://cgi.minorplanetcenter.net/cgi-bin/confirmeph2.cgi
20260515T013407Z,2026-05-15T01:34:07.995566Z,20260515T013407Z_batch01,MZ26075,2026-05-15T13:00:00Z,17 07 28.2,256.8675,+06 08 19,6.1386111111111115,145.0,19.8,29.51,37.0,Map/Offsets   !,https://cgi.minorplanetcenter.net/cgi-bin/confirmeph2.cgi
20260515T013407Z,2026-05-15T01:34:07.995566Z,20260515T013407Z_batch01,MZ26075,2026-05-15T14:00:00Z,17 08 39.7,257.16541666666666,+06 31 51,6.530833333333334,144.5,19.8,29.45,37.1,Map/Offsets   !,https://cgi.minorplanetcenter.net/cgi-bin/confirmeph2.cgi
20260515T013407Z,2026-05-15T01:34:07.995566Z,20260515T013407Z_batch01,MZ26075,2026-05-15T15:00:00Z,17 09 51.1,257.4629166666667,+06 55 19,6.921944444444445,144.1,19.8,29.38,37.1,Map/Offsets   !,https://cgi.minorplanetcenter.net/cgi-bin/confirmeph2.cgi
20260515T013407Z,2026-05-15T01:34:07.995566Z,20260515T013407Z_batch01,MZ26075,2026-05-15T16:00:00Z,17 11 02.5,257.7604166666667,+07 18 43,7.311944444444444,143.6,19.8,29.31,37.1,Map/Offsets   !,https://cgi.minorplanetcenter.net/cgi-bin/confirmeph2.cgi
20260515T013407Z,2026-05-15T01:34:07.995566Z,20260515T013407Z_batch01,MZ26075,2026-05-15T17:00:00Z,17 12 13.8,258.0575,+07 42 03,7.700833333333334,143.1,19.8,29.23,37.2,Map/Offsets   !,https://cgi.minorplanetcenter.net/cgi-bin/confirmeph2.cgi
20260515T013407Z,2026-05-15T01:34:07.995566Z,20260515T013407Z_batch01,MZ26075,2026-05-15T18:00:00Z,17 13 25.1,258.3545833333333,+08 05 18,8.088333333333335,142.7,19.9,29.15,37.2,Map/Offsets   !,https://cgi.minorplanetcenter.net/cgi-bin/confirmeph2.cgi
20260515T013407Z,2026-05-15T01:34:07.995566Z,20260515T013407Z_batch01,MZ26075,2026-05-15T19:00:00Z,17 14 36.2,258.65083333333337,+08 28 28,8.474444444444444,142.2,19.9,29.06,37.3,Map/Offsets   !,https://cgi.minorplanetcenter.net/cgi-bin/confirmeph2.cgi
20260515T013407Z,2026-05-15T01:34:07.995566Z,20260515T013407Z_batch01,MZ26075,2026-05-15T20:00:00Z,17 15 47.3,258.94708333333335,+08 51 34,8.859444444444444,141.7,19.9,28.97,37.3,Map/Offsets   !,https://cgi.minorplanetcenter.net/cgi-bin/confirmeph2.cgi
20260515T013407Z,2026-05-15T01:34:07.995566Z,20260515T013407Z_batch01,MZ26075,2026-05-15T21:00:00Z,17 16 58.4,259.24333333333334,+09 14 34,9.242777777777777,141.3,19.9,28.88,37.3,Map/Offsets   !,https://cgi.minorplanetcenter.net/cgi-bin/confirmeph2.cgi
20260515T013407Z,2026-05-15T01:34:07.995566Z,20260515T013407Z_batch01,MZ26075,2026-05-15T22:00:00Z,17 18 09.3,259.53875,+09 37 29,9.624722222222223,140.8,19.9,28.78,37.4,Map/Offsets   !,https://cgi.minorplanetcenter.net/cgi-bin/confirmeph2.cgi
20260515T013407Z,2026-05-15T01:34:07.995566Z,20260515T013407Z_batch01,MZ26075,2026-05-15T23:00:00Z,17 19 20.2,259.83416666666665,+10 00 18,10.005,140.4,19.9,28.68,37.4,Map/Offsets   !,https://cgi.minorplanetcenter.net/cgi-bin/confirmeph2.cgi
20260515T013407Z,2026-05-15T01:34:07.995566Z,20260515T013407Z_batch01,MZ26075,2026-05-16T00:00:00Z,17 20 31.0,260.12916666666666,+10 23 02,10.383888888888889,139.9,20.0,28.58,37.5,Map/Offsets   !,https://cgi.minorplanetcenter.net/cgi-bin/confirmeph2.cgi
20260515T013407Z,2026-05-15T01:34:07.995566Z,20260515T013407Z_batch01,A11CmCW,2026-05-15T00:00:00Z,05 04 32.0,76.13333333333333,-76 39 16,-76.65444444444445,96.5,19.3,12.05,54.8,Map/Offsets   !,https://cgi.minorplanetcenter.net/cgi-bin/confirmeph2.cgi
20260515T013407Z,2026-05-15T01:34:07.995566Z,20260515T013407Z_batch01,A11CmCW,2026-05-15T01:00:00Z,05 07 18.6,76.8275,-76 32 23,-76.53972222222222,96.5,19.4,11.68,54.1,Map/Offsets   !,https://cgi.minorplanetcenter.net/cgi-bin/confirmeph2.cgi
20260515T013407Z,2026-05-15T01:34:07.995566Z,20260515T013407Z_batch01,A11CmCW,2026-05-15T02:00:00Z,05 09 57.4,77.48916666666666,-76 25 35,-76.4263888888889,96.5,19.4,11.32,53.5,Map/Offsets   !,https://cgi.minorplanetcenter.net/cgi-bin/confirmeph2.cgi
20260515T013407Z,2026-05-15T01:34:07.995566Z,20260515T013407Z_batch01,A11CmCW,2026-05-15T03:00:00Z,05 12 28.8,78.12,-76 18 55,-76.31527777777778,96.4,19.4,10.97,52.9,Map/Offsets   !,https://cgi.minorplanetcenter.net/cgi-bin/confirmeph2.cgi
20260515T013407Z,2026-05-15T01:34:07.995566Z,20260515T013407Z_batch01,A11CmCW,2026-05-15T04:00:00Z,05 14 53.4,78.72250000000001,-76 12 21,-76.20583333333333,96.4,19.5,10.65,52.3,Map/Offsets   !,https://cgi.minorplanetcenter.net/cgi-bin/confirmeph2.cgi
20260515T013407Z,2026-05-15T01:34:07.995566Z,20260515T013407Z_batch01,A11CmCW,2026-05-15T05:00:00Z,05 17 11.6,79.29833333333333,-76 05 54,-76.09833333333333,96.4,19.5,10.33,51.8,Map/Offsets   !,https://cgi.minorplanetcenter.net/cgi-bin/confirmeph2.cgi
20260515T013407Z,2026-05-15T01:34:07.995566Z,20260515T013407Z_batch01,A11CmCW,2026-05-15T06:00:00Z,05 19 23.8,79.84916666666666,-75 59 34,-75.99277777777777,96.3,19.5,10.03,51.2,Map/Offsets   !,https://cgi.minorplanetcenter.net/cgi-bin/confirmeph2.cgi
20260515T013407Z,2026-05-15T01:34:07.995566Z,20260515T013407Z_batch01,A11CmCW,2026-05-15T07:00:00Z,05 21 30.3,80.37624999999998,-75 53 20,-75.8888888888889,96.3,19.6,9.74,50.7,Map/Offsets   !,https://cgi.minorplanetcenter.net/cgi-bin/confirmeph2.cgi
20260515T013407Z,2026-05-15T01:34:07.995566Z,20260515T013407Z_batch01,A11CmCW,2026-05-15T08:00:00Z,05 23 31.4,80.88083333333334,-75 47 14,-75.78722222222223,96.3,19.6,9.47,50.2,Map/Offsets   !,https://cgi.minorplanetcenter.net/cgi-bin/confirmeph2.cgi
20260515T013407Z,2026-05-15T01:34:07.995566Z,20260515T013407Z_batch01,A11CmCW,2026-05-15T09:00:00Z,05 25 27.6,81.365,-75 41 14,-75.68722222222223,96.3,19.6,9.21,49.8,Map/Offsets   !,https://cgi.minorplanetcenter.net/cgi-bin/confirmeph2.cgi
20260515T013407Z,2026-05-15T01:34:07.995566Z,20260515T013407Z_batch01,A11CmCW,2026-05-15T10:00:00Z,05 27 19.0,81.82916666666667,-75 35 20,-75.58888888888889,96.2,19.7,8.95,49.3,Map/Offsets   !,https://cgi.minorplanetcenter.net/cgi-bin/confirmeph2.cgi
20260515T013407Z,2026-05-15T01:34:07.995566Z,20260515T013407Z_batch01,A11CmCW,2026-05-15T11:00:00Z,05 29 06.0,82.275,-75 29 34,-75.49277777777777,96.2,19.7,8.71,48.9,Map/Offsets   !,https://cgi.minorplanetcenter.net/cgi-bin/confirmeph2.cgi
20260515T013407Z,2026-05-15T01:34:07.995566Z,20260515T013407Z_batch01,A11CmCW,2026-05-15T12:00:00Z,05 30 48.7,82.70291666666667,-75 23 54,-75.39833333333334,96.2,19.7,8.48,48.5,Map/Offsets   !,https://cgi.minorplanetcenter.net/cgi-bin/confirmeph2.cgi
20260515T013407Z,2026-05-15T01:34:07.995566Z,20260515T013407Z_batch01,A11CmCW,2026-05-15T13:00:00Z,05 32 27.5,83.11458333333333,-75 18 20,-75.30555555555556,96.2,19.7,8.25,48.1,Map/Offsets   !,https://cgi.minorplanetcenter.net/cgi-bin/confirmeph2.cgi
20260515T013407Z,2026-05-15T01:34:07.995566Z,20260515T013407Z_batch01,A11CmCW,2026-05-15T14:00:00Z,05 34 02.5,83.51041666666666,-75 12 53,-75.21472222222222,96.1,19.8,8.04,47.7,Map/Offsets   !,https://cgi.minorplanetcenter.net/cgi-bin/confirmeph2.cgi
20260515T013407Z,2026-05-15T01:34:07.995566Z,20260515T013407Z_batch01,A11CmCW,2026-05-15T15:00:00Z,05 35 34.0,83.89166666666665,-75 07 31,-75.12527777777777,96.1,19.8,7.83,47.4,Map/Offsets   !,https://cgi.minorplanetcenter.net/cgi-bin/confirmeph2.cgi
20260515T013407Z,2026-05-15T01:34:07.995566Z,20260515T013407Z_batch01,A11CmCW,2026-05-15T16:00:00Z,05 37 02.1,84.25875,-75 02 16,-75.03777777777778,96.1,19.8,7.63,47.0,Map/Offsets   !,https://cgi.minorplanetcenter.net/cgi-bin/confirmeph2.cgi
20260515T013407Z,2026-05-15T01:34:07.995566Z,20260515T013407Z_batch01,A11CmCW,2026-05-15T17:00:00Z,05 38 27.0,84.6125,-74 57 07,-74.95194444444445,96.1,19.9,7.44,46.7,Map/Offsets   !,https://cgi.minorplanetcenter.net/cgi-bin/confirmeph2.cgi
20260515T013407Z,2026-05-15T01:34:07.995566Z,20260515T013407Z_batch01,A11CmCW,2026-05-15T18:00:00Z,05 39 48.9,84.95375,-74 52 04,-74.86777777777777,96.0,19.9,7.25,46.4,Map/Offsets   !,https://cgi.minorplanetcenter.net/cgi-bin/confirmeph2.cgi
20260515T013407Z,2026-05-15T01:34:07.995566Z,20260515T013407Z_batch01,A11CmCW,2026-05-15T19:00:00Z,05 41 08.0,85.28333333333335,-74 47 07,-74.78527777777778,96.0,19.9,7.07,46.1,Map/Offsets   !,https://cgi.minorplanetcenter.net/cgi-bin/confirmeph2.cgi
20260515T013407Z,2026-05-15T01:34:07.995566Z,20260515T013407Z_batch01,A11CmCW,2026-05-15T20:00:00Z,05 42 24.3,85.60125000000001,-74 42 15,-74.70416666666667,96.0,19.9,6.9,45.8,Map/Offsets   !,https://cgi.minorplanetcenter.net/cgi-bin/confirmeph2.cgi
20260515T013407Z,2026-05-15T01:34:07.995566Z,20260515T013407Z_batch01,A11CmCW,2026-05-15T21:00:00Z,05 43 38.0,85.90833333333333,-74 37 29,-74.62472222222222,96.0,20.0,6.74,45.5,Map/Offsets   !,https://cgi.minorplanetcenter.net/cgi-bin/confirmeph2.cgi
20260515T013407Z,2026-05-15T01:34:07.995566Z,20260515T013407Z_batch01,A11CmCW,2026-05-15T22:00:00Z,05 44 49.2,86.205,-74 32 48,-74.54666666666667,95.9,20.0,6.58,45.2,Map/Offsets   !,https://cgi.minorplanetcenter.net/cgi-bin/confirmeph2.cgi
20260515T013407Z,2026-05-15T01:34:07.995566Z,20260515T013407Z_batch01,A11CmCW,2026-05-15T23:00:00Z,05 45 58.1,86.49208333333333,-74 28 13,-74.47027777777778,95.9,20.0,6.42,44.9,Map/Offsets   !,https://cgi.minorplanetcenter.net/cgi-bin/confirmeph2.cgi
20260515T013407Z,2026-05-15T01:34:07.995566Z,20260515T013407Z_batch01,A11CmCW,2026-05-16T00:00:00Z,05 47 04.8,86.77,-74 23 43,-74.39527777777778,95.9,20.0,6.27,44.7,Map/Offsets   !,https://cgi.minorplanetcenter.net/cgi-bin/confirmeph2.cgi
20260515T013407Z,2026-05-15T01:34:07.995566Z,20260515T013407Z_batch01,A11CmCS,2026-05-15T00:00:00Z,16 40 04.4,250.01833333333335,-37 00 40,-37.01111111111111,155.5,19.3,13.16,49.5,Map/Offsets   !,https://cgi.minorplanetcenter.net/cgi-bin/confirmeph2.cgi
20260515T013407Z,2026-05-15T01:34:07.995566Z,20260515T013407Z_batch01,A11CmCS,2026-05-15T01:00:00Z,16 40 54.0,250.22500000000002,-36 52 12,-36.87,155.5,19.3,12.91,49.4,Map/Offsets   !,https://cgi.minorplanetcenter.net/cgi-bin/confirmeph2.cgi
20260515T013407Z,2026-05-15T01:34:07.995566Z,20260515T013407Z_batch01,A11CmCS,2026-05-15T02:00:00Z,16 41 42.5,250.42708333333331,-36 43 52,-36.73111111111111,155.5,19.3,12.67,49.3,Map/Offsets   !,https://cgi.minorplanetcenter.net/cgi-bin/confirmeph2.cgi
20260515T013407Z,2026-05-15T01:34:07.995566Z,20260515T013407Z_batch01,A11CmCS,2026-05-15T03:00:00Z,16 42 29.9,250.6245833333333,-36 35 39,-36.594166666666666,155.5,19.3,12.44,49.1,Map/Offsets   !,https://cgi.minorplanetcenter.net/cgi-bin/confirmeph2.cgi
20260515T013407Z,2026-05-15T01:34:07.995566Z,20260515T013407Z_batch01,A11CmCS,2026-05-15T04:00:00Z,16 43 16.2,250.81749999999997,-36 27 35,-36.459722222222226,155.6,19.4,12.21,49.0,Map/Offsets   !,https://cgi.minorplanetcenter.net/cgi-bin/confirmeph2.cgi
20260515T013407Z,2026-05-15T01:34:07.995566Z,20260515T013407Z_batch01,A11CmCS,2026-05-15T05:00:00Z,16 44 01.6,251.00666666666666,-36 19 38,-36.327222222222225,155.6,19.4,11.99,48.9,Map/Offsets   !,https://cgi.minorplanetcenter.net/cgi-bin/confirmeph2.cgi
20260515T013407Z,2026-05-15T01:34:07.995566Z,20260515T013407Z_batch01,A11CmCS,2026-05-15T06:00:00Z,16 44 45.9,251.19125000000003,-36 11 49,-36.19694444444444,155.6,19.4,11.78,48.8,Map/Offsets   !,https://cgi.minorplanetcenter.net/cgi-bin/confirmeph2.cgi
20260515T013407Z,2026-05-15T01:34:07.995566Z,20260515T013407Z_batch01,A11CmCS,2026-05-15T07:00:00Z,16 45 29.4,251.3725,-36 04 07,-36.06861111111112,155.6,19.4,11.57,48.7,Map/Offsets   !,https://cgi.minorplanetcenter.net/cgi-bin/confirmeph2.cgi
20260515T013407Z,2026-05-15T01:34:07.995566Z,20260515T013407Z_batch01,A11CmCS,2026-05-15T08:00:00Z,16 46 11.9,251.54958333333332,-35 56 32,-35.94222222222222,155.6,19.4,11.36,48.5,Map/Offsets   !,https://cgi.minorplanetcenter.net/cgi-bin/confirmeph2.cgi
20260515T013407Z,2026-05-15T01:34:07.995566Z,20260515T013407Z_batch01,A11CmCS,2026-05-15T09:00:00Z,16 46 53.5,251.72291666666663,-35 49 04,-35.81777777777778,155.6,19.5,11.16,48.4,Map/Offsets   !,https://cgi.minorplanetcenter.net/cgi-bin/confirmeph2.cgi
20260515T013407Z,2026-05-15T01:34:07.995566Z,20260515T013407Z_batch01,A11CmCS,2026-05-15T10:00:00Z,16 47 34.3,251.89291666666668,-35 41 43,-35.695277777777775,155.6,19.5,10.97,48.3,Map/Offsets   !,https://cgi.minorplanetcenter.net/cgi-bin/confirmeph2.cgi
20260515T013407Z,2026-05-15T01:34:07.995566Z,20260515T013407Z_batch01,A11CmCS,2026-05-15T11:00:00Z,16 48 14.2,252.05916666666664,-35 34 29,-35.57472222222223,155.6,19.5,10.78,48.2,Map/Offsets   !,https://cgi.minorplanetcenter.net/cgi-bin/confirmeph2.cgi
20260515T013407Z,2026-05-15T01:34:07.995566Z,20260515T013407Z_batch01,A11CmCS,2026-05-15T12:00:00Z,16 48 53.3,252.22208333333333,-35 27 21,-35.45583333333334,155.6,19.5,10.59,48.1,Map/Offsets   !,https://cgi.minorplanetcenter.net/cgi-bin/confirmeph2.cgi
20260515T013407Z,2026-05-15T01:34:07.995566Z,20260515T013407Z_batch01,A11CmCS,2026-05-15T13:00:00Z,16 49 31.6,252.38166666666666,-35 20 20,-35.33888888888889,155.6,19.5,10.41,48.0,Map/Offsets   !,https://cgi.minorplanetcenter.net/cgi-bin/confirmeph2.cgi
20260515T013407Z,2026-05-15T01:34:07.995566Z,20260515T013407Z_batch01,A11CmCS,2026-05-15T14:00:00Z,16 50 09.2,252.53833333333333,-35 13 25,-35.22361111111111,155.6,19.6,10.23,47.9,Map/Offsets   !,https://cgi.minorplanetcenter.net/cgi-bin/confirmeph2.cgi
20260515T013407Z,2026-05-15T01:34:07.995566Z,20260515T013407Z_batch01,A11CmCS,2026-05-15T15:00:00Z,16 50 46.0,252.69166666666666,-35 06 37,-35.11027777777778,155.6,19.6,10.06,47.8,Map/Offsets   !,https://cgi.minorplanetcenter.net/cgi-bin/confirmeph2.cgi
20260515T013407Z,2026-05-15T01:34:07.995566Z,20260515T013407Z_batch01,A11CmCS,2026-05-15T16:00:00Z,16 51 22.1,252.84208333333333,-34 59 55,-34.99861111111111,155.6,19.6,9.89,47.7,Map/Offsets   !,https://cgi.minorplanetcenter.net/cgi-bin/confirmeph2.cgi
20260515T013407Z,2026-05-15T01:34:07.995566Z,20260515T013407Z_batch01,A11CmCS,2026-05-15T17:00:00Z,16 51 57.4,252.98916666666668,-34 53 18,-34.888333333333335,155.6,19.6,9.73,47.6,Map/Offsets   !,https://cgi.minorplanetcenter.net/cgi-bin/confirmeph2.cgi
20260515T013407Z,2026-05-15T01:34:07.995566Z,20260515T013407Z_batch01,A11CmCS,2026-05-15T18:00:00Z,16 52 32.1,253.13375000000002,-34 46 48,-34.78,155.6,19.6,9.57,47.5,Map/Offsets   !,https://cgi.minorplanetcenter.net/cgi-bin/confirmeph2.cgi
20260515T013407Z,2026-05-15T01:34:07.995566Z,20260515T013407Z_batch01,A11CmCS,2026-05-15T19:00:00Z,16 53 06.2,253.27583333333334,-34 40 23,-34.67305555555555,155.6,19.7,9.41,47.4,Map/Offsets   !,https://cgi.minorplanetcenter.net/cgi-bin/confirmeph2.cgi
20260515T013407Z,2026-05-15T01:34:07.995566Z,20260515T013407Z_batch01,A11CmCS,2026-05-15T20:00:00Z,16 53 39.5,253.41458333333333,-34 34 04,-34.56777777777778,155.6,19.7,9.26,47.3,Map/Offsets   !,https://cgi.minorplanetcenter.net/cgi-bin/confirmeph2.cgi
20260515T013407Z,2026-05-15T01:34:07.995566Z,20260515T013407Z_batch01,A11CmCS,2026-05-15T21:00:00Z,16 54 12.3,253.55124999999998,-34 27 50,-34.46388888888889,155.6,19.7,9.11,47.2,Map/Offsets   !,https://cgi.minorplanetcenter.net/cgi-bin/confirmeph2.cgi
20260515T013407Z,2026-05-15T01:34:07.995566Z,20260515T013407Z_batch01,A11CmCS,2026-05-15T22:00:00Z,16 54 44.4,253.685,-34 21 42,-34.361666666666665,155.6,19.7,8.96,47.2,Map/Offsets   !,https://cgi.minorplanetcenter.net/cgi-bin/confirmeph2.cgi
20260515T013407Z,2026-05-15T01:34:07.995566Z,20260515T013407Z_batch01,A11CmCS,2026-05-15T23:00:00Z,16 55 16.0,253.8166666666667,-34 15 39,-34.26083333333333,155.6,19.7,8.82,47.1,Map/Offsets   !,https://cgi.minorplanetcenter.net/cgi-bin/confirmeph2.cgi
20260515T013407Z,2026-05-15T01:34:07.995566Z,20260515T013407Z_batch01,A11CmCS,2026-05-16T00:00:00Z,16 55 46.9,253.94541666666672,-34 09 41,-34.16138888888889,155.6,19.7,8.68,47.0,Map/Offsets   !,https://cgi.minorplanetcenter.net/cgi-bin/confirmeph2.cgi
20260515T013407Z,2026-05-15T01:34:07.995566Z,20260515T013407Z_batch01,OCA1642,2026-05-15T00:00:00Z,13 45 19.0,206.32916666666665,-31 12 08,-31.202222222222222,154.1,19.4,0.54,255.4,Map/Offsets,https://cgi.minorplanetcenter.net/cgi-bin/confirmeph2.cgi
20260515T013407Z,2026-05-15T01:34:07.995566Z,20260515T013407Z_batch01,OCA1642,2026-05-15T01:00:00Z,13 45 16.6,206.31916666666666,-31 12 16,-31.204444444444444,154.1,19.4,0.54,255.4,Map/Offsets,https://cgi.minorplanetcenter.net/cgi-bin/confirmeph2.cgi
20260515T013407Z,2026-05-15T01:34:07.995566Z,20260515T013407Z_batch01,OCA1642,2026-05-15T02:00:00Z,13 45 14.1,206.30875,-31 12 24,-31.206666666666667,154.1,19.4,0.54,255.4,Map/Offsets,https://cgi.minorplanetcenter.net/cgi-bin/confirmeph2.cgi
20260515T013407Z,2026-05-15T01:34:07.995566Z,20260515T013407Z_batch01,OCA1642,2026-05-15T03:00:00Z,13 45 11.7,206.29874999999998,-31 12 32,-31.20888888888889,154.0,19.4,0.54,255.4,Map/Offsets,https://cgi.minorplanetcenter.net/cgi-bin/confirmeph2.cgi
20260515T013407Z,2026-05-15T01:34:07.995566Z,20260515T013407Z_batch01,OCA1642,2026-05-15T04:00:00Z,13 45 09.3,206.28875,-31 12 40,-31.211111111111112,154.0,19.4,0.54,255.4,Map/Offsets,https://cgi.minorplanetcenter.net/cgi-bin/confirmeph2.cgi
20260515T013407Z,2026-05-15T01:34:07.995566Z,20260515T013407Z_batch01,OCA1642,2026-05-15T05:00:00Z,13 45 06.8,206.27833333333334,-31 12 48,-31.21333333333333,153.9,19.4,0.54,255.4,Map/Offsets,https://cgi.minorplanetcenter.net/cgi-bin/confirmeph2.cgi
20260515T013407Z,2026-05-15T01:34:07.995566Z,20260515T013407Z_batch01,OCA1642,2026-05-15T06:00:00Z,13 45 04.4,206.26833333333332,-31 12 56,-31.215555555555554,153.9,19.4,0.54,255.4,Map/Offsets,https://cgi.minorplanetcenter.net/cgi-bin/confirmeph2.cgi
20260515T013407Z,2026-05-15T01:34:07.995566Z,20260515T013407Z_batch01,OCA1642,2026-05-15T07:00:00Z,13 45 02.0,206.25833333333333,-31 13 04,-31.217777777777776,153.9,19.4,0.54,255.4,Map/Offsets,https://cgi.minorplanetcenter.net/cgi-bin/confirmeph2.cgi
20260515T013407Z,2026-05-15T01:34:07.995566Z,20260515T013407Z_batch01,OCA1642,2026-05-15T08:00:00Z,13 44 59.6,206.24833333333333,-31 13 12,-31.22,153.8,19.4,0.54,255.4,Map/Offsets,https://cgi.minorplanetcenter.net/cgi-bin/confirmeph2.cgi
20260515T013407Z,2026-05-15T01:34:07.995566Z,20260515T013407Z_batch01,OCA1642,2026-05-15T09:00:00Z,13 44 57.1,206.23791666666665,-31 13 21,-31.222499999999997,153.8,19.4,0.54,255.4,Map/Offsets,https://cgi.minorplanetcenter.net/cgi-bin/confirmeph2.cgi
20260515T013407Z,2026-05-15T01:34:07.995566Z,20260515T013407Z_batch01,OCA1642,2026-05-15T10:00:00Z,13 44 54.7,206.22791666666666,-31 13 29,-31.22472222222222,153.8,19.4,0.54,255.5,Map/Offsets,https://cgi.minorplanetcenter.net/cgi-bin/confirmeph2.cgi
20260515T013407Z,2026-05-15T01:34:07.995566Z,20260515T013407Z_batch01,OCA1642,2026-05-15T11:00:00Z,13 44 52.3,206.21791666666664,-31 13 37,-31.22694444444444,153.7,19.4,0.54,255.5,Map/Offsets,https://cgi.minorplanetcenter.net/cgi-bin/confirmeph2.cgi
20260515T013407Z,2026-05-15T01:34:07.995566Z,20260515T013407Z_batch01,OCA1642,2026-05-15T12:00:00Z,13 44 49.9,206.20791666666668,-31 13 45,-31.229166666666664,153.7,19.4,0.53,255.5,Map/Offsets,https://cgi.minorplanetcenter.net/cgi-bin/confirmeph2.cgi
20260515T013407Z,2026-05-15T01:34:07.995566Z,20260515T013407Z_batch01,OCA1642,2026-05-15T13:00:00Z,13 44 47.4,206.1975,-31 13 53,-31.231388888888887,153.7,19.4,0.53,255.5,Map/Offsets,https://cgi.minorplanetcenter.net/cgi-bin/confirmeph2.cgi
20260515T013407Z,2026-05-15T01:34:07.995566Z,20260515T013407Z_batch01,OCA1642,2026-05-15T14:00:00Z,13 44 45.0,206.18749999999997,-31 14 01,-31.233611111111113,153.6,19.4,0.53,255.5,Map/Offsets,https://cgi.minorplanetcenter.net/cgi-bin/confirmeph2.cgi
20260515T013407Z,2026-05-15T01:34:07.995566Z,20260515T013407Z_batch01,OCA1642,2026-05-15T15:00:00Z,13 44 42.6,206.17749999999998,-31 14 09,-31.235833333333336,153.6,19.4,0.53,255.5,Map/Offsets,https://cgi.minorplanetcenter.net/cgi-bin/confirmeph2.cgi
20260515T013407Z,2026-05-15T01:34:07.995566Z,20260515T013407Z_batch01,OCA1642,2026-05-15T16:00:00Z,13 44 40.2,206.1675,-31 14 17,-31.238055555555558,153.6,19.4,0.53,255.5,Map/Offsets,https://cgi.minorplanetcenter.net/cgi-bin/confirmeph2.cgi
20260515T013407Z,2026-05-15T01:34:07.995566Z,20260515T013407Z_batch01,OCA1642,2026-05-15T17:00:00Z,13 44 37.8,206.1575,-31 14 25,-31.240277777777777,153.5,19.4,0.53,255.5,Map/Offsets,https://cgi.minorplanetcenter.net/cgi-bin/confirmeph2.cgi
20260515T013407Z,2026-05-15T01:34:07.995566Z,20260515T013407Z_batch01,OCA1642,2026-05-15T18:00:00Z,13 44 35.3,206.1470833333333,-31 14 33,-31.2425,153.5,19.4,0.53,255.5,Map/Offsets,https://cgi.minorplanetcenter.net/cgi-bin/confirmeph2.cgi
20260515T013407Z,2026-05-15T01:34:07.995566Z,20260515T013407Z_batch01,OCA1642,2026-05-15T19:00:00Z,13 44 32.9,206.13708333333332,-31 14 41,-31.244722222222222,153.4,19.4,0.53,255.5,Map/Offsets,https://cgi.minorplanetcenter.net/cgi-bin/confirmeph2.cgi
20260515T013407Z,2026-05-15T01:34:07.995566Z,20260515T013407Z_batch01,OCA1642,2026-05-15T20:00:00Z,13 44 30.5,206.12708333333333,-31 14 49,-31.246944444444445,153.4,19.4,0.53,255.5,Map/Offsets,https://cgi.minorplanetcenter.net/cgi-bin/confirmeph2.cgi
20260515T013407Z,2026-05-15T01:34:07.995566Z,20260515T013407Z_batch01,OCA1642,2026-05-15T21:00:00Z,13 44 28.1,206.1170833333333,-31 14 57,-31.249166666666667,153.4,19.4,0.53,255.6,Map/Offsets,https://cgi.minorplanetcenter.net/cgi-bin/confirmeph2.cgi
20260515T013407Z,2026-05-15T01:34:07.995566Z,20260515T013407Z_batch01,OCA1642,2026-05-15T22:00:00Z,13 44 25.7,206.10708333333332,-31 15 05,-31.25138888888889,153.3,19.4,0.53,255.6,Map/Offsets,https://cgi.minorplanetcenter.net/cgi-bin/confirmeph2.cgi
20260515T013407Z,2026-05-15T01:34:07.995566Z,20260515T013407Z_batch01,OCA1642,2026-05-15T23:00:00Z,13 44 23.3,206.0970833333333,-31 15 13,-31.253611111111113,153.3,19.4,0.53,255.6,Map/Offsets,https://cgi.minorplanetcenter.net/cgi-bin/confirmeph2.cgi
20260515T013407Z,2026-05-15T01:34:07.995566Z,20260515T013407Z_batch01,OCA1642,2026-05-16T00:00:00Z,13 44 20.9,206.08708333333334,-31 15 21,-31.25583333333333,153.3,19.4,0.53,255.6,Map/Offsets,https://cgi.minorplanetcenter.net/cgi-bin/confirmeph2.cgi
20260515T013407Z,2026-05-15T01:34:07.995566Z,20260515T013407Z_batch01,A11Cmv6,2026-05-15T00:00:00Z,08 30 44.5,127.68541666666667,-50 17 42,-50.294999999999995,95.9,18.9,3.29,289.1,Map/Offsets,https://cgi.minorplanetcenter.net/cgi-bin/confirmeph2.cgi
20260515T013407Z,2026-05-15T01:34:07.995566Z,20260515T013407Z_batch01,A11Cmv6,2026-05-15T01:00:00Z,08 30 25.0,127.60416666666667,-50 16 37,-50.276944444444446,95.8,18.9,3.29,289.1,Map/Offsets,https://cgi.minorplanetcenter.net/cgi-bin/confirmeph2.cgi
20260515T013407Z,2026-05-15T01:34:07.995566Z,20260515T013407Z_batch01,A11Cmv6,2026-05-15T02:00:00Z,08 30 05.6,127.52333333333333,-50 15 32,-50.25888888888889,95.8,18.9,3.3,289.2,Map/Offsets,https://cgi.minorplanetcenter.net/cgi-bin/confirmeph2.cgi
20260515T013407Z,2026-05-15T01:34:07.995566Z,20260515T013407Z_batch01,A11Cmv6,2026-05-15T03:00:00Z,08 29 46.1,127.44208333333331,-50 14 27,-50.240833333333335,95.7,18.9,3.3,289.3,Map/Offsets,https://cgi.minorplanetcenter.net/cgi-bin/confirmeph2.cgi
20260515T013407Z,2026-05-15T01:34:07.995566Z,20260515T013407Z_batch01,A11Cmv6,2026-05-15T04:00:00Z,08 29 26.6,127.36083333333332,-50 13 21,-50.222500000000004,95.6,18.9,3.3,289.3,Map/Offsets,https://cgi.minorplanetcenter.net/cgi-bin/confirmeph2.cgi
20260515T013407Z,2026-05-15T01:34:07.995566Z,20260515T013407Z_batch01,A11Cmv6,2026-05-15T05:00:00Z,08 29 07.1,127.2795833333333,-50 12 16,-50.20444444444445,95.6,18.9,3.31,289.4,Map/Offsets,https://cgi.minorplanetcenter.net/cgi-bin/confirmeph2.cgi
20260515T013407Z,2026-05-15T01:34:07.995566Z,20260515T013407Z_batch01,A11Cmv6,2026-05-15T06:00:00Z,08 28 47.6,127.19833333333332,-50 11 10,-50.18611111111111,95.5,18.9,3.31,289.4,Map/Offsets,https://cgi.minorplanetcenter.net/cgi-bin/confirmeph2.cgi
20260515T013407Z,2026-05-15T01:34:07.995566Z,20260515T013407Z_batch01,A11Cmv6,2026-05-15T07:00:00Z,08 28 28.1,127.11708333333333,-50 10 03,-50.1675,95.4,18.9,3.32,289.5,Map/Offsets,https://cgi.minorplanetcenter.net/cgi-bin/confirmeph2.cgi
20260515T013407Z,2026-05-15T01:34:07.995566Z,20260515T013407Z_batch01,A11Cmv6,2026-05-15T08:00:00Z,08 28 08.6,127.03583333333334,-50 08 57,-50.149166666666666,95.3,18.9,3.32,289.6,Map/Offsets,https://cgi.minorplanetcenter.net/cgi-bin/confirmeph2.cgi
20260515T013407Z,2026-05-15T01:34:07.995566Z,20260515T013407Z_batch01,A11Cmv6,2026-05-15T09:00:00Z,08 27 49.0,126.95416666666665,-50 07 50,-50.13055555555555,95.3,18.9,3.32,289.6,Map/Offsets,https://cgi.minorplanetcenter.net/cgi-bin/confirmeph2.cgi
20260515T013407Z,2026-05-15T01:34:07.995566Z,20260515T013407Z_batch01,A11Cmv6,2026-05-15T10:00:00Z,08 27 29.5,126.87291666666667,-50 06 43,-50.11194444444445,95.2,18.9,3.33,289.7,Map/Offsets,https://cgi.minorplanetcenter.net/cgi-bin/confirmeph2.cgi
20260515T013407Z,2026-05-15T01:34:07.995566Z,20260515T013407Z_batch01,A11Cmv6,2026-05-15T11:00:00Z,08 27 10.0,126.79166666666666,-50 05 35,-50.09305555555556,95.1,18.9,3.33,289.8,Map/Offsets,https://cgi.minorplanetcenter.net/cgi-bin/confirmeph2.cgi
20260515T013407Z,2026-05-15T01:34:07.995566Z,20260515T013407Z_batch01,A11Cmv6,2026-05-15T12:00:00Z,08 26 50.4,126.71,-50 04 28,-50.074444444444445,95.1,18.9,3.33,289.8,Map/Offsets,https://cgi.minorplanetcenter.net/cgi-bin/confirmeph2.cgi
20260515T013407Z,2026-05-15T01:34:07.995566Z,20260515T013407Z_batch01,A11Cmv6,2026-05-15T13:00:00Z,08 26 30.9,126.62875000000001,-50 03 20,-50.05555555555555,95.0,18.9,3.34,289.9,Map/Offsets,https://cgi.minorplanetcenter.net/cgi-bin/confirmeph2.cgi
20260515T013407Z,2026-05-15T01:34:07.995566Z,20260515T013407Z_batch01,A11Cmv6,2026-05-15T14:00:00Z,08 26 11.3,126.54708333333335,-50 02 12,-50.03666666666666,94.9,18.9,3.34,289.9,Map/Offsets,https://cgi.minorplanetcenter.net/cgi-bin/confirmeph2.cgi
20260515T013407Z,2026-05-15T01:34:07.995566Z,20260515T013407Z_batch01,A11Cmv6,2026-05-15T15:00:00Z,08 25 51.7,126.46541666666666,-50 01 03,-50.0175,94.8,18.9,3.35,290.0,Map/Offsets,https://cgi.minorplanetcenter.net/cgi-bin/confirmeph2.cgi
20260515T013407Z,2026-05-15T01:34:07.995566Z,20260515T013407Z_batch01,A11Cmv6,2026-05-15T16:00:00Z,08 25 32.2,126.38416666666667,-49 59 54,-49.998333333333335,94.8,18.9,3.35,290.1,Map/Offsets,https://cgi.minorplanetcenter.net/cgi-bin/confirmeph2.cgi
20260515T013407Z,2026-05-15T01:34:07.995566Z,20260515T013407Z_batch01,A11Cmv6,2026-05-15T17:00:00Z,08 25 12.6,126.30250000000001,-49 58 45,-49.97916666666667,94.7,18.9,3.35,290.1,Map/Offsets,https://cgi.minorplanetcenter.net/cgi-bin/confirmeph2.cgi
20260515T013407Z,2026-05-15T01:34:07.995566Z,20260515T013407Z_batch01,A11Cmv6,2026-05-15T18:00:00Z,08 24 53.0,126.22083333333333,-49 57 36,-49.96,94.6,18.9,3.36,290.2,Map/Offsets,https://cgi.minorplanetcenter.net/cgi-bin/confirmeph2.cgi
20260515T013407Z,2026-05-15T01:34:07.995566Z,20260515T013407Z_batch01,A11Cmv6,2026-05-15T19:00:00Z,08 24 33.4,126.13916666666667,-49 56 26,-49.940555555555555,94.6,18.9,3.36,290.2,Map/Offsets,https://cgi.minorplanetcenter.net/cgi-bin/confirmeph2.cgi
20260515T013407Z,2026-05-15T01:34:07.995566Z,20260515T013407Z_batch01,A11Cmv6,2026-05-15T20:00:00Z,08 24 13.8,126.05749999999999,-49 55 16,-49.92111111111111,94.5,18.9,3.36,290.3,Map/Offsets,https://cgi.minorplanetcenter.net/cgi-bin/confirmeph2.cgi
20260515T013407Z,2026-05-15T01:34:07.995566Z,20260515T013407Z_batch01,A11Cmv6,2026-05-15T21:00:00Z,08 23 54.2,125.97583333333333,-49 54 06,-49.901666666666664,94.4,18.9,3.37,290.4,Map/Offsets,https://cgi.minorplanetcenter.net/cgi-bin/confirmeph2.cgi
20260515T013407Z,2026-05-15T01:34:07.995566Z,20260515T013407Z_batch01,A11Cmv6,2026-05-15T22:00:00Z,08 23 34.6,125.89416666666666,-49 52 55,-49.88194444444444,94.3,18.9,3.37,290.4,Map/Offsets,https://cgi.minorplanetcenter.net/cgi-bin/confirmeph2.cgi
20260515T013407Z,2026-05-15T01:34:07.995566Z,20260515T013407Z_batch01,A11Cmv6,2026-05-15T23:00:00Z,08 23 14.9,125.81208333333333,-49 51 45,-49.862500000000004,94.3,18.9,3.38,290.5,Map/Offsets,https://cgi.minorplanetcenter.net/cgi-bin/confirmeph2.cgi
20260515T013407Z,2026-05-15T01:34:07.995566Z,20260515T013407Z_batch01,A11Cmv6,2026-05-16T00:00:00Z,08 22 55.3,125.73041666666668,-49 50 34,-49.84277777777778,94.2,18.9,3.38,290.6,Map/Offsets,https://cgi.minorplanetcenter.net/cgi-bin/confirmeph2.cgi
20260515T013407Z,2026-05-15T01:34:07.995566Z,20260515T013407Z_batch01,P22n4PC,2026-05-15T00:00:00Z,13 58 01.0,209.50416666666666,-13 03 14,-13.05388888888889,158.2,20.6,1.93,357.9,Map/Offsets,https://cgi.minorplanetcenter.net/cgi-bin/confirmeph2.cgi
20260515T013407Z,2026-05-15T01:34:07.995566Z,20260515T013407Z_batch01,P22n4PC,2026-05-15T01:00:00Z,13 58 00.7,209.50291666666666,-13 01 18,-13.021666666666668,158.1,20.6,1.93,357.9,Map/Offsets,https://cgi.minorplanetcenter.net/cgi-bin/confirmeph2.cgi
20260515T013407Z,2026-05-15T01:34:07.995566Z,20260515T013407Z_batch01,P22n4PC,2026-05-15T02:00:00Z,13 58 00.4,209.50166666666667,-12 59 22,-12.989444444444443,158.1,20.6,1.93,358.0,Map/Offsets,https://cgi.minorplanetcenter.net/cgi-bin/confirmeph2.cgi
20260515T013407Z,2026-05-15T01:34:07.995566Z,20260515T013407Z_batch01,P22n4PC,2026-05-15T03:00:00Z,13 58 00.1,209.50041666666667,-12 57 26,-12.95722222222222,158.0,20.6,1.93,358.0,Map/Offsets,https://cgi.minorplanetcenter.net/cgi-bin/confirmeph2.cgi
20260515T013407Z,2026-05-15T01:34:07.995566Z,20260515T013407Z_batch01,P22n4PC,2026-05-15T04:00:00Z,13 57 59.8,209.49916666666664,-12 55 30,-12.924999999999999,158.0,20.6,1.93,358.0,Map/Offsets,https://cgi.minorplanetcenter.net/cgi-bin/confirmeph2.cgi
20260515T013407Z,2026-05-15T01:34:07.995566Z,20260515T013407Z_batch01,P22n4PC,2026-05-15T05:00:00Z,13 57 59.6,209.49833333333333,-12 53 35,-12.893055555555556,157.9,20.6,1.93,358.0,Map/Offsets,https://cgi.minorplanetcenter.net/cgi-bin/confirmeph2.cgi
20260515T013407Z,2026-05-15T01:34:07.995566Z,20260515T013407Z_batch01,P22n4PC,2026-05-15T06:00:00Z,13 57 59.3,209.49708333333334,-12 51 39,-12.860833333333334,157.9,20.6,1.93,358.1,Map/Offsets,https://cgi.minorplanetcenter.net/cgi-bin/confirmeph2.cgi
20260515T013407Z,2026-05-15T01:34:07.995566Z,20260515T013407Z_batch01,P22n4PC,2026-05-15T07:00:00Z,13 57 59.0,209.4958333333333,-12 49 43,-12.82861111111111,157.8,20.6,1.93,358.1,Map/Offsets,https://cgi.minorplanetcenter.net/cgi-bin/confirmeph2.cgi
20260515T013407Z,2026-05-15T01:34:07.995566Z,20260515T013407Z_batch01,P22n4PC,2026-05-15T08:00:00Z,13 57 58.8,209.495,-12 47 48,-12.796666666666667,157.8,20.6,1.93,358.1,Map/Offsets,https://cgi.minorplanetcenter.net/cgi-bin/confirmeph2.cgi
20260515T013407Z,2026-05-15T01:34:07.995566Z,20260515T013407Z_batch01,P22n4PC,2026-05-15T09:00:00Z,13 57 58.5,209.49374999999998,-12 45 52,-12.764444444444445,157.7,20.6,1.93,358.1,Map/Offsets,https://cgi.minorplanetcenter.net/cgi-bin/confirmeph2.cgi
20260515T013407Z,2026-05-15T01:34:07.995566Z,20260515T013407Z_batch01,P22n4PC,2026-05-15T10:00:00Z,13 57 58.3,209.49291666666664,-12 43 56,-12.732222222222223,157.7,20.6,1.93,358.2,Map/Offsets,https://cgi.minorplanetcenter.net/cgi-bin/confirmeph2.cgi
20260515T013407Z,2026-05-15T01:34:07.995566Z,20260515T013407Z_batch01,P22n4PC,2026-05-15T11:00:00Z,13 57 58.0,209.49166666666667,-12 42 01,-12.700277777777776,157.6,20.6,1.93,358.2,Map/Offsets,https://cgi.minorplanetcenter.net/cgi-bin/confirmeph2.cgi
20260515T013407Z,2026-05-15T01:34:07.995566Z,20260515T013407Z_batch01,P22n4PC,2026-05-15T12:00:00Z,13 57 57.8,209.4908333333333,-12 40 05,-12.668055555555554,157.5,20.6,1.93,358.2,Map/Offsets,https://cgi.minorplanetcenter.net/cgi-bin/confirmeph2.cgi
20260515T013407Z,2026-05-15T01:34:07.995566Z,20260515T013407Z_batch01,P22n4PC,2026-05-15T13:00:00Z,13 57 57.5,209.48958333333331,-12 38 10,-12.636111111111111,157.5,20.6,1.92,358.3,Map/Offsets,https://cgi.minorplanetcenter.net/cgi-bin/confirmeph2.cgi
20260515T013407Z,2026-05-15T01:34:07.995566Z,20260515T013407Z_batch01,P22n4PC,2026-05-15T14:00:00Z,13 57 57.3,209.48875,-12 36 15,-12.604166666666666,157.4,20.6,1.92,358.3,Map/Offsets,https://cgi.minorplanetcenter.net/cgi-bin/confirmeph2.cgi
20260515T013407Z,2026-05-15T01:34:07.995566Z,20260515T013407Z_batch01,P22n4PC,2026-05-15T15:00:00Z,13 57 57.0,209.48749999999998,-12 34 19,-12.571944444444444,157.4,20.6,1.92,358.3,Map/Offsets,https://cgi.minorplanetcenter.net/cgi-bin/confirmeph2.cgi
20260515T013407Z,2026-05-15T01:34:07.995566Z,20260515T013407Z_batch01,P22n4PC,2026-05-15T16:00:00Z,13 57 56.8,209.48666666666665,-12 32 24,-12.54,157.3,20.6,1.92,358.3,Map/Offsets,https://cgi.minorplanetcenter.net/cgi-bin/confirmeph2.cgi
20260515T013407Z,2026-05-15T01:34:07.995566Z,20260515T013407Z_batch01,P22n4PC,2026-05-15T17:00:00Z,13 57 56.6,209.48583333333335,-12 30 29,-12.508055555555556,157.3,20.6,1.92,358.4,Map/Offsets,https://cgi.minorplanetcenter.net/cgi-bin/confirmeph2.cgi
20260515T013407Z,2026-05-15T01:34:07.995566Z,20260515T013407Z_batch01,P22n4PC,2026-05-15T18:00:00Z,13 57 56.4,209.48499999999999,-12 28 33,-12.475833333333334,157.2,20.6,1.92,358.4,Map/Offsets,https://cgi.minorplanetcenter.net/cgi-bin/confirmeph2.cgi
20260515T013407Z,2026-05-15T01:34:07.995566Z,20260515T013407Z_batch01,P22n4PC,2026-05-15T19:00:00Z,13 57 56.2,209.48416666666665,-12 26 38,-12.443888888888889,157.2,20.6,1.92,358.4,Map/Offsets,https://cgi.minorplanetcenter.net/cgi-bin/confirmeph2.cgi
20260515T013407Z,2026-05-15T01:34:07.995566Z,20260515T013407Z_batch01,P22n4PC,2026-05-15T20:00:00Z,13 57 55.9,209.48291666666665,-12 24 43,-12.411944444444444,157.1,20.6,1.92,358.5,Map/Offsets,https://cgi.minorplanetcenter.net/cgi-bin/confirmeph2.cgi
20260515T013407Z,2026-05-15T01:34:07.995566Z,20260515T013407Z_batch01,P22n4PC,2026-05-15T21:00:00Z,13 57 55.7,209.48208333333332,-12 22 48,-12.38,157.1,20.6,1.92,358.5,Map/Offsets,https://cgi.minorplanetcenter.net/cgi-bin/confirmeph2.cgi
20260515T013407Z,2026-05-15T01:34:07.995566Z,20260515T013407Z_batch01,P22n4PC,2026-05-15T22:00:00Z,13 57 55.5,209.48125,-12 20 53,-12.348055555555556,157.0,20.6,1.92,358.5,Map/Offsets,https://cgi.minorplanetcenter.net/cgi-bin/confirmeph2.cgi
20260515T013407Z,2026-05-15T01:34:07.995566Z,20260515T013407Z_batch01,P22n4PC,2026-05-15T23:00:00Z,13 57 55.3,209.48041666666666,-12 18 57,-12.315833333333334,157.0,20.6,1.92,358.5,Map/Offsets,https://cgi.minorplanetcenter.net/cgi-bin/confirmeph2.cgi
20260515T013407Z,2026-05-15T01:34:07.995566Z,20260515T013407Z_batch01,P22n4PC,2026-05-16T00:00:00Z,13 57 55.1,209.47958333333332,-12 17 02,-12.283888888888889,156.9,20.6,1.92,358.6,Map/Offsets,https://cgi.minorplanetcenter.net/cgi-bin/confirmeph2.cgi
20260515T013407Z,2026-05-15T01:34:07.995566Z,20260515T013407Z_batch01,CEM26R2,2026-05-15T00:00:00Z,16 35 14.1,248.80874999999997,+15 25 29,15.424722222222222,141.8,20.6,0.68,258.4,Map/Offsets,https://cgi.minorplanetcenter.net/cgi-bin/confirmeph2.cgi
20260515T013407Z,2026-05-15T01:34:07.995566Z,20260515T013407Z_batch01,CEM26R2,2026-05-15T01:00:00Z,16 35 11.3,248.7970833333333,+15 25 21,15.4225,141.8,20.6,0.68,258.3,Map/Offsets,https://cgi.minorplanetcenter.net/cgi-bin/confirmeph2.cgi
20260515T013407Z,2026-05-15T01:34:07.995566Z,20260515T013407Z_batch01,CEM26R2,2026-05-15T02:00:00Z,16 35 08.5,248.78541666666663,+15 25 13,15.420277777777777,141.8,20.6,0.68,258.3,Map/Offsets,https://cgi.minorplanetcenter.net/cgi-bin/confirmeph2.cgi
20260515T013407Z,2026-05-15T01:34:07.995566Z,20260515T013407Z_batch01,CEM26R2,2026-05-15T03:00:00Z,16 35 05.8,248.77416666666664,+15 25 04,15.417777777777777,141.9,20.6,0.68,258.2,Map/Offsets,https://cgi.minorplanetcenter.net/cgi-bin/confirmeph2.cgi
20260515T013407Z,2026-05-15T01:34:07.995566Z,20260515T013407Z_batch01,CEM26R2,2026-05-15T04:00:00Z,16 35 03.0,248.76249999999996,+15 24 56,15.415555555555557,141.9,20.6,0.68,258.2,Map/Offsets,https://cgi.minorplanetcenter.net/cgi-bin/confirmeph2.cgi
20260515T013407Z,2026-05-15T01:34:07.995566Z,20260515T013407Z_batch01,CEM26R2,2026-05-15T05:00:00Z,16 35 00.3,248.75124999999997,+15 24 48,15.413333333333334,141.9,20.6,0.68,258.1,Map/Offsets,https://cgi.minorplanetcenter.net/cgi-bin/confirmeph2.cgi
20260515T013407Z,2026-05-15T01:34:07.995566Z,20260515T013407Z_batch01,CEM26R2,2026-05-15T06:00:00Z,16 34 57.5,248.73958333333331,+15 24 39,15.410833333333334,141.9,20.6,0.68,258.1,Map/Offsets,https://cgi.minorplanetcenter.net/cgi-bin/confirmeph2.cgi
20260515T013407Z,2026-05-15T01:34:07.995566Z,20260515T013407Z_batch01,CEM26R2,2026-05-15T07:00:00Z,16 34 54.7,248.72791666666666,+15 24 31,15.408611111111112,141.9,20.6,0.68,258.0,Map/Offsets,https://cgi.minorplanetcenter.net/cgi-bin/confirmeph2.cgi
20260515T013407Z,2026-05-15T01:34:07.995566Z,20260515T013407Z_batch01,CEM26R2,2026-05-15T08:00:00Z,16 34 52.0,248.71666666666664,+15 24 22,15.40611111111111,141.9,20.6,0.68,258.0,Map/Offsets,https://cgi.minorplanetcenter.net/cgi-bin/confirmeph2.cgi
20260515T013407Z,2026-05-15T01:34:07.995566Z,20260515T013407Z_batch01,CEM26R2,2026-05-15T09:00:00Z,16 34 49.2,248.70499999999998,+15 24 14,15.40388888888889,142.0,20.6,0.68,257.9,Map/Offsets,https://cgi.minorplanetcenter.net/cgi-bin/confirmeph2.cgi
20260515T013407Z,2026-05-15T01:34:07.995566Z,20260515T013407Z_batch01,CEM26R2,2026-05-15T10:00:00Z,16 34 46.4,248.69333333333333,+15 24 05,15.401388888888889,142.0,20.6,0.68,257.9,Map/Offsets,https://cgi.minorplanetcenter.net/cgi-bin/confirmeph2.cgi
20260515T013407Z,2026-05-15T01:34:07.995566Z,20260515T013407Z_batch01,CEM26R2,2026-05-15T11:00:00Z,16 34 43.6,248.68166666666664,+15 23 57,15.399166666666666,142.0,20.6,0.68,257.9,Map/Offsets,https://cgi.minorplanetcenter.net/cgi-bin/confirmeph2.cgi
20260515T013407Z,2026-05-15T01:34:07.995566Z,20260515T013407Z_batch01,CEM26R2,2026-05-15T12:00:00Z,16 34 40.9,248.67041666666665,+15 23 48,15.396666666666667,142.0,20.6,0.69,257.8,Map/Offsets,https://cgi.minorplanetcenter.net/cgi-bin/confirmeph2.cgi
20260515T013407Z,2026-05-15T01:34:07.995566Z,20260515T013407Z_batch01,CEM26R2,2026-05-15T13:00:00Z,16 34 38.1,248.65875,+15 23 39,15.394166666666667,142.0,20.6,0.69,257.8,Map/Offsets,https://cgi.minorplanetcenter.net/cgi-bin/confirmeph2.cgi
20260515T013407Z,2026-05-15T01:34:07.995566Z,20260515T013407Z_batch01,CEM26R2,2026-05-15T14:00:00Z,16 34 35.3,248.64708333333334,+15 23 30,15.391666666666666,142.0,20.6,0.69,257.7,Map/Offsets,https://cgi.minorplanetcenter.net/cgi-bin/confirmeph2.cgi
20260515T013407Z,2026-05-15T01:34:07.995566Z,20260515T013407Z_batch01,CEM26R2,2026-05-15T15:00:00Z,16 34 32.5,248.63541666666666,+15 23 22,15.389444444444443,142.1,20.6,0.69,257.7,Map/Offsets,https://cgi.minorplanetcenter.net/cgi-bin/confirmeph2.cgi
20260515T013407Z,2026-05-15T01:34:07.995566Z,20260515T013407Z_batch01,CEM26R2,2026-05-15T16:00:00Z,16 34 29.7,248.62375,+15 23 13,15.386944444444444,142.1,20.6,0.69,257.6,Map/Offsets,https://cgi.minorplanetcenter.net/cgi-bin/confirmeph2.cgi
20260515T013407Z,2026-05-15T01:34:07.995566Z,20260515T013407Z_batch01,CEM26R2,2026-05-15T17:00:00Z,16 34 26.9,248.61208333333335,+15 23 04,15.384444444444444,142.1,20.6,0.69,257.6,Map/Offsets,https://cgi.minorplanetcenter.net/cgi-bin/confirmeph2.cgi
20260515T013407Z,2026-05-15T01:34:07.995566Z,20260515T013407Z_batch01,CEM26R2,2026-05-15T18:00:00Z,16 34 24.2,248.60083333333333,+15 22 55,15.381944444444445,142.1,20.6,0.69,257.5,Map/Offsets,https://cgi.minorplanetcenter.net/cgi-bin/confirmeph2.cgi
20260515T013407Z,2026-05-15T01:34:07.995566Z,20260515T013407Z_batch01,CEM26R2,2026-05-15T19:00:00Z,16 34 21.4,248.58916666666667,+15 22 46,15.379444444444445,142.1,20.6,0.69,257.5,Map/Offsets,https://cgi.minorplanetcenter.net/cgi-bin/confirmeph2.cgi
20260515T013407Z,2026-05-15T01:34:07.995566Z,20260515T013407Z_batch01,CEM26R2,2026-05-15T20:00:00Z,16 34 18.6,248.57750000000001,+15 22 37,15.376944444444446,142.1,20.6,0.69,257.4,Map/Offsets,https://cgi.minorplanetcenter.net/cgi-bin/confirmeph2.cgi
20260515T013407Z,2026-05-15T01:34:07.995566Z,20260515T013407Z_batch01,CEM26R2,2026-05-15T21:00:00Z,16 34 15.8,248.56583333333336,+15 22 28,15.374444444444444,142.1,20.6,0.69,257.4,Map/Offsets,https://cgi.minorplanetcenter.net/cgi-bin/confirmeph2.cgi
20260515T013407Z,2026-05-15T01:34:07.995566Z,20260515T013407Z_batch01,CEM26R2,2026-05-15T22:00:00Z,16 34 13.0,248.55416666666667,+15 22 19,15.371944444444445,142.2,20.6,0.69,257.3,Map/Offsets,https://cgi.minorplanetcenter.net/cgi-bin/confirmeph2.cgi
20260515T013407Z,2026-05-15T01:34:07.995566Z,20260515T013407Z_batch01,CEM26R2,2026-05-15T23:00:00Z,16 34 10.2,248.54250000000002,+15 22 10,15.369444444444445,142.2,20.6,0.69,257.3,Map/Offsets,https://cgi.minorplanetcenter.net/cgi-bin/confirmeph2.cgi
20260515T013407Z,2026-05-15T01:34:07.995566Z,20260515T013407Z_batch01,CEM26R2,2026-05-16T00:00:00Z,16 34 07.4,248.5308333333333,+15 22 01,15.366944444444444,142.2,20.6,0.69,257.3,Map/Offsets,https://cgi.minorplanetcenter.net/cgi-bin/confirmeph2.cgi
20260515T013407Z,2026-05-15T01:34:07.995566Z,20260515T013407Z_batch01,CEM1XD2,2026-05-15T00:00:00Z,14 29 47.1,217.44624999999996,+17 27 00,17.45,141.3,22.2,0.83,244.3,Map/Offsets,https://cgi.minorplanetcenter.net/cgi-bin/confirmeph2.cgi
20260515T013407Z,2026-05-15T01:34:07.995566Z,20260515T013407Z_batch01,CEM1XD2,2026-05-15T01:00:00Z,14 29 43.9,217.43291666666667,+17 26 39,17.444166666666668,141.3,22.2,0.83,244.2,Map/Offsets,https://cgi.minorplanetcenter.net/cgi-bin/confirmeph2.cgi
20260515T013407Z,2026-05-15T01:34:07.995566Z,20260515T013407Z_batch01,CEM1XD2,2026-05-15T02:00:00Z,14 29 40.8,217.42,+17 26 17,17.438055555555557,141.2,22.2,0.83,244.2,Map/Offsets,https://cgi.minorplanetcenter.net/cgi-bin/confirmeph2.cgi
20260515T013407Z,2026-05-15T01:34:07.995566Z,20260515T013407Z_batch01,CEM1XD2,2026-05-15T03:00:00Z,14 29 37.7,217.40708333333333,+17 25 55,17.431944444444447,141.2,22.2,0.83,244.1,Map/Offsets,https://cgi.minorplanetcenter.net/cgi-bin/confirmeph2.cgi
20260515T013407Z,2026-05-15T01:34:07.995566Z,20260515T013407Z_batch01,CEM1XD2,2026-05-15T04:00:00Z,14 29 34.6,217.39416666666665,+17 25 34,17.426111111111112,141.2,22.2,0.83,244.0,Map/Offsets,https://cgi.minorplanetcenter.net/cgi-bin/confirmeph2.cgi
20260515T013407Z,2026-05-15T01:34:07.995566Z,20260515T013407Z_batch01,CEM1XD2,2026-05-15T05:00:00Z,14 29 31.5,217.38124999999997,+17 25 12,17.42,141.2,22.2,0.83,244.0,Map/Offsets,https://cgi.minorplanetcenter.net/cgi-bin/confirmeph2.cgi
20260515T013407Z,2026-05-15T01:34:07.995566Z,20260515T013407Z_batch01,CEM1XD2,2026-05-15T06:00:00Z,14 29 28.3,217.36791666666667,+17 24 50,17.413888888888888,141.2,22.2,0.83,243.9,Map/Offsets,https://cgi.minorplanetcenter.net/cgi-bin/confirmeph2.cgi
20260515T013407Z,2026-05-15T01:34:07.995566Z,20260515T013407Z_batch01,CEM1XD2,2026-05-15T07:00:00Z,14 29 25.2,217.355,+17 24 28,17.407777777777778,141.1,22.2,0.83,243.9,Map/Offsets,https://cgi.minorplanetcenter.net/cgi-bin/confirmeph2.cgi
20260515T013407Z,2026-05-15T01:34:07.995566Z,20260515T013407Z_batch01,CEM1XD2,2026-05-15T08:00:00Z,14 29 22.1,217.34208333333333,+17 24 06,17.401666666666664,141.1,22.2,0.83,243.8,Map/Offsets,https://cgi.minorplanetcenter.net/cgi-bin/confirmeph2.cgi
20260515T013407Z,2026-05-15T01:34:07.995566Z,20260515T013407Z_batch01,CEM1XD2,2026-05-15T09:00:00Z,14 29 19.0,217.32916666666665,+17 23 44,17.395555555555553,141.1,22.2,0.83,243.8,Map/Offsets,https://cgi.minorplanetcenter.net/cgi-bin/confirmeph2.cgi
20260515T013407Z,2026-05-15T01:34:07.995566Z,20260515T013407Z_batch01,CEM1XD2,2026-05-15T10:00:00Z,14 29 15.9,217.31624999999997,+17 23 23,17.389722222222222,141.1,22.2,0.83,243.7,Map/Offsets,https://cgi.minorplanetcenter.net/cgi-bin/confirmeph2.cgi
20260515T013407Z,2026-05-15T01:34:07.995566Z,20260515T013407Z_batch01,CEM1XD2,2026-05-15T11:00:00Z,14 29 12.8,217.3033333333333,+17 23 01,17.38361111111111,141.0,22.2,0.83,243.6,Map/Offsets,https://cgi.minorplanetcenter.net/cgi-bin/confirmeph2.cgi
20260515T013407Z,2026-05-15T01:34:07.995566Z,20260515T013407Z_batch01,CEM1XD2,2026-05-15T12:00:00Z,14 29 09.7,217.29041666666666,+17 22 38,17.377222222222223,141.0,22.2,0.83,243.6,Map/Offsets,https://cgi.minorplanetcenter.net/cgi-bin/confirmeph2.cgi
20260515T013407Z,2026-05-15T01:34:07.995566Z,20260515T013407Z_batch01,CEM1XD2,2026-05-15T13:00:00Z,14 29 06.6,217.2775,+17 22 16,17.371111111111112,141.0,22.2,0.83,243.5,Map/Offsets,https://cgi.minorplanetcenter.net/cgi-bin/confirmeph2.cgi
20260515T013407Z,2026-05-15T01:34:07.995566Z,20260515T013407Z_batch01,CEM1XD2,2026-05-15T14:00:00Z,14 29 03.5,217.26458333333332,+17 21 54,17.365000000000002,141.0,22.2,0.83,243.5,Map/Offsets,https://cgi.minorplanetcenter.net/cgi-bin/confirmeph2.cgi
20260515T013407Z,2026-05-15T01:34:07.995566Z,20260515T013407Z_batch01,CEM1XD2,2026-05-15T15:00:00Z,14 29 00.4,217.25166666666667,+17 21 32,17.35888888888889,140.9,22.2,0.83,243.4,Map/Offsets,https://cgi.minorplanetcenter.net/cgi-bin/confirmeph2.cgi
20260515T013407Z,2026-05-15T01:34:07.995566Z,20260515T013407Z_batch01,CEM1XD2,2026-05-15T16:00:00Z,14 28 57.3,217.23875,+17 21 10,17.352777777777778,140.9,22.2,0.83,243.3,Map/Offsets,https://cgi.minorplanetcenter.net/cgi-bin/confirmeph2.cgi
20260515T013407Z,2026-05-15T01:34:07.995566Z,20260515T013407Z_batch01,CEM1XD2,2026-05-15T17:00:00Z,14 28 54.2,217.22583333333333,+17 20 48,17.346666666666664,140.9,22.2,0.83,243.3,Map/Offsets,https://cgi.minorplanetcenter.net/cgi-bin/confirmeph2.cgi
20260515T013407Z,2026-05-15T01:34:07.995566Z,20260515T013407Z_batch01,CEM1XD2,2026-05-15T18:00:00Z,14 28 51.1,217.21291666666667,+17 20 25,17.340277777777775,140.9,22.2,0.83,243.2,Map/Offsets,https://cgi.minorplanetcenter.net/cgi-bin/confirmeph2.cgi
20260515T013407Z,2026-05-15T01:34:07.995566Z,20260515T013407Z_batch01,CEM1XD2,2026-05-15T19:00:00Z,14 28 48.0,217.20000000000002,+17 20 03,17.334166666666665,140.9,22.2,0.83,243.2,Map/Offsets,https://cgi.minorplanetcenter.net/cgi-bin/confirmeph2.cgi
20260515T013407Z,2026-05-15T01:34:07.995566Z,20260515T013407Z_batch01,CEM1XD2,2026-05-15T20:00:00Z,14 28 45.0,217.1875,+17 19 41,17.328055555555554,140.8,22.2,0.83,243.1,Map/Offsets,https://cgi.minorplanetcenter.net/cgi-bin/confirmeph2.cgi
20260515T013407Z,2026-05-15T01:34:07.995566Z,20260515T013407Z_batch01,CEM1XD2,2026-05-15T21:00:00Z,14 28 41.9,217.17458333333335,+17 19 18,17.321666666666665,140.8,22.2,0.83,243.0,Map/Offsets,https://cgi.minorplanetcenter.net/cgi-bin/confirmeph2.cgi
20260515T013407Z,2026-05-15T01:34:07.995566Z,20260515T013407Z_batch01,CEM1XD2,2026-05-15T22:00:00Z,14 28 38.8,217.16166666666666,+17 18 56,17.315555555555555,140.8,22.2,0.83,243.0,Map/Offsets,https://cgi.minorplanetcenter.net/cgi-bin/confirmeph2.cgi
20260515T013407Z,2026-05-15T01:34:07.995566Z,20260515T013407Z_batch01,CEM1XD2,2026-05-15T23:00:00Z,14 28 35.7,217.14875,+17 18 33,17.309166666666666,140.8,22.2,0.82,242.9,Map/Offsets,https://cgi.minorplanetcenter.net/cgi-bin/confirmeph2.cgi
20260515T013407Z,2026-05-15T01:34:07.995566Z,20260515T013407Z_batch01,CEM1XD2,2026-05-16T00:00:00Z,14 28 32.6,217.13583333333332,+17 18 11,17.303055555555556,140.7,22.2,0.82,242.9,Map/Offsets,https://cgi.minorplanetcenter.net/cgi-bin/confirmeph2.cgi
20260515T013407Z,2026-05-15T01:34:07.995566Z,20260515T013407Z_batch01,SO0005e,2026-05-15T00:00:00Z,00 06 13.7,1.5570833333333336,+05 33 56,5.565555555555555,50.3,26.6,4.29,52.8,Map/Offsets   !,https://cgi.minorplanetcenter.net/cgi-bin/confirmeph2.cgi
20260515T013407Z,2026-05-15T01:34:07.995566Z,20260515T013407Z_batch01,SO0005e,2026-05-15T01:00:00Z,00 06 27.2,1.6133333333333333,+05 36 29,5.608055555555556,50.3,26.7,4.17,52.8,Map/Offsets   !,https://cgi.minorplanetcenter.net/cgi-bin/confirmeph2.cgi
20260515T013407Z,2026-05-15T01:34:07.995566Z,20260515T013407Z_batch01,SO0005e,2026-05-15T02:00:00Z,00 06 40.4,1.6683333333333334,+05 38 59,5.649722222222222,50.3,26.7,4.06,52.8,Map/Offsets   !,https://cgi.minorplanetcenter.net/cgi-bin/confirmeph2.cgi
20260515T013407Z,2026-05-15T01:34:07.995566Z,20260515T013407Z_batch01,SO0005e,2026-05-15T03:00:00Z,00 06 53.2,1.7216666666666667,+05 41 24,5.69,50.3,26.7,3.96,52.8,Map/Offsets   !,https://cgi.minorplanetcenter.net/cgi-bin/confirmeph2.cgi
20260515T013407Z,2026-05-15T01:34:07.995566Z,20260515T013407Z_batch01,SO0005e,2026-05-15T04:00:00Z,00 07 05.8,1.7741666666666667,+05 43 46,5.729444444444445,50.2,26.7,3.86,52.8,Map/Offsets   !,https://cgi.minorplanetcenter.net/cgi-bin/confirmeph2.cgi
20260515T013407Z,2026-05-15T01:34:07.995566Z,20260515T013407Z_batch01,SO0005e,2026-05-15T05:00:00Z,00 07 18.0,1.8250000000000002,+05 46 04,5.767777777777778,50.2,26.8,3.76,52.8,Map/Offsets   !,https://cgi.minorplanetcenter.net/cgi-bin/confirmeph2.cgi
20260515T013407Z,2026-05-15T01:34:07.995566Z,20260515T013407Z_batch01,SO0005e,2026-05-15T06:00:00Z,00 07 29.9,1.8745833333333333,+05 48 19,5.8052777777777775,50.2,26.8,3.67,52.8,Map/Offsets   !,https://cgi.minorplanetcenter.net/cgi-bin/confirmeph2.cgi
20260515T013407Z,2026-05-15T01:34:07.995566Z,20260515T013407Z_batch01,SO0005e,2026-05-15T07:00:00Z,00 07 41.5,1.9229166666666666,+05 50 30,5.841666666666667,50.2,26.8,3.58,52.9,Map/Offsets   !,https://cgi.minorplanetcenter.net/cgi-bin/confirmeph2.cgi
20260515T013407Z,2026-05-15T01:34:07.995566Z,20260515T013407Z_batch01,SO0005e,2026-05-15T08:00:00Z,00 07 52.8,1.97,+05 52 38,5.877222222222223,50.2,26.8,3.49,52.9,Map/Offsets   !,https://cgi.minorplanetcenter.net/cgi-bin/confirmeph2.cgi
20260515T013407Z,2026-05-15T01:34:07.995566Z,20260515T013407Z_batch01,SO0005e,2026-05-15T09:00:00Z,00 08 03.9,2.01625,+05 54 43,5.911944444444445,50.1,26.9,3.41,52.9,Map/Offsets   !,https://cgi.minorplanetcenter.net/cgi-bin/confirmeph2.cgi
20260515T013407Z,2026-05-15T01:34:07.995566Z,20260515T013407Z_batch01,SO0005e,2026-05-15T10:00:00Z,00 08 14.7,2.06125,+05 56 45,5.945833333333334,50.1,26.9,3.33,52.9,Map/Offsets   !,https://cgi.minorplanetcenter.net/cgi-bin/confirmeph2.cgi
20260515T013407Z,2026-05-15T01:34:07.995566Z,20260515T013407Z_batch01,SO0005e,2026-05-15T11:00:00Z,00 08 25.2,2.105,+05 58 44,5.978888888888889,50.1,26.9,3.25,52.9,Map/Offsets   !,https://cgi.minorplanetcenter.net/cgi-bin/confirmeph2.cgi
20260515T013407Z,2026-05-15T01:34:07.995566Z,20260515T013407Z_batch01,SO0005e,2026-05-15T12:00:00Z,00 08 35.6,2.1483333333333334,+06 00 40,6.011111111111111,50.1,27.0,3.18,53.0,Map/Offsets   !,https://cgi.minorplanetcenter.net/cgi-bin/confirmeph2.cgi
20260515T013407Z,2026-05-15T01:34:07.995566Z,20260515T013407Z_batch01,SO0005e,2026-05-15T13:00:00Z,00 08 45.6,2.19,+06 02 34,6.042777777777777,50.1,27.0,3.11,53.0,Map/Offsets   !,https://cgi.minorplanetcenter.net/cgi-bin/confirmeph2.cgi
20260515T013407Z,2026-05-15T01:34:07.995566Z,20260515T013407Z_batch01,SO0005e,2026-05-15T14:00:00Z,00 08 55.5,2.2312499999999997,+06 04 25,6.073611111111111,50.1,27.0,3.04,53.0,Map/Offsets   !,https://cgi.minorplanetcenter.net/cgi-bin/confirmeph2.cgi
20260515T013407Z,2026-05-15T01:34:07.995566Z,20260515T013407Z_batch01,SO0005e,2026-05-15T15:00:00Z,00 09 05.2,2.2716666666666665,+06 06 13,6.10361111111111,50.1,27.0,2.97,53.0,Map/Offsets   !,https://cgi.minorplanetcenter.net/cgi-bin/confirmeph2.cgi
20260515T013407Z,2026-05-15T01:34:07.995566Z,20260515T013407Z_batch01,SO0005e,2026-05-15T16:00:00Z,00 09 14.6,2.3108333333333335,+06 07 59,6.133055555555555,50.1,27.0,2.9,53.0,Map/Offsets   !,https://cgi.minorplanetcenter.net/cgi-bin/confirmeph2.cgi
20260515T013407Z,2026-05-15T01:34:07.995566Z,20260515T013407Z_batch01,SO0005e,2026-05-15T17:00:00Z,00 09 23.8,2.3491666666666666,+06 09 43,6.161944444444445,50.1,27.1,2.84,53.0,Map/Offsets   !,https://cgi.minorplanetcenter.net/cgi-bin/confirmeph2.cgi
20260515T013407Z,2026-05-15T01:34:07.995566Z,20260515T013407Z_batch01,SO0005e,2026-05-15T18:00:00Z,00 09 32.9,2.3870833333333334,+06 11 24,6.19,50.1,27.1,2.78,53.1,Map/Offsets   !,https://cgi.minorplanetcenter.net/cgi-bin/confirmeph2.cgi
20260515T013407Z,2026-05-15T01:34:07.995566Z,20260515T013407Z_batch01,SO0005e,2026-05-15T19:00:00Z,00 09 41.7,2.42375,+06 13 04,6.217777777777778,50.1,27.1,2.72,53.1,Map/Offsets   !,https://cgi.minorplanetcenter.net/cgi-bin/confirmeph2.cgi
20260515T013407Z,2026-05-15T01:34:07.995566Z,20260515T013407Z_batch01,SO0005e,2026-05-15T20:00:00Z,00 09 50.4,2.46,+06 14 41,6.244722222222222,50.1,27.1,2.67,53.1,Map/Offsets   !,https://cgi.minorplanetcenter.net/cgi-bin/confirmeph2.cgi
20260515T013407Z,2026-05-15T01:34:07.995566Z,20260515T013407Z_batch01,SO0005e,2026-05-15T21:00:00Z,00 09 58.9,2.4954166666666664,+06 16 16,6.271111111111111,50.1,27.2,2.61,53.1,Map/Offsets   !,https://cgi.minorplanetcenter.net/cgi-bin/confirmeph2.cgi
20260515T013407Z,2026-05-15T01:34:07.995566Z,20260515T013407Z_batch01,SO0005e,2026-05-15T22:00:00Z,00 10 07.2,2.53,+06 17 49,6.296944444444445,50.1,27.2,2.56,53.1,Map/Offsets   !,https://cgi.minorplanetcenter.net/cgi-bin/confirmeph2.cgi
20260515T013407Z,2026-05-15T01:34:07.995566Z,20260515T013407Z_batch01,SO0005e,2026-05-15T23:00:00Z,00 10 15.4,2.5641666666666665,+06 19 20,6.322222222222222,50.1,27.2,2.51,53.2,Map/Offsets   !,https://cgi.minorplanetcenter.net/cgi-bin/confirmeph2.cgi
20260515T013407Z,2026-05-15T01:34:07.995566Z,20260515T013407Z_batch01,SO0005e,2026-05-16T00:00:00Z,00 10 23.4,2.5975,+06 20 49,6.3469444444444445,50.1,27.2,2.46,53.2,Map/Offsets   !,https://cgi.minorplanetcenter.net/cgi-bin/confirmeph2.cgi
20260515T013407Z,2026-05-15T01:34:07.995566Z,20260515T013407Z_batch01,SO0005d,2026-05-15T00:00:00Z,19 03 13.2,285.805,-24 58 17,-24.97138888888889,129.5,21.8,5.79,65.9,Map/Offsets   !,https://cgi.minorplanetcenter.net/cgi-bin/confirmeph2.cgi
20260515T013407Z,2026-05-15T01:34:07.995566Z,20260515T013407Z_batch01,SO0005d,2026-05-15T01:00:00Z,19 03 36.2,285.90083333333337,-24 55 57,-24.9325,129.4,21.8,5.65,65.9,Map/Offsets   !,https://cgi.minorplanetcenter.net/cgi-bin/confirmeph2.cgi
20260515T013407Z,2026-05-15T01:34:07.995566Z,20260515T013407Z_batch01,SO0005d,2026-05-15T02:00:00Z,19 03 58.7,285.9945833333333,-24 53 40,-24.894444444444446,129.4,21.9,5.53,65.9,Map/Offsets   !,https://cgi.minorplanetcenter.net/cgi-bin/confirmeph2.cgi
20260515T013407Z,2026-05-15T01:34:07.995566Z,20260515T013407Z_batch01,SO0005d,2026-05-15T03:00:00Z,19 04 20.7,286.08625,-24 51 25,-24.856944444444444,129.3,21.9,5.4,65.8,Map/Offsets   !,https://cgi.minorplanetcenter.net/cgi-bin/confirmeph2.cgi
20260515T013407Z,2026-05-15T01:34:07.995566Z,20260515T013407Z_batch01,SO0005d,2026-05-15T04:00:00Z,19 04 42.2,286.17583333333334,-24 49 14,-24.820555555555554,129.3,21.9,5.28,65.8,Map/Offsets   !,https://cgi.minorplanetcenter.net/cgi-bin/confirmeph2.cgi
20260515T013407Z,2026-05-15T01:34:07.995566Z,20260515T013407Z_batch01,SO0005d,2026-05-15T05:00:00Z,19 05 03.2,286.2633333333333,-24 47 05,-24.784722222222225,129.3,21.9,5.16,65.7,Map/Offsets   !,https://cgi.minorplanetcenter.net/cgi-bin/confirmeph2.cgi
20260515T013407Z,2026-05-15T01:34:07.995566Z,20260515T013407Z_batch01,SO0005d,2026-05-15T06:00:00Z,19 05 23.7,286.34874999999994,-24 44 59,-24.749722222222225,129.2,22.0,5.05,65.7,Map/Offsets   !,https://cgi.minorplanetcenter.net/cgi-bin/confirmeph2.cgi
20260515T013407Z,2026-05-15T01:34:07.995566Z,20260515T013407Z_batch01,SO0005d,2026-05-15T07:00:00Z,19 05 43.7,286.4320833333333,-24 42 55,-24.71527777777778,129.2,22.0,4.94,65.6,Map/Offsets   !,https://cgi.minorplanetcenter.net/cgi-bin/confirmeph2.cgi
20260515T013407Z,2026-05-15T01:34:07.995566Z,20260515T013407Z_batch01,SO0005d,2026-05-15T08:00:00Z,19 06 03.3,286.51375,-24 40 54,-24.68166666666667,129.1,22.0,4.83,65.6,Map/Offsets   !,https://cgi.minorplanetcenter.net/cgi-bin/confirmeph2.cgi
20260515T013407Z,2026-05-15T01:34:07.995566Z,20260515T013407Z_batch01,SO0005d,2026-05-15T09:00:00Z,19 06 22.5,286.59375000000006,-24 38 55,-24.648611111111112,129.1,22.0,4.73,65.5,Map/Offsets   !,https://cgi.minorplanetcenter.net/cgi-bin/confirmeph2.cgi
20260515T013407Z,2026-05-15T01:34:07.995566Z,20260515T013407Z_batch01,SO0005d,2026-05-15T10:00:00Z,19 06 41.2,286.6716666666667,-24 36 59,-24.616388888888892,129.1,22.1,4.63,65.5,Map/Offsets   !,https://cgi.minorplanetcenter.net/cgi-bin/confirmeph2.cgi
20260515T013407Z,2026-05-15T01:34:07.995566Z,20260515T013407Z_batch01,SO0005d,2026-05-15T11:00:00Z,19 06 59.5,286.7479166666667,-24 35 05,-24.584722222222222,129.0,22.1,4.54,65.4,Map/Offsets   !,https://cgi.minorplanetcenter.net/cgi-bin/confirmeph2.cgi
20260515T013407Z,2026-05-15T01:34:07.995566Z,20260515T013407Z_batch01,SO0005d,2026-05-15T12:00:00Z,19 07 17.5,286.8229166666667,-24 33 13,-24.553611111111113,129.0,22.1,4.44,65.4,Map/Offsets   !,https://cgi.minorplanetcenter.net/cgi-bin/confirmeph2.cgi
20260515T013407Z,2026-05-15T01:34:07.995566Z,20260515T013407Z_batch01,SO0005d,2026-05-15T13:00:00Z,19 07 35.1,286.89625,-24 31 23,-24.523055555555555,129.0,22.1,4.35,65.4,Map/Offsets   !,https://cgi.minorplanetcenter.net/cgi-bin/confirmeph2.cgi
20260515T013407Z,2026-05-15T01:34:07.995566Z,20260515T013407Z_batch01,SO0005d,2026-05-15T14:00:00Z,19 07 52.3,286.9679166666667,-24 29 35,-24.493055555555557,129.0,22.1,4.26,65.3,Map/Offsets   !,https://cgi.minorplanetcenter.net/cgi-bin/confirmeph2.cgi
20260515T013407Z,2026-05-15T01:34:07.995566Z,20260515T013407Z_batch01,SO0005d,2026-05-15T15:00:00Z,19 08 09.1,287.03791666666666,-24 27 49,-24.46361111111111,128.9,22.2,4.18,65.3,Map/Offsets   !,https://cgi.minorplanetcenter.net/cgi-bin/confirmeph2.cgi
20260515T013407Z,2026-05-15T01:34:07.995566Z,20260515T013407Z_batch01,SO0005d,2026-05-15T16:00:00Z,19 08 25.6,287.1066666666667,-24 26 05,-24.434722222222224,128.9,22.2,4.09,65.2,Map/Offsets   !,https://cgi.minorplanetcenter.net/cgi-bin/confirmeph2.cgi
20260515T013407Z,2026-05-15T01:34:07.995566Z,20260515T013407Z_batch01,SO0005d,2026-05-15T17:00:00Z,19 08 41.8,287.1741666666667,-24 24 23,-24.406388888888888,128.9,22.2,4.01,65.2,Map/Offsets   !,https://cgi.minorplanetcenter.net/cgi-bin/confirmeph2.cgi
20260515T013407Z,2026-05-15T01:34:07.995566Z,20260515T013407Z_batch01,SO0005d,2026-05-15T18:00:00Z,19 08 57.6,287.23999999999995,-24 22 43,-24.378611111111113,128.9,22.2,3.93,65.1,Map/Offsets   !,https://cgi.minorplanetcenter.net/cgi-bin/confirmeph2.cgi
20260515T013407Z,2026-05-15T01:34:07.995566Z,20260515T013407Z_batch01,SO0005d,2026-05-15T19:00:00Z,19 09 13.1,287.3045833333333,-24 21 05,-24.35138888888889,128.8,22.3,3.86,65.1,Map/Offsets   !,https://cgi.minorplanetcenter.net/cgi-bin/confirmeph2.cgi
20260515T013407Z,2026-05-15T01:34:07.995566Z,20260515T013407Z_batch01,SO0005d,2026-05-15T20:00:00Z,19 09 28.3,287.36791666666664,-24 19 29,-24.32472222222222,128.8,22.3,3.78,65.1,Map/Offsets   !,https://cgi.minorplanetcenter.net/cgi-bin/confirmeph2.cgi
20260515T013407Z,2026-05-15T01:34:07.995566Z,20260515T013407Z_batch01,SO0005d,2026-05-15T21:00:00Z,19 09 43.2,287.43,-24 17 54,-24.298333333333336,128.8,22.3,3.71,65.0,Map/Offsets   !,https://cgi.minorplanetcenter.net/cgi-bin/confirmeph2.cgi
20260515T013407Z,2026-05-15T01:34:07.995566Z,20260515T013407Z_batch01,SO0005d,2026-05-15T22:00:00Z,19 09 57.8,287.49083333333334,-24 16 21,-24.272499999999997,128.8,22.3,3.64,65.0,Map/Offsets   !,https://cgi.minorplanetcenter.net/cgi-bin/confirmeph2.cgi
20260515T013407Z,2026-05-15T01:34:07.995566Z,20260515T013407Z_batch01,SO0005d,2026-05-15T23:00:00Z,19 10 12.1,287.5504166666667,-24 14 49,-24.246944444444445,128.8,22.3,3.57,64.9,Map/Offsets   !,https://cgi.minorplanetcenter.net/cgi-bin/confirmeph2.cgi
20260515T013407Z,2026-05-15T01:34:07.995566Z,20260515T013407Z_batch01,SO0005d,2026-05-16T00:00:00Z,19 10 26.2,287.6091666666667,-24 13 19,-24.221944444444443,128.7,22.4,3.5,64.9,Map/Offsets   !,https://cgi.minorplanetcenter.net/cgi-bin/confirmeph2.cgi
20260515T013407Z,2026-05-15T01:34:07.995566Z,20260515T013407Z_batch01,SO0005c,2026-05-15T00:00:00Z,22 33 21.3,338.33875,-30 15 23,-30.25638888888889,85.6,23.5,10.35,68.2,Map/Offsets   !,https://cgi.minorplanetcenter.net/cgi-bin/confirmeph2.cgi
20260515T013407Z,2026-05-15T01:34:07.995566Z,20260515T013407Z_batch01,SO0005c,2026-05-15T01:00:00Z,22 34 05.2,338.52166666666665,-30 11 35,-30.193055555555556,85.5,23.5,10.09,68.1,Map/Offsets   !,https://cgi.minorplanetcenter.net/cgi-bin/confirmeph2.cgi
20260515T013407Z,2026-05-15T01:34:07.995566Z,20260515T013407Z_batch01,SO0005c,2026-05-15T02:00:00Z,22 34 48.0,338.7,-30 07 52,-30.13111111111111,85.4,23.6,9.85,68.0,Map/Offsets   !,https://cgi.minorplanetcenter.net/cgi-bin/confirmeph2.cgi
20260515T013407Z,2026-05-15T01:34:07.995566Z,20260515T013407Z_batch01,SO0005c,2026-05-15T03:00:00Z,22 35 29.7,338.87375,-30 04 13,-30.07027777777778,85.3,23.6,9.61,68.0,Map/Offsets   !,https://cgi.minorplanetcenter.net/cgi-bin/confirmeph2.cgi
20260515T013407Z,2026-05-15T01:34:07.995566Z,20260515T013407Z_batch01,SO0005c,2026-05-15T04:00:00Z,22 36 10.3,339.0429166666667,-30 00 39,-30.010833333333334,85.1,23.6,9.37,67.9,Map/Offsets   !,https://cgi.minorplanetcenter.net/cgi-bin/confirmeph2.cgi
20260515T013407Z,2026-05-15T01:34:07.995566Z,20260515T013407Z_batch01,SO0005c,2026-05-15T05:00:00Z,22 36 49.9,339.2079166666667,-29 57 09,-29.9525,85.0,23.7,9.15,67.8,Map/Offsets   !,https://cgi.minorplanetcenter.net/cgi-bin/confirmeph2.cgi
20260515T013407Z,2026-05-15T01:34:07.995566Z,20260515T013407Z_batch01,SO0005c,2026-05-15T06:00:00Z,22 37 28.5,339.36875,-29 53 44,-29.895555555555553,84.9,23.7,8.94,67.7,Map/Offsets   !,https://cgi.minorplanetcenter.net/cgi-bin/confirmeph2.cgi
20260515T013407Z,2026-05-15T01:34:07.995566Z,20260515T013407Z_batch01,SO0005c,2026-05-15T07:00:00Z,22 38 06.2,339.52583333333337,-29 50 22,-29.839444444444442,84.8,23.7,8.73,67.6,Map/Offsets   !,https://cgi.minorplanetcenter.net/cgi-bin/confirmeph2.cgi
20260515T013407Z,2026-05-15T01:34:07.995566Z,20260515T013407Z_batch01,SO0005c,2026-05-15T08:00:00Z,22 38 43.0,339.6791666666667,-29 47 05,-29.784722222222225,84.7,23.8,8.53,67.6,Map/Offsets   !,https://cgi.minorplanetcenter.net/cgi-bin/confirmeph2.cgi
20260515T013407Z,2026-05-15T01:34:07.995566Z,20260515T013407Z_batch01,SO0005c,2026-05-15T09:00:00Z,22 39 18.9,339.82874999999996,-29 43 52,-29.731111111111108,84.6,23.8,8.33,67.5,Map/Offsets   !,https://cgi.minorplanetcenter.net/cgi-bin/confirmeph2.cgi
20260515T013407Z,2026-05-15T01:34:07.995566Z,20260515T013407Z_batch01,SO0005c,2026-05-15T10:00:00Z,22 39 53.9,339.9745833333333,-29 40 42,-29.678333333333335,84.5,23.8,8.14,67.4,Map/Offsets   !,https://cgi.minorplanetcenter.net/cgi-bin/confirmeph2.cgi
20260515T013407Z,2026-05-15T01:34:07.995566Z,20260515T013407Z_batch01,SO0005c,2026-05-15T11:00:00Z,22 40 28.1,340.11708333333337,-29 37 36,-29.62666666666667,84.4,23.8,7.96,67.3,Map/Offsets   !,https://cgi.minorplanetcenter.net/cgi-bin/confirmeph2.cgi
20260515T013407Z,2026-05-15T01:34:07.995566Z,20260515T013407Z_batch01,SO0005c,2026-05-15T12:00:00Z,22 41 01.5,340.25625,-29 34 34,-29.57611111111111,84.3,23.9,7.79,67.3,Map/Offsets   !,https://cgi.minorplanetcenter.net/cgi-bin/confirmeph2.cgi
20260515T013407Z,2026-05-15T01:34:07.995566Z,20260515T013407Z_batch01,SO0005c,2026-05-15T13:00:00Z,22 41 34.2,340.3925,-29 31 35,-29.52638888888889,84.2,23.9,7.62,67.2,Map/Offsets   !,https://cgi.minorplanetcenter.net/cgi-bin/confirmeph2.cgi
20260515T013407Z,2026-05-15T01:34:07.995566Z,20260515T013407Z_batch01,SO0005c,2026-05-15T14:00:00Z,22 42 06.1,340.5254166666667,-29 28 40,-29.477777777777778,84.1,23.9,7.45,67.1,Map/Offsets   !,https://cgi.minorplanetcenter.net/cgi-bin/confirmeph2.cgi
20260515T013407Z,2026-05-15T01:34:07.995566Z,20260515T013407Z_batch01,SO0005c,2026-05-15T15:00:00Z,22 42 37.3,340.65541666666667,-29 25 48,-29.43,84.0,23.9,7.29,67.1,Map/Offsets   !,https://cgi.minorplanetcenter.net/cgi-bin/confirmeph2.cgi
20260515T013407Z,2026-05-15T01:34:07.995566Z,20260515T013407Z_batch01,SO0005c,2026-05-15T16:00:00Z,22 43 07.8,340.78249999999997,-29 22 59,-29.383055555555558,84.0,24.0,7.14,67.0,Map/Offsets   !,https://cgi.minorplanetcenter.net/cgi-bin/confirmeph2.cgi
20260515T013407Z,2026-05-15T01:34:07.995566Z,20260515T013407Z_batch01,SO0005c,2026-05-15T17:00:00Z,22 43 37.7,340.90708333333333,-29 20 13,-29.336944444444445,83.9,24.0,6.99,67.0,Map/Offsets   !,https://cgi.minorplanetcenter.net/cgi-bin/confirmeph2.cgi
20260515T013407Z,2026-05-15T01:34:07.995566Z,20260515T013407Z_batch01,SO0005c,2026-05-15T18:00:00Z,22 44 06.9,341.02875,-29 17 30,-29.291666666666668,83.8,24.0,6.85,66.9,Map/Offsets   !,https://cgi.minorplanetcenter.net/cgi-bin/confirmeph2.cgi
20260515T013407Z,2026-05-15T01:34:07.995566Z,20260515T013407Z_batch01,SO0005c,2026-05-15T19:00:00Z,22 44 35.4,341.14750000000004,-29 14 51,-29.247500000000002,83.7,24.0,6.7,66.8,Map/Offsets   !,https://cgi.minorplanetcenter.net/cgi-bin/confirmeph2.cgi
20260515T013407Z,2026-05-15T01:34:07.995566Z,20260515T013407Z_batch01,SO0005c,2026-05-15T20:00:00Z,22 45 03.4,341.2641666666667,-29 12 14,-29.203888888888887,83.7,24.1,6.57,66.8,Map/Offsets   !,https://cgi.minorplanetcenter.net/cgi-bin/confirmeph2.cgi
20260515T013407Z,2026-05-15T01:34:07.995566Z,20260515T013407Z_batch01,SO0005c,2026-05-15T21:00:00Z,22 45 30.8,341.37833333333333,-29 09 40,-29.16111111111111,83.6,24.1,6.44,66.7,Map/Offsets   !,https://cgi.minorplanetcenter.net/cgi-bin/confirmeph2.cgi
20260515T013407Z,2026-05-15T01:34:07.995566Z,20260515T013407Z_batch01,SO0005c,2026-05-15T22:00:00Z,22 45 57.6,341.48999999999995,-29 07 09,-29.11916666666667,83.5,24.1,6.31,66.7,Map/Offsets   !,https://cgi.minorplanetcenter.net/cgi-bin/confirmeph2.cgi
20260515T013407Z,2026-05-15T01:34:07.995566Z,20260515T013407Z_batch01,SO0005c,2026-05-15T23:00:00Z,22 46 23.8,341.5991666666667,-29 04 40,-29.07777777777778,83.5,24.1,6.18,66.6,Map/Offsets   !,https://cgi.minorplanetcenter.net/cgi-bin/confirmeph2.cgi
20260515T013407Z,2026-05-15T01:34:07.995566Z,20260515T013407Z_batch01,SO0005c,2026-05-16T00:00:00Z,22 46 49.5,341.70625,-29 02 14,-29.037222222222223,83.4,24.2,6.06,66.6,Map/Offsets   !,https://cgi.minorplanetcenter.net/cgi-bin/confirmeph2.cgi
20260515T013407Z,2026-05-15T01:34:07.995566Z,20260515T013407Z_batch01,SO0005b,2026-05-15T00:00:00Z,22 54 55.2,343.73,-08 49 29,-8.824722222222222,72.2,22.4,5.18,54.9,Map/Offsets   !,https://cgi.minorplanetcenter.net/cgi-bin/confirmeph2.cgi
20260515T013407Z,2026-05-15T01:34:07.995566Z,20260515T013407Z_batch01,SO0005b,2026-05-15T01:00:00Z,22 55 12.2,343.80083333333334,-08 46 32,-8.775555555555556,72.2,22.4,5.06,54.9,Map/Offsets   !,https://cgi.minorplanetcenter.net/cgi-bin/confirmeph2.cgi
20260515T013407Z,2026-05-15T01:34:07.995566Z,20260515T013407Z_batch01,SO0005b,2026-05-15T02:00:00Z,22 55 28.7,343.86958333333337,-08 43 40,-8.727777777777778,72.1,22.4,4.94,54.9,Map/Offsets   !,https://cgi.minorplanetcenter.net/cgi-bin/confirmeph2.cgi
20260515T013407Z,2026-05-15T01:34:07.995566Z,20260515T013407Z_batch01,SO0005b,2026-05-15T03:00:00Z,22 55 44.9,343.93708333333336,-08 40 51,-8.680833333333332,72.1,22.5,4.82,54.9,Map/Offsets   !,https://cgi.minorplanetcenter.net/cgi-bin/confirmeph2.cgi
20260515T013407Z,2026-05-15T01:34:07.995566Z,20260515T013407Z_batch01,SO0005b,2026-05-15T04:00:00Z,22 56 00.7,344.0029166666667,-08 38 07,-8.635277777777777,72.0,22.5,4.71,54.9,Map/Offsets   !,https://cgi.minorplanetcenter.net/cgi-bin/confirmeph2.cgi
20260515T013407Z,2026-05-15T01:34:07.995566Z,20260515T013407Z_batch01,SO0005b,2026-05-15T05:00:00Z,22 56 16.1,344.06708333333336,-08 35 26,-8.590555555555556,72.0,22.5,4.6,54.9,Map/Offsets   !,https://cgi.minorplanetcenter.net/cgi-bin/confirmeph2.cgi
20260515T013407Z,2026-05-15T01:34:07.995566Z,20260515T013407Z_batch01,SO0005b,2026-05-15T06:00:00Z,22 56 31.1,344.12958333333336,-08 32 49,-8.546944444444444,72.0,22.5,4.5,54.9,Map/Offsets   !,https://cgi.minorplanetcenter.net/cgi-bin/confirmeph2.cgi
20260515T013407Z,2026-05-15T01:34:07.995566Z,20260515T013407Z_batch01,SO0005b,2026-05-15T07:00:00Z,22 56 45.8,344.19083333333333,-08 30 16,-8.504444444444445,71.9,22.6,4.4,54.9,Map/Offsets   !,https://cgi.minorplanetcenter.net/cgi-bin/confirmeph2.cgi
20260515T013407Z,2026-05-15T01:34:07.995566Z,20260515T013407Z_batch01,SO0005b,2026-05-15T08:00:00Z,22 57 00.2,344.25083333333333,-08 27 46,-8.462777777777777,71.9,22.6,4.3,54.9,Map/Offsets   !,https://cgi.minorplanetcenter.net/cgi-bin/confirmeph2.cgi
20260515T013407Z,2026-05-15T01:34:07.995566Z,20260515T013407Z_batch01,SO0005b,2026-05-15T09:00:00Z,22 57 14.2,344.3091666666666,-08 25 19,-8.421944444444444,71.9,22.6,4.2,54.9,Map/Offsets   !,https://cgi.minorplanetcenter.net/cgi-bin/confirmeph2.cgi
20260515T013407Z,2026-05-15T01:34:07.995566Z,20260515T013407Z_batch01,SO0005b,2026-05-15T10:00:00Z,22 57 28.0,344.3666666666667,-08 22 55,-8.381944444444445,71.9,22.6,4.11,54.9,Map/Offsets   !,https://cgi.minorplanetcenter.net/cgi-bin/confirmeph2.cgi
20260515T013407Z,2026-05-15T01:34:07.995566Z,20260515T013407Z_batch01,SO0005b,2026-05-15T11:00:00Z,22 57 41.4,344.4225,-08 20 35,-8.343055555555557,71.8,22.7,4.02,54.8,Map/Offsets   !,https://cgi.minorplanetcenter.net/cgi-bin/confirmeph2.cgi
20260515T013407Z,2026-05-15T01:34:07.995566Z,20260515T013407Z_batch01,SO0005b,2026-05-15T12:00:00Z,22 57 54.6,344.47749999999996,-08 18 17,-8.304722222222223,71.8,22.7,3.94,54.8,Map/Offsets   !,https://cgi.minorplanetcenter.net/cgi-bin/confirmeph2.cgi
20260515T013407Z,2026-05-15T01:34:07.995566Z,20260515T013407Z_batch01,SO0005b,2026-05-15T13:00:00Z,22 58 07.5,344.53125,-08 16 03,-8.2675,71.8,22.7,3.86,54.8,Map/Offsets   !,https://cgi.minorplanetcenter.net/cgi-bin/confirmeph2.cgi
20260515T013407Z,2026-05-15T01:34:07.995566Z,20260515T013407Z_batch01,SO0005b,2026-05-15T14:00:00Z,22 58 20.1,344.58375,-08 13 51,-8.230833333333333,71.8,22.7,3.78,54.8,Map/Offsets   !,https://cgi.minorplanetcenter.net/cgi-bin/confirmeph2.cgi
20260515T013407Z,2026-05-15T01:34:07.995566Z,20260515T013407Z_batch01,SO0005b,2026-05-15T15:00:00Z,22 58 32.4,344.635,-08 11 42,-8.195,71.7,22.8,3.7,54.8,Map/Offsets   !,https://cgi.minorplanetcenter.net/cgi-bin/confirmeph2.cgi
20260515T013407Z,2026-05-15T01:34:07.995566Z,20260515T013407Z_batch01,SO0005b,2026-05-15T16:00:00Z,22 58 44.5,344.68541666666664,-08 09 35,-8.159722222222223,71.7,22.8,3.62,54.8,Map/Offsets   !,https://cgi.minorplanetcenter.net/cgi-bin/confirmeph2.cgi
20260515T013407Z,2026-05-15T01:34:07.995566Z,20260515T013407Z_batch01,SO0005b,2026-05-15T17:00:00Z,22 58 56.3,344.7345833333333,-08 07 31,-8.125277777777779,71.7,22.8,3.55,54.8,Map/Offsets   !,https://cgi.minorplanetcenter.net/cgi-bin/confirmeph2.cgi
20260515T013407Z,2026-05-15T01:34:07.995566Z,20260515T013407Z_batch01,SO0005b,2026-05-15T18:00:00Z,22 59 07.9,344.78291666666667,-08 05 30,-8.091666666666667,71.7,22.8,3.48,54.8,Map/Offsets   !,https://cgi.minorplanetcenter.net/cgi-bin/confirmeph2.cgi
20260515T013407Z,2026-05-15T01:34:07.995566Z,20260515T013407Z_batch01,SO0005b,2026-05-15T19:00:00Z,22 59 19.3,344.8304166666667,-08 03 31,-8.058611111111112,71.7,22.9,3.41,54.8,Map/Offsets   !,https://cgi.minorplanetcenter.net/cgi-bin/confirmeph2.cgi
20260515T013407Z,2026-05-15T01:34:07.995566Z,20260515T013407Z_batch01,SO0005b,2026-05-15T20:00:00Z,22 59 30.5,344.87708333333336,-08 01 34,-8.026111111111112,71.7,22.9,3.34,54.8,Map/Offsets   !,https://cgi.minorplanetcenter.net/cgi-bin/confirmeph2.cgi
20260515T013407Z,2026-05-15T01:34:07.995566Z,20260515T013407Z_batch01,SO0005b,2026-05-15T21:00:00Z,22 59 41.4,344.9225,-07 59 40,-7.9944444444444445,71.6,22.9,3.28,54.8,Map/Offsets   !,https://cgi.minorplanetcenter.net/cgi-bin/confirmeph2.cgi
20260515T013407Z,2026-05-15T01:34:07.995566Z,20260515T013407Z_batch01,SO0005b,2026-05-15T22:00:00Z,22 59 52.1,344.96708333333333,-07 57 47,-7.963055555555556,71.6,22.9,3.22,54.8,Map/Offsets   !,https://cgi.minorplanetcenter.net/cgi-bin/confirmeph2.cgi
20260515T013407Z,2026-05-15T01:34:07.995566Z,20260515T013407Z_batch01,SO0005b,2026-05-15T23:00:00Z,23 00 02.6,345.0108333333333,-07 55 57,-7.9325,71.6,22.9,3.16,54.8,Map/Offsets   !,https://cgi.minorplanetcenter.net/cgi-bin/confirmeph2.cgi
20260515T013407Z,2026-05-15T01:34:07.995566Z,20260515T013407Z_batch01,SO0005b,2026-05-16T00:00:00Z,23 00 13.0,345.0541666666667,-07 54 09,-7.902500000000001,71.6,23.0,3.1,54.8,Map/Offsets   !,https://cgi.minorplanetcenter.net/cgi-bin/confirmeph2.cgi
20260515T013407Z,2026-05-15T01:34:07.995566Z,20260515T013407Z_batch01,CELXZH2,2026-05-15T00:00:00Z,14 44 52.9,221.22041666666667,+24 21 02,24.350555555555555,135.8,22.3,0.78,286.7,Map/Offsets,https://cgi.minorplanetcenter.net/cgi-bin/confirmeph2.cgi
20260515T013407Z,2026-05-15T01:34:07.995566Z,20260515T013407Z_batch01,CELXZH2,2026-05-15T01:00:00Z,14 44 49.6,221.20666666666665,+24 21 16,24.354444444444447,135.8,22.3,0.78,286.5,Map/Offsets,https://cgi.minorplanetcenter.net/cgi-bin/confirmeph2.cgi
20260515T013407Z,2026-05-15T01:34:07.995566Z,20260515T013407Z_batch01,CELXZH2,2026-05-15T02:00:00Z,14 44 46.3,221.19291666666663,+24 21 29,24.358055555555556,135.7,22.3,0.78,286.4,Map/Offsets,https://cgi.minorplanetcenter.net/cgi-bin/confirmeph2.cgi
20260515T013407Z,2026-05-15T01:34:07.995566Z,20260515T013407Z_batch01,CELXZH2,2026-05-15T03:00:00Z,14 44 43.0,221.17916666666665,+24 21 42,24.361666666666668,135.7,22.3,0.78,286.2,Map/Offsets,https://cgi.minorplanetcenter.net/cgi-bin/confirmeph2.cgi
20260515T013407Z,2026-05-15T01:34:07.995566Z,20260515T013407Z_batch01,CELXZH2,2026-05-15T04:00:00Z,14 44 39.7,221.16541666666666,+24 21 55,24.36527777777778,135.7,22.3,0.79,286.1,Map/Offsets,https://cgi.minorplanetcenter.net/cgi-bin/confirmeph2.cgi
20260515T013407Z,2026-05-15T01:34:07.995566Z,20260515T013407Z_batch01,CELXZH2,2026-05-15T05:00:00Z,14 44 36.4,221.15166666666667,+24 22 08,24.36888888888889,135.7,22.3,0.79,285.9,Map/Offsets,https://cgi.minorplanetcenter.net/cgi-bin/confirmeph2.cgi
20260515T013407Z,2026-05-15T01:34:07.995566Z,20260515T013407Z_batch01,CELXZH2,2026-05-15T06:00:00Z,14 44 33.0,221.1375,+24 22 21,24.3725,135.6,22.3,0.79,285.8,Map/Offsets,https://cgi.minorplanetcenter.net/cgi-bin/confirmeph2.cgi
20260515T013407Z,2026-05-15T01:34:07.995566Z,20260515T013407Z_batch01,CELXZH2,2026-05-15T07:00:00Z,14 44 29.7,221.12375,+24 22 34,24.37611111111111,135.6,22.3,0.79,285.6,Map/Offsets,https://cgi.minorplanetcenter.net/cgi-bin/confirmeph2.cgi
20260515T013407Z,2026-05-15T01:34:07.995566Z,20260515T013407Z_batch01,CELXZH2,2026-05-15T08:00:00Z,14 44 26.3,221.10958333333332,+24 22 47,24.379722222222224,135.6,22.2,0.8,285.5,Map/Offsets,https://cgi.minorplanetcenter.net/cgi-bin/confirmeph2.cgi
20260515T013407Z,2026-05-15T01:34:07.995566Z,20260515T013407Z_batch01,CELXZH2,2026-05-15T09:00:00Z,14 44 22.9,221.09541666666667,+24 23 00,24.383333333333333,135.6,22.2,0.8,285.3,Map/Offsets,https://cgi.minorplanetcenter.net/cgi-bin/confirmeph2.cgi
20260515T013407Z,2026-05-15T01:34:07.995566Z,20260515T013407Z_batch01,CELXZH2,2026-05-15T10:00:00Z,14 44 19.5,221.08124999999998,+24 23 12,24.386666666666667,135.5,22.2,0.8,285.2,Map/Offsets,https://cgi.minorplanetcenter.net/cgi-bin/confirmeph2.cgi
20260515T013407Z,2026-05-15T01:34:07.995566Z,20260515T013407Z_batch01,CELXZH2,2026-05-15T11:00:00Z,14 44 16.1,221.06708333333333,+24 23 25,24.390277777777776,135.5,22.2,0.8,285.0,Map/Offsets,https://cgi.minorplanetcenter.net/cgi-bin/confirmeph2.cgi
20260515T013407Z,2026-05-15T01:34:07.995566Z,20260515T013407Z_batch01,CELXZH2,2026-05-15T12:00:00Z,14 44 12.7,221.05291666666665,+24 23 37,24.39361111111111,135.5,22.2,0.81,284.9,Map/Offsets,https://cgi.minorplanetcenter.net/cgi-bin/confirmeph2.cgi
20260515T013407Z,2026-05-15T01:34:07.995566Z,20260515T013407Z_batch01,CELXZH2,2026-05-15T13:00:00Z,14 44 09.3,221.03875,+24 23 49,24.396944444444443,135.5,22.2,0.81,284.7,Map/Offsets,https://cgi.minorplanetcenter.net/cgi-bin/confirmeph2.cgi
20260515T013407Z,2026-05-15T01:34:07.995566Z,20260515T013407Z_batch01,CELXZH2,2026-05-15T14:00:00Z,14 44 05.9,221.02458333333334,+24 24 02,24.400555555555552,135.4,22.2,0.81,284.6,Map/Offsets,https://cgi.minorplanetcenter.net/cgi-bin/confirmeph2.cgi
20260515T013407Z,2026-05-15T01:34:07.995566Z,20260515T013407Z_batch01,CELXZH2,2026-05-15T15:00:00Z,14 44 02.4,221.01,+24 24 14,24.403888888888886,135.4,22.2,0.81,284.4,Map/Offsets,https://cgi.minorplanetcenter.net/cgi-bin/confirmeph2.cgi
20260515T013407Z,2026-05-15T01:34:07.995566Z,20260515T013407Z_batch01,CELXZH2,2026-05-15T16:00:00Z,14 43 58.9,220.99541666666667,+24 24 26,24.40722222222222,135.4,22.2,0.82,284.3,Map/Offsets,https://cgi.minorplanetcenter.net/cgi-bin/confirmeph2.cgi
20260515T013407Z,2026-05-15T01:34:07.995566Z,20260515T013407Z_batch01,CELXZH2,2026-05-15T17:00:00Z,14 43 55.4,220.98083333333335,+24 24 38,24.410555555555554,135.3,22.2,0.82,284.1,Map/Offsets,https://cgi.minorplanetcenter.net/cgi-bin/confirmeph2.cgi
20260515T013407Z,2026-05-15T01:34:07.995566Z,20260515T013407Z_batch01,CELXZH2,2026-05-15T18:00:00Z,14 43 52.0,220.96666666666667,+24 24 50,24.413888888888888,135.3,22.2,0.82,284.0,Map/Offsets,https://cgi.minorplanetcenter.net/cgi-bin/confirmeph2.cgi
20260515T013407Z,2026-05-15T01:34:07.995566Z,20260515T013407Z_batch01,CELXZH2,2026-05-15T19:00:00Z,14 43 48.4,220.95166666666665,+24 25 02,24.41722222222222,135.3,22.2,0.82,283.8,Map/Offsets,https://cgi.minorplanetcenter.net/cgi-bin/confirmeph2.cgi
20260515T013407Z,2026-05-15T01:34:07.995566Z,20260515T013407Z_batch01,CELXZH2,2026-05-15T20:00:00Z,14 43 44.9,220.93708333333333,+24 25 14,24.420555555555556,135.3,22.2,0.83,283.7,Map/Offsets,https://cgi.minorplanetcenter.net/cgi-bin/confirmeph2.cgi
20260515T013407Z,2026-05-15T01:34:07.995566Z,20260515T013407Z_batch01,CELXZH2,2026-05-15T21:00:00Z,14 43 41.4,220.9225,+24 25 25,24.42361111111111,135.2,22.2,0.83,283.5,Map/Offsets,https://cgi.minorplanetcenter.net/cgi-bin/confirmeph2.cgi
20260515T013407Z,2026-05-15T01:34:07.995566Z,20260515T013407Z_batch01,CELXZH2,2026-05-15T22:00:00Z,14 43 37.8,220.9075,+24 25 37,24.426944444444445,135.2,22.2,0.83,283.4,Map/Offsets,https://cgi.minorplanetcenter.net/cgi-bin/confirmeph2.cgi
20260515T013407Z,2026-05-15T01:34:07.995566Z,20260515T013407Z_batch01,CELXZH2,2026-05-15T23:00:00Z,14 43 34.3,220.89291666666668,+24 25 49,24.43027777777778,135.2,22.2,0.84,283.2,Map/Offsets,https://cgi.minorplanetcenter.net/cgi-bin/confirmeph2.cgi
20260515T013407Z,2026-05-15T01:34:07.995566Z,20260515T013407Z_batch01,CELXZH2,2026-05-16T00:00:00Z,14 43 30.7,220.87791666666666,+24 26 00,24.433333333333334,135.2,22.2,0.84,283.1,Map/Offsets,https://cgi.minorplanetcenter.net/cgi-bin/confirmeph2.cgi
20260515T013407Z,2026-05-15T01:34:07.995566Z,20260515T013407Z_batch01,6E94521,2026-05-15T00:00:00Z,19 41 49.9,295.4579166666667,-64 39 42,-64.66166666666668,117.9,19.5,6.1,162.0,Map/Offsets,https://cgi.minorplanetcenter.net/cgi-bin/confirmeph2.cgi
20260515T013407Z,2026-05-15T01:34:07.995566Z,20260515T013407Z_batch01,6E94521,2026-05-15T01:00:00Z,19 42 07.6,295.5316666666667,-64 45 30,-64.75833333333334,117.9,19.5,6.1,162.0,Map/Offsets,https://cgi.minorplanetcenter.net/cgi-bin/confirmeph2.cgi
20260515T013407Z,2026-05-15T01:34:07.995566Z,20260515T013407Z_batch01,6E94521,2026-05-15T02:00:00Z,19 42 25.3,295.60541666666666,-64 51 19,-64.85527777777777,117.8,19.5,6.1,161.9,Map/Offsets,https://cgi.minorplanetcenter.net/cgi-bin/confirmeph2.cgi
20260515T013407Z,2026-05-15T01:34:07.995566Z,20260515T013407Z_batch01,6E94521,2026-05-15T03:00:00Z,19 42 43.2,295.68,-64 57 07,-64.95194444444445,117.8,19.5,6.1,161.9,Map/Offsets,https://cgi.minorplanetcenter.net/cgi-bin/confirmeph2.cgi
20260515T013407Z,2026-05-15T01:34:07.995566Z,20260515T013407Z_batch01,6E94521,2026-05-15T04:00:00Z,19 43 01.2,295.755,-65 02 54,-65.04833333333333,117.8,19.5,6.1,161.8,Map/Offsets,https://cgi.minorplanetcenter.net/cgi-bin/confirmeph2.cgi
20260515T013407Z,2026-05-15T01:34:07.995566Z,20260515T013407Z_batch01,6E94521,2026-05-15T05:00:00Z,19 43 19.3,295.8304166666666,-65 08 42,-65.14500000000001,117.7,19.5,6.1,161.8,Map/Offsets,https://cgi.minorplanetcenter.net/cgi-bin/confirmeph2.cgi
20260515T013407Z,2026-05-15T01:34:07.995566Z,20260515T013407Z_batch01,6E94521,2026-05-15T06:00:00Z,19 43 37.5,295.90625,-65 14 30,-65.24166666666667,117.7,19.5,6.1,161.7,Map/Offsets,https://cgi.minorplanetcenter.net/cgi-bin/confirmeph2.cgi
20260515T013407Z,2026-05-15T01:34:07.995566Z,20260515T013407Z_batch01,6E94521,2026-05-15T07:00:00Z,19 43 55.8,295.98249999999996,-65 20 17,-65.33805555555556,117.7,19.5,6.1,161.7,Map/Offsets,https://cgi.minorplanetcenter.net/cgi-bin/confirmeph2.cgi
20260515T013407Z,2026-05-15T01:34:07.995566Z,20260515T013407Z_batch01,6E94521,2026-05-15T08:00:00Z,19 44 14.3,296.05958333333336,-65 26 04,-65.43444444444445,117.6,19.5,6.1,161.6,Map/Offsets,https://cgi.minorplanetcenter.net/cgi-bin/confirmeph2.cgi
20260515T013407Z,2026-05-15T01:34:07.995566Z,20260515T013407Z_batch01,6E94521,2026-05-15T09:00:00Z,19 44 32.9,296.13708333333335,-65 31 51,-65.53083333333333,117.6,19.5,6.09,161.5,Map/Offsets,https://cgi.minorplanetcenter.net/cgi-bin/confirmeph2.cgi
20260515T013407Z,2026-05-15T01:34:07.995566Z,20260515T013407Z_batch01,6E94521,2026-05-15T10:00:00Z,19 44 51.6,296.21500000000003,-65 37 38,-65.62722222222222,117.6,19.5,6.09,161.5,Map/Offsets,https://cgi.minorplanetcenter.net/cgi-bin/confirmeph2.cgi
20260515T013407Z,2026-05-15T01:34:07.995566Z,20260515T013407Z_batch01,6E94521,2026-05-15T11:00:00Z,19 45 10.4,296.29333333333335,-65 43 24,-65.72333333333333,117.5,19.5,6.09,161.4,Map/Offsets,https://cgi.minorplanetcenter.net/cgi-bin/confirmeph2.cgi
20260515T013407Z,2026-05-15T01:34:07.995566Z,20260515T013407Z_batch01,6E94521,2026-05-15T12:00:00Z,19 45 29.3,296.37208333333336,-65 49 10,-65.81944444444444,117.5,19.5,6.09,161.4,Map/Offsets,https://cgi.minorplanetcenter.net/cgi-bin/confirmeph2.cgi
20260515T013407Z,2026-05-15T01:34:07.995566Z,20260515T013407Z_batch01,6E94521,2026-05-15T13:00:00Z,19 45 48.4,296.4516666666667,-65 54 57,-65.91583333333334,117.5,19.5,6.09,161.3,Map/Offsets,https://cgi.minorplanetcenter.net/cgi-bin/confirmeph2.cgi
20260515T013407Z,2026-05-15T01:34:07.995566Z,20260515T013407Z_batch01,6E94521,2026-05-15T14:00:00Z,19 46 07.5,296.53125,-66 00 42,-66.01166666666667,117.5,19.5,6.09,161.3,Map/Offsets,https://cgi.minorplanetcenter.net/cgi-bin/confirmeph2.cgi
20260515T013407Z,2026-05-15T01:34:07.995566Z,20260515T013407Z_batch01,6E94521,2026-05-15T15:00:00Z,19 46 26.8,296.6116666666667,-66 06 28,-66.10777777777777,117.4,19.5,6.08,161.2,Map/Offsets,https://cgi.minorplanetcenter.net/cgi-bin/confirmeph2.cgi
20260515T013407Z,2026-05-15T01:34:07.995566Z,20260515T013407Z_batch01,6E94521,2026-05-15T16:00:00Z,19 46 46.3,296.69291666666663,-66 12 14,-66.2038888888889,117.4,19.5,6.08,161.1,Map/Offsets,https://cgi.minorplanetcenter.net/cgi-bin/confirmeph2.cgi
20260515T013407Z,2026-05-15T01:34:07.995566Z,20260515T013407Z_batch01,6E94521,2026-05-15T17:00:00Z,19 47 05.8,296.7741666666667,-66 17 59,-66.29972222222221,117.4,19.5,6.08,161.1,Map/Offsets,https://cgi.minorplanetcenter.net/cgi-bin/confirmeph2.cgi
20260515T013407Z,2026-05-15T01:34:07.995566Z,20260515T013407Z_batch01,6E94521,2026-05-15T18:00:00Z,19 47 25.5,296.85625000000005,-66 23 44,-66.39555555555556,117.3,19.5,6.08,161.0,Map/Offsets,https://cgi.minorplanetcenter.net/cgi-bin/confirmeph2.cgi
20260515T013407Z,2026-05-15T01:34:07.995566Z,20260515T013407Z_batch01,6E94521,2026-05-15T19:00:00Z,19 47 45.4,296.93916666666667,-66 29 29,-66.49138888888889,117.3,19.5,6.08,161.0,Map/Offsets,https://cgi.minorplanetcenter.net/cgi-bin/confirmeph2.cgi
20260515T013407Z,2026-05-15T01:34:07.995566Z,20260515T013407Z_batch01,6E94521,2026-05-15T20:00:00Z,19 48 05.3,297.02208333333334,-66 35 13,-66.58694444444444,117.3,19.5,6.08,160.9,Map/Offsets,https://cgi.minorplanetcenter.net/cgi-bin/confirmeph2.cgi
20260515T013407Z,2026-05-15T01:34:07.995566Z,20260515T013407Z_batch01,6E94521,2026-05-15T21:00:00Z,19 48 25.4,297.10583333333335,-66 40 58,-66.68277777777779,117.2,19.5,6.07,160.8,Map/Offsets,https://cgi.minorplanetcenter.net/cgi-bin/confirmeph2.cgi
20260515T013407Z,2026-05-15T01:34:07.995566Z,20260515T013407Z_batch01,6E94521,2026-05-15T22:00:00Z,19 48 45.7,297.1904166666667,-66 46 42,-66.77833333333334,117.2,19.5,6.07,160.8,Map/Offsets,https://cgi.minorplanetcenter.net/cgi-bin/confirmeph2.cgi
20260515T013407Z,2026-05-15T01:34:07.995566Z,20260515T013407Z_batch01,6E94521,2026-05-15T23:00:00Z,19 49 06.0,297.275,-66 52 26,-66.87388888888889,117.2,19.5,6.07,160.7,Map/Offsets,https://cgi.minorplanetcenter.net/cgi-bin/confirmeph2.cgi
20260515T013407Z,2026-05-15T01:34:07.995566Z,20260515T013407Z_batch01,6E94521,2026-05-16T00:00:00Z,19 49 26.5,297.3604166666667,-66 58 09,-66.96916666666667,117.1,19.5,6.07,160.6,Map/Offsets,https://cgi.minorplanetcenter.net/cgi-bin/confirmeph2.cgi
20260515T013407Z,2026-05-15T01:34:07.995566Z,20260515T013407Z_batch01,S001563,2026-05-15T00:00:00Z,12 58 55.5,194.73125000000002,-27 06 00,-27.1,145.3,21.6,0.16,223.9,Map/Offsets,https://cgi.minorplanetcenter.net/cgi-bin/confirmeph2.cgi
20260515T013407Z,2026-05-15T01:34:07.995566Z,20260515T013407Z_batch01,S001563,2026-05-15T01:00:00Z,12 58 55.0,194.72916666666666,-27 06 07,-27.101944444444445,145.3,21.6,0.16,223.8,Map/Offsets,https://cgi.minorplanetcenter.net/cgi-bin/confirmeph2.cgi
20260515T013407Z,2026-05-15T01:34:07.995566Z,20260515T013407Z_batch01,S001563,2026-05-15T02:00:00Z,12 58 54.5,194.72708333333333,-27 06 14,-27.10388888888889,145.2,21.6,0.16,223.7,Map/Offsets,https://cgi.minorplanetcenter.net/cgi-bin/confirmeph2.cgi
20260515T013407Z,2026-05-15T01:34:07.995566Z,20260515T013407Z_batch01,S001563,2026-05-15T03:00:00Z,12 58 54.0,194.72500000000002,-27 06 21,-27.105833333333333,145.2,21.6,0.16,223.6,Map/Offsets,https://cgi.minorplanetcenter.net/cgi-bin/confirmeph2.cgi
20260515T013407Z,2026-05-15T01:34:07.995566Z,20260515T013407Z_batch01,S001563,2026-05-15T04:00:00Z,12 58 53.5,194.72291666666666,-27 06 28,-27.10777777777778,145.2,21.6,0.16,223.4,Map/Offsets,https://cgi.minorplanetcenter.net/cgi-bin/confirmeph2.cgi
20260515T013407Z,2026-05-15T01:34:07.995566Z,20260515T013407Z_batch01,S001563,2026-05-15T05:00:00Z,12 58 53.0,194.72083333333333,-27 06 35,-27.109722222222224,145.1,21.6,0.16,223.3,Map/Offsets,https://cgi.minorplanetcenter.net/cgi-bin/confirmeph2.cgi
20260515T013407Z,2026-05-15T01:34:07.995566Z,20260515T013407Z_batch01,S001563,2026-05-15T06:00:00Z,12 58 52.5,194.71875,-27 06 42,-27.111666666666668,145.1,21.6,0.16,223.2,Map/Offsets,https://cgi.minorplanetcenter.net/cgi-bin/confirmeph2.cgi
20260515T013407Z,2026-05-15T01:34:07.995566Z,20260515T013407Z_batch01,S001563,2026-05-15T07:00:00Z,12 58 52.0,194.71666666666667,-27 06 49,-27.113611111111112,145.0,21.6,0.16,223.1,Map/Offsets,https://cgi.minorplanetcenter.net/cgi-bin/confirmeph2.cgi
20260515T013407Z,2026-05-15T01:34:07.995566Z,20260515T013407Z_batch01,S001563,2026-05-15T08:00:00Z,12 58 51.5,194.71458333333334,-27 06 56,-27.115555555555556,145.0,21.6,0.16,222.9,Map/Offsets,https://cgi.minorplanetcenter.net/cgi-bin/confirmeph2.cgi
20260515T013407Z,2026-05-15T01:34:07.995566Z,20260515T013407Z_batch01,S001563,2026-05-15T09:00:00Z,12 58 51.0,194.7125,-27 07 03,-27.1175,145.0,21.6,0.16,222.8,Map/Offsets,https://cgi.minorplanetcenter.net/cgi-bin/confirmeph2.cgi
20260515T013407Z,2026-05-15T01:34:07.995566Z,20260515T013407Z_batch01,S001563,2026-05-15T10:00:00Z,12 58 50.6,194.71083333333334,-27 07 10,-27.119444444444444,144.9,21.6,0.16,222.7,Map/Offsets,https://cgi.minorplanetcenter.net/cgi-bin/confirmeph2.cgi
20260515T013407Z,2026-05-15T01:34:07.995566Z,20260515T013407Z_batch01,S001563,2026-05-15T11:00:00Z,12 58 50.1,194.70875,-27 07 17,-27.12138888888889,144.9,21.6,0.16,222.5,Map/Offsets,https://cgi.minorplanetcenter.net/cgi-bin/confirmeph2.cgi
20260515T013407Z,2026-05-15T01:34:07.995566Z,20260515T013407Z_batch01,S001563,2026-05-15T12:00:00Z,12 58 49.6,194.70666666666665,-27 07 24,-27.123333333333335,144.9,21.6,0.16,222.4,Map/Offsets,https://cgi.minorplanetcenter.net/cgi-bin/confirmeph2.cgi
20260515T013407Z,2026-05-15T01:34:07.995566Z,20260515T013407Z_batch01,S001563,2026-05-15T13:00:00Z,12 58 49.1,194.70458333333332,-27 07 31,-27.12527777777778,144.8,21.6,0.16,222.3,Map/Offsets,https://cgi.minorplanetcenter.net/cgi-bin/confirmeph2.cgi
20260515T013407Z,2026-05-15T01:34:07.995566Z,20260515T013407Z_batch01,S001563,2026-05-15T14:00:00Z,12 58 48.7,194.70291666666668,-27 07 38,-27.127222222222223,144.8,21.6,0.16,222.2,Map/Offsets,https://cgi.minorplanetcenter.net/cgi-bin/confirmeph2.cgi
20260515T013407Z,2026-05-15T01:34:07.995566Z,20260515T013407Z_batch01,S001563,2026-05-15T15:00:00Z,12 58 48.2,194.70083333333332,-27 07 45,-27.129166666666666,144.8,21.6,0.15,222.0,Map/Offsets,https://cgi.minorplanetcenter.net/cgi-bin/confirmeph2.cgi
20260515T013407Z,2026-05-15T01:34:07.995566Z,20260515T013407Z_batch01,S001563,2026-05-15T16:00:00Z,12 58 47.7,194.69875,-27 07 52,-27.13111111111111,144.7,21.6,0.15,221.9,Map/Offsets,https://cgi.minorplanetcenter.net/cgi-bin/confirmeph2.cgi
20260515T013407Z,2026-05-15T01:34:07.995566Z,20260515T013407Z_batch01,S001563,2026-05-15T17:00:00Z,12 58 47.3,194.69708333333335,-27 07 58,-27.13277777777778,144.7,21.6,0.15,221.7,Map/Offsets,https://cgi.minorplanetcenter.net/cgi-bin/confirmeph2.cgi
20260515T013407Z,2026-05-15T01:34:07.995566Z,20260515T013407Z_batch01,S001563,2026-05-15T18:00:00Z,12 58 46.8,194.695,-27 08 05,-27.134722222222223,144.7,21.6,0.15,221.6,Map/Offsets,https://cgi.minorplanetcenter.net/cgi-bin/confirmeph2.cgi
20260515T013407Z,2026-05-15T01:34:07.995566Z,20260515T013407Z_batch01,S001563,2026-05-15T19:00:00Z,12 58 46.4,194.69333333333333,-27 08 12,-27.136666666666667,144.6,21.6,0.15,221.5,Map/Offsets,https://cgi.minorplanetcenter.net/cgi-bin/confirmeph2.cgi
20260515T013407Z,2026-05-15T01:34:07.995566Z,20260515T013407Z_batch01,S001563,2026-05-15T20:00:00Z,12 58 45.9,194.69125,-27 08 19,-27.13861111111111,144.6,21.6,0.15,221.3,Map/Offsets,https://cgi.minorplanetcenter.net/cgi-bin/confirmeph2.cgi
20260515T013407Z,2026-05-15T01:34:07.995566Z,20260515T013407Z_batch01,S001563,2026-05-15T21:00:00Z,12 58 45.4,194.68916666666667,-27 08 26,-27.140555555555554,144.6,21.6,0.15,221.2,Map/Offsets,https://cgi.minorplanetcenter.net/cgi-bin/confirmeph2.cgi
20260515T013407Z,2026-05-15T01:34:07.995566Z,20260515T013407Z_batch01,S001563,2026-05-15T22:00:00Z,12 58 45.0,194.6875,-27 08 33,-27.1425,144.5,21.6,0.15,221.1,Map/Offsets,https://cgi.minorplanetcenter.net/cgi-bin/confirmeph2.cgi
20260515T013407Z,2026-05-15T01:34:07.995566Z,20260515T013407Z_batch01,S001563,2026-05-15T23:00:00Z,12 58 44.5,194.68541666666667,-27 08 40,-27.144444444444446,144.5,21.6,0.15,220.9,Map/Offsets,https://cgi.minorplanetcenter.net/cgi-bin/confirmeph2.cgi
20260515T013407Z,2026-05-15T01:34:07.995566Z,20260515T013407Z_batch01,S001563,2026-05-16T00:00:00Z,12 58 44.1,194.68375,-27 08 47,-27.14638888888889,144.5,21.6,0.15,220.8,Map/Offsets,https://cgi.minorplanetcenter.net/cgi-bin/confirmeph2.cgi
