snapshot_id,fetched_at_utc,batch_id,designation,ephem_time_utc,ra_hms,ra_deg,dec_dms,dec_deg,elong_deg,v_mag,motion_arcsec_per_min,pa_deg,uncertainty,source_url
20260511T083029Z,2026-05-11T08:30:29.176610Z,20260511T083029Z_batch01,CELXRN2,2026-05-11T07:00:00Z,13 11 47.1,197.94625,+26 20 42,26.345,127.2,21.0,2.73,301.9,Map/Offsets,https://cgi.minorplanetcenter.net/cgi-bin/confirmeph2.cgi
20260511T083029Z,2026-05-11T08:30:29.176610Z,20260511T083029Z_batch01,CELXRN2,2026-05-11T08:00:00Z,13 11 36.8,197.90333333333334,+26 22 08,26.36888888888889,127.1,21.1,2.71,301.8,Map/Offsets,https://cgi.minorplanetcenter.net/cgi-bin/confirmeph2.cgi
20260511T083029Z,2026-05-11T08:30:29.176610Z,20260511T083029Z_batch01,CELXRN2,2026-05-11T09:00:00Z,13 11 26.5,197.86041666666668,+26 23 34,26.392777777777777,127.0,21.1,2.7,301.8,Map/Offsets,https://cgi.minorplanetcenter.net/cgi-bin/confirmeph2.cgi
20260511T083029Z,2026-05-11T08:30:29.176610Z,20260511T083029Z_batch01,CELXRN2,2026-05-11T10:00:00Z,13 11 16.3,197.81791666666666,+26 24 59,26.41638888888889,127.0,21.1,2.68,301.7,Map/Offsets,https://cgi.minorplanetcenter.net/cgi-bin/confirmeph2.cgi
20260511T083029Z,2026-05-11T08:30:29.176610Z,20260511T083029Z_batch01,CELXRN2,2026-05-11T11:00:00Z,13 11 06.2,197.77583333333334,+26 26 23,26.439722222222223,126.9,21.1,2.66,301.7,Map/Offsets,https://cgi.minorplanetcenter.net/cgi-bin/confirmeph2.cgi
20260511T083029Z,2026-05-11T08:30:29.176610Z,20260511T083029Z_batch01,CELXRN2,2026-05-11T12:00:00Z,13 10 56.1,197.73375,+26 27 47,26.463055555555556,126.8,21.1,2.65,301.7,Map/Offsets,https://cgi.minorplanetcenter.net/cgi-bin/confirmeph2.cgi
20260511T083029Z,2026-05-11T08:30:29.176610Z,20260511T083029Z_batch01,CELXRN2,2026-05-11T13:00:00Z,13 10 46.1,197.69208333333333,+26 29 10,26.48611111111111,126.7,21.1,2.63,301.6,Map/Offsets,https://cgi.minorplanetcenter.net/cgi-bin/confirmeph2.cgi
20260511T083029Z,2026-05-11T08:30:29.176610Z,20260511T083029Z_batch01,CELXRN2,2026-05-11T14:00:00Z,13 10 36.1,197.65041666666664,+26 30 32,26.50888888888889,126.7,21.1,2.61,301.6,Map/Offsets,https://cgi.minorplanetcenter.net/cgi-bin/confirmeph2.cgi
20260511T083029Z,2026-05-11T08:30:29.176610Z,20260511T083029Z_batch01,CELXRN2,2026-05-11T15:00:00Z,13 10 26.2,197.60916666666668,+26 31 54,26.531666666666666,126.6,21.1,2.6,301.6,Map/Offsets,https://cgi.minorplanetcenter.net/cgi-bin/confirmeph2.cgi
20260511T083029Z,2026-05-11T08:30:29.176610Z,20260511T083029Z_batch01,CELXRN2,2026-05-11T16:00:00Z,13 10 16.3,197.56791666666666,+26 33 15,26.554166666666667,126.5,21.1,2.58,301.5,Map/Offsets,https://cgi.minorplanetcenter.net/cgi-bin/confirmeph2.cgi
20260511T083029Z,2026-05-11T08:30:29.176610Z,20260511T083029Z_batch01,CELXRN2,2026-05-11T17:00:00Z,13 10 06.5,197.52708333333334,+26 34 36,26.576666666666668,126.5,21.1,2.57,301.5,Map/Offsets,https://cgi.minorplanetcenter.net/cgi-bin/confirmeph2.cgi
20260511T083029Z,2026-05-11T08:30:29.176610Z,20260511T083029Z_batch01,CELXRN2,2026-05-11T18:00:00Z,13 09 56.7,197.48625,+26 35 56,26.598888888888887,126.4,21.1,2.55,301.5,Map/Offsets,https://cgi.minorplanetcenter.net/cgi-bin/confirmeph2.cgi
20260511T083029Z,2026-05-11T08:30:29.176610Z,20260511T083029Z_batch01,CELXRN2,2026-05-11T19:00:00Z,13 09 47.0,197.44583333333333,+26 37 16,26.621111111111112,126.3,21.1,2.53,301.4,Map/Offsets,https://cgi.minorplanetcenter.net/cgi-bin/confirmeph2.cgi
20260511T083029Z,2026-05-11T08:30:29.176610Z,20260511T083029Z_batch01,CELXRN2,2026-05-11T20:00:00Z,13 09 37.4,197.40583333333333,+26 38 35,26.643055555555556,126.2,21.1,2.52,301.4,Map/Offsets,https://cgi.minorplanetcenter.net/cgi-bin/confirmeph2.cgi
20260511T083029Z,2026-05-11T08:30:29.176610Z,20260511T083029Z_batch01,CELXRN2,2026-05-11T21:00:00Z,13 09 27.8,197.36583333333334,+26 39 53,26.66472222222222,126.2,21.2,2.5,301.3,Map/Offsets,https://cgi.minorplanetcenter.net/cgi-bin/confirmeph2.cgi
20260511T083029Z,2026-05-11T08:30:29.176610Z,20260511T083029Z_batch01,CELXRN2,2026-05-11T22:00:00Z,13 09 18.2,197.32583333333335,+26 41 11,26.68638888888889,126.1,21.2,2.49,301.3,Map/Offsets,https://cgi.minorplanetcenter.net/cgi-bin/confirmeph2.cgi
20260511T083029Z,2026-05-11T08:30:29.176610Z,20260511T083029Z_batch01,CELXRN2,2026-05-11T23:00:00Z,13 09 08.8,197.28666666666666,+26 42 28,26.70777777777778,126.0,21.2,2.47,301.3,Map/Offsets,https://cgi.minorplanetcenter.net/cgi-bin/confirmeph2.cgi
20260511T083029Z,2026-05-11T08:30:29.176610Z,20260511T083029Z_batch01,CELXRN2,2026-05-12T00:00:00Z,13 08 59.3,197.24708333333334,+26 43 45,26.729166666666664,126.0,21.2,2.46,301.2,Map/Offsets,https://cgi.minorplanetcenter.net/cgi-bin/confirmeph2.cgi
20260511T083029Z,2026-05-11T08:30:29.176610Z,20260511T083029Z_batch01,CELXRN2,2026-05-12T01:00:00Z,13 08 49.9,197.20791666666668,+26 45 01,26.75027777777778,125.9,21.2,2.44,301.2,Map/Offsets,https://cgi.minorplanetcenter.net/cgi-bin/confirmeph2.cgi
20260511T083029Z,2026-05-11T08:30:29.176610Z,20260511T083029Z_batch01,CELXRN2,2026-05-12T02:00:00Z,13 08 40.6,197.16916666666665,+26 46 17,26.77138888888889,125.8,21.2,2.43,301.2,Map/Offsets,https://cgi.minorplanetcenter.net/cgi-bin/confirmeph2.cgi
20260511T083029Z,2026-05-11T08:30:29.176610Z,20260511T083029Z_batch01,CELXRN2,2026-05-12T03:00:00Z,13 08 31.3,197.13041666666666,+26 47 32,26.792222222222225,125.8,21.2,2.41,301.1,Map/Offsets,https://cgi.minorplanetcenter.net/cgi-bin/confirmeph2.cgi
20260511T083029Z,2026-05-11T08:30:29.176610Z,20260511T083029Z_batch01,CELXRN2,2026-05-12T04:00:00Z,13 08 22.1,197.09208333333333,+26 48 46,26.81277777777778,125.7,21.2,2.4,301.1,Map/Offsets,https://cgi.minorplanetcenter.net/cgi-bin/confirmeph2.cgi
20260511T083029Z,2026-05-11T08:30:29.176610Z,20260511T083029Z_batch01,CELXRN2,2026-05-12T05:00:00Z,13 08 13.0,197.05416666666665,+26 50 00,26.833333333333332,125.6,21.2,2.38,301.1,Map/Offsets,https://cgi.minorplanetcenter.net/cgi-bin/confirmeph2.cgi
20260511T083029Z,2026-05-11T08:30:29.176610Z,20260511T083029Z_batch01,CELXRN2,2026-05-12T06:00:00Z,13 08 03.8,197.01583333333335,+26 51 14,26.85388888888889,125.6,21.2,2.37,301.0,Map/Offsets,https://cgi.minorplanetcenter.net/cgi-bin/confirmeph2.cgi
20260511T083029Z,2026-05-11T08:30:29.176610Z,20260511T083029Z_batch01,CELXRN2,2026-05-12T07:00:00Z,13 07 54.8,196.97833333333335,+26 52 27,26.874166666666667,125.5,21.2,2.35,301.0,Map/Offsets,https://cgi.minorplanetcenter.net/cgi-bin/confirmeph2.cgi
20260511T083029Z,2026-05-11T08:30:29.176610Z,20260511T083029Z_batch01,TF26E51,2026-05-11T07:00:00Z,15 11 12.7,227.80291666666668,+08 14 05,8.23472222222222,154.0,19.2,8.19,71.8,Map/Offsets,https://cgi.minorplanetcenter.net/cgi-bin/confirmeph2.cgi
20260511T083029Z,2026-05-11T08:30:29.176610Z,20260511T083029Z_batch01,TF26E51,2026-05-11T08:00:00Z,15 11 44.1,227.93375,+08 16 38,8.277222222222223,153.9,19.2,8.16,71.8,Map/Offsets,https://cgi.minorplanetcenter.net/cgi-bin/confirmeph2.cgi
20260511T083029Z,2026-05-11T08:30:29.176610Z,20260511T083029Z_batch01,TF26E51,2026-05-11T09:00:00Z,15 12 15.3,228.06375,+08 19 11,8.319722222222222,153.9,19.2,8.12,71.8,Map/Offsets,https://cgi.minorplanetcenter.net/cgi-bin/confirmeph2.cgi
20260511T083029Z,2026-05-11T08:30:29.176610Z,20260511T083029Z_batch01,TF26E51,2026-05-11T10:00:00Z,15 12 46.5,228.19375,+08 21 42,8.361666666666666,153.8,19.2,8.09,71.9,Map/Offsets,https://cgi.minorplanetcenter.net/cgi-bin/confirmeph2.cgi
20260511T083029Z,2026-05-11T08:30:29.176610Z,20260511T083029Z_batch01,TF26E51,2026-05-11T11:00:00Z,15 13 17.5,228.32291666666669,+08 24 13,8.403611111111111,153.7,19.2,8.05,71.9,Map/Offsets,https://cgi.minorplanetcenter.net/cgi-bin/confirmeph2.cgi
20260511T083029Z,2026-05-11T08:30:29.176610Z,20260511T083029Z_batch01,TF26E51,2026-05-11T12:00:00Z,15 13 48.4,228.45166666666665,+08 26 42,8.445,153.7,19.2,8.02,71.9,Map/Offsets,https://cgi.minorplanetcenter.net/cgi-bin/confirmeph2.cgi
20260511T083029Z,2026-05-11T08:30:29.176610Z,20260511T083029Z_batch01,TF26E51,2026-05-11T13:00:00Z,15 14 19.1,228.57958333333332,+08 29 11,8.486388888888888,153.6,19.2,7.98,72.0,Map/Offsets,https://cgi.minorplanetcenter.net/cgi-bin/confirmeph2.cgi
20260511T083029Z,2026-05-11T08:30:29.176610Z,20260511T083029Z_batch01,TF26E51,2026-05-11T14:00:00Z,15 14 49.8,228.70749999999998,+08 31 39,8.527500000000002,153.6,19.2,7.95,72.0,Map/Offsets,https://cgi.minorplanetcenter.net/cgi-bin/confirmeph2.cgi
20260511T083029Z,2026-05-11T08:30:29.176610Z,20260511T083029Z_batch01,TF26E51,2026-05-11T15:00:00Z,15 15 20.3,228.83458333333334,+08 34 06,8.568333333333333,153.5,19.2,7.91,72.0,Map/Offsets,https://cgi.minorplanetcenter.net/cgi-bin/confirmeph2.cgi
20260511T083029Z,2026-05-11T08:30:29.176610Z,20260511T083029Z_batch01,TF26E51,2026-05-11T16:00:00Z,15 15 50.6,228.96083333333334,+08 36 32,8.608888888888888,153.5,19.2,7.88,72.1,Map/Offsets,https://cgi.minorplanetcenter.net/cgi-bin/confirmeph2.cgi
20260511T083029Z,2026-05-11T08:30:29.176610Z,20260511T083029Z_batch01,TF26E51,2026-05-11T17:00:00Z,15 16 20.9,229.08708333333334,+08 38 57,8.649166666666666,153.4,19.2,7.84,72.1,Map/Offsets,https://cgi.minorplanetcenter.net/cgi-bin/confirmeph2.cgi
20260511T083029Z,2026-05-11T08:30:29.176610Z,20260511T083029Z_batch01,TF26E51,2026-05-11T18:00:00Z,15 16 51.0,229.2125,+08 41 22,8.689444444444444,153.4,19.2,7.81,72.1,Map/Offsets,https://cgi.minorplanetcenter.net/cgi-bin/confirmeph2.cgi
20260511T083029Z,2026-05-11T08:30:29.176610Z,20260511T083029Z_batch01,TF26E51,2026-05-11T19:00:00Z,15 17 21.0,229.3375,+08 43 45,8.729166666666666,153.3,19.2,7.77,72.1,Map/Offsets,https://cgi.minorplanetcenter.net/cgi-bin/confirmeph2.cgi
20260511T083029Z,2026-05-11T08:30:29.176610Z,20260511T083029Z_batch01,TF26E51,2026-05-11T20:00:00Z,15 17 50.9,229.46208333333334,+08 46 08,8.76888888888889,153.3,19.2,7.74,72.2,Map/Offsets,https://cgi.minorplanetcenter.net/cgi-bin/confirmeph2.cgi
20260511T083029Z,2026-05-11T08:30:29.176610Z,20260511T083029Z_batch01,TF26E51,2026-05-11T21:00:00Z,15 18 20.7,229.58625000000004,+08 48 29,8.808055555555557,153.2,19.2,7.71,72.2,Map/Offsets,https://cgi.minorplanetcenter.net/cgi-bin/confirmeph2.cgi
20260511T083029Z,2026-05-11T08:30:29.176610Z,20260511T083029Z_batch01,TF26E51,2026-05-11T22:00:00Z,15 18 50.3,229.70958333333334,+08 50 50,8.847222222222223,153.2,19.2,7.67,72.2,Map/Offsets,https://cgi.minorplanetcenter.net/cgi-bin/confirmeph2.cgi
20260511T083029Z,2026-05-11T08:30:29.176610Z,20260511T083029Z_batch01,TF26E51,2026-05-11T23:00:00Z,15 19 19.8,229.83249999999998,+08 53 10,8.886111111111111,153.1,19.3,7.64,72.3,Map/Offsets,https://cgi.minorplanetcenter.net/cgi-bin/confirmeph2.cgi
20260511T083029Z,2026-05-11T08:30:29.176610Z,20260511T083029Z_batch01,TF26E51,2026-05-12T00:00:00Z,15 19 49.2,229.955,+08 55 29,8.924722222222222,153.1,19.3,7.61,72.3,Map/Offsets,https://cgi.minorplanetcenter.net/cgi-bin/confirmeph2.cgi
20260511T083029Z,2026-05-11T08:30:29.176610Z,20260511T083029Z_batch01,TF26E51,2026-05-12T01:00:00Z,15 20 18.5,230.07708333333335,+08 57 48,8.963333333333333,153.0,19.3,7.57,72.3,Map/Offsets,https://cgi.minorplanetcenter.net/cgi-bin/confirmeph2.cgi
20260511T083029Z,2026-05-11T08:30:29.176610Z,20260511T083029Z_batch01,TF26E51,2026-05-12T02:00:00Z,15 20 47.7,230.19875,+09 00 05,9.001388888888888,152.9,19.3,7.54,72.4,Map/Offsets,https://cgi.minorplanetcenter.net/cgi-bin/confirmeph2.cgi
20260511T083029Z,2026-05-11T08:30:29.176610Z,20260511T083029Z_batch01,TF26E51,2026-05-12T03:00:00Z,15 21 16.7,230.31958333333333,+09 02 22,9.039444444444444,152.9,19.3,7.5,72.4,Map/Offsets,https://cgi.minorplanetcenter.net/cgi-bin/confirmeph2.cgi
20260511T083029Z,2026-05-11T08:30:29.176610Z,20260511T083029Z_batch01,TF26E51,2026-05-12T04:00:00Z,15 21 45.6,230.44,+09 04 37,9.076944444444445,152.8,19.3,7.47,72.4,Map/Offsets,https://cgi.minorplanetcenter.net/cgi-bin/confirmeph2.cgi
20260511T083029Z,2026-05-11T08:30:29.176610Z,20260511T083029Z_batch01,TF26E51,2026-05-12T05:00:00Z,15 22 14.4,230.56,+09 06 52,9.114444444444445,152.8,19.3,7.44,72.5,Map/Offsets,https://cgi.minorplanetcenter.net/cgi-bin/confirmeph2.cgi
20260511T083029Z,2026-05-11T08:30:29.176610Z,20260511T083029Z_batch01,TF26E51,2026-05-12T06:00:00Z,15 22 43.1,230.67958333333334,+09 09 06,9.151666666666667,152.7,19.3,7.41,72.5,Map/Offsets,https://cgi.minorplanetcenter.net/cgi-bin/confirmeph2.cgi
20260511T083029Z,2026-05-11T08:30:29.176610Z,20260511T083029Z_batch01,TF26E51,2026-05-12T07:00:00Z,15 23 11.6,230.79833333333332,+09 11 20,9.18888888888889,152.7,19.3,7.37,72.5,Map/Offsets,https://cgi.minorplanetcenter.net/cgi-bin/confirmeph2.cgi
20260511T083029Z,2026-05-11T08:30:29.176610Z,20260511T083029Z_batch01,ST26E35,2026-05-11T07:00:00Z,13 12 49.6,198.20666666666665,+05 55 20,5.9222222222222225,142.4,19.3,58.87,148.9,Map/Offsets   !!,https://cgi.minorplanetcenter.net/cgi-bin/confirmeph2.cgi
20260511T083029Z,2026-05-11T08:30:29.176610Z,20260511T083029Z_batch01,ST26E35,2026-05-11T08:00:00Z,13 14 51.3,198.71375,+05 05 09,5.085833333333333,143.2,19.2,58.34,148.9,Map/Offsets   !!,https://cgi.minorplanetcenter.net/cgi-bin/confirmeph2.cgi
20260511T083029Z,2026-05-11T08:30:29.176610Z,20260511T083029Z_batch01,ST26E35,2026-05-11T09:00:00Z,13 16 51.6,199.215,+04 15 24,4.256666666666667,144.1,19.2,57.78,149.0,Map/Offsets   !!,https://cgi.minorplanetcenter.net/cgi-bin/confirmeph2.cgi
20260511T083029Z,2026-05-11T08:30:29.176610Z,20260511T083029Z_batch01,ST26E35,2026-05-11T10:00:00Z,13 18 50.4,199.71,+03 26 08,3.4355555555555557,145.0,19.2,57.2,149.0,Map/Offsets   !!,https://cgi.minorplanetcenter.net/cgi-bin/confirmeph2.cgi
20260511T083029Z,2026-05-11T08:30:29.176610Z,20260511T083029Z_batch01,ST26E35,2026-05-11T11:00:00Z,13 20 47.8,200.19916666666668,+02 37 22,2.622777777777778,145.8,19.2,56.6,149.0,Map/Offsets   !!,https://cgi.minorplanetcenter.net/cgi-bin/confirmeph2.cgi
20260511T083029Z,2026-05-11T08:30:29.176610Z,20260511T083029Z_batch01,ST26E35,2026-05-11T12:00:00Z,13 22 43.7,200.68208333333334,+01 49 06,1.8183333333333334,146.7,19.2,55.97,149.0,Map/Offsets   !!,https://cgi.minorplanetcenter.net/cgi-bin/confirmeph2.cgi
20260511T083029Z,2026-05-11T08:30:29.176610Z,20260511T083029Z_batch01,ST26E35,2026-05-11T13:00:00Z,13 24 38.3,201.15958333333336,+01 01 23,1.0230555555555556,147.5,19.2,55.33,149.0,Map/Offsets   !!,https://cgi.minorplanetcenter.net/cgi-bin/confirmeph2.cgi
20260511T083029Z,2026-05-11T08:30:29.176610Z,20260511T083029Z_batch01,ST26E35,2026-05-11T14:00:00Z,13 26 31.5,201.63125,+00 14 13,0.23694444444444446,148.3,19.2,54.67,149.0,Map/Offsets   !!,https://cgi.minorplanetcenter.net/cgi-bin/confirmeph2.cgi
20260511T083029Z,2026-05-11T08:30:29.176610Z,20260511T083029Z_batch01,ST26E35,2026-05-11T15:00:00Z,13 28 23.2,202.09666666666666,-00 32 23,-0.5397222222222222,149.1,19.2,53.99,149.0,Map/Offsets   !!,https://cgi.minorplanetcenter.net/cgi-bin/confirmeph2.cgi
20260511T083029Z,2026-05-11T08:30:29.176610Z,20260511T083029Z_batch01,ST26E35,2026-05-11T16:00:00Z,13 30 13.6,202.55666666666667,-01 18 23,-1.306388888888889,149.9,19.2,53.3,149.0,Map/Offsets   !!,https://cgi.minorplanetcenter.net/cgi-bin/confirmeph2.cgi
20260511T083029Z,2026-05-11T08:30:29.176610Z,20260511T083029Z_batch01,ST26E35,2026-05-11T17:00:00Z,13 32 02.7,203.01125,-02 03 47,-2.063055555555555,150.6,19.2,52.6,149.0,Map/Offsets   !!,https://cgi.minorplanetcenter.net/cgi-bin/confirmeph2.cgi
20260511T083029Z,2026-05-11T08:30:29.176610Z,20260511T083029Z_batch01,ST26E35,2026-05-11T18:00:00Z,13 33 50.3,203.45958333333334,-02 48 35,-2.8097222222222222,151.4,19.1,51.89,149.0,Map/Offsets   !!,https://cgi.minorplanetcenter.net/cgi-bin/confirmeph2.cgi
20260511T083029Z,2026-05-11T08:30:29.176610Z,20260511T083029Z_batch01,ST26E35,2026-05-11T19:00:00Z,13 35 36.7,203.90291666666667,-03 32 45,-3.5458333333333334,152.1,19.1,51.16,149.0,Map/Offsets   !!,https://cgi.minorplanetcenter.net/cgi-bin/confirmeph2.cgi
20260511T083029Z,2026-05-11T08:30:29.176610Z,20260511T083029Z_batch01,ST26E35,2026-05-11T20:00:00Z,13 37 21.7,204.34041666666667,-04 16 16,-4.271111111111111,152.8,19.1,50.44,149.0,Map/Offsets   !!,https://cgi.minorplanetcenter.net/cgi-bin/confirmeph2.cgi
20260511T083029Z,2026-05-11T08:30:29.176610Z,20260511T083029Z_batch01,ST26E35,2026-05-11T21:00:00Z,13 39 05.4,204.7725,-04 59 10,-4.986111111111112,153.5,19.1,49.7,148.9,Map/Offsets   !!,https://cgi.minorplanetcenter.net/cgi-bin/confirmeph2.cgi
20260511T083029Z,2026-05-11T08:30:29.176610Z,20260511T083029Z_batch01,ST26E35,2026-05-11T22:00:00Z,13 40 47.8,205.19916666666666,-05 41 24,-5.69,154.2,19.1,48.96,148.9,Map/Offsets   !!,https://cgi.minorplanetcenter.net/cgi-bin/confirmeph2.cgi
20260511T083029Z,2026-05-11T08:30:29.176610Z,20260511T083029Z_batch01,ST26E35,2026-05-11T23:00:00Z,13 42 28.9,205.62041666666667,-06 22 59,-6.383055555555555,154.9,19.1,48.22,148.8,Map/Offsets   !!,https://cgi.minorplanetcenter.net/cgi-bin/confirmeph2.cgi
20260511T083029Z,2026-05-11T08:30:29.176610Z,20260511T083029Z_batch01,ST26E35,2026-05-12T00:00:00Z,13 44 08.7,206.03625,-07 03 55,-7.065277777777777,155.5,19.1,47.47,148.8,Map/Offsets   !!,https://cgi.minorplanetcenter.net/cgi-bin/confirmeph2.cgi
20260511T083029Z,2026-05-11T08:30:29.176610Z,20260511T083029Z_batch01,ST26E35,2026-05-12T01:00:00Z,13 45 47.2,206.4466666666667,-07 44 11,-7.7363888888888885,156.2,19.1,46.73,148.7,Map/Offsets   !!,https://cgi.minorplanetcenter.net/cgi-bin/confirmeph2.cgi
20260511T083029Z,2026-05-11T08:30:29.176610Z,20260511T083029Z_batch01,ST26E35,2026-05-12T02:00:00Z,13 47 24.5,206.85208333333333,-08 23 48,-8.396666666666667,156.8,19.1,45.99,148.7,Map/Offsets   !!,https://cgi.minorplanetcenter.net/cgi-bin/confirmeph2.cgi
20260511T083029Z,2026-05-11T08:30:29.176610Z,20260511T083029Z_batch01,ST26E35,2026-05-12T03:00:00Z,13 49 00.6,207.2525,-09 02 45,-9.045833333333333,157.4,19.1,45.24,148.6,Map/Offsets   !,https://cgi.minorplanetcenter.net/cgi-bin/confirmeph2.cgi
20260511T083029Z,2026-05-11T08:30:29.176610Z,20260511T083029Z_batch01,ST26E35,2026-05-12T04:00:00Z,13 50 35.4,207.6475,-09 41 02,-9.68388888888889,158.0,19.1,44.5,148.5,Map/Offsets   !,https://cgi.minorplanetcenter.net/cgi-bin/confirmeph2.cgi
20260511T083029Z,2026-05-11T08:30:29.176610Z,20260511T083029Z_batch01,ST26E35,2026-05-12T05:00:00Z,13 52 09.1,208.03791666666666,-10 18 40,-10.311111111111112,158.5,19.1,43.76,148.5,Map/Offsets   !,https://cgi.minorplanetcenter.net/cgi-bin/confirmeph2.cgi
20260511T083029Z,2026-05-11T08:30:29.176610Z,20260511T083029Z_batch01,ST26E35,2026-05-12T06:00:00Z,13 53 41.5,208.42291666666665,-10 55 39,-10.9275,159.1,19.1,43.03,148.4,Map/Offsets   !,https://cgi.minorplanetcenter.net/cgi-bin/confirmeph2.cgi
20260511T083029Z,2026-05-11T08:30:29.176610Z,20260511T083029Z_batch01,ST26E35,2026-05-12T07:00:00Z,13 55 12.8,208.80333333333334,-11 31 58,-11.53277777777778,159.6,19.1,42.3,148.3,Map/Offsets   !,https://cgi.minorplanetcenter.net/cgi-bin/confirmeph2.cgi
20260511T083029Z,2026-05-11T08:30:29.176610Z,20260511T083029Z_batch01,ST26E34,2026-05-11T07:00:00Z,14 50 00.8,222.50333333333333,+18 55 42,18.928333333333335,142.9,20.7,29.56,341.8,Map/Offsets   !,https://cgi.minorplanetcenter.net/cgi-bin/confirmeph2.cgi
20260511T083029Z,2026-05-11T08:30:29.176610Z,20260511T083029Z_batch01,ST26E34,2026-05-11T08:00:00Z,14 49 22.1,222.34208333333333,+19 23 23,19.389722222222222,142.4,20.7,28.75,341.7,Map/Offsets   !,https://cgi.minorplanetcenter.net/cgi-bin/confirmeph2.cgi
20260511T083029Z,2026-05-11T08:30:29.176610Z,20260511T083029Z_batch01,ST26E34,2026-05-11T09:00:00Z,14 48 44.3,222.18458333333334,+19 50 18,19.83833333333333,141.9,20.8,27.96,341.6,Map/Offsets   !,https://cgi.minorplanetcenter.net/cgi-bin/confirmeph2.cgi
20260511T083029Z,2026-05-11T08:30:29.176610Z,20260511T083029Z_batch01,ST26E34,2026-05-11T10:00:00Z,14 48 07.3,222.0304166666667,+20 16 29,20.27472222222222,141.5,20.8,27.2,341.6,Map/Offsets   !,https://cgi.minorplanetcenter.net/cgi-bin/confirmeph2.cgi
20260511T083029Z,2026-05-11T08:30:29.176610Z,20260511T083029Z_batch01,ST26E34,2026-05-11T11:00:00Z,14 47 31.0,221.87916666666666,+20 41 56,20.698888888888888,141.0,20.8,26.47,341.5,Map/Offsets   !,https://cgi.minorplanetcenter.net/cgi-bin/confirmeph2.cgi
20260511T083029Z,2026-05-11T08:30:29.176610Z,20260511T083029Z_batch01,ST26E34,2026-05-11T12:00:00Z,14 46 55.6,221.73166666666668,+21 06 42,21.111666666666668,140.5,20.9,25.77,341.5,Map/Offsets   !,https://cgi.minorplanetcenter.net/cgi-bin/confirmeph2.cgi
20260511T083029Z,2026-05-11T08:30:29.176610Z,20260511T083029Z_batch01,ST26E34,2026-05-11T13:00:00Z,14 46 20.8,221.5866666666667,+21 30 48,21.513333333333332,140.1,20.9,25.09,341.4,Map/Offsets   !,https://cgi.minorplanetcenter.net/cgi-bin/confirmeph2.cgi
20260511T083029Z,2026-05-11T08:30:29.176610Z,20260511T083029Z_batch01,ST26E34,2026-05-11T14:00:00Z,14 45 46.9,221.44541666666666,+21 54 16,21.904444444444444,139.7,21.0,24.43,341.4,Map/Offsets   !,https://cgi.minorplanetcenter.net/cgi-bin/confirmeph2.cgi
20260511T083029Z,2026-05-11T08:30:29.176610Z,20260511T083029Z_batch01,ST26E34,2026-05-11T15:00:00Z,14 45 13.6,221.30666666666667,+22 17 07,22.28527777777778,139.3,21.0,23.8,341.3,Map/Offsets   !,https://cgi.minorplanetcenter.net/cgi-bin/confirmeph2.cgi
20260511T083029Z,2026-05-11T08:30:29.176610Z,20260511T083029Z_batch01,ST26E34,2026-05-11T16:00:00Z,14 44 41.0,221.17083333333332,+22 39 22,22.65611111111111,138.9,21.0,23.19,341.3,Map/Offsets   !,https://cgi.minorplanetcenter.net/cgi-bin/confirmeph2.cgi
20260511T083029Z,2026-05-11T08:30:29.176610Z,20260511T083029Z_batch01,ST26E34,2026-05-11T17:00:00Z,14 44 09.0,221.03749999999997,+23 01 02,23.01722222222222,138.5,21.1,22.6,341.2,Map/Offsets   !,https://cgi.minorplanetcenter.net/cgi-bin/confirmeph2.cgi
20260511T083029Z,2026-05-11T08:30:29.176610Z,20260511T083029Z_batch01,ST26E34,2026-05-11T18:00:00Z,14 43 37.7,220.90708333333333,+23 22 09,23.36916666666667,138.1,21.1,22.03,341.2,Map/Offsets   !,https://cgi.minorplanetcenter.net/cgi-bin/confirmeph2.cgi
20260511T083029Z,2026-05-11T08:30:29.176610Z,20260511T083029Z_batch01,ST26E34,2026-05-11T19:00:00Z,14 43 07.0,220.77916666666667,+23 42 44,23.71222222222222,137.7,21.2,21.47,341.1,Map/Offsets   !,https://cgi.minorplanetcenter.net/cgi-bin/confirmeph2.cgi
20260511T083029Z,2026-05-11T08:30:29.176610Z,20260511T083029Z_batch01,ST26E34,2026-05-11T20:00:00Z,14 42 37.0,220.65416666666667,+24 02 48,24.046666666666667,137.3,21.2,20.94,341.1,Map/Offsets   !,https://cgi.minorplanetcenter.net/cgi-bin/confirmeph2.cgi
20260511T083029Z,2026-05-11T08:30:29.176610Z,20260511T083029Z_batch01,ST26E34,2026-05-11T21:00:00Z,14 42 07.5,220.53125,+24 22 22,24.372777777777777,137.0,21.2,20.43,341.0,Map/Offsets   !,https://cgi.minorplanetcenter.net/cgi-bin/confirmeph2.cgi
20260511T083029Z,2026-05-11T08:30:29.176610Z,20260511T083029Z_batch01,ST26E34,2026-05-11T22:00:00Z,14 41 38.6,220.41083333333333,+24 41 26,24.690555555555555,136.6,21.3,19.93,341.0,Map/Offsets   !,https://cgi.minorplanetcenter.net/cgi-bin/confirmeph2.cgi
20260511T083029Z,2026-05-11T08:30:29.176610Z,20260511T083029Z_batch01,ST26E34,2026-05-11T23:00:00Z,14 41 10.2,220.2925,+25 00 03,25.000833333333333,136.3,21.3,19.45,340.9,Map/Offsets   !,https://cgi.minorplanetcenter.net/cgi-bin/confirmeph2.cgi
20260511T083029Z,2026-05-11T08:30:29.176610Z,20260511T083029Z_batch01,ST26E34,2026-05-12T00:00:00Z,14 40 42.4,220.17666666666668,+25 18 12,25.303333333333335,136.0,21.3,18.99,340.9,Map/Offsets   !,https://cgi.minorplanetcenter.net/cgi-bin/confirmeph2.cgi
20260511T083029Z,2026-05-11T08:30:29.176610Z,20260511T083029Z_batch01,ST26E34,2026-05-12T01:00:00Z,14 40 15.1,220.06291666666664,+25 35 55,25.59861111111111,135.6,21.4,18.54,340.8,Map/Offsets   !,https://cgi.minorplanetcenter.net/cgi-bin/confirmeph2.cgi
20260511T083029Z,2026-05-11T08:30:29.176610Z,20260511T083029Z_batch01,ST26E34,2026-05-12T02:00:00Z,14 39 48.3,219.95125,+25 53 13,25.886944444444445,135.3,21.4,18.1,340.8,Map/Offsets   !,https://cgi.minorplanetcenter.net/cgi-bin/confirmeph2.cgi
20260511T083029Z,2026-05-11T08:30:29.176610Z,20260511T083029Z_batch01,ST26E34,2026-05-12T03:00:00Z,14 39 22.0,219.84166666666667,+26 10 06,26.168333333333333,135.0,21.4,17.68,340.7,Map/Offsets   !,https://cgi.minorplanetcenter.net/cgi-bin/confirmeph2.cgi
20260511T083029Z,2026-05-11T08:30:29.176610Z,20260511T083029Z_batch01,ST26E34,2026-05-12T04:00:00Z,14 38 56.2,219.73416666666665,+26 26 36,26.443333333333335,134.7,21.5,17.27,340.7,Map/Offsets   !,https://cgi.minorplanetcenter.net/cgi-bin/confirmeph2.cgi
20260511T083029Z,2026-05-11T08:30:29.176610Z,20260511T083029Z_batch01,ST26E34,2026-05-12T05:00:00Z,14 38 30.9,219.62875,+26 42 43,26.711944444444445,134.4,21.5,16.88,340.6,Map/Offsets   !,https://cgi.minorplanetcenter.net/cgi-bin/confirmeph2.cgi
20260511T083029Z,2026-05-11T08:30:29.176610Z,20260511T083029Z_batch01,ST26E34,2026-05-12T06:00:00Z,14 38 06.0,219.525,+26 58 27,26.974166666666665,134.1,21.5,16.5,340.6,Map/Offsets   !,https://cgi.minorplanetcenter.net/cgi-bin/confirmeph2.cgi
20260511T083029Z,2026-05-11T08:30:29.176610Z,20260511T083029Z_batch01,ST26E34,2026-05-12T07:00:00Z,14 37 41.6,219.42333333333332,+27 13 50,27.230555555555554,133.8,21.6,16.13,340.5,Map/Offsets   !,https://cgi.minorplanetcenter.net/cgi-bin/confirmeph2.cgi
20260511T083029Z,2026-05-11T08:30:29.176610Z,20260511T083029Z_batch01,ST26E31,2026-05-11T07:00:00Z,14 05 17.8,211.32416666666666,-07 25 17,-7.421388888888889,160.9,19.0,59.96,213.7,Map/Offsets   !,https://cgi.minorplanetcenter.net/cgi-bin/confirmeph2.cgi
20260511T083029Z,2026-05-11T08:30:29.176610Z,20260511T083029Z_batch01,ST26E31,2026-05-11T08:00:00Z,14 03 03.6,210.76500000000001,-08 15 06,-8.251666666666667,160.8,19.0,59.8,213.7,Map/Offsets   !,https://cgi.minorplanetcenter.net/cgi-bin/confirmeph2.cgi
20260511T083029Z,2026-05-11T08:30:29.176610Z,20260511T083029Z_batch01,ST26E31,2026-05-11T09:00:00Z,14 00 49.3,210.20541666666668,-09 04 44,-9.078888888888889,160.7,19.0,59.61,213.8,Map/Offsets   !,https://cgi.minorplanetcenter.net/cgi-bin/confirmeph2.cgi
20260511T083029Z,2026-05-11T08:30:29.176610Z,20260511T083029Z_batch01,ST26E31,2026-05-11T10:00:00Z,13 58 34.8,209.64499999999998,-09 54 08,-9.902222222222223,160.6,19.0,59.38,213.9,Map/Offsets   !,https://cgi.minorplanetcenter.net/cgi-bin/confirmeph2.cgi
20260511T083029Z,2026-05-11T08:30:29.176610Z,20260511T083029Z_batch01,ST26E31,2026-05-11T11:00:00Z,13 56 20.2,209.08416666666668,-10 43 16,-10.721111111111112,160.4,19.0,59.11,214.0,Map/Offsets   !,https://cgi.minorplanetcenter.net/cgi-bin/confirmeph2.cgi
20260511T083029Z,2026-05-11T08:30:29.176610Z,20260511T083029Z_batch01,ST26E31,2026-05-11T12:00:00Z,13 54 05.6,208.52333333333334,-11 32 06,-11.535,160.1,19.0,58.81,214.1,Map/Offsets   !,https://cgi.minorplanetcenter.net/cgi-bin/confirmeph2.cgi
20260511T083029Z,2026-05-11T08:30:29.176610Z,20260511T083029Z_batch01,ST26E31,2026-05-11T13:00:00Z,13 51 50.8,207.96166666666667,-12 20 38,-12.34388888888889,159.8,19.1,58.49,214.2,Map/Offsets   !,https://cgi.minorplanetcenter.net/cgi-bin/confirmeph2.cgi
20260511T083029Z,2026-05-11T08:30:29.176610Z,20260511T083029Z_batch01,ST26E31,2026-05-11T14:00:00Z,13 49 36.1,207.40041666666664,-13 08 48,-13.146666666666667,159.5,19.1,58.12,214.4,Map/Offsets   !,https://cgi.minorplanetcenter.net/cgi-bin/confirmeph2.cgi
20260511T083029Z,2026-05-11T08:30:29.176610Z,20260511T083029Z_batch01,ST26E31,2026-05-11T15:00:00Z,13 47 21.3,206.83874999999998,-13 56 35,-13.943055555555556,159.2,19.1,57.73,214.5,Map/Offsets   !,https://cgi.minorplanetcenter.net/cgi-bin/confirmeph2.cgi
20260511T083029Z,2026-05-11T08:30:29.176610Z,20260511T083029Z_batch01,ST26E31,2026-05-11T16:00:00Z,13 45 06.6,206.2775,-14 43 57,-14.7325,158.8,19.1,57.32,214.6,Map/Offsets   !,https://cgi.minorplanetcenter.net/cgi-bin/confirmeph2.cgi
20260511T083029Z,2026-05-11T08:30:29.176610Z,20260511T083029Z_batch01,ST26E31,2026-05-11T17:00:00Z,13 42 51.9,205.71625,-15 30 54,-15.515,158.3,19.1,56.87,214.8,Map/Offsets   !,https://cgi.minorplanetcenter.net/cgi-bin/confirmeph2.cgi
20260511T083029Z,2026-05-11T08:30:29.176610Z,20260511T083029Z_batch01,ST26E31,2026-05-11T18:00:00Z,13 40 37.3,205.15541666666667,-16 17 22,-16.289444444444445,157.9,19.2,56.4,214.9,Map/Offsets   !,https://cgi.minorplanetcenter.net/cgi-bin/confirmeph2.cgi
20260511T083029Z,2026-05-11T08:30:29.176610Z,20260511T083029Z_batch01,ST26E31,2026-05-11T19:00:00Z,13 38 22.8,204.595,-17 03 22,-17.05611111111111,157.4,19.2,55.9,215.1,Map/Offsets   !,https://cgi.minorplanetcenter.net/cgi-bin/confirmeph2.cgi
20260511T083029Z,2026-05-11T08:30:29.176610Z,20260511T083029Z_batch01,ST26E31,2026-05-11T20:00:00Z,13 36 08.4,204.035,-17 48 51,-17.81416666666667,156.9,19.2,55.38,215.3,Map/Offsets   !,https://cgi.minorplanetcenter.net/cgi-bin/confirmeph2.cgi
20260511T083029Z,2026-05-11T08:30:29.176610Z,20260511T083029Z_batch01,ST26E31,2026-05-11T21:00:00Z,13 33 54.2,203.47583333333336,-18 33 49,-18.56361111111111,156.4,19.2,54.84,215.4,Map/Offsets   !,https://cgi.minorplanetcenter.net/cgi-bin/confirmeph2.cgi
20260511T083029Z,2026-05-11T08:30:29.176610Z,20260511T083029Z_batch01,ST26E31,2026-05-11T22:00:00Z,13 31 40.1,202.91708333333335,-19 18 14,-19.30388888888889,155.8,19.3,54.28,215.6,Map/Offsets   !,https://cgi.minorplanetcenter.net/cgi-bin/confirmeph2.cgi
20260511T083029Z,2026-05-11T08:30:29.176610Z,20260511T083029Z_batch01,ST26E31,2026-05-11T23:00:00Z,13 29 26.3,202.35958333333332,-20 02 05,-20.034722222222225,155.3,19.3,53.71,215.8,Map/Offsets   !,https://cgi.minorplanetcenter.net/cgi-bin/confirmeph2.cgi
20260511T083029Z,2026-05-11T08:30:29.176610Z,20260511T083029Z_batch01,ST26E31,2026-05-12T00:00:00Z,13 27 12.6,201.8025,-20 45 21,-20.75583333333333,154.7,19.3,53.11,216.0,Map/Offsets   !,https://cgi.minorplanetcenter.net/cgi-bin/confirmeph2.cgi
20260511T083029Z,2026-05-11T08:30:29.176610Z,20260511T083029Z_batch01,ST26E31,2026-05-12T01:00:00Z,13 24 59.3,201.24708333333334,-21 28 01,-21.466944444444444,154.1,19.4,52.5,216.2,Map/Offsets   !,https://cgi.minorplanetcenter.net/cgi-bin/confirmeph2.cgi
20260511T083029Z,2026-05-11T08:30:29.176610Z,20260511T083029Z_batch01,ST26E31,2026-05-12T02:00:00Z,13 22 46.2,200.6925,-22 10 05,-22.168055555555558,153.5,19.4,51.88,216.4,Map/Offsets   !,https://cgi.minorplanetcenter.net/cgi-bin/confirmeph2.cgi
20260511T083029Z,2026-05-11T08:30:29.176610Z,20260511T083029Z_batch01,ST26E31,2026-05-12T03:00:00Z,13 20 33.4,200.13916666666665,-22 51 32,-22.85888888888889,152.9,19.4,51.24,216.6,Map/Offsets   !,https://cgi.minorplanetcenter.net/cgi-bin/confirmeph2.cgi
20260511T083029Z,2026-05-11T08:30:29.176610Z,20260511T083029Z_batch01,ST26E31,2026-05-12T04:00:00Z,13 18 20.9,199.58708333333334,-23 32 22,-23.539444444444445,152.3,19.4,50.59,216.8,Map/Offsets   !,https://cgi.minorplanetcenter.net/cgi-bin/confirmeph2.cgi
20260511T083029Z,2026-05-11T08:30:29.176610Z,20260511T083029Z_batch01,ST26E31,2026-05-12T05:00:00Z,13 16 08.8,199.0366666666667,-24 12 33,-24.209166666666665,151.7,19.5,49.94,217.0,Map/Offsets   !,https://cgi.minorplanetcenter.net/cgi-bin/confirmeph2.cgi
20260511T083029Z,2026-05-11T08:30:29.176610Z,20260511T083029Z_batch01,ST26E31,2026-05-12T06:00:00Z,13 13 57.1,198.48791666666665,-24 52 05,-24.868055555555557,151.1,19.5,49.27,217.3,Map/Offsets   !,https://cgi.minorplanetcenter.net/cgi-bin/confirmeph2.cgi
20260511T083029Z,2026-05-11T08:30:29.176610Z,20260511T083029Z_batch01,ST26E31,2026-05-12T07:00:00Z,13 11 45.8,197.94083333333336,-25 30 58,-25.516111111111112,150.5,19.5,48.6,217.5,Map/Offsets   !,https://cgi.minorplanetcenter.net/cgi-bin/confirmeph2.cgi
20260511T083029Z,2026-05-11T08:30:29.176610Z,20260511T083029Z_batch01,ZTF10Dp,2026-05-11T07:00:00Z,11 40 39.7,175.16541666666666,+07 52 23,7.873055555555556,122.0,18.3,21.94,152.0,Map/Offsets,https://cgi.minorplanetcenter.net/cgi-bin/confirmeph2.cgi
20260511T083029Z,2026-05-11T08:30:29.176610Z,20260511T083029Z_batch01,ZTF10Dp,2026-05-11T08:00:00Z,11 41 20.9,175.33708333333334,+07 33 07,7.551944444444445,122.3,18.3,21.67,152.0,Map/Offsets,https://cgi.minorplanetcenter.net/cgi-bin/confirmeph2.cgi
20260511T083029Z,2026-05-11T08:30:29.176610Z,20260511T083029Z_batch01,ZTF10Dp,2026-05-11T09:00:00Z,11 42 01.6,175.50666666666666,+07 14 06,7.235,122.5,18.3,21.4,152.1,Map/Offsets,https://cgi.minorplanetcenter.net/cgi-bin/confirmeph2.cgi
20260511T083029Z,2026-05-11T08:30:29.176610Z,20260511T083029Z_batch01,ZTF10Dp,2026-05-11T10:00:00Z,11 42 41.8,175.67416666666668,+06 55 19,6.921944444444445,122.8,18.3,21.13,152.1,Map/Offsets,https://cgi.minorplanetcenter.net/cgi-bin/confirmeph2.cgi
20260511T083029Z,2026-05-11T08:30:29.176610Z,20260511T083029Z_batch01,ZTF10Dp,2026-05-11T11:00:00Z,11 43 21.4,175.83916666666667,+06 36 46,6.612777777777778,123.0,18.3,20.86,152.1,Map/Offsets,https://cgi.minorplanetcenter.net/cgi-bin/confirmeph2.cgi
20260511T083029Z,2026-05-11T08:30:29.176610Z,20260511T083029Z_batch01,ZTF10Dp,2026-05-11T12:00:00Z,11 44 00.4,176.00166666666667,+06 18 26,6.307222222222222,123.3,18.3,20.6,152.1,Map/Offsets,https://cgi.minorplanetcenter.net/cgi-bin/confirmeph2.cgi
20260511T083029Z,2026-05-11T08:30:29.176610Z,20260511T083029Z_batch01,ZTF10Dp,2026-05-11T13:00:00Z,11 44 39.0,176.1625,+06 00 21,6.005833333333333,123.5,18.4,20.34,152.1,Map/Offsets,https://cgi.minorplanetcenter.net/cgi-bin/confirmeph2.cgi
20260511T083029Z,2026-05-11T08:30:29.176610Z,20260511T083029Z_batch01,ZTF10Dp,2026-05-11T14:00:00Z,11 45 17.0,176.32083333333333,+05 42 28,5.707777777777778,123.7,18.4,20.09,152.1,Map/Offsets,https://cgi.minorplanetcenter.net/cgi-bin/confirmeph2.cgi
20260511T083029Z,2026-05-11T08:30:29.176610Z,20260511T083029Z_batch01,ZTF10Dp,2026-05-11T15:00:00Z,11 45 54.5,176.47708333333333,+05 24 49,5.413611111111112,124.0,18.4,19.84,152.1,Map/Offsets,https://cgi.minorplanetcenter.net/cgi-bin/confirmeph2.cgi
20260511T083029Z,2026-05-11T08:30:29.176610Z,20260511T083029Z_batch01,ZTF10Dp,2026-05-11T16:00:00Z,11 46 31.5,176.63125,+05 07 23,5.123055555555555,124.2,18.4,19.59,152.2,Map/Offsets,https://cgi.minorplanetcenter.net/cgi-bin/confirmeph2.cgi
20260511T083029Z,2026-05-11T08:30:29.176610Z,20260511T083029Z_batch01,ZTF10Dp,2026-05-11T17:00:00Z,11 47 08.0,176.78333333333333,+04 50 10,4.836111111111111,124.4,18.4,19.35,152.2,Map/Offsets,https://cgi.minorplanetcenter.net/cgi-bin/confirmeph2.cgi
20260511T083029Z,2026-05-11T08:30:29.176610Z,20260511T083029Z_batch01,ZTF10Dp,2026-05-11T18:00:00Z,11 47 44.0,176.93333333333334,+04 33 10,4.552777777777778,124.6,18.4,19.11,152.2,Map/Offsets,https://cgi.minorplanetcenter.net/cgi-bin/confirmeph2.cgi
20260511T083029Z,2026-05-11T08:30:29.176610Z,20260511T083029Z_batch01,ZTF10Dp,2026-05-11T19:00:00Z,11 48 19.6,177.08166666666668,+04 16 23,4.273055555555556,124.8,18.4,18.87,152.2,Map/Offsets,https://cgi.minorplanetcenter.net/cgi-bin/confirmeph2.cgi
20260511T083029Z,2026-05-11T08:30:29.176610Z,20260511T083029Z_batch01,ZTF10Dp,2026-05-11T20:00:00Z,11 48 54.7,177.2279166666667,+03 59 48,3.9966666666666666,125.1,18.4,18.64,152.2,Map/Offsets,https://cgi.minorplanetcenter.net/cgi-bin/confirmeph2.cgi
20260511T083029Z,2026-05-11T08:30:29.176610Z,20260511T083029Z_batch01,ZTF10Dp,2026-05-11T21:00:00Z,11 49 29.3,177.37208333333334,+03 43 25,3.7236111111111114,125.3,18.4,18.4,152.2,Map/Offsets,https://cgi.minorplanetcenter.net/cgi-bin/confirmeph2.cgi
20260511T083029Z,2026-05-11T08:30:29.176610Z,20260511T083029Z_batch01,ZTF10Dp,2026-05-11T22:00:00Z,11 50 03.5,177.51458333333335,+03 27 14,3.4538888888888892,125.5,18.4,18.18,152.2,Map/Offsets,https://cgi.minorplanetcenter.net/cgi-bin/confirmeph2.cgi
20260511T083029Z,2026-05-11T08:30:29.176610Z,20260511T083029Z_batch01,ZTF10Dp,2026-05-11T23:00:00Z,11 50 37.3,177.65541666666667,+03 11 15,3.1875,125.7,18.4,17.95,152.2,Map/Offsets,https://cgi.minorplanetcenter.net/cgi-bin/confirmeph2.cgi
20260511T083029Z,2026-05-11T08:30:29.176610Z,20260511T083029Z_batch01,ZTF10Dp,2026-05-12T00:00:00Z,11 51 10.6,177.79416666666668,+02 55 28,2.924444444444444,125.9,18.5,17.73,152.2,Map/Offsets,https://cgi.minorplanetcenter.net/cgi-bin/confirmeph2.cgi
20260511T083029Z,2026-05-11T08:30:29.176610Z,20260511T083029Z_batch01,ZTF10Dp,2026-05-12T01:00:00Z,11 51 43.5,177.93124999999998,+02 39 53,2.664722222222222,126.1,18.5,17.51,152.2,Map/Offsets,https://cgi.minorplanetcenter.net/cgi-bin/confirmeph2.cgi
20260511T083029Z,2026-05-11T08:30:29.176610Z,20260511T083029Z_batch01,ZTF10Dp,2026-05-12T02:00:00Z,11 52 16.0,178.0666666666667,+02 24 29,2.4080555555555554,126.2,18.5,17.3,152.2,Map/Offsets,https://cgi.minorplanetcenter.net/cgi-bin/confirmeph2.cgi
20260511T083029Z,2026-05-11T08:30:29.176610Z,20260511T083029Z_batch01,ZTF10Dp,2026-05-12T03:00:00Z,11 52 48.1,178.20041666666668,+02 09 17,2.154722222222222,126.4,18.5,17.09,152.2,Map/Offsets,https://cgi.minorplanetcenter.net/cgi-bin/confirmeph2.cgi
20260511T083029Z,2026-05-11T08:30:29.176610Z,20260511T083029Z_batch01,ZTF10Dp,2026-05-12T04:00:00Z,11 53 19.8,178.33249999999998,+01 54 15,1.9041666666666666,126.6,18.5,16.88,152.2,Map/Offsets,https://cgi.minorplanetcenter.net/cgi-bin/confirmeph2.cgi
20260511T083029Z,2026-05-11T08:30:29.176610Z,20260511T083029Z_batch01,ZTF10Dp,2026-05-12T05:00:00Z,11 53 51.1,178.46291666666664,+01 39 25,1.6569444444444443,126.8,18.5,16.67,152.2,Map/Offsets,https://cgi.minorplanetcenter.net/cgi-bin/confirmeph2.cgi
20260511T083029Z,2026-05-11T08:30:29.176610Z,20260511T083029Z_batch01,ZTF10Dp,2026-05-12T06:00:00Z,11 54 22.1,178.59208333333333,+01 24 45,1.4124999999999999,127.0,18.5,16.47,152.2,Map/Offsets,https://cgi.minorplanetcenter.net/cgi-bin/confirmeph2.cgi
20260511T083029Z,2026-05-11T08:30:29.176610Z,20260511T083029Z_batch01,ZTF10Dp,2026-05-12T07:00:00Z,11 54 52.6,178.7191666666667,+01 10 16,1.1711111111111112,127.1,18.5,16.27,152.2,Map/Offsets,https://cgi.minorplanetcenter.net/cgi-bin/confirmeph2.cgi
20260511T083029Z,2026-05-11T08:30:29.176610Z,20260511T083029Z_batch01,6E94521,2026-05-11T07:00:00Z,19 21 16.6,290.31916666666666,-55 58 43,-55.978611111111114,120.0,19.4,6.03,165.2,Map/Offsets,https://cgi.minorplanetcenter.net/cgi-bin/confirmeph2.cgi
20260511T083029Z,2026-05-11T08:30:29.176610Z,20260511T083029Z_batch01,6E94521,2026-05-11T08:00:00Z,19 21 27.6,290.365,-56 04 33,-56.075833333333335,119.9,19.4,6.03,165.2,Map/Offsets,https://cgi.minorplanetcenter.net/cgi-bin/confirmeph2.cgi
20260511T083029Z,2026-05-11T08:30:29.176610Z,20260511T083029Z_batch01,6E94521,2026-05-11T09:00:00Z,19 21 38.7,290.41125000000005,-56 10 23,-56.17305555555555,119.9,19.4,6.03,165.2,Map/Offsets,https://cgi.minorplanetcenter.net/cgi-bin/confirmeph2.cgi
20260511T083029Z,2026-05-11T08:30:29.176610Z,20260511T083029Z_batch01,6E94521,2026-05-11T10:00:00Z,19 21 49.8,290.45750000000004,-56 16 13,-56.27027777777778,119.9,19.4,6.04,165.2,Map/Offsets,https://cgi.minorplanetcenter.net/cgi-bin/confirmeph2.cgi
20260511T083029Z,2026-05-11T08:30:29.176610Z,20260511T083029Z_batch01,6E94521,2026-05-11T11:00:00Z,19 22 01.0,290.50416666666666,-56 22 03,-56.3675,119.9,19.4,6.04,165.1,Map/Offsets,https://cgi.minorplanetcenter.net/cgi-bin/confirmeph2.cgi
20260511T083029Z,2026-05-11T08:30:29.176610Z,20260511T083029Z_batch01,6E94521,2026-05-11T12:00:00Z,19 22 12.2,290.55083333333334,-56 27 53,-56.46472222222223,119.9,19.4,6.04,165.1,Map/Offsets,https://cgi.minorplanetcenter.net/cgi-bin/confirmeph2.cgi
20260511T083029Z,2026-05-11T08:30:29.176610Z,20260511T083029Z_batch01,6E94521,2026-05-11T13:00:00Z,19 22 23.4,290.59749999999997,-56 33 44,-56.56222222222222,119.9,19.4,6.04,165.1,Map/Offsets,https://cgi.minorplanetcenter.net/cgi-bin/confirmeph2.cgi
20260511T083029Z,2026-05-11T08:30:29.176610Z,20260511T083029Z_batch01,6E94521,2026-05-11T14:00:00Z,19 22 34.8,290.64500000000004,-56 39 34,-56.659444444444446,119.8,19.4,6.05,165.1,Map/Offsets,https://cgi.minorplanetcenter.net/cgi-bin/confirmeph2.cgi
20260511T083029Z,2026-05-11T08:30:29.176610Z,20260511T083029Z_batch01,6E94521,2026-05-11T15:00:00Z,19 22 46.1,290.69208333333336,-56 45 25,-56.75694444444444,119.8,19.4,6.05,165.0,Map/Offsets,https://cgi.minorplanetcenter.net/cgi-bin/confirmeph2.cgi
20260511T083029Z,2026-05-11T08:30:29.176610Z,20260511T083029Z_batch01,6E94521,2026-05-11T16:00:00Z,19 22 57.5,290.7395833333333,-56 51 15,-56.85416666666667,119.8,19.4,6.05,165.0,Map/Offsets,https://cgi.minorplanetcenter.net/cgi-bin/confirmeph2.cgi
20260511T083029Z,2026-05-11T08:30:29.176610Z,20260511T083029Z_batch01,6E94521,2026-05-11T17:00:00Z,19 23 09.0,290.7875,-56 57 06,-56.95166666666667,119.8,19.4,6.05,165.0,Map/Offsets,https://cgi.minorplanetcenter.net/cgi-bin/confirmeph2.cgi
20260511T083029Z,2026-05-11T08:30:29.176610Z,20260511T083029Z_batch01,6E94521,2026-05-11T18:00:00Z,19 23 20.5,290.8354166666667,-57 02 57,-57.049166666666665,119.8,19.4,6.05,165.0,Map/Offsets,https://cgi.minorplanetcenter.net/cgi-bin/confirmeph2.cgi
20260511T083029Z,2026-05-11T08:30:29.176610Z,20260511T083029Z_batch01,6E94521,2026-05-11T19:00:00Z,19 23 32.1,290.88375,-57 08 47,-57.146388888888886,119.8,19.4,6.06,164.9,Map/Offsets,https://cgi.minorplanetcenter.net/cgi-bin/confirmeph2.cgi
20260511T083029Z,2026-05-11T08:30:29.176610Z,20260511T083029Z_batch01,6E94521,2026-05-11T20:00:00Z,19 23 43.7,290.9320833333333,-57 14 38,-57.24388888888889,119.7,19.4,6.06,164.9,Map/Offsets,https://cgi.minorplanetcenter.net/cgi-bin/confirmeph2.cgi
20260511T083029Z,2026-05-11T08:30:29.176610Z,20260511T083029Z_batch01,6E94521,2026-05-11T21:00:00Z,19 23 55.4,290.98083333333335,-57 20 29,-57.34138888888889,119.7,19.4,6.06,164.9,Map/Offsets,https://cgi.minorplanetcenter.net/cgi-bin/confirmeph2.cgi
20260511T083029Z,2026-05-11T08:30:29.176610Z,20260511T083029Z_batch01,6E94521,2026-05-11T22:00:00Z,19 24 07.1,291.0295833333333,-57 26 20,-57.43888888888888,119.7,19.4,6.06,164.9,Map/Offsets,https://cgi.minorplanetcenter.net/cgi-bin/confirmeph2.cgi
20260511T083029Z,2026-05-11T08:30:29.176610Z,20260511T083029Z_batch01,6E94521,2026-05-11T23:00:00Z,19 24 18.9,291.07874999999996,-57 32 11,-57.53638888888889,119.7,19.4,6.06,164.8,Map/Offsets,https://cgi.minorplanetcenter.net/cgi-bin/confirmeph2.cgi
20260511T083029Z,2026-05-11T08:30:29.176610Z,20260511T083029Z_batch01,6E94521,2026-05-12T00:00:00Z,19 24 30.8,291.12833333333333,-57 38 02,-57.63388888888889,119.7,19.4,6.06,164.8,Map/Offsets,https://cgi.minorplanetcenter.net/cgi-bin/confirmeph2.cgi
20260511T083029Z,2026-05-11T08:30:29.176610Z,20260511T083029Z_batch01,6E94521,2026-05-12T01:00:00Z,19 24 42.7,291.17791666666665,-57 43 54,-57.73166666666667,119.6,19.4,6.07,164.8,Map/Offsets,https://cgi.minorplanetcenter.net/cgi-bin/confirmeph2.cgi
20260511T083029Z,2026-05-11T08:30:29.176610Z,20260511T083029Z_batch01,6E94521,2026-05-12T02:00:00Z,19 24 54.6,291.22749999999996,-57 49 45,-57.82916666666667,119.6,19.4,6.07,164.8,Map/Offsets,https://cgi.minorplanetcenter.net/cgi-bin/confirmeph2.cgi
20260511T083029Z,2026-05-11T08:30:29.176610Z,20260511T083029Z_batch01,6E94521,2026-05-12T03:00:00Z,19 25 06.7,291.27791666666667,-57 55 36,-57.92666666666666,119.6,19.4,6.07,164.7,Map/Offsets,https://cgi.minorplanetcenter.net/cgi-bin/confirmeph2.cgi
20260511T083029Z,2026-05-11T08:30:29.176610Z,20260511T083029Z_batch01,6E94521,2026-05-12T04:00:00Z,19 25 18.7,291.3279166666667,-58 01 27,-58.024166666666666,119.6,19.4,6.07,164.7,Map/Offsets,https://cgi.minorplanetcenter.net/cgi-bin/confirmeph2.cgi
20260511T083029Z,2026-05-11T08:30:29.176610Z,20260511T083029Z_batch01,6E94521,2026-05-12T05:00:00Z,19 25 30.9,291.37875,-58 07 19,-58.121944444444445,119.6,19.4,6.07,164.7,Map/Offsets,https://cgi.minorplanetcenter.net/cgi-bin/confirmeph2.cgi
20260511T083029Z,2026-05-11T08:30:29.176610Z,20260511T083029Z_batch01,6E94521,2026-05-12T06:00:00Z,19 25 43.0,291.4291666666667,-58 13 10,-58.21944444444445,119.5,19.4,6.07,164.6,Map/Offsets,https://cgi.minorplanetcenter.net/cgi-bin/confirmeph2.cgi
20260511T083029Z,2026-05-11T08:30:29.176610Z,20260511T083029Z_batch01,6E94521,2026-05-12T07:00:00Z,19 25 55.3,291.4804166666667,-58 19 01,-58.316944444444445,119.5,19.4,6.07,164.6,Map/Offsets,https://cgi.minorplanetcenter.net/cgi-bin/confirmeph2.cgi
20260511T083029Z,2026-05-11T08:30:29.176610Z,20260511T083029Z_batch01,CELUGK2,2026-05-11T07:00:00Z,14 48 24.8,222.10333333333335,+28 37 35,28.62638888888889,133.2,21.6,4.27,175.7,Map/Offsets,https://cgi.minorplanetcenter.net/cgi-bin/confirmeph2.cgi
20260511T083029Z,2026-05-11T08:30:29.176610Z,20260511T083029Z_batch01,CELUGK2,2026-05-11T08:00:00Z,14 48 26.3,222.10958333333335,+28 33 20,28.555555555555557,133.3,21.6,4.27,175.8,Map/Offsets,https://cgi.minorplanetcenter.net/cgi-bin/confirmeph2.cgi
20260511T083029Z,2026-05-11T08:30:29.176610Z,20260511T083029Z_batch01,CELUGK2,2026-05-11T09:00:00Z,14 48 27.7,222.11541666666668,+28 29 05,28.484722222222224,133.4,21.6,4.27,175.8,Map/Offsets,https://cgi.minorplanetcenter.net/cgi-bin/confirmeph2.cgi
20260511T083029Z,2026-05-11T08:30:29.176610Z,20260511T083029Z_batch01,CELUGK2,2026-05-11T10:00:00Z,14 48 29.2,222.12166666666667,+28 24 49,28.41361111111111,133.4,21.6,4.27,175.8,Map/Offsets,https://cgi.minorplanetcenter.net/cgi-bin/confirmeph2.cgi
20260511T083029Z,2026-05-11T08:30:29.176610Z,20260511T083029Z_batch01,CELUGK2,2026-05-11T11:00:00Z,14 48 30.6,222.1275,+28 20 33,28.342499999999998,133.5,21.6,4.27,175.8,Map/Offsets,https://cgi.minorplanetcenter.net/cgi-bin/confirmeph2.cgi
20260511T083029Z,2026-05-11T08:30:29.176610Z,20260511T083029Z_batch01,CELUGK2,2026-05-11T12:00:00Z,14 48 32.0,222.13333333333333,+28 16 18,28.271666666666665,133.5,21.6,4.28,175.8,Map/Offsets,https://cgi.minorplanetcenter.net/cgi-bin/confirmeph2.cgi
20260511T083029Z,2026-05-11T08:30:29.176610Z,20260511T083029Z_batch01,CELUGK2,2026-05-11T13:00:00Z,14 48 33.5,222.13958333333332,+28 12 02,28.200555555555553,133.6,21.6,4.28,175.8,Map/Offsets,https://cgi.minorplanetcenter.net/cgi-bin/confirmeph2.cgi
20260511T083029Z,2026-05-11T08:30:29.176610Z,20260511T083029Z_batch01,CELUGK2,2026-05-11T14:00:00Z,14 48 34.9,222.14541666666668,+28 07 46,28.129444444444445,133.6,21.6,4.28,175.8,Map/Offsets,https://cgi.minorplanetcenter.net/cgi-bin/confirmeph2.cgi
20260511T083029Z,2026-05-11T08:30:29.176610Z,20260511T083029Z_batch01,CELUGK2,2026-05-11T15:00:00Z,14 48 36.3,222.15125000000003,+28 03 30,28.058333333333334,133.7,21.5,4.28,175.8,Map/Offsets,https://cgi.minorplanetcenter.net/cgi-bin/confirmeph2.cgi
20260511T083029Z,2026-05-11T08:30:29.176610Z,20260511T083029Z_batch01,CELUGK2,2026-05-11T16:00:00Z,14 48 37.8,222.15750000000003,+27 59 14,27.987222222222222,133.7,21.5,4.28,175.8,Map/Offsets,https://cgi.minorplanetcenter.net/cgi-bin/confirmeph2.cgi
20260511T083029Z,2026-05-11T08:30:29.176610Z,20260511T083029Z_batch01,CELUGK2,2026-05-11T17:00:00Z,14 48 39.2,222.16333333333336,+27 54 57,27.91583333333333,133.8,21.5,4.28,175.8,Map/Offsets,https://cgi.minorplanetcenter.net/cgi-bin/confirmeph2.cgi
20260511T083029Z,2026-05-11T08:30:29.176610Z,20260511T083029Z_batch01,CELUGK2,2026-05-11T18:00:00Z,14 48 40.6,222.16916666666668,+27 50 41,27.84472222222222,133.9,21.5,4.29,175.8,Map/Offsets,https://cgi.minorplanetcenter.net/cgi-bin/confirmeph2.cgi
20260511T083029Z,2026-05-11T08:30:29.176610Z,20260511T083029Z_batch01,CELUGK2,2026-05-11T19:00:00Z,14 48 42.1,222.17541666666668,+27 46 24,27.773333333333333,133.9,21.5,4.29,175.8,Map/Offsets,https://cgi.minorplanetcenter.net/cgi-bin/confirmeph2.cgi
20260511T083029Z,2026-05-11T08:30:29.176610Z,20260511T083029Z_batch01,CELUGK2,2026-05-11T20:00:00Z,14 48 43.5,222.18125,+27 42 08,27.702222222222222,134.0,21.5,4.29,175.8,Map/Offsets,https://cgi.minorplanetcenter.net/cgi-bin/confirmeph2.cgi
20260511T083029Z,2026-05-11T08:30:29.176610Z,20260511T083029Z_batch01,CELUGK2,2026-05-11T21:00:00Z,14 48 44.9,222.18708333333333,+27 37 51,27.630833333333335,134.0,21.5,4.29,175.8,Map/Offsets,https://cgi.minorplanetcenter.net/cgi-bin/confirmeph2.cgi
20260511T083029Z,2026-05-11T08:30:29.176610Z,20260511T083029Z_batch01,CELUGK2,2026-05-11T22:00:00Z,14 48 46.3,222.19291666666666,+27 33 34,27.559444444444445,134.1,21.5,4.29,175.8,Map/Offsets,https://cgi.minorplanetcenter.net/cgi-bin/confirmeph2.cgi
20260511T083029Z,2026-05-11T08:30:29.176610Z,20260511T083029Z_batch01,CELUGK2,2026-05-11T23:00:00Z,14 48 47.8,222.19916666666668,+27 29 17,27.488055555555558,134.1,21.5,4.3,175.8,Map/Offsets,https://cgi.minorplanetcenter.net/cgi-bin/confirmeph2.cgi
20260511T083029Z,2026-05-11T08:30:29.176610Z,20260511T083029Z_batch01,CELUGK2,2026-05-12T00:00:00Z,14 48 49.2,222.205,+27 25 00,27.416666666666668,134.2,21.5,4.3,175.8,Map/Offsets,https://cgi.minorplanetcenter.net/cgi-bin/confirmeph2.cgi
20260511T083029Z,2026-05-11T08:30:29.176610Z,20260511T083029Z_batch01,CELUGK2,2026-05-12T01:00:00Z,14 48 50.6,222.21083333333334,+27 20 43,27.345277777777778,134.2,21.5,4.3,175.8,Map/Offsets,https://cgi.minorplanetcenter.net/cgi-bin/confirmeph2.cgi
20260511T083029Z,2026-05-11T08:30:29.176610Z,20260511T083029Z_batch01,CELUGK2,2026-05-12T02:00:00Z,14 48 52.0,222.2166666666667,+27 16 25,27.27361111111111,134.3,21.5,4.3,175.8,Map/Offsets,https://cgi.minorplanetcenter.net/cgi-bin/confirmeph2.cgi
20260511T083029Z,2026-05-11T08:30:29.176610Z,20260511T083029Z_batch01,CELUGK2,2026-05-12T03:00:00Z,14 48 53.5,222.2229166666667,+27 12 08,27.202222222222222,134.4,21.5,4.3,175.8,Map/Offsets,https://cgi.minorplanetcenter.net/cgi-bin/confirmeph2.cgi
20260511T083029Z,2026-05-11T08:30:29.176610Z,20260511T083029Z_batch01,CELUGK2,2026-05-12T04:00:00Z,14 48 54.9,222.22875000000002,+27 07 50,27.130555555555556,134.4,21.5,4.3,175.8,Map/Offsets,https://cgi.minorplanetcenter.net/cgi-bin/confirmeph2.cgi
20260511T083029Z,2026-05-11T08:30:29.176610Z,20260511T083029Z_batch01,CELUGK2,2026-05-12T05:00:00Z,14 48 56.3,222.23458333333335,+27 03 33,27.059166666666666,134.5,21.5,4.31,175.8,Map/Offsets,https://cgi.minorplanetcenter.net/cgi-bin/confirmeph2.cgi
20260511T083029Z,2026-05-11T08:30:29.176610Z,20260511T083029Z_batch01,CELUGK2,2026-05-12T06:00:00Z,14 48 57.7,222.24041666666668,+26 59 15,26.9875,134.5,21.5,4.31,175.8,Map/Offsets,https://cgi.minorplanetcenter.net/cgi-bin/confirmeph2.cgi
20260511T083029Z,2026-05-11T08:30:29.176610Z,20260511T083029Z_batch01,CELUGK2,2026-05-12T07:00:00Z,14 48 59.2,222.24666666666667,+26 54 57,26.91583333333333,134.6,21.5,4.31,175.8,Map/Offsets,https://cgi.minorplanetcenter.net/cgi-bin/confirmeph2.cgi
20260511T083029Z,2026-05-11T08:30:29.176610Z,20260511T083029Z_batch01,ZTF10Do,2026-05-11T07:00:00Z,13 18 10.1,199.54208333333335,-03 00 06,-3.0016666666666665,148.6,18.3,53.69,33.9,Map/Offsets   !,https://cgi.minorplanetcenter.net/cgi-bin/confirmeph2.cgi
20260511T083029Z,2026-05-11T08:30:29.176610Z,20260511T083029Z_batch01,ZTF10Do,2026-05-11T08:00:00Z,13 20 10.7,200.04458333333335,-02 15 15,-2.254166666666667,148.6,18.3,54.33,33.9,Map/Offsets   !,https://cgi.minorplanetcenter.net/cgi-bin/confirmeph2.cgi
20260511T083029Z,2026-05-11T08:30:29.176610Z,20260511T083029Z_batch01,ZTF10Do,2026-05-11T09:00:00Z,13 22 12.6,200.5525,-01 29 53,-1.4980555555555557,148.6,18.3,54.96,33.9,Map/Offsets   !,https://cgi.minorplanetcenter.net/cgi-bin/confirmeph2.cgi
20260511T083029Z,2026-05-11T08:30:29.176610Z,20260511T083029Z_batch01,ZTF10Do,2026-05-11T10:00:00Z,13 24 15.7,201.06541666666666,-00 43 59,-0.7330555555555556,148.5,18.3,55.56,33.8,Map/Offsets   !,https://cgi.minorplanetcenter.net/cgi-bin/confirmeph2.cgi
20260511T083029Z,2026-05-11T08:30:29.176610Z,20260511T083029Z_batch01,ZTF10Do,2026-05-11T11:00:00Z,13 26 20.1,201.58375,+00 02 24,0.04,148.5,18.3,56.15,33.8,Map/Offsets   !,https://cgi.minorplanetcenter.net/cgi-bin/confirmeph2.cgi
20260511T083029Z,2026-05-11T08:30:29.176610Z,20260511T083029Z_batch01,ZTF10Do,2026-05-11T12:00:00Z,13 28 25.9,202.10791666666665,+00 49 16,0.8211111111111111,148.4,18.3,56.71,33.9,Map/Offsets   !,https://cgi.minorplanetcenter.net/cgi-bin/confirmeph2.cgi
20260511T083029Z,2026-05-11T08:30:29.176610Z,20260511T083029Z_batch01,ZTF10Do,2026-05-11T13:00:00Z,13 30 32.9,202.63708333333335,+01 36 36,1.61,148.3,18.3,57.26,33.9,Map/Offsets   !,https://cgi.minorplanetcenter.net/cgi-bin/confirmeph2.cgi
20260511T083029Z,2026-05-11T08:30:29.176610Z,20260511T083029Z_batch01,ZTF10Do,2026-05-11T14:00:00Z,13 32 41.2,203.17166666666668,+02 24 21,2.4058333333333333,148.2,18.2,57.77,33.9,Map/Offsets   !,https://cgi.minorplanetcenter.net/cgi-bin/confirmeph2.cgi
20260511T083029Z,2026-05-11T08:30:29.176610Z,20260511T083029Z_batch01,ZTF10Do,2026-05-11T15:00:00Z,13 34 50.8,203.71166666666667,+03 12 31,3.2086111111111113,148.0,18.2,58.27,33.9,Map/Offsets   !,https://cgi.minorplanetcenter.net/cgi-bin/confirmeph2.cgi
20260511T083029Z,2026-05-11T08:30:29.176610Z,20260511T083029Z_batch01,ZTF10Do,2026-05-11T16:00:00Z,13 37 01.7,204.25708333333336,+04 01 03,4.0175,147.8,18.2,58.73,33.9,Map/Offsets   !,https://cgi.minorplanetcenter.net/cgi-bin/confirmeph2.cgi
20260511T083029Z,2026-05-11T08:30:29.176610Z,20260511T083029Z_batch01,ZTF10Do,2026-05-11T17:00:00Z,13 39 13.8,204.8075,+04 49 56,4.832222222222222,147.6,18.2,59.16,34.0,Map/Offsets   !,https://cgi.minorplanetcenter.net/cgi-bin/confirmeph2.cgi
20260511T083029Z,2026-05-11T08:30:29.176610Z,20260511T083029Z_batch01,ZTF10Do,2026-05-11T18:00:00Z,13 41 27.2,205.36333333333334,+05 39 09,5.652500000000001,147.3,18.2,59.57,34.0,Map/Offsets   !,https://cgi.minorplanetcenter.net/cgi-bin/confirmeph2.cgi
20260511T083029Z,2026-05-11T08:30:29.176610Z,20260511T083029Z_batch01,ZTF10Do,2026-05-11T19:00:00Z,13 43 41.9,205.92458333333335,+06 28 39,6.4775,147.1,18.2,59.94,34.1,Map/Offsets   !,https://cgi.minorplanetcenter.net/cgi-bin/confirmeph2.cgi
20260511T083029Z,2026-05-11T08:30:29.176610Z,20260511T083029Z_batch01,ZTF10Do,2026-05-11T20:00:00Z,13 45 57.8,206.4908333333333,+07 18 24,7.306666666666667,146.8,18.2,60.28,34.2,Map/Offsets   !,https://cgi.minorplanetcenter.net/cgi-bin/confirmeph2.cgi
20260511T083029Z,2026-05-11T08:30:29.176610Z,20260511T083029Z_batch01,ZTF10Do,2026-05-11T21:00:00Z,13 48 15.0,207.0625,+08 08 22,8.139444444444443,146.5,18.2,60.58,34.3,Map/Offsets   !,https://cgi.minorplanetcenter.net/cgi-bin/confirmeph2.cgi
20260511T083029Z,2026-05-11T08:30:29.176610Z,20260511T083029Z_batch01,ZTF10Do,2026-05-11T22:00:00Z,13 50 33.4,207.63916666666665,+08 58 32,8.975555555555555,146.1,18.2,60.85,34.3,Map/Offsets   !,https://cgi.minorplanetcenter.net/cgi-bin/confirmeph2.cgi
20260511T083029Z,2026-05-11T08:30:29.176610Z,20260511T083029Z_batch01,ZTF10Do,2026-05-11T23:00:00Z,13 52 53.0,208.22083333333333,+09 48 51,9.814166666666667,145.8,18.3,61.08,34.4,Map/Offsets   !,https://cgi.minorplanetcenter.net/cgi-bin/confirmeph2.cgi
20260511T083029Z,2026-05-11T08:30:29.176610Z,20260511T083029Z_batch01,ZTF10Do,2026-05-12T00:00:00Z,13 55 13.8,208.80749999999998,+10 39 17,10.654722222222222,145.4,18.3,61.27,34.5,Map/Offsets   !,https://cgi.minorplanetcenter.net/cgi-bin/confirmeph2.cgi
20260511T083029Z,2026-05-11T08:30:29.176610Z,20260511T083029Z_batch01,ZTF10Do,2026-05-12T01:00:00Z,13 57 35.8,209.39916666666667,+11 29 47,11.496388888888887,145.0,18.3,61.43,34.7,Map/Offsets   !,https://cgi.minorplanetcenter.net/cgi-bin/confirmeph2.cgi
20260511T083029Z,2026-05-11T08:30:29.176610Z,20260511T083029Z_batch01,ZTF10Do,2026-05-12T02:00:00Z,13 59 59.0,209.9958333333333,+12 20 19,12.338611111111112,144.5,18.3,61.55,34.8,Map/Offsets   !,https://cgi.minorplanetcenter.net/cgi-bin/confirmeph2.cgi
20260511T083029Z,2026-05-11T08:30:29.176610Z,20260511T083029Z_batch01,ZTF10Do,2026-05-12T03:00:00Z,14 02 23.3,210.59708333333333,+13 10 52,13.181111111111111,144.1,18.3,61.62,34.9,Map/Offsets   !,https://cgi.minorplanetcenter.net/cgi-bin/confirmeph2.cgi
20260511T083029Z,2026-05-11T08:30:29.176610Z,20260511T083029Z_batch01,ZTF10Do,2026-05-12T04:00:00Z,14 04 48.8,211.20333333333332,+14 01 22,14.022777777777778,143.6,18.3,61.66,35.1,Map/Offsets   !,https://cgi.minorplanetcenter.net/cgi-bin/confirmeph2.cgi
20260511T083029Z,2026-05-11T08:30:29.176610Z,20260511T083029Z_batch01,ZTF10Do,2026-05-12T05:00:00Z,14 07 15.4,211.8141666666667,+14 51 48,14.863333333333333,143.1,18.3,61.66,35.2,Map/Offsets   !,https://cgi.minorplanetcenter.net/cgi-bin/confirmeph2.cgi
20260511T083029Z,2026-05-11T08:30:29.176610Z,20260511T083029Z_batch01,ZTF10Do,2026-05-12T06:00:00Z,14 09 43.1,212.42958333333334,+15 42 06,15.701666666666666,142.6,18.3,61.62,35.4,Map/Offsets   !,https://cgi.minorplanetcenter.net/cgi-bin/confirmeph2.cgi
20260511T083029Z,2026-05-11T08:30:29.176610Z,20260511T083029Z_batch01,ZTF10Do,2026-05-12T07:00:00Z,14 12 11.8,213.04916666666665,+16 32 16,16.53777777777778,142.1,18.3,61.53,35.6,Map/Offsets   !,https://cgi.minorplanetcenter.net/cgi-bin/confirmeph2.cgi
20260511T083029Z,2026-05-11T08:30:29.176610Z,20260511T083029Z_batch01,CELU1Q2,2026-05-11T07:00:00Z,11 35 06.2,173.77583333333334,+31 19 59,31.333055555555557,108.6,21.5,0.22,165.0,Map/Offsets   !,https://cgi.minorplanetcenter.net/cgi-bin/confirmeph2.cgi
20260511T083029Z,2026-05-11T08:30:29.176610Z,20260511T083029Z_batch01,CELU1Q2,2026-05-11T08:00:00Z,11 35 06.4,173.77666666666667,+31 19 46,31.329444444444444,108.5,21.5,0.23,164.8,Map/Offsets   !,https://cgi.minorplanetcenter.net/cgi-bin/confirmeph2.cgi
20260511T083029Z,2026-05-11T08:30:29.176610Z,20260511T083029Z_batch01,CELU1Q2,2026-05-11T09:00:00Z,11 35 06.7,173.77791666666667,+31 19 33,31.325833333333332,108.5,21.5,0.23,164.6,Map/Offsets   !,https://cgi.minorplanetcenter.net/cgi-bin/confirmeph2.cgi
20260511T083029Z,2026-05-11T08:30:29.176610Z,20260511T083029Z_batch01,CELU1Q2,2026-05-11T10:00:00Z,11 35 07.0,173.77916666666667,+31 19 19,31.321944444444444,108.5,21.5,0.24,164.4,Map/Offsets   !,https://cgi.minorplanetcenter.net/cgi-bin/confirmeph2.cgi
20260511T083029Z,2026-05-11T08:30:29.176610Z,20260511T083029Z_batch01,CELU1Q2,2026-05-11T11:00:00Z,11 35 07.3,173.78041666666667,+31 19 05,31.318055555555556,108.5,21.5,0.24,164.1,Map/Offsets   !,https://cgi.minorplanetcenter.net/cgi-bin/confirmeph2.cgi
20260511T083029Z,2026-05-11T08:30:29.176610Z,20260511T083029Z_batch01,CELU1Q2,2026-05-11T12:00:00Z,11 35 07.6,173.78166666666667,+31 18 51,31.31416666666667,108.4,21.5,0.24,163.9,Map/Offsets   !,https://cgi.minorplanetcenter.net/cgi-bin/confirmeph2.cgi
20260511T083029Z,2026-05-11T08:30:29.176610Z,20260511T083029Z_batch01,CELU1Q2,2026-05-11T13:00:00Z,11 35 07.9,173.7829166666667,+31 18 37,31.310277777777777,108.4,21.4,0.25,163.7,Map/Offsets   !,https://cgi.minorplanetcenter.net/cgi-bin/confirmeph2.cgi
20260511T083029Z,2026-05-11T08:30:29.176610Z,20260511T083029Z_batch01,CELU1Q2,2026-05-11T14:00:00Z,11 35 08.3,173.78458333333333,+31 18 23,31.30638888888889,108.4,21.4,0.25,163.5,Map/Offsets   !,https://cgi.minorplanetcenter.net/cgi-bin/confirmeph2.cgi
20260511T083029Z,2026-05-11T08:30:29.176610Z,20260511T083029Z_batch01,CELU1Q2,2026-05-11T15:00:00Z,11 35 08.6,173.78583333333336,+31 18 08,31.302222222222223,108.3,21.4,0.25,163.3,Map/Offsets   !,https://cgi.minorplanetcenter.net/cgi-bin/confirmeph2.cgi
20260511T083029Z,2026-05-11T08:30:29.176610Z,20260511T083029Z_batch01,CELU1Q2,2026-05-11T16:00:00Z,11 35 09.0,173.7875,+31 17 54,31.298333333333336,108.3,21.4,0.26,163.1,Map/Offsets   !,https://cgi.minorplanetcenter.net/cgi-bin/confirmeph2.cgi
20260511T083029Z,2026-05-11T08:30:29.176610Z,20260511T083029Z_batch01,CELU1Q2,2026-05-11T17:00:00Z,11 35 09.3,173.78875000000002,+31 17 39,31.29416666666667,108.3,21.4,0.26,162.9,Map/Offsets   !,https://cgi.minorplanetcenter.net/cgi-bin/confirmeph2.cgi
20260511T083029Z,2026-05-11T08:30:29.176610Z,20260511T083029Z_batch01,CELU1Q2,2026-05-11T18:00:00Z,11 35 09.7,173.79041666666666,+31 17 24,31.290000000000003,108.2,21.4,0.27,162.7,Map/Offsets   !,https://cgi.minorplanetcenter.net/cgi-bin/confirmeph2.cgi
20260511T083029Z,2026-05-11T08:30:29.176610Z,20260511T083029Z_batch01,CELU1Q2,2026-05-11T19:00:00Z,11 35 10.0,173.79166666666669,+31 17 08,31.285555555555558,108.2,21.4,0.27,162.6,Map/Offsets   !,https://cgi.minorplanetcenter.net/cgi-bin/confirmeph2.cgi
20260511T083029Z,2026-05-11T08:30:29.176610Z,20260511T083029Z_batch01,CELU1Q2,2026-05-11T20:00:00Z,11 35 10.4,173.79333333333332,+31 16 53,31.281388888888888,108.2,21.4,0.28,162.4,Map/Offsets   !,https://cgi.minorplanetcenter.net/cgi-bin/confirmeph2.cgi
20260511T083029Z,2026-05-11T08:30:29.176610Z,20260511T083029Z_batch01,CELU1Q2,2026-05-11T21:00:00Z,11 35 10.8,173.79500000000002,+31 16 37,31.276944444444442,108.1,21.4,0.28,162.2,Map/Offsets   !,https://cgi.minorplanetcenter.net/cgi-bin/confirmeph2.cgi
20260511T083029Z,2026-05-11T08:30:29.176610Z,20260511T083029Z_batch01,CELU1Q2,2026-05-11T22:00:00Z,11 35 11.2,173.79666666666668,+31 16 21,31.272499999999997,108.1,21.4,0.28,162.0,Map/Offsets   !,https://cgi.minorplanetcenter.net/cgi-bin/confirmeph2.cgi
20260511T083029Z,2026-05-11T08:30:29.176610Z,20260511T083029Z_batch01,CELU1Q2,2026-05-11T23:00:00Z,11 35 11.6,173.79833333333335,+31 16 04,31.267777777777777,108.1,21.3,0.29,161.9,Map/Offsets   !,https://cgi.minorplanetcenter.net/cgi-bin/confirmeph2.cgi
20260511T083029Z,2026-05-11T08:30:29.176610Z,20260511T083029Z_batch01,CELU1Q2,2026-05-12T00:00:00Z,11 35 12.1,173.80041666666668,+31 15 48,31.263333333333332,108.0,21.3,0.29,161.7,Map/Offsets   !,https://cgi.minorplanetcenter.net/cgi-bin/confirmeph2.cgi
20260511T083029Z,2026-05-11T08:30:29.176610Z,20260511T083029Z_batch01,CELU1Q2,2026-05-12T01:00:00Z,11 35 12.5,173.80208333333334,+31 15 31,31.25861111111111,108.0,21.3,0.3,161.5,Map/Offsets   !,https://cgi.minorplanetcenter.net/cgi-bin/confirmeph2.cgi
20260511T083029Z,2026-05-11T08:30:29.176610Z,20260511T083029Z_batch01,CELU1Q2,2026-05-12T02:00:00Z,11 35 13.0,173.80416666666667,+31 15 14,31.253888888888888,108.0,21.3,0.3,161.4,Map/Offsets   !,https://cgi.minorplanetcenter.net/cgi-bin/confirmeph2.cgi
20260511T083029Z,2026-05-11T08:30:29.176610Z,20260511T083029Z_batch01,CELU1Q2,2026-05-12T03:00:00Z,11 35 13.4,173.80583333333334,+31 14 57,31.249166666666667,107.9,21.3,0.31,161.2,Map/Offsets   !,https://cgi.minorplanetcenter.net/cgi-bin/confirmeph2.cgi
20260511T083029Z,2026-05-11T08:30:29.176610Z,20260511T083029Z_batch01,CELU1Q2,2026-05-12T04:00:00Z,11 35 13.9,173.8079166666667,+31 14 39,31.24416666666667,107.9,21.3,0.31,161.1,Map/Offsets   !,https://cgi.minorplanetcenter.net/cgi-bin/confirmeph2.cgi
20260511T083029Z,2026-05-11T08:30:29.176610Z,20260511T083029Z_batch01,CELU1Q2,2026-05-12T05:00:00Z,11 35 14.4,173.81,+31 14 21,31.239166666666666,107.9,21.3,0.32,160.9,Map/Offsets   !,https://cgi.minorplanetcenter.net/cgi-bin/confirmeph2.cgi
20260511T083029Z,2026-05-11T08:30:29.176610Z,20260511T083029Z_batch01,CELU1Q2,2026-05-12T06:00:00Z,11 35 14.8,173.81166666666667,+31 14 03,31.234166666666667,107.8,21.3,0.32,160.8,Map/Offsets   !,https://cgi.minorplanetcenter.net/cgi-bin/confirmeph2.cgi
20260511T083029Z,2026-05-11T08:30:29.176610Z,20260511T083029Z_batch01,CELU1Q2,2026-05-12T07:00:00Z,11 35 15.4,173.8141666666667,+31 13 45,31.229166666666664,107.8,21.3,0.33,160.6,Map/Offsets   !,https://cgi.minorplanetcenter.net/cgi-bin/confirmeph2.cgi
20260511T083029Z,2026-05-11T08:30:29.176610Z,20260511T083029Z_batch01,ST26E24,2026-05-11T07:00:00Z,05 13 48.9,78.45375,-26 17 30,-26.291666666666668,53.2,21.7,292.0,282.9,Map/Offsets   ***,https://cgi.minorplanetcenter.net/cgi-bin/confirmeph2.cgi
20260511T083029Z,2026-05-11T08:30:29.176610Z,20260511T083029Z_batch01,ST26E24,2026-05-11T08:00:00Z,04 54 19.8,73.5825,-25 12 11,-25.203055555555554,49.8,22.2,251.5,285.0,Map/Offsets   !!,https://cgi.minorplanetcenter.net/cgi-bin/confirmeph2.cgi
20260511T083029Z,2026-05-11T08:30:29.176610Z,20260511T083029Z_batch01,ST26E24,2026-05-11T09:00:00Z,04 37 50.8,69.46166666666667,-24 08 23,-24.139722222222222,46.9,22.7,216.7,286.7,Map/Offsets   !!,https://cgi.minorplanetcenter.net/cgi-bin/confirmeph2.cgi
20260511T083029Z,2026-05-11T08:30:29.176610Z,20260511T083029Z_batch01,ST26E24,2026-05-11T10:00:00Z,04 23 51.3,65.96375,-23 08 04,-23.134444444444444,44.6,23.1,187.2,288.1,Map/Offsets   !!,https://cgi.minorplanetcenter.net/cgi-bin/confirmeph2.cgi
20260511T083029Z,2026-05-11T08:30:29.176610Z,20260511T083029Z_batch01,ST26E24,2026-05-11T11:00:00Z,04 11 54.8,62.97833333333334,-22 12 10,-22.202777777777776,42.7,23.5,162.5,289.3,Map/Offsets   !!,https://cgi.minorplanetcenter.net/cgi-bin/confirmeph2.cgi
20260511T083029Z,2026-05-11T08:30:29.176610Z,20260511T083029Z_batch01,ST26E24,2026-05-11T12:00:00Z,04 01 39.4,60.41416666666666,-21 20 53,-21.348055555555554,41.0,23.8,141.7,290.2,Map/Offsets   !!,https://cgi.minorplanetcenter.net/cgi-bin/confirmeph2.cgi
20260511T083029Z,2026-05-11T08:30:29.176610Z,20260511T083029Z_batch01,ST26E24,2026-05-11T13:00:00Z,03 52 47.1,58.19625,-20 34 08,-20.56888888888889,39.7,24.1,124.3,291.0,Map/Offsets   !!,https://cgi.minorplanetcenter.net/cgi-bin/confirmeph2.cgi
20260511T083029Z,2026-05-11T08:30:29.176610Z,20260511T083029Z_batch01,ST26E24,2026-05-11T14:00:00Z,03 45 03.3,56.263749999999995,-19 51 37,-19.860277777777778,38.6,24.4,109.7,291.7,Map/Offsets   !!,https://cgi.minorplanetcenter.net/cgi-bin/confirmeph2.cgi
20260511T083029Z,2026-05-11T08:30:29.176610Z,20260511T083029Z_batch01,ST26E24,2026-05-11T15:00:00Z,03 38 16.7,54.569583333333334,-19 12 58,-19.21611111111111,37.6,24.7,97.29,292.2,Map/Offsets   !!,https://cgi.minorplanetcenter.net/cgi-bin/confirmeph2.cgi
20260511T083029Z,2026-05-11T08:30:29.176610Z,20260511T083029Z_batch01,ST26E24,2026-05-11T16:00:00Z,03 32 17.7,53.07375,-18 37 49,-18.630277777777778,36.8,24.9,86.75,292.7,Map/Offsets   !!,https://cgi.minorplanetcenter.net/cgi-bin/confirmeph2.cgi
20260511T083029Z,2026-05-11T08:30:29.176610Z,20260511T083029Z_batch01,ST26E24,2026-05-11T17:00:00Z,03 26 59.0,51.74583333333334,-18 05 48,-18.096666666666664,36.2,25.1,77.74,293.2,Map/Offsets   !!,https://cgi.minorplanetcenter.net/cgi-bin/confirmeph2.cgi
20260511T083029Z,2026-05-11T08:30:29.176610Z,20260511T083029Z_batch01,ST26E24,2026-05-11T18:00:00Z,03 22 14.3,50.55958333333333,-17 36 35,-17.609722222222224,35.6,25.3,70.0,293.5,Map/Offsets   !!,https://cgi.minorplanetcenter.net/cgi-bin/confirmeph2.cgi
20260511T083029Z,2026-05-11T08:30:29.176610Z,20260511T083029Z_batch01,ST26E24,2026-05-11T19:00:00Z,03 17 58.8,49.495,-17 09 50,-17.163888888888888,35.1,25.5,63.31,293.8,Map/Offsets   !!,https://cgi.minorplanetcenter.net/cgi-bin/confirmeph2.cgi
20260511T083029Z,2026-05-11T08:30:29.176610Z,20260511T083029Z_batch01,ST26E24,2026-05-11T20:00:00Z,03 14 08.3,48.53458333333334,-16 45 19,-16.755277777777778,34.7,25.7,57.49,294.1,Map/Offsets   !!,https://cgi.minorplanetcenter.net/cgi-bin/confirmeph2.cgi
20260511T083029Z,2026-05-11T08:30:29.176610Z,20260511T083029Z_batch01,ST26E24,2026-05-11T21:00:00Z,03 10 39.4,47.66416666666667,-16 22 46,-16.379444444444445,34.3,25.8,52.42,294.4,Map/Offsets   !!,https://cgi.minorplanetcenter.net/cgi-bin/confirmeph2.cgi
20260511T083029Z,2026-05-11T08:30:29.176610Z,20260511T083029Z_batch01,ST26E24,2026-05-11T22:00:00Z,03 07 29.3,46.872083333333336,-16 01 59,-16.033055555555556,34.0,26.0,47.96,294.6,Map/Offsets   !!,https://cgi.minorplanetcenter.net/cgi-bin/confirmeph2.cgi
20260511T083029Z,2026-05-11T08:30:29.176610Z,20260511T083029Z_batch01,ST26E24,2026-05-11T23:00:00Z,03 04 35.7,46.14875000000001,-15 42 47,-15.713055555555554,33.8,26.1,44.04,294.8,Map/Offsets   !!,https://cgi.minorplanetcenter.net/cgi-bin/confirmeph2.cgi
20260511T083029Z,2026-05-11T08:30:29.176610Z,20260511T083029Z_batch01,ST26E24,2026-05-12T00:00:00Z,03 01 56.5,45.485416666666666,-15 24 59,-15.41638888888889,33.5,26.2,40.56,295.0,Map/Offsets   !!,https://cgi.minorplanetcenter.net/cgi-bin/confirmeph2.cgi
20260511T083029Z,2026-05-11T08:30:29.176610Z,20260511T083029Z_batch01,ST26E24,2026-05-12T01:00:00Z,02 59 30.1,44.875416666666666,-15 08 28,-15.14111111111111,33.3,26.4,37.47,295.1,Map/Offsets   !!,https://cgi.minorplanetcenter.net/cgi-bin/confirmeph2.cgi
20260511T083029Z,2026-05-11T08:30:29.176610Z,20260511T083029Z_batch01,ST26E24,2026-05-12T02:00:00Z,02 57 15.0,44.31250000000001,-14 53 06,-14.885,33.2,26.5,34.71,295.3,Map/Offsets   !!,https://cgi.minorplanetcenter.net/cgi-bin/confirmeph2.cgi
20260511T083029Z,2026-05-11T08:30:29.176610Z,20260511T083029Z_batch01,ST26E24,2026-05-12T03:00:00Z,02 55 09.9,43.79125,-14 38 46,-14.64611111111111,33.0,26.6,32.24,295.4,Map/Offsets   !!,https://cgi.minorplanetcenter.net/cgi-bin/confirmeph2.cgi
20260511T083029Z,2026-05-11T08:30:29.176610Z,20260511T083029Z_batch01,ST26E24,2026-05-12T04:00:00Z,02 53 13.9,43.307916666666664,-14 25 23,-14.423055555555555,32.9,26.7,30.02,295.6,Map/Offsets   !!,https://cgi.minorplanetcenter.net/cgi-bin/confirmeph2.cgi
20260511T083029Z,2026-05-11T08:30:29.176610Z,20260511T083029Z_batch01,ST26E24,2026-05-12T05:00:00Z,02 51 25.9,42.85791666666667,-14 12 50,-14.213888888888889,32.8,26.8,28.02,295.7,Map/Offsets   !!,https://cgi.minorplanetcenter.net/cgi-bin/confirmeph2.cgi
20260511T083029Z,2026-05-11T08:30:29.176610Z,20260511T083029Z_batch01,ST26E24,2026-05-12T06:00:00Z,02 49 45.3,42.43874999999999,-14 01 05,-14.018055555555556,32.7,26.9,26.2,295.8,Map/Offsets   !!,https://cgi.minorplanetcenter.net/cgi-bin/confirmeph2.cgi
20260511T083029Z,2026-05-11T08:30:29.176610Z,20260511T083029Z_batch01,ST26E24,2026-05-12T07:00:00Z,02 48 11.2,42.04666666666667,-13 50 01,-13.83361111111111,32.6,26.9,24.56,295.9,Map/Offsets   !!,https://cgi.minorplanetcenter.net/cgi-bin/confirmeph2.cgi
20260511T083029Z,2026-05-11T08:30:29.176610Z,20260511T083029Z_batch01,ZTF10Dn,2026-05-11T07:00:00Z,16 44 08.4,251.035,-12 43 03,-12.7175,157.0,19.8,9.68,96.3,Map/Offsets   !,https://cgi.minorplanetcenter.net/cgi-bin/confirmeph2.cgi
20260511T083029Z,2026-05-11T08:30:29.176610Z,20260511T083029Z_batch01,ZTF10Dn,2026-05-11T08:00:00Z,16 44 47.2,251.1966666666667,-12 44 06,-12.735,156.9,19.8,9.34,96.3,Map/Offsets   !,https://cgi.minorplanetcenter.net/cgi-bin/confirmeph2.cgi
20260511T083029Z,2026-05-11T08:30:29.176610Z,20260511T083029Z_batch01,ZTF10Dn,2026-05-11T09:00:00Z,16 45 24.6,251.3525,-12 45 07,-12.751944444444444,156.8,19.9,9.02,96.3,Map/Offsets   !,https://cgi.minorplanetcenter.net/cgi-bin/confirmeph2.cgi
20260511T083029Z,2026-05-11T08:30:29.176610Z,20260511T083029Z_batch01,ZTF10Dn,2026-05-11T10:00:00Z,16 46 00.7,251.5029166666667,-12 46 05,-12.768055555555556,156.7,19.9,8.71,96.3,Map/Offsets   !,https://cgi.minorplanetcenter.net/cgi-bin/confirmeph2.cgi
20260511T083029Z,2026-05-11T08:30:29.176610Z,20260511T083029Z_batch01,ZTF10Dn,2026-05-11T11:00:00Z,16 46 35.6,251.6483333333333,-12 47 00,-12.783333333333333,156.6,20.0,8.42,96.2,Map/Offsets   !,https://cgi.minorplanetcenter.net/cgi-bin/confirmeph2.cgi
20260511T083029Z,2026-05-11T08:30:29.176610Z,20260511T083029Z_batch01,ZTF10Dn,2026-05-11T12:00:00Z,16 47 09.4,251.7891666666667,-12 47 54,-12.798333333333334,156.5,20.0,8.14,96.2,Map/Offsets   !,https://cgi.minorplanetcenter.net/cgi-bin/confirmeph2.cgi
20260511T083029Z,2026-05-11T08:30:29.176610Z,20260511T083029Z_batch01,ZTF10Dn,2026-05-11T13:00:00Z,16 47 42.1,251.92541666666668,-12 48 46,-12.812777777777779,156.4,20.0,7.88,96.2,Map/Offsets   !,https://cgi.minorplanetcenter.net/cgi-bin/confirmeph2.cgi
20260511T083029Z,2026-05-11T08:30:29.176610Z,20260511T083029Z_batch01,ZTF10Dn,2026-05-11T14:00:00Z,16 48 13.7,252.05708333333334,-12 49 36,-12.826666666666666,156.4,20.1,7.63,96.1,Map/Offsets   !,https://cgi.minorplanetcenter.net/cgi-bin/confirmeph2.cgi
20260511T083029Z,2026-05-11T08:30:29.176610Z,20260511T083029Z_batch01,ZTF10Dn,2026-05-11T15:00:00Z,16 48 44.3,252.18458333333336,-12 50 24,-12.84,156.3,20.1,7.39,96.1,Map/Offsets   !,https://cgi.minorplanetcenter.net/cgi-bin/confirmeph2.cgi
20260511T083029Z,2026-05-11T08:30:29.176610Z,20260511T083029Z_batch01,ZTF10Dn,2026-05-11T16:00:00Z,16 49 14.0,252.3083333333333,-12 51 10,-12.852777777777778,156.2,20.1,7.16,96.1,Map/Offsets   !,https://cgi.minorplanetcenter.net/cgi-bin/confirmeph2.cgi
20260511T083029Z,2026-05-11T08:30:29.176610Z,20260511T083029Z_batch01,ZTF10Dn,2026-05-11T17:00:00Z,16 49 42.7,252.4279166666667,-12 51 55,-12.865277777777777,156.1,20.2,6.94,96.1,Map/Offsets   !,https://cgi.minorplanetcenter.net/cgi-bin/confirmeph2.cgi
20260511T083029Z,2026-05-11T08:30:29.176610Z,20260511T083029Z_batch01,ZTF10Dn,2026-05-11T18:00:00Z,16 50 10.6,252.54416666666665,-12 52 39,-12.877500000000001,156.1,20.2,6.73,96.1,Map/Offsets   !,https://cgi.minorplanetcenter.net/cgi-bin/confirmeph2.cgi
20260511T083029Z,2026-05-11T08:30:29.176610Z,20260511T083029Z_batch01,ZTF10Dn,2026-05-11T19:00:00Z,16 50 37.7,252.65708333333333,-12 53 21,-12.889166666666666,156.0,20.3,6.53,96.0,Map/Offsets   !,https://cgi.minorplanetcenter.net/cgi-bin/confirmeph2.cgi
20260511T083029Z,2026-05-11T08:30:29.176610Z,20260511T083029Z_batch01,ZTF10Dn,2026-05-11T20:00:00Z,16 51 03.9,252.76625,-12 54 01,-12.900277777777777,155.9,20.3,6.34,96.0,Map/Offsets   !,https://cgi.minorplanetcenter.net/cgi-bin/confirmeph2.cgi
20260511T083029Z,2026-05-11T08:30:29.176610Z,20260511T083029Z_batch01,ZTF10Dn,2026-05-11T21:00:00Z,16 51 29.4,252.87250000000003,-12 54 40,-12.911111111111111,155.9,20.3,6.16,96.0,Map/Offsets   !,https://cgi.minorplanetcenter.net/cgi-bin/confirmeph2.cgi
20260511T083029Z,2026-05-11T08:30:29.176610Z,20260511T083029Z_batch01,ZTF10Dn,2026-05-11T22:00:00Z,16 51 54.2,252.97583333333336,-12 55 18,-12.921666666666667,155.8,20.4,5.98,96.0,Map/Offsets   !,https://cgi.minorplanetcenter.net/cgi-bin/confirmeph2.cgi
20260511T083029Z,2026-05-11T08:30:29.176610Z,20260511T083029Z_batch01,ZTF10Dn,2026-05-11T23:00:00Z,16 52 18.2,253.07583333333332,-12 55 55,-12.931944444444444,155.8,20.4,5.81,96.0,Map/Offsets   !,https://cgi.minorplanetcenter.net/cgi-bin/confirmeph2.cgi
20260511T083029Z,2026-05-11T08:30:29.176610Z,20260511T083029Z_batch01,ZTF10Dn,2026-05-12T00:00:00Z,16 52 41.6,253.17333333333335,-12 56 31,-12.941944444444445,155.7,20.4,5.65,96.0,Map/Offsets   !,https://cgi.minorplanetcenter.net/cgi-bin/confirmeph2.cgi
20260511T083029Z,2026-05-11T08:30:29.176610Z,20260511T083029Z_batch01,ZTF10Dn,2026-05-12T01:00:00Z,16 53 04.4,253.26833333333332,-12 57 06,-12.951666666666666,155.7,20.5,5.49,95.9,Map/Offsets   !,https://cgi.minorplanetcenter.net/cgi-bin/confirmeph2.cgi
20260511T083029Z,2026-05-11T08:30:29.176610Z,20260511T083029Z_batch01,ZTF10Dn,2026-05-12T02:00:00Z,16 53 26.5,253.36041666666668,-12 57 39,-12.960833333333333,155.6,20.5,5.35,95.9,Map/Offsets   !,https://cgi.minorplanetcenter.net/cgi-bin/confirmeph2.cgi
20260511T083029Z,2026-05-11T08:30:29.176610Z,20260511T083029Z_batch01,ZTF10Dn,2026-05-12T03:00:00Z,16 53 48.0,253.44999999999996,-12 58 12,-12.97,155.6,20.5,5.2,95.9,Map/Offsets   !,https://cgi.minorplanetcenter.net/cgi-bin/confirmeph2.cgi
20260511T083029Z,2026-05-11T08:30:29.176610Z,20260511T083029Z_batch01,ZTF10Dn,2026-05-12T04:00:00Z,16 54 09.0,253.5375,-12 58 44,-12.97888888888889,155.5,20.5,5.07,95.9,Map/Offsets   !,https://cgi.minorplanetcenter.net/cgi-bin/confirmeph2.cgi
20260511T083029Z,2026-05-11T08:30:29.176610Z,20260511T083029Z_batch01,ZTF10Dn,2026-05-12T05:00:00Z,16 54 29.4,253.6225,-12 59 14,-12.987222222222222,155.5,20.6,4.93,95.9,Map/Offsets   !,https://cgi.minorplanetcenter.net/cgi-bin/confirmeph2.cgi
20260511T083029Z,2026-05-11T08:30:29.176610Z,20260511T083029Z_batch01,ZTF10Dn,2026-05-12T06:00:00Z,16 54 49.3,253.70541666666662,-12 59 44,-12.995555555555555,155.4,20.6,4.81,95.9,Map/Offsets   !,https://cgi.minorplanetcenter.net/cgi-bin/confirmeph2.cgi
20260511T083029Z,2026-05-11T08:30:29.176610Z,20260511T083029Z_batch01,ZTF10Dn,2026-05-12T07:00:00Z,16 55 08.7,253.78625,-13 00 14,-13.00388888888889,155.4,20.6,4.68,95.9,Map/Offsets   !,https://cgi.minorplanetcenter.net/cgi-bin/confirmeph2.cgi
20260511T083029Z,2026-05-11T08:30:29.176610Z,20260511T083029Z_batch01,XA9ttXA,2026-05-11T07:00:00Z,15 07 47.3,226.94708333333335,+01 49 15,1.8208333333333333,160.4,22.6,0.78,279.2,Map/Offsets,https://cgi.minorplanetcenter.net/cgi-bin/confirmeph2.cgi
20260511T083029Z,2026-05-11T08:30:29.176610Z,20260511T083029Z_batch01,XA9ttXA,2026-05-11T08:00:00Z,15 07 44.2,226.93416666666667,+01 49 22,1.8227777777777778,160.3,22.6,0.78,279.1,Map/Offsets,https://cgi.minorplanetcenter.net/cgi-bin/confirmeph2.cgi
20260511T083029Z,2026-05-11T08:30:29.176610Z,20260511T083029Z_batch01,XA9ttXA,2026-05-11T09:00:00Z,15 07 41.1,226.92125000000001,+01 49 29,1.8247222222222221,160.3,22.6,0.78,279.1,Map/Offsets,https://cgi.minorplanetcenter.net/cgi-bin/confirmeph2.cgi
20260511T083029Z,2026-05-11T08:30:29.176610Z,20260511T083029Z_batch01,XA9ttXA,2026-05-11T10:00:00Z,15 07 38.0,226.90833333333333,+01 49 37,1.8269444444444445,160.3,22.6,0.78,279.0,Map/Offsets,https://cgi.minorplanetcenter.net/cgi-bin/confirmeph2.cgi
20260511T083029Z,2026-05-11T08:30:29.176610Z,20260511T083029Z_batch01,XA9ttXA,2026-05-11T11:00:00Z,15 07 34.9,226.89541666666665,+01 49 44,1.8288888888888888,160.3,22.6,0.78,279.0,Map/Offsets,https://cgi.minorplanetcenter.net/cgi-bin/confirmeph2.cgi
20260511T083029Z,2026-05-11T08:30:29.176610Z,20260511T083029Z_batch01,XA9ttXA,2026-05-11T12:00:00Z,15 07 31.9,226.88291666666666,+01 49 51,1.8308333333333333,160.3,22.6,0.78,278.9,Map/Offsets,https://cgi.minorplanetcenter.net/cgi-bin/confirmeph2.cgi
20260511T083029Z,2026-05-11T08:30:29.176610Z,20260511T083029Z_batch01,XA9ttXA,2026-05-11T13:00:00Z,15 07 28.8,226.87,+01 49 59,1.8330555555555554,160.3,22.6,0.78,278.9,Map/Offsets,https://cgi.minorplanetcenter.net/cgi-bin/confirmeph2.cgi
20260511T083029Z,2026-05-11T08:30:29.176610Z,20260511T083029Z_batch01,XA9ttXA,2026-05-11T14:00:00Z,15 07 25.7,226.85708333333335,+01 50 06,1.8350000000000002,160.2,22.6,0.78,278.8,Map/Offsets,https://cgi.minorplanetcenter.net/cgi-bin/confirmeph2.cgi
20260511T083029Z,2026-05-11T08:30:29.176610Z,20260511T083029Z_batch01,XA9ttXA,2026-05-11T15:00:00Z,15 07 22.6,226.84416666666667,+01 50 13,1.8369444444444445,160.2,22.6,0.78,278.8,Map/Offsets,https://cgi.minorplanetcenter.net/cgi-bin/confirmeph2.cgi
20260511T083029Z,2026-05-11T08:30:29.176610Z,20260511T083029Z_batch01,XA9ttXA,2026-05-11T16:00:00Z,15 07 19.5,226.83125,+01 50 20,1.838888888888889,160.2,22.6,0.78,278.7,Map/Offsets,https://cgi.minorplanetcenter.net/cgi-bin/confirmeph2.cgi
20260511T083029Z,2026-05-11T08:30:29.176610Z,20260511T083029Z_batch01,XA9ttXA,2026-05-11T17:00:00Z,15 07 16.4,226.81833333333333,+01 50 27,1.8408333333333335,160.2,22.6,0.78,278.7,Map/Offsets,https://cgi.minorplanetcenter.net/cgi-bin/confirmeph2.cgi
20260511T083029Z,2026-05-11T08:30:29.176610Z,20260511T083029Z_batch01,XA9ttXA,2026-05-11T18:00:00Z,15 07 13.3,226.80541666666667,+01 50 34,1.8427777777777778,160.2,22.6,0.78,278.6,Map/Offsets,https://cgi.minorplanetcenter.net/cgi-bin/confirmeph2.cgi
20260511T083029Z,2026-05-11T08:30:29.176610Z,20260511T083029Z_batch01,XA9ttXA,2026-05-11T19:00:00Z,15 07 10.2,226.79250000000002,+01 50 41,1.8447222222222224,160.2,22.6,0.78,278.6,Map/Offsets,https://cgi.minorplanetcenter.net/cgi-bin/confirmeph2.cgi
20260511T083029Z,2026-05-11T08:30:29.176610Z,20260511T083029Z_batch01,XA9ttXA,2026-05-11T20:00:00Z,15 07 07.1,226.77958333333333,+01 50 48,1.846666666666667,160.2,22.6,0.78,278.5,Map/Offsets,https://cgi.minorplanetcenter.net/cgi-bin/confirmeph2.cgi
20260511T083029Z,2026-05-11T08:30:29.176610Z,20260511T083029Z_batch01,XA9ttXA,2026-05-11T21:00:00Z,15 07 04.0,226.76666666666668,+01 50 55,1.8486111111111112,160.1,22.6,0.78,278.5,Map/Offsets,https://cgi.minorplanetcenter.net/cgi-bin/confirmeph2.cgi
20260511T083029Z,2026-05-11T08:30:29.176610Z,20260511T083029Z_batch01,XA9ttXA,2026-05-11T22:00:00Z,15 07 00.9,226.75375,+01 51 02,1.8505555555555557,160.1,22.6,0.78,278.4,Map/Offsets,https://cgi.minorplanetcenter.net/cgi-bin/confirmeph2.cgi
20260511T083029Z,2026-05-11T08:30:29.176610Z,20260511T083029Z_batch01,XA9ttXA,2026-05-11T23:00:00Z,15 06 57.8,226.7408333333333,+01 51 09,1.8525,160.1,22.6,0.79,278.4,Map/Offsets,https://cgi.minorplanetcenter.net/cgi-bin/confirmeph2.cgi
20260511T083029Z,2026-05-11T08:30:29.176610Z,20260511T083029Z_batch01,XA9ttXA,2026-05-12T00:00:00Z,15 06 54.7,226.72791666666666,+01 51 16,1.8544444444444446,160.1,22.6,0.79,278.3,Map/Offsets,https://cgi.minorplanetcenter.net/cgi-bin/confirmeph2.cgi
20260511T083029Z,2026-05-11T08:30:29.176610Z,20260511T083029Z_batch01,XA9ttXA,2026-05-12T01:00:00Z,15 06 51.6,226.715,+01 51 23,1.856388888888889,160.1,22.6,0.79,278.3,Map/Offsets,https://cgi.minorplanetcenter.net/cgi-bin/confirmeph2.cgi
20260511T083029Z,2026-05-11T08:30:29.176610Z,20260511T083029Z_batch01,XA9ttXA,2026-05-12T02:00:00Z,15 06 48.4,226.70166666666665,+01 51 29,1.8580555555555556,160.0,22.6,0.79,278.2,Map/Offsets,https://cgi.minorplanetcenter.net/cgi-bin/confirmeph2.cgi
20260511T083029Z,2026-05-11T08:30:29.176610Z,20260511T083029Z_batch01,XA9ttXA,2026-05-12T03:00:00Z,15 06 45.3,226.68875,+01 51 36,1.86,160.0,22.5,0.79,278.2,Map/Offsets,https://cgi.minorplanetcenter.net/cgi-bin/confirmeph2.cgi
20260511T083029Z,2026-05-11T08:30:29.176610Z,20260511T083029Z_batch01,XA9ttXA,2026-05-12T04:00:00Z,15 06 42.2,226.67583333333332,+01 51 43,1.8619444444444446,160.0,22.5,0.79,278.1,Map/Offsets,https://cgi.minorplanetcenter.net/cgi-bin/confirmeph2.cgi
20260511T083029Z,2026-05-11T08:30:29.176610Z,20260511T083029Z_batch01,XA9ttXA,2026-05-12T05:00:00Z,15 06 39.1,226.66291666666666,+01 51 49,1.863611111111111,160.0,22.5,0.79,278.1,Map/Offsets,https://cgi.minorplanetcenter.net/cgi-bin/confirmeph2.cgi
20260511T083029Z,2026-05-11T08:30:29.176610Z,20260511T083029Z_batch01,XA9ttXA,2026-05-12T06:00:00Z,15 06 36.0,226.64999999999998,+01 51 56,1.8655555555555556,160.0,22.5,0.79,278.0,Map/Offsets,https://cgi.minorplanetcenter.net/cgi-bin/confirmeph2.cgi
20260511T083029Z,2026-05-11T08:30:29.176610Z,20260511T083029Z_batch01,XA9ttXA,2026-05-12T07:00:00Z,15 06 32.9,226.63708333333335,+01 52 03,1.8675,160.0,22.5,0.79,278.0,Map/Offsets,https://cgi.minorplanetcenter.net/cgi-bin/confirmeph2.cgi
20260511T083029Z,2026-05-11T08:30:29.176610Z,20260511T083029Z_batch01,ST26E18,2026-05-11T07:00:00Z,15 26 46.2,231.6925,-13 58 16,-13.971111111111112,174.6,22.2,2.62,125.4,Map/Offsets   !,https://cgi.minorplanetcenter.net/cgi-bin/confirmeph2.cgi
20260511T083029Z,2026-05-11T08:30:29.176610Z,20260511T083029Z_batch01,ST26E18,2026-05-11T08:00:00Z,15 26 54.8,231.72833333333335,-13 59 46,-13.99611111111111,174.7,22.3,2.53,125.4,Map/Offsets   !,https://cgi.minorplanetcenter.net/cgi-bin/confirmeph2.cgi
20260511T083029Z,2026-05-11T08:30:29.176610Z,20260511T083029Z_batch01,ST26E18,2026-05-11T09:00:00Z,15 27 03.2,231.76333333333332,-14 01 12,-14.020000000000001,174.7,22.3,2.45,125.4,Map/Offsets   !,https://cgi.minorplanetcenter.net/cgi-bin/confirmeph2.cgi
20260511T083029Z,2026-05-11T08:30:29.176610Z,20260511T083029Z_batch01,ST26E18,2026-05-11T10:00:00Z,15 27 11.3,231.79708333333332,-14 02 36,-14.043333333333333,174.7,22.3,2.37,125.4,Map/Offsets   !,https://cgi.minorplanetcenter.net/cgi-bin/confirmeph2.cgi
20260511T083029Z,2026-05-11T08:30:29.176610Z,20260511T083029Z_batch01,ST26E18,2026-05-11T11:00:00Z,15 27 19.1,231.82958333333332,-14 03 57,-14.065833333333334,174.7,22.4,2.29,125.4,Map/Offsets   !,https://cgi.minorplanetcenter.net/cgi-bin/confirmeph2.cgi
20260511T083029Z,2026-05-11T08:30:29.176610Z,20260511T083029Z_batch01,ST26E18,2026-05-11T12:00:00Z,15 27 26.7,231.86124999999998,-14 05 15,-14.0875,174.7,22.4,2.22,125.5,Map/Offsets   !,https://cgi.minorplanetcenter.net/cgi-bin/confirmeph2.cgi
20260511T083029Z,2026-05-11T08:30:29.176610Z,20260511T083029Z_batch01,ST26E18,2026-05-11T13:00:00Z,15 27 34.0,231.89166666666665,-14 06 31,-14.108611111111111,174.7,22.4,2.15,125.5,Map/Offsets   !,https://cgi.minorplanetcenter.net/cgi-bin/confirmeph2.cgi
20260511T083029Z,2026-05-11T08:30:29.176610Z,20260511T083029Z_batch01,ST26E18,2026-05-11T14:00:00Z,15 27 41.1,231.92125,-14 07 45,-14.129166666666666,174.7,22.5,2.08,125.5,Map/Offsets   !,https://cgi.minorplanetcenter.net/cgi-bin/confirmeph2.cgi
20260511T083029Z,2026-05-11T08:30:29.176610Z,20260511T083029Z_batch01,ST26E18,2026-05-11T15:00:00Z,15 27 48.0,231.95,-14 08 56,-14.148888888888889,174.8,22.5,2.02,125.5,Map/Offsets   !,https://cgi.minorplanetcenter.net/cgi-bin/confirmeph2.cgi
20260511T083029Z,2026-05-11T08:30:29.176610Z,20260511T083029Z_batch01,ST26E18,2026-05-11T16:00:00Z,15 27 54.7,231.97791666666666,-14 10 05,-14.168055555555554,174.8,22.5,1.96,125.5,Map/Offsets   !,https://cgi.minorplanetcenter.net/cgi-bin/confirmeph2.cgi
20260511T083029Z,2026-05-11T08:30:29.176610Z,20260511T083029Z_batch01,ST26E18,2026-05-11T17:00:00Z,15 28 01.1,232.00458333333336,-14 11 12,-14.186666666666667,174.8,22.6,1.9,125.5,Map/Offsets   !,https://cgi.minorplanetcenter.net/cgi-bin/confirmeph2.cgi
20260511T083029Z,2026-05-11T08:30:29.176610Z,20260511T083029Z_batch01,ST26E18,2026-05-11T18:00:00Z,15 28 07.4,232.03083333333333,-14 12 18,-14.205,174.8,22.6,1.84,125.5,Map/Offsets   !,https://cgi.minorplanetcenter.net/cgi-bin/confirmeph2.cgi
20260511T083029Z,2026-05-11T08:30:29.176610Z,20260511T083029Z_batch01,ST26E18,2026-05-11T19:00:00Z,15 28 13.5,232.05625,-14 13 21,-14.2225,174.8,22.6,1.79,125.5,Map/Offsets   !,https://cgi.minorplanetcenter.net/cgi-bin/confirmeph2.cgi
20260511T083029Z,2026-05-11T08:30:29.176610Z,20260511T083029Z_batch01,ST26E18,2026-05-11T20:00:00Z,15 28 19.4,232.08083333333335,-14 14 22,-14.239444444444443,174.8,22.7,1.74,125.5,Map/Offsets   !,https://cgi.minorplanetcenter.net/cgi-bin/confirmeph2.cgi
20260511T083029Z,2026-05-11T08:30:29.176610Z,20260511T083029Z_batch01,ST26E18,2026-05-11T21:00:00Z,15 28 25.2,232.105,-14 15 22,-14.25611111111111,174.9,22.7,1.69,125.6,Map/Offsets   !,https://cgi.minorplanetcenter.net/cgi-bin/confirmeph2.cgi
20260511T083029Z,2026-05-11T08:30:29.176610Z,20260511T083029Z_batch01,ST26E18,2026-05-11T22:00:00Z,15 28 30.8,232.12833333333333,-14 16 20,-14.272222222222224,174.9,22.7,1.64,125.6,Map/Offsets   !,https://cgi.minorplanetcenter.net/cgi-bin/confirmeph2.cgi
20260511T083029Z,2026-05-11T08:30:29.176610Z,20260511T083029Z_batch01,ST26E18,2026-05-11T23:00:00Z,15 28 36.2,232.1508333333333,-14 17 17,-14.288055555555555,174.9,22.8,1.6,125.6,Map/Offsets   !,https://cgi.minorplanetcenter.net/cgi-bin/confirmeph2.cgi
20260511T083029Z,2026-05-11T08:30:29.176610Z,20260511T083029Z_batch01,ST26E18,2026-05-12T00:00:00Z,15 28 41.5,232.17291666666665,-14 18 12,-14.303333333333335,174.9,22.8,1.55,125.6,Map/Offsets   !,https://cgi.minorplanetcenter.net/cgi-bin/confirmeph2.cgi
20260511T083029Z,2026-05-11T08:30:29.176610Z,20260511T083029Z_batch01,ST26E18,2026-05-12T01:00:00Z,15 28 46.6,232.19416666666666,-14 19 05,-14.318055555555555,174.9,22.8,1.51,125.6,Map/Offsets   !,https://cgi.minorplanetcenter.net/cgi-bin/confirmeph2.cgi
20260511T083029Z,2026-05-11T08:30:29.176610Z,20260511T083029Z_batch01,ST26E18,2026-05-12T02:00:00Z,15 28 51.7,232.21541666666667,-14 19 58,-14.332777777777778,174.9,22.8,1.47,125.6,Map/Offsets   !,https://cgi.minorplanetcenter.net/cgi-bin/confirmeph2.cgi
20260511T083029Z,2026-05-11T08:30:29.176610Z,20260511T083029Z_batch01,ST26E18,2026-05-12T03:00:00Z,15 28 56.5,232.23541666666665,-14 20 48,-14.346666666666668,174.9,22.9,1.43,125.6,Map/Offsets   !,https://cgi.minorplanetcenter.net/cgi-bin/confirmeph2.cgi
20260511T083029Z,2026-05-11T08:30:29.176610Z,20260511T083029Z_batch01,ST26E18,2026-05-12T04:00:00Z,15 29 01.3,232.25541666666666,-14 21 38,-14.360555555555555,175.0,22.9,1.4,125.7,Map/Offsets   !,https://cgi.minorplanetcenter.net/cgi-bin/confirmeph2.cgi
20260511T083029Z,2026-05-11T08:30:29.176610Z,20260511T083029Z_batch01,ST26E18,2026-05-12T05:00:00Z,15 29 05.9,232.27458333333334,-14 22 26,-14.373888888888889,175.0,22.9,1.36,125.7,Map/Offsets   !,https://cgi.minorplanetcenter.net/cgi-bin/confirmeph2.cgi
20260511T083029Z,2026-05-11T08:30:29.176610Z,20260511T083029Z_batch01,ST26E18,2026-05-12T06:00:00Z,15 29 10.4,232.29333333333332,-14 23 13,-14.386944444444444,175.0,22.9,1.33,125.7,Map/Offsets   !,https://cgi.minorplanetcenter.net/cgi-bin/confirmeph2.cgi
20260511T083029Z,2026-05-11T08:30:29.176610Z,20260511T083029Z_batch01,ST26E18,2026-05-12T07:00:00Z,15 29 14.8,232.31166666666667,-14 23 59,-14.399722222222222,175.0,23.0,1.3,125.7,Map/Offsets   !,https://cgi.minorplanetcenter.net/cgi-bin/confirmeph2.cgi
20260511T083029Z,2026-05-11T08:30:29.176610Z,20260511T083029Z_batch01,CELT0C2,2026-05-11T07:00:00Z,12 45 59.8,191.49916666666667,+42 57 14,42.95388888888889,110.7,20.9,9.84,327.1,Map/Offsets,https://cgi.minorplanetcenter.net/cgi-bin/confirmeph2.cgi
20260511T083029Z,2026-05-11T08:30:29.176610Z,20260511T083029Z_batch01,CELT0C2,2026-05-11T08:00:00Z,12 45 30.4,191.37666666666667,+43 05 30,43.09166666666667,110.5,20.9,9.87,327.0,Map/Offsets,https://cgi.minorplanetcenter.net/cgi-bin/confirmeph2.cgi
20260511T083029Z,2026-05-11T08:30:29.176610Z,20260511T083029Z_batch01,CELT0C2,2026-05-11T09:00:00Z,12 45 00.9,191.25375,+43 13 47,43.22972222222222,110.3,20.9,9.89,326.9,Map/Offsets,https://cgi.minorplanetcenter.net/cgi-bin/confirmeph2.cgi
20260511T083029Z,2026-05-11T08:30:29.176610Z,20260511T083029Z_batch01,CELT0C2,2026-05-11T10:00:00Z,12 44 31.1,191.12958333333333,+43 22 05,43.36805555555556,110.1,20.9,9.92,326.8,Map/Offsets,https://cgi.minorplanetcenter.net/cgi-bin/confirmeph2.cgi
20260511T083029Z,2026-05-11T08:30:29.176610Z,20260511T083029Z_batch01,CELT0C2,2026-05-11T11:00:00Z,12 44 01.2,191.005,+43 30 23,43.506388888888885,109.9,20.9,9.94,326.8,Map/Offsets,https://cgi.minorplanetcenter.net/cgi-bin/confirmeph2.cgi
20260511T083029Z,2026-05-11T08:30:29.176610Z,20260511T083029Z_batch01,CELT0C2,2026-05-11T12:00:00Z,12 43 31.0,190.87916666666666,+43 38 43,43.64527777777778,109.7,20.9,9.97,326.7,Map/Offsets,https://cgi.minorplanetcenter.net/cgi-bin/confirmeph2.cgi
20260511T083029Z,2026-05-11T08:30:29.176610Z,20260511T083029Z_batch01,CELT0C2,2026-05-11T13:00:00Z,12 43 00.6,190.7525,+43 47 03,43.784166666666664,109.5,20.9,10.0,326.6,Map/Offsets,https://cgi.minorplanetcenter.net/cgi-bin/confirmeph2.cgi
20260511T083029Z,2026-05-11T08:30:29.176610Z,20260511T083029Z_batch01,CELT0C2,2026-05-11T14:00:00Z,12 42 30.0,190.62499999999997,+43 55 24,43.92333333333333,109.3,20.9,10.02,326.5,Map/Offsets,https://cgi.minorplanetcenter.net/cgi-bin/confirmeph2.cgi
20260511T083029Z,2026-05-11T08:30:29.176610Z,20260511T083029Z_batch01,CELT0C2,2026-05-11T15:00:00Z,12 41 59.2,190.49666666666667,+44 03 46,44.062777777777775,109.1,20.9,10.05,326.4,Map/Offsets,https://cgi.minorplanetcenter.net/cgi-bin/confirmeph2.cgi
20260511T083029Z,2026-05-11T08:30:29.176610Z,20260511T083029Z_batch01,CELT0C2,2026-05-11T16:00:00Z,12 41 28.1,190.3670833333333,+44 12 08,44.202222222222225,108.9,20.9,10.07,326.3,Map/Offsets,https://cgi.minorplanetcenter.net/cgi-bin/confirmeph2.cgi
20260511T083029Z,2026-05-11T08:30:29.176610Z,20260511T083029Z_batch01,CELT0C2,2026-05-11T17:00:00Z,12 40 56.8,190.23666666666665,+44 20 31,44.341944444444444,108.8,20.9,10.1,326.2,Map/Offsets,https://cgi.minorplanetcenter.net/cgi-bin/confirmeph2.cgi
20260511T083029Z,2026-05-11T08:30:29.176610Z,20260511T083029Z_batch01,CELT0C2,2026-05-11T18:00:00Z,12 40 25.3,190.10541666666666,+44 28 55,44.481944444444444,108.6,20.9,10.12,326.1,Map/Offsets,https://cgi.minorplanetcenter.net/cgi-bin/confirmeph2.cgi
20260511T083029Z,2026-05-11T08:30:29.176610Z,20260511T083029Z_batch01,CELT0C2,2026-05-11T19:00:00Z,12 39 53.6,189.97333333333333,+44 37 20,44.62222222222222,108.4,20.9,10.15,326.0,Map/Offsets,https://cgi.minorplanetcenter.net/cgi-bin/confirmeph2.cgi
20260511T083029Z,2026-05-11T08:30:29.176610Z,20260511T083029Z_batch01,CELT0C2,2026-05-11T20:00:00Z,12 39 21.6,189.84,+44 45 45,44.7625,108.2,20.9,10.17,325.9,Map/Offsets,https://cgi.minorplanetcenter.net/cgi-bin/confirmeph2.cgi
20260511T083029Z,2026-05-11T08:30:29.176610Z,20260511T083029Z_batch01,CELT0C2,2026-05-11T21:00:00Z,12 38 49.4,189.70583333333332,+44 54 12,44.90333333333333,108.0,20.9,10.2,325.9,Map/Offsets,https://cgi.minorplanetcenter.net/cgi-bin/confirmeph2.cgi
20260511T083029Z,2026-05-11T08:30:29.176610Z,20260511T083029Z_batch01,CELT0C2,2026-05-11T22:00:00Z,12 38 16.9,189.57041666666666,+45 02 38,45.04388888888889,107.8,20.9,10.22,325.8,Map/Offsets,https://cgi.minorplanetcenter.net/cgi-bin/confirmeph2.cgi
20260511T083029Z,2026-05-11T08:30:29.176610Z,20260511T083029Z_batch01,CELT0C2,2026-05-11T23:00:00Z,12 37 44.2,189.43416666666667,+45 11 06,45.184999999999995,107.6,20.9,10.25,325.7,Map/Offsets,https://cgi.minorplanetcenter.net/cgi-bin/confirmeph2.cgi
20260511T083029Z,2026-05-11T08:30:29.176610Z,20260511T083029Z_batch01,CELT0C2,2026-05-12T00:00:00Z,12 37 11.3,189.29708333333335,+45 19 34,45.32611111111112,107.4,20.9,10.27,325.6,Map/Offsets,https://cgi.minorplanetcenter.net/cgi-bin/confirmeph2.cgi
20260511T083029Z,2026-05-11T08:30:29.176610Z,20260511T083029Z_batch01,CELT0C2,2026-05-12T01:00:00Z,12 36 38.1,189.15875,+45 28 02,45.467222222222226,107.2,20.9,10.3,325.5,Map/Offsets,https://cgi.minorplanetcenter.net/cgi-bin/confirmeph2.cgi
20260511T083029Z,2026-05-11T08:30:29.176610Z,20260511T083029Z_batch01,CELT0C2,2026-05-12T02:00:00Z,12 36 04.7,189.01958333333334,+45 36 32,45.60888888888889,107.0,20.9,10.32,325.4,Map/Offsets,https://cgi.minorplanetcenter.net/cgi-bin/confirmeph2.cgi
20260511T083029Z,2026-05-11T08:30:29.176610Z,20260511T083029Z_batch01,CELT0C2,2026-05-12T03:00:00Z,12 35 31.0,188.8791666666667,+45 45 02,45.75055555555556,106.8,20.9,10.35,325.3,Map/Offsets,https://cgi.minorplanetcenter.net/cgi-bin/confirmeph2.cgi
20260511T083029Z,2026-05-11T08:30:29.176610Z,20260511T083029Z_batch01,CELT0C2,2026-05-12T04:00:00Z,12 34 57.1,188.73791666666665,+45 53 32,45.89222222222222,106.6,20.9,10.37,325.2,Map/Offsets,https://cgi.minorplanetcenter.net/cgi-bin/confirmeph2.cgi
20260511T083029Z,2026-05-11T08:30:29.176610Z,20260511T083029Z_batch01,CELT0C2,2026-05-12T05:00:00Z,12 34 22.9,188.59541666666667,+46 02 03,46.034166666666664,106.4,20.9,10.4,325.1,Map/Offsets,https://cgi.minorplanetcenter.net/cgi-bin/confirmeph2.cgi
20260511T083029Z,2026-05-11T08:30:29.176610Z,20260511T083029Z_batch01,CELT0C2,2026-05-12T06:00:00Z,12 33 48.5,188.45208333333335,+46 10 35,46.17638888888889,106.2,20.9,10.42,325.0,Map/Offsets,https://cgi.minorplanetcenter.net/cgi-bin/confirmeph2.cgi
20260511T083029Z,2026-05-11T08:30:29.176610Z,20260511T083029Z_batch01,CELT0C2,2026-05-12T07:00:00Z,12 33 13.8,188.3075,+46 19 07,46.31861111111112,106.0,20.9,10.45,324.9,Map/Offsets,https://cgi.minorplanetcenter.net/cgi-bin/confirmeph2.cgi
20260511T083029Z,2026-05-11T08:30:29.176610Z,20260511T083029Z_batch01,CELRZD2,2026-05-11T07:00:00Z,12 32 44.0,188.18333333333334,+35 32 59,35.54972222222222,114.8,22.0,2.44,309.1,Map/Offsets,https://cgi.minorplanetcenter.net/cgi-bin/confirmeph2.cgi
20260511T083029Z,2026-05-11T08:30:29.176610Z,20260511T083029Z_batch01,CELRZD2,2026-05-11T08:00:00Z,12 32 34.8,188.14499999999998,+35 34 31,35.57527777777778,114.7,22.0,2.42,309.1,Map/Offsets,https://cgi.minorplanetcenter.net/cgi-bin/confirmeph2.cgi
20260511T083029Z,2026-05-11T08:30:29.176610Z,20260511T083029Z_batch01,CELRZD2,2026-05-11T09:00:00Z,12 32 25.6,188.10666666666668,+35 36 02,35.60055555555556,114.6,22.0,2.39,309.1,Map/Offsets,https://cgi.minorplanetcenter.net/cgi-bin/confirmeph2.cgi
20260511T083029Z,2026-05-11T08:30:29.176610Z,20260511T083029Z_batch01,CELRZD2,2026-05-11T10:00:00Z,12 32 16.5,188.06875,+35 37 32,35.62555555555556,114.6,22.0,2.37,309.0,Map/Offsets,https://cgi.minorplanetcenter.net/cgi-bin/confirmeph2.cgi
20260511T083029Z,2026-05-11T08:30:29.176610Z,20260511T083029Z_batch01,CELRZD2,2026-05-11T11:00:00Z,12 32 07.5,188.03125,+35 39 01,35.650277777777774,114.5,22.0,2.34,309.0,Map/Offsets,https://cgi.minorplanetcenter.net/cgi-bin/confirmeph2.cgi
20260511T083029Z,2026-05-11T08:30:29.176610Z,20260511T083029Z_batch01,CELRZD2,2026-05-11T12:00:00Z,12 31 58.6,187.99416666666667,+35 40 29,35.67472222222222,114.4,22.0,2.32,309.0,Map/Offsets,https://cgi.minorplanetcenter.net/cgi-bin/confirmeph2.cgi
20260511T083029Z,2026-05-11T08:30:29.176610Z,20260511T083029Z_batch01,CELRZD2,2026-05-11T13:00:00Z,12 31 49.8,187.9575,+35 41 56,35.69888888888889,114.3,22.0,2.3,309.0,Map/Offsets,https://cgi.minorplanetcenter.net/cgi-bin/confirmeph2.cgi
20260511T083029Z,2026-05-11T08:30:29.176610Z,20260511T083029Z_batch01,CELRZD2,2026-05-11T14:00:00Z,12 31 41.0,187.92083333333332,+35 43 22,35.72277777777778,114.3,22.0,2.27,308.9,Map/Offsets,https://cgi.minorplanetcenter.net/cgi-bin/confirmeph2.cgi
20260511T083029Z,2026-05-11T08:30:29.176610Z,20260511T083029Z_batch01,CELRZD2,2026-05-11T15:00:00Z,12 31 32.3,187.88458333333335,+35 44 47,35.74638888888889,114.2,22.0,2.25,308.9,Map/Offsets,https://cgi.minorplanetcenter.net/cgi-bin/confirmeph2.cgi
20260511T083029Z,2026-05-11T08:30:29.176610Z,20260511T083029Z_batch01,CELRZD2,2026-05-11T16:00:00Z,12 31 23.8,187.8491666666667,+35 46 12,35.769999999999996,114.1,22.1,2.23,308.9,Map/Offsets,https://cgi.minorplanetcenter.net/cgi-bin/confirmeph2.cgi
20260511T083029Z,2026-05-11T08:30:29.176610Z,20260511T083029Z_batch01,CELRZD2,2026-05-11T17:00:00Z,12 31 15.2,187.81333333333333,+35 47 35,35.793055555555554,114.1,22.1,2.21,308.8,Map/Offsets,https://cgi.minorplanetcenter.net/cgi-bin/confirmeph2.cgi
20260511T083029Z,2026-05-11T08:30:29.176610Z,20260511T083029Z_batch01,CELRZD2,2026-05-11T18:00:00Z,12 31 06.8,187.77833333333334,+35 48 58,35.816111111111105,114.0,22.1,2.18,308.8,Map/Offsets,https://cgi.minorplanetcenter.net/cgi-bin/confirmeph2.cgi
20260511T083029Z,2026-05-11T08:30:29.176610Z,20260511T083029Z_batch01,CELRZD2,2026-05-11T19:00:00Z,12 30 58.5,187.74374999999998,+35 50 19,35.83861111111111,113.9,22.1,2.16,308.8,Map/Offsets,https://cgi.minorplanetcenter.net/cgi-bin/confirmeph2.cgi
20260511T083029Z,2026-05-11T08:30:29.176610Z,20260511T083029Z_batch01,CELRZD2,2026-05-11T20:00:00Z,12 30 50.2,187.70916666666668,+35 51 40,35.861111111111114,113.9,22.1,2.14,308.8,Map/Offsets,https://cgi.minorplanetcenter.net/cgi-bin/confirmeph2.cgi
20260511T083029Z,2026-05-11T08:30:29.176610Z,20260511T083029Z_batch01,CELRZD2,2026-05-11T21:00:00Z,12 30 42.0,187.675,+35 53 00,35.88333333333333,113.8,22.1,2.12,308.7,Map/Offsets,https://cgi.minorplanetcenter.net/cgi-bin/confirmeph2.cgi
20260511T083029Z,2026-05-11T08:30:29.176610Z,20260511T083029Z_batch01,CELRZD2,2026-05-11T22:00:00Z,12 30 33.8,187.64083333333335,+35 54 19,35.905277777777776,113.7,22.1,2.1,308.7,Map/Offsets,https://cgi.minorplanetcenter.net/cgi-bin/confirmeph2.cgi
20260511T083029Z,2026-05-11T08:30:29.176610Z,20260511T083029Z_batch01,CELRZD2,2026-05-11T23:00:00Z,12 30 25.8,187.6075,+35 55 38,35.92722222222222,113.7,22.1,2.08,308.7,Map/Offsets,https://cgi.minorplanetcenter.net/cgi-bin/confirmeph2.cgi
20260511T083029Z,2026-05-11T08:30:29.176610Z,20260511T083029Z_batch01,CELRZD2,2026-05-12T00:00:00Z,12 30 17.8,187.57416666666666,+35 56 55,35.948611111111106,113.6,22.1,2.06,308.7,Map/Offsets,https://cgi.minorplanetcenter.net/cgi-bin/confirmeph2.cgi
20260511T083029Z,2026-05-11T08:30:29.176610Z,20260511T083029Z_batch01,CELRZD2,2026-05-12T01:00:00Z,12 30 09.9,187.54125000000002,+35 58 12,35.97,113.5,22.2,2.04,308.6,Map/Offsets,https://cgi.minorplanetcenter.net/cgi-bin/confirmeph2.cgi
20260511T083029Z,2026-05-11T08:30:29.176610Z,20260511T083029Z_batch01,CELRZD2,2026-05-12T02:00:00Z,12 30 02.0,187.50833333333333,+35 59 28,35.99111111111111,113.5,22.2,2.02,308.6,Map/Offsets,https://cgi.minorplanetcenter.net/cgi-bin/confirmeph2.cgi
20260511T083029Z,2026-05-11T08:30:29.176610Z,20260511T083029Z_batch01,CELRZD2,2026-05-12T03:00:00Z,12 29 54.3,187.47625,+36 00 44,36.01222222222222,113.4,22.2,2.0,308.6,Map/Offsets,https://cgi.minorplanetcenter.net/cgi-bin/confirmeph2.cgi
20260511T083029Z,2026-05-11T08:30:29.176610Z,20260511T083029Z_batch01,CELRZD2,2026-05-12T04:00:00Z,12 29 46.6,187.44416666666666,+36 01 58,36.032777777777774,113.4,22.2,1.98,308.5,Map/Offsets,https://cgi.minorplanetcenter.net/cgi-bin/confirmeph2.cgi
20260511T083029Z,2026-05-11T08:30:29.176610Z,20260511T083029Z_batch01,CELRZD2,2026-05-12T05:00:00Z,12 29 38.9,187.4120833333333,+36 03 12,36.05333333333333,113.3,22.2,1.96,308.5,Map/Offsets,https://cgi.minorplanetcenter.net/cgi-bin/confirmeph2.cgi
20260511T083029Z,2026-05-11T08:30:29.176610Z,20260511T083029Z_batch01,CELRZD2,2026-05-12T06:00:00Z,12 29 31.4,187.3808333333333,+36 04 25,36.07361111111111,113.2,22.2,1.94,308.5,Map/Offsets,https://cgi.minorplanetcenter.net/cgi-bin/confirmeph2.cgi
20260511T083029Z,2026-05-11T08:30:29.176610Z,20260511T083029Z_batch01,CELRZD2,2026-05-12T07:00:00Z,12 29 23.8,187.34916666666666,+36 05 37,36.093611111111116,113.2,22.2,1.93,308.5,Map/Offsets,https://cgi.minorplanetcenter.net/cgi-bin/confirmeph2.cgi
20260511T083029Z,2026-05-11T08:30:29.176610Z,20260511T083029Z_batch01,TF26E23,2026-05-11T07:00:00Z,13 01 21.6,195.34,-04 13 57,-4.2325,145.5,17.4,3.78,293.6,Map/Offsets,https://cgi.minorplanetcenter.net/cgi-bin/confirmeph2.cgi
20260511T083029Z,2026-05-11T08:30:29.176610Z,20260511T083029Z_batch01,TF26E23,2026-05-11T08:00:00Z,13 01 07.8,195.28250000000003,-04 12 27,-4.2075000000000005,145.4,17.4,3.73,293.6,Map/Offsets,https://cgi.minorplanetcenter.net/cgi-bin/confirmeph2.cgi
20260511T083029Z,2026-05-11T08:30:29.176610Z,20260511T083029Z_batch01,TF26E23,2026-05-11T09:00:00Z,13 00 54.2,195.22583333333333,-04 10 58,-4.182777777777778,145.2,17.5,3.68,293.6,Map/Offsets,https://cgi.minorplanetcenter.net/cgi-bin/confirmeph2.cgi
20260511T083029Z,2026-05-11T08:30:29.176610Z,20260511T083029Z_batch01,TF26E23,2026-05-11T10:00:00Z,13 00 40.7,195.16958333333332,-04 09 30,-4.158333333333334,145.1,17.5,3.64,293.6,Map/Offsets,https://cgi.minorplanetcenter.net/cgi-bin/confirmeph2.cgi
20260511T083029Z,2026-05-11T08:30:29.176610Z,20260511T083029Z_batch01,TF26E23,2026-05-11T11:00:00Z,13 00 27.4,195.11416666666665,-04 08 03,-4.134166666666667,145.0,17.5,3.59,293.6,Map/Offsets,https://cgi.minorplanetcenter.net/cgi-bin/confirmeph2.cgi
20260511T083029Z,2026-05-11T08:30:29.176610Z,20260511T083029Z_batch01,TF26E23,2026-05-11T12:00:00Z,13 00 14.3,195.05958333333334,-04 06 37,-4.110277777777777,144.9,17.5,3.54,293.6,Map/Offsets,https://cgi.minorplanetcenter.net/cgi-bin/confirmeph2.cgi
20260511T083029Z,2026-05-11T08:30:29.176610Z,20260511T083029Z_batch01,TF26E23,2026-05-11T13:00:00Z,13 00 01.4,195.00583333333333,-04 05 12,-4.086666666666666,144.8,17.5,3.5,293.6,Map/Offsets,https://cgi.minorplanetcenter.net/cgi-bin/confirmeph2.cgi
20260511T083029Z,2026-05-11T08:30:29.176610Z,20260511T083029Z_batch01,TF26E23,2026-05-11T14:00:00Z,12 59 48.7,194.95291666666665,-04 03 49,-4.063611111111111,144.8,17.5,3.45,293.6,Map/Offsets,https://cgi.minorplanetcenter.net/cgi-bin/confirmeph2.cgi
20260511T083029Z,2026-05-11T08:30:29.176610Z,20260511T083029Z_batch01,TF26E23,2026-05-11T15:00:00Z,12 59 36.1,194.90041666666664,-04 02 26,-4.040555555555556,144.7,17.6,3.41,293.6,Map/Offsets,https://cgi.minorplanetcenter.net/cgi-bin/confirmeph2.cgi
20260511T083029Z,2026-05-11T08:30:29.176610Z,20260511T083029Z_batch01,TF26E23,2026-05-11T16:00:00Z,12 59 23.6,194.84833333333333,-04 01 05,-4.018055555555556,144.6,17.6,3.37,293.6,Map/Offsets,https://cgi.minorplanetcenter.net/cgi-bin/confirmeph2.cgi
20260511T083029Z,2026-05-11T08:30:29.176610Z,20260511T083029Z_batch01,TF26E23,2026-05-11T17:00:00Z,12 59 11.3,194.79708333333332,-03 59 44,-3.9955555555555557,144.5,17.6,3.32,293.6,Map/Offsets,https://cgi.minorplanetcenter.net/cgi-bin/confirmeph2.cgi
20260511T083029Z,2026-05-11T08:30:29.176610Z,20260511T083029Z_batch01,TF26E23,2026-05-11T18:00:00Z,12 58 59.2,194.74666666666667,-03 58 25,-3.9736111111111114,144.4,17.6,3.28,293.6,Map/Offsets,https://cgi.minorplanetcenter.net/cgi-bin/confirmeph2.cgi
20260511T083029Z,2026-05-11T08:30:29.176610Z,20260511T083029Z_batch01,TF26E23,2026-05-11T19:00:00Z,12 58 47.2,194.6966666666667,-03 57 06,-3.9516666666666667,144.3,17.6,3.24,293.6,Map/Offsets,https://cgi.minorplanetcenter.net/cgi-bin/confirmeph2.cgi
20260511T083029Z,2026-05-11T08:30:29.176610Z,20260511T083029Z_batch01,TF26E23,2026-05-11T20:00:00Z,12 58 35.4,194.6475,-03 55 49,-3.9302777777777775,144.2,17.6,3.2,293.6,Map/Offsets,https://cgi.minorplanetcenter.net/cgi-bin/confirmeph2.cgi
20260511T083029Z,2026-05-11T08:30:29.176610Z,20260511T083029Z_batch01,TF26E23,2026-05-11T21:00:00Z,12 58 23.7,194.59875,-03 54 32,-3.908888888888889,144.1,17.7,3.16,293.7,Map/Offsets,https://cgi.minorplanetcenter.net/cgi-bin/confirmeph2.cgi
20260511T083029Z,2026-05-11T08:30:29.176610Z,20260511T083029Z_batch01,TF26E23,2026-05-11T22:00:00Z,12 58 12.2,194.55083333333334,-03 53 17,-3.8880555555555554,144.0,17.7,3.12,293.7,Map/Offsets,https://cgi.minorplanetcenter.net/cgi-bin/confirmeph2.cgi
20260511T083029Z,2026-05-11T08:30:29.176610Z,20260511T083029Z_batch01,TF26E23,2026-05-11T23:00:00Z,12 58 00.8,194.50333333333333,-03 52 02,-3.8672222222222223,143.9,17.7,3.08,293.7,Map/Offsets,https://cgi.minorplanetcenter.net/cgi-bin/confirmeph2.cgi
20260511T083029Z,2026-05-11T08:30:29.176610Z,20260511T083029Z_batch01,TF26E23,2026-05-12T00:00:00Z,12 57 49.5,194.45624999999998,-03 50 48,-3.8466666666666667,143.8,17.7,3.05,293.7,Map/Offsets,https://cgi.minorplanetcenter.net/cgi-bin/confirmeph2.cgi
20260511T083029Z,2026-05-11T08:30:29.176610Z,20260511T083029Z_batch01,TF26E23,2026-05-12T01:00:00Z,12 57 38.4,194.41,-03 49 35,-3.826388888888889,143.7,17.7,3.01,293.7,Map/Offsets,https://cgi.minorplanetcenter.net/cgi-bin/confirmeph2.cgi
20260511T083029Z,2026-05-11T08:30:29.176610Z,20260511T083029Z_batch01,TF26E23,2026-05-12T02:00:00Z,12 57 27.4,194.36416666666665,-03 48 23,-3.806388888888889,143.6,17.7,2.97,293.7,Map/Offsets,https://cgi.minorplanetcenter.net/cgi-bin/confirmeph2.cgi
20260511T083029Z,2026-05-11T08:30:29.176610Z,20260511T083029Z_batch01,TF26E23,2026-05-12T03:00:00Z,12 57 16.6,194.31916666666663,-03 47 12,-3.7866666666666666,143.5,17.7,2.94,293.7,Map/Offsets,https://cgi.minorplanetcenter.net/cgi-bin/confirmeph2.cgi
20260511T083029Z,2026-05-11T08:30:29.176610Z,20260511T083029Z_batch01,TF26E23,2026-05-12T04:00:00Z,12 57 05.9,194.27458333333334,-03 46 02,-3.7672222222222222,143.5,17.8,2.9,293.7,Map/Offsets,https://cgi.minorplanetcenter.net/cgi-bin/confirmeph2.cgi
20260511T083029Z,2026-05-11T08:30:29.176610Z,20260511T083029Z_batch01,TF26E23,2026-05-12T05:00:00Z,12 56 55.3,194.23041666666668,-03 44 52,-3.747777777777778,143.4,17.8,2.87,293.7,Map/Offsets,https://cgi.minorplanetcenter.net/cgi-bin/confirmeph2.cgi
20260511T083029Z,2026-05-11T08:30:29.176610Z,20260511T083029Z_batch01,TF26E23,2026-05-12T06:00:00Z,12 56 44.8,194.18666666666667,-03 43 44,-3.728888888888889,143.3,17.8,2.83,293.7,Map/Offsets,https://cgi.minorplanetcenter.net/cgi-bin/confirmeph2.cgi
20260511T083029Z,2026-05-11T08:30:29.176610Z,20260511T083029Z_batch01,TF26E23,2026-05-12T07:00:00Z,12 56 34.5,194.14375,-03 42 36,-3.71,143.2,17.8,2.8,293.7,Map/Offsets,https://cgi.minorplanetcenter.net/cgi-bin/confirmeph2.cgi
20260511T083029Z,2026-05-11T08:30:29.176610Z,20260511T083029Z_batch01,ZTF10Dl,2026-05-11T07:00:00Z,18 41 01.8,280.2575,-15 31 35,-15.52638888888889,129.9,20.7,9.79,90.3,Map/Offsets   !,https://cgi.minorplanetcenter.net/cgi-bin/confirmeph2.cgi
20260511T083029Z,2026-05-11T08:30:29.176610Z,20260511T083029Z_batch01,ZTF10Dl,2026-05-11T08:00:00Z,18 41 41.9,280.4245833333333,-15 31 38,-15.527222222222223,129.7,20.7,9.54,90.3,Map/Offsets   !,https://cgi.minorplanetcenter.net/cgi-bin/confirmeph2.cgi
20260511T083029Z,2026-05-11T08:30:29.176610Z,20260511T083029Z_batch01,ZTF10Dl,2026-05-11T09:00:00Z,18 42 21.0,280.5875,-15 31 40,-15.527777777777779,129.6,20.8,9.3,90.2,Map/Offsets   !,https://cgi.minorplanetcenter.net/cgi-bin/confirmeph2.cgi
20260511T083029Z,2026-05-11T08:30:29.176610Z,20260511T083029Z_batch01,ZTF10Dl,2026-05-11T10:00:00Z,18 42 59.1,280.74625000000003,-15 31 42,-15.528333333333334,129.5,20.8,9.08,90.2,Map/Offsets   !,https://cgi.minorplanetcenter.net/cgi-bin/confirmeph2.cgi
20260511T083029Z,2026-05-11T08:30:29.176610Z,20260511T083029Z_batch01,ZTF10Dl,2026-05-11T11:00:00Z,18 43 36.4,280.90166666666664,-15 31 44,-15.52888888888889,129.4,20.8,8.85,90.1,Map/Offsets   !,https://cgi.minorplanetcenter.net/cgi-bin/confirmeph2.cgi
20260511T083029Z,2026-05-11T08:30:29.176610Z,20260511T083029Z_batch01,ZTF10Dl,2026-05-11T12:00:00Z,18 44 12.7,281.05291666666665,-15 31 45,-15.529166666666667,129.3,20.9,8.64,90.1,Map/Offsets   !,https://cgi.minorplanetcenter.net/cgi-bin/confirmeph2.cgi
20260511T083029Z,2026-05-11T08:30:29.176610Z,20260511T083029Z_batch01,ZTF10Dl,2026-05-11T13:00:00Z,18 44 48.1,281.2004166666667,-15 31 46,-15.529444444444445,129.2,20.9,8.44,90.1,Map/Offsets   !,https://cgi.minorplanetcenter.net/cgi-bin/confirmeph2.cgi
20260511T083029Z,2026-05-11T08:30:29.176610Z,20260511T083029Z_batch01,ZTF10Dl,2026-05-11T14:00:00Z,18 45 22.7,281.34458333333333,-15 31 46,-15.529444444444445,129.1,20.9,8.24,90.0,Map/Offsets   !,https://cgi.minorplanetcenter.net/cgi-bin/confirmeph2.cgi
20260511T083029Z,2026-05-11T08:30:29.176610Z,20260511T083029Z_batch01,ZTF10Dl,2026-05-11T15:00:00Z,18 45 56.5,281.4854166666667,-15 31 47,-15.529722222222222,129.0,20.9,8.05,90.0,Map/Offsets   !,https://cgi.minorplanetcenter.net/cgi-bin/confirmeph2.cgi
20260511T083029Z,2026-05-11T08:30:29.176610Z,20260511T083029Z_batch01,ZTF10Dl,2026-05-11T16:00:00Z,18 46 29.6,281.62333333333333,-15 31 47,-15.529722222222222,128.9,21.0,7.86,90.0,Map/Offsets   !,https://cgi.minorplanetcenter.net/cgi-bin/confirmeph2.cgi
20260511T083029Z,2026-05-11T08:30:29.176610Z,20260511T083029Z_batch01,ZTF10Dl,2026-05-11T17:00:00Z,18 47 01.8,281.7575,-15 31 46,-15.529444444444445,128.8,21.0,7.68,89.9,Map/Offsets   !,https://cgi.minorplanetcenter.net/cgi-bin/confirmeph2.cgi
20260511T083029Z,2026-05-11T08:30:29.176610Z,20260511T083029Z_batch01,ZTF10Dl,2026-05-11T18:00:00Z,18 47 33.4,281.8891666666667,-15 31 46,-15.529444444444445,128.8,21.0,7.51,89.9,Map/Offsets   !,https://cgi.minorplanetcenter.net/cgi-bin/confirmeph2.cgi
20260511T083029Z,2026-05-11T08:30:29.176610Z,20260511T083029Z_batch01,ZTF10Dl,2026-05-11T19:00:00Z,18 48 04.2,282.0175,-15 31 45,-15.529166666666667,128.7,21.0,7.34,89.9,Map/Offsets   !,https://cgi.minorplanetcenter.net/cgi-bin/confirmeph2.cgi
20260511T083029Z,2026-05-11T08:30:29.176610Z,20260511T083029Z_batch01,ZTF10Dl,2026-05-11T20:00:00Z,18 48 34.4,282.1433333333333,-15 31 44,-15.52888888888889,128.6,21.1,7.18,89.8,Map/Offsets   !,https://cgi.minorplanetcenter.net/cgi-bin/confirmeph2.cgi
20260511T083029Z,2026-05-11T08:30:29.176610Z,20260511T083029Z_batch01,ZTF10Dl,2026-05-11T21:00:00Z,18 49 03.8,282.2658333333333,-15 31 42,-15.528333333333334,128.5,21.1,7.02,89.8,Map/Offsets   !,https://cgi.minorplanetcenter.net/cgi-bin/confirmeph2.cgi
20260511T083029Z,2026-05-11T08:30:29.176610Z,20260511T083029Z_batch01,ZTF10Dl,2026-05-11T22:00:00Z,18 49 32.7,282.38625,-15 31 41,-15.528055555555556,128.4,21.1,6.87,89.8,Map/Offsets   !,https://cgi.minorplanetcenter.net/cgi-bin/confirmeph2.cgi
20260511T083029Z,2026-05-11T08:30:29.176610Z,20260511T083029Z_batch01,ZTF10Dl,2026-05-11T23:00:00Z,18 50 00.9,282.50375,-15 31 39,-15.527500000000002,128.4,21.1,6.73,89.8,Map/Offsets   !,https://cgi.minorplanetcenter.net/cgi-bin/confirmeph2.cgi
20260511T083029Z,2026-05-11T08:30:29.176610Z,20260511T083029Z_batch01,ZTF10Dl,2026-05-12T00:00:00Z,18 50 28.5,282.61875,-15 31 38,-15.527222222222223,128.3,21.2,6.58,89.7,Map/Offsets   !,https://cgi.minorplanetcenter.net/cgi-bin/confirmeph2.cgi
20260511T083029Z,2026-05-11T08:30:29.176610Z,20260511T083029Z_batch01,ZTF10Dl,2026-05-12T01:00:00Z,18 50 55.6,282.7316666666666,-15 31 36,-15.526666666666667,128.2,21.2,6.44,89.7,Map/Offsets   !,https://cgi.minorplanetcenter.net/cgi-bin/confirmeph2.cgi
20260511T083029Z,2026-05-11T08:30:29.176610Z,20260511T083029Z_batch01,ZTF10Dl,2026-05-12T02:00:00Z,18 51 22.0,282.8416666666667,-15 31 34,-15.526111111111112,128.2,21.2,6.31,89.7,Map/Offsets   !,https://cgi.minorplanetcenter.net/cgi-bin/confirmeph2.cgi
20260511T083029Z,2026-05-11T08:30:29.176610Z,20260511T083029Z_batch01,ZTF10Dl,2026-05-12T03:00:00Z,18 51 48.0,282.95,-15 31 31,-15.525277777777779,128.1,21.2,6.18,89.7,Map/Offsets   !,https://cgi.minorplanetcenter.net/cgi-bin/confirmeph2.cgi
20260511T083029Z,2026-05-11T08:30:29.176610Z,20260511T083029Z_batch01,ZTF10Dl,2026-05-12T04:00:00Z,18 52 13.4,283.05583333333334,-15 31 29,-15.524722222222223,128.0,21.3,6.05,89.6,Map/Offsets   !,https://cgi.minorplanetcenter.net/cgi-bin/confirmeph2.cgi
20260511T083029Z,2026-05-11T08:30:29.176610Z,20260511T083029Z_batch01,ZTF10Dl,2026-05-12T05:00:00Z,18 52 38.2,283.1591666666667,-15 31 27,-15.524166666666668,128.0,21.3,5.93,89.6,Map/Offsets   !,https://cgi.minorplanetcenter.net/cgi-bin/confirmeph2.cgi
20260511T083029Z,2026-05-11T08:30:29.176610Z,20260511T083029Z_batch01,ZTF10Dl,2026-05-12T06:00:00Z,18 53 02.6,283.2608333333333,-15 31 24,-15.523333333333333,127.9,21.3,5.81,89.6,Map/Offsets   !,https://cgi.minorplanetcenter.net/cgi-bin/confirmeph2.cgi
20260511T083029Z,2026-05-11T08:30:29.176610Z,20260511T083029Z_batch01,ZTF10Dl,2026-05-12T07:00:00Z,18 53 26.5,283.3604166666667,-15 31 22,-15.522777777777778,127.9,21.3,5.7,89.6,Map/Offsets   !,https://cgi.minorplanetcenter.net/cgi-bin/confirmeph2.cgi
20260511T083029Z,2026-05-11T08:30:29.176610Z,20260511T083029Z_batch01,ST26E14,2026-05-11T07:00:00Z,13 22 20.6,200.58583333333334,-03 26 43,-3.445277777777778,149.7,17.9,1.19,305.2,Map/Offsets,https://cgi.minorplanetcenter.net/cgi-bin/confirmeph2.cgi
20260511T083029Z,2026-05-11T08:30:29.176610Z,20260511T083029Z_batch01,ST26E14,2026-05-11T08:00:00Z,13 22 16.7,200.56958333333336,-03 26 02,-3.433888888888889,149.7,17.9,1.19,305.3,Map/Offsets,https://cgi.minorplanetcenter.net/cgi-bin/confirmeph2.cgi
20260511T083029Z,2026-05-11T08:30:29.176610Z,20260511T083029Z_batch01,ST26E14,2026-05-11T09:00:00Z,13 22 12.8,200.55333333333334,-03 25 20,-3.422222222222222,149.6,17.9,1.19,305.3,Map/Offsets,https://cgi.minorplanetcenter.net/cgi-bin/confirmeph2.cgi
20260511T083029Z,2026-05-11T08:30:29.176610Z,20260511T083029Z_batch01,ST26E14,2026-05-11T10:00:00Z,13 22 08.9,200.53708333333333,-03 24 39,-3.410833333333333,149.5,17.9,1.19,305.3,Map/Offsets,https://cgi.minorplanetcenter.net/cgi-bin/confirmeph2.cgi
20260511T083029Z,2026-05-11T08:30:29.176610Z,20260511T083029Z_batch01,ST26E14,2026-05-11T11:00:00Z,13 22 05.0,200.52083333333334,-03 23 58,-3.3994444444444443,149.5,17.9,1.19,305.3,Map/Offsets,https://cgi.minorplanetcenter.net/cgi-bin/confirmeph2.cgi
20260511T083029Z,2026-05-11T08:30:29.176610Z,20260511T083029Z_batch01,ST26E14,2026-05-11T12:00:00Z,13 22 01.1,200.50458333333336,-03 23 16,-3.3877777777777776,149.4,17.9,1.2,305.3,Map/Offsets,https://cgi.minorplanetcenter.net/cgi-bin/confirmeph2.cgi
20260511T083029Z,2026-05-11T08:30:29.176610Z,20260511T083029Z_batch01,ST26E14,2026-05-11T13:00:00Z,13 21 57.2,200.48833333333332,-03 22 35,-3.376388888888889,149.4,17.9,1.2,305.3,Map/Offsets,https://cgi.minorplanetcenter.net/cgi-bin/confirmeph2.cgi
20260511T083029Z,2026-05-11T08:30:29.176610Z,20260511T083029Z_batch01,ST26E14,2026-05-11T14:00:00Z,13 21 53.3,200.47208333333333,-03 21 53,-3.3647222222222224,149.3,17.9,1.2,305.3,Map/Offsets,https://cgi.minorplanetcenter.net/cgi-bin/confirmeph2.cgi
20260511T083029Z,2026-05-11T08:30:29.176610Z,20260511T083029Z_batch01,ST26E14,2026-05-11T15:00:00Z,13 21 49.4,200.45583333333332,-03 21 12,-3.3533333333333335,149.2,17.9,1.2,305.3,Map/Offsets,https://cgi.minorplanetcenter.net/cgi-bin/confirmeph2.cgi
20260511T083029Z,2026-05-11T08:30:29.176610Z,20260511T083029Z_batch01,ST26E14,2026-05-11T16:00:00Z,13 21 45.5,200.43958333333333,-03 20 30,-3.341666666666667,149.2,17.9,1.2,305.3,Map/Offsets,https://cgi.minorplanetcenter.net/cgi-bin/confirmeph2.cgi
20260511T083029Z,2026-05-11T08:30:29.176610Z,20260511T083029Z_batch01,ST26E14,2026-05-11T17:00:00Z,13 21 41.5,200.42291666666665,-03 19 49,-3.3302777777777774,149.1,17.9,1.2,305.3,Map/Offsets,https://cgi.minorplanetcenter.net/cgi-bin/confirmeph2.cgi
20260511T083029Z,2026-05-11T08:30:29.176610Z,20260511T083029Z_batch01,ST26E14,2026-05-11T18:00:00Z,13 21 37.6,200.40666666666664,-03 19 07,-3.3186111111111107,149.1,17.9,1.2,305.3,Map/Offsets,https://cgi.minorplanetcenter.net/cgi-bin/confirmeph2.cgi
20260511T083029Z,2026-05-11T08:30:29.176610Z,20260511T083029Z_batch01,ST26E14,2026-05-11T19:00:00Z,13 21 33.7,200.39041666666668,-03 18 25,-3.3069444444444445,149.0,17.9,1.2,305.3,Map/Offsets,https://cgi.minorplanetcenter.net/cgi-bin/confirmeph2.cgi
20260511T083029Z,2026-05-11T08:30:29.176610Z,20260511T083029Z_batch01,ST26E14,2026-05-11T20:00:00Z,13 21 29.8,200.37416666666667,-03 17 44,-3.2955555555555556,148.9,17.9,1.2,305.4,Map/Offsets,https://cgi.minorplanetcenter.net/cgi-bin/confirmeph2.cgi
20260511T083029Z,2026-05-11T08:30:29.176610Z,20260511T083029Z_batch01,ST26E14,2026-05-11T21:00:00Z,13 21 25.8,200.3575,-03 17 02,-3.283888888888889,148.9,17.9,1.2,305.4,Map/Offsets,https://cgi.minorplanetcenter.net/cgi-bin/confirmeph2.cgi
20260511T083029Z,2026-05-11T08:30:29.176610Z,20260511T083029Z_batch01,ST26E14,2026-05-11T22:00:00Z,13 21 21.9,200.34124999999997,-03 16 20,-3.272222222222222,148.8,17.9,1.2,305.4,Map/Offsets,https://cgi.minorplanetcenter.net/cgi-bin/confirmeph2.cgi
20260511T083029Z,2026-05-11T08:30:29.176610Z,20260511T083029Z_batch01,ST26E14,2026-05-11T23:00:00Z,13 21 18.0,200.32500000000002,-03 15 38,-3.2605555555555554,148.8,17.9,1.2,305.4,Map/Offsets,https://cgi.minorplanetcenter.net/cgi-bin/confirmeph2.cgi
20260511T083029Z,2026-05-11T08:30:29.176610Z,20260511T083029Z_batch01,ST26E14,2026-05-12T00:00:00Z,13 21 14.1,200.30875,-03 14 57,-3.2491666666666665,148.7,17.9,1.2,305.4,Map/Offsets,https://cgi.minorplanetcenter.net/cgi-bin/confirmeph2.cgi
20260511T083029Z,2026-05-11T08:30:29.176610Z,20260511T083029Z_batch01,ST26E14,2026-05-12T01:00:00Z,13 21 10.1,200.29208333333332,-03 14 15,-3.2375000000000003,148.6,17.9,1.21,305.4,Map/Offsets,https://cgi.minorplanetcenter.net/cgi-bin/confirmeph2.cgi
20260511T083029Z,2026-05-11T08:30:29.176610Z,20260511T083029Z_batch01,ST26E14,2026-05-12T02:00:00Z,13 21 06.2,200.2758333333333,-03 13 33,-3.2258333333333336,148.6,17.9,1.21,305.4,Map/Offsets,https://cgi.minorplanetcenter.net/cgi-bin/confirmeph2.cgi
20260511T083029Z,2026-05-11T08:30:29.176610Z,20260511T083029Z_batch01,ST26E14,2026-05-12T03:00:00Z,13 21 02.2,200.25916666666666,-03 12 51,-3.214166666666667,148.5,17.9,1.21,305.4,Map/Offsets,https://cgi.minorplanetcenter.net/cgi-bin/confirmeph2.cgi
20260511T083029Z,2026-05-11T08:30:29.176610Z,20260511T083029Z_batch01,ST26E14,2026-05-12T04:00:00Z,13 20 58.3,200.24291666666667,-03 12 09,-3.2025,148.5,17.9,1.21,305.4,Map/Offsets,https://cgi.minorplanetcenter.net/cgi-bin/confirmeph2.cgi
20260511T083029Z,2026-05-11T08:30:29.176610Z,20260511T083029Z_batch01,ST26E14,2026-05-12T05:00:00Z,13 20 54.3,200.22625,-03 11 27,-3.190833333333333,148.4,17.9,1.21,305.4,Map/Offsets,https://cgi.minorplanetcenter.net/cgi-bin/confirmeph2.cgi
20260511T083029Z,2026-05-11T08:30:29.176610Z,20260511T083029Z_batch01,ST26E14,2026-05-12T06:00:00Z,13 20 50.4,200.21,-03 10 45,-3.1791666666666667,148.3,17.9,1.21,305.4,Map/Offsets,https://cgi.minorplanetcenter.net/cgi-bin/confirmeph2.cgi
20260511T083029Z,2026-05-11T08:30:29.176610Z,20260511T083029Z_batch01,ST26E14,2026-05-12T07:00:00Z,13 20 46.5,200.19375000000002,-03 10 03,-3.1675,148.3,17.9,1.21,305.4,Map/Offsets,https://cgi.minorplanetcenter.net/cgi-bin/confirmeph2.cgi
20260511T083029Z,2026-05-11T08:30:29.176610Z,20260511T083029Z_batch01,P22n0vC,2026-05-11T07:00:00Z,14 48 54.6,222.22750000000002,+09 51 00,9.85,151.8,22.4,0.98,248.3,Map/Offsets,https://cgi.minorplanetcenter.net/cgi-bin/confirmeph2.cgi
20260511T083029Z,2026-05-11T08:30:29.176610Z,20260511T083029Z_batch01,P22n0vC,2026-05-11T08:00:00Z,14 48 50.9,222.21208333333334,+09 50 38,9.84388888888889,151.8,22.4,0.98,248.3,Map/Offsets,https://cgi.minorplanetcenter.net/cgi-bin/confirmeph2.cgi
20260511T083029Z,2026-05-11T08:30:29.176610Z,20260511T083029Z_batch01,P22n0vC,2026-05-11T09:00:00Z,14 48 47.2,222.1966666666667,+09 50 16,9.837777777777779,151.8,22.4,0.98,248.3,Map/Offsets,https://cgi.minorplanetcenter.net/cgi-bin/confirmeph2.cgi
20260511T083029Z,2026-05-11T08:30:29.176610Z,20260511T083029Z_batch01,P22n0vC,2026-05-11T10:00:00Z,14 48 43.5,222.18125,+09 49 54,9.831666666666667,151.8,22.4,0.98,248.2,Map/Offsets,https://cgi.minorplanetcenter.net/cgi-bin/confirmeph2.cgi
20260511T083029Z,2026-05-11T08:30:29.176610Z,20260511T083029Z_batch01,P22n0vC,2026-05-11T11:00:00Z,14 48 39.8,222.16583333333335,+09 49 32,9.825555555555555,151.7,22.4,0.98,248.2,Map/Offsets,https://cgi.minorplanetcenter.net/cgi-bin/confirmeph2.cgi
20260511T083029Z,2026-05-11T08:30:29.176610Z,20260511T083029Z_batch01,P22n0vC,2026-05-11T12:00:00Z,14 48 36.1,222.15041666666667,+09 49 11,9.819722222222222,151.7,22.4,0.98,248.1,Map/Offsets,https://cgi.minorplanetcenter.net/cgi-bin/confirmeph2.cgi
20260511T083029Z,2026-05-11T08:30:29.176610Z,20260511T083029Z_batch01,P22n0vC,2026-05-11T13:00:00Z,14 48 32.4,222.13500000000002,+09 48 49,9.813611111111111,151.7,22.4,0.98,248.1,Map/Offsets,https://cgi.minorplanetcenter.net/cgi-bin/confirmeph2.cgi
20260511T083029Z,2026-05-11T08:30:29.176610Z,20260511T083029Z_batch01,P22n0vC,2026-05-11T14:00:00Z,14 48 28.7,222.11958333333334,+09 48 27,9.807500000000001,151.7,22.4,0.98,248.1,Map/Offsets,https://cgi.minorplanetcenter.net/cgi-bin/confirmeph2.cgi
20260511T083029Z,2026-05-11T08:30:29.176610Z,20260511T083029Z_batch01,P22n0vC,2026-05-11T15:00:00Z,14 48 25.0,222.10416666666669,+09 48 05,9.801388888888889,151.7,22.4,0.98,248.0,Map/Offsets,https://cgi.minorplanetcenter.net/cgi-bin/confirmeph2.cgi
20260511T083029Z,2026-05-11T08:30:29.176610Z,20260511T083029Z_batch01,P22n0vC,2026-05-11T16:00:00Z,14 48 21.3,222.08875,+09 47 42,9.795,151.7,22.4,0.98,248.0,Map/Offsets,https://cgi.minorplanetcenter.net/cgi-bin/confirmeph2.cgi
20260511T083029Z,2026-05-11T08:30:29.176610Z,20260511T083029Z_batch01,P22n0vC,2026-05-11T17:00:00Z,14 48 17.6,222.07333333333335,+09 47 20,9.78888888888889,151.6,22.4,0.98,247.9,Map/Offsets,https://cgi.minorplanetcenter.net/cgi-bin/confirmeph2.cgi
20260511T083029Z,2026-05-11T08:30:29.176610Z,20260511T083029Z_batch01,P22n0vC,2026-05-11T18:00:00Z,14 48 13.9,222.0579166666667,+09 46 58,9.78277777777778,151.6,22.4,0.98,247.9,Map/Offsets,https://cgi.minorplanetcenter.net/cgi-bin/confirmeph2.cgi
20260511T083029Z,2026-05-11T08:30:29.176610Z,20260511T083029Z_batch01,P22n0vC,2026-05-11T19:00:00Z,14 48 10.2,222.04250000000002,+09 46 36,9.776666666666667,151.6,22.4,0.98,247.8,Map/Offsets,https://cgi.minorplanetcenter.net/cgi-bin/confirmeph2.cgi
20260511T083029Z,2026-05-11T08:30:29.176610Z,20260511T083029Z_batch01,P22n0vC,2026-05-11T20:00:00Z,14 48 06.5,222.02708333333337,+09 46 14,9.770555555555557,151.6,22.4,0.98,247.8,Map/Offsets,https://cgi.minorplanetcenter.net/cgi-bin/confirmeph2.cgi
20260511T083029Z,2026-05-11T08:30:29.176610Z,20260511T083029Z_batch01,P22n0vC,2026-05-11T21:00:00Z,14 48 02.8,222.01166666666668,+09 45 51,9.764166666666666,151.6,22.4,0.98,247.8,Map/Offsets,https://cgi.minorplanetcenter.net/cgi-bin/confirmeph2.cgi
20260511T083029Z,2026-05-11T08:30:29.176610Z,20260511T083029Z_batch01,P22n0vC,2026-05-11T22:00:00Z,14 47 59.1,221.99625,+09 45 29,9.758055555555556,151.6,22.4,0.98,247.7,Map/Offsets,https://cgi.minorplanetcenter.net/cgi-bin/confirmeph2.cgi
20260511T083029Z,2026-05-11T08:30:29.176610Z,20260511T083029Z_batch01,P22n0vC,2026-05-11T23:00:00Z,14 47 55.4,221.98083333333335,+09 45 07,9.751944444444444,151.5,22.4,0.98,247.7,Map/Offsets,https://cgi.minorplanetcenter.net/cgi-bin/confirmeph2.cgi
20260511T083029Z,2026-05-11T08:30:29.176610Z,20260511T083029Z_batch01,P22n0vC,2026-05-12T00:00:00Z,14 47 51.7,221.96541666666667,+09 44 44,9.745555555555555,151.5,22.4,0.98,247.6,Map/Offsets,https://cgi.minorplanetcenter.net/cgi-bin/confirmeph2.cgi
20260511T083029Z,2026-05-11T08:30:29.176610Z,20260511T083029Z_batch01,P22n0vC,2026-05-12T01:00:00Z,14 47 48.0,221.95,+09 44 22,9.739444444444443,151.5,22.4,0.98,247.6,Map/Offsets,https://cgi.minorplanetcenter.net/cgi-bin/confirmeph2.cgi
20260511T083029Z,2026-05-11T08:30:29.176610Z,20260511T083029Z_batch01,P22n0vC,2026-05-12T02:00:00Z,14 47 44.3,221.9345833333333,+09 43 59,9.733055555555556,151.5,22.4,0.98,247.6,Map/Offsets,https://cgi.minorplanetcenter.net/cgi-bin/confirmeph2.cgi
20260511T083029Z,2026-05-11T08:30:29.176610Z,20260511T083029Z_batch01,P22n0vC,2026-05-12T03:00:00Z,14 47 40.7,221.91958333333332,+09 43 37,9.726944444444445,151.5,22.4,0.98,247.5,Map/Offsets,https://cgi.minorplanetcenter.net/cgi-bin/confirmeph2.cgi
20260511T083029Z,2026-05-11T08:30:29.176610Z,20260511T083029Z_batch01,P22n0vC,2026-05-12T04:00:00Z,14 47 37.0,221.90416666666667,+09 43 14,9.720555555555556,151.5,22.4,0.98,247.5,Map/Offsets,https://cgi.minorplanetcenter.net/cgi-bin/confirmeph2.cgi
20260511T083029Z,2026-05-11T08:30:29.176610Z,20260511T083029Z_batch01,P22n0vC,2026-05-12T05:00:00Z,14 47 33.3,221.88875,+09 42 51,9.714166666666666,151.4,22.4,0.98,247.4,Map/Offsets,https://cgi.minorplanetcenter.net/cgi-bin/confirmeph2.cgi
20260511T083029Z,2026-05-11T08:30:29.176610Z,20260511T083029Z_batch01,P22n0vC,2026-05-12T06:00:00Z,14 47 29.6,221.87333333333333,+09 42 29,9.708055555555555,151.4,22.4,0.98,247.4,Map/Offsets,https://cgi.minorplanetcenter.net/cgi-bin/confirmeph2.cgi
20260511T083029Z,2026-05-11T08:30:29.176610Z,20260511T083029Z_batch01,P22n0vC,2026-05-12T07:00:00Z,14 47 25.9,221.85791666666665,+09 42 06,9.701666666666666,151.4,22.4,0.98,247.4,Map/Offsets,https://cgi.minorplanetcenter.net/cgi-bin/confirmeph2.cgi
20260511T083029Z,2026-05-11T08:30:29.176610Z,20260511T083029Z_batch01,CELLEH2,2026-05-11T07:00:00Z,15 51 21.9,237.84124999999997,-16 19 52,-16.33111111111111,170.3,23.2,1.64,136.5,Map/Offsets   !!,https://cgi.minorplanetcenter.net/cgi-bin/confirmeph2.cgi
20260511T083029Z,2026-05-11T08:30:29.176610Z,20260511T083029Z_batch01,CELLEH2,2026-05-11T08:00:00Z,15 51 26.6,237.86083333333332,-16 21 02,-16.350555555555555,170.3,23.2,1.6,136.5,Map/Offsets   !!,https://cgi.minorplanetcenter.net/cgi-bin/confirmeph2.cgi
20260511T083029Z,2026-05-11T08:30:29.176610Z,20260511T083029Z_batch01,CELLEH2,2026-05-11T09:00:00Z,15 51 31.1,237.87958333333333,-16 22 11,-16.369722222222222,170.3,23.2,1.57,136.6,Map/Offsets   !!,https://cgi.minorplanetcenter.net/cgi-bin/confirmeph2.cgi
20260511T083029Z,2026-05-11T08:30:29.176610Z,20260511T083029Z_batch01,CELLEH2,2026-05-11T10:00:00Z,15 51 35.6,237.89833333333334,-16 23 19,-16.38861111111111,170.4,23.3,1.53,136.6,Map/Offsets   !!,https://cgi.minorplanetcenter.net/cgi-bin/confirmeph2.cgi
20260511T083029Z,2026-05-11T08:30:29.176610Z,20260511T083029Z_batch01,CELLEH2,2026-05-11T11:00:00Z,15 51 39.9,237.91625,-16 24 25,-16.40694444444444,170.4,23.3,1.5,136.6,Map/Offsets   !!,https://cgi.minorplanetcenter.net/cgi-bin/confirmeph2.cgi
20260511T083029Z,2026-05-11T08:30:29.176610Z,20260511T083029Z_batch01,CELLEH2,2026-05-11T12:00:00Z,15 51 44.1,237.93375,-16 25 29,-16.424722222222222,170.4,23.3,1.47,136.7,Map/Offsets   !!,https://cgi.minorplanetcenter.net/cgi-bin/confirmeph2.cgi
20260511T083029Z,2026-05-11T08:30:29.176610Z,20260511T083029Z_batch01,CELLEH2,2026-05-11T13:00:00Z,15 51 48.3,237.95125,-16 26 33,-16.4425,170.4,23.3,1.44,136.7,Map/Offsets   !!,https://cgi.minorplanetcenter.net/cgi-bin/confirmeph2.cgi
20260511T083029Z,2026-05-11T08:30:29.176610Z,20260511T083029Z_batch01,CELLEH2,2026-05-11T14:00:00Z,15 51 52.4,237.9683333333333,-16 27 35,-16.459722222222222,170.5,23.3,1.41,136.8,Map/Offsets   !!,https://cgi.minorplanetcenter.net/cgi-bin/confirmeph2.cgi
20260511T083029Z,2026-05-11T08:30:29.176610Z,20260511T083029Z_batch01,CELLEH2,2026-05-11T15:00:00Z,15 51 56.3,237.98458333333332,-16 28 36,-16.476666666666667,170.5,23.4,1.38,136.8,Map/Offsets   !!,https://cgi.minorplanetcenter.net/cgi-bin/confirmeph2.cgi
20260511T083029Z,2026-05-11T08:30:29.176610Z,20260511T083029Z_batch01,CELLEH2,2026-05-11T16:00:00Z,15 52 00.2,238.00083333333333,-16 29 35,-16.493055555555557,170.5,23.4,1.35,136.9,Map/Offsets   !,https://cgi.minorplanetcenter.net/cgi-bin/confirmeph2.cgi
20260511T083029Z,2026-05-11T08:30:29.176610Z,20260511T083029Z_batch01,CELLEH2,2026-05-11T17:00:00Z,15 52 04.0,238.01666666666668,-16 30 34,-16.509444444444444,170.5,23.4,1.32,136.9,Map/Offsets   !,https://cgi.minorplanetcenter.net/cgi-bin/confirmeph2.cgi
20260511T083029Z,2026-05-11T08:30:29.176610Z,20260511T083029Z_batch01,CELLEH2,2026-05-11T18:00:00Z,15 52 07.7,238.03208333333333,-16 31 31,-16.525277777777777,170.6,23.4,1.29,137.0,Map/Offsets   !,https://cgi.minorplanetcenter.net/cgi-bin/confirmeph2.cgi
20260511T083029Z,2026-05-11T08:30:29.176610Z,20260511T083029Z_batch01,CELLEH2,2026-05-11T19:00:00Z,15 52 11.4,238.0475,-16 32 27,-16.540833333333335,170.6,23.5,1.27,137.0,Map/Offsets   !,https://cgi.minorplanetcenter.net/cgi-bin/confirmeph2.cgi
20260511T083029Z,2026-05-11T08:30:29.176610Z,20260511T083029Z_batch01,CELLEH2,2026-05-11T20:00:00Z,15 52 14.9,238.06208333333333,-16 33 22,-16.55611111111111,170.6,23.5,1.24,137.1,Map/Offsets   !,https://cgi.minorplanetcenter.net/cgi-bin/confirmeph2.cgi
20260511T083029Z,2026-05-11T08:30:29.176610Z,20260511T083029Z_batch01,CELLEH2,2026-05-11T21:00:00Z,15 52 18.4,238.07666666666668,-16 34 16,-16.57111111111111,170.6,23.5,1.22,137.1,Map/Offsets   !,https://cgi.minorplanetcenter.net/cgi-bin/confirmeph2.cgi
20260511T083029Z,2026-05-11T08:30:29.176610Z,20260511T083029Z_batch01,CELLEH2,2026-05-11T22:00:00Z,15 52 21.8,238.09083333333334,-16 35 09,-16.585833333333333,170.7,23.5,1.19,137.2,Map/Offsets   !,https://cgi.minorplanetcenter.net/cgi-bin/confirmeph2.cgi
20260511T083029Z,2026-05-11T08:30:29.176610Z,20260511T083029Z_batch01,CELLEH2,2026-05-11T23:00:00Z,15 52 25.2,238.105,-16 36 01,-16.60027777777778,170.7,23.5,1.17,137.2,Map/Offsets   !,https://cgi.minorplanetcenter.net/cgi-bin/confirmeph2.cgi
20260511T083029Z,2026-05-11T08:30:29.176610Z,20260511T083029Z_batch01,CELLEH2,2026-05-12T00:00:00Z,15 52 28.5,238.11875,-16 36 52,-16.614444444444445,170.7,23.5,1.15,137.3,Map/Offsets   !,https://cgi.minorplanetcenter.net/cgi-bin/confirmeph2.cgi
20260511T083029Z,2026-05-11T08:30:29.176610Z,20260511T083029Z_batch01,CELLEH2,2026-05-12T01:00:00Z,15 52 31.7,238.13208333333336,-16 37 43,-16.628611111111113,170.7,23.6,1.12,137.4,Map/Offsets   !,https://cgi.minorplanetcenter.net/cgi-bin/confirmeph2.cgi
20260511T083029Z,2026-05-11T08:30:29.176610Z,20260511T083029Z_batch01,CELLEH2,2026-05-12T02:00:00Z,15 52 34.8,238.145,-16 38 32,-16.642222222222223,170.8,23.6,1.1,137.4,Map/Offsets   !,https://cgi.minorplanetcenter.net/cgi-bin/confirmeph2.cgi
20260511T083029Z,2026-05-11T08:30:29.176610Z,20260511T083029Z_batch01,CELLEH2,2026-05-12T03:00:00Z,15 52 37.9,238.15791666666667,-16 39 20,-16.655555555555555,170.8,23.6,1.08,137.5,Map/Offsets   !,https://cgi.minorplanetcenter.net/cgi-bin/confirmeph2.cgi
20260511T083029Z,2026-05-11T08:30:29.176610Z,20260511T083029Z_batch01,CELLEH2,2026-05-12T04:00:00Z,15 52 41.0,238.17083333333332,-16 40 08,-16.66888888888889,170.8,23.6,1.06,137.5,Map/Offsets   !,https://cgi.minorplanetcenter.net/cgi-bin/confirmeph2.cgi
20260511T083029Z,2026-05-11T08:30:29.176610Z,20260511T083029Z_batch01,CELLEH2,2026-05-12T05:00:00Z,15 52 43.9,238.18291666666667,-16 40 54,-16.68166666666667,170.9,23.6,1.04,137.6,Map/Offsets   !,https://cgi.minorplanetcenter.net/cgi-bin/confirmeph2.cgi
20260511T083029Z,2026-05-11T08:30:29.176610Z,20260511T083029Z_batch01,CELLEH2,2026-05-12T06:00:00Z,15 52 46.8,238.195,-16 41 40,-16.694444444444446,170.9,23.7,1.02,137.7,Map/Offsets   !,https://cgi.minorplanetcenter.net/cgi-bin/confirmeph2.cgi
20260511T083029Z,2026-05-11T08:30:29.176610Z,20260511T083029Z_batch01,CELLEH2,2026-05-12T07:00:00Z,15 52 49.7,238.20708333333334,-16 42 25,-16.706944444444442,170.9,23.7,1.0,137.7,Map/Offsets   !,https://cgi.minorplanetcenter.net/cgi-bin/confirmeph2.cgi
20260511T083029Z,2026-05-11T08:30:29.176610Z,20260511T083029Z_batch01,P22n0fQ,2026-05-11T07:00:00Z,15 05 09.5,226.28958333333335,+09 57 07,9.951944444444443,152.2,22.5,0.34,314.9,Map/Offsets,https://cgi.minorplanetcenter.net/cgi-bin/confirmeph2.cgi
20260511T083029Z,2026-05-11T08:30:29.176610Z,20260511T083029Z_batch01,P22n0fQ,2026-05-11T08:00:00Z,15 05 08.5,226.2854166666667,+09 57 22,9.95611111111111,152.2,22.5,0.34,314.8,Map/Offsets,https://cgi.minorplanetcenter.net/cgi-bin/confirmeph2.cgi
20260511T083029Z,2026-05-11T08:30:29.176610Z,20260511T083029Z_batch01,P22n0fQ,2026-05-11T09:00:00Z,15 05 07.5,226.28125,+09 57 36,9.959999999999999,152.2,22.5,0.34,314.6,Map/Offsets,https://cgi.minorplanetcenter.net/cgi-bin/confirmeph2.cgi
20260511T083029Z,2026-05-11T08:30:29.176610Z,20260511T083029Z_batch01,P22n0fQ,2026-05-11T10:00:00Z,15 05 06.5,226.27708333333337,+09 57 50,9.963888888888889,152.2,22.5,0.33,314.4,Map/Offsets,https://cgi.minorplanetcenter.net/cgi-bin/confirmeph2.cgi
20260511T083029Z,2026-05-11T08:30:29.176610Z,20260511T083029Z_batch01,P22n0fQ,2026-05-11T11:00:00Z,15 05 05.6,226.27333333333334,+09 58 04,9.967777777777778,152.1,22.5,0.33,314.2,Map/Offsets,https://cgi.minorplanetcenter.net/cgi-bin/confirmeph2.cgi
20260511T083029Z,2026-05-11T08:30:29.176610Z,20260511T083029Z_batch01,P22n0fQ,2026-05-11T12:00:00Z,15 05 04.6,226.26916666666668,+09 58 18,9.971666666666668,152.1,22.5,0.33,314.0,Map/Offsets,https://cgi.minorplanetcenter.net/cgi-bin/confirmeph2.cgi
20260511T083029Z,2026-05-11T08:30:29.176610Z,20260511T083029Z_batch01,P22n0fQ,2026-05-11T13:00:00Z,15 05 03.7,226.26541666666665,+09 58 31,9.975277777777778,152.1,22.5,0.32,313.8,Map/Offsets,https://cgi.minorplanetcenter.net/cgi-bin/confirmeph2.cgi
20260511T083029Z,2026-05-11T08:30:29.176610Z,20260511T083029Z_batch01,P22n0fQ,2026-05-11T14:00:00Z,15 05 02.7,226.26125000000002,+09 58 45,9.979166666666666,152.1,22.5,0.32,313.6,Map/Offsets,https://cgi.minorplanetcenter.net/cgi-bin/confirmeph2.cgi
20260511T083029Z,2026-05-11T08:30:29.176610Z,20260511T083029Z_batch01,P22n0fQ,2026-05-11T15:00:00Z,15 05 01.8,226.25750000000002,+09 58 58,9.982777777777779,152.1,22.5,0.32,313.4,Map/Offsets,https://cgi.minorplanetcenter.net/cgi-bin/confirmeph2.cgi
20260511T083029Z,2026-05-11T08:30:29.176610Z,20260511T083029Z_batch01,P22n0fQ,2026-05-11T16:00:00Z,15 05 00.8,226.25333333333333,+09 59 11,9.986388888888888,152.0,22.5,0.32,313.2,Map/Offsets,https://cgi.minorplanetcenter.net/cgi-bin/confirmeph2.cgi
20260511T083029Z,2026-05-11T08:30:29.176610Z,20260511T083029Z_batch01,P22n0fQ,2026-05-11T17:00:00Z,15 04 59.9,226.2495833333333,+09 59 24,9.989999999999998,152.0,22.5,0.31,313.0,Map/Offsets,https://cgi.minorplanetcenter.net/cgi-bin/confirmeph2.cgi
20260511T083029Z,2026-05-11T08:30:29.176610Z,20260511T083029Z_batch01,P22n0fQ,2026-05-11T18:00:00Z,15 04 59.0,226.24583333333334,+09 59 37,9.993611111111111,152.0,22.5,0.31,312.8,Map/Offsets,https://cgi.minorplanetcenter.net/cgi-bin/confirmeph2.cgi
20260511T083029Z,2026-05-11T08:30:29.176610Z,20260511T083029Z_batch01,P22n0fQ,2026-05-11T19:00:00Z,15 04 58.0,226.24166666666667,+09 59 49,9.996944444444443,152.0,22.6,0.31,312.6,Map/Offsets,https://cgi.minorplanetcenter.net/cgi-bin/confirmeph2.cgi
20260511T083029Z,2026-05-11T08:30:29.176610Z,20260511T083029Z_batch01,P22n0fQ,2026-05-11T20:00:00Z,15 04 57.1,226.23791666666665,+10 00 02,10.000555555555556,152.0,22.6,0.3,312.4,Map/Offsets,https://cgi.minorplanetcenter.net/cgi-bin/confirmeph2.cgi
20260511T083029Z,2026-05-11T08:30:29.176610Z,20260511T083029Z_batch01,P22n0fQ,2026-05-11T21:00:00Z,15 04 56.2,226.23416666666665,+10 00 14,10.00388888888889,152.0,22.6,0.3,312.2,Map/Offsets,https://cgi.minorplanetcenter.net/cgi-bin/confirmeph2.cgi
20260511T083029Z,2026-05-11T08:30:29.176610Z,20260511T083029Z_batch01,P22n0fQ,2026-05-11T22:00:00Z,15 04 55.3,226.23041666666668,+10 00 26,10.007222222222222,151.9,22.6,0.3,312.0,Map/Offsets,https://cgi.minorplanetcenter.net/cgi-bin/confirmeph2.cgi
20260511T083029Z,2026-05-11T08:30:29.176610Z,20260511T083029Z_batch01,P22n0fQ,2026-05-11T23:00:00Z,15 04 54.4,226.22666666666666,+10 00 38,10.010555555555555,151.9,22.6,0.3,311.8,Map/Offsets,https://cgi.minorplanetcenter.net/cgi-bin/confirmeph2.cgi
20260511T083029Z,2026-05-11T08:30:29.176610Z,20260511T083029Z_batch01,P22n0fQ,2026-05-12T00:00:00Z,15 04 53.5,226.22291666666666,+10 00 50,10.01388888888889,151.9,22.6,0.29,311.6,Map/Offsets,https://cgi.minorplanetcenter.net/cgi-bin/confirmeph2.cgi
20260511T083029Z,2026-05-11T08:30:29.176610Z,20260511T083029Z_batch01,P22n0fQ,2026-05-12T01:00:00Z,15 04 52.6,226.21916666666667,+10 01 01,10.016944444444444,151.9,22.6,0.29,311.4,Map/Offsets,https://cgi.minorplanetcenter.net/cgi-bin/confirmeph2.cgi
20260511T083029Z,2026-05-11T08:30:29.176610Z,20260511T083029Z_batch01,P22n0fQ,2026-05-12T02:00:00Z,15 04 51.7,226.21541666666667,+10 01 13,10.020277777777778,151.9,22.6,0.29,311.2,Map/Offsets,https://cgi.minorplanetcenter.net/cgi-bin/confirmeph2.cgi
20260511T083029Z,2026-05-11T08:30:29.176610Z,20260511T083029Z_batch01,P22n0fQ,2026-05-12T03:00:00Z,15 04 50.9,226.21208333333334,+10 01 24,10.023333333333333,151.9,22.6,0.29,310.9,Map/Offsets,https://cgi.minorplanetcenter.net/cgi-bin/confirmeph2.cgi
20260511T083029Z,2026-05-11T08:30:29.176610Z,20260511T083029Z_batch01,P22n0fQ,2026-05-12T04:00:00Z,15 04 50.0,226.20833333333334,+10 01 35,10.02638888888889,151.8,22.6,0.28,310.7,Map/Offsets,https://cgi.minorplanetcenter.net/cgi-bin/confirmeph2.cgi
20260511T083029Z,2026-05-11T08:30:29.176610Z,20260511T083029Z_batch01,P22n0fQ,2026-05-12T05:00:00Z,15 04 49.1,226.20458333333332,+10 01 46,10.029444444444445,151.8,22.6,0.28,310.5,Map/Offsets,https://cgi.minorplanetcenter.net/cgi-bin/confirmeph2.cgi
20260511T083029Z,2026-05-11T08:30:29.176610Z,20260511T083029Z_batch01,P22n0fQ,2026-05-12T06:00:00Z,15 04 48.2,226.20083333333332,+10 01 57,10.0325,151.8,22.6,0.28,310.3,Map/Offsets,https://cgi.minorplanetcenter.net/cgi-bin/confirmeph2.cgi
20260511T083029Z,2026-05-11T08:30:29.176610Z,20260511T083029Z_batch01,P22n0fQ,2026-05-12T07:00:00Z,15 04 47.4,226.1975,+10 02 08,10.035555555555556,151.8,22.6,0.28,310.0,Map/Offsets,https://cgi.minorplanetcenter.net/cgi-bin/confirmeph2.cgi
20260511T083029Z,2026-05-11T08:30:29.176610Z,20260511T083029Z_batch01,ZTF10Di,2026-05-11T07:00:00Z,22 02 10.4,330.54333333333335,-11 09 58,-11.166111111111112,81.6,22.6,7.61,78.3,Map/Offsets   !,https://cgi.minorplanetcenter.net/cgi-bin/confirmeph2.cgi
20260511T083029Z,2026-05-11T08:30:29.176610Z,20260511T083029Z_batch01,ZTF10Di,2026-05-11T08:00:00Z,22 02 40.5,330.66875000000005,-11 08 26,-11.140555555555554,81.5,22.6,7.44,78.2,Map/Offsets   !,https://cgi.minorplanetcenter.net/cgi-bin/confirmeph2.cgi
20260511T083029Z,2026-05-11T08:30:29.176610Z,20260511T083029Z_batch01,ZTF10Di,2026-05-11T09:00:00Z,22 03 09.8,330.79083333333335,-11 06 56,-11.115555555555556,81.4,22.6,7.28,78.2,Map/Offsets   !,https://cgi.minorplanetcenter.net/cgi-bin/confirmeph2.cgi
20260511T083029Z,2026-05-11T08:30:29.176610Z,20260511T083029Z_batch01,ZTF10Di,2026-05-11T10:00:00Z,22 03 38.6,330.9108333333333,-11 05 28,-11.091111111111111,81.3,22.7,7.12,78.2,Map/Offsets   !,https://cgi.minorplanetcenter.net/cgi-bin/confirmeph2.cgi
20260511T083029Z,2026-05-11T08:30:29.176610Z,20260511T083029Z_batch01,ZTF10Di,2026-05-11T11:00:00Z,22 04 06.7,331.02791666666667,-11 04 01,-11.066944444444443,81.2,22.7,6.97,78.2,Map/Offsets   !,https://cgi.minorplanetcenter.net/cgi-bin/confirmeph2.cgi
20260511T083029Z,2026-05-11T08:30:29.176610Z,20260511T083029Z_batch01,ZTF10Di,2026-05-11T12:00:00Z,22 04 34.2,331.1425,-11 02 36,-11.043333333333333,81.2,22.7,6.83,78.2,Map/Offsets   !,https://cgi.minorplanetcenter.net/cgi-bin/confirmeph2.cgi
20260511T083029Z,2026-05-11T08:30:29.176610Z,20260511T083029Z_batch01,ZTF10Di,2026-05-11T13:00:00Z,22 05 01.1,331.2545833333333,-11 01 13,-11.020277777777778,81.1,22.7,6.68,78.1,Map/Offsets   !,https://cgi.minorplanetcenter.net/cgi-bin/confirmeph2.cgi
20260511T083029Z,2026-05-11T08:30:29.176610Z,20260511T083029Z_batch01,ZTF10Di,2026-05-11T14:00:00Z,22 05 27.5,331.3645833333333,-10 59 51,-10.997499999999999,81.0,22.8,6.55,78.1,Map/Offsets   !,https://cgi.minorplanetcenter.net/cgi-bin/confirmeph2.cgi
20260511T083029Z,2026-05-11T08:30:29.176610Z,20260511T083029Z_batch01,ZTF10Di,2026-05-11T15:00:00Z,22 05 53.3,331.4720833333333,-10 58 31,-10.975277777777778,81.0,22.8,6.41,78.1,Map/Offsets   !,https://cgi.minorplanetcenter.net/cgi-bin/confirmeph2.cgi
20260511T083029Z,2026-05-11T08:30:29.176610Z,20260511T083029Z_batch01,ZTF10Di,2026-05-11T16:00:00Z,22 06 18.6,331.57750000000004,-10 57 13,-10.95361111111111,80.9,22.8,6.28,78.1,Map/Offsets   !,https://cgi.minorplanetcenter.net/cgi-bin/confirmeph2.cgi
20260511T083029Z,2026-05-11T08:30:29.176610Z,20260511T083029Z_batch01,ZTF10Di,2026-05-11T17:00:00Z,22 06 43.4,331.68083333333334,-10 55 55,-10.931944444444444,80.8,22.8,6.16,78.0,Map/Offsets   !,https://cgi.minorplanetcenter.net/cgi-bin/confirmeph2.cgi
20260511T083029Z,2026-05-11T08:30:29.176610Z,20260511T083029Z_batch01,ZTF10Di,2026-05-11T18:00:00Z,22 07 07.7,331.78208333333333,-10 54 39,-10.910833333333334,80.8,22.9,6.04,78.0,Map/Offsets   !,https://cgi.minorplanetcenter.net/cgi-bin/confirmeph2.cgi
20260511T083029Z,2026-05-11T08:30:29.176610Z,20260511T083029Z_batch01,ZTF10Di,2026-05-11T19:00:00Z,22 07 31.5,331.88125,-10 53 25,-10.890277777777778,80.7,22.9,5.92,78.0,Map/Offsets   !,https://cgi.minorplanetcenter.net/cgi-bin/confirmeph2.cgi
20260511T083029Z,2026-05-11T08:30:29.176610Z,20260511T083029Z_batch01,ZTF10Di,2026-05-11T20:00:00Z,22 07 54.9,331.97875000000005,-10 52 12,-10.870000000000001,80.7,22.9,5.8,78.0,Map/Offsets   !,https://cgi.minorplanetcenter.net/cgi-bin/confirmeph2.cgi
20260511T083029Z,2026-05-11T08:30:29.176610Z,20260511T083029Z_batch01,ZTF10Di,2026-05-11T21:00:00Z,22 08 17.8,332.07416666666666,-10 51 00,-10.85,80.6,22.9,5.69,78.0,Map/Offsets   !,https://cgi.minorplanetcenter.net/cgi-bin/confirmeph2.cgi
20260511T083029Z,2026-05-11T08:30:29.176610Z,20260511T083029Z_batch01,ZTF10Di,2026-05-11T22:00:00Z,22 08 40.2,332.1675,-10 49 50,-10.830555555555556,80.6,22.9,5.58,77.9,Map/Offsets   !,https://cgi.minorplanetcenter.net/cgi-bin/confirmeph2.cgi
20260511T083029Z,2026-05-11T08:30:29.176610Z,20260511T083029Z_batch01,ZTF10Di,2026-05-11T23:00:00Z,22 09 02.3,332.25958333333335,-10 48 40,-10.811111111111112,80.5,23.0,5.48,77.9,Map/Offsets   !,https://cgi.minorplanetcenter.net/cgi-bin/confirmeph2.cgi
20260511T083029Z,2026-05-11T08:30:29.176610Z,20260511T083029Z_batch01,ZTF10Di,2026-05-12T00:00:00Z,22 09 23.9,332.3495833333333,-10 47 32,-10.792222222222222,80.5,23.0,5.38,77.9,Map/Offsets   !,https://cgi.minorplanetcenter.net/cgi-bin/confirmeph2.cgi
20260511T083029Z,2026-05-11T08:30:29.176610Z,20260511T083029Z_batch01,ZTF10Di,2026-05-12T01:00:00Z,22 09 45.1,332.43791666666664,-10 46 25,-10.773611111111112,80.4,23.0,5.28,77.9,Map/Offsets   !,https://cgi.minorplanetcenter.net/cgi-bin/confirmeph2.cgi
20260511T083029Z,2026-05-11T08:30:29.176610Z,20260511T083029Z_batch01,ZTF10Di,2026-05-12T02:00:00Z,22 10 05.9,332.52458333333334,-10 45 19,-10.755277777777778,80.4,23.0,5.18,77.9,Map/Offsets   !,https://cgi.minorplanetcenter.net/cgi-bin/confirmeph2.cgi
20260511T083029Z,2026-05-11T08:30:29.176610Z,20260511T083029Z_batch01,ZTF10Di,2026-05-12T03:00:00Z,22 10 26.3,332.6095833333333,-10 44 15,-10.737499999999999,80.3,23.1,5.09,77.9,Map/Offsets   !,https://cgi.minorplanetcenter.net/cgi-bin/confirmeph2.cgi
20260511T083029Z,2026-05-11T08:30:29.176610Z,20260511T083029Z_batch01,ZTF10Di,2026-05-12T04:00:00Z,22 10 46.4,332.6933333333333,-10 43 11,-10.719722222222222,80.3,23.1,4.99,77.8,Map/Offsets   !,https://cgi.minorplanetcenter.net/cgi-bin/confirmeph2.cgi
20260511T083029Z,2026-05-11T08:30:29.176610Z,20260511T083029Z_batch01,ZTF10Di,2026-05-12T05:00:00Z,22 11 06.1,332.7754166666667,-10 42 08,-10.702222222222222,80.2,23.1,4.91,77.8,Map/Offsets   !,https://cgi.minorplanetcenter.net/cgi-bin/confirmeph2.cgi
20260511T083029Z,2026-05-11T08:30:29.176610Z,20260511T083029Z_batch01,ZTF10Di,2026-05-12T06:00:00Z,22 11 25.4,332.85583333333335,-10 41 07,-10.685277777777777,80.2,23.1,4.82,77.8,Map/Offsets   !,https://cgi.minorplanetcenter.net/cgi-bin/confirmeph2.cgi
20260511T083029Z,2026-05-11T08:30:29.176610Z,20260511T083029Z_batch01,ZTF10Di,2026-05-12T07:00:00Z,22 11 44.4,332.935,-10 40 06,-10.668333333333333,80.2,23.1,4.73,77.8,Map/Offsets   !,https://cgi.minorplanetcenter.net/cgi-bin/confirmeph2.cgi
20260511T083029Z,2026-05-11T08:30:29.176610Z,20260511T083029Z_batch01,S001563,2026-05-11T07:00:00Z,12 59 50.5,194.96041666666667,-26 55 06,-26.918333333333333,148.4,21.5,0.2,231.6,Map/Offsets,https://cgi.minorplanetcenter.net/cgi-bin/confirmeph2.cgi
20260511T083029Z,2026-05-11T08:30:29.176610Z,20260511T083029Z_batch01,S001563,2026-05-11T08:00:00Z,12 59 49.8,194.95749999999998,-26 55 13,-26.92027777777778,148.4,21.5,0.2,231.5,Map/Offsets,https://cgi.minorplanetcenter.net/cgi-bin/confirmeph2.cgi
20260511T083029Z,2026-05-11T08:30:29.176610Z,20260511T083029Z_batch01,S001563,2026-05-11T09:00:00Z,12 59 49.1,194.95458333333332,-26 55 21,-26.9225,148.3,21.5,0.2,231.5,Map/Offsets,https://cgi.minorplanetcenter.net/cgi-bin/confirmeph2.cgi
20260511T083029Z,2026-05-11T08:30:29.176610Z,20260511T083029Z_batch01,S001563,2026-05-11T10:00:00Z,12 59 48.4,194.95166666666665,-26 55 29,-26.924722222222222,148.3,21.5,0.2,231.4,Map/Offsets,https://cgi.minorplanetcenter.net/cgi-bin/confirmeph2.cgi
20260511T083029Z,2026-05-11T08:30:29.176610Z,20260511T083029Z_batch01,S001563,2026-05-11T11:00:00Z,12 59 47.7,194.94875,-26 55 36,-26.92666666666667,148.3,21.5,0.2,231.3,Map/Offsets,https://cgi.minorplanetcenter.net/cgi-bin/confirmeph2.cgi
20260511T083029Z,2026-05-11T08:30:29.176610Z,20260511T083029Z_batch01,S001563,2026-05-11T12:00:00Z,12 59 47.0,194.94583333333333,-26 55 44,-26.92888888888889,148.2,21.5,0.2,231.3,Map/Offsets,https://cgi.minorplanetcenter.net/cgi-bin/confirmeph2.cgi
20260511T083029Z,2026-05-11T08:30:29.176610Z,20260511T083029Z_batch01,S001563,2026-05-11T13:00:00Z,12 59 46.3,194.94291666666663,-26 55 51,-26.930833333333336,148.2,21.5,0.2,231.2,Map/Offsets,https://cgi.minorplanetcenter.net/cgi-bin/confirmeph2.cgi
20260511T083029Z,2026-05-11T08:30:29.176610Z,20260511T083029Z_batch01,S001563,2026-05-11T14:00:00Z,12 59 45.6,194.93999999999997,-26 55 59,-26.93305555555556,148.1,21.5,0.2,231.1,Map/Offsets,https://cgi.minorplanetcenter.net/cgi-bin/confirmeph2.cgi
20260511T083029Z,2026-05-11T08:30:29.176610Z,20260511T083029Z_batch01,S001563,2026-05-11T15:00:00Z,12 59 44.9,194.9370833333333,-26 56 06,-26.935,148.1,21.5,0.2,231.0,Map/Offsets,https://cgi.minorplanetcenter.net/cgi-bin/confirmeph2.cgi
20260511T083029Z,2026-05-11T08:30:29.176610Z,20260511T083029Z_batch01,S001563,2026-05-11T16:00:00Z,12 59 44.2,194.93416666666664,-26 56 14,-26.93722222222222,148.1,21.5,0.2,230.9,Map/Offsets,https://cgi.minorplanetcenter.net/cgi-bin/confirmeph2.cgi
20260511T083029Z,2026-05-11T08:30:29.176610Z,20260511T083029Z_batch01,S001563,2026-05-11T17:00:00Z,12 59 43.5,194.93124999999998,-26 56 21,-26.939166666666665,148.0,21.5,0.2,230.9,Map/Offsets,https://cgi.minorplanetcenter.net/cgi-bin/confirmeph2.cgi
20260511T083029Z,2026-05-11T08:30:29.176610Z,20260511T083029Z_batch01,S001563,2026-05-11T18:00:00Z,12 59 42.8,194.9283333333333,-26 56 29,-26.941388888888888,148.0,21.5,0.2,230.8,Map/Offsets,https://cgi.minorplanetcenter.net/cgi-bin/confirmeph2.cgi
20260511T083029Z,2026-05-11T08:30:29.176610Z,20260511T083029Z_batch01,S001563,2026-05-11T19:00:00Z,12 59 42.1,194.92541666666665,-26 56 36,-26.943333333333335,148.0,21.5,0.2,230.7,Map/Offsets,https://cgi.minorplanetcenter.net/cgi-bin/confirmeph2.cgi
20260511T083029Z,2026-05-11T08:30:29.176610Z,20260511T083029Z_batch01,S001563,2026-05-11T20:00:00Z,12 59 41.4,194.92249999999999,-26 56 44,-26.945555555555554,147.9,21.5,0.2,230.6,Map/Offsets,https://cgi.minorplanetcenter.net/cgi-bin/confirmeph2.cgi
20260511T083029Z,2026-05-11T08:30:29.176610Z,20260511T083029Z_batch01,S001563,2026-05-11T21:00:00Z,12 59 40.7,194.91958333333332,-26 56 51,-26.9475,147.9,21.5,0.2,230.6,Map/Offsets,https://cgi.minorplanetcenter.net/cgi-bin/confirmeph2.cgi
20260511T083029Z,2026-05-11T08:30:29.176610Z,20260511T083029Z_batch01,S001563,2026-05-11T22:00:00Z,12 59 40.1,194.91708333333332,-26 56 59,-26.949722222222224,147.9,21.5,0.2,230.5,Map/Offsets,https://cgi.minorplanetcenter.net/cgi-bin/confirmeph2.cgi
20260511T083029Z,2026-05-11T08:30:29.176610Z,20260511T083029Z_batch01,S001563,2026-05-11T23:00:00Z,12 59 39.4,194.91416666666666,-26 57 06,-26.951666666666664,147.8,21.5,0.2,230.4,Map/Offsets,https://cgi.minorplanetcenter.net/cgi-bin/confirmeph2.cgi
20260511T083029Z,2026-05-11T08:30:29.176610Z,20260511T083029Z_batch01,S001563,2026-05-12T00:00:00Z,12 59 38.7,194.91125,-26 57 14,-26.953888888888887,147.8,21.5,0.19,230.3,Map/Offsets,https://cgi.minorplanetcenter.net/cgi-bin/confirmeph2.cgi
20260511T083029Z,2026-05-11T08:30:29.176610Z,20260511T083029Z_batch01,S001563,2026-05-12T01:00:00Z,12 59 38.0,194.90833333333333,-26 57 21,-26.95583333333333,147.8,21.5,0.19,230.2,Map/Offsets,https://cgi.minorplanetcenter.net/cgi-bin/confirmeph2.cgi
20260511T083029Z,2026-05-11T08:30:29.176610Z,20260511T083029Z_batch01,S001563,2026-05-12T02:00:00Z,12 59 37.4,194.9058333333333,-26 57 29,-26.958055555555553,147.7,21.5,0.19,230.1,Map/Offsets,https://cgi.minorplanetcenter.net/cgi-bin/confirmeph2.cgi
20260511T083029Z,2026-05-11T08:30:29.176610Z,20260511T083029Z_batch01,S001563,2026-05-12T03:00:00Z,12 59 36.7,194.90291666666664,-26 57 36,-26.96,147.7,21.5,0.19,230.1,Map/Offsets,https://cgi.minorplanetcenter.net/cgi-bin/confirmeph2.cgi
20260511T083029Z,2026-05-11T08:30:29.176610Z,20260511T083029Z_batch01,S001563,2026-05-12T04:00:00Z,12 59 36.0,194.89999999999998,-26 57 44,-26.96222222222222,147.7,21.5,0.19,230.0,Map/Offsets,https://cgi.minorplanetcenter.net/cgi-bin/confirmeph2.cgi
20260511T083029Z,2026-05-11T08:30:29.176610Z,20260511T083029Z_batch01,S001563,2026-05-12T05:00:00Z,12 59 35.4,194.89749999999998,-26 57 51,-26.964166666666667,147.6,21.5,0.19,229.9,Map/Offsets,https://cgi.minorplanetcenter.net/cgi-bin/confirmeph2.cgi
20260511T083029Z,2026-05-11T08:30:29.176610Z,20260511T083029Z_batch01,S001563,2026-05-12T06:00:00Z,12 59 34.7,194.89458333333332,-26 57 58,-26.96611111111111,147.6,21.5,0.19,229.8,Map/Offsets,https://cgi.minorplanetcenter.net/cgi-bin/confirmeph2.cgi
20260511T083029Z,2026-05-11T08:30:29.176610Z,20260511T083029Z_batch01,S001563,2026-05-12T07:00:00Z,12 59 34.1,194.89208333333332,-26 58 06,-26.96833333333333,147.6,21.5,0.19,229.7,Map/Offsets,https://cgi.minorplanetcenter.net/cgi-bin/confirmeph2.cgi
20260511T083029Z,2026-05-11T08:30:29.176610Z,20260511T083029Z_batch01,P22mZLU,2026-05-11T07:00:00Z,11 46 56.8,176.73666666666668,-16 43 35,-16.726388888888888,131.4,21.0,2.46,34.3,Map/Offsets,https://cgi.minorplanetcenter.net/cgi-bin/confirmeph2.cgi
20260511T083029Z,2026-05-11T08:30:29.176610Z,20260511T083029Z_batch01,P22mZLU,2026-05-11T08:00:00Z,11 47 02.6,176.76083333333332,-16 41 33,-16.6925,131.4,21.0,2.46,34.4,Map/Offsets,https://cgi.minorplanetcenter.net/cgi-bin/confirmeph2.cgi
20260511T083029Z,2026-05-11T08:30:29.176610Z,20260511T083029Z_batch01,P22mZLU,2026-05-11T09:00:00Z,11 47 08.4,176.785,-16 39 31,-16.65861111111111,131.3,21.0,2.46,34.4,Map/Offsets,https://cgi.minorplanetcenter.net/cgi-bin/confirmeph2.cgi
20260511T083029Z,2026-05-11T08:30:29.176610Z,20260511T083029Z_batch01,P22mZLU,2026-05-11T10:00:00Z,11 47 14.3,176.80958333333334,-16 37 29,-16.62472222222222,131.3,21.0,2.46,34.4,Map/Offsets,https://cgi.minorplanetcenter.net/cgi-bin/confirmeph2.cgi
20260511T083029Z,2026-05-11T08:30:29.176610Z,20260511T083029Z_batch01,P22mZLU,2026-05-11T11:00:00Z,11 47 20.1,176.83375,-16 35 27,-16.590833333333332,131.3,21.0,2.46,34.4,Map/Offsets,https://cgi.minorplanetcenter.net/cgi-bin/confirmeph2.cgi
20260511T083029Z,2026-05-11T08:30:29.176610Z,20260511T083029Z_batch01,P22mZLU,2026-05-11T12:00:00Z,11 47 25.9,176.85791666666665,-16 33 25,-16.556944444444444,131.3,21.0,2.46,34.5,Map/Offsets,https://cgi.minorplanetcenter.net/cgi-bin/confirmeph2.cgi
20260511T083029Z,2026-05-11T08:30:29.176610Z,20260511T083029Z_batch01,P22mZLU,2026-05-11T13:00:00Z,11 47 31.7,176.88208333333333,-16 31 24,-16.523333333333333,131.3,21.0,2.47,34.5,Map/Offsets,https://cgi.minorplanetcenter.net/cgi-bin/confirmeph2.cgi
20260511T083029Z,2026-05-11T08:30:29.176610Z,20260511T083029Z_batch01,P22mZLU,2026-05-11T14:00:00Z,11 47 37.5,176.90625,-16 29 22,-16.489444444444445,131.2,21.0,2.47,34.5,Map/Offsets,https://cgi.minorplanetcenter.net/cgi-bin/confirmeph2.cgi
20260511T083029Z,2026-05-11T08:30:29.176610Z,20260511T083029Z_batch01,P22mZLU,2026-05-11T15:00:00Z,11 47 43.4,176.93083333333334,-16 27 20,-16.455555555555556,131.2,21.0,2.47,34.6,Map/Offsets,https://cgi.minorplanetcenter.net/cgi-bin/confirmeph2.cgi
20260511T083029Z,2026-05-11T08:30:29.176610Z,20260511T083029Z_batch01,P22mZLU,2026-05-11T16:00:00Z,11 47 49.2,176.955,-16 25 18,-16.421666666666667,131.2,21.0,2.47,34.6,Map/Offsets,https://cgi.minorplanetcenter.net/cgi-bin/confirmeph2.cgi
20260511T083029Z,2026-05-11T08:30:29.176610Z,20260511T083029Z_batch01,P22mZLU,2026-05-11T17:00:00Z,11 47 55.1,176.97958333333332,-16 23 16,-16.387777777777778,131.2,21.0,2.47,34.6,Map/Offsets,https://cgi.minorplanetcenter.net/cgi-bin/confirmeph2.cgi
20260511T083029Z,2026-05-11T08:30:29.176610Z,20260511T083029Z_batch01,P22mZLU,2026-05-11T18:00:00Z,11 48 00.9,177.00375,-16 21 14,-16.35388888888889,131.2,21.0,2.47,34.6,Map/Offsets,https://cgi.minorplanetcenter.net/cgi-bin/confirmeph2.cgi
20260511T083029Z,2026-05-11T08:30:29.176610Z,20260511T083029Z_batch01,P22mZLU,2026-05-11T19:00:00Z,11 48 06.8,177.02833333333334,-16 19 12,-16.32,131.1,21.0,2.47,34.7,Map/Offsets,https://cgi.minorplanetcenter.net/cgi-bin/confirmeph2.cgi
20260511T083029Z,2026-05-11T08:30:29.176610Z,20260511T083029Z_batch01,P22mZLU,2026-05-11T20:00:00Z,11 48 12.6,177.0525,-16 17 10,-16.28611111111111,131.1,21.0,2.47,34.7,Map/Offsets,https://cgi.minorplanetcenter.net/cgi-bin/confirmeph2.cgi
20260511T083029Z,2026-05-11T08:30:29.176610Z,20260511T083029Z_batch01,P22mZLU,2026-05-11T21:00:00Z,11 48 18.5,177.07708333333335,-16 15 08,-16.252222222222223,131.1,21.0,2.47,34.7,Map/Offsets,https://cgi.minorplanetcenter.net/cgi-bin/confirmeph2.cgi
20260511T083029Z,2026-05-11T08:30:29.176610Z,20260511T083029Z_batch01,P22mZLU,2026-05-11T22:00:00Z,11 48 24.4,177.1016666666667,-16 13 06,-16.21833333333333,131.1,21.0,2.47,34.8,Map/Offsets,https://cgi.minorplanetcenter.net/cgi-bin/confirmeph2.cgi
20260511T083029Z,2026-05-11T08:30:29.176610Z,20260511T083029Z_batch01,P22mZLU,2026-05-11T23:00:00Z,11 48 30.2,177.12583333333336,-16 11 04,-16.184444444444445,131.1,21.0,2.47,34.8,Map/Offsets,https://cgi.minorplanetcenter.net/cgi-bin/confirmeph2.cgi
20260511T083029Z,2026-05-11T08:30:29.176610Z,20260511T083029Z_batch01,P22mZLU,2026-05-12T00:00:00Z,11 48 36.1,177.15041666666667,-16 09 02,-16.150555555555552,131.0,21.0,2.48,34.8,Map/Offsets,https://cgi.minorplanetcenter.net/cgi-bin/confirmeph2.cgi
20260511T083029Z,2026-05-11T08:30:29.176610Z,20260511T083029Z_batch01,P22mZLU,2026-05-12T01:00:00Z,11 48 42.0,177.175,-16 07 00,-16.116666666666667,131.0,21.0,2.48,34.8,Map/Offsets,https://cgi.minorplanetcenter.net/cgi-bin/confirmeph2.cgi
20260511T083029Z,2026-05-11T08:30:29.176610Z,20260511T083029Z_batch01,P22mZLU,2026-05-12T02:00:00Z,11 48 47.9,177.19958333333335,-16 04 58,-16.08277777777778,131.0,21.0,2.48,34.9,Map/Offsets,https://cgi.minorplanetcenter.net/cgi-bin/confirmeph2.cgi
20260511T083029Z,2026-05-11T08:30:29.176610Z,20260511T083029Z_batch01,P22mZLU,2026-05-12T03:00:00Z,11 48 53.8,177.22416666666666,-16 02 56,-16.04888888888889,131.0,21.0,2.48,34.9,Map/Offsets,https://cgi.minorplanetcenter.net/cgi-bin/confirmeph2.cgi
20260511T083029Z,2026-05-11T08:30:29.176610Z,20260511T083029Z_batch01,P22mZLU,2026-05-12T04:00:00Z,11 48 59.7,177.24875,-16 00 54,-16.015,131.0,21.0,2.48,34.9,Map/Offsets,https://cgi.minorplanetcenter.net/cgi-bin/confirmeph2.cgi
20260511T083029Z,2026-05-11T08:30:29.176610Z,20260511T083029Z_batch01,P22mZLU,2026-05-12T05:00:00Z,11 49 05.6,177.2733333333333,-15 58 52,-15.981111111111112,130.9,21.0,2.48,35.0,Map/Offsets,https://cgi.minorplanetcenter.net/cgi-bin/confirmeph2.cgi
20260511T083029Z,2026-05-11T08:30:29.176610Z,20260511T083029Z_batch01,P22mZLU,2026-05-12T06:00:00Z,11 49 11.5,177.29791666666665,-15 56 51,-15.9475,130.9,21.0,2.48,35.0,Map/Offsets,https://cgi.minorplanetcenter.net/cgi-bin/confirmeph2.cgi
20260511T083029Z,2026-05-11T08:30:29.176610Z,20260511T083029Z_batch01,P22mZLU,2026-05-12T07:00:00Z,11 49 17.5,177.32291666666666,-15 54 49,-15.913611111111111,130.9,21.0,2.48,35.0,Map/Offsets,https://cgi.minorplanetcenter.net/cgi-bin/confirmeph2.cgi
20260511T083029Z,2026-05-11T08:30:29.176610Z,20260511T083029Z_batch01,ZTF10Df,2026-05-11T07:00:00Z,10 25 24.3,156.35125,+01 26 02,1.433888888888889,107.2,23.7,0.25,99.0,Map/Offsets,https://cgi.minorplanetcenter.net/cgi-bin/confirmeph2.cgi
20260511T083029Z,2026-05-11T08:30:29.176610Z,20260511T083029Z_batch01,ZTF10Df,2026-05-11T08:00:00Z,10 25 25.3,156.35541666666666,+01 26 00,1.4333333333333333,107.1,23.7,0.25,99.1,Map/Offsets,https://cgi.minorplanetcenter.net/cgi-bin/confirmeph2.cgi
20260511T083029Z,2026-05-11T08:30:29.176610Z,20260511T083029Z_batch01,ZTF10Df,2026-05-11T09:00:00Z,10 25 26.3,156.35958333333332,+01 25 57,1.4325,107.1,23.7,0.25,99.1,Map/Offsets,https://cgi.minorplanetcenter.net/cgi-bin/confirmeph2.cgi
20260511T083029Z,2026-05-11T08:30:29.176610Z,20260511T083029Z_batch01,ZTF10Df,2026-05-11T10:00:00Z,10 25 27.2,156.36333333333332,+01 25 55,1.4319444444444445,107.1,23.7,0.25,99.2,Map/Offsets,https://cgi.minorplanetcenter.net/cgi-bin/confirmeph2.cgi
20260511T083029Z,2026-05-11T08:30:29.176610Z,20260511T083029Z_batch01,ZTF10Df,2026-05-11T11:00:00Z,10 25 28.2,156.3675,+01 25 53,1.431388888888889,107.0,23.7,0.24,99.2,Map/Offsets,https://cgi.minorplanetcenter.net/cgi-bin/confirmeph2.cgi
20260511T083029Z,2026-05-11T08:30:29.176610Z,20260511T083029Z_batch01,ZTF10Df,2026-05-11T12:00:00Z,10 25 29.2,156.37166666666667,+01 25 50,1.4305555555555556,107.0,23.7,0.24,99.3,Map/Offsets,https://cgi.minorplanetcenter.net/cgi-bin/confirmeph2.cgi
20260511T083029Z,2026-05-11T08:30:29.176610Z,20260511T083029Z_batch01,ZTF10Df,2026-05-11T13:00:00Z,10 25 30.1,156.37541666666664,+01 25 48,1.4300000000000002,106.9,23.7,0.24,99.3,Map/Offsets,https://cgi.minorplanetcenter.net/cgi-bin/confirmeph2.cgi
20260511T083029Z,2026-05-11T08:30:29.176610Z,20260511T083029Z_batch01,ZTF10Df,2026-05-11T14:00:00Z,10 25 31.1,156.37958333333333,+01 25 46,1.4294444444444445,106.9,23.7,0.24,99.4,Map/Offsets,https://cgi.minorplanetcenter.net/cgi-bin/confirmeph2.cgi
20260511T083029Z,2026-05-11T08:30:29.176610Z,20260511T083029Z_batch01,ZTF10Df,2026-05-11T15:00:00Z,10 25 32.1,156.38375,+01 25 43,1.4286111111111113,106.9,23.7,0.24,99.5,Map/Offsets,https://cgi.minorplanetcenter.net/cgi-bin/confirmeph2.cgi
20260511T083029Z,2026-05-11T08:30:29.176610Z,20260511T083029Z_batch01,ZTF10Df,2026-05-11T16:00:00Z,10 25 33.0,156.3875,+01 25 41,1.4280555555555556,106.8,23.7,0.24,99.5,Map/Offsets,https://cgi.minorplanetcenter.net/cgi-bin/confirmeph2.cgi
20260511T083029Z,2026-05-11T08:30:29.176610Z,20260511T083029Z_batch01,ZTF10Df,2026-05-11T17:00:00Z,10 25 34.0,156.39166666666665,+01 25 38,1.4272222222222224,106.8,23.8,0.24,99.6,Map/Offsets,https://cgi.minorplanetcenter.net/cgi-bin/confirmeph2.cgi
20260511T083029Z,2026-05-11T08:30:29.176610Z,20260511T083029Z_batch01,ZTF10Df,2026-05-11T18:00:00Z,10 25 34.9,156.39541666666665,+01 25 36,1.4266666666666667,106.8,23.8,0.24,99.6,Map/Offsets,https://cgi.minorplanetcenter.net/cgi-bin/confirmeph2.cgi
20260511T083029Z,2026-05-11T08:30:29.176610Z,20260511T083029Z_batch01,ZTF10Df,2026-05-11T19:00:00Z,10 25 35.9,156.39958333333334,+01 25 34,1.426111111111111,106.7,23.8,0.24,99.7,Map/Offsets,https://cgi.minorplanetcenter.net/cgi-bin/confirmeph2.cgi
20260511T083029Z,2026-05-11T08:30:29.176610Z,20260511T083029Z_batch01,ZTF10Df,2026-05-11T20:00:00Z,10 25 36.8,156.4033333333333,+01 25 31,1.4252777777777779,106.7,23.8,0.24,99.8,Map/Offsets,https://cgi.minorplanetcenter.net/cgi-bin/confirmeph2.cgi
20260511T083029Z,2026-05-11T08:30:29.176610Z,20260511T083029Z_batch01,ZTF10Df,2026-05-11T21:00:00Z,10 25 37.7,156.40708333333333,+01 25 29,1.4247222222222222,106.7,23.8,0.24,99.8,Map/Offsets,https://cgi.minorplanetcenter.net/cgi-bin/confirmeph2.cgi
20260511T083029Z,2026-05-11T08:30:29.176610Z,20260511T083029Z_batch01,ZTF10Df,2026-05-11T22:00:00Z,10 25 38.7,156.41125,+01 25 26,1.423888888888889,106.6,23.8,0.24,99.9,Map/Offsets,https://cgi.minorplanetcenter.net/cgi-bin/confirmeph2.cgi
20260511T083029Z,2026-05-11T08:30:29.176610Z,20260511T083029Z_batch01,ZTF10Df,2026-05-11T23:00:00Z,10 25 39.6,156.415,+01 25 24,1.4233333333333333,106.6,23.8,0.24,99.9,Map/Offsets,https://cgi.minorplanetcenter.net/cgi-bin/confirmeph2.cgi
20260511T083029Z,2026-05-11T08:30:29.176610Z,20260511T083029Z_batch01,ZTF10Df,2026-05-12T00:00:00Z,10 25 40.6,156.41916666666665,+01 25 21,1.4225,106.6,23.8,0.24,100.0,Map/Offsets,https://cgi.minorplanetcenter.net/cgi-bin/confirmeph2.cgi
20260511T083029Z,2026-05-11T08:30:29.176610Z,20260511T083029Z_batch01,ZTF10Df,2026-05-12T01:00:00Z,10 25 41.5,156.42291666666665,+01 25 19,1.4219444444444445,106.5,23.8,0.24,100.0,Map/Offsets,https://cgi.minorplanetcenter.net/cgi-bin/confirmeph2.cgi
20260511T083029Z,2026-05-11T08:30:29.176610Z,20260511T083029Z_batch01,ZTF10Df,2026-05-12T02:00:00Z,10 25 42.4,156.42666666666668,+01 25 16,1.4211111111111112,106.5,23.8,0.24,100.1,Map/Offsets,https://cgi.minorplanetcenter.net/cgi-bin/confirmeph2.cgi
20260511T083029Z,2026-05-11T08:30:29.176610Z,20260511T083029Z_batch01,ZTF10Df,2026-05-12T03:00:00Z,10 25 43.4,156.4308333333333,+01 25 14,1.4205555555555556,106.4,23.9,0.24,100.1,Map/Offsets,https://cgi.minorplanetcenter.net/cgi-bin/confirmeph2.cgi
20260511T083029Z,2026-05-11T08:30:29.176610Z,20260511T083029Z_batch01,ZTF10Df,2026-05-12T04:00:00Z,10 25 44.3,156.4345833333333,+01 25 11,1.4197222222222223,106.4,23.9,0.24,100.2,Map/Offsets,https://cgi.minorplanetcenter.net/cgi-bin/confirmeph2.cgi
20260511T083029Z,2026-05-11T08:30:29.176610Z,20260511T083029Z_batch01,ZTF10Df,2026-05-12T05:00:00Z,10 25 45.2,156.43833333333333,+01 25 09,1.4191666666666667,106.4,23.9,0.24,100.3,Map/Offsets,https://cgi.minorplanetcenter.net/cgi-bin/confirmeph2.cgi
20260511T083029Z,2026-05-11T08:30:29.176610Z,20260511T083029Z_batch01,ZTF10Df,2026-05-12T06:00:00Z,10 25 46.2,156.4425,+01 25 06,1.4183333333333334,106.3,23.9,0.24,100.3,Map/Offsets,https://cgi.minorplanetcenter.net/cgi-bin/confirmeph2.cgi
20260511T083029Z,2026-05-11T08:30:29.176610Z,20260511T083029Z_batch01,ZTF10Df,2026-05-12T07:00:00Z,10 25 47.1,156.44624999999996,+01 25 04,1.4177777777777778,106.3,23.9,0.24,100.4,Map/Offsets,https://cgi.minorplanetcenter.net/cgi-bin/confirmeph2.cgi
