snapshot_id,fetched_at_utc,batch_id,designation,ephem_time_utc,ra_hms,ra_deg,dec_dms,dec_deg,elong_deg,v_mag,motion_arcsec_per_min,pa_deg,uncertainty,source_url
20260710T070001Z,2026-07-10T07:00:01.413861Z,20260710T070001Z_batch01,CEQKE72,2026-07-10T06:00:00Z,16 12 35.2,243.14666666666665,+11 42 42,11.711666666666666,123.6,21.3,1.32,122.4,Map/Offsets,https://cgi.minorplanetcenter.net/cgi-bin/confirmeph2.cgi
20260710T070001Z,2026-07-10T07:00:01.413861Z,20260710T070001Z_batch01,CEQKE72,2026-07-10T07:00:00Z,16 12 39.7,243.16541666666663,+11 41 59,11.699722222222222,123.5,21.3,1.32,122.4,Map/Offsets,https://cgi.minorplanetcenter.net/cgi-bin/confirmeph2.cgi
20260710T070001Z,2026-07-10T07:00:01.413861Z,20260710T070001Z_batch01,CEQKE72,2026-07-10T08:00:00Z,16 12 44.3,243.18458333333334,+11 41 17,11.688055555555556,123.5,21.3,1.32,122.4,Map/Offsets,https://cgi.minorplanetcenter.net/cgi-bin/confirmeph2.cgi
20260710T070001Z,2026-07-10T07:00:01.413861Z,20260710T070001Z_batch01,CEQKE72,2026-07-10T09:00:00Z,16 12 48.8,243.20333333333332,+11 40 34,11.67611111111111,123.5,21.3,1.32,122.4,Map/Offsets,https://cgi.minorplanetcenter.net/cgi-bin/confirmeph2.cgi
20260710T070001Z,2026-07-10T07:00:01.413861Z,20260710T070001Z_batch01,CEQKE72,2026-07-10T10:00:00Z,16 12 53.4,243.22249999999997,+11 39 52,11.664444444444445,123.5,21.3,1.32,122.4,Map/Offsets,https://cgi.minorplanetcenter.net/cgi-bin/confirmeph2.cgi
20260710T070001Z,2026-07-10T07:00:01.413861Z,20260710T070001Z_batch01,CEQKE72,2026-07-10T11:00:00Z,16 12 57.9,243.24125,+11 39 10,11.652777777777779,123.5,21.3,1.32,122.4,Map/Offsets,https://cgi.minorplanetcenter.net/cgi-bin/confirmeph2.cgi
20260710T070001Z,2026-07-10T07:00:01.413861Z,20260710T070001Z_batch01,CEQKE72,2026-07-10T12:00:00Z,16 13 02.5,243.26041666666666,+11 38 27,11.640833333333333,123.5,21.3,1.32,122.4,Map/Offsets,https://cgi.minorplanetcenter.net/cgi-bin/confirmeph2.cgi
20260710T070001Z,2026-07-10T07:00:01.413861Z,20260710T070001Z_batch01,CEQKE72,2026-07-10T13:00:00Z,16 13 07.0,243.27916666666664,+11 37 45,11.629166666666666,123.5,21.3,1.32,122.4,Map/Offsets,https://cgi.minorplanetcenter.net/cgi-bin/confirmeph2.cgi
20260710T070001Z,2026-07-10T07:00:01.413861Z,20260710T070001Z_batch01,CEQKE72,2026-07-10T14:00:00Z,16 13 11.5,243.29791666666662,+11 37 02,11.617222222222223,123.5,21.3,1.32,122.4,Map/Offsets,https://cgi.minorplanetcenter.net/cgi-bin/confirmeph2.cgi
20260710T070001Z,2026-07-10T07:00:01.413861Z,20260710T070001Z_batch01,CEQKE72,2026-07-10T15:00:00Z,16 13 16.1,243.3170833333333,+11 36 20,11.605555555555556,123.5,21.3,1.32,122.5,Map/Offsets,https://cgi.minorplanetcenter.net/cgi-bin/confirmeph2.cgi
20260710T070001Z,2026-07-10T07:00:01.413861Z,20260710T070001Z_batch01,CEQKE72,2026-07-10T16:00:00Z,16 13 20.6,243.3358333333333,+11 35 38,11.59388888888889,123.5,21.3,1.32,122.5,Map/Offsets,https://cgi.minorplanetcenter.net/cgi-bin/confirmeph2.cgi
20260710T070001Z,2026-07-10T07:00:01.413861Z,20260710T070001Z_batch01,CEQKE72,2026-07-10T17:00:00Z,16 13 25.1,243.35458333333332,+11 34 55,11.581944444444444,123.5,21.3,1.32,122.5,Map/Offsets,https://cgi.minorplanetcenter.net/cgi-bin/confirmeph2.cgi
20260710T070001Z,2026-07-10T07:00:01.413861Z,20260710T070001Z_batch01,CEQKE72,2026-07-10T18:00:00Z,16 13 29.7,243.37374999999997,+11 34 13,11.570277777777777,123.4,21.3,1.32,122.5,Map/Offsets,https://cgi.minorplanetcenter.net/cgi-bin/confirmeph2.cgi
20260710T070001Z,2026-07-10T07:00:01.413861Z,20260710T070001Z_batch01,CEQKE72,2026-07-10T19:00:00Z,16 13 34.2,243.39249999999996,+11 33 30,11.558333333333334,123.4,21.3,1.32,122.5,Map/Offsets,https://cgi.minorplanetcenter.net/cgi-bin/confirmeph2.cgi
20260710T070001Z,2026-07-10T07:00:01.413861Z,20260710T070001Z_batch01,CEQKE72,2026-07-10T20:00:00Z,16 13 38.7,243.41125,+11 32 48,11.546666666666667,123.4,21.4,1.32,122.5,Map/Offsets,https://cgi.minorplanetcenter.net/cgi-bin/confirmeph2.cgi
20260710T070001Z,2026-07-10T07:00:01.413861Z,20260710T070001Z_batch01,CEQKE72,2026-07-10T21:00:00Z,16 13 43.3,243.43041666666664,+11 32 06,11.535,123.4,21.4,1.32,122.5,Map/Offsets,https://cgi.minorplanetcenter.net/cgi-bin/confirmeph2.cgi
20260710T070001Z,2026-07-10T07:00:01.413861Z,20260710T070001Z_batch01,CEQKE72,2026-07-10T22:00:00Z,16 13 47.8,243.44916666666663,+11 31 23,11.523055555555556,123.4,21.4,1.32,122.5,Map/Offsets,https://cgi.minorplanetcenter.net/cgi-bin/confirmeph2.cgi
20260710T070001Z,2026-07-10T07:00:01.413861Z,20260710T070001Z_batch01,CEQKE72,2026-07-10T23:00:00Z,16 13 52.3,243.46791666666667,+11 30 41,11.511388888888888,123.4,21.4,1.32,122.5,Map/Offsets,https://cgi.minorplanetcenter.net/cgi-bin/confirmeph2.cgi
20260710T070001Z,2026-07-10T07:00:01.413861Z,20260710T070001Z_batch01,CEQKE72,2026-07-11T00:00:00Z,16 13 56.9,243.48708333333332,+11 29 58,11.499444444444444,123.4,21.4,1.32,122.5,Map/Offsets,https://cgi.minorplanetcenter.net/cgi-bin/confirmeph2.cgi
20260710T070001Z,2026-07-10T07:00:01.413861Z,20260710T070001Z_batch01,CEQKE72,2026-07-11T01:00:00Z,16 14 01.4,243.50583333333336,+11 29 16,11.487777777777778,123.4,21.4,1.31,122.5,Map/Offsets,https://cgi.minorplanetcenter.net/cgi-bin/confirmeph2.cgi
20260710T070001Z,2026-07-10T07:00:01.413861Z,20260710T070001Z_batch01,CEQKE72,2026-07-11T02:00:00Z,16 14 05.9,243.52458333333334,+11 28 33,11.475833333333334,123.4,21.4,1.31,122.6,Map/Offsets,https://cgi.minorplanetcenter.net/cgi-bin/confirmeph2.cgi
20260710T070001Z,2026-07-10T07:00:01.413861Z,20260710T070001Z_batch01,CEQKE72,2026-07-11T03:00:00Z,16 14 10.4,243.54333333333335,+11 27 51,11.464166666666666,123.4,21.4,1.31,122.6,Map/Offsets,https://cgi.minorplanetcenter.net/cgi-bin/confirmeph2.cgi
20260710T070001Z,2026-07-10T07:00:01.413861Z,20260710T070001Z_batch01,CEQKE72,2026-07-11T04:00:00Z,16 14 14.9,243.56208333333336,+11 27 08,11.452222222222222,123.4,21.4,1.31,122.6,Map/Offsets,https://cgi.minorplanetcenter.net/cgi-bin/confirmeph2.cgi
20260710T070001Z,2026-07-10T07:00:01.413861Z,20260710T070001Z_batch01,CEQKE72,2026-07-11T05:00:00Z,16 14 19.5,243.58124999999998,+11 26 26,11.440555555555555,123.4,21.4,1.31,122.6,Map/Offsets,https://cgi.minorplanetcenter.net/cgi-bin/confirmeph2.cgi
20260710T070001Z,2026-07-10T07:00:01.413861Z,20260710T070001Z_batch01,CEQKE72,2026-07-11T06:00:00Z,16 14 24.0,243.60000000000002,+11 25 44,11.428888888888888,123.3,21.4,1.31,122.6,Map/Offsets,https://cgi.minorplanetcenter.net/cgi-bin/confirmeph2.cgi
20260710T070001Z,2026-07-10T07:00:01.413861Z,20260710T070001Z_batch01,A11Evap,2026-07-10T06:00:00Z,19 47 37.1,296.90458333333333,-39 52 27,-39.87416666666667,161.2,19.7,3.68,7.5,Map/Offsets,https://cgi.minorplanetcenter.net/cgi-bin/confirmeph2.cgi
20260710T070001Z,2026-07-10T07:00:01.413861Z,20260710T070001Z_batch01,A11Evap,2026-07-10T07:00:00Z,19 47 39.6,296.915,-39 48 48,-39.81333333333333,161.3,19.7,3.67,7.5,Map/Offsets,https://cgi.minorplanetcenter.net/cgi-bin/confirmeph2.cgi
20260710T070001Z,2026-07-10T07:00:01.413861Z,20260710T070001Z_batch01,A11Evap,2026-07-10T08:00:00Z,19 47 42.1,296.9254166666667,-39 45 10,-39.75277777777778,161.3,19.7,3.67,7.5,Map/Offsets,https://cgi.minorplanetcenter.net/cgi-bin/confirmeph2.cgi
20260710T070001Z,2026-07-10T07:00:01.413861Z,20260710T070001Z_batch01,A11Evap,2026-07-10T09:00:00Z,19 47 44.6,296.93583333333333,-39 41 32,-39.69222222222222,161.4,19.7,3.66,7.5,Map/Offsets,https://cgi.minorplanetcenter.net/cgi-bin/confirmeph2.cgi
20260710T070001Z,2026-07-10T07:00:01.413861Z,20260710T070001Z_batch01,A11Evap,2026-07-10T10:00:00Z,19 47 47.1,296.94625,-39 37 55,-39.63194444444444,161.4,19.7,3.65,7.5,Map/Offsets,https://cgi.minorplanetcenter.net/cgi-bin/confirmeph2.cgi
20260710T070001Z,2026-07-10T07:00:01.413861Z,20260710T070001Z_batch01,A11Evap,2026-07-10T11:00:00Z,19 47 49.5,296.95625000000007,-39 34 18,-39.57166666666667,161.5,19.7,3.64,7.4,Map/Offsets,https://cgi.minorplanetcenter.net/cgi-bin/confirmeph2.cgi
20260710T070001Z,2026-07-10T07:00:01.413861Z,20260710T070001Z_batch01,A11Evap,2026-07-10T12:00:00Z,19 47 52.0,296.9666666666667,-39 30 42,-39.51166666666666,161.6,19.7,3.63,7.4,Map/Offsets,https://cgi.minorplanetcenter.net/cgi-bin/confirmeph2.cgi
20260710T070001Z,2026-07-10T07:00:01.413861Z,20260710T070001Z_batch01,A11Evap,2026-07-10T13:00:00Z,19 47 54.4,296.9766666666667,-39 27 06,-39.45166666666667,161.6,19.7,3.62,7.4,Map/Offsets,https://cgi.minorplanetcenter.net/cgi-bin/confirmeph2.cgi
20260710T070001Z,2026-07-10T07:00:01.413861Z,20260710T070001Z_batch01,A11Evap,2026-07-10T14:00:00Z,19 47 56.8,296.9866666666667,-39 23 31,-39.39194444444444,161.7,19.7,3.61,7.4,Map/Offsets,https://cgi.minorplanetcenter.net/cgi-bin/confirmeph2.cgi
20260710T070001Z,2026-07-10T07:00:01.413861Z,20260710T070001Z_batch01,A11Evap,2026-07-10T15:00:00Z,19 47 59.2,296.9966666666667,-39 19 56,-39.33222222222223,161.7,19.7,3.61,7.4,Map/Offsets,https://cgi.minorplanetcenter.net/cgi-bin/confirmeph2.cgi
20260710T070001Z,2026-07-10T07:00:01.413861Z,20260710T070001Z_batch01,A11Evap,2026-07-10T16:00:00Z,19 48 01.6,297.00666666666666,-39 16 22,-39.272777777777776,161.8,19.7,3.6,7.4,Map/Offsets,https://cgi.minorplanetcenter.net/cgi-bin/confirmeph2.cgi
20260710T070001Z,2026-07-10T07:00:01.413861Z,20260710T070001Z_batch01,A11Evap,2026-07-10T17:00:00Z,19 48 04.0,297.01666666666665,-39 12 48,-39.21333333333334,161.9,19.7,3.59,7.3,Map/Offsets,https://cgi.minorplanetcenter.net/cgi-bin/confirmeph2.cgi
20260710T070001Z,2026-07-10T07:00:01.413861Z,20260710T070001Z_batch01,A11Evap,2026-07-10T18:00:00Z,19 48 06.4,297.0266666666667,-39 09 14,-39.153888888888886,161.9,19.7,3.58,7.3,Map/Offsets,https://cgi.minorplanetcenter.net/cgi-bin/confirmeph2.cgi
20260710T070001Z,2026-07-10T07:00:01.413861Z,20260710T070001Z_batch01,A11Evap,2026-07-10T19:00:00Z,19 48 08.7,297.03625,-39 05 42,-39.095,162.0,19.7,3.57,7.3,Map/Offsets,https://cgi.minorplanetcenter.net/cgi-bin/confirmeph2.cgi
20260710T070001Z,2026-07-10T07:00:01.413861Z,20260710T070001Z_batch01,A11Evap,2026-07-10T20:00:00Z,19 48 11.0,297.04583333333335,-39 02 09,-39.03583333333333,162.0,19.7,3.56,7.3,Map/Offsets,https://cgi.minorplanetcenter.net/cgi-bin/confirmeph2.cgi
20260710T070001Z,2026-07-10T07:00:01.413861Z,20260710T070001Z_batch01,A11Evap,2026-07-10T21:00:00Z,19 48 13.4,297.05583333333334,-38 58 37,-38.97694444444445,162.1,19.7,3.56,7.3,Map/Offsets,https://cgi.minorplanetcenter.net/cgi-bin/confirmeph2.cgi
20260710T070001Z,2026-07-10T07:00:01.413861Z,20260710T070001Z_batch01,A11Evap,2026-07-10T22:00:00Z,19 48 15.7,297.0654166666667,-38 55 06,-38.91833333333333,162.2,19.7,3.55,7.3,Map/Offsets,https://cgi.minorplanetcenter.net/cgi-bin/confirmeph2.cgi
20260710T070001Z,2026-07-10T07:00:01.413861Z,20260710T070001Z_batch01,A11Evap,2026-07-10T23:00:00Z,19 48 18.0,297.075,-38 51 35,-38.859722222222224,162.2,19.7,3.54,7.2,Map/Offsets,https://cgi.minorplanetcenter.net/cgi-bin/confirmeph2.cgi
20260710T070001Z,2026-07-10T07:00:01.413861Z,20260710T070001Z_batch01,A11Evap,2026-07-11T00:00:00Z,19 48 20.3,297.08458333333334,-38 48 05,-38.80138888888889,162.3,19.7,3.53,7.2,Map/Offsets,https://cgi.minorplanetcenter.net/cgi-bin/confirmeph2.cgi
20260710T070001Z,2026-07-10T07:00:01.413861Z,20260710T070001Z_batch01,A11Evap,2026-07-11T01:00:00Z,19 48 22.5,297.09375000000006,-38 44 35,-38.74305555555556,162.3,19.7,3.52,7.2,Map/Offsets,https://cgi.minorplanetcenter.net/cgi-bin/confirmeph2.cgi
20260710T070001Z,2026-07-10T07:00:01.413861Z,20260710T070001Z_batch01,A11Evap,2026-07-11T02:00:00Z,19 48 24.8,297.10333333333335,-38 41 06,-38.684999999999995,162.4,19.7,3.51,7.2,Map/Offsets,https://cgi.minorplanetcenter.net/cgi-bin/confirmeph2.cgi
20260710T070001Z,2026-07-10T07:00:01.413861Z,20260710T070001Z_batch01,A11Evap,2026-07-11T03:00:00Z,19 48 27.1,297.1129166666667,-38 37 37,-38.62694444444445,162.5,19.7,3.5,7.2,Map/Offsets,https://cgi.minorplanetcenter.net/cgi-bin/confirmeph2.cgi
20260710T070001Z,2026-07-10T07:00:01.413861Z,20260710T070001Z_batch01,A11Evap,2026-07-11T04:00:00Z,19 48 29.3,297.12208333333336,-38 34 08,-38.56888888888889,162.5,19.7,3.5,7.2,Map/Offsets,https://cgi.minorplanetcenter.net/cgi-bin/confirmeph2.cgi
20260710T070001Z,2026-07-10T07:00:01.413861Z,20260710T070001Z_batch01,A11Evap,2026-07-11T05:00:00Z,19 48 31.5,297.13125,-38 30 40,-38.51111111111111,162.6,19.7,3.49,7.2,Map/Offsets,https://cgi.minorplanetcenter.net/cgi-bin/confirmeph2.cgi
20260710T070001Z,2026-07-10T07:00:01.413861Z,20260710T070001Z_batch01,A11Evap,2026-07-11T06:00:00Z,19 48 33.7,297.1404166666667,-38 27 13,-38.453611111111115,162.6,19.7,3.48,7.1,Map/Offsets,https://cgi.minorplanetcenter.net/cgi-bin/confirmeph2.cgi
20260710T070001Z,2026-07-10T07:00:01.413861Z,20260710T070001Z_batch01,P12o0YY,2026-07-10T06:00:00Z,20 49 59.0,312.49583333333334,-22 28 04,-22.467777777777776,158.4,21.0,1.81,309.8,Map/Offsets,https://cgi.minorplanetcenter.net/cgi-bin/confirmeph2.cgi
20260710T070001Z,2026-07-10T07:00:01.413861Z,20260710T070001Z_batch01,P12o0YY,2026-07-10T07:00:00Z,20 49 53.0,312.4708333333333,-22 26 55,-22.448611111111113,158.5,21.0,1.81,309.8,Map/Offsets,https://cgi.minorplanetcenter.net/cgi-bin/confirmeph2.cgi
20260710T070001Z,2026-07-10T07:00:01.413861Z,20260710T070001Z_batch01,P12o0YY,2026-07-10T08:00:00Z,20 49 47.0,312.4458333333333,-22 25 45,-22.429166666666667,158.5,21.0,1.81,309.8,Map/Offsets,https://cgi.minorplanetcenter.net/cgi-bin/confirmeph2.cgi
20260710T070001Z,2026-07-10T07:00:01.413861Z,20260710T070001Z_batch01,P12o0YY,2026-07-10T09:00:00Z,20 49 41.0,312.4208333333333,-22 24 36,-22.41,158.6,21.0,1.81,309.8,Map/Offsets,https://cgi.minorplanetcenter.net/cgi-bin/confirmeph2.cgi
20260710T070001Z,2026-07-10T07:00:01.413861Z,20260710T070001Z_batch01,P12o0YY,2026-07-10T10:00:00Z,20 49 35.0,312.3958333333333,-22 23 26,-22.390555555555554,158.7,21.0,1.81,309.8,Map/Offsets,https://cgi.minorplanetcenter.net/cgi-bin/confirmeph2.cgi
20260710T070001Z,2026-07-10T07:00:01.413861Z,20260710T070001Z_batch01,P12o0YY,2026-07-10T11:00:00Z,20 49 28.9,312.37041666666664,-22 22 16,-22.371111111111112,158.7,21.0,1.81,309.8,Map/Offsets,https://cgi.minorplanetcenter.net/cgi-bin/confirmeph2.cgi
20260710T070001Z,2026-07-10T07:00:01.413861Z,20260710T070001Z_batch01,P12o0YY,2026-07-10T12:00:00Z,20 49 22.9,312.34541666666667,-22 21 07,-22.351944444444445,158.8,21.0,1.81,309.8,Map/Offsets,https://cgi.minorplanetcenter.net/cgi-bin/confirmeph2.cgi
20260710T070001Z,2026-07-10T07:00:01.413861Z,20260710T070001Z_batch01,P12o0YY,2026-07-10T13:00:00Z,20 49 16.9,312.32041666666663,-22 19 57,-22.3325,158.8,21.0,1.81,309.8,Map/Offsets,https://cgi.minorplanetcenter.net/cgi-bin/confirmeph2.cgi
20260710T070001Z,2026-07-10T07:00:01.413861Z,20260710T070001Z_batch01,P12o0YY,2026-07-10T14:00:00Z,20 49 10.9,312.29541666666665,-22 18 47,-22.313055555555557,158.9,21.0,1.81,309.8,Map/Offsets,https://cgi.minorplanetcenter.net/cgi-bin/confirmeph2.cgi
20260710T070001Z,2026-07-10T07:00:01.413861Z,20260710T070001Z_batch01,P12o0YY,2026-07-10T15:00:00Z,20 49 04.8,312.27000000000004,-22 17 38,-22.29388888888889,159.0,21.0,1.82,309.8,Map/Offsets,https://cgi.minorplanetcenter.net/cgi-bin/confirmeph2.cgi
20260710T070001Z,2026-07-10T07:00:01.413861Z,20260710T070001Z_batch01,P12o0YY,2026-07-10T16:00:00Z,20 48 58.8,312.245,-22 16 28,-22.274444444444445,159.0,21.0,1.82,309.8,Map/Offsets,https://cgi.minorplanetcenter.net/cgi-bin/confirmeph2.cgi
20260710T070001Z,2026-07-10T07:00:01.413861Z,20260710T070001Z_batch01,P12o0YY,2026-07-10T17:00:00Z,20 48 52.8,312.22,-22 15 18,-22.255,159.1,21.0,1.82,309.8,Map/Offsets,https://cgi.minorplanetcenter.net/cgi-bin/confirmeph2.cgi
20260710T070001Z,2026-07-10T07:00:01.413861Z,20260710T070001Z_batch01,P12o0YY,2026-07-10T18:00:00Z,20 48 46.7,312.1945833333333,-22 14 08,-22.235555555555557,159.1,21.0,1.82,309.8,Map/Offsets,https://cgi.minorplanetcenter.net/cgi-bin/confirmeph2.cgi
20260710T070001Z,2026-07-10T07:00:01.413861Z,20260710T070001Z_batch01,P12o0YY,2026-07-10T19:00:00Z,20 48 40.7,312.1695833333333,-22 12 58,-22.21611111111111,159.2,21.0,1.82,309.8,Map/Offsets,https://cgi.minorplanetcenter.net/cgi-bin/confirmeph2.cgi
20260710T070001Z,2026-07-10T07:00:01.413861Z,20260710T070001Z_batch01,P12o0YY,2026-07-10T20:00:00Z,20 48 34.7,312.14458333333334,-22 11 48,-22.196666666666665,159.3,21.0,1.82,309.8,Map/Offsets,https://cgi.minorplanetcenter.net/cgi-bin/confirmeph2.cgi
20260710T070001Z,2026-07-10T07:00:01.413861Z,20260710T070001Z_batch01,P12o0YY,2026-07-10T21:00:00Z,20 48 28.6,312.1191666666667,-22 10 38,-22.177222222222223,159.3,21.0,1.82,309.8,Map/Offsets,https://cgi.minorplanetcenter.net/cgi-bin/confirmeph2.cgi
20260710T070001Z,2026-07-10T07:00:01.413861Z,20260710T070001Z_batch01,P12o0YY,2026-07-10T22:00:00Z,20 48 22.6,312.0941666666667,-22 09 28,-22.157777777777778,159.4,21.0,1.82,309.8,Map/Offsets,https://cgi.minorplanetcenter.net/cgi-bin/confirmeph2.cgi
20260710T070001Z,2026-07-10T07:00:01.413861Z,20260710T070001Z_batch01,P12o0YY,2026-07-10T23:00:00Z,20 48 16.5,312.06875,-22 08 18,-22.138333333333332,159.4,21.0,1.82,309.8,Map/Offsets,https://cgi.minorplanetcenter.net/cgi-bin/confirmeph2.cgi
20260710T070001Z,2026-07-10T07:00:01.413861Z,20260710T070001Z_batch01,P12o0YY,2026-07-11T00:00:00Z,20 48 10.5,312.04375000000005,-22 07 08,-22.11888888888889,159.5,21.0,1.82,309.8,Map/Offsets,https://cgi.minorplanetcenter.net/cgi-bin/confirmeph2.cgi
20260710T070001Z,2026-07-10T07:00:01.413861Z,20260710T070001Z_batch01,P12o0YY,2026-07-11T01:00:00Z,20 48 04.4,312.0183333333333,-22 05 58,-22.099444444444444,159.6,21.0,1.83,309.8,Map/Offsets,https://cgi.minorplanetcenter.net/cgi-bin/confirmeph2.cgi
20260710T070001Z,2026-07-10T07:00:01.413861Z,20260710T070001Z_batch01,P12o0YY,2026-07-11T02:00:00Z,20 47 58.4,311.99333333333334,-22 04 48,-22.08,159.6,21.0,1.83,309.8,Map/Offsets,https://cgi.minorplanetcenter.net/cgi-bin/confirmeph2.cgi
20260710T070001Z,2026-07-10T07:00:01.413861Z,20260710T070001Z_batch01,P12o0YY,2026-07-11T03:00:00Z,20 47 52.3,311.9679166666667,-22 03 38,-22.060555555555556,159.7,21.0,1.83,309.8,Map/Offsets,https://cgi.minorplanetcenter.net/cgi-bin/confirmeph2.cgi
20260710T070001Z,2026-07-10T07:00:01.413861Z,20260710T070001Z_batch01,P12o0YY,2026-07-11T04:00:00Z,20 47 46.3,311.9429166666667,-22 02 28,-22.041111111111114,159.7,21.0,1.83,309.8,Map/Offsets,https://cgi.minorplanetcenter.net/cgi-bin/confirmeph2.cgi
20260710T070001Z,2026-07-10T07:00:01.413861Z,20260710T070001Z_batch01,P12o0YY,2026-07-11T05:00:00Z,20 47 40.2,311.9175,-22 01 18,-22.021666666666665,159.8,21.0,1.83,309.8,Map/Offsets,https://cgi.minorplanetcenter.net/cgi-bin/confirmeph2.cgi
20260710T070001Z,2026-07-10T07:00:01.413861Z,20260710T070001Z_batch01,P12o0YY,2026-07-11T06:00:00Z,20 47 34.1,311.89208333333335,-22 00 07,-22.001944444444444,159.9,21.0,1.83,309.8,Map/Offsets,https://cgi.minorplanetcenter.net/cgi-bin/confirmeph2.cgi
20260710T070001Z,2026-07-10T07:00:01.413861Z,20260710T070001Z_batch01,CEQJF02,2026-07-10T06:00:00Z,22 04 55.8,331.23249999999996,+14 55 14,14.920555555555556,124.5,20.7,17.09,93.2,Map/Offsets   !,https://cgi.minorplanetcenter.net/cgi-bin/confirmeph2.cgi
20260710T070001Z,2026-07-10T07:00:01.413861Z,20260710T070001Z_batch01,CEQJF02,2026-07-10T07:00:00Z,22 06 05.8,331.5241666666667,+14 54 17,14.904722222222222,124.3,20.7,16.79,93.3,Map/Offsets   !,https://cgi.minorplanetcenter.net/cgi-bin/confirmeph2.cgi
20260710T070001Z,2026-07-10T07:00:01.413861Z,20260710T070001Z_batch01,CEQJF02,2026-07-10T08:00:00Z,22 07 14.5,331.8104166666667,+14 53 19,14.88861111111111,124.1,20.8,16.49,93.4,Map/Offsets   !,https://cgi.minorplanetcenter.net/cgi-bin/confirmeph2.cgi
20260710T070001Z,2026-07-10T07:00:01.413861Z,20260710T070001Z_batch01,CEQJF02,2026-07-10T09:00:00Z,22 08 22.1,332.09208333333333,+14 52 21,14.8725,124.0,20.8,16.2,93.4,Map/Offsets   !,https://cgi.minorplanetcenter.net/cgi-bin/confirmeph2.cgi
20260710T070001Z,2026-07-10T07:00:01.413861Z,20260710T070001Z_batch01,CEQJF02,2026-07-10T10:00:00Z,22 09 28.4,332.36833333333334,+14 51 22,14.85611111111111,123.8,20.8,15.92,93.5,Map/Offsets   !,https://cgi.minorplanetcenter.net/cgi-bin/confirmeph2.cgi
20260710T070001Z,2026-07-10T07:00:01.413861Z,20260710T070001Z_batch01,CEQJF02,2026-07-10T11:00:00Z,22 10 33.6,332.64000000000004,+14 50 23,14.839722222222223,123.7,20.8,15.64,93.6,Map/Offsets   !,https://cgi.minorplanetcenter.net/cgi-bin/confirmeph2.cgi
20260710T070001Z,2026-07-10T07:00:01.413861Z,20260710T070001Z_batch01,CEQJF02,2026-07-10T12:00:00Z,22 11 37.6,332.9066666666667,+14 49 24,14.823333333333332,123.5,20.9,15.37,93.7,Map/Offsets   !,https://cgi.minorplanetcenter.net/cgi-bin/confirmeph2.cgi
20260710T070001Z,2026-07-10T07:00:01.413861Z,20260710T070001Z_batch01,CEQJF02,2026-07-10T13:00:00Z,22 12 40.5,333.16875,+14 48 25,14.806944444444445,123.4,20.9,15.1,93.8,Map/Offsets   !,https://cgi.minorplanetcenter.net/cgi-bin/confirmeph2.cgi
20260710T070001Z,2026-07-10T07:00:01.413861Z,20260710T070001Z_batch01,CEQJF02,2026-07-10T14:00:00Z,22 13 42.3,333.42625,+14 47 26,14.790555555555555,123.2,20.9,14.85,93.8,Map/Offsets   !,https://cgi.minorplanetcenter.net/cgi-bin/confirmeph2.cgi
20260710T070001Z,2026-07-10T07:00:01.413861Z,20260710T070001Z_batch01,CEQJF02,2026-07-10T15:00:00Z,22 14 43.0,333.6791666666667,+14 46 26,14.773888888888889,123.1,20.9,14.59,93.9,Map/Offsets   !,https://cgi.minorplanetcenter.net/cgi-bin/confirmeph2.cgi
20260710T070001Z,2026-07-10T07:00:01.413861Z,20260710T070001Z_batch01,CEQJF02,2026-07-10T16:00:00Z,22 15 42.8,333.92833333333334,+14 45 27,14.7575,122.9,20.9,14.35,94.0,Map/Offsets   !,https://cgi.minorplanetcenter.net/cgi-bin/confirmeph2.cgi
20260710T070001Z,2026-07-10T07:00:01.413861Z,20260710T070001Z_batch01,CEQJF02,2026-07-10T17:00:00Z,22 16 41.5,334.17291666666665,+14 44 27,14.740833333333333,122.8,21.0,14.11,94.0,Map/Offsets   !,https://cgi.minorplanetcenter.net/cgi-bin/confirmeph2.cgi
20260710T070001Z,2026-07-10T07:00:01.413861Z,20260710T070001Z_batch01,CEQJF02,2026-07-10T18:00:00Z,22 17 39.2,334.41333333333336,+14 43 28,14.724444444444444,122.7,21.0,13.87,94.1,Map/Offsets   !,https://cgi.minorplanetcenter.net/cgi-bin/confirmeph2.cgi
20260710T070001Z,2026-07-10T07:00:01.413861Z,20260710T070001Z_batch01,CEQJF02,2026-07-10T19:00:00Z,22 18 35.9,334.64958333333334,+14 42 28,14.707777777777777,122.5,21.0,13.64,94.2,Map/Offsets   !,https://cgi.minorplanetcenter.net/cgi-bin/confirmeph2.cgi
20260710T070001Z,2026-07-10T07:00:01.413861Z,20260710T070001Z_batch01,CEQJF02,2026-07-10T20:00:00Z,22 19 31.7,334.8820833333333,+14 41 29,14.69138888888889,122.4,21.0,13.42,94.2,Map/Offsets   !,https://cgi.minorplanetcenter.net/cgi-bin/confirmeph2.cgi
20260710T070001Z,2026-07-10T07:00:01.413861Z,20260710T070001Z_batch01,CEQJF02,2026-07-10T21:00:00Z,22 20 26.6,335.11083333333335,+14 40 29,14.674722222222222,122.3,21.1,13.2,94.3,Map/Offsets   !,https://cgi.minorplanetcenter.net/cgi-bin/confirmeph2.cgi
20260710T070001Z,2026-07-10T07:00:01.413861Z,20260710T070001Z_batch01,CEQJF02,2026-07-10T22:00:00Z,22 21 20.5,335.3354166666667,+14 39 30,14.658333333333333,122.1,21.1,12.98,94.4,Map/Offsets   !,https://cgi.minorplanetcenter.net/cgi-bin/confirmeph2.cgi
20260710T070001Z,2026-07-10T07:00:01.413861Z,20260710T070001Z_batch01,CEQJF02,2026-07-10T23:00:00Z,22 22 13.6,335.5566666666667,+14 38 31,14.641944444444444,122.0,21.1,12.77,94.4,Map/Offsets   !,https://cgi.minorplanetcenter.net/cgi-bin/confirmeph2.cgi
20260710T070001Z,2026-07-10T07:00:01.413861Z,20260710T070001Z_batch01,CEQJF02,2026-07-11T00:00:00Z,22 23 05.8,335.77416666666664,+14 37 31,14.625277777777779,121.9,21.1,12.57,94.5,Map/Offsets   !,https://cgi.minorplanetcenter.net/cgi-bin/confirmeph2.cgi
20260710T070001Z,2026-07-10T07:00:01.413861Z,20260710T070001Z_batch01,CEQJF02,2026-07-11T01:00:00Z,22 23 57.2,335.98833333333334,+14 36 32,14.608888888888888,121.8,21.1,12.37,94.6,Map/Offsets   !,https://cgi.minorplanetcenter.net/cgi-bin/confirmeph2.cgi
20260710T070001Z,2026-07-10T07:00:01.413861Z,20260710T070001Z_batch01,CEQJF02,2026-07-11T02:00:00Z,22 24 47.7,336.19874999999996,+14 35 34,14.592777777777778,121.7,21.2,12.17,94.6,Map/Offsets   !,https://cgi.minorplanetcenter.net/cgi-bin/confirmeph2.cgi
20260710T070001Z,2026-07-10T07:00:01.413861Z,20260710T070001Z_batch01,CEQJF02,2026-07-11T03:00:00Z,22 25 37.5,336.40625000000006,+14 34 35,14.57638888888889,121.6,21.2,11.98,94.7,Map/Offsets   !,https://cgi.minorplanetcenter.net/cgi-bin/confirmeph2.cgi
20260710T070001Z,2026-07-10T07:00:01.413861Z,20260710T070001Z_batch01,CEQJF02,2026-07-11T04:00:00Z,22 26 26.4,336.60999999999996,+14 33 36,14.56,121.5,21.2,11.79,94.7,Map/Offsets   !,https://cgi.minorplanetcenter.net/cgi-bin/confirmeph2.cgi
20260710T070001Z,2026-07-10T07:00:01.413861Z,20260710T070001Z_batch01,CEQJF02,2026-07-11T05:00:00Z,22 27 14.6,336.81083333333333,+14 32 38,14.543888888888889,121.3,21.2,11.6,94.8,Map/Offsets   !,https://cgi.minorplanetcenter.net/cgi-bin/confirmeph2.cgi
20260710T070001Z,2026-07-10T07:00:01.413861Z,20260710T070001Z_batch01,CEQJF02,2026-07-11T06:00:00Z,22 28 02.0,337.00833333333327,+14 31 40,14.527777777777779,121.2,21.2,11.42,94.9,Map/Offsets   !,https://cgi.minorplanetcenter.net/cgi-bin/confirmeph2.cgi
20260710T070001Z,2026-07-10T07:00:01.413861Z,20260710T070001Z_batch01,ST26G11,2026-07-10T06:00:00Z,21 35 17.4,323.8225,+11 36 56,11.615555555555556,132.0,19.8,23.92,74.6,Map/Offsets   !,https://cgi.minorplanetcenter.net/cgi-bin/confirmeph2.cgi
20260710T070001Z,2026-07-10T07:00:01.413861Z,20260710T070001Z_batch01,ST26G11,2026-07-10T07:00:00Z,21 36 51.7,324.21541666666667,+11 43 15,11.720833333333333,131.7,19.9,23.96,74.7,Map/Offsets   !,https://cgi.minorplanetcenter.net/cgi-bin/confirmeph2.cgi
20260710T070001Z,2026-07-10T07:00:01.413861Z,20260710T070001Z_batch01,ST26G11,2026-07-10T08:00:00Z,21 38 26.2,324.6091666666666,+11 49 33,11.825833333333334,131.4,19.9,23.99,74.8,Map/Offsets   !,https://cgi.minorplanetcenter.net/cgi-bin/confirmeph2.cgi
20260710T070001Z,2026-07-10T07:00:01.413861Z,20260710T070001Z_batch01,ST26G11,2026-07-10T09:00:00Z,21 40 00.9,325.00375,+11 55 50,11.930555555555555,131.0,19.9,24.03,74.9,Map/Offsets   !,https://cgi.minorplanetcenter.net/cgi-bin/confirmeph2.cgi
20260710T070001Z,2026-07-10T07:00:01.413861Z,20260710T070001Z_batch01,ST26G11,2026-07-10T10:00:00Z,21 41 35.9,325.39958333333334,+12 02 05,12.034722222222221,130.7,19.9,24.06,75.0,Map/Offsets   !,https://cgi.minorplanetcenter.net/cgi-bin/confirmeph2.cgi
20260710T070001Z,2026-07-10T07:00:01.413861Z,20260710T070001Z_batch01,ST26G11,2026-07-10T11:00:00Z,21 43 11.0,325.7958333333333,+12 08 18,12.138333333333334,130.4,19.9,24.09,75.1,Map/Offsets   !,https://cgi.minorplanetcenter.net/cgi-bin/confirmeph2.cgi
20260710T070001Z,2026-07-10T07:00:01.413861Z,20260710T070001Z_batch01,ST26G11,2026-07-10T12:00:00Z,21 44 46.3,326.1929166666667,+12 14 30,12.241666666666665,130.1,19.9,24.12,75.1,Map/Offsets   !,https://cgi.minorplanetcenter.net/cgi-bin/confirmeph2.cgi
20260710T070001Z,2026-07-10T07:00:01.413861Z,20260710T070001Z_batch01,ST26G11,2026-07-10T13:00:00Z,21 46 21.8,326.5908333333333,+12 20 40,12.344444444444445,129.8,19.9,24.14,75.2,Map/Offsets   !,https://cgi.minorplanetcenter.net/cgi-bin/confirmeph2.cgi
20260710T070001Z,2026-07-10T07:00:01.413861Z,20260710T070001Z_batch01,ST26G11,2026-07-10T14:00:00Z,21 47 57.5,326.9895833333333,+12 26 48,12.446666666666667,129.5,19.9,24.16,75.3,Map/Offsets   !,https://cgi.minorplanetcenter.net/cgi-bin/confirmeph2.cgi
20260710T070001Z,2026-07-10T07:00:01.413861Z,20260710T070001Z_batch01,ST26G11,2026-07-10T15:00:00Z,21 49 33.3,327.38875,+12 32 54,12.548333333333334,129.1,19.9,24.18,75.4,Map/Offsets   !,https://cgi.minorplanetcenter.net/cgi-bin/confirmeph2.cgi
20260710T070001Z,2026-07-10T07:00:01.413861Z,20260710T070001Z_batch01,ST26G11,2026-07-10T16:00:00Z,21 51 09.3,327.78875000000005,+12 38 59,12.649722222222222,128.8,19.9,24.2,75.5,Map/Offsets   !,https://cgi.minorplanetcenter.net/cgi-bin/confirmeph2.cgi
20260710T070001Z,2026-07-10T07:00:01.413861Z,20260710T070001Z_batch01,ST26G11,2026-07-10T17:00:00Z,21 52 45.4,328.18916666666667,+12 45 01,12.750277777777777,128.5,19.9,24.22,75.6,Map/Offsets   !,https://cgi.minorplanetcenter.net/cgi-bin/confirmeph2.cgi
20260710T070001Z,2026-07-10T07:00:01.413861Z,20260710T070001Z_batch01,ST26G11,2026-07-10T18:00:00Z,21 54 21.7,328.59041666666667,+12 51 02,12.850555555555555,128.2,19.9,24.23,75.7,Map/Offsets   !,https://cgi.minorplanetcenter.net/cgi-bin/confirmeph2.cgi
20260710T070001Z,2026-07-10T07:00:01.413861Z,20260710T070001Z_batch01,ST26G11,2026-07-10T19:00:00Z,21 55 58.1,328.99208333333337,+12 57 00,12.95,127.8,19.9,24.24,75.8,Map/Offsets   !,https://cgi.minorplanetcenter.net/cgi-bin/confirmeph2.cgi
20260710T070001Z,2026-07-10T07:00:01.413861Z,20260710T070001Z_batch01,ST26G11,2026-07-10T20:00:00Z,21 57 34.6,329.3941666666667,+13 02 57,13.049166666666666,127.5,20.0,24.25,75.9,Map/Offsets   !,https://cgi.minorplanetcenter.net/cgi-bin/confirmeph2.cgi
20260710T070001Z,2026-07-10T07:00:01.413861Z,20260710T070001Z_batch01,ST26G11,2026-07-10T21:00:00Z,21 59 11.2,329.7966666666667,+13 08 51,13.147499999999999,127.2,20.0,24.26,76.0,Map/Offsets   !,https://cgi.minorplanetcenter.net/cgi-bin/confirmeph2.cgi
20260710T070001Z,2026-07-10T07:00:01.413861Z,20260710T070001Z_batch01,ST26G11,2026-07-10T22:00:00Z,22 00 47.9,330.1995833333333,+13 14 42,13.245,126.9,20.0,24.26,76.1,Map/Offsets   !,https://cgi.minorplanetcenter.net/cgi-bin/confirmeph2.cgi
20260710T070001Z,2026-07-10T07:00:01.413861Z,20260710T070001Z_batch01,ST26G11,2026-07-10T23:00:00Z,22 02 24.7,330.60291666666666,+13 20 32,13.342222222222222,126.5,20.0,24.26,76.2,Map/Offsets   !,https://cgi.minorplanetcenter.net/cgi-bin/confirmeph2.cgi
20260710T070001Z,2026-07-10T07:00:01.413861Z,20260710T070001Z_batch01,ST26G11,2026-07-11T00:00:00Z,22 04 01.6,331.00666666666666,+13 26 19,13.438611111111111,126.2,20.0,24.26,76.3,Map/Offsets   !,https://cgi.minorplanetcenter.net/cgi-bin/confirmeph2.cgi
20260710T070001Z,2026-07-10T07:00:01.413861Z,20260710T070001Z_batch01,ST26G11,2026-07-11T01:00:00Z,22 05 38.5,331.4104166666666,+13 32 04,13.534444444444444,125.9,20.0,24.26,76.3,Map/Offsets   !,https://cgi.minorplanetcenter.net/cgi-bin/confirmeph2.cgi
20260710T070001Z,2026-07-10T07:00:01.413861Z,20260710T070001Z_batch01,ST26G11,2026-07-11T02:00:00Z,22 07 15.5,331.8145833333333,+13 37 46,13.629444444444445,125.6,20.0,24.25,76.4,Map/Offsets   !,https://cgi.minorplanetcenter.net/cgi-bin/confirmeph2.cgi
20260710T070001Z,2026-07-10T07:00:01.413861Z,20260710T070001Z_batch01,ST26G11,2026-07-11T03:00:00Z,22 08 52.6,332.2191666666667,+13 43 26,13.723888888888888,125.2,20.0,24.24,76.5,Map/Offsets   !,https://cgi.minorplanetcenter.net/cgi-bin/confirmeph2.cgi
20260710T070001Z,2026-07-10T07:00:01.413861Z,20260710T070001Z_batch01,ST26G11,2026-07-11T04:00:00Z,22 10 29.7,332.62375000000003,+13 49 03,13.817499999999999,124.9,20.0,24.23,76.6,Map/Offsets   !,https://cgi.minorplanetcenter.net/cgi-bin/confirmeph2.cgi
20260710T070001Z,2026-07-10T07:00:01.413861Z,20260710T070001Z_batch01,ST26G11,2026-07-11T05:00:00Z,22 12 06.8,333.0283333333333,+13 54 37,13.910277777777779,124.6,20.0,24.22,76.7,Map/Offsets   !,https://cgi.minorplanetcenter.net/cgi-bin/confirmeph2.cgi
20260710T070001Z,2026-07-10T07:00:01.413861Z,20260710T070001Z_batch01,ST26G11,2026-07-11T06:00:00Z,22 13 43.9,333.43291666666664,+14 00 09,14.0025,124.3,20.0,24.2,76.8,Map/Offsets   !,https://cgi.minorplanetcenter.net/cgi-bin/confirmeph2.cgi
20260710T070001Z,2026-07-10T07:00:01.413861Z,20260710T070001Z_batch01,P12o0Y2,2026-07-10T06:00:00Z,20 51 03.6,312.76500000000004,-32 49 07,-32.81861111111112,156.6,21.1,1.37,138.2,Map/Offsets,https://cgi.minorplanetcenter.net/cgi-bin/confirmeph2.cgi
20260710T070001Z,2026-07-10T07:00:01.413861Z,20260710T070001Z_batch01,P12o0Y2,2026-07-10T07:00:00Z,20 51 07.9,312.7829166666667,-32 50 09,-32.83583333333333,156.6,21.1,1.37,138.2,Map/Offsets,https://cgi.minorplanetcenter.net/cgi-bin/confirmeph2.cgi
20260710T070001Z,2026-07-10T07:00:01.413861Z,20260710T070001Z_batch01,P12o0Y2,2026-07-10T08:00:00Z,20 51 12.3,312.80125000000004,-32 51 10,-32.85277777777778,156.6,21.1,1.37,138.2,Map/Offsets,https://cgi.minorplanetcenter.net/cgi-bin/confirmeph2.cgi
20260710T070001Z,2026-07-10T07:00:01.413861Z,20260710T070001Z_batch01,P12o0Y2,2026-07-10T09:00:00Z,20 51 16.6,312.81916666666666,-32 52 11,-32.86972222222222,156.6,21.1,1.37,138.2,Map/Offsets,https://cgi.minorplanetcenter.net/cgi-bin/confirmeph2.cgi
20260710T070001Z,2026-07-10T07:00:01.413861Z,20260710T070001Z_batch01,P12o0Y2,2026-07-10T10:00:00Z,20 51 20.9,312.83708333333334,-32 53 12,-32.88666666666666,156.7,21.1,1.37,138.2,Map/Offsets,https://cgi.minorplanetcenter.net/cgi-bin/confirmeph2.cgi
20260710T070001Z,2026-07-10T07:00:01.413861Z,20260710T070001Z_batch01,P12o0Y2,2026-07-10T11:00:00Z,20 51 25.3,312.8554166666667,-32 54 14,-32.903888888888886,156.7,21.1,1.37,138.3,Map/Offsets,https://cgi.minorplanetcenter.net/cgi-bin/confirmeph2.cgi
20260710T070001Z,2026-07-10T07:00:01.413861Z,20260710T070001Z_batch01,P12o0Y2,2026-07-10T12:00:00Z,20 51 29.6,312.87333333333333,-32 55 15,-32.920833333333334,156.7,21.1,1.37,138.3,Map/Offsets,https://cgi.minorplanetcenter.net/cgi-bin/confirmeph2.cgi
20260710T070001Z,2026-07-10T07:00:01.413861Z,20260710T070001Z_batch01,P12o0Y2,2026-07-10T13:00:00Z,20 51 33.9,312.89125,-32 56 16,-32.937777777777775,156.7,21.1,1.37,138.3,Map/Offsets,https://cgi.minorplanetcenter.net/cgi-bin/confirmeph2.cgi
20260710T070001Z,2026-07-10T07:00:01.413861Z,20260710T070001Z_batch01,P12o0Y2,2026-07-10T14:00:00Z,20 51 38.3,312.90958333333333,-32 57 17,-32.95472222222222,156.7,21.1,1.36,138.3,Map/Offsets,https://cgi.minorplanetcenter.net/cgi-bin/confirmeph2.cgi
20260710T070001Z,2026-07-10T07:00:01.413861Z,20260710T070001Z_batch01,P12o0Y2,2026-07-10T15:00:00Z,20 51 42.6,312.9275,-32 58 18,-32.97166666666667,156.7,21.1,1.36,138.3,Map/Offsets,https://cgi.minorplanetcenter.net/cgi-bin/confirmeph2.cgi
20260710T070001Z,2026-07-10T07:00:01.413861Z,20260710T070001Z_batch01,P12o0Y2,2026-07-10T16:00:00Z,20 51 46.9,312.9454166666667,-32 59 19,-32.98861111111111,156.7,21.1,1.36,138.3,Map/Offsets,https://cgi.minorplanetcenter.net/cgi-bin/confirmeph2.cgi
20260710T070001Z,2026-07-10T07:00:01.413861Z,20260710T070001Z_batch01,P12o0Y2,2026-07-10T17:00:00Z,20 51 51.2,312.96333333333337,-33 00 20,-33.00555555555555,156.7,21.1,1.36,138.3,Map/Offsets,https://cgi.minorplanetcenter.net/cgi-bin/confirmeph2.cgi
20260710T070001Z,2026-07-10T07:00:01.413861Z,20260710T070001Z_batch01,P12o0Y2,2026-07-10T18:00:00Z,20 51 55.5,312.98125000000005,-33 01 21,-33.0225,156.7,21.1,1.36,138.4,Map/Offsets,https://cgi.minorplanetcenter.net/cgi-bin/confirmeph2.cgi
20260710T070001Z,2026-07-10T07:00:01.413861Z,20260710T070001Z_batch01,P12o0Y2,2026-07-10T19:00:00Z,20 51 59.9,312.99958333333336,-33 02 22,-33.03944444444444,156.7,21.1,1.36,138.4,Map/Offsets,https://cgi.minorplanetcenter.net/cgi-bin/confirmeph2.cgi
20260710T070001Z,2026-07-10T07:00:01.413861Z,20260710T070001Z_batch01,P12o0Y2,2026-07-10T20:00:00Z,20 52 04.2,313.0175,-33 03 23,-33.05638888888888,156.8,21.1,1.36,138.4,Map/Offsets,https://cgi.minorplanetcenter.net/cgi-bin/confirmeph2.cgi
20260710T070001Z,2026-07-10T07:00:01.413861Z,20260710T070001Z_batch01,P12o0Y2,2026-07-10T21:00:00Z,20 52 08.5,313.03541666666666,-33 04 25,-33.07361111111111,156.8,21.1,1.36,138.4,Map/Offsets,https://cgi.minorplanetcenter.net/cgi-bin/confirmeph2.cgi
20260710T070001Z,2026-07-10T07:00:01.413861Z,20260710T070001Z_batch01,P12o0Y2,2026-07-10T22:00:00Z,20 52 12.8,313.05333333333334,-33 05 26,-33.09055555555556,156.8,21.1,1.36,138.4,Map/Offsets,https://cgi.minorplanetcenter.net/cgi-bin/confirmeph2.cgi
20260710T070001Z,2026-07-10T07:00:01.413861Z,20260710T070001Z_batch01,P12o0Y2,2026-07-10T23:00:00Z,20 52 17.1,313.07125,-33 06 26,-33.10722222222223,156.8,21.1,1.36,138.4,Map/Offsets,https://cgi.minorplanetcenter.net/cgi-bin/confirmeph2.cgi
20260710T070001Z,2026-07-10T07:00:01.413861Z,20260710T070001Z_batch01,P12o0Y2,2026-07-11T00:00:00Z,20 52 21.4,313.0891666666667,-33 07 27,-33.12416666666667,156.8,21.1,1.36,138.4,Map/Offsets,https://cgi.minorplanetcenter.net/cgi-bin/confirmeph2.cgi
20260710T070001Z,2026-07-10T07:00:01.413861Z,20260710T070001Z_batch01,P12o0Y2,2026-07-11T01:00:00Z,20 52 25.7,313.1070833333333,-33 08 28,-33.14111111111111,156.8,21.1,1.36,138.4,Map/Offsets,https://cgi.minorplanetcenter.net/cgi-bin/confirmeph2.cgi
20260710T070001Z,2026-07-10T07:00:01.413861Z,20260710T070001Z_batch01,P12o0Y2,2026-07-11T02:00:00Z,20 52 30.0,313.125,-33 09 29,-33.158055555555556,156.8,21.1,1.36,138.5,Map/Offsets,https://cgi.minorplanetcenter.net/cgi-bin/confirmeph2.cgi
20260710T070001Z,2026-07-10T07:00:01.413861Z,20260710T070001Z_batch01,P12o0Y2,2026-07-11T03:00:00Z,20 52 34.3,313.1429166666667,-33 10 30,-33.175,156.8,21.1,1.36,138.5,Map/Offsets,https://cgi.minorplanetcenter.net/cgi-bin/confirmeph2.cgi
20260710T070001Z,2026-07-10T07:00:01.413861Z,20260710T070001Z_batch01,P12o0Y2,2026-07-11T04:00:00Z,20 52 38.6,313.1608333333333,-33 11 31,-33.19194444444444,156.8,21.1,1.36,138.5,Map/Offsets,https://cgi.minorplanetcenter.net/cgi-bin/confirmeph2.cgi
20260710T070001Z,2026-07-10T07:00:01.413861Z,20260710T070001Z_batch01,P12o0Y2,2026-07-11T05:00:00Z,20 52 42.9,313.17875000000004,-33 12 32,-33.20888888888889,156.8,21.1,1.35,138.5,Map/Offsets,https://cgi.minorplanetcenter.net/cgi-bin/confirmeph2.cgi
20260710T070001Z,2026-07-10T07:00:01.413861Z,20260710T070001Z_batch01,P12o0Y2,2026-07-11T06:00:00Z,20 52 47.2,313.19666666666666,-33 13 33,-33.225833333333334,156.9,21.1,1.35,138.5,Map/Offsets,https://cgi.minorplanetcenter.net/cgi-bin/confirmeph2.cgi
20260710T070001Z,2026-07-10T07:00:01.413861Z,20260710T070001Z_batch01,P12o0Y1,2026-07-10T06:00:00Z,20 22 07.7,305.53208333333333,-30 08 19,-30.13861111111111,163.3,21.3,2.42,286.0,Map/Offsets,https://cgi.minorplanetcenter.net/cgi-bin/confirmeph2.cgi
20260710T070001Z,2026-07-10T07:00:01.413861Z,20260710T070001Z_batch01,P12o0Y1,2026-07-10T07:00:00Z,20 21 56.9,305.4870833333334,-30 07 39,-30.1275,163.4,21.3,2.42,286.0,Map/Offsets,https://cgi.minorplanetcenter.net/cgi-bin/confirmeph2.cgi
20260710T070001Z,2026-07-10T07:00:01.413861Z,20260710T070001Z_batch01,P12o0Y1,2026-07-10T08:00:00Z,20 21 46.2,305.4425,-30 06 59,-30.116388888888892,163.5,21.3,2.42,286.0,Map/Offsets,https://cgi.minorplanetcenter.net/cgi-bin/confirmeph2.cgi
20260710T070001Z,2026-07-10T07:00:01.413861Z,20260710T070001Z_batch01,P12o0Y1,2026-07-10T09:00:00Z,20 21 35.4,305.39750000000004,-30 06 19,-30.10527777777778,163.6,21.3,2.42,286.1,Map/Offsets,https://cgi.minorplanetcenter.net/cgi-bin/confirmeph2.cgi
20260710T070001Z,2026-07-10T07:00:01.413861Z,20260710T070001Z_batch01,P12o0Y1,2026-07-10T10:00:00Z,20 21 24.6,305.3525,-30 05 38,-30.093888888888888,163.6,21.3,2.42,286.1,Map/Offsets,https://cgi.minorplanetcenter.net/cgi-bin/confirmeph2.cgi
20260710T070001Z,2026-07-10T07:00:01.413861Z,20260710T070001Z_batch01,P12o0Y1,2026-07-10T11:00:00Z,20 21 13.9,305.3079166666667,-30 04 58,-30.08277777777778,163.7,21.3,2.42,286.1,Map/Offsets,https://cgi.minorplanetcenter.net/cgi-bin/confirmeph2.cgi
20260710T070001Z,2026-07-10T07:00:01.413861Z,20260710T070001Z_batch01,P12o0Y1,2026-07-10T12:00:00Z,20 21 03.1,305.2629166666667,-30 04 18,-30.071666666666665,163.8,21.3,2.42,286.1,Map/Offsets,https://cgi.minorplanetcenter.net/cgi-bin/confirmeph2.cgi
20260710T070001Z,2026-07-10T07:00:01.413861Z,20260710T070001Z_batch01,P12o0Y1,2026-07-10T13:00:00Z,20 20 52.4,305.21833333333336,-30 03 37,-30.060277777777777,163.8,21.3,2.42,286.2,Map/Offsets,https://cgi.minorplanetcenter.net/cgi-bin/confirmeph2.cgi
20260710T070001Z,2026-07-10T07:00:01.413861Z,20260710T070001Z_batch01,P12o0Y1,2026-07-10T14:00:00Z,20 20 41.6,305.17333333333335,-30 02 57,-30.049166666666668,163.9,21.3,2.42,286.2,Map/Offsets,https://cgi.minorplanetcenter.net/cgi-bin/confirmeph2.cgi
20260710T070001Z,2026-07-10T07:00:01.413861Z,20260710T070001Z_batch01,P12o0Y1,2026-07-10T15:00:00Z,20 20 30.9,305.12874999999997,-30 02 16,-30.03777777777778,164.0,21.3,2.42,286.2,Map/Offsets,https://cgi.minorplanetcenter.net/cgi-bin/confirmeph2.cgi
20260710T070001Z,2026-07-10T07:00:01.413861Z,20260710T070001Z_batch01,P12o0Y1,2026-07-10T16:00:00Z,20 20 20.2,305.08416666666665,-30 01 36,-30.026666666666667,164.0,21.3,2.42,286.2,Map/Offsets,https://cgi.minorplanetcenter.net/cgi-bin/confirmeph2.cgi
20260710T070001Z,2026-07-10T07:00:01.413861Z,20260710T070001Z_batch01,P12o0Y1,2026-07-10T17:00:00Z,20 20 09.4,305.03916666666663,-30 00 55,-30.01527777777778,164.1,21.3,2.42,286.3,Map/Offsets,https://cgi.minorplanetcenter.net/cgi-bin/confirmeph2.cgi
20260710T070001Z,2026-07-10T07:00:01.413861Z,20260710T070001Z_batch01,P12o0Y1,2026-07-10T18:00:00Z,20 19 58.7,304.9945833333333,-30 00 14,-30.003888888888888,164.2,21.3,2.42,286.3,Map/Offsets,https://cgi.minorplanetcenter.net/cgi-bin/confirmeph2.cgi
20260710T070001Z,2026-07-10T07:00:01.413861Z,20260710T070001Z_batch01,P12o0Y1,2026-07-10T19:00:00Z,20 19 48.0,304.95,-29 59 33,-29.9925,164.3,21.3,2.42,286.3,Map/Offsets,https://cgi.minorplanetcenter.net/cgi-bin/confirmeph2.cgi
20260710T070001Z,2026-07-10T07:00:01.413861Z,20260710T070001Z_batch01,P12o0Y1,2026-07-10T20:00:00Z,20 19 37.2,304.905,-29 58 53,-29.981388888888887,164.3,21.3,2.42,286.3,Map/Offsets,https://cgi.minorplanetcenter.net/cgi-bin/confirmeph2.cgi
20260710T070001Z,2026-07-10T07:00:01.413861Z,20260710T070001Z_batch01,P12o0Y1,2026-07-10T21:00:00Z,20 19 26.5,304.8604166666667,-29 58 12,-29.97,164.4,21.3,2.42,286.4,Map/Offsets,https://cgi.minorplanetcenter.net/cgi-bin/confirmeph2.cgi
20260710T070001Z,2026-07-10T07:00:01.413861Z,20260710T070001Z_batch01,P12o0Y1,2026-07-10T22:00:00Z,20 19 15.8,304.81583333333333,-29 57 31,-29.95861111111111,164.5,21.3,2.42,286.4,Map/Offsets,https://cgi.minorplanetcenter.net/cgi-bin/confirmeph2.cgi
20260710T070001Z,2026-07-10T07:00:01.413861Z,20260710T070001Z_batch01,P12o0Y1,2026-07-10T23:00:00Z,20 19 05.1,304.77125,-29 56 50,-29.947222222222223,164.5,21.3,2.42,286.4,Map/Offsets,https://cgi.minorplanetcenter.net/cgi-bin/confirmeph2.cgi
20260710T070001Z,2026-07-10T07:00:01.413861Z,20260710T070001Z_batch01,P12o0Y1,2026-07-11T00:00:00Z,20 18 54.4,304.7266666666667,-29 56 09,-29.935833333333335,164.6,21.3,2.42,286.4,Map/Offsets,https://cgi.minorplanetcenter.net/cgi-bin/confirmeph2.cgi
20260710T070001Z,2026-07-10T07:00:01.413861Z,20260710T070001Z_batch01,P12o0Y1,2026-07-11T01:00:00Z,20 18 43.6,304.6816666666667,-29 55 28,-29.924444444444447,164.7,21.3,2.42,286.5,Map/Offsets,https://cgi.minorplanetcenter.net/cgi-bin/confirmeph2.cgi
20260710T070001Z,2026-07-10T07:00:01.413861Z,20260710T070001Z_batch01,P12o0Y1,2026-07-11T02:00:00Z,20 18 32.9,304.63708333333335,-29 54 46,-29.912777777777777,164.7,21.3,2.42,286.5,Map/Offsets,https://cgi.minorplanetcenter.net/cgi-bin/confirmeph2.cgi
20260710T070001Z,2026-07-10T07:00:01.413861Z,20260710T070001Z_batch01,P12o0Y1,2026-07-11T03:00:00Z,20 18 22.2,304.5925,-29 54 05,-29.90138888888889,164.8,21.3,2.42,286.5,Map/Offsets,https://cgi.minorplanetcenter.net/cgi-bin/confirmeph2.cgi
20260710T070001Z,2026-07-10T07:00:01.413861Z,20260710T070001Z_batch01,P12o0Y1,2026-07-11T04:00:00Z,20 18 11.5,304.54791666666665,-29 53 24,-29.89,164.9,21.3,2.42,286.5,Map/Offsets,https://cgi.minorplanetcenter.net/cgi-bin/confirmeph2.cgi
20260710T070001Z,2026-07-10T07:00:01.413861Z,20260710T070001Z_batch01,P12o0Y1,2026-07-11T05:00:00Z,20 18 00.8,304.5033333333334,-29 52 42,-29.878333333333334,165.0,21.3,2.42,286.6,Map/Offsets,https://cgi.minorplanetcenter.net/cgi-bin/confirmeph2.cgi
20260710T070001Z,2026-07-10T07:00:01.413861Z,20260710T070001Z_batch01,P12o0Y1,2026-07-11T06:00:00Z,20 17 50.1,304.45875,-29 52 01,-29.866944444444446,165.0,21.3,2.42,286.6,Map/Offsets,https://cgi.minorplanetcenter.net/cgi-bin/confirmeph2.cgi
20260710T070001Z,2026-07-10T07:00:01.413861Z,20260710T070001Z_batch01,P12nXcB,2026-07-10T06:00:00Z,21 20 51.1,320.2129166666667,-31 14 14,-31.237222222222222,150.9,21.6,0.47,157.4,Map/Offsets,https://cgi.minorplanetcenter.net/cgi-bin/confirmeph2.cgi
20260710T070001Z,2026-07-10T07:00:01.413861Z,20260710T070001Z_batch01,P12nXcB,2026-07-10T07:00:00Z,21 20 52.0,320.21666666666664,-31 14 40,-31.244444444444447,151.0,21.6,0.47,157.5,Map/Offsets,https://cgi.minorplanetcenter.net/cgi-bin/confirmeph2.cgi
20260710T070001Z,2026-07-10T07:00:01.413861Z,20260710T070001Z_batch01,P12nXcB,2026-07-10T08:00:00Z,21 20 52.8,320.21999999999997,-31 15 06,-31.251666666666665,151.0,21.6,0.47,157.6,Map/Offsets,https://cgi.minorplanetcenter.net/cgi-bin/confirmeph2.cgi
20260710T070001Z,2026-07-10T07:00:01.413861Z,20260710T070001Z_batch01,P12nXcB,2026-07-10T09:00:00Z,21 20 53.7,320.22375,-31 15 32,-31.25888888888889,151.0,21.6,0.47,157.7,Map/Offsets,https://cgi.minorplanetcenter.net/cgi-bin/confirmeph2.cgi
20260710T070001Z,2026-07-10T07:00:01.413861Z,20260710T070001Z_batch01,P12nXcB,2026-07-10T10:00:00Z,21 20 54.5,320.2270833333333,-31 15 59,-31.26638888888889,151.1,21.6,0.47,157.8,Map/Offsets,https://cgi.minorplanetcenter.net/cgi-bin/confirmeph2.cgi
20260710T070001Z,2026-07-10T07:00:01.413861Z,20260710T070001Z_batch01,P12nXcB,2026-07-10T11:00:00Z,21 20 55.3,320.23041666666666,-31 16 25,-31.27361111111111,151.1,21.6,0.47,157.9,Map/Offsets,https://cgi.minorplanetcenter.net/cgi-bin/confirmeph2.cgi
20260710T070001Z,2026-07-10T07:00:01.413861Z,20260710T070001Z_batch01,P12nXcB,2026-07-10T12:00:00Z,21 20 56.1,320.23375,-31 16 51,-31.280833333333334,151.1,21.6,0.47,158.0,Map/Offsets,https://cgi.minorplanetcenter.net/cgi-bin/confirmeph2.cgi
20260710T070001Z,2026-07-10T07:00:01.413861Z,20260710T070001Z_batch01,P12nXcB,2026-07-10T13:00:00Z,21 20 57.0,320.23749999999995,-31 17 17,-31.28805555555556,151.2,21.6,0.47,158.0,Map/Offsets,https://cgi.minorplanetcenter.net/cgi-bin/confirmeph2.cgi
20260710T070001Z,2026-07-10T07:00:01.413861Z,20260710T070001Z_batch01,P12nXcB,2026-07-10T14:00:00Z,21 20 57.8,320.24083333333334,-31 17 43,-31.29527777777778,151.2,21.6,0.47,158.1,Map/Offsets,https://cgi.minorplanetcenter.net/cgi-bin/confirmeph2.cgi
20260710T070001Z,2026-07-10T07:00:01.413861Z,20260710T070001Z_batch01,P12nXcB,2026-07-10T15:00:00Z,21 20 58.6,320.2441666666666,-31 18 09,-31.302500000000002,151.2,21.6,0.47,158.2,Map/Offsets,https://cgi.minorplanetcenter.net/cgi-bin/confirmeph2.cgi
20260710T070001Z,2026-07-10T07:00:01.413861Z,20260710T070001Z_batch01,P12nXcB,2026-07-10T16:00:00Z,21 20 59.4,320.2475,-31 18 35,-31.309722222222224,151.2,21.6,0.47,158.3,Map/Offsets,https://cgi.minorplanetcenter.net/cgi-bin/confirmeph2.cgi
20260710T070001Z,2026-07-10T07:00:01.413861Z,20260710T070001Z_batch01,P12nXcB,2026-07-10T17:00:00Z,21 21 00.2,320.25083333333333,-31 19 01,-31.316944444444445,151.3,21.6,0.47,158.4,Map/Offsets,https://cgi.minorplanetcenter.net/cgi-bin/confirmeph2.cgi
20260710T070001Z,2026-07-10T07:00:01.413861Z,20260710T070001Z_batch01,P12nXcB,2026-07-10T18:00:00Z,21 21 01.0,320.2541666666667,-31 19 27,-31.324166666666667,151.3,21.6,0.47,158.5,Map/Offsets,https://cgi.minorplanetcenter.net/cgi-bin/confirmeph2.cgi
20260710T070001Z,2026-07-10T07:00:01.413861Z,20260710T070001Z_batch01,P12nXcB,2026-07-10T19:00:00Z,21 21 01.8,320.2575,-31 19 53,-31.33138888888889,151.3,21.6,0.47,158.6,Map/Offsets,https://cgi.minorplanetcenter.net/cgi-bin/confirmeph2.cgi
20260710T070001Z,2026-07-10T07:00:01.413861Z,20260710T070001Z_batch01,P12nXcB,2026-07-10T20:00:00Z,21 21 02.6,320.2608333333334,-31 20 20,-31.33888888888889,151.4,21.6,0.47,158.7,Map/Offsets,https://cgi.minorplanetcenter.net/cgi-bin/confirmeph2.cgi
20260710T070001Z,2026-07-10T07:00:01.413861Z,20260710T070001Z_batch01,P12nXcB,2026-07-10T21:00:00Z,21 21 03.4,320.2641666666667,-31 20 46,-31.34611111111111,151.4,21.6,0.47,158.8,Map/Offsets,https://cgi.minorplanetcenter.net/cgi-bin/confirmeph2.cgi
20260710T070001Z,2026-07-10T07:00:01.413861Z,20260710T070001Z_batch01,P12nXcB,2026-07-10T22:00:00Z,21 21 04.2,320.26750000000004,-31 21 12,-31.353333333333335,151.4,21.6,0.47,158.9,Map/Offsets,https://cgi.minorplanetcenter.net/cgi-bin/confirmeph2.cgi
20260710T070001Z,2026-07-10T07:00:01.413861Z,20260710T070001Z_batch01,P12nXcB,2026-07-10T23:00:00Z,21 21 05.0,320.27083333333337,-31 21 38,-31.360555555555557,151.4,21.6,0.47,159.0,Map/Offsets,https://cgi.minorplanetcenter.net/cgi-bin/confirmeph2.cgi
20260710T070001Z,2026-07-10T07:00:01.413861Z,20260710T070001Z_batch01,P12nXcB,2026-07-11T00:00:00Z,21 21 05.8,320.2741666666667,-31 22 04,-31.36777777777778,151.5,21.6,0.47,159.1,Map/Offsets,https://cgi.minorplanetcenter.net/cgi-bin/confirmeph2.cgi
20260710T070001Z,2026-07-10T07:00:01.413861Z,20260710T070001Z_batch01,P12nXcB,2026-07-11T01:00:00Z,21 21 06.5,320.2770833333334,-31 22 30,-31.375,151.5,21.6,0.47,159.2,Map/Offsets,https://cgi.minorplanetcenter.net/cgi-bin/confirmeph2.cgi
20260710T070001Z,2026-07-10T07:00:01.413861Z,20260710T070001Z_batch01,P12nXcB,2026-07-11T02:00:00Z,21 21 07.3,320.28041666666667,-31 22 56,-31.38222222222222,151.5,21.6,0.47,159.3,Map/Offsets,https://cgi.minorplanetcenter.net/cgi-bin/confirmeph2.cgi
20260710T070001Z,2026-07-10T07:00:01.413861Z,20260710T070001Z_batch01,P12nXcB,2026-07-11T03:00:00Z,21 21 08.1,320.28375,-31 23 22,-31.389444444444443,151.6,21.6,0.46,159.4,Map/Offsets,https://cgi.minorplanetcenter.net/cgi-bin/confirmeph2.cgi
20260710T070001Z,2026-07-10T07:00:01.413861Z,20260710T070001Z_batch01,P12nXcB,2026-07-11T04:00:00Z,21 21 08.8,320.28666666666663,-31 23 48,-31.396666666666665,151.6,21.6,0.46,159.5,Map/Offsets,https://cgi.minorplanetcenter.net/cgi-bin/confirmeph2.cgi
20260710T070001Z,2026-07-10T07:00:01.413861Z,20260710T070001Z_batch01,P12nXcB,2026-07-11T05:00:00Z,21 21 09.6,320.29,-31 24 15,-31.404166666666665,151.6,21.6,0.46,159.6,Map/Offsets,https://cgi.minorplanetcenter.net/cgi-bin/confirmeph2.cgi
20260710T070001Z,2026-07-10T07:00:01.413861Z,20260710T070001Z_batch01,P12nXcB,2026-07-11T06:00:00Z,21 21 10.3,320.2929166666667,-31 24 41,-31.411388888888887,151.7,21.6,0.46,159.7,Map/Offsets,https://cgi.minorplanetcenter.net/cgi-bin/confirmeph2.cgi
20260710T070001Z,2026-07-10T07:00:01.413861Z,20260710T070001Z_batch01,P12nXce,2026-07-10T06:00:00Z,21 56 05.4,329.0225,-31 40 39,-31.677500000000002,143.4,21.2,3.69,214.7,Map/Offsets,https://cgi.minorplanetcenter.net/cgi-bin/confirmeph2.cgi
20260710T070001Z,2026-07-10T07:00:01.413861Z,20260710T070001Z_batch01,P12nXce,2026-07-10T07:00:00Z,21 55 55.5,328.98125000000005,-31 43 40,-31.727777777777778,143.5,21.2,3.69,214.7,Map/Offsets,https://cgi.minorplanetcenter.net/cgi-bin/confirmeph2.cgi
20260710T070001Z,2026-07-10T07:00:01.413861Z,20260710T070001Z_batch01,P12nXce,2026-07-10T08:00:00Z,21 55 45.6,328.94000000000005,-31 46 42,-31.778333333333332,143.6,21.2,3.68,214.8,Map/Offsets,https://cgi.minorplanetcenter.net/cgi-bin/confirmeph2.cgi
20260710T070001Z,2026-07-10T07:00:01.413861Z,20260710T070001Z_batch01,P12nXce,2026-07-10T09:00:00Z,21 55 35.7,328.89875,-31 49 43,-31.828611111111112,143.6,21.2,3.68,214.8,Map/Offsets,https://cgi.minorplanetcenter.net/cgi-bin/confirmeph2.cgi
20260710T070001Z,2026-07-10T07:00:01.413861Z,20260710T070001Z_batch01,P12nXce,2026-07-10T10:00:00Z,21 55 25.8,328.8575,-31 52 45,-31.879166666666666,143.7,21.2,3.68,214.9,Map/Offsets,https://cgi.minorplanetcenter.net/cgi-bin/confirmeph2.cgi
20260710T070001Z,2026-07-10T07:00:01.413861Z,20260710T070001Z_batch01,P12nXce,2026-07-10T11:00:00Z,21 55 15.9,328.81625,-31 55 46,-31.929444444444446,143.8,21.2,3.68,214.9,Map/Offsets,https://cgi.minorplanetcenter.net/cgi-bin/confirmeph2.cgi
20260710T070001Z,2026-07-10T07:00:01.413861Z,20260710T070001Z_batch01,P12nXce,2026-07-10T12:00:00Z,21 55 06.0,328.775,-31 58 47,-31.97972222222222,143.8,21.2,3.68,215.0,Map/Offsets,https://cgi.minorplanetcenter.net/cgi-bin/confirmeph2.cgi
20260710T070001Z,2026-07-10T07:00:01.413861Z,20260710T070001Z_batch01,P12nXce,2026-07-10T13:00:00Z,21 54 56.0,328.7333333333333,-32 01 48,-32.03,143.9,21.2,3.68,215.0,Map/Offsets,https://cgi.minorplanetcenter.net/cgi-bin/confirmeph2.cgi
20260710T070001Z,2026-07-10T07:00:01.413861Z,20260710T070001Z_batch01,P12nXce,2026-07-10T14:00:00Z,21 54 46.1,328.6920833333333,-32 04 48,-32.080000000000005,144.0,21.1,3.68,215.0,Map/Offsets,https://cgi.minorplanetcenter.net/cgi-bin/confirmeph2.cgi
20260710T070001Z,2026-07-10T07:00:01.413861Z,20260710T070001Z_batch01,P12nXce,2026-07-10T15:00:00Z,21 54 36.1,328.6504166666667,-32 07 49,-32.13027777777778,144.0,21.1,3.68,215.1,Map/Offsets,https://cgi.minorplanetcenter.net/cgi-bin/confirmeph2.cgi
20260710T070001Z,2026-07-10T07:00:01.413861Z,20260710T070001Z_batch01,P12nXce,2026-07-10T16:00:00Z,21 54 26.1,328.60875,-32 10 49,-32.180277777777775,144.1,21.1,3.67,215.1,Map/Offsets,https://cgi.minorplanetcenter.net/cgi-bin/confirmeph2.cgi
20260710T070001Z,2026-07-10T07:00:01.413861Z,20260710T070001Z_batch01,P12nXce,2026-07-10T17:00:00Z,21 54 16.1,328.5670833333333,-32 13 50,-32.230555555555554,144.1,21.1,3.67,215.2,Map/Offsets,https://cgi.minorplanetcenter.net/cgi-bin/confirmeph2.cgi
20260710T070001Z,2026-07-10T07:00:01.413861Z,20260710T070001Z_batch01,P12nXce,2026-07-10T18:00:00Z,21 54 06.1,328.5254166666667,-32 16 50,-32.28055555555555,144.2,21.1,3.67,215.2,Map/Offsets,https://cgi.minorplanetcenter.net/cgi-bin/confirmeph2.cgi
20260710T070001Z,2026-07-10T07:00:01.413861Z,20260710T070001Z_batch01,P12nXce,2026-07-10T19:00:00Z,21 53 56.0,328.4833333333333,-32 19 50,-32.330555555555556,144.3,21.1,3.67,215.3,Map/Offsets,https://cgi.minorplanetcenter.net/cgi-bin/confirmeph2.cgi
20260710T070001Z,2026-07-10T07:00:01.413861Z,20260710T070001Z_batch01,P12nXce,2026-07-10T20:00:00Z,21 53 46.0,328.44166666666666,-32 22 49,-32.38027777777778,144.3,21.1,3.67,215.3,Map/Offsets,https://cgi.minorplanetcenter.net/cgi-bin/confirmeph2.cgi
20260710T070001Z,2026-07-10T07:00:01.413861Z,20260710T070001Z_batch01,P12nXce,2026-07-10T21:00:00Z,21 53 36.0,328.40000000000003,-32 25 49,-32.430277777777775,144.4,21.1,3.67,215.3,Map/Offsets,https://cgi.minorplanetcenter.net/cgi-bin/confirmeph2.cgi
20260710T070001Z,2026-07-10T07:00:01.413861Z,20260710T070001Z_batch01,P12nXce,2026-07-10T22:00:00Z,21 53 25.9,328.35791666666665,-32 28 49,-32.48027777777778,144.5,21.1,3.67,215.4,Map/Offsets,https://cgi.minorplanetcenter.net/cgi-bin/confirmeph2.cgi
20260710T070001Z,2026-07-10T07:00:01.413861Z,20260710T070001Z_batch01,P12nXce,2026-07-10T23:00:00Z,21 53 15.8,328.31583333333333,-32 31 48,-32.53,144.5,21.1,3.67,215.4,Map/Offsets,https://cgi.minorplanetcenter.net/cgi-bin/confirmeph2.cgi
20260710T070001Z,2026-07-10T07:00:01.413861Z,20260710T070001Z_batch01,P12nXce,2026-07-11T00:00:00Z,21 53 05.7,328.27375,-32 34 47,-32.57972222222222,144.6,21.1,3.66,215.5,Map/Offsets,https://cgi.minorplanetcenter.net/cgi-bin/confirmeph2.cgi
20260710T070001Z,2026-07-10T07:00:01.413861Z,20260710T070001Z_batch01,P12nXce,2026-07-11T01:00:00Z,21 52 55.6,328.2316666666667,-32 37 46,-32.629444444444445,144.6,21.1,3.66,215.5,Map/Offsets,https://cgi.minorplanetcenter.net/cgi-bin/confirmeph2.cgi
20260710T070001Z,2026-07-10T07:00:01.413861Z,20260710T070001Z_batch01,P12nXce,2026-07-11T02:00:00Z,21 52 45.5,328.18958333333336,-32 40 45,-32.67916666666667,144.7,21.1,3.66,215.6,Map/Offsets,https://cgi.minorplanetcenter.net/cgi-bin/confirmeph2.cgi
20260710T070001Z,2026-07-10T07:00:01.413861Z,20260710T070001Z_batch01,P12nXce,2026-07-11T03:00:00Z,21 52 35.4,328.1475,-32 43 43,-32.728611111111114,144.8,21.1,3.66,215.6,Map/Offsets,https://cgi.minorplanetcenter.net/cgi-bin/confirmeph2.cgi
20260710T070001Z,2026-07-10T07:00:01.413861Z,20260710T070001Z_batch01,P12nXce,2026-07-11T04:00:00Z,21 52 25.2,328.105,-32 46 42,-32.77833333333333,144.8,21.1,3.66,215.7,Map/Offsets,https://cgi.minorplanetcenter.net/cgi-bin/confirmeph2.cgi
20260710T070001Z,2026-07-10T07:00:01.413861Z,20260710T070001Z_batch01,P12nXce,2026-07-11T05:00:00Z,21 52 15.1,328.06291666666664,-32 49 40,-32.82777777777778,144.9,21.1,3.66,215.7,Map/Offsets,https://cgi.minorplanetcenter.net/cgi-bin/confirmeph2.cgi
20260710T070001Z,2026-07-10T07:00:01.413861Z,20260710T070001Z_batch01,P12nXce,2026-07-11T06:00:00Z,21 52 04.9,328.0204166666667,-32 52 39,-32.8775,145.0,21.1,3.66,215.7,Map/Offsets,https://cgi.minorplanetcenter.net/cgi-bin/confirmeph2.cgi
20260710T070001Z,2026-07-10T07:00:01.413861Z,20260710T070001Z_batch01,P12nXcA,2026-07-10T06:00:00Z,21 07 47.8,316.94916666666666,-27 34 10,-27.569444444444443,154.3,20.3,3.55,332.8,Map/Offsets,https://cgi.minorplanetcenter.net/cgi-bin/confirmeph2.cgi
20260710T070001Z,2026-07-10T07:00:01.413861Z,20260710T070001Z_batch01,P12nXcA,2026-07-10T07:00:00Z,21 07 40.4,316.91833333333335,-27 31 00,-27.516666666666666,154.3,20.3,3.58,332.7,Map/Offsets,https://cgi.minorplanetcenter.net/cgi-bin/confirmeph2.cgi
20260710T070001Z,2026-07-10T07:00:01.413861Z,20260710T070001Z_batch01,P12nXcA,2026-07-10T08:00:00Z,21 07 33.0,316.8875,-27 27 48,-27.46333333333333,154.4,20.3,3.61,332.7,Map/Offsets,https://cgi.minorplanetcenter.net/cgi-bin/confirmeph2.cgi
20260710T070001Z,2026-07-10T07:00:01.413861Z,20260710T070001Z_batch01,P12nXcA,2026-07-10T09:00:00Z,21 07 25.5,316.85625000000005,-27 24 35,-27.40972222222222,154.5,20.3,3.64,332.7,Map/Offsets,https://cgi.minorplanetcenter.net/cgi-bin/confirmeph2.cgi
20260710T070001Z,2026-07-10T07:00:01.413861Z,20260710T070001Z_batch01,P12nXcA,2026-07-10T10:00:00Z,21 07 18.0,316.825,-27 21 20,-27.355555555555558,154.6,20.3,3.67,332.7,Map/Offsets,https://cgi.minorplanetcenter.net/cgi-bin/confirmeph2.cgi
20260710T070001Z,2026-07-10T07:00:01.413861Z,20260710T070001Z_batch01,P12nXcA,2026-07-10T11:00:00Z,21 07 10.4,316.79333333333335,-27 18 03,-27.300833333333333,154.6,20.3,3.71,332.7,Map/Offsets,https://cgi.minorplanetcenter.net/cgi-bin/confirmeph2.cgi
20260710T070001Z,2026-07-10T07:00:01.413861Z,20260710T070001Z_batch01,P12nXcA,2026-07-10T12:00:00Z,21 07 02.7,316.76125,-27 14 45,-27.245833333333334,154.7,20.3,3.74,332.7,Map/Offsets,https://cgi.minorplanetcenter.net/cgi-bin/confirmeph2.cgi
20260710T070001Z,2026-07-10T07:00:01.413861Z,20260710T070001Z_batch01,P12nXcA,2026-07-10T13:00:00Z,21 06 54.9,316.72875000000005,-27 11 24,-27.19,154.8,20.2,3.77,332.7,Map/Offsets,https://cgi.minorplanetcenter.net/cgi-bin/confirmeph2.cgi
20260710T070001Z,2026-07-10T07:00:01.413861Z,20260710T070001Z_batch01,P12nXcA,2026-07-10T14:00:00Z,21 06 47.1,316.69625,-27 08 02,-27.133888888888887,154.8,20.2,3.81,332.7,Map/Offsets,https://cgi.minorplanetcenter.net/cgi-bin/confirmeph2.cgi
20260710T070001Z,2026-07-10T07:00:01.413861Z,20260710T070001Z_batch01,P12nXcA,2026-07-10T15:00:00Z,21 06 39.2,316.66333333333336,-27 04 39,-27.0775,154.9,20.2,3.84,332.7,Map/Offsets,https://cgi.minorplanetcenter.net/cgi-bin/confirmeph2.cgi
20260710T070001Z,2026-07-10T07:00:01.413861Z,20260710T070001Z_batch01,P12nXcA,2026-07-10T16:00:00Z,21 06 31.3,316.6304166666667,-27 01 13,-27.02027777777778,155.0,20.2,3.87,332.7,Map/Offsets,https://cgi.minorplanetcenter.net/cgi-bin/confirmeph2.cgi
20260710T070001Z,2026-07-10T07:00:01.413861Z,20260710T070001Z_batch01,P12nXcA,2026-07-10T17:00:00Z,21 06 23.3,316.59708333333333,-26 57 46,-26.962777777777777,155.0,20.2,3.91,332.7,Map/Offsets,https://cgi.minorplanetcenter.net/cgi-bin/confirmeph2.cgi
20260710T070001Z,2026-07-10T07:00:01.413861Z,20260710T070001Z_batch01,P12nXcA,2026-07-10T18:00:00Z,21 06 15.2,316.56333333333333,-26 54 16,-26.904444444444444,155.1,20.2,3.94,332.7,Map/Offsets,https://cgi.minorplanetcenter.net/cgi-bin/confirmeph2.cgi
20260710T070001Z,2026-07-10T07:00:01.413861Z,20260710T070001Z_batch01,P12nXcA,2026-07-10T19:00:00Z,21 06 07.0,316.5291666666667,-26 50 45,-26.84583333333333,155.2,20.2,3.98,332.7,Map/Offsets,https://cgi.minorplanetcenter.net/cgi-bin/confirmeph2.cgi
20260710T070001Z,2026-07-10T07:00:01.413861Z,20260710T070001Z_batch01,P12nXcA,2026-07-10T20:00:00Z,21 05 58.8,316.49499999999995,-26 47 12,-26.78666666666667,155.3,20.2,4.02,332.7,Map/Offsets,https://cgi.minorplanetcenter.net/cgi-bin/confirmeph2.cgi
20260710T070001Z,2026-07-10T07:00:01.413861Z,20260710T070001Z_batch01,P12nXcA,2026-07-10T21:00:00Z,21 05 50.5,316.4604166666666,-26 43 37,-26.72694444444444,155.3,20.2,4.05,332.7,Map/Offsets,https://cgi.minorplanetcenter.net/cgi-bin/confirmeph2.cgi
20260710T070001Z,2026-07-10T07:00:01.413861Z,20260710T070001Z_batch01,P12nXcA,2026-07-10T22:00:00Z,21 05 42.2,316.4258333333333,-26 40 00,-26.666666666666668,155.4,20.1,4.09,332.7,Map/Offsets,https://cgi.minorplanetcenter.net/cgi-bin/confirmeph2.cgi
20260710T070001Z,2026-07-10T07:00:01.413861Z,20260710T070001Z_batch01,P12nXcA,2026-07-10T23:00:00Z,21 05 33.7,316.3904166666667,-26 36 21,-26.605833333333333,155.5,20.1,4.13,332.7,Map/Offsets,https://cgi.minorplanetcenter.net/cgi-bin/confirmeph2.cgi
20260710T070001Z,2026-07-10T07:00:01.413861Z,20260710T070001Z_batch01,P12nXcA,2026-07-11T00:00:00Z,21 05 25.2,316.355,-26 32 40,-26.544444444444448,155.6,20.1,4.17,332.7,Map/Offsets,https://cgi.minorplanetcenter.net/cgi-bin/confirmeph2.cgi
20260710T070001Z,2026-07-10T07:00:01.413861Z,20260710T070001Z_batch01,P12nXcA,2026-07-11T01:00:00Z,21 05 16.6,316.31916666666666,-26 28 57,-26.482499999999998,155.6,20.1,4.21,332.7,Map/Offsets,https://cgi.minorplanetcenter.net/cgi-bin/confirmeph2.cgi
20260710T070001Z,2026-07-10T07:00:01.413861Z,20260710T070001Z_batch01,P12nXcA,2026-07-11T02:00:00Z,21 05 07.9,316.28291666666667,-26 25 12,-26.42,155.7,20.1,4.24,332.7,Map/Offsets,https://cgi.minorplanetcenter.net/cgi-bin/confirmeph2.cgi
20260710T070001Z,2026-07-10T07:00:01.413861Z,20260710T070001Z_batch01,P12nXcA,2026-07-11T03:00:00Z,21 04 59.2,316.24666666666667,-26 21 24,-26.35666666666667,155.8,20.1,4.28,332.7,Map/Offsets,https://cgi.minorplanetcenter.net/cgi-bin/confirmeph2.cgi
20260710T070001Z,2026-07-10T07:00:01.413861Z,20260710T070001Z_batch01,P12nXcA,2026-07-11T04:00:00Z,21 04 50.4,316.21,-26 17 35,-26.293055555555558,155.8,20.1,4.32,332.7,Map/Offsets,https://cgi.minorplanetcenter.net/cgi-bin/confirmeph2.cgi
20260710T070001Z,2026-07-10T07:00:01.413861Z,20260710T070001Z_batch01,P12nXcA,2026-07-11T05:00:00Z,21 04 41.5,316.1729166666667,-26 13 43,-26.22861111111111,155.9,20.1,4.37,332.7,Map/Offsets,https://cgi.minorplanetcenter.net/cgi-bin/confirmeph2.cgi
20260710T070001Z,2026-07-10T07:00:01.413861Z,20260710T070001Z_batch01,P12nXcA,2026-07-11T06:00:00Z,21 04 32.5,316.1354166666667,-26 09 50,-26.163888888888888,156.0,20.0,4.41,332.7,Map/Offsets,https://cgi.minorplanetcenter.net/cgi-bin/confirmeph2.cgi
20260710T070001Z,2026-07-10T07:00:01.413861Z,20260710T070001Z_batch01,P12nXcf,2026-07-10T06:00:00Z,20 59 07.4,314.7808333333333,-20 03 26,-20.057222222222222,156.0,21.3,4.18,350.5,Map/Offsets,https://cgi.minorplanetcenter.net/cgi-bin/confirmeph2.cgi
20260710T070001Z,2026-07-10T07:00:01.413861Z,20260710T070001Z_batch01,P12nXcf,2026-07-10T07:00:00Z,20 59 04.5,314.76875,-19 59 19,-19.988611111111112,156.0,21.3,4.18,350.5,Map/Offsets,https://cgi.minorplanetcenter.net/cgi-bin/confirmeph2.cgi
20260710T070001Z,2026-07-10T07:00:01.413861Z,20260710T070001Z_batch01,P12nXcf,2026-07-10T08:00:00Z,20 59 01.6,314.75666666666666,-19 55 12,-19.92,156.1,21.3,4.18,350.5,Map/Offsets,https://cgi.minorplanetcenter.net/cgi-bin/confirmeph2.cgi
20260710T070001Z,2026-07-10T07:00:01.413861Z,20260710T070001Z_batch01,P12nXcf,2026-07-10T09:00:00Z,20 58 58.6,314.7441666666666,-19 51 05,-19.85138888888889,156.1,21.3,4.17,350.5,Map/Offsets,https://cgi.minorplanetcenter.net/cgi-bin/confirmeph2.cgi
20260710T070001Z,2026-07-10T07:00:01.413861Z,20260710T070001Z_batch01,P12nXcf,2026-07-10T10:00:00Z,20 58 55.7,314.7320833333333,-19 46 58,-19.782777777777778,156.2,21.3,4.17,350.5,Map/Offsets,https://cgi.minorplanetcenter.net/cgi-bin/confirmeph2.cgi
20260710T070001Z,2026-07-10T07:00:01.413861Z,20260710T070001Z_batch01,P12nXcf,2026-07-10T11:00:00Z,20 58 52.8,314.71999999999997,-19 42 52,-19.714444444444442,156.2,21.3,4.16,350.5,Map/Offsets,https://cgi.minorplanetcenter.net/cgi-bin/confirmeph2.cgi
20260710T070001Z,2026-07-10T07:00:01.413861Z,20260710T070001Z_batch01,P12nXcf,2026-07-10T12:00:00Z,20 58 49.8,314.7075,-19 38 45,-19.645833333333332,156.2,21.3,4.16,350.4,Map/Offsets,https://cgi.minorplanetcenter.net/cgi-bin/confirmeph2.cgi
20260710T070001Z,2026-07-10T07:00:01.413861Z,20260710T070001Z_batch01,P12nXcf,2026-07-10T13:00:00Z,20 58 46.9,314.6954166666667,-19 34 39,-19.5775,156.3,21.3,4.16,350.4,Map/Offsets,https://cgi.minorplanetcenter.net/cgi-bin/confirmeph2.cgi
20260710T070001Z,2026-07-10T07:00:01.413861Z,20260710T070001Z_batch01,P12nXcf,2026-07-10T14:00:00Z,20 58 44.0,314.6833333333333,-19 30 33,-19.509166666666665,156.3,21.3,4.15,350.4,Map/Offsets,https://cgi.minorplanetcenter.net/cgi-bin/confirmeph2.cgi
20260710T070001Z,2026-07-10T07:00:01.413861Z,20260710T070001Z_batch01,P12nXcf,2026-07-10T15:00:00Z,20 58 41.0,314.6708333333333,-19 26 28,-19.441111111111113,156.4,21.3,4.15,350.4,Map/Offsets,https://cgi.minorplanetcenter.net/cgi-bin/confirmeph2.cgi
20260710T070001Z,2026-07-10T07:00:01.413861Z,20260710T070001Z_batch01,P12nXcf,2026-07-10T16:00:00Z,20 58 38.1,314.65874999999994,-19 22 22,-19.372777777777777,156.4,21.3,4.15,350.4,Map/Offsets,https://cgi.minorplanetcenter.net/cgi-bin/confirmeph2.cgi
20260710T070001Z,2026-07-10T07:00:01.413861Z,20260710T070001Z_batch01,P12nXcf,2026-07-10T17:00:00Z,20 58 35.1,314.64625,-19 18 17,-19.304722222222225,156.4,21.3,4.14,350.4,Map/Offsets,https://cgi.minorplanetcenter.net/cgi-bin/confirmeph2.cgi
20260710T070001Z,2026-07-10T07:00:01.413861Z,20260710T070001Z_batch01,P12nXcf,2026-07-10T18:00:00Z,20 58 32.2,314.63416666666666,-19 14 12,-19.236666666666668,156.5,21.3,4.14,350.3,Map/Offsets,https://cgi.minorplanetcenter.net/cgi-bin/confirmeph2.cgi
20260710T070001Z,2026-07-10T07:00:01.413861Z,20260710T070001Z_batch01,P12nXcf,2026-07-10T19:00:00Z,20 58 29.2,314.62166666666667,-19 10 07,-19.16861111111111,156.5,21.3,4.14,350.3,Map/Offsets,https://cgi.minorplanetcenter.net/cgi-bin/confirmeph2.cgi
20260710T070001Z,2026-07-10T07:00:01.413861Z,20260710T070001Z_batch01,P12nXcf,2026-07-10T20:00:00Z,20 58 26.3,314.60958333333326,-19 06 03,-19.100833333333334,156.5,21.3,4.13,350.3,Map/Offsets,https://cgi.minorplanetcenter.net/cgi-bin/confirmeph2.cgi
20260710T070001Z,2026-07-10T07:00:01.413861Z,20260710T070001Z_batch01,P12nXcf,2026-07-10T21:00:00Z,20 58 23.4,314.59749999999997,-19 01 58,-19.032777777777778,156.6,21.3,4.13,350.3,Map/Offsets,https://cgi.minorplanetcenter.net/cgi-bin/confirmeph2.cgi
20260710T070001Z,2026-07-10T07:00:01.413861Z,20260710T070001Z_batch01,P12nXcf,2026-07-10T22:00:00Z,20 58 20.4,314.585,-18 57 54,-18.965,156.6,21.3,4.13,350.3,Map/Offsets,https://cgi.minorplanetcenter.net/cgi-bin/confirmeph2.cgi
20260710T070001Z,2026-07-10T07:00:01.413861Z,20260710T070001Z_batch01,P12nXcf,2026-07-10T23:00:00Z,20 58 17.5,314.57291666666663,-18 53 50,-18.897222222222222,156.6,21.3,4.12,350.3,Map/Offsets,https://cgi.minorplanetcenter.net/cgi-bin/confirmeph2.cgi
20260710T070001Z,2026-07-10T07:00:01.413861Z,20260710T070001Z_batch01,P12nXcf,2026-07-11T00:00:00Z,20 58 14.5,314.56041666666664,-18 49 47,-18.829722222222223,156.7,21.3,4.12,350.2,Map/Offsets,https://cgi.minorplanetcenter.net/cgi-bin/confirmeph2.cgi
20260710T070001Z,2026-07-10T07:00:01.413861Z,20260710T070001Z_batch01,P12nXcf,2026-07-11T01:00:00Z,20 58 11.6,314.54833333333335,-18 45 43,-18.761944444444445,156.7,21.3,4.11,350.2,Map/Offsets,https://cgi.minorplanetcenter.net/cgi-bin/confirmeph2.cgi
20260710T070001Z,2026-07-10T07:00:01.413861Z,20260710T070001Z_batch01,P12nXcf,2026-07-11T02:00:00Z,20 58 08.6,314.5358333333333,-18 41 40,-18.694444444444446,156.8,21.3,4.11,350.2,Map/Offsets,https://cgi.minorplanetcenter.net/cgi-bin/confirmeph2.cgi
20260710T070001Z,2026-07-10T07:00:01.413861Z,20260710T070001Z_batch01,P12nXcf,2026-07-11T03:00:00Z,20 58 05.6,314.5233333333333,-18 37 37,-18.626944444444444,156.8,21.3,4.11,350.2,Map/Offsets,https://cgi.minorplanetcenter.net/cgi-bin/confirmeph2.cgi
20260710T070001Z,2026-07-10T07:00:01.413861Z,20260710T070001Z_batch01,P12nXcf,2026-07-11T04:00:00Z,20 58 02.7,314.51124999999996,-18 33 34,-18.559444444444445,156.8,21.3,4.1,350.2,Map/Offsets,https://cgi.minorplanetcenter.net/cgi-bin/confirmeph2.cgi
20260710T070001Z,2026-07-10T07:00:01.413861Z,20260710T070001Z_batch01,P12nXcf,2026-07-11T05:00:00Z,20 57 59.7,314.49875,-18 29 32,-18.492222222222225,156.9,21.3,4.1,350.2,Map/Offsets,https://cgi.minorplanetcenter.net/cgi-bin/confirmeph2.cgi
20260710T070001Z,2026-07-10T07:00:01.413861Z,20260710T070001Z_batch01,P12nXcf,2026-07-11T06:00:00Z,20 57 56.8,314.4866666666667,-18 25 30,-18.425,156.9,21.3,4.1,350.1,Map/Offsets,https://cgi.minorplanetcenter.net/cgi-bin/confirmeph2.cgi
20260710T070001Z,2026-07-10T07:00:01.413861Z,20260710T070001Z_batch01,A11Eq8v,2026-07-10T06:00:00Z,21 20 46.1,320.1920833333333,-46 05 16,-46.08777777777778,145.4,18.6,31.56,49.5,Map/Offsets   !,https://cgi.minorplanetcenter.net/cgi-bin/confirmeph2.cgi
20260710T070001Z,2026-07-10T07:00:01.413861Z,20260710T070001Z_batch01,A11Eq8v,2026-07-10T07:00:00Z,21 23 04.5,320.76874999999995,-45 44 33,-45.7425,145.2,18.6,31.94,49.1,Map/Offsets   !,https://cgi.minorplanetcenter.net/cgi-bin/confirmeph2.cgi
20260710T070001Z,2026-07-10T07:00:01.413861Z,20260710T070001Z_batch01,A11Eq8v,2026-07-10T08:00:00Z,21 25 22.8,321.345,-45 23 25,-45.390277777777776,145.1,18.6,32.33,48.7,Map/Offsets   !,https://cgi.minorplanetcenter.net/cgi-bin/confirmeph2.cgi
20260710T070001Z,2026-07-10T07:00:01.413861Z,20260710T070001Z_batch01,A11Eq8v,2026-07-10T09:00:00Z,21 27 41.0,321.9208333333333,-45 01 51,-45.030833333333334,144.9,18.6,32.71,48.2,Map/Offsets   !,https://cgi.minorplanetcenter.net/cgi-bin/confirmeph2.cgi
20260710T070001Z,2026-07-10T07:00:01.413861Z,20260710T070001Z_batch01,A11Eq8v,2026-07-10T10:00:00Z,21 29 59.0,322.4958333333334,-44 39 51,-44.66416666666667,144.8,18.5,33.1,47.8,Map/Offsets   !,https://cgi.minorplanetcenter.net/cgi-bin/confirmeph2.cgi
20260710T070001Z,2026-07-10T07:00:01.413861Z,20260710T070001Z_batch01,A11Eq8v,2026-07-10T11:00:00Z,21 32 16.9,323.0704166666667,-44 17 25,-44.290277777777774,144.6,18.5,33.49,47.4,Map/Offsets   !,https://cgi.minorplanetcenter.net/cgi-bin/confirmeph2.cgi
20260710T070001Z,2026-07-10T07:00:01.413861Z,20260710T070001Z_batch01,A11Eq8v,2026-07-10T12:00:00Z,21 34 34.6,323.6441666666667,-43 54 33,-43.909166666666664,144.5,18.5,33.87,47.0,Map/Offsets   !,https://cgi.minorplanetcenter.net/cgi-bin/confirmeph2.cgi
20260710T070001Z,2026-07-10T07:00:01.413861Z,20260710T070001Z_batch01,A11Eq8v,2026-07-10T13:00:00Z,21 36 52.1,324.21708333333333,-43 31 14,-43.52055555555555,144.3,18.5,34.26,46.6,Map/Offsets   !,https://cgi.minorplanetcenter.net/cgi-bin/confirmeph2.cgi
20260710T070001Z,2026-07-10T07:00:01.413861Z,20260710T070001Z_batch01,A11Eq8v,2026-07-10T14:00:00Z,21 39 09.4,324.78916666666663,-43 07 29,-43.124722222222225,144.1,18.5,34.65,46.2,Map/Offsets   !,https://cgi.minorplanetcenter.net/cgi-bin/confirmeph2.cgi
20260710T070001Z,2026-07-10T07:00:01.413861Z,20260710T070001Z_batch01,A11Eq8v,2026-07-10T15:00:00Z,21 41 26.4,325.35999999999996,-42 43 18,-42.72166666666667,143.9,18.5,35.03,45.8,Map/Offsets   !,https://cgi.minorplanetcenter.net/cgi-bin/confirmeph2.cgi
20260710T070001Z,2026-07-10T07:00:01.413861Z,20260710T070001Z_batch01,A11Eq8v,2026-07-10T16:00:00Z,21 43 43.1,325.9295833333333,-42 18 41,-42.311388888888885,143.7,18.5,35.42,45.5,Map/Offsets   !,https://cgi.minorplanetcenter.net/cgi-bin/confirmeph2.cgi
20260710T070001Z,2026-07-10T07:00:01.413861Z,20260710T070001Z_batch01,A11Eq8v,2026-07-10T17:00:00Z,21 45 59.5,326.4979166666667,-41 53 37,-41.89361111111111,143.5,18.5,35.8,45.1,Map/Offsets   !,https://cgi.minorplanetcenter.net/cgi-bin/confirmeph2.cgi
20260710T070001Z,2026-07-10T07:00:01.413861Z,20260710T070001Z_batch01,A11Eq8v,2026-07-10T18:00:00Z,21 48 15.5,327.0645833333333,-41 28 06,-41.468333333333334,143.2,18.5,36.19,44.7,Map/Offsets   !,https://cgi.minorplanetcenter.net/cgi-bin/confirmeph2.cgi
20260710T070001Z,2026-07-10T07:00:01.413861Z,20260710T070001Z_batch01,A11Eq8v,2026-07-10T19:00:00Z,21 50 31.2,327.63,-41 02 09,-41.03583333333333,143.0,18.5,36.57,44.3,Map/Offsets   !,https://cgi.minorplanetcenter.net/cgi-bin/confirmeph2.cgi
20260710T070001Z,2026-07-10T07:00:01.413861Z,20260710T070001Z_batch01,A11Eq8v,2026-07-10T20:00:00Z,21 52 46.4,328.1933333333333,-40 35 46,-40.596111111111114,142.8,18.5,36.95,43.9,Map/Offsets   !,https://cgi.minorplanetcenter.net/cgi-bin/confirmeph2.cgi
20260710T070001Z,2026-07-10T07:00:01.413861Z,20260710T070001Z_batch01,A11Eq8v,2026-07-10T21:00:00Z,21 55 01.2,328.755,-40 08 57,-40.149166666666666,142.5,18.5,37.32,43.6,Map/Offsets   !,https://cgi.minorplanetcenter.net/cgi-bin/confirmeph2.cgi
20260710T070001Z,2026-07-10T07:00:01.413861Z,20260710T070001Z_batch01,A11Eq8v,2026-07-10T22:00:00Z,21 57 15.6,329.315,-39 41 41,-39.69472222222222,142.3,18.5,37.69,43.2,Map/Offsets   !,https://cgi.minorplanetcenter.net/cgi-bin/confirmeph2.cgi
20260710T070001Z,2026-07-10T07:00:01.413861Z,20260710T070001Z_batch01,A11Eq8v,2026-07-10T23:00:00Z,21 59 29.6,329.87333333333333,-39 14 00,-39.233333333333334,142.0,18.5,38.06,42.8,Map/Offsets   !,https://cgi.minorplanetcenter.net/cgi-bin/confirmeph2.cgi
20260710T070001Z,2026-07-10T07:00:01.413861Z,20260710T070001Z_batch01,A11Eq8v,2026-07-11T00:00:00Z,22 01 43.0,330.4291666666667,-38 45 53,-38.764722222222225,141.7,18.5,38.43,42.5,Map/Offsets   !,https://cgi.minorplanetcenter.net/cgi-bin/confirmeph2.cgi
20260710T070001Z,2026-07-10T07:00:01.413861Z,20260710T070001Z_batch01,A11Eq8v,2026-07-11T01:00:00Z,22 03 55.9,330.98291666666665,-38 17 20,-38.288888888888884,141.4,18.5,38.79,42.1,Map/Offsets   !,https://cgi.minorplanetcenter.net/cgi-bin/confirmeph2.cgi
20260710T070001Z,2026-07-10T07:00:01.413861Z,20260710T070001Z_batch01,A11Eq8v,2026-07-11T02:00:00Z,22 06 08.3,331.53458333333333,-37 48 22,-37.80611111111111,141.2,18.5,39.14,41.8,Map/Offsets   !,https://cgi.minorplanetcenter.net/cgi-bin/confirmeph2.cgi
20260710T070001Z,2026-07-10T07:00:01.413861Z,20260710T070001Z_batch01,A11Eq8v,2026-07-11T03:00:00Z,22 08 20.1,332.08375,-37 18 59,-37.31638888888889,140.9,18.5,39.49,41.5,Map/Offsets   !,https://cgi.minorplanetcenter.net/cgi-bin/confirmeph2.cgi
20260710T070001Z,2026-07-10T07:00:01.413861Z,20260710T070001Z_batch01,A11Eq8v,2026-07-11T04:00:00Z,22 10 31.3,332.6304166666667,-36 49 11,-36.819722222222225,140.5,18.5,39.84,41.1,Map/Offsets   !,https://cgi.minorplanetcenter.net/cgi-bin/confirmeph2.cgi
20260710T070001Z,2026-07-10T07:00:01.413861Z,20260710T070001Z_batch01,A11Eq8v,2026-07-11T05:00:00Z,22 12 42.0,333.175,-36 18 58,-36.316111111111105,140.2,18.5,40.18,40.8,Map/Offsets   !,https://cgi.minorplanetcenter.net/cgi-bin/confirmeph2.cgi
20260710T070001Z,2026-07-10T07:00:01.413861Z,20260710T070001Z_batch01,A11Eq8v,2026-07-11T06:00:00Z,22 14 52.0,333.71666666666664,-35 48 21,-35.80583333333333,139.9,18.5,40.51,40.5,Map/Offsets   !,https://cgi.minorplanetcenter.net/cgi-bin/confirmeph2.cgi
20260710T070001Z,2026-07-10T07:00:01.413861Z,20260710T070001Z_batch01,A11EpSe,2026-07-10T06:00:00Z,19 40 08.9,295.0370833333334,-30 00 20,-30.005555555555556,170.6,19.4,0.52,319.6,Map/Offsets,https://cgi.minorplanetcenter.net/cgi-bin/confirmeph2.cgi
20260710T070001Z,2026-07-10T07:00:01.413861Z,20260710T070001Z_batch01,A11EpSe,2026-07-10T07:00:00Z,19 40 07.4,295.0308333333333,-29 59 56,-29.99888888888889,170.7,19.4,0.52,319.6,Map/Offsets,https://cgi.minorplanetcenter.net/cgi-bin/confirmeph2.cgi
20260710T070001Z,2026-07-10T07:00:01.413861Z,20260710T070001Z_batch01,A11EpSe,2026-07-10T08:00:00Z,19 40 05.8,295.02416666666664,-29 59 32,-29.992222222222225,170.7,19.4,0.52,319.6,Map/Offsets,https://cgi.minorplanetcenter.net/cgi-bin/confirmeph2.cgi
20260710T070001Z,2026-07-10T07:00:01.413861Z,20260710T070001Z_batch01,A11EpSe,2026-07-10T09:00:00Z,19 40 04.3,295.0179166666667,-29 59 09,-29.985833333333336,170.7,19.4,0.52,319.6,Map/Offsets,https://cgi.minorplanetcenter.net/cgi-bin/confirmeph2.cgi
20260710T070001Z,2026-07-10T07:00:01.413861Z,20260710T070001Z_batch01,A11EpSe,2026-07-10T10:00:00Z,19 40 02.7,295.01125,-29 58 45,-29.979166666666664,170.7,19.4,0.52,319.6,Map/Offsets,https://cgi.minorplanetcenter.net/cgi-bin/confirmeph2.cgi
20260710T070001Z,2026-07-10T07:00:01.413861Z,20260710T070001Z_batch01,A11EpSe,2026-07-10T11:00:00Z,19 40 01.1,295.00458333333336,-29 58 21,-29.972499999999997,170.8,19.4,0.52,319.6,Map/Offsets,https://cgi.minorplanetcenter.net/cgi-bin/confirmeph2.cgi
20260710T070001Z,2026-07-10T07:00:01.413861Z,20260710T070001Z_batch01,A11EpSe,2026-07-10T12:00:00Z,19 39 59.5,294.99791666666664,-29 57 57,-29.965833333333332,170.8,19.4,0.53,319.6,Map/Offsets,https://cgi.minorplanetcenter.net/cgi-bin/confirmeph2.cgi
20260710T070001Z,2026-07-10T07:00:01.413861Z,20260710T070001Z_batch01,A11EpSe,2026-07-10T13:00:00Z,19 39 58.0,294.9916666666667,-29 57 33,-29.959166666666665,170.8,19.4,0.53,319.6,Map/Offsets,https://cgi.minorplanetcenter.net/cgi-bin/confirmeph2.cgi
20260710T070001Z,2026-07-10T07:00:01.413861Z,20260710T070001Z_batch01,A11EpSe,2026-07-10T14:00:00Z,19 39 56.4,294.985,-29 57 09,-29.9525,170.8,19.4,0.53,319.6,Map/Offsets,https://cgi.minorplanetcenter.net/cgi-bin/confirmeph2.cgi
20260710T070001Z,2026-07-10T07:00:01.413861Z,20260710T070001Z_batch01,A11EpSe,2026-07-10T15:00:00Z,19 39 54.8,294.9783333333333,-29 56 45,-29.945833333333333,170.9,19.4,0.53,319.6,Map/Offsets,https://cgi.minorplanetcenter.net/cgi-bin/confirmeph2.cgi
20260710T070001Z,2026-07-10T07:00:01.413861Z,20260710T070001Z_batch01,A11EpSe,2026-07-10T16:00:00Z,19 39 53.2,294.97166666666664,-29 56 21,-29.939166666666665,170.9,19.4,0.53,319.6,Map/Offsets,https://cgi.minorplanetcenter.net/cgi-bin/confirmeph2.cgi
20260710T070001Z,2026-07-10T07:00:01.413861Z,20260710T070001Z_batch01,A11EpSe,2026-07-10T17:00:00Z,19 39 51.7,294.9654166666666,-29 55 56,-29.932222222222222,170.9,19.4,0.53,319.6,Map/Offsets,https://cgi.minorplanetcenter.net/cgi-bin/confirmeph2.cgi
20260710T070001Z,2026-07-10T07:00:01.413861Z,20260710T070001Z_batch01,A11EpSe,2026-07-10T18:00:00Z,19 39 50.1,294.95875,-29 55 32,-29.925555555555558,170.9,19.4,0.53,319.6,Map/Offsets,https://cgi.minorplanetcenter.net/cgi-bin/confirmeph2.cgi
20260710T070001Z,2026-07-10T07:00:01.413861Z,20260710T070001Z_batch01,A11EpSe,2026-07-10T19:00:00Z,19 39 48.5,294.95208333333335,-29 55 08,-29.91888888888889,171.0,19.4,0.53,319.7,Map/Offsets,https://cgi.minorplanetcenter.net/cgi-bin/confirmeph2.cgi
20260710T070001Z,2026-07-10T07:00:01.413861Z,20260710T070001Z_batch01,A11EpSe,2026-07-10T20:00:00Z,19 39 46.9,294.9454166666667,-29 54 44,-29.91222222222222,171.0,19.4,0.53,319.7,Map/Offsets,https://cgi.minorplanetcenter.net/cgi-bin/confirmeph2.cgi
20260710T070001Z,2026-07-10T07:00:01.413861Z,20260710T070001Z_batch01,A11EpSe,2026-07-10T21:00:00Z,19 39 45.3,294.93874999999997,-29 54 19,-29.905277777777776,171.0,19.4,0.53,319.7,Map/Offsets,https://cgi.minorplanetcenter.net/cgi-bin/confirmeph2.cgi
20260710T070001Z,2026-07-10T07:00:01.413861Z,20260710T070001Z_batch01,A11EpSe,2026-07-10T22:00:00Z,19 39 43.7,294.9320833333333,-29 53 55,-29.898611111111112,171.0,19.4,0.53,319.7,Map/Offsets,https://cgi.minorplanetcenter.net/cgi-bin/confirmeph2.cgi
20260710T070001Z,2026-07-10T07:00:01.413861Z,20260710T070001Z_batch01,A11EpSe,2026-07-10T23:00:00Z,19 39 42.2,294.9258333333333,-29 53 31,-29.891944444444444,171.0,19.3,0.53,319.7,Map/Offsets,https://cgi.minorplanetcenter.net/cgi-bin/confirmeph2.cgi
20260710T070001Z,2026-07-10T07:00:01.413861Z,20260710T070001Z_batch01,A11EpSe,2026-07-11T00:00:00Z,19 39 40.6,294.9191666666666,-29 53 06,-29.884999999999998,171.1,19.3,0.53,319.7,Map/Offsets,https://cgi.minorplanetcenter.net/cgi-bin/confirmeph2.cgi
20260710T070001Z,2026-07-10T07:00:01.413861Z,20260710T070001Z_batch01,A11EpSe,2026-07-11T01:00:00Z,19 39 39.0,294.91249999999997,-29 52 42,-29.878333333333334,171.1,19.3,0.53,319.7,Map/Offsets,https://cgi.minorplanetcenter.net/cgi-bin/confirmeph2.cgi
20260710T070001Z,2026-07-10T07:00:01.413861Z,20260710T070001Z_batch01,A11EpSe,2026-07-11T02:00:00Z,19 39 37.4,294.90583333333336,-29 52 17,-29.87138888888889,171.1,19.3,0.54,319.7,Map/Offsets,https://cgi.minorplanetcenter.net/cgi-bin/confirmeph2.cgi
20260710T070001Z,2026-07-10T07:00:01.413861Z,20260710T070001Z_batch01,A11EpSe,2026-07-11T03:00:00Z,19 39 35.8,294.89916666666664,-29 51 53,-29.864722222222223,171.1,19.3,0.54,319.7,Map/Offsets,https://cgi.minorplanetcenter.net/cgi-bin/confirmeph2.cgi
20260710T070001Z,2026-07-10T07:00:01.413861Z,20260710T070001Z_batch01,A11EpSe,2026-07-11T04:00:00Z,19 39 34.2,294.8925,-29 51 28,-29.85777777777778,171.2,19.3,0.54,319.7,Map/Offsets,https://cgi.minorplanetcenter.net/cgi-bin/confirmeph2.cgi
20260710T070001Z,2026-07-10T07:00:01.413861Z,20260710T070001Z_batch01,A11EpSe,2026-07-11T05:00:00Z,19 39 32.6,294.8858333333333,-29 51 04,-29.851111111111113,171.2,19.3,0.54,319.7,Map/Offsets,https://cgi.minorplanetcenter.net/cgi-bin/confirmeph2.cgi
20260710T070001Z,2026-07-10T07:00:01.413861Z,20260710T070001Z_batch01,A11EpSe,2026-07-11T06:00:00Z,19 39 31.0,294.87916666666666,-29 50 39,-29.844166666666666,171.2,19.3,0.54,319.7,Map/Offsets,https://cgi.minorplanetcenter.net/cgi-bin/confirmeph2.cgi
20260710T070001Z,2026-07-10T07:00:01.413861Z,20260710T070001Z_batch01,W2nCdO,2026-07-10T06:00:00Z,19 06 33.7,286.6404166666667,-24 23 13,-24.386944444444445,176.9,23.6,0.85,120.8,Map/Offsets,https://cgi.minorplanetcenter.net/cgi-bin/confirmeph2.cgi
20260710T070001Z,2026-07-10T07:00:01.413861Z,20260710T070001Z_batch01,W2nCdO,2026-07-10T07:00:00Z,19 06 36.9,286.65375,-24 23 39,-24.394166666666667,176.9,23.6,0.85,120.7,Map/Offsets,https://cgi.minorplanetcenter.net/cgi-bin/confirmeph2.cgi
20260710T070001Z,2026-07-10T07:00:01.413861Z,20260710T070001Z_batch01,W2nCdO,2026-07-10T08:00:00Z,19 06 40.1,286.6670833333334,-24 24 05,-24.40138888888889,176.8,23.6,0.84,120.7,Map/Offsets,https://cgi.minorplanetcenter.net/cgi-bin/confirmeph2.cgi
20260710T070001Z,2026-07-10T07:00:01.413861Z,20260710T070001Z_batch01,W2nCdO,2026-07-10T09:00:00Z,19 06 43.3,286.6804166666667,-24 24 31,-24.40861111111111,176.8,23.6,0.84,120.7,Map/Offsets,https://cgi.minorplanetcenter.net/cgi-bin/confirmeph2.cgi
20260710T070001Z,2026-07-10T07:00:01.413861Z,20260710T070001Z_batch01,W2nCdO,2026-07-10T10:00:00Z,19 06 46.4,286.6933333333333,-24 24 57,-24.41583333333333,176.8,23.6,0.84,120.7,Map/Offsets,https://cgi.minorplanetcenter.net/cgi-bin/confirmeph2.cgi
20260710T070001Z,2026-07-10T07:00:01.413861Z,20260710T070001Z_batch01,W2nCdO,2026-07-10T11:00:00Z,19 06 49.6,286.7066666666667,-24 25 22,-24.422777777777778,176.7,23.6,0.84,120.7,Map/Offsets,https://cgi.minorplanetcenter.net/cgi-bin/confirmeph2.cgi
20260710T070001Z,2026-07-10T07:00:01.413861Z,20260710T070001Z_batch01,W2nCdO,2026-07-10T12:00:00Z,19 06 52.7,286.7195833333334,-24 25 48,-24.43,176.7,23.6,0.83,120.7,Map/Offsets,https://cgi.minorplanetcenter.net/cgi-bin/confirmeph2.cgi
20260710T070001Z,2026-07-10T07:00:01.413861Z,20260710T070001Z_batch01,W2nCdO,2026-07-10T13:00:00Z,19 06 55.9,286.73291666666665,-24 26 13,-24.436944444444446,176.7,23.6,0.83,120.6,Map/Offsets,https://cgi.minorplanetcenter.net/cgi-bin/confirmeph2.cgi
20260710T070001Z,2026-07-10T07:00:01.413861Z,20260710T070001Z_batch01,W2nCdO,2026-07-10T14:00:00Z,19 06 59.0,286.7458333333334,-24 26 39,-24.444166666666668,176.7,23.6,0.83,120.6,Map/Offsets,https://cgi.minorplanetcenter.net/cgi-bin/confirmeph2.cgi
20260710T070001Z,2026-07-10T07:00:01.413861Z,20260710T070001Z_batch01,W2nCdO,2026-07-10T15:00:00Z,19 07 02.1,286.75875,-24 27 04,-24.45111111111111,176.6,23.6,0.82,120.6,Map/Offsets,https://cgi.minorplanetcenter.net/cgi-bin/confirmeph2.cgi
20260710T070001Z,2026-07-10T07:00:01.413861Z,20260710T070001Z_batch01,W2nCdO,2026-07-10T16:00:00Z,19 07 05.2,286.7716666666667,-24 27 29,-24.458055555555553,176.6,23.6,0.82,120.6,Map/Offsets,https://cgi.minorplanetcenter.net/cgi-bin/confirmeph2.cgi
20260710T070001Z,2026-07-10T07:00:01.413861Z,20260710T070001Z_batch01,W2nCdO,2026-07-10T17:00:00Z,19 07 08.3,286.78458333333333,-24 27 54,-24.465,176.6,23.6,0.82,120.6,Map/Offsets,https://cgi.minorplanetcenter.net/cgi-bin/confirmeph2.cgi
20260710T070001Z,2026-07-10T07:00:01.413861Z,20260710T070001Z_batch01,W2nCdO,2026-07-10T18:00:00Z,19 07 11.4,286.7975,-24 28 19,-24.471944444444443,176.5,23.6,0.81,120.6,Map/Offsets,https://cgi.minorplanetcenter.net/cgi-bin/confirmeph2.cgi
20260710T070001Z,2026-07-10T07:00:01.413861Z,20260710T070001Z_batch01,W2nCdO,2026-07-10T19:00:00Z,19 07 14.5,286.8104166666667,-24 28 44,-24.478888888888886,176.5,23.6,0.81,120.5,Map/Offsets,https://cgi.minorplanetcenter.net/cgi-bin/confirmeph2.cgi
20260710T070001Z,2026-07-10T07:00:01.413861Z,20260710T070001Z_batch01,W2nCdO,2026-07-10T20:00:00Z,19 07 17.5,286.8229166666667,-24 29 08,-24.485555555555557,176.5,23.7,0.81,120.5,Map/Offsets,https://cgi.minorplanetcenter.net/cgi-bin/confirmeph2.cgi
20260710T070001Z,2026-07-10T07:00:01.413861Z,20260710T070001Z_batch01,W2nCdO,2026-07-10T21:00:00Z,19 07 20.6,286.8358333333333,-24 29 33,-24.4925,176.5,23.7,0.8,120.5,Map/Offsets,https://cgi.minorplanetcenter.net/cgi-bin/confirmeph2.cgi
20260710T070001Z,2026-07-10T07:00:01.413861Z,20260710T070001Z_batch01,W2nCdO,2026-07-10T22:00:00Z,19 07 23.6,286.8483333333333,-24 29 57,-24.499166666666667,176.4,23.7,0.8,120.5,Map/Offsets,https://cgi.minorplanetcenter.net/cgi-bin/confirmeph2.cgi
20260710T070001Z,2026-07-10T07:00:01.413861Z,20260710T070001Z_batch01,W2nCdO,2026-07-10T23:00:00Z,19 07 26.7,286.86125000000004,-24 30 22,-24.50611111111111,176.4,23.7,0.8,120.5,Map/Offsets,https://cgi.minorplanetcenter.net/cgi-bin/confirmeph2.cgi
20260710T070001Z,2026-07-10T07:00:01.413861Z,20260710T070001Z_batch01,W2nCdO,2026-07-11T00:00:00Z,19 07 29.7,286.87375000000003,-24 30 46,-24.512777777777778,176.4,23.7,0.8,120.4,Map/Offsets,https://cgi.minorplanetcenter.net/cgi-bin/confirmeph2.cgi
20260710T070001Z,2026-07-10T07:00:01.413861Z,20260710T070001Z_batch01,W2nCdO,2026-07-11T01:00:00Z,19 07 32.7,286.88625,-24 31 10,-24.519444444444442,176.3,23.7,0.79,120.4,Map/Offsets,https://cgi.minorplanetcenter.net/cgi-bin/confirmeph2.cgi
20260710T070001Z,2026-07-10T07:00:01.413861Z,20260710T070001Z_batch01,W2nCdO,2026-07-11T02:00:00Z,19 07 35.7,286.89875,-24 31 34,-24.52611111111111,176.3,23.7,0.79,120.4,Map/Offsets,https://cgi.minorplanetcenter.net/cgi-bin/confirmeph2.cgi
20260710T070001Z,2026-07-10T07:00:01.413861Z,20260710T070001Z_batch01,W2nCdO,2026-07-11T03:00:00Z,19 07 38.7,286.91125000000005,-24 31 58,-24.532777777777778,176.3,23.7,0.79,120.4,Map/Offsets,https://cgi.minorplanetcenter.net/cgi-bin/confirmeph2.cgi
20260710T070001Z,2026-07-10T07:00:01.413861Z,20260710T070001Z_batch01,W2nCdO,2026-07-11T04:00:00Z,19 07 41.7,286.92375000000004,-24 32 22,-24.539444444444445,176.3,23.7,0.78,120.4,Map/Offsets,https://cgi.minorplanetcenter.net/cgi-bin/confirmeph2.cgi
20260710T070001Z,2026-07-10T07:00:01.413861Z,20260710T070001Z_batch01,W2nCdO,2026-07-11T05:00:00Z,19 07 44.7,286.93625000000003,-24 32 46,-24.546111111111113,176.2,23.7,0.78,120.4,Map/Offsets,https://cgi.minorplanetcenter.net/cgi-bin/confirmeph2.cgi
20260710T070001Z,2026-07-10T07:00:01.413861Z,20260710T070001Z_batch01,W2nCdO,2026-07-11T06:00:00Z,19 07 47.6,286.9483333333333,-24 33 09,-24.552500000000002,176.2,23.7,0.78,120.3,Map/Offsets,https://cgi.minorplanetcenter.net/cgi-bin/confirmeph2.cgi
20260710T070001Z,2026-07-10T07:00:01.413861Z,20260710T070001Z_batch01,ST26G01,2026-07-10T06:00:00Z,19 52 37.9,298.15791666666667,-54 49 21,-54.822500000000005,146.8,20.7,20.47,127.7,Map/Offsets   !,https://cgi.minorplanetcenter.net/cgi-bin/confirmeph2.cgi
20260710T070001Z,2026-07-10T07:00:01.413861Z,20260710T070001Z_batch01,ST26G01,2026-07-10T07:00:00Z,19 54 29.7,298.62375,-55 01 42,-55.02833333333333,146.5,20.8,20.06,127.3,Map/Offsets   !,https://cgi.minorplanetcenter.net/cgi-bin/confirmeph2.cgi
20260710T070001Z,2026-07-10T07:00:01.413861Z,20260710T070001Z_batch01,ST26G01,2026-07-10T08:00:00Z,19 56 20.5,299.0854166666667,-55 13 42,-55.22833333333333,146.2,20.8,19.66,127.0,Map/Offsets   !,https://cgi.minorplanetcenter.net/cgi-bin/confirmeph2.cgi
20260710T070001Z,2026-07-10T07:00:01.413861Z,20260710T070001Z_batch01,ST26G01,2026-07-10T09:00:00Z,19 58 10.1,299.54208333333327,-55 25 21,-55.4225,146.0,20.8,19.27,126.6,Map/Offsets   !,https://cgi.minorplanetcenter.net/cgi-bin/confirmeph2.cgi
20260710T070001Z,2026-07-10T07:00:01.413861Z,20260710T070001Z_batch01,ST26G01,2026-07-10T10:00:00Z,19 59 58.6,299.9941666666667,-55 36 40,-55.611111111111114,145.7,20.9,18.89,126.2,Map/Offsets   !,https://cgi.minorplanetcenter.net/cgi-bin/confirmeph2.cgi
20260710T070001Z,2026-07-10T07:00:01.413861Z,20260710T070001Z_batch01,ST26G01,2026-07-10T11:00:00Z,20 01 46.0,300.44166666666666,-55 47 40,-55.794444444444444,145.5,20.9,18.52,125.8,Map/Offsets   !,https://cgi.minorplanetcenter.net/cgi-bin/confirmeph2.cgi
20260710T070001Z,2026-07-10T07:00:01.413861Z,20260710T070001Z_batch01,ST26G01,2026-07-10T12:00:00Z,20 03 32.3,300.88458333333335,-55 58 22,-55.97277777777778,145.2,20.9,18.16,125.5,Map/Offsets   !,https://cgi.minorplanetcenter.net/cgi-bin/confirmeph2.cgi
20260710T070001Z,2026-07-10T07:00:01.413861Z,20260710T070001Z_batch01,ST26G01,2026-07-10T13:00:00Z,20 05 17.5,301.32291666666663,-56 08 45,-56.145833333333336,145.0,20.9,17.81,125.1,Map/Offsets   !,https://cgi.minorplanetcenter.net/cgi-bin/confirmeph2.cgi
20260710T070001Z,2026-07-10T07:00:01.413861Z,20260710T070001Z_batch01,ST26G01,2026-07-10T14:00:00Z,20 07 01.6,301.75666666666666,-56 18 51,-56.314166666666665,144.7,21.0,17.47,124.7,Map/Offsets   !,https://cgi.minorplanetcenter.net/cgi-bin/confirmeph2.cgi
20260710T070001Z,2026-07-10T07:00:01.413861Z,20260710T070001Z_batch01,ST26G01,2026-07-10T15:00:00Z,20 08 44.6,302.18583333333333,-56 28 40,-56.47777777777778,144.5,21.0,17.14,124.4,Map/Offsets   !,https://cgi.minorplanetcenter.net/cgi-bin/confirmeph2.cgi
20260710T070001Z,2026-07-10T07:00:01.413861Z,20260710T070001Z_batch01,ST26G01,2026-07-10T16:00:00Z,20 10 26.5,302.6104166666667,-56 38 12,-56.63666666666666,144.3,21.0,16.81,124.0,Map/Offsets   !,https://cgi.minorplanetcenter.net/cgi-bin/confirmeph2.cgi
20260710T070001Z,2026-07-10T07:00:01.413861Z,20260710T070001Z_batch01,ST26G01,2026-07-10T17:00:00Z,20 12 07.3,303.0304166666666,-56 47 29,-56.79138888888889,144.0,21.0,16.5,123.7,Map/Offsets   !,https://cgi.minorplanetcenter.net/cgi-bin/confirmeph2.cgi
20260710T070001Z,2026-07-10T07:00:01.413861Z,20260710T070001Z_batch01,ST26G01,2026-07-10T18:00:00Z,20 13 47.1,303.44624999999996,-56 56 30,-56.94166666666666,143.8,21.1,16.19,123.3,Map/Offsets   !,https://cgi.minorplanetcenter.net/cgi-bin/confirmeph2.cgi
20260710T070001Z,2026-07-10T07:00:01.413861Z,20260710T070001Z_batch01,ST26G01,2026-07-10T19:00:00Z,20 15 25.8,303.8575,-57 05 16,-57.08777777777778,143.6,21.1,15.89,123.0,Map/Offsets   !,https://cgi.minorplanetcenter.net/cgi-bin/confirmeph2.cgi
20260710T070001Z,2026-07-10T07:00:01.413861Z,20260710T070001Z_batch01,ST26G01,2026-07-10T20:00:00Z,20 17 03.4,304.2641666666667,-57 13 47,-57.22972222222222,143.4,21.1,15.6,122.6,Map/Offsets   !,https://cgi.minorplanetcenter.net/cgi-bin/confirmeph2.cgi
20260710T070001Z,2026-07-10T07:00:01.413861Z,20260710T070001Z_batch01,ST26G01,2026-07-10T21:00:00Z,20 18 39.9,304.66625,-57 22 05,-57.36805555555556,143.2,21.1,15.31,122.3,Map/Offsets   !,https://cgi.minorplanetcenter.net/cgi-bin/confirmeph2.cgi
20260710T070001Z,2026-07-10T07:00:01.413861Z,20260710T070001Z_batch01,ST26G01,2026-07-10T22:00:00Z,20 20 15.4,305.0641666666666,-57 30 08,-57.50222222222222,143.0,21.2,15.03,121.9,Map/Offsets   !,https://cgi.minorplanetcenter.net/cgi-bin/confirmeph2.cgi
20260710T070001Z,2026-07-10T07:00:01.413861Z,20260710T070001Z_batch01,ST26G01,2026-07-10T23:00:00Z,20 21 49.9,305.4579166666667,-57 37 59,-57.63305555555556,142.8,21.2,14.76,121.6,Map/Offsets   !,https://cgi.minorplanetcenter.net/cgi-bin/confirmeph2.cgi
20260710T070001Z,2026-07-10T07:00:01.413861Z,20260710T070001Z_batch01,ST26G01,2026-07-11T00:00:00Z,20 23 23.3,305.84708333333333,-57 45 36,-57.76,142.6,21.2,14.5,121.3,Map/Offsets   !,https://cgi.minorplanetcenter.net/cgi-bin/confirmeph2.cgi
20260710T070001Z,2026-07-10T07:00:01.413861Z,20260710T070001Z_batch01,ST26G01,2026-07-11T01:00:00Z,20 24 55.7,306.2320833333333,-57 53 01,-57.88361111111111,142.4,21.2,14.24,120.9,Map/Offsets   !,https://cgi.minorplanetcenter.net/cgi-bin/confirmeph2.cgi
20260710T070001Z,2026-07-10T07:00:01.413861Z,20260710T070001Z_batch01,ST26G01,2026-07-11T02:00:00Z,20 26 27.1,306.61291666666665,-58 00 15,-58.00416666666667,142.2,21.3,13.98,120.6,Map/Offsets   !,https://cgi.minorplanetcenter.net/cgi-bin/confirmeph2.cgi
20260710T070001Z,2026-07-10T07:00:01.413861Z,20260710T070001Z_batch01,ST26G01,2026-07-11T03:00:00Z,20 27 57.5,306.9895833333333,-58 07 16,-58.12111111111111,142.0,21.3,13.74,120.3,Map/Offsets   !,https://cgi.minorplanetcenter.net/cgi-bin/confirmeph2.cgi
20260710T070001Z,2026-07-10T07:00:01.413861Z,20260710T070001Z_batch01,ST26G01,2026-07-11T04:00:00Z,20 29 26.8,307.3616666666667,-58 14 06,-58.235,141.8,21.3,13.5,120.0,Map/Offsets   !,https://cgi.minorplanetcenter.net/cgi-bin/confirmeph2.cgi
20260710T070001Z,2026-07-10T07:00:01.413861Z,20260710T070001Z_batch01,ST26G01,2026-07-11T05:00:00Z,20 30 55.2,307.73,-58 20 45,-58.34583333333334,141.6,21.3,13.26,119.6,Map/Offsets   !,https://cgi.minorplanetcenter.net/cgi-bin/confirmeph2.cgi
20260710T070001Z,2026-07-10T07:00:01.413861Z,20260710T070001Z_batch01,ST26G01,2026-07-11T06:00:00Z,20 32 22.6,308.0941666666667,-58 27 13,-58.453611111111115,141.5,21.4,13.03,119.3,Map/Offsets   !,https://cgi.minorplanetcenter.net/cgi-bin/confirmeph2.cgi
20260710T070001Z,2026-07-10T07:00:01.413861Z,20260710T070001Z_batch01,P22nTNT,2026-07-10T06:00:00Z,18 18 48.2,274.7008333333334,+17 55 27,17.924166666666668,137.4,21.0,0.79,206.7,Map/Offsets,https://cgi.minorplanetcenter.net/cgi-bin/confirmeph2.cgi
20260710T070001Z,2026-07-10T07:00:01.413861Z,20260710T070001Z_batch01,P22nTNT,2026-07-10T07:00:00Z,18 18 46.7,274.6945833333333,+17 54 45,17.912499999999998,137.4,21.0,0.79,206.6,Map/Offsets,https://cgi.minorplanetcenter.net/cgi-bin/confirmeph2.cgi
20260710T070001Z,2026-07-10T07:00:01.413861Z,20260710T070001Z_batch01,P22nTNT,2026-07-10T08:00:00Z,18 18 45.3,274.68874999999997,+17 54 03,17.90083333333333,137.4,21.0,0.79,206.5,Map/Offsets,https://cgi.minorplanetcenter.net/cgi-bin/confirmeph2.cgi
20260710T070001Z,2026-07-10T07:00:01.413861Z,20260710T070001Z_batch01,P22nTNT,2026-07-10T09:00:00Z,18 18 43.8,274.6825,+17 53 20,17.88888888888889,137.4,21.0,0.79,206.5,Map/Offsets,https://cgi.minorplanetcenter.net/cgi-bin/confirmeph2.cgi
20260710T070001Z,2026-07-10T07:00:01.413861Z,20260710T070001Z_batch01,P22nTNT,2026-07-10T10:00:00Z,18 18 42.3,274.67625,+17 52 38,17.877222222222223,137.4,21.0,0.79,206.4,Map/Offsets,https://cgi.minorplanetcenter.net/cgi-bin/confirmeph2.cgi
20260710T070001Z,2026-07-10T07:00:01.413861Z,20260710T070001Z_batch01,P22nTNT,2026-07-10T11:00:00Z,18 18 40.8,274.67,+17 51 55,17.86527777777778,137.4,21.0,0.79,206.4,Map/Offsets,https://cgi.minorplanetcenter.net/cgi-bin/confirmeph2.cgi
20260710T070001Z,2026-07-10T07:00:01.413861Z,20260710T070001Z_batch01,P22nTNT,2026-07-10T12:00:00Z,18 18 39.3,274.66375,+17 51 13,17.853611111111114,137.4,21.0,0.79,206.3,Map/Offsets,https://cgi.minorplanetcenter.net/cgi-bin/confirmeph2.cgi
20260710T070001Z,2026-07-10T07:00:01.413861Z,20260710T070001Z_batch01,P22nTNT,2026-07-10T13:00:00Z,18 18 37.9,274.65791666666667,+17 50 30,17.841666666666665,137.4,21.0,0.79,206.2,Map/Offsets,https://cgi.minorplanetcenter.net/cgi-bin/confirmeph2.cgi
20260710T070001Z,2026-07-10T07:00:01.413861Z,20260710T070001Z_batch01,P22nTNT,2026-07-10T14:00:00Z,18 18 36.4,274.6516666666667,+17 49 47,17.829722222222223,137.4,21.0,0.79,206.2,Map/Offsets,https://cgi.minorplanetcenter.net/cgi-bin/confirmeph2.cgi
20260710T070001Z,2026-07-10T07:00:01.413861Z,20260710T070001Z_batch01,P22nTNT,2026-07-10T15:00:00Z,18 18 34.9,274.6454166666667,+17 49 05,17.818055555555556,137.4,21.0,0.79,206.1,Map/Offsets,https://cgi.minorplanetcenter.net/cgi-bin/confirmeph2.cgi
20260710T070001Z,2026-07-10T07:00:01.413861Z,20260710T070001Z_batch01,P22nTNT,2026-07-10T16:00:00Z,18 18 33.5,274.63958333333335,+17 48 22,17.80611111111111,137.4,21.0,0.79,206.1,Map/Offsets,https://cgi.minorplanetcenter.net/cgi-bin/confirmeph2.cgi
20260710T070001Z,2026-07-10T07:00:01.413861Z,20260710T070001Z_batch01,P22nTNT,2026-07-10T17:00:00Z,18 18 32.0,274.6333333333334,+17 47 39,17.79416666666667,137.4,21.0,0.8,206.0,Map/Offsets,https://cgi.minorplanetcenter.net/cgi-bin/confirmeph2.cgi
20260710T070001Z,2026-07-10T07:00:01.413861Z,20260710T070001Z_batch01,P22nTNT,2026-07-10T18:00:00Z,18 18 30.5,274.62708333333336,+17 46 56,17.78222222222222,137.4,21.0,0.8,206.0,Map/Offsets,https://cgi.minorplanetcenter.net/cgi-bin/confirmeph2.cgi
20260710T070001Z,2026-07-10T07:00:01.413861Z,20260710T070001Z_batch01,P22nTNT,2026-07-10T19:00:00Z,18 18 29.1,274.62125,+17 46 13,17.77027777777778,137.4,21.0,0.8,205.9,Map/Offsets,https://cgi.minorplanetcenter.net/cgi-bin/confirmeph2.cgi
20260710T070001Z,2026-07-10T07:00:01.413861Z,20260710T070001Z_batch01,P22nTNT,2026-07-10T20:00:00Z,18 18 27.6,274.615,+17 45 30,17.758333333333333,137.4,21.0,0.8,205.8,Map/Offsets,https://cgi.minorplanetcenter.net/cgi-bin/confirmeph2.cgi
20260710T070001Z,2026-07-10T07:00:01.413861Z,20260710T070001Z_batch01,P22nTNT,2026-07-10T21:00:00Z,18 18 26.1,274.60875,+17 44 47,17.74638888888889,137.4,21.0,0.8,205.8,Map/Offsets,https://cgi.minorplanetcenter.net/cgi-bin/confirmeph2.cgi
20260710T070001Z,2026-07-10T07:00:01.413861Z,20260710T070001Z_batch01,P22nTNT,2026-07-10T22:00:00Z,18 18 24.7,274.60291666666666,+17 44 04,17.734444444444446,137.4,21.0,0.8,205.7,Map/Offsets,https://cgi.minorplanetcenter.net/cgi-bin/confirmeph2.cgi
20260710T070001Z,2026-07-10T07:00:01.413861Z,20260710T070001Z_batch01,P22nTNT,2026-07-10T23:00:00Z,18 18 23.2,274.5966666666667,+17 43 21,17.722499999999997,137.4,21.0,0.8,205.7,Map/Offsets,https://cgi.minorplanetcenter.net/cgi-bin/confirmeph2.cgi
20260710T070001Z,2026-07-10T07:00:01.413861Z,20260710T070001Z_batch01,P22nTNT,2026-07-11T00:00:00Z,18 18 21.8,274.59083333333336,+17 42 37,17.710277777777776,137.4,21.0,0.8,205.6,Map/Offsets,https://cgi.minorplanetcenter.net/cgi-bin/confirmeph2.cgi
20260710T070001Z,2026-07-10T07:00:01.413861Z,20260710T070001Z_batch01,P22nTNT,2026-07-11T01:00:00Z,18 18 20.3,274.58458333333334,+17 41 54,17.698333333333334,137.4,21.0,0.8,205.5,Map/Offsets,https://cgi.minorplanetcenter.net/cgi-bin/confirmeph2.cgi
20260710T070001Z,2026-07-10T07:00:01.413861Z,20260710T070001Z_batch01,P22nTNT,2026-07-11T02:00:00Z,18 18 18.9,274.57875,+17 41 11,17.68638888888889,137.4,21.0,0.8,205.5,Map/Offsets,https://cgi.minorplanetcenter.net/cgi-bin/confirmeph2.cgi
20260710T070001Z,2026-07-10T07:00:01.413861Z,20260710T070001Z_batch01,P22nTNT,2026-07-11T03:00:00Z,18 18 17.4,274.5725,+17 40 27,17.674166666666668,137.4,21.0,0.8,205.4,Map/Offsets,https://cgi.minorplanetcenter.net/cgi-bin/confirmeph2.cgi
20260710T070001Z,2026-07-10T07:00:01.413861Z,20260710T070001Z_batch01,P22nTNT,2026-07-11T04:00:00Z,18 18 16.0,274.56666666666666,+17 39 44,17.66222222222222,137.4,21.0,0.8,205.4,Map/Offsets,https://cgi.minorplanetcenter.net/cgi-bin/confirmeph2.cgi
20260710T070001Z,2026-07-10T07:00:01.413861Z,20260710T070001Z_batch01,P22nTNT,2026-07-11T05:00:00Z,18 18 14.5,274.5604166666667,+17 39 00,17.65,137.4,21.0,0.8,205.3,Map/Offsets,https://cgi.minorplanetcenter.net/cgi-bin/confirmeph2.cgi
20260710T070001Z,2026-07-10T07:00:01.413861Z,20260710T070001Z_batch01,P22nTNT,2026-07-11T06:00:00Z,18 18 13.1,274.55458333333337,+17 38 17,17.638055555555557,137.4,21.0,0.8,205.3,Map/Offsets,https://cgi.minorplanetcenter.net/cgi-bin/confirmeph2.cgi
20260710T070001Z,2026-07-10T07:00:01.413861Z,20260710T070001Z_batch01,P22nTLB,2026-07-10T06:00:00Z,17 42 39.7,265.66541666666666,+08 04 50,8.080555555555556,141.9,22.2,0.95,220.8,Map/Offsets,https://cgi.minorplanetcenter.net/cgi-bin/confirmeph2.cgi
20260710T070001Z,2026-07-10T07:00:01.413861Z,20260710T070001Z_batch01,P22nTLB,2026-07-10T07:00:00Z,17 42 37.2,265.655,+08 04 07,8.06861111111111,141.9,22.2,0.95,220.8,Map/Offsets,https://cgi.minorplanetcenter.net/cgi-bin/confirmeph2.cgi
20260710T070001Z,2026-07-10T07:00:01.413861Z,20260710T070001Z_batch01,P22nTLB,2026-07-10T08:00:00Z,17 42 34.7,265.64458333333334,+08 03 23,8.05638888888889,141.9,22.2,0.95,220.7,Map/Offsets,https://cgi.minorplanetcenter.net/cgi-bin/confirmeph2.cgi
20260710T070001Z,2026-07-10T07:00:01.413861Z,20260710T070001Z_batch01,P22nTLB,2026-07-10T09:00:00Z,17 42 32.2,265.63416666666666,+08 02 40,8.044444444444444,141.9,22.2,0.95,220.7,Map/Offsets,https://cgi.minorplanetcenter.net/cgi-bin/confirmeph2.cgi
20260710T070001Z,2026-07-10T07:00:01.413861Z,20260710T070001Z_batch01,P22nTLB,2026-07-10T10:00:00Z,17 42 29.7,265.62375,+08 01 57,8.0325,141.9,22.2,0.95,220.6,Map/Offsets,https://cgi.minorplanetcenter.net/cgi-bin/confirmeph2.cgi
20260710T070001Z,2026-07-10T07:00:01.413861Z,20260710T070001Z_batch01,P22nTLB,2026-07-10T11:00:00Z,17 42 27.2,265.61333333333334,+08 01 14,8.020555555555557,141.8,22.2,0.95,220.6,Map/Offsets,https://cgi.minorplanetcenter.net/cgi-bin/confirmeph2.cgi
20260710T070001Z,2026-07-10T07:00:01.413861Z,20260710T070001Z_batch01,P22nTLB,2026-07-10T12:00:00Z,17 42 24.7,265.60291666666666,+08 00 30,8.008333333333333,141.8,22.2,0.95,220.5,Map/Offsets,https://cgi.minorplanetcenter.net/cgi-bin/confirmeph2.cgi
20260710T070001Z,2026-07-10T07:00:01.413861Z,20260710T070001Z_batch01,P22nTLB,2026-07-10T13:00:00Z,17 42 22.2,265.5925,+07 59 47,7.996388888888889,141.8,22.2,0.95,220.5,Map/Offsets,https://cgi.minorplanetcenter.net/cgi-bin/confirmeph2.cgi
20260710T070001Z,2026-07-10T07:00:01.413861Z,20260710T070001Z_batch01,P22nTLB,2026-07-10T14:00:00Z,17 42 19.7,265.58208333333334,+07 59 04,7.984444444444445,141.8,22.2,0.95,220.4,Map/Offsets,https://cgi.minorplanetcenter.net/cgi-bin/confirmeph2.cgi
20260710T070001Z,2026-07-10T07:00:01.413861Z,20260710T070001Z_batch01,P22nTLB,2026-07-10T15:00:00Z,17 42 17.2,265.57166666666666,+07 58 20,7.972222222222222,141.8,22.2,0.95,220.4,Map/Offsets,https://cgi.minorplanetcenter.net/cgi-bin/confirmeph2.cgi
20260710T070001Z,2026-07-10T07:00:01.413861Z,20260710T070001Z_batch01,P22nTLB,2026-07-10T16:00:00Z,17 42 14.7,265.56125,+07 57 37,7.960277777777778,141.7,22.2,0.95,220.3,Map/Offsets,https://cgi.minorplanetcenter.net/cgi-bin/confirmeph2.cgi
20260710T070001Z,2026-07-10T07:00:01.413861Z,20260710T070001Z_batch01,P22nTLB,2026-07-10T17:00:00Z,17 42 12.3,265.55125,+07 56 54,7.948333333333333,141.7,22.2,0.95,220.3,Map/Offsets,https://cgi.minorplanetcenter.net/cgi-bin/confirmeph2.cgi
20260710T070001Z,2026-07-10T07:00:01.413861Z,20260710T070001Z_batch01,P22nTLB,2026-07-10T18:00:00Z,17 42 09.8,265.5408333333333,+07 56 10,7.936111111111112,141.7,22.2,0.95,220.2,Map/Offsets,https://cgi.minorplanetcenter.net/cgi-bin/confirmeph2.cgi
20260710T070001Z,2026-07-10T07:00:01.413861Z,20260710T070001Z_batch01,P22nTLB,2026-07-10T19:00:00Z,17 42 07.3,265.5304166666666,+07 55 27,7.924166666666667,141.7,22.2,0.95,220.2,Map/Offsets,https://cgi.minorplanetcenter.net/cgi-bin/confirmeph2.cgi
20260710T070001Z,2026-07-10T07:00:01.413861Z,20260710T070001Z_batch01,P22nTLB,2026-07-10T20:00:00Z,17 42 04.8,265.52000000000004,+07 54 43,7.911944444444445,141.7,22.2,0.95,220.1,Map/Offsets,https://cgi.minorplanetcenter.net/cgi-bin/confirmeph2.cgi
20260710T070001Z,2026-07-10T07:00:01.413861Z,20260710T070001Z_batch01,P22nTLB,2026-07-10T21:00:00Z,17 42 02.4,265.51,+07 53 59,7.899722222222222,141.6,22.2,0.95,220.1,Map/Offsets,https://cgi.minorplanetcenter.net/cgi-bin/confirmeph2.cgi
20260710T070001Z,2026-07-10T07:00:01.413861Z,20260710T070001Z_batch01,P22nTLB,2026-07-10T22:00:00Z,17 41 59.9,265.4995833333333,+07 53 16,7.887777777777777,141.6,22.2,0.95,220.0,Map/Offsets,https://cgi.minorplanetcenter.net/cgi-bin/confirmeph2.cgi
20260710T070001Z,2026-07-10T07:00:01.413861Z,20260710T070001Z_batch01,P22nTLB,2026-07-10T23:00:00Z,17 41 57.4,265.4891666666667,+07 52 32,7.875555555555556,141.6,22.2,0.95,220.0,Map/Offsets,https://cgi.minorplanetcenter.net/cgi-bin/confirmeph2.cgi
20260710T070001Z,2026-07-10T07:00:01.413861Z,20260710T070001Z_batch01,P22nTLB,2026-07-11T00:00:00Z,17 41 55.0,265.4791666666667,+07 51 48,7.863333333333333,141.6,22.2,0.95,219.9,Map/Offsets,https://cgi.minorplanetcenter.net/cgi-bin/confirmeph2.cgi
20260710T070001Z,2026-07-10T07:00:01.413861Z,20260710T070001Z_batch01,P22nTLB,2026-07-11T01:00:00Z,17 41 52.5,265.46875,+07 51 05,7.851388888888889,141.6,22.2,0.95,219.9,Map/Offsets,https://cgi.minorplanetcenter.net/cgi-bin/confirmeph2.cgi
20260710T070001Z,2026-07-10T07:00:01.413861Z,20260710T070001Z_batch01,P22nTLB,2026-07-11T02:00:00Z,17 41 50.1,265.45875,+07 50 21,7.839166666666666,141.6,22.2,0.95,219.8,Map/Offsets,https://cgi.minorplanetcenter.net/cgi-bin/confirmeph2.cgi
20260710T070001Z,2026-07-10T07:00:01.413861Z,20260710T070001Z_batch01,P22nTLB,2026-07-11T03:00:00Z,17 41 47.6,265.4483333333333,+07 49 37,7.826944444444444,141.5,22.2,0.95,219.8,Map/Offsets,https://cgi.minorplanetcenter.net/cgi-bin/confirmeph2.cgi
20260710T070001Z,2026-07-10T07:00:01.413861Z,20260710T070001Z_batch01,P22nTLB,2026-07-11T04:00:00Z,17 41 45.2,265.43833333333333,+07 48 53,7.814722222222222,141.5,22.2,0.95,219.7,Map/Offsets,https://cgi.minorplanetcenter.net/cgi-bin/confirmeph2.cgi
20260710T070001Z,2026-07-10T07:00:01.413861Z,20260710T070001Z_batch01,P22nTLB,2026-07-11T05:00:00Z,17 41 42.7,265.4279166666667,+07 48 09,7.8025,141.5,22.2,0.95,219.7,Map/Offsets,https://cgi.minorplanetcenter.net/cgi-bin/confirmeph2.cgi
20260710T070001Z,2026-07-10T07:00:01.413861Z,20260710T070001Z_batch01,P22nTLB,2026-07-11T06:00:00Z,17 41 40.3,265.41791666666666,+07 47 26,7.790555555555556,141.5,22.2,0.95,219.6,Map/Offsets,https://cgi.minorplanetcenter.net/cgi-bin/confirmeph2.cgi
20260710T070001Z,2026-07-10T07:00:01.413861Z,20260710T070001Z_batch01,8N8R001,2026-07-10T06:00:00Z,05 17 33.8,79.39083333333333,-02 33 24,-2.5566666666666666,38.2,29.2,0.52,358.5,Map/Offsets   !,https://cgi.minorplanetcenter.net/cgi-bin/confirmeph2.cgi
20260710T070001Z,2026-07-10T07:00:01.413861Z,20260710T070001Z_batch01,8N8R001,2026-07-10T07:00:00Z,05 17 33.8,79.39083333333333,-02 32 53,-2.5480555555555555,38.2,29.3,0.51,358.7,Map/Offsets   !,https://cgi.minorplanetcenter.net/cgi-bin/confirmeph2.cgi
20260710T070001Z,2026-07-10T07:00:01.413861Z,20260710T070001Z_batch01,8N8R001,2026-07-10T08:00:00Z,05 17 33.8,79.39083333333333,-02 32 23,-2.539722222222222,38.3,29.3,0.5,359.0,Map/Offsets   !,https://cgi.minorplanetcenter.net/cgi-bin/confirmeph2.cgi
20260710T070001Z,2026-07-10T07:00:01.413861Z,20260710T070001Z_batch01,8N8R001,2026-07-10T09:00:00Z,05 17 33.7,79.39041666666665,-02 31 53,-2.531388888888889,38.3,29.3,0.49,359.2,Map/Offsets   !,https://cgi.minorplanetcenter.net/cgi-bin/confirmeph2.cgi
20260710T070001Z,2026-07-10T07:00:01.413861Z,20260710T070001Z_batch01,8N8R001,2026-07-10T10:00:00Z,05 17 33.7,79.39041666666665,-02 31 24,-2.5233333333333334,38.3,29.3,0.48,359.5,Map/Offsets   !,https://cgi.minorplanetcenter.net/cgi-bin/confirmeph2.cgi
20260710T070001Z,2026-07-10T07:00:01.413861Z,20260710T070001Z_batch01,8N8R001,2026-07-10T11:00:00Z,05 17 33.7,79.39041666666665,-02 30 56,-2.5155555555555558,38.3,29.3,0.47,359.7,Map/Offsets   !,https://cgi.minorplanetcenter.net/cgi-bin/confirmeph2.cgi
20260710T070001Z,2026-07-10T07:00:01.413861Z,20260710T070001Z_batch01,8N8R001,2026-07-10T12:00:00Z,05 17 33.7,79.39041666666665,-02 30 27,-2.5075,38.3,29.3,0.46,360.0,Map/Offsets   !,https://cgi.minorplanetcenter.net/cgi-bin/confirmeph2.cgi
20260710T070001Z,2026-07-10T07:00:01.413861Z,20260710T070001Z_batch01,8N8R001,2026-07-10T13:00:00Z,05 17 33.7,79.39041666666665,-02 30 00,-2.5,38.4,29.4,0.46,0.2,Map/Offsets   !,https://cgi.minorplanetcenter.net/cgi-bin/confirmeph2.cgi
20260710T070001Z,2026-07-10T07:00:01.413861Z,20260710T070001Z_batch01,8N8R001,2026-07-10T14:00:00Z,05 17 33.7,79.39041666666665,-02 29 33,-2.4925,38.4,29.4,0.45,0.5,Map/Offsets   !,https://cgi.minorplanetcenter.net/cgi-bin/confirmeph2.cgi
20260710T070001Z,2026-07-10T07:00:01.413861Z,20260710T070001Z_batch01,8N8R001,2026-07-10T15:00:00Z,05 17 33.7,79.39041666666665,-02 29 06,-2.485,38.4,29.4,0.44,0.7,Map/Offsets   !,https://cgi.minorplanetcenter.net/cgi-bin/confirmeph2.cgi
20260710T070001Z,2026-07-10T07:00:01.413861Z,20260710T070001Z_batch01,8N8R001,2026-07-10T16:00:00Z,05 17 33.7,79.39041666666665,-02 28 39,-2.4775,38.4,29.4,0.44,1.0,Map/Offsets   !,https://cgi.minorplanetcenter.net/cgi-bin/confirmeph2.cgi
20260710T070001Z,2026-07-10T07:00:01.413861Z,20260710T070001Z_batch01,8N8R001,2026-07-10T17:00:00Z,05 17 33.8,79.39083333333333,-02 28 13,-2.470277777777778,38.5,29.4,0.43,1.3,Map/Offsets   !,https://cgi.minorplanetcenter.net/cgi-bin/confirmeph2.cgi
20260710T070001Z,2026-07-10T07:00:01.413861Z,20260710T070001Z_batch01,8N8R001,2026-07-10T18:00:00Z,05 17 33.8,79.39083333333333,-02 27 48,-2.4633333333333334,38.5,29.4,0.42,1.5,Map/Offsets   !,https://cgi.minorplanetcenter.net/cgi-bin/confirmeph2.cgi
20260710T070001Z,2026-07-10T07:00:01.413861Z,20260710T070001Z_batch01,8N8R001,2026-07-10T19:00:00Z,05 17 33.9,79.39125,-02 27 23,-2.456388888888889,38.5,29.4,0.42,1.8,Map/Offsets   !,https://cgi.minorplanetcenter.net/cgi-bin/confirmeph2.cgi
20260710T070001Z,2026-07-10T07:00:01.413861Z,20260710T070001Z_batch01,8N8R001,2026-07-10T20:00:00Z,05 17 33.9,79.39125,-02 26 58,-2.4494444444444445,38.5,29.5,0.41,2.1,Map/Offsets   !,https://cgi.minorplanetcenter.net/cgi-bin/confirmeph2.cgi
20260710T070001Z,2026-07-10T07:00:01.413861Z,20260710T070001Z_batch01,8N8R001,2026-07-10T21:00:00Z,05 17 34.0,79.39166666666667,-02 26 33,-2.4425000000000003,38.6,29.5,0.4,2.4,Map/Offsets   !,https://cgi.minorplanetcenter.net/cgi-bin/confirmeph2.cgi
20260710T070001Z,2026-07-10T07:00:01.413861Z,20260710T070001Z_batch01,8N8R001,2026-07-10T22:00:00Z,05 17 34.1,79.39208333333333,-02 26 09,-2.4358333333333335,38.6,29.5,0.4,2.6,Map/Offsets   !,https://cgi.minorplanetcenter.net/cgi-bin/confirmeph2.cgi
20260710T070001Z,2026-07-10T07:00:01.413861Z,20260710T070001Z_batch01,8N8R001,2026-07-10T23:00:00Z,05 17 34.1,79.39208333333333,-02 25 46,-2.4294444444444445,38.6,29.5,0.39,2.9,Map/Offsets   !,https://cgi.minorplanetcenter.net/cgi-bin/confirmeph2.cgi
20260710T070001Z,2026-07-10T07:00:01.413861Z,20260710T070001Z_batch01,8N8R001,2026-07-11T00:00:00Z,05 17 34.2,79.3925,-02 25 22,-2.4227777777777777,38.6,29.5,0.39,3.2,Map/Offsets   !,https://cgi.minorplanetcenter.net/cgi-bin/confirmeph2.cgi
20260710T070001Z,2026-07-10T07:00:01.413861Z,20260710T070001Z_batch01,8N8R001,2026-07-11T01:00:00Z,05 17 34.3,79.39291666666666,-02 24 59,-2.4163888888888887,38.7,29.5,0.38,3.5,Map/Offsets   !,https://cgi.minorplanetcenter.net/cgi-bin/confirmeph2.cgi
20260710T070001Z,2026-07-10T07:00:01.413861Z,20260710T070001Z_batch01,8N8R001,2026-07-11T02:00:00Z,05 17 34.4,79.39333333333335,-02 24 36,-2.4099999999999997,38.7,29.5,0.38,3.8,Map/Offsets,https://cgi.minorplanetcenter.net/cgi-bin/confirmeph2.cgi
20260710T070001Z,2026-07-10T07:00:01.413861Z,20260710T070001Z_batch01,8N8R001,2026-07-11T03:00:00Z,05 17 34.5,79.39375,-02 24 14,-2.403888888888889,38.7,29.5,0.37,4.1,Map/Offsets,https://cgi.minorplanetcenter.net/cgi-bin/confirmeph2.cgi
20260710T070001Z,2026-07-10T07:00:01.413861Z,20260710T070001Z_batch01,8N8R001,2026-07-11T04:00:00Z,05 17 34.6,79.39416666666666,-02 23 51,-2.3975,38.7,29.6,0.37,4.4,Map/Offsets,https://cgi.minorplanetcenter.net/cgi-bin/confirmeph2.cgi
20260710T070001Z,2026-07-10T07:00:01.413861Z,20260710T070001Z_batch01,8N8R001,2026-07-11T05:00:00Z,05 17 34.7,79.39458333333333,-02 23 30,-2.3916666666666666,38.8,29.6,0.36,4.7,Map/Offsets,https://cgi.minorplanetcenter.net/cgi-bin/confirmeph2.cgi
20260710T070001Z,2026-07-10T07:00:01.413861Z,20260710T070001Z_batch01,8N8R001,2026-07-11T06:00:00Z,05 17 34.9,79.39541666666666,-02 23 08,-2.3855555555555554,38.8,29.6,0.36,5.0,Map/Offsets,https://cgi.minorplanetcenter.net/cgi-bin/confirmeph2.cgi
20260710T070001Z,2026-07-10T07:00:01.413861Z,20260710T070001Z_batch01,OMO0297,2026-07-10T06:00:00Z,23 37 35.1,354.39625,+03 46 24,3.7733333333333334,111.2,21.9,1.26,81.8,Map/Offsets,https://cgi.minorplanetcenter.net/cgi-bin/confirmeph2.cgi
20260710T070001Z,2026-07-10T07:00:01.413861Z,20260710T070001Z_batch01,OMO0297,2026-07-10T07:00:00Z,23 37 40.2,354.4175,+03 46 35,3.776388888888889,111.2,21.9,1.26,81.8,Map/Offsets,https://cgi.minorplanetcenter.net/cgi-bin/confirmeph2.cgi
20260710T070001Z,2026-07-10T07:00:01.413861Z,20260710T070001Z_batch01,OMO0297,2026-07-10T08:00:00Z,23 37 45.2,354.43833333333333,+03 46 46,3.7794444444444446,111.2,21.9,1.26,81.9,Map/Offsets,https://cgi.minorplanetcenter.net/cgi-bin/confirmeph2.cgi
20260710T070001Z,2026-07-10T07:00:01.413861Z,20260710T070001Z_batch01,OMO0297,2026-07-10T09:00:00Z,23 37 50.2,354.45916666666665,+03 46 56,3.7822222222222224,111.2,21.9,1.26,81.9,Map/Offsets,https://cgi.minorplanetcenter.net/cgi-bin/confirmeph2.cgi
20260710T070001Z,2026-07-10T07:00:01.413861Z,20260710T070001Z_batch01,OMO0297,2026-07-10T10:00:00Z,23 37 55.1,354.4795833333334,+03 47 07,3.7852777777777775,111.3,21.9,1.26,81.9,Map/Offsets,https://cgi.minorplanetcenter.net/cgi-bin/confirmeph2.cgi
20260710T070001Z,2026-07-10T07:00:01.413861Z,20260710T070001Z_batch01,OMO0297,2026-07-10T11:00:00Z,23 38 00.1,354.50041666666664,+03 47 18,3.788333333333333,111.3,21.9,1.26,81.9,Map/Offsets,https://cgi.minorplanetcenter.net/cgi-bin/confirmeph2.cgi
20260710T070001Z,2026-07-10T07:00:01.413861Z,20260710T070001Z_batch01,OMO0297,2026-07-10T12:00:00Z,23 38 05.1,354.52125,+03 47 28,3.791111111111111,111.3,21.9,1.26,81.9,Map/Offsets,https://cgi.minorplanetcenter.net/cgi-bin/confirmeph2.cgi
20260710T070001Z,2026-07-10T07:00:01.413861Z,20260710T070001Z_batch01,OMO0297,2026-07-10T13:00:00Z,23 38 10.1,354.5420833333333,+03 47 39,3.7941666666666665,111.3,21.9,1.26,82.0,Map/Offsets,https://cgi.minorplanetcenter.net/cgi-bin/confirmeph2.cgi
20260710T070001Z,2026-07-10T07:00:01.413861Z,20260710T070001Z_batch01,OMO0297,2026-07-10T14:00:00Z,23 38 15.1,354.56291666666664,+03 47 49,3.7969444444444442,111.3,21.9,1.26,82.0,Map/Offsets,https://cgi.minorplanetcenter.net/cgi-bin/confirmeph2.cgi
20260710T070001Z,2026-07-10T07:00:01.413861Z,20260710T070001Z_batch01,OMO0297,2026-07-10T15:00:00Z,23 38 20.1,354.58375,+03 48 00,3.8,111.4,21.9,1.26,82.0,Map/Offsets,https://cgi.minorplanetcenter.net/cgi-bin/confirmeph2.cgi
20260710T070001Z,2026-07-10T07:00:01.413861Z,20260710T070001Z_batch01,OMO0297,2026-07-10T16:00:00Z,23 38 25.1,354.6045833333334,+03 48 10,3.8027777777777776,111.4,21.9,1.26,82.0,Map/Offsets,https://cgi.minorplanetcenter.net/cgi-bin/confirmeph2.cgi
20260710T070001Z,2026-07-10T07:00:01.413861Z,20260710T070001Z_batch01,OMO0297,2026-07-10T17:00:00Z,23 38 30.1,354.62541666666664,+03 48 21,3.805833333333333,111.4,21.9,1.25,82.0,Map/Offsets,https://cgi.minorplanetcenter.net/cgi-bin/confirmeph2.cgi
20260710T070001Z,2026-07-10T07:00:01.413861Z,20260710T070001Z_batch01,OMO0297,2026-07-10T18:00:00Z,23 38 35.1,354.64625,+03 48 31,3.808611111111111,111.4,21.9,1.25,82.1,Map/Offsets,https://cgi.minorplanetcenter.net/cgi-bin/confirmeph2.cgi
20260710T070001Z,2026-07-10T07:00:01.413861Z,20260710T070001Z_batch01,OMO0297,2026-07-10T19:00:00Z,23 38 40.0,354.6666666666667,+03 48 42,3.8116666666666665,111.4,21.9,1.25,82.1,Map/Offsets,https://cgi.minorplanetcenter.net/cgi-bin/confirmeph2.cgi
20260710T070001Z,2026-07-10T07:00:01.413861Z,20260710T070001Z_batch01,OMO0297,2026-07-10T20:00:00Z,23 38 45.0,354.6875,+03 48 52,3.8144444444444443,111.5,21.9,1.25,82.1,Map/Offsets,https://cgi.minorplanetcenter.net/cgi-bin/confirmeph2.cgi
20260710T070001Z,2026-07-10T07:00:01.413861Z,20260710T070001Z_batch01,OMO0297,2026-07-10T21:00:00Z,23 38 50.0,354.7083333333333,+03 49 02,3.817222222222222,111.5,21.9,1.25,82.1,Map/Offsets,https://cgi.minorplanetcenter.net/cgi-bin/confirmeph2.cgi
20260710T070001Z,2026-07-10T07:00:01.413861Z,20260710T070001Z_batch01,OMO0297,2026-07-10T22:00:00Z,23 38 54.9,354.72875,+03 49 12,3.82,111.5,21.9,1.25,82.2,Map/Offsets,https://cgi.minorplanetcenter.net/cgi-bin/confirmeph2.cgi
20260710T070001Z,2026-07-10T07:00:01.413861Z,20260710T070001Z_batch01,OMO0297,2026-07-10T23:00:00Z,23 38 59.9,354.7495833333333,+03 49 23,3.8230555555555554,111.5,21.9,1.25,82.2,Map/Offsets,https://cgi.minorplanetcenter.net/cgi-bin/confirmeph2.cgi
20260710T070001Z,2026-07-10T07:00:01.413861Z,20260710T070001Z_batch01,OMO0297,2026-07-11T00:00:00Z,23 39 04.9,354.7704166666667,+03 49 33,3.825833333333333,111.5,21.9,1.25,82.2,Map/Offsets,https://cgi.minorplanetcenter.net/cgi-bin/confirmeph2.cgi
20260710T070001Z,2026-07-10T07:00:01.413861Z,20260710T070001Z_batch01,OMO0297,2026-07-11T01:00:00Z,23 39 09.9,354.79125,+03 49 43,3.828611111111111,111.6,21.9,1.25,82.2,Map/Offsets,https://cgi.minorplanetcenter.net/cgi-bin/confirmeph2.cgi
20260710T070001Z,2026-07-10T07:00:01.413861Z,20260710T070001Z_batch01,OMO0297,2026-07-11T02:00:00Z,23 39 14.8,354.81166666666667,+03 49 53,3.8313888888888887,111.6,21.9,1.25,82.2,Map/Offsets,https://cgi.minorplanetcenter.net/cgi-bin/confirmeph2.cgi
20260710T070001Z,2026-07-10T07:00:01.413861Z,20260710T070001Z_batch01,OMO0297,2026-07-11T03:00:00Z,23 39 19.8,354.8325,+03 50 03,3.834166666666667,111.6,21.9,1.25,82.3,Map/Offsets,https://cgi.minorplanetcenter.net/cgi-bin/confirmeph2.cgi
20260710T070001Z,2026-07-10T07:00:01.413861Z,20260710T070001Z_batch01,OMO0297,2026-07-11T04:00:00Z,23 39 24.7,354.85291666666666,+03 50 13,3.8369444444444447,111.6,21.9,1.25,82.3,Map/Offsets,https://cgi.minorplanetcenter.net/cgi-bin/confirmeph2.cgi
20260710T070001Z,2026-07-10T07:00:01.413861Z,20260710T070001Z_batch01,OMO0297,2026-07-11T05:00:00Z,23 39 29.7,354.87375,+03 50 23,3.8397222222222225,111.6,21.9,1.25,82.3,Map/Offsets,https://cgi.minorplanetcenter.net/cgi-bin/confirmeph2.cgi
20260710T070001Z,2026-07-10T07:00:01.413861Z,20260710T070001Z_batch01,OMO0297,2026-07-11T06:00:00Z,23 39 34.6,354.89416666666665,+03 50 33,3.8425000000000002,111.7,21.9,1.25,82.3,Map/Offsets,https://cgi.minorplanetcenter.net/cgi-bin/confirmeph2.cgi
