snapshot_id,fetched_at_utc,batch_id,designation,ephem_time_utc,ra_hms,ra_deg,dec_dms,dec_deg,elong_deg,v_mag,motion_arcsec_per_min,pa_deg,uncertainty,source_url
20260523T234332Z,2026-05-23T23:43:32.407434Z,20260523T234332Z_batch01,C1EYRR5,2026-05-23T22:00:00Z,15 51 49.9,237.95791666666668,+02 47 29,2.7913888888888887,156.5,22.6,2.98,170.2,Map/Offsets,https://cgi.minorplanetcenter.net/cgi-bin/confirmeph2.cgi
20260523T234332Z,2026-05-23T23:43:32.407434Z,20260523T234332Z_batch01,C1EYRR5,2026-05-23T23:00:00Z,15 51 51.9,237.96625,+02 44 33,2.7425,156.5,22.6,2.98,170.2,Map/Offsets,https://cgi.minorplanetcenter.net/cgi-bin/confirmeph2.cgi
20260523T234332Z,2026-05-23T23:43:32.407434Z,20260523T234332Z_batch01,C1EYRR5,2026-05-24T00:00:00Z,15 51 53.9,237.97458333333333,+02 41 36,2.6933333333333334,156.5,22.6,2.98,170.2,Map/Offsets,https://cgi.minorplanetcenter.net/cgi-bin/confirmeph2.cgi
20260523T234332Z,2026-05-23T23:43:32.407434Z,20260523T234332Z_batch01,C1EYRR5,2026-05-24T01:00:00Z,15 51 56.0,237.98333333333335,+02 38 40,2.6444444444444444,156.6,22.6,2.98,170.2,Map/Offsets,https://cgi.minorplanetcenter.net/cgi-bin/confirmeph2.cgi
20260523T234332Z,2026-05-23T23:43:32.407434Z,20260523T234332Z_batch01,C1EYRR5,2026-05-24T02:00:00Z,15 51 58.0,237.99166666666667,+02 35 44,2.595555555555556,156.6,22.6,2.98,170.2,Map/Offsets,https://cgi.minorplanetcenter.net/cgi-bin/confirmeph2.cgi
20260523T234332Z,2026-05-23T23:43:32.407434Z,20260523T234332Z_batch01,C1EYRR5,2026-05-24T03:00:00Z,15 52 00.0,238.0,+02 32 48,2.5466666666666664,156.6,22.6,2.98,170.2,Map/Offsets,https://cgi.minorplanetcenter.net/cgi-bin/confirmeph2.cgi
20260523T234332Z,2026-05-23T23:43:32.407434Z,20260523T234332Z_batch01,C1EYRR5,2026-05-24T04:00:00Z,15 52 02.0,238.00833333333335,+02 29 52,2.497777777777778,156.7,22.6,2.98,170.2,Map/Offsets,https://cgi.minorplanetcenter.net/cgi-bin/confirmeph2.cgi
20260523T234332Z,2026-05-23T23:43:32.407434Z,20260523T234332Z_batch01,C1EYRR5,2026-05-24T05:00:00Z,15 52 04.1,238.01708333333335,+02 26 56,2.4488888888888893,156.7,22.6,2.98,170.2,Map/Offsets,https://cgi.minorplanetcenter.net/cgi-bin/confirmeph2.cgi
20260523T234332Z,2026-05-23T23:43:32.407434Z,20260523T234332Z_batch01,C1EYRR5,2026-05-24T06:00:00Z,15 52 06.1,238.02541666666667,+02 24 00,2.4,156.8,22.6,2.98,170.2,Map/Offsets,https://cgi.minorplanetcenter.net/cgi-bin/confirmeph2.cgi
20260523T234332Z,2026-05-23T23:43:32.407434Z,20260523T234332Z_batch01,C1EYRR5,2026-05-24T07:00:00Z,15 52 08.1,238.03375,+02 21 04,2.3511111111111114,156.8,22.6,2.98,170.2,Map/Offsets,https://cgi.minorplanetcenter.net/cgi-bin/confirmeph2.cgi
20260523T234332Z,2026-05-23T23:43:32.407434Z,20260523T234332Z_batch01,C1EYRR5,2026-05-24T08:00:00Z,15 52 10.1,238.04208333333335,+02 18 08,2.302222222222222,156.8,22.6,2.98,170.2,Map/Offsets,https://cgi.minorplanetcenter.net/cgi-bin/confirmeph2.cgi
20260523T234332Z,2026-05-23T23:43:32.407434Z,20260523T234332Z_batch01,C1EYRR5,2026-05-24T09:00:00Z,15 52 12.1,238.05041666666668,+02 15 12,2.2533333333333334,156.9,22.6,2.97,170.2,Map/Offsets,https://cgi.minorplanetcenter.net/cgi-bin/confirmeph2.cgi
20260523T234332Z,2026-05-23T23:43:32.407434Z,20260523T234332Z_batch01,C1EYRR5,2026-05-24T10:00:00Z,15 52 14.2,238.05916666666667,+02 12 16,2.2044444444444444,156.9,22.6,2.97,170.2,Map/Offsets,https://cgi.minorplanetcenter.net/cgi-bin/confirmeph2.cgi
20260523T234332Z,2026-05-23T23:43:32.407434Z,20260523T234332Z_batch01,C1EYRR5,2026-05-24T11:00:00Z,15 52 16.2,238.0675,+02 09 20,2.1555555555555554,156.9,22.6,2.97,170.2,Map/Offsets,https://cgi.minorplanetcenter.net/cgi-bin/confirmeph2.cgi
20260523T234332Z,2026-05-23T23:43:32.407434Z,20260523T234332Z_batch01,C1EYRR5,2026-05-24T12:00:00Z,15 52 18.2,238.07583333333335,+02 06 25,2.1069444444444447,157.0,22.6,2.97,170.2,Map/Offsets,https://cgi.minorplanetcenter.net/cgi-bin/confirmeph2.cgi
20260523T234332Z,2026-05-23T23:43:32.407434Z,20260523T234332Z_batch01,C1EYRR5,2026-05-24T13:00:00Z,15 52 20.2,238.08416666666668,+02 03 29,2.0580555555555553,157.0,22.6,2.97,170.2,Map/Offsets,https://cgi.minorplanetcenter.net/cgi-bin/confirmeph2.cgi
20260523T234332Z,2026-05-23T23:43:32.407434Z,20260523T234332Z_batch01,C1EYRR5,2026-05-24T14:00:00Z,15 52 22.2,238.0925,+02 00 33,2.0091666666666668,157.0,22.6,2.97,170.2,Map/Offsets,https://cgi.minorplanetcenter.net/cgi-bin/confirmeph2.cgi
20260523T234332Z,2026-05-23T23:43:32.407434Z,20260523T234332Z_batch01,C1EYRR5,2026-05-24T15:00:00Z,15 52 24.3,238.10125000000002,+01 57 38,1.9605555555555556,157.1,22.6,2.97,170.2,Map/Offsets,https://cgi.minorplanetcenter.net/cgi-bin/confirmeph2.cgi
20260523T234332Z,2026-05-23T23:43:32.407434Z,20260523T234332Z_batch01,C1EYRR5,2026-05-24T16:00:00Z,15 52 26.3,238.10958333333335,+01 54 42,1.9116666666666666,157.1,22.6,2.97,170.2,Map/Offsets,https://cgi.minorplanetcenter.net/cgi-bin/confirmeph2.cgi
20260523T234332Z,2026-05-23T23:43:32.407434Z,20260523T234332Z_batch01,C1EYRR5,2026-05-24T17:00:00Z,15 52 28.3,238.11791666666667,+01 51 46,1.8627777777777779,157.2,22.6,2.97,170.2,Map/Offsets,https://cgi.minorplanetcenter.net/cgi-bin/confirmeph2.cgi
20260523T234332Z,2026-05-23T23:43:32.407434Z,20260523T234332Z_batch01,C1EYRR5,2026-05-24T18:00:00Z,15 52 30.3,238.12625000000003,+01 48 51,1.8141666666666667,157.2,22.6,2.97,170.2,Map/Offsets,https://cgi.minorplanetcenter.net/cgi-bin/confirmeph2.cgi
20260523T234332Z,2026-05-23T23:43:32.407434Z,20260523T234332Z_batch01,C1EYRR5,2026-05-24T19:00:00Z,15 52 32.3,238.13458333333335,+01 45 56,1.7655555555555555,157.2,22.6,2.97,170.2,Map/Offsets,https://cgi.minorplanetcenter.net/cgi-bin/confirmeph2.cgi
20260523T234332Z,2026-05-23T23:43:32.407434Z,20260523T234332Z_batch01,C1EYRR5,2026-05-24T20:00:00Z,15 52 34.3,238.14291666666668,+01 43 00,1.7166666666666668,157.3,22.6,2.97,170.2,Map/Offsets,https://cgi.minorplanetcenter.net/cgi-bin/confirmeph2.cgi
20260523T234332Z,2026-05-23T23:43:32.407434Z,20260523T234332Z_batch01,C1EYRR5,2026-05-24T21:00:00Z,15 52 36.3,238.15125,+01 40 05,1.6680555555555554,157.3,22.6,2.96,170.2,Map/Offsets,https://cgi.minorplanetcenter.net/cgi-bin/confirmeph2.cgi
20260523T234332Z,2026-05-23T23:43:32.407434Z,20260523T234332Z_batch01,C1EYRR5,2026-05-24T22:00:00Z,15 52 38.4,238.16000000000003,+01 37 10,1.6194444444444445,157.3,22.6,2.96,170.2,Map/Offsets,https://cgi.minorplanetcenter.net/cgi-bin/confirmeph2.cgi
20260523T234332Z,2026-05-23T23:43:32.407434Z,20260523T234332Z_batch01,C1EYQL5,2026-05-23T22:00:00Z,15 53 24.8,238.35333333333332,+01 36 20,1.6055555555555556,157.7,22.3,3.38,223.8,Map/Offsets,https://cgi.minorplanetcenter.net/cgi-bin/confirmeph2.cgi
20260523T234332Z,2026-05-23T23:43:32.407434Z,20260523T234332Z_batch01,C1EYQL5,2026-05-23T23:00:00Z,15 53 15.4,238.31416666666667,+01 33 54,1.565,157.7,22.3,3.36,223.8,Map/Offsets,https://cgi.minorplanetcenter.net/cgi-bin/confirmeph2.cgi
20260523T234332Z,2026-05-23T23:43:32.407434Z,20260523T234332Z_batch01,C1EYQL5,2026-05-24T00:00:00Z,15 53 06.2,238.2758333333333,+01 31 28,1.5244444444444445,157.7,22.3,3.34,223.8,Map/Offsets,https://cgi.minorplanetcenter.net/cgi-bin/confirmeph2.cgi
20260523T234332Z,2026-05-23T23:43:32.407434Z,20260523T234332Z_batch01,C1EYQL5,2026-05-24T01:00:00Z,15 52 57.0,238.2375,+01 29 04,1.4844444444444445,157.7,22.3,3.32,223.7,Map/Offsets,https://cgi.minorplanetcenter.net/cgi-bin/confirmeph2.cgi
20260523T234332Z,2026-05-23T23:43:32.407434Z,20260523T234332Z_batch01,C1EYQL5,2026-05-24T02:00:00Z,15 52 47.8,238.19916666666668,+01 26 41,1.4447222222222222,157.8,22.3,3.3,223.7,Map/Offsets,https://cgi.minorplanetcenter.net/cgi-bin/confirmeph2.cgi
20260523T234332Z,2026-05-23T23:43:32.407434Z,20260523T234332Z_batch01,C1EYQL5,2026-05-24T03:00:00Z,15 52 38.7,238.16125,+01 24 18,1.4049999999999998,157.8,22.3,3.28,223.7,Map/Offsets,https://cgi.minorplanetcenter.net/cgi-bin/confirmeph2.cgi
20260523T234332Z,2026-05-23T23:43:32.407434Z,20260523T234332Z_batch01,C1EYQL5,2026-05-24T04:00:00Z,15 52 29.7,238.12375,+01 21 56,1.3655555555555556,157.8,22.3,3.26,223.7,Map/Offsets,https://cgi.minorplanetcenter.net/cgi-bin/confirmeph2.cgi
20260523T234332Z,2026-05-23T23:43:32.407434Z,20260523T234332Z_batch01,C1EYQL5,2026-05-24T05:00:00Z,15 52 20.7,238.08625,+01 19 35,1.3263888888888888,157.8,22.3,3.24,223.7,Map/Offsets,https://cgi.minorplanetcenter.net/cgi-bin/confirmeph2.cgi
20260523T234332Z,2026-05-23T23:43:32.407434Z,20260523T234332Z_batch01,C1EYQL5,2026-05-24T06:00:00Z,15 52 11.8,238.04916666666665,+01 17 15,1.2874999999999999,157.9,22.3,3.22,223.6,Map/Offsets,https://cgi.minorplanetcenter.net/cgi-bin/confirmeph2.cgi
20260523T234332Z,2026-05-23T23:43:32.407434Z,20260523T234332Z_batch01,C1EYQL5,2026-05-24T07:00:00Z,15 52 02.9,238.01208333333332,+01 14 55,1.2486111111111111,157.9,22.4,3.2,223.6,Map/Offsets,https://cgi.minorplanetcenter.net/cgi-bin/confirmeph2.cgi
20260523T234332Z,2026-05-23T23:43:32.407434Z,20260523T234332Z_batch01,C1EYQL5,2026-05-24T08:00:00Z,15 51 54.1,237.97541666666666,+01 12 36,1.21,157.9,22.4,3.18,223.6,Map/Offsets,https://cgi.minorplanetcenter.net/cgi-bin/confirmeph2.cgi
20260523T234332Z,2026-05-23T23:43:32.407434Z,20260523T234332Z_batch01,C1EYQL5,2026-05-24T09:00:00Z,15 51 45.3,237.93875,+01 10 18,1.1716666666666666,157.9,22.4,3.17,223.6,Map/Offsets,https://cgi.minorplanetcenter.net/cgi-bin/confirmeph2.cgi
20260523T234332Z,2026-05-23T23:43:32.407434Z,20260523T234332Z_batch01,C1EYQL5,2026-05-24T10:00:00Z,15 51 36.6,237.9025,+01 08 01,1.1336111111111111,157.9,22.4,3.15,223.6,Map/Offsets,https://cgi.minorplanetcenter.net/cgi-bin/confirmeph2.cgi
20260523T234332Z,2026-05-23T23:43:32.407434Z,20260523T234332Z_batch01,C1EYQL5,2026-05-24T11:00:00Z,15 51 27.9,237.86624999999998,+01 05 45,1.0958333333333332,158.0,22.4,3.13,223.6,Map/Offsets,https://cgi.minorplanetcenter.net/cgi-bin/confirmeph2.cgi
20260523T234332Z,2026-05-23T23:43:32.407434Z,20260523T234332Z_batch01,C1EYQL5,2026-05-24T12:00:00Z,15 51 19.4,237.83083333333335,+01 03 29,1.0580555555555555,158.0,22.4,3.11,223.5,Map/Offsets,https://cgi.minorplanetcenter.net/cgi-bin/confirmeph2.cgi
20260523T234332Z,2026-05-23T23:43:32.407434Z,20260523T234332Z_batch01,C1EYQL5,2026-05-24T13:00:00Z,15 51 10.8,237.795,+01 01 14,1.0205555555555554,158.0,22.4,3.09,223.5,Map/Offsets,https://cgi.minorplanetcenter.net/cgi-bin/confirmeph2.cgi
20260523T234332Z,2026-05-23T23:43:32.407434Z,20260523T234332Z_batch01,C1EYQL5,2026-05-24T14:00:00Z,15 51 02.3,237.75958333333332,+00 59 00,0.9833333333333333,158.0,22.4,3.07,223.5,Map/Offsets,https://cgi.minorplanetcenter.net/cgi-bin/confirmeph2.cgi
20260523T234332Z,2026-05-23T23:43:32.407434Z,20260523T234332Z_batch01,C1EYQL5,2026-05-24T15:00:00Z,15 50 53.9,237.72458333333336,+00 56 47,0.946388888888889,158.0,22.4,3.06,223.5,Map/Offsets,https://cgi.minorplanetcenter.net/cgi-bin/confirmeph2.cgi
20260523T234332Z,2026-05-23T23:43:32.407434Z,20260523T234332Z_batch01,C1EYQL5,2026-05-24T16:00:00Z,15 50 45.5,237.68958333333333,+00 54 34,0.9094444444444445,158.1,22.4,3.04,223.5,Map/Offsets,https://cgi.minorplanetcenter.net/cgi-bin/confirmeph2.cgi
20260523T234332Z,2026-05-23T23:43:32.407434Z,20260523T234332Z_batch01,C1EYQL5,2026-05-24T17:00:00Z,15 50 37.2,237.655,+00 52 22,0.8727777777777778,158.1,22.4,3.02,223.4,Map/Offsets,https://cgi.minorplanetcenter.net/cgi-bin/confirmeph2.cgi
20260523T234332Z,2026-05-23T23:43:32.407434Z,20260523T234332Z_batch01,C1EYQL5,2026-05-24T18:00:00Z,15 50 28.9,237.6204166666667,+00 50 11,0.836388888888889,158.1,22.4,3.0,223.4,Map/Offsets,https://cgi.minorplanetcenter.net/cgi-bin/confirmeph2.cgi
20260523T234332Z,2026-05-23T23:43:32.407434Z,20260523T234332Z_batch01,C1EYQL5,2026-05-24T19:00:00Z,15 50 20.6,237.58583333333334,+00 48 00,0.8,158.1,22.4,2.99,223.4,Map/Offsets,https://cgi.minorplanetcenter.net/cgi-bin/confirmeph2.cgi
20260523T234332Z,2026-05-23T23:43:32.407434Z,20260523T234332Z_batch01,C1EYQL5,2026-05-24T20:00:00Z,15 50 12.5,237.55208333333334,+00 45 50,0.7638888888888888,158.1,22.4,2.97,223.4,Map/Offsets,https://cgi.minorplanetcenter.net/cgi-bin/confirmeph2.cgi
20260523T234332Z,2026-05-23T23:43:32.407434Z,20260523T234332Z_batch01,C1EYQL5,2026-05-24T21:00:00Z,15 50 04.3,237.51791666666668,+00 43 41,0.7280555555555556,158.1,22.5,2.95,223.4,Map/Offsets,https://cgi.minorplanetcenter.net/cgi-bin/confirmeph2.cgi
20260523T234332Z,2026-05-23T23:43:32.407434Z,20260523T234332Z_batch01,C1EYQL5,2026-05-24T22:00:00Z,15 49 56.2,237.48416666666665,+00 41 32,0.6922222222222222,158.2,22.5,2.94,223.3,Map/Offsets,https://cgi.minorplanetcenter.net/cgi-bin/confirmeph2.cgi
20260523T234332Z,2026-05-23T23:43:32.407434Z,20260523T234332Z_batch01,C1EYPU5,2026-05-23T22:00:00Z,15 49 14.2,237.30916666666667,+02 56 41,2.9447222222222225,156.2,22.9,0.73,52.9,Map/Offsets,https://cgi.minorplanetcenter.net/cgi-bin/confirmeph2.cgi
20260523T234332Z,2026-05-23T23:43:32.407434Z,20260523T234332Z_batch01,C1EYPU5,2026-05-23T23:00:00Z,15 49 16.6,237.31916666666666,+02 57 08,2.9522222222222223,156.2,22.9,0.73,53.0,Map/Offsets,https://cgi.minorplanetcenter.net/cgi-bin/confirmeph2.cgi
20260523T234332Z,2026-05-23T23:43:32.407434Z,20260523T234332Z_batch01,C1EYPU5,2026-05-24T00:00:00Z,15 49 18.9,237.32875,+02 57 34,2.9594444444444448,156.2,22.9,0.73,53.0,Map/Offsets,https://cgi.minorplanetcenter.net/cgi-bin/confirmeph2.cgi
20260523T234332Z,2026-05-23T23:43:32.407434Z,20260523T234332Z_batch01,C1EYPU5,2026-05-24T01:00:00Z,15 49 21.2,237.3383333333333,+02 58 00,2.966666666666667,156.2,22.9,0.73,53.1,Map/Offsets,https://cgi.minorplanetcenter.net/cgi-bin/confirmeph2.cgi
20260523T234332Z,2026-05-23T23:43:32.407434Z,20260523T234332Z_batch01,C1EYPU5,2026-05-24T02:00:00Z,15 49 23.5,237.34791666666666,+02 58 26,2.973888888888889,156.2,22.9,0.73,53.2,Map/Offsets,https://cgi.minorplanetcenter.net/cgi-bin/confirmeph2.cgi
20260523T234332Z,2026-05-23T23:43:32.407434Z,20260523T234332Z_batch01,C1EYPU5,2026-05-24T03:00:00Z,15 49 25.9,237.35791666666665,+02 58 52,2.9811111111111113,156.1,22.9,0.72,53.2,Map/Offsets,https://cgi.minorplanetcenter.net/cgi-bin/confirmeph2.cgi
20260523T234332Z,2026-05-23T23:43:32.407434Z,20260523T234332Z_batch01,C1EYPU5,2026-05-24T04:00:00Z,15 49 28.2,237.3675,+02 59 18,2.9883333333333333,156.1,22.9,0.72,53.3,Map/Offsets,https://cgi.minorplanetcenter.net/cgi-bin/confirmeph2.cgi
20260523T234332Z,2026-05-23T23:43:32.407434Z,20260523T234332Z_batch01,C1EYPU5,2026-05-24T05:00:00Z,15 49 30.5,237.37708333333333,+02 59 44,2.9955555555555557,156.1,22.9,0.72,53.4,Map/Offsets,https://cgi.minorplanetcenter.net/cgi-bin/confirmeph2.cgi
20260523T234332Z,2026-05-23T23:43:32.407434Z,20260523T234332Z_batch01,C1EYPU5,2026-05-24T06:00:00Z,15 49 32.8,237.38666666666666,+03 00 10,3.0027777777777778,156.1,22.9,0.72,53.4,Map/Offsets,https://cgi.minorplanetcenter.net/cgi-bin/confirmeph2.cgi
20260523T234332Z,2026-05-23T23:43:32.407434Z,20260523T234332Z_batch01,C1EYPU5,2026-05-24T07:00:00Z,15 49 35.1,237.39625,+03 00 36,3.01,156.1,22.9,0.72,53.5,Map/Offsets,https://cgi.minorplanetcenter.net/cgi-bin/confirmeph2.cgi
20260523T234332Z,2026-05-23T23:43:32.407434Z,20260523T234332Z_batch01,C1EYPU5,2026-05-24T08:00:00Z,15 49 37.5,237.40625,+03 01 02,3.0172222222222222,156.0,22.9,0.72,53.5,Map/Offsets,https://cgi.minorplanetcenter.net/cgi-bin/confirmeph2.cgi
20260523T234332Z,2026-05-23T23:43:32.407434Z,20260523T234332Z_batch01,C1EYPU5,2026-05-24T09:00:00Z,15 49 39.8,237.41583333333332,+03 01 27,3.0241666666666664,156.0,22.9,0.72,53.6,Map/Offsets,https://cgi.minorplanetcenter.net/cgi-bin/confirmeph2.cgi
20260523T234332Z,2026-05-23T23:43:32.407434Z,20260523T234332Z_batch01,C1EYPU5,2026-05-24T10:00:00Z,15 49 42.1,237.42541666666665,+03 01 53,3.031388888888889,156.0,22.9,0.72,53.7,Map/Offsets,https://cgi.minorplanetcenter.net/cgi-bin/confirmeph2.cgi
20260523T234332Z,2026-05-23T23:43:32.407434Z,20260523T234332Z_batch01,C1EYPU5,2026-05-24T11:00:00Z,15 49 44.4,237.435,+03 02 18,3.038333333333333,156.0,22.9,0.72,53.7,Map/Offsets,https://cgi.minorplanetcenter.net/cgi-bin/confirmeph2.cgi
20260523T234332Z,2026-05-23T23:43:32.407434Z,20260523T234332Z_batch01,C1EYPU5,2026-05-24T12:00:00Z,15 49 46.7,237.44458333333333,+03 02 44,3.0455555555555556,156.0,22.9,0.72,53.8,Map/Offsets,https://cgi.minorplanetcenter.net/cgi-bin/confirmeph2.cgi
20260523T234332Z,2026-05-23T23:43:32.407434Z,20260523T234332Z_batch01,C1EYPU5,2026-05-24T13:00:00Z,15 49 49.0,237.45416666666665,+03 03 09,3.0524999999999998,155.9,22.9,0.72,53.9,Map/Offsets,https://cgi.minorplanetcenter.net/cgi-bin/confirmeph2.cgi
20260523T234332Z,2026-05-23T23:43:32.407434Z,20260523T234332Z_batch01,C1EYPU5,2026-05-24T14:00:00Z,15 49 51.4,237.46416666666667,+03 03 34,3.0594444444444444,155.9,22.9,0.71,53.9,Map/Offsets,https://cgi.minorplanetcenter.net/cgi-bin/confirmeph2.cgi
20260523T234332Z,2026-05-23T23:43:32.407434Z,20260523T234332Z_batch01,C1EYPU5,2026-05-24T15:00:00Z,15 49 53.7,237.47375,+03 03 59,3.0663888888888886,155.9,22.9,0.71,54.0,Map/Offsets,https://cgi.minorplanetcenter.net/cgi-bin/confirmeph2.cgi
20260523T234332Z,2026-05-23T23:43:32.407434Z,20260523T234332Z_batch01,C1EYPU5,2026-05-24T16:00:00Z,15 49 56.0,237.48333333333335,+03 04 25,3.0736111111111115,155.9,22.9,0.71,54.1,Map/Offsets,https://cgi.minorplanetcenter.net/cgi-bin/confirmeph2.cgi
20260523T234332Z,2026-05-23T23:43:32.407434Z,20260523T234332Z_batch01,C1EYPU5,2026-05-24T17:00:00Z,15 49 58.3,237.49291666666667,+03 04 50,3.0805555555555557,155.9,22.9,0.71,54.1,Map/Offsets,https://cgi.minorplanetcenter.net/cgi-bin/confirmeph2.cgi
20260523T234332Z,2026-05-23T23:43:32.407434Z,20260523T234332Z_batch01,C1EYPU5,2026-05-24T18:00:00Z,15 50 00.6,237.5025,+03 05 15,3.0875000000000004,155.8,22.9,0.71,54.2,Map/Offsets,https://cgi.minorplanetcenter.net/cgi-bin/confirmeph2.cgi
20260523T234332Z,2026-05-23T23:43:32.407434Z,20260523T234332Z_batch01,C1EYPU5,2026-05-24T19:00:00Z,15 50 02.9,237.51208333333332,+03 05 39,3.0941666666666667,155.8,22.9,0.71,54.3,Map/Offsets,https://cgi.minorplanetcenter.net/cgi-bin/confirmeph2.cgi
20260523T234332Z,2026-05-23T23:43:32.407434Z,20260523T234332Z_batch01,C1EYPU5,2026-05-24T20:00:00Z,15 50 05.2,237.52166666666668,+03 06 04,3.1011111111111114,155.8,22.9,0.71,54.3,Map/Offsets,https://cgi.minorplanetcenter.net/cgi-bin/confirmeph2.cgi
20260523T234332Z,2026-05-23T23:43:32.407434Z,20260523T234332Z_batch01,C1EYPU5,2026-05-24T21:00:00Z,15 50 07.5,237.53125,+03 06 29,3.1080555555555556,155.8,22.9,0.71,54.4,Map/Offsets,https://cgi.minorplanetcenter.net/cgi-bin/confirmeph2.cgi
20260523T234332Z,2026-05-23T23:43:32.407434Z,20260523T234332Z_batch01,C1EYPU5,2026-05-24T22:00:00Z,15 50 09.8,237.54083333333332,+03 06 54,3.115,155.8,22.9,0.71,54.5,Map/Offsets,https://cgi.minorplanetcenter.net/cgi-bin/confirmeph2.cgi
20260523T234332Z,2026-05-23T23:43:32.407434Z,20260523T234332Z_batch01,C1EYPT5,2026-05-23T22:00:00Z,15 49 48.8,237.45333333333332,+02 26 22,2.4394444444444447,156.7,21.8,3.15,191.5,Map/Offsets,https://cgi.minorplanetcenter.net/cgi-bin/confirmeph2.cgi
20260523T234332Z,2026-05-23T23:43:32.407434Z,20260523T234332Z_batch01,C1EYPT5,2026-05-23T23:00:00Z,15 49 46.3,237.44291666666666,+02 23 17,2.3880555555555554,156.8,21.8,3.14,191.5,Map/Offsets,https://cgi.minorplanetcenter.net/cgi-bin/confirmeph2.cgi
20260523T234332Z,2026-05-23T23:43:32.407434Z,20260523T234332Z_batch01,C1EYPT5,2026-05-24T00:00:00Z,15 49 43.8,237.4325,+02 20 13,2.3369444444444447,156.8,21.8,3.12,191.5,Map/Offsets,https://cgi.minorplanetcenter.net/cgi-bin/confirmeph2.cgi
20260523T234332Z,2026-05-23T23:43:32.407434Z,20260523T234332Z_batch01,C1EYPT5,2026-05-24T01:00:00Z,15 49 41.3,237.42208333333332,+02 17 10,2.286111111111111,156.9,21.8,3.11,191.5,Map/Offsets,https://cgi.minorplanetcenter.net/cgi-bin/confirmeph2.cgi
20260523T234332Z,2026-05-23T23:43:32.407434Z,20260523T234332Z_batch01,C1EYPT5,2026-05-24T02:00:00Z,15 49 38.8,237.41166666666666,+02 14 07,2.2352777777777777,156.9,21.8,3.1,191.5,Map/Offsets,https://cgi.minorplanetcenter.net/cgi-bin/confirmeph2.cgi
20260523T234332Z,2026-05-23T23:43:32.407434Z,20260523T234332Z_batch01,C1EYPT5,2026-05-24T03:00:00Z,15 49 36.4,237.40166666666667,+02 11 05,2.1847222222222222,156.9,21.8,3.09,191.4,Map/Offsets,https://cgi.minorplanetcenter.net/cgi-bin/confirmeph2.cgi
20260523T234332Z,2026-05-23T23:43:32.407434Z,20260523T234332Z_batch01,C1EYPT5,2026-05-24T04:00:00Z,15 49 33.9,237.39124999999999,+02 08 04,2.1344444444444446,157.0,21.8,3.08,191.4,Map/Offsets,https://cgi.minorplanetcenter.net/cgi-bin/confirmeph2.cgi
20260523T234332Z,2026-05-23T23:43:32.407434Z,20260523T234332Z_batch01,C1EYPT5,2026-05-24T05:00:00Z,15 49 31.5,237.38125,+02 05 03,2.084166666666667,157.0,21.8,3.06,191.4,Map/Offsets,https://cgi.minorplanetcenter.net/cgi-bin/confirmeph2.cgi
20260523T234332Z,2026-05-23T23:43:32.407434Z,20260523T234332Z_batch01,C1EYPT5,2026-05-24T06:00:00Z,15 49 29.1,237.37125,+02 02 04,2.0344444444444445,157.0,21.8,3.05,191.4,Map/Offsets,https://cgi.minorplanetcenter.net/cgi-bin/confirmeph2.cgi
20260523T234332Z,2026-05-23T23:43:32.407434Z,20260523T234332Z_batch01,C1EYPT5,2026-05-24T07:00:00Z,15 49 26.7,237.36124999999998,+01 59 04,1.9844444444444445,157.1,21.8,3.04,191.4,Map/Offsets,https://cgi.minorplanetcenter.net/cgi-bin/confirmeph2.cgi
20260523T234332Z,2026-05-23T23:43:32.407434Z,20260523T234332Z_batch01,C1EYPT5,2026-05-24T08:00:00Z,15 49 24.3,237.35125,+01 56 06,1.935,157.1,21.8,3.03,191.4,Map/Offsets,https://cgi.minorplanetcenter.net/cgi-bin/confirmeph2.cgi
20260523T234332Z,2026-05-23T23:43:32.407434Z,20260523T234332Z_batch01,C1EYPT5,2026-05-24T09:00:00Z,15 49 21.9,237.34125,+01 53 08,1.8855555555555554,157.1,21.8,3.02,191.4,Map/Offsets,https://cgi.minorplanetcenter.net/cgi-bin/confirmeph2.cgi
20260523T234332Z,2026-05-23T23:43:32.407434Z,20260523T234332Z_batch01,C1EYPT5,2026-05-24T10:00:00Z,15 49 19.5,237.33125,+01 50 11,1.836388888888889,157.2,21.8,3.0,191.4,Map/Offsets,https://cgi.minorplanetcenter.net/cgi-bin/confirmeph2.cgi
20260523T234332Z,2026-05-23T23:43:32.407434Z,20260523T234332Z_batch01,C1EYPT5,2026-05-24T11:00:00Z,15 49 17.1,237.32125,+01 47 15,1.7874999999999999,157.2,21.9,2.99,191.4,Map/Offsets,https://cgi.minorplanetcenter.net/cgi-bin/confirmeph2.cgi
20260523T234332Z,2026-05-23T23:43:32.407434Z,20260523T234332Z_batch01,C1EYPT5,2026-05-24T12:00:00Z,15 49 14.8,237.31166666666667,+01 44 19,1.738611111111111,157.2,21.9,2.98,191.4,Map/Offsets,https://cgi.minorplanetcenter.net/cgi-bin/confirmeph2.cgi
20260523T234332Z,2026-05-23T23:43:32.407434Z,20260523T234332Z_batch01,C1EYPT5,2026-05-24T13:00:00Z,15 49 12.4,237.30166666666665,+01 41 24,1.69,157.3,21.9,2.97,191.3,Map/Offsets,https://cgi.minorplanetcenter.net/cgi-bin/confirmeph2.cgi
20260523T234332Z,2026-05-23T23:43:32.407434Z,20260523T234332Z_batch01,C1EYPT5,2026-05-24T14:00:00Z,15 49 10.1,237.29208333333332,+01 38 30,1.6416666666666666,157.3,21.9,2.96,191.3,Map/Offsets,https://cgi.minorplanetcenter.net/cgi-bin/confirmeph2.cgi
20260523T234332Z,2026-05-23T23:43:32.407434Z,20260523T234332Z_batch01,C1EYPT5,2026-05-24T15:00:00Z,15 49 07.8,237.2825,+01 35 36,1.5933333333333335,157.3,21.9,2.95,191.3,Map/Offsets,https://cgi.minorplanetcenter.net/cgi-bin/confirmeph2.cgi
20260523T234332Z,2026-05-23T23:43:32.407434Z,20260523T234332Z_batch01,C1EYPT5,2026-05-24T16:00:00Z,15 49 05.4,237.2725,+01 32 43,1.5452777777777778,157.4,21.9,2.94,191.3,Map/Offsets,https://cgi.minorplanetcenter.net/cgi-bin/confirmeph2.cgi
20260523T234332Z,2026-05-23T23:43:32.407434Z,20260523T234332Z_batch01,C1EYPT5,2026-05-24T17:00:00Z,15 49 03.1,237.26291666666668,+01 29 50,1.4972222222222222,157.4,21.9,2.93,191.3,Map/Offsets,https://cgi.minorplanetcenter.net/cgi-bin/confirmeph2.cgi
20260523T234332Z,2026-05-23T23:43:32.407434Z,20260523T234332Z_batch01,C1EYPT5,2026-05-24T18:00:00Z,15 49 00.9,237.25375,+01 26 58,1.4494444444444445,157.4,21.9,2.91,191.3,Map/Offsets,https://cgi.minorplanetcenter.net/cgi-bin/confirmeph2.cgi
20260523T234332Z,2026-05-23T23:43:32.407434Z,20260523T234332Z_batch01,C1EYPT5,2026-05-24T19:00:00Z,15 48 58.6,237.24416666666667,+01 24 07,1.4019444444444444,157.5,21.9,2.9,191.3,Map/Offsets,https://cgi.minorplanetcenter.net/cgi-bin/confirmeph2.cgi
20260523T234332Z,2026-05-23T23:43:32.407434Z,20260523T234332Z_batch01,C1EYPT5,2026-05-24T20:00:00Z,15 48 56.3,237.23458333333335,+01 21 17,1.3547222222222224,157.5,21.9,2.89,191.3,Map/Offsets,https://cgi.minorplanetcenter.net/cgi-bin/confirmeph2.cgi
20260523T234332Z,2026-05-23T23:43:32.407434Z,20260523T234332Z_batch01,C1EYPT5,2026-05-24T21:00:00Z,15 48 54.1,237.2254166666667,+01 18 27,1.3075,157.5,21.9,2.88,191.3,Map/Offsets,https://cgi.minorplanetcenter.net/cgi-bin/confirmeph2.cgi
20260523T234332Z,2026-05-23T23:43:32.407434Z,20260523T234332Z_batch01,C1EYPT5,2026-05-24T22:00:00Z,15 48 51.8,237.21583333333334,+01 15 38,1.2605555555555557,157.5,21.9,2.87,191.3,Map/Offsets,https://cgi.minorplanetcenter.net/cgi-bin/confirmeph2.cgi
20260523T234332Z,2026-05-23T23:43:32.407434Z,20260523T234332Z_batch01,C1EYD55,2026-05-23T22:00:00Z,15 48 59.8,237.24916666666667,-12 58 00,-12.966666666666667,171.8,22.1,1.26,242.2,Map/Offsets,https://cgi.minorplanetcenter.net/cgi-bin/confirmeph2.cgi
20260523T234332Z,2026-05-23T23:43:32.407434Z,20260523T234332Z_batch01,C1EYD55,2026-05-23T23:00:00Z,15 48 55.3,237.23041666666668,-12 58 35,-12.97638888888889,171.8,22.1,1.26,242.2,Map/Offsets,https://cgi.minorplanetcenter.net/cgi-bin/confirmeph2.cgi
20260523T234332Z,2026-05-23T23:43:32.407434Z,20260523T234332Z_batch01,C1EYD55,2026-05-24T00:00:00Z,15 48 50.7,237.21125,-12 59 10,-12.98611111111111,171.7,22.1,1.26,242.1,Map/Offsets,https://cgi.minorplanetcenter.net/cgi-bin/confirmeph2.cgi
20260523T234332Z,2026-05-23T23:43:32.407434Z,20260523T234332Z_batch01,C1EYD55,2026-05-24T01:00:00Z,15 48 46.2,237.1925,-12 59 45,-12.995833333333332,171.7,22.1,1.26,242.1,Map/Offsets,https://cgi.minorplanetcenter.net/cgi-bin/confirmeph2.cgi
20260523T234332Z,2026-05-23T23:43:32.407434Z,20260523T234332Z_batch01,C1EYD55,2026-05-24T02:00:00Z,15 48 41.6,237.17333333333335,-13 00 21,-13.005833333333333,171.7,22.1,1.26,242.1,Map/Offsets,https://cgi.minorplanetcenter.net/cgi-bin/confirmeph2.cgi
20260523T234332Z,2026-05-23T23:43:32.407434Z,20260523T234332Z_batch01,C1EYD55,2026-05-24T03:00:00Z,15 48 37.1,237.15458333333336,-13 00 56,-13.015555555555556,171.7,22.1,1.26,242.1,Map/Offsets,https://cgi.minorplanetcenter.net/cgi-bin/confirmeph2.cgi
20260523T234332Z,2026-05-23T23:43:32.407434Z,20260523T234332Z_batch01,C1EYD55,2026-05-24T04:00:00Z,15 48 32.5,237.13541666666669,-13 01 31,-13.025277777777779,171.7,22.1,1.26,242.1,Map/Offsets,https://cgi.minorplanetcenter.net/cgi-bin/confirmeph2.cgi
20260523T234332Z,2026-05-23T23:43:32.407434Z,20260523T234332Z_batch01,C1EYD55,2026-05-24T05:00:00Z,15 48 27.9,237.11625,-13 02 06,-13.035,171.6,22.1,1.26,242.1,Map/Offsets,https://cgi.minorplanetcenter.net/cgi-bin/confirmeph2.cgi
20260523T234332Z,2026-05-23T23:43:32.407434Z,20260523T234332Z_batch01,C1EYD55,2026-05-24T06:00:00Z,15 48 23.4,237.09750000000003,-13 02 41,-13.044722222222221,171.6,22.1,1.26,242.1,Map/Offsets,https://cgi.minorplanetcenter.net/cgi-bin/confirmeph2.cgi
20260523T234332Z,2026-05-23T23:43:32.407434Z,20260523T234332Z_batch01,C1EYD55,2026-05-24T07:00:00Z,15 48 18.8,237.07833333333335,-13 03 17,-13.054722222222223,171.6,22.1,1.26,242.1,Map/Offsets,https://cgi.minorplanetcenter.net/cgi-bin/confirmeph2.cgi
20260523T234332Z,2026-05-23T23:43:32.407434Z,20260523T234332Z_batch01,C1EYD55,2026-05-24T08:00:00Z,15 48 14.2,237.05916666666667,-13 03 52,-13.064444444444446,171.6,22.1,1.26,242.1,Map/Offsets,https://cgi.minorplanetcenter.net/cgi-bin/confirmeph2.cgi
20260523T234332Z,2026-05-23T23:43:32.407434Z,20260523T234332Z_batch01,C1EYD55,2026-05-24T09:00:00Z,15 48 09.7,237.04041666666666,-13 04 27,-13.074166666666667,171.5,22.1,1.26,242.1,Map/Offsets,https://cgi.minorplanetcenter.net/cgi-bin/confirmeph2.cgi
20260523T234332Z,2026-05-23T23:43:32.407434Z,20260523T234332Z_batch01,C1EYD55,2026-05-24T10:00:00Z,15 48 05.1,237.02125,-13 05 03,-13.084166666666667,171.5,22.1,1.26,242.1,Map/Offsets,https://cgi.minorplanetcenter.net/cgi-bin/confirmeph2.cgi
20260523T234332Z,2026-05-23T23:43:32.407434Z,20260523T234332Z_batch01,C1EYD55,2026-05-24T11:00:00Z,15 48 00.6,237.00250000000003,-13 05 38,-13.09388888888889,171.5,22.1,1.26,242.1,Map/Offsets,https://cgi.minorplanetcenter.net/cgi-bin/confirmeph2.cgi
20260523T234332Z,2026-05-23T23:43:32.407434Z,20260523T234332Z_batch01,C1EYD55,2026-05-24T12:00:00Z,15 47 56.0,236.98333333333335,-13 06 13,-13.10361111111111,171.5,22.1,1.26,242.1,Map/Offsets,https://cgi.minorplanetcenter.net/cgi-bin/confirmeph2.cgi
20260523T234332Z,2026-05-23T23:43:32.407434Z,20260523T234332Z_batch01,C1EYD55,2026-05-24T13:00:00Z,15 47 51.4,236.96416666666667,-13 06 48,-13.113333333333333,171.4,22.1,1.26,242.1,Map/Offsets,https://cgi.minorplanetcenter.net/cgi-bin/confirmeph2.cgi
20260523T234332Z,2026-05-23T23:43:32.407434Z,20260523T234332Z_batch01,C1EYD55,2026-05-24T14:00:00Z,15 47 46.9,236.94541666666666,-13 07 24,-13.123333333333333,171.4,22.1,1.26,242.1,Map/Offsets,https://cgi.minorplanetcenter.net/cgi-bin/confirmeph2.cgi
20260523T234332Z,2026-05-23T23:43:32.407434Z,20260523T234332Z_batch01,C1EYD55,2026-05-24T15:00:00Z,15 47 42.3,236.92624999999998,-13 07 59,-13.133055555555556,171.4,22.1,1.26,242.1,Map/Offsets,https://cgi.minorplanetcenter.net/cgi-bin/confirmeph2.cgi
20260523T234332Z,2026-05-23T23:43:32.407434Z,20260523T234332Z_batch01,C1EYD55,2026-05-24T16:00:00Z,15 47 37.7,236.90708333333333,-13 08 34,-13.142777777777777,171.4,22.1,1.26,242.1,Map/Offsets,https://cgi.minorplanetcenter.net/cgi-bin/confirmeph2.cgi
20260523T234332Z,2026-05-23T23:43:32.407434Z,20260523T234332Z_batch01,C1EYD55,2026-05-24T17:00:00Z,15 47 33.2,236.88833333333332,-13 09 10,-13.152777777777779,171.3,22.1,1.26,242.1,Map/Offsets,https://cgi.minorplanetcenter.net/cgi-bin/confirmeph2.cgi
20260523T234332Z,2026-05-23T23:43:32.407434Z,20260523T234332Z_batch01,C1EYD55,2026-05-24T18:00:00Z,15 47 28.6,236.86916666666667,-13 09 45,-13.1625,171.3,22.1,1.26,242.1,Map/Offsets,https://cgi.minorplanetcenter.net/cgi-bin/confirmeph2.cgi
20260523T234332Z,2026-05-23T23:43:32.407434Z,20260523T234332Z_batch01,C1EYD55,2026-05-24T19:00:00Z,15 47 24.0,236.85,-13 10 20,-13.172222222222222,171.3,22.1,1.26,242.1,Map/Offsets,https://cgi.minorplanetcenter.net/cgi-bin/confirmeph2.cgi
20260523T234332Z,2026-05-23T23:43:32.407434Z,20260523T234332Z_batch01,C1EYD55,2026-05-24T20:00:00Z,15 47 19.5,236.83125,-13 10 56,-13.182222222222222,171.3,22.1,1.26,242.1,Map/Offsets,https://cgi.minorplanetcenter.net/cgi-bin/confirmeph2.cgi
20260523T234332Z,2026-05-23T23:43:32.407434Z,20260523T234332Z_batch01,C1EYD55,2026-05-24T21:00:00Z,15 47 14.9,236.81208333333333,-13 11 31,-13.191944444444445,171.2,22.1,1.26,242.1,Map/Offsets,https://cgi.minorplanetcenter.net/cgi-bin/confirmeph2.cgi
20260523T234332Z,2026-05-23T23:43:32.407434Z,20260523T234332Z_batch01,C1EYD55,2026-05-24T22:00:00Z,15 47 10.3,236.79291666666666,-13 12 07,-13.201944444444443,171.2,22.1,1.26,242.1,Map/Offsets,https://cgi.minorplanetcenter.net/cgi-bin/confirmeph2.cgi
20260523T234332Z,2026-05-23T23:43:32.407434Z,20260523T234332Z_batch01,C1EXH55,2026-05-23T22:00:00Z,13 58 24.5,209.60208333333333,+05 09 06,5.151666666666667,140.3,22.3,3.24,43.3,Map/Offsets,https://cgi.minorplanetcenter.net/cgi-bin/confirmeph2.cgi
20260523T234332Z,2026-05-23T23:43:32.407434Z,20260523T234332Z_batch01,C1EXH55,2026-05-23T23:00:00Z,13 58 33.4,209.63916666666665,+05 11 27,5.190833333333334,140.3,22.3,3.22,43.3,Map/Offsets,https://cgi.minorplanetcenter.net/cgi-bin/confirmeph2.cgi
20260523T234332Z,2026-05-23T23:43:32.407434Z,20260523T234332Z_batch01,C1EXH55,2026-05-24T00:00:00Z,13 58 42.3,209.67624999999998,+05 13 47,5.229722222222223,140.2,22.3,3.2,43.4,Map/Offsets,https://cgi.minorplanetcenter.net/cgi-bin/confirmeph2.cgi
20260523T234332Z,2026-05-23T23:43:32.407434Z,20260523T234332Z_batch01,C1EXH55,2026-05-24T01:00:00Z,13 58 51.1,209.71291666666667,+05 16 07,5.268611111111111,140.2,22.3,3.18,43.4,Map/Offsets,https://cgi.minorplanetcenter.net/cgi-bin/confirmeph2.cgi
20260523T234332Z,2026-05-23T23:43:32.407434Z,20260523T234332Z_batch01,C1EXH55,2026-05-24T02:00:00Z,13 58 59.8,209.74916666666667,+05 18 25,5.3069444444444445,140.2,22.3,3.17,43.4,Map/Offsets,https://cgi.minorplanetcenter.net/cgi-bin/confirmeph2.cgi
20260523T234332Z,2026-05-23T23:43:32.407434Z,20260523T234332Z_batch01,C1EXH55,2026-05-24T03:00:00Z,13 59 08.6,209.78583333333333,+05 20 42,5.345,140.1,22.3,3.15,43.5,Map/Offsets,https://cgi.minorplanetcenter.net/cgi-bin/confirmeph2.cgi
20260523T234332Z,2026-05-23T23:43:32.407434Z,20260523T234332Z_batch01,C1EXH55,2026-05-24T04:00:00Z,13 59 17.2,209.82166666666666,+05 22 59,5.383055555555555,140.1,22.4,3.13,43.5,Map/Offsets,https://cgi.minorplanetcenter.net/cgi-bin/confirmeph2.cgi
20260523T234332Z,2026-05-23T23:43:32.407434Z,20260523T234332Z_batch01,C1EXH55,2026-05-24T05:00:00Z,13 59 25.9,209.85791666666665,+05 25 15,5.420833333333333,140.1,22.4,3.11,43.5,Map/Offsets,https://cgi.minorplanetcenter.net/cgi-bin/confirmeph2.cgi
20260523T234332Z,2026-05-23T23:43:32.407434Z,20260523T234332Z_batch01,C1EXH55,2026-05-24T06:00:00Z,13 59 34.5,209.89374999999998,+05 27 30,5.458333333333334,140.0,22.4,3.1,43.6,Map/Offsets,https://cgi.minorplanetcenter.net/cgi-bin/confirmeph2.cgi
20260523T234332Z,2026-05-23T23:43:32.407434Z,20260523T234332Z_batch01,C1EXH55,2026-05-24T07:00:00Z,13 59 43.0,209.92916666666665,+05 29 44,5.495555555555556,140.0,22.4,3.08,43.6,Map/Offsets,https://cgi.minorplanetcenter.net/cgi-bin/confirmeph2.cgi
20260523T234332Z,2026-05-23T23:43:32.407434Z,20260523T234332Z_batch01,C1EXH55,2026-05-24T08:00:00Z,13 59 51.5,209.9645833333333,+05 31 57,5.5325,140.0,22.4,3.06,43.6,Map/Offsets,https://cgi.minorplanetcenter.net/cgi-bin/confirmeph2.cgi
20260523T234332Z,2026-05-23T23:43:32.407434Z,20260523T234332Z_batch01,C1EXH55,2026-05-24T09:00:00Z,14 00 00.0,210.0,+05 34 10,5.569444444444445,139.9,22.4,3.04,43.7,Map/Offsets,https://cgi.minorplanetcenter.net/cgi-bin/confirmeph2.cgi
20260523T234332Z,2026-05-23T23:43:32.407434Z,20260523T234332Z_batch01,C1EXH55,2026-05-24T10:00:00Z,14 00 08.4,210.035,+05 36 22,5.606111111111111,139.9,22.4,3.03,43.7,Map/Offsets,https://cgi.minorplanetcenter.net/cgi-bin/confirmeph2.cgi
20260523T234332Z,2026-05-23T23:43:32.407434Z,20260523T234332Z_batch01,C1EXH55,2026-05-24T11:00:00Z,14 00 16.8,210.07,+05 38 33,5.642499999999999,139.9,22.4,3.01,43.8,Map/Offsets,https://cgi.minorplanetcenter.net/cgi-bin/confirmeph2.cgi
20260523T234332Z,2026-05-23T23:43:32.407434Z,20260523T234332Z_batch01,C1EXH55,2026-05-24T12:00:00Z,14 00 25.2,210.105,+05 40 43,5.6786111111111115,139.8,22.4,2.99,43.8,Map/Offsets,https://cgi.minorplanetcenter.net/cgi-bin/confirmeph2.cgi
20260523T234332Z,2026-05-23T23:43:32.407434Z,20260523T234332Z_batch01,C1EXH55,2026-05-24T13:00:00Z,14 00 33.5,210.13958333333332,+05 42 52,5.714444444444444,139.8,22.4,2.98,43.8,Map/Offsets,https://cgi.minorplanetcenter.net/cgi-bin/confirmeph2.cgi
20260523T234332Z,2026-05-23T23:43:32.407434Z,20260523T234332Z_batch01,C1EXH55,2026-05-24T14:00:00Z,14 00 41.8,210.17416666666668,+05 45 00,5.75,139.8,22.4,2.96,43.9,Map/Offsets,https://cgi.minorplanetcenter.net/cgi-bin/confirmeph2.cgi
20260523T234332Z,2026-05-23T23:43:32.407434Z,20260523T234332Z_batch01,C1EXH55,2026-05-24T15:00:00Z,14 00 50.0,210.20833333333334,+05 47 08,5.785555555555556,139.7,22.4,2.95,43.9,Map/Offsets,https://cgi.minorplanetcenter.net/cgi-bin/confirmeph2.cgi
20260523T234332Z,2026-05-23T23:43:32.407434Z,20260523T234332Z_batch01,C1EXH55,2026-05-24T16:00:00Z,14 00 58.2,210.2425,+05 49 15,5.820833333333333,139.7,22.4,2.93,44.0,Map/Offsets,https://cgi.minorplanetcenter.net/cgi-bin/confirmeph2.cgi
20260523T234332Z,2026-05-23T23:43:32.407434Z,20260523T234332Z_batch01,C1EXH55,2026-05-24T17:00:00Z,14 01 06.3,210.27625,+05 51 21,5.855833333333333,139.6,22.4,2.91,44.0,Map/Offsets,https://cgi.minorplanetcenter.net/cgi-bin/confirmeph2.cgi
20260523T234332Z,2026-05-23T23:43:32.407434Z,20260523T234332Z_batch01,C1EXH55,2026-05-24T18:00:00Z,14 01 14.5,210.31041666666667,+05 53 27,5.890833333333333,139.6,22.5,2.9,44.0,Map/Offsets,https://cgi.minorplanetcenter.net/cgi-bin/confirmeph2.cgi
20260523T234332Z,2026-05-23T23:43:32.407434Z,20260523T234332Z_batch01,C1EXH55,2026-05-24T19:00:00Z,14 01 22.5,210.34375,+05 55 31,5.925277777777778,139.6,22.5,2.88,44.1,Map/Offsets,https://cgi.minorplanetcenter.net/cgi-bin/confirmeph2.cgi
20260523T234332Z,2026-05-23T23:43:32.407434Z,20260523T234332Z_batch01,C1EXH55,2026-05-24T20:00:00Z,14 01 30.6,210.3775,+05 57 35,5.959722222222222,139.5,22.5,2.87,44.1,Map/Offsets,https://cgi.minorplanetcenter.net/cgi-bin/confirmeph2.cgi
20260523T234332Z,2026-05-23T23:43:32.407434Z,20260523T234332Z_batch01,C1EXH55,2026-05-24T21:00:00Z,14 01 38.6,210.41083333333336,+05 59 38,5.993888888888889,139.5,22.5,2.85,44.1,Map/Offsets,https://cgi.minorplanetcenter.net/cgi-bin/confirmeph2.cgi
20260523T234332Z,2026-05-23T23:43:32.407434Z,20260523T234332Z_batch01,C1EXH55,2026-05-24T22:00:00Z,14 01 46.6,210.4441666666667,+06 01 41,6.0280555555555555,139.5,22.5,2.84,44.2,Map/Offsets,https://cgi.minorplanetcenter.net/cgi-bin/confirmeph2.cgi
20260523T234332Z,2026-05-23T23:43:32.407434Z,20260523T234332Z_batch01,6EM3521,2026-05-23T22:00:00Z,13 11 11.6,197.79833333333335,-12 32 14,-12.537222222222223,138.5,20.0,4.91,337.3,Map/Offsets,https://cgi.minorplanetcenter.net/cgi-bin/confirmeph2.cgi
20260523T234332Z,2026-05-23T23:43:32.407434Z,20260523T234332Z_batch01,6EM3521,2026-05-23T23:00:00Z,13 11 03.8,197.76583333333335,-12 27 42,-12.461666666666666,138.5,20.0,4.92,337.3,Map/Offsets,https://cgi.minorplanetcenter.net/cgi-bin/confirmeph2.cgi
20260523T234332Z,2026-05-23T23:43:32.407434Z,20260523T234332Z_batch01,6EM3521,2026-05-24T00:00:00Z,13 10 56.0,197.73333333333335,-12 23 09,-12.385833333333332,138.4,20.0,4.93,337.4,Map/Offsets,https://cgi.minorplanetcenter.net/cgi-bin/confirmeph2.cgi
20260523T234332Z,2026-05-23T23:43:32.407434Z,20260523T234332Z_batch01,6EM3521,2026-05-24T01:00:00Z,13 10 48.3,197.70125,-12 18 36,-12.31,138.3,20.0,4.94,337.4,Map/Offsets,https://cgi.minorplanetcenter.net/cgi-bin/confirmeph2.cgi
20260523T234332Z,2026-05-23T23:43:32.407434Z,20260523T234332Z_batch01,6EM3521,2026-05-24T02:00:00Z,13 10 40.5,197.66875,-12 14 02,-12.233888888888888,138.2,20.0,4.95,337.4,Map/Offsets,https://cgi.minorplanetcenter.net/cgi-bin/confirmeph2.cgi
20260523T234332Z,2026-05-23T23:43:32.407434Z,20260523T234332Z_batch01,6EM3521,2026-05-24T03:00:00Z,13 10 32.7,197.63625,-12 09 28,-12.157777777777778,138.1,20.0,4.96,337.4,Map/Offsets,https://cgi.minorplanetcenter.net/cgi-bin/confirmeph2.cgi
20260523T234332Z,2026-05-23T23:43:32.407434Z,20260523T234332Z_batch01,6EM3521,2026-05-24T04:00:00Z,13 10 24.9,197.60375,-12 04 53,-12.081388888888888,138.0,20.0,4.97,337.5,Map/Offsets,https://cgi.minorplanetcenter.net/cgi-bin/confirmeph2.cgi
20260523T234332Z,2026-05-23T23:43:32.407434Z,20260523T234332Z_batch01,6EM3521,2026-05-24T05:00:00Z,13 10 17.2,197.57166666666666,-12 00 17,-12.004722222222222,137.9,20.0,4.98,337.5,Map/Offsets,https://cgi.minorplanetcenter.net/cgi-bin/confirmeph2.cgi
20260523T234332Z,2026-05-23T23:43:32.407434Z,20260523T234332Z_batch01,6EM3521,2026-05-24T06:00:00Z,13 10 09.4,197.53916666666666,-11 55 41,-11.928055555555554,137.8,20.0,4.98,337.5,Map/Offsets,https://cgi.minorplanetcenter.net/cgi-bin/confirmeph2.cgi
20260523T234332Z,2026-05-23T23:43:32.407434Z,20260523T234332Z_batch01,6EM3521,2026-05-24T07:00:00Z,13 10 01.6,197.50666666666666,-11 51 04,-11.851111111111111,137.7,20.0,4.99,337.5,Map/Offsets,https://cgi.minorplanetcenter.net/cgi-bin/confirmeph2.cgi
20260523T234332Z,2026-05-23T23:43:32.407434Z,20260523T234332Z_batch01,6EM3521,2026-05-24T08:00:00Z,13 09 53.8,197.47416666666666,-11 46 27,-11.774166666666668,137.6,20.0,5.0,337.6,Map/Offsets,https://cgi.minorplanetcenter.net/cgi-bin/confirmeph2.cgi
20260523T234332Z,2026-05-23T23:43:32.407434Z,20260523T234332Z_batch01,6EM3521,2026-05-24T09:00:00Z,13 09 46.0,197.44166666666666,-11 41 49,-11.696944444444444,137.5,20.0,5.01,337.6,Map/Offsets,https://cgi.minorplanetcenter.net/cgi-bin/confirmeph2.cgi
20260523T234332Z,2026-05-23T23:43:32.407434Z,20260523T234332Z_batch01,6EM3521,2026-05-24T10:00:00Z,13 09 38.2,197.40916666666666,-11 37 11,-11.619722222222222,137.4,20.0,5.02,337.6,Map/Offsets,https://cgi.minorplanetcenter.net/cgi-bin/confirmeph2.cgi
20260523T234332Z,2026-05-23T23:43:32.407434Z,20260523T234332Z_batch01,6EM3521,2026-05-24T11:00:00Z,13 09 30.4,197.37666666666667,-11 32 32,-11.542222222222222,137.3,20.0,5.03,337.6,Map/Offsets,https://cgi.minorplanetcenter.net/cgi-bin/confirmeph2.cgi
20260523T234332Z,2026-05-23T23:43:32.407434Z,20260523T234332Z_batch01,6EM3521,2026-05-24T12:00:00Z,13 09 22.5,197.34375,-11 27 52,-11.464444444444444,137.2,20.0,5.04,337.7,Map/Offsets,https://cgi.minorplanetcenter.net/cgi-bin/confirmeph2.cgi
20260523T234332Z,2026-05-23T23:43:32.407434Z,20260523T234332Z_batch01,6EM3521,2026-05-24T13:00:00Z,13 09 14.7,197.31125,-11 23 12,-11.386666666666667,137.1,20.0,5.05,337.7,Map/Offsets,https://cgi.minorplanetcenter.net/cgi-bin/confirmeph2.cgi
20260523T234332Z,2026-05-23T23:43:32.407434Z,20260523T234332Z_batch01,6EM3521,2026-05-24T14:00:00Z,13 09 06.9,197.27875,-11 18 32,-11.30888888888889,137.1,20.0,5.06,337.7,Map/Offsets,https://cgi.minorplanetcenter.net/cgi-bin/confirmeph2.cgi
20260523T234332Z,2026-05-23T23:43:32.407434Z,20260523T234332Z_batch01,6EM3521,2026-05-24T15:00:00Z,13 08 59.1,197.24624999999997,-11 13 50,-11.230555555555556,137.0,20.0,5.07,337.7,Map/Offsets,https://cgi.minorplanetcenter.net/cgi-bin/confirmeph2.cgi
20260523T234332Z,2026-05-23T23:43:32.407434Z,20260523T234332Z_batch01,6EM3521,2026-05-24T16:00:00Z,13 08 51.2,197.21333333333334,-11 09 09,-11.1525,136.9,20.0,5.08,337.8,Map/Offsets,https://cgi.minorplanetcenter.net/cgi-bin/confirmeph2.cgi
20260523T234332Z,2026-05-23T23:43:32.407434Z,20260523T234332Z_batch01,6EM3521,2026-05-24T17:00:00Z,13 08 43.4,197.18083333333334,-11 04 26,-11.073888888888888,136.8,20.0,5.09,337.8,Map/Offsets,https://cgi.minorplanetcenter.net/cgi-bin/confirmeph2.cgi
20260523T234332Z,2026-05-23T23:43:32.407434Z,20260523T234332Z_batch01,6EM3521,2026-05-24T18:00:00Z,13 08 35.6,197.14833333333334,-10 59 43,-10.995277777777776,136.7,20.0,5.1,337.8,Map/Offsets,https://cgi.minorplanetcenter.net/cgi-bin/confirmeph2.cgi
20260523T234332Z,2026-05-23T23:43:32.407434Z,20260523T234332Z_batch01,6EM3521,2026-05-24T19:00:00Z,13 08 27.7,197.11541666666668,-10 55 00,-10.916666666666666,136.6,20.0,5.11,337.8,Map/Offsets,https://cgi.minorplanetcenter.net/cgi-bin/confirmeph2.cgi
20260523T234332Z,2026-05-23T23:43:32.407434Z,20260523T234332Z_batch01,6EM3521,2026-05-24T20:00:00Z,13 08 19.9,197.08291666666665,-10 50 15,-10.8375,136.5,20.0,5.12,337.9,Map/Offsets,https://cgi.minorplanetcenter.net/cgi-bin/confirmeph2.cgi
20260523T234332Z,2026-05-23T23:43:32.407434Z,20260523T234332Z_batch01,6EM3521,2026-05-24T21:00:00Z,13 08 12.0,197.05,-10 45 31,-10.758611111111112,136.4,20.0,5.13,337.9,Map/Offsets,https://cgi.minorplanetcenter.net/cgi-bin/confirmeph2.cgi
20260523T234332Z,2026-05-23T23:43:32.407434Z,20260523T234332Z_batch01,6EM3521,2026-05-24T22:00:00Z,13 08 04.2,197.01749999999998,-10 40 45,-10.679166666666665,136.3,20.0,5.14,337.9,Map/Offsets,https://cgi.minorplanetcenter.net/cgi-bin/confirmeph2.cgi
20260523T234332Z,2026-05-23T23:43:32.407434Z,20260523T234332Z_batch01,NAOCBPP,2026-05-23T22:00:00Z,14 51 58.4,222.9933333333333,-19 20 42,-19.345,163.7,22.1,1.69,162.7,Map/Offsets   Map/Offsets,https://cgi.minorplanetcenter.net/cgi-bin/confirmeph2.cgi
20260523T234332Z,2026-05-23T23:43:32.407434Z,20260523T234332Z_batch01,NAOCBPP,2026-05-23T23:00:00Z,14 52 00.6,223.0025,-19 22 19,-19.371944444444445,163.6,22.1,1.69,162.7,Map/Offsets   Map/Offsets,https://cgi.minorplanetcenter.net/cgi-bin/confirmeph2.cgi
20260523T234332Z,2026-05-23T23:43:32.407434Z,20260523T234332Z_batch01,NAOCBPP,2026-05-24T00:00:00Z,14 52 02.7,223.01125000000002,-19 23 56,-19.398888888888887,163.6,22.1,1.69,162.7,Map/Offsets   Map/Offsets,https://cgi.minorplanetcenter.net/cgi-bin/confirmeph2.cgi
20260523T234332Z,2026-05-23T23:43:32.407434Z,20260523T234332Z_batch01,NAOCBPP,2026-05-24T01:00:00Z,14 52 04.8,223.02,-19 25 33,-19.425833333333333,163.6,22.1,1.69,162.6,Map/Offsets   Map/Offsets,https://cgi.minorplanetcenter.net/cgi-bin/confirmeph2.cgi
20260523T234332Z,2026-05-23T23:43:32.407434Z,20260523T234332Z_batch01,NAOCBPP,2026-05-24T02:00:00Z,14 52 07.0,223.02916666666667,-19 27 10,-19.452777777777776,163.5,22.1,1.69,162.6,Map/Offsets   Map/Offsets,https://cgi.minorplanetcenter.net/cgi-bin/confirmeph2.cgi
20260523T234332Z,2026-05-23T23:43:32.407434Z,20260523T234332Z_batch01,NAOCBPP,2026-05-24T03:00:00Z,14 52 09.1,223.03791666666666,-19 28 46,-19.479444444444443,163.5,22.1,1.69,162.6,Map/Offsets   Map/Offsets,https://cgi.minorplanetcenter.net/cgi-bin/confirmeph2.cgi
20260523T234332Z,2026-05-23T23:43:32.407434Z,20260523T234332Z_batch01,NAOCBPP,2026-05-24T04:00:00Z,14 52 11.3,223.04708333333335,-19 30 23,-19.50638888888889,163.5,22.1,1.68,162.6,Map/Offsets   Map/Offsets,https://cgi.minorplanetcenter.net/cgi-bin/confirmeph2.cgi
20260523T234332Z,2026-05-23T23:43:32.407434Z,20260523T234332Z_batch01,NAOCBPP,2026-05-24T05:00:00Z,14 52 13.4,223.05583333333334,-19 31 59,-19.533055555555556,163.5,22.1,1.68,162.5,Map/Offsets   Map/Offsets,https://cgi.minorplanetcenter.net/cgi-bin/confirmeph2.cgi
20260523T234332Z,2026-05-23T23:43:32.407434Z,20260523T234332Z_batch01,NAOCBPP,2026-05-24T06:00:00Z,14 52 15.6,223.065,-19 33 35,-19.559722222222224,163.4,22.1,1.68,162.5,Map/Offsets   Map/Offsets,https://cgi.minorplanetcenter.net/cgi-bin/confirmeph2.cgi
20260523T234332Z,2026-05-23T23:43:32.407434Z,20260523T234332Z_batch01,NAOCBPP,2026-05-24T07:00:00Z,14 52 17.7,223.07375000000002,-19 35 12,-19.586666666666666,163.4,22.2,1.68,162.5,Map/Offsets   Map/Offsets,https://cgi.minorplanetcenter.net/cgi-bin/confirmeph2.cgi
20260523T234332Z,2026-05-23T23:43:32.407434Z,20260523T234332Z_batch01,NAOCBPP,2026-05-24T08:00:00Z,14 52 19.9,223.08291666666668,-19 36 48,-19.613333333333333,163.4,22.2,1.68,162.5,Map/Offsets   Map/Offsets,https://cgi.minorplanetcenter.net/cgi-bin/confirmeph2.cgi
20260523T234332Z,2026-05-23T23:43:32.407434Z,20260523T234332Z_batch01,NAOCBPP,2026-05-24T09:00:00Z,14 52 22.0,223.09166666666667,-19 38 24,-19.64,163.3,22.2,1.68,162.4,Map/Offsets   Map/Offsets,https://cgi.minorplanetcenter.net/cgi-bin/confirmeph2.cgi
20260523T234332Z,2026-05-23T23:43:32.407434Z,20260523T234332Z_batch01,NAOCBPP,2026-05-24T10:00:00Z,14 52 24.2,223.10083333333336,-19 40 00,-19.666666666666668,163.3,22.2,1.68,162.4,Map/Offsets   Map/Offsets,https://cgi.minorplanetcenter.net/cgi-bin/confirmeph2.cgi
20260523T234332Z,2026-05-23T23:43:32.407434Z,20260523T234332Z_batch01,NAOCBPP,2026-05-24T11:00:00Z,14 52 26.3,223.10958333333335,-19 41 36,-19.693333333333335,163.3,22.2,1.68,162.4,Map/Offsets   Map/Offsets,https://cgi.minorplanetcenter.net/cgi-bin/confirmeph2.cgi
20260523T234332Z,2026-05-23T23:43:32.407434Z,20260523T234332Z_batch01,NAOCBPP,2026-05-24T12:00:00Z,14 52 28.5,223.11875,-19 43 11,-19.71972222222222,163.3,22.2,1.67,162.4,Map/Offsets   Map/Offsets,https://cgi.minorplanetcenter.net/cgi-bin/confirmeph2.cgi
20260523T234332Z,2026-05-23T23:43:32.407434Z,20260523T234332Z_batch01,NAOCBPP,2026-05-24T13:00:00Z,14 52 30.6,223.1275,-19 44 47,-19.74638888888889,163.2,22.2,1.67,162.3,Map/Offsets   Map/Offsets,https://cgi.minorplanetcenter.net/cgi-bin/confirmeph2.cgi
20260523T234332Z,2026-05-23T23:43:32.407434Z,20260523T234332Z_batch01,NAOCBPP,2026-05-24T14:00:00Z,14 52 32.8,223.13666666666666,-19 46 23,-19.773055555555555,163.2,22.2,1.67,162.3,Map/Offsets   Map/Offsets,https://cgi.minorplanetcenter.net/cgi-bin/confirmeph2.cgi
20260523T234332Z,2026-05-23T23:43:32.407434Z,20260523T234332Z_batch01,NAOCBPP,2026-05-24T15:00:00Z,14 52 34.9,223.14541666666665,-19 47 58,-19.799444444444447,163.2,22.2,1.67,162.3,Map/Offsets   Map/Offsets,https://cgi.minorplanetcenter.net/cgi-bin/confirmeph2.cgi
20260523T234332Z,2026-05-23T23:43:32.407434Z,20260523T234332Z_batch01,NAOCBPP,2026-05-24T16:00:00Z,14 52 37.1,223.15458333333333,-19 49 33,-19.825833333333332,163.2,22.2,1.67,162.2,Map/Offsets   Map/Offsets,https://cgi.minorplanetcenter.net/cgi-bin/confirmeph2.cgi
20260523T234332Z,2026-05-23T23:43:32.407434Z,20260523T234332Z_batch01,NAOCBPP,2026-05-24T17:00:00Z,14 52 39.3,223.16375,-19 51 09,-19.852500000000003,163.1,22.2,1.67,162.2,Map/Offsets   Map/Offsets,https://cgi.minorplanetcenter.net/cgi-bin/confirmeph2.cgi
20260523T234332Z,2026-05-23T23:43:32.407434Z,20260523T234332Z_batch01,NAOCBPP,2026-05-24T18:00:00Z,14 52 41.4,223.1725,-19 52 44,-19.878888888888888,163.1,22.2,1.67,162.2,Map/Offsets   Map/Offsets,https://cgi.minorplanetcenter.net/cgi-bin/confirmeph2.cgi
20260523T234332Z,2026-05-23T23:43:32.407434Z,20260523T234332Z_batch01,NAOCBPP,2026-05-24T19:00:00Z,14 52 43.6,223.18166666666667,-19 54 19,-19.905277777777776,163.1,22.2,1.66,162.2,Map/Offsets   Map/Offsets,https://cgi.minorplanetcenter.net/cgi-bin/confirmeph2.cgi
20260523T234332Z,2026-05-23T23:43:32.407434Z,20260523T234332Z_batch01,NAOCBPP,2026-05-24T20:00:00Z,14 52 45.8,223.19083333333336,-19 55 54,-19.93166666666667,163.0,22.2,1.66,162.1,Map/Offsets   Map/Offsets,https://cgi.minorplanetcenter.net/cgi-bin/confirmeph2.cgi
20260523T234332Z,2026-05-23T23:43:32.407434Z,20260523T234332Z_batch01,NAOCBPP,2026-05-24T21:00:00Z,14 52 47.9,223.19958333333335,-19 57 29,-19.958055555555553,163.0,22.2,1.66,162.1,Map/Offsets   Map/Offsets,https://cgi.minorplanetcenter.net/cgi-bin/confirmeph2.cgi
20260523T234332Z,2026-05-23T23:43:32.407434Z,20260523T234332Z_batch01,NAOCBPP,2026-05-24T22:00:00Z,14 52 50.1,223.20875,-19 59 04,-19.984444444444446,163.0,22.2,1.66,162.1,Map/Offsets   Map/Offsets,https://cgi.minorplanetcenter.net/cgi-bin/confirmeph2.cgi
20260523T234332Z,2026-05-23T23:43:32.407434Z,20260523T234332Z_batch01,CZYNHKZ,2026-05-23T22:00:00Z,16 22 13.2,245.555,+02 19 04,2.3177777777777777,156.5,21.8,1.02,244.5,Map/Offsets   Map/Offsets,https://cgi.minorplanetcenter.net/cgi-bin/confirmeph2.cgi
20260523T234332Z,2026-05-23T23:43:32.407434Z,20260523T234332Z_batch01,CZYNHKZ,2026-05-23T23:00:00Z,16 22 09.5,245.53958333333333,+02 18 38,2.3105555555555553,156.5,21.8,1.01,244.5,Map/Offsets   Map/Offsets,https://cgi.minorplanetcenter.net/cgi-bin/confirmeph2.cgi
20260523T234332Z,2026-05-23T23:43:32.407434Z,20260523T234332Z_batch01,CZYNHKZ,2026-05-24T00:00:00Z,16 22 05.9,245.5245833333333,+02 18 12,2.3033333333333332,156.5,21.8,1.01,244.4,Map/Offsets   Map/Offsets,https://cgi.minorplanetcenter.net/cgi-bin/confirmeph2.cgi
20260523T234332Z,2026-05-23T23:43:32.407434Z,20260523T234332Z_batch01,CZYNHKZ,2026-05-24T01:00:00Z,16 22 02.2,245.5091666666667,+02 17 45,2.2958333333333334,156.5,21.8,1.01,244.4,Map/Offsets   Map/Offsets,https://cgi.minorplanetcenter.net/cgi-bin/confirmeph2.cgi
20260523T234332Z,2026-05-23T23:43:32.407434Z,20260523T234332Z_batch01,CZYNHKZ,2026-05-24T02:00:00Z,16 21 58.5,245.49375,+02 17 19,2.288611111111111,156.5,21.8,1.01,244.3,Map/Offsets   Map/Offsets,https://cgi.minorplanetcenter.net/cgi-bin/confirmeph2.cgi
20260523T234332Z,2026-05-23T23:43:32.407434Z,20260523T234332Z_batch01,CZYNHKZ,2026-05-24T03:00:00Z,16 21 54.9,245.47875000000005,+02 16 53,2.281388888888889,156.5,21.8,1.01,244.2,Map/Offsets   Map/Offsets,https://cgi.minorplanetcenter.net/cgi-bin/confirmeph2.cgi
20260523T234332Z,2026-05-23T23:43:32.407434Z,20260523T234332Z_batch01,CZYNHKZ,2026-05-24T04:00:00Z,16 21 51.3,245.46375000000003,+02 16 26,2.2738888888888886,156.5,21.8,1.01,244.2,Map/Offsets   Map/Offsets,https://cgi.minorplanetcenter.net/cgi-bin/confirmeph2.cgi
20260523T234332Z,2026-05-23T23:43:32.407434Z,20260523T234332Z_batch01,CZYNHKZ,2026-05-24T05:00:00Z,16 21 47.6,245.44833333333335,+02 16 00,2.2666666666666666,156.6,21.8,1.01,244.1,Map/Offsets   Map/Offsets,https://cgi.minorplanetcenter.net/cgi-bin/confirmeph2.cgi
20260523T234332Z,2026-05-23T23:43:32.407434Z,20260523T234332Z_batch01,CZYNHKZ,2026-05-24T06:00:00Z,16 21 44.0,245.43333333333334,+02 15 33,2.2591666666666668,156.6,21.8,1.01,244.1,Map/Offsets   Map/Offsets,https://cgi.minorplanetcenter.net/cgi-bin/confirmeph2.cgi
20260523T234332Z,2026-05-23T23:43:32.407434Z,20260523T234332Z_batch01,CZYNHKZ,2026-05-24T07:00:00Z,16 21 40.4,245.41833333333335,+02 15 07,2.2519444444444443,156.6,21.8,1.01,244.0,Map/Offsets   Map/Offsets,https://cgi.minorplanetcenter.net/cgi-bin/confirmeph2.cgi
20260523T234332Z,2026-05-23T23:43:32.407434Z,20260523T234332Z_batch01,CZYNHKZ,2026-05-24T08:00:00Z,16 21 36.7,245.40291666666667,+02 14 41,2.2447222222222223,156.6,21.8,1.01,244.0,Map/Offsets   Map/Offsets,https://cgi.minorplanetcenter.net/cgi-bin/confirmeph2.cgi
20260523T234332Z,2026-05-23T23:43:32.407434Z,20260523T234332Z_batch01,CZYNHKZ,2026-05-24T09:00:00Z,16 21 33.1,245.38791666666665,+02 14 14,2.2372222222222224,156.6,21.8,1.01,243.9,Map/Offsets   Map/Offsets,https://cgi.minorplanetcenter.net/cgi-bin/confirmeph2.cgi
20260523T234332Z,2026-05-23T23:43:32.407434Z,20260523T234332Z_batch01,CZYNHKZ,2026-05-24T10:00:00Z,16 21 29.5,245.3729166666667,+02 13 47,2.229722222222222,156.6,21.8,1.01,243.9,Map/Offsets   Map/Offsets,https://cgi.minorplanetcenter.net/cgi-bin/confirmeph2.cgi
20260523T234332Z,2026-05-23T23:43:32.407434Z,20260523T234332Z_batch01,CZYNHKZ,2026-05-24T11:00:00Z,16 21 25.9,245.35791666666668,+02 13 21,2.2225,156.6,21.8,1.0,243.8,Map/Offsets   Map/Offsets,https://cgi.minorplanetcenter.net/cgi-bin/confirmeph2.cgi
20260523T234332Z,2026-05-23T23:43:32.407434Z,20260523T234332Z_batch01,CZYNHKZ,2026-05-24T12:00:00Z,16 21 22.3,245.34291666666667,+02 12 54,2.2150000000000003,156.6,21.8,1.0,243.8,Map/Offsets   Map/Offsets,https://cgi.minorplanetcenter.net/cgi-bin/confirmeph2.cgi
20260523T234332Z,2026-05-23T23:43:32.407434Z,20260523T234332Z_batch01,CZYNHKZ,2026-05-24T13:00:00Z,16 21 18.7,245.3279166666667,+02 12 28,2.207777777777778,156.6,21.8,1.0,243.7,Map/Offsets   Map/Offsets,https://cgi.minorplanetcenter.net/cgi-bin/confirmeph2.cgi
20260523T234332Z,2026-05-23T23:43:32.407434Z,20260523T234332Z_batch01,CZYNHKZ,2026-05-24T14:00:00Z,16 21 15.1,245.3129166666667,+02 12 01,2.200277777777778,156.7,21.8,1.0,243.7,Map/Offsets   Map/Offsets,https://cgi.minorplanetcenter.net/cgi-bin/confirmeph2.cgi
20260523T234332Z,2026-05-23T23:43:32.407434Z,20260523T234332Z_batch01,CZYNHKZ,2026-05-24T15:00:00Z,16 21 11.5,245.29791666666665,+02 11 34,2.1927777777777777,156.7,21.8,1.0,243.6,Map/Offsets   Map/Offsets,https://cgi.minorplanetcenter.net/cgi-bin/confirmeph2.cgi
20260523T234332Z,2026-05-23T23:43:32.407434Z,20260523T234332Z_batch01,CZYNHKZ,2026-05-24T16:00:00Z,16 21 07.9,245.2829166666667,+02 11 08,2.1855555555555553,156.7,21.8,1.0,243.5,Map/Offsets   Map/Offsets,https://cgi.minorplanetcenter.net/cgi-bin/confirmeph2.cgi
20260523T234332Z,2026-05-23T23:43:32.407434Z,20260523T234332Z_batch01,CZYNHKZ,2026-05-24T17:00:00Z,16 21 04.3,245.26791666666668,+02 10 41,2.1780555555555554,156.7,21.8,1.0,243.5,Map/Offsets   Map/Offsets,https://cgi.minorplanetcenter.net/cgi-bin/confirmeph2.cgi
20260523T234332Z,2026-05-23T23:43:32.407434Z,20260523T234332Z_batch01,CZYNHKZ,2026-05-24T18:00:00Z,16 21 00.8,245.2533333333334,+02 10 14,2.1705555555555556,156.7,21.8,1.0,243.4,Map/Offsets   Map/Offsets,https://cgi.minorplanetcenter.net/cgi-bin/confirmeph2.cgi
20260523T234332Z,2026-05-23T23:43:32.407434Z,20260523T234332Z_batch01,CZYNHKZ,2026-05-24T19:00:00Z,16 20 57.2,245.23833333333332,+02 09 47,2.1630555555555553,156.7,21.8,1.0,243.4,Map/Offsets   Map/Offsets,https://cgi.minorplanetcenter.net/cgi-bin/confirmeph2.cgi
20260523T234332Z,2026-05-23T23:43:32.407434Z,20260523T234332Z_batch01,CZYNHKZ,2026-05-24T20:00:00Z,16 20 53.6,245.22333333333333,+02 09 21,2.1558333333333333,156.7,21.8,1.0,243.3,Map/Offsets   Map/Offsets,https://cgi.minorplanetcenter.net/cgi-bin/confirmeph2.cgi
20260523T234332Z,2026-05-23T23:43:32.407434Z,20260523T234332Z_batch01,CZYNHKZ,2026-05-24T21:00:00Z,16 20 50.1,245.20874999999998,+02 08 54,2.1483333333333334,156.7,21.8,1.0,243.3,Map/Offsets   Map/Offsets,https://cgi.minorplanetcenter.net/cgi-bin/confirmeph2.cgi
20260523T234332Z,2026-05-23T23:43:32.407434Z,20260523T234332Z_batch01,CZYNHKZ,2026-05-24T22:00:00Z,16 20 46.5,245.19374999999997,+02 08 27,2.140833333333333,156.7,21.8,0.99,243.2,Map/Offsets   Map/Offsets,https://cgi.minorplanetcenter.net/cgi-bin/confirmeph2.cgi
20260523T234332Z,2026-05-23T23:43:32.407434Z,20260523T234332Z_batch01,C46CD31,2026-05-23T22:00:00Z,01 05 45.2,16.438333333333333,-03 35 34,-3.592777777777778,49.4,25.6,15.92,85.3,Map/Offsets   !,https://cgi.minorplanetcenter.net/cgi-bin/confirmeph2.cgi
20260523T234332Z,2026-05-23T23:43:32.407434Z,20260523T234332Z_batch01,C46CD31,2026-05-23T23:00:00Z,01 06 47.5,16.697916666666668,-03 34 18,-3.5716666666666663,49.2,25.7,15.27,85.3,Map/Offsets   !,https://cgi.minorplanetcenter.net/cgi-bin/confirmeph2.cgi
20260523T234332Z,2026-05-23T23:43:32.407434Z,20260523T234332Z_batch01,C46CD31,2026-05-24T00:00:00Z,01 07 47.3,16.94708333333333,-03 33 04,-3.551111111111111,49.0,25.8,14.67,85.3,Map/Offsets   !,https://cgi.minorplanetcenter.net/cgi-bin/confirmeph2.cgi
20260523T234332Z,2026-05-23T23:43:32.407434Z,20260523T234332Z_batch01,C46CD31,2026-05-24T01:00:00Z,01 08 44.7,17.18625,-03 31 53,-3.531388888888889,48.8,25.8,14.09,85.3,Map/Offsets   !,https://cgi.minorplanetcenter.net/cgi-bin/confirmeph2.cgi
20260523T234332Z,2026-05-23T23:43:32.407434Z,20260523T234332Z_batch01,C46CD31,2026-05-24T02:00:00Z,01 09 39.9,17.416249999999998,-03 30 45,-3.5125,48.7,25.9,13.55,85.3,Map/Offsets   !,https://cgi.minorplanetcenter.net/cgi-bin/confirmeph2.cgi
20260523T234332Z,2026-05-23T23:43:32.407434Z,20260523T234332Z_batch01,C46CD31,2026-05-24T03:00:00Z,01 10 33.0,17.637500000000003,-03 29 39,-3.4941666666666666,48.5,25.9,13.04,85.2,Map/Offsets   !,https://cgi.minorplanetcenter.net/cgi-bin/confirmeph2.cgi
20260523T234332Z,2026-05-23T23:43:32.407434Z,20260523T234332Z_batch01,C46CD31,2026-05-24T04:00:00Z,01 11 24.1,17.850416666666664,-03 28 35,-3.476388888888889,48.4,26.0,12.56,85.2,Map/Offsets   !,https://cgi.minorplanetcenter.net/cgi-bin/confirmeph2.cgi
20260523T234332Z,2026-05-23T23:43:32.407434Z,20260523T234332Z_batch01,C46CD31,2026-05-24T05:00:00Z,01 12 13.3,18.055416666666666,-03 27 33,-3.459166666666667,48.2,26.0,12.1,85.2,Map/Offsets   !,https://cgi.minorplanetcenter.net/cgi-bin/confirmeph2.cgi
20260523T234332Z,2026-05-23T23:43:32.407434Z,20260523T234332Z_batch01,C46CD31,2026-05-24T06:00:00Z,01 13 00.8,18.253333333333334,-03 26 34,-3.442777777777778,48.1,26.1,11.67,85.2,Map/Offsets   !,https://cgi.minorplanetcenter.net/cgi-bin/confirmeph2.cgi
20260523T234332Z,2026-05-23T23:43:32.407434Z,20260523T234332Z_batch01,C46CD31,2026-05-24T07:00:00Z,01 13 46.6,18.444166666666668,-03 25 36,-3.4266666666666663,48.0,26.2,11.26,85.2,Map/Offsets   !,https://cgi.minorplanetcenter.net/cgi-bin/confirmeph2.cgi
20260523T234332Z,2026-05-23T23:43:32.407434Z,20260523T234332Z_batch01,C46CD31,2026-05-24T08:00:00Z,01 14 30.8,18.628333333333337,-03 24 40,-3.411111111111111,47.8,26.2,10.88,85.2,Map/Offsets   !,https://cgi.minorplanetcenter.net/cgi-bin/confirmeph2.cgi
20260523T234332Z,2026-05-23T23:43:32.407434Z,20260523T234332Z_batch01,C46CD31,2026-05-24T09:00:00Z,01 15 13.5,18.80625,-03 23 46,-3.3961111111111113,47.7,26.2,10.51,85.1,Map/Offsets   !,https://cgi.minorplanetcenter.net/cgi-bin/confirmeph2.cgi
20260523T234332Z,2026-05-23T23:43:32.407434Z,20260523T234332Z_batch01,C46CD31,2026-05-24T10:00:00Z,01 15 54.7,18.97791666666667,-03 22 53,-3.381388888888889,47.6,26.3,10.16,85.1,Map/Offsets   !,https://cgi.minorplanetcenter.net/cgi-bin/confirmeph2.cgi
20260523T234332Z,2026-05-23T23:43:32.407434Z,20260523T234332Z_batch01,C46CD31,2026-05-24T11:00:00Z,01 16 34.6,19.144166666666663,-03 22 02,-3.3672222222222223,47.5,26.3,9.82,85.1,Map/Offsets   !,https://cgi.minorplanetcenter.net/cgi-bin/confirmeph2.cgi
20260523T234332Z,2026-05-23T23:43:32.407434Z,20260523T234332Z_batch01,C46CD31,2026-05-24T12:00:00Z,01 17 13.2,19.305,-03 21 12,-3.3533333333333335,47.4,26.4,9.51,85.1,Map/Offsets   !,https://cgi.minorplanetcenter.net/cgi-bin/confirmeph2.cgi
20260523T234332Z,2026-05-23T23:43:32.407434Z,20260523T234332Z_batch01,C46CD31,2026-05-24T13:00:00Z,01 17 50.5,19.460416666666664,-03 20 24,-3.3400000000000003,47.3,26.4,9.21,85.1,Map/Offsets   !,https://cgi.minorplanetcenter.net/cgi-bin/confirmeph2.cgi
20260523T234332Z,2026-05-23T23:43:32.407434Z,20260523T234332Z_batch01,C46CD31,2026-05-24T14:00:00Z,01 18 26.7,19.61125,-03 19 37,-3.326944444444444,47.2,26.5,8.92,85.1,Map/Offsets   !,https://cgi.minorplanetcenter.net/cgi-bin/confirmeph2.cgi
20260523T234332Z,2026-05-23T23:43:32.407434Z,20260523T234332Z_batch01,C46CD31,2026-05-24T15:00:00Z,01 19 01.7,19.757083333333334,-03 18 52,-3.3144444444444443,47.1,26.5,8.64,85.0,Map/Offsets   !,https://cgi.minorplanetcenter.net/cgi-bin/confirmeph2.cgi
20260523T234332Z,2026-05-23T23:43:32.407434Z,20260523T234332Z_batch01,C46CD31,2026-05-24T16:00:00Z,01 19 35.7,19.89875,-03 18 07,-3.301944444444444,47.0,26.6,8.38,85.0,Map/Offsets   !,https://cgi.minorplanetcenter.net/cgi-bin/confirmeph2.cgi
20260523T234332Z,2026-05-23T23:43:32.407434Z,20260523T234332Z_batch01,C46CD31,2026-05-24T17:00:00Z,01 20 08.7,20.03625,-03 17 24,-3.29,46.9,26.6,8.13,85.0,Map/Offsets   !,https://cgi.minorplanetcenter.net/cgi-bin/confirmeph2.cgi
20260523T234332Z,2026-05-23T23:43:32.407434Z,20260523T234332Z_batch01,C46CD31,2026-05-24T18:00:00Z,01 20 40.6,20.169166666666666,-03 16 43,-3.278611111111111,46.8,26.6,7.89,85.0,Map/Offsets   !,https://cgi.minorplanetcenter.net/cgi-bin/confirmeph2.cgi
20260523T234332Z,2026-05-23T23:43:32.407434Z,20260523T234332Z_batch01,C46CD31,2026-05-24T19:00:00Z,01 21 11.7,20.298750000000002,-03 16 02,-3.2672222222222222,46.8,26.7,7.66,85.0,Map/Offsets   !,https://cgi.minorplanetcenter.net/cgi-bin/confirmeph2.cgi
20260523T234332Z,2026-05-23T23:43:32.407434Z,20260523T234332Z_batch01,C46CD31,2026-05-24T20:00:00Z,01 21 41.8,20.424166666666668,-03 15 22,-3.256111111111111,46.7,26.7,7.45,85.0,Map/Offsets   !,https://cgi.minorplanetcenter.net/cgi-bin/confirmeph2.cgi
20260523T234332Z,2026-05-23T23:43:32.407434Z,20260523T234332Z_batch01,C46CD31,2026-05-24T21:00:00Z,01 22 11.1,20.54625,-03 14 43,-3.245277777777778,46.6,26.7,7.24,84.9,Map/Offsets   !,https://cgi.minorplanetcenter.net/cgi-bin/confirmeph2.cgi
20260523T234332Z,2026-05-23T23:43:32.407434Z,20260523T234332Z_batch01,C46CD31,2026-05-24T22:00:00Z,01 22 39.6,20.665,-03 14 05,-3.2347222222222225,46.6,26.8,7.04,84.9,Map/Offsets   !,https://cgi.minorplanetcenter.net/cgi-bin/confirmeph2.cgi
20260523T234332Z,2026-05-23T23:43:32.407434Z,20260523T234332Z_batch01,ST26ED1,2026-05-23T22:00:00Z,01 31 45.0,22.9375,-15 16 38,-15.277222222222223,51.4,26.4,6.83,76.4,Map/Offsets   !,https://cgi.minorplanetcenter.net/cgi-bin/confirmeph2.cgi
20260523T234332Z,2026-05-23T23:43:32.407434Z,20260523T234332Z_batch01,ST26ED1,2026-05-23T23:00:00Z,01 32 12.0,23.05,-15 15 04,-15.251111111111111,51.3,26.4,6.55,76.4,Map/Offsets   !,https://cgi.minorplanetcenter.net/cgi-bin/confirmeph2.cgi
20260523T234332Z,2026-05-23T23:43:32.407434Z,20260523T234332Z_batch01,ST26ED1,2026-05-24T00:00:00Z,01 32 37.9,23.157916666666665,-15 13 33,-15.225833333333334,51.3,26.5,6.3,76.3,Map/Offsets   !,https://cgi.minorplanetcenter.net/cgi-bin/confirmeph2.cgi
20260523T234332Z,2026-05-23T23:43:32.407434Z,20260523T234332Z_batch01,ST26ED1,2026-05-24T01:00:00Z,01 33 02.8,23.261666666666667,-15 12 05,-15.201388888888888,51.2,26.5,6.06,76.3,Map/Offsets   !,https://cgi.minorplanetcenter.net/cgi-bin/confirmeph2.cgi
20260523T234332Z,2026-05-23T23:43:32.407434Z,20260523T234332Z_batch01,ST26ED1,2026-05-24T02:00:00Z,01 33 26.7,23.36125,-15 10 40,-15.177777777777777,51.1,26.6,5.83,76.3,Map/Offsets   !,https://cgi.minorplanetcenter.net/cgi-bin/confirmeph2.cgi
20260523T234332Z,2026-05-23T23:43:32.407434Z,20260523T234332Z_batch01,ST26ED1,2026-05-24T03:00:00Z,01 33 49.7,23.457083333333337,-15 09 19,-15.155277777777778,51.1,26.6,5.62,76.2,Map/Offsets   !,https://cgi.minorplanetcenter.net/cgi-bin/confirmeph2.cgi
20260523T234332Z,2026-05-23T23:43:32.407434Z,20260523T234332Z_batch01,ST26ED1,2026-05-24T04:00:00Z,01 34 11.9,23.54958333333333,-15 08 00,-15.133333333333333,51.1,26.6,5.41,76.2,Map/Offsets   !,https://cgi.minorplanetcenter.net/cgi-bin/confirmeph2.cgi
20260523T234332Z,2026-05-23T23:43:32.407434Z,20260523T234332Z_batch01,ST26ED1,2026-05-24T05:00:00Z,01 34 33.3,23.638749999999998,-15 06 43,-15.111944444444443,51.0,26.7,5.22,76.1,Map/Offsets   !,https://cgi.minorplanetcenter.net/cgi-bin/confirmeph2.cgi
20260523T234332Z,2026-05-23T23:43:32.407434Z,20260523T234332Z_batch01,ST26ED1,2026-05-24T06:00:00Z,01 34 54.0,23.724999999999998,-15 05 29,-15.09138888888889,51.0,26.7,5.04,76.1,Map/Offsets   !,https://cgi.minorplanetcenter.net/cgi-bin/confirmeph2.cgi
20260523T234332Z,2026-05-23T23:43:32.407434Z,20260523T234332Z_batch01,ST26ED1,2026-05-24T07:00:00Z,01 35 13.9,23.807916666666667,-15 04 18,-15.071666666666667,50.9,26.8,4.87,76.1,Map/Offsets   !,https://cgi.minorplanetcenter.net/cgi-bin/confirmeph2.cgi
20260523T234332Z,2026-05-23T23:43:32.407434Z,20260523T234332Z_batch01,ST26ED1,2026-05-24T08:00:00Z,01 35 33.1,23.88791666666667,-15 03 09,-15.0525,50.9,26.8,4.71,76.0,Map/Offsets   !,https://cgi.minorplanetcenter.net/cgi-bin/confirmeph2.cgi
20260523T234332Z,2026-05-23T23:43:32.407434Z,20260523T234332Z_batch01,ST26ED1,2026-05-24T09:00:00Z,01 35 51.7,23.96541666666667,-15 02 02,-15.033888888888889,50.9,26.8,4.55,76.0,Map/Offsets   !,https://cgi.minorplanetcenter.net/cgi-bin/confirmeph2.cgi
20260523T234332Z,2026-05-23T23:43:32.407434Z,20260523T234332Z_batch01,ST26ED1,2026-05-24T10:00:00Z,01 36 09.7,24.04041666666667,-15 00 56,-15.015555555555556,50.8,26.9,4.4,76.0,Map/Offsets   !,https://cgi.minorplanetcenter.net/cgi-bin/confirmeph2.cgi
20260523T234332Z,2026-05-23T23:43:32.407434Z,20260523T234332Z_batch01,ST26ED1,2026-05-24T11:00:00Z,01 36 27.1,24.112916666666667,-14 59 53,-14.998055555555554,50.8,26.9,4.26,75.9,Map/Offsets   !,https://cgi.minorplanetcenter.net/cgi-bin/confirmeph2.cgi
20260523T234332Z,2026-05-23T23:43:32.407434Z,20260523T234332Z_batch01,ST26ED1,2026-05-24T12:00:00Z,01 36 44.0,24.183333333333334,-14 58 52,-14.981111111111112,50.8,27.0,4.13,75.9,Map/Offsets   !,https://cgi.minorplanetcenter.net/cgi-bin/confirmeph2.cgi
20260523T234332Z,2026-05-23T23:43:32.407434Z,20260523T234332Z_batch01,ST26ED1,2026-05-24T13:00:00Z,01 37 00.3,24.251250000000002,-14 57 52,-14.964444444444444,50.8,27.0,4.0,75.8,Map/Offsets   !,https://cgi.minorplanetcenter.net/cgi-bin/confirmeph2.cgi
20260523T234332Z,2026-05-23T23:43:32.407434Z,20260523T234332Z_batch01,ST26ED1,2026-05-24T14:00:00Z,01 37 16.1,24.317083333333333,-14 56 54,-14.948333333333334,50.7,27.0,3.88,75.8,Map/Offsets   !,https://cgi.minorplanetcenter.net/cgi-bin/confirmeph2.cgi
20260523T234332Z,2026-05-23T23:43:32.407434Z,20260523T234332Z_batch01,ST26ED1,2026-05-24T15:00:00Z,01 37 31.4,24.380833333333335,-14 55 58,-14.932777777777778,50.7,27.1,3.76,75.8,Map/Offsets   !,https://cgi.minorplanetcenter.net/cgi-bin/confirmeph2.cgi
20260523T234332Z,2026-05-23T23:43:32.407434Z,20260523T234332Z_batch01,ST26ED1,2026-05-24T16:00:00Z,01 37 46.3,24.44291666666667,-14 55 03,-14.917499999999999,50.7,27.1,3.65,75.7,Map/Offsets   !,https://cgi.minorplanetcenter.net/cgi-bin/confirmeph2.cgi
20260523T234332Z,2026-05-23T23:43:32.407434Z,20260523T234332Z_batch01,ST26ED1,2026-05-24T17:00:00Z,01 38 00.8,24.50333333333333,-14 54 10,-14.902777777777779,50.7,27.1,3.55,75.7,Map/Offsets   !,https://cgi.minorplanetcenter.net/cgi-bin/confirmeph2.cgi
20260523T234332Z,2026-05-23T23:43:32.407434Z,20260523T234332Z_batch01,ST26ED1,2026-05-24T18:00:00Z,01 38 14.8,24.561666666666667,-14 53 18,-14.888333333333334,50.7,27.2,3.45,75.7,Map/Offsets   !,https://cgi.minorplanetcenter.net/cgi-bin/confirmeph2.cgi
20260523T234332Z,2026-05-23T23:43:32.407434Z,20260523T234332Z_batch01,ST26ED1,2026-05-24T19:00:00Z,01 38 28.4,24.618333333333332,-14 52 27,-14.874166666666667,50.6,27.2,3.35,75.6,Map/Offsets   !,https://cgi.minorplanetcenter.net/cgi-bin/confirmeph2.cgi
20260523T234332Z,2026-05-23T23:43:32.407434Z,20260523T234332Z_batch01,ST26ED1,2026-05-24T20:00:00Z,01 38 41.7,24.67375,-14 51 38,-14.860555555555555,50.6,27.2,3.26,75.6,Map/Offsets   !,https://cgi.minorplanetcenter.net/cgi-bin/confirmeph2.cgi
20260523T234332Z,2026-05-23T23:43:32.407434Z,20260523T234332Z_batch01,ST26ED1,2026-05-24T21:00:00Z,01 38 54.5,24.727083333333333,-14 50 50,-14.847222222222223,50.6,27.2,3.17,75.5,Map/Offsets   !,https://cgi.minorplanetcenter.net/cgi-bin/confirmeph2.cgi
20260523T234332Z,2026-05-23T23:43:32.407434Z,20260523T234332Z_batch01,ST26ED1,2026-05-24T22:00:00Z,01 39 07.1,24.77958333333333,-14 50 03,-14.834166666666667,50.6,27.3,3.08,75.5,Map/Offsets   !,https://cgi.minorplanetcenter.net/cgi-bin/confirmeph2.cgi
20260523T234332Z,2026-05-23T23:43:32.407434Z,20260523T234332Z_batch01,TF26EE0,2026-05-23T22:00:00Z,16 22 39.6,245.665,+08 49 01,8.816944444444443,150.1,23.9,0.54,270.3,Map/Offsets,https://cgi.minorplanetcenter.net/cgi-bin/confirmeph2.cgi
20260523T234332Z,2026-05-23T23:43:32.407434Z,20260523T234332Z_batch01,TF26EE0,2026-05-23T23:00:00Z,16 22 37.4,245.65583333333336,+08 49 01,8.816944444444443,150.1,23.9,0.53,270.1,Map/Offsets,https://cgi.minorplanetcenter.net/cgi-bin/confirmeph2.cgi
20260523T234332Z,2026-05-23T23:43:32.407434Z,20260523T234332Z_batch01,TF26EE0,2026-05-24T00:00:00Z,16 22 35.3,245.64708333333334,+08 49 01,8.816944444444443,150.1,23.9,0.52,269.8,Map/Offsets,https://cgi.minorplanetcenter.net/cgi-bin/confirmeph2.cgi
20260523T234332Z,2026-05-23T23:43:32.407434Z,20260523T234332Z_batch01,TF26EE0,2026-05-24T01:00:00Z,16 22 33.2,245.63833333333332,+08 49 00,8.816666666666666,150.1,24.0,0.51,269.6,Map/Offsets,https://cgi.minorplanetcenter.net/cgi-bin/confirmeph2.cgi
20260523T234332Z,2026-05-23T23:43:32.407434Z,20260523T234332Z_batch01,TF26EE0,2026-05-24T02:00:00Z,16 22 31.2,245.63,+08 49 00,8.816666666666666,150.1,24.0,0.5,269.4,Map/Offsets,https://cgi.minorplanetcenter.net/cgi-bin/confirmeph2.cgi
20260523T234332Z,2026-05-23T23:43:32.407434Z,20260523T234332Z_batch01,TF26EE0,2026-05-24T03:00:00Z,16 22 29.2,245.6216666666667,+08 49 00,8.816666666666666,150.1,24.0,0.49,269.1,Map/Offsets,https://cgi.minorplanetcenter.net/cgi-bin/confirmeph2.cgi
20260523T234332Z,2026-05-23T23:43:32.407434Z,20260523T234332Z_batch01,TF26EE0,2026-05-24T04:00:00Z,16 22 27.2,245.61333333333334,+08 48 59,8.81638888888889,150.1,24.0,0.48,268.9,Map/Offsets,https://cgi.minorplanetcenter.net/cgi-bin/confirmeph2.cgi
20260523T234332Z,2026-05-23T23:43:32.407434Z,20260523T234332Z_batch01,TF26EE0,2026-05-24T05:00:00Z,16 22 25.3,245.60541666666668,+08 48 59,8.81638888888889,150.1,24.0,0.47,268.7,Map/Offsets,https://cgi.minorplanetcenter.net/cgi-bin/confirmeph2.cgi
20260523T234332Z,2026-05-23T23:43:32.407434Z,20260523T234332Z_batch01,TF26EE0,2026-05-24T06:00:00Z,16 22 23.4,245.5975,+08 48 58,8.816111111111113,150.1,24.1,0.46,268.4,Map/Offsets,https://cgi.minorplanetcenter.net/cgi-bin/confirmeph2.cgi
20260523T234332Z,2026-05-23T23:43:32.407434Z,20260523T234332Z_batch01,TF26EE0,2026-05-24T07:00:00Z,16 22 21.6,245.59,+08 48 57,8.815833333333334,150.1,24.1,0.45,268.2,Map/Offsets,https://cgi.minorplanetcenter.net/cgi-bin/confirmeph2.cgi
20260523T234332Z,2026-05-23T23:43:32.407434Z,20260523T234332Z_batch01,TF26EE0,2026-05-24T08:00:00Z,16 22 19.8,245.58250000000004,+08 48 56,8.815555555555557,150.1,24.1,0.44,267.9,Map/Offsets,https://cgi.minorplanetcenter.net/cgi-bin/confirmeph2.cgi
20260523T234332Z,2026-05-23T23:43:32.407434Z,20260523T234332Z_batch01,TF26EE0,2026-05-24T09:00:00Z,16 22 18.0,245.575,+08 48 55,8.815277777777778,150.1,24.1,0.43,267.6,Map/Offsets,https://cgi.minorplanetcenter.net/cgi-bin/confirmeph2.cgi
20260523T234332Z,2026-05-23T23:43:32.407434Z,20260523T234332Z_batch01,TF26EE0,2026-05-24T10:00:00Z,16 22 16.3,245.56791666666666,+08 48 54,8.815000000000001,150.1,24.2,0.42,267.4,Map/Offsets,https://cgi.minorplanetcenter.net/cgi-bin/confirmeph2.cgi
20260523T234332Z,2026-05-23T23:43:32.407434Z,20260523T234332Z_batch01,TF26EE0,2026-05-24T11:00:00Z,16 22 14.6,245.56083333333336,+08 48 53,8.814722222222223,150.1,24.2,0.42,267.1,Map/Offsets,https://cgi.minorplanetcenter.net/cgi-bin/confirmeph2.cgi
20260523T234332Z,2026-05-23T23:43:32.407434Z,20260523T234332Z_batch01,TF26EE0,2026-05-24T12:00:00Z,16 22 12.9,245.55375000000004,+08 48 52,8.814444444444446,150.1,24.2,0.41,266.8,Map/Offsets,https://cgi.minorplanetcenter.net/cgi-bin/confirmeph2.cgi
20260523T234332Z,2026-05-23T23:43:32.407434Z,20260523T234332Z_batch01,TF26EE0,2026-05-24T13:00:00Z,16 22 11.3,245.54708333333332,+08 48 50,8.81388888888889,150.1,24.2,0.4,266.6,Map/Offsets,https://cgi.minorplanetcenter.net/cgi-bin/confirmeph2.cgi
20260523T234332Z,2026-05-23T23:43:32.407434Z,20260523T234332Z_batch01,TF26EE0,2026-05-24T14:00:00Z,16 22 09.7,245.54041666666666,+08 48 49,8.813611111111111,150.1,24.2,0.39,266.3,Map/Offsets,https://cgi.minorplanetcenter.net/cgi-bin/confirmeph2.cgi
20260523T234332Z,2026-05-23T23:43:32.407434Z,20260523T234332Z_batch01,TF26EE0,2026-05-24T15:00:00Z,16 22 08.1,245.53375,+08 48 47,8.813055555555556,150.1,24.3,0.39,266.0,Map/Offsets,https://cgi.minorplanetcenter.net/cgi-bin/confirmeph2.cgi
20260523T234332Z,2026-05-23T23:43:32.407434Z,20260523T234332Z_batch01,TF26EE0,2026-05-24T16:00:00Z,16 22 06.6,245.5275,+08 48 46,8.812777777777779,150.1,24.3,0.38,265.7,Map/Offsets,https://cgi.minorplanetcenter.net/cgi-bin/confirmeph2.cgi
20260523T234332Z,2026-05-23T23:43:32.407434Z,20260523T234332Z_batch01,TF26EE0,2026-05-24T17:00:00Z,16 22 05.0,245.52083333333337,+08 48 44,8.812222222222223,150.1,24.3,0.37,265.4,Map/Offsets,https://cgi.minorplanetcenter.net/cgi-bin/confirmeph2.cgi
20260523T234332Z,2026-05-23T23:43:32.407434Z,20260523T234332Z_batch01,TF26EE0,2026-05-24T18:00:00Z,16 22 03.5,245.51458333333335,+08 48 42,8.811666666666667,150.1,24.3,0.37,265.1,Map/Offsets,https://cgi.minorplanetcenter.net/cgi-bin/confirmeph2.cgi
20260523T234332Z,2026-05-23T23:43:32.407434Z,20260523T234332Z_batch01,TF26EE0,2026-05-24T19:00:00Z,16 22 02.1,245.50875000000002,+08 48 40,8.811111111111112,150.1,24.3,0.36,264.8,Map/Offsets,https://cgi.minorplanetcenter.net/cgi-bin/confirmeph2.cgi
20260523T234332Z,2026-05-23T23:43:32.407434Z,20260523T234332Z_batch01,TF26EE0,2026-05-24T20:00:00Z,16 22 00.6,245.5025,+08 48 38,8.810555555555556,150.1,24.4,0.36,264.5,Map/Offsets,https://cgi.minorplanetcenter.net/cgi-bin/confirmeph2.cgi
20260523T234332Z,2026-05-23T23:43:32.407434Z,20260523T234332Z_batch01,TF26EE0,2026-05-24T21:00:00Z,16 21 59.2,245.4966666666667,+08 48 36,8.81,150.1,24.4,0.35,264.2,Map/Offsets,https://cgi.minorplanetcenter.net/cgi-bin/confirmeph2.cgi
20260523T234332Z,2026-05-23T23:43:32.407434Z,20260523T234332Z_batch01,TF26EE0,2026-05-24T22:00:00Z,16 21 57.8,245.49083333333337,+08 48 34,8.809444444444445,150.1,24.4,0.34,263.8,Map/Offsets,https://cgi.minorplanetcenter.net/cgi-bin/confirmeph2.cgi
20260523T234332Z,2026-05-23T23:43:32.407434Z,20260523T234332Z_batch01,ST26EC8,2026-05-23T22:00:00Z,20 43 03.0,310.7625,-29 36 26,-29.607222222222223,116.5,21.8,25.63,99.7,Map/Offsets   !,https://cgi.minorplanetcenter.net/cgi-bin/confirmeph2.cgi
20260523T234332Z,2026-05-23T23:43:32.407434Z,20260523T234332Z_batch01,ST26EC8,2026-05-23T23:00:00Z,20 44 58.1,311.24208333333337,-29 40 38,-29.677222222222223,116.2,21.8,25.07,99.4,Map/Offsets   !,https://cgi.minorplanetcenter.net/cgi-bin/confirmeph2.cgi
20260523T234332Z,2026-05-23T23:43:32.407434Z,20260523T234332Z_batch01,ST26EC8,2026-05-24T00:00:00Z,20 46 50.7,311.71124999999995,-29 44 39,-29.74416666666667,115.8,21.9,24.52,99.2,Map/Offsets   !,https://cgi.minorplanetcenter.net/cgi-bin/confirmeph2.cgi
20260523T234332Z,2026-05-23T23:43:32.407434Z,20260523T234332Z_batch01,ST26EC8,2026-05-24T01:00:00Z,20 48 41.1,312.17125,-29 48 29,-29.808055555555555,115.5,21.9,23.99,99.0,Map/Offsets   !,https://cgi.minorplanetcenter.net/cgi-bin/confirmeph2.cgi
20260523T234332Z,2026-05-23T23:43:32.407434Z,20260523T234332Z_batch01,ST26EC8,2026-05-24T02:00:00Z,20 50 29.2,312.62166666666667,-29 52 08,-29.86888888888889,115.2,21.9,23.47,98.8,Map/Offsets   !,https://cgi.minorplanetcenter.net/cgi-bin/confirmeph2.cgi
20260523T234332Z,2026-05-23T23:43:32.407434Z,20260523T234332Z_batch01,ST26EC8,2026-05-24T03:00:00Z,20 52 15.1,313.06291666666664,-29 55 37,-29.926944444444445,114.8,22.0,22.96,98.5,Map/Offsets   !,https://cgi.minorplanetcenter.net/cgi-bin/confirmeph2.cgi
20260523T234332Z,2026-05-23T23:43:32.407434Z,20260523T234332Z_batch01,ST26EC8,2026-05-24T04:00:00Z,20 53 58.8,313.49499999999995,-29 58 57,-29.982499999999998,114.5,22.0,22.47,98.3,Map/Offsets   !,https://cgi.minorplanetcenter.net/cgi-bin/confirmeph2.cgi
20260523T234332Z,2026-05-23T23:43:32.407434Z,20260523T234332Z_batch01,ST26EC8,2026-05-24T05:00:00Z,20 55 40.5,313.91875000000005,-30 02 08,-30.035555555555558,114.2,22.0,22.0,98.1,Map/Offsets   !,https://cgi.minorplanetcenter.net/cgi-bin/confirmeph2.cgi
20260523T234332Z,2026-05-23T23:43:32.407434Z,20260523T234332Z_batch01,ST26EC8,2026-05-24T06:00:00Z,20 57 20.1,314.33375,-30 05 09,-30.085833333333333,113.9,22.1,21.53,97.9,Map/Offsets   !,https://cgi.minorplanetcenter.net/cgi-bin/confirmeph2.cgi
20260523T234332Z,2026-05-23T23:43:32.407434Z,20260523T234332Z_batch01,ST26EC8,2026-05-24T07:00:00Z,20 58 57.7,314.74041666666665,-30 08 03,-30.134166666666665,113.6,22.1,21.08,97.7,Map/Offsets   !,https://cgi.minorplanetcenter.net/cgi-bin/confirmeph2.cgi
20260523T234332Z,2026-05-23T23:43:32.407434Z,20260523T234332Z_batch01,ST26EC8,2026-05-24T08:00:00Z,21 00 33.4,315.1391666666667,-30 10 48,-30.18,113.3,22.1,20.65,97.5,Map/Offsets   !,https://cgi.minorplanetcenter.net/cgi-bin/confirmeph2.cgi
20260523T234332Z,2026-05-23T23:43:32.407434Z,20260523T234332Z_batch01,ST26EC8,2026-05-24T09:00:00Z,21 02 07.1,315.52958333333333,-30 13 26,-30.223888888888887,113.0,22.2,20.22,97.3,Map/Offsets   !,https://cgi.minorplanetcenter.net/cgi-bin/confirmeph2.cgi
20260523T234332Z,2026-05-23T23:43:32.407434Z,20260523T234332Z_batch01,ST26EC8,2026-05-24T10:00:00Z,21 03 39.1,315.91291666666666,-30 15 57,-30.265833333333333,112.7,22.2,19.81,97.1,Map/Offsets   !,https://cgi.minorplanetcenter.net/cgi-bin/confirmeph2.cgi
20260523T234332Z,2026-05-23T23:43:32.407434Z,20260523T234332Z_batch01,ST26EC8,2026-05-24T11:00:00Z,21 05 09.2,316.2883333333333,-30 18 21,-30.305833333333332,112.5,22.2,19.4,96.9,Map/Offsets   !,https://cgi.minorplanetcenter.net/cgi-bin/confirmeph2.cgi
20260523T234332Z,2026-05-23T23:43:32.407434Z,20260523T234332Z_batch01,ST26EC8,2026-05-24T12:00:00Z,21 06 37.6,316.6566666666667,-30 20 38,-30.343888888888888,112.2,22.3,19.01,96.7,Map/Offsets   !,https://cgi.minorplanetcenter.net/cgi-bin/confirmeph2.cgi
20260523T234332Z,2026-05-23T23:43:32.407434Z,20260523T234332Z_batch01,ST26EC8,2026-05-24T13:00:00Z,21 08 04.2,317.0175,-30 22 48,-30.38,111.9,22.3,18.63,96.6,Map/Offsets   !,https://cgi.minorplanetcenter.net/cgi-bin/confirmeph2.cgi
20260523T234332Z,2026-05-23T23:43:32.407434Z,20260523T234332Z_batch01,ST26EC8,2026-05-24T14:00:00Z,21 09 29.2,317.37166666666667,-30 24 53,-30.41472222222222,111.7,22.3,18.26,96.4,Map/Offsets   !,https://cgi.minorplanetcenter.net/cgi-bin/confirmeph2.cgi
20260523T234332Z,2026-05-23T23:43:32.407434Z,20260523T234332Z_batch01,ST26EC8,2026-05-24T15:00:00Z,21 10 52.6,317.7191666666667,-30 26 52,-30.447777777777777,111.4,22.3,17.9,96.2,Map/Offsets   !,https://cgi.minorplanetcenter.net/cgi-bin/confirmeph2.cgi
20260523T234332Z,2026-05-23T23:43:32.407434Z,20260523T234332Z_batch01,ST26EC8,2026-05-24T16:00:00Z,21 12 14.4,318.06,-30 28 45,-30.479166666666664,111.2,22.4,17.55,96.0,Map/Offsets   !,https://cgi.minorplanetcenter.net/cgi-bin/confirmeph2.cgi
20260523T234332Z,2026-05-23T23:43:32.407434Z,20260523T234332Z_batch01,ST26EC8,2026-05-24T17:00:00Z,21 13 34.6,318.39416666666665,-30 30 33,-30.509166666666665,111.0,22.4,17.2,95.9,Map/Offsets   !,https://cgi.minorplanetcenter.net/cgi-bin/confirmeph2.cgi
20260523T234332Z,2026-05-23T23:43:32.407434Z,20260523T234332Z_batch01,ST26EC8,2026-05-24T18:00:00Z,21 14 53.3,318.72208333333333,-30 32 16,-30.53777777777778,110.7,22.4,16.87,95.7,Map/Offsets   !,https://cgi.minorplanetcenter.net/cgi-bin/confirmeph2.cgi
20260523T234332Z,2026-05-23T23:43:32.407434Z,20260523T234332Z_batch01,ST26EC8,2026-05-24T19:00:00Z,21 16 10.5,319.04375,-30 33 54,-30.565,110.5,22.5,16.55,95.5,Map/Offsets   !,https://cgi.minorplanetcenter.net/cgi-bin/confirmeph2.cgi
20260523T234332Z,2026-05-23T23:43:32.407434Z,20260523T234332Z_batch01,ST26EC8,2026-05-24T20:00:00Z,21 17 26.3,319.3595833333333,-30 35 28,-30.59111111111111,110.3,22.5,16.23,95.4,Map/Offsets   !,https://cgi.minorplanetcenter.net/cgi-bin/confirmeph2.cgi
20260523T234332Z,2026-05-23T23:43:32.407434Z,20260523T234332Z_batch01,ST26EC8,2026-05-24T21:00:00Z,21 18 40.7,319.6695833333333,-30 36 57,-30.615833333333335,110.1,22.5,15.92,95.2,Map/Offsets   !,https://cgi.minorplanetcenter.net/cgi-bin/confirmeph2.cgi
20260523T234332Z,2026-05-23T23:43:32.407434Z,20260523T234332Z_batch01,ST26EC8,2026-05-24T22:00:00Z,21 19 53.7,319.97375,-30 38 21,-30.639166666666664,109.9,22.5,15.62,95.1,Map/Offsets   !,https://cgi.minorplanetcenter.net/cgi-bin/confirmeph2.cgi
20260523T234332Z,2026-05-23T23:43:32.407434Z,20260523T234332Z_batch01,ST26EC7,2026-05-23T22:00:00Z,02 25 35.0,36.395833333333336,-08 24 21,-8.405833333333334,37.4,29.3,1.46,91.5,Map/Offsets   !,https://cgi.minorplanetcenter.net/cgi-bin/confirmeph2.cgi
20260523T234332Z,2026-05-23T23:43:32.407434Z,20260523T234332Z_batch01,ST26EC7,2026-05-23T23:00:00Z,02 25 40.8,36.42,-08 24 23,-8.40638888888889,37.4,29.3,1.42,91.4,Map/Offsets   !,https://cgi.minorplanetcenter.net/cgi-bin/confirmeph2.cgi
20260523T234332Z,2026-05-23T23:43:32.407434Z,20260523T234332Z_batch01,ST26EC7,2026-05-24T00:00:00Z,02 25 46.5,36.443749999999994,-08 24 25,-8.406944444444445,37.4,29.3,1.39,91.3,Map/Offsets   !,https://cgi.minorplanetcenter.net/cgi-bin/confirmeph2.cgi
20260523T234332Z,2026-05-23T23:43:32.407434Z,20260523T234332Z_batch01,ST26EC7,2026-05-24T01:00:00Z,02 25 52.1,36.467083333333335,-08 24 27,-8.4075,37.4,29.4,1.35,91.2,Map/Offsets   !,https://cgi.minorplanetcenter.net/cgi-bin/confirmeph2.cgi
20260523T234332Z,2026-05-23T23:43:32.407434Z,20260523T234332Z_batch01,ST26EC7,2026-05-24T02:00:00Z,02 25 57.5,36.48958333333333,-08 24 28,-8.407777777777778,37.5,29.4,1.32,91.1,Map/Offsets   !,https://cgi.minorplanetcenter.net/cgi-bin/confirmeph2.cgi
20260523T234332Z,2026-05-23T23:43:32.407434Z,20260523T234332Z_batch01,ST26EC7,2026-05-24T03:00:00Z,02 26 02.7,36.511250000000004,-08 24 30,-8.408333333333333,37.5,29.4,1.29,91.0,Map/Offsets   !,https://cgi.minorplanetcenter.net/cgi-bin/confirmeph2.cgi
20260523T234332Z,2026-05-23T23:43:32.407434Z,20260523T234332Z_batch01,ST26EC7,2026-05-24T04:00:00Z,02 26 07.9,36.53291666666667,-08 24 31,-8.408611111111112,37.5,29.4,1.26,90.9,Map/Offsets   !,https://cgi.minorplanetcenter.net/cgi-bin/confirmeph2.cgi
20260523T234332Z,2026-05-23T23:43:32.407434Z,20260523T234332Z_batch01,ST26EC7,2026-05-24T05:00:00Z,02 26 12.9,36.55375,-08 24 32,-8.408888888888889,37.5,29.5,1.23,90.8,Map/Offsets   !,https://cgi.minorplanetcenter.net/cgi-bin/confirmeph2.cgi
20260523T234332Z,2026-05-23T23:43:32.407434Z,20260523T234332Z_batch01,ST26EC7,2026-05-24T06:00:00Z,02 26 17.8,36.57416666666667,-08 24 33,-8.409166666666668,37.5,29.5,1.2,90.8,Map/Offsets   !,https://cgi.minorplanetcenter.net/cgi-bin/confirmeph2.cgi
20260523T234332Z,2026-05-23T23:43:32.407434Z,20260523T234332Z_batch01,ST26EC7,2026-05-24T07:00:00Z,02 26 22.6,36.594166666666666,-08 24 34,-8.409444444444444,37.6,29.5,1.17,90.7,Map/Offsets   !,https://cgi.minorplanetcenter.net/cgi-bin/confirmeph2.cgi
20260523T234332Z,2026-05-23T23:43:32.407434Z,20260523T234332Z_batch01,ST26EC7,2026-05-24T08:00:00Z,02 26 27.3,36.61375,-08 24 35,-8.409722222222223,37.6,29.5,1.15,90.5,Map/Offsets   !,https://cgi.minorplanetcenter.net/cgi-bin/confirmeph2.cgi
20260523T234332Z,2026-05-23T23:43:32.407434Z,20260523T234332Z_batch01,ST26EC7,2026-05-24T09:00:00Z,02 26 31.9,36.63291666666667,-08 24 35,-8.409722222222223,37.6,29.5,1.12,90.4,Map/Offsets   !,https://cgi.minorplanetcenter.net/cgi-bin/confirmeph2.cgi
20260523T234332Z,2026-05-23T23:43:32.407434Z,20260523T234332Z_batch01,ST26EC7,2026-05-24T10:00:00Z,02 26 36.4,36.65166666666667,-08 24 36,-8.41,37.6,29.6,1.1,90.3,Map/Offsets   !,https://cgi.minorplanetcenter.net/cgi-bin/confirmeph2.cgi
20260523T234332Z,2026-05-23T23:43:32.407434Z,20260523T234332Z_batch01,ST26EC7,2026-05-24T11:00:00Z,02 26 40.7,36.669583333333335,-08 24 36,-8.41,37.6,29.6,1.07,90.2,Map/Offsets   !,https://cgi.minorplanetcenter.net/cgi-bin/confirmeph2.cgi
20260523T234332Z,2026-05-23T23:43:32.407434Z,20260523T234332Z_batch01,ST26EC7,2026-05-24T12:00:00Z,02 26 45.0,36.68750000000001,-08 24 36,-8.41,37.7,29.6,1.05,90.1,Map/Offsets   !,https://cgi.minorplanetcenter.net/cgi-bin/confirmeph2.cgi
20260523T234332Z,2026-05-23T23:43:32.407434Z,20260523T234332Z_batch01,ST26EC7,2026-05-24T13:00:00Z,02 26 49.2,36.705,-08 24 36,-8.41,37.7,29.6,1.03,90.0,Map/Offsets   !,https://cgi.minorplanetcenter.net/cgi-bin/confirmeph2.cgi
20260523T234332Z,2026-05-23T23:43:32.407434Z,20260523T234332Z_batch01,ST26EC7,2026-05-24T14:00:00Z,02 26 53.4,36.722500000000004,-08 24 36,-8.41,37.7,29.6,1.01,89.9,Map/Offsets   !,https://cgi.minorplanetcenter.net/cgi-bin/confirmeph2.cgi
20260523T234332Z,2026-05-23T23:43:32.407434Z,20260523T234332Z_batch01,ST26EC7,2026-05-24T15:00:00Z,02 26 57.4,36.73916666666667,-08 24 36,-8.41,37.7,29.7,0.99,89.8,Map/Offsets   !,https://cgi.minorplanetcenter.net/cgi-bin/confirmeph2.cgi
20260523T234332Z,2026-05-23T23:43:32.407434Z,20260523T234332Z_batch01,ST26EC7,2026-05-24T16:00:00Z,02 27 01.3,36.75541666666667,-08 24 36,-8.41,37.7,29.7,0.97,89.7,Map/Offsets   !,https://cgi.minorplanetcenter.net/cgi-bin/confirmeph2.cgi
20260523T234332Z,2026-05-23T23:43:32.407434Z,20260523T234332Z_batch01,ST26EC7,2026-05-24T17:00:00Z,02 27 05.2,36.77166666666667,-08 24 35,-8.409722222222223,37.8,29.7,0.95,89.5,Map/Offsets   !,https://cgi.minorplanetcenter.net/cgi-bin/confirmeph2.cgi
20260523T234332Z,2026-05-23T23:43:32.407434Z,20260523T234332Z_batch01,ST26EC7,2026-05-24T18:00:00Z,02 27 09.0,36.7875,-08 24 35,-8.409722222222223,37.8,29.7,0.93,89.4,Map/Offsets   !,https://cgi.minorplanetcenter.net/cgi-bin/confirmeph2.cgi
20260523T234332Z,2026-05-23T23:43:32.407434Z,20260523T234332Z_batch01,ST26EC7,2026-05-24T19:00:00Z,02 27 12.7,36.80291666666667,-08 24 34,-8.409444444444444,37.8,29.7,0.91,89.3,Map/Offsets   !,https://cgi.minorplanetcenter.net/cgi-bin/confirmeph2.cgi
20260523T234332Z,2026-05-23T23:43:32.407434Z,20260523T234332Z_batch01,ST26EC7,2026-05-24T20:00:00Z,02 27 16.4,36.818333333333335,-08 24 34,-8.409444444444444,37.8,29.7,0.89,89.2,Map/Offsets   !,https://cgi.minorplanetcenter.net/cgi-bin/confirmeph2.cgi
20260523T234332Z,2026-05-23T23:43:32.407434Z,20260523T234332Z_batch01,ST26EC7,2026-05-24T21:00:00Z,02 27 19.9,36.83291666666667,-08 24 33,-8.409166666666668,37.9,29.8,0.88,89.0,Map/Offsets   !,https://cgi.minorplanetcenter.net/cgi-bin/confirmeph2.cgi
20260523T234332Z,2026-05-23T23:43:32.407434Z,20260523T234332Z_batch01,ST26EC7,2026-05-24T22:00:00Z,02 27 23.5,36.84791666666667,-08 24 32,-8.408888888888889,37.9,29.8,0.86,88.9,Map/Offsets   !,https://cgi.minorplanetcenter.net/cgi-bin/confirmeph2.cgi
20260523T234332Z,2026-05-23T23:43:32.407434Z,20260523T234332Z_batch01,ST26EC5,2026-05-23T22:00:00Z,15 30 41.2,232.67166666666668,-16 58 22,-16.972777777777775,171.9,20.1,10.49,246.5,Map/Offsets,https://cgi.minorplanetcenter.net/cgi-bin/confirmeph2.cgi
20260523T234332Z,2026-05-23T23:43:32.407434Z,20260523T234332Z_batch01,ST26EC5,2026-05-23T23:00:00Z,15 30 01.3,232.50541666666666,-17 02 31,-17.041944444444447,171.7,20.1,10.33,246.6,Map/Offsets,https://cgi.minorplanetcenter.net/cgi-bin/confirmeph2.cgi
20260523T234332Z,2026-05-23T23:43:32.407434Z,20260523T234332Z_batch01,ST26EC5,2026-05-24T00:00:00Z,15 29 21.9,232.34124999999997,-17 06 35,-17.109722222222224,171.6,20.1,10.17,246.6,Map/Offsets,https://cgi.minorplanetcenter.net/cgi-bin/confirmeph2.cgi
20260523T234332Z,2026-05-23T23:43:32.407434Z,20260523T234332Z_batch01,ST26EC5,2026-05-24T01:00:00Z,15 28 43.1,232.17958333333334,-17 10 36,-17.17666666666667,171.4,20.1,10.01,246.6,Map/Offsets,https://cgi.minorplanetcenter.net/cgi-bin/confirmeph2.cgi
20260523T234332Z,2026-05-23T23:43:32.407434Z,20260523T234332Z_batch01,ST26EC5,2026-05-24T02:00:00Z,15 28 04.9,232.02041666666668,-17 14 32,-17.242222222222225,171.3,20.2,9.86,246.7,Map/Offsets,https://cgi.minorplanetcenter.net/cgi-bin/confirmeph2.cgi
20260523T234332Z,2026-05-23T23:43:32.407434Z,20260523T234332Z_batch01,ST26EC5,2026-05-24T03:00:00Z,15 27 27.3,231.86374999999998,-17 18 24,-17.30666666666667,171.1,20.2,9.71,246.7,Map/Offsets,https://cgi.minorplanetcenter.net/cgi-bin/confirmeph2.cgi
20260523T234332Z,2026-05-23T23:43:32.407434Z,20260523T234332Z_batch01,ST26EC5,2026-05-24T04:00:00Z,15 26 50.2,231.70916666666668,-17 22 12,-17.37,171.0,20.2,9.57,246.8,Map/Offsets,https://cgi.minorplanetcenter.net/cgi-bin/confirmeph2.cgi
20260523T234332Z,2026-05-23T23:43:32.407434Z,20260523T234332Z_batch01,ST26EC5,2026-05-24T05:00:00Z,15 26 13.6,231.55666666666667,-17 25 57,-17.4325,170.8,20.2,9.43,246.8,Map/Offsets,https://cgi.minorplanetcenter.net/cgi-bin/confirmeph2.cgi
20260523T234332Z,2026-05-23T23:43:32.407434Z,20260523T234332Z_batch01,ST26EC5,2026-05-24T06:00:00Z,15 25 37.5,231.40624999999997,-17 29 38,-17.49388888888889,170.7,20.2,9.29,246.9,Map/Offsets,https://cgi.minorplanetcenter.net/cgi-bin/confirmeph2.cgi
20260523T234332Z,2026-05-23T23:43:32.407434Z,20260523T234332Z_batch01,ST26EC5,2026-05-24T07:00:00Z,15 25 01.9,231.25791666666666,-17 33 15,-17.554166666666667,170.5,20.3,9.15,246.9,Map/Offsets,https://cgi.minorplanetcenter.net/cgi-bin/confirmeph2.cgi
20260523T234332Z,2026-05-23T23:43:32.407434Z,20260523T234332Z_batch01,ST26EC5,2026-05-24T08:00:00Z,15 24 26.9,231.11208333333335,-17 36 48,-17.613333333333333,170.4,20.3,9.02,246.9,Map/Offsets,https://cgi.minorplanetcenter.net/cgi-bin/confirmeph2.cgi
20260523T234332Z,2026-05-23T23:43:32.407434Z,20260523T234332Z_batch01,ST26EC5,2026-05-24T09:00:00Z,15 23 52.3,230.96791666666667,-17 40 19,-17.671944444444446,170.2,20.3,8.89,247.0,Map/Offsets,https://cgi.minorplanetcenter.net/cgi-bin/confirmeph2.cgi
20260523T234332Z,2026-05-23T23:43:32.407434Z,20260523T234332Z_batch01,ST26EC5,2026-05-24T10:00:00Z,15 23 18.2,230.82583333333332,-17 43 45,-17.729166666666664,170.1,20.3,8.76,247.0,Map/Offsets,https://cgi.minorplanetcenter.net/cgi-bin/confirmeph2.cgi
20260523T234332Z,2026-05-23T23:43:32.407434Z,20260523T234332Z_batch01,ST26EC5,2026-05-24T11:00:00Z,15 22 44.6,230.68583333333333,-17 47 09,-17.785833333333336,169.9,20.4,8.63,247.1,Map/Offsets,https://cgi.minorplanetcenter.net/cgi-bin/confirmeph2.cgi
20260523T234332Z,2026-05-23T23:43:32.407434Z,20260523T234332Z_batch01,ST26EC5,2026-05-24T12:00:00Z,15 22 11.4,230.5475,-17 50 29,-17.841388888888886,169.8,20.4,8.51,247.1,Map/Offsets,https://cgi.minorplanetcenter.net/cgi-bin/confirmeph2.cgi
20260523T234332Z,2026-05-23T23:43:32.407434Z,20260523T234332Z_batch01,ST26EC5,2026-05-24T13:00:00Z,15 21 38.7,230.41125,-17 53 46,-17.89611111111111,169.6,20.4,8.39,247.1,Map/Offsets,https://cgi.minorplanetcenter.net/cgi-bin/confirmeph2.cgi
20260523T234332Z,2026-05-23T23:43:32.407434Z,20260523T234332Z_batch01,ST26EC5,2026-05-24T14:00:00Z,15 21 06.5,230.27708333333334,-17 57 00,-17.95,169.5,20.4,8.27,247.2,Map/Offsets,https://cgi.minorplanetcenter.net/cgi-bin/confirmeph2.cgi
20260523T234332Z,2026-05-23T23:43:32.407434Z,20260523T234332Z_batch01,ST26EC5,2026-05-24T15:00:00Z,15 20 34.6,230.14416666666668,-18 00 11,-18.003055555555555,169.3,20.4,8.15,247.2,Map/Offsets,https://cgi.minorplanetcenter.net/cgi-bin/confirmeph2.cgi
20260523T234332Z,2026-05-23T23:43:32.407434Z,20260523T234332Z_batch01,ST26EC5,2026-05-24T16:00:00Z,15 20 03.2,230.01333333333335,-18 03 19,-18.05527777777778,169.2,20.5,8.04,247.2,Map/Offsets,https://cgi.minorplanetcenter.net/cgi-bin/confirmeph2.cgi
20260523T234332Z,2026-05-23T23:43:32.407434Z,20260523T234332Z_batch01,ST26EC5,2026-05-24T17:00:00Z,15 19 32.2,229.8841666666667,-18 06 25,-18.106944444444444,169.1,20.5,7.93,247.3,Map/Offsets,https://cgi.minorplanetcenter.net/cgi-bin/confirmeph2.cgi
20260523T234332Z,2026-05-23T23:43:32.407434Z,20260523T234332Z_batch01,ST26EC5,2026-05-24T18:00:00Z,15 19 01.6,229.75666666666666,-18 09 27,-18.1575,168.9,20.5,7.82,247.3,Map/Offsets,https://cgi.minorplanetcenter.net/cgi-bin/confirmeph2.cgi
20260523T234332Z,2026-05-23T23:43:32.407434Z,20260523T234332Z_batch01,ST26EC5,2026-05-24T19:00:00Z,15 18 31.5,229.63125,-18 12 27,-18.2075,168.8,20.5,7.71,247.4,Map/Offsets,https://cgi.minorplanetcenter.net/cgi-bin/confirmeph2.cgi
20260523T234332Z,2026-05-23T23:43:32.407434Z,20260523T234332Z_batch01,ST26EC5,2026-05-24T20:00:00Z,15 18 01.7,229.50708333333336,-18 15 23,-18.25638888888889,168.6,20.6,7.61,247.4,Map/Offsets,https://cgi.minorplanetcenter.net/cgi-bin/confirmeph2.cgi
20260523T234332Z,2026-05-23T23:43:32.407434Z,20260523T234332Z_batch01,ST26EC5,2026-05-24T21:00:00Z,15 17 32.3,229.38458333333335,-18 18 18,-18.305,168.5,20.6,7.51,247.4,Map/Offsets,https://cgi.minorplanetcenter.net/cgi-bin/confirmeph2.cgi
20260523T234332Z,2026-05-23T23:43:32.407434Z,20260523T234332Z_batch01,ST26EC5,2026-05-24T22:00:00Z,15 17 03.3,229.26375000000002,-18 21 09,-18.352500000000003,168.3,20.6,7.4,247.5,Map/Offsets,https://cgi.minorplanetcenter.net/cgi-bin/confirmeph2.cgi
20260523T234332Z,2026-05-23T23:43:32.407434Z,20260523T234332Z_batch01,P12nffX,2026-05-23T22:00:00Z,16 20 33.7,245.14041666666665,-20 59 56,-20.99888888888889,175.5,21.7,0.69,249.8,Map/Offsets,https://cgi.minorplanetcenter.net/cgi-bin/confirmeph2.cgi
20260523T234332Z,2026-05-23T23:43:32.407434Z,20260523T234332Z_batch01,P12nffX,2026-05-23T23:00:00Z,16 20 31.0,245.12916666666666,-21 00 10,-21.002777777777776,175.6,21.7,0.69,249.8,Map/Offsets,https://cgi.minorplanetcenter.net/cgi-bin/confirmeph2.cgi
20260523T234332Z,2026-05-23T23:43:32.407434Z,20260523T234332Z_batch01,P12nffX,2026-05-24T00:00:00Z,16 20 28.2,245.1175,-21 00 24,-21.006666666666668,175.6,21.7,0.69,249.8,Map/Offsets,https://cgi.minorplanetcenter.net/cgi-bin/confirmeph2.cgi
20260523T234332Z,2026-05-23T23:43:32.407434Z,20260523T234332Z_batch01,P12nffX,2026-05-24T01:00:00Z,16 20 25.5,245.10625,-21 00 38,-21.010555555555555,175.7,21.7,0.69,249.8,Map/Offsets,https://cgi.minorplanetcenter.net/cgi-bin/confirmeph2.cgi
20260523T234332Z,2026-05-23T23:43:32.407434Z,20260523T234332Z_batch01,P12nffX,2026-05-24T02:00:00Z,16 20 22.7,245.09458333333333,-21 00 53,-21.014722222222222,175.7,21.7,0.69,249.8,Map/Offsets,https://cgi.minorplanetcenter.net/cgi-bin/confirmeph2.cgi
20260523T234332Z,2026-05-23T23:43:32.407434Z,20260523T234332Z_batch01,P12nffX,2026-05-24T03:00:00Z,16 20 19.9,245.08291666666668,-21 01 07,-21.01861111111111,175.8,21.7,0.69,249.8,Map/Offsets,https://cgi.minorplanetcenter.net/cgi-bin/confirmeph2.cgi
20260523T234332Z,2026-05-23T23:43:32.407434Z,20260523T234332Z_batch01,P12nffX,2026-05-24T04:00:00Z,16 20 17.2,245.07166666666666,-21 01 21,-21.022499999999997,175.8,21.7,0.69,249.8,Map/Offsets,https://cgi.minorplanetcenter.net/cgi-bin/confirmeph2.cgi
20260523T234332Z,2026-05-23T23:43:32.407434Z,20260523T234332Z_batch01,P12nffX,2026-05-24T05:00:00Z,16 20 14.4,245.06,-21 01 35,-21.02638888888889,175.9,21.7,0.69,249.8,Map/Offsets,https://cgi.minorplanetcenter.net/cgi-bin/confirmeph2.cgi
20260523T234332Z,2026-05-23T23:43:32.407434Z,20260523T234332Z_batch01,P12nffX,2026-05-24T06:00:00Z,16 20 11.6,245.04833333333335,-21 01 50,-21.030555555555555,175.9,21.7,0.69,249.8,Map/Offsets,https://cgi.minorplanetcenter.net/cgi-bin/confirmeph2.cgi
20260523T234332Z,2026-05-23T23:43:32.407434Z,20260523T234332Z_batch01,P12nffX,2026-05-24T07:00:00Z,16 20 08.9,245.03708333333333,-21 02 04,-21.034444444444446,176.0,21.7,0.69,249.8,Map/Offsets,https://cgi.minorplanetcenter.net/cgi-bin/confirmeph2.cgi
20260523T234332Z,2026-05-23T23:43:32.407434Z,20260523T234332Z_batch01,P12nffX,2026-05-24T08:00:00Z,16 20 06.1,245.02541666666667,-21 02 18,-21.038333333333334,176.0,21.7,0.69,249.8,Map/Offsets,https://cgi.minorplanetcenter.net/cgi-bin/confirmeph2.cgi
20260523T234332Z,2026-05-23T23:43:32.407434Z,20260523T234332Z_batch01,P12nffX,2026-05-24T09:00:00Z,16 20 03.3,245.01374999999996,-21 02 32,-21.042222222222225,176.1,21.7,0.69,249.8,Map/Offsets,https://cgi.minorplanetcenter.net/cgi-bin/confirmeph2.cgi
20260523T234332Z,2026-05-23T23:43:32.407434Z,20260523T234332Z_batch01,P12nffX,2026-05-24T10:00:00Z,16 20 00.5,245.0020833333333,-21 02 47,-21.04638888888889,176.1,21.7,0.69,249.8,Map/Offsets,https://cgi.minorplanetcenter.net/cgi-bin/confirmeph2.cgi
20260523T234332Z,2026-05-23T23:43:32.407434Z,20260523T234332Z_batch01,P12nffX,2026-05-24T11:00:00Z,16 19 57.8,244.99083333333334,-21 03 01,-21.05027777777778,176.2,21.6,0.69,249.8,Map/Offsets,https://cgi.minorplanetcenter.net/cgi-bin/confirmeph2.cgi
20260523T234332Z,2026-05-23T23:43:32.407434Z,20260523T234332Z_batch01,P12nffX,2026-05-24T12:00:00Z,16 19 55.0,244.97916666666669,-21 03 15,-21.054166666666667,176.2,21.6,0.69,249.8,Map/Offsets,https://cgi.minorplanetcenter.net/cgi-bin/confirmeph2.cgi
20260523T234332Z,2026-05-23T23:43:32.407434Z,20260523T234332Z_batch01,P12nffX,2026-05-24T13:00:00Z,16 19 52.2,244.96750000000003,-21 03 30,-21.058333333333334,176.3,21.6,0.69,249.9,Map/Offsets,https://cgi.minorplanetcenter.net/cgi-bin/confirmeph2.cgi
20260523T234332Z,2026-05-23T23:43:32.407434Z,20260523T234332Z_batch01,P12nffX,2026-05-24T14:00:00Z,16 19 49.4,244.95583333333332,-21 03 44,-21.06222222222222,176.3,21.6,0.69,249.9,Map/Offsets,https://cgi.minorplanetcenter.net/cgi-bin/confirmeph2.cgi
20260523T234332Z,2026-05-23T23:43:32.407434Z,20260523T234332Z_batch01,P12nffX,2026-05-24T15:00:00Z,16 19 46.7,244.9445833333333,-21 03 58,-21.066111111111113,176.4,21.6,0.69,249.9,Map/Offsets,https://cgi.minorplanetcenter.net/cgi-bin/confirmeph2.cgi
20260523T234332Z,2026-05-23T23:43:32.407434Z,20260523T234332Z_batch01,P12nffX,2026-05-24T16:00:00Z,16 19 43.9,244.93291666666664,-21 04 12,-21.07,176.4,21.6,0.69,249.9,Map/Offsets,https://cgi.minorplanetcenter.net/cgi-bin/confirmeph2.cgi
20260523T234332Z,2026-05-23T23:43:32.407434Z,20260523T234332Z_batch01,P12nffX,2026-05-24T17:00:00Z,16 19 41.1,244.92125,-21 04 27,-21.074166666666667,176.5,21.6,0.69,249.9,Map/Offsets,https://cgi.minorplanetcenter.net/cgi-bin/confirmeph2.cgi
20260523T234332Z,2026-05-23T23:43:32.407434Z,20260523T234332Z_batch01,P12nffX,2026-05-24T18:00:00Z,16 19 38.3,244.90958333333333,-21 04 41,-21.078055555555554,176.5,21.6,0.69,249.9,Map/Offsets,https://cgi.minorplanetcenter.net/cgi-bin/confirmeph2.cgi
20260523T234332Z,2026-05-23T23:43:32.407434Z,20260523T234332Z_batch01,P12nffX,2026-05-24T19:00:00Z,16 19 35.5,244.89791666666665,-21 04 55,-21.081944444444446,176.6,21.6,0.69,249.9,Map/Offsets,https://cgi.minorplanetcenter.net/cgi-bin/confirmeph2.cgi
20260523T234332Z,2026-05-23T23:43:32.407434Z,20260523T234332Z_batch01,P12nffX,2026-05-24T20:00:00Z,16 19 32.8,244.88666666666666,-21 05 09,-21.085833333333333,176.6,21.6,0.69,249.9,Map/Offsets,https://cgi.minorplanetcenter.net/cgi-bin/confirmeph2.cgi
20260523T234332Z,2026-05-23T23:43:32.407434Z,20260523T234332Z_batch01,P12nffX,2026-05-24T21:00:00Z,16 19 30.0,244.875,-21 05 24,-21.09,176.7,21.6,0.69,249.9,Map/Offsets,https://cgi.minorplanetcenter.net/cgi-bin/confirmeph2.cgi
20260523T234332Z,2026-05-23T23:43:32.407434Z,20260523T234332Z_batch01,P12nffX,2026-05-24T22:00:00Z,16 19 27.2,244.86333333333332,-21 05 38,-21.093888888888888,176.7,21.6,0.69,249.9,Map/Offsets,https://cgi.minorplanetcenter.net/cgi-bin/confirmeph2.cgi
20260523T234332Z,2026-05-23T23:43:32.407434Z,20260523T234332Z_batch01,P12nfaz,2026-05-23T22:00:00Z,13 13 58.5,198.49375,-27 57 36,-27.96,141.4,22.0,0.54,331.6,Map/Offsets,https://cgi.minorplanetcenter.net/cgi-bin/confirmeph2.cgi
20260523T234332Z,2026-05-23T23:43:32.407434Z,20260523T234332Z_batch01,P12nfaz,2026-05-23T23:00:00Z,13 13 57.3,198.48875,-27 57 07,-27.951944444444443,141.3,22.0,0.54,331.7,Map/Offsets,https://cgi.minorplanetcenter.net/cgi-bin/confirmeph2.cgi
20260523T234332Z,2026-05-23T23:43:32.407434Z,20260523T234332Z_batch01,P12nfaz,2026-05-24T00:00:00Z,13 13 56.2,198.48416666666668,-27 56 39,-27.944166666666668,141.3,22.0,0.54,331.8,Map/Offsets,https://cgi.minorplanetcenter.net/cgi-bin/confirmeph2.cgi
20260523T234332Z,2026-05-23T23:43:32.407434Z,20260523T234332Z_batch01,P12nfaz,2026-05-24T01:00:00Z,13 13 55.0,198.47916666666666,-27 56 10,-27.93611111111111,141.2,22.0,0.54,331.8,Map/Offsets,https://cgi.minorplanetcenter.net/cgi-bin/confirmeph2.cgi
20260523T234332Z,2026-05-23T23:43:32.407434Z,20260523T234332Z_batch01,P12nfaz,2026-05-24T02:00:00Z,13 13 53.9,198.47458333333336,-27 55 42,-27.928333333333335,141.2,22.0,0.54,331.9,Map/Offsets,https://cgi.minorplanetcenter.net/cgi-bin/confirmeph2.cgi
20260523T234332Z,2026-05-23T23:43:32.407434Z,20260523T234332Z_batch01,P12nfaz,2026-05-24T03:00:00Z,13 13 52.7,198.46958333333333,-27 55 14,-27.920555555555556,141.2,22.0,0.54,332.0,Map/Offsets,https://cgi.minorplanetcenter.net/cgi-bin/confirmeph2.cgi
20260523T234332Z,2026-05-23T23:43:32.407434Z,20260523T234332Z_batch01,P12nfaz,2026-05-24T04:00:00Z,13 13 51.6,198.465,-27 54 45,-27.912499999999998,141.1,22.0,0.53,332.0,Map/Offsets,https://cgi.minorplanetcenter.net/cgi-bin/confirmeph2.cgi
20260523T234332Z,2026-05-23T23:43:32.407434Z,20260523T234332Z_batch01,P12nfaz,2026-05-24T05:00:00Z,13 13 50.5,198.46041666666667,-27 54 17,-27.904722222222222,141.1,22.0,0.53,332.1,Map/Offsets,https://cgi.minorplanetcenter.net/cgi-bin/confirmeph2.cgi
20260523T234332Z,2026-05-23T23:43:32.407434Z,20260523T234332Z_batch01,P12nfaz,2026-05-24T06:00:00Z,13 13 49.3,198.45541666666668,-27 53 49,-27.896944444444443,141.0,22.0,0.53,332.2,Map/Offsets,https://cgi.minorplanetcenter.net/cgi-bin/confirmeph2.cgi
20260523T234332Z,2026-05-23T23:43:32.407434Z,20260523T234332Z_batch01,P12nfaz,2026-05-24T07:00:00Z,13 13 48.2,198.45083333333332,-27 53 20,-27.88888888888889,141.0,22.0,0.53,332.2,Map/Offsets,https://cgi.minorplanetcenter.net/cgi-bin/confirmeph2.cgi
20260523T234332Z,2026-05-23T23:43:32.407434Z,20260523T234332Z_batch01,P12nfaz,2026-05-24T08:00:00Z,13 13 47.1,198.44625,-27 52 52,-27.88111111111111,141.0,22.0,0.53,332.3,Map/Offsets,https://cgi.minorplanetcenter.net/cgi-bin/confirmeph2.cgi
20260523T234332Z,2026-05-23T23:43:32.407434Z,20260523T234332Z_batch01,P12nfaz,2026-05-24T09:00:00Z,13 13 46.0,198.44166666666666,-27 52 24,-27.873333333333335,140.9,22.0,0.53,332.3,Map/Offsets,https://cgi.minorplanetcenter.net/cgi-bin/confirmeph2.cgi
20260523T234332Z,2026-05-23T23:43:32.407434Z,20260523T234332Z_batch01,P12nfaz,2026-05-24T10:00:00Z,13 13 44.9,198.43708333333333,-27 51 55,-27.86527777777778,140.9,22.0,0.53,332.4,Map/Offsets,https://cgi.minorplanetcenter.net/cgi-bin/confirmeph2.cgi
20260523T234332Z,2026-05-23T23:43:32.407434Z,20260523T234332Z_batch01,P12nfaz,2026-05-24T11:00:00Z,13 13 43.7,198.4320833333333,-27 51 27,-27.8575,140.9,22.0,0.53,332.5,Map/Offsets,https://cgi.minorplanetcenter.net/cgi-bin/confirmeph2.cgi
20260523T234332Z,2026-05-23T23:43:32.407434Z,20260523T234332Z_batch01,P12nfaz,2026-05-24T12:00:00Z,13 13 42.6,198.4275,-27 50 59,-27.849722222222223,140.8,22.0,0.53,332.5,Map/Offsets,https://cgi.minorplanetcenter.net/cgi-bin/confirmeph2.cgi
20260523T234332Z,2026-05-23T23:43:32.407434Z,20260523T234332Z_batch01,P12nfaz,2026-05-24T13:00:00Z,13 13 41.5,198.42291666666665,-27 50 30,-27.841666666666665,140.8,22.0,0.53,332.6,Map/Offsets,https://cgi.minorplanetcenter.net/cgi-bin/confirmeph2.cgi
20260523T234332Z,2026-05-23T23:43:32.407434Z,20260523T234332Z_batch01,P12nfaz,2026-05-24T14:00:00Z,13 13 40.4,198.41833333333335,-27 50 02,-27.833888888888886,140.7,22.0,0.53,332.7,Map/Offsets,https://cgi.minorplanetcenter.net/cgi-bin/confirmeph2.cgi
20260523T234332Z,2026-05-23T23:43:32.407434Z,20260523T234332Z_batch01,P12nfaz,2026-05-24T15:00:00Z,13 13 39.3,198.41375,-27 49 34,-27.82611111111111,140.7,22.0,0.53,332.7,Map/Offsets,https://cgi.minorplanetcenter.net/cgi-bin/confirmeph2.cgi
20260523T234332Z,2026-05-23T23:43:32.407434Z,20260523T234332Z_batch01,P12nfaz,2026-05-24T16:00:00Z,13 13 38.2,198.40916666666666,-27 49 05,-27.818055555555556,140.7,22.0,0.53,332.8,Map/Offsets,https://cgi.minorplanetcenter.net/cgi-bin/confirmeph2.cgi
20260523T234332Z,2026-05-23T23:43:32.407434Z,20260523T234332Z_batch01,P12nfaz,2026-05-24T17:00:00Z,13 13 37.1,198.40458333333333,-27 48 37,-27.810277777777777,140.6,22.0,0.53,332.9,Map/Offsets,https://cgi.minorplanetcenter.net/cgi-bin/confirmeph2.cgi
20260523T234332Z,2026-05-23T23:43:32.407434Z,20260523T234332Z_batch01,P12nfaz,2026-05-24T18:00:00Z,13 13 36.0,198.4,-27 48 09,-27.802500000000002,140.6,22.0,0.53,332.9,Map/Offsets,https://cgi.minorplanetcenter.net/cgi-bin/confirmeph2.cgi
20260523T234332Z,2026-05-23T23:43:32.407434Z,20260523T234332Z_batch01,P12nfaz,2026-05-24T19:00:00Z,13 13 34.9,198.39541666666665,-27 47 40,-27.794444444444448,140.5,22.0,0.53,333.0,Map/Offsets,https://cgi.minorplanetcenter.net/cgi-bin/confirmeph2.cgi
20260523T234332Z,2026-05-23T23:43:32.407434Z,20260523T234332Z_batch01,P12nfaz,2026-05-24T20:00:00Z,13 13 33.9,198.39125,-27 47 12,-27.78666666666667,140.5,22.0,0.53,333.1,Map/Offsets,https://cgi.minorplanetcenter.net/cgi-bin/confirmeph2.cgi
20260523T234332Z,2026-05-23T23:43:32.407434Z,20260523T234332Z_batch01,P12nfaz,2026-05-24T21:00:00Z,13 13 32.8,198.38666666666666,-27 46 44,-27.778888888888886,140.5,22.0,0.53,333.2,Map/Offsets,https://cgi.minorplanetcenter.net/cgi-bin/confirmeph2.cgi
20260523T234332Z,2026-05-23T23:43:32.407434Z,20260523T234332Z_batch01,P12nfaz,2026-05-24T22:00:00Z,13 13 31.7,198.38208333333336,-27 46 15,-27.770833333333332,140.4,22.0,0.53,333.2,Map/Offsets,https://cgi.minorplanetcenter.net/cgi-bin/confirmeph2.cgi
20260523T234332Z,2026-05-23T23:43:32.407434Z,20260523T234332Z_batch01,NAOCAN7,2026-05-23T22:00:00Z,15 16 42.9,229.17875,-21 50 36,-21.843333333333334,169.5,20.8,0.08,139.3,Map/Offsets,https://cgi.minorplanetcenter.net/cgi-bin/confirmeph2.cgi
20260523T234332Z,2026-05-23T23:43:32.407434Z,20260523T234332Z_batch01,NAOCAN7,2026-05-23T23:00:00Z,15 16 43.2,229.18,-21 50 40,-21.844444444444445,169.5,20.8,0.08,139.1,Map/Offsets,https://cgi.minorplanetcenter.net/cgi-bin/confirmeph2.cgi
20260523T234332Z,2026-05-23T23:43:32.407434Z,20260523T234332Z_batch01,NAOCAN7,2026-05-24T00:00:00Z,15 16 43.4,229.18083333333334,-21 50 44,-21.845555555555553,169.5,20.8,0.09,138.9,Map/Offsets,https://cgi.minorplanetcenter.net/cgi-bin/confirmeph2.cgi
20260523T234332Z,2026-05-23T23:43:32.407434Z,20260523T234332Z_batch01,NAOCAN7,2026-05-24T01:00:00Z,15 16 43.7,229.18208333333334,-21 50 47,-21.84638888888889,169.4,20.8,0.09,138.7,Map/Offsets,https://cgi.minorplanetcenter.net/cgi-bin/confirmeph2.cgi
20260523T234332Z,2026-05-23T23:43:32.407434Z,20260523T234332Z_batch01,NAOCAN7,2026-05-24T02:00:00Z,15 16 43.9,229.1829166666667,-21 50 51,-21.8475,169.4,20.8,0.09,138.6,Map/Offsets,https://cgi.minorplanetcenter.net/cgi-bin/confirmeph2.cgi
20260523T234332Z,2026-05-23T23:43:32.407434Z,20260523T234332Z_batch01,NAOCAN7,2026-05-24T03:00:00Z,15 16 44.2,229.18416666666667,-21 50 55,-21.84861111111111,169.3,20.8,0.09,138.4,Map/Offsets,https://cgi.minorplanetcenter.net/cgi-bin/confirmeph2.cgi
20260523T234332Z,2026-05-23T23:43:32.407434Z,20260523T234332Z_batch01,NAOCAN7,2026-05-24T04:00:00Z,15 16 44.4,229.18500000000003,-21 50 59,-21.849722222222223,169.3,20.8,0.09,138.2,Map/Offsets,https://cgi.minorplanetcenter.net/cgi-bin/confirmeph2.cgi
20260523T234332Z,2026-05-23T23:43:32.407434Z,20260523T234332Z_batch01,NAOCAN7,2026-05-24T05:00:00Z,15 16 44.6,229.18583333333336,-21 51 03,-21.850833333333334,169.3,20.8,0.09,138.0,Map/Offsets,https://cgi.minorplanetcenter.net/cgi-bin/confirmeph2.cgi
20260523T234332Z,2026-05-23T23:43:32.407434Z,20260523T234332Z_batch01,NAOCAN7,2026-05-24T06:00:00Z,15 16 44.9,229.18708333333333,-21 51 07,-21.851944444444445,169.2,20.8,0.09,137.8,Map/Offsets,https://cgi.minorplanetcenter.net/cgi-bin/confirmeph2.cgi
20260523T234332Z,2026-05-23T23:43:32.407434Z,20260523T234332Z_batch01,NAOCAN7,2026-05-24T07:00:00Z,15 16 45.1,229.1879166666667,-21 51 10,-21.852777777777778,169.2,20.8,0.09,137.6,Map/Offsets,https://cgi.minorplanetcenter.net/cgi-bin/confirmeph2.cgi
20260523T234332Z,2026-05-23T23:43:32.407434Z,20260523T234332Z_batch01,NAOCAN7,2026-05-24T08:00:00Z,15 16 45.4,229.18916666666667,-21 51 14,-21.85388888888889,169.2,20.8,0.09,137.4,Map/Offsets,https://cgi.minorplanetcenter.net/cgi-bin/confirmeph2.cgi
20260523T234332Z,2026-05-23T23:43:32.407434Z,20260523T234332Z_batch01,NAOCAN7,2026-05-24T09:00:00Z,15 16 45.7,229.19041666666666,-21 51 18,-21.855,169.1,20.8,0.09,137.2,Map/Offsets,https://cgi.minorplanetcenter.net/cgi-bin/confirmeph2.cgi
20260523T234332Z,2026-05-23T23:43:32.407434Z,20260523T234332Z_batch01,NAOCAN7,2026-05-24T10:00:00Z,15 16 45.9,229.19125000000003,-21 51 22,-21.85611111111111,169.1,20.8,0.09,137.1,Map/Offsets,https://cgi.minorplanetcenter.net/cgi-bin/confirmeph2.cgi
20260523T234332Z,2026-05-23T23:43:32.407434Z,20260523T234332Z_batch01,NAOCAN7,2026-05-24T11:00:00Z,15 16 46.2,229.1925,-21 51 26,-21.857222222222223,169.0,20.8,0.09,136.9,Map/Offsets,https://cgi.minorplanetcenter.net/cgi-bin/confirmeph2.cgi
20260523T234332Z,2026-05-23T23:43:32.407434Z,20260523T234332Z_batch01,NAOCAN7,2026-05-24T12:00:00Z,15 16 46.4,229.19333333333333,-21 51 30,-21.858333333333334,169.0,20.8,0.09,136.7,Map/Offsets,https://cgi.minorplanetcenter.net/cgi-bin/confirmeph2.cgi
20260523T234332Z,2026-05-23T23:43:32.407434Z,20260523T234332Z_batch01,NAOCAN7,2026-05-24T13:00:00Z,15 16 46.7,229.19458333333336,-21 51 33,-21.859166666666667,169.0,20.8,0.09,136.5,Map/Offsets,https://cgi.minorplanetcenter.net/cgi-bin/confirmeph2.cgi
20260523T234332Z,2026-05-23T23:43:32.407434Z,20260523T234332Z_batch01,NAOCAN7,2026-05-24T14:00:00Z,15 16 46.9,229.1954166666667,-21 51 37,-21.860277777777778,168.9,20.8,0.09,136.3,Map/Offsets,https://cgi.minorplanetcenter.net/cgi-bin/confirmeph2.cgi
20260523T234332Z,2026-05-23T23:43:32.407434Z,20260523T234332Z_batch01,NAOCAN7,2026-05-24T15:00:00Z,15 16 47.2,229.1966666666667,-21 51 41,-21.86138888888889,168.9,20.8,0.09,136.2,Map/Offsets,https://cgi.minorplanetcenter.net/cgi-bin/confirmeph2.cgi
20260523T234332Z,2026-05-23T23:43:32.407434Z,20260523T234332Z_batch01,NAOCAN7,2026-05-24T16:00:00Z,15 16 47.5,229.19791666666669,-21 51 45,-21.8625,168.9,20.8,0.09,136.0,Map/Offsets,https://cgi.minorplanetcenter.net/cgi-bin/confirmeph2.cgi
20260523T234332Z,2026-05-23T23:43:32.407434Z,20260523T234332Z_batch01,NAOCAN7,2026-05-24T17:00:00Z,15 16 47.7,229.19875,-21 51 49,-21.863611111111112,168.8,20.8,0.09,135.8,Map/Offsets,https://cgi.minorplanetcenter.net/cgi-bin/confirmeph2.cgi
20260523T234332Z,2026-05-23T23:43:32.407434Z,20260523T234332Z_batch01,NAOCAN7,2026-05-24T18:00:00Z,15 16 48.0,229.20000000000002,-21 51 52,-21.864444444444445,168.8,20.8,0.09,135.6,Map/Offsets,https://cgi.minorplanetcenter.net/cgi-bin/confirmeph2.cgi
20260523T234332Z,2026-05-23T23:43:32.407434Z,20260523T234332Z_batch01,NAOCAN7,2026-05-24T19:00:00Z,15 16 48.3,229.20125000000002,-21 51 56,-21.865555555555556,168.8,20.8,0.09,135.4,Map/Offsets,https://cgi.minorplanetcenter.net/cgi-bin/confirmeph2.cgi
20260523T234332Z,2026-05-23T23:43:32.407434Z,20260523T234332Z_batch01,NAOCAN7,2026-05-24T20:00:00Z,15 16 48.5,229.20208333333335,-21 52 00,-21.866666666666667,168.7,20.8,0.09,135.3,Map/Offsets,https://cgi.minorplanetcenter.net/cgi-bin/confirmeph2.cgi
20260523T234332Z,2026-05-23T23:43:32.407434Z,20260523T234332Z_batch01,NAOCAN7,2026-05-24T21:00:00Z,15 16 48.8,229.20333333333335,-21 52 04,-21.86777777777778,168.7,20.8,0.09,135.1,Map/Offsets,https://cgi.minorplanetcenter.net/cgi-bin/confirmeph2.cgi
20260523T234332Z,2026-05-23T23:43:32.407434Z,20260523T234332Z_batch01,NAOCAN7,2026-05-24T22:00:00Z,15 16 49.1,229.20458333333335,-21 52 08,-21.86888888888889,168.6,20.8,0.09,134.9,Map/Offsets,https://cgi.minorplanetcenter.net/cgi-bin/confirmeph2.cgi
20260523T234332Z,2026-05-23T23:43:32.407434Z,20260523T234332Z_batch01,KPMa1Ih,2026-05-23T22:00:00Z,11 07 25.3,166.85541666666666,-27 15 52,-27.264444444444443,113.4,23.4,1.11,180.2,Map/Offsets,https://cgi.minorplanetcenter.net/cgi-bin/confirmeph2.cgi
20260523T234332Z,2026-05-23T23:43:32.407434Z,20260523T234332Z_batch01,KPMa1Ih,2026-05-23T23:00:00Z,11 07 25.3,166.85541666666666,-27 16 58,-27.282777777777778,113.4,23.4,1.11,180.1,Map/Offsets,https://cgi.minorplanetcenter.net/cgi-bin/confirmeph2.cgi
20260523T234332Z,2026-05-23T23:43:32.407434Z,20260523T234332Z_batch01,KPMa1Ih,2026-05-24T00:00:00Z,11 07 25.3,166.85541666666666,-27 18 05,-27.30138888888889,113.4,23.4,1.1,180.1,Map/Offsets,https://cgi.minorplanetcenter.net/cgi-bin/confirmeph2.cgi
20260523T234332Z,2026-05-23T23:43:32.407434Z,20260523T234332Z_batch01,KPMa1Ih,2026-05-24T01:00:00Z,11 07 25.3,166.85541666666666,-27 19 11,-27.31972222222222,113.4,23.4,1.1,180.0,Map/Offsets,https://cgi.minorplanetcenter.net/cgi-bin/confirmeph2.cgi
20260523T234332Z,2026-05-23T23:43:32.407434Z,20260523T234332Z_batch01,KPMa1Ih,2026-05-24T02:00:00Z,11 07 25.3,166.85541666666666,-27 20 17,-27.338055555555556,113.3,23.4,1.1,179.9,Map/Offsets,https://cgi.minorplanetcenter.net/cgi-bin/confirmeph2.cgi
20260523T234332Z,2026-05-23T23:43:32.407434Z,20260523T234332Z_batch01,KPMa1Ih,2026-05-24T03:00:00Z,11 07 25.3,166.85541666666666,-27 21 23,-27.35638888888889,113.3,23.4,1.1,179.9,Map/Offsets,https://cgi.minorplanetcenter.net/cgi-bin/confirmeph2.cgi
20260523T234332Z,2026-05-23T23:43:32.407434Z,20260523T234332Z_batch01,KPMa1Ih,2026-05-24T04:00:00Z,11 07 25.3,166.85541666666666,-27 22 29,-27.37472222222222,113.3,23.4,1.1,179.8,Map/Offsets,https://cgi.minorplanetcenter.net/cgi-bin/confirmeph2.cgi
20260523T234332Z,2026-05-23T23:43:32.407434Z,20260523T234332Z_batch01,KPMa1Ih,2026-05-24T05:00:00Z,11 07 25.3,166.85541666666666,-27 23 35,-27.393055555555556,113.2,23.4,1.1,179.8,Map/Offsets,https://cgi.minorplanetcenter.net/cgi-bin/confirmeph2.cgi
20260523T234332Z,2026-05-23T23:43:32.407434Z,20260523T234332Z_batch01,KPMa1Ih,2026-05-24T06:00:00Z,11 07 25.3,166.85541666666666,-27 24 41,-27.411388888888887,113.2,23.4,1.1,179.7,Map/Offsets,https://cgi.minorplanetcenter.net/cgi-bin/confirmeph2.cgi
20260523T234332Z,2026-05-23T23:43:32.407434Z,20260523T234332Z_batch01,KPMa1Ih,2026-05-24T07:00:00Z,11 07 25.4,166.85583333333332,-27 25 47,-27.429722222222225,113.2,23.4,1.1,179.6,Map/Offsets,https://cgi.minorplanetcenter.net/cgi-bin/confirmeph2.cgi
20260523T234332Z,2026-05-23T23:43:32.407434Z,20260523T234332Z_batch01,KPMa1Ih,2026-05-24T08:00:00Z,11 07 25.4,166.85583333333332,-27 26 53,-27.448055555555555,113.2,23.4,1.1,179.6,Map/Offsets,https://cgi.minorplanetcenter.net/cgi-bin/confirmeph2.cgi
20260523T234332Z,2026-05-23T23:43:32.407434Z,20260523T234332Z_batch01,KPMa1Ih,2026-05-24T09:00:00Z,11 07 25.4,166.85583333333332,-27 27 59,-27.46638888888889,113.1,23.4,1.1,179.5,Map/Offsets,https://cgi.minorplanetcenter.net/cgi-bin/confirmeph2.cgi
20260523T234332Z,2026-05-23T23:43:32.407434Z,20260523T234332Z_batch01,KPMa1Ih,2026-05-24T10:00:00Z,11 07 25.5,166.85625000000002,-27 29 05,-27.484722222222224,113.1,23.4,1.1,179.4,Map/Offsets,https://cgi.minorplanetcenter.net/cgi-bin/confirmeph2.cgi
20260523T234332Z,2026-05-23T23:43:32.407434Z,20260523T234332Z_batch01,KPMa1Ih,2026-05-24T11:00:00Z,11 07 25.5,166.85625000000002,-27 30 10,-27.502777777777776,113.1,23.4,1.09,179.4,Map/Offsets,https://cgi.minorplanetcenter.net/cgi-bin/confirmeph2.cgi
20260523T234332Z,2026-05-23T23:43:32.407434Z,20260523T234332Z_batch01,KPMa1Ih,2026-05-24T12:00:00Z,11 07 25.6,166.85666666666668,-27 31 16,-27.52111111111111,113.0,23.4,1.09,179.3,Map/Offsets,https://cgi.minorplanetcenter.net/cgi-bin/confirmeph2.cgi
20260523T234332Z,2026-05-23T23:43:32.407434Z,20260523T234332Z_batch01,KPMa1Ih,2026-05-24T13:00:00Z,11 07 25.6,166.85666666666668,-27 32 22,-27.539444444444445,113.0,23.4,1.09,179.3,Map/Offsets,https://cgi.minorplanetcenter.net/cgi-bin/confirmeph2.cgi
20260523T234332Z,2026-05-23T23:43:32.407434Z,20260523T234332Z_batch01,KPMa1Ih,2026-05-24T14:00:00Z,11 07 25.7,166.85708333333335,-27 33 27,-27.5575,113.0,23.4,1.09,179.2,Map/Offsets,https://cgi.minorplanetcenter.net/cgi-bin/confirmeph2.cgi
20260523T234332Z,2026-05-23T23:43:32.407434Z,20260523T234332Z_batch01,KPMa1Ih,2026-05-24T15:00:00Z,11 07 25.8,166.85750000000002,-27 34 33,-27.575833333333332,112.9,23.4,1.09,179.1,Map/Offsets,https://cgi.minorplanetcenter.net/cgi-bin/confirmeph2.cgi
20260523T234332Z,2026-05-23T23:43:32.407434Z,20260523T234332Z_batch01,KPMa1Ih,2026-05-24T16:00:00Z,11 07 25.9,166.85791666666665,-27 35 38,-27.593888888888888,112.9,23.4,1.09,179.1,Map/Offsets,https://cgi.minorplanetcenter.net/cgi-bin/confirmeph2.cgi
20260523T234332Z,2026-05-23T23:43:32.407434Z,20260523T234332Z_batch01,KPMa1Ih,2026-05-24T17:00:00Z,11 07 25.9,166.85791666666665,-27 36 43,-27.611944444444447,112.9,23.4,1.09,179.0,Map/Offsets,https://cgi.minorplanetcenter.net/cgi-bin/confirmeph2.cgi
20260523T234332Z,2026-05-23T23:43:32.407434Z,20260523T234332Z_batch01,KPMa1Ih,2026-05-24T18:00:00Z,11 07 26.0,166.85833333333332,-27 37 49,-27.630277777777778,112.9,23.4,1.09,178.9,Map/Offsets,https://cgi.minorplanetcenter.net/cgi-bin/confirmeph2.cgi
20260523T234332Z,2026-05-23T23:43:32.407434Z,20260523T234332Z_batch01,KPMa1Ih,2026-05-24T19:00:00Z,11 07 26.1,166.85875000000001,-27 38 54,-27.648333333333333,112.8,23.4,1.09,178.9,Map/Offsets,https://cgi.minorplanetcenter.net/cgi-bin/confirmeph2.cgi
20260523T234332Z,2026-05-23T23:43:32.407434Z,20260523T234332Z_batch01,KPMa1Ih,2026-05-24T20:00:00Z,11 07 26.2,166.85916666666668,-27 39 59,-27.66638888888889,112.8,23.4,1.09,178.8,Map/Offsets,https://cgi.minorplanetcenter.net/cgi-bin/confirmeph2.cgi
20260523T234332Z,2026-05-23T23:43:32.407434Z,20260523T234332Z_batch01,KPMa1Ih,2026-05-24T21:00:00Z,11 07 26.3,166.85958333333335,-27 41 04,-27.684444444444445,112.8,23.4,1.09,178.8,Map/Offsets,https://cgi.minorplanetcenter.net/cgi-bin/confirmeph2.cgi
20260523T234332Z,2026-05-23T23:43:32.407434Z,20260523T234332Z_batch01,KPMa1Ih,2026-05-24T22:00:00Z,11 07 26.4,166.86,-27 42 10,-27.702777777777776,112.7,23.4,1.09,178.7,Map/Offsets,https://cgi.minorplanetcenter.net/cgi-bin/confirmeph2.cgi
