snapshot_id,fetched_at_utc,batch_id,designation,ephem_time_utc,ra_hms,ra_deg,dec_dms,dec_deg,elong_deg,v_mag,motion_arcsec_per_min,pa_deg,uncertainty,source_url
20260710T190001Z,2026-07-10T19:00:01.956882Z,20260710T190001Z_batch01,ZTF10Ek,2026-07-10T18:00:00Z,17 27 26.1,261.85875,+07 23 21,7.389166666666667,139.8,18.9,29.5,69.6,Map/Offsets   !,https://cgi.minorplanetcenter.net/cgi-bin/confirmeph2.cgi
20260710T190001Z,2026-07-10T19:00:01.956882Z,20260710T190001Z_batch01,ZTF10Ek,2026-07-10T19:00:00Z,17 29 16.5,262.31875,+07 33 30,7.558333333333334,139.9,18.9,28.89,69.7,Map/Offsets   !,https://cgi.minorplanetcenter.net/cgi-bin/confirmeph2.cgi
20260710T190001Z,2026-07-10T19:00:01.956882Z,20260710T190001Z_batch01,ZTF10Ek,2026-07-10T20:00:00Z,17 31 04.8,262.77,+07 43 25,7.723611111111111,140.1,18.9,28.31,69.8,Map/Offsets   !,https://cgi.minorplanetcenter.net/cgi-bin/confirmeph2.cgi
20260710T190001Z,2026-07-10T19:00:01.956882Z,20260710T190001Z_batch01,ZTF10Ek,2026-07-10T21:00:00Z,17 32 50.9,263.2120833333334,+07 53 06,7.885,140.2,19.0,27.73,69.8,Map/Offsets   !,https://cgi.minorplanetcenter.net/cgi-bin/confirmeph2.cgi
20260710T190001Z,2026-07-10T19:00:01.956882Z,20260710T190001Z_batch01,ZTF10Ek,2026-07-10T22:00:00Z,17 34 35.0,263.6458333333333,+08 02 33,8.0425,140.4,19.0,27.17,69.9,Map/Offsets   !,https://cgi.minorplanetcenter.net/cgi-bin/confirmeph2.cgi
20260710T190001Z,2026-07-10T19:00:01.956882Z,20260710T190001Z_batch01,ZTF10Ek,2026-07-10T23:00:00Z,17 36 17.1,264.07125,+08 11 47,8.196388888888889,140.5,19.0,26.63,70.0,Map/Offsets   !,https://cgi.minorplanetcenter.net/cgi-bin/confirmeph2.cgi
20260710T190001Z,2026-07-10T19:00:01.956882Z,20260710T190001Z_batch01,ZTF10Ek,2026-07-11T00:00:00Z,17 37 57.2,264.48833333333334,+08 20 48,8.346666666666668,140.6,19.0,26.1,70.0,Map/Offsets   !,https://cgi.minorplanetcenter.net/cgi-bin/confirmeph2.cgi
20260710T190001Z,2026-07-10T19:00:01.956882Z,20260710T190001Z_batch01,ZTF10Ek,2026-07-11T01:00:00Z,17 39 35.4,264.8975,+08 29 37,8.493611111111111,140.7,19.0,25.58,70.1,Map/Offsets   !,https://cgi.minorplanetcenter.net/cgi-bin/confirmeph2.cgi
20260710T190001Z,2026-07-10T19:00:01.956882Z,20260710T190001Z_batch01,ZTF10Ek,2026-07-11T02:00:00Z,17 41 11.7,265.29875000000004,+08 38 14,8.637222222222222,140.8,19.1,25.07,70.1,Map/Offsets   !,https://cgi.minorplanetcenter.net/cgi-bin/confirmeph2.cgi
20260710T190001Z,2026-07-10T19:00:01.956882Z,20260710T190001Z_batch01,ZTF10Ek,2026-07-11T03:00:00Z,17 42 46.2,265.6925,+08 46 39,8.777500000000002,140.9,19.1,24.57,70.2,Map/Offsets   !,https://cgi.minorplanetcenter.net/cgi-bin/confirmeph2.cgi
20260710T190001Z,2026-07-10T19:00:01.956882Z,20260710T190001Z_batch01,ZTF10Ek,2026-07-11T04:00:00Z,17 44 18.9,266.07875,+08 54 52,8.914444444444445,141.0,19.1,24.09,70.3,Map/Offsets   !,https://cgi.minorplanetcenter.net/cgi-bin/confirmeph2.cgi
20260710T190001Z,2026-07-10T19:00:01.956882Z,20260710T190001Z_batch01,ZTF10Ek,2026-07-11T05:00:00Z,17 45 49.9,266.4579166666667,+09 02 55,9.04861111111111,141.1,19.1,23.62,70.3,Map/Offsets   !,https://cgi.minorplanetcenter.net/cgi-bin/confirmeph2.cgi
20260710T190001Z,2026-07-10T19:00:01.956882Z,20260710T190001Z_batch01,ZTF10Ek,2026-07-11T06:00:00Z,17 47 19.1,266.82958333333335,+09 10 46,9.179444444444444,141.2,19.1,23.16,70.4,Map/Offsets   !,https://cgi.minorplanetcenter.net/cgi-bin/confirmeph2.cgi
20260710T190001Z,2026-07-10T19:00:01.956882Z,20260710T190001Z_batch01,ZTF10Ek,2026-07-11T07:00:00Z,17 48 46.7,267.1945833333333,+09 18 27,9.307500000000001,141.3,19.2,22.71,70.5,Map/Offsets   !,https://cgi.minorplanetcenter.net/cgi-bin/confirmeph2.cgi
20260710T190001Z,2026-07-10T19:00:01.956882Z,20260710T190001Z_batch01,ZTF10Ek,2026-07-11T08:00:00Z,17 50 12.7,267.55291666666665,+09 25 57,9.4325,141.4,19.2,22.27,70.5,Map/Offsets   !,https://cgi.minorplanetcenter.net/cgi-bin/confirmeph2.cgi
20260710T190001Z,2026-07-10T19:00:01.956882Z,20260710T190001Z_batch01,ZTF10Ek,2026-07-11T09:00:00Z,17 51 37.0,267.9041666666667,+09 33 17,9.554722222222223,141.5,19.2,21.85,70.6,Map/Offsets   !,https://cgi.minorplanetcenter.net/cgi-bin/confirmeph2.cgi
20260710T190001Z,2026-07-10T19:00:01.956882Z,20260710T190001Z_batch01,ZTF10Ek,2026-07-11T10:00:00Z,17 52 59.8,268.24916666666667,+09 40 28,9.674444444444443,141.5,19.2,21.43,70.7,Map/Offsets   !,https://cgi.minorplanetcenter.net/cgi-bin/confirmeph2.cgi
20260710T190001Z,2026-07-10T19:00:01.956882Z,20260710T190001Z_batch01,ZTF10Ek,2026-07-11T11:00:00Z,17 54 21.1,268.5879166666667,+09 47 29,9.79138888888889,141.6,19.2,21.02,70.7,Map/Offsets   !,https://cgi.minorplanetcenter.net/cgi-bin/confirmeph2.cgi
20260710T190001Z,2026-07-10T19:00:01.956882Z,20260710T190001Z_batch01,ZTF10Ek,2026-07-11T12:00:00Z,17 55 40.9,268.92041666666665,+09 54 21,9.905833333333334,141.7,19.3,20.63,70.8,Map/Offsets   !,https://cgi.minorplanetcenter.net/cgi-bin/confirmeph2.cgi
20260710T190001Z,2026-07-10T19:00:01.956882Z,20260710T190001Z_batch01,ZTF10Ek,2026-07-11T13:00:00Z,17 56 59.3,269.24708333333336,+10 01 04,10.017777777777779,141.7,19.3,20.24,70.9,Map/Offsets   !,https://cgi.minorplanetcenter.net/cgi-bin/confirmeph2.cgi
20260710T190001Z,2026-07-10T19:00:01.956882Z,20260710T190001Z_batch01,ZTF10Ek,2026-07-11T14:00:00Z,17 58 16.3,269.56791666666663,+10 07 38,10.127222222222223,141.8,19.3,19.86,70.9,Map/Offsets   !,https://cgi.minorplanetcenter.net/cgi-bin/confirmeph2.cgi
20260710T190001Z,2026-07-10T19:00:01.956882Z,20260710T190001Z_batch01,ZTF10Ek,2026-07-11T15:00:00Z,17 59 31.9,269.8829166666667,+10 14 03,10.234166666666665,141.9,19.3,19.5,71.0,Map/Offsets   !,https://cgi.minorplanetcenter.net/cgi-bin/confirmeph2.cgi
20260710T190001Z,2026-07-10T19:00:01.956882Z,20260710T190001Z_batch01,ZTF10Ek,2026-07-11T16:00:00Z,18 00 46.1,270.19208333333336,+10 20 20,10.33888888888889,141.9,19.3,19.14,71.0,Map/Offsets   !,https://cgi.minorplanetcenter.net/cgi-bin/confirmeph2.cgi
20260710T190001Z,2026-07-10T19:00:01.956882Z,20260710T190001Z_batch01,ZTF10Ek,2026-07-11T17:00:00Z,18 01 59.1,270.49625000000003,+10 26 29,10.44138888888889,142.0,19.3,18.79,71.1,Map/Offsets   !,https://cgi.minorplanetcenter.net/cgi-bin/confirmeph2.cgi
20260710T190001Z,2026-07-10T19:00:01.956882Z,20260710T190001Z_batch01,ZTF10Ek,2026-07-11T18:00:00Z,18 03 10.7,270.7945833333333,+10 32 30,10.541666666666666,142.0,19.4,18.44,71.2,Map/Offsets   !,https://cgi.minorplanetcenter.net/cgi-bin/confirmeph2.cgi
20260710T190001Z,2026-07-10T19:00:01.956882Z,20260710T190001Z_batch01,OCA1648,2026-07-10T18:00:00Z,19 14 13.7,288.55708333333337,-31 42 53,-31.71472222222222,170.4,18.8,0.86,345.0,Map/Offsets,https://cgi.minorplanetcenter.net/cgi-bin/confirmeph2.cgi
20260710T190001Z,2026-07-10T19:00:01.956882Z,20260710T190001Z_batch01,OCA1648,2026-07-10T19:00:00Z,19 14 12.6,288.5525,-31 42 03,-31.700833333333332,170.4,18.8,0.86,345.0,Map/Offsets,https://cgi.minorplanetcenter.net/cgi-bin/confirmeph2.cgi
20260710T190001Z,2026-07-10T19:00:01.956882Z,20260710T190001Z_batch01,OCA1648,2026-07-10T20:00:00Z,19 14 11.6,288.54833333333335,-31 41 14,-31.68722222222222,170.5,18.8,0.86,345.0,Map/Offsets,https://cgi.minorplanetcenter.net/cgi-bin/confirmeph2.cgi
20260710T190001Z,2026-07-10T19:00:01.956882Z,20260710T190001Z_batch01,OCA1648,2026-07-10T21:00:00Z,19 14 10.6,288.5441666666667,-31 40 24,-31.673333333333336,170.5,18.8,0.86,345.1,Map/Offsets,https://cgi.minorplanetcenter.net/cgi-bin/confirmeph2.cgi
20260710T190001Z,2026-07-10T19:00:01.956882Z,20260710T190001Z_batch01,OCA1648,2026-07-10T22:00:00Z,19 14 09.5,288.5395833333333,-31 39 34,-31.659444444444443,170.5,18.8,0.86,345.1,Map/Offsets,https://cgi.minorplanetcenter.net/cgi-bin/confirmeph2.cgi
20260710T190001Z,2026-07-10T19:00:01.956882Z,20260710T190001Z_batch01,OCA1648,2026-07-10T23:00:00Z,19 14 08.5,288.53541666666666,-31 38 45,-31.645833333333332,170.5,18.8,0.86,345.1,Map/Offsets,https://cgi.minorplanetcenter.net/cgi-bin/confirmeph2.cgi
20260710T190001Z,2026-07-10T19:00:01.956882Z,20260710T190001Z_batch01,OCA1648,2026-07-11T00:00:00Z,19 14 07.4,288.5308333333333,-31 37 55,-31.631944444444446,170.5,18.8,0.86,345.1,Map/Offsets,https://cgi.minorplanetcenter.net/cgi-bin/confirmeph2.cgi
20260710T190001Z,2026-07-10T19:00:01.956882Z,20260710T190001Z_batch01,OCA1648,2026-07-11T01:00:00Z,19 14 06.4,288.5266666666667,-31 37 05,-31.618055555555557,170.5,18.8,0.86,345.1,Map/Offsets,https://cgi.minorplanetcenter.net/cgi-bin/confirmeph2.cgi
20260710T190001Z,2026-07-10T19:00:01.956882Z,20260710T190001Z_batch01,OCA1648,2026-07-11T02:00:00Z,19 14 05.4,288.52250000000004,-31 36 15,-31.604166666666668,170.5,18.8,0.86,345.1,Map/Offsets,https://cgi.minorplanetcenter.net/cgi-bin/confirmeph2.cgi
20260710T190001Z,2026-07-10T19:00:01.956882Z,20260710T190001Z_batch01,OCA1648,2026-07-11T03:00:00Z,19 14 04.3,288.5179166666667,-31 35 25,-31.590277777777775,170.5,18.8,0.86,345.1,Map/Offsets,https://cgi.minorplanetcenter.net/cgi-bin/confirmeph2.cgi
20260710T190001Z,2026-07-10T19:00:01.956882Z,20260710T190001Z_batch01,OCA1648,2026-07-11T04:00:00Z,19 14 03.3,288.51375,-31 34 36,-31.576666666666668,170.5,18.8,0.86,345.1,Map/Offsets,https://cgi.minorplanetcenter.net/cgi-bin/confirmeph2.cgi
20260710T190001Z,2026-07-10T19:00:01.956882Z,20260710T190001Z_batch01,OCA1648,2026-07-11T05:00:00Z,19 14 02.2,288.5091666666667,-31 33 46,-31.56277777777778,170.5,18.8,0.86,345.1,Map/Offsets,https://cgi.minorplanetcenter.net/cgi-bin/confirmeph2.cgi
20260710T190001Z,2026-07-10T19:00:01.956882Z,20260710T190001Z_batch01,OCA1648,2026-07-11T06:00:00Z,19 14 01.2,288.505,-31 32 56,-31.54888888888889,170.5,18.8,0.86,345.1,Map/Offsets,https://cgi.minorplanetcenter.net/cgi-bin/confirmeph2.cgi
20260710T190001Z,2026-07-10T19:00:01.956882Z,20260710T190001Z_batch01,OCA1648,2026-07-11T07:00:00Z,19 14 00.2,288.50083333333333,-31 32 06,-31.535,170.5,18.8,0.86,345.1,Map/Offsets,https://cgi.minorplanetcenter.net/cgi-bin/confirmeph2.cgi
20260710T190001Z,2026-07-10T19:00:01.956882Z,20260710T190001Z_batch01,OCA1648,2026-07-11T08:00:00Z,19 13 59.1,288.49625,-31 31 16,-31.52111111111111,170.5,18.8,0.86,345.2,Map/Offsets,https://cgi.minorplanetcenter.net/cgi-bin/confirmeph2.cgi
20260710T190001Z,2026-07-10T19:00:01.956882Z,20260710T190001Z_batch01,OCA1648,2026-07-11T09:00:00Z,19 13 58.1,288.4920833333333,-31 30 26,-31.50722222222222,170.5,18.8,0.86,345.2,Map/Offsets,https://cgi.minorplanetcenter.net/cgi-bin/confirmeph2.cgi
20260710T190001Z,2026-07-10T19:00:01.956882Z,20260710T190001Z_batch01,OCA1648,2026-07-11T10:00:00Z,19 13 57.1,288.48791666666665,-31 29 35,-31.493055555555557,170.5,18.8,0.86,345.2,Map/Offsets,https://cgi.minorplanetcenter.net/cgi-bin/confirmeph2.cgi
20260710T190001Z,2026-07-10T19:00:01.956882Z,20260710T190001Z_batch01,OCA1648,2026-07-11T11:00:00Z,19 13 56.0,288.4833333333333,-31 28 45,-31.479166666666664,170.5,18.8,0.86,345.2,Map/Offsets,https://cgi.minorplanetcenter.net/cgi-bin/confirmeph2.cgi
20260710T190001Z,2026-07-10T19:00:01.956882Z,20260710T190001Z_batch01,OCA1648,2026-07-11T12:00:00Z,19 13 55.0,288.4791666666667,-31 27 55,-31.46527777777778,170.5,18.8,0.87,345.2,Map/Offsets,https://cgi.minorplanetcenter.net/cgi-bin/confirmeph2.cgi
20260710T190001Z,2026-07-10T19:00:01.956882Z,20260710T190001Z_batch01,OCA1648,2026-07-11T13:00:00Z,19 13 53.9,288.4745833333333,-31 27 05,-31.45138888888889,170.5,18.8,0.87,345.2,Map/Offsets,https://cgi.minorplanetcenter.net/cgi-bin/confirmeph2.cgi
20260710T190001Z,2026-07-10T19:00:01.956882Z,20260710T190001Z_batch01,OCA1648,2026-07-11T14:00:00Z,19 13 52.9,288.47041666666667,-31 26 15,-31.4375,170.5,18.8,0.87,345.2,Map/Offsets,https://cgi.minorplanetcenter.net/cgi-bin/confirmeph2.cgi
20260710T190001Z,2026-07-10T19:00:01.956882Z,20260710T190001Z_batch01,OCA1648,2026-07-11T15:00:00Z,19 13 51.9,288.46624999999995,-31 25 24,-31.423333333333336,170.5,18.8,0.87,345.2,Map/Offsets,https://cgi.minorplanetcenter.net/cgi-bin/confirmeph2.cgi
20260710T190001Z,2026-07-10T19:00:01.956882Z,20260710T190001Z_batch01,OCA1648,2026-07-11T16:00:00Z,19 13 50.8,288.4616666666666,-31 24 34,-31.409444444444443,170.5,18.8,0.87,345.2,Map/Offsets,https://cgi.minorplanetcenter.net/cgi-bin/confirmeph2.cgi
20260710T190001Z,2026-07-10T19:00:01.956882Z,20260710T190001Z_batch01,OCA1648,2026-07-11T17:00:00Z,19 13 49.8,288.4575,-31 23 44,-31.395555555555553,170.5,18.8,0.87,345.2,Map/Offsets,https://cgi.minorplanetcenter.net/cgi-bin/confirmeph2.cgi
20260710T190001Z,2026-07-10T19:00:01.956882Z,20260710T190001Z_batch01,OCA1648,2026-07-11T18:00:00Z,19 13 48.8,288.4533333333333,-31 22 54,-31.381666666666668,170.5,18.8,0.87,345.2,Map/Offsets,https://cgi.minorplanetcenter.net/cgi-bin/confirmeph2.cgi
20260710T190001Z,2026-07-10T19:00:01.956882Z,20260710T190001Z_batch01,A11Evr9,2026-07-10T18:00:00Z,22 46 16.9,341.57041666666663,-55 53 41,-55.89472222222222,129.3,18.5,18.68,284.7,Map/Offsets   !,https://cgi.minorplanetcenter.net/cgi-bin/confirmeph2.cgi
20260710T190001Z,2026-07-10T19:00:01.956882Z,20260710T190001Z_batch01,A11Evr9,2026-07-10T19:00:00Z,22 44 07.7,341.0320833333334,-55 48 50,-55.81388888888888,129.6,18.5,18.87,285.2,Map/Offsets   !,https://cgi.minorplanetcenter.net/cgi-bin/confirmeph2.cgi
20260710T190001Z,2026-07-10T19:00:01.956882Z,20260710T190001Z_batch01,A11Evr9,2026-07-10T20:00:00Z,22 41 57.7,340.4904166666667,-55 43 47,-55.72972222222222,129.9,18.5,19.06,285.6,Map/Offsets   !,https://cgi.minorplanetcenter.net/cgi-bin/confirmeph2.cgi
20260710T190001Z,2026-07-10T19:00:01.956882Z,20260710T190001Z_batch01,A11Evr9,2026-07-10T21:00:00Z,22 39 47.0,339.9458333333333,-55 38 33,-55.6425,130.3,18.5,19.25,286.1,Map/Offsets   !,https://cgi.minorplanetcenter.net/cgi-bin/confirmeph2.cgi
20260710T190001Z,2026-07-10T19:00:01.956882Z,20260710T190001Z_batch01,A11Evr9,2026-07-10T22:00:00Z,22 37 35.5,339.3979166666667,-55 33 07,-55.551944444444445,130.6,18.5,19.44,286.5,Map/Offsets   !,https://cgi.minorplanetcenter.net/cgi-bin/confirmeph2.cgi
20260710T190001Z,2026-07-10T19:00:01.956882Z,20260710T190001Z_batch01,A11Evr9,2026-07-10T23:00:00Z,22 35 23.4,338.84749999999997,-55 27 29,-55.45805555555556,131.0,18.4,19.64,287.0,Map/Offsets   !,https://cgi.minorplanetcenter.net/cgi-bin/confirmeph2.cgi
20260710T190001Z,2026-07-10T19:00:01.956882Z,20260710T190001Z_batch01,A11Evr9,2026-07-11T00:00:00Z,22 33 10.6,338.2941666666667,-55 21 38,-55.36055555555556,131.3,18.4,19.83,287.5,Map/Offsets   !,https://cgi.minorplanetcenter.net/cgi-bin/confirmeph2.cgi
20260710T190001Z,2026-07-10T19:00:01.956882Z,20260710T190001Z_batch01,A11Evr9,2026-07-11T01:00:00Z,22 30 57.1,337.73791666666665,-55 15 35,-55.25972222222222,131.7,18.4,20.03,287.9,Map/Offsets   !,https://cgi.minorplanetcenter.net/cgi-bin/confirmeph2.cgi
20260710T190001Z,2026-07-10T19:00:01.956882Z,20260710T190001Z_batch01,A11Evr9,2026-07-11T02:00:00Z,22 28 43.0,337.1791666666667,-55 09 19,-55.155277777777776,132.0,18.4,20.23,288.4,Map/Offsets   !,https://cgi.minorplanetcenter.net/cgi-bin/confirmeph2.cgi
20260710T190001Z,2026-07-10T19:00:01.956882Z,20260710T190001Z_batch01,A11Evr9,2026-07-11T03:00:00Z,22 26 28.3,336.6179166666667,-55 02 50,-55.04722222222222,132.4,18.4,20.43,288.8,Map/Offsets   !,https://cgi.minorplanetcenter.net/cgi-bin/confirmeph2.cgi
20260710T190001Z,2026-07-10T19:00:01.956882Z,20260710T190001Z_batch01,A11Evr9,2026-07-11T04:00:00Z,22 24 13.0,336.0541666666667,-54 56 07,-54.93527777777778,132.7,18.3,20.63,289.3,Map/Offsets   !,https://cgi.minorplanetcenter.net/cgi-bin/confirmeph2.cgi
20260710T190001Z,2026-07-10T19:00:01.956882Z,20260710T190001Z_batch01,A11Evr9,2026-07-11T05:00:00Z,22 21 57.2,335.48833333333334,-54 49 12,-54.82,133.1,18.3,20.83,289.8,Map/Offsets   !,https://cgi.minorplanetcenter.net/cgi-bin/confirmeph2.cgi
20260710T190001Z,2026-07-10T19:00:01.956882Z,20260710T190001Z_batch01,A11Evr9,2026-07-11T06:00:00Z,22 19 40.8,334.92,-54 42 02,-54.70055555555556,133.4,18.3,21.04,290.2,Map/Offsets   !,https://cgi.minorplanetcenter.net/cgi-bin/confirmeph2.cgi
20260710T190001Z,2026-07-10T19:00:01.956882Z,20260710T190001Z_batch01,A11Evr9,2026-07-11T07:00:00Z,22 17 23.9,334.3495833333334,-54 34 39,-54.5775,133.8,18.3,21.24,290.7,Map/Offsets   !,https://cgi.minorplanetcenter.net/cgi-bin/confirmeph2.cgi
20260710T190001Z,2026-07-10T19:00:01.956882Z,20260710T190001Z_batch01,A11Evr9,2026-07-11T08:00:00Z,22 15 06.5,333.77708333333334,-54 27 01,-54.45027777777778,134.2,18.3,21.45,291.2,Map/Offsets   !,https://cgi.minorplanetcenter.net/cgi-bin/confirmeph2.cgi
20260710T190001Z,2026-07-10T19:00:01.956882Z,20260710T190001Z_batch01,A11Evr9,2026-07-11T09:00:00Z,22 12 48.6,333.2025,-54 19 10,-54.31944444444445,134.6,18.2,21.66,291.6,Map/Offsets   !,https://cgi.minorplanetcenter.net/cgi-bin/confirmeph2.cgi
20260710T190001Z,2026-07-10T19:00:01.956882Z,20260710T190001Z_batch01,A11Evr9,2026-07-11T10:00:00Z,22 10 30.3,332.62625,-54 11 04,-54.18444444444444,134.9,18.2,21.87,292.1,Map/Offsets   !,https://cgi.minorplanetcenter.net/cgi-bin/confirmeph2.cgi
20260710T190001Z,2026-07-10T19:00:01.956882Z,20260710T190001Z_batch01,A11Evr9,2026-07-11T11:00:00Z,22 08 11.6,332.04833333333335,-54 02 43,-54.04527777777778,135.3,18.2,22.08,292.6,Map/Offsets   !,https://cgi.minorplanetcenter.net/cgi-bin/confirmeph2.cgi
20260710T190001Z,2026-07-10T19:00:01.956882Z,20260710T190001Z_batch01,A11Evr9,2026-07-11T12:00:00Z,22 05 52.4,331.46833333333336,-53 54 07,-53.901944444444446,135.7,18.2,22.29,293.0,Map/Offsets   !,https://cgi.minorplanetcenter.net/cgi-bin/confirmeph2.cgi
20260710T190001Z,2026-07-10T19:00:01.956882Z,20260710T190001Z_batch01,A11Evr9,2026-07-11T13:00:00Z,22 03 33.0,330.8875,-53 45 16,-53.754444444444445,136.1,18.2,22.51,293.5,Map/Offsets   !,https://cgi.minorplanetcenter.net/cgi-bin/confirmeph2.cgi
20260710T190001Z,2026-07-10T19:00:01.956882Z,20260710T190001Z_batch01,A11Evr9,2026-07-11T14:00:00Z,22 01 13.2,330.305,-53 36 10,-53.60277777777778,136.5,18.1,22.72,294.0,Map/Offsets   !,https://cgi.minorplanetcenter.net/cgi-bin/confirmeph2.cgi
20260710T190001Z,2026-07-10T19:00:01.956882Z,20260710T190001Z_batch01,A11Evr9,2026-07-11T15:00:00Z,21 58 53.0,329.7208333333333,-53 26 49,-53.44694444444444,136.9,18.1,22.94,294.4,Map/Offsets   !,https://cgi.minorplanetcenter.net/cgi-bin/confirmeph2.cgi
20260710T190001Z,2026-07-10T19:00:01.956882Z,20260710T190001Z_batch01,A11Evr9,2026-07-11T16:00:00Z,21 56 32.7,329.13625,-53 17 12,-53.28666666666666,137.3,18.1,23.15,294.9,Map/Offsets   !,https://cgi.minorplanetcenter.net/cgi-bin/confirmeph2.cgi
20260710T190001Z,2026-07-10T19:00:01.956882Z,20260710T190001Z_batch01,A11Evr9,2026-07-11T17:00:00Z,21 54 12.0,328.55,-53 07 19,-53.121944444444445,137.7,18.1,23.37,295.4,Map/Offsets   !,https://cgi.minorplanetcenter.net/cgi-bin/confirmeph2.cgi
20260710T190001Z,2026-07-10T19:00:01.956882Z,20260710T190001Z_batch01,A11Evr9,2026-07-11T18:00:00Z,21 51 51.2,327.96333333333337,-52 57 10,-52.95277777777778,138.1,18.1,23.59,295.8,Map/Offsets   !,https://cgi.minorplanetcenter.net/cgi-bin/confirmeph2.cgi
20260710T190001Z,2026-07-10T19:00:01.956882Z,20260710T190001Z_batch01,TF26G22,2026-07-10T18:00:00Z,20 38 52.5,309.71875,+10 15 51,10.264166666666666,142.0,19.7,35.06,124.5,Map/Offsets   !,https://cgi.minorplanetcenter.net/cgi-bin/confirmeph2.cgi
20260710T190001Z,2026-07-10T19:00:01.956882Z,20260710T190001Z_batch01,TF26G22,2026-07-10T19:00:00Z,20 40 50.3,310.20958333333334,+09 55 52,9.931111111111111,142.1,19.7,35.37,124.6,Map/Offsets   !,https://cgi.minorplanetcenter.net/cgi-bin/confirmeph2.cgi
20260710T190001Z,2026-07-10T19:00:01.956882Z,20260710T190001Z_batch01,TF26G22,2026-07-10T20:00:00Z,20 42 48.9,310.70375,+09 35 40,9.594444444444445,142.1,19.7,35.68,124.7,Map/Offsets   !,https://cgi.minorplanetcenter.net/cgi-bin/confirmeph2.cgi
20260710T190001Z,2026-07-10T19:00:01.956882Z,20260710T190001Z_batch01,TF26G22,2026-07-10T21:00:00Z,20 44 48.3,311.20125,+09 15 14,9.25388888888889,142.2,19.7,35.99,124.8,Map/Offsets   !,https://cgi.minorplanetcenter.net/cgi-bin/confirmeph2.cgi
20260710T190001Z,2026-07-10T19:00:01.956882Z,20260710T190001Z_batch01,TF26G22,2026-07-10T22:00:00Z,20 46 48.4,311.70166666666665,+08 54 36,8.91,142.2,19.7,36.29,124.9,Map/Offsets   !,https://cgi.minorplanetcenter.net/cgi-bin/confirmeph2.cgi
20260710T190001Z,2026-07-10T19:00:01.956882Z,20260710T190001Z_batch01,TF26G22,2026-07-10T23:00:00Z,20 48 49.4,312.2058333333333,+08 33 44,8.562222222222223,142.2,19.6,36.59,125.0,Map/Offsets   !,https://cgi.minorplanetcenter.net/cgi-bin/confirmeph2.cgi
20260710T190001Z,2026-07-10T19:00:01.956882Z,20260710T190001Z_batch01,TF26G22,2026-07-11T00:00:00Z,20 50 51.0,312.7125,+08 12 40,8.21111111111111,142.3,19.6,36.88,125.0,Map/Offsets   !,https://cgi.minorplanetcenter.net/cgi-bin/confirmeph2.cgi
20260710T190001Z,2026-07-10T19:00:01.956882Z,20260710T190001Z_batch01,TF26G22,2026-07-11T01:00:00Z,20 52 53.4,313.22249999999997,+07 51 24,7.8566666666666665,142.3,19.6,37.17,125.1,Map/Offsets   !,https://cgi.minorplanetcenter.net/cgi-bin/confirmeph2.cgi
20260710T190001Z,2026-07-10T19:00:01.956882Z,20260710T190001Z_batch01,TF26G22,2026-07-11T02:00:00Z,20 54 56.6,313.73583333333335,+07 29 56,7.498888888888889,142.3,19.6,37.45,125.2,Map/Offsets   !,https://cgi.minorplanetcenter.net/cgi-bin/confirmeph2.cgi
20260710T190001Z,2026-07-10T19:00:01.956882Z,20260710T190001Z_batch01,TF26G22,2026-07-11T03:00:00Z,20 57 00.4,314.25166666666667,+07 08 15,7.1375,142.3,19.6,37.72,125.2,Map/Offsets   !,https://cgi.minorplanetcenter.net/cgi-bin/confirmeph2.cgi
20260710T190001Z,2026-07-10T19:00:01.956882Z,20260710T190001Z_batch01,TF26G22,2026-07-11T04:00:00Z,20 59 04.9,314.7704166666667,+06 46 23,6.773055555555556,142.3,19.6,37.99,125.3,Map/Offsets   !,https://cgi.minorplanetcenter.net/cgi-bin/confirmeph2.cgi
20260710T190001Z,2026-07-10T19:00:01.956882Z,20260710T190001Z_batch01,TF26G22,2026-07-11T05:00:00Z,21 01 10.2,315.2925,+06 24 20,6.405555555555556,142.3,19.6,38.26,125.4,Map/Offsets   !,https://cgi.minorplanetcenter.net/cgi-bin/confirmeph2.cgi
20260710T190001Z,2026-07-10T19:00:01.956882Z,20260710T190001Z_batch01,TF26G22,2026-07-11T06:00:00Z,21 03 16.0,315.81666666666666,+06 02 05,6.034722222222222,142.2,19.6,38.51,125.4,Map/Offsets   !,https://cgi.minorplanetcenter.net/cgi-bin/confirmeph2.cgi
20260710T190001Z,2026-07-10T19:00:01.956882Z,20260710T190001Z_batch01,TF26G22,2026-07-11T07:00:00Z,21 05 22.6,316.34416666666664,+05 39 40,5.661111111111111,142.2,19.6,38.76,125.5,Map/Offsets   !,https://cgi.minorplanetcenter.net/cgi-bin/confirmeph2.cgi
20260710T190001Z,2026-07-10T19:00:01.956882Z,20260710T190001Z_batch01,TF26G22,2026-07-11T08:00:00Z,21 07 29.7,316.87375000000003,+05 17 04,5.2844444444444445,142.2,19.6,39.0,125.6,Map/Offsets   !,https://cgi.minorplanetcenter.net/cgi-bin/confirmeph2.cgi
20260710T190001Z,2026-07-10T19:00:01.956882Z,20260710T190001Z_batch01,TF26G22,2026-07-11T09:00:00Z,21 09 37.5,317.40625,+04 54 19,4.905277777777778,142.1,19.6,39.24,125.6,Map/Offsets   !,https://cgi.minorplanetcenter.net/cgi-bin/confirmeph2.cgi
20260710T190001Z,2026-07-10T19:00:01.956882Z,20260710T190001Z_batch01,TF26G22,2026-07-11T10:00:00Z,21 11 45.9,317.94125,+04 31 23,4.523055555555556,142.1,19.6,39.46,125.7,Map/Offsets   !,https://cgi.minorplanetcenter.net/cgi-bin/confirmeph2.cgi
20260710T190001Z,2026-07-10T19:00:01.956882Z,20260710T190001Z_batch01,TF26G22,2026-07-11T11:00:00Z,21 13 54.8,318.4783333333333,+04 08 19,4.1386111111111115,142.0,19.6,39.68,125.7,Map/Offsets   !,https://cgi.minorplanetcenter.net/cgi-bin/confirmeph2.cgi
20260710T190001Z,2026-07-10T19:00:01.956882Z,20260710T190001Z_batch01,TF26G22,2026-07-11T12:00:00Z,21 16 04.3,319.0179166666666,+03 45 05,3.751388888888889,141.9,19.6,39.89,125.7,Map/Offsets   !,https://cgi.minorplanetcenter.net/cgi-bin/confirmeph2.cgi
20260710T190001Z,2026-07-10T19:00:01.956882Z,20260710T190001Z_batch01,TF26G22,2026-07-11T13:00:00Z,21 18 14.4,319.56000000000006,+03 21 44,3.3622222222222224,141.8,19.6,40.08,125.8,Map/Offsets   !,https://cgi.minorplanetcenter.net/cgi-bin/confirmeph2.cgi
20260710T190001Z,2026-07-10T19:00:01.956882Z,20260710T190001Z_batch01,TF26G22,2026-07-11T14:00:00Z,21 20 24.9,320.10375,+02 58 14,2.970555555555556,141.7,19.5,40.27,125.8,Map/Offsets   !,https://cgi.minorplanetcenter.net/cgi-bin/confirmeph2.cgi
20260710T190001Z,2026-07-10T19:00:01.956882Z,20260710T190001Z_batch01,TF26G22,2026-07-11T15:00:00Z,21 22 36.0,320.65000000000003,+02 34 36,2.576666666666666,141.6,19.5,40.45,125.8,Map/Offsets   !,https://cgi.minorplanetcenter.net/cgi-bin/confirmeph2.cgi
20260710T190001Z,2026-07-10T19:00:01.956882Z,20260710T190001Z_batch01,TF26G22,2026-07-11T16:00:00Z,21 24 47.5,321.19791666666663,+02 10 52,2.181111111111111,141.5,19.5,40.62,125.9,Map/Offsets   !,https://cgi.minorplanetcenter.net/cgi-bin/confirmeph2.cgi
20260710T190001Z,2026-07-10T19:00:01.956882Z,20260710T190001Z_batch01,TF26G22,2026-07-11T17:00:00Z,21 26 59.5,321.7479166666667,+01 47 01,1.783611111111111,141.4,19.5,40.78,125.9,Map/Offsets   !,https://cgi.minorplanetcenter.net/cgi-bin/confirmeph2.cgi
20260710T190001Z,2026-07-10T19:00:01.956882Z,20260710T190001Z_batch01,TF26G22,2026-07-11T18:00:00Z,21 29 12.0,322.3,+01 23 03,1.3841666666666665,141.2,19.5,40.93,125.9,Map/Offsets   !,https://cgi.minorplanetcenter.net/cgi-bin/confirmeph2.cgi
20260710T190001Z,2026-07-10T19:00:01.956882Z,20260710T190001Z_batch01,ST26G18,2026-07-10T18:00:00Z,21 12 06.5,318.02708333333334,+23 00 39,23.010833333333334,127.0,19.9,72.14,9.7,Map/Offsets   !,https://cgi.minorplanetcenter.net/cgi-bin/confirmeph2.cgi
20260710T190001Z,2026-07-10T19:00:01.956882Z,20260710T190001Z_batch01,ST26G18,2026-07-10T19:00:00Z,21 13 00.3,318.25124999999997,+24 12 45,24.2125,125.9,19.9,74.14,9.8,Map/Offsets   !,https://cgi.minorplanetcenter.net/cgi-bin/confirmeph2.cgi
20260710T190001Z,2026-07-10T19:00:01.956882Z,20260710T190001Z_batch01,ST26G18,2026-07-10T20:00:00Z,21 13 56.7,318.48625,+25 26 48,25.446666666666665,124.8,19.9,76.15,9.9,Map/Offsets   !,https://cgi.minorplanetcenter.net/cgi-bin/confirmeph2.cgi
20260710T190001Z,2026-07-10T19:00:01.956882Z,20260710T190001Z_batch01,ST26G18,2026-07-10T21:00:00Z,21 14 55.8,318.7325,+26 42 48,26.71333333333333,123.6,19.9,78.17,10.0,Map/Offsets   !,https://cgi.minorplanetcenter.net/cgi-bin/confirmeph2.cgi
20260710T190001Z,2026-07-10T19:00:01.956882Z,20260710T190001Z_batch01,ST26G18,2026-07-10T22:00:00Z,21 15 57.8,318.99083333333334,+28 00 46,28.012777777777778,122.4,19.9,80.18,10.1,Map/Offsets   !,https://cgi.minorplanetcenter.net/cgi-bin/confirmeph2.cgi
20260710T190001Z,2026-07-10T19:00:01.956882Z,20260710T190001Z_batch01,ST26G18,2026-07-10T23:00:00Z,21 17 03.0,319.2625,+29 20 41,29.34472222222222,121.2,19.9,82.18,10.2,Map/Offsets   !,https://cgi.minorplanetcenter.net/cgi-bin/confirmeph2.cgi
20260710T190001Z,2026-07-10T19:00:01.956882Z,20260710T190001Z_batch01,ST26G18,2026-07-11T00:00:00Z,21 18 11.6,319.54833333333335,+30 42 32,30.70888888888889,119.9,20.0,84.17,10.3,Map/Offsets   !,https://cgi.minorplanetcenter.net/cgi-bin/confirmeph2.cgi
20260710T190001Z,2026-07-10T19:00:01.956882Z,20260710T190001Z_batch01,ST26G18,2026-07-11T01:00:00Z,21 19 23.8,319.8491666666667,+32 06 16,32.10444444444445,118.6,20.0,86.12,10.5,Map/Offsets   !,https://cgi.minorplanetcenter.net/cgi-bin/confirmeph2.cgi
20260710T190001Z,2026-07-10T19:00:01.956882Z,20260710T190001Z_batch01,ST26G18,2026-07-11T02:00:00Z,21 20 40.0,320.1666666666667,+33 31 51,33.530833333333334,117.3,20.0,88.02,10.7,Map/Offsets   !,https://cgi.minorplanetcenter.net/cgi-bin/confirmeph2.cgi
20260710T190001Z,2026-07-10T19:00:01.956882Z,20260710T190001Z_batch01,ST26G18,2026-07-11T03:00:00Z,21 22 00.4,320.50166666666667,+34 59 15,34.987500000000004,116.0,20.0,89.87,10.9,Map/Offsets   !,https://cgi.minorplanetcenter.net/cgi-bin/confirmeph2.cgi
20260710T190001Z,2026-07-10T19:00:01.956882Z,20260710T190001Z_batch01,ST26G18,2026-07-11T04:00:00Z,21 23 25.5,320.85625,+36 28 21,36.472500000000004,114.6,20.0,91.66,11.1,Map/Offsets   !,https://cgi.minorplanetcenter.net/cgi-bin/confirmeph2.cgi
20260710T190001Z,2026-07-10T19:00:01.956882Z,20260710T190001Z_batch01,ST26G18,2026-07-11T05:00:00Z,21 24 55.6,321.2316666666666,+37 59 07,37.98527777777778,113.1,20.0,93.36,11.3,Map/Offsets   !,https://cgi.minorplanetcenter.net/cgi-bin/confirmeph2.cgi
20260710T190001Z,2026-07-10T19:00:01.956882Z,20260710T190001Z_batch01,ST26G18,2026-07-11T06:00:00Z,21 26 31.3,321.6304166666667,+39 31 26,39.52388888888889,111.7,20.1,94.97,11.5,Map/Offsets   !,https://cgi.minorplanetcenter.net/cgi-bin/confirmeph2.cgi
20260710T190001Z,2026-07-10T19:00:01.956882Z,20260710T190001Z_batch01,ST26G18,2026-07-11T07:00:00Z,21 28 13.0,322.0541666666667,+41 05 11,41.08638888888889,110.2,20.1,96.48,11.8,Map/Offsets   !,https://cgi.minorplanetcenter.net/cgi-bin/confirmeph2.cgi
20260710T190001Z,2026-07-10T19:00:01.956882Z,20260710T190001Z_batch01,ST26G18,2026-07-11T08:00:00Z,21 30 01.2,322.505,+42 40 15,42.670833333333334,108.7,20.1,97.86,12.1,Map/Offsets   !,https://cgi.minorplanetcenter.net/cgi-bin/confirmeph2.cgi
20260710T190001Z,2026-07-10T19:00:01.956882Z,20260710T190001Z_batch01,ST26G18,2026-07-11T09:00:00Z,21 31 56.7,322.98625,+44 16 30,44.275,107.2,20.2,99.11,12.5,Map/Offsets   !,https://cgi.minorplanetcenter.net/cgi-bin/confirmeph2.cgi
20260710T190001Z,2026-07-10T19:00:01.956882Z,20260710T190001Z_batch01,ST26G18,2026-07-11T10:00:00Z,21 34 00.2,323.50083333333333,+45 53 46,45.89611111111111,105.6,20.2,100.2,12.8,Map/Offsets   !,https://cgi.minorplanetcenter.net/cgi-bin/confirmeph2.cgi
20260710T190001Z,2026-07-10T19:00:01.956882Z,20260710T190001Z_batch01,ST26G18,2026-07-11T11:00:00Z,21 36 12.5,324.05208333333337,+47 31 54,47.531666666666666,104.0,20.2,101.2,13.2,Map/Offsets   !,https://cgi.minorplanetcenter.net/cgi-bin/confirmeph2.cgi
20260710T190001Z,2026-07-10T19:00:01.956882Z,20260710T190001Z_batch01,ST26G18,2026-07-11T12:00:00Z,21 38 34.6,324.6441666666667,+49 10 43,49.17861111111111,102.5,20.3,102.0,13.7,Map/Offsets   !,https://cgi.minorplanetcenter.net/cgi-bin/confirmeph2.cgi
20260710T190001Z,2026-07-10T19:00:01.956882Z,20260710T190001Z_batch01,ST26G18,2026-07-11T13:00:00Z,21 41 07.6,325.2816666666667,+50 50 01,50.83361111111111,100.9,20.3,102.6,14.1,Map/Offsets   !,https://cgi.minorplanetcenter.net/cgi-bin/confirmeph2.cgi
20260710T190001Z,2026-07-10T19:00:01.956882Z,20260710T190001Z_batch01,ST26G18,2026-07-11T14:00:00Z,21 43 52.6,325.96916666666664,+52 29 37,52.493611111111115,99.3,20.4,103.0,14.7,Map/Offsets   !,https://cgi.minorplanetcenter.net/cgi-bin/confirmeph2.cgi
20260710T190001Z,2026-07-10T19:00:01.956882Z,20260710T190001Z_batch01,ST26G18,2026-07-11T15:00:00Z,21 46 51.3,326.71375,+54 09 17,54.15472222222222,97.6,20.4,103.3,15.3,Map/Offsets   !,https://cgi.minorplanetcenter.net/cgi-bin/confirmeph2.cgi
20260710T190001Z,2026-07-10T19:00:01.956882Z,20260710T190001Z_batch01,ST26G18,2026-07-11T16:00:00Z,21 50 05.1,327.52125,+55 48 50,55.81388888888888,96.0,20.5,103.4,15.9,Map/Offsets   !,https://cgi.minorplanetcenter.net/cgi-bin/confirmeph2.cgi
20260710T190001Z,2026-07-10T19:00:01.956882Z,20260710T190001Z_batch01,ST26G18,2026-07-11T17:00:00Z,21 53 36.2,328.40083333333337,+57 28 00,57.46666666666667,94.4,20.5,103.3,16.7,Map/Offsets   !,https://cgi.minorplanetcenter.net/cgi-bin/confirmeph2.cgi
20260710T190001Z,2026-07-10T19:00:01.956882Z,20260710T190001Z_batch01,ST26G18,2026-07-11T18:00:00Z,21 57 26.7,329.36125,+59 06 35,59.109722222222224,92.8,20.6,103.0,17.5,Map/Offsets   !,https://cgi.minorplanetcenter.net/cgi-bin/confirmeph2.cgi
20260710T190001Z,2026-07-10T19:00:01.956882Z,20260710T190001Z_batch01,ST26G17,2026-07-10T18:00:00Z,20 41 43.2,310.43,+09 33 46,9.562777777777779,142.3,20.0,38.73,123.7,Map/Offsets   !,https://cgi.minorplanetcenter.net/cgi-bin/confirmeph2.cgi
20260710T190001Z,2026-07-10T19:00:01.956882Z,20260710T190001Z_batch01,ST26G17,2026-07-10T19:00:00Z,20 43 54.1,310.97541666666666,+09 12 12,9.203333333333333,142.3,20.0,38.95,123.8,Map/Offsets   !,https://cgi.minorplanetcenter.net/cgi-bin/confirmeph2.cgi
20260710T190001Z,2026-07-10T19:00:01.956882Z,20260710T190001Z_batch01,ST26G17,2026-07-10T20:00:00Z,20 46 05.5,311.5229166666667,+08 50 27,8.840833333333334,142.3,20.0,39.16,123.9,Map/Offsets   !,https://cgi.minorplanetcenter.net/cgi-bin/confirmeph2.cgi
20260710T190001Z,2026-07-10T19:00:01.956882Z,20260710T190001Z_batch01,ST26G17,2026-07-10T21:00:00Z,20 48 17.3,312.07208333333335,+08 28 33,8.475833333333334,142.3,20.0,39.36,124.0,Map/Offsets   !,https://cgi.minorplanetcenter.net/cgi-bin/confirmeph2.cgi
20260710T190001Z,2026-07-10T19:00:01.956882Z,20260710T190001Z_batch01,ST26G17,2026-07-10T22:00:00Z,20 50 29.6,312.62333333333333,+08 06 30,8.108333333333333,142.3,20.0,39.55,124.0,Map/Offsets   !,https://cgi.minorplanetcenter.net/cgi-bin/confirmeph2.cgi
20260710T190001Z,2026-07-10T19:00:01.956882Z,20260710T190001Z_batch01,ST26G17,2026-07-10T23:00:00Z,20 52 42.2,313.17583333333334,+07 44 17,7.7380555555555555,142.4,20.0,39.73,124.1,Map/Offsets   !,https://cgi.minorplanetcenter.net/cgi-bin/confirmeph2.cgi
20260710T190001Z,2026-07-10T19:00:01.956882Z,20260710T190001Z_batch01,ST26G17,2026-07-11T00:00:00Z,20 54 55.1,313.7295833333333,+07 21 56,7.365555555555555,142.3,20.0,39.9,124.2,Map/Offsets   !,https://cgi.minorplanetcenter.net/cgi-bin/confirmeph2.cgi
20260710T190001Z,2026-07-10T19:00:01.956882Z,20260710T190001Z_batch01,ST26G17,2026-07-11T01:00:00Z,20 57 08.4,314.28499999999997,+06 59 26,6.990555555555556,142.3,20.0,40.06,124.3,Map/Offsets   !,https://cgi.minorplanetcenter.net/cgi-bin/confirmeph2.cgi
20260710T190001Z,2026-07-10T19:00:01.956882Z,20260710T190001Z_batch01,ST26G17,2026-07-11T02:00:00Z,20 59 21.9,314.84125,+06 36 49,6.613611111111111,142.3,20.0,40.22,124.3,Map/Offsets   !,https://cgi.minorplanetcenter.net/cgi-bin/confirmeph2.cgi
20260710T190001Z,2026-07-10T19:00:01.956882Z,20260710T190001Z_batch01,ST26G17,2026-07-11T03:00:00Z,21 01 35.8,315.39916666666664,+06 14 04,6.234444444444445,142.3,20.0,40.36,124.4,Map/Offsets   !,https://cgi.minorplanetcenter.net/cgi-bin/confirmeph2.cgi
20260710T190001Z,2026-07-10T19:00:01.956882Z,20260710T190001Z_batch01,ST26G17,2026-07-11T04:00:00Z,21 03 49.9,315.9579166666667,+05 51 12,5.853333333333333,142.2,20.0,40.49,124.5,Map/Offsets   !,https://cgi.minorplanetcenter.net/cgi-bin/confirmeph2.cgi
20260710T190001Z,2026-07-10T19:00:01.956882Z,20260710T190001Z_batch01,ST26G17,2026-07-11T05:00:00Z,21 06 04.3,316.5179166666667,+05 28 14,5.470555555555555,142.2,20.0,40.61,124.5,Map/Offsets   !,https://cgi.minorplanetcenter.net/cgi-bin/confirmeph2.cgi
20260710T190001Z,2026-07-10T19:00:01.956882Z,20260710T190001Z_batch01,ST26G17,2026-07-11T06:00:00Z,21 08 18.8,317.0783333333333,+05 05 10,5.086111111111111,142.1,20.0,40.72,124.6,Map/Offsets   !,https://cgi.minorplanetcenter.net/cgi-bin/confirmeph2.cgi
20260710T190001Z,2026-07-10T19:00:01.956882Z,20260710T190001Z_batch01,ST26G17,2026-07-11T07:00:00Z,21 10 33.5,317.63958333333335,+04 42 00,4.7,142.0,20.0,40.82,124.6,Map/Offsets   !,https://cgi.minorplanetcenter.net/cgi-bin/confirmeph2.cgi
20260710T190001Z,2026-07-10T19:00:01.956882Z,20260710T190001Z_batch01,ST26G17,2026-07-11T08:00:00Z,21 12 48.4,318.20166666666665,+04 18 46,4.312777777777778,142.0,20.0,40.91,124.7,Map/Offsets   !,https://cgi.minorplanetcenter.net/cgi-bin/confirmeph2.cgi
20260710T190001Z,2026-07-10T19:00:01.956882Z,20260710T190001Z_batch01,ST26G17,2026-07-11T09:00:00Z,21 15 03.4,318.7641666666667,+03 55 27,3.9241666666666664,141.9,20.0,40.99,124.7,Map/Offsets   !,https://cgi.minorplanetcenter.net/cgi-bin/confirmeph2.cgi
20260710T190001Z,2026-07-10T19:00:01.956882Z,20260710T190001Z_batch01,ST26G17,2026-07-11T10:00:00Z,21 17 18.5,319.32708333333335,+03 32 04,3.5344444444444445,141.8,20.0,41.05,124.8,Map/Offsets   !,https://cgi.minorplanetcenter.net/cgi-bin/confirmeph2.cgi
20260710T190001Z,2026-07-10T19:00:01.956882Z,20260710T190001Z_batch01,ST26G17,2026-07-11T11:00:00Z,21 19 33.7,319.8904166666667,+03 08 38,3.1438888888888887,141.7,20.0,41.11,124.8,Map/Offsets   !,https://cgi.minorplanetcenter.net/cgi-bin/confirmeph2.cgi
20260710T190001Z,2026-07-10T19:00:01.956882Z,20260710T190001Z_batch01,ST26G17,2026-07-11T12:00:00Z,21 21 49.0,320.45416666666665,+02 45 09,2.7525,141.5,20.0,41.15,124.8,Map/Offsets   !,https://cgi.minorplanetcenter.net/cgi-bin/confirmeph2.cgi
20260710T190001Z,2026-07-10T19:00:01.956882Z,20260710T190001Z_batch01,ST26G17,2026-07-11T13:00:00Z,21 24 04.2,321.0175,+02 21 37,2.3602777777777777,141.4,20.0,41.18,124.9,Map/Offsets   !,https://cgi.minorplanetcenter.net/cgi-bin/confirmeph2.cgi
20260710T190001Z,2026-07-10T19:00:01.956882Z,20260710T190001Z_batch01,ST26G17,2026-07-11T14:00:00Z,21 26 19.5,321.58124999999995,+01 58 04,1.9677777777777778,141.3,20.0,41.2,124.9,Map/Offsets   !,https://cgi.minorplanetcenter.net/cgi-bin/confirmeph2.cgi
20260710T190001Z,2026-07-10T19:00:01.956882Z,20260710T190001Z_batch01,ST26G17,2026-07-11T15:00:00Z,21 28 34.7,322.14458333333334,+01 34 30,1.575,141.1,20.0,41.2,124.9,Map/Offsets   !,https://cgi.minorplanetcenter.net/cgi-bin/confirmeph2.cgi
20260710T190001Z,2026-07-10T19:00:01.956882Z,20260710T190001Z_batch01,ST26G17,2026-07-11T16:00:00Z,21 30 49.9,322.7079166666667,+01 10 54,1.1816666666666666,141.0,20.0,41.2,124.9,Map/Offsets   !,https://cgi.minorplanetcenter.net/cgi-bin/confirmeph2.cgi
20260710T190001Z,2026-07-10T19:00:01.956882Z,20260710T190001Z_batch01,ST26G17,2026-07-11T17:00:00Z,21 33 05.0,323.27083333333337,+00 47 19,0.7886111111111112,140.8,20.0,41.18,124.9,Map/Offsets   !,https://cgi.minorplanetcenter.net/cgi-bin/confirmeph2.cgi
20260710T190001Z,2026-07-10T19:00:01.956882Z,20260710T190001Z_batch01,ST26G17,2026-07-11T18:00:00Z,21 35 20.0,323.8333333333333,+00 23 44,0.3955555555555556,140.6,20.0,41.15,125.0,Map/Offsets   !,https://cgi.minorplanetcenter.net/cgi-bin/confirmeph2.cgi
20260710T190001Z,2026-07-10T19:00:01.956882Z,20260710T190001Z_batch01,CEQKE72,2026-07-10T18:00:00Z,16 13 27.4,243.36416666666662,+11 34 44,11.578888888888889,123.4,21.4,1.26,121.8,Map/Offsets,https://cgi.minorplanetcenter.net/cgi-bin/confirmeph2.cgi
20260710T190001Z,2026-07-10T19:00:01.956882Z,20260710T190001Z_batch01,CEQKE72,2026-07-10T19:00:00Z,16 13 31.8,243.38249999999994,+11 34 04,11.567777777777778,123.4,21.4,1.26,121.8,Map/Offsets,https://cgi.minorplanetcenter.net/cgi-bin/confirmeph2.cgi
20260710T190001Z,2026-07-10T19:00:01.956882Z,20260710T190001Z_batch01,CEQKE72,2026-07-10T20:00:00Z,16 13 36.2,243.4008333333333,+11 33 24,11.556666666666667,123.4,21.4,1.26,121.8,Map/Offsets,https://cgi.minorplanetcenter.net/cgi-bin/confirmeph2.cgi
20260710T190001Z,2026-07-10T19:00:01.956882Z,20260710T190001Z_batch01,CEQKE72,2026-07-10T21:00:00Z,16 13 40.5,243.41875,+11 32 44,11.545555555555556,123.4,21.4,1.26,121.8,Map/Offsets,https://cgi.minorplanetcenter.net/cgi-bin/confirmeph2.cgi
20260710T190001Z,2026-07-10T19:00:01.956882Z,20260710T190001Z_batch01,CEQKE72,2026-07-10T22:00:00Z,16 13 44.9,243.4370833333333,+11 32 05,11.534722222222221,123.4,21.4,1.26,121.8,Map/Offsets,https://cgi.minorplanetcenter.net/cgi-bin/confirmeph2.cgi
20260710T190001Z,2026-07-10T19:00:01.956882Z,20260710T190001Z_batch01,CEQKE72,2026-07-10T23:00:00Z,16 13 49.3,243.45541666666662,+11 31 25,11.523611111111112,123.4,21.4,1.26,121.8,Map/Offsets,https://cgi.minorplanetcenter.net/cgi-bin/confirmeph2.cgi
20260710T190001Z,2026-07-10T19:00:01.956882Z,20260710T190001Z_batch01,CEQKE72,2026-07-11T00:00:00Z,16 13 53.6,243.47333333333333,+11 30 45,11.5125,123.4,21.4,1.26,121.8,Map/Offsets,https://cgi.minorplanetcenter.net/cgi-bin/confirmeph2.cgi
20260710T190001Z,2026-07-10T19:00:01.956882Z,20260710T190001Z_batch01,CEQKE72,2026-07-11T01:00:00Z,16 13 58.0,243.49166666666665,+11 30 05,11.501388888888888,123.4,21.4,1.26,121.8,Map/Offsets,https://cgi.minorplanetcenter.net/cgi-bin/confirmeph2.cgi
20260710T190001Z,2026-07-10T19:00:01.956882Z,20260710T190001Z_batch01,CEQKE72,2026-07-11T02:00:00Z,16 14 02.3,243.50958333333335,+11 29 25,11.490277777777777,123.4,21.4,1.26,121.8,Map/Offsets,https://cgi.minorplanetcenter.net/cgi-bin/confirmeph2.cgi
20260710T190001Z,2026-07-10T19:00:01.956882Z,20260710T190001Z_batch01,CEQKE72,2026-07-11T03:00:00Z,16 14 06.7,243.52791666666667,+11 28 46,11.479444444444445,123.3,21.4,1.26,121.8,Map/Offsets,https://cgi.minorplanetcenter.net/cgi-bin/confirmeph2.cgi
20260710T190001Z,2026-07-10T19:00:01.956882Z,20260710T190001Z_batch01,CEQKE72,2026-07-11T04:00:00Z,16 14 11.1,243.54625000000001,+11 28 06,11.468333333333334,123.3,21.4,1.26,121.9,Map/Offsets,https://cgi.minorplanetcenter.net/cgi-bin/confirmeph2.cgi
20260710T190001Z,2026-07-10T19:00:01.956882Z,20260710T190001Z_batch01,CEQKE72,2026-07-11T05:00:00Z,16 14 15.4,243.56416666666667,+11 27 26,11.45722222222222,123.3,21.4,1.26,121.9,Map/Offsets,https://cgi.minorplanetcenter.net/cgi-bin/confirmeph2.cgi
20260710T190001Z,2026-07-10T19:00:01.956882Z,20260710T190001Z_batch01,CEQKE72,2026-07-11T06:00:00Z,16 14 19.8,243.58250000000004,+11 26 46,11.446111111111112,123.3,21.4,1.26,121.9,Map/Offsets,https://cgi.minorplanetcenter.net/cgi-bin/confirmeph2.cgi
20260710T190001Z,2026-07-10T19:00:01.956882Z,20260710T190001Z_batch01,CEQKE72,2026-07-11T07:00:00Z,16 14 24.2,243.60083333333336,+11 26 06,11.435,123.3,21.4,1.26,121.9,Map/Offsets,https://cgi.minorplanetcenter.net/cgi-bin/confirmeph2.cgi
20260710T190001Z,2026-07-10T19:00:01.956882Z,20260710T190001Z_batch01,CEQKE72,2026-07-11T08:00:00Z,16 14 28.5,243.61875,+11 25 26,11.423888888888888,123.3,21.4,1.26,121.9,Map/Offsets,https://cgi.minorplanetcenter.net/cgi-bin/confirmeph2.cgi
20260710T190001Z,2026-07-10T19:00:01.956882Z,20260710T190001Z_batch01,CEQKE72,2026-07-11T09:00:00Z,16 14 32.9,243.63708333333332,+11 24 46,11.412777777777778,123.3,21.4,1.26,121.9,Map/Offsets,https://cgi.minorplanetcenter.net/cgi-bin/confirmeph2.cgi
20260710T190001Z,2026-07-10T19:00:01.956882Z,20260710T190001Z_batch01,CEQKE72,2026-07-11T10:00:00Z,16 14 37.3,243.6554166666667,+11 24 06,11.401666666666667,123.3,21.4,1.26,121.9,Map/Offsets,https://cgi.minorplanetcenter.net/cgi-bin/confirmeph2.cgi
20260710T190001Z,2026-07-10T19:00:01.956882Z,20260710T190001Z_batch01,CEQKE72,2026-07-11T11:00:00Z,16 14 41.6,243.67333333333337,+11 23 26,11.390555555555554,123.3,21.4,1.26,121.9,Map/Offsets,https://cgi.minorplanetcenter.net/cgi-bin/confirmeph2.cgi
20260710T190001Z,2026-07-10T19:00:01.956882Z,20260710T190001Z_batch01,CEQKE72,2026-07-11T12:00:00Z,16 14 46.0,243.6916666666667,+11 22 46,11.379444444444445,123.3,21.4,1.26,121.9,Map/Offsets,https://cgi.minorplanetcenter.net/cgi-bin/confirmeph2.cgi
20260710T190001Z,2026-07-10T19:00:01.956882Z,20260710T190001Z_batch01,CEQKE72,2026-07-11T13:00:00Z,16 14 50.4,243.71,+11 22 06,11.368333333333334,123.3,21.4,1.26,121.9,Map/Offsets,https://cgi.minorplanetcenter.net/cgi-bin/confirmeph2.cgi
20260710T190001Z,2026-07-10T19:00:01.956882Z,20260710T190001Z_batch01,CEQKE72,2026-07-11T14:00:00Z,16 14 54.7,243.72791666666666,+11 21 26,11.357222222222221,123.2,21.4,1.26,121.9,Map/Offsets,https://cgi.minorplanetcenter.net/cgi-bin/confirmeph2.cgi
20260710T190001Z,2026-07-10T19:00:01.956882Z,20260710T190001Z_batch01,CEQKE72,2026-07-11T15:00:00Z,16 14 59.1,243.74625000000003,+11 20 46,11.346111111111112,123.2,21.4,1.26,121.9,Map/Offsets,https://cgi.minorplanetcenter.net/cgi-bin/confirmeph2.cgi
20260710T190001Z,2026-07-10T19:00:01.956882Z,20260710T190001Z_batch01,CEQKE72,2026-07-11T16:00:00Z,16 15 03.5,243.76458333333335,+11 20 06,11.335,123.2,21.4,1.26,122.0,Map/Offsets,https://cgi.minorplanetcenter.net/cgi-bin/confirmeph2.cgi
20260710T190001Z,2026-07-10T19:00:01.956882Z,20260710T190001Z_batch01,CEQKE72,2026-07-11T17:00:00Z,16 15 07.9,243.78291666666667,+11 19 26,11.323888888888888,123.2,21.4,1.26,122.0,Map/Offsets,https://cgi.minorplanetcenter.net/cgi-bin/confirmeph2.cgi
20260710T190001Z,2026-07-10T19:00:01.956882Z,20260710T190001Z_batch01,CEQKE72,2026-07-11T18:00:00Z,16 15 12.2,243.80083333333334,+11 18 46,11.312777777777779,123.2,21.4,1.26,122.0,Map/Offsets,https://cgi.minorplanetcenter.net/cgi-bin/confirmeph2.cgi
20260710T190001Z,2026-07-10T19:00:01.956882Z,20260710T190001Z_batch01,A11Evap,2026-07-10T18:00:00Z,19 47 58.2,296.9925,-39 06 18,-39.105000000000004,162.0,19.5,3.9,5.8,Map/Offsets,https://cgi.minorplanetcenter.net/cgi-bin/confirmeph2.cgi
20260710T190001Z,2026-07-10T19:00:01.956882Z,20260710T190001Z_batch01,A11Evap,2026-07-10T19:00:00Z,19 48 00.2,297.00083333333333,-39 02 24,-39.04,162.0,19.5,3.91,5.8,Map/Offsets,https://cgi.minorplanetcenter.net/cgi-bin/confirmeph2.cgi
20260710T190001Z,2026-07-10T19:00:01.956882Z,20260710T190001Z_batch01,A11Evap,2026-07-10T20:00:00Z,19 48 02.3,297.00958333333335,-38 58 30,-38.975,162.1,19.5,3.92,5.8,Map/Offsets,https://cgi.minorplanetcenter.net/cgi-bin/confirmeph2.cgi
20260710T190001Z,2026-07-10T19:00:01.956882Z,20260710T190001Z_batch01,A11Evap,2026-07-10T21:00:00Z,19 48 04.3,297.0179166666667,-38 54 36,-38.91,162.2,19.5,3.93,5.8,Map/Offsets,https://cgi.minorplanetcenter.net/cgi-bin/confirmeph2.cgi
20260710T190001Z,2026-07-10T19:00:01.956882Z,20260710T190001Z_batch01,A11Evap,2026-07-10T22:00:00Z,19 48 06.3,297.02625,-38 50 40,-38.84444444444445,162.2,19.5,3.94,5.8,Map/Offsets,https://cgi.minorplanetcenter.net/cgi-bin/confirmeph2.cgi
20260710T190001Z,2026-07-10T19:00:01.956882Z,20260710T190001Z_batch01,A11Evap,2026-07-10T23:00:00Z,19 48 08.4,297.035,-38 46 45,-38.77916666666667,162.3,19.5,3.96,5.7,Map/Offsets,https://cgi.minorplanetcenter.net/cgi-bin/confirmeph2.cgi
20260710T190001Z,2026-07-10T19:00:01.956882Z,20260710T190001Z_batch01,A11Evap,2026-07-11T00:00:00Z,19 48 10.4,297.04333333333335,-38 42 48,-38.71333333333334,162.4,19.5,3.97,5.7,Map/Offsets,https://cgi.minorplanetcenter.net/cgi-bin/confirmeph2.cgi
20260710T190001Z,2026-07-10T19:00:01.956882Z,20260710T190001Z_batch01,A11Evap,2026-07-11T01:00:00Z,19 48 12.4,297.0516666666667,-38 38 51,-38.6475,162.4,19.5,3.98,5.7,Map/Offsets,https://cgi.minorplanetcenter.net/cgi-bin/confirmeph2.cgi
20260710T190001Z,2026-07-10T19:00:01.956882Z,20260710T190001Z_batch01,A11Evap,2026-07-11T02:00:00Z,19 48 14.5,297.0604166666667,-38 34 54,-38.58166666666667,162.5,19.5,3.99,5.7,Map/Offsets,https://cgi.minorplanetcenter.net/cgi-bin/confirmeph2.cgi
20260710T190001Z,2026-07-10T19:00:01.956882Z,20260710T190001Z_batch01,A11Evap,2026-07-11T03:00:00Z,19 48 16.5,297.06875,-38 30 55,-38.515277777777776,162.6,19.5,4.0,5.7,Map/Offsets,https://cgi.minorplanetcenter.net/cgi-bin/confirmeph2.cgi
20260710T190001Z,2026-07-10T19:00:01.956882Z,20260710T190001Z_batch01,A11Evap,2026-07-11T04:00:00Z,19 48 18.5,297.07708333333335,-38 26 56,-38.44888888888889,162.6,19.5,4.01,5.7,Map/Offsets,https://cgi.minorplanetcenter.net/cgi-bin/confirmeph2.cgi
20260710T190001Z,2026-07-10T19:00:01.956882Z,20260710T190001Z_batch01,A11Evap,2026-07-11T05:00:00Z,19 48 20.6,297.0858333333333,-38 22 57,-38.3825,162.7,19.5,4.02,5.7,Map/Offsets,https://cgi.minorplanetcenter.net/cgi-bin/confirmeph2.cgi
20260710T190001Z,2026-07-10T19:00:01.956882Z,20260710T190001Z_batch01,A11Evap,2026-07-11T06:00:00Z,19 48 22.6,297.0941666666667,-38 18 57,-38.31583333333333,162.8,19.4,4.03,5.7,Map/Offsets,https://cgi.minorplanetcenter.net/cgi-bin/confirmeph2.cgi
20260710T190001Z,2026-07-10T19:00:01.956882Z,20260710T190001Z_batch01,A11Evap,2026-07-11T07:00:00Z,19 48 24.6,297.1025,-38 14 56,-38.24888888888889,162.8,19.4,4.04,5.7,Map/Offsets,https://cgi.minorplanetcenter.net/cgi-bin/confirmeph2.cgi
20260710T190001Z,2026-07-10T19:00:01.956882Z,20260710T190001Z_batch01,A11Evap,2026-07-11T08:00:00Z,19 48 26.6,297.11083333333335,-38 10 55,-38.18194444444444,162.9,19.4,4.05,5.6,Map/Offsets,https://cgi.minorplanetcenter.net/cgi-bin/confirmeph2.cgi
20260710T190001Z,2026-07-10T19:00:01.956882Z,20260710T190001Z_batch01,A11Evap,2026-07-11T09:00:00Z,19 48 28.6,297.1191666666667,-38 06 53,-38.11472222222223,163.0,19.4,4.06,5.6,Map/Offsets,https://cgi.minorplanetcenter.net/cgi-bin/confirmeph2.cgi
20260710T190001Z,2026-07-10T19:00:01.956882Z,20260710T190001Z_batch01,A11Evap,2026-07-11T10:00:00Z,19 48 30.7,297.1279166666667,-38 02 50,-38.04722222222222,163.0,19.4,4.07,5.6,Map/Offsets,https://cgi.minorplanetcenter.net/cgi-bin/confirmeph2.cgi
20260710T190001Z,2026-07-10T19:00:01.956882Z,20260710T190001Z_batch01,A11Evap,2026-07-11T11:00:00Z,19 48 32.7,297.13625,-37 58 47,-37.97972222222222,163.1,19.4,4.08,5.6,Map/Offsets,https://cgi.minorplanetcenter.net/cgi-bin/confirmeph2.cgi
20260710T190001Z,2026-07-10T19:00:01.956882Z,20260710T190001Z_batch01,A11Evap,2026-07-11T12:00:00Z,19 48 34.7,297.14458333333334,-37 54 43,-37.911944444444444,163.2,19.4,4.09,5.6,Map/Offsets,https://cgi.minorplanetcenter.net/cgi-bin/confirmeph2.cgi
20260710T190001Z,2026-07-10T19:00:01.956882Z,20260710T190001Z_batch01,A11Evap,2026-07-11T13:00:00Z,19 48 36.7,297.15291666666667,-37 50 39,-37.844166666666666,163.2,19.4,4.1,5.6,Map/Offsets,https://cgi.minorplanetcenter.net/cgi-bin/confirmeph2.cgi
20260710T190001Z,2026-07-10T19:00:01.956882Z,20260710T190001Z_batch01,A11Evap,2026-07-11T14:00:00Z,19 48 38.7,297.16125000000005,-37 46 34,-37.77611111111111,163.3,19.4,4.11,5.6,Map/Offsets,https://cgi.minorplanetcenter.net/cgi-bin/confirmeph2.cgi
20260710T190001Z,2026-07-10T19:00:01.956882Z,20260710T190001Z_batch01,A11Evap,2026-07-11T15:00:00Z,19 48 40.8,297.17,-37 42 28,-37.70777777777778,163.4,19.4,4.12,5.6,Map/Offsets,https://cgi.minorplanetcenter.net/cgi-bin/confirmeph2.cgi
20260710T190001Z,2026-07-10T19:00:01.956882Z,20260710T190001Z_batch01,A11Evap,2026-07-11T16:00:00Z,19 48 42.8,297.17833333333334,-37 38 22,-37.63944444444444,163.4,19.4,4.13,5.5,Map/Offsets,https://cgi.minorplanetcenter.net/cgi-bin/confirmeph2.cgi
20260710T190001Z,2026-07-10T19:00:01.956882Z,20260710T190001Z_batch01,A11Evap,2026-07-11T17:00:00Z,19 48 44.8,297.18666666666667,-37 34 15,-37.57083333333334,163.5,19.4,4.14,5.5,Map/Offsets,https://cgi.minorplanetcenter.net/cgi-bin/confirmeph2.cgi
20260710T190001Z,2026-07-10T19:00:01.956882Z,20260710T190001Z_batch01,A11Evap,2026-07-11T18:00:00Z,19 48 46.8,297.19500000000005,-37 30 07,-37.50194444444445,163.6,19.4,4.15,5.5,Map/Offsets,https://cgi.minorplanetcenter.net/cgi-bin/confirmeph2.cgi
20260710T190001Z,2026-07-10T19:00:01.956882Z,20260710T190001Z_batch01,P12o0YY,2026-07-10T18:00:00Z,20 48 46.7,312.1945833333333,-22 14 08,-22.235555555555557,159.1,21.0,1.82,309.8,Map/Offsets,https://cgi.minorplanetcenter.net/cgi-bin/confirmeph2.cgi
20260710T190001Z,2026-07-10T19:00:01.956882Z,20260710T190001Z_batch01,P12o0YY,2026-07-10T19:00:00Z,20 48 40.7,312.1695833333333,-22 12 58,-22.21611111111111,159.2,21.0,1.82,309.8,Map/Offsets,https://cgi.minorplanetcenter.net/cgi-bin/confirmeph2.cgi
20260710T190001Z,2026-07-10T19:00:01.956882Z,20260710T190001Z_batch01,P12o0YY,2026-07-10T20:00:00Z,20 48 34.7,312.14458333333334,-22 11 48,-22.196666666666665,159.3,21.0,1.82,309.8,Map/Offsets,https://cgi.minorplanetcenter.net/cgi-bin/confirmeph2.cgi
20260710T190001Z,2026-07-10T19:00:01.956882Z,20260710T190001Z_batch01,P12o0YY,2026-07-10T21:00:00Z,20 48 28.6,312.1191666666667,-22 10 38,-22.177222222222223,159.3,21.0,1.82,309.8,Map/Offsets,https://cgi.minorplanetcenter.net/cgi-bin/confirmeph2.cgi
20260710T190001Z,2026-07-10T19:00:01.956882Z,20260710T190001Z_batch01,P12o0YY,2026-07-10T22:00:00Z,20 48 22.6,312.0941666666667,-22 09 28,-22.157777777777778,159.4,21.0,1.82,309.8,Map/Offsets,https://cgi.minorplanetcenter.net/cgi-bin/confirmeph2.cgi
20260710T190001Z,2026-07-10T19:00:01.956882Z,20260710T190001Z_batch01,P12o0YY,2026-07-10T23:00:00Z,20 48 16.5,312.06875,-22 08 18,-22.138333333333332,159.4,21.0,1.82,309.8,Map/Offsets,https://cgi.minorplanetcenter.net/cgi-bin/confirmeph2.cgi
20260710T190001Z,2026-07-10T19:00:01.956882Z,20260710T190001Z_batch01,P12o0YY,2026-07-11T00:00:00Z,20 48 10.5,312.04375000000005,-22 07 08,-22.11888888888889,159.5,21.0,1.82,309.8,Map/Offsets,https://cgi.minorplanetcenter.net/cgi-bin/confirmeph2.cgi
20260710T190001Z,2026-07-10T19:00:01.956882Z,20260710T190001Z_batch01,P12o0YY,2026-07-11T01:00:00Z,20 48 04.4,312.0183333333333,-22 05 58,-22.099444444444444,159.6,21.0,1.83,309.8,Map/Offsets,https://cgi.minorplanetcenter.net/cgi-bin/confirmeph2.cgi
20260710T190001Z,2026-07-10T19:00:01.956882Z,20260710T190001Z_batch01,P12o0YY,2026-07-11T02:00:00Z,20 47 58.4,311.99333333333334,-22 04 48,-22.08,159.6,21.0,1.83,309.8,Map/Offsets,https://cgi.minorplanetcenter.net/cgi-bin/confirmeph2.cgi
20260710T190001Z,2026-07-10T19:00:01.956882Z,20260710T190001Z_batch01,P12o0YY,2026-07-11T03:00:00Z,20 47 52.3,311.9679166666667,-22 03 38,-22.060555555555556,159.7,21.0,1.83,309.8,Map/Offsets,https://cgi.minorplanetcenter.net/cgi-bin/confirmeph2.cgi
20260710T190001Z,2026-07-10T19:00:01.956882Z,20260710T190001Z_batch01,P12o0YY,2026-07-11T04:00:00Z,20 47 46.3,311.9429166666667,-22 02 28,-22.041111111111114,159.7,21.0,1.83,309.8,Map/Offsets,https://cgi.minorplanetcenter.net/cgi-bin/confirmeph2.cgi
20260710T190001Z,2026-07-10T19:00:01.956882Z,20260710T190001Z_batch01,P12o0YY,2026-07-11T05:00:00Z,20 47 40.2,311.9175,-22 01 18,-22.021666666666665,159.8,21.0,1.83,309.8,Map/Offsets,https://cgi.minorplanetcenter.net/cgi-bin/confirmeph2.cgi
20260710T190001Z,2026-07-10T19:00:01.956882Z,20260710T190001Z_batch01,P12o0YY,2026-07-11T06:00:00Z,20 47 34.1,311.89208333333335,-22 00 07,-22.001944444444444,159.9,21.0,1.83,309.8,Map/Offsets,https://cgi.minorplanetcenter.net/cgi-bin/confirmeph2.cgi
20260710T190001Z,2026-07-10T19:00:01.956882Z,20260710T190001Z_batch01,P12o0YY,2026-07-11T07:00:00Z,20 47 28.1,311.86708333333337,-21 58 57,-21.982499999999998,159.9,21.0,1.83,309.8,Map/Offsets,https://cgi.minorplanetcenter.net/cgi-bin/confirmeph2.cgi
20260710T190001Z,2026-07-10T19:00:01.956882Z,20260710T190001Z_batch01,P12o0YY,2026-07-11T08:00:00Z,20 47 22.0,311.8416666666667,-21 57 47,-21.963055555555556,160.0,21.0,1.83,309.8,Map/Offsets,https://cgi.minorplanetcenter.net/cgi-bin/confirmeph2.cgi
20260710T190001Z,2026-07-10T19:00:01.956882Z,20260710T190001Z_batch01,P12o0YY,2026-07-11T09:00:00Z,20 47 15.9,311.81625,-21 56 36,-21.943333333333335,160.1,21.0,1.83,309.8,Map/Offsets,https://cgi.minorplanetcenter.net/cgi-bin/confirmeph2.cgi
20260710T190001Z,2026-07-10T19:00:01.956882Z,20260710T190001Z_batch01,P12o0YY,2026-07-11T10:00:00Z,20 47 09.8,311.79083333333335,-21 55 26,-21.92388888888889,160.1,21.0,1.83,309.8,Map/Offsets,https://cgi.minorplanetcenter.net/cgi-bin/confirmeph2.cgi
20260710T190001Z,2026-07-10T19:00:01.956882Z,20260710T190001Z_batch01,P12o0YY,2026-07-11T11:00:00Z,20 47 03.8,311.7658333333334,-21 54 15,-21.904166666666665,160.2,21.0,1.83,309.8,Map/Offsets,https://cgi.minorplanetcenter.net/cgi-bin/confirmeph2.cgi
20260710T190001Z,2026-07-10T19:00:01.956882Z,20260710T190001Z_batch01,P12o0YY,2026-07-11T12:00:00Z,20 46 57.7,311.74041666666665,-21 53 05,-21.884722222222223,160.2,21.0,1.84,309.8,Map/Offsets,https://cgi.minorplanetcenter.net/cgi-bin/confirmeph2.cgi
20260710T190001Z,2026-07-10T19:00:01.956882Z,20260710T190001Z_batch01,P12o0YY,2026-07-11T13:00:00Z,20 46 51.6,311.715,-21 51 54,-21.865000000000002,160.3,21.0,1.84,309.8,Map/Offsets,https://cgi.minorplanetcenter.net/cgi-bin/confirmeph2.cgi
20260710T190001Z,2026-07-10T19:00:01.956882Z,20260710T190001Z_batch01,P12o0YY,2026-07-11T14:00:00Z,20 46 45.5,311.68958333333336,-21 50 44,-21.845555555555553,160.4,21.0,1.84,309.8,Map/Offsets,https://cgi.minorplanetcenter.net/cgi-bin/confirmeph2.cgi
20260710T190001Z,2026-07-10T19:00:01.956882Z,20260710T190001Z_batch01,P12o0YY,2026-07-11T15:00:00Z,20 46 39.4,311.66416666666663,-21 49 33,-21.825833333333332,160.4,20.9,1.84,309.8,Map/Offsets,https://cgi.minorplanetcenter.net/cgi-bin/confirmeph2.cgi
20260710T190001Z,2026-07-10T19:00:01.956882Z,20260710T190001Z_batch01,P12o0YY,2026-07-11T16:00:00Z,20 46 33.4,311.63916666666665,-21 48 23,-21.80638888888889,160.5,20.9,1.84,309.8,Map/Offsets,https://cgi.minorplanetcenter.net/cgi-bin/confirmeph2.cgi
20260710T190001Z,2026-07-10T19:00:01.956882Z,20260710T190001Z_batch01,P12o0YY,2026-07-11T17:00:00Z,20 46 27.3,311.61375,-21 47 12,-21.78666666666667,160.5,20.9,1.84,309.8,Map/Offsets,https://cgi.minorplanetcenter.net/cgi-bin/confirmeph2.cgi
20260710T190001Z,2026-07-10T19:00:01.956882Z,20260710T190001Z_batch01,P12o0YY,2026-07-11T18:00:00Z,20 46 21.2,311.58833333333337,-21 46 01,-21.766944444444444,160.6,20.9,1.84,309.8,Map/Offsets,https://cgi.minorplanetcenter.net/cgi-bin/confirmeph2.cgi
20260710T190001Z,2026-07-10T19:00:01.956882Z,20260710T190001Z_batch01,CEQJF02,2026-07-10T18:00:00Z,22 22 26.7,335.61125000000004,+14 38 53,14.648055555555555,121.8,20.8,16.97,94.4,Map/Offsets   !,https://cgi.minorplanetcenter.net/cgi-bin/confirmeph2.cgi
20260710T190001Z,2026-07-10T19:00:01.956882Z,20260710T190001Z_batch01,CEQJF02,2026-07-10T19:00:00Z,22 23 36.3,335.90125,+14 37 35,14.62638888888889,121.6,20.8,16.76,94.5,Map/Offsets   !,https://cgi.minorplanetcenter.net/cgi-bin/confirmeph2.cgi
20260710T190001Z,2026-07-10T19:00:01.956882Z,20260710T190001Z_batch01,CEQJF02,2026-07-10T20:00:00Z,22 24 44.9,336.1870833333333,+14 36 16,14.604444444444445,121.5,20.8,16.56,94.5,Map/Offsets   !,https://cgi.minorplanetcenter.net/cgi-bin/confirmeph2.cgi
20260710T190001Z,2026-07-10T19:00:01.956882Z,20260710T190001Z_batch01,CEQJF02,2026-07-10T21:00:00Z,22 25 52.7,336.46958333333333,+14 34 58,14.582777777777778,121.3,20.9,16.35,94.6,Map/Offsets   !,https://cgi.minorplanetcenter.net/cgi-bin/confirmeph2.cgi
20260710T190001Z,2026-07-10T19:00:01.956882Z,20260710T190001Z_batch01,CEQJF02,2026-07-10T22:00:00Z,22 26 59.7,336.74875,+14 33 39,14.560833333333335,121.1,20.9,16.15,94.7,Map/Offsets   !,https://cgi.minorplanetcenter.net/cgi-bin/confirmeph2.cgi
20260710T190001Z,2026-07-10T19:00:01.956882Z,20260710T190001Z_batch01,CEQJF02,2026-07-10T23:00:00Z,22 28 05.8,337.02416666666664,+14 32 19,14.538611111111111,121.0,20.9,15.95,94.8,Map/Offsets   !,https://cgi.minorplanetcenter.net/cgi-bin/confirmeph2.cgi
20260710T190001Z,2026-07-10T19:00:01.956882Z,20260710T190001Z_batch01,CEQJF02,2026-07-11T00:00:00Z,22 29 11.1,337.29625,+14 30 59,14.516388888888889,120.8,20.9,15.76,94.8,Map/Offsets   !,https://cgi.minorplanetcenter.net/cgi-bin/confirmeph2.cgi
20260710T190001Z,2026-07-10T19:00:01.956882Z,20260710T190001Z_batch01,CEQJF02,2026-07-11T01:00:00Z,22 30 15.6,337.56500000000005,+14 29 40,14.494444444444444,120.7,20.9,15.57,94.9,Map/Offsets   !,https://cgi.minorplanetcenter.net/cgi-bin/confirmeph2.cgi
20260710T190001Z,2026-07-10T19:00:01.956882Z,20260710T190001Z_batch01,CEQJF02,2026-07-11T02:00:00Z,22 31 19.2,337.83,+14 28 19,14.471944444444444,120.5,21.0,15.38,95.0,Map/Offsets   !,https://cgi.minorplanetcenter.net/cgi-bin/confirmeph2.cgi
20260710T190001Z,2026-07-10T19:00:01.956882Z,20260710T190001Z_batch01,CEQJF02,2026-07-11T03:00:00Z,22 32 22.1,338.09208333333333,+14 26 59,14.449722222222222,120.3,21.0,15.19,95.1,Map/Offsets   !,https://cgi.minorplanetcenter.net/cgi-bin/confirmeph2.cgi
20260710T190001Z,2026-07-10T19:00:01.956882Z,20260710T190001Z_batch01,CEQJF02,2026-07-11T04:00:00Z,22 33 24.2,338.35083333333336,+14 25 39,14.4275,120.2,21.0,15.01,95.1,Map/Offsets   !,https://cgi.minorplanetcenter.net/cgi-bin/confirmeph2.cgi
20260710T190001Z,2026-07-10T19:00:01.956882Z,20260710T190001Z_batch01,CEQJF02,2026-07-11T05:00:00Z,22 34 25.6,338.6066666666667,+14 24 18,14.405000000000001,120.0,21.0,14.83,95.2,Map/Offsets   !,https://cgi.minorplanetcenter.net/cgi-bin/confirmeph2.cgi
20260710T190001Z,2026-07-10T19:00:01.956882Z,20260710T190001Z_batch01,CEQJF02,2026-07-11T06:00:00Z,22 35 26.2,338.8591666666666,+14 22 58,14.382777777777779,119.9,21.0,14.65,95.3,Map/Offsets   !,https://cgi.minorplanetcenter.net/cgi-bin/confirmeph2.cgi
20260710T190001Z,2026-07-10T19:00:01.956882Z,20260710T190001Z_batch01,CEQJF02,2026-07-11T07:00:00Z,22 36 26.0,339.10833333333335,+14 21 37,14.360277777777778,119.8,21.0,14.47,95.3,Map/Offsets   !,https://cgi.minorplanetcenter.net/cgi-bin/confirmeph2.cgi
20260710T190001Z,2026-07-10T19:00:01.956882Z,20260710T190001Z_batch01,CEQJF02,2026-07-11T08:00:00Z,22 37 25.2,339.355,+14 20 16,14.337777777777779,119.6,21.1,14.3,95.4,Map/Offsets   !,https://cgi.minorplanetcenter.net/cgi-bin/confirmeph2.cgi
20260710T190001Z,2026-07-10T19:00:01.956882Z,20260710T190001Z_batch01,CEQJF02,2026-07-11T09:00:00Z,22 38 23.6,339.5983333333333,+14 18 55,14.315277777777778,119.5,21.1,14.13,95.5,Map/Offsets   !,https://cgi.minorplanetcenter.net/cgi-bin/confirmeph2.cgi
20260710T190001Z,2026-07-10T19:00:01.956882Z,20260710T190001Z_batch01,CEQJF02,2026-07-11T10:00:00Z,22 39 21.3,339.83875,+14 17 34,14.292777777777777,119.3,21.1,13.96,95.5,Map/Offsets   !,https://cgi.minorplanetcenter.net/cgi-bin/confirmeph2.cgi
20260710T190001Z,2026-07-10T19:00:01.956882Z,20260710T190001Z_batch01,CEQJF02,2026-07-11T11:00:00Z,22 40 18.3,340.0762500000001,+14 16 13,14.270277777777778,119.2,21.1,13.79,95.6,Map/Offsets   !,https://cgi.minorplanetcenter.net/cgi-bin/confirmeph2.cgi
20260710T190001Z,2026-07-10T19:00:01.956882Z,20260710T190001Z_batch01,CEQJF02,2026-07-11T12:00:00Z,22 41 14.6,340.31083333333333,+14 14 53,14.248055555555554,119.1,21.1,13.63,95.7,Map/Offsets   !,https://cgi.minorplanetcenter.net/cgi-bin/confirmeph2.cgi
20260710T190001Z,2026-07-10T19:00:01.956882Z,20260710T190001Z_batch01,CEQJF02,2026-07-11T13:00:00Z,22 42 10.2,340.5425,+14 13 32,14.225555555555555,118.9,21.1,13.47,95.7,Map/Offsets   !,https://cgi.minorplanetcenter.net/cgi-bin/confirmeph2.cgi
20260710T190001Z,2026-07-10T19:00:01.956882Z,20260710T190001Z_batch01,CEQJF02,2026-07-11T14:00:00Z,22 43 05.2,340.77166666666665,+14 12 11,14.203055555555554,118.8,21.2,13.31,95.8,Map/Offsets   !,https://cgi.minorplanetcenter.net/cgi-bin/confirmeph2.cgi
20260710T190001Z,2026-07-10T19:00:01.956882Z,20260710T190001Z_batch01,CEQJF02,2026-07-11T15:00:00Z,22 43 59.5,340.99791666666664,+14 10 51,14.180833333333332,118.7,21.2,13.15,95.9,Map/Offsets   !,https://cgi.minorplanetcenter.net/cgi-bin/confirmeph2.cgi
20260710T190001Z,2026-07-10T19:00:01.956882Z,20260710T190001Z_batch01,CEQJF02,2026-07-11T16:00:00Z,22 44 53.2,341.2216666666667,+14 09 30,14.158333333333333,118.5,21.2,13.0,95.9,Map/Offsets   !,https://cgi.minorplanetcenter.net/cgi-bin/confirmeph2.cgi
20260710T190001Z,2026-07-10T19:00:01.956882Z,20260710T190001Z_batch01,CEQJF02,2026-07-11T17:00:00Z,22 45 46.2,341.4425,+14 08 10,14.136111111111111,118.4,21.2,12.85,96.0,Map/Offsets   !,https://cgi.minorplanetcenter.net/cgi-bin/confirmeph2.cgi
20260710T190001Z,2026-07-10T19:00:01.956882Z,20260710T190001Z_batch01,CEQJF02,2026-07-11T18:00:00Z,22 46 38.6,341.6608333333333,+14 06 49,14.11361111111111,118.3,21.2,12.7,96.0,Map/Offsets   !,https://cgi.minorplanetcenter.net/cgi-bin/confirmeph2.cgi
20260710T190001Z,2026-07-10T19:00:01.956882Z,20260710T190001Z_batch01,P12o0Y1,2026-07-10T18:00:00Z,20 19 58.7,304.9945833333333,-30 00 15,-30.004166666666666,164.2,21.3,2.42,286.3,Map/Offsets,https://cgi.minorplanetcenter.net/cgi-bin/confirmeph2.cgi
20260710T190001Z,2026-07-10T19:00:01.956882Z,20260710T190001Z_batch01,P12o0Y1,2026-07-10T19:00:00Z,20 19 48.0,304.95,-29 59 34,-29.99277777777778,164.3,21.3,2.42,286.3,Map/Offsets,https://cgi.minorplanetcenter.net/cgi-bin/confirmeph2.cgi
20260710T190001Z,2026-07-10T19:00:01.956882Z,20260710T190001Z_batch01,P12o0Y1,2026-07-10T20:00:00Z,20 19 37.3,304.90541666666667,-29 58 53,-29.981388888888887,164.3,21.3,2.42,286.3,Map/Offsets,https://cgi.minorplanetcenter.net/cgi-bin/confirmeph2.cgi
20260710T190001Z,2026-07-10T19:00:01.956882Z,20260710T190001Z_batch01,P12o0Y1,2026-07-10T21:00:00Z,20 19 26.5,304.8604166666667,-29 58 12,-29.97,164.4,21.3,2.42,286.4,Map/Offsets,https://cgi.minorplanetcenter.net/cgi-bin/confirmeph2.cgi
20260710T190001Z,2026-07-10T19:00:01.956882Z,20260710T190001Z_batch01,P12o0Y1,2026-07-10T22:00:00Z,20 19 15.8,304.81583333333333,-29 57 31,-29.95861111111111,164.5,21.3,2.42,286.4,Map/Offsets,https://cgi.minorplanetcenter.net/cgi-bin/confirmeph2.cgi
20260710T190001Z,2026-07-10T19:00:01.956882Z,20260710T190001Z_batch01,P12o0Y1,2026-07-10T23:00:00Z,20 19 05.1,304.77125,-29 56 50,-29.947222222222223,164.5,21.3,2.42,286.4,Map/Offsets,https://cgi.minorplanetcenter.net/cgi-bin/confirmeph2.cgi
20260710T190001Z,2026-07-10T19:00:01.956882Z,20260710T190001Z_batch01,P12o0Y1,2026-07-11T00:00:00Z,20 18 54.4,304.7266666666667,-29 56 09,-29.935833333333335,164.6,21.3,2.42,286.5,Map/Offsets,https://cgi.minorplanetcenter.net/cgi-bin/confirmeph2.cgi
20260710T190001Z,2026-07-10T19:00:01.956882Z,20260710T190001Z_batch01,P12o0Y1,2026-07-11T01:00:00Z,20 18 43.7,304.6820833333333,-29 55 28,-29.924444444444447,164.7,21.3,2.42,286.5,Map/Offsets,https://cgi.minorplanetcenter.net/cgi-bin/confirmeph2.cgi
20260710T190001Z,2026-07-10T19:00:01.956882Z,20260710T190001Z_batch01,P12o0Y1,2026-07-11T02:00:00Z,20 18 33.0,304.6375,-29 54 46,-29.912777777777777,164.7,21.3,2.42,286.5,Map/Offsets,https://cgi.minorplanetcenter.net/cgi-bin/confirmeph2.cgi
20260710T190001Z,2026-07-10T19:00:01.956882Z,20260710T190001Z_batch01,P12o0Y1,2026-07-11T03:00:00Z,20 18 22.3,304.59291666666667,-29 54 05,-29.90138888888889,164.8,21.3,2.42,286.5,Map/Offsets,https://cgi.minorplanetcenter.net/cgi-bin/confirmeph2.cgi
20260710T190001Z,2026-07-10T19:00:01.956882Z,20260710T190001Z_batch01,P12o0Y1,2026-07-11T04:00:00Z,20 18 11.6,304.54833333333335,-29 53 24,-29.89,164.9,21.3,2.42,286.6,Map/Offsets,https://cgi.minorplanetcenter.net/cgi-bin/confirmeph2.cgi
20260710T190001Z,2026-07-10T19:00:01.956882Z,20260710T190001Z_batch01,P12o0Y1,2026-07-11T05:00:00Z,20 18 00.9,304.50375,-29 52 43,-29.878611111111113,165.0,21.3,2.42,286.6,Map/Offsets,https://cgi.minorplanetcenter.net/cgi-bin/confirmeph2.cgi
20260710T190001Z,2026-07-10T19:00:01.956882Z,20260710T190001Z_batch01,P12o0Y1,2026-07-11T06:00:00Z,20 17 50.2,304.4591666666667,-29 52 01,-29.866944444444446,165.0,21.3,2.42,286.6,Map/Offsets,https://cgi.minorplanetcenter.net/cgi-bin/confirmeph2.cgi
20260710T190001Z,2026-07-10T19:00:01.956882Z,20260710T190001Z_batch01,P12o0Y1,2026-07-11T07:00:00Z,20 17 39.5,304.4145833333333,-29 51 20,-29.855555555555558,165.1,21.3,2.42,286.6,Map/Offsets,https://cgi.minorplanetcenter.net/cgi-bin/confirmeph2.cgi
20260710T190001Z,2026-07-10T19:00:01.956882Z,20260710T190001Z_batch01,P12o0Y1,2026-07-11T08:00:00Z,20 17 28.8,304.37,-29 50 38,-29.843888888888888,165.2,21.3,2.42,286.7,Map/Offsets,https://cgi.minorplanetcenter.net/cgi-bin/confirmeph2.cgi
20260710T190001Z,2026-07-10T19:00:01.956882Z,20260710T190001Z_batch01,P12o0Y1,2026-07-11T09:00:00Z,20 17 18.1,304.3254166666667,-29 49 56,-29.83222222222222,165.2,21.3,2.42,286.7,Map/Offsets,https://cgi.minorplanetcenter.net/cgi-bin/confirmeph2.cgi
20260710T190001Z,2026-07-10T19:00:01.956882Z,20260710T190001Z_batch01,P12o0Y1,2026-07-11T10:00:00Z,20 17 07.4,304.28083333333336,-29 49 15,-29.820833333333333,165.3,21.3,2.42,286.7,Map/Offsets,https://cgi.minorplanetcenter.net/cgi-bin/confirmeph2.cgi
20260710T190001Z,2026-07-10T19:00:01.956882Z,20260710T190001Z_batch01,P12o0Y1,2026-07-11T11:00:00Z,20 16 56.7,304.23625,-29 48 33,-29.809166666666666,165.4,21.3,2.42,286.7,Map/Offsets,https://cgi.minorplanetcenter.net/cgi-bin/confirmeph2.cgi
20260710T190001Z,2026-07-10T19:00:01.956882Z,20260710T190001Z_batch01,P12o0Y1,2026-07-11T12:00:00Z,20 16 46.1,304.1920833333333,-29 47 51,-29.797500000000003,165.4,21.3,2.42,286.8,Map/Offsets,https://cgi.minorplanetcenter.net/cgi-bin/confirmeph2.cgi
20260710T190001Z,2026-07-10T19:00:01.956882Z,20260710T190001Z_batch01,P12o0Y1,2026-07-11T13:00:00Z,20 16 35.4,304.1475,-29 47 09,-29.785833333333336,165.5,21.3,2.42,286.8,Map/Offsets,https://cgi.minorplanetcenter.net/cgi-bin/confirmeph2.cgi
20260710T190001Z,2026-07-10T19:00:01.956882Z,20260710T190001Z_batch01,P12o0Y1,2026-07-11T14:00:00Z,20 16 24.7,304.10291666666666,-29 46 27,-29.774166666666666,165.6,21.3,2.42,286.8,Map/Offsets,https://cgi.minorplanetcenter.net/cgi-bin/confirmeph2.cgi
20260710T190001Z,2026-07-10T19:00:01.956882Z,20260710T190001Z_batch01,P12o0Y1,2026-07-11T15:00:00Z,20 16 14.1,304.05875,-29 45 45,-29.7625,165.6,21.3,2.42,286.8,Map/Offsets,https://cgi.minorplanetcenter.net/cgi-bin/confirmeph2.cgi
20260710T190001Z,2026-07-10T19:00:01.956882Z,20260710T190001Z_batch01,P12o0Y1,2026-07-11T16:00:00Z,20 16 03.4,304.01416666666665,-29 45 03,-29.750833333333333,165.7,21.3,2.42,286.9,Map/Offsets,https://cgi.minorplanetcenter.net/cgi-bin/confirmeph2.cgi
20260710T190001Z,2026-07-10T19:00:01.956882Z,20260710T190001Z_batch01,P12o0Y1,2026-07-11T17:00:00Z,20 15 52.8,303.97,-29 44 21,-29.739166666666666,165.8,21.3,2.42,286.9,Map/Offsets,https://cgi.minorplanetcenter.net/cgi-bin/confirmeph2.cgi
20260710T190001Z,2026-07-10T19:00:01.956882Z,20260710T190001Z_batch01,P12o0Y1,2026-07-11T18:00:00Z,20 15 42.1,303.92541666666665,-29 43 39,-29.7275,165.8,21.3,2.42,286.9,Map/Offsets,https://cgi.minorplanetcenter.net/cgi-bin/confirmeph2.cgi
20260710T190001Z,2026-07-10T19:00:01.956882Z,20260710T190001Z_batch01,P12nXce,2026-07-10T18:00:00Z,21 54 06.1,328.5254166666667,-32 16 50,-32.28055555555555,144.2,21.1,3.67,215.2,Map/Offsets,https://cgi.minorplanetcenter.net/cgi-bin/confirmeph2.cgi
20260710T190001Z,2026-07-10T19:00:01.956882Z,20260710T190001Z_batch01,P12nXce,2026-07-10T19:00:00Z,21 53 56.0,328.4833333333333,-32 19 50,-32.330555555555556,144.3,21.1,3.67,215.3,Map/Offsets,https://cgi.minorplanetcenter.net/cgi-bin/confirmeph2.cgi
20260710T190001Z,2026-07-10T19:00:01.956882Z,20260710T190001Z_batch01,P12nXce,2026-07-10T20:00:00Z,21 53 46.0,328.44166666666666,-32 22 49,-32.38027777777778,144.3,21.1,3.67,215.3,Map/Offsets,https://cgi.minorplanetcenter.net/cgi-bin/confirmeph2.cgi
20260710T190001Z,2026-07-10T19:00:01.956882Z,20260710T190001Z_batch01,P12nXce,2026-07-10T21:00:00Z,21 53 36.0,328.40000000000003,-32 25 49,-32.430277777777775,144.4,21.1,3.67,215.3,Map/Offsets,https://cgi.minorplanetcenter.net/cgi-bin/confirmeph2.cgi
20260710T190001Z,2026-07-10T19:00:01.956882Z,20260710T190001Z_batch01,P12nXce,2026-07-10T22:00:00Z,21 53 25.9,328.35791666666665,-32 28 49,-32.48027777777778,144.5,21.1,3.67,215.4,Map/Offsets,https://cgi.minorplanetcenter.net/cgi-bin/confirmeph2.cgi
20260710T190001Z,2026-07-10T19:00:01.956882Z,20260710T190001Z_batch01,P12nXce,2026-07-10T23:00:00Z,21 53 15.8,328.31583333333333,-32 31 48,-32.53,144.5,21.1,3.67,215.4,Map/Offsets,https://cgi.minorplanetcenter.net/cgi-bin/confirmeph2.cgi
20260710T190001Z,2026-07-10T19:00:01.956882Z,20260710T190001Z_batch01,P12nXce,2026-07-11T00:00:00Z,21 53 05.7,328.27375,-32 34 47,-32.57972222222222,144.6,21.1,3.66,215.5,Map/Offsets,https://cgi.minorplanetcenter.net/cgi-bin/confirmeph2.cgi
20260710T190001Z,2026-07-10T19:00:01.956882Z,20260710T190001Z_batch01,P12nXce,2026-07-11T01:00:00Z,21 52 55.6,328.2316666666667,-32 37 46,-32.629444444444445,144.6,21.1,3.66,215.5,Map/Offsets,https://cgi.minorplanetcenter.net/cgi-bin/confirmeph2.cgi
20260710T190001Z,2026-07-10T19:00:01.956882Z,20260710T190001Z_batch01,P12nXce,2026-07-11T02:00:00Z,21 52 45.5,328.18958333333336,-32 40 45,-32.67916666666667,144.7,21.1,3.66,215.6,Map/Offsets,https://cgi.minorplanetcenter.net/cgi-bin/confirmeph2.cgi
20260710T190001Z,2026-07-10T19:00:01.956882Z,20260710T190001Z_batch01,P12nXce,2026-07-11T03:00:00Z,21 52 35.4,328.1475,-32 43 43,-32.728611111111114,144.8,21.1,3.66,215.6,Map/Offsets,https://cgi.minorplanetcenter.net/cgi-bin/confirmeph2.cgi
20260710T190001Z,2026-07-10T19:00:01.956882Z,20260710T190001Z_batch01,P12nXce,2026-07-11T04:00:00Z,21 52 25.2,328.105,-32 46 42,-32.77833333333333,144.8,21.1,3.66,215.7,Map/Offsets,https://cgi.minorplanetcenter.net/cgi-bin/confirmeph2.cgi
20260710T190001Z,2026-07-10T19:00:01.956882Z,20260710T190001Z_batch01,P12nXce,2026-07-11T05:00:00Z,21 52 15.1,328.06291666666664,-32 49 40,-32.82777777777778,144.9,21.1,3.66,215.7,Map/Offsets,https://cgi.minorplanetcenter.net/cgi-bin/confirmeph2.cgi
20260710T190001Z,2026-07-10T19:00:01.956882Z,20260710T190001Z_batch01,P12nXce,2026-07-11T06:00:00Z,21 52 04.9,328.0204166666667,-32 52 39,-32.8775,145.0,21.1,3.66,215.7,Map/Offsets,https://cgi.minorplanetcenter.net/cgi-bin/confirmeph2.cgi
20260710T190001Z,2026-07-10T19:00:01.956882Z,20260710T190001Z_batch01,P12nXce,2026-07-11T07:00:00Z,21 51 54.7,327.97791666666666,-32 55 37,-32.926944444444445,145.0,21.1,3.66,215.8,Map/Offsets,https://cgi.minorplanetcenter.net/cgi-bin/confirmeph2.cgi
20260710T190001Z,2026-07-10T19:00:01.956882Z,20260710T190001Z_batch01,P12nXce,2026-07-11T08:00:00Z,21 51 44.5,327.9354166666667,-32 58 34,-32.976111111111116,145.1,21.1,3.65,215.8,Map/Offsets,https://cgi.minorplanetcenter.net/cgi-bin/confirmeph2.cgi
20260710T190001Z,2026-07-10T19:00:01.956882Z,20260710T190001Z_batch01,P12nXce,2026-07-11T09:00:00Z,21 51 34.3,327.8929166666667,-33 01 32,-33.025555555555556,145.1,21.1,3.65,215.9,Map/Offsets,https://cgi.minorplanetcenter.net/cgi-bin/confirmeph2.cgi
20260710T190001Z,2026-07-10T19:00:01.956882Z,20260710T190001Z_batch01,P12nXce,2026-07-11T10:00:00Z,21 51 24.1,327.8504166666667,-33 04 30,-33.075,145.2,21.1,3.65,215.9,Map/Offsets,https://cgi.minorplanetcenter.net/cgi-bin/confirmeph2.cgi
20260710T190001Z,2026-07-10T19:00:01.956882Z,20260710T190001Z_batch01,P12nXce,2026-07-11T11:00:00Z,21 51 13.9,327.8079166666667,-33 07 27,-33.12416666666667,145.3,21.1,3.65,216.0,Map/Offsets,https://cgi.minorplanetcenter.net/cgi-bin/confirmeph2.cgi
20260710T190001Z,2026-07-10T19:00:01.956882Z,20260710T190001Z_batch01,P12nXce,2026-07-11T12:00:00Z,21 51 03.6,327.76500000000004,-33 10 24,-33.17333333333333,145.3,21.1,3.65,216.0,Map/Offsets,https://cgi.minorplanetcenter.net/cgi-bin/confirmeph2.cgi
20260710T190001Z,2026-07-10T19:00:01.956882Z,20260710T190001Z_batch01,P12nXce,2026-07-11T13:00:00Z,21 50 53.4,327.72249999999997,-33 13 21,-33.222500000000004,145.4,21.1,3.65,216.1,Map/Offsets,https://cgi.minorplanetcenter.net/cgi-bin/confirmeph2.cgi
20260710T190001Z,2026-07-10T19:00:01.956882Z,20260710T190001Z_batch01,P12nXce,2026-07-11T14:00:00Z,21 50 43.1,327.6795833333333,-33 16 18,-33.27166666666667,145.4,21.1,3.65,216.1,Map/Offsets,https://cgi.minorplanetcenter.net/cgi-bin/confirmeph2.cgi
20260710T190001Z,2026-07-10T19:00:01.956882Z,20260710T190001Z_batch01,P12nXce,2026-07-11T15:00:00Z,21 50 32.8,327.63666666666666,-33 19 15,-33.32083333333334,145.5,21.1,3.64,216.1,Map/Offsets,https://cgi.minorplanetcenter.net/cgi-bin/confirmeph2.cgi
20260710T190001Z,2026-07-10T19:00:01.956882Z,20260710T190001Z_batch01,P12nXce,2026-07-11T16:00:00Z,21 50 22.5,327.59375,-33 22 11,-33.36972222222222,145.6,21.1,3.64,216.2,Map/Offsets,https://cgi.minorplanetcenter.net/cgi-bin/confirmeph2.cgi
20260710T190001Z,2026-07-10T19:00:01.956882Z,20260710T190001Z_batch01,P12nXce,2026-07-11T17:00:00Z,21 50 12.2,327.55083333333334,-33 25 07,-33.41861111111111,145.6,21.1,3.64,216.2,Map/Offsets,https://cgi.minorplanetcenter.net/cgi-bin/confirmeph2.cgi
20260710T190001Z,2026-07-10T19:00:01.956882Z,20260710T190001Z_batch01,P12nXce,2026-07-11T18:00:00Z,21 50 01.9,327.50791666666663,-33 28 03,-33.4675,145.7,21.1,3.64,216.3,Map/Offsets,https://cgi.minorplanetcenter.net/cgi-bin/confirmeph2.cgi
20260710T190001Z,2026-07-10T19:00:01.956882Z,20260710T190001Z_batch01,P12nXcA,2026-07-10T18:00:00Z,21 06 15.2,316.56333333333333,-26 54 16,-26.904444444444444,155.1,20.0,3.95,332.7,Map/Offsets,https://cgi.minorplanetcenter.net/cgi-bin/confirmeph2.cgi
20260710T190001Z,2026-07-10T19:00:01.956882Z,20260710T190001Z_batch01,P12nXcA,2026-07-10T19:00:00Z,21 06 07.0,316.5291666666667,-26 50 45,-26.84583333333333,155.2,20.0,3.98,332.7,Map/Offsets,https://cgi.minorplanetcenter.net/cgi-bin/confirmeph2.cgi
20260710T190001Z,2026-07-10T19:00:01.956882Z,20260710T190001Z_batch01,P12nXcA,2026-07-10T20:00:00Z,21 05 58.8,316.49499999999995,-26 47 11,-26.78638888888889,155.3,20.0,4.02,332.7,Map/Offsets,https://cgi.minorplanetcenter.net/cgi-bin/confirmeph2.cgi
20260710T190001Z,2026-07-10T19:00:01.956882Z,20260710T190001Z_batch01,P12nXcA,2026-07-10T21:00:00Z,21 05 50.5,316.4604166666666,-26 43 36,-26.726666666666667,155.3,20.0,4.05,332.7,Map/Offsets,https://cgi.minorplanetcenter.net/cgi-bin/confirmeph2.cgi
20260710T190001Z,2026-07-10T19:00:01.956882Z,20260710T190001Z_batch01,P12nXcA,2026-07-10T22:00:00Z,21 05 42.1,316.42541666666665,-26 39 59,-26.66638888888889,155.4,20.0,4.09,332.7,Map/Offsets,https://cgi.minorplanetcenter.net/cgi-bin/confirmeph2.cgi
20260710T190001Z,2026-07-10T19:00:01.956882Z,20260710T190001Z_batch01,P12nXcA,2026-07-10T23:00:00Z,21 05 33.7,316.3904166666667,-26 36 20,-26.605555555555558,155.5,19.9,4.13,332.7,Map/Offsets,https://cgi.minorplanetcenter.net/cgi-bin/confirmeph2.cgi
20260710T190001Z,2026-07-10T19:00:01.956882Z,20260710T190001Z_batch01,P12nXcA,2026-07-11T00:00:00Z,21 05 25.2,316.355,-26 32 39,-26.54416666666667,155.6,19.9,4.17,332.7,Map/Offsets,https://cgi.minorplanetcenter.net/cgi-bin/confirmeph2.cgi
20260710T190001Z,2026-07-10T19:00:01.956882Z,20260710T190001Z_batch01,P12nXcA,2026-07-11T01:00:00Z,21 05 16.6,316.31916666666666,-26 28 56,-26.48222222222222,155.6,19.9,4.21,332.7,Map/Offsets,https://cgi.minorplanetcenter.net/cgi-bin/confirmeph2.cgi
20260710T190001Z,2026-07-10T19:00:01.956882Z,20260710T190001Z_batch01,P12nXcA,2026-07-11T02:00:00Z,21 05 07.9,316.28291666666667,-26 25 10,-26.419444444444444,155.7,19.9,4.25,332.7,Map/Offsets,https://cgi.minorplanetcenter.net/cgi-bin/confirmeph2.cgi
20260710T190001Z,2026-07-10T19:00:01.956882Z,20260710T190001Z_batch01,P12nXcA,2026-07-11T03:00:00Z,21 04 59.2,316.24666666666667,-26 21 23,-26.35638888888889,155.8,19.9,4.29,332.7,Map/Offsets,https://cgi.minorplanetcenter.net/cgi-bin/confirmeph2.cgi
20260710T190001Z,2026-07-10T19:00:01.956882Z,20260710T190001Z_batch01,P12nXcA,2026-07-11T04:00:00Z,21 04 50.3,316.20958333333334,-26 17 34,-26.29277777777778,155.8,19.9,4.33,332.7,Map/Offsets,https://cgi.minorplanetcenter.net/cgi-bin/confirmeph2.cgi
20260710T190001Z,2026-07-10T19:00:01.956882Z,20260710T190001Z_batch01,P12nXcA,2026-07-11T05:00:00Z,21 04 41.4,316.1725,-26 13 42,-26.22833333333333,155.9,19.9,4.37,332.7,Map/Offsets,https://cgi.minorplanetcenter.net/cgi-bin/confirmeph2.cgi
20260710T190001Z,2026-07-10T19:00:01.956882Z,20260710T190001Z_batch01,P12nXcA,2026-07-11T06:00:00Z,21 04 32.4,316.135,-26 09 48,-26.16333333333333,156.0,19.9,4.41,332.7,Map/Offsets,https://cgi.minorplanetcenter.net/cgi-bin/confirmeph2.cgi
20260710T190001Z,2026-07-10T19:00:01.956882Z,20260710T190001Z_batch01,P12nXcA,2026-07-11T07:00:00Z,21 04 23.4,316.09749999999997,-26 05 52,-26.097777777777775,156.1,19.8,4.45,332.7,Map/Offsets,https://cgi.minorplanetcenter.net/cgi-bin/confirmeph2.cgi
20260710T190001Z,2026-07-10T19:00:01.956882Z,20260710T190001Z_batch01,P12nXcA,2026-07-11T08:00:00Z,21 04 14.2,316.0591666666666,-26 01 54,-26.031666666666666,156.1,19.8,4.49,332.7,Map/Offsets,https://cgi.minorplanetcenter.net/cgi-bin/confirmeph2.cgi
20260710T190001Z,2026-07-10T19:00:01.956882Z,20260710T190001Z_batch01,P12nXcA,2026-07-11T09:00:00Z,21 04 05.0,316.02083333333337,-25 57 53,-25.96472222222222,156.2,19.8,4.54,332.7,Map/Offsets,https://cgi.minorplanetcenter.net/cgi-bin/confirmeph2.cgi
20260710T190001Z,2026-07-10T19:00:01.956882Z,20260710T190001Z_batch01,P12nXcA,2026-07-11T10:00:00Z,21 03 55.7,315.9820833333333,-25 53 50,-25.897222222222222,156.3,19.8,4.58,332.7,Map/Offsets,https://cgi.minorplanetcenter.net/cgi-bin/confirmeph2.cgi
20260710T190001Z,2026-07-10T19:00:01.956882Z,20260710T190001Z_batch01,P12nXcA,2026-07-11T11:00:00Z,21 03 46.3,315.9429166666667,-25 49 45,-25.829166666666666,156.4,19.8,4.62,332.7,Map/Offsets,https://cgi.minorplanetcenter.net/cgi-bin/confirmeph2.cgi
20260710T190001Z,2026-07-10T19:00:01.956882Z,20260710T190001Z_batch01,P12nXcA,2026-07-11T12:00:00Z,21 03 36.8,315.9033333333333,-25 45 38,-25.760555555555555,156.5,19.8,4.67,332.7,Map/Offsets,https://cgi.minorplanetcenter.net/cgi-bin/confirmeph2.cgi
20260710T190001Z,2026-07-10T19:00:01.956882Z,20260710T190001Z_batch01,P12nXcA,2026-07-11T13:00:00Z,21 03 27.2,315.86333333333334,-25 41 28,-25.691111111111113,156.5,19.8,4.71,332.7,Map/Offsets,https://cgi.minorplanetcenter.net/cgi-bin/confirmeph2.cgi
20260710T190001Z,2026-07-10T19:00:01.956882Z,20260710T190001Z_batch01,P12nXcA,2026-07-11T14:00:00Z,21 03 17.6,315.8233333333333,-25 37 15,-25.620833333333334,156.6,19.8,4.76,332.7,Map/Offsets,https://cgi.minorplanetcenter.net/cgi-bin/confirmeph2.cgi
20260710T190001Z,2026-07-10T19:00:01.956882Z,20260710T190001Z_batch01,P12nXcA,2026-07-11T15:00:00Z,21 03 07.9,315.78291666666667,-25 33 00,-25.55,156.7,19.7,4.81,332.7,Map/Offsets,https://cgi.minorplanetcenter.net/cgi-bin/confirmeph2.cgi
20260710T190001Z,2026-07-10T19:00:01.956882Z,20260710T190001Z_batch01,P12nXcA,2026-07-11T16:00:00Z,21 02 58.0,315.7416666666667,-25 28 43,-25.47861111111111,156.8,19.7,4.85,332.7,Map/Offsets,https://cgi.minorplanetcenter.net/cgi-bin/confirmeph2.cgi
20260710T190001Z,2026-07-10T19:00:01.956882Z,20260710T190001Z_batch01,P12nXcA,2026-07-11T17:00:00Z,21 02 48.1,315.7004166666667,-25 24 23,-25.406388888888888,156.8,19.7,4.9,332.7,Map/Offsets,https://cgi.minorplanetcenter.net/cgi-bin/confirmeph2.cgi
20260710T190001Z,2026-07-10T19:00:01.956882Z,20260710T190001Z_batch01,P12nXcA,2026-07-11T18:00:00Z,21 02 38.1,315.65875,-25 20 00,-25.333333333333332,156.9,19.7,4.95,332.7,Map/Offsets,https://cgi.minorplanetcenter.net/cgi-bin/confirmeph2.cgi
20260710T190001Z,2026-07-10T19:00:01.956882Z,20260710T190001Z_batch01,P12nXcf,2026-07-10T18:00:00Z,20 58 32.4,314.635,-19 14 28,-19.241111111111113,156.5,21.3,4.13,350.3,Map/Offsets,https://cgi.minorplanetcenter.net/cgi-bin/confirmeph2.cgi
20260710T190001Z,2026-07-10T19:00:01.956882Z,20260710T190001Z_batch01,P12nXcf,2026-07-10T19:00:00Z,20 58 29.4,314.6225,-19 10 24,-19.173333333333336,156.5,21.3,4.12,350.3,Map/Offsets,https://cgi.minorplanetcenter.net/cgi-bin/confirmeph2.cgi
20260710T190001Z,2026-07-10T19:00:01.956882Z,20260710T190001Z_batch01,P12nXcf,2026-07-10T20:00:00Z,20 58 26.5,314.61041666666665,-19 06 20,-19.105555555555558,156.5,21.3,4.12,350.3,Map/Offsets,https://cgi.minorplanetcenter.net/cgi-bin/confirmeph2.cgi
20260710T190001Z,2026-07-10T19:00:01.956882Z,20260710T190001Z_batch01,P12nXcf,2026-07-10T21:00:00Z,20 58 23.5,314.5979166666666,-19 02 17,-19.03805555555556,156.6,21.3,4.12,350.3,Map/Offsets,https://cgi.minorplanetcenter.net/cgi-bin/confirmeph2.cgi
20260710T190001Z,2026-07-10T19:00:01.956882Z,20260710T190001Z_batch01,P12nXcf,2026-07-10T22:00:00Z,20 58 20.6,314.5858333333333,-18 58 13,-18.970277777777778,156.6,21.3,4.11,350.3,Map/Offsets,https://cgi.minorplanetcenter.net/cgi-bin/confirmeph2.cgi
20260710T190001Z,2026-07-10T19:00:01.956882Z,20260710T190001Z_batch01,P12nXcf,2026-07-10T23:00:00Z,20 58 17.7,314.57374999999996,-18 54 10,-18.902777777777775,156.6,21.3,4.11,350.3,Map/Offsets,https://cgi.minorplanetcenter.net/cgi-bin/confirmeph2.cgi
20260710T190001Z,2026-07-10T19:00:01.956882Z,20260710T190001Z_batch01,P12nXcf,2026-07-11T00:00:00Z,20 58 14.7,314.56125,-18 50 07,-18.835277777777776,156.7,21.3,4.1,350.2,Map/Offsets,https://cgi.minorplanetcenter.net/cgi-bin/confirmeph2.cgi
20260710T190001Z,2026-07-10T19:00:01.956882Z,20260710T190001Z_batch01,P12nXcf,2026-07-11T01:00:00Z,20 58 11.8,314.5491666666667,-18 46 05,-18.768055555555556,156.7,21.3,4.1,350.2,Map/Offsets,https://cgi.minorplanetcenter.net/cgi-bin/confirmeph2.cgi
20260710T190001Z,2026-07-10T19:00:01.956882Z,20260710T190001Z_batch01,P12nXcf,2026-07-11T02:00:00Z,20 58 08.8,314.53666666666663,-18 42 03,-18.700833333333332,156.8,21.3,4.1,350.2,Map/Offsets,https://cgi.minorplanetcenter.net/cgi-bin/confirmeph2.cgi
20260710T190001Z,2026-07-10T19:00:01.956882Z,20260710T190001Z_batch01,P12nXcf,2026-07-11T03:00:00Z,20 58 05.9,314.5245833333333,-18 38 01,-18.63361111111111,156.8,21.3,4.09,350.2,Map/Offsets,https://cgi.minorplanetcenter.net/cgi-bin/confirmeph2.cgi
20260710T190001Z,2026-07-10T19:00:01.956882Z,20260710T190001Z_batch01,P12nXcf,2026-07-11T04:00:00Z,20 58 03.0,314.5125,-18 33 59,-18.56638888888889,156.8,21.3,4.09,350.2,Map/Offsets,https://cgi.minorplanetcenter.net/cgi-bin/confirmeph2.cgi
20260710T190001Z,2026-07-10T19:00:01.956882Z,20260710T190001Z_batch01,P12nXcf,2026-07-11T05:00:00Z,20 58 00.0,314.5,-18 29 57,-18.499166666666667,156.9,21.3,4.08,350.2,Map/Offsets,https://cgi.minorplanetcenter.net/cgi-bin/confirmeph2.cgi
20260710T190001Z,2026-07-10T19:00:01.956882Z,20260710T190001Z_batch01,P12nXcf,2026-07-11T06:00:00Z,20 57 57.1,314.48791666666665,-18 25 56,-18.432222222222222,156.9,21.3,4.08,350.1,Map/Offsets,https://cgi.minorplanetcenter.net/cgi-bin/confirmeph2.cgi
20260710T190001Z,2026-07-10T19:00:01.956882Z,20260710T190001Z_batch01,P12nXcf,2026-07-11T07:00:00Z,20 57 54.1,314.47541666666666,-18 21 55,-18.36527777777778,156.9,21.3,4.08,350.1,Map/Offsets,https://cgi.minorplanetcenter.net/cgi-bin/confirmeph2.cgi
20260710T190001Z,2026-07-10T19:00:01.956882Z,20260710T190001Z_batch01,P12nXcf,2026-07-11T08:00:00Z,20 57 51.2,314.4633333333333,-18 17 54,-18.298333333333336,157.0,21.3,4.07,350.1,Map/Offsets,https://cgi.minorplanetcenter.net/cgi-bin/confirmeph2.cgi
20260710T190001Z,2026-07-10T19:00:01.956882Z,20260710T190001Z_batch01,P12nXcf,2026-07-11T09:00:00Z,20 57 48.2,314.4508333333333,-18 13 53,-18.231388888888887,157.0,21.3,4.07,350.1,Map/Offsets,https://cgi.minorplanetcenter.net/cgi-bin/confirmeph2.cgi
20260710T190001Z,2026-07-10T19:00:01.956882Z,20260710T190001Z_batch01,P12nXcf,2026-07-11T10:00:00Z,20 57 45.3,314.43874999999997,-18 09 53,-18.16472222222222,157.0,21.3,4.06,350.1,Map/Offsets,https://cgi.minorplanetcenter.net/cgi-bin/confirmeph2.cgi
20260710T190001Z,2026-07-10T19:00:01.956882Z,20260710T190001Z_batch01,P12nXcf,2026-07-11T11:00:00Z,20 57 42.3,314.42625,-18 05 53,-18.098055555555554,157.1,21.3,4.06,350.1,Map/Offsets,https://cgi.minorplanetcenter.net/cgi-bin/confirmeph2.cgi
20260710T190001Z,2026-07-10T19:00:01.956882Z,20260710T190001Z_batch01,P12nXcf,2026-07-11T12:00:00Z,20 57 39.4,314.41416666666663,-18 01 53,-18.031388888888888,157.1,21.3,4.06,350.0,Map/Offsets,https://cgi.minorplanetcenter.net/cgi-bin/confirmeph2.cgi
20260710T190001Z,2026-07-10T19:00:01.956882Z,20260710T190001Z_batch01,P12nXcf,2026-07-11T13:00:00Z,20 57 36.4,314.40166666666664,-17 57 54,-17.965,157.1,21.3,4.05,350.0,Map/Offsets,https://cgi.minorplanetcenter.net/cgi-bin/confirmeph2.cgi
20260710T190001Z,2026-07-10T19:00:01.956882Z,20260710T190001Z_batch01,P12nXcf,2026-07-11T14:00:00Z,20 57 33.5,314.38958333333335,-17 53 55,-17.898611111111112,157.2,21.3,4.05,350.0,Map/Offsets,https://cgi.minorplanetcenter.net/cgi-bin/confirmeph2.cgi
20260710T190001Z,2026-07-10T19:00:01.956882Z,20260710T190001Z_batch01,P12nXcf,2026-07-11T15:00:00Z,20 57 30.5,314.37708333333336,-17 49 56,-17.83222222222222,157.2,21.3,4.04,350.0,Map/Offsets,https://cgi.minorplanetcenter.net/cgi-bin/confirmeph2.cgi
20260710T190001Z,2026-07-10T19:00:01.956882Z,20260710T190001Z_batch01,P12nXcf,2026-07-11T16:00:00Z,20 57 27.5,314.3645833333333,-17 45 57,-17.765833333333333,157.2,21.3,4.04,350.0,Map/Offsets,https://cgi.minorplanetcenter.net/cgi-bin/confirmeph2.cgi
20260710T190001Z,2026-07-10T19:00:01.956882Z,20260710T190001Z_batch01,P12nXcf,2026-07-11T17:00:00Z,20 57 24.6,314.35249999999996,-17 41 58,-17.699444444444445,157.3,21.3,4.03,350.0,Map/Offsets,https://cgi.minorplanetcenter.net/cgi-bin/confirmeph2.cgi
20260710T190001Z,2026-07-10T19:00:01.956882Z,20260710T190001Z_batch01,P12nXcf,2026-07-11T18:00:00Z,20 57 21.6,314.34,-17 38 00,-17.633333333333333,157.3,21.3,4.03,349.9,Map/Offsets,https://cgi.minorplanetcenter.net/cgi-bin/confirmeph2.cgi
20260710T190001Z,2026-07-10T19:00:01.956882Z,20260710T190001Z_batch01,A11Eq8v,2026-07-10T18:00:00Z,21 48 15.5,327.0645833333333,-41 28 06,-41.468333333333334,143.2,18.5,36.19,44.7,Map/Offsets   !,https://cgi.minorplanetcenter.net/cgi-bin/confirmeph2.cgi
20260710T190001Z,2026-07-10T19:00:01.956882Z,20260710T190001Z_batch01,A11Eq8v,2026-07-10T19:00:00Z,21 50 31.2,327.63,-41 02 09,-41.03583333333333,143.0,18.5,36.57,44.3,Map/Offsets   !,https://cgi.minorplanetcenter.net/cgi-bin/confirmeph2.cgi
20260710T190001Z,2026-07-10T19:00:01.956882Z,20260710T190001Z_batch01,A11Eq8v,2026-07-10T20:00:00Z,21 52 46.4,328.1933333333333,-40 35 46,-40.596111111111114,142.8,18.5,36.95,43.9,Map/Offsets   !,https://cgi.minorplanetcenter.net/cgi-bin/confirmeph2.cgi
20260710T190001Z,2026-07-10T19:00:01.956882Z,20260710T190001Z_batch01,A11Eq8v,2026-07-10T21:00:00Z,21 55 01.2,328.755,-40 08 57,-40.149166666666666,142.5,18.5,37.32,43.6,Map/Offsets   !,https://cgi.minorplanetcenter.net/cgi-bin/confirmeph2.cgi
20260710T190001Z,2026-07-10T19:00:01.956882Z,20260710T190001Z_batch01,A11Eq8v,2026-07-10T22:00:00Z,21 57 15.6,329.315,-39 41 41,-39.69472222222222,142.3,18.5,37.69,43.2,Map/Offsets   !,https://cgi.minorplanetcenter.net/cgi-bin/confirmeph2.cgi
20260710T190001Z,2026-07-10T19:00:01.956882Z,20260710T190001Z_batch01,A11Eq8v,2026-07-10T23:00:00Z,21 59 29.6,329.87333333333333,-39 14 00,-39.233333333333334,142.0,18.5,38.06,42.8,Map/Offsets   !,https://cgi.minorplanetcenter.net/cgi-bin/confirmeph2.cgi
20260710T190001Z,2026-07-10T19:00:01.956882Z,20260710T190001Z_batch01,A11Eq8v,2026-07-11T00:00:00Z,22 01 43.0,330.4291666666667,-38 45 53,-38.764722222222225,141.7,18.5,38.43,42.5,Map/Offsets   !,https://cgi.minorplanetcenter.net/cgi-bin/confirmeph2.cgi
20260710T190001Z,2026-07-10T19:00:01.956882Z,20260710T190001Z_batch01,A11Eq8v,2026-07-11T01:00:00Z,22 03 55.9,330.98291666666665,-38 17 20,-38.288888888888884,141.4,18.5,38.79,42.1,Map/Offsets   !,https://cgi.minorplanetcenter.net/cgi-bin/confirmeph2.cgi
20260710T190001Z,2026-07-10T19:00:01.956882Z,20260710T190001Z_batch01,A11Eq8v,2026-07-11T02:00:00Z,22 06 08.3,331.53458333333333,-37 48 22,-37.80611111111111,141.2,18.5,39.14,41.8,Map/Offsets   !,https://cgi.minorplanetcenter.net/cgi-bin/confirmeph2.cgi
20260710T190001Z,2026-07-10T19:00:01.956882Z,20260710T190001Z_batch01,A11Eq8v,2026-07-11T03:00:00Z,22 08 20.1,332.08375,-37 18 59,-37.31638888888889,140.9,18.5,39.49,41.5,Map/Offsets   !,https://cgi.minorplanetcenter.net/cgi-bin/confirmeph2.cgi
20260710T190001Z,2026-07-10T19:00:01.956882Z,20260710T190001Z_batch01,A11Eq8v,2026-07-11T04:00:00Z,22 10 31.3,332.6304166666667,-36 49 11,-36.819722222222225,140.5,18.5,39.84,41.1,Map/Offsets   !,https://cgi.minorplanetcenter.net/cgi-bin/confirmeph2.cgi
20260710T190001Z,2026-07-10T19:00:01.956882Z,20260710T190001Z_batch01,A11Eq8v,2026-07-11T05:00:00Z,22 12 42.0,333.175,-36 18 58,-36.316111111111105,140.2,18.5,40.18,40.8,Map/Offsets   !,https://cgi.minorplanetcenter.net/cgi-bin/confirmeph2.cgi
20260710T190001Z,2026-07-10T19:00:01.956882Z,20260710T190001Z_batch01,A11Eq8v,2026-07-11T06:00:00Z,22 14 52.0,333.71666666666664,-35 48 21,-35.80583333333333,139.9,18.5,40.51,40.5,Map/Offsets   !,https://cgi.minorplanetcenter.net/cgi-bin/confirmeph2.cgi
20260710T190001Z,2026-07-10T19:00:01.956882Z,20260710T190001Z_batch01,A11Eq8v,2026-07-11T07:00:00Z,22 17 01.4,334.2558333333334,-35 17 21,-35.28916666666667,139.6,18.5,40.83,40.2,Map/Offsets   !,https://cgi.minorplanetcenter.net/cgi-bin/confirmeph2.cgi
20260710T190001Z,2026-07-10T19:00:01.956882Z,20260710T190001Z_batch01,A11Eq8v,2026-07-11T08:00:00Z,22 19 10.1,334.7920833333333,-34 45 58,-34.76611111111111,139.2,18.5,41.15,39.9,Map/Offsets   !,https://cgi.minorplanetcenter.net/cgi-bin/confirmeph2.cgi
20260710T190001Z,2026-07-10T19:00:01.956882Z,20260710T190001Z_batch01,A11Eq8v,2026-07-11T09:00:00Z,22 21 18.2,335.3258333333333,-34 14 11,-34.23638888888889,138.9,18.5,41.45,39.6,Map/Offsets   !,https://cgi.minorplanetcenter.net/cgi-bin/confirmeph2.cgi
20260710T190001Z,2026-07-10T19:00:01.956882Z,20260710T190001Z_batch01,A11Eq8v,2026-07-11T10:00:00Z,22 23 25.5,335.85625,-33 42 02,-33.70055555555556,138.5,18.5,41.75,39.3,Map/Offsets   !,https://cgi.minorplanetcenter.net/cgi-bin/confirmeph2.cgi
20260710T190001Z,2026-07-10T19:00:01.956882Z,20260710T190001Z_batch01,A11Eq8v,2026-07-11T11:00:00Z,22 25 32.2,336.3841666666667,-33 09 31,-33.15861111111111,138.1,18.5,42.04,39.0,Map/Offsets   !,https://cgi.minorplanetcenter.net/cgi-bin/confirmeph2.cgi
20260710T190001Z,2026-07-10T19:00:01.956882Z,20260710T190001Z_batch01,A11Eq8v,2026-07-11T12:00:00Z,22 27 38.1,336.90875,-32 36 39,-32.61083333333333,137.7,18.5,42.32,38.7,Map/Offsets   !,https://cgi.minorplanetcenter.net/cgi-bin/confirmeph2.cgi
20260710T190001Z,2026-07-10T19:00:01.956882Z,20260710T190001Z_batch01,A11Eq8v,2026-07-11T13:00:00Z,22 29 43.3,337.4304166666667,-32 03 26,-32.05722222222222,137.3,18.5,42.59,38.4,Map/Offsets   !,https://cgi.minorplanetcenter.net/cgi-bin/confirmeph2.cgi
20260710T190001Z,2026-07-10T19:00:01.956882Z,20260710T190001Z_batch01,A11Eq8v,2026-07-11T14:00:00Z,22 31 47.8,337.94916666666666,-31 29 53,-31.498055555555556,136.9,18.5,42.85,38.1,Map/Offsets   !,https://cgi.minorplanetcenter.net/cgi-bin/confirmeph2.cgi
20260710T190001Z,2026-07-10T19:00:01.956882Z,20260710T190001Z_batch01,A11Eq8v,2026-07-11T15:00:00Z,22 33 51.4,338.4641666666667,-30 56 01,-30.933611111111112,136.5,18.5,43.1,37.8,Map/Offsets   !,https://cgi.minorplanetcenter.net/cgi-bin/confirmeph2.cgi
20260710T190001Z,2026-07-10T19:00:01.956882Z,20260710T190001Z_batch01,A11Eq8v,2026-07-11T16:00:00Z,22 35 54.3,338.97625,-30 21 50,-30.36388888888889,136.1,18.5,43.33,37.6,Map/Offsets   !,https://cgi.minorplanetcenter.net/cgi-bin/confirmeph2.cgi
20260710T190001Z,2026-07-10T19:00:01.956882Z,20260710T190001Z_batch01,A11Eq8v,2026-07-11T17:00:00Z,22 37 56.5,339.4854166666667,-29 47 20,-29.78888888888889,135.7,18.5,43.56,37.3,Map/Offsets   !,https://cgi.minorplanetcenter.net/cgi-bin/confirmeph2.cgi
20260710T190001Z,2026-07-10T19:00:01.956882Z,20260710T190001Z_batch01,A11Eq8v,2026-07-11T18:00:00Z,22 39 57.8,339.99083333333334,-29 12 33,-29.209166666666665,135.3,18.5,43.77,37.1,Map/Offsets   !,https://cgi.minorplanetcenter.net/cgi-bin/confirmeph2.cgi
20260710T190001Z,2026-07-10T19:00:01.956882Z,20260710T190001Z_batch01,A11EpSe,2026-07-10T18:00:00Z,19 39 50.1,294.95875,-29 55 32,-29.925555555555558,170.9,19.4,0.53,319.6,Map/Offsets,https://cgi.minorplanetcenter.net/cgi-bin/confirmeph2.cgi
20260710T190001Z,2026-07-10T19:00:01.956882Z,20260710T190001Z_batch01,A11EpSe,2026-07-10T19:00:00Z,19 39 48.5,294.95208333333335,-29 55 08,-29.91888888888889,171.0,19.4,0.53,319.7,Map/Offsets,https://cgi.minorplanetcenter.net/cgi-bin/confirmeph2.cgi
20260710T190001Z,2026-07-10T19:00:01.956882Z,20260710T190001Z_batch01,A11EpSe,2026-07-10T20:00:00Z,19 39 46.9,294.9454166666667,-29 54 44,-29.91222222222222,171.0,19.4,0.53,319.7,Map/Offsets,https://cgi.minorplanetcenter.net/cgi-bin/confirmeph2.cgi
20260710T190001Z,2026-07-10T19:00:01.956882Z,20260710T190001Z_batch01,A11EpSe,2026-07-10T21:00:00Z,19 39 45.3,294.93874999999997,-29 54 19,-29.905277777777776,171.0,19.4,0.53,319.7,Map/Offsets,https://cgi.minorplanetcenter.net/cgi-bin/confirmeph2.cgi
20260710T190001Z,2026-07-10T19:00:01.956882Z,20260710T190001Z_batch01,A11EpSe,2026-07-10T22:00:00Z,19 39 43.7,294.9320833333333,-29 53 55,-29.898611111111112,171.0,19.4,0.53,319.7,Map/Offsets,https://cgi.minorplanetcenter.net/cgi-bin/confirmeph2.cgi
20260710T190001Z,2026-07-10T19:00:01.956882Z,20260710T190001Z_batch01,A11EpSe,2026-07-10T23:00:00Z,19 39 42.2,294.9258333333333,-29 53 31,-29.891944444444444,171.0,19.3,0.53,319.7,Map/Offsets,https://cgi.minorplanetcenter.net/cgi-bin/confirmeph2.cgi
20260710T190001Z,2026-07-10T19:00:01.956882Z,20260710T190001Z_batch01,A11EpSe,2026-07-11T00:00:00Z,19 39 40.6,294.9191666666666,-29 53 06,-29.884999999999998,171.1,19.3,0.53,319.7,Map/Offsets,https://cgi.minorplanetcenter.net/cgi-bin/confirmeph2.cgi
20260710T190001Z,2026-07-10T19:00:01.956882Z,20260710T190001Z_batch01,A11EpSe,2026-07-11T01:00:00Z,19 39 39.0,294.91249999999997,-29 52 42,-29.878333333333334,171.1,19.3,0.53,319.7,Map/Offsets,https://cgi.minorplanetcenter.net/cgi-bin/confirmeph2.cgi
20260710T190001Z,2026-07-10T19:00:01.956882Z,20260710T190001Z_batch01,A11EpSe,2026-07-11T02:00:00Z,19 39 37.4,294.90583333333336,-29 52 17,-29.87138888888889,171.1,19.3,0.54,319.7,Map/Offsets,https://cgi.minorplanetcenter.net/cgi-bin/confirmeph2.cgi
20260710T190001Z,2026-07-10T19:00:01.956882Z,20260710T190001Z_batch01,A11EpSe,2026-07-11T03:00:00Z,19 39 35.8,294.89916666666664,-29 51 53,-29.864722222222223,171.1,19.3,0.54,319.7,Map/Offsets,https://cgi.minorplanetcenter.net/cgi-bin/confirmeph2.cgi
20260710T190001Z,2026-07-10T19:00:01.956882Z,20260710T190001Z_batch01,A11EpSe,2026-07-11T04:00:00Z,19 39 34.2,294.8925,-29 51 28,-29.85777777777778,171.2,19.3,0.54,319.7,Map/Offsets,https://cgi.minorplanetcenter.net/cgi-bin/confirmeph2.cgi
20260710T190001Z,2026-07-10T19:00:01.956882Z,20260710T190001Z_batch01,A11EpSe,2026-07-11T05:00:00Z,19 39 32.6,294.8858333333333,-29 51 04,-29.851111111111113,171.2,19.3,0.54,319.7,Map/Offsets,https://cgi.minorplanetcenter.net/cgi-bin/confirmeph2.cgi
20260710T190001Z,2026-07-10T19:00:01.956882Z,20260710T190001Z_batch01,A11EpSe,2026-07-11T06:00:00Z,19 39 31.0,294.87916666666666,-29 50 39,-29.844166666666666,171.2,19.3,0.54,319.7,Map/Offsets,https://cgi.minorplanetcenter.net/cgi-bin/confirmeph2.cgi
20260710T190001Z,2026-07-10T19:00:01.956882Z,20260710T190001Z_batch01,A11EpSe,2026-07-11T07:00:00Z,19 39 29.4,294.8725,-29 50 14,-29.83722222222222,171.2,19.3,0.54,319.7,Map/Offsets,https://cgi.minorplanetcenter.net/cgi-bin/confirmeph2.cgi
20260710T190001Z,2026-07-10T19:00:01.956882Z,20260710T190001Z_batch01,A11EpSe,2026-07-11T08:00:00Z,19 39 27.8,294.86583333333334,-29 49 50,-29.830555555555556,171.3,19.3,0.54,319.8,Map/Offsets,https://cgi.minorplanetcenter.net/cgi-bin/confirmeph2.cgi
20260710T190001Z,2026-07-10T19:00:01.956882Z,20260710T190001Z_batch01,A11EpSe,2026-07-11T09:00:00Z,19 39 26.1,294.85875,-29 49 25,-29.82361111111111,171.3,19.3,0.54,319.8,Map/Offsets,https://cgi.minorplanetcenter.net/cgi-bin/confirmeph2.cgi
20260710T190001Z,2026-07-10T19:00:01.956882Z,20260710T190001Z_batch01,A11EpSe,2026-07-11T10:00:00Z,19 39 24.5,294.8520833333333,-29 49 00,-29.816666666666666,171.3,19.3,0.54,319.8,Map/Offsets,https://cgi.minorplanetcenter.net/cgi-bin/confirmeph2.cgi
20260710T190001Z,2026-07-10T19:00:01.956882Z,20260710T190001Z_batch01,A11EpSe,2026-07-11T11:00:00Z,19 39 22.9,294.84541666666667,-29 48 35,-29.809722222222224,171.3,19.3,0.54,319.8,Map/Offsets,https://cgi.minorplanetcenter.net/cgi-bin/confirmeph2.cgi
20260710T190001Z,2026-07-10T19:00:01.956882Z,20260710T190001Z_batch01,A11EpSe,2026-07-11T12:00:00Z,19 39 21.3,294.83875,-29 48 11,-29.803055555555556,171.3,19.3,0.54,319.8,Map/Offsets,https://cgi.minorplanetcenter.net/cgi-bin/confirmeph2.cgi
20260710T190001Z,2026-07-10T19:00:01.956882Z,20260710T190001Z_batch01,A11EpSe,2026-07-11T13:00:00Z,19 39 19.7,294.83208333333334,-29 47 46,-29.796111111111113,171.4,19.3,0.54,319.8,Map/Offsets,https://cgi.minorplanetcenter.net/cgi-bin/confirmeph2.cgi
20260710T190001Z,2026-07-10T19:00:01.956882Z,20260710T190001Z_batch01,A11EpSe,2026-07-11T14:00:00Z,19 39 18.1,294.8254166666666,-29 47 21,-29.789166666666667,171.4,19.3,0.54,319.8,Map/Offsets,https://cgi.minorplanetcenter.net/cgi-bin/confirmeph2.cgi
20260710T190001Z,2026-07-10T19:00:01.956882Z,20260710T190001Z_batch01,A11EpSe,2026-07-11T15:00:00Z,19 39 16.5,294.81874999999997,-29 46 56,-29.78222222222222,171.4,19.3,0.54,319.8,Map/Offsets,https://cgi.minorplanetcenter.net/cgi-bin/confirmeph2.cgi
20260710T190001Z,2026-07-10T19:00:01.956882Z,20260710T190001Z_batch01,A11EpSe,2026-07-11T16:00:00Z,19 39 14.8,294.81166666666667,-29 46 31,-29.775277777777777,171.4,19.3,0.55,319.8,Map/Offsets,https://cgi.minorplanetcenter.net/cgi-bin/confirmeph2.cgi
20260710T190001Z,2026-07-10T19:00:01.956882Z,20260710T190001Z_batch01,A11EpSe,2026-07-11T17:00:00Z,19 39 13.2,294.805,-29 46 06,-29.76833333333333,171.4,19.3,0.55,319.8,Map/Offsets,https://cgi.minorplanetcenter.net/cgi-bin/confirmeph2.cgi
20260710T190001Z,2026-07-10T19:00:01.956882Z,20260710T190001Z_batch01,A11EpSe,2026-07-11T18:00:00Z,19 39 11.6,294.79833333333335,-29 45 41,-29.761388888888888,171.5,19.3,0.55,319.8,Map/Offsets,https://cgi.minorplanetcenter.net/cgi-bin/confirmeph2.cgi
20260710T190001Z,2026-07-10T19:00:01.956882Z,20260710T190001Z_batch01,W2nCdO,2026-07-10T18:00:00Z,19 07 11.4,286.7975,-24 28 19,-24.471944444444443,176.5,23.6,0.81,120.6,Map/Offsets,https://cgi.minorplanetcenter.net/cgi-bin/confirmeph2.cgi
20260710T190001Z,2026-07-10T19:00:01.956882Z,20260710T190001Z_batch01,W2nCdO,2026-07-10T19:00:00Z,19 07 14.5,286.8104166666667,-24 28 44,-24.478888888888886,176.5,23.6,0.81,120.5,Map/Offsets,https://cgi.minorplanetcenter.net/cgi-bin/confirmeph2.cgi
20260710T190001Z,2026-07-10T19:00:01.956882Z,20260710T190001Z_batch01,W2nCdO,2026-07-10T20:00:00Z,19 07 17.5,286.8229166666667,-24 29 08,-24.485555555555557,176.5,23.7,0.81,120.5,Map/Offsets,https://cgi.minorplanetcenter.net/cgi-bin/confirmeph2.cgi
20260710T190001Z,2026-07-10T19:00:01.956882Z,20260710T190001Z_batch01,W2nCdO,2026-07-10T21:00:00Z,19 07 20.6,286.8358333333333,-24 29 33,-24.4925,176.5,23.7,0.8,120.5,Map/Offsets,https://cgi.minorplanetcenter.net/cgi-bin/confirmeph2.cgi
20260710T190001Z,2026-07-10T19:00:01.956882Z,20260710T190001Z_batch01,W2nCdO,2026-07-10T22:00:00Z,19 07 23.6,286.8483333333333,-24 29 57,-24.499166666666667,176.4,23.7,0.8,120.5,Map/Offsets,https://cgi.minorplanetcenter.net/cgi-bin/confirmeph2.cgi
20260710T190001Z,2026-07-10T19:00:01.956882Z,20260710T190001Z_batch01,W2nCdO,2026-07-10T23:00:00Z,19 07 26.7,286.86125000000004,-24 30 22,-24.50611111111111,176.4,23.7,0.8,120.5,Map/Offsets,https://cgi.minorplanetcenter.net/cgi-bin/confirmeph2.cgi
20260710T190001Z,2026-07-10T19:00:01.956882Z,20260710T190001Z_batch01,W2nCdO,2026-07-11T00:00:00Z,19 07 29.7,286.87375000000003,-24 30 46,-24.512777777777778,176.4,23.7,0.8,120.4,Map/Offsets,https://cgi.minorplanetcenter.net/cgi-bin/confirmeph2.cgi
20260710T190001Z,2026-07-10T19:00:01.956882Z,20260710T190001Z_batch01,W2nCdO,2026-07-11T01:00:00Z,19 07 32.7,286.88625,-24 31 10,-24.519444444444442,176.3,23.7,0.79,120.4,Map/Offsets,https://cgi.minorplanetcenter.net/cgi-bin/confirmeph2.cgi
20260710T190001Z,2026-07-10T19:00:01.956882Z,20260710T190001Z_batch01,W2nCdO,2026-07-11T02:00:00Z,19 07 35.7,286.89875,-24 31 34,-24.52611111111111,176.3,23.7,0.79,120.4,Map/Offsets,https://cgi.minorplanetcenter.net/cgi-bin/confirmeph2.cgi
20260710T190001Z,2026-07-10T19:00:01.956882Z,20260710T190001Z_batch01,W2nCdO,2026-07-11T03:00:00Z,19 07 38.7,286.91125000000005,-24 31 58,-24.532777777777778,176.3,23.7,0.79,120.4,Map/Offsets,https://cgi.minorplanetcenter.net/cgi-bin/confirmeph2.cgi
20260710T190001Z,2026-07-10T19:00:01.956882Z,20260710T190001Z_batch01,W2nCdO,2026-07-11T04:00:00Z,19 07 41.7,286.92375000000004,-24 32 22,-24.539444444444445,176.3,23.7,0.78,120.4,Map/Offsets,https://cgi.minorplanetcenter.net/cgi-bin/confirmeph2.cgi
20260710T190001Z,2026-07-10T19:00:01.956882Z,20260710T190001Z_batch01,W2nCdO,2026-07-11T05:00:00Z,19 07 44.7,286.93625000000003,-24 32 46,-24.546111111111113,176.2,23.7,0.78,120.4,Map/Offsets,https://cgi.minorplanetcenter.net/cgi-bin/confirmeph2.cgi
20260710T190001Z,2026-07-10T19:00:01.956882Z,20260710T190001Z_batch01,W2nCdO,2026-07-11T06:00:00Z,19 07 47.6,286.9483333333333,-24 33 09,-24.552500000000002,176.2,23.7,0.78,120.3,Map/Offsets,https://cgi.minorplanetcenter.net/cgi-bin/confirmeph2.cgi
20260710T190001Z,2026-07-10T19:00:01.956882Z,20260710T190001Z_batch01,W2nCdO,2026-07-11T07:00:00Z,19 07 50.6,286.9608333333333,-24 33 33,-24.559166666666666,176.2,23.7,0.78,120.3,Map/Offsets,https://cgi.minorplanetcenter.net/cgi-bin/confirmeph2.cgi
20260710T190001Z,2026-07-10T19:00:01.956882Z,20260710T190001Z_batch01,W2nCdO,2026-07-11T08:00:00Z,19 07 53.5,286.97291666666666,-24 33 56,-24.565555555555555,176.1,23.7,0.77,120.3,Map/Offsets,https://cgi.minorplanetcenter.net/cgi-bin/confirmeph2.cgi
20260710T190001Z,2026-07-10T19:00:01.956882Z,20260710T190001Z_batch01,W2nCdO,2026-07-11T09:00:00Z,19 07 56.5,286.9854166666667,-24 34 20,-24.572222222222223,176.1,23.7,0.77,120.3,Map/Offsets,https://cgi.minorplanetcenter.net/cgi-bin/confirmeph2.cgi
20260710T190001Z,2026-07-10T19:00:01.956882Z,20260710T190001Z_batch01,W2nCdO,2026-07-11T10:00:00Z,19 07 59.4,286.9975,-24 34 43,-24.578611111111112,176.1,23.7,0.77,120.3,Map/Offsets,https://cgi.minorplanetcenter.net/cgi-bin/confirmeph2.cgi
20260710T190001Z,2026-07-10T19:00:01.956882Z,20260710T190001Z_batch01,W2nCdO,2026-07-11T11:00:00Z,19 08 02.3,287.00958333333335,-24 35 06,-24.584999999999997,176.1,23.7,0.77,120.2,Map/Offsets,https://cgi.minorplanetcenter.net/cgi-bin/confirmeph2.cgi
20260710T190001Z,2026-07-10T19:00:01.956882Z,20260710T190001Z_batch01,W2nCdO,2026-07-11T12:00:00Z,19 08 05.2,287.02166666666665,-24 35 29,-24.591388888888886,176.0,23.7,0.76,120.2,Map/Offsets,https://cgi.minorplanetcenter.net/cgi-bin/confirmeph2.cgi
20260710T190001Z,2026-07-10T19:00:01.956882Z,20260710T190001Z_batch01,W2nCdO,2026-07-11T13:00:00Z,19 08 08.1,287.03375,-24 35 52,-24.597777777777775,176.0,23.8,0.76,120.2,Map/Offsets,https://cgi.minorplanetcenter.net/cgi-bin/confirmeph2.cgi
20260710T190001Z,2026-07-10T19:00:01.956882Z,20260710T190001Z_batch01,W2nCdO,2026-07-11T14:00:00Z,19 08 11.0,287.04583333333335,-24 36 15,-24.604166666666668,176.0,23.8,0.76,120.2,Map/Offsets,https://cgi.minorplanetcenter.net/cgi-bin/confirmeph2.cgi
20260710T190001Z,2026-07-10T19:00:01.956882Z,20260710T190001Z_batch01,W2nCdO,2026-07-11T15:00:00Z,19 08 13.9,287.05791666666664,-24 36 38,-24.610555555555557,175.9,23.8,0.75,120.2,Map/Offsets,https://cgi.minorplanetcenter.net/cgi-bin/confirmeph2.cgi
20260710T190001Z,2026-07-10T19:00:01.956882Z,20260710T190001Z_batch01,W2nCdO,2026-07-11T16:00:00Z,19 08 16.7,287.0695833333333,-24 37 01,-24.616944444444446,175.9,23.8,0.75,120.1,Map/Offsets,https://cgi.minorplanetcenter.net/cgi-bin/confirmeph2.cgi
20260710T190001Z,2026-07-10T19:00:01.956882Z,20260710T190001Z_batch01,W2nCdO,2026-07-11T17:00:00Z,19 08 19.6,287.08166666666665,-24 37 23,-24.623055555555556,175.9,23.8,0.75,120.1,Map/Offsets,https://cgi.minorplanetcenter.net/cgi-bin/confirmeph2.cgi
20260710T190001Z,2026-07-10T19:00:01.956882Z,20260710T190001Z_batch01,W2nCdO,2026-07-11T18:00:00Z,19 08 22.4,287.09333333333336,-24 37 46,-24.629444444444445,175.8,23.8,0.75,120.1,Map/Offsets,https://cgi.minorplanetcenter.net/cgi-bin/confirmeph2.cgi
20260710T190001Z,2026-07-10T19:00:01.956882Z,20260710T190001Z_batch01,ST26G01,2026-07-10T18:00:00Z,20 13 47.1,303.44624999999996,-56 56 30,-56.94166666666666,143.8,21.1,16.19,123.3,Map/Offsets   !,https://cgi.minorplanetcenter.net/cgi-bin/confirmeph2.cgi
20260710T190001Z,2026-07-10T19:00:01.956882Z,20260710T190001Z_batch01,ST26G01,2026-07-10T19:00:00Z,20 15 25.8,303.8575,-57 05 16,-57.08777777777778,143.6,21.1,15.89,123.0,Map/Offsets   !,https://cgi.minorplanetcenter.net/cgi-bin/confirmeph2.cgi
20260710T190001Z,2026-07-10T19:00:01.956882Z,20260710T190001Z_batch01,ST26G01,2026-07-10T20:00:00Z,20 17 03.4,304.2641666666667,-57 13 47,-57.22972222222222,143.4,21.1,15.6,122.6,Map/Offsets   !,https://cgi.minorplanetcenter.net/cgi-bin/confirmeph2.cgi
20260710T190001Z,2026-07-10T19:00:01.956882Z,20260710T190001Z_batch01,ST26G01,2026-07-10T21:00:00Z,20 18 39.9,304.66625,-57 22 05,-57.36805555555556,143.2,21.1,15.31,122.3,Map/Offsets   !,https://cgi.minorplanetcenter.net/cgi-bin/confirmeph2.cgi
20260710T190001Z,2026-07-10T19:00:01.956882Z,20260710T190001Z_batch01,ST26G01,2026-07-10T22:00:00Z,20 20 15.4,305.0641666666666,-57 30 08,-57.50222222222222,143.0,21.2,15.03,121.9,Map/Offsets   !,https://cgi.minorplanetcenter.net/cgi-bin/confirmeph2.cgi
20260710T190001Z,2026-07-10T19:00:01.956882Z,20260710T190001Z_batch01,ST26G01,2026-07-10T23:00:00Z,20 21 49.9,305.4579166666667,-57 37 59,-57.63305555555556,142.8,21.2,14.76,121.6,Map/Offsets   !,https://cgi.minorplanetcenter.net/cgi-bin/confirmeph2.cgi
20260710T190001Z,2026-07-10T19:00:01.956882Z,20260710T190001Z_batch01,ST26G01,2026-07-11T00:00:00Z,20 23 23.3,305.84708333333333,-57 45 36,-57.76,142.6,21.2,14.5,121.3,Map/Offsets   !,https://cgi.minorplanetcenter.net/cgi-bin/confirmeph2.cgi
20260710T190001Z,2026-07-10T19:00:01.956882Z,20260710T190001Z_batch01,ST26G01,2026-07-11T01:00:00Z,20 24 55.7,306.2320833333333,-57 53 01,-57.88361111111111,142.4,21.2,14.24,120.9,Map/Offsets   !,https://cgi.minorplanetcenter.net/cgi-bin/confirmeph2.cgi
20260710T190001Z,2026-07-10T19:00:01.956882Z,20260710T190001Z_batch01,ST26G01,2026-07-11T02:00:00Z,20 26 27.1,306.61291666666665,-58 00 15,-58.00416666666667,142.2,21.3,13.98,120.6,Map/Offsets   !,https://cgi.minorplanetcenter.net/cgi-bin/confirmeph2.cgi
20260710T190001Z,2026-07-10T19:00:01.956882Z,20260710T190001Z_batch01,ST26G01,2026-07-11T03:00:00Z,20 27 57.5,306.9895833333333,-58 07 16,-58.12111111111111,142.0,21.3,13.74,120.3,Map/Offsets   !,https://cgi.minorplanetcenter.net/cgi-bin/confirmeph2.cgi
20260710T190001Z,2026-07-10T19:00:01.956882Z,20260710T190001Z_batch01,ST26G01,2026-07-11T04:00:00Z,20 29 26.8,307.3616666666667,-58 14 06,-58.235,141.8,21.3,13.5,120.0,Map/Offsets   !,https://cgi.minorplanetcenter.net/cgi-bin/confirmeph2.cgi
20260710T190001Z,2026-07-10T19:00:01.956882Z,20260710T190001Z_batch01,ST26G01,2026-07-11T05:00:00Z,20 30 55.2,307.73,-58 20 45,-58.34583333333334,141.6,21.3,13.26,119.6,Map/Offsets   !,https://cgi.minorplanetcenter.net/cgi-bin/confirmeph2.cgi
20260710T190001Z,2026-07-10T19:00:01.956882Z,20260710T190001Z_batch01,ST26G01,2026-07-11T06:00:00Z,20 32 22.6,308.0941666666667,-58 27 13,-58.453611111111115,141.5,21.4,13.03,119.3,Map/Offsets   !,https://cgi.minorplanetcenter.net/cgi-bin/confirmeph2.cgi
20260710T190001Z,2026-07-10T19:00:01.956882Z,20260710T190001Z_batch01,ST26G01,2026-07-11T07:00:00Z,20 33 49.0,308.45416666666665,-58 33 31,-58.558611111111105,141.3,21.4,12.81,119.0,Map/Offsets   !,https://cgi.minorplanetcenter.net/cgi-bin/confirmeph2.cgi
20260710T190001Z,2026-07-10T19:00:01.956882Z,20260710T190001Z_batch01,ST26G01,2026-07-11T08:00:00Z,20 35 14.4,308.81,-58 39 39,-58.66083333333333,141.1,21.4,12.59,118.7,Map/Offsets   !,https://cgi.minorplanetcenter.net/cgi-bin/confirmeph2.cgi
20260710T190001Z,2026-07-10T19:00:01.956882Z,20260710T190001Z_batch01,ST26G01,2026-07-11T09:00:00Z,20 36 38.9,309.1620833333334,-58 45 37,-58.76027777777778,141.0,21.4,12.38,118.4,Map/Offsets   !,https://cgi.minorplanetcenter.net/cgi-bin/confirmeph2.cgi
20260710T190001Z,2026-07-10T19:00:01.956882Z,20260710T190001Z_batch01,ST26G01,2026-07-11T10:00:00Z,20 38 02.4,309.51,-58 51 25,-58.856944444444444,140.8,21.5,12.17,118.1,Map/Offsets   !,https://cgi.minorplanetcenter.net/cgi-bin/confirmeph2.cgi
20260710T190001Z,2026-07-10T19:00:01.956882Z,20260710T190001Z_batch01,ST26G01,2026-07-11T11:00:00Z,20 39 25.0,309.85416666666663,-58 57 05,-58.95138888888889,140.6,21.5,11.97,117.8,Map/Offsets   !,https://cgi.minorplanetcenter.net/cgi-bin/confirmeph2.cgi
20260710T190001Z,2026-07-10T19:00:01.956882Z,20260710T190001Z_batch01,ST26G01,2026-07-11T12:00:00Z,20 40 46.6,310.19416666666666,-59 02 35,-59.043055555555554,140.5,21.5,11.77,117.5,Map/Offsets   !,https://cgi.minorplanetcenter.net/cgi-bin/confirmeph2.cgi
20260710T190001Z,2026-07-10T19:00:01.956882Z,20260710T190001Z_batch01,ST26G01,2026-07-11T13:00:00Z,20 42 07.3,310.5304166666666,-59 07 57,-59.1325,140.3,21.5,11.58,117.2,Map/Offsets   !,https://cgi.minorplanetcenter.net/cgi-bin/confirmeph2.cgi
20260710T190001Z,2026-07-10T19:00:01.956882Z,20260710T190001Z_batch01,ST26G01,2026-07-11T14:00:00Z,20 43 27.2,310.8633333333333,-59 13 10,-59.21944444444445,140.1,21.6,11.39,116.9,Map/Offsets   !,https://cgi.minorplanetcenter.net/cgi-bin/confirmeph2.cgi
20260710T190001Z,2026-07-10T19:00:01.956882Z,20260710T190001Z_batch01,ST26G01,2026-07-11T15:00:00Z,20 44 46.1,311.19208333333336,-59 18 15,-59.30416666666667,140.0,21.6,11.2,116.6,Map/Offsets   !,https://cgi.minorplanetcenter.net/cgi-bin/confirmeph2.cgi
20260710T190001Z,2026-07-10T19:00:01.956882Z,20260710T190001Z_batch01,ST26G01,2026-07-11T16:00:00Z,20 46 04.1,311.5170833333333,-59 23 12,-59.38666666666666,139.8,21.6,11.02,116.3,Map/Offsets   !,https://cgi.minorplanetcenter.net/cgi-bin/confirmeph2.cgi
20260710T190001Z,2026-07-10T19:00:01.956882Z,20260710T190001Z_batch01,ST26G01,2026-07-11T17:00:00Z,20 47 21.2,311.83833333333337,-59 28 02,-59.467222222222226,139.7,21.6,10.84,116.1,Map/Offsets   !,https://cgi.minorplanetcenter.net/cgi-bin/confirmeph2.cgi
20260710T190001Z,2026-07-10T19:00:01.956882Z,20260710T190001Z_batch01,ST26G01,2026-07-11T18:00:00Z,20 48 37.5,312.15625,-59 32 44,-59.54555555555555,139.6,21.6,10.67,115.8,Map/Offsets   !,https://cgi.minorplanetcenter.net/cgi-bin/confirmeph2.cgi
20260710T190001Z,2026-07-10T19:00:01.956882Z,20260710T190001Z_batch01,P22nTNT,2026-07-10T18:00:00Z,18 18 30.5,274.62708333333336,+17 46 56,17.78222222222222,137.4,21.0,0.8,206.0,Map/Offsets,https://cgi.minorplanetcenter.net/cgi-bin/confirmeph2.cgi
20260710T190001Z,2026-07-10T19:00:01.956882Z,20260710T190001Z_batch01,P22nTNT,2026-07-10T19:00:00Z,18 18 29.1,274.62125,+17 46 13,17.77027777777778,137.4,21.0,0.8,205.9,Map/Offsets,https://cgi.minorplanetcenter.net/cgi-bin/confirmeph2.cgi
20260710T190001Z,2026-07-10T19:00:01.956882Z,20260710T190001Z_batch01,P22nTNT,2026-07-10T20:00:00Z,18 18 27.6,274.615,+17 45 30,17.758333333333333,137.4,21.0,0.8,205.8,Map/Offsets,https://cgi.minorplanetcenter.net/cgi-bin/confirmeph2.cgi
20260710T190001Z,2026-07-10T19:00:01.956882Z,20260710T190001Z_batch01,P22nTNT,2026-07-10T21:00:00Z,18 18 26.1,274.60875,+17 44 47,17.74638888888889,137.4,21.0,0.8,205.8,Map/Offsets,https://cgi.minorplanetcenter.net/cgi-bin/confirmeph2.cgi
20260710T190001Z,2026-07-10T19:00:01.956882Z,20260710T190001Z_batch01,P22nTNT,2026-07-10T22:00:00Z,18 18 24.7,274.60291666666666,+17 44 04,17.734444444444446,137.4,21.0,0.8,205.7,Map/Offsets,https://cgi.minorplanetcenter.net/cgi-bin/confirmeph2.cgi
20260710T190001Z,2026-07-10T19:00:01.956882Z,20260710T190001Z_batch01,P22nTNT,2026-07-10T23:00:00Z,18 18 23.2,274.5966666666667,+17 43 21,17.722499999999997,137.4,21.0,0.8,205.7,Map/Offsets,https://cgi.minorplanetcenter.net/cgi-bin/confirmeph2.cgi
20260710T190001Z,2026-07-10T19:00:01.956882Z,20260710T190001Z_batch01,P22nTNT,2026-07-11T00:00:00Z,18 18 21.8,274.59083333333336,+17 42 37,17.710277777777776,137.4,21.0,0.8,205.6,Map/Offsets,https://cgi.minorplanetcenter.net/cgi-bin/confirmeph2.cgi
20260710T190001Z,2026-07-10T19:00:01.956882Z,20260710T190001Z_batch01,P22nTNT,2026-07-11T01:00:00Z,18 18 20.3,274.58458333333334,+17 41 54,17.698333333333334,137.4,21.0,0.8,205.5,Map/Offsets,https://cgi.minorplanetcenter.net/cgi-bin/confirmeph2.cgi
20260710T190001Z,2026-07-10T19:00:01.956882Z,20260710T190001Z_batch01,P22nTNT,2026-07-11T02:00:00Z,18 18 18.9,274.57875,+17 41 11,17.68638888888889,137.4,21.0,0.8,205.5,Map/Offsets,https://cgi.minorplanetcenter.net/cgi-bin/confirmeph2.cgi
20260710T190001Z,2026-07-10T19:00:01.956882Z,20260710T190001Z_batch01,P22nTNT,2026-07-11T03:00:00Z,18 18 17.4,274.5725,+17 40 27,17.674166666666668,137.4,21.0,0.8,205.4,Map/Offsets,https://cgi.minorplanetcenter.net/cgi-bin/confirmeph2.cgi
20260710T190001Z,2026-07-10T19:00:01.956882Z,20260710T190001Z_batch01,P22nTNT,2026-07-11T04:00:00Z,18 18 16.0,274.56666666666666,+17 39 44,17.66222222222222,137.4,21.0,0.8,205.4,Map/Offsets,https://cgi.minorplanetcenter.net/cgi-bin/confirmeph2.cgi
20260710T190001Z,2026-07-10T19:00:01.956882Z,20260710T190001Z_batch01,P22nTNT,2026-07-11T05:00:00Z,18 18 14.5,274.5604166666667,+17 39 00,17.65,137.4,21.0,0.8,205.3,Map/Offsets,https://cgi.minorplanetcenter.net/cgi-bin/confirmeph2.cgi
20260710T190001Z,2026-07-10T19:00:01.956882Z,20260710T190001Z_batch01,P22nTNT,2026-07-11T06:00:00Z,18 18 13.1,274.55458333333337,+17 38 17,17.638055555555557,137.4,21.0,0.8,205.3,Map/Offsets,https://cgi.minorplanetcenter.net/cgi-bin/confirmeph2.cgi
20260710T190001Z,2026-07-10T19:00:01.956882Z,20260710T190001Z_batch01,P22nTNT,2026-07-11T07:00:00Z,18 18 11.7,274.54875000000004,+17 37 33,17.625833333333333,137.4,21.0,0.8,205.2,Map/Offsets,https://cgi.minorplanetcenter.net/cgi-bin/confirmeph2.cgi
20260710T190001Z,2026-07-10T19:00:01.956882Z,20260710T190001Z_batch01,P22nTNT,2026-07-11T08:00:00Z,18 18 10.2,274.5425,+17 36 49,17.613611111111112,137.4,21.0,0.81,205.1,Map/Offsets,https://cgi.minorplanetcenter.net/cgi-bin/confirmeph2.cgi
20260710T190001Z,2026-07-10T19:00:01.956882Z,20260710T190001Z_batch01,P22nTNT,2026-07-11T09:00:00Z,18 18 08.8,274.53666666666663,+17 36 05,17.60138888888889,137.4,21.0,0.81,205.1,Map/Offsets,https://cgi.minorplanetcenter.net/cgi-bin/confirmeph2.cgi
20260710T190001Z,2026-07-10T19:00:01.956882Z,20260710T190001Z_batch01,P22nTNT,2026-07-11T10:00:00Z,18 18 07.4,274.5308333333333,+17 35 22,17.589444444444442,137.4,21.0,0.81,205.0,Map/Offsets,https://cgi.minorplanetcenter.net/cgi-bin/confirmeph2.cgi
20260710T190001Z,2026-07-10T19:00:01.956882Z,20260710T190001Z_batch01,P22nTNT,2026-07-11T11:00:00Z,18 18 05.9,274.52458333333334,+17 34 38,17.577222222222222,137.4,21.0,0.81,205.0,Map/Offsets,https://cgi.minorplanetcenter.net/cgi-bin/confirmeph2.cgi
20260710T190001Z,2026-07-10T19:00:01.956882Z,20260710T190001Z_batch01,P22nTNT,2026-07-11T12:00:00Z,18 18 04.5,274.51875,+17 33 54,17.565,137.4,21.0,0.81,204.9,Map/Offsets,https://cgi.minorplanetcenter.net/cgi-bin/confirmeph2.cgi
20260710T190001Z,2026-07-10T19:00:01.956882Z,20260710T190001Z_batch01,P22nTNT,2026-07-11T13:00:00Z,18 18 03.1,274.5129166666667,+17 33 10,17.552777777777777,137.4,21.0,0.81,204.9,Map/Offsets,https://cgi.minorplanetcenter.net/cgi-bin/confirmeph2.cgi
20260710T190001Z,2026-07-10T19:00:01.956882Z,20260710T190001Z_batch01,P22nTNT,2026-07-11T14:00:00Z,18 18 01.6,274.50666666666666,+17 32 26,17.540555555555557,137.4,21.0,0.81,204.8,Map/Offsets,https://cgi.minorplanetcenter.net/cgi-bin/confirmeph2.cgi
20260710T190001Z,2026-07-10T19:00:01.956882Z,20260710T190001Z_batch01,P22nTNT,2026-07-11T15:00:00Z,18 18 00.2,274.50083333333333,+17 31 42,17.528333333333332,137.4,21.0,0.81,204.7,Map/Offsets,https://cgi.minorplanetcenter.net/cgi-bin/confirmeph2.cgi
20260710T190001Z,2026-07-10T19:00:01.956882Z,20260710T190001Z_batch01,P22nTNT,2026-07-11T16:00:00Z,18 17 58.8,274.495,+17 30 58,17.516111111111112,137.4,21.0,0.81,204.7,Map/Offsets,https://cgi.minorplanetcenter.net/cgi-bin/confirmeph2.cgi
20260710T190001Z,2026-07-10T19:00:01.956882Z,20260710T190001Z_batch01,P22nTNT,2026-07-11T17:00:00Z,18 17 57.4,274.4891666666667,+17 30 13,17.503611111111113,137.4,21.0,0.81,204.6,Map/Offsets,https://cgi.minorplanetcenter.net/cgi-bin/confirmeph2.cgi
20260710T190001Z,2026-07-10T19:00:01.956882Z,20260710T190001Z_batch01,P22nTNT,2026-07-11T18:00:00Z,18 17 56.0,274.48333333333335,+17 29 29,17.49138888888889,137.4,21.0,0.81,204.6,Map/Offsets,https://cgi.minorplanetcenter.net/cgi-bin/confirmeph2.cgi
20260710T190001Z,2026-07-10T19:00:01.956882Z,20260710T190001Z_batch01,P22nTLB,2026-07-10T18:00:00Z,17 42 09.8,265.5408333333333,+07 56 10,7.936111111111112,141.7,22.2,0.95,220.2,Map/Offsets,https://cgi.minorplanetcenter.net/cgi-bin/confirmeph2.cgi
20260710T190001Z,2026-07-10T19:00:01.956882Z,20260710T190001Z_batch01,P22nTLB,2026-07-10T19:00:00Z,17 42 07.3,265.5304166666666,+07 55 27,7.924166666666667,141.7,22.2,0.95,220.2,Map/Offsets,https://cgi.minorplanetcenter.net/cgi-bin/confirmeph2.cgi
20260710T190001Z,2026-07-10T19:00:01.956882Z,20260710T190001Z_batch01,P22nTLB,2026-07-10T20:00:00Z,17 42 04.8,265.52000000000004,+07 54 43,7.911944444444445,141.7,22.2,0.95,220.1,Map/Offsets,https://cgi.minorplanetcenter.net/cgi-bin/confirmeph2.cgi
20260710T190001Z,2026-07-10T19:00:01.956882Z,20260710T190001Z_batch01,P22nTLB,2026-07-10T21:00:00Z,17 42 02.4,265.51,+07 53 59,7.899722222222222,141.6,22.2,0.95,220.1,Map/Offsets,https://cgi.minorplanetcenter.net/cgi-bin/confirmeph2.cgi
20260710T190001Z,2026-07-10T19:00:01.956882Z,20260710T190001Z_batch01,P22nTLB,2026-07-10T22:00:00Z,17 41 59.9,265.4995833333333,+07 53 16,7.887777777777777,141.6,22.2,0.95,220.0,Map/Offsets,https://cgi.minorplanetcenter.net/cgi-bin/confirmeph2.cgi
20260710T190001Z,2026-07-10T19:00:01.956882Z,20260710T190001Z_batch01,P22nTLB,2026-07-10T23:00:00Z,17 41 57.4,265.4891666666667,+07 52 32,7.875555555555556,141.6,22.2,0.95,220.0,Map/Offsets,https://cgi.minorplanetcenter.net/cgi-bin/confirmeph2.cgi
20260710T190001Z,2026-07-10T19:00:01.956882Z,20260710T190001Z_batch01,P22nTLB,2026-07-11T00:00:00Z,17 41 55.0,265.4791666666667,+07 51 48,7.863333333333333,141.6,22.2,0.95,219.9,Map/Offsets,https://cgi.minorplanetcenter.net/cgi-bin/confirmeph2.cgi
20260710T190001Z,2026-07-10T19:00:01.956882Z,20260710T190001Z_batch01,P22nTLB,2026-07-11T01:00:00Z,17 41 52.5,265.46875,+07 51 05,7.851388888888889,141.6,22.2,0.95,219.9,Map/Offsets,https://cgi.minorplanetcenter.net/cgi-bin/confirmeph2.cgi
20260710T190001Z,2026-07-10T19:00:01.956882Z,20260710T190001Z_batch01,P22nTLB,2026-07-11T02:00:00Z,17 41 50.1,265.45875,+07 50 21,7.839166666666666,141.6,22.2,0.95,219.8,Map/Offsets,https://cgi.minorplanetcenter.net/cgi-bin/confirmeph2.cgi
20260710T190001Z,2026-07-10T19:00:01.956882Z,20260710T190001Z_batch01,P22nTLB,2026-07-11T03:00:00Z,17 41 47.6,265.4483333333333,+07 49 37,7.826944444444444,141.5,22.2,0.95,219.8,Map/Offsets,https://cgi.minorplanetcenter.net/cgi-bin/confirmeph2.cgi
20260710T190001Z,2026-07-10T19:00:01.956882Z,20260710T190001Z_batch01,P22nTLB,2026-07-11T04:00:00Z,17 41 45.2,265.43833333333333,+07 48 53,7.814722222222222,141.5,22.2,0.95,219.7,Map/Offsets,https://cgi.minorplanetcenter.net/cgi-bin/confirmeph2.cgi
20260710T190001Z,2026-07-10T19:00:01.956882Z,20260710T190001Z_batch01,P22nTLB,2026-07-11T05:00:00Z,17 41 42.7,265.4279166666667,+07 48 09,7.8025,141.5,22.2,0.95,219.7,Map/Offsets,https://cgi.minorplanetcenter.net/cgi-bin/confirmeph2.cgi
20260710T190001Z,2026-07-10T19:00:01.956882Z,20260710T190001Z_batch01,P22nTLB,2026-07-11T06:00:00Z,17 41 40.3,265.41791666666666,+07 47 26,7.790555555555556,141.5,22.2,0.95,219.6,Map/Offsets,https://cgi.minorplanetcenter.net/cgi-bin/confirmeph2.cgi
20260710T190001Z,2026-07-10T19:00:01.956882Z,20260710T190001Z_batch01,P22nTLB,2026-07-11T07:00:00Z,17 41 37.8,265.4075,+07 46 42,7.778333333333333,141.5,22.2,0.95,219.5,Map/Offsets,https://cgi.minorplanetcenter.net/cgi-bin/confirmeph2.cgi
20260710T190001Z,2026-07-10T19:00:01.956882Z,20260710T190001Z_batch01,P22nTLB,2026-07-11T08:00:00Z,17 41 35.4,265.3975,+07 45 58,7.766111111111111,141.4,22.2,0.95,219.5,Map/Offsets,https://cgi.minorplanetcenter.net/cgi-bin/confirmeph2.cgi
20260710T190001Z,2026-07-10T19:00:01.956882Z,20260710T190001Z_batch01,P22nTLB,2026-07-11T09:00:00Z,17 41 33.0,265.3875,+07 45 14,7.753888888888889,141.4,22.2,0.95,219.4,Map/Offsets,https://cgi.minorplanetcenter.net/cgi-bin/confirmeph2.cgi
20260710T190001Z,2026-07-10T19:00:01.956882Z,20260710T190001Z_batch01,P22nTLB,2026-07-11T10:00:00Z,17 41 30.5,265.37708333333336,+07 44 30,7.741666666666667,141.4,22.2,0.95,219.4,Map/Offsets,https://cgi.minorplanetcenter.net/cgi-bin/confirmeph2.cgi
20260710T190001Z,2026-07-10T19:00:01.956882Z,20260710T190001Z_batch01,P22nTLB,2026-07-11T11:00:00Z,17 41 28.1,265.36708333333337,+07 43 46,7.729444444444445,141.4,22.2,0.95,219.3,Map/Offsets,https://cgi.minorplanetcenter.net/cgi-bin/confirmeph2.cgi
20260710T190001Z,2026-07-10T19:00:01.956882Z,20260710T190001Z_batch01,P22nTLB,2026-07-11T12:00:00Z,17 41 25.7,265.3570833333333,+07 43 02,7.717222222222222,141.4,22.2,0.95,219.3,Map/Offsets,https://cgi.minorplanetcenter.net/cgi-bin/confirmeph2.cgi
20260710T190001Z,2026-07-10T19:00:01.956882Z,20260710T190001Z_batch01,P22nTLB,2026-07-11T13:00:00Z,17 41 23.2,265.3466666666667,+07 42 17,7.704722222222222,141.3,22.2,0.95,219.2,Map/Offsets,https://cgi.minorplanetcenter.net/cgi-bin/confirmeph2.cgi
20260710T190001Z,2026-07-10T19:00:01.956882Z,20260710T190001Z_batch01,P22nTLB,2026-07-11T14:00:00Z,17 41 20.8,265.33666666666664,+07 41 33,7.6925,141.3,22.2,0.95,219.2,Map/Offsets,https://cgi.minorplanetcenter.net/cgi-bin/confirmeph2.cgi
20260710T190001Z,2026-07-10T19:00:01.956882Z,20260710T190001Z_batch01,P22nTLB,2026-07-11T15:00:00Z,17 41 18.4,265.3266666666667,+07 40 49,7.680277777777778,141.3,22.2,0.95,219.1,Map/Offsets,https://cgi.minorplanetcenter.net/cgi-bin/confirmeph2.cgi
20260710T190001Z,2026-07-10T19:00:01.956882Z,20260710T190001Z_batch01,P22nTLB,2026-07-11T16:00:00Z,17 41 16.0,265.31666666666666,+07 40 05,7.668055555555556,141.3,22.2,0.95,219.1,Map/Offsets,https://cgi.minorplanetcenter.net/cgi-bin/confirmeph2.cgi
20260710T190001Z,2026-07-10T19:00:01.956882Z,20260710T190001Z_batch01,P22nTLB,2026-07-11T17:00:00Z,17 41 13.6,265.3066666666667,+07 39 21,7.655833333333334,141.3,22.2,0.95,219.0,Map/Offsets,https://cgi.minorplanetcenter.net/cgi-bin/confirmeph2.cgi
20260710T190001Z,2026-07-10T19:00:01.956882Z,20260710T190001Z_batch01,P22nTLB,2026-07-11T18:00:00Z,17 41 11.1,265.29625,+07 38 36,7.643333333333333,141.3,22.2,0.95,219.0,Map/Offsets,https://cgi.minorplanetcenter.net/cgi-bin/confirmeph2.cgi
20260710T190001Z,2026-07-10T19:00:01.956882Z,20260710T190001Z_batch01,8N8R001,2026-07-10T18:00:00Z,05 17 33.8,79.39083333333333,-02 27 48,-2.4633333333333334,38.5,29.4,0.42,1.5,Map/Offsets   !,https://cgi.minorplanetcenter.net/cgi-bin/confirmeph2.cgi
20260710T190001Z,2026-07-10T19:00:01.956882Z,20260710T190001Z_batch01,8N8R001,2026-07-10T19:00:00Z,05 17 33.9,79.39125,-02 27 23,-2.456388888888889,38.5,29.4,0.42,1.8,Map/Offsets   !,https://cgi.minorplanetcenter.net/cgi-bin/confirmeph2.cgi
20260710T190001Z,2026-07-10T19:00:01.956882Z,20260710T190001Z_batch01,8N8R001,2026-07-10T20:00:00Z,05 17 33.9,79.39125,-02 26 58,-2.4494444444444445,38.5,29.5,0.41,2.1,Map/Offsets   !,https://cgi.minorplanetcenter.net/cgi-bin/confirmeph2.cgi
20260710T190001Z,2026-07-10T19:00:01.956882Z,20260710T190001Z_batch01,8N8R001,2026-07-10T21:00:00Z,05 17 34.0,79.39166666666667,-02 26 33,-2.4425000000000003,38.6,29.5,0.4,2.4,Map/Offsets   !,https://cgi.minorplanetcenter.net/cgi-bin/confirmeph2.cgi
20260710T190001Z,2026-07-10T19:00:01.956882Z,20260710T190001Z_batch01,8N8R001,2026-07-10T22:00:00Z,05 17 34.1,79.39208333333333,-02 26 09,-2.4358333333333335,38.6,29.5,0.4,2.6,Map/Offsets   !,https://cgi.minorplanetcenter.net/cgi-bin/confirmeph2.cgi
20260710T190001Z,2026-07-10T19:00:01.956882Z,20260710T190001Z_batch01,8N8R001,2026-07-10T23:00:00Z,05 17 34.1,79.39208333333333,-02 25 46,-2.4294444444444445,38.6,29.5,0.39,2.9,Map/Offsets   !,https://cgi.minorplanetcenter.net/cgi-bin/confirmeph2.cgi
20260710T190001Z,2026-07-10T19:00:01.956882Z,20260710T190001Z_batch01,8N8R001,2026-07-11T00:00:00Z,05 17 34.2,79.3925,-02 25 22,-2.4227777777777777,38.6,29.5,0.39,3.2,Map/Offsets   !,https://cgi.minorplanetcenter.net/cgi-bin/confirmeph2.cgi
20260710T190001Z,2026-07-10T19:00:01.956882Z,20260710T190001Z_batch01,8N8R001,2026-07-11T01:00:00Z,05 17 34.3,79.39291666666666,-02 24 59,-2.4163888888888887,38.7,29.5,0.38,3.5,Map/Offsets   !,https://cgi.minorplanetcenter.net/cgi-bin/confirmeph2.cgi
20260710T190001Z,2026-07-10T19:00:01.956882Z,20260710T190001Z_batch01,8N8R001,2026-07-11T02:00:00Z,05 17 34.4,79.39333333333335,-02 24 36,-2.4099999999999997,38.7,29.5,0.38,3.8,Map/Offsets,https://cgi.minorplanetcenter.net/cgi-bin/confirmeph2.cgi
20260710T190001Z,2026-07-10T19:00:01.956882Z,20260710T190001Z_batch01,8N8R001,2026-07-11T03:00:00Z,05 17 34.5,79.39375,-02 24 14,-2.403888888888889,38.7,29.5,0.37,4.1,Map/Offsets,https://cgi.minorplanetcenter.net/cgi-bin/confirmeph2.cgi
20260710T190001Z,2026-07-10T19:00:01.956882Z,20260710T190001Z_batch01,8N8R001,2026-07-11T04:00:00Z,05 17 34.6,79.39416666666666,-02 23 51,-2.3975,38.7,29.6,0.37,4.4,Map/Offsets,https://cgi.minorplanetcenter.net/cgi-bin/confirmeph2.cgi
20260710T190001Z,2026-07-10T19:00:01.956882Z,20260710T190001Z_batch01,8N8R001,2026-07-11T05:00:00Z,05 17 34.7,79.39458333333333,-02 23 30,-2.3916666666666666,38.8,29.6,0.36,4.7,Map/Offsets,https://cgi.minorplanetcenter.net/cgi-bin/confirmeph2.cgi
20260710T190001Z,2026-07-10T19:00:01.956882Z,20260710T190001Z_batch01,8N8R001,2026-07-11T06:00:00Z,05 17 34.9,79.39541666666666,-02 23 08,-2.3855555555555554,38.8,29.6,0.36,5.0,Map/Offsets,https://cgi.minorplanetcenter.net/cgi-bin/confirmeph2.cgi
20260710T190001Z,2026-07-10T19:00:01.956882Z,20260710T190001Z_batch01,8N8R001,2026-07-11T07:00:00Z,05 17 35.0,79.39583333333333,-02 22 47,-2.379722222222222,38.8,29.6,0.36,5.3,Map/Offsets,https://cgi.minorplanetcenter.net/cgi-bin/confirmeph2.cgi
20260710T190001Z,2026-07-10T19:00:01.956882Z,20260710T190001Z_batch01,8N8R001,2026-07-11T08:00:00Z,05 17 35.1,79.39625000000001,-02 22 25,-2.3736111111111113,38.8,29.6,0.35,5.6,Map/Offsets,https://cgi.minorplanetcenter.net/cgi-bin/confirmeph2.cgi
20260710T190001Z,2026-07-10T19:00:01.956882Z,20260710T190001Z_batch01,8N8R001,2026-07-11T09:00:00Z,05 17 35.3,79.39708333333333,-02 22 05,-2.368055555555556,38.9,29.6,0.35,5.9,Map/Offsets,https://cgi.minorplanetcenter.net/cgi-bin/confirmeph2.cgi
20260710T190001Z,2026-07-10T19:00:01.956882Z,20260710T190001Z_batch01,8N8R001,2026-07-11T10:00:00Z,05 17 35.4,79.3975,-02 21 44,-2.3622222222222224,38.9,29.6,0.34,6.2,Map/Offsets,https://cgi.minorplanetcenter.net/cgi-bin/confirmeph2.cgi
20260710T190001Z,2026-07-10T19:00:01.956882Z,20260710T190001Z_batch01,8N8R001,2026-07-11T11:00:00Z,05 17 35.6,79.39833333333333,-02 21 24,-2.356666666666667,38.9,29.6,0.34,6.5,Map/Offsets,https://cgi.minorplanetcenter.net/cgi-bin/confirmeph2.cgi
20260710T190001Z,2026-07-10T19:00:01.956882Z,20260710T190001Z_batch01,8N8R001,2026-07-11T12:00:00Z,05 17 35.7,79.39874999999999,-02 21 03,-2.3508333333333336,38.9,29.7,0.34,6.8,Map/Offsets,https://cgi.minorplanetcenter.net/cgi-bin/confirmeph2.cgi
20260710T190001Z,2026-07-10T19:00:01.956882Z,20260710T190001Z_batch01,8N8R001,2026-07-11T13:00:00Z,05 17 35.9,79.39958333333334,-02 20 43,-2.345277777777778,39.0,29.7,0.33,7.2,Map/Offsets,https://cgi.minorplanetcenter.net/cgi-bin/confirmeph2.cgi
20260710T190001Z,2026-07-10T19:00:01.956882Z,20260710T190001Z_batch01,8N8R001,2026-07-11T14:00:00Z,05 17 36.0,79.39999999999999,-02 20 24,-2.3400000000000003,39.0,29.7,0.33,7.5,Map/Offsets,https://cgi.minorplanetcenter.net/cgi-bin/confirmeph2.cgi
20260710T190001Z,2026-07-10T19:00:01.956882Z,20260710T190001Z_batch01,8N8R001,2026-07-11T15:00:00Z,05 17 36.2,79.40083333333334,-02 20 04,-2.3344444444444448,39.0,29.7,0.33,7.8,Map/Offsets,https://cgi.minorplanetcenter.net/cgi-bin/confirmeph2.cgi
20260710T190001Z,2026-07-10T19:00:01.956882Z,20260710T190001Z_batch01,8N8R001,2026-07-11T16:00:00Z,05 17 36.4,79.40166666666666,-02 19 45,-2.3291666666666666,39.0,29.7,0.32,8.1,Map/Offsets,https://cgi.minorplanetcenter.net/cgi-bin/confirmeph2.cgi
20260710T190001Z,2026-07-10T19:00:01.956882Z,20260710T190001Z_batch01,8N8R001,2026-07-11T17:00:00Z,05 17 36.6,79.4025,-02 19 26,-2.3238888888888884,39.1,29.7,0.32,8.4,Map/Offsets,https://cgi.minorplanetcenter.net/cgi-bin/confirmeph2.cgi
20260710T190001Z,2026-07-10T19:00:01.956882Z,20260710T190001Z_batch01,8N8R001,2026-07-11T18:00:00Z,05 17 36.8,79.40333333333334,-02 19 07,-2.3186111111111107,39.1,29.7,0.32,8.8,Map/Offsets,https://cgi.minorplanetcenter.net/cgi-bin/confirmeph2.cgi
20260710T190001Z,2026-07-10T19:00:01.956882Z,20260710T190001Z_batch01,OMO0297,2026-07-10T18:00:00Z,23 38 35.1,354.64625,+03 48 31,3.808611111111111,111.4,21.9,1.25,82.1,Map/Offsets,https://cgi.minorplanetcenter.net/cgi-bin/confirmeph2.cgi
20260710T190001Z,2026-07-10T19:00:01.956882Z,20260710T190001Z_batch01,OMO0297,2026-07-10T19:00:00Z,23 38 40.0,354.6666666666667,+03 48 42,3.8116666666666665,111.4,21.9,1.25,82.1,Map/Offsets,https://cgi.minorplanetcenter.net/cgi-bin/confirmeph2.cgi
20260710T190001Z,2026-07-10T19:00:01.956882Z,20260710T190001Z_batch01,OMO0297,2026-07-10T20:00:00Z,23 38 45.0,354.6875,+03 48 52,3.8144444444444443,111.5,21.9,1.25,82.1,Map/Offsets,https://cgi.minorplanetcenter.net/cgi-bin/confirmeph2.cgi
20260710T190001Z,2026-07-10T19:00:01.956882Z,20260710T190001Z_batch01,OMO0297,2026-07-10T21:00:00Z,23 38 50.0,354.7083333333333,+03 49 02,3.817222222222222,111.5,21.9,1.25,82.1,Map/Offsets,https://cgi.minorplanetcenter.net/cgi-bin/confirmeph2.cgi
20260710T190001Z,2026-07-10T19:00:01.956882Z,20260710T190001Z_batch01,OMO0297,2026-07-10T22:00:00Z,23 38 54.9,354.72875,+03 49 12,3.82,111.5,21.9,1.25,82.2,Map/Offsets,https://cgi.minorplanetcenter.net/cgi-bin/confirmeph2.cgi
20260710T190001Z,2026-07-10T19:00:01.956882Z,20260710T190001Z_batch01,OMO0297,2026-07-10T23:00:00Z,23 38 59.9,354.7495833333333,+03 49 23,3.8230555555555554,111.5,21.9,1.25,82.2,Map/Offsets,https://cgi.minorplanetcenter.net/cgi-bin/confirmeph2.cgi
20260710T190001Z,2026-07-10T19:00:01.956882Z,20260710T190001Z_batch01,OMO0297,2026-07-11T00:00:00Z,23 39 04.9,354.7704166666667,+03 49 33,3.825833333333333,111.5,21.9,1.25,82.2,Map/Offsets,https://cgi.minorplanetcenter.net/cgi-bin/confirmeph2.cgi
20260710T190001Z,2026-07-10T19:00:01.956882Z,20260710T190001Z_batch01,OMO0297,2026-07-11T01:00:00Z,23 39 09.9,354.79125,+03 49 43,3.828611111111111,111.6,21.9,1.25,82.2,Map/Offsets,https://cgi.minorplanetcenter.net/cgi-bin/confirmeph2.cgi
20260710T190001Z,2026-07-10T19:00:01.956882Z,20260710T190001Z_batch01,OMO0297,2026-07-11T02:00:00Z,23 39 14.8,354.81166666666667,+03 49 53,3.8313888888888887,111.6,21.9,1.25,82.2,Map/Offsets,https://cgi.minorplanetcenter.net/cgi-bin/confirmeph2.cgi
20260710T190001Z,2026-07-10T19:00:01.956882Z,20260710T190001Z_batch01,OMO0297,2026-07-11T03:00:00Z,23 39 19.8,354.8325,+03 50 03,3.834166666666667,111.6,21.9,1.25,82.3,Map/Offsets,https://cgi.minorplanetcenter.net/cgi-bin/confirmeph2.cgi
20260710T190001Z,2026-07-10T19:00:01.956882Z,20260710T190001Z_batch01,OMO0297,2026-07-11T04:00:00Z,23 39 24.7,354.85291666666666,+03 50 13,3.8369444444444447,111.6,21.9,1.25,82.3,Map/Offsets,https://cgi.minorplanetcenter.net/cgi-bin/confirmeph2.cgi
20260710T190001Z,2026-07-10T19:00:01.956882Z,20260710T190001Z_batch01,OMO0297,2026-07-11T05:00:00Z,23 39 29.7,354.87375,+03 50 23,3.8397222222222225,111.6,21.9,1.25,82.3,Map/Offsets,https://cgi.minorplanetcenter.net/cgi-bin/confirmeph2.cgi
20260710T190001Z,2026-07-10T19:00:01.956882Z,20260710T190001Z_batch01,OMO0297,2026-07-11T06:00:00Z,23 39 34.6,354.89416666666665,+03 50 33,3.8425000000000002,111.7,21.9,1.25,82.3,Map/Offsets,https://cgi.minorplanetcenter.net/cgi-bin/confirmeph2.cgi
20260710T190001Z,2026-07-10T19:00:01.956882Z,20260710T190001Z_batch01,OMO0297,2026-07-11T07:00:00Z,23 39 39.6,354.91499999999996,+03 50 43,3.845277777777778,111.7,21.9,1.25,82.3,Map/Offsets,https://cgi.minorplanetcenter.net/cgi-bin/confirmeph2.cgi
20260710T190001Z,2026-07-10T19:00:01.956882Z,20260710T190001Z_batch01,OMO0297,2026-07-11T08:00:00Z,23 39 44.5,354.93541666666664,+03 50 53,3.848055555555556,111.7,21.9,1.25,82.4,Map/Offsets,https://cgi.minorplanetcenter.net/cgi-bin/confirmeph2.cgi
20260710T190001Z,2026-07-10T19:00:01.956882Z,20260710T190001Z_batch01,OMO0297,2026-07-11T09:00:00Z,23 39 49.5,354.95625,+03 51 03,3.8508333333333336,111.7,21.9,1.24,82.4,Map/Offsets,https://cgi.minorplanetcenter.net/cgi-bin/confirmeph2.cgi
20260710T190001Z,2026-07-10T19:00:01.956882Z,20260710T190001Z_batch01,OMO0297,2026-07-11T10:00:00Z,23 39 54.4,354.97666666666663,+03 51 13,3.8536111111111113,111.7,21.9,1.24,82.4,Map/Offsets,https://cgi.minorplanetcenter.net/cgi-bin/confirmeph2.cgi
20260710T190001Z,2026-07-10T19:00:01.956882Z,20260710T190001Z_batch01,OMO0297,2026-07-11T11:00:00Z,23 39 59.4,354.9975,+03 51 23,3.856388888888889,111.8,21.9,1.24,82.4,Map/Offsets,https://cgi.minorplanetcenter.net/cgi-bin/confirmeph2.cgi
20260710T190001Z,2026-07-10T19:00:01.956882Z,20260710T190001Z_batch01,OMO0297,2026-07-11T12:00:00Z,23 40 04.3,355.0179166666667,+03 51 33,3.859166666666667,111.8,21.9,1.24,82.5,Map/Offsets,https://cgi.minorplanetcenter.net/cgi-bin/confirmeph2.cgi
20260710T190001Z,2026-07-10T19:00:01.956882Z,20260710T190001Z_batch01,OMO0297,2026-07-11T13:00:00Z,23 40 09.3,355.03875000000005,+03 51 42,3.861666666666667,111.8,21.9,1.24,82.5,Map/Offsets,https://cgi.minorplanetcenter.net/cgi-bin/confirmeph2.cgi
20260710T190001Z,2026-07-10T19:00:01.956882Z,20260710T190001Z_batch01,OMO0297,2026-07-11T14:00:00Z,23 40 14.2,355.05916666666667,+03 51 52,3.8644444444444446,111.8,21.9,1.24,82.5,Map/Offsets,https://cgi.minorplanetcenter.net/cgi-bin/confirmeph2.cgi
20260710T190001Z,2026-07-10T19:00:01.956882Z,20260710T190001Z_batch01,OMO0297,2026-07-11T15:00:00Z,23 40 19.1,355.07958333333335,+03 52 02,3.8672222222222223,111.8,21.9,1.24,82.5,Map/Offsets,https://cgi.minorplanetcenter.net/cgi-bin/confirmeph2.cgi
20260710T190001Z,2026-07-10T19:00:01.956882Z,20260710T190001Z_batch01,OMO0297,2026-07-11T16:00:00Z,23 40 24.1,355.1004166666667,+03 52 12,3.87,111.9,21.9,1.24,82.5,Map/Offsets,https://cgi.minorplanetcenter.net/cgi-bin/confirmeph2.cgi
20260710T190001Z,2026-07-10T19:00:01.956882Z,20260710T190001Z_batch01,OMO0297,2026-07-11T17:00:00Z,23 40 29.0,355.12083333333334,+03 52 21,3.8725,111.9,21.9,1.24,82.6,Map/Offsets,https://cgi.minorplanetcenter.net/cgi-bin/confirmeph2.cgi
20260710T190001Z,2026-07-10T19:00:01.956882Z,20260710T190001Z_batch01,OMO0297,2026-07-11T18:00:00Z,23 40 33.9,355.14125,+03 52 31,3.875277777777778,111.9,21.9,1.24,82.6,Map/Offsets,https://cgi.minorplanetcenter.net/cgi-bin/confirmeph2.cgi
