snapshot_id,fetched_at_utc,batch_id,designation,ephem_time_utc,ra_hms,ra_deg,dec_dms,dec_deg,elong_deg,v_mag,motion_arcsec_per_min,pa_deg,uncertainty,source_url
20260517T183605Z,2026-05-17T18:36:05.688357Z,20260517T183605Z_batch01,P22nf7J,2026-05-17T17:00:00Z,16 25 08.0,246.28333333333336,+32 21 14,32.35388888888889,127.0,21.3,3.1,341.0,Map/Offsets,https://cgi.minorplanetcenter.net/cgi-bin/confirmeph2.cgi
20260517T183605Z,2026-05-17T18:36:05.688357Z,20260517T183605Z_batch01,P22nf7J,2026-05-17T18:00:00Z,16 25 03.2,246.26333333333332,+32 24 10,32.40277777777778,127.0,21.3,3.1,341.0,Map/Offsets,https://cgi.minorplanetcenter.net/cgi-bin/confirmeph2.cgi
20260517T183605Z,2026-05-17T18:36:05.688357Z,20260517T183605Z_batch01,P22nf7J,2026-05-17T19:00:00Z,16 24 58.4,246.2433333333333,+32 27 06,32.45166666666667,126.9,21.3,3.1,341.0,Map/Offsets,https://cgi.minorplanetcenter.net/cgi-bin/confirmeph2.cgi
20260517T183605Z,2026-05-17T18:36:05.688357Z,20260517T183605Z_batch01,P22nf7J,2026-05-17T20:00:00Z,16 24 53.6,246.22333333333333,+32 30 02,32.50055555555556,126.9,21.3,3.1,341.0,Map/Offsets,https://cgi.minorplanetcenter.net/cgi-bin/confirmeph2.cgi
20260517T183605Z,2026-05-17T18:36:05.688357Z,20260517T183605Z_batch01,P22nf7J,2026-05-17T21:00:00Z,16 24 48.8,246.20333333333332,+32 32 59,32.54972222222222,126.8,21.3,3.1,340.9,Map/Offsets,https://cgi.minorplanetcenter.net/cgi-bin/confirmeph2.cgi
20260517T183605Z,2026-05-17T18:36:05.688357Z,20260517T183605Z_batch01,P22nf7J,2026-05-17T22:00:00Z,16 24 44.0,246.18333333333328,+32 35 55,32.59861111111111,126.8,21.3,3.11,340.9,Map/Offsets,https://cgi.minorplanetcenter.net/cgi-bin/confirmeph2.cgi
20260517T183605Z,2026-05-17T18:36:05.688357Z,20260517T183605Z_batch01,P22nf7J,2026-05-17T23:00:00Z,16 24 39.2,246.16333333333333,+32 38 51,32.6475,126.7,21.3,3.11,340.9,Map/Offsets,https://cgi.minorplanetcenter.net/cgi-bin/confirmeph2.cgi
20260517T183605Z,2026-05-17T18:36:05.688357Z,20260517T183605Z_batch01,P22nf7J,2026-05-18T00:00:00Z,16 24 34.3,246.14291666666662,+32 41 47,32.69638888888888,126.7,21.3,3.11,340.9,Map/Offsets,https://cgi.minorplanetcenter.net/cgi-bin/confirmeph2.cgi
20260517T183605Z,2026-05-17T18:36:05.688357Z,20260517T183605Z_batch01,P22nf7J,2026-05-18T01:00:00Z,16 24 29.5,246.12291666666667,+32 44 43,32.74527777777778,126.6,21.3,3.11,340.9,Map/Offsets,https://cgi.minorplanetcenter.net/cgi-bin/confirmeph2.cgi
20260517T183605Z,2026-05-17T18:36:05.688357Z,20260517T183605Z_batch01,P22nf7J,2026-05-18T02:00:00Z,16 24 24.7,246.10291666666663,+32 47 39,32.79416666666666,126.6,21.3,3.11,340.8,Map/Offsets,https://cgi.minorplanetcenter.net/cgi-bin/confirmeph2.cgi
20260517T183605Z,2026-05-17T18:36:05.688357Z,20260517T183605Z_batch01,P22nf7J,2026-05-18T03:00:00Z,16 24 19.8,246.0825,+32 50 35,32.84305555555556,126.6,21.3,3.11,340.8,Map/Offsets,https://cgi.minorplanetcenter.net/cgi-bin/confirmeph2.cgi
20260517T183605Z,2026-05-17T18:36:05.688357Z,20260517T183605Z_batch01,P22nf7J,2026-05-18T04:00:00Z,16 24 14.9,246.0620833333333,+32 53 31,32.89194444444444,126.5,21.3,3.11,340.8,Map/Offsets,https://cgi.minorplanetcenter.net/cgi-bin/confirmeph2.cgi
20260517T183605Z,2026-05-17T18:36:05.688357Z,20260517T183605Z_batch01,P22nf7J,2026-05-18T05:00:00Z,16 24 10.0,246.04166666666663,+32 56 27,32.94083333333333,126.5,21.3,3.11,340.8,Map/Offsets,https://cgi.minorplanetcenter.net/cgi-bin/confirmeph2.cgi
20260517T183605Z,2026-05-17T18:36:05.688357Z,20260517T183605Z_batch01,P22nf7J,2026-05-18T06:00:00Z,16 24 05.2,246.02166666666665,+32 59 23,32.98972222222222,126.4,21.3,3.11,340.7,Map/Offsets,https://cgi.minorplanetcenter.net/cgi-bin/confirmeph2.cgi
20260517T183605Z,2026-05-17T18:36:05.688357Z,20260517T183605Z_batch01,P22nf7J,2026-05-18T07:00:00Z,16 24 00.3,246.00124999999997,+33 02 19,33.03861111111111,126.4,21.3,3.11,340.7,Map/Offsets,https://cgi.minorplanetcenter.net/cgi-bin/confirmeph2.cgi
20260517T183605Z,2026-05-17T18:36:05.688357Z,20260517T183605Z_batch01,P22nf7J,2026-05-18T08:00:00Z,16 23 55.4,245.98083333333332,+33 05 15,33.087500000000006,126.3,21.3,3.11,340.7,Map/Offsets,https://cgi.minorplanetcenter.net/cgi-bin/confirmeph2.cgi
20260517T183605Z,2026-05-17T18:36:05.688357Z,20260517T183605Z_batch01,P22nf7J,2026-05-18T09:00:00Z,16 23 50.4,245.95999999999998,+33 08 11,33.13638888888889,126.3,21.3,3.11,340.7,Map/Offsets,https://cgi.minorplanetcenter.net/cgi-bin/confirmeph2.cgi
20260517T183605Z,2026-05-17T18:36:05.688357Z,20260517T183605Z_batch01,P22nf7J,2026-05-18T10:00:00Z,16 23 45.5,245.93958333333336,+33 11 07,33.18527777777778,126.2,21.3,3.11,340.6,Map/Offsets,https://cgi.minorplanetcenter.net/cgi-bin/confirmeph2.cgi
20260517T183605Z,2026-05-17T18:36:05.688357Z,20260517T183605Z_batch01,P22nf7J,2026-05-18T11:00:00Z,16 23 40.6,245.91916666666665,+33 14 03,33.23416666666667,126.2,21.3,3.11,340.6,Map/Offsets,https://cgi.minorplanetcenter.net/cgi-bin/confirmeph2.cgi
20260517T183605Z,2026-05-17T18:36:05.688357Z,20260517T183605Z_batch01,P22nf7J,2026-05-18T12:00:00Z,16 23 35.6,245.8983333333333,+33 17 00,33.28333333333333,126.2,21.3,3.11,340.6,Map/Offsets,https://cgi.minorplanetcenter.net/cgi-bin/confirmeph2.cgi
20260517T183605Z,2026-05-17T18:36:05.688357Z,20260517T183605Z_batch01,P22nf7J,2026-05-18T13:00:00Z,16 23 30.7,245.8779166666667,+33 19 56,33.33222222222223,126.1,21.3,3.11,340.6,Map/Offsets,https://cgi.minorplanetcenter.net/cgi-bin/confirmeph2.cgi
20260517T183605Z,2026-05-17T18:36:05.688357Z,20260517T183605Z_batch01,P22nf7J,2026-05-18T14:00:00Z,16 23 25.7,245.85708333333332,+33 22 52,33.38111111111111,126.1,21.3,3.11,340.5,Map/Offsets,https://cgi.minorplanetcenter.net/cgi-bin/confirmeph2.cgi
20260517T183605Z,2026-05-17T18:36:05.688357Z,20260517T183605Z_batch01,P22nf7J,2026-05-18T15:00:00Z,16 23 20.7,245.83624999999998,+33 25 48,33.43,126.0,21.3,3.11,340.5,Map/Offsets,https://cgi.minorplanetcenter.net/cgi-bin/confirmeph2.cgi
20260517T183605Z,2026-05-17T18:36:05.688357Z,20260517T183605Z_batch01,P22nf7J,2026-05-18T16:00:00Z,16 23 15.8,245.81583333333333,+33 28 44,33.47888888888889,126.0,21.3,3.11,340.5,Map/Offsets,https://cgi.minorplanetcenter.net/cgi-bin/confirmeph2.cgi
20260517T183605Z,2026-05-17T18:36:05.688357Z,20260517T183605Z_batch01,P22nf7J,2026-05-18T17:00:00Z,16 23 10.8,245.795,+33 31 39,33.527499999999996,125.9,21.3,3.11,340.5,Map/Offsets,https://cgi.minorplanetcenter.net/cgi-bin/confirmeph2.cgi
20260517T183605Z,2026-05-17T18:36:05.688357Z,20260517T183605Z_batch01,P22nf7G,2026-05-17T17:00:00Z,16 11 17.2,242.8216666666667,+34 12 48,34.21333333333334,125.8,22.1,2.36,18.7,Map/Offsets,https://cgi.minorplanetcenter.net/cgi-bin/confirmeph2.cgi
20260517T183605Z,2026-05-17T18:36:05.688357Z,20260517T183605Z_batch01,P22nf7G,2026-05-17T18:00:00Z,16 11 20.8,242.83666666666664,+34 15 02,34.25055555555556,125.8,22.1,2.36,18.7,Map/Offsets,https://cgi.minorplanetcenter.net/cgi-bin/confirmeph2.cgi
20260517T183605Z,2026-05-17T18:36:05.688357Z,20260517T183605Z_batch01,P22nf7G,2026-05-17T19:00:00Z,16 11 24.5,242.85208333333333,+34 17 16,34.28777777777778,125.7,22.1,2.36,18.7,Map/Offsets,https://cgi.minorplanetcenter.net/cgi-bin/confirmeph2.cgi
20260517T183605Z,2026-05-17T18:36:05.688357Z,20260517T183605Z_batch01,P22nf7G,2026-05-17T20:00:00Z,16 11 28.1,242.86708333333334,+34 19 30,34.325,125.7,22.1,2.36,18.7,Map/Offsets,https://cgi.minorplanetcenter.net/cgi-bin/confirmeph2.cgi
20260517T183605Z,2026-05-17T18:36:05.688357Z,20260517T183605Z_batch01,P22nf7G,2026-05-17T21:00:00Z,16 11 31.8,242.8825,+34 21 44,34.36222222222222,125.6,22.1,2.36,18.7,Map/Offsets,https://cgi.minorplanetcenter.net/cgi-bin/confirmeph2.cgi
20260517T183605Z,2026-05-17T18:36:05.688357Z,20260517T183605Z_batch01,P22nf7G,2026-05-17T22:00:00Z,16 11 35.5,242.89791666666667,+34 23 58,34.39944444444444,125.6,22.1,2.36,18.8,Map/Offsets,https://cgi.minorplanetcenter.net/cgi-bin/confirmeph2.cgi
20260517T183605Z,2026-05-17T18:36:05.688357Z,20260517T183605Z_batch01,P22nf7G,2026-05-17T23:00:00Z,16 11 39.2,242.91333333333336,+34 26 12,34.43666666666666,125.5,22.1,2.36,18.8,Map/Offsets,https://cgi.minorplanetcenter.net/cgi-bin/confirmeph2.cgi
20260517T183605Z,2026-05-17T18:36:05.688357Z,20260517T183605Z_batch01,P22nf7G,2026-05-18T00:00:00Z,16 11 42.8,242.92833333333337,+34 28 26,34.473888888888894,125.5,22.1,2.36,18.8,Map/Offsets,https://cgi.minorplanetcenter.net/cgi-bin/confirmeph2.cgi
20260517T183605Z,2026-05-17T18:36:05.688357Z,20260517T183605Z_batch01,P22nf7G,2026-05-18T01:00:00Z,16 11 46.5,242.94375,+34 30 40,34.51111111111111,125.5,22.1,2.36,18.8,Map/Offsets,https://cgi.minorplanetcenter.net/cgi-bin/confirmeph2.cgi
20260517T183605Z,2026-05-17T18:36:05.688357Z,20260517T183605Z_batch01,P22nf7G,2026-05-18T02:00:00Z,16 11 50.2,242.95916666666668,+34 32 54,34.54833333333333,125.4,22.1,2.35,18.8,Map/Offsets,https://cgi.minorplanetcenter.net/cgi-bin/confirmeph2.cgi
20260517T183605Z,2026-05-17T18:36:05.688357Z,20260517T183605Z_batch01,P22nf7G,2026-05-18T03:00:00Z,16 11 53.9,242.97458333333336,+34 35 07,34.58527777777778,125.4,22.1,2.35,18.8,Map/Offsets,https://cgi.minorplanetcenter.net/cgi-bin/confirmeph2.cgi
20260517T183605Z,2026-05-17T18:36:05.688357Z,20260517T183605Z_batch01,P22nf7G,2026-05-18T04:00:00Z,16 11 57.6,242.98999999999998,+34 37 21,34.6225,125.3,22.1,2.35,18.9,Map/Offsets,https://cgi.minorplanetcenter.net/cgi-bin/confirmeph2.cgi
20260517T183605Z,2026-05-17T18:36:05.688357Z,20260517T183605Z_batch01,P22nf7G,2026-05-18T05:00:00Z,16 12 01.3,243.00541666666666,+34 39 35,34.65972222222222,125.3,22.1,2.35,18.9,Map/Offsets,https://cgi.minorplanetcenter.net/cgi-bin/confirmeph2.cgi
20260517T183605Z,2026-05-17T18:36:05.688357Z,20260517T183605Z_batch01,P22nf7G,2026-05-18T06:00:00Z,16 12 05.0,243.02083333333334,+34 41 48,34.696666666666665,125.2,22.1,2.35,18.9,Map/Offsets,https://cgi.minorplanetcenter.net/cgi-bin/confirmeph2.cgi
20260517T183605Z,2026-05-17T18:36:05.688357Z,20260517T183605Z_batch01,P22nf7G,2026-05-18T07:00:00Z,16 12 08.7,243.03624999999997,+34 44 02,34.73388888888889,125.2,22.1,2.35,18.9,Map/Offsets,https://cgi.minorplanetcenter.net/cgi-bin/confirmeph2.cgi
20260517T183605Z,2026-05-17T18:36:05.688357Z,20260517T183605Z_batch01,P22nf7G,2026-05-18T08:00:00Z,16 12 12.4,243.05166666666665,+34 46 15,34.770833333333336,125.2,22.1,2.35,18.9,Map/Offsets,https://cgi.minorplanetcenter.net/cgi-bin/confirmeph2.cgi
20260517T183605Z,2026-05-17T18:36:05.688357Z,20260517T183605Z_batch01,P22nf7G,2026-05-18T09:00:00Z,16 12 16.1,243.06708333333333,+34 48 28,34.80777777777777,125.1,22.1,2.35,18.9,Map/Offsets,https://cgi.minorplanetcenter.net/cgi-bin/confirmeph2.cgi
20260517T183605Z,2026-05-17T18:36:05.688357Z,20260517T183605Z_batch01,P22nf7G,2026-05-18T10:00:00Z,16 12 19.8,243.0825,+34 50 42,34.845,125.1,22.1,2.35,19.0,Map/Offsets,https://cgi.minorplanetcenter.net/cgi-bin/confirmeph2.cgi
20260517T183605Z,2026-05-17T18:36:05.688357Z,20260517T183605Z_batch01,P22nf7G,2026-05-18T11:00:00Z,16 12 23.5,243.09791666666663,+34 52 55,34.88194444444444,125.0,22.1,2.35,19.0,Map/Offsets,https://cgi.minorplanetcenter.net/cgi-bin/confirmeph2.cgi
20260517T183605Z,2026-05-17T18:36:05.688357Z,20260517T183605Z_batch01,P22nf7G,2026-05-18T12:00:00Z,16 12 27.3,243.11374999999998,+34 55 08,34.91888888888889,125.0,22.1,2.35,19.0,Map/Offsets,https://cgi.minorplanetcenter.net/cgi-bin/confirmeph2.cgi
20260517T183605Z,2026-05-17T18:36:05.688357Z,20260517T183605Z_batch01,P22nf7G,2026-05-18T13:00:00Z,16 12 31.0,243.12916666666666,+34 57 21,34.95583333333334,125.0,22.1,2.35,19.0,Map/Offsets,https://cgi.minorplanetcenter.net/cgi-bin/confirmeph2.cgi
20260517T183605Z,2026-05-17T18:36:05.688357Z,20260517T183605Z_batch01,P22nf7G,2026-05-18T14:00:00Z,16 12 34.7,243.14458333333334,+34 59 34,34.99277777777778,124.9,22.1,2.34,19.0,Map/Offsets,https://cgi.minorplanetcenter.net/cgi-bin/confirmeph2.cgi
20260517T183605Z,2026-05-17T18:36:05.688357Z,20260517T183605Z_batch01,P22nf7G,2026-05-18T15:00:00Z,16 12 38.5,243.16041666666663,+35 01 47,35.02972222222222,124.9,22.1,2.34,19.0,Map/Offsets,https://cgi.minorplanetcenter.net/cgi-bin/confirmeph2.cgi
20260517T183605Z,2026-05-17T18:36:05.688357Z,20260517T183605Z_batch01,P22nf7G,2026-05-18T16:00:00Z,16 12 42.2,243.17583333333332,+35 04 00,35.06666666666667,124.8,22.1,2.34,19.1,Map/Offsets,https://cgi.minorplanetcenter.net/cgi-bin/confirmeph2.cgi
20260517T183605Z,2026-05-17T18:36:05.688357Z,20260517T183605Z_batch01,P22nf7G,2026-05-18T17:00:00Z,16 12 45.9,243.19125,+35 06 13,35.103611111111114,124.8,22.1,2.34,19.1,Map/Offsets,https://cgi.minorplanetcenter.net/cgi-bin/confirmeph2.cgi
20260517T183605Z,2026-05-17T18:36:05.688357Z,20260517T183605Z_batch01,P12nf3G,2026-05-17T17:00:00Z,16 15 40.2,243.91750000000002,-08 03 51,-8.064166666666667,165.3,21.6,2.04,214.1,Map/Offsets,https://cgi.minorplanetcenter.net/cgi-bin/confirmeph2.cgi
20260517T183605Z,2026-05-17T18:36:05.688357Z,20260517T183605Z_batch01,P12nf3G,2026-05-17T18:00:00Z,16 15 35.5,243.89791666666665,-08 05 33,-8.092500000000001,165.3,21.6,2.04,214.1,Map/Offsets,https://cgi.minorplanetcenter.net/cgi-bin/confirmeph2.cgi
20260517T183605Z,2026-05-17T18:36:05.688357Z,20260517T183605Z_batch01,P12nf3G,2026-05-17T19:00:00Z,16 15 30.9,243.87875000000003,-08 07 14,-8.120555555555557,165.4,21.6,2.04,214.1,Map/Offsets,https://cgi.minorplanetcenter.net/cgi-bin/confirmeph2.cgi
20260517T183605Z,2026-05-17T18:36:05.688357Z,20260517T183605Z_batch01,P12nf3G,2026-05-17T20:00:00Z,16 15 26.3,243.85958333333332,-08 08 55,-8.14861111111111,165.4,21.6,2.04,214.1,Map/Offsets,https://cgi.minorplanetcenter.net/cgi-bin/confirmeph2.cgi
20260517T183605Z,2026-05-17T18:36:05.688357Z,20260517T183605Z_batch01,P12nf3G,2026-05-17T21:00:00Z,16 15 21.7,243.84041666666667,-08 10 36,-8.176666666666666,165.5,21.6,2.04,214.1,Map/Offsets,https://cgi.minorplanetcenter.net/cgi-bin/confirmeph2.cgi
20260517T183605Z,2026-05-17T18:36:05.688357Z,20260517T183605Z_batch01,P12nf3G,2026-05-17T22:00:00Z,16 15 17.1,243.82125000000002,-08 12 17,-8.204722222222221,165.5,21.6,2.03,214.1,Map/Offsets,https://cgi.minorplanetcenter.net/cgi-bin/confirmeph2.cgi
20260517T183605Z,2026-05-17T18:36:05.688357Z,20260517T183605Z_batch01,P12nf3G,2026-05-17T23:00:00Z,16 15 12.5,243.80208333333331,-08 13 58,-8.232777777777779,165.6,21.6,2.03,214.1,Map/Offsets,https://cgi.minorplanetcenter.net/cgi-bin/confirmeph2.cgi
20260517T183605Z,2026-05-17T18:36:05.688357Z,20260517T183605Z_batch01,P12nf3G,2026-05-18T00:00:00Z,16 15 07.9,243.78291666666667,-08 15 39,-8.260833333333334,165.6,21.6,2.03,214.1,Map/Offsets,https://cgi.minorplanetcenter.net/cgi-bin/confirmeph2.cgi
20260517T183605Z,2026-05-17T18:36:05.688357Z,20260517T183605Z_batch01,P12nf3G,2026-05-18T01:00:00Z,16 15 03.3,243.76375,-08 17 20,-8.28888888888889,165.7,21.6,2.03,214.1,Map/Offsets,https://cgi.minorplanetcenter.net/cgi-bin/confirmeph2.cgi
20260517T183605Z,2026-05-17T18:36:05.688357Z,20260517T183605Z_batch01,P12nf3G,2026-05-18T02:00:00Z,16 14 58.7,243.74458333333334,-08 19 01,-8.316944444444443,165.7,21.6,2.03,214.1,Map/Offsets,https://cgi.minorplanetcenter.net/cgi-bin/confirmeph2.cgi
20260517T183605Z,2026-05-17T18:36:05.688357Z,20260517T183605Z_batch01,P12nf3G,2026-05-18T03:00:00Z,16 14 54.1,243.7254166666667,-08 20 42,-8.345,165.8,21.6,2.03,214.1,Map/Offsets,https://cgi.minorplanetcenter.net/cgi-bin/confirmeph2.cgi
20260517T183605Z,2026-05-17T18:36:05.688357Z,20260517T183605Z_batch01,P12nf3G,2026-05-18T04:00:00Z,16 14 49.4,243.70583333333332,-08 22 23,-8.373055555555556,165.8,21.6,2.03,214.1,Map/Offsets,https://cgi.minorplanetcenter.net/cgi-bin/confirmeph2.cgi
20260517T183605Z,2026-05-17T18:36:05.688357Z,20260517T183605Z_batch01,P12nf3G,2026-05-18T05:00:00Z,16 14 44.8,243.68666666666667,-08 24 04,-8.401111111111112,165.9,21.6,2.03,214.1,Map/Offsets,https://cgi.minorplanetcenter.net/cgi-bin/confirmeph2.cgi
20260517T183605Z,2026-05-17T18:36:05.688357Z,20260517T183605Z_batch01,P12nf3G,2026-05-18T06:00:00Z,16 14 40.2,243.66750000000002,-08 25 44,-8.428888888888888,165.9,21.6,2.03,214.1,Map/Offsets,https://cgi.minorplanetcenter.net/cgi-bin/confirmeph2.cgi
20260517T183605Z,2026-05-17T18:36:05.688357Z,20260517T183605Z_batch01,P12nf3G,2026-05-18T07:00:00Z,16 14 35.6,243.64833333333334,-08 27 25,-8.456944444444444,166.0,21.6,2.03,214.1,Map/Offsets,https://cgi.minorplanetcenter.net/cgi-bin/confirmeph2.cgi
20260517T183605Z,2026-05-17T18:36:05.688357Z,20260517T183605Z_batch01,P12nf3G,2026-05-18T08:00:00Z,16 14 31.0,243.6291666666667,-08 29 05,-8.48472222222222,166.0,21.6,2.03,214.2,Map/Offsets,https://cgi.minorplanetcenter.net/cgi-bin/confirmeph2.cgi
20260517T183605Z,2026-05-17T18:36:05.688357Z,20260517T183605Z_batch01,P12nf3G,2026-05-18T09:00:00Z,16 14 26.4,243.60999999999999,-08 30 46,-8.512777777777778,166.1,21.6,2.02,214.2,Map/Offsets,https://cgi.minorplanetcenter.net/cgi-bin/confirmeph2.cgi
20260517T183605Z,2026-05-17T18:36:05.688357Z,20260517T183605Z_batch01,P12nf3G,2026-05-18T10:00:00Z,16 14 21.8,243.59083333333334,-08 32 27,-8.540833333333333,166.1,21.6,2.02,214.2,Map/Offsets,https://cgi.minorplanetcenter.net/cgi-bin/confirmeph2.cgi
20260517T183605Z,2026-05-17T18:36:05.688357Z,20260517T183605Z_batch01,P12nf3G,2026-05-18T11:00:00Z,16 14 17.3,243.57208333333335,-08 34 07,-8.56861111111111,166.2,21.6,2.02,214.2,Map/Offsets,https://cgi.minorplanetcenter.net/cgi-bin/confirmeph2.cgi
20260517T183605Z,2026-05-17T18:36:05.688357Z,20260517T183605Z_batch01,P12nf3G,2026-05-18T12:00:00Z,16 14 12.7,243.55291666666665,-08 35 47,-8.596388888888889,166.2,21.6,2.02,214.2,Map/Offsets,https://cgi.minorplanetcenter.net/cgi-bin/confirmeph2.cgi
20260517T183605Z,2026-05-17T18:36:05.688357Z,20260517T183605Z_batch01,P12nf3G,2026-05-18T13:00:00Z,16 14 08.1,243.53375000000003,-08 37 28,-8.624444444444444,166.3,21.6,2.02,214.2,Map/Offsets,https://cgi.minorplanetcenter.net/cgi-bin/confirmeph2.cgi
20260517T183605Z,2026-05-17T18:36:05.688357Z,20260517T183605Z_batch01,P12nf3G,2026-05-18T14:00:00Z,16 14 03.5,243.51458333333338,-08 39 08,-8.652222222222223,166.3,21.6,2.02,214.2,Map/Offsets,https://cgi.minorplanetcenter.net/cgi-bin/confirmeph2.cgi
20260517T183605Z,2026-05-17T18:36:05.688357Z,20260517T183605Z_batch01,P12nf3G,2026-05-18T15:00:00Z,16 13 58.9,243.4954166666666,-08 40 48,-8.68,166.4,21.6,2.02,214.2,Map/Offsets,https://cgi.minorplanetcenter.net/cgi-bin/confirmeph2.cgi
20260517T183605Z,2026-05-17T18:36:05.688357Z,20260517T183605Z_batch01,P12nf3G,2026-05-18T16:00:00Z,16 13 54.3,243.47624999999996,-08 42 28,-8.707777777777777,166.4,21.6,2.02,214.2,Map/Offsets,https://cgi.minorplanetcenter.net/cgi-bin/confirmeph2.cgi
20260517T183605Z,2026-05-17T18:36:05.688357Z,20260517T183605Z_batch01,P12nf3G,2026-05-18T17:00:00Z,16 13 49.7,243.45708333333332,-08 44 09,-8.735833333333332,166.5,21.6,2.02,214.2,Map/Offsets,https://cgi.minorplanetcenter.net/cgi-bin/confirmeph2.cgi
20260517T183605Z,2026-05-17T18:36:05.688357Z,20260517T183605Z_batch01,P22nf3F,2026-05-17T17:00:00Z,17 35 59.1,263.99625000000003,+36 53 04,36.88444444444444,117.1,21.5,0.45,355.9,Map/Offsets,https://cgi.minorplanetcenter.net/cgi-bin/confirmeph2.cgi
20260517T183605Z,2026-05-17T18:36:05.688357Z,20260517T183605Z_batch01,P22nf3F,2026-05-17T18:00:00Z,17 35 58.9,263.99541666666664,+36 53 30,36.891666666666666,117.1,21.5,0.45,355.9,Map/Offsets,https://cgi.minorplanetcenter.net/cgi-bin/confirmeph2.cgi
20260517T183605Z,2026-05-17T18:36:05.688357Z,20260517T183605Z_batch01,P22nf3F,2026-05-17T19:00:00Z,17 35 58.8,263.99499999999995,+36 53 57,36.899166666666666,117.1,21.5,0.45,355.8,Map/Offsets,https://cgi.minorplanetcenter.net/cgi-bin/confirmeph2.cgi
20260517T183605Z,2026-05-17T18:36:05.688357Z,20260517T183605Z_batch01,P22nf3F,2026-05-17T20:00:00Z,17 35 58.6,263.9941666666666,+36 54 24,36.906666666666666,117.1,21.5,0.45,355.8,Map/Offsets,https://cgi.minorplanetcenter.net/cgi-bin/confirmeph2.cgi
20260517T183605Z,2026-05-17T18:36:05.688357Z,20260517T183605Z_batch01,P22nf3F,2026-05-17T21:00:00Z,17 35 58.4,263.99333333333334,+36 54 50,36.913888888888884,117.1,21.5,0.44,355.7,Map/Offsets,https://cgi.minorplanetcenter.net/cgi-bin/confirmeph2.cgi
20260517T183605Z,2026-05-17T18:36:05.688357Z,20260517T183605Z_batch01,P22nf3F,2026-05-17T22:00:00Z,17 35 58.3,263.99291666666664,+36 55 17,36.921388888888885,117.1,21.5,0.44,355.6,Map/Offsets,https://cgi.minorplanetcenter.net/cgi-bin/confirmeph2.cgi
20260517T183605Z,2026-05-17T18:36:05.688357Z,20260517T183605Z_batch01,P22nf3F,2026-05-17T23:00:00Z,17 35 58.1,263.9920833333333,+36 55 44,36.928888888888885,117.1,21.5,0.44,355.6,Map/Offsets,https://cgi.minorplanetcenter.net/cgi-bin/confirmeph2.cgi
20260517T183605Z,2026-05-17T18:36:05.688357Z,20260517T183605Z_batch01,P22nf3F,2026-05-18T00:00:00Z,17 35 57.9,263.99125,+36 56 10,36.93611111111111,117.1,21.5,0.44,355.5,Map/Offsets,https://cgi.minorplanetcenter.net/cgi-bin/confirmeph2.cgi
20260517T183605Z,2026-05-17T18:36:05.688357Z,20260517T183605Z_batch01,P22nf3F,2026-05-18T01:00:00Z,17 35 57.8,263.99083333333334,+36 56 37,36.94361111111111,117.1,21.5,0.44,355.5,Map/Offsets,https://cgi.minorplanetcenter.net/cgi-bin/confirmeph2.cgi
20260517T183605Z,2026-05-17T18:36:05.688357Z,20260517T183605Z_batch01,P22nf3F,2026-05-18T02:00:00Z,17 35 57.6,263.98999999999995,+36 57 03,36.950833333333335,117.1,21.5,0.44,355.4,Map/Offsets,https://cgi.minorplanetcenter.net/cgi-bin/confirmeph2.cgi
20260517T183605Z,2026-05-17T18:36:05.688357Z,20260517T183605Z_batch01,P22nf3F,2026-05-18T03:00:00Z,17 35 57.4,263.9891666666666,+36 57 29,36.95805555555556,117.1,21.5,0.44,355.3,Map/Offsets,https://cgi.minorplanetcenter.net/cgi-bin/confirmeph2.cgi
20260517T183605Z,2026-05-17T18:36:05.688357Z,20260517T183605Z_batch01,P22nf3F,2026-05-18T04:00:00Z,17 35 57.2,263.9883333333333,+36 57 56,36.96555555555556,117.1,21.5,0.44,355.3,Map/Offsets,https://cgi.minorplanetcenter.net/cgi-bin/confirmeph2.cgi
20260517T183605Z,2026-05-17T18:36:05.688357Z,20260517T183605Z_batch01,P22nf3F,2026-05-18T05:00:00Z,17 35 57.0,263.98749999999995,+36 58 22,36.97277777777778,117.1,21.5,0.44,355.2,Map/Offsets,https://cgi.minorplanetcenter.net/cgi-bin/confirmeph2.cgi
20260517T183605Z,2026-05-17T18:36:05.688357Z,20260517T183605Z_batch01,P22nf3F,2026-05-18T06:00:00Z,17 35 56.9,263.9870833333333,+36 58 48,36.980000000000004,117.1,21.5,0.44,355.2,Map/Offsets,https://cgi.minorplanetcenter.net/cgi-bin/confirmeph2.cgi
20260517T183605Z,2026-05-17T18:36:05.688357Z,20260517T183605Z_batch01,P22nf3F,2026-05-18T07:00:00Z,17 35 56.7,263.98625,+36 59 15,36.987500000000004,117.1,21.5,0.44,355.1,Map/Offsets,https://cgi.minorplanetcenter.net/cgi-bin/confirmeph2.cgi
20260517T183605Z,2026-05-17T18:36:05.688357Z,20260517T183605Z_batch01,P22nf3F,2026-05-18T08:00:00Z,17 35 56.5,263.98541666666665,+36 59 41,36.99472222222222,117.1,21.5,0.44,355.1,Map/Offsets,https://cgi.minorplanetcenter.net/cgi-bin/confirmeph2.cgi
20260517T183605Z,2026-05-17T18:36:05.688357Z,20260517T183605Z_batch01,P22nf3F,2026-05-18T09:00:00Z,17 35 56.3,263.9845833333333,+37 00 07,37.00194444444445,117.1,21.5,0.44,355.0,Map/Offsets,https://cgi.minorplanetcenter.net/cgi-bin/confirmeph2.cgi
20260517T183605Z,2026-05-17T18:36:05.688357Z,20260517T183605Z_batch01,P22nf3F,2026-05-18T10:00:00Z,17 35 56.1,263.98375,+37 00 33,37.009166666666665,117.1,21.5,0.44,354.9,Map/Offsets,https://cgi.minorplanetcenter.net/cgi-bin/confirmeph2.cgi
20260517T183605Z,2026-05-17T18:36:05.688357Z,20260517T183605Z_batch01,P22nf3F,2026-05-18T11:00:00Z,17 35 55.9,263.98291666666665,+37 00 59,37.01638888888889,117.2,21.5,0.44,354.9,Map/Offsets,https://cgi.minorplanetcenter.net/cgi-bin/confirmeph2.cgi
20260517T183605Z,2026-05-17T18:36:05.688357Z,20260517T183605Z_batch01,P22nf3F,2026-05-18T12:00:00Z,17 35 55.7,263.9820833333333,+37 01 25,37.02361111111111,117.2,21.5,0.44,354.8,Map/Offsets,https://cgi.minorplanetcenter.net/cgi-bin/confirmeph2.cgi
20260517T183605Z,2026-05-17T18:36:05.688357Z,20260517T183605Z_batch01,P22nf3F,2026-05-18T13:00:00Z,17 35 55.5,263.98125,+37 01 51,37.030833333333334,117.2,21.5,0.44,354.8,Map/Offsets,https://cgi.minorplanetcenter.net/cgi-bin/confirmeph2.cgi
20260517T183605Z,2026-05-17T18:36:05.688357Z,20260517T183605Z_batch01,P22nf3F,2026-05-18T14:00:00Z,17 35 55.3,263.98041666666666,+37 02 17,37.03805555555555,117.2,21.5,0.43,354.7,Map/Offsets,https://cgi.minorplanetcenter.net/cgi-bin/confirmeph2.cgi
20260517T183605Z,2026-05-17T18:36:05.688357Z,20260517T183605Z_batch01,P22nf3F,2026-05-18T15:00:00Z,17 35 55.1,263.9795833333333,+37 02 43,37.04527777777778,117.2,21.5,0.43,354.6,Map/Offsets,https://cgi.minorplanetcenter.net/cgi-bin/confirmeph2.cgi
20260517T183605Z,2026-05-17T18:36:05.688357Z,20260517T183605Z_batch01,P22nf3F,2026-05-18T16:00:00Z,17 35 54.9,263.97875,+37 03 09,37.052499999999995,117.2,21.5,0.43,354.6,Map/Offsets,https://cgi.minorplanetcenter.net/cgi-bin/confirmeph2.cgi
20260517T183605Z,2026-05-17T18:36:05.688357Z,20260517T183605Z_batch01,P22nf3F,2026-05-18T17:00:00Z,17 35 54.7,263.9779166666666,+37 03 35,37.05972222222222,117.2,21.5,0.43,354.5,Map/Offsets,https://cgi.minorplanetcenter.net/cgi-bin/confirmeph2.cgi
20260517T183605Z,2026-05-17T18:36:05.688357Z,20260517T183605Z_batch01,A11CvyY,2026-05-17T17:00:00Z,14 12 02.2,213.00916666666666,-24 00 47,-24.013055555555557,159.8,19.5,8.48,25.2,Map/Offsets,https://cgi.minorplanetcenter.net/cgi-bin/confirmeph2.cgi
20260517T183605Z,2026-05-17T18:36:05.688357Z,20260517T183605Z_batch01,A11CvyY,2026-05-17T18:00:00Z,14 12 18.0,213.075,-23 53 07,-23.885277777777777,159.9,19.5,8.48,25.2,Map/Offsets,https://cgi.minorplanetcenter.net/cgi-bin/confirmeph2.cgi
20260517T183605Z,2026-05-17T18:36:05.688357Z,20260517T183605Z_batch01,A11CvyY,2026-05-17T19:00:00Z,14 12 33.8,213.14083333333332,-23 45 26,-23.75722222222222,159.9,19.5,8.49,25.2,Map/Offsets,https://cgi.minorplanetcenter.net/cgi-bin/confirmeph2.cgi
20260517T183605Z,2026-05-17T18:36:05.688357Z,20260517T183605Z_batch01,A11CvyY,2026-05-17T20:00:00Z,14 12 49.6,213.20666666666665,-23 37 45,-23.629166666666666,160.0,19.5,8.5,25.2,Map/Offsets,https://cgi.minorplanetcenter.net/cgi-bin/confirmeph2.cgi
20260517T183605Z,2026-05-17T18:36:05.688357Z,20260517T183605Z_batch01,A11CvyY,2026-05-17T21:00:00Z,14 13 05.4,213.2725,-23 30 04,-23.50111111111111,160.0,19.5,8.5,25.1,Map/Offsets,https://cgi.minorplanetcenter.net/cgi-bin/confirmeph2.cgi
20260517T183605Z,2026-05-17T18:36:05.688357Z,20260517T183605Z_batch01,A11CvyY,2026-05-17T22:00:00Z,14 13 21.1,213.33791666666667,-23 22 22,-23.372777777777777,160.1,19.5,8.51,25.1,Map/Offsets,https://cgi.minorplanetcenter.net/cgi-bin/confirmeph2.cgi
20260517T183605Z,2026-05-17T18:36:05.688357Z,20260517T183605Z_batch01,A11CvyY,2026-05-17T23:00:00Z,14 13 36.8,213.40333333333334,-23 14 39,-23.24416666666667,160.1,19.5,8.51,25.1,Map/Offsets,https://cgi.minorplanetcenter.net/cgi-bin/confirmeph2.cgi
20260517T183605Z,2026-05-17T18:36:05.688357Z,20260517T183605Z_batch01,A11CvyY,2026-05-18T00:00:00Z,14 13 52.6,213.46916666666667,-23 06 56,-23.115555555555556,160.1,19.5,8.52,25.1,Map/Offsets,https://cgi.minorplanetcenter.net/cgi-bin/confirmeph2.cgi
20260517T183605Z,2026-05-17T18:36:05.688357Z,20260517T183605Z_batch01,A11CvyY,2026-05-18T01:00:00Z,14 14 08.3,213.5345833333333,-22 59 13,-22.986944444444447,160.2,19.5,8.53,25.1,Map/Offsets,https://cgi.minorplanetcenter.net/cgi-bin/confirmeph2.cgi
20260517T183605Z,2026-05-17T18:36:05.688357Z,20260517T183605Z_batch01,A11CvyY,2026-05-18T02:00:00Z,14 14 23.9,213.59958333333333,-22 51 29,-22.858055555555556,160.2,19.5,8.53,25.0,Map/Offsets,https://cgi.minorplanetcenter.net/cgi-bin/confirmeph2.cgi
20260517T183605Z,2026-05-17T18:36:05.688357Z,20260517T183605Z_batch01,A11CvyY,2026-05-18T03:00:00Z,14 14 39.6,213.66499999999996,-22 43 45,-22.729166666666664,160.3,19.5,8.54,25.0,Map/Offsets,https://cgi.minorplanetcenter.net/cgi-bin/confirmeph2.cgi
20260517T183605Z,2026-05-17T18:36:05.688357Z,20260517T183605Z_batch01,A11CvyY,2026-05-18T04:00:00Z,14 14 55.3,213.73041666666666,-22 36 01,-22.60027777777778,160.3,19.5,8.54,25.0,Map/Offsets,https://cgi.minorplanetcenter.net/cgi-bin/confirmeph2.cgi
20260517T183605Z,2026-05-17T18:36:05.688357Z,20260517T183605Z_batch01,A11CvyY,2026-05-18T05:00:00Z,14 15 10.9,213.79541666666665,-22 28 16,-22.47111111111111,160.3,19.5,8.55,25.0,Map/Offsets,https://cgi.minorplanetcenter.net/cgi-bin/confirmeph2.cgi
20260517T183605Z,2026-05-17T18:36:05.688357Z,20260517T183605Z_batch01,A11CvyY,2026-05-18T06:00:00Z,14 15 26.6,213.86083333333332,-22 20 31,-22.341944444444444,160.4,19.5,8.55,25.0,Map/Offsets,https://cgi.minorplanetcenter.net/cgi-bin/confirmeph2.cgi
20260517T183605Z,2026-05-17T18:36:05.688357Z,20260517T183605Z_batch01,A11CvyY,2026-05-18T07:00:00Z,14 15 42.2,213.92583333333332,-22 12 46,-22.212777777777777,160.4,19.5,8.56,25.0,Map/Offsets,https://cgi.minorplanetcenter.net/cgi-bin/confirmeph2.cgi
20260517T183605Z,2026-05-17T18:36:05.688357Z,20260517T183605Z_batch01,A11CvyY,2026-05-18T08:00:00Z,14 15 57.8,213.9908333333333,-22 05 00,-22.083333333333332,160.4,19.5,8.57,24.9,Map/Offsets,https://cgi.minorplanetcenter.net/cgi-bin/confirmeph2.cgi
20260517T183605Z,2026-05-17T18:36:05.688357Z,20260517T183605Z_batch01,A11CvyY,2026-05-18T09:00:00Z,14 16 13.4,214.05583333333334,-21 57 14,-21.953888888888887,160.5,19.5,8.57,24.9,Map/Offsets,https://cgi.minorplanetcenter.net/cgi-bin/confirmeph2.cgi
20260517T183605Z,2026-05-17T18:36:05.688357Z,20260517T183605Z_batch01,A11CvyY,2026-05-18T10:00:00Z,14 16 28.9,214.1204166666667,-21 49 28,-21.824444444444445,160.5,19.5,8.57,24.9,Map/Offsets,https://cgi.minorplanetcenter.net/cgi-bin/confirmeph2.cgi
20260517T183605Z,2026-05-17T18:36:05.688357Z,20260517T183605Z_batch01,A11CvyY,2026-05-18T11:00:00Z,14 16 44.5,214.1854166666667,-21 41 41,-21.69472222222222,160.5,19.5,8.58,24.9,Map/Offsets,https://cgi.minorplanetcenter.net/cgi-bin/confirmeph2.cgi
20260517T183605Z,2026-05-17T18:36:05.688357Z,20260517T183605Z_batch01,A11CvyY,2026-05-18T12:00:00Z,14 17 00.0,214.25,-21 33 54,-21.565,160.6,19.5,8.58,24.9,Map/Offsets,https://cgi.minorplanetcenter.net/cgi-bin/confirmeph2.cgi
20260517T183605Z,2026-05-17T18:36:05.688357Z,20260517T183605Z_batch01,A11CvyY,2026-05-18T13:00:00Z,14 17 15.6,214.315,-21 26 06,-21.435,160.6,19.5,8.59,24.9,Map/Offsets,https://cgi.minorplanetcenter.net/cgi-bin/confirmeph2.cgi
20260517T183605Z,2026-05-17T18:36:05.688357Z,20260517T183605Z_batch01,A11CvyY,2026-05-18T14:00:00Z,14 17 31.1,214.37958333333333,-21 18 19,-21.30527777777778,160.6,19.5,8.59,24.9,Map/Offsets,https://cgi.minorplanetcenter.net/cgi-bin/confirmeph2.cgi
20260517T183605Z,2026-05-17T18:36:05.688357Z,20260517T183605Z_batch01,A11CvyY,2026-05-18T15:00:00Z,14 17 46.6,214.44416666666666,-21 10 31,-21.17527777777778,160.6,19.4,8.6,24.8,Map/Offsets,https://cgi.minorplanetcenter.net/cgi-bin/confirmeph2.cgi
20260517T183605Z,2026-05-17T18:36:05.688357Z,20260517T183605Z_batch01,A11CvyY,2026-05-18T16:00:00Z,14 18 02.1,214.50875000000002,-21 02 42,-21.045,160.7,19.4,8.6,24.8,Map/Offsets,https://cgi.minorplanetcenter.net/cgi-bin/confirmeph2.cgi
20260517T183605Z,2026-05-17T18:36:05.688357Z,20260517T183605Z_batch01,A11CvyY,2026-05-18T17:00:00Z,14 18 17.5,214.57291666666669,-20 54 54,-20.915,160.7,19.4,8.61,24.8,Map/Offsets,https://cgi.minorplanetcenter.net/cgi-bin/confirmeph2.cgi
20260517T183605Z,2026-05-17T18:36:05.688357Z,20260517T183605Z_batch01,CEMVK32,2026-05-17T17:00:00Z,17 07 02.8,256.76166666666666,+12 16 49,12.280277777777778,141.3,21.7,3.44,249.8,Map/Offsets,https://cgi.minorplanetcenter.net/cgi-bin/confirmeph2.cgi
20260517T183605Z,2026-05-17T18:36:05.688357Z,20260517T183605Z_batch01,CEMVK32,2026-05-17T18:00:00Z,17 06 49.6,256.7066666666667,+12 15 37,12.260277777777778,141.4,21.7,3.44,249.8,Map/Offsets,https://cgi.minorplanetcenter.net/cgi-bin/confirmeph2.cgi
20260517T183605Z,2026-05-17T18:36:05.688357Z,20260517T183605Z_batch01,CEMVK32,2026-05-17T19:00:00Z,17 06 36.4,256.6516666666667,+12 14 26,12.240555555555554,141.4,21.7,3.44,249.8,Map/Offsets,https://cgi.minorplanetcenter.net/cgi-bin/confirmeph2.cgi
20260517T183605Z,2026-05-17T18:36:05.688357Z,20260517T183605Z_batch01,CEMVK32,2026-05-17T20:00:00Z,17 06 23.2,256.5966666666667,+12 13 15,12.220833333333333,141.5,21.7,3.44,249.8,Map/Offsets,https://cgi.minorplanetcenter.net/cgi-bin/confirmeph2.cgi
20260517T183605Z,2026-05-17T18:36:05.688357Z,20260517T183605Z_batch01,CEMVK32,2026-05-17T21:00:00Z,17 06 09.9,256.54125,+12 12 03,12.200833333333332,141.6,21.7,3.45,249.7,Map/Offsets,https://cgi.minorplanetcenter.net/cgi-bin/confirmeph2.cgi
20260517T183605Z,2026-05-17T18:36:05.688357Z,20260517T183605Z_batch01,CEMVK32,2026-05-17T22:00:00Z,17 05 56.7,256.48625,+12 10 51,12.180833333333332,141.6,21.7,3.45,249.7,Map/Offsets,https://cgi.minorplanetcenter.net/cgi-bin/confirmeph2.cgi
20260517T183605Z,2026-05-17T18:36:05.688357Z,20260517T183605Z_batch01,CEMVK32,2026-05-17T23:00:00Z,17 05 43.5,256.43125,+12 09 40,12.161111111111111,141.7,21.7,3.45,249.7,Map/Offsets,https://cgi.minorplanetcenter.net/cgi-bin/confirmeph2.cgi
20260517T183605Z,2026-05-17T18:36:05.688357Z,20260517T183605Z_batch01,CEMVK32,2026-05-18T00:00:00Z,17 05 30.2,256.3758333333333,+12 08 28,12.14111111111111,141.7,21.7,3.45,249.7,Map/Offsets,https://cgi.minorplanetcenter.net/cgi-bin/confirmeph2.cgi
20260517T183605Z,2026-05-17T18:36:05.688357Z,20260517T183605Z_batch01,CEMVK32,2026-05-18T01:00:00Z,17 05 17.0,256.3208333333333,+12 07 16,12.121111111111112,141.8,21.7,3.45,249.7,Map/Offsets,https://cgi.minorplanetcenter.net/cgi-bin/confirmeph2.cgi
20260517T183605Z,2026-05-17T18:36:05.688357Z,20260517T183605Z_batch01,CEMVK32,2026-05-18T02:00:00Z,17 05 03.7,256.2654166666667,+12 06 04,12.101111111111111,141.9,21.7,3.46,249.6,Map/Offsets,https://cgi.minorplanetcenter.net/cgi-bin/confirmeph2.cgi
20260517T183605Z,2026-05-17T18:36:05.688357Z,20260517T183605Z_batch01,CEMVK32,2026-05-18T03:00:00Z,17 04 50.5,256.2104166666667,+12 04 51,12.080833333333333,141.9,21.7,3.46,249.6,Map/Offsets,https://cgi.minorplanetcenter.net/cgi-bin/confirmeph2.cgi
20260517T183605Z,2026-05-17T18:36:05.688357Z,20260517T183605Z_batch01,CEMVK32,2026-05-18T04:00:00Z,17 04 37.2,256.155,+12 03 39,12.060833333333335,142.0,21.7,3.46,249.6,Map/Offsets,https://cgi.minorplanetcenter.net/cgi-bin/confirmeph2.cgi
20260517T183605Z,2026-05-17T18:36:05.688357Z,20260517T183605Z_batch01,CEMVK32,2026-05-18T05:00:00Z,17 04 23.9,256.0995833333333,+12 02 27,12.040833333333333,142.1,21.7,3.46,249.6,Map/Offsets,https://cgi.minorplanetcenter.net/cgi-bin/confirmeph2.cgi
20260517T183605Z,2026-05-17T18:36:05.688357Z,20260517T183605Z_batch01,CEMVK32,2026-05-18T06:00:00Z,17 04 10.7,256.0445833333333,+12 01 14,12.020555555555557,142.1,21.7,3.46,249.6,Map/Offsets,https://cgi.minorplanetcenter.net/cgi-bin/confirmeph2.cgi
20260517T183605Z,2026-05-17T18:36:05.688357Z,20260517T183605Z_batch01,CEMVK32,2026-05-18T07:00:00Z,17 03 57.4,255.98916666666665,+12 00 01,12.000277777777777,142.2,21.7,3.47,249.5,Map/Offsets,https://cgi.minorplanetcenter.net/cgi-bin/confirmeph2.cgi
20260517T183605Z,2026-05-17T18:36:05.688357Z,20260517T183605Z_batch01,CEMVK32,2026-05-18T08:00:00Z,17 03 44.1,255.93375000000003,+11 58 48,11.98,142.2,21.7,3.47,249.5,Map/Offsets,https://cgi.minorplanetcenter.net/cgi-bin/confirmeph2.cgi
20260517T183605Z,2026-05-17T18:36:05.688357Z,20260517T183605Z_batch01,CEMVK32,2026-05-18T09:00:00Z,17 03 30.8,255.87833333333336,+11 57 36,11.959999999999999,142.3,21.7,3.47,249.5,Map/Offsets,https://cgi.minorplanetcenter.net/cgi-bin/confirmeph2.cgi
20260517T183605Z,2026-05-17T18:36:05.688357Z,20260517T183605Z_batch01,CEMVK32,2026-05-18T10:00:00Z,17 03 17.5,255.82291666666669,+11 56 23,11.939722222222223,142.4,21.7,3.47,249.5,Map/Offsets,https://cgi.minorplanetcenter.net/cgi-bin/confirmeph2.cgi
20260517T183605Z,2026-05-17T18:36:05.688357Z,20260517T183605Z_batch01,CEMVK32,2026-05-18T11:00:00Z,17 03 04.2,255.7675,+11 55 09,11.919166666666666,142.4,21.7,3.47,249.4,Map/Offsets,https://cgi.minorplanetcenter.net/cgi-bin/confirmeph2.cgi
20260517T183605Z,2026-05-17T18:36:05.688357Z,20260517T183605Z_batch01,CEMVK32,2026-05-18T12:00:00Z,17 02 50.9,255.7120833333334,+11 53 56,11.898888888888889,142.5,21.7,3.48,249.4,Map/Offsets,https://cgi.minorplanetcenter.net/cgi-bin/confirmeph2.cgi
20260517T183605Z,2026-05-17T18:36:05.688357Z,20260517T183605Z_batch01,CEMVK32,2026-05-18T13:00:00Z,17 02 37.6,255.6566666666667,+11 52 43,11.87861111111111,142.5,21.7,3.48,249.4,Map/Offsets,https://cgi.minorplanetcenter.net/cgi-bin/confirmeph2.cgi
20260517T183605Z,2026-05-17T18:36:05.688357Z,20260517T183605Z_batch01,CEMVK32,2026-05-18T14:00:00Z,17 02 24.3,255.60125000000002,+11 51 29,11.858055555555556,142.6,21.7,3.48,249.4,Map/Offsets,https://cgi.minorplanetcenter.net/cgi-bin/confirmeph2.cgi
20260517T183605Z,2026-05-17T18:36:05.688357Z,20260517T183605Z_batch01,CEMVK32,2026-05-18T15:00:00Z,17 02 11.0,255.54583333333335,+11 50 16,11.837777777777779,142.7,21.7,3.48,249.4,Map/Offsets,https://cgi.minorplanetcenter.net/cgi-bin/confirmeph2.cgi
20260517T183605Z,2026-05-17T18:36:05.688357Z,20260517T183605Z_batch01,CEMVK32,2026-05-18T16:00:00Z,17 01 57.6,255.48999999999995,+11 49 02,11.817222222222222,142.7,21.7,3.48,249.3,Map/Offsets,https://cgi.minorplanetcenter.net/cgi-bin/confirmeph2.cgi
20260517T183605Z,2026-05-17T18:36:05.688357Z,20260517T183605Z_batch01,CEMVK32,2026-05-18T17:00:00Z,17 01 44.3,255.43458333333334,+11 47 48,11.796666666666667,142.8,21.7,3.49,249.3,Map/Offsets,https://cgi.minorplanetcenter.net/cgi-bin/confirmeph2.cgi
20260517T183605Z,2026-05-17T18:36:05.688357Z,20260517T183605Z_batch01,CEMVGV2,2026-05-17T17:00:00Z,16 06 53.3,241.72208333333333,+12 03 53,12.064722222222223,147.7,20.0,13.58,326.8,Map/Offsets   !,https://cgi.minorplanetcenter.net/cgi-bin/confirmeph2.cgi
20260517T183605Z,2026-05-17T18:36:05.688357Z,20260517T183605Z_batch01,CEMVGV2,2026-05-17T18:00:00Z,16 06 23.0,241.59583333333336,+12 15 12,12.253333333333334,147.5,20.0,13.46,326.8,Map/Offsets   !,https://cgi.minorplanetcenter.net/cgi-bin/confirmeph2.cgi
20260517T183605Z,2026-05-17T18:36:05.688357Z,20260517T183605Z_batch01,CEMVGV2,2026-05-17T19:00:00Z,16 05 53.0,241.4708333333333,+12 26 24,12.44,147.4,20.0,13.33,326.7,Map/Offsets   !,https://cgi.minorplanetcenter.net/cgi-bin/confirmeph2.cgi
20260517T183605Z,2026-05-17T18:36:05.688357Z,20260517T183605Z_batch01,CEMVGV2,2026-05-17T20:00:00Z,16 05 23.1,241.34624999999997,+12 37 30,12.625,147.2,20.0,13.21,326.7,Map/Offsets   !,https://cgi.minorplanetcenter.net/cgi-bin/confirmeph2.cgi
20260517T183605Z,2026-05-17T18:36:05.688357Z,20260517T183605Z_batch01,CEMVGV2,2026-05-17T21:00:00Z,16 04 53.5,241.22291666666663,+12 48 29,12.808055555555557,147.1,20.0,13.09,326.7,Map/Offsets   !,https://cgi.minorplanetcenter.net/cgi-bin/confirmeph2.cgi
20260517T183605Z,2026-05-17T18:36:05.688357Z,20260517T183605Z_batch01,CEMVGV2,2026-05-17T22:00:00Z,16 04 24.1,241.10041666666666,+12 59 22,12.989444444444443,146.9,20.1,12.96,326.6,Map/Offsets   !,https://cgi.minorplanetcenter.net/cgi-bin/confirmeph2.cgi
20260517T183605Z,2026-05-17T18:36:05.688357Z,20260517T183605Z_batch01,CEMVGV2,2026-05-17T23:00:00Z,16 03 55.0,240.97916666666669,+13 10 08,13.168888888888889,146.8,20.1,12.84,326.6,Map/Offsets   !,https://cgi.minorplanetcenter.net/cgi-bin/confirmeph2.cgi
20260517T183605Z,2026-05-17T18:36:05.688357Z,20260517T183605Z_batch01,CEMVGV2,2026-05-18T00:00:00Z,16 03 26.0,240.85833333333335,+13 20 48,13.346666666666668,146.6,20.1,12.73,326.6,Map/Offsets   !,https://cgi.minorplanetcenter.net/cgi-bin/confirmeph2.cgi
20260517T183605Z,2026-05-17T18:36:05.688357Z,20260517T183605Z_batch01,CEMVGV2,2026-05-18T01:00:00Z,16 02 57.3,240.73875,+13 31 23,13.523055555555556,146.5,20.1,12.61,326.5,Map/Offsets   !,https://cgi.minorplanetcenter.net/cgi-bin/confirmeph2.cgi
20260517T183605Z,2026-05-17T18:36:05.688357Z,20260517T183605Z_batch01,CEMVGV2,2026-05-18T02:00:00Z,16 02 28.8,240.62,+13 41 50,13.697222222222223,146.3,20.1,12.49,326.5,Map/Offsets   !,https://cgi.minorplanetcenter.net/cgi-bin/confirmeph2.cgi
20260517T183605Z,2026-05-17T18:36:05.688357Z,20260517T183605Z_batch01,CEMVGV2,2026-05-18T03:00:00Z,16 02 00.5,240.50208333333333,+13 52 12,13.870000000000001,146.2,20.1,12.38,326.5,Map/Offsets   !,https://cgi.minorplanetcenter.net/cgi-bin/confirmeph2.cgi
20260517T183605Z,2026-05-17T18:36:05.688357Z,20260517T183605Z_batch01,CEMVGV2,2026-05-18T04:00:00Z,16 01 32.5,240.38541666666666,+14 02 28,14.04111111111111,146.0,20.1,12.26,326.4,Map/Offsets   !,https://cgi.minorplanetcenter.net/cgi-bin/confirmeph2.cgi
20260517T183605Z,2026-05-17T18:36:05.688357Z,20260517T183605Z_batch01,CEMVGV2,2026-05-18T05:00:00Z,16 01 04.6,240.26916666666662,+14 12 38,14.210555555555555,145.9,20.2,12.15,326.4,Map/Offsets   !,https://cgi.minorplanetcenter.net/cgi-bin/confirmeph2.cgi
20260517T183605Z,2026-05-17T18:36:05.688357Z,20260517T183605Z_batch01,CEMVGV2,2026-05-18T06:00:00Z,16 00 37.0,240.15416666666664,+14 22 42,14.378333333333334,145.7,20.2,12.04,326.3,Map/Offsets   !,https://cgi.minorplanetcenter.net/cgi-bin/confirmeph2.cgi
20260517T183605Z,2026-05-17T18:36:05.688357Z,20260517T183605Z_batch01,CEMVGV2,2026-05-18T07:00:00Z,16 00 09.5,240.03958333333333,+14 32 41,14.544722222222221,145.6,20.2,11.93,326.3,Map/Offsets   !,https://cgi.minorplanetcenter.net/cgi-bin/confirmeph2.cgi
20260517T183605Z,2026-05-17T18:36:05.688357Z,20260517T183605Z_batch01,CEMVGV2,2026-05-18T08:00:00Z,15 59 42.3,239.92624999999998,+14 42 33,14.709166666666667,145.4,20.2,11.82,326.3,Map/Offsets   !,https://cgi.minorplanetcenter.net/cgi-bin/confirmeph2.cgi
20260517T183605Z,2026-05-17T18:36:05.688357Z,20260517T183605Z_batch01,CEMVGV2,2026-05-18T09:00:00Z,15 59 15.2,239.8133333333333,+14 52 20,14.872222222222224,145.3,20.2,11.71,326.2,Map/Offsets   !,https://cgi.minorplanetcenter.net/cgi-bin/confirmeph2.cgi
20260517T183605Z,2026-05-17T18:36:05.688357Z,20260517T183605Z_batch01,CEMVGV2,2026-05-18T10:00:00Z,15 58 48.4,239.70166666666665,+15 02 02,15.033888888888889,145.1,20.2,11.6,326.2,Map/Offsets   !,https://cgi.minorplanetcenter.net/cgi-bin/confirmeph2.cgi
20260517T183605Z,2026-05-17T18:36:05.688357Z,20260517T183605Z_batch01,CEMVGV2,2026-05-18T11:00:00Z,15 58 21.8,239.59083333333334,+15 11 37,15.193611111111112,145.0,20.2,11.5,326.2,Map/Offsets   !,https://cgi.minorplanetcenter.net/cgi-bin/confirmeph2.cgi
20260517T183605Z,2026-05-17T18:36:05.688357Z,20260517T183605Z_batch01,CEMVGV2,2026-05-18T12:00:00Z,15 57 55.4,239.48083333333332,+15 21 08,15.352222222222222,144.8,20.3,11.39,326.1,Map/Offsets   !,https://cgi.minorplanetcenter.net/cgi-bin/confirmeph2.cgi
20260517T183605Z,2026-05-17T18:36:05.688357Z,20260517T183605Z_batch01,CEMVGV2,2026-05-18T13:00:00Z,15 57 29.1,239.37125,+15 30 33,15.509166666666667,144.7,20.3,11.29,326.1,Map/Offsets   !,https://cgi.minorplanetcenter.net/cgi-bin/confirmeph2.cgi
20260517T183605Z,2026-05-17T18:36:05.688357Z,20260517T183605Z_batch01,CEMVGV2,2026-05-18T14:00:00Z,15 57 03.1,239.26291666666665,+15 39 52,15.664444444444445,144.5,20.3,11.19,326.1,Map/Offsets   !,https://cgi.minorplanetcenter.net/cgi-bin/confirmeph2.cgi
20260517T183605Z,2026-05-17T18:36:05.688357Z,20260517T183605Z_batch01,CEMVGV2,2026-05-18T15:00:00Z,15 56 37.2,239.155,+15 49 06,15.818333333333333,144.4,20.3,11.09,326.0,Map/Offsets   !,https://cgi.minorplanetcenter.net/cgi-bin/confirmeph2.cgi
20260517T183605Z,2026-05-17T18:36:05.688357Z,20260517T183605Z_batch01,CEMVGV2,2026-05-18T16:00:00Z,15 56 11.5,239.04791666666668,+15 58 15,15.970833333333333,144.2,20.3,10.99,326.0,Map/Offsets   !,https://cgi.minorplanetcenter.net/cgi-bin/confirmeph2.cgi
20260517T183605Z,2026-05-17T18:36:05.688357Z,20260517T183605Z_batch01,CEMVGV2,2026-05-18T17:00:00Z,15 55 46.1,238.94208333333333,+16 07 19,16.121944444444445,144.1,20.3,10.89,325.9,Map/Offsets   !,https://cgi.minorplanetcenter.net/cgi-bin/confirmeph2.cgi
20260517T183605Z,2026-05-17T18:36:05.688357Z,20260517T183605Z_batch01,CEMV1Q2,2026-05-17T17:00:00Z,15 12 47.3,228.19708333333332,+07 36 25,7.606944444444444,152.4,21.0,8.51,100.2,Map/Offsets   !,https://cgi.minorplanetcenter.net/cgi-bin/confirmeph2.cgi
20260517T183605Z,2026-05-17T18:36:05.688357Z,20260517T183605Z_batch01,CEMV1Q2,2026-05-17T18:00:00Z,15 13 21.0,228.3375,+07 34 54,7.581666666666666,152.4,21.0,8.49,100.3,Map/Offsets   !,https://cgi.minorplanetcenter.net/cgi-bin/confirmeph2.cgi
20260517T183605Z,2026-05-17T18:36:05.688357Z,20260517T183605Z_batch01,CEMV1Q2,2026-05-17T19:00:00Z,15 13 54.7,228.4779166666667,+07 33 23,7.556388888888889,152.5,21.0,8.46,100.3,Map/Offsets   !,https://cgi.minorplanetcenter.net/cgi-bin/confirmeph2.cgi
20260517T183605Z,2026-05-17T18:36:05.688357Z,20260517T183605Z_batch01,CEMV1Q2,2026-05-17T20:00:00Z,15 14 28.2,228.6175,+07 31 53,7.5313888888888885,152.5,21.0,8.44,100.3,Map/Offsets   !,https://cgi.minorplanetcenter.net/cgi-bin/confirmeph2.cgi
20260517T183605Z,2026-05-17T18:36:05.688357Z,20260517T183605Z_batch01,CEMV1Q2,2026-05-17T21:00:00Z,15 15 01.6,228.75666666666666,+07 30 22,7.506111111111111,152.6,21.0,8.41,100.3,Map/Offsets   !,https://cgi.minorplanetcenter.net/cgi-bin/confirmeph2.cgi
20260517T183605Z,2026-05-17T18:36:05.688357Z,20260517T183605Z_batch01,CEMV1Q2,2026-05-17T22:00:00Z,15 15 34.9,228.89541666666665,+07 28 52,7.481111111111111,152.6,21.0,8.38,100.4,Map/Offsets   !,https://cgi.minorplanetcenter.net/cgi-bin/confirmeph2.cgi
20260517T183605Z,2026-05-17T18:36:05.688357Z,20260517T183605Z_batch01,CEMV1Q2,2026-05-17T23:00:00Z,15 16 08.2,229.03416666666666,+07 27 21,7.4558333333333335,152.6,21.0,8.36,100.4,Map/Offsets   !,https://cgi.minorplanetcenter.net/cgi-bin/confirmeph2.cgi
20260517T183605Z,2026-05-17T18:36:05.688357Z,20260517T183605Z_batch01,CEMV1Q2,2026-05-18T00:00:00Z,15 16 41.3,229.17208333333335,+07 25 50,7.430555555555556,152.7,21.0,8.33,100.4,Map/Offsets   !,https://cgi.minorplanetcenter.net/cgi-bin/confirmeph2.cgi
20260517T183605Z,2026-05-17T18:36:05.688357Z,20260517T183605Z_batch01,CEMV1Q2,2026-05-18T01:00:00Z,15 17 14.3,229.30958333333334,+07 24 20,7.405555555555556,152.7,21.0,8.31,100.5,Map/Offsets   !,https://cgi.minorplanetcenter.net/cgi-bin/confirmeph2.cgi
20260517T183605Z,2026-05-17T18:36:05.688357Z,20260517T183605Z_batch01,CEMV1Q2,2026-05-18T02:00:00Z,15 17 47.2,229.4466666666667,+07 22 49,7.380277777777778,152.7,21.0,8.28,100.5,Map/Offsets   !,https://cgi.minorplanetcenter.net/cgi-bin/confirmeph2.cgi
20260517T183605Z,2026-05-17T18:36:05.688357Z,20260517T183605Z_batch01,CEMV1Q2,2026-05-18T03:00:00Z,15 18 20.0,229.58333333333337,+07 21 19,7.355277777777777,152.8,21.0,8.26,100.5,Map/Offsets   !,https://cgi.minorplanetcenter.net/cgi-bin/confirmeph2.cgi
20260517T183605Z,2026-05-17T18:36:05.688357Z,20260517T183605Z_batch01,CEMV1Q2,2026-05-18T04:00:00Z,15 18 52.7,229.71958333333336,+07 19 48,7.33,152.8,21.0,8.23,100.6,Map/Offsets   !,https://cgi.minorplanetcenter.net/cgi-bin/confirmeph2.cgi
20260517T183605Z,2026-05-17T18:36:05.688357Z,20260517T183605Z_batch01,CEMV1Q2,2026-05-18T05:00:00Z,15 19 25.2,229.855,+07 18 18,7.305,152.8,21.0,8.21,100.6,Map/Offsets   !,https://cgi.minorplanetcenter.net/cgi-bin/confirmeph2.cgi
20260517T183605Z,2026-05-17T18:36:05.688357Z,20260517T183605Z_batch01,CEMV1Q2,2026-05-18T06:00:00Z,15 19 57.7,229.99041666666665,+07 16 47,7.279722222222222,152.8,21.0,8.18,100.6,Map/Offsets   !,https://cgi.minorplanetcenter.net/cgi-bin/confirmeph2.cgi
20260517T183605Z,2026-05-17T18:36:05.688357Z,20260517T183605Z_batch01,CEMV1Q2,2026-05-18T07:00:00Z,15 20 30.1,230.12541666666667,+07 15 17,7.254722222222222,152.9,21.0,8.16,100.7,Map/Offsets   !,https://cgi.minorplanetcenter.net/cgi-bin/confirmeph2.cgi
20260517T183605Z,2026-05-17T18:36:05.688357Z,20260517T183605Z_batch01,CEMV1Q2,2026-05-18T08:00:00Z,15 21 02.4,230.26000000000002,+07 13 46,7.229444444444445,152.9,21.0,8.13,100.7,Map/Offsets   !,https://cgi.minorplanetcenter.net/cgi-bin/confirmeph2.cgi
20260517T183605Z,2026-05-17T18:36:05.688357Z,20260517T183605Z_batch01,CEMV1Q2,2026-05-18T09:00:00Z,15 21 34.5,230.39375,+07 12 16,7.204444444444444,152.9,21.0,8.1,100.7,Map/Offsets   !,https://cgi.minorplanetcenter.net/cgi-bin/confirmeph2.cgi
20260517T183605Z,2026-05-17T18:36:05.688357Z,20260517T183605Z_batch01,CEMV1Q2,2026-05-18T10:00:00Z,15 22 06.6,230.5275,+07 10 45,7.179166666666667,153.0,21.0,8.08,100.7,Map/Offsets   !,https://cgi.minorplanetcenter.net/cgi-bin/confirmeph2.cgi
20260517T183605Z,2026-05-17T18:36:05.688357Z,20260517T183605Z_batch01,CEMV1Q2,2026-05-18T11:00:00Z,15 22 38.5,230.6604166666667,+07 09 15,7.154166666666667,153.0,21.0,8.05,100.8,Map/Offsets   !,https://cgi.minorplanetcenter.net/cgi-bin/confirmeph2.cgi
20260517T183605Z,2026-05-17T18:36:05.688357Z,20260517T183605Z_batch01,CEMV1Q2,2026-05-18T12:00:00Z,15 23 10.4,230.79333333333332,+07 07 45,7.129166666666666,153.0,21.0,8.03,100.8,Map/Offsets   !,https://cgi.minorplanetcenter.net/cgi-bin/confirmeph2.cgi
20260517T183605Z,2026-05-17T18:36:05.688357Z,20260517T183605Z_batch01,CEMV1Q2,2026-05-18T13:00:00Z,15 23 42.1,230.92541666666665,+07 06 14,7.103888888888888,153.1,21.0,8.0,100.8,Map/Offsets   !,https://cgi.minorplanetcenter.net/cgi-bin/confirmeph2.cgi
20260517T183605Z,2026-05-17T18:36:05.688357Z,20260517T183605Z_batch01,CEMV1Q2,2026-05-18T14:00:00Z,15 24 13.7,231.05708333333334,+07 04 44,7.078888888888889,153.1,21.0,7.98,100.9,Map/Offsets   !,https://cgi.minorplanetcenter.net/cgi-bin/confirmeph2.cgi
20260517T183605Z,2026-05-17T18:36:05.688357Z,20260517T183605Z_batch01,CEMV1Q2,2026-05-18T15:00:00Z,15 24 45.3,231.18875,+07 03 14,7.053888888888888,153.1,21.0,7.95,100.9,Map/Offsets   !,https://cgi.minorplanetcenter.net/cgi-bin/confirmeph2.cgi
20260517T183605Z,2026-05-17T18:36:05.688357Z,20260517T183605Z_batch01,CEMV1Q2,2026-05-18T16:00:00Z,15 25 16.7,231.31958333333333,+07 01 44,7.028888888888889,153.1,21.0,7.93,100.9,Map/Offsets   !,https://cgi.minorplanetcenter.net/cgi-bin/confirmeph2.cgi
20260517T183605Z,2026-05-17T18:36:05.688357Z,20260517T183605Z_batch01,CEMV1Q2,2026-05-18T17:00:00Z,15 25 48.0,231.45,+07 00 14,7.003888888888889,153.2,21.0,7.9,101.0,Map/Offsets   !,https://cgi.minorplanetcenter.net/cgi-bin/confirmeph2.cgi
20260517T183605Z,2026-05-17T18:36:05.688357Z,20260517T183605Z_batch01,CEMUUC2,2026-05-17T17:00:00Z,14 28 20.7,217.08625,+10 12 56,10.215555555555556,146.0,20.5,12.26,354.9,Map/Offsets   !,https://cgi.minorplanetcenter.net/cgi-bin/confirmeph2.cgi
20260517T183605Z,2026-05-17T18:36:05.688357Z,20260517T183605Z_batch01,CEMUUC2,2026-05-17T18:00:00Z,14 28 16.2,217.0675,+10 25 11,10.419722222222221,145.8,20.5,12.33,354.9,Map/Offsets   !,https://cgi.minorplanetcenter.net/cgi-bin/confirmeph2.cgi
20260517T183605Z,2026-05-17T18:36:05.688357Z,20260517T183605Z_batch01,CEMUUC2,2026-05-17T19:00:00Z,14 28 11.8,217.04916666666665,+10 37 29,10.624722222222223,145.6,20.5,12.39,354.9,Map/Offsets   !,https://cgi.minorplanetcenter.net/cgi-bin/confirmeph2.cgi
20260517T183605Z,2026-05-17T18:36:05.688357Z,20260517T183605Z_batch01,CEMUUC2,2026-05-17T20:00:00Z,14 28 07.2,217.03,+10 49 51,10.830833333333333,145.3,20.5,12.45,354.9,Map/Offsets   !,https://cgi.minorplanetcenter.net/cgi-bin/confirmeph2.cgi
20260517T183605Z,2026-05-17T18:36:05.688357Z,20260517T183605Z_batch01,CEMUUC2,2026-05-17T21:00:00Z,14 28 02.7,217.01125,+11 02 17,11.038055555555555,145.1,20.5,12.51,354.9,Map/Offsets   !,https://cgi.minorplanetcenter.net/cgi-bin/confirmeph2.cgi
20260517T183605Z,2026-05-17T18:36:05.688357Z,20260517T183605Z_batch01,CEMUUC2,2026-05-17T22:00:00Z,14 27 58.1,216.99208333333334,+11 14 47,11.246388888888887,144.9,20.5,12.58,354.9,Map/Offsets   !,https://cgi.minorplanetcenter.net/cgi-bin/confirmeph2.cgi
20260517T183605Z,2026-05-17T18:36:05.688357Z,20260517T183605Z_batch01,CEMUUC2,2026-05-17T23:00:00Z,14 27 53.6,216.97333333333333,+11 27 20,11.455555555555556,144.7,20.5,12.64,354.9,Map/Offsets   !,https://cgi.minorplanetcenter.net/cgi-bin/confirmeph2.cgi
20260517T183605Z,2026-05-17T18:36:05.688357Z,20260517T183605Z_batch01,CEMUUC2,2026-05-18T00:00:00Z,14 27 48.9,216.95374999999999,+11 39 57,11.665833333333333,144.5,20.5,12.7,354.9,Map/Offsets   !,https://cgi.minorplanetcenter.net/cgi-bin/confirmeph2.cgi
20260517T183605Z,2026-05-17T18:36:05.688357Z,20260517T183605Z_batch01,CEMUUC2,2026-05-18T01:00:00Z,14 27 44.3,216.9345833333333,+11 52 38,11.877222222222223,144.2,20.5,12.76,354.9,Map/Offsets   !,https://cgi.minorplanetcenter.net/cgi-bin/confirmeph2.cgi
20260517T183605Z,2026-05-17T18:36:05.688357Z,20260517T183605Z_batch01,CEMUUC2,2026-05-18T02:00:00Z,14 27 39.6,216.91499999999996,+12 05 23,12.089722222222223,144.0,20.5,12.83,354.9,Map/Offsets   !,https://cgi.minorplanetcenter.net/cgi-bin/confirmeph2.cgi
20260517T183605Z,2026-05-17T18:36:05.688357Z,20260517T183605Z_batch01,CEMUUC2,2026-05-18T03:00:00Z,14 27 35.0,216.89583333333334,+12 18 12,12.303333333333335,143.8,20.5,12.89,354.9,Map/Offsets   !,https://cgi.minorplanetcenter.net/cgi-bin/confirmeph2.cgi
20260517T183605Z,2026-05-17T18:36:05.688357Z,20260517T183605Z_batch01,CEMUUC2,2026-05-18T04:00:00Z,14 27 30.2,216.87583333333333,+12 31 04,12.517777777777779,143.6,20.5,12.95,354.9,Map/Offsets   !,https://cgi.minorplanetcenter.net/cgi-bin/confirmeph2.cgi
20260517T183605Z,2026-05-17T18:36:05.688357Z,20260517T183605Z_batch01,CEMUUC2,2026-05-18T05:00:00Z,14 27 25.5,216.85625,+12 44 00,12.733333333333333,143.4,20.5,13.02,354.9,Map/Offsets   !,https://cgi.minorplanetcenter.net/cgi-bin/confirmeph2.cgi
20260517T183605Z,2026-05-17T18:36:05.688357Z,20260517T183605Z_batch01,CEMUUC2,2026-05-18T06:00:00Z,14 27 20.7,216.83625,+12 57 00,12.95,143.1,20.5,13.08,354.9,Map/Offsets   !,https://cgi.minorplanetcenter.net/cgi-bin/confirmeph2.cgi
20260517T183605Z,2026-05-17T18:36:05.688357Z,20260517T183605Z_batch01,CEMUUC2,2026-05-18T07:00:00Z,14 27 15.9,216.81624999999997,+13 10 03,13.167499999999999,142.9,20.5,13.14,354.9,Map/Offsets   !,https://cgi.minorplanetcenter.net/cgi-bin/confirmeph2.cgi
20260517T183605Z,2026-05-17T18:36:05.688357Z,20260517T183605Z_batch01,CEMUUC2,2026-05-18T08:00:00Z,14 27 11.1,216.79625,+13 23 11,13.386388888888888,142.7,20.5,13.21,354.9,Map/Offsets   !,https://cgi.minorplanetcenter.net/cgi-bin/confirmeph2.cgi
20260517T183605Z,2026-05-17T18:36:05.688357Z,20260517T183605Z_batch01,CEMUUC2,2026-05-18T09:00:00Z,14 27 06.2,216.7758333333333,+13 36 22,13.60611111111111,142.4,20.5,13.27,354.9,Map/Offsets   !,https://cgi.minorplanetcenter.net/cgi-bin/confirmeph2.cgi
20260517T183605Z,2026-05-17T18:36:05.688357Z,20260517T183605Z_batch01,CEMUUC2,2026-05-18T10:00:00Z,14 27 01.4,216.75583333333333,+13 49 37,13.826944444444445,142.2,20.5,13.34,354.9,Map/Offsets   !,https://cgi.minorplanetcenter.net/cgi-bin/confirmeph2.cgi
20260517T183605Z,2026-05-17T18:36:05.688357Z,20260517T183605Z_batch01,CEMUUC2,2026-05-18T11:00:00Z,14 26 56.4,216.73499999999999,+14 02 56,14.04888888888889,142.0,20.5,13.4,354.9,Map/Offsets   !,https://cgi.minorplanetcenter.net/cgi-bin/confirmeph2.cgi
20260517T183605Z,2026-05-17T18:36:05.688357Z,20260517T183605Z_batch01,CEMUUC2,2026-05-18T12:00:00Z,14 26 51.5,216.71458333333334,+14 16 19,14.271944444444445,141.7,20.5,13.46,354.9,Map/Offsets   !,https://cgi.minorplanetcenter.net/cgi-bin/confirmeph2.cgi
20260517T183605Z,2026-05-17T18:36:05.688357Z,20260517T183605Z_batch01,CEMUUC2,2026-05-18T13:00:00Z,14 26 46.5,216.69375000000002,+14 29 45,14.495833333333332,141.5,20.5,13.53,354.9,Map/Offsets   !,https://cgi.minorplanetcenter.net/cgi-bin/confirmeph2.cgi
20260517T183605Z,2026-05-17T18:36:05.688357Z,20260517T183605Z_batch01,CEMUUC2,2026-05-18T14:00:00Z,14 26 41.5,216.67291666666665,+14 43 16,14.721111111111112,141.3,20.5,13.59,354.9,Map/Offsets   !,https://cgi.minorplanetcenter.net/cgi-bin/confirmeph2.cgi
20260517T183605Z,2026-05-17T18:36:05.688357Z,20260517T183605Z_batch01,CEMUUC2,2026-05-18T15:00:00Z,14 26 36.5,216.65208333333334,+14 56 50,14.947222222222223,141.0,20.5,13.66,354.9,Map/Offsets   !,https://cgi.minorplanetcenter.net/cgi-bin/confirmeph2.cgi
20260517T183605Z,2026-05-17T18:36:05.688357Z,20260517T183605Z_batch01,CEMUUC2,2026-05-18T16:00:00Z,14 26 31.5,216.63125,+15 10 28,15.174444444444443,140.8,20.5,13.72,354.9,Map/Offsets   !,https://cgi.minorplanetcenter.net/cgi-bin/confirmeph2.cgi
20260517T183605Z,2026-05-17T18:36:05.688357Z,20260517T183605Z_batch01,CEMUUC2,2026-05-18T17:00:00Z,14 26 26.4,216.61,+15 24 10,15.402777777777779,140.6,20.5,13.79,354.9,Map/Offsets   !,https://cgi.minorplanetcenter.net/cgi-bin/confirmeph2.cgi
20260517T183605Z,2026-05-17T18:36:05.688357Z,20260517T183605Z_batch01,A11Cvk7,2026-05-17T17:00:00Z,13 58 08.1,209.53375,-73 07 43,-73.1286111111111,124.5,19.6,4.54,293.6,Map/Offsets,https://cgi.minorplanetcenter.net/cgi-bin/confirmeph2.cgi
20260517T183605Z,2026-05-17T18:36:05.688357Z,20260517T183605Z_batch01,A11Cvk7,2026-05-17T18:00:00Z,13 57 10.8,209.295,-73 05 53,-73.09805555555555,124.5,19.6,4.55,293.9,Map/Offsets,https://cgi.minorplanetcenter.net/cgi-bin/confirmeph2.cgi
20260517T183605Z,2026-05-17T18:36:05.688357Z,20260517T183605Z_batch01,A11Cvk7,2026-05-17T19:00:00Z,13 56 13.7,209.05708333333334,-73 04 02,-73.06722222222221,124.5,19.6,4.55,294.1,Map/Offsets,https://cgi.minorplanetcenter.net/cgi-bin/confirmeph2.cgi
20260517T183605Z,2026-05-17T18:36:05.688357Z,20260517T183605Z_batch01,A11Cvk7,2026-05-17T20:00:00Z,13 55 16.8,208.82,-73 02 10,-73.03611111111111,124.5,19.6,4.55,294.4,Map/Offsets,https://cgi.minorplanetcenter.net/cgi-bin/confirmeph2.cgi
20260517T183605Z,2026-05-17T18:36:05.688357Z,20260517T183605Z_batch01,A11Cvk7,2026-05-17T21:00:00Z,13 54 20.1,208.58375,-73 00 16,-73.00444444444445,124.5,19.6,4.55,294.7,Map/Offsets,https://cgi.minorplanetcenter.net/cgi-bin/confirmeph2.cgi
20260517T183605Z,2026-05-17T18:36:05.688357Z,20260517T183605Z_batch01,A11Cvk7,2026-05-17T22:00:00Z,13 53 23.5,208.34791666666666,-72 58 22,-72.97277777777778,124.5,19.6,4.56,294.9,Map/Offsets,https://cgi.minorplanetcenter.net/cgi-bin/confirmeph2.cgi
20260517T183605Z,2026-05-17T18:36:05.688357Z,20260517T183605Z_batch01,A11Cvk7,2026-05-17T23:00:00Z,13 52 27.1,208.11291666666668,-72 56 26,-72.94055555555556,124.5,19.6,4.56,295.2,Map/Offsets,https://cgi.minorplanetcenter.net/cgi-bin/confirmeph2.cgi
20260517T183605Z,2026-05-17T18:36:05.688357Z,20260517T183605Z_batch01,A11Cvk7,2026-05-18T00:00:00Z,13 51 31.0,207.87916666666666,-72 54 29,-72.90805555555556,124.5,19.6,4.56,295.4,Map/Offsets,https://cgi.minorplanetcenter.net/cgi-bin/confirmeph2.cgi
20260517T183605Z,2026-05-17T18:36:05.688357Z,20260517T183605Z_batch01,A11Cvk7,2026-05-18T01:00:00Z,13 50 35.0,207.64583333333334,-72 52 31,-72.87527777777777,124.5,19.6,4.56,295.7,Map/Offsets,https://cgi.minorplanetcenter.net/cgi-bin/confirmeph2.cgi
20260517T183605Z,2026-05-17T18:36:05.688357Z,20260517T183605Z_batch01,A11Cvk7,2026-05-18T02:00:00Z,13 49 39.2,207.41333333333333,-72 50 32,-72.84222222222222,124.4,19.6,4.57,295.9,Map/Offsets,https://cgi.minorplanetcenter.net/cgi-bin/confirmeph2.cgi
20260517T183605Z,2026-05-17T18:36:05.688357Z,20260517T183605Z_batch01,A11Cvk7,2026-05-18T03:00:00Z,13 48 43.6,207.18166666666667,-72 48 32,-72.80888888888889,124.4,19.6,4.57,296.2,Map/Offsets,https://cgi.minorplanetcenter.net/cgi-bin/confirmeph2.cgi
20260517T183605Z,2026-05-17T18:36:05.688357Z,20260517T183605Z_batch01,A11Cvk7,2026-05-18T04:00:00Z,13 47 48.2,206.95083333333332,-72 46 30,-72.775,124.4,19.6,4.57,296.4,Map/Offsets,https://cgi.minorplanetcenter.net/cgi-bin/confirmeph2.cgi
20260517T183605Z,2026-05-17T18:36:05.688357Z,20260517T183605Z_batch01,A11Cvk7,2026-05-18T05:00:00Z,13 46 53.0,206.72083333333333,-72 44 28,-72.74111111111111,124.4,19.6,4.57,296.7,Map/Offsets,https://cgi.minorplanetcenter.net/cgi-bin/confirmeph2.cgi
20260517T183605Z,2026-05-17T18:36:05.688357Z,20260517T183605Z_batch01,A11Cvk7,2026-05-18T06:00:00Z,13 45 58.0,206.49166666666667,-72 42 24,-72.70666666666666,124.4,19.6,4.58,296.9,Map/Offsets,https://cgi.minorplanetcenter.net/cgi-bin/confirmeph2.cgi
20260517T183605Z,2026-05-17T18:36:05.688357Z,20260517T183605Z_batch01,A11Cvk7,2026-05-18T07:00:00Z,13 45 03.2,206.26333333333335,-72 40 19,-72.67194444444445,124.4,19.6,4.58,297.1,Map/Offsets,https://cgi.minorplanetcenter.net/cgi-bin/confirmeph2.cgi
20260517T183605Z,2026-05-17T18:36:05.688357Z,20260517T183605Z_batch01,A11Cvk7,2026-05-18T08:00:00Z,13 44 08.5,206.03541666666666,-72 38 13,-72.63694444444445,124.4,19.6,4.58,297.4,Map/Offsets,https://cgi.minorplanetcenter.net/cgi-bin/confirmeph2.cgi
20260517T183605Z,2026-05-17T18:36:05.688357Z,20260517T183605Z_batch01,A11Cvk7,2026-05-18T09:00:00Z,13 43 14.1,205.80875,-72 36 07,-72.60194444444444,124.4,19.6,4.58,297.6,Map/Offsets,https://cgi.minorplanetcenter.net/cgi-bin/confirmeph2.cgi
20260517T183605Z,2026-05-17T18:36:05.688357Z,20260517T183605Z_batch01,A11Cvk7,2026-05-18T10:00:00Z,13 42 19.9,205.58291666666665,-72 33 58,-72.56611111111111,124.4,19.6,4.58,297.9,Map/Offsets,https://cgi.minorplanetcenter.net/cgi-bin/confirmeph2.cgi
20260517T183605Z,2026-05-17T18:36:05.688357Z,20260517T183605Z_batch01,A11Cvk7,2026-05-18T11:00:00Z,13 41 25.9,205.35791666666665,-72 31 49,-72.53027777777778,124.4,19.6,4.59,298.1,Map/Offsets,https://cgi.minorplanetcenter.net/cgi-bin/confirmeph2.cgi
20260517T183605Z,2026-05-17T18:36:05.688357Z,20260517T183605Z_batch01,A11Cvk7,2026-05-18T12:00:00Z,13 40 32.1,205.13375,-72 29 39,-72.49416666666667,124.4,19.6,4.59,298.4,Map/Offsets,https://cgi.minorplanetcenter.net/cgi-bin/confirmeph2.cgi
20260517T183605Z,2026-05-17T18:36:05.688357Z,20260517T183605Z_batch01,A11Cvk7,2026-05-18T13:00:00Z,13 39 38.5,204.91041666666666,-72 27 28,-72.45777777777778,124.4,19.6,4.59,298.6,Map/Offsets,https://cgi.minorplanetcenter.net/cgi-bin/confirmeph2.cgi
20260517T183605Z,2026-05-17T18:36:05.688357Z,20260517T183605Z_batch01,A11Cvk7,2026-05-18T14:00:00Z,13 38 45.1,204.68791666666667,-72 25 15,-72.42083333333333,124.4,19.6,4.59,298.8,Map/Offsets,https://cgi.minorplanetcenter.net/cgi-bin/confirmeph2.cgi
20260517T183605Z,2026-05-17T18:36:05.688357Z,20260517T183605Z_batch01,A11Cvk7,2026-05-18T15:00:00Z,13 37 51.9,204.46625000000003,-72 23 02,-72.38388888888889,124.4,19.6,4.6,299.1,Map/Offsets,https://cgi.minorplanetcenter.net/cgi-bin/confirmeph2.cgi
20260517T183605Z,2026-05-17T18:36:05.688357Z,20260517T183605Z_batch01,A11Cvk7,2026-05-18T16:00:00Z,13 36 59.0,204.24583333333334,-72 20 47,-72.34638888888888,124.4,19.6,4.6,299.3,Map/Offsets,https://cgi.minorplanetcenter.net/cgi-bin/confirmeph2.cgi
20260517T183605Z,2026-05-17T18:36:05.688357Z,20260517T183605Z_batch01,A11Cvk7,2026-05-18T17:00:00Z,13 36 06.2,204.0258333333333,-72 18 32,-72.30888888888889,124.4,19.6,4.6,299.6,Map/Offsets,https://cgi.minorplanetcenter.net/cgi-bin/confirmeph2.cgi
20260517T183605Z,2026-05-17T18:36:05.688357Z,20260517T183605Z_batch01,CEMRK82,2026-05-17T17:00:00Z,21 32 59.1,323.24625000000003,-09 57 10,-9.952777777777778,94.1,21.6,1.14,114.6,Map/Offsets,https://cgi.minorplanetcenter.net/cgi-bin/confirmeph2.cgi
20260517T183605Z,2026-05-17T18:36:05.688357Z,20260517T183605Z_batch01,CEMRK82,2026-05-17T18:00:00Z,21 33 03.3,323.26374999999996,-09 57 39,-9.960833333333333,94.1,21.6,1.14,114.6,Map/Offsets,https://cgi.minorplanetcenter.net/cgi-bin/confirmeph2.cgi
20260517T183605Z,2026-05-17T18:36:05.688357Z,20260517T183605Z_batch01,CEMRK82,2026-05-17T19:00:00Z,21 33 07.6,323.2816666666667,-09 58 07,-9.96861111111111,94.2,21.6,1.14,114.6,Map/Offsets,https://cgi.minorplanetcenter.net/cgi-bin/confirmeph2.cgi
20260517T183605Z,2026-05-17T18:36:05.688357Z,20260517T183605Z_batch01,CEMRK82,2026-05-17T20:00:00Z,21 33 11.8,323.2991666666667,-09 58 36,-9.976666666666667,94.2,21.6,1.14,114.6,Map/Offsets,https://cgi.minorplanetcenter.net/cgi-bin/confirmeph2.cgi
20260517T183605Z,2026-05-17T18:36:05.688357Z,20260517T183605Z_batch01,CEMRK82,2026-05-17T21:00:00Z,21 33 16.0,323.31666666666666,-09 59 04,-9.984444444444444,94.2,21.6,1.14,114.7,Map/Offsets,https://cgi.minorplanetcenter.net/cgi-bin/confirmeph2.cgi
20260517T183605Z,2026-05-17T18:36:05.688357Z,20260517T183605Z_batch01,CEMRK82,2026-05-17T22:00:00Z,21 33 20.2,323.3341666666667,-09 59 33,-9.9925,94.2,21.6,1.14,114.7,Map/Offsets,https://cgi.minorplanetcenter.net/cgi-bin/confirmeph2.cgi
20260517T183605Z,2026-05-17T18:36:05.688357Z,20260517T183605Z_batch01,CEMRK82,2026-05-17T23:00:00Z,21 33 24.4,323.3516666666667,-10 00 02,-10.000555555555556,94.3,21.6,1.14,114.7,Map/Offsets,https://cgi.minorplanetcenter.net/cgi-bin/confirmeph2.cgi
20260517T183605Z,2026-05-17T18:36:05.688357Z,20260517T183605Z_batch01,CEMRK82,2026-05-18T00:00:00Z,21 33 28.7,323.3695833333333,-10 00 31,-10.008611111111112,94.3,21.6,1.14,114.8,Map/Offsets,https://cgi.minorplanetcenter.net/cgi-bin/confirmeph2.cgi
20260517T183605Z,2026-05-17T18:36:05.688357Z,20260517T183605Z_batch01,CEMRK82,2026-05-18T01:00:00Z,21 33 32.9,323.38708333333335,-10 00 59,-10.016388888888889,94.3,21.6,1.14,114.8,Map/Offsets,https://cgi.minorplanetcenter.net/cgi-bin/confirmeph2.cgi
20260517T183605Z,2026-05-17T18:36:05.688357Z,20260517T183605Z_batch01,CEMRK82,2026-05-18T02:00:00Z,21 33 37.1,323.40458333333333,-10 01 28,-10.024444444444445,94.3,21.6,1.14,114.8,Map/Offsets,https://cgi.minorplanetcenter.net/cgi-bin/confirmeph2.cgi
20260517T183605Z,2026-05-17T18:36:05.688357Z,20260517T183605Z_batch01,CEMRK82,2026-05-18T03:00:00Z,21 33 41.3,323.4220833333333,-10 01 57,-10.0325,94.4,21.6,1.14,114.8,Map/Offsets,https://cgi.minorplanetcenter.net/cgi-bin/confirmeph2.cgi
20260517T183605Z,2026-05-17T18:36:05.688357Z,20260517T183605Z_batch01,CEMRK82,2026-05-18T04:00:00Z,21 33 45.5,323.43958333333336,-10 02 26,-10.040555555555555,94.4,21.6,1.14,114.9,Map/Offsets,https://cgi.minorplanetcenter.net/cgi-bin/confirmeph2.cgi
20260517T183605Z,2026-05-17T18:36:05.688357Z,20260517T183605Z_batch01,CEMRK82,2026-05-18T05:00:00Z,21 33 49.8,323.45750000000004,-10 02 55,-10.04861111111111,94.4,21.6,1.14,114.9,Map/Offsets,https://cgi.minorplanetcenter.net/cgi-bin/confirmeph2.cgi
20260517T183605Z,2026-05-17T18:36:05.688357Z,20260517T183605Z_batch01,CEMRK82,2026-05-18T06:00:00Z,21 33 54.0,323.475,-10 03 24,-10.056666666666667,94.5,21.6,1.14,114.9,Map/Offsets,https://cgi.minorplanetcenter.net/cgi-bin/confirmeph2.cgi
20260517T183605Z,2026-05-17T18:36:05.688357Z,20260517T183605Z_batch01,CEMRK82,2026-05-18T07:00:00Z,21 33 58.2,323.4925,-10 03 53,-10.064722222222223,94.5,21.6,1.14,115.0,Map/Offsets,https://cgi.minorplanetcenter.net/cgi-bin/confirmeph2.cgi
20260517T183605Z,2026-05-17T18:36:05.688357Z,20260517T183605Z_batch01,CEMRK82,2026-05-18T08:00:00Z,21 34 02.4,323.51,-10 04 22,-10.072777777777777,94.5,21.6,1.14,115.0,Map/Offsets,https://cgi.minorplanetcenter.net/cgi-bin/confirmeph2.cgi
20260517T183605Z,2026-05-17T18:36:05.688357Z,20260517T183605Z_batch01,CEMRK82,2026-05-18T09:00:00Z,21 34 06.6,323.52750000000003,-10 04 51,-10.080833333333333,94.5,21.6,1.14,115.0,Map/Offsets,https://cgi.minorplanetcenter.net/cgi-bin/confirmeph2.cgi
20260517T183605Z,2026-05-17T18:36:05.688357Z,20260517T183605Z_batch01,CEMRK82,2026-05-18T10:00:00Z,21 34 10.8,323.545,-10 05 20,-10.08888888888889,94.6,21.6,1.14,115.1,Map/Offsets,https://cgi.minorplanetcenter.net/cgi-bin/confirmeph2.cgi
20260517T183605Z,2026-05-17T18:36:05.688357Z,20260517T183605Z_batch01,CEMRK82,2026-05-18T11:00:00Z,21 34 15.0,323.5625,-10 05 49,-10.096944444444444,94.6,21.6,1.14,115.1,Map/Offsets,https://cgi.minorplanetcenter.net/cgi-bin/confirmeph2.cgi
20260517T183605Z,2026-05-17T18:36:05.688357Z,20260517T183605Z_batch01,CEMRK82,2026-05-18T12:00:00Z,21 34 19.3,323.5804166666667,-10 06 18,-10.105,94.6,21.6,1.14,115.1,Map/Offsets,https://cgi.minorplanetcenter.net/cgi-bin/confirmeph2.cgi
20260517T183605Z,2026-05-17T18:36:05.688357Z,20260517T183605Z_batch01,CEMRK82,2026-05-18T13:00:00Z,21 34 23.5,323.59791666666666,-10 06 47,-10.113055555555555,94.6,21.6,1.14,115.1,Map/Offsets,https://cgi.minorplanetcenter.net/cgi-bin/confirmeph2.cgi
20260517T183605Z,2026-05-17T18:36:05.688357Z,20260517T183605Z_batch01,CEMRK82,2026-05-18T14:00:00Z,21 34 27.7,323.61541666666665,-10 07 16,-10.121111111111112,94.7,21.6,1.14,115.2,Map/Offsets,https://cgi.minorplanetcenter.net/cgi-bin/confirmeph2.cgi
20260517T183605Z,2026-05-17T18:36:05.688357Z,20260517T183605Z_batch01,CEMRK82,2026-05-18T15:00:00Z,21 34 31.9,323.6329166666667,-10 07 46,-10.129444444444445,94.7,21.6,1.14,115.2,Map/Offsets,https://cgi.minorplanetcenter.net/cgi-bin/confirmeph2.cgi
20260517T183605Z,2026-05-17T18:36:05.688357Z,20260517T183605Z_batch01,CEMRK82,2026-05-18T16:00:00Z,21 34 36.1,323.6504166666667,-10 08 15,-10.1375,94.7,21.6,1.14,115.2,Map/Offsets,https://cgi.minorplanetcenter.net/cgi-bin/confirmeph2.cgi
20260517T183605Z,2026-05-17T18:36:05.688357Z,20260517T183605Z_batch01,CEMRK82,2026-05-18T17:00:00Z,21 34 40.3,323.66791666666666,-10 08 44,-10.145555555555555,94.7,21.6,1.15,115.3,Map/Offsets,https://cgi.minorplanetcenter.net/cgi-bin/confirmeph2.cgi
20260517T183605Z,2026-05-17T18:36:05.688357Z,20260517T183605Z_batch01,CEMK452,2026-05-17T17:00:00Z,14 17 52.3,214.46791666666667,-04 29 27,-4.490833333333334,155.7,21.5,0.69,55.4,Map/Offsets,https://cgi.minorplanetcenter.net/cgi-bin/confirmeph2.cgi
20260517T183605Z,2026-05-17T18:36:05.688357Z,20260517T183605Z_batch01,CEMK452,2026-05-17T18:00:00Z,14 17 54.6,214.47750000000002,-04 29 04,-4.484444444444445,155.7,21.5,0.69,55.5,Map/Offsets,https://cgi.minorplanetcenter.net/cgi-bin/confirmeph2.cgi
20260517T183605Z,2026-05-17T18:36:05.688357Z,20260517T183605Z_batch01,CEMK452,2026-05-17T19:00:00Z,14 17 56.9,214.48708333333335,-04 28 41,-4.478055555555556,155.7,21.5,0.69,55.6,Map/Offsets,https://cgi.minorplanetcenter.net/cgi-bin/confirmeph2.cgi
20260517T183605Z,2026-05-17T18:36:05.688357Z,20260517T183605Z_batch01,CEMK452,2026-05-17T20:00:00Z,14 17 59.2,214.49666666666667,-04 28 17,-4.471388888888889,155.6,21.5,0.69,55.7,Map/Offsets,https://cgi.minorplanetcenter.net/cgi-bin/confirmeph2.cgi
20260517T183605Z,2026-05-17T18:36:05.688357Z,20260517T183605Z_batch01,CEMK452,2026-05-17T21:00:00Z,14 18 01.4,214.50583333333333,-04 27 54,-4.465,155.6,21.5,0.69,55.7,Map/Offsets,https://cgi.minorplanetcenter.net/cgi-bin/confirmeph2.cgi
20260517T183605Z,2026-05-17T18:36:05.688357Z,20260517T183605Z_batch01,CEMK452,2026-05-17T22:00:00Z,14 18 03.7,214.51541666666665,-04 27 31,-4.458611111111111,155.6,21.5,0.69,55.8,Map/Offsets,https://cgi.minorplanetcenter.net/cgi-bin/confirmeph2.cgi
20260517T183605Z,2026-05-17T18:36:05.688357Z,20260517T183605Z_batch01,CEMK452,2026-05-17T23:00:00Z,14 18 06.0,214.525,-04 27 08,-4.452222222222223,155.5,21.5,0.69,55.9,Map/Offsets,https://cgi.minorplanetcenter.net/cgi-bin/confirmeph2.cgi
20260517T183605Z,2026-05-17T18:36:05.688357Z,20260517T183605Z_batch01,CEMK452,2026-05-18T00:00:00Z,14 18 08.3,214.53458333333333,-04 26 45,-4.445833333333334,155.5,21.5,0.69,56.0,Map/Offsets,https://cgi.minorplanetcenter.net/cgi-bin/confirmeph2.cgi
20260517T183605Z,2026-05-17T18:36:05.688357Z,20260517T183605Z_batch01,CEMK452,2026-05-18T01:00:00Z,14 18 10.6,214.54416666666668,-04 26 22,-4.439444444444445,155.5,21.5,0.69,56.1,Map/Offsets,https://cgi.minorplanetcenter.net/cgi-bin/confirmeph2.cgi
20260517T183605Z,2026-05-17T18:36:05.688357Z,20260517T183605Z_batch01,CEMK452,2026-05-18T02:00:00Z,14 18 12.9,214.55375,-04 25 59,-4.433055555555556,155.4,21.5,0.69,56.2,Map/Offsets,https://cgi.minorplanetcenter.net/cgi-bin/confirmeph2.cgi
20260517T183605Z,2026-05-17T18:36:05.688357Z,20260517T183605Z_batch01,CEMK452,2026-05-18T03:00:00Z,14 18 15.1,214.56291666666667,-04 25 36,-4.426666666666667,155.4,21.5,0.69,56.3,Map/Offsets,https://cgi.minorplanetcenter.net/cgi-bin/confirmeph2.cgi
20260517T183605Z,2026-05-17T18:36:05.688357Z,20260517T183605Z_batch01,CEMK452,2026-05-18T04:00:00Z,14 18 17.4,214.57250000000002,-04 25 13,-4.420277777777778,155.4,21.5,0.69,56.4,Map/Offsets,https://cgi.minorplanetcenter.net/cgi-bin/confirmeph2.cgi
20260517T183605Z,2026-05-17T18:36:05.688357Z,20260517T183605Z_batch01,CEMK452,2026-05-18T05:00:00Z,14 18 19.7,214.58208333333334,-04 24 50,-4.41388888888889,155.3,21.5,0.69,56.5,Map/Offsets,https://cgi.minorplanetcenter.net/cgi-bin/confirmeph2.cgi
20260517T183605Z,2026-05-17T18:36:05.688357Z,20260517T183605Z_batch01,CEMK452,2026-05-18T06:00:00Z,14 18 22.0,214.59166666666667,-04 24 28,-4.4077777777777785,155.3,21.5,0.69,56.6,Map/Offsets,https://cgi.minorplanetcenter.net/cgi-bin/confirmeph2.cgi
20260517T183605Z,2026-05-17T18:36:05.688357Z,20260517T183605Z_batch01,CEMK452,2026-05-18T07:00:00Z,14 18 24.3,214.60125000000002,-04 24 05,-4.4013888888888895,155.3,21.5,0.69,56.7,Map/Offsets,https://cgi.minorplanetcenter.net/cgi-bin/confirmeph2.cgi
20260517T183605Z,2026-05-17T18:36:05.688357Z,20260517T183605Z_batch01,CEMK452,2026-05-18T08:00:00Z,14 18 26.7,214.61125,-04 23 42,-4.3950000000000005,155.2,21.5,0.69,56.8,Map/Offsets,https://cgi.minorplanetcenter.net/cgi-bin/confirmeph2.cgi
20260517T183605Z,2026-05-17T18:36:05.688357Z,20260517T183605Z_batch01,CEMK452,2026-05-18T09:00:00Z,14 18 29.0,214.62083333333334,-04 23 20,-4.388888888888889,155.2,21.5,0.69,56.9,Map/Offsets,https://cgi.minorplanetcenter.net/cgi-bin/confirmeph2.cgi
20260517T183605Z,2026-05-17T18:36:05.688357Z,20260517T183605Z_batch01,CEMK452,2026-05-18T10:00:00Z,14 18 31.3,214.63041666666666,-04 22 57,-4.382499999999999,155.2,21.5,0.69,56.9,Map/Offsets,https://cgi.minorplanetcenter.net/cgi-bin/confirmeph2.cgi
20260517T183605Z,2026-05-17T18:36:05.688357Z,20260517T183605Z_batch01,CEMK452,2026-05-18T11:00:00Z,14 18 33.6,214.64000000000001,-04 22 35,-4.376388888888888,155.1,21.5,0.69,57.0,Map/Offsets,https://cgi.minorplanetcenter.net/cgi-bin/confirmeph2.cgi
20260517T183605Z,2026-05-17T18:36:05.688357Z,20260517T183605Z_batch01,CEMK452,2026-05-18T12:00:00Z,14 18 35.9,214.64958333333334,-04 22 12,-4.369999999999999,155.1,21.5,0.69,57.1,Map/Offsets,https://cgi.minorplanetcenter.net/cgi-bin/confirmeph2.cgi
20260517T183605Z,2026-05-17T18:36:05.688357Z,20260517T183605Z_batch01,CEMK452,2026-05-18T13:00:00Z,14 18 38.2,214.65916666666666,-04 21 50,-4.363888888888889,155.1,21.5,0.69,57.2,Map/Offsets,https://cgi.minorplanetcenter.net/cgi-bin/confirmeph2.cgi
20260517T183605Z,2026-05-17T18:36:05.688357Z,20260517T183605Z_batch01,CEMK452,2026-05-18T14:00:00Z,14 18 40.6,214.66916666666668,-04 21 27,-4.3575,155.0,21.5,0.69,57.3,Map/Offsets,https://cgi.minorplanetcenter.net/cgi-bin/confirmeph2.cgi
20260517T183605Z,2026-05-17T18:36:05.688357Z,20260517T183605Z_batch01,CEMK452,2026-05-18T15:00:00Z,14 18 42.9,214.67875,-04 21 05,-4.351388888888889,155.0,21.5,0.69,57.4,Map/Offsets,https://cgi.minorplanetcenter.net/cgi-bin/confirmeph2.cgi
20260517T183605Z,2026-05-17T18:36:05.688357Z,20260517T183605Z_batch01,CEMK452,2026-05-18T16:00:00Z,14 18 45.2,214.68833333333336,-04 20 43,-4.345277777777778,155.0,21.5,0.69,57.5,Map/Offsets,https://cgi.minorplanetcenter.net/cgi-bin/confirmeph2.cgi
20260517T183605Z,2026-05-17T18:36:05.688357Z,20260517T183605Z_batch01,CEMK452,2026-05-18T17:00:00Z,14 18 47.5,214.69791666666669,-04 20 21,-4.339166666666666,154.9,21.5,0.69,57.6,Map/Offsets,https://cgi.minorplanetcenter.net/cgi-bin/confirmeph2.cgi
20260517T183605Z,2026-05-17T18:36:05.688357Z,20260517T183605Z_batch01,A11Cswo,2026-05-17T17:00:00Z,17 13 47.9,258.4495833333333,-23 30 31,-23.50861111111111,157.0,18.6,2.05,286.9,Map/Offsets,https://cgi.minorplanetcenter.net/cgi-bin/confirmeph2.cgi
20260517T183605Z,2026-05-17T18:36:05.688357Z,20260517T183605Z_batch01,A11Cswo,2026-05-17T18:00:00Z,17 13 39.3,258.41375,-23 29 55,-23.498611111111114,157.1,18.5,2.07,286.9,Map/Offsets,https://cgi.minorplanetcenter.net/cgi-bin/confirmeph2.cgi
20260517T183605Z,2026-05-17T18:36:05.688357Z,20260517T183605Z_batch01,A11Cswo,2026-05-17T19:00:00Z,17 13 30.6,258.3775,-23 29 19,-23.488611111111112,157.2,18.5,2.08,286.9,Map/Offsets,https://cgi.minorplanetcenter.net/cgi-bin/confirmeph2.cgi
20260517T183605Z,2026-05-17T18:36:05.688357Z,20260517T183605Z_batch01,A11Cswo,2026-05-17T20:00:00Z,17 13 21.9,258.34124999999995,-23 28 43,-23.47861111111111,157.2,18.5,2.1,286.9,Map/Offsets,https://cgi.minorplanetcenter.net/cgi-bin/confirmeph2.cgi
20260517T183605Z,2026-05-17T18:36:05.688357Z,20260517T183605Z_batch01,A11Cswo,2026-05-17T21:00:00Z,17 13 13.1,258.3045833333333,-23 28 06,-23.46833333333333,157.3,18.5,2.12,286.9,Map/Offsets,https://cgi.minorplanetcenter.net/cgi-bin/confirmeph2.cgi
20260517T183605Z,2026-05-17T18:36:05.688357Z,20260517T183605Z_batch01,A11Cswo,2026-05-17T22:00:00Z,17 13 04.2,258.2675,-23 27 29,-23.458055555555553,157.4,18.5,2.13,286.9,Map/Offsets,https://cgi.minorplanetcenter.net/cgi-bin/confirmeph2.cgi
20260517T183605Z,2026-05-17T18:36:05.688357Z,20260517T183605Z_batch01,A11Cswo,2026-05-17T23:00:00Z,17 12 55.3,258.23041666666666,-23 26 52,-23.447777777777777,157.5,18.5,2.15,286.9,Map/Offsets,https://cgi.minorplanetcenter.net/cgi-bin/confirmeph2.cgi
20260517T183605Z,2026-05-17T18:36:05.688357Z,20260517T183605Z_batch01,A11Cswo,2026-05-18T00:00:00Z,17 12 46.3,258.19291666666663,-23 26 14,-23.43722222222222,157.5,18.5,2.16,286.9,Map/Offsets,https://cgi.minorplanetcenter.net/cgi-bin/confirmeph2.cgi
20260517T183605Z,2026-05-17T18:36:05.688357Z,20260517T183605Z_batch01,A11Cswo,2026-05-18T01:00:00Z,17 12 37.2,258.155,-23 25 36,-23.42666666666667,157.6,18.5,2.18,286.9,Map/Offsets,https://cgi.minorplanetcenter.net/cgi-bin/confirmeph2.cgi
20260517T183605Z,2026-05-17T18:36:05.688357Z,20260517T183605Z_batch01,A11Cswo,2026-05-18T02:00:00Z,17 12 28.1,258.1170833333333,-23 24 58,-23.41611111111111,157.7,18.5,2.2,286.9,Map/Offsets,https://cgi.minorplanetcenter.net/cgi-bin/confirmeph2.cgi
20260517T183605Z,2026-05-17T18:36:05.688357Z,20260517T183605Z_batch01,A11Cswo,2026-05-18T03:00:00Z,17 12 18.9,258.07875,-23 24 19,-23.405277777777776,157.8,18.5,2.21,286.9,Map/Offsets,https://cgi.minorplanetcenter.net/cgi-bin/confirmeph2.cgi
20260517T183605Z,2026-05-17T18:36:05.688357Z,20260517T183605Z_batch01,A11Cswo,2026-05-18T04:00:00Z,17 12 09.6,258.03999999999996,-23 23 41,-23.39472222222222,157.8,18.4,2.23,286.9,Map/Offsets,https://cgi.minorplanetcenter.net/cgi-bin/confirmeph2.cgi
20260517T183605Z,2026-05-17T18:36:05.688357Z,20260517T183605Z_batch01,A11Cswo,2026-05-18T05:00:00Z,17 12 00.3,258.00124999999997,-23 23 01,-23.38361111111111,157.9,18.4,2.25,286.9,Map/Offsets,https://cgi.minorplanetcenter.net/cgi-bin/confirmeph2.cgi
20260517T183605Z,2026-05-17T18:36:05.688357Z,20260517T183605Z_batch01,A11Cswo,2026-05-18T06:00:00Z,17 11 50.9,257.96208333333334,-23 22 22,-23.372777777777777,158.0,18.4,2.27,287.0,Map/Offsets,https://cgi.minorplanetcenter.net/cgi-bin/confirmeph2.cgi
20260517T183605Z,2026-05-17T18:36:05.688357Z,20260517T183605Z_batch01,A11Cswo,2026-05-18T07:00:00Z,17 11 41.4,257.9225,-23 21 42,-23.361666666666668,158.1,18.4,2.28,287.0,Map/Offsets,https://cgi.minorplanetcenter.net/cgi-bin/confirmeph2.cgi
20260517T183605Z,2026-05-17T18:36:05.688357Z,20260517T183605Z_batch01,A11Cswo,2026-05-18T08:00:00Z,17 11 31.8,257.8825,-23 21 02,-23.350555555555555,158.2,18.4,2.3,287.0,Map/Offsets,https://cgi.minorplanetcenter.net/cgi-bin/confirmeph2.cgi
20260517T183605Z,2026-05-17T18:36:05.688357Z,20260517T183605Z_batch01,A11Cswo,2026-05-18T09:00:00Z,17 11 22.2,257.8425,-23 20 22,-23.339444444444442,158.2,18.4,2.32,287.0,Map/Offsets,https://cgi.minorplanetcenter.net/cgi-bin/confirmeph2.cgi
20260517T183605Z,2026-05-17T18:36:05.688357Z,20260517T183605Z_batch01,A11Cswo,2026-05-18T10:00:00Z,17 11 12.5,257.8020833333333,-23 19 41,-23.328055555555554,158.3,18.4,2.34,287.0,Map/Offsets,https://cgi.minorplanetcenter.net/cgi-bin/confirmeph2.cgi
20260517T183605Z,2026-05-17T18:36:05.688357Z,20260517T183605Z_batch01,A11Cswo,2026-05-18T11:00:00Z,17 11 02.7,257.76125,-23 19 00,-23.316666666666666,158.4,18.4,2.35,287.0,Map/Offsets,https://cgi.minorplanetcenter.net/cgi-bin/confirmeph2.cgi
20260517T183605Z,2026-05-17T18:36:05.688357Z,20260517T183605Z_batch01,A11Cswo,2026-05-18T12:00:00Z,17 10 52.9,257.72041666666667,-23 18 18,-23.305,158.5,18.4,2.37,287.0,Map/Offsets,https://cgi.minorplanetcenter.net/cgi-bin/confirmeph2.cgi
20260517T183605Z,2026-05-17T18:36:05.688357Z,20260517T183605Z_batch01,A11Cswo,2026-05-18T13:00:00Z,17 10 43.0,257.6791666666667,-23 17 36,-23.293333333333337,158.5,18.4,2.39,287.0,Map/Offsets,https://cgi.minorplanetcenter.net/cgi-bin/confirmeph2.cgi
20260517T183605Z,2026-05-17T18:36:05.688357Z,20260517T183605Z_batch01,A11Cswo,2026-05-18T14:00:00Z,17 10 33.0,257.6375,-23 16 54,-23.281666666666666,158.6,18.3,2.41,287.0,Map/Offsets,https://cgi.minorplanetcenter.net/cgi-bin/confirmeph2.cgi
20260517T183605Z,2026-05-17T18:36:05.688357Z,20260517T183605Z_batch01,A11Cswo,2026-05-18T15:00:00Z,17 10 22.9,257.59541666666667,-23 16 12,-23.27,158.7,18.3,2.43,287.0,Map/Offsets,https://cgi.minorplanetcenter.net/cgi-bin/confirmeph2.cgi
20260517T183605Z,2026-05-17T18:36:05.688357Z,20260517T183605Z_batch01,A11Cswo,2026-05-18T16:00:00Z,17 10 12.8,257.55333333333334,-23 15 29,-23.258055555555554,158.8,18.3,2.45,287.0,Map/Offsets,https://cgi.minorplanetcenter.net/cgi-bin/confirmeph2.cgi
20260517T183605Z,2026-05-17T18:36:05.688357Z,20260517T183605Z_batch01,A11Cswo,2026-05-18T17:00:00Z,17 10 02.5,257.5104166666667,-23 14 46,-23.246111111111112,158.9,18.3,2.47,287.1,Map/Offsets,https://cgi.minorplanetcenter.net/cgi-bin/confirmeph2.cgi
20260517T183605Z,2026-05-17T18:36:05.688357Z,20260517T183605Z_batch01,ZTF10Du,2026-05-17T17:00:00Z,16 43 04.9,250.77041666666668,-35 48 37,-35.81027777777778,158.0,19.0,13.33,107.1,Map/Offsets   !,https://cgi.minorplanetcenter.net/cgi-bin/confirmeph2.cgi
20260517T183605Z,2026-05-17T18:36:05.688357Z,20260517T183605Z_batch01,ZTF10Du,2026-05-17T18:00:00Z,16 44 06.9,251.02875,-35 52 28,-35.87444444444444,157.8,19.0,12.98,106.9,Map/Offsets   !,https://cgi.minorplanetcenter.net/cgi-bin/confirmeph2.cgi
20260517T183605Z,2026-05-17T18:36:05.688357Z,20260517T183605Z_batch01,ZTF10Du,2026-05-17T19:00:00Z,16 45 07.5,251.28125000000003,-35 56 10,-35.93611111111111,157.7,19.1,12.64,106.8,Map/Offsets   !,https://cgi.minorplanetcenter.net/cgi-bin/confirmeph2.cgi
20260517T183605Z,2026-05-17T18:36:05.688357Z,20260517T183605Z_batch01,ZTF10Du,2026-05-17T20:00:00Z,16 46 06.5,251.52708333333334,-35 59 45,-35.99583333333334,157.5,19.1,12.31,106.6,Map/Offsets   !,https://cgi.minorplanetcenter.net/cgi-bin/confirmeph2.cgi
20260517T183605Z,2026-05-17T18:36:05.688357Z,20260517T183605Z_batch01,ZTF10Du,2026-05-17T21:00:00Z,16 47 04.1,251.76708333333335,-36 03 12,-36.05333333333333,157.3,19.1,11.99,106.5,Map/Offsets   !,https://cgi.minorplanetcenter.net/cgi-bin/confirmeph2.cgi
20260517T183605Z,2026-05-17T18:36:05.688357Z,20260517T183605Z_batch01,ZTF10Du,2026-05-17T22:00:00Z,16 48 00.3,252.00125,-36 06 33,-36.10916666666667,157.2,19.2,11.68,106.3,Map/Offsets   !,https://cgi.minorplanetcenter.net/cgi-bin/confirmeph2.cgi
20260517T183605Z,2026-05-17T18:36:05.688357Z,20260517T183605Z_batch01,ZTF10Du,2026-05-17T23:00:00Z,16 48 55.2,252.23000000000002,-36 09 46,-36.16277777777778,157.1,19.2,11.39,106.2,Map/Offsets   !,https://cgi.minorplanetcenter.net/cgi-bin/confirmeph2.cgi
20260517T183605Z,2026-05-17T18:36:05.688357Z,20260517T183605Z_batch01,ZTF10Du,2026-05-18T00:00:00Z,16 49 48.7,252.45291666666668,-36 12 54,-36.215,156.9,19.2,11.11,106.0,Map/Offsets   !,https://cgi.minorplanetcenter.net/cgi-bin/confirmeph2.cgi
20260517T183605Z,2026-05-17T18:36:05.688357Z,20260517T183605Z_batch01,ZTF10Du,2026-05-18T01:00:00Z,16 50 41.0,252.6708333333333,-36 15 55,-36.265277777777776,156.8,19.3,10.83,105.9,Map/Offsets   !,https://cgi.minorplanetcenter.net/cgi-bin/confirmeph2.cgi
20260517T183605Z,2026-05-17T18:36:05.688357Z,20260517T183605Z_batch01,ZTF10Du,2026-05-18T02:00:00Z,16 51 32.1,252.88375000000005,-36 18 50,-36.31388888888888,156.7,19.3,10.57,105.8,Map/Offsets   !,https://cgi.minorplanetcenter.net/cgi-bin/confirmeph2.cgi
20260517T183605Z,2026-05-17T18:36:05.688357Z,20260517T183605Z_batch01,ZTF10Du,2026-05-18T03:00:00Z,16 52 22.0,253.09166666666667,-36 21 40,-36.361111111111114,156.5,19.3,10.31,105.6,Map/Offsets   !,https://cgi.minorplanetcenter.net/cgi-bin/confirmeph2.cgi
20260517T183605Z,2026-05-17T18:36:05.688357Z,20260517T183605Z_batch01,ZTF10Du,2026-05-18T04:00:00Z,16 53 10.8,253.295,-36 24 24,-36.406666666666666,156.4,19.3,10.07,105.5,Map/Offsets   !,https://cgi.minorplanetcenter.net/cgi-bin/confirmeph2.cgi
20260517T183605Z,2026-05-17T18:36:05.688357Z,20260517T183605Z_batch01,ZTF10Du,2026-05-18T05:00:00Z,16 53 58.4,253.4933333333333,-36 27 03,-36.450833333333335,156.3,19.4,9.83,105.4,Map/Offsets   !,https://cgi.minorplanetcenter.net/cgi-bin/confirmeph2.cgi
20260517T183605Z,2026-05-17T18:36:05.688357Z,20260517T183605Z_batch01,ZTF10Du,2026-05-18T06:00:00Z,16 54 45.0,253.68749999999997,-36 29 37,-36.493611111111115,156.2,19.4,9.6,105.3,Map/Offsets   !,https://cgi.minorplanetcenter.net/cgi-bin/confirmeph2.cgi
20260517T183605Z,2026-05-17T18:36:05.688357Z,20260517T183605Z_batch01,ZTF10Du,2026-05-18T07:00:00Z,16 55 30.6,253.87750000000005,-36 32 07,-36.53527777777778,156.1,19.4,9.38,105.2,Map/Offsets   !,https://cgi.minorplanetcenter.net/cgi-bin/confirmeph2.cgi
20260517T183605Z,2026-05-17T18:36:05.688357Z,20260517T183605Z_batch01,ZTF10Du,2026-05-18T08:00:00Z,16 56 15.2,254.06333333333333,-36 34 32,-36.57555555555556,156.0,19.5,9.17,105.0,Map/Offsets   !,https://cgi.minorplanetcenter.net/cgi-bin/confirmeph2.cgi
20260517T183605Z,2026-05-17T18:36:05.688357Z,20260517T183605Z_batch01,ZTF10Du,2026-05-18T09:00:00Z,16 56 58.8,254.24499999999998,-36 36 52,-36.614444444444445,155.9,19.5,8.96,104.9,Map/Offsets   !,https://cgi.minorplanetcenter.net/cgi-bin/confirmeph2.cgi
20260517T183605Z,2026-05-17T18:36:05.688357Z,20260517T183605Z_batch01,ZTF10Du,2026-05-18T10:00:00Z,16 57 41.5,254.42291666666668,-36 39 09,-36.652499999999996,155.8,19.5,8.76,104.8,Map/Offsets   !,https://cgi.minorplanetcenter.net/cgi-bin/confirmeph2.cgi
20260517T183605Z,2026-05-17T18:36:05.688357Z,20260517T183605Z_batch01,ZTF10Du,2026-05-18T11:00:00Z,16 58 23.2,254.59666666666664,-36 41 21,-36.689166666666665,155.7,19.5,8.56,104.7,Map/Offsets   !,https://cgi.minorplanetcenter.net/cgi-bin/confirmeph2.cgi
20260517T183605Z,2026-05-17T18:36:05.688357Z,20260517T183605Z_batch01,ZTF10Du,2026-05-18T12:00:00Z,16 59 04.1,254.76708333333335,-36 43 30,-36.725,155.6,19.6,8.38,104.6,Map/Offsets   !,https://cgi.minorplanetcenter.net/cgi-bin/confirmeph2.cgi
20260517T183605Z,2026-05-17T18:36:05.688357Z,20260517T183605Z_batch01,ZTF10Du,2026-05-18T13:00:00Z,16 59 44.1,254.93375000000003,-36 45 35,-36.75972222222222,155.5,19.6,8.19,104.5,Map/Offsets   !,https://cgi.minorplanetcenter.net/cgi-bin/confirmeph2.cgi
20260517T183605Z,2026-05-17T18:36:05.688357Z,20260517T183605Z_batch01,ZTF10Du,2026-05-18T14:00:00Z,17 00 23.3,255.09708333333333,-36 47 36,-36.79333333333333,155.4,19.6,8.02,104.4,Map/Offsets   !,https://cgi.minorplanetcenter.net/cgi-bin/confirmeph2.cgi
20260517T183605Z,2026-05-17T18:36:05.688357Z,20260517T183605Z_batch01,ZTF10Du,2026-05-18T15:00:00Z,17 01 01.7,255.2570833333333,-36 49 34,-36.82611111111112,155.3,19.7,7.85,104.3,Map/Offsets   !,https://cgi.minorplanetcenter.net/cgi-bin/confirmeph2.cgi
20260517T183605Z,2026-05-17T18:36:05.688357Z,20260517T183605Z_batch01,ZTF10Du,2026-05-18T16:00:00Z,17 01 39.3,255.41375,-36 51 29,-36.85805555555556,155.2,19.7,7.68,104.2,Map/Offsets   !,https://cgi.minorplanetcenter.net/cgi-bin/confirmeph2.cgi
20260517T183605Z,2026-05-17T18:36:05.688357Z,20260517T183605Z_batch01,ZTF10Du,2026-05-18T17:00:00Z,17 02 16.2,255.56750000000002,-36 53 20,-36.888888888888886,155.1,19.7,7.52,104.1,Map/Offsets   !,https://cgi.minorplanetcenter.net/cgi-bin/confirmeph2.cgi
20260517T183605Z,2026-05-17T18:36:05.688357Z,20260517T183605Z_batch01,ST26E84,2026-05-17T17:00:00Z,15 16 47.7,229.19875,+10 45 39,10.760833333333334,149.5,20.5,7.43,91.0,Map/Offsets   !,https://cgi.minorplanetcenter.net/cgi-bin/confirmeph2.cgi
20260517T183605Z,2026-05-17T18:36:05.688357Z,20260517T183605Z_batch01,ST26E84,2026-05-17T18:00:00Z,15 17 17.7,229.32375,+10 45 31,10.758611111111112,149.5,20.5,7.35,91.0,Map/Offsets   !,https://cgi.minorplanetcenter.net/cgi-bin/confirmeph2.cgi
20260517T183605Z,2026-05-17T18:36:05.688357Z,20260517T183605Z_batch01,ST26E84,2026-05-17T19:00:00Z,15 17 47.5,229.44791666666666,+10 45 23,10.756388888888889,149.5,20.5,7.28,91.1,Map/Offsets   !,https://cgi.minorplanetcenter.net/cgi-bin/confirmeph2.cgi
20260517T183605Z,2026-05-17T18:36:05.688357Z,20260517T183605Z_batch01,ST26E84,2026-05-17T20:00:00Z,15 18 17.0,229.57083333333335,+10 45 15,10.754166666666666,149.5,20.5,7.2,91.1,Map/Offsets   !,https://cgi.minorplanetcenter.net/cgi-bin/confirmeph2.cgi
20260517T183605Z,2026-05-17T18:36:05.688357Z,20260517T183605Z_batch01,ST26E84,2026-05-17T21:00:00Z,15 18 46.1,229.69208333333336,+10 45 07,10.751944444444444,149.5,20.5,7.13,91.1,Map/Offsets   !,https://cgi.minorplanetcenter.net/cgi-bin/confirmeph2.cgi
20260517T183605Z,2026-05-17T18:36:05.688357Z,20260517T183605Z_batch01,ST26E84,2026-05-17T22:00:00Z,15 19 15.0,229.8125,+10 44 58,10.749444444444444,149.5,20.5,7.06,91.2,Map/Offsets   !,https://cgi.minorplanetcenter.net/cgi-bin/confirmeph2.cgi
20260517T183605Z,2026-05-17T18:36:05.688357Z,20260517T183605Z_batch01,ST26E84,2026-05-17T23:00:00Z,15 19 43.6,229.93166666666664,+10 44 50,10.747222222222222,149.5,20.5,6.99,91.2,Map/Offsets   !,https://cgi.minorplanetcenter.net/cgi-bin/confirmeph2.cgi
20260517T183605Z,2026-05-17T18:36:05.688357Z,20260517T183605Z_batch01,ST26E84,2026-05-18T00:00:00Z,15 20 11.9,230.04958333333335,+10 44 41,10.74472222222222,149.5,20.6,6.92,91.3,Map/Offsets   !,https://cgi.minorplanetcenter.net/cgi-bin/confirmeph2.cgi
20260517T183605Z,2026-05-17T18:36:05.688357Z,20260517T183605Z_batch01,ST26E84,2026-05-18T01:00:00Z,15 20 39.9,230.16625000000002,+10 44 31,10.741944444444444,149.5,20.6,6.85,91.3,Map/Offsets   !,https://cgi.minorplanetcenter.net/cgi-bin/confirmeph2.cgi
20260517T183605Z,2026-05-17T18:36:05.688357Z,20260517T183605Z_batch01,ST26E84,2026-05-18T02:00:00Z,15 21 07.6,230.28166666666667,+10 44 22,10.739444444444443,149.5,20.6,6.78,91.3,Map/Offsets   !,https://cgi.minorplanetcenter.net/cgi-bin/confirmeph2.cgi
20260517T183605Z,2026-05-17T18:36:05.688357Z,20260517T183605Z_batch01,ST26E84,2026-05-18T03:00:00Z,15 21 35.1,230.39625,+10 44 12,10.736666666666666,149.5,20.6,6.71,91.4,Map/Offsets   !,https://cgi.minorplanetcenter.net/cgi-bin/confirmeph2.cgi
20260517T183605Z,2026-05-17T18:36:05.688357Z,20260517T183605Z_batch01,ST26E84,2026-05-18T04:00:00Z,15 22 02.3,230.50958333333332,+10 44 03,10.734166666666665,149.5,20.6,6.65,91.4,Map/Offsets   !,https://cgi.minorplanetcenter.net/cgi-bin/confirmeph2.cgi
20260517T183605Z,2026-05-17T18:36:05.688357Z,20260517T183605Z_batch01,ST26E84,2026-05-18T05:00:00Z,15 22 29.2,230.62166666666667,+10 43 53,10.731388888888889,149.5,20.6,6.58,91.5,Map/Offsets   !,https://cgi.minorplanetcenter.net/cgi-bin/confirmeph2.cgi
20260517T183605Z,2026-05-17T18:36:05.688357Z,20260517T183605Z_batch01,ST26E84,2026-05-18T06:00:00Z,15 22 55.8,230.7325,+10 43 42,10.728333333333333,149.5,20.6,6.52,91.5,Map/Offsets   !,https://cgi.minorplanetcenter.net/cgi-bin/confirmeph2.cgi
20260517T183605Z,2026-05-17T18:36:05.688357Z,20260517T183605Z_batch01,ST26E84,2026-05-18T07:00:00Z,15 23 22.2,230.8425,+10 43 32,10.725555555555555,149.5,20.6,6.45,91.5,Map/Offsets   !,https://cgi.minorplanetcenter.net/cgi-bin/confirmeph2.cgi
20260517T183605Z,2026-05-17T18:36:05.688357Z,20260517T183605Z_batch01,ST26E84,2026-05-18T08:00:00Z,15 23 48.4,230.95166666666665,+10 43 22,10.722777777777777,149.6,20.6,6.39,91.6,Map/Offsets   !,https://cgi.minorplanetcenter.net/cgi-bin/confirmeph2.cgi
20260517T183605Z,2026-05-17T18:36:05.688357Z,20260517T183605Z_batch01,ST26E84,2026-05-18T09:00:00Z,15 24 14.3,231.05958333333334,+10 43 11,10.719722222222222,149.6,20.7,6.33,91.6,Map/Offsets   !,https://cgi.minorplanetcenter.net/cgi-bin/confirmeph2.cgi
20260517T183605Z,2026-05-17T18:36:05.688357Z,20260517T183605Z_batch01,ST26E84,2026-05-18T10:00:00Z,15 24 39.9,231.16625000000002,+10 43 00,10.716666666666667,149.6,20.7,6.27,91.7,Map/Offsets   !,https://cgi.minorplanetcenter.net/cgi-bin/confirmeph2.cgi
20260517T183605Z,2026-05-17T18:36:05.688357Z,20260517T183605Z_batch01,ST26E84,2026-05-18T11:00:00Z,15 25 05.3,231.27208333333334,+10 42 49,10.71361111111111,149.6,20.7,6.21,91.7,Map/Offsets   !,https://cgi.minorplanetcenter.net/cgi-bin/confirmeph2.cgi
20260517T183605Z,2026-05-17T18:36:05.688357Z,20260517T183605Z_batch01,ST26E84,2026-05-18T12:00:00Z,15 25 30.4,231.37666666666667,+10 42 38,10.710555555555555,149.6,20.7,6.15,91.7,Map/Offsets   !,https://cgi.minorplanetcenter.net/cgi-bin/confirmeph2.cgi
20260517T183605Z,2026-05-17T18:36:05.688357Z,20260517T183605Z_batch01,ST26E84,2026-05-18T13:00:00Z,15 25 55.3,231.48041666666666,+10 42 27,10.7075,149.6,20.7,6.09,91.8,Map/Offsets   !,https://cgi.minorplanetcenter.net/cgi-bin/confirmeph2.cgi
20260517T183605Z,2026-05-17T18:36:05.688357Z,20260517T183605Z_batch01,ST26E84,2026-05-18T14:00:00Z,15 26 20.0,231.58333333333334,+10 42 15,10.704166666666666,149.6,20.7,6.03,91.8,Map/Offsets   !,https://cgi.minorplanetcenter.net/cgi-bin/confirmeph2.cgi
20260517T183605Z,2026-05-17T18:36:05.688357Z,20260517T183605Z_batch01,ST26E84,2026-05-18T15:00:00Z,15 26 44.4,231.685,+10 42 03,10.700833333333332,149.6,20.7,5.98,91.9,Map/Offsets   !,https://cgi.minorplanetcenter.net/cgi-bin/confirmeph2.cgi
20260517T183605Z,2026-05-17T18:36:05.688357Z,20260517T183605Z_batch01,ST26E84,2026-05-18T16:00:00Z,15 27 08.7,231.78625,+10 41 52,10.697777777777778,149.6,20.7,5.92,91.9,Map/Offsets   !,https://cgi.minorplanetcenter.net/cgi-bin/confirmeph2.cgi
20260517T183605Z,2026-05-17T18:36:05.688357Z,20260517T183605Z_batch01,ST26E84,2026-05-18T17:00:00Z,15 27 32.6,231.88583333333332,+10 41 40,10.694444444444445,149.6,20.7,5.87,91.9,Map/Offsets   !,https://cgi.minorplanetcenter.net/cgi-bin/confirmeph2.cgi
20260517T183605Z,2026-05-17T18:36:05.688357Z,20260517T183605Z_batch01,ST26E75,2026-05-17T17:00:00Z,02 28 32.7,37.136250000000004,-26 13 14,-26.220555555555553,48.5,25.3,13.3,8.2,Map/Offsets   !,https://cgi.minorplanetcenter.net/cgi-bin/confirmeph2.cgi
20260517T183605Z,2026-05-17T18:36:05.688357Z,20260517T183605Z_batch01,ST26E75,2026-05-17T18:00:00Z,02 28 40.9,37.17041666666667,-26 00 24,-26.006666666666668,48.3,25.4,12.64,8.1,Map/Offsets   !,https://cgi.minorplanetcenter.net/cgi-bin/confirmeph2.cgi
20260517T183605Z,2026-05-17T18:36:05.688357Z,20260517T183605Z_batch01,ST26E75,2026-05-17T19:00:00Z,02 28 48.7,37.20291666666667,-25 48 11,-25.803055555555556,48.1,25.4,12.03,8.1,Map/Offsets   !,https://cgi.minorplanetcenter.net/cgi-bin/confirmeph2.cgi
20260517T183605Z,2026-05-17T18:36:05.688357Z,20260517T183605Z_batch01,ST26E75,2026-05-17T20:00:00Z,02 28 56.1,37.23375,-25 36 34,-25.609444444444446,47.9,25.5,11.46,8.1,Map/Offsets   !,https://cgi.minorplanetcenter.net/cgi-bin/confirmeph2.cgi
20260517T183605Z,2026-05-17T18:36:05.688357Z,20260517T183605Z_batch01,ST26E75,2026-05-17T21:00:00Z,02 29 03.1,37.26291666666667,-25 25 29,-25.424722222222222,47.8,25.6,10.93,8.1,Map/Offsets   !,https://cgi.minorplanetcenter.net/cgi-bin/confirmeph2.cgi
20260517T183605Z,2026-05-17T18:36:05.688357Z,20260517T183605Z_batch01,ST26E75,2026-05-17T22:00:00Z,02 29 09.7,37.290416666666665,-25 14 54,-25.248333333333335,47.6,25.6,10.44,8.1,Map/Offsets   !,https://cgi.minorplanetcenter.net/cgi-bin/confirmeph2.cgi
20260517T183605Z,2026-05-17T18:36:05.688357Z,20260517T183605Z_batch01,ST26E75,2026-05-17T23:00:00Z,02 29 16.1,37.317083333333336,-25 04 48,-25.08,47.5,25.7,9.98,8.1,Map/Offsets   !,https://cgi.minorplanetcenter.net/cgi-bin/confirmeph2.cgi
20260517T183605Z,2026-05-17T18:36:05.688357Z,20260517T183605Z_batch01,ST26E75,2026-05-18T00:00:00Z,02 29 22.1,37.342083333333335,-24 55 08,-24.91888888888889,47.4,25.7,9.55,8.1,Map/Offsets   !,https://cgi.minorplanetcenter.net/cgi-bin/confirmeph2.cgi
20260517T183605Z,2026-05-17T18:36:05.688357Z,20260517T183605Z_batch01,ST26E75,2026-05-18T01:00:00Z,02 29 27.9,37.36625,-24 45 53,-24.764722222222222,47.2,25.8,9.15,8.1,Map/Offsets   !,https://cgi.minorplanetcenter.net/cgi-bin/confirmeph2.cgi
20260517T183605Z,2026-05-17T18:36:05.688357Z,20260517T183605Z_batch01,ST26E75,2026-05-18T02:00:00Z,02 29 33.4,37.38916666666667,-24 37 01,-24.616944444444446,47.1,25.9,8.77,8.1,Map/Offsets   !,https://cgi.minorplanetcenter.net/cgi-bin/confirmeph2.cgi
20260517T183605Z,2026-05-17T18:36:05.688357Z,20260517T183605Z_batch01,ST26E75,2026-05-18T03:00:00Z,02 29 38.7,37.411249999999995,-24 28 30,-24.474999999999998,47.0,25.9,8.41,8.1,Map/Offsets   !,https://cgi.minorplanetcenter.net/cgi-bin/confirmeph2.cgi
20260517T183605Z,2026-05-17T18:36:05.688357Z,20260517T183605Z_batch01,ST26E75,2026-05-18T04:00:00Z,02 29 43.8,37.432500000000005,-24 20 21,-24.339166666666664,46.9,26.0,8.08,8.0,Map/Offsets   !,https://cgi.minorplanetcenter.net/cgi-bin/confirmeph2.cgi
20260517T183605Z,2026-05-17T18:36:05.688357Z,20260517T183605Z_batch01,ST26E75,2026-05-18T05:00:00Z,02 29 48.7,37.45291666666667,-24 12 30,-24.208333333333332,46.8,26.0,7.76,8.0,Map/Offsets   !,https://cgi.minorplanetcenter.net/cgi-bin/confirmeph2.cgi
20260517T183605Z,2026-05-17T18:36:05.688357Z,20260517T183605Z_batch01,ST26E75,2026-05-18T06:00:00Z,02 29 53.3,37.47208333333334,-24 04 58,-24.08277777777778,46.7,26.1,7.47,8.0,Map/Offsets   !,https://cgi.minorplanetcenter.net/cgi-bin/confirmeph2.cgi
20260517T183605Z,2026-05-17T18:36:05.688357Z,20260517T183605Z_batch01,ST26E75,2026-05-18T07:00:00Z,02 29 57.8,37.490833333333335,-23 57 42,-23.961666666666666,46.6,26.1,7.19,8.0,Map/Offsets   !,https://cgi.minorplanetcenter.net/cgi-bin/confirmeph2.cgi
20260517T183605Z,2026-05-17T18:36:05.688357Z,20260517T183605Z_batch01,ST26E75,2026-05-18T08:00:00Z,02 30 02.1,37.50875,-23 50 43,-23.845277777777778,46.5,26.2,6.92,8.0,Map/Offsets   !,https://cgi.minorplanetcenter.net/cgi-bin/confirmeph2.cgi
20260517T183605Z,2026-05-17T18:36:05.688357Z,20260517T183605Z_batch01,ST26E75,2026-05-18T09:00:00Z,02 30 06.3,37.52625,-23 43 59,-23.733055555555556,46.4,26.2,6.67,8.0,Map/Offsets   !,https://cgi.minorplanetcenter.net/cgi-bin/confirmeph2.cgi
20260517T183605Z,2026-05-17T18:36:05.688357Z,20260517T183605Z_batch01,ST26E75,2026-05-18T10:00:00Z,02 30 10.3,37.54291666666667,-23 37 30,-23.625,46.3,26.3,6.44,8.0,Map/Offsets   !,https://cgi.minorplanetcenter.net/cgi-bin/confirmeph2.cgi
20260517T183605Z,2026-05-17T18:36:05.688357Z,20260517T183605Z_batch01,ST26E75,2026-05-18T11:00:00Z,02 30 14.1,37.558749999999996,-23 31 14,-23.520555555555553,46.2,26.3,6.21,8.0,Map/Offsets   !,https://cgi.minorplanetcenter.net/cgi-bin/confirmeph2.cgi
20260517T183605Z,2026-05-17T18:36:05.688357Z,20260517T183605Z_batch01,ST26E75,2026-05-18T12:00:00Z,02 30 17.9,37.57458333333334,-23 25 11,-23.419722222222223,46.2,26.4,6.0,8.0,Map/Offsets   !,https://cgi.minorplanetcenter.net/cgi-bin/confirmeph2.cgi
20260517T183605Z,2026-05-17T18:36:05.688357Z,20260517T183605Z_batch01,ST26E75,2026-05-18T13:00:00Z,02 30 21.4,37.589166666666664,-23 19 21,-23.322499999999998,46.1,26.4,5.8,8.0,Map/Offsets   !,https://cgi.minorplanetcenter.net/cgi-bin/confirmeph2.cgi
20260517T183605Z,2026-05-17T18:36:05.688357Z,20260517T183605Z_batch01,ST26E75,2026-05-18T14:00:00Z,02 30 24.9,37.60375,-23 13 42,-23.22833333333333,46.0,26.4,5.61,8.0,Map/Offsets   !,https://cgi.minorplanetcenter.net/cgi-bin/confirmeph2.cgi
20260517T183605Z,2026-05-17T18:36:05.688357Z,20260517T183605Z_batch01,ST26E75,2026-05-18T15:00:00Z,02 30 28.3,37.617916666666666,-23 08 14,-23.13722222222222,46.0,26.5,5.43,8.0,Map/Offsets   !,https://cgi.minorplanetcenter.net/cgi-bin/confirmeph2.cgi
20260517T183605Z,2026-05-17T18:36:05.688357Z,20260517T183605Z_batch01,ST26E75,2026-05-18T16:00:00Z,02 30 31.5,37.63125,-23 02 57,-23.049166666666668,45.9,26.5,5.25,8.0,Map/Offsets   !,https://cgi.minorplanetcenter.net/cgi-bin/confirmeph2.cgi
20260517T183605Z,2026-05-17T18:36:05.688357Z,20260517T183605Z_batch01,ST26E75,2026-05-18T17:00:00Z,02 30 34.6,37.64416666666666,-22 57 49,-22.96361111111111,45.8,26.6,5.09,8.0,Map/Offsets   !,https://cgi.minorplanetcenter.net/cgi-bin/confirmeph2.cgi
20260517T183605Z,2026-05-17T18:36:05.688357Z,20260517T183605Z_batch01,RFD0300,2026-05-17T17:00:00Z,19 34 38.6,293.6608333333333,-44 43 02,-44.717222222222226,125.0,24.8,2.97,101.0,Map/Offsets   !,https://cgi.minorplanetcenter.net/cgi-bin/confirmeph2.cgi
20260517T183605Z,2026-05-17T18:36:05.688357Z,20260517T183605Z_batch01,RFD0300,2026-05-17T18:00:00Z,19 34 54.8,293.7283333333333,-44 43 35,-44.72638888888889,125.0,24.9,2.92,100.9,Map/Offsets   !,https://cgi.minorplanetcenter.net/cgi-bin/confirmeph2.cgi
20260517T183605Z,2026-05-17T18:36:05.688357Z,20260517T183605Z_batch01,RFD0300,2026-05-17T19:00:00Z,19 35 10.8,293.79499999999996,-44 44 08,-44.73555555555556,124.9,24.9,2.87,100.9,Map/Offsets   !,https://cgi.minorplanetcenter.net/cgi-bin/confirmeph2.cgi
20260517T183605Z,2026-05-17T18:36:05.688357Z,20260517T183605Z_batch01,RFD0300,2026-05-17T20:00:00Z,19 35 26.5,293.86041666666665,-44 44 40,-44.74444444444445,124.9,24.9,2.82,100.8,Map/Offsets   !,https://cgi.minorplanetcenter.net/cgi-bin/confirmeph2.cgi
20260517T183605Z,2026-05-17T18:36:05.688357Z,20260517T183605Z_batch01,RFD0300,2026-05-17T21:00:00Z,19 35 42.0,293.92499999999995,-44 45 12,-44.75333333333333,124.9,24.9,2.77,100.8,Map/Offsets   !,https://cgi.minorplanetcenter.net/cgi-bin/confirmeph2.cgi
20260517T183605Z,2026-05-17T18:36:05.688357Z,20260517T183605Z_batch01,RFD0300,2026-05-17T22:00:00Z,19 35 57.2,293.9883333333333,-44 45 43,-44.761944444444445,124.9,24.9,2.73,100.7,Map/Offsets   !,https://cgi.minorplanetcenter.net/cgi-bin/confirmeph2.cgi
20260517T183605Z,2026-05-17T18:36:05.688357Z,20260517T183605Z_batch01,RFD0300,2026-05-17T23:00:00Z,19 36 12.2,294.05083333333334,-44 46 13,-44.77027777777778,124.9,24.9,2.68,100.7,Map/Offsets   !,https://cgi.minorplanetcenter.net/cgi-bin/confirmeph2.cgi
20260517T183605Z,2026-05-17T18:36:05.688357Z,20260517T183605Z_batch01,RFD0300,2026-05-18T00:00:00Z,19 36 26.9,294.1120833333334,-44 46 42,-44.77833333333333,124.9,25.0,2.64,100.7,Map/Offsets   !,https://cgi.minorplanetcenter.net/cgi-bin/confirmeph2.cgi
20260517T183605Z,2026-05-17T18:36:05.688357Z,20260517T183605Z_batch01,RFD0300,2026-05-18T01:00:00Z,19 36 41.4,294.17250000000007,-44 47 11,-44.78638888888889,124.9,25.0,2.6,100.6,Map/Offsets   !,https://cgi.minorplanetcenter.net/cgi-bin/confirmeph2.cgi
20260517T183605Z,2026-05-17T18:36:05.688357Z,20260517T183605Z_batch01,RFD0300,2026-05-18T02:00:00Z,19 36 55.7,294.2320833333333,-44 47 40,-44.794444444444444,124.9,25.0,2.55,100.6,Map/Offsets   !,https://cgi.minorplanetcenter.net/cgi-bin/confirmeph2.cgi
20260517T183605Z,2026-05-17T18:36:05.688357Z,20260517T183605Z_batch01,RFD0300,2026-05-18T03:00:00Z,19 37 09.7,294.29041666666666,-44 48 08,-44.80222222222222,124.9,25.0,2.51,100.5,Map/Offsets   !,https://cgi.minorplanetcenter.net/cgi-bin/confirmeph2.cgi
20260517T183605Z,2026-05-17T18:36:05.688357Z,20260517T183605Z_batch01,RFD0300,2026-05-18T04:00:00Z,19 37 23.5,294.34791666666666,-44 48 35,-44.80972222222222,124.9,25.0,2.47,100.5,Map/Offsets   !,https://cgi.minorplanetcenter.net/cgi-bin/confirmeph2.cgi
20260517T183605Z,2026-05-17T18:36:05.688357Z,20260517T183605Z_batch01,RFD0300,2026-05-18T05:00:00Z,19 37 37.1,294.40458333333333,-44 49 02,-44.81722222222223,124.9,25.0,2.43,100.5,Map/Offsets   !,https://cgi.minorplanetcenter.net/cgi-bin/confirmeph2.cgi
20260517T183605Z,2026-05-17T18:36:05.688357Z,20260517T183605Z_batch01,RFD0300,2026-05-18T06:00:00Z,19 37 50.5,294.4604166666667,-44 49 28,-44.824444444444445,124.9,25.1,2.4,100.4,Map/Offsets   !,https://cgi.minorplanetcenter.net/cgi-bin/confirmeph2.cgi
20260517T183605Z,2026-05-17T18:36:05.688357Z,20260517T183605Z_batch01,RFD0300,2026-05-18T07:00:00Z,19 38 03.7,294.5154166666667,-44 49 54,-44.83166666666667,124.9,25.1,2.36,100.4,Map/Offsets   !,https://cgi.minorplanetcenter.net/cgi-bin/confirmeph2.cgi
20260517T183605Z,2026-05-17T18:36:05.688357Z,20260517T183605Z_batch01,RFD0300,2026-05-18T08:00:00Z,19 38 16.7,294.5695833333333,-44 50 19,-44.83861111111111,124.8,25.1,2.32,100.4,Map/Offsets   !,https://cgi.minorplanetcenter.net/cgi-bin/confirmeph2.cgi
20260517T183605Z,2026-05-17T18:36:05.688357Z,20260517T183605Z_batch01,RFD0300,2026-05-18T09:00:00Z,19 38 29.4,294.6225,-44 50 44,-44.845555555555556,124.8,25.1,2.29,100.3,Map/Offsets   !,https://cgi.minorplanetcenter.net/cgi-bin/confirmeph2.cgi
20260517T183605Z,2026-05-17T18:36:05.688357Z,20260517T183605Z_batch01,RFD0300,2026-05-18T10:00:00Z,19 38 42.0,294.675,-44 51 08,-44.852222222222224,124.8,25.1,2.25,100.3,Map/Offsets   !,https://cgi.minorplanetcenter.net/cgi-bin/confirmeph2.cgi
20260517T183605Z,2026-05-17T18:36:05.688357Z,20260517T183605Z_batch01,RFD0300,2026-05-18T11:00:00Z,19 38 54.4,294.72666666666663,-44 51 32,-44.85888888888889,124.8,25.1,2.22,100.3,Map/Offsets   !,https://cgi.minorplanetcenter.net/cgi-bin/confirmeph2.cgi
20260517T183605Z,2026-05-17T18:36:05.688357Z,20260517T183605Z_batch01,RFD0300,2026-05-18T12:00:00Z,19 39 06.6,294.7775,-44 51 56,-44.86555555555556,124.8,25.2,2.18,100.2,Map/Offsets   !,https://cgi.minorplanetcenter.net/cgi-bin/confirmeph2.cgi
20260517T183605Z,2026-05-17T18:36:05.688357Z,20260517T183605Z_batch01,RFD0300,2026-05-18T13:00:00Z,19 39 18.7,294.8279166666667,-44 52 19,-44.871944444444445,124.8,25.2,2.15,100.2,Map/Offsets   !,https://cgi.minorplanetcenter.net/cgi-bin/confirmeph2.cgi
20260517T183605Z,2026-05-17T18:36:05.688357Z,20260517T183605Z_batch01,RFD0300,2026-05-18T14:00:00Z,19 39 30.5,294.87708333333336,-44 52 41,-44.878055555555555,124.8,25.2,2.12,100.2,Map/Offsets   !,https://cgi.minorplanetcenter.net/cgi-bin/confirmeph2.cgi
20260517T183605Z,2026-05-17T18:36:05.688357Z,20260517T183605Z_batch01,RFD0300,2026-05-18T15:00:00Z,19 39 42.2,294.9258333333333,-44 53 03,-44.884166666666665,124.8,25.2,2.08,100.1,Map/Offsets   !,https://cgi.minorplanetcenter.net/cgi-bin/confirmeph2.cgi
20260517T183605Z,2026-05-17T18:36:05.688357Z,20260517T183605Z_batch01,RFD0300,2026-05-18T16:00:00Z,19 39 53.7,294.97375,-44 53 25,-44.890277777777776,124.8,25.2,2.05,100.1,Map/Offsets   !,https://cgi.minorplanetcenter.net/cgi-bin/confirmeph2.cgi
20260517T183605Z,2026-05-17T18:36:05.688357Z,20260517T183605Z_batch01,RFD0300,2026-05-18T17:00:00Z,19 40 05.0,295.02083333333337,-44 53 47,-44.896388888888886,124.8,25.2,2.02,100.1,Map/Offsets   !,https://cgi.minorplanetcenter.net/cgi-bin/confirmeph2.cgi
20260517T183605Z,2026-05-17T18:36:05.688357Z,20260517T183605Z_batch01,CEMAUH2,2026-05-17T17:00:00Z,16 07 22.8,241.84500000000003,-08 40 32,-8.675555555555555,167.0,21.2,10.36,204.9,Map/Offsets,https://cgi.minorplanetcenter.net/cgi-bin/confirmeph2.cgi
20260517T183605Z,2026-05-17T18:36:05.688357Z,20260517T183605Z_batch01,CEMAUH2,2026-05-17T18:00:00Z,16 07 05.2,241.77166666666668,-08 49 55,-8.831944444444444,167.2,21.2,10.32,204.9,Map/Offsets,https://cgi.minorplanetcenter.net/cgi-bin/confirmeph2.cgi
20260517T183605Z,2026-05-17T18:36:05.688357Z,20260517T183605Z_batch01,CEMAUH2,2026-05-17T19:00:00Z,16 06 47.6,241.69833333333335,-08 59 16,-8.987777777777778,167.3,21.2,10.28,204.9,Map/Offsets,https://cgi.minorplanetcenter.net/cgi-bin/confirmeph2.cgi
20260517T183605Z,2026-05-17T18:36:05.688357Z,20260517T183605Z_batch01,CEMAUH2,2026-05-17T20:00:00Z,16 06 30.1,241.62541666666667,-09 08 34,-9.142777777777777,167.5,21.2,10.24,204.9,Map/Offsets,https://cgi.minorplanetcenter.net/cgi-bin/confirmeph2.cgi
20260517T183605Z,2026-05-17T18:36:05.688357Z,20260517T183605Z_batch01,CEMAUH2,2026-05-17T21:00:00Z,16 06 12.6,241.5525,-09 17 50,-9.297222222222222,167.7,21.2,10.2,204.9,Map/Offsets,https://cgi.minorplanetcenter.net/cgi-bin/confirmeph2.cgi
20260517T183605Z,2026-05-17T18:36:05.688357Z,20260517T183605Z_batch01,CEMAUH2,2026-05-17T22:00:00Z,16 05 55.2,241.48,-09 27 03,-9.450833333333332,167.9,21.2,10.15,205.0,Map/Offsets,https://cgi.minorplanetcenter.net/cgi-bin/confirmeph2.cgi
20260517T183605Z,2026-05-17T18:36:05.688357Z,20260517T183605Z_batch01,CEMAUH2,2026-05-17T23:00:00Z,16 05 37.9,241.40791666666667,-09 36 14,-9.60388888888889,168.1,21.2,10.11,205.0,Map/Offsets,https://cgi.minorplanetcenter.net/cgi-bin/confirmeph2.cgi
20260517T183605Z,2026-05-17T18:36:05.688357Z,20260517T183605Z_batch01,CEMAUH2,2026-05-18T00:00:00Z,16 05 20.6,241.3358333333333,-09 45 23,-9.756388888888889,168.3,21.2,10.07,205.0,Map/Offsets,https://cgi.minorplanetcenter.net/cgi-bin/confirmeph2.cgi
20260517T183605Z,2026-05-17T18:36:05.688357Z,20260517T183605Z_batch01,CEMAUH2,2026-05-18T01:00:00Z,16 05 03.3,241.26374999999996,-09 54 30,-9.908333333333333,168.4,21.2,10.03,205.0,Map/Offsets,https://cgi.minorplanetcenter.net/cgi-bin/confirmeph2.cgi
20260517T183605Z,2026-05-17T18:36:05.688357Z,20260517T183605Z_batch01,CEMAUH2,2026-05-18T02:00:00Z,16 04 46.2,241.1925,-10 03 34,-10.059444444444445,168.6,21.2,9.99,205.0,Map/Offsets,https://cgi.minorplanetcenter.net/cgi-bin/confirmeph2.cgi
20260517T183605Z,2026-05-17T18:36:05.688357Z,20260517T183605Z_batch01,CEMAUH2,2026-05-18T03:00:00Z,16 04 29.0,241.1208333333333,-10 12 36,-10.209999999999999,168.8,21.2,9.95,205.0,Map/Offsets,https://cgi.minorplanetcenter.net/cgi-bin/confirmeph2.cgi
20260517T183605Z,2026-05-17T18:36:05.688357Z,20260517T183605Z_batch01,CEMAUH2,2026-05-18T04:00:00Z,16 04 12.0,241.05,-10 21 36,-10.36,169.0,21.2,9.91,205.0,Map/Offsets,https://cgi.minorplanetcenter.net/cgi-bin/confirmeph2.cgi
20260517T183605Z,2026-05-17T18:36:05.688357Z,20260517T183605Z_batch01,CEMAUH2,2026-05-18T05:00:00Z,16 03 54.9,240.97875000000005,-10 30 33,-10.509166666666667,169.1,21.2,9.87,205.1,Map/Offsets,https://cgi.minorplanetcenter.net/cgi-bin/confirmeph2.cgi
20260517T183605Z,2026-05-17T18:36:05.688357Z,20260517T183605Z_batch01,CEMAUH2,2026-05-18T06:00:00Z,16 03 38.0,240.90833333333333,-10 39 28,-10.657777777777778,169.3,21.2,9.82,205.1,Map/Offsets,https://cgi.minorplanetcenter.net/cgi-bin/confirmeph2.cgi
20260517T183605Z,2026-05-17T18:36:05.688357Z,20260517T183605Z_batch01,CEMAUH2,2026-05-18T07:00:00Z,16 03 21.0,240.83749999999998,-10 48 21,-10.805833333333334,169.5,21.2,9.78,205.1,Map/Offsets,https://cgi.minorplanetcenter.net/cgi-bin/confirmeph2.cgi
20260517T183605Z,2026-05-17T18:36:05.688357Z,20260517T183605Z_batch01,CEMAUH2,2026-05-18T08:00:00Z,16 03 04.2,240.7675,-10 57 12,-10.953333333333333,169.7,21.2,9.74,205.1,Map/Offsets,https://cgi.minorplanetcenter.net/cgi-bin/confirmeph2.cgi
20260517T183605Z,2026-05-17T18:36:05.688357Z,20260517T183605Z_batch01,CEMAUH2,2026-05-18T09:00:00Z,16 02 47.4,240.69750000000002,-11 06 00,-11.1,169.9,21.2,9.7,205.1,Map/Offsets,https://cgi.minorplanetcenter.net/cgi-bin/confirmeph2.cgi
20260517T183605Z,2026-05-17T18:36:05.688357Z,20260517T183605Z_batch01,CEMAUH2,2026-05-18T10:00:00Z,16 02 30.6,240.62750000000005,-11 14 46,-11.24611111111111,170.0,21.2,9.66,205.1,Map/Offsets,https://cgi.minorplanetcenter.net/cgi-bin/confirmeph2.cgi
20260517T183605Z,2026-05-17T18:36:05.688357Z,20260517T183605Z_batch01,CEMAUH2,2026-05-18T11:00:00Z,16 02 13.9,240.55791666666667,-11 23 30,-11.391666666666666,170.2,21.2,9.62,205.1,Map/Offsets,https://cgi.minorplanetcenter.net/cgi-bin/confirmeph2.cgi
20260517T183605Z,2026-05-17T18:36:05.688357Z,20260517T183605Z_batch01,CEMAUH2,2026-05-18T12:00:00Z,16 01 57.3,240.48874999999998,-11 32 11,-11.536388888888888,170.4,21.2,9.58,205.1,Map/Offsets,https://cgi.minorplanetcenter.net/cgi-bin/confirmeph2.cgi
20260517T183605Z,2026-05-17T18:36:05.688357Z,20260517T183605Z_batch01,CEMAUH2,2026-05-18T13:00:00Z,16 01 40.7,240.41958333333332,-11 40 51,-11.680833333333332,170.5,21.2,9.54,205.2,Map/Offsets,https://cgi.minorplanetcenter.net/cgi-bin/confirmeph2.cgi
20260517T183605Z,2026-05-17T18:36:05.688357Z,20260517T183605Z_batch01,CEMAUH2,2026-05-18T14:00:00Z,16 01 24.1,240.35041666666666,-11 49 28,-11.824444444444444,170.7,21.2,9.5,205.2,Map/Offsets,https://cgi.minorplanetcenter.net/cgi-bin/confirmeph2.cgi
20260517T183605Z,2026-05-17T18:36:05.688357Z,20260517T183605Z_batch01,CEMAUH2,2026-05-18T15:00:00Z,16 01 07.7,240.28208333333333,-11 58 02,-11.967222222222222,170.9,21.2,9.46,205.2,Map/Offsets,https://cgi.minorplanetcenter.net/cgi-bin/confirmeph2.cgi
20260517T183605Z,2026-05-17T18:36:05.688357Z,20260517T183605Z_batch01,CEMAUH2,2026-05-18T16:00:00Z,16 00 51.2,240.21333333333334,-12 06 35,-12.109722222222222,171.1,21.2,9.42,205.2,Map/Offsets,https://cgi.minorplanetcenter.net/cgi-bin/confirmeph2.cgi
20260517T183605Z,2026-05-17T18:36:05.688357Z,20260517T183605Z_batch01,CEMAUH2,2026-05-18T17:00:00Z,16 00 34.8,240.145,-12 15 05,-12.251388888888888,171.2,21.2,9.38,205.2,Map/Offsets,https://cgi.minorplanetcenter.net/cgi-bin/confirmeph2.cgi
20260517T183605Z,2026-05-17T18:36:05.688357Z,20260517T183605Z_batch01,ST26E61,2026-05-17T17:00:00Z,16 40 03.7,250.0154166666667,+00 42 23,0.7063888888888888,154.6,23.5,1.86,86.5,Map/Offsets   !,https://cgi.minorplanetcenter.net/cgi-bin/confirmeph2.cgi
20260517T183605Z,2026-05-17T18:36:05.688357Z,20260517T183605Z_batch01,ST26E61,2026-05-17T18:00:00Z,16 40 11.0,250.04583333333335,+00 42 30,0.7083333333333333,154.6,23.5,1.82,86.6,Map/Offsets   !,https://cgi.minorplanetcenter.net/cgi-bin/confirmeph2.cgi
20260517T183605Z,2026-05-17T18:36:05.688357Z,20260517T183605Z_batch01,ST26E61,2026-05-17T19:00:00Z,16 40 18.2,250.07583333333332,+00 42 36,0.71,154.6,23.5,1.78,86.6,Map/Offsets   !,https://cgi.minorplanetcenter.net/cgi-bin/confirmeph2.cgi
20260517T183605Z,2026-05-17T18:36:05.688357Z,20260517T183605Z_batch01,ST26E61,2026-05-17T20:00:00Z,16 40 25.2,250.10500000000005,+00 42 42,0.7116666666666667,154.6,23.6,1.74,86.7,Map/Offsets   !,https://cgi.minorplanetcenter.net/cgi-bin/confirmeph2.cgi
20260517T183605Z,2026-05-17T18:36:05.688357Z,20260517T183605Z_batch01,ST26E61,2026-05-17T21:00:00Z,16 40 32.1,250.13375000000002,+00 42 48,0.7133333333333333,154.6,23.6,1.71,86.7,Map/Offsets   !,https://cgi.minorplanetcenter.net/cgi-bin/confirmeph2.cgi
20260517T183605Z,2026-05-17T18:36:05.688357Z,20260517T183605Z_batch01,ST26E61,2026-05-17T22:00:00Z,16 40 38.9,250.16208333333336,+00 42 54,0.715,154.6,23.6,1.67,86.8,Map/Offsets   !,https://cgi.minorplanetcenter.net/cgi-bin/confirmeph2.cgi
20260517T183605Z,2026-05-17T18:36:05.688357Z,20260517T183605Z_batch01,ST26E61,2026-05-17T23:00:00Z,16 40 45.5,250.18958333333336,+00 42 59,0.7163888888888889,154.6,23.6,1.64,86.8,Map/Offsets   !,https://cgi.minorplanetcenter.net/cgi-bin/confirmeph2.cgi
20260517T183605Z,2026-05-17T18:36:05.688357Z,20260517T183605Z_batch01,ST26E61,2026-05-18T00:00:00Z,16 40 52.0,250.21666666666667,+00 43 05,0.7180555555555556,154.6,23.7,1.61,86.9,Map/Offsets   !,https://cgi.minorplanetcenter.net/cgi-bin/confirmeph2.cgi
20260517T183605Z,2026-05-17T18:36:05.688357Z,20260517T183605Z_batch01,ST26E61,2026-05-18T01:00:00Z,16 40 58.3,250.24291666666667,+00 43 10,0.7194444444444444,154.6,23.7,1.58,87.0,Map/Offsets   !,https://cgi.minorplanetcenter.net/cgi-bin/confirmeph2.cgi
20260517T183605Z,2026-05-17T18:36:05.688357Z,20260517T183605Z_batch01,ST26E61,2026-05-18T02:00:00Z,16 41 04.5,250.26874999999998,+00 43 15,0.7208333333333333,154.6,23.7,1.54,87.0,Map/Offsets   !,https://cgi.minorplanetcenter.net/cgi-bin/confirmeph2.cgi
20260517T183605Z,2026-05-17T18:36:05.688357Z,20260517T183605Z_batch01,ST26E61,2026-05-18T03:00:00Z,16 41 10.7,250.29458333333335,+00 43 20,0.7222222222222222,154.6,23.7,1.51,87.1,Map/Offsets   !,https://cgi.minorplanetcenter.net/cgi-bin/confirmeph2.cgi
20260517T183605Z,2026-05-17T18:36:05.688357Z,20260517T183605Z_batch01,ST26E61,2026-05-18T04:00:00Z,16 41 16.6,250.31916666666666,+00 43 24,0.7233333333333334,154.6,23.7,1.49,87.1,Map/Offsets   !,https://cgi.minorplanetcenter.net/cgi-bin/confirmeph2.cgi
20260517T183605Z,2026-05-17T18:36:05.688357Z,20260517T183605Z_batch01,ST26E61,2026-05-18T05:00:00Z,16 41 22.5,250.34375000000003,+00 43 28,0.7244444444444444,154.6,23.8,1.46,87.2,Map/Offsets,https://cgi.minorplanetcenter.net/cgi-bin/confirmeph2.cgi
20260517T183605Z,2026-05-17T18:36:05.688357Z,20260517T183605Z_batch01,ST26E61,2026-05-18T06:00:00Z,16 41 28.3,250.36791666666667,+00 43 33,0.7258333333333333,154.6,23.8,1.43,87.2,Map/Offsets,https://cgi.minorplanetcenter.net/cgi-bin/confirmeph2.cgi
20260517T183605Z,2026-05-17T18:36:05.688357Z,20260517T183605Z_batch01,ST26E61,2026-05-18T07:00:00Z,16 41 33.9,250.39125,+00 43 37,0.7269444444444445,154.6,23.8,1.4,87.3,Map/Offsets,https://cgi.minorplanetcenter.net/cgi-bin/confirmeph2.cgi
20260517T183605Z,2026-05-17T18:36:05.688357Z,20260517T183605Z_batch01,ST26E61,2026-05-18T08:00:00Z,16 41 39.5,250.41458333333333,+00 43 41,0.7280555555555556,154.6,23.8,1.38,87.4,Map/Offsets,https://cgi.minorplanetcenter.net/cgi-bin/confirmeph2.cgi
20260517T183605Z,2026-05-17T18:36:05.688357Z,20260517T183605Z_batch01,ST26E61,2026-05-18T09:00:00Z,16 41 44.9,250.43708333333333,+00 43 44,0.7288888888888889,154.6,23.8,1.35,87.4,Map/Offsets,https://cgi.minorplanetcenter.net/cgi-bin/confirmeph2.cgi
20260517T183605Z,2026-05-17T18:36:05.688357Z,20260517T183605Z_batch01,ST26E61,2026-05-18T10:00:00Z,16 41 50.3,250.45958333333334,+00 43 48,0.73,154.6,23.9,1.33,87.5,Map/Offsets,https://cgi.minorplanetcenter.net/cgi-bin/confirmeph2.cgi
20260517T183605Z,2026-05-17T18:36:05.688357Z,20260517T183605Z_batch01,ST26E61,2026-05-18T11:00:00Z,16 41 55.5,250.48125000000002,+00 43 51,0.7308333333333333,154.6,23.9,1.3,87.6,Map/Offsets,https://cgi.minorplanetcenter.net/cgi-bin/confirmeph2.cgi
20260517T183605Z,2026-05-17T18:36:05.688357Z,20260517T183605Z_batch01,ST26E61,2026-05-18T12:00:00Z,16 42 00.7,250.5029166666667,+00 43 54,0.7316666666666667,154.6,23.9,1.28,87.6,Map/Offsets,https://cgi.minorplanetcenter.net/cgi-bin/confirmeph2.cgi
20260517T183605Z,2026-05-17T18:36:05.688357Z,20260517T183605Z_batch01,ST26E61,2026-05-18T13:00:00Z,16 42 05.8,250.52416666666664,+00 43 58,0.7327777777777778,154.6,23.9,1.26,87.7,Map/Offsets,https://cgi.minorplanetcenter.net/cgi-bin/confirmeph2.cgi
20260517T183605Z,2026-05-17T18:36:05.688357Z,20260517T183605Z_batch01,ST26E61,2026-05-18T14:00:00Z,16 42 10.7,250.54458333333332,+00 44 01,0.7336111111111111,154.6,23.9,1.23,87.8,Map/Offsets,https://cgi.minorplanetcenter.net/cgi-bin/confirmeph2.cgi
20260517T183605Z,2026-05-17T18:36:05.688357Z,20260517T183605Z_batch01,ST26E61,2026-05-18T15:00:00Z,16 42 15.6,250.56500000000003,+00 44 03,0.7341666666666666,154.6,24.0,1.21,87.8,Map/Offsets,https://cgi.minorplanetcenter.net/cgi-bin/confirmeph2.cgi
20260517T183605Z,2026-05-17T18:36:05.688357Z,20260517T183605Z_batch01,ST26E61,2026-05-18T16:00:00Z,16 42 20.4,250.58499999999998,+00 44 06,0.735,154.6,24.0,1.19,87.9,Map/Offsets,https://cgi.minorplanetcenter.net/cgi-bin/confirmeph2.cgi
20260517T183605Z,2026-05-17T18:36:05.688357Z,20260517T183605Z_batch01,ST26E61,2026-05-18T17:00:00Z,16 42 25.1,250.60458333333335,+00 44 09,0.7358333333333332,154.6,24.0,1.17,88.0,Map/Offsets,https://cgi.minorplanetcenter.net/cgi-bin/confirmeph2.cgi
20260517T183605Z,2026-05-17T18:36:05.688357Z,20260517T183605Z_batch01,MZ26075,2026-05-17T17:00:00Z,16 48 12.2,252.05083333333334,-00 59 05,-0.9847222222222222,154.6,22.5,1.89,38.8,Map/Offsets,https://cgi.minorplanetcenter.net/cgi-bin/confirmeph2.cgi
20260517T183605Z,2026-05-17T18:36:05.688357Z,20260517T183605Z_batch01,MZ26075,2026-05-17T18:00:00Z,16 48 16.9,252.07041666666666,-00 57 38,-0.9605555555555555,154.6,22.5,1.86,38.8,Map/Offsets,https://cgi.minorplanetcenter.net/cgi-bin/confirmeph2.cgi
20260517T183605Z,2026-05-17T18:36:05.688357Z,20260517T183605Z_batch01,MZ26075,2026-05-17T19:00:00Z,16 48 21.6,252.09,-00 56 11,-0.9363888888888889,154.6,22.6,1.83,38.8,Map/Offsets,https://cgi.minorplanetcenter.net/cgi-bin/confirmeph2.cgi
20260517T183605Z,2026-05-17T18:36:05.688357Z,20260517T183605Z_batch01,MZ26075,2026-05-17T20:00:00Z,16 48 26.1,252.10875,-00 54 47,-0.9130555555555556,154.6,22.6,1.8,38.8,Map/Offsets,https://cgi.minorplanetcenter.net/cgi-bin/confirmeph2.cgi
20260517T183605Z,2026-05-17T18:36:05.688357Z,20260517T183605Z_batch01,MZ26075,2026-05-17T21:00:00Z,16 48 30.6,252.12750000000003,-00 53 24,-0.89,154.6,22.6,1.77,38.8,Map/Offsets,https://cgi.minorplanetcenter.net/cgi-bin/confirmeph2.cgi
20260517T183605Z,2026-05-17T18:36:05.688357Z,20260517T183605Z_batch01,MZ26075,2026-05-17T22:00:00Z,16 48 35.0,252.14583333333334,-00 52 02,-0.8672222222222222,154.5,22.6,1.74,38.8,Map/Offsets,https://cgi.minorplanetcenter.net/cgi-bin/confirmeph2.cgi
20260517T183605Z,2026-05-17T18:36:05.688357Z,20260517T183605Z_batch01,MZ26075,2026-05-17T23:00:00Z,16 48 39.3,252.16375000000002,-00 50 41,-0.8447222222222223,154.5,22.6,1.71,38.8,Map/Offsets,https://cgi.minorplanetcenter.net/cgi-bin/confirmeph2.cgi
20260517T183605Z,2026-05-17T18:36:05.688357Z,20260517T183605Z_batch01,MZ26075,2026-05-18T00:00:00Z,16 48 43.6,252.18166666666667,-00 49 22,-0.8227777777777777,154.5,22.6,1.68,38.8,Map/Offsets,https://cgi.minorplanetcenter.net/cgi-bin/confirmeph2.cgi
20260517T183605Z,2026-05-17T18:36:05.688357Z,20260517T183605Z_batch01,MZ26075,2026-05-18T01:00:00Z,16 48 47.7,252.19875,-00 48 04,-0.8011111111111111,154.5,22.7,1.65,38.8,Map/Offsets,https://cgi.minorplanetcenter.net/cgi-bin/confirmeph2.cgi
20260517T183605Z,2026-05-17T18:36:05.688357Z,20260517T183605Z_batch01,MZ26075,2026-05-18T02:00:00Z,16 48 51.9,252.21625,-00 46 47,-0.7797222222222223,154.5,22.7,1.63,38.8,Map/Offsets,https://cgi.minorplanetcenter.net/cgi-bin/confirmeph2.cgi
20260517T183605Z,2026-05-17T18:36:05.688357Z,20260517T183605Z_batch01,MZ26075,2026-05-18T03:00:00Z,16 48 55.9,252.23291666666665,-00 45 32,-0.7588888888888888,154.5,22.7,1.6,38.8,Map/Offsets,https://cgi.minorplanetcenter.net/cgi-bin/confirmeph2.cgi
20260517T183605Z,2026-05-17T18:36:05.688357Z,20260517T183605Z_batch01,MZ26075,2026-05-18T04:00:00Z,16 48 59.9,252.24958333333333,-00 44 17,-0.7380555555555555,154.5,22.7,1.58,38.8,Map/Offsets,https://cgi.minorplanetcenter.net/cgi-bin/confirmeph2.cgi
20260517T183605Z,2026-05-17T18:36:05.688357Z,20260517T183605Z_batch01,MZ26075,2026-05-18T05:00:00Z,16 49 03.8,252.26583333333335,-00 43 04,-0.7177777777777777,154.5,22.7,1.55,38.8,Map/Offsets,https://cgi.minorplanetcenter.net/cgi-bin/confirmeph2.cgi
20260517T183605Z,2026-05-17T18:36:05.688357Z,20260517T183605Z_batch01,MZ26075,2026-05-18T06:00:00Z,16 49 07.7,252.28208333333333,-00 41 52,-0.6977777777777778,154.5,22.7,1.53,38.8,Map/Offsets,https://cgi.minorplanetcenter.net/cgi-bin/confirmeph2.cgi
20260517T183605Z,2026-05-17T18:36:05.688357Z,20260517T183605Z_batch01,MZ26075,2026-05-18T07:00:00Z,16 49 11.5,252.29791666666665,-00 40 41,-0.6780555555555555,154.5,22.8,1.5,38.8,Map/Offsets,https://cgi.minorplanetcenter.net/cgi-bin/confirmeph2.cgi
20260517T183605Z,2026-05-17T18:36:05.688357Z,20260517T183605Z_batch01,MZ26075,2026-05-18T08:00:00Z,16 49 15.2,252.31333333333333,-00 39 31,-0.6586111111111111,154.5,22.8,1.48,38.8,Map/Offsets,https://cgi.minorplanetcenter.net/cgi-bin/confirmeph2.cgi
20260517T183605Z,2026-05-17T18:36:05.688357Z,20260517T183605Z_batch01,MZ26075,2026-05-18T09:00:00Z,16 49 18.9,252.32875,-00 38 23,-0.6397222222222222,154.5,22.8,1.46,38.8,Map/Offsets,https://cgi.minorplanetcenter.net/cgi-bin/confirmeph2.cgi
20260517T183605Z,2026-05-17T18:36:05.688357Z,20260517T183605Z_batch01,MZ26075,2026-05-18T10:00:00Z,16 49 22.5,252.34375000000003,-00 37 15,-0.6208333333333333,154.5,22.8,1.44,38.8,Map/Offsets,https://cgi.minorplanetcenter.net/cgi-bin/confirmeph2.cgi
20260517T183605Z,2026-05-17T18:36:05.688357Z,20260517T183605Z_batch01,MZ26075,2026-05-18T11:00:00Z,16 49 26.1,252.35875,-00 36 08,-0.6022222222222222,154.5,22.8,1.41,38.8,Map/Offsets,https://cgi.minorplanetcenter.net/cgi-bin/confirmeph2.cgi
20260517T183605Z,2026-05-17T18:36:05.688357Z,20260517T183605Z_batch01,MZ26075,2026-05-18T12:00:00Z,16 49 29.6,252.37333333333333,-00 35 03,-0.5841666666666667,154.5,22.8,1.39,38.8,Map/Offsets,https://cgi.minorplanetcenter.net/cgi-bin/confirmeph2.cgi
20260517T183605Z,2026-05-17T18:36:05.688357Z,20260517T183605Z_batch01,MZ26075,2026-05-18T13:00:00Z,16 49 33.1,252.38791666666663,-00 33 58,-0.5661111111111111,154.5,22.9,1.37,38.8,Map/Offsets,https://cgi.minorplanetcenter.net/cgi-bin/confirmeph2.cgi
20260517T183605Z,2026-05-17T18:36:05.688357Z,20260517T183605Z_batch01,MZ26075,2026-05-18T14:00:00Z,16 49 36.5,252.40208333333334,-00 32 55,-0.548611111111111,154.5,22.9,1.35,38.8,Map/Offsets,https://cgi.minorplanetcenter.net/cgi-bin/confirmeph2.cgi
20260517T183605Z,2026-05-17T18:36:05.688357Z,20260517T183605Z_batch01,MZ26075,2026-05-18T15:00:00Z,16 49 39.9,252.41624999999996,-00 31 52,-0.5311111111111112,154.5,22.9,1.33,38.8,Map/Offsets,https://cgi.minorplanetcenter.net/cgi-bin/confirmeph2.cgi
20260517T183605Z,2026-05-17T18:36:05.688357Z,20260517T183605Z_batch01,MZ26075,2026-05-18T16:00:00Z,16 49 43.2,252.43,-00 30 50,-0.5138888888888888,154.5,22.9,1.31,38.8,Map/Offsets,https://cgi.minorplanetcenter.net/cgi-bin/confirmeph2.cgi
20260517T183605Z,2026-05-17T18:36:05.688357Z,20260517T183605Z_batch01,MZ26075,2026-05-18T17:00:00Z,16 49 46.4,252.44333333333333,-00 29 49,-0.49694444444444447,154.5,22.9,1.29,38.8,Map/Offsets,https://cgi.minorplanetcenter.net/cgi-bin/confirmeph2.cgi
20260517T183605Z,2026-05-17T18:36:05.688357Z,20260517T183605Z_batch01,A11CmCW,2026-05-17T17:00:00Z,06 14 33.6,93.64,-71 52 59,-71.88305555555554,95.1,20.8,2.93,38.2,Map/Offsets   !,https://cgi.minorplanetcenter.net/cgi-bin/confirmeph2.cgi
20260517T183605Z,2026-05-17T18:36:05.688357Z,20260517T183605Z_batch01,A11CmCW,2026-05-17T18:00:00Z,06 14 56.7,93.73625,-71 50 41,-71.84472222222222,95.1,20.9,2.89,38.1,Map/Offsets   !,https://cgi.minorplanetcenter.net/cgi-bin/confirmeph2.cgi
20260517T183605Z,2026-05-17T18:36:05.688357Z,20260517T183605Z_batch01,A11CmCW,2026-05-17T19:00:00Z,06 15 19.4,93.83083333333333,-71 48 26,-71.80722222222222,95.1,20.9,2.84,38.1,Map/Offsets   !,https://cgi.minorplanetcenter.net/cgi-bin/confirmeph2.cgi
20260517T183605Z,2026-05-17T18:36:05.688357Z,20260517T183605Z_batch01,A11CmCW,2026-05-17T20:00:00Z,06 15 41.6,93.92333333333333,-71 46 13,-71.77027777777778,95.1,20.9,2.8,38.0,Map/Offsets   !,https://cgi.minorplanetcenter.net/cgi-bin/confirmeph2.cgi
20260517T183605Z,2026-05-17T18:36:05.688357Z,20260517T183605Z_batch01,A11CmCW,2026-05-17T21:00:00Z,06 16 03.4,94.01416666666667,-71 44 01,-71.73361111111112,95.0,20.9,2.76,37.9,Map/Offsets   !,https://cgi.minorplanetcenter.net/cgi-bin/confirmeph2.cgi
20260517T183605Z,2026-05-17T18:36:05.688357Z,20260517T183605Z_batch01,A11CmCW,2026-05-17T22:00:00Z,06 16 24.8,94.10333333333332,-71 41 52,-71.69777777777779,95.0,20.9,2.71,37.8,Map/Offsets   !,https://cgi.minorplanetcenter.net/cgi-bin/confirmeph2.cgi
20260517T183605Z,2026-05-17T18:36:05.688357Z,20260517T183605Z_batch01,A11CmCW,2026-05-17T23:00:00Z,06 16 45.9,94.19125,-71 39 44,-71.66222222222223,95.0,20.9,2.67,37.8,Map/Offsets   !,https://cgi.minorplanetcenter.net/cgi-bin/confirmeph2.cgi
20260517T183605Z,2026-05-17T18:36:05.688357Z,20260517T183605Z_batch01,A11CmCW,2026-05-18T00:00:00Z,06 17 06.5,94.27708333333332,-71 37 38,-71.62722222222222,95.0,21.0,2.63,37.7,Map/Offsets   !,https://cgi.minorplanetcenter.net/cgi-bin/confirmeph2.cgi
20260517T183605Z,2026-05-17T18:36:05.688357Z,20260517T183605Z_batch01,A11CmCW,2026-05-18T01:00:00Z,06 17 26.7,94.36125,-71 35 34,-71.59277777777777,95.0,21.0,2.59,37.6,Map/Offsets   !,https://cgi.minorplanetcenter.net/cgi-bin/confirmeph2.cgi
20260517T183605Z,2026-05-17T18:36:05.688357Z,20260517T183605Z_batch01,A11CmCW,2026-05-18T02:00:00Z,06 17 46.6,94.44416666666667,-71 33 32,-71.55888888888889,95.0,21.0,2.56,37.6,Map/Offsets   !,https://cgi.minorplanetcenter.net/cgi-bin/confirmeph2.cgi
20260517T183605Z,2026-05-17T18:36:05.688357Z,20260517T183605Z_batch01,A11CmCW,2026-05-18T03:00:00Z,06 18 06.2,94.52583333333332,-71 31 31,-71.52527777777777,95.0,21.0,2.52,37.5,Map/Offsets   !,https://cgi.minorplanetcenter.net/cgi-bin/confirmeph2.cgi
20260517T183605Z,2026-05-17T18:36:05.688357Z,20260517T183605Z_batch01,A11CmCW,2026-05-18T04:00:00Z,06 18 25.3,94.60541666666667,-71 29 32,-71.49222222222222,95.0,21.0,2.48,37.5,Map/Offsets   !,https://cgi.minorplanetcenter.net/cgi-bin/confirmeph2.cgi
20260517T183605Z,2026-05-17T18:36:05.688357Z,20260517T183605Z_batch01,A11CmCW,2026-05-18T05:00:00Z,06 18 44.2,94.68416666666666,-71 27 35,-71.45972222222223,95.0,21.0,2.45,37.4,Map/Offsets   !,https://cgi.minorplanetcenter.net/cgi-bin/confirmeph2.cgi
20260517T183605Z,2026-05-17T18:36:05.688357Z,20260517T183605Z_batch01,A11CmCW,2026-05-18T06:00:00Z,06 19 02.7,94.76124999999999,-71 25 39,-71.42750000000001,95.0,21.1,2.41,37.4,Map/Offsets   !,https://cgi.minorplanetcenter.net/cgi-bin/confirmeph2.cgi
20260517T183605Z,2026-05-17T18:36:05.688357Z,20260517T183605Z_batch01,A11CmCW,2026-05-18T07:00:00Z,06 19 20.9,94.83708333333334,-71 23 45,-71.39583333333334,94.9,21.1,2.38,37.3,Map/Offsets   !,https://cgi.minorplanetcenter.net/cgi-bin/confirmeph2.cgi
20260517T183605Z,2026-05-17T18:36:05.688357Z,20260517T183605Z_batch01,A11CmCW,2026-05-18T08:00:00Z,06 19 38.8,94.91166666666668,-71 21 52,-71.36444444444444,94.9,21.1,2.34,37.2,Map/Offsets   !,https://cgi.minorplanetcenter.net/cgi-bin/confirmeph2.cgi
20260517T183605Z,2026-05-17T18:36:05.688357Z,20260517T183605Z_batch01,A11CmCW,2026-05-18T09:00:00Z,06 19 56.4,94.98499999999999,-71 20 01,-71.33361111111111,94.9,21.1,2.31,37.2,Map/Offsets   !,https://cgi.minorplanetcenter.net/cgi-bin/confirmeph2.cgi
20260517T183605Z,2026-05-17T18:36:05.688357Z,20260517T183605Z_batch01,A11CmCW,2026-05-18T10:00:00Z,06 20 13.7,95.05708333333332,-71 18 11,-71.30305555555556,94.9,21.1,2.28,37.1,Map/Offsets   !,https://cgi.minorplanetcenter.net/cgi-bin/confirmeph2.cgi
20260517T183605Z,2026-05-17T18:36:05.688357Z,20260517T183605Z_batch01,A11CmCW,2026-05-18T11:00:00Z,06 20 30.7,95.12791666666666,-71 16 23,-71.27305555555556,94.9,21.1,2.24,37.1,Map/Offsets   !,https://cgi.minorplanetcenter.net/cgi-bin/confirmeph2.cgi
20260517T183605Z,2026-05-17T18:36:05.688357Z,20260517T183605Z_batch01,A11CmCW,2026-05-18T12:00:00Z,06 20 47.4,95.19749999999999,-71 14 36,-71.24333333333334,94.9,21.1,2.21,37.0,Map/Offsets   !,https://cgi.minorplanetcenter.net/cgi-bin/confirmeph2.cgi
20260517T183605Z,2026-05-17T18:36:05.688357Z,20260517T183605Z_batch01,A11CmCW,2026-05-18T13:00:00Z,06 21 03.9,95.26625,-71 12 51,-71.21416666666667,94.9,21.2,2.18,37.0,Map/Offsets   !,https://cgi.minorplanetcenter.net/cgi-bin/confirmeph2.cgi
20260517T183605Z,2026-05-17T18:36:05.688357Z,20260517T183605Z_batch01,A11CmCW,2026-05-18T14:00:00Z,06 21 20.1,95.33375,-71 11 07,-71.18527777777778,94.9,21.2,2.15,37.0,Map/Offsets   !,https://cgi.minorplanetcenter.net/cgi-bin/confirmeph2.cgi
20260517T183605Z,2026-05-17T18:36:05.688357Z,20260517T183605Z_batch01,A11CmCW,2026-05-18T15:00:00Z,06 21 36.0,95.39999999999999,-71 09 25,-71.15694444444445,94.9,21.2,2.12,36.9,Map/Offsets   !,https://cgi.minorplanetcenter.net/cgi-bin/confirmeph2.cgi
20260517T183605Z,2026-05-17T18:36:05.688357Z,20260517T183605Z_batch01,A11CmCW,2026-05-18T16:00:00Z,06 21 51.7,95.46541666666667,-71 07 43,-71.1286111111111,94.9,21.2,2.1,36.9,Map/Offsets   !,https://cgi.minorplanetcenter.net/cgi-bin/confirmeph2.cgi
20260517T183605Z,2026-05-17T18:36:05.688357Z,20260517T183605Z_batch01,A11CmCW,2026-05-18T17:00:00Z,06 22 07.1,95.52958333333333,-71 06 03,-71.10083333333333,94.9,21.2,2.07,36.8,Map/Offsets,https://cgi.minorplanetcenter.net/cgi-bin/confirmeph2.cgi
20260517T183605Z,2026-05-17T18:36:05.688357Z,20260517T183605Z_batch01,A11CmCS,2026-05-17T17:00:00Z,17 10 51.0,257.71250000000003,-31 03 19,-31.05527777777778,155.7,20.4,4.89,44.3,Map/Offsets,https://cgi.minorplanetcenter.net/cgi-bin/confirmeph2.cgi
20260517T183605Z,2026-05-17T18:36:05.688357Z,20260517T183605Z_batch01,A11CmCS,2026-05-17T18:00:00Z,17 11 06.8,257.7783333333333,-30 59 50,-30.997222222222224,155.8,20.4,4.83,44.2,Map/Offsets,https://cgi.minorplanetcenter.net/cgi-bin/confirmeph2.cgi
20260517T183605Z,2026-05-17T18:36:05.688357Z,20260517T183605Z_batch01,A11CmCS,2026-05-17T19:00:00Z,17 11 22.4,257.84333333333336,-30 56 24,-30.94,155.8,20.4,4.77,44.2,Map/Offsets,https://cgi.minorplanetcenter.net/cgi-bin/confirmeph2.cgi
20260517T183605Z,2026-05-17T18:36:05.688357Z,20260517T183605Z_batch01,A11CmCS,2026-05-17T20:00:00Z,17 11 37.8,257.9075,-30 53 00,-30.883333333333333,155.8,20.4,4.71,44.1,Map/Offsets,https://cgi.minorplanetcenter.net/cgi-bin/confirmeph2.cgi
20260517T183605Z,2026-05-17T18:36:05.688357Z,20260517T183605Z_batch01,A11CmCS,2026-05-17T21:00:00Z,17 11 53.0,257.9708333333333,-30 49 38,-30.827222222222222,155.8,20.4,4.65,44.1,Map/Offsets,https://cgi.minorplanetcenter.net/cgi-bin/confirmeph2.cgi
20260517T183605Z,2026-05-17T18:36:05.688357Z,20260517T183605Z_batch01,A11CmCS,2026-05-17T22:00:00Z,17 12 08.0,258.0333333333333,-30 46 19,-30.771944444444443,155.8,20.4,4.6,44.0,Map/Offsets,https://cgi.minorplanetcenter.net/cgi-bin/confirmeph2.cgi
20260517T183605Z,2026-05-17T18:36:05.688357Z,20260517T183605Z_batch01,A11CmCS,2026-05-17T23:00:00Z,17 12 22.7,258.09458333333333,-30 43 01,-30.716944444444444,155.8,20.5,4.54,44.0,Map/Offsets,https://cgi.minorplanetcenter.net/cgi-bin/confirmeph2.cgi
20260517T183605Z,2026-05-17T18:36:05.688357Z,20260517T183605Z_batch01,A11CmCS,2026-05-18T00:00:00Z,17 12 37.3,258.15541666666667,-30 39 46,-30.662777777777777,155.8,20.5,4.49,43.9,Map/Offsets,https://cgi.minorplanetcenter.net/cgi-bin/confirmeph2.cgi
20260517T183605Z,2026-05-17T18:36:05.688357Z,20260517T183605Z_batch01,A11CmCS,2026-05-18T01:00:00Z,17 12 51.7,258.21541666666667,-30 36 33,-30.609166666666667,155.8,20.5,4.44,43.9,Map/Offsets,https://cgi.minorplanetcenter.net/cgi-bin/confirmeph2.cgi
20260517T183605Z,2026-05-17T18:36:05.688357Z,20260517T183605Z_batch01,A11CmCS,2026-05-18T02:00:00Z,17 13 05.9,258.2745833333333,-30 33 23,-30.55638888888889,155.8,20.5,4.38,43.8,Map/Offsets,https://cgi.minorplanetcenter.net/cgi-bin/confirmeph2.cgi
20260517T183605Z,2026-05-17T18:36:05.688357Z,20260517T183605Z_batch01,A11CmCS,2026-05-18T03:00:00Z,17 13 19.9,258.3329166666667,-30 30 14,-30.503888888888888,155.8,20.5,4.33,43.8,Map/Offsets,https://cgi.minorplanetcenter.net/cgi-bin/confirmeph2.cgi
20260517T183605Z,2026-05-17T18:36:05.688357Z,20260517T183605Z_batch01,A11CmCS,2026-05-18T04:00:00Z,17 13 33.7,258.3904166666666,-30 27 07,-30.451944444444443,155.9,20.5,4.28,43.7,Map/Offsets,https://cgi.minorplanetcenter.net/cgi-bin/confirmeph2.cgi
20260517T183605Z,2026-05-17T18:36:05.688357Z,20260517T183605Z_batch01,A11CmCS,2026-05-18T05:00:00Z,17 13 47.3,258.4470833333333,-30 24 02,-30.400555555555552,155.9,20.5,4.23,43.7,Map/Offsets,https://cgi.minorplanetcenter.net/cgi-bin/confirmeph2.cgi
20260517T183605Z,2026-05-17T18:36:05.688357Z,20260517T183605Z_batch01,A11CmCS,2026-05-18T06:00:00Z,17 14 00.8,258.5033333333334,-30 21 00,-30.35,155.9,20.5,4.18,43.6,Map/Offsets,https://cgi.minorplanetcenter.net/cgi-bin/confirmeph2.cgi
20260517T183605Z,2026-05-17T18:36:05.688357Z,20260517T183605Z_batch01,A11CmCS,2026-05-18T07:00:00Z,17 14 14.1,258.55875,-30 17 59,-30.299722222222226,155.9,20.6,4.14,43.6,Map/Offsets,https://cgi.minorplanetcenter.net/cgi-bin/confirmeph2.cgi
20260517T183605Z,2026-05-17T18:36:05.688357Z,20260517T183605Z_batch01,A11CmCS,2026-05-18T08:00:00Z,17 14 27.2,258.61333333333334,-30 15 00,-30.25,155.9,20.6,4.09,43.5,Map/Offsets,https://cgi.minorplanetcenter.net/cgi-bin/confirmeph2.cgi
20260517T183605Z,2026-05-17T18:36:05.688357Z,20260517T183605Z_batch01,A11CmCS,2026-05-18T09:00:00Z,17 14 40.2,258.6675,-30 12 03,-30.200833333333332,155.9,20.6,4.04,43.5,Map/Offsets,https://cgi.minorplanetcenter.net/cgi-bin/confirmeph2.cgi
20260517T183605Z,2026-05-17T18:36:05.688357Z,20260517T183605Z_batch01,A11CmCS,2026-05-18T10:00:00Z,17 14 53.0,258.72083333333336,-30 09 08,-30.15222222222222,155.9,20.6,4.0,43.4,Map/Offsets,https://cgi.minorplanetcenter.net/cgi-bin/confirmeph2.cgi
20260517T183605Z,2026-05-17T18:36:05.688357Z,20260517T183605Z_batch01,A11CmCS,2026-05-18T11:00:00Z,17 15 05.6,258.7733333333333,-30 06 15,-30.104166666666668,155.9,20.6,3.95,43.4,Map/Offsets,https://cgi.minorplanetcenter.net/cgi-bin/confirmeph2.cgi
20260517T183605Z,2026-05-17T18:36:05.688357Z,20260517T183605Z_batch01,A11CmCS,2026-05-18T12:00:00Z,17 15 18.0,258.825,-30 03 23,-30.05638888888889,156.0,20.6,3.91,43.3,Map/Offsets,https://cgi.minorplanetcenter.net/cgi-bin/confirmeph2.cgi
20260517T183605Z,2026-05-17T18:36:05.688357Z,20260517T183605Z_batch01,A11CmCS,2026-05-18T13:00:00Z,17 15 30.4,258.87666666666667,-30 00 34,-30.009444444444444,156.0,20.6,3.86,43.3,Map/Offsets,https://cgi.minorplanetcenter.net/cgi-bin/confirmeph2.cgi
20260517T183605Z,2026-05-17T18:36:05.688357Z,20260517T183605Z_batch01,A11CmCS,2026-05-18T14:00:00Z,17 15 42.5,258.9270833333333,-29 57 46,-29.962777777777777,156.0,20.6,3.82,43.2,Map/Offsets,https://cgi.minorplanetcenter.net/cgi-bin/confirmeph2.cgi
20260517T183605Z,2026-05-17T18:36:05.688357Z,20260517T183605Z_batch01,A11CmCS,2026-05-18T15:00:00Z,17 15 54.5,258.9770833333333,-29 54 59,-29.91638888888889,156.0,20.7,3.78,43.2,Map/Offsets,https://cgi.minorplanetcenter.net/cgi-bin/confirmeph2.cgi
20260517T183605Z,2026-05-17T18:36:05.688357Z,20260517T183605Z_batch01,A11CmCS,2026-05-18T16:00:00Z,17 16 06.4,259.02666666666664,-29 52 15,-29.870833333333334,156.0,20.7,3.74,43.1,Map/Offsets,https://cgi.minorplanetcenter.net/cgi-bin/confirmeph2.cgi
20260517T183605Z,2026-05-17T18:36:05.688357Z,20260517T183605Z_batch01,A11CmCS,2026-05-18T17:00:00Z,17 16 18.1,259.0754166666666,-29 49 32,-29.825555555555557,156.0,20.7,3.7,43.1,Map/Offsets,https://cgi.minorplanetcenter.net/cgi-bin/confirmeph2.cgi
20260517T183605Z,2026-05-17T18:36:05.688357Z,20260517T183605Z_batch01,OCA1642,2026-05-17T17:00:00Z,13 42 41.9,205.67458333333332,-31 21 33,-31.359166666666667,151.7,19.4,0.52,255.1,Map/Offsets,https://cgi.minorplanetcenter.net/cgi-bin/confirmeph2.cgi
20260517T183605Z,2026-05-17T18:36:05.688357Z,20260517T183605Z_batch01,OCA1642,2026-05-17T18:00:00Z,13 42 39.5,205.66458333333333,-31 21 41,-31.36138888888889,151.7,19.4,0.52,255.1,Map/Offsets,https://cgi.minorplanetcenter.net/cgi-bin/confirmeph2.cgi
20260517T183605Z,2026-05-17T18:36:05.688357Z,20260517T183605Z_batch01,OCA1642,2026-05-17T19:00:00Z,13 42 37.2,205.655,-31 21 49,-31.363611111111112,151.7,19.4,0.52,255.1,Map/Offsets,https://cgi.minorplanetcenter.net/cgi-bin/confirmeph2.cgi
20260517T183605Z,2026-05-17T18:36:05.688357Z,20260517T183605Z_batch01,OCA1642,2026-05-17T20:00:00Z,13 42 34.8,205.64499999999998,-31 21 57,-31.365833333333335,151.6,19.4,0.52,255.2,Map/Offsets,https://cgi.minorplanetcenter.net/cgi-bin/confirmeph2.cgi
20260517T183605Z,2026-05-17T18:36:05.688357Z,20260517T183605Z_batch01,OCA1642,2026-05-17T21:00:00Z,13 42 32.4,205.635,-31 22 05,-31.368055555555557,151.6,19.4,0.52,255.2,Map/Offsets,https://cgi.minorplanetcenter.net/cgi-bin/confirmeph2.cgi
20260517T183605Z,2026-05-17T18:36:05.688357Z,20260517T183605Z_batch01,OCA1642,2026-05-17T22:00:00Z,13 42 30.1,205.62541666666664,-31 22 13,-31.37027777777778,151.5,19.4,0.52,255.2,Map/Offsets,https://cgi.minorplanetcenter.net/cgi-bin/confirmeph2.cgi
20260517T183605Z,2026-05-17T18:36:05.688357Z,20260517T183605Z_batch01,OCA1642,2026-05-17T23:00:00Z,13 42 27.7,205.61541666666665,-31 22 21,-31.3725,151.5,19.4,0.52,255.2,Map/Offsets,https://cgi.minorplanetcenter.net/cgi-bin/confirmeph2.cgi
20260517T183605Z,2026-05-17T18:36:05.688357Z,20260517T183605Z_batch01,OCA1642,2026-05-18T00:00:00Z,13 42 25.4,205.60583333333332,-31 22 29,-31.37472222222222,151.5,19.4,0.52,255.2,Map/Offsets,https://cgi.minorplanetcenter.net/cgi-bin/confirmeph2.cgi
20260517T183605Z,2026-05-17T18:36:05.688357Z,20260517T183605Z_batch01,OCA1642,2026-05-18T01:00:00Z,13 42 23.0,205.59583333333333,-31 22 37,-31.376944444444444,151.4,19.4,0.52,255.2,Map/Offsets,https://cgi.minorplanetcenter.net/cgi-bin/confirmeph2.cgi
20260517T183605Z,2026-05-17T18:36:05.688357Z,20260517T183605Z_batch01,OCA1642,2026-05-18T02:00:00Z,13 42 20.7,205.58625,-31 22 45,-31.379166666666666,151.4,19.4,0.52,255.2,Map/Offsets,https://cgi.minorplanetcenter.net/cgi-bin/confirmeph2.cgi
20260517T183605Z,2026-05-17T18:36:05.688357Z,20260517T183605Z_batch01,OCA1642,2026-05-18T03:00:00Z,13 42 18.3,205.57625,-31 22 53,-31.38138888888889,151.4,19.4,0.52,255.2,Map/Offsets,https://cgi.minorplanetcenter.net/cgi-bin/confirmeph2.cgi
20260517T183605Z,2026-05-17T18:36:05.688357Z,20260517T183605Z_batch01,OCA1642,2026-05-18T04:00:00Z,13 42 16.0,205.56666666666666,-31 23 01,-31.38361111111111,151.3,19.4,0.52,255.2,Map/Offsets,https://cgi.minorplanetcenter.net/cgi-bin/confirmeph2.cgi
20260517T183605Z,2026-05-17T18:36:05.688357Z,20260517T183605Z_batch01,OCA1642,2026-05-18T05:00:00Z,13 42 13.6,205.55666666666664,-31 23 09,-31.385833333333334,151.3,19.4,0.52,255.2,Map/Offsets,https://cgi.minorplanetcenter.net/cgi-bin/confirmeph2.cgi
20260517T183605Z,2026-05-17T18:36:05.688357Z,20260517T183605Z_batch01,OCA1642,2026-05-18T06:00:00Z,13 42 11.3,205.54708333333332,-31 23 16,-31.387777777777778,151.2,19.4,0.52,255.2,Map/Offsets,https://cgi.minorplanetcenter.net/cgi-bin/confirmeph2.cgi
20260517T183605Z,2026-05-17T18:36:05.688357Z,20260517T183605Z_batch01,OCA1642,2026-05-18T07:00:00Z,13 42 09.0,205.5375,-31 23 24,-31.39,151.2,19.4,0.52,255.2,Map/Offsets,https://cgi.minorplanetcenter.net/cgi-bin/confirmeph2.cgi
20260517T183605Z,2026-05-17T18:36:05.688357Z,20260517T183605Z_batch01,OCA1642,2026-05-18T08:00:00Z,13 42 06.6,205.5275,-31 23 32,-31.392222222222223,151.2,19.4,0.52,255.2,Map/Offsets,https://cgi.minorplanetcenter.net/cgi-bin/confirmeph2.cgi
20260517T183605Z,2026-05-17T18:36:05.688357Z,20260517T183605Z_batch01,OCA1642,2026-05-18T09:00:00Z,13 42 04.3,205.51791666666665,-31 23 40,-31.394444444444446,151.1,19.4,0.52,255.2,Map/Offsets,https://cgi.minorplanetcenter.net/cgi-bin/confirmeph2.cgi
20260517T183605Z,2026-05-17T18:36:05.688357Z,20260517T183605Z_batch01,OCA1642,2026-05-18T10:00:00Z,13 42 01.9,205.50791666666666,-31 23 48,-31.396666666666665,151.1,19.4,0.52,255.2,Map/Offsets,https://cgi.minorplanetcenter.net/cgi-bin/confirmeph2.cgi
20260517T183605Z,2026-05-17T18:36:05.688357Z,20260517T183605Z_batch01,OCA1642,2026-05-18T11:00:00Z,13 41 59.6,205.49833333333333,-31 23 56,-31.398888888888887,151.1,19.4,0.52,255.3,Map/Offsets,https://cgi.minorplanetcenter.net/cgi-bin/confirmeph2.cgi
20260517T183605Z,2026-05-17T18:36:05.688357Z,20260517T183605Z_batch01,OCA1642,2026-05-18T12:00:00Z,13 41 57.3,205.48875,-31 24 04,-31.40111111111111,151.0,19.4,0.51,255.3,Map/Offsets,https://cgi.minorplanetcenter.net/cgi-bin/confirmeph2.cgi
20260517T183605Z,2026-05-17T18:36:05.688357Z,20260517T183605Z_batch01,OCA1642,2026-05-18T13:00:00Z,13 41 54.9,205.47875,-31 24 12,-31.403333333333332,151.0,19.4,0.51,255.3,Map/Offsets,https://cgi.minorplanetcenter.net/cgi-bin/confirmeph2.cgi
20260517T183605Z,2026-05-17T18:36:05.688357Z,20260517T183605Z_batch01,OCA1642,2026-05-18T14:00:00Z,13 41 52.6,205.4691666666667,-31 24 20,-31.405555555555555,150.9,19.4,0.51,255.3,Map/Offsets,https://cgi.minorplanetcenter.net/cgi-bin/confirmeph2.cgi
20260517T183605Z,2026-05-17T18:36:05.688357Z,20260517T183605Z_batch01,OCA1642,2026-05-18T15:00:00Z,13 41 50.3,205.45958333333334,-31 24 27,-31.4075,150.9,19.4,0.51,255.3,Map/Offsets,https://cgi.minorplanetcenter.net/cgi-bin/confirmeph2.cgi
20260517T183605Z,2026-05-17T18:36:05.688357Z,20260517T183605Z_batch01,OCA1642,2026-05-18T16:00:00Z,13 41 47.9,205.44958333333335,-31 24 35,-31.40972222222222,150.9,19.4,0.51,255.3,Map/Offsets,https://cgi.minorplanetcenter.net/cgi-bin/confirmeph2.cgi
20260517T183605Z,2026-05-17T18:36:05.688357Z,20260517T183605Z_batch01,OCA1642,2026-05-18T17:00:00Z,13 41 45.6,205.44,-31 24 43,-31.411944444444444,150.8,19.4,0.51,255.3,Map/Offsets,https://cgi.minorplanetcenter.net/cgi-bin/confirmeph2.cgi
20260517T183605Z,2026-05-17T18:36:05.688357Z,20260517T183605Z_batch01,CEM1XD2,2026-05-17T17:00:00Z,14 26 28.5,216.61875,+17 02 10,17.03611111111111,139.7,22.3,0.82,240.4,Map/Offsets,https://cgi.minorplanetcenter.net/cgi-bin/confirmeph2.cgi
20260517T183605Z,2026-05-17T18:36:05.688357Z,20260517T183605Z_batch01,CEM1XD2,2026-05-17T18:00:00Z,14 26 25.5,216.60625000000002,+17 01 46,17.029444444444444,139.7,22.3,0.82,240.4,Map/Offsets,https://cgi.minorplanetcenter.net/cgi-bin/confirmeph2.cgi
20260517T183605Z,2026-05-17T18:36:05.688357Z,20260517T183605Z_batch01,CEM1XD2,2026-05-17T19:00:00Z,14 26 22.5,216.59375,+17 01 22,17.022777777777776,139.7,22.3,0.82,240.3,Map/Offsets,https://cgi.minorplanetcenter.net/cgi-bin/confirmeph2.cgi
20260517T183605Z,2026-05-17T18:36:05.688357Z,20260517T183605Z_batch01,CEM1XD2,2026-05-17T20:00:00Z,14 26 19.5,216.58125,+17 00 57,17.015833333333333,139.7,22.3,0.82,240.2,Map/Offsets,https://cgi.minorplanetcenter.net/cgi-bin/confirmeph2.cgi
20260517T183605Z,2026-05-17T18:36:05.688357Z,20260517T183605Z_batch01,CEM1XD2,2026-05-17T21:00:00Z,14 26 16.6,216.56916666666666,+17 00 33,17.009166666666665,139.6,22.3,0.82,240.2,Map/Offsets,https://cgi.minorplanetcenter.net/cgi-bin/confirmeph2.cgi
20260517T183605Z,2026-05-17T18:36:05.688357Z,20260517T183605Z_batch01,CEM1XD2,2026-05-17T22:00:00Z,14 26 13.6,216.55666666666667,+17 00 08,17.002222222222223,139.6,22.3,0.82,240.1,Map/Offsets,https://cgi.minorplanetcenter.net/cgi-bin/confirmeph2.cgi
20260517T183605Z,2026-05-17T18:36:05.688357Z,20260517T183605Z_batch01,CEM1XD2,2026-05-17T23:00:00Z,14 26 10.6,216.54416666666668,+16 59 44,16.995555555555555,139.6,22.3,0.82,240.1,Map/Offsets,https://cgi.minorplanetcenter.net/cgi-bin/confirmeph2.cgi
20260517T183605Z,2026-05-17T18:36:05.688357Z,20260517T183605Z_batch01,CEM1XD2,2026-05-18T00:00:00Z,14 26 07.7,216.53208333333333,+16 59 19,16.988611111111112,139.6,22.3,0.82,240.0,Map/Offsets,https://cgi.minorplanetcenter.net/cgi-bin/confirmeph2.cgi
20260517T183605Z,2026-05-17T18:36:05.688357Z,20260517T183605Z_batch01,CEM1XD2,2026-05-18T01:00:00Z,14 26 04.7,216.51958333333334,+16 58 55,16.981944444444444,139.5,22.3,0.82,239.9,Map/Offsets,https://cgi.minorplanetcenter.net/cgi-bin/confirmeph2.cgi
20260517T183605Z,2026-05-17T18:36:05.688357Z,20260517T183605Z_batch01,CEM1XD2,2026-05-18T02:00:00Z,14 26 01.7,216.50708333333336,+16 58 30,16.974999999999998,139.5,22.3,0.82,239.9,Map/Offsets,https://cgi.minorplanetcenter.net/cgi-bin/confirmeph2.cgi
20260517T183605Z,2026-05-17T18:36:05.688357Z,20260517T183605Z_batch01,CEM1XD2,2026-05-18T03:00:00Z,14 25 58.8,216.495,+16 58 06,16.96833333333333,139.5,22.3,0.82,239.8,Map/Offsets,https://cgi.minorplanetcenter.net/cgi-bin/confirmeph2.cgi
20260517T183605Z,2026-05-17T18:36:05.688357Z,20260517T183605Z_batch01,CEM1XD2,2026-05-18T04:00:00Z,14 25 55.8,216.4825,+16 57 41,16.961388888888887,139.5,22.3,0.82,239.8,Map/Offsets,https://cgi.minorplanetcenter.net/cgi-bin/confirmeph2.cgi
20260517T183605Z,2026-05-17T18:36:05.688357Z,20260517T183605Z_batch01,CEM1XD2,2026-05-18T05:00:00Z,14 25 52.9,216.47041666666667,+16 57 16,16.954444444444444,139.4,22.3,0.82,239.7,Map/Offsets,https://cgi.minorplanetcenter.net/cgi-bin/confirmeph2.cgi
20260517T183605Z,2026-05-17T18:36:05.688357Z,20260517T183605Z_batch01,CEM1XD2,2026-05-18T06:00:00Z,14 25 49.9,216.45791666666668,+16 56 51,16.9475,139.4,22.3,0.82,239.6,Map/Offsets,https://cgi.minorplanetcenter.net/cgi-bin/confirmeph2.cgi
20260517T183605Z,2026-05-17T18:36:05.688357Z,20260517T183605Z_batch01,CEM1XD2,2026-05-18T07:00:00Z,14 25 47.0,216.44583333333333,+16 56 27,16.940833333333334,139.4,22.3,0.82,239.6,Map/Offsets,https://cgi.minorplanetcenter.net/cgi-bin/confirmeph2.cgi
20260517T183605Z,2026-05-17T18:36:05.688357Z,20260517T183605Z_batch01,CEM1XD2,2026-05-18T08:00:00Z,14 25 44.0,216.43333333333334,+16 56 02,16.933888888888887,139.4,22.3,0.82,239.5,Map/Offsets,https://cgi.minorplanetcenter.net/cgi-bin/confirmeph2.cgi
20260517T183605Z,2026-05-17T18:36:05.688357Z,20260517T183605Z_batch01,CEM1XD2,2026-05-18T09:00:00Z,14 25 41.1,216.42125,+16 55 37,16.926944444444445,139.3,22.3,0.82,239.5,Map/Offsets,https://cgi.minorplanetcenter.net/cgi-bin/confirmeph2.cgi
20260517T183605Z,2026-05-17T18:36:05.688357Z,20260517T183605Z_batch01,CEM1XD2,2026-05-18T10:00:00Z,14 25 38.1,216.40875,+16 55 12,16.92,139.3,22.3,0.82,239.4,Map/Offsets,https://cgi.minorplanetcenter.net/cgi-bin/confirmeph2.cgi
20260517T183605Z,2026-05-17T18:36:05.688357Z,20260517T183605Z_batch01,CEM1XD2,2026-05-18T11:00:00Z,14 25 35.2,216.39666666666665,+16 54 47,16.913055555555555,139.3,22.3,0.82,239.3,Map/Offsets,https://cgi.minorplanetcenter.net/cgi-bin/confirmeph2.cgi
20260517T183605Z,2026-05-17T18:36:05.688357Z,20260517T183605Z_batch01,CEM1XD2,2026-05-18T12:00:00Z,14 25 32.3,216.38458333333332,+16 54 22,16.90611111111111,139.3,22.3,0.82,239.3,Map/Offsets,https://cgi.minorplanetcenter.net/cgi-bin/confirmeph2.cgi
20260517T183605Z,2026-05-17T18:36:05.688357Z,20260517T183605Z_batch01,CEM1XD2,2026-05-18T13:00:00Z,14 25 29.3,216.3720833333333,+16 53 57,16.899166666666666,139.2,22.3,0.82,239.2,Map/Offsets,https://cgi.minorplanetcenter.net/cgi-bin/confirmeph2.cgi
20260517T183605Z,2026-05-17T18:36:05.688357Z,20260517T183605Z_batch01,CEM1XD2,2026-05-18T14:00:00Z,14 25 26.4,216.35999999999999,+16 53 32,16.892222222222223,139.2,22.3,0.82,239.2,Map/Offsets,https://cgi.minorplanetcenter.net/cgi-bin/confirmeph2.cgi
20260517T183605Z,2026-05-17T18:36:05.688357Z,20260517T183605Z_batch01,CEM1XD2,2026-05-18T15:00:00Z,14 25 23.5,216.34791666666666,+16 53 07,16.885277777777777,139.2,22.3,0.82,239.1,Map/Offsets,https://cgi.minorplanetcenter.net/cgi-bin/confirmeph2.cgi
20260517T183605Z,2026-05-17T18:36:05.688357Z,20260517T183605Z_batch01,CEM1XD2,2026-05-18T16:00:00Z,14 25 20.6,216.3358333333333,+16 52 42,16.878333333333334,139.2,22.3,0.82,239.0,Map/Offsets,https://cgi.minorplanetcenter.net/cgi-bin/confirmeph2.cgi
20260517T183605Z,2026-05-17T18:36:05.688357Z,20260517T183605Z_batch01,CEM1XD2,2026-05-18T17:00:00Z,14 25 17.6,216.32333333333332,+16 52 16,16.871111111111112,139.1,22.3,0.82,239.0,Map/Offsets,https://cgi.minorplanetcenter.net/cgi-bin/confirmeph2.cgi
20260517T183605Z,2026-05-17T18:36:05.688357Z,20260517T183605Z_batch01,S001563,2026-05-17T17:00:00Z,12 58 48.5,194.70208333333335,-27 12 43,-27.211944444444445,143.1,21.7,0.12,202.1,Map/Offsets,https://cgi.minorplanetcenter.net/cgi-bin/confirmeph2.cgi
20260517T183605Z,2026-05-17T18:36:05.688357Z,20260517T183605Z_batch01,S001563,2026-05-17T18:00:00Z,12 58 48.3,194.70125,-27 12 50,-27.21388888888889,143.1,21.7,0.12,201.8,Map/Offsets,https://cgi.minorplanetcenter.net/cgi-bin/confirmeph2.cgi
20260517T183605Z,2026-05-17T18:36:05.688357Z,20260517T183605Z_batch01,S001563,2026-05-17T19:00:00Z,12 58 48.1,194.70041666666668,-27 12 56,-27.215555555555554,143.0,21.7,0.11,201.5,Map/Offsets,https://cgi.minorplanetcenter.net/cgi-bin/confirmeph2.cgi
20260517T183605Z,2026-05-17T18:36:05.688357Z,20260517T183605Z_batch01,S001563,2026-05-17T20:00:00Z,12 58 47.9,194.69958333333335,-27 13 02,-27.21722222222222,143.0,21.7,0.11,201.2,Map/Offsets,https://cgi.minorplanetcenter.net/cgi-bin/confirmeph2.cgi
20260517T183605Z,2026-05-17T18:36:05.688357Z,20260517T183605Z_batch01,S001563,2026-05-17T21:00:00Z,12 58 47.8,194.69916666666668,-27 13 09,-27.219166666666666,143.0,21.7,0.11,200.9,Map/Offsets,https://cgi.minorplanetcenter.net/cgi-bin/confirmeph2.cgi
20260517T183605Z,2026-05-17T18:36:05.688357Z,20260517T183605Z_batch01,S001563,2026-05-17T22:00:00Z,12 58 47.6,194.69833333333332,-27 13 15,-27.22083333333333,142.9,21.7,0.11,200.6,Map/Offsets,https://cgi.minorplanetcenter.net/cgi-bin/confirmeph2.cgi
20260517T183605Z,2026-05-17T18:36:05.688357Z,20260517T183605Z_batch01,S001563,2026-05-17T23:00:00Z,12 58 47.4,194.6975,-27 13 22,-27.222777777777775,142.9,21.7,0.11,200.3,Map/Offsets,https://cgi.minorplanetcenter.net/cgi-bin/confirmeph2.cgi
20260517T183605Z,2026-05-17T18:36:05.688357Z,20260517T183605Z_batch01,S001563,2026-05-18T00:00:00Z,12 58 47.2,194.6966666666667,-27 13 28,-27.224444444444444,142.9,21.7,0.11,199.9,Map/Offsets,https://cgi.minorplanetcenter.net/cgi-bin/confirmeph2.cgi
20260517T183605Z,2026-05-17T18:36:05.688357Z,20260517T183605Z_batch01,S001563,2026-05-18T01:00:00Z,12 58 47.1,194.69625,-27 13 34,-27.22611111111111,142.8,21.7,0.11,199.6,Map/Offsets,https://cgi.minorplanetcenter.net/cgi-bin/confirmeph2.cgi
20260517T183605Z,2026-05-17T18:36:05.688357Z,20260517T183605Z_batch01,S001563,2026-05-18T02:00:00Z,12 58 46.9,194.69541666666666,-27 13 41,-27.228055555555553,142.8,21.7,0.11,199.3,Map/Offsets,https://cgi.minorplanetcenter.net/cgi-bin/confirmeph2.cgi
20260517T183605Z,2026-05-17T18:36:05.688357Z,20260517T183605Z_batch01,S001563,2026-05-18T03:00:00Z,12 58 46.7,194.69458333333333,-27 13 47,-27.22972222222222,142.8,21.7,0.11,199.0,Map/Offsets,https://cgi.minorplanetcenter.net/cgi-bin/confirmeph2.cgi
20260517T183605Z,2026-05-17T18:36:05.688357Z,20260517T183605Z_batch01,S001563,2026-05-18T04:00:00Z,12 58 46.6,194.69416666666666,-27 13 53,-27.231388888888887,142.7,21.7,0.11,198.6,Map/Offsets,https://cgi.minorplanetcenter.net/cgi-bin/confirmeph2.cgi
20260517T183605Z,2026-05-17T18:36:05.688357Z,20260517T183605Z_batch01,S001563,2026-05-18T05:00:00Z,12 58 46.4,194.69333333333333,-27 14 00,-27.233333333333334,142.7,21.7,0.11,198.3,Map/Offsets,https://cgi.minorplanetcenter.net/cgi-bin/confirmeph2.cgi
20260517T183605Z,2026-05-17T18:36:05.688357Z,20260517T183605Z_batch01,S001563,2026-05-18T06:00:00Z,12 58 46.2,194.6925,-27 14 06,-27.235,142.6,21.7,0.11,198.0,Map/Offsets,https://cgi.minorplanetcenter.net/cgi-bin/confirmeph2.cgi
20260517T183605Z,2026-05-17T18:36:05.688357Z,20260517T183605Z_batch01,S001563,2026-05-18T07:00:00Z,12 58 46.1,194.69208333333333,-27 14 13,-27.236944444444447,142.6,21.7,0.11,197.7,Map/Offsets,https://cgi.minorplanetcenter.net/cgi-bin/confirmeph2.cgi
20260517T183605Z,2026-05-17T18:36:05.688357Z,20260517T183605Z_batch01,S001563,2026-05-18T08:00:00Z,12 58 45.9,194.69125,-27 14 19,-27.238611111111112,142.6,21.7,0.11,197.3,Map/Offsets,https://cgi.minorplanetcenter.net/cgi-bin/confirmeph2.cgi
20260517T183605Z,2026-05-17T18:36:05.688357Z,20260517T183605Z_batch01,S001563,2026-05-18T09:00:00Z,12 58 45.8,194.69083333333336,-27 14 25,-27.240277777777777,142.5,21.7,0.11,197.0,Map/Offsets,https://cgi.minorplanetcenter.net/cgi-bin/confirmeph2.cgi
20260517T183605Z,2026-05-17T18:36:05.688357Z,20260517T183605Z_batch01,S001563,2026-05-18T10:00:00Z,12 58 45.6,194.69,-27 14 32,-27.242222222222225,142.5,21.7,0.11,196.6,Map/Offsets,https://cgi.minorplanetcenter.net/cgi-bin/confirmeph2.cgi
20260517T183605Z,2026-05-17T18:36:05.688357Z,20260517T183605Z_batch01,S001563,2026-05-18T11:00:00Z,12 58 45.5,194.68958333333333,-27 14 38,-27.24388888888889,142.5,21.7,0.11,196.3,Map/Offsets,https://cgi.minorplanetcenter.net/cgi-bin/confirmeph2.cgi
20260517T183605Z,2026-05-17T18:36:05.688357Z,20260517T183605Z_batch01,S001563,2026-05-18T12:00:00Z,12 58 45.4,194.68916666666667,-27 14 44,-27.245555555555555,142.4,21.7,0.11,196.0,Map/Offsets,https://cgi.minorplanetcenter.net/cgi-bin/confirmeph2.cgi
20260517T183605Z,2026-05-17T18:36:05.688357Z,20260517T183605Z_batch01,S001563,2026-05-18T13:00:00Z,12 58 45.2,194.68833333333333,-27 14 51,-27.247500000000002,142.4,21.7,0.11,195.6,Map/Offsets,https://cgi.minorplanetcenter.net/cgi-bin/confirmeph2.cgi
20260517T183605Z,2026-05-17T18:36:05.688357Z,20260517T183605Z_batch01,S001563,2026-05-18T14:00:00Z,12 58 45.1,194.6879166666667,-27 14 57,-27.249166666666667,142.4,21.7,0.11,195.3,Map/Offsets,https://cgi.minorplanetcenter.net/cgi-bin/confirmeph2.cgi
20260517T183605Z,2026-05-17T18:36:05.688357Z,20260517T183605Z_batch01,S001563,2026-05-18T15:00:00Z,12 58 45.0,194.6875,-27 15 03,-27.250833333333333,142.3,21.7,0.11,194.9,Map/Offsets,https://cgi.minorplanetcenter.net/cgi-bin/confirmeph2.cgi
20260517T183605Z,2026-05-17T18:36:05.688357Z,20260517T183605Z_batch01,S001563,2026-05-18T16:00:00Z,12 58 44.9,194.68708333333333,-27 15 10,-27.252777777777776,142.3,21.7,0.11,194.6,Map/Offsets,https://cgi.minorplanetcenter.net/cgi-bin/confirmeph2.cgi
20260517T183605Z,2026-05-17T18:36:05.688357Z,20260517T183605Z_batch01,S001563,2026-05-18T17:00:00Z,12 58 44.7,194.68625,-27 15 16,-27.254444444444445,142.3,21.7,0.11,194.2,Map/Offsets,https://cgi.minorplanetcenter.net/cgi-bin/confirmeph2.cgi
