snapshot_id,fetched_at_utc,batch_id,designation,ephem_time_utc,ra_hms,ra_deg,dec_dms,dec_deg,elong_deg,v_mag,motion_arcsec_per_min,pa_deg,uncertainty,source_url
20260528T064818Z,2026-05-28T06:48:18.678490Z,20260528T064818Z_batch01,C1F44U5,2026-05-28T05:00:00Z,16 09 56.4,242.485,+42 15 27,42.2575,116.3,21.7,5.64,119.4,Map/Offsets,https://cgi.minorplanetcenter.net/cgi-bin/confirmeph2.cgi
20260528T064818Z,2026-05-28T06:48:18.678490Z,20260528T064818Z_batch01,C1F44U5,2026-05-28T06:00:00Z,16 10 23.0,242.59583333333336,+42 12 41,42.21138888888889,116.4,21.7,5.62,119.4,Map/Offsets,https://cgi.minorplanetcenter.net/cgi-bin/confirmeph2.cgi
20260528T064818Z,2026-05-28T06:48:18.678490Z,20260528T064818Z_batch01,C1F44U5,2026-05-28T07:00:00Z,16 10 49.3,242.70541666666668,+42 09 55,42.165277777777774,116.4,21.7,5.6,119.5,Map/Offsets,https://cgi.minorplanetcenter.net/cgi-bin/confirmeph2.cgi
20260528T064818Z,2026-05-28T06:48:18.678490Z,20260528T064818Z_batch01,C1F44U5,2026-05-28T08:00:00Z,16 11 15.6,242.81500000000003,+42 07 09,42.119166666666665,116.4,21.7,5.58,119.6,Map/Offsets,https://cgi.minorplanetcenter.net/cgi-bin/confirmeph2.cgi
20260528T064818Z,2026-05-28T06:48:18.678490Z,20260528T064818Z_batch01,C1F44U5,2026-05-28T09:00:00Z,16 11 41.7,242.92375,+42 04 24,42.07333333333334,116.5,21.7,5.56,119.7,Map/Offsets,https://cgi.minorplanetcenter.net/cgi-bin/confirmeph2.cgi
20260528T064818Z,2026-05-28T06:48:18.678490Z,20260528T064818Z_batch01,C1F44U5,2026-05-28T10:00:00Z,16 12 07.7,243.03208333333333,+42 01 38,42.02722222222222,116.5,21.7,5.54,119.8,Map/Offsets,https://cgi.minorplanetcenter.net/cgi-bin/confirmeph2.cgi
20260528T064818Z,2026-05-28T06:48:18.678490Z,20260528T064818Z_batch01,C1F44U5,2026-05-28T11:00:00Z,16 12 33.5,243.13958333333335,+41 58 53,41.981388888888894,116.6,21.8,5.52,119.9,Map/Offsets,https://cgi.minorplanetcenter.net/cgi-bin/confirmeph2.cgi
20260528T064818Z,2026-05-28T06:48:18.678490Z,20260528T064818Z_batch01,C1F44U5,2026-05-28T12:00:00Z,16 12 59.2,243.24666666666667,+41 56 08,41.93555555555555,116.6,21.8,5.5,120.0,Map/Offsets,https://cgi.minorplanetcenter.net/cgi-bin/confirmeph2.cgi
20260528T064818Z,2026-05-28T06:48:18.678490Z,20260528T064818Z_batch01,C1F44U5,2026-05-28T13:00:00Z,16 13 24.7,243.35291666666663,+41 53 23,41.88972222222222,116.6,21.8,5.48,120.1,Map/Offsets,https://cgi.minorplanetcenter.net/cgi-bin/confirmeph2.cgi
20260528T064818Z,2026-05-28T06:48:18.678490Z,20260528T064818Z_batch01,C1F44U5,2026-05-28T14:00:00Z,16 13 50.2,243.45916666666665,+41 50 39,41.844166666666666,116.7,21.8,5.46,120.2,Map/Offsets,https://cgi.minorplanetcenter.net/cgi-bin/confirmeph2.cgi
20260528T064818Z,2026-05-28T06:48:18.678490Z,20260528T064818Z_batch01,C1F44U5,2026-05-28T15:00:00Z,16 14 15.4,243.56416666666667,+41 47 54,41.79833333333333,116.7,21.8,5.44,120.2,Map/Offsets,https://cgi.minorplanetcenter.net/cgi-bin/confirmeph2.cgi
20260528T064818Z,2026-05-28T06:48:18.678490Z,20260528T064818Z_batch01,C1F44U5,2026-05-28T16:00:00Z,16 14 40.6,243.66916666666668,+41 45 10,41.75277777777778,116.8,21.8,5.42,120.3,Map/Offsets,https://cgi.minorplanetcenter.net/cgi-bin/confirmeph2.cgi
20260528T064818Z,2026-05-28T06:48:18.678490Z,20260528T064818Z_batch01,C1F44U5,2026-05-28T17:00:00Z,16 15 05.6,243.7733333333333,+41 42 26,41.70722222222223,116.8,21.8,5.4,120.4,Map/Offsets,https://cgi.minorplanetcenter.net/cgi-bin/confirmeph2.cgi
20260528T064818Z,2026-05-28T06:48:18.678490Z,20260528T064818Z_batch01,C1F44U5,2026-05-28T18:00:00Z,16 15 30.5,243.87708333333336,+41 39 42,41.66166666666666,116.8,21.8,5.38,120.5,Map/Offsets,https://cgi.minorplanetcenter.net/cgi-bin/confirmeph2.cgi
20260528T064818Z,2026-05-28T06:48:18.678490Z,20260528T064818Z_batch01,C1F44U5,2026-05-28T19:00:00Z,16 15 55.3,243.98041666666668,+41 36 58,41.61611111111111,116.9,21.8,5.36,120.6,Map/Offsets,https://cgi.minorplanetcenter.net/cgi-bin/confirmeph2.cgi
20260528T064818Z,2026-05-28T06:48:18.678490Z,20260528T064818Z_batch01,C1F44U5,2026-05-28T20:00:00Z,16 16 19.9,244.08291666666668,+41 34 14,41.57055555555556,116.9,21.8,5.34,120.7,Map/Offsets,https://cgi.minorplanetcenter.net/cgi-bin/confirmeph2.cgi
20260528T064818Z,2026-05-28T06:48:18.678490Z,20260528T064818Z_batch01,C1F44U5,2026-05-28T21:00:00Z,16 16 44.4,244.185,+41 31 31,41.525277777777774,117.0,21.8,5.32,120.8,Map/Offsets,https://cgi.minorplanetcenter.net/cgi-bin/confirmeph2.cgi
20260528T064818Z,2026-05-28T06:48:18.678490Z,20260528T064818Z_batch01,C1F44U5,2026-05-28T22:00:00Z,16 17 08.8,244.28666666666666,+41 28 47,41.47972222222222,117.0,21.8,5.31,120.8,Map/Offsets,https://cgi.minorplanetcenter.net/cgi-bin/confirmeph2.cgi
20260528T064818Z,2026-05-28T06:48:18.678490Z,20260528T064818Z_batch01,C1F44U5,2026-05-28T23:00:00Z,16 17 33.1,244.38791666666668,+41 26 04,41.43444444444444,117.0,21.8,5.29,120.9,Map/Offsets,https://cgi.minorplanetcenter.net/cgi-bin/confirmeph2.cgi
20260528T064818Z,2026-05-28T06:48:18.678490Z,20260528T064818Z_batch01,C1F44U5,2026-05-29T00:00:00Z,16 17 57.2,244.48833333333334,+41 23 21,41.38916666666667,117.1,21.8,5.27,121.0,Map/Offsets,https://cgi.minorplanetcenter.net/cgi-bin/confirmeph2.cgi
20260528T064818Z,2026-05-28T06:48:18.678490Z,20260528T064818Z_batch01,C1F44U5,2026-05-29T01:00:00Z,16 18 21.2,244.58833333333337,+41 20 39,41.344166666666666,117.1,21.8,5.25,121.1,Map/Offsets,https://cgi.minorplanetcenter.net/cgi-bin/confirmeph2.cgi
20260528T064818Z,2026-05-28T06:48:18.678490Z,20260528T064818Z_batch01,C1F44U5,2026-05-29T02:00:00Z,16 18 45.1,244.68791666666667,+41 17 56,41.29888888888889,117.2,21.8,5.23,121.2,Map/Offsets,https://cgi.minorplanetcenter.net/cgi-bin/confirmeph2.cgi
20260528T064818Z,2026-05-28T06:48:18.678490Z,20260528T064818Z_batch01,C1F44U5,2026-05-29T03:00:00Z,16 19 08.9,244.78708333333336,+41 15 14,41.25388888888889,117.2,21.8,5.21,121.3,Map/Offsets,https://cgi.minorplanetcenter.net/cgi-bin/confirmeph2.cgi
20260528T064818Z,2026-05-28T06:48:18.678490Z,20260528T064818Z_batch01,C1F44U5,2026-05-29T04:00:00Z,16 19 32.5,244.88541666666666,+41 12 32,41.20888888888889,117.2,21.8,5.19,121.3,Map/Offsets,https://cgi.minorplanetcenter.net/cgi-bin/confirmeph2.cgi
20260528T064818Z,2026-05-28T06:48:18.678490Z,20260528T064818Z_batch01,C1F44U5,2026-05-29T05:00:00Z,16 19 56.0,244.98333333333332,+41 09 50,41.163888888888884,117.3,21.8,5.17,121.4,Map/Offsets,https://cgi.minorplanetcenter.net/cgi-bin/confirmeph2.cgi
20260528T064818Z,2026-05-28T06:48:18.678490Z,20260528T064818Z_batch01,CEP5YT2,2026-05-28T05:00:00Z,14 16 17.0,214.07083333333335,+38 12 12,38.20333333333333,113.8,21.4,2.81,98.4,Map/Offsets,https://cgi.minorplanetcenter.net/cgi-bin/confirmeph2.cgi
20260528T064818Z,2026-05-28T06:48:18.678490Z,20260528T064818Z_batch01,CEP5YT2,2026-05-28T06:00:00Z,14 16 31.2,214.13000000000002,+38 11 47,38.19638888888888,113.8,21.4,2.83,98.5,Map/Offsets,https://cgi.minorplanetcenter.net/cgi-bin/confirmeph2.cgi
20260528T064818Z,2026-05-28T06:48:18.678490Z,20260528T064818Z_batch01,CEP5YT2,2026-05-28T07:00:00Z,14 16 45.4,214.18916666666667,+38 11 22,38.18944444444444,113.8,21.3,2.85,98.6,Map/Offsets,https://cgi.minorplanetcenter.net/cgi-bin/confirmeph2.cgi
20260528T064818Z,2026-05-28T06:48:18.678490Z,20260528T064818Z_batch01,CEP5YT2,2026-05-28T08:00:00Z,14 16 59.8,214.24916666666667,+38 10 56,38.18222222222222,113.9,21.3,2.87,98.6,Map/Offsets,https://cgi.minorplanetcenter.net/cgi-bin/confirmeph2.cgi
20260528T064818Z,2026-05-28T06:48:18.678490Z,20260528T064818Z_batch01,CEP5YT2,2026-05-28T09:00:00Z,14 17 14.3,214.30958333333334,+38 10 30,38.175,113.9,21.3,2.89,98.7,Map/Offsets,https://cgi.minorplanetcenter.net/cgi-bin/confirmeph2.cgi
20260528T064818Z,2026-05-28T06:48:18.678490Z,20260528T064818Z_batch01,CEP5YT2,2026-05-28T10:00:00Z,14 17 28.9,214.37041666666667,+38 10 04,38.16777777777777,113.9,21.3,2.91,98.8,Map/Offsets,https://cgi.minorplanetcenter.net/cgi-bin/confirmeph2.cgi
20260528T064818Z,2026-05-28T06:48:18.678490Z,20260528T064818Z_batch01,CEP5YT2,2026-05-28T11:00:00Z,14 17 43.5,214.43125,+38 09 37,38.16027777777778,113.9,21.3,2.93,98.8,Map/Offsets,https://cgi.minorplanetcenter.net/cgi-bin/confirmeph2.cgi
20260528T064818Z,2026-05-28T06:48:18.678490Z,20260528T064818Z_batch01,CEP5YT2,2026-05-28T12:00:00Z,14 17 58.3,214.49291666666667,+38 09 10,38.15277777777778,113.9,21.3,2.95,98.9,Map/Offsets,https://cgi.minorplanetcenter.net/cgi-bin/confirmeph2.cgi
20260528T064818Z,2026-05-28T06:48:18.678490Z,20260528T064818Z_batch01,CEP5YT2,2026-05-28T13:00:00Z,14 18 13.2,214.555,+38 08 42,38.144999999999996,113.9,21.3,2.97,99.0,Map/Offsets,https://cgi.minorplanetcenter.net/cgi-bin/confirmeph2.cgi
20260528T064818Z,2026-05-28T06:48:18.678490Z,20260528T064818Z_batch01,CEP5YT2,2026-05-28T14:00:00Z,14 18 28.2,214.6175,+38 08 14,38.13722222222222,113.9,21.3,2.99,99.0,Map/Offsets,https://cgi.minorplanetcenter.net/cgi-bin/confirmeph2.cgi
20260528T064818Z,2026-05-28T06:48:18.678490Z,20260528T064818Z_batch01,CEP5YT2,2026-05-28T15:00:00Z,14 18 43.3,214.68041666666667,+38 07 46,38.129444444444445,113.9,21.3,3.02,99.1,Map/Offsets,https://cgi.minorplanetcenter.net/cgi-bin/confirmeph2.cgi
20260528T064818Z,2026-05-28T06:48:18.678490Z,20260528T064818Z_batch01,CEP5YT2,2026-05-28T16:00:00Z,14 18 58.5,214.74375,+38 07 17,38.12138888888889,113.9,21.3,3.04,99.1,Map/Offsets,https://cgi.minorplanetcenter.net/cgi-bin/confirmeph2.cgi
20260528T064818Z,2026-05-28T06:48:18.678490Z,20260528T064818Z_batch01,CEP5YT2,2026-05-28T17:00:00Z,14 19 13.8,214.80749999999998,+38 06 48,38.11333333333334,113.9,21.3,3.06,99.2,Map/Offsets,https://cgi.minorplanetcenter.net/cgi-bin/confirmeph2.cgi
20260528T064818Z,2026-05-28T06:48:18.678490Z,20260528T064818Z_batch01,CEP5YT2,2026-05-28T18:00:00Z,14 19 29.2,214.87166666666667,+38 06 18,38.105000000000004,113.9,21.3,3.08,99.3,Map/Offsets,https://cgi.minorplanetcenter.net/cgi-bin/confirmeph2.cgi
20260528T064818Z,2026-05-28T06:48:18.678490Z,20260528T064818Z_batch01,CEP5YT2,2026-05-28T19:00:00Z,14 19 44.7,214.93625,+38 05 48,38.09666666666667,113.9,21.3,3.11,99.3,Map/Offsets,https://cgi.minorplanetcenter.net/cgi-bin/confirmeph2.cgi
20260528T064818Z,2026-05-28T06:48:18.678490Z,20260528T064818Z_batch01,CEP5YT2,2026-05-28T20:00:00Z,14 20 00.3,215.00125,+38 05 18,38.08833333333334,114.0,21.2,3.13,99.4,Map/Offsets,https://cgi.minorplanetcenter.net/cgi-bin/confirmeph2.cgi
20260528T064818Z,2026-05-28T06:48:18.678490Z,20260528T064818Z_batch01,CEP5YT2,2026-05-28T21:00:00Z,14 20 16.1,215.06708333333336,+38 04 47,38.07972222222222,114.0,21.2,3.15,99.5,Map/Offsets,https://cgi.minorplanetcenter.net/cgi-bin/confirmeph2.cgi
20260528T064818Z,2026-05-28T06:48:18.678490Z,20260528T064818Z_batch01,CEP5YT2,2026-05-28T22:00:00Z,14 20 31.9,215.1329166666667,+38 04 15,38.07083333333334,114.0,21.2,3.18,99.5,Map/Offsets,https://cgi.minorplanetcenter.net/cgi-bin/confirmeph2.cgi
20260528T064818Z,2026-05-28T06:48:18.678490Z,20260528T064818Z_batch01,CEP5YT2,2026-05-28T23:00:00Z,14 20 47.9,215.19958333333335,+38 03 44,38.06222222222222,114.0,21.2,3.2,99.6,Map/Offsets,https://cgi.minorplanetcenter.net/cgi-bin/confirmeph2.cgi
20260528T064818Z,2026-05-28T06:48:18.678490Z,20260528T064818Z_batch01,CEP5YT2,2026-05-29T00:00:00Z,14 21 04.0,215.26666666666665,+38 03 11,38.05305555555555,114.0,21.2,3.22,99.7,Map/Offsets,https://cgi.minorplanetcenter.net/cgi-bin/confirmeph2.cgi
20260528T064818Z,2026-05-28T06:48:18.678490Z,20260528T064818Z_batch01,CEP5YT2,2026-05-29T01:00:00Z,14 21 20.2,215.33416666666668,+38 02 39,38.04416666666666,114.0,21.2,3.25,99.7,Map/Offsets,https://cgi.minorplanetcenter.net/cgi-bin/confirmeph2.cgi
20260528T064818Z,2026-05-28T06:48:18.678490Z,20260528T064818Z_batch01,CEP5YT2,2026-05-29T02:00:00Z,14 21 36.5,215.40208333333334,+38 02 06,38.035,114.0,21.2,3.27,99.8,Map/Offsets,https://cgi.minorplanetcenter.net/cgi-bin/confirmeph2.cgi
20260528T064818Z,2026-05-28T06:48:18.678490Z,20260528T064818Z_batch01,CEP5YT2,2026-05-29T03:00:00Z,14 21 53.0,215.47083333333333,+38 01 32,38.025555555555556,114.0,21.2,3.3,99.9,Map/Offsets,https://cgi.minorplanetcenter.net/cgi-bin/confirmeph2.cgi
20260528T064818Z,2026-05-28T06:48:18.678490Z,20260528T064818Z_batch01,CEP5YT2,2026-05-29T04:00:00Z,14 22 09.5,215.53958333333333,+38 00 58,38.01611111111111,114.1,21.2,3.32,99.9,Map/Offsets,https://cgi.minorplanetcenter.net/cgi-bin/confirmeph2.cgi
20260528T064818Z,2026-05-28T06:48:18.678490Z,20260528T064818Z_batch01,CEP5YT2,2026-05-29T05:00:00Z,14 22 26.2,215.60916666666668,+38 00 23,38.006388888888885,114.1,21.2,3.35,100.0,Map/Offsets,https://cgi.minorplanetcenter.net/cgi-bin/confirmeph2.cgi
20260528T064818Z,2026-05-28T06:48:18.678490Z,20260528T064818Z_batch01,A11CWPw,2026-05-28T05:00:00Z,22 58 52.7,344.71958333333333,-10 05 00,-10.083333333333334,84.5,18.4,54.6,62.9,Map/Offsets   ***,https://cgi.minorplanetcenter.net/cgi-bin/confirmeph2.cgi
20260528T064818Z,2026-05-28T06:48:18.678490Z,20260528T064818Z_batch01,A11CWPw,2026-05-28T06:00:00Z,23 02 10.8,345.545,-09 39 58,-9.666111111111112,83.6,18.4,55.08,62.8,Map/Offsets   ***,https://cgi.minorplanetcenter.net/cgi-bin/confirmeph2.cgi
20260528T064818Z,2026-05-28T06:48:18.678490Z,20260528T064818Z_batch01,A11CWPw,2026-05-28T07:00:00Z,23 05 30.2,346.3758333333333,-09 14 36,-9.243333333333332,82.7,18.4,55.54,62.6,Map/Offsets   ***,https://cgi.minorplanetcenter.net/cgi-bin/confirmeph2.cgi
20260528T064818Z,2026-05-28T06:48:18.678490Z,20260528T064818Z_batch01,A11CWPw,2026-05-28T08:00:00Z,23 08 50.6,347.2108333333333,-08 48 55,-8.815277777777778,81.9,18.5,55.97,62.5,Map/Offsets   ***,https://cgi.minorplanetcenter.net/cgi-bin/confirmeph2.cgi
20260528T064818Z,2026-05-28T06:48:18.678490Z,20260528T064818Z_batch01,A11CWPw,2026-05-28T09:00:00Z,23 12 12.1,348.05041666666665,-08 22 56,-8.382222222222223,81.0,18.5,56.38,62.4,Map/Offsets   ***,https://cgi.minorplanetcenter.net/cgi-bin/confirmeph2.cgi
20260528T064818Z,2026-05-28T06:48:18.678490Z,20260528T064818Z_batch01,A11CWPw,2026-05-28T10:00:00Z,23 15 34.6,348.8941666666667,-07 56 39,-7.944166666666667,80.1,18.5,56.76,62.3,Map/Offsets   ***,https://cgi.minorplanetcenter.net/cgi-bin/confirmeph2.cgi
20260528T064818Z,2026-05-28T06:48:18.678490Z,20260528T064818Z_batch01,A11CWPw,2026-05-28T11:00:00Z,23 18 57.9,349.74125000000004,-07 30 06,-7.501666666666667,79.2,18.6,57.12,62.1,Map/Offsets   ***,https://cgi.minorplanetcenter.net/cgi-bin/confirmeph2.cgi
20260528T064818Z,2026-05-28T06:48:18.678490Z,20260528T064818Z_batch01,A11CWPw,2026-05-28T12:00:00Z,23 22 22.0,350.59166666666664,-07 03 17,-7.054722222222222,78.2,18.6,57.45,62.0,Map/Offsets   ***,https://cgi.minorplanetcenter.net/cgi-bin/confirmeph2.cgi
20260528T064818Z,2026-05-28T06:48:18.678490Z,20260528T064818Z_batch01,A11CWPw,2026-05-28T13:00:00Z,23 25 46.9,351.4454166666667,-06 36 14,-6.603888888888888,77.3,18.6,57.74,61.9,Map/Offsets   ***,https://cgi.minorplanetcenter.net/cgi-bin/confirmeph2.cgi
20260528T064818Z,2026-05-28T06:48:18.678490Z,20260528T064818Z_batch01,A11CWPw,2026-05-28T14:00:00Z,23 29 12.4,352.3016666666667,-06 08 57,-6.149166666666667,76.4,18.7,58.01,61.8,Map/Offsets   ***,https://cgi.minorplanetcenter.net/cgi-bin/confirmeph2.cgi
20260528T064818Z,2026-05-28T06:48:18.678490Z,20260528T064818Z_batch01,A11CWPw,2026-05-28T15:00:00Z,23 32 38.4,353.16,-05 41 29,-5.6913888888888895,75.5,18.7,58.24,61.8,Map/Offsets   ***,https://cgi.minorplanetcenter.net/cgi-bin/confirmeph2.cgi
20260528T064818Z,2026-05-28T06:48:18.678490Z,20260528T064818Z_batch01,A11CWPw,2026-05-28T16:00:00Z,23 36 04.8,354.02000000000004,-05 13 50,-5.230555555555556,74.6,18.8,58.44,61.7,Map/Offsets   ***,https://cgi.minorplanetcenter.net/cgi-bin/confirmeph2.cgi
20260528T064818Z,2026-05-28T06:48:18.678490Z,20260528T064818Z_batch01,A11CWPw,2026-05-28T17:00:00Z,23 39 31.6,354.8816666666666,-04 46 01,-4.766944444444444,73.6,18.8,58.61,61.6,Map/Offsets   ***,https://cgi.minorplanetcenter.net/cgi-bin/confirmeph2.cgi
20260528T064818Z,2026-05-28T06:48:18.678490Z,20260528T064818Z_batch01,A11CWPw,2026-05-28T18:00:00Z,23 42 58.7,355.7445833333333,-04 18 05,-4.301388888888889,72.7,18.9,58.75,61.5,Map/Offsets   ***,https://cgi.minorplanetcenter.net/cgi-bin/confirmeph2.cgi
20260528T064818Z,2026-05-28T06:48:18.678490Z,20260528T064818Z_batch01,A11CWPw,2026-05-28T19:00:00Z,23 46 25.9,356.60791666666665,-03 50 01,-3.8336111111111113,71.7,18.9,58.85,61.5,Map/Offsets   ***,https://cgi.minorplanetcenter.net/cgi-bin/confirmeph2.cgi
20260528T064818Z,2026-05-28T06:48:18.678490Z,20260528T064818Z_batch01,A11CWPw,2026-05-28T20:00:00Z,23 49 53.2,357.47166666666664,-03 21 52,-3.3644444444444446,70.8,19.0,58.92,61.4,Map/Offsets   ***,https://cgi.minorplanetcenter.net/cgi-bin/confirmeph2.cgi
20260528T064818Z,2026-05-28T06:48:18.678490Z,20260528T064818Z_batch01,A11CWPw,2026-05-28T21:00:00Z,23 53 20.4,358.335,-02 53 38,-2.8938888888888887,69.9,19.0,58.95,61.4,Map/Offsets   ***,https://cgi.minorplanetcenter.net/cgi-bin/confirmeph2.cgi
20260528T064818Z,2026-05-28T06:48:18.678490Z,20260528T064818Z_batch01,A11CWPw,2026-05-28T22:00:00Z,23 56 47.6,359.1983333333333,-02 25 22,-2.4227777777777777,68.9,19.1,58.95,61.3,Map/Offsets   ***,https://cgi.minorplanetcenter.net/cgi-bin/confirmeph2.cgi
20260528T064818Z,2026-05-28T06:48:18.678490Z,20260528T064818Z_batch01,A11CWPw,2026-05-28T23:00:00Z,00 00 14.5,0.06041666666666667,-01 57 04,-1.951111111111111,68.0,19.2,58.91,61.3,Map/Offsets   ***,https://cgi.minorplanetcenter.net/cgi-bin/confirmeph2.cgi
20260528T064818Z,2026-05-28T06:48:18.678490Z,20260528T064818Z_batch01,A11CWPw,2026-05-29T00:00:00Z,00 03 41.2,0.9216666666666667,-01 28 46,-1.4794444444444446,67.1,19.2,58.84,61.3,Map/Offsets   ***,https://cgi.minorplanetcenter.net/cgi-bin/confirmeph2.cgi
20260528T064818Z,2026-05-28T06:48:18.678490Z,20260528T064818Z_batch01,A11CWPw,2026-05-29T01:00:00Z,00 07 07.4,1.7808333333333335,-01 00 30,-1.0083333333333333,66.1,19.3,58.73,61.2,Map/Offsets   ***,https://cgi.minorplanetcenter.net/cgi-bin/confirmeph2.cgi
20260528T064818Z,2026-05-28T06:48:18.678490Z,20260528T064818Z_batch01,A11CWPw,2026-05-29T02:00:00Z,00 10 33.1,2.6379166666666665,-00 32 16,-0.5377777777777778,65.2,19.3,58.59,61.2,Map/Offsets   ***,https://cgi.minorplanetcenter.net/cgi-bin/confirmeph2.cgi
20260528T064818Z,2026-05-28T06:48:18.678490Z,20260528T064818Z_batch01,A11CWPw,2026-05-29T03:00:00Z,00 13 58.3,3.492916666666667,-00 04 07,-0.06861111111111111,64.2,19.4,58.42,61.2,Map/Offsets   ***,https://cgi.minorplanetcenter.net/cgi-bin/confirmeph2.cgi
20260528T064818Z,2026-05-28T06:48:18.678490Z,20260528T064818Z_batch01,A11CWPw,2026-05-29T04:00:00Z,00 17 22.8,4.345000000000001,+00 23 57,0.39916666666666667,63.3,19.5,58.22,61.2,Map/Offsets   ***,https://cgi.minorplanetcenter.net/cgi-bin/confirmeph2.cgi
20260528T064818Z,2026-05-28T06:48:18.678490Z,20260528T064818Z_batch01,A11CWPw,2026-05-29T05:00:00Z,00 20 46.5,5.19375,+00 51 55,0.8652777777777777,62.4,19.5,57.98,61.2,Map/Offsets   ***,https://cgi.minorplanetcenter.net/cgi-bin/confirmeph2.cgi
20260528T064818Z,2026-05-28T06:48:18.678490Z,20260528T064818Z_batch01,C1F4195,2026-05-28T05:00:00Z,16 08 28.3,242.11791666666667,+10 04 01,10.066944444444443,148.4,22.6,3.0,11.7,Map/Offsets,https://cgi.minorplanetcenter.net/cgi-bin/confirmeph2.cgi
20260528T064818Z,2026-05-28T06:48:18.678490Z,20260528T064818Z_batch01,C1F4195,2026-05-28T06:00:00Z,16 08 30.8,242.12833333333333,+10 06 56,10.115555555555556,148.4,22.6,2.97,11.7,Map/Offsets,https://cgi.minorplanetcenter.net/cgi-bin/confirmeph2.cgi
20260528T064818Z,2026-05-28T06:48:18.678490Z,20260528T064818Z_batch01,C1F4195,2026-05-28T07:00:00Z,16 08 33.2,242.1383333333333,+10 09 50,10.16388888888889,148.3,22.6,2.94,11.7,Map/Offsets,https://cgi.minorplanetcenter.net/cgi-bin/confirmeph2.cgi
20260528T064818Z,2026-05-28T06:48:18.678490Z,20260528T064818Z_batch01,C1F4195,2026-05-28T08:00:00Z,16 08 35.6,242.1483333333333,+10 12 42,10.211666666666666,148.3,22.6,2.92,11.7,Map/Offsets,https://cgi.minorplanetcenter.net/cgi-bin/confirmeph2.cgi
20260528T064818Z,2026-05-28T06:48:18.678490Z,20260528T064818Z_batch01,C1F4195,2026-05-28T09:00:00Z,16 08 38.0,242.15833333333333,+10 15 33,10.259166666666667,148.2,22.6,2.89,11.7,Map/Offsets,https://cgi.minorplanetcenter.net/cgi-bin/confirmeph2.cgi
20260528T064818Z,2026-05-28T06:48:18.678490Z,20260528T064818Z_batch01,C1F4195,2026-05-28T10:00:00Z,16 08 40.4,242.16833333333335,+10 18 22,10.306111111111111,148.1,22.6,2.86,11.7,Map/Offsets,https://cgi.minorplanetcenter.net/cgi-bin/confirmeph2.cgi
20260528T064818Z,2026-05-28T06:48:18.678490Z,20260528T064818Z_batch01,C1F4195,2026-05-28T11:00:00Z,16 08 42.7,242.17791666666668,+10 21 09,10.3525,148.1,22.6,2.84,11.8,Map/Offsets,https://cgi.minorplanetcenter.net/cgi-bin/confirmeph2.cgi
20260528T064818Z,2026-05-28T06:48:18.678490Z,20260528T064818Z_batch01,C1F4195,2026-05-28T12:00:00Z,16 08 45.1,242.18791666666664,+10 23 55,10.39861111111111,148.0,22.6,2.81,11.8,Map/Offsets,https://cgi.minorplanetcenter.net/cgi-bin/confirmeph2.cgi
20260528T064818Z,2026-05-28T06:48:18.678490Z,20260528T064818Z_batch01,C1F4195,2026-05-28T13:00:00Z,16 08 47.4,242.1975,+10 26 39,10.444166666666668,148.0,22.6,2.79,11.8,Map/Offsets,https://cgi.minorplanetcenter.net/cgi-bin/confirmeph2.cgi
20260528T064818Z,2026-05-28T06:48:18.678490Z,20260528T064818Z_batch01,C1F4195,2026-05-28T14:00:00Z,16 08 49.7,242.20708333333334,+10 29 22,10.489444444444443,147.9,22.7,2.76,11.8,Map/Offsets,https://cgi.minorplanetcenter.net/cgi-bin/confirmeph2.cgi
20260528T064818Z,2026-05-28T06:48:18.678490Z,20260528T064818Z_batch01,C1F4195,2026-05-28T15:00:00Z,16 08 52.0,242.21666666666664,+10 32 04,10.534444444444444,147.9,22.7,2.74,11.8,Map/Offsets,https://cgi.minorplanetcenter.net/cgi-bin/confirmeph2.cgi
20260528T064818Z,2026-05-28T06:48:18.678490Z,20260528T064818Z_batch01,C1F4195,2026-05-28T16:00:00Z,16 08 54.3,242.22625,+10 34 44,10.578888888888889,147.8,22.7,2.71,11.8,Map/Offsets,https://cgi.minorplanetcenter.net/cgi-bin/confirmeph2.cgi
20260528T064818Z,2026-05-28T06:48:18.678490Z,20260528T064818Z_batch01,C1F4195,2026-05-28T17:00:00Z,16 08 56.5,242.23541666666668,+10 37 22,10.622777777777777,147.8,22.7,2.69,11.9,Map/Offsets,https://cgi.minorplanetcenter.net/cgi-bin/confirmeph2.cgi
20260528T064818Z,2026-05-28T06:48:18.678490Z,20260528T064818Z_batch01,C1F4195,2026-05-28T18:00:00Z,16 08 58.8,242.24499999999998,+10 39 59,10.66638888888889,147.7,22.7,2.66,11.9,Map/Offsets,https://cgi.minorplanetcenter.net/cgi-bin/confirmeph2.cgi
20260528T064818Z,2026-05-28T06:48:18.678490Z,20260528T064818Z_batch01,C1F4195,2026-05-28T19:00:00Z,16 09 01.0,242.25416666666666,+10 42 35,10.709722222222222,147.7,22.7,2.64,11.9,Map/Offsets,https://cgi.minorplanetcenter.net/cgi-bin/confirmeph2.cgi
20260528T064818Z,2026-05-28T06:48:18.678490Z,20260528T064818Z_batch01,C1F4195,2026-05-28T20:00:00Z,16 09 03.2,242.2633333333333,+10 45 09,10.7525,147.6,22.7,2.62,11.9,Map/Offsets,https://cgi.minorplanetcenter.net/cgi-bin/confirmeph2.cgi
20260528T064818Z,2026-05-28T06:48:18.678490Z,20260528T064818Z_batch01,C1F4195,2026-05-28T21:00:00Z,16 09 05.4,242.27249999999998,+10 47 42,10.795,147.6,22.7,2.59,11.9,Map/Offsets,https://cgi.minorplanetcenter.net/cgi-bin/confirmeph2.cgi
20260528T064818Z,2026-05-28T06:48:18.678490Z,20260528T064818Z_batch01,C1F4195,2026-05-28T22:00:00Z,16 09 07.6,242.28166666666667,+10 50 14,10.837222222222223,147.5,22.7,2.57,11.9,Map/Offsets,https://cgi.minorplanetcenter.net/cgi-bin/confirmeph2.cgi
20260528T064818Z,2026-05-28T06:48:18.678490Z,20260528T064818Z_batch01,C1F4195,2026-05-28T23:00:00Z,16 09 09.7,242.29041666666663,+10 52 44,10.87888888888889,147.5,22.7,2.55,12.0,Map/Offsets,https://cgi.minorplanetcenter.net/cgi-bin/confirmeph2.cgi
20260528T064818Z,2026-05-28T06:48:18.678490Z,20260528T064818Z_batch01,C1F4195,2026-05-29T00:00:00Z,16 09 11.9,242.29958333333332,+10 55 13,10.920277777777777,147.4,22.8,2.53,12.0,Map/Offsets,https://cgi.minorplanetcenter.net/cgi-bin/confirmeph2.cgi
20260528T064818Z,2026-05-28T06:48:18.678490Z,20260528T064818Z_batch01,C1F4195,2026-05-29T01:00:00Z,16 09 14.0,242.30833333333328,+10 57 41,10.961388888888887,147.4,22.8,2.5,12.0,Map/Offsets,https://cgi.minorplanetcenter.net/cgi-bin/confirmeph2.cgi
20260528T064818Z,2026-05-28T06:48:18.678490Z,20260528T064818Z_batch01,C1F4195,2026-05-29T02:00:00Z,16 09 16.1,242.31708333333333,+11 00 07,11.001944444444444,147.3,22.8,2.48,12.0,Map/Offsets,https://cgi.minorplanetcenter.net/cgi-bin/confirmeph2.cgi
20260528T064818Z,2026-05-28T06:48:18.678490Z,20260528T064818Z_batch01,C1F4195,2026-05-29T03:00:00Z,16 09 18.2,242.3258333333333,+11 02 32,11.042222222222222,147.3,22.8,2.46,12.0,Map/Offsets,https://cgi.minorplanetcenter.net/cgi-bin/confirmeph2.cgi
20260528T064818Z,2026-05-28T06:48:18.678490Z,20260528T064818Z_batch01,C1F4195,2026-05-29T04:00:00Z,16 09 20.3,242.3345833333333,+11 04 56,11.082222222222223,147.2,22.8,2.44,12.0,Map/Offsets,https://cgi.minorplanetcenter.net/cgi-bin/confirmeph2.cgi
20260528T064818Z,2026-05-28T06:48:18.678490Z,20260528T064818Z_batch01,C1F4195,2026-05-29T05:00:00Z,16 09 22.4,242.34333333333333,+11 07 19,11.121944444444445,147.2,22.8,2.42,12.1,Map/Offsets,https://cgi.minorplanetcenter.net/cgi-bin/confirmeph2.cgi
20260528T064818Z,2026-05-28T06:48:18.678490Z,20260528T064818Z_batch01,P12nfxd,2026-05-28T05:00:00Z,17 48 04.6,267.01916666666665,+17 07 35,17.12638888888889,135.7,21.9,1.17,329.5,Map/Offsets,https://cgi.minorplanetcenter.net/cgi-bin/confirmeph2.cgi
20260528T064818Z,2026-05-28T06:48:18.678490Z,20260528T064818Z_batch01,P12nfxd,2026-05-28T06:00:00Z,17 48 02.1,267.00875,+17 08 35,17.143055555555556,135.7,21.9,1.17,329.4,Map/Offsets,https://cgi.minorplanetcenter.net/cgi-bin/confirmeph2.cgi
20260528T064818Z,2026-05-28T06:48:18.678490Z,20260528T064818Z_batch01,P12nfxd,2026-05-28T07:00:00Z,17 47 59.7,266.99875000000003,+17 09 35,17.15972222222222,135.7,21.9,1.16,329.4,Map/Offsets,https://cgi.minorplanetcenter.net/cgi-bin/confirmeph2.cgi
20260528T064818Z,2026-05-28T06:48:18.678490Z,20260528T064818Z_batch01,P12nfxd,2026-05-28T08:00:00Z,17 47 57.2,266.98833333333334,+17 10 35,17.17638888888889,135.7,21.9,1.16,329.3,Map/Offsets,https://cgi.minorplanetcenter.net/cgi-bin/confirmeph2.cgi
20260528T064818Z,2026-05-28T06:48:18.678490Z,20260528T064818Z_batch01,P12nfxd,2026-05-28T09:00:00Z,17 47 54.7,266.97791666666666,+17 11 35,17.193055555555556,135.7,21.9,1.16,329.2,Map/Offsets,https://cgi.minorplanetcenter.net/cgi-bin/confirmeph2.cgi
20260528T064818Z,2026-05-28T06:48:18.678490Z,20260528T064818Z_batch01,P12nfxd,2026-05-28T10:00:00Z,17 47 52.2,266.96750000000003,+17 12 34,17.209444444444443,135.7,21.9,1.16,329.1,Map/Offsets,https://cgi.minorplanetcenter.net/cgi-bin/confirmeph2.cgi
20260528T064818Z,2026-05-28T06:48:18.678490Z,20260528T064818Z_batch01,P12nfxd,2026-05-28T11:00:00Z,17 47 49.7,266.9570833333334,+17 13 34,17.22611111111111,135.7,21.9,1.15,329.0,Map/Offsets,https://cgi.minorplanetcenter.net/cgi-bin/confirmeph2.cgi
20260528T064818Z,2026-05-28T06:48:18.678490Z,20260528T064818Z_batch01,P12nfxd,2026-05-28T12:00:00Z,17 47 47.2,266.9466666666667,+17 14 33,17.2425,135.7,21.9,1.15,328.9,Map/Offsets,https://cgi.minorplanetcenter.net/cgi-bin/confirmeph2.cgi
20260528T064818Z,2026-05-28T06:48:18.678490Z,20260528T064818Z_batch01,P12nfxd,2026-05-28T13:00:00Z,17 47 44.8,266.93666666666667,+17 15 32,17.25888888888889,135.7,21.9,1.15,328.9,Map/Offsets,https://cgi.minorplanetcenter.net/cgi-bin/confirmeph2.cgi
20260528T064818Z,2026-05-28T06:48:18.678490Z,20260528T064818Z_batch01,P12nfxd,2026-05-28T14:00:00Z,17 47 42.3,266.92625000000004,+17 16 31,17.275277777777777,135.7,21.9,1.15,328.8,Map/Offsets,https://cgi.minorplanetcenter.net/cgi-bin/confirmeph2.cgi
20260528T064818Z,2026-05-28T06:48:18.678490Z,20260528T064818Z_batch01,P12nfxd,2026-05-28T15:00:00Z,17 47 39.8,266.91583333333335,+17 17 30,17.291666666666668,135.7,21.9,1.14,328.7,Map/Offsets,https://cgi.minorplanetcenter.net/cgi-bin/confirmeph2.cgi
20260528T064818Z,2026-05-28T06:48:18.678490Z,20260528T064818Z_batch01,P12nfxd,2026-05-28T16:00:00Z,17 47 37.3,266.9054166666667,+17 18 28,17.30777777777778,135.7,21.9,1.14,328.6,Map/Offsets,https://cgi.minorplanetcenter.net/cgi-bin/confirmeph2.cgi
20260528T064818Z,2026-05-28T06:48:18.678490Z,20260528T064818Z_batch01,P12nfxd,2026-05-28T17:00:00Z,17 47 34.8,266.89500000000004,+17 19 27,17.324166666666667,135.8,21.9,1.14,328.5,Map/Offsets,https://cgi.minorplanetcenter.net/cgi-bin/confirmeph2.cgi
20260528T064818Z,2026-05-28T06:48:18.678490Z,20260528T064818Z_batch01,P12nfxd,2026-05-28T18:00:00Z,17 47 32.3,266.88458333333335,+17 20 25,17.340277777777775,135.8,21.9,1.14,328.5,Map/Offsets,https://cgi.minorplanetcenter.net/cgi-bin/confirmeph2.cgi
20260528T064818Z,2026-05-28T06:48:18.678490Z,20260528T064818Z_batch01,P12nfxd,2026-05-28T19:00:00Z,17 47 29.8,266.87416666666667,+17 21 23,17.35638888888889,135.8,21.9,1.13,328.4,Map/Offsets,https://cgi.minorplanetcenter.net/cgi-bin/confirmeph2.cgi
20260528T064818Z,2026-05-28T06:48:18.678490Z,20260528T064818Z_batch01,P12nfxd,2026-05-28T20:00:00Z,17 47 27.3,266.86375000000004,+17 22 21,17.3725,135.8,21.9,1.13,328.3,Map/Offsets,https://cgi.minorplanetcenter.net/cgi-bin/confirmeph2.cgi
20260528T064818Z,2026-05-28T06:48:18.678490Z,20260528T064818Z_batch01,P12nfxd,2026-05-28T21:00:00Z,17 47 24.8,266.85333333333335,+17 23 18,17.388333333333332,135.8,21.9,1.13,328.2,Map/Offsets,https://cgi.minorplanetcenter.net/cgi-bin/confirmeph2.cgi
20260528T064818Z,2026-05-28T06:48:18.678490Z,20260528T064818Z_batch01,P12nfxd,2026-05-28T22:00:00Z,17 47 22.3,266.84291666666667,+17 24 16,17.404444444444444,135.8,21.9,1.13,328.1,Map/Offsets,https://cgi.minorplanetcenter.net/cgi-bin/confirmeph2.cgi
20260528T064818Z,2026-05-28T06:48:18.678490Z,20260528T064818Z_batch01,P12nfxd,2026-05-28T23:00:00Z,17 47 19.8,266.83250000000004,+17 25 13,17.42027777777778,135.8,21.9,1.12,328.0,Map/Offsets,https://cgi.minorplanetcenter.net/cgi-bin/confirmeph2.cgi
20260528T064818Z,2026-05-28T06:48:18.678490Z,20260528T064818Z_batch01,P12nfxd,2026-05-29T00:00:00Z,17 47 17.3,266.82208333333335,+17 26 10,17.43611111111111,135.8,21.9,1.12,328.0,Map/Offsets,https://cgi.minorplanetcenter.net/cgi-bin/confirmeph2.cgi
20260528T064818Z,2026-05-28T06:48:18.678490Z,20260528T064818Z_batch01,P12nfxd,2026-05-29T01:00:00Z,17 47 14.8,266.8116666666667,+17 27 07,17.451944444444443,135.8,22.0,1.12,327.9,Map/Offsets,https://cgi.minorplanetcenter.net/cgi-bin/confirmeph2.cgi
20260528T064818Z,2026-05-28T06:48:18.678490Z,20260528T064818Z_batch01,P12nfxd,2026-05-29T02:00:00Z,17 47 12.3,266.80125000000004,+17 28 04,17.467777777777776,135.8,22.0,1.12,327.8,Map/Offsets,https://cgi.minorplanetcenter.net/cgi-bin/confirmeph2.cgi
20260528T064818Z,2026-05-28T06:48:18.678490Z,20260528T064818Z_batch01,P12nfxd,2026-05-29T03:00:00Z,17 47 09.9,266.79125,+17 29 01,17.483611111111113,135.8,22.0,1.11,327.7,Map/Offsets,https://cgi.minorplanetcenter.net/cgi-bin/confirmeph2.cgi
20260528T064818Z,2026-05-28T06:48:18.678490Z,20260528T064818Z_batch01,P12nfxd,2026-05-29T04:00:00Z,17 47 07.4,266.78083333333336,+17 29 57,17.499166666666667,135.8,22.0,1.11,327.6,Map/Offsets,https://cgi.minorplanetcenter.net/cgi-bin/confirmeph2.cgi
20260528T064818Z,2026-05-28T06:48:18.678490Z,20260528T064818Z_batch01,P12nfxd,2026-05-29T05:00:00Z,17 47 04.9,266.77041666666673,+17 30 53,17.514722222222222,135.8,22.0,1.11,327.5,Map/Offsets,https://cgi.minorplanetcenter.net/cgi-bin/confirmeph2.cgi
20260528T064818Z,2026-05-28T06:48:18.678490Z,20260528T064818Z_batch01,C1F32J5,2026-05-28T05:00:00Z,17 10 56.1,257.73375,+16 59 12,16.986666666666668,139.5,22.0,4.99,355.1,Map/Offsets,https://cgi.minorplanetcenter.net/cgi-bin/confirmeph2.cgi
20260528T064818Z,2026-05-28T06:48:18.678490Z,20260528T064818Z_batch01,C1F32J5,2026-05-28T06:00:00Z,17 10 54.4,257.7266666666667,+17 04 10,17.069444444444443,139.5,22.0,4.98,355.1,Map/Offsets,https://cgi.minorplanetcenter.net/cgi-bin/confirmeph2.cgi
20260528T064818Z,2026-05-28T06:48:18.678490Z,20260528T064818Z_batch01,C1F32J5,2026-05-28T07:00:00Z,17 10 52.6,257.7191666666667,+17 09 08,17.15222222222222,139.4,22.0,4.98,355.0,Map/Offsets,https://cgi.minorplanetcenter.net/cgi-bin/confirmeph2.cgi
20260528T064818Z,2026-05-28T06:48:18.678490Z,20260528T064818Z_batch01,C1F32J5,2026-05-28T08:00:00Z,17 10 50.8,257.71166666666664,+17 14 06,17.235,139.3,22.0,4.98,355.0,Map/Offsets,https://cgi.minorplanetcenter.net/cgi-bin/confirmeph2.cgi
20260528T064818Z,2026-05-28T06:48:18.678490Z,20260528T064818Z_batch01,C1F32J5,2026-05-28T09:00:00Z,17 10 48.9,257.70375,+17 19 03,17.3175,139.3,22.0,4.98,355.0,Map/Offsets,https://cgi.minorplanetcenter.net/cgi-bin/confirmeph2.cgi
20260528T064818Z,2026-05-28T06:48:18.678490Z,20260528T064818Z_batch01,C1F32J5,2026-05-28T10:00:00Z,17 10 47.1,257.69625,+17 24 00,17.4,139.2,22.0,4.97,355.0,Map/Offsets,https://cgi.minorplanetcenter.net/cgi-bin/confirmeph2.cgi
20260528T064818Z,2026-05-28T06:48:18.678490Z,20260528T064818Z_batch01,C1F32J5,2026-05-28T11:00:00Z,17 10 45.3,257.68874999999997,+17 28 58,17.482777777777777,139.1,22.0,4.97,355.0,Map/Offsets,https://cgi.minorplanetcenter.net/cgi-bin/confirmeph2.cgi
20260528T064818Z,2026-05-28T06:48:18.678490Z,20260528T064818Z_batch01,C1F32J5,2026-05-28T12:00:00Z,17 10 43.5,257.68125000000003,+17 33 55,17.56527777777778,139.1,22.0,4.97,355.0,Map/Offsets,https://cgi.minorplanetcenter.net/cgi-bin/confirmeph2.cgi
20260528T064818Z,2026-05-28T06:48:18.678490Z,20260528T064818Z_batch01,C1F32J5,2026-05-28T13:00:00Z,17 10 41.7,257.67375000000004,+17 38 51,17.6475,139.0,22.0,4.96,355.0,Map/Offsets,https://cgi.minorplanetcenter.net/cgi-bin/confirmeph2.cgi
20260528T064818Z,2026-05-28T06:48:18.678490Z,20260528T064818Z_batch01,C1F32J5,2026-05-28T14:00:00Z,17 10 39.9,257.66625,+17 43 48,17.729999999999997,138.9,22.0,4.96,355.0,Map/Offsets,https://cgi.minorplanetcenter.net/cgi-bin/confirmeph2.cgi
20260528T064818Z,2026-05-28T06:48:18.678490Z,20260528T064818Z_batch01,C1F32J5,2026-05-28T15:00:00Z,17 10 38.0,257.65833333333336,+17 48 44,17.81222222222222,138.8,22.0,4.96,355.0,Map/Offsets,https://cgi.minorplanetcenter.net/cgi-bin/confirmeph2.cgi
20260528T064818Z,2026-05-28T06:48:18.678490Z,20260528T064818Z_batch01,C1F32J5,2026-05-28T16:00:00Z,17 10 36.2,257.65083333333337,+17 53 40,17.894444444444446,138.8,22.1,4.95,355.0,Map/Offsets,https://cgi.minorplanetcenter.net/cgi-bin/confirmeph2.cgi
20260528T064818Z,2026-05-28T06:48:18.678490Z,20260528T064818Z_batch01,C1F32J5,2026-05-28T17:00:00Z,17 10 34.4,257.6433333333333,+17 58 36,17.976666666666667,138.7,22.1,4.95,354.9,Map/Offsets,https://cgi.minorplanetcenter.net/cgi-bin/confirmeph2.cgi
20260528T064818Z,2026-05-28T06:48:18.678490Z,20260528T064818Z_batch01,C1F32J5,2026-05-28T18:00:00Z,17 10 32.5,257.6354166666667,+18 03 32,18.05888888888889,138.6,22.1,4.95,354.9,Map/Offsets,https://cgi.minorplanetcenter.net/cgi-bin/confirmeph2.cgi
20260528T064818Z,2026-05-28T06:48:18.678490Z,20260528T064818Z_batch01,C1F32J5,2026-05-28T19:00:00Z,17 10 30.7,257.6279166666667,+18 08 28,18.141111111111112,138.6,22.1,4.94,354.9,Map/Offsets,https://cgi.minorplanetcenter.net/cgi-bin/confirmeph2.cgi
20260528T064818Z,2026-05-28T06:48:18.678490Z,20260528T064818Z_batch01,C1F32J5,2026-05-28T20:00:00Z,17 10 28.9,257.62041666666664,+18 13 23,18.223055555555554,138.5,22.1,4.94,354.9,Map/Offsets,https://cgi.minorplanetcenter.net/cgi-bin/confirmeph2.cgi
20260528T064818Z,2026-05-28T06:48:18.678490Z,20260528T064818Z_batch01,C1F32J5,2026-05-28T21:00:00Z,17 10 27.0,257.6125,+18 18 18,18.305,138.4,22.1,4.94,354.9,Map/Offsets,https://cgi.minorplanetcenter.net/cgi-bin/confirmeph2.cgi
20260528T064818Z,2026-05-28T06:48:18.678490Z,20260528T064818Z_batch01,C1F32J5,2026-05-28T22:00:00Z,17 10 25.1,257.6045833333334,+18 23 13,18.386944444444445,138.4,22.1,4.93,354.9,Map/Offsets,https://cgi.minorplanetcenter.net/cgi-bin/confirmeph2.cgi
20260528T064818Z,2026-05-28T06:48:18.678490Z,20260528T064818Z_batch01,C1F32J5,2026-05-28T23:00:00Z,17 10 23.3,257.59708333333333,+18 28 08,18.468888888888888,138.3,22.1,4.93,354.9,Map/Offsets,https://cgi.minorplanetcenter.net/cgi-bin/confirmeph2.cgi
20260528T064818Z,2026-05-28T06:48:18.678490Z,20260528T064818Z_batch01,C1F32J5,2026-05-29T00:00:00Z,17 10 21.4,257.5891666666667,+18 33 03,18.550833333333333,138.2,22.1,4.93,354.9,Map/Offsets,https://cgi.minorplanetcenter.net/cgi-bin/confirmeph2.cgi
20260528T064818Z,2026-05-28T06:48:18.678490Z,20260528T064818Z_batch01,C1F32J5,2026-05-29T01:00:00Z,17 10 19.6,257.58166666666665,+18 37 57,18.6325,138.1,22.1,4.92,354.9,Map/Offsets,https://cgi.minorplanetcenter.net/cgi-bin/confirmeph2.cgi
20260528T064818Z,2026-05-28T06:48:18.678490Z,20260528T064818Z_batch01,C1F32J5,2026-05-29T02:00:00Z,17 10 17.7,257.57375,+18 42 51,18.714166666666667,138.1,22.1,4.92,354.8,Map/Offsets,https://cgi.minorplanetcenter.net/cgi-bin/confirmeph2.cgi
20260528T064818Z,2026-05-28T06:48:18.678490Z,20260528T064818Z_batch01,C1F32J5,2026-05-29T03:00:00Z,17 10 15.8,257.5658333333334,+18 47 45,18.795833333333334,138.0,22.1,4.92,354.8,Map/Offsets,https://cgi.minorplanetcenter.net/cgi-bin/confirmeph2.cgi
20260528T064818Z,2026-05-28T06:48:18.678490Z,20260528T064818Z_batch01,C1F32J5,2026-05-29T04:00:00Z,17 10 14.0,257.55833333333334,+18 52 39,18.8775,137.9,22.1,4.91,354.8,Map/Offsets,https://cgi.minorplanetcenter.net/cgi-bin/confirmeph2.cgi
20260528T064818Z,2026-05-28T06:48:18.678490Z,20260528T064818Z_batch01,C1F32J5,2026-05-29T05:00:00Z,17 10 12.1,257.5504166666667,+18 57 33,18.959166666666665,137.9,22.1,4.91,354.8,Map/Offsets,https://cgi.minorplanetcenter.net/cgi-bin/confirmeph2.cgi
20260528T064818Z,2026-05-28T06:48:18.678490Z,20260528T064818Z_batch01,C1F3245,2026-05-28T05:00:00Z,16 58 30.8,254.62833333333333,+10 26 48,10.446666666666667,146.7,22.6,0.85,253.3,Map/Offsets,https://cgi.minorplanetcenter.net/cgi-bin/confirmeph2.cgi
20260528T064818Z,2026-05-28T06:48:18.678490Z,20260528T064818Z_batch01,C1F3245,2026-05-28T06:00:00Z,16 58 27.5,254.6145833333333,+10 26 33,10.4425,146.7,22.6,0.85,253.2,Map/Offsets,https://cgi.minorplanetcenter.net/cgi-bin/confirmeph2.cgi
20260528T064818Z,2026-05-28T06:48:18.678490Z,20260528T064818Z_batch01,C1F3245,2026-05-28T07:00:00Z,16 58 24.2,254.60083333333333,+10 26 19,10.438611111111111,146.7,22.6,0.85,253.2,Map/Offsets,https://cgi.minorplanetcenter.net/cgi-bin/confirmeph2.cgi
20260528T064818Z,2026-05-28T06:48:18.678490Z,20260528T064818Z_batch01,C1F3245,2026-05-28T08:00:00Z,16 58 20.9,254.58708333333328,+10 26 04,10.434444444444445,146.7,22.6,0.85,253.1,Map/Offsets,https://cgi.minorplanetcenter.net/cgi-bin/confirmeph2.cgi
20260528T064818Z,2026-05-28T06:48:18.678490Z,20260528T064818Z_batch01,C1F3245,2026-05-28T09:00:00Z,16 58 17.5,254.57291666666666,+10 25 49,10.430277777777777,146.7,22.6,0.85,253.1,Map/Offsets,https://cgi.minorplanetcenter.net/cgi-bin/confirmeph2.cgi
20260528T064818Z,2026-05-28T06:48:18.678490Z,20260528T064818Z_batch01,C1F3245,2026-05-28T10:00:00Z,16 58 14.2,254.5591666666666,+10 25 34,10.42611111111111,146.8,22.6,0.85,253.0,Map/Offsets,https://cgi.minorplanetcenter.net/cgi-bin/confirmeph2.cgi
20260528T064818Z,2026-05-28T06:48:18.678490Z,20260528T064818Z_batch01,C1F3245,2026-05-28T11:00:00Z,16 58 10.9,254.54541666666665,+10 25 19,10.421944444444444,146.8,22.6,0.86,253.0,Map/Offsets,https://cgi.minorplanetcenter.net/cgi-bin/confirmeph2.cgi
20260528T064818Z,2026-05-28T06:48:18.678490Z,20260528T064818Z_batch01,C1F3245,2026-05-28T12:00:00Z,16 58 07.6,254.53166666666667,+10 25 04,10.417777777777777,146.8,22.6,0.86,252.9,Map/Offsets,https://cgi.minorplanetcenter.net/cgi-bin/confirmeph2.cgi
20260528T064818Z,2026-05-28T06:48:18.678490Z,20260528T064818Z_batch01,C1F3245,2026-05-28T13:00:00Z,16 58 04.2,254.51749999999998,+10 24 49,10.413611111111111,146.8,22.6,0.86,252.9,Map/Offsets,https://cgi.minorplanetcenter.net/cgi-bin/confirmeph2.cgi
20260528T064818Z,2026-05-28T06:48:18.678490Z,20260528T064818Z_batch01,C1F3245,2026-05-28T14:00:00Z,16 58 00.9,254.50375,+10 24 34,10.409444444444444,146.8,22.6,0.86,252.8,Map/Offsets,https://cgi.minorplanetcenter.net/cgi-bin/confirmeph2.cgi
20260528T064818Z,2026-05-28T06:48:18.678490Z,20260528T064818Z_batch01,C1F3245,2026-05-28T15:00:00Z,16 57 57.6,254.48999999999995,+10 24 19,10.405277777777778,146.8,22.6,0.86,252.8,Map/Offsets,https://cgi.minorplanetcenter.net/cgi-bin/confirmeph2.cgi
20260528T064818Z,2026-05-28T06:48:18.678490Z,20260528T064818Z_batch01,C1F3245,2026-05-28T16:00:00Z,16 57 54.2,254.47583333333333,+10 24 03,10.400833333333333,146.8,22.6,0.86,252.8,Map/Offsets,https://cgi.minorplanetcenter.net/cgi-bin/confirmeph2.cgi
20260528T064818Z,2026-05-28T06:48:18.678490Z,20260528T064818Z_batch01,C1F3245,2026-05-28T17:00:00Z,16 57 50.9,254.46208333333334,+10 23 48,10.396666666666667,146.9,22.6,0.86,252.7,Map/Offsets,https://cgi.minorplanetcenter.net/cgi-bin/confirmeph2.cgi
20260528T064818Z,2026-05-28T06:48:18.678490Z,20260528T064818Z_batch01,C1F3245,2026-05-28T18:00:00Z,16 57 47.6,254.44833333333332,+10 23 33,10.3925,146.9,22.6,0.86,252.7,Map/Offsets,https://cgi.minorplanetcenter.net/cgi-bin/confirmeph2.cgi
20260528T064818Z,2026-05-28T06:48:18.678490Z,20260528T064818Z_batch01,C1F3245,2026-05-28T19:00:00Z,16 57 44.2,254.43416666666667,+10 23 17,10.388055555555555,146.9,22.6,0.86,252.6,Map/Offsets,https://cgi.minorplanetcenter.net/cgi-bin/confirmeph2.cgi
20260528T064818Z,2026-05-28T06:48:18.678490Z,20260528T064818Z_batch01,C1F3245,2026-05-28T20:00:00Z,16 57 40.9,254.42041666666665,+10 23 02,10.383888888888889,146.9,22.6,0.86,252.6,Map/Offsets,https://cgi.minorplanetcenter.net/cgi-bin/confirmeph2.cgi
20260528T064818Z,2026-05-28T06:48:18.678490Z,20260528T064818Z_batch01,C1F3245,2026-05-28T21:00:00Z,16 57 37.6,254.40666666666667,+10 22 46,10.379444444444445,146.9,22.6,0.86,252.5,Map/Offsets,https://cgi.minorplanetcenter.net/cgi-bin/confirmeph2.cgi
20260528T064818Z,2026-05-28T06:48:18.678490Z,20260528T064818Z_batch01,C1F3245,2026-05-28T22:00:00Z,16 57 34.2,254.39249999999998,+10 22 31,10.375277777777779,146.9,22.6,0.86,252.5,Map/Offsets,https://cgi.minorplanetcenter.net/cgi-bin/confirmeph2.cgi
20260528T064818Z,2026-05-28T06:48:18.678490Z,20260528T064818Z_batch01,C1F3245,2026-05-28T23:00:00Z,16 57 30.9,254.37875,+10 22 15,10.370833333333334,146.9,22.6,0.86,252.4,Map/Offsets,https://cgi.minorplanetcenter.net/cgi-bin/confirmeph2.cgi
20260528T064818Z,2026-05-28T06:48:18.678490Z,20260528T064818Z_batch01,C1F3245,2026-05-29T00:00:00Z,16 57 27.5,254.36458333333331,+10 22 00,10.366666666666667,146.9,22.6,0.86,252.4,Map/Offsets,https://cgi.minorplanetcenter.net/cgi-bin/confirmeph2.cgi
20260528T064818Z,2026-05-28T06:48:18.678490Z,20260528T064818Z_batch01,C1F3245,2026-05-29T01:00:00Z,16 57 24.2,254.35083333333333,+10 21 44,10.362222222222222,147.0,22.6,0.86,252.3,Map/Offsets,https://cgi.minorplanetcenter.net/cgi-bin/confirmeph2.cgi
20260528T064818Z,2026-05-28T06:48:18.678490Z,20260528T064818Z_batch01,C1F3245,2026-05-29T02:00:00Z,16 57 20.9,254.3370833333333,+10 21 28,10.357777777777777,147.0,22.6,0.86,252.3,Map/Offsets,https://cgi.minorplanetcenter.net/cgi-bin/confirmeph2.cgi
20260528T064818Z,2026-05-28T06:48:18.678490Z,20260528T064818Z_batch01,C1F3245,2026-05-29T03:00:00Z,16 57 17.5,254.32291666666666,+10 21 12,10.353333333333333,147.0,22.6,0.86,252.2,Map/Offsets,https://cgi.minorplanetcenter.net/cgi-bin/confirmeph2.cgi
20260528T064818Z,2026-05-28T06:48:18.678490Z,20260528T064818Z_batch01,C1F3245,2026-05-29T04:00:00Z,16 57 14.2,254.30916666666664,+10 20 57,10.349166666666667,147.0,22.6,0.87,252.2,Map/Offsets,https://cgi.minorplanetcenter.net/cgi-bin/confirmeph2.cgi
20260528T064818Z,2026-05-28T06:48:18.678490Z,20260528T064818Z_batch01,C1F3245,2026-05-29T05:00:00Z,16 57 10.8,254.295,+10 20 41,10.344722222222222,147.0,22.6,0.87,252.2,Map/Offsets,https://cgi.minorplanetcenter.net/cgi-bin/confirmeph2.cgi
20260528T064818Z,2026-05-28T06:48:18.678490Z,20260528T064818Z_batch01,SJA1250,2026-05-28T05:00:00Z,16 45 31.0,251.37916666666666,+60 40 42,60.67833333333333,97.7,20.2,1.55,226.7,Map/Offsets,https://cgi.minorplanetcenter.net/cgi-bin/confirmeph2.cgi
20260528T064818Z,2026-05-28T06:48:18.678490Z,20260528T064818Z_batch01,SJA1250,2026-05-28T06:00:00Z,16 45 21.8,251.34083333333334,+60 39 38,60.660555555555554,97.8,20.2,1.55,226.7,Map/Offsets,https://cgi.minorplanetcenter.net/cgi-bin/confirmeph2.cgi
20260528T064818Z,2026-05-28T06:48:18.678490Z,20260528T064818Z_batch01,SJA1250,2026-05-28T07:00:00Z,16 45 12.6,251.30249999999998,+60 38 35,60.643055555555556,97.8,20.2,1.55,226.6,Map/Offsets,https://cgi.minorplanetcenter.net/cgi-bin/confirmeph2.cgi
20260528T064818Z,2026-05-28T06:48:18.678490Z,20260528T064818Z_batch01,SJA1250,2026-05-28T08:00:00Z,16 45 03.5,251.26458333333335,+60 37 31,60.625277777777775,97.8,20.2,1.55,226.5,Map/Offsets,https://cgi.minorplanetcenter.net/cgi-bin/confirmeph2.cgi
20260528T064818Z,2026-05-28T06:48:18.678490Z,20260528T064818Z_batch01,SJA1250,2026-05-28T09:00:00Z,16 44 54.3,251.22625000000002,+60 36 27,60.6075,97.8,20.2,1.55,226.5,Map/Offsets,https://cgi.minorplanetcenter.net/cgi-bin/confirmeph2.cgi
20260528T064818Z,2026-05-28T06:48:18.678490Z,20260528T064818Z_batch01,SJA1250,2026-05-28T10:00:00Z,16 44 45.2,251.18833333333333,+60 35 23,60.58972222222222,97.8,20.2,1.55,226.4,Map/Offsets,https://cgi.minorplanetcenter.net/cgi-bin/confirmeph2.cgi
20260528T064818Z,2026-05-28T06:48:18.678490Z,20260528T064818Z_batch01,SJA1250,2026-05-28T11:00:00Z,16 44 36.0,251.15000000000003,+60 34 19,60.57194444444445,97.8,20.2,1.55,226.4,Map/Offsets,https://cgi.minorplanetcenter.net/cgi-bin/confirmeph2.cgi
20260528T064818Z,2026-05-28T06:48:18.678490Z,20260528T064818Z_batch01,SJA1250,2026-05-28T12:00:00Z,16 44 26.9,251.11208333333335,+60 33 15,60.55416666666667,97.8,20.2,1.55,226.3,Map/Offsets,https://cgi.minorplanetcenter.net/cgi-bin/confirmeph2.cgi
20260528T064818Z,2026-05-28T06:48:18.678490Z,20260528T064818Z_batch01,SJA1250,2026-05-28T13:00:00Z,16 44 17.8,251.07416666666668,+60 32 11,60.53638888888889,97.9,20.2,1.55,226.3,Map/Offsets,https://cgi.minorplanetcenter.net/cgi-bin/confirmeph2.cgi
20260528T064818Z,2026-05-28T06:48:18.678490Z,20260528T064818Z_batch01,SJA1250,2026-05-28T14:00:00Z,16 44 08.7,251.03625,+60 31 06,60.51833333333333,97.9,20.2,1.55,226.2,Map/Offsets,https://cgi.minorplanetcenter.net/cgi-bin/confirmeph2.cgi
20260528T064818Z,2026-05-28T06:48:18.678490Z,20260528T064818Z_batch01,SJA1250,2026-05-28T15:00:00Z,16 43 59.6,250.9983333333333,+60 30 02,60.50055555555556,97.9,20.2,1.55,226.1,Map/Offsets,https://cgi.minorplanetcenter.net/cgi-bin/confirmeph2.cgi
20260528T064818Z,2026-05-28T06:48:18.678490Z,20260528T064818Z_batch01,SJA1250,2026-05-28T16:00:00Z,16 43 50.6,250.96083333333328,+60 28 57,60.4825,97.9,20.2,1.55,226.1,Map/Offsets,https://cgi.minorplanetcenter.net/cgi-bin/confirmeph2.cgi
20260528T064818Z,2026-05-28T06:48:18.678490Z,20260528T064818Z_batch01,SJA1250,2026-05-28T17:00:00Z,16 43 41.5,250.92291666666665,+60 27 53,60.46472222222223,97.9,20.2,1.55,226.0,Map/Offsets,https://cgi.minorplanetcenter.net/cgi-bin/confirmeph2.cgi
20260528T064818Z,2026-05-28T06:48:18.678490Z,20260528T064818Z_batch01,SJA1250,2026-05-28T18:00:00Z,16 43 32.5,250.88541666666663,+60 26 48,60.446666666666665,97.9,20.2,1.55,226.0,Map/Offsets,https://cgi.minorplanetcenter.net/cgi-bin/confirmeph2.cgi
20260528T064818Z,2026-05-28T06:48:18.678490Z,20260528T064818Z_batch01,SJA1250,2026-05-28T19:00:00Z,16 43 23.4,250.84749999999997,+60 25 43,60.42861111111111,98.0,20.2,1.55,225.9,Map/Offsets,https://cgi.minorplanetcenter.net/cgi-bin/confirmeph2.cgi
20260528T064818Z,2026-05-28T06:48:18.678490Z,20260528T064818Z_batch01,SJA1250,2026-05-28T20:00:00Z,16 43 14.4,250.81,+60 24 39,60.41083333333333,98.0,20.2,1.55,225.8,Map/Offsets,https://cgi.minorplanetcenter.net/cgi-bin/confirmeph2.cgi
20260528T064818Z,2026-05-28T06:48:18.678490Z,20260528T064818Z_batch01,SJA1250,2026-05-28T21:00:00Z,16 43 05.4,250.77249999999998,+60 23 34,60.39277777777778,98.0,20.2,1.55,225.8,Map/Offsets,https://cgi.minorplanetcenter.net/cgi-bin/confirmeph2.cgi
20260528T064818Z,2026-05-28T06:48:18.678490Z,20260528T064818Z_batch01,SJA1250,2026-05-28T22:00:00Z,16 42 56.4,250.735,+60 22 29,60.374722222222225,98.0,20.2,1.55,225.7,Map/Offsets,https://cgi.minorplanetcenter.net/cgi-bin/confirmeph2.cgi
20260528T064818Z,2026-05-28T06:48:18.678490Z,20260528T064818Z_batch01,SJA1250,2026-05-28T23:00:00Z,16 42 47.4,250.6975,+60 21 24,60.35666666666667,98.0,20.2,1.55,225.7,Map/Offsets,https://cgi.minorplanetcenter.net/cgi-bin/confirmeph2.cgi
20260528T064818Z,2026-05-28T06:48:18.678490Z,20260528T064818Z_batch01,SJA1250,2026-05-29T00:00:00Z,16 42 38.4,250.65999999999997,+60 20 18,60.33833333333334,98.0,20.2,1.55,225.6,Map/Offsets,https://cgi.minorplanetcenter.net/cgi-bin/confirmeph2.cgi
20260528T064818Z,2026-05-28T06:48:18.678490Z,20260528T064818Z_batch01,SJA1250,2026-05-29T01:00:00Z,16 42 29.5,250.62291666666667,+60 19 13,60.32027777777778,98.0,20.2,1.55,225.5,Map/Offsets,https://cgi.minorplanetcenter.net/cgi-bin/confirmeph2.cgi
20260528T064818Z,2026-05-28T06:48:18.678490Z,20260528T064818Z_batch01,SJA1250,2026-05-29T02:00:00Z,16 42 20.5,250.58541666666665,+60 18 08,60.30222222222222,98.1,20.2,1.55,225.5,Map/Offsets,https://cgi.minorplanetcenter.net/cgi-bin/confirmeph2.cgi
20260528T064818Z,2026-05-28T06:48:18.678490Z,20260528T064818Z_batch01,SJA1250,2026-05-29T03:00:00Z,16 42 11.6,250.54833333333335,+60 17 02,60.28388888888889,98.1,20.2,1.55,225.4,Map/Offsets,https://cgi.minorplanetcenter.net/cgi-bin/confirmeph2.cgi
20260528T064818Z,2026-05-28T06:48:18.678490Z,20260528T064818Z_batch01,SJA1250,2026-05-29T04:00:00Z,16 42 02.6,250.51083333333332,+60 15 57,60.26583333333333,98.1,20.2,1.55,225.4,Map/Offsets,https://cgi.minorplanetcenter.net/cgi-bin/confirmeph2.cgi
20260528T064818Z,2026-05-28T06:48:18.678490Z,20260528T064818Z_batch01,SJA1250,2026-05-29T05:00:00Z,16 41 53.7,250.47375000000002,+60 14 51,60.2475,98.1,20.2,1.56,225.3,Map/Offsets,https://cgi.minorplanetcenter.net/cgi-bin/confirmeph2.cgi
20260528T064818Z,2026-05-28T06:48:18.678490Z,20260528T064818Z_batch01,C1F2HL5,2026-05-28T05:00:00Z,16 36 51.5,249.21458333333337,-12 03 51,-12.064166666666667,169.7,22.4,4.49,98.0,Map/Offsets,https://cgi.minorplanetcenter.net/cgi-bin/confirmeph2.cgi
20260528T064818Z,2026-05-28T06:48:18.678490Z,20260528T064818Z_batch01,C1F2HL5,2026-05-28T06:00:00Z,16 37 09.7,249.29041666666666,-12 04 28,-12.074444444444444,169.7,22.4,4.49,98.0,Map/Offsets,https://cgi.minorplanetcenter.net/cgi-bin/confirmeph2.cgi
20260528T064818Z,2026-05-28T06:48:18.678490Z,20260528T064818Z_batch01,C1F2HL5,2026-05-28T07:00:00Z,16 37 27.9,249.36625000000004,-12 05 06,-12.085,169.7,22.4,4.49,98.0,Map/Offsets,https://cgi.minorplanetcenter.net/cgi-bin/confirmeph2.cgi
20260528T064818Z,2026-05-28T06:48:18.678490Z,20260528T064818Z_batch01,C1F2HL5,2026-05-28T08:00:00Z,16 37 46.1,249.44208333333333,-12 05 43,-12.095277777777778,169.7,22.4,4.48,97.9,Map/Offsets,https://cgi.minorplanetcenter.net/cgi-bin/confirmeph2.cgi
20260528T064818Z,2026-05-28T06:48:18.678490Z,20260528T064818Z_batch01,C1F2HL5,2026-05-28T09:00:00Z,16 38 04.2,249.51749999999998,-12 06 20,-12.105555555555556,169.7,22.4,4.48,97.9,Map/Offsets,https://cgi.minorplanetcenter.net/cgi-bin/confirmeph2.cgi
20260528T064818Z,2026-05-28T06:48:18.678490Z,20260528T064818Z_batch01,C1F2HL5,2026-05-28T10:00:00Z,16 38 22.4,249.59333333333336,-12 06 57,-12.115833333333333,169.7,22.4,4.48,97.9,Map/Offsets,https://cgi.minorplanetcenter.net/cgi-bin/confirmeph2.cgi
20260528T064818Z,2026-05-28T06:48:18.678490Z,20260528T064818Z_batch01,C1F2HL5,2026-05-28T11:00:00Z,16 38 40.5,249.66875,-12 07 34,-12.126111111111111,169.6,22.4,4.47,97.9,Map/Offsets,https://cgi.minorplanetcenter.net/cgi-bin/confirmeph2.cgi
20260528T064818Z,2026-05-28T06:48:18.678490Z,20260528T064818Z_batch01,C1F2HL5,2026-05-28T12:00:00Z,16 38 58.6,249.74416666666664,-12 08 11,-12.136388888888888,169.6,22.4,4.47,97.9,Map/Offsets,https://cgi.minorplanetcenter.net/cgi-bin/confirmeph2.cgi
20260528T064818Z,2026-05-28T06:48:18.678490Z,20260528T064818Z_batch01,C1F2HL5,2026-05-28T13:00:00Z,16 39 16.7,249.8195833333333,-12 08 48,-12.146666666666667,169.6,22.4,4.47,97.9,Map/Offsets,https://cgi.minorplanetcenter.net/cgi-bin/confirmeph2.cgi
20260528T064818Z,2026-05-28T06:48:18.678490Z,20260528T064818Z_batch01,C1F2HL5,2026-05-28T14:00:00Z,16 39 34.8,249.89499999999998,-12 09 25,-12.156944444444445,169.6,22.4,4.46,97.9,Map/Offsets,https://cgi.minorplanetcenter.net/cgi-bin/confirmeph2.cgi
20260528T064818Z,2026-05-28T06:48:18.678490Z,20260528T064818Z_batch01,C1F2HL5,2026-05-28T15:00:00Z,16 39 52.9,249.97041666666664,-12 10 02,-12.167222222222222,169.6,22.4,4.46,97.9,Map/Offsets,https://cgi.minorplanetcenter.net/cgi-bin/confirmeph2.cgi
20260528T064818Z,2026-05-28T06:48:18.678490Z,20260528T064818Z_batch01,C1F2HL5,2026-05-28T16:00:00Z,16 40 11.0,250.04583333333335,-12 10 38,-12.177222222222222,169.6,22.4,4.46,97.9,Map/Offsets,https://cgi.minorplanetcenter.net/cgi-bin/confirmeph2.cgi
20260528T064818Z,2026-05-28T06:48:18.678490Z,20260528T064818Z_batch01,C1F2HL5,2026-05-28T17:00:00Z,16 40 29.0,250.12083333333334,-12 11 15,-12.1875,169.6,22.4,4.45,97.9,Map/Offsets,https://cgi.minorplanetcenter.net/cgi-bin/confirmeph2.cgi
20260528T064818Z,2026-05-28T06:48:18.678490Z,20260528T064818Z_batch01,C1F2HL5,2026-05-28T18:00:00Z,16 40 47.1,250.19625000000002,-12 11 52,-12.197777777777778,169.6,22.4,4.45,97.9,Map/Offsets,https://cgi.minorplanetcenter.net/cgi-bin/confirmeph2.cgi
20260528T064818Z,2026-05-28T06:48:18.678490Z,20260528T064818Z_batch01,C1F2HL5,2026-05-28T19:00:00Z,16 41 05.1,250.27125,-12 12 28,-12.207777777777777,169.6,22.4,4.45,97.9,Map/Offsets,https://cgi.minorplanetcenter.net/cgi-bin/confirmeph2.cgi
20260528T064818Z,2026-05-28T06:48:18.678490Z,20260528T064818Z_batch01,C1F2HL5,2026-05-28T20:00:00Z,16 41 23.1,250.34625,-12 13 05,-12.218055555555555,169.5,22.4,4.44,97.9,Map/Offsets,https://cgi.minorplanetcenter.net/cgi-bin/confirmeph2.cgi
20260528T064818Z,2026-05-28T06:48:18.678490Z,20260528T064818Z_batch01,C1F2HL5,2026-05-28T21:00:00Z,16 41 41.2,250.42166666666665,-12 13 41,-12.228055555555555,169.5,22.4,4.44,97.8,Map/Offsets,https://cgi.minorplanetcenter.net/cgi-bin/confirmeph2.cgi
20260528T064818Z,2026-05-28T06:48:18.678490Z,20260528T064818Z_batch01,C1F2HL5,2026-05-28T22:00:00Z,16 41 59.2,250.4966666666667,-12 14 17,-12.238055555555555,169.5,22.4,4.44,97.8,Map/Offsets,https://cgi.minorplanetcenter.net/cgi-bin/confirmeph2.cgi
20260528T064818Z,2026-05-28T06:48:18.678490Z,20260528T064818Z_batch01,C1F2HL5,2026-05-28T23:00:00Z,16 42 17.1,250.57125000000002,-12 14 54,-12.248333333333333,169.5,22.4,4.43,97.8,Map/Offsets,https://cgi.minorplanetcenter.net/cgi-bin/confirmeph2.cgi
20260528T064818Z,2026-05-28T06:48:18.678490Z,20260528T064818Z_batch01,C1F2HL5,2026-05-29T00:00:00Z,16 42 35.1,250.64625,-12 15 30,-12.258333333333333,169.5,22.4,4.43,97.8,Map/Offsets,https://cgi.minorplanetcenter.net/cgi-bin/confirmeph2.cgi
20260528T064818Z,2026-05-28T06:48:18.678490Z,20260528T064818Z_batch01,C1F2HL5,2026-05-29T01:00:00Z,16 42 53.1,250.72124999999997,-12 16 06,-12.268333333333334,169.5,22.4,4.43,97.8,Map/Offsets,https://cgi.minorplanetcenter.net/cgi-bin/confirmeph2.cgi
20260528T064818Z,2026-05-28T06:48:18.678490Z,20260528T064818Z_batch01,C1F2HL5,2026-05-29T02:00:00Z,16 43 11.0,250.7958333333333,-12 16 42,-12.278333333333334,169.5,22.4,4.42,97.8,Map/Offsets,https://cgi.minorplanetcenter.net/cgi-bin/confirmeph2.cgi
20260528T064818Z,2026-05-28T06:48:18.678490Z,20260528T064818Z_batch01,C1F2HL5,2026-05-29T03:00:00Z,16 43 29.0,250.87083333333328,-12 17 18,-12.288333333333334,169.5,22.4,4.42,97.8,Map/Offsets,https://cgi.minorplanetcenter.net/cgi-bin/confirmeph2.cgi
20260528T064818Z,2026-05-28T06:48:18.678490Z,20260528T064818Z_batch01,C1F2HL5,2026-05-29T04:00:00Z,16 43 46.9,250.94541666666666,-12 17 54,-12.298333333333334,169.5,22.4,4.42,97.8,Map/Offsets,https://cgi.minorplanetcenter.net/cgi-bin/confirmeph2.cgi
20260528T064818Z,2026-05-28T06:48:18.678490Z,20260528T064818Z_batch01,C1F2HL5,2026-05-29T05:00:00Z,16 44 04.8,251.02000000000004,-12 18 30,-12.308333333333334,169.4,22.4,4.41,97.8,Map/Offsets,https://cgi.minorplanetcenter.net/cgi-bin/confirmeph2.cgi
20260528T064818Z,2026-05-28T06:48:18.678490Z,20260528T064818Z_batch01,C1F1TD5,2026-05-28T05:00:00Z,15 50 53.9,237.72458333333336,+04 28 50,4.480555555555556,153.2,24.9,1.35,100.8,Map/Offsets   !,https://cgi.minorplanetcenter.net/cgi-bin/confirmeph2.cgi
20260528T064818Z,2026-05-28T06:48:18.678490Z,20260528T064818Z_batch01,C1F1TD5,2026-05-28T06:00:00Z,15 50 59.1,237.74625,+04 28 35,4.476388888888889,153.2,24.9,1.32,100.9,Map/Offsets   !,https://cgi.minorplanetcenter.net/cgi-bin/confirmeph2.cgi
20260528T064818Z,2026-05-28T06:48:18.678490Z,20260528T064818Z_batch01,C1F1TD5,2026-05-28T07:00:00Z,15 51 04.3,237.76791666666665,+04 28 20,4.472222222222222,153.2,24.9,1.3,100.9,Map/Offsets   !,https://cgi.minorplanetcenter.net/cgi-bin/confirmeph2.cgi
20260528T064818Z,2026-05-28T06:48:18.678490Z,20260528T064818Z_batch01,C1F1TD5,2026-05-28T08:00:00Z,15 51 09.3,237.78875,+04 28 05,4.468055555555556,153.2,24.9,1.27,101.0,Map/Offsets   !,https://cgi.minorplanetcenter.net/cgi-bin/confirmeph2.cgi
20260528T064818Z,2026-05-28T06:48:18.678490Z,20260528T064818Z_batch01,C1F1TD5,2026-05-28T09:00:00Z,15 51 14.3,237.80958333333334,+04 27 51,4.464166666666667,153.2,25.0,1.25,101.1,Map/Offsets   !,https://cgi.minorplanetcenter.net/cgi-bin/confirmeph2.cgi
20260528T064818Z,2026-05-28T06:48:18.678490Z,20260528T064818Z_batch01,C1F1TD5,2026-05-28T10:00:00Z,15 51 19.1,237.82958333333332,+04 27 36,4.46,153.2,25.0,1.22,101.1,Map/Offsets   !,https://cgi.minorplanetcenter.net/cgi-bin/confirmeph2.cgi
20260528T064818Z,2026-05-28T06:48:18.678490Z,20260528T064818Z_batch01,C1F1TD5,2026-05-28T11:00:00Z,15 51 23.9,237.84958333333333,+04 27 22,4.456111111111111,153.2,25.0,1.2,101.2,Map/Offsets   !,https://cgi.minorplanetcenter.net/cgi-bin/confirmeph2.cgi
20260528T064818Z,2026-05-28T06:48:18.678490Z,20260528T064818Z_batch01,C1F1TD5,2026-05-28T12:00:00Z,15 51 28.6,237.86916666666664,+04 27 08,4.452222222222223,153.2,25.0,1.18,101.3,Map/Offsets   !,https://cgi.minorplanetcenter.net/cgi-bin/confirmeph2.cgi
20260528T064818Z,2026-05-28T06:48:18.678490Z,20260528T064818Z_batch01,C1F1TD5,2026-05-28T13:00:00Z,15 51 33.2,237.88833333333332,+04 26 55,4.448611111111111,153.2,25.0,1.16,101.4,Map/Offsets   !,https://cgi.minorplanetcenter.net/cgi-bin/confirmeph2.cgi
20260528T064818Z,2026-05-28T06:48:18.678490Z,20260528T064818Z_batch01,C1F1TD5,2026-05-28T14:00:00Z,15 51 37.7,237.90708333333333,+04 26 41,4.4447222222222225,153.2,25.1,1.14,101.4,Map/Offsets   !,https://cgi.minorplanetcenter.net/cgi-bin/confirmeph2.cgi
20260528T064818Z,2026-05-28T06:48:18.678490Z,20260528T064818Z_batch01,C1F1TD5,2026-05-28T15:00:00Z,15 51 42.1,237.92541666666665,+04 26 27,4.440833333333334,153.2,25.1,1.12,101.5,Map/Offsets   !,https://cgi.minorplanetcenter.net/cgi-bin/confirmeph2.cgi
20260528T064818Z,2026-05-28T06:48:18.678490Z,20260528T064818Z_batch01,C1F1TD5,2026-05-28T16:00:00Z,15 51 46.5,237.94375,+04 26 14,4.437222222222222,153.1,25.1,1.1,101.6,Map/Offsets   !,https://cgi.minorplanetcenter.net/cgi-bin/confirmeph2.cgi
20260528T064818Z,2026-05-28T06:48:18.678490Z,20260528T064818Z_batch01,C1F1TD5,2026-05-28T17:00:00Z,15 51 50.8,237.96166666666667,+04 26 01,4.433611111111111,153.1,25.1,1.08,101.7,Map/Offsets   !,https://cgi.minorplanetcenter.net/cgi-bin/confirmeph2.cgi
20260528T064818Z,2026-05-28T06:48:18.678490Z,20260528T064818Z_batch01,C1F1TD5,2026-05-28T18:00:00Z,15 51 55.0,237.97916666666666,+04 25 48,4.430000000000001,153.1,25.2,1.06,101.7,Map/Offsets   !,https://cgi.minorplanetcenter.net/cgi-bin/confirmeph2.cgi
20260528T064818Z,2026-05-28T06:48:18.678490Z,20260528T064818Z_batch01,C1F1TD5,2026-05-28T19:00:00Z,15 51 59.1,237.99624999999997,+04 25 35,4.426388888888889,153.1,25.2,1.04,101.8,Map/Offsets   !,https://cgi.minorplanetcenter.net/cgi-bin/confirmeph2.cgi
20260528T064818Z,2026-05-28T06:48:18.678490Z,20260528T064818Z_batch01,C1F1TD5,2026-05-28T20:00:00Z,15 52 03.2,238.01333333333335,+04 25 22,4.422777777777778,153.1,25.2,1.02,101.9,Map/Offsets   !,https://cgi.minorplanetcenter.net/cgi-bin/confirmeph2.cgi
20260528T064818Z,2026-05-28T06:48:18.678490Z,20260528T064818Z_batch01,C1F1TD5,2026-05-28T21:00:00Z,15 52 07.1,238.02958333333333,+04 25 10,4.419444444444445,153.1,25.2,1.01,102.0,Map/Offsets   !,https://cgi.minorplanetcenter.net/cgi-bin/confirmeph2.cgi
20260528T064818Z,2026-05-28T06:48:18.678490Z,20260528T064818Z_batch01,C1F1TD5,2026-05-28T22:00:00Z,15 52 11.1,238.04625,+04 24 57,4.4158333333333335,153.1,25.2,0.99,102.1,Map/Offsets   !,https://cgi.minorplanetcenter.net/cgi-bin/confirmeph2.cgi
20260528T064818Z,2026-05-28T06:48:18.678490Z,20260528T064818Z_batch01,C1F1TD5,2026-05-28T23:00:00Z,15 52 14.9,238.06208333333333,+04 24 45,4.4125000000000005,153.1,25.2,0.97,102.2,Map/Offsets   !,https://cgi.minorplanetcenter.net/cgi-bin/confirmeph2.cgi
20260528T064818Z,2026-05-28T06:48:18.678490Z,20260528T064818Z_batch01,C1F1TD5,2026-05-29T00:00:00Z,15 52 18.7,238.07791666666668,+04 24 33,4.409166666666667,153.1,25.3,0.96,102.2,Map/Offsets   !,https://cgi.minorplanetcenter.net/cgi-bin/confirmeph2.cgi
20260528T064818Z,2026-05-28T06:48:18.678490Z,20260528T064818Z_batch01,C1F1TD5,2026-05-29T01:00:00Z,15 52 22.4,238.09333333333333,+04 24 20,4.405555555555556,153.1,25.3,0.94,102.3,Map/Offsets   !,https://cgi.minorplanetcenter.net/cgi-bin/confirmeph2.cgi
20260528T064818Z,2026-05-28T06:48:18.678490Z,20260528T064818Z_batch01,C1F1TD5,2026-05-29T02:00:00Z,15 52 26.1,238.10875000000001,+04 24 08,4.402222222222223,153.0,25.3,0.93,102.4,Map/Offsets   !,https://cgi.minorplanetcenter.net/cgi-bin/confirmeph2.cgi
20260528T064818Z,2026-05-28T06:48:18.678490Z,20260528T064818Z_batch01,C1F1TD5,2026-05-29T03:00:00Z,15 52 29.7,238.12375,+04 23 56,4.398888888888889,153.0,25.3,0.91,102.5,Map/Offsets   !,https://cgi.minorplanetcenter.net/cgi-bin/confirmeph2.cgi
20260528T064818Z,2026-05-28T06:48:18.678490Z,20260528T064818Z_batch01,C1F1TD5,2026-05-29T04:00:00Z,15 52 33.3,238.13875000000002,+04 23 45,4.395833333333334,153.0,25.3,0.9,102.6,Map/Offsets   !,https://cgi.minorplanetcenter.net/cgi-bin/confirmeph2.cgi
20260528T064818Z,2026-05-28T06:48:18.678490Z,20260528T064818Z_batch01,C1F1TD5,2026-05-29T05:00:00Z,15 52 36.8,238.15333333333334,+04 23 33,4.3925,153.0,25.4,0.89,102.7,Map/Offsets   !,https://cgi.minorplanetcenter.net/cgi-bin/confirmeph2.cgi
20260528T064818Z,2026-05-28T06:48:18.678490Z,20260528T064818Z_batch01,C03UYWZ,2026-05-28T05:00:00Z,16 43 18.9,250.82874999999999,+15 24 30,15.408333333333333,142.7,22.2,4.46,354.6,Map/Offsets,https://cgi.minorplanetcenter.net/cgi-bin/confirmeph2.cgi
20260528T064818Z,2026-05-28T06:48:18.678490Z,20260528T064818Z_batch01,C03UYWZ,2026-05-28T06:00:00Z,16 43 17.1,250.82125,+15 28 57,15.4825,142.6,22.2,4.46,354.6,Map/Offsets,https://cgi.minorplanetcenter.net/cgi-bin/confirmeph2.cgi
20260528T064818Z,2026-05-28T06:48:18.678490Z,20260528T064818Z_batch01,C03UYWZ,2026-05-28T07:00:00Z,16 43 15.4,250.8141666666666,+15 33 23,15.55638888888889,142.6,22.2,4.46,354.6,Map/Offsets,https://cgi.minorplanetcenter.net/cgi-bin/confirmeph2.cgi
20260528T064818Z,2026-05-28T06:48:18.678490Z,20260528T064818Z_batch01,C03UYWZ,2026-05-28T08:00:00Z,16 43 13.6,250.80666666666664,+15 37 50,15.630555555555556,142.5,22.2,4.46,354.6,Map/Offsets,https://cgi.minorplanetcenter.net/cgi-bin/confirmeph2.cgi
20260528T064818Z,2026-05-28T06:48:18.678490Z,20260528T064818Z_batch01,C03UYWZ,2026-05-28T09:00:00Z,16 43 11.9,250.79958333333332,+15 42 16,15.704444444444444,142.4,22.2,4.46,354.5,Map/Offsets,https://cgi.minorplanetcenter.net/cgi-bin/confirmeph2.cgi
20260528T064818Z,2026-05-28T06:48:18.678490Z,20260528T064818Z_batch01,C03UYWZ,2026-05-28T10:00:00Z,16 43 10.1,250.7920833333333,+15 46 42,15.778333333333334,142.3,22.2,4.46,354.5,Map/Offsets,https://cgi.minorplanetcenter.net/cgi-bin/confirmeph2.cgi
20260528T064818Z,2026-05-28T06:48:18.678490Z,20260528T064818Z_batch01,C03UYWZ,2026-05-28T11:00:00Z,16 43 08.3,250.7845833333333,+15 51 09,15.8525,142.3,22.2,4.46,354.5,Map/Offsets,https://cgi.minorplanetcenter.net/cgi-bin/confirmeph2.cgi
20260528T064818Z,2026-05-28T06:48:18.678490Z,20260528T064818Z_batch01,C03UYWZ,2026-05-28T12:00:00Z,16 43 06.6,250.77749999999997,+15 55 35,15.926388888888889,142.2,22.2,4.46,354.5,Map/Offsets,https://cgi.minorplanetcenter.net/cgi-bin/confirmeph2.cgi
20260528T064818Z,2026-05-28T06:48:18.678490Z,20260528T064818Z_batch01,C03UYWZ,2026-05-28T13:00:00Z,16 43 04.8,250.77,+16 00 01,16.00027777777778,142.1,22.2,4.46,354.5,Map/Offsets,https://cgi.minorplanetcenter.net/cgi-bin/confirmeph2.cgi
20260528T064818Z,2026-05-28T06:48:18.678490Z,20260528T064818Z_batch01,C03UYWZ,2026-05-28T14:00:00Z,16 43 03.0,250.76249999999996,+16 04 27,16.074166666666667,142.1,22.2,4.45,354.5,Map/Offsets,https://cgi.minorplanetcenter.net/cgi-bin/confirmeph2.cgi
20260528T064818Z,2026-05-28T06:48:18.678490Z,20260528T064818Z_batch01,C03UYWZ,2026-05-28T15:00:00Z,16 43 01.2,250.755,+16 08 53,16.148055555555555,142.0,22.2,4.45,354.5,Map/Offsets,https://cgi.minorplanetcenter.net/cgi-bin/confirmeph2.cgi
20260528T064818Z,2026-05-28T06:48:18.678490Z,20260528T064818Z_batch01,C03UYWZ,2026-05-28T16:00:00Z,16 42 59.5,250.74791666666667,+16 13 19,16.221944444444443,141.9,22.2,4.45,354.5,Map/Offsets,https://cgi.minorplanetcenter.net/cgi-bin/confirmeph2.cgi
20260528T064818Z,2026-05-28T06:48:18.678490Z,20260528T064818Z_batch01,C03UYWZ,2026-05-28T17:00:00Z,16 42 57.7,250.74041666666668,+16 17 45,16.295833333333334,141.8,22.2,4.45,354.5,Map/Offsets,https://cgi.minorplanetcenter.net/cgi-bin/confirmeph2.cgi
20260528T064818Z,2026-05-28T06:48:18.678490Z,20260528T064818Z_batch01,C03UYWZ,2026-05-28T18:00:00Z,16 42 55.9,250.73291666666665,+16 22 11,16.369722222222222,141.8,22.2,4.45,354.5,Map/Offsets,https://cgi.minorplanetcenter.net/cgi-bin/confirmeph2.cgi
20260528T064818Z,2026-05-28T06:48:18.678490Z,20260528T064818Z_batch01,C03UYWZ,2026-05-28T19:00:00Z,16 42 54.1,250.72541666666666,+16 26 36,16.443333333333335,141.7,22.2,4.45,354.5,Map/Offsets,https://cgi.minorplanetcenter.net/cgi-bin/confirmeph2.cgi
20260528T064818Z,2026-05-28T06:48:18.678490Z,20260528T064818Z_batch01,C03UYWZ,2026-05-28T20:00:00Z,16 42 52.3,250.71791666666667,+16 31 02,16.51722222222222,141.6,22.2,4.45,354.5,Map/Offsets,https://cgi.minorplanetcenter.net/cgi-bin/confirmeph2.cgi
20260528T064818Z,2026-05-28T06:48:18.678490Z,20260528T064818Z_batch01,C03UYWZ,2026-05-28T21:00:00Z,16 42 50.5,250.71041666666665,+16 35 28,16.59111111111111,141.5,22.2,4.45,354.5,Map/Offsets,https://cgi.minorplanetcenter.net/cgi-bin/confirmeph2.cgi
20260528T064818Z,2026-05-28T06:48:18.678490Z,20260528T064818Z_batch01,C03UYWZ,2026-05-28T22:00:00Z,16 42 48.7,250.70291666666665,+16 39 53,16.66472222222222,141.5,22.3,4.45,354.5,Map/Offsets,https://cgi.minorplanetcenter.net/cgi-bin/confirmeph2.cgi
20260528T064818Z,2026-05-28T06:48:18.678490Z,20260528T064818Z_batch01,C03UYWZ,2026-05-28T23:00:00Z,16 42 46.9,250.6954166666667,+16 44 18,16.738333333333333,141.4,22.3,4.44,354.4,Map/Offsets,https://cgi.minorplanetcenter.net/cgi-bin/confirmeph2.cgi
20260528T064818Z,2026-05-28T06:48:18.678490Z,20260528T064818Z_batch01,C03UYWZ,2026-05-29T00:00:00Z,16 42 45.2,250.6883333333333,+16 48 44,16.81222222222222,141.3,22.3,4.44,354.4,Map/Offsets,https://cgi.minorplanetcenter.net/cgi-bin/confirmeph2.cgi
20260528T064818Z,2026-05-28T06:48:18.678490Z,20260528T064818Z_batch01,C03UYWZ,2026-05-29T01:00:00Z,16 42 43.3,250.68041666666664,+16 53 09,16.885833333333334,141.3,22.3,4.44,354.4,Map/Offsets,https://cgi.minorplanetcenter.net/cgi-bin/confirmeph2.cgi
20260528T064818Z,2026-05-28T06:48:18.678490Z,20260528T064818Z_batch01,C03UYWZ,2026-05-29T02:00:00Z,16 42 41.5,250.67291666666668,+16 57 34,16.959444444444443,141.2,22.3,4.44,354.4,Map/Offsets,https://cgi.minorplanetcenter.net/cgi-bin/confirmeph2.cgi
20260528T064818Z,2026-05-28T06:48:18.678490Z,20260528T064818Z_batch01,C03UYWZ,2026-05-29T03:00:00Z,16 42 39.7,250.66541666666663,+17 02 00,17.033333333333335,141.1,22.3,4.44,354.4,Map/Offsets,https://cgi.minorplanetcenter.net/cgi-bin/confirmeph2.cgi
20260528T064818Z,2026-05-28T06:48:18.678490Z,20260528T064818Z_batch01,C03UYWZ,2026-05-29T04:00:00Z,16 42 37.9,250.65791666666667,+17 06 25,17.106944444444444,141.0,22.3,4.44,354.4,Map/Offsets,https://cgi.minorplanetcenter.net/cgi-bin/confirmeph2.cgi
20260528T064818Z,2026-05-28T06:48:18.678490Z,20260528T064818Z_batch01,C03UYWZ,2026-05-29T05:00:00Z,16 42 36.1,250.65041666666667,+17 10 50,17.180555555555557,141.0,22.3,4.44,354.4,Map/Offsets,https://cgi.minorplanetcenter.net/cgi-bin/confirmeph2.cgi
20260528T064818Z,2026-05-28T06:48:18.678490Z,20260528T064818Z_batch01,P12nfw2,2026-05-28T05:00:00Z,21 09 44.2,317.43416666666667,-02 58 57,-2.9825,107.1,21.7,2.38,64.1,Map/Offsets,https://cgi.minorplanetcenter.net/cgi-bin/confirmeph2.cgi
20260528T064818Z,2026-05-28T06:48:18.678490Z,20260528T064818Z_batch01,P12nfw2,2026-05-28T06:00:00Z,21 09 52.8,317.46999999999997,-02 57 54,-2.9650000000000003,107.1,21.7,2.38,64.1,Map/Offsets,https://cgi.minorplanetcenter.net/cgi-bin/confirmeph2.cgi
20260528T064818Z,2026-05-28T06:48:18.678490Z,20260528T064818Z_batch01,P12nfw2,2026-05-28T07:00:00Z,21 10 01.3,317.5054166666667,-02 56 51,-2.9475000000000002,107.1,21.7,2.38,64.1,Map/Offsets,https://cgi.minorplanetcenter.net/cgi-bin/confirmeph2.cgi
20260528T064818Z,2026-05-28T06:48:18.678490Z,20260528T064818Z_batch01,P12nfw2,2026-05-28T08:00:00Z,21 10 09.9,317.54125,-02 55 49,-2.9302777777777775,107.1,21.7,2.39,64.1,Map/Offsets,https://cgi.minorplanetcenter.net/cgi-bin/confirmeph2.cgi
20260528T064818Z,2026-05-28T06:48:18.678490Z,20260528T064818Z_batch01,P12nfw2,2026-05-28T09:00:00Z,21 10 18.5,317.57708333333335,-02 54 46,-2.912777777777778,107.1,21.7,2.39,64.0,Map/Offsets,https://cgi.minorplanetcenter.net/cgi-bin/confirmeph2.cgi
20260528T064818Z,2026-05-28T06:48:18.678490Z,20260528T064818Z_batch01,P12nfw2,2026-05-28T10:00:00Z,21 10 27.1,317.6129166666667,-02 53 44,-2.8955555555555557,107.1,21.7,2.39,64.0,Map/Offsets,https://cgi.minorplanetcenter.net/cgi-bin/confirmeph2.cgi
20260528T064818Z,2026-05-28T06:48:18.678490Z,20260528T064818Z_batch01,P12nfw2,2026-05-28T11:00:00Z,21 10 35.7,317.64875,-02 52 41,-2.8780555555555556,107.1,21.7,2.39,64.0,Map/Offsets,https://cgi.minorplanetcenter.net/cgi-bin/confirmeph2.cgi
20260528T064818Z,2026-05-28T06:48:18.678490Z,20260528T064818Z_batch01,P12nfw2,2026-05-28T12:00:00Z,21 10 44.3,317.68458333333336,-02 51 38,-2.8605555555555555,107.1,21.7,2.39,64.0,Map/Offsets,https://cgi.minorplanetcenter.net/cgi-bin/confirmeph2.cgi
20260528T064818Z,2026-05-28T06:48:18.678490Z,20260528T064818Z_batch01,P12nfw2,2026-05-28T13:00:00Z,21 10 52.9,317.72041666666667,-02 50 35,-2.843055555555556,107.1,21.7,2.39,64.0,Map/Offsets,https://cgi.minorplanetcenter.net/cgi-bin/confirmeph2.cgi
20260528T064818Z,2026-05-28T06:48:18.678490Z,20260528T064818Z_batch01,P12nfw2,2026-05-28T14:00:00Z,21 11 01.5,317.75625,-02 49 33,-2.825833333333333,107.1,21.7,2.39,64.0,Map/Offsets,https://cgi.minorplanetcenter.net/cgi-bin/confirmeph2.cgi
20260528T064818Z,2026-05-28T06:48:18.678490Z,20260528T064818Z_batch01,P12nfw2,2026-05-28T15:00:00Z,21 11 10.1,317.7920833333333,-02 48 30,-2.808333333333333,107.1,21.7,2.39,64.0,Map/Offsets,https://cgi.minorplanetcenter.net/cgi-bin/confirmeph2.cgi
20260528T064818Z,2026-05-28T06:48:18.678490Z,20260528T064818Z_batch01,P12nfw2,2026-05-28T16:00:00Z,21 11 18.7,317.8279166666667,-02 47 27,-2.790833333333333,107.1,21.7,2.39,64.0,Map/Offsets,https://cgi.minorplanetcenter.net/cgi-bin/confirmeph2.cgi
20260528T064818Z,2026-05-28T06:48:18.678490Z,20260528T064818Z_batch01,P12nfw2,2026-05-28T17:00:00Z,21 11 27.3,317.86375,-02 46 24,-2.7733333333333334,107.1,21.7,2.39,64.0,Map/Offsets,https://cgi.minorplanetcenter.net/cgi-bin/confirmeph2.cgi
20260528T064818Z,2026-05-28T06:48:18.678490Z,20260528T064818Z_batch01,P12nfw2,2026-05-28T18:00:00Z,21 11 35.9,317.89958333333334,-02 45 21,-2.7558333333333334,107.1,21.6,2.39,64.0,Map/Offsets,https://cgi.minorplanetcenter.net/cgi-bin/confirmeph2.cgi
20260528T064818Z,2026-05-28T06:48:18.678490Z,20260528T064818Z_batch01,P12nfw2,2026-05-28T19:00:00Z,21 11 44.6,317.93583333333333,-02 44 18,-2.7383333333333333,107.1,21.6,2.39,64.0,Map/Offsets,https://cgi.minorplanetcenter.net/cgi-bin/confirmeph2.cgi
20260528T064818Z,2026-05-28T06:48:18.678490Z,20260528T064818Z_batch01,P12nfw2,2026-05-28T20:00:00Z,21 11 53.2,317.97166666666664,-02 43 15,-2.7208333333333337,107.1,21.6,2.39,64.0,Map/Offsets,https://cgi.minorplanetcenter.net/cgi-bin/confirmeph2.cgi
20260528T064818Z,2026-05-28T06:48:18.678490Z,20260528T064818Z_batch01,P12nfw2,2026-05-28T21:00:00Z,21 12 01.8,318.0075,-02 42 12,-2.7033333333333336,107.1,21.6,2.39,64.0,Map/Offsets,https://cgi.minorplanetcenter.net/cgi-bin/confirmeph2.cgi
20260528T064818Z,2026-05-28T06:48:18.678490Z,20260528T064818Z_batch01,P12nfw2,2026-05-28T22:00:00Z,21 12 10.4,318.04333333333335,-02 41 09,-2.6858333333333335,107.1,21.6,2.39,64.0,Map/Offsets,https://cgi.minorplanetcenter.net/cgi-bin/confirmeph2.cgi
20260528T064818Z,2026-05-28T06:48:18.678490Z,20260528T064818Z_batch01,P12nfw2,2026-05-28T23:00:00Z,21 12 19.0,318.07916666666665,-02 40 06,-2.668333333333333,107.1,21.6,2.4,64.0,Map/Offsets,https://cgi.minorplanetcenter.net/cgi-bin/confirmeph2.cgi
20260528T064818Z,2026-05-28T06:48:18.678490Z,20260528T064818Z_batch01,P12nfw2,2026-05-29T00:00:00Z,21 12 27.6,318.11499999999995,-02 39 03,-2.6508333333333334,107.1,21.6,2.4,64.0,Map/Offsets,https://cgi.minorplanetcenter.net/cgi-bin/confirmeph2.cgi
20260528T064818Z,2026-05-28T06:48:18.678490Z,20260528T064818Z_batch01,P12nfw2,2026-05-29T01:00:00Z,21 12 36.3,318.15125,-02 38 00,-2.6333333333333333,107.1,21.6,2.4,64.0,Map/Offsets,https://cgi.minorplanetcenter.net/cgi-bin/confirmeph2.cgi
20260528T064818Z,2026-05-28T06:48:18.678490Z,20260528T064818Z_batch01,P12nfw2,2026-05-29T02:00:00Z,21 12 44.9,318.1870833333333,-02 36 57,-2.6158333333333332,107.1,21.6,2.4,64.0,Map/Offsets,https://cgi.minorplanetcenter.net/cgi-bin/confirmeph2.cgi
20260528T064818Z,2026-05-28T06:48:18.678490Z,20260528T064818Z_batch01,P12nfw2,2026-05-29T03:00:00Z,21 12 53.5,318.2229166666666,-02 35 54,-2.5983333333333336,107.1,21.6,2.4,64.0,Map/Offsets,https://cgi.minorplanetcenter.net/cgi-bin/confirmeph2.cgi
20260528T064818Z,2026-05-28T06:48:18.678490Z,20260528T064818Z_batch01,P12nfw2,2026-05-29T04:00:00Z,21 13 02.1,318.25875,-02 34 51,-2.580833333333333,107.1,21.6,2.4,64.0,Map/Offsets,https://cgi.minorplanetcenter.net/cgi-bin/confirmeph2.cgi
20260528T064818Z,2026-05-28T06:48:18.678490Z,20260528T064818Z_batch01,P12nfw2,2026-05-29T05:00:00Z,21 13 10.8,318.29499999999996,-02 33 48,-2.563333333333333,107.1,21.6,2.4,64.0,Map/Offsets,https://cgi.minorplanetcenter.net/cgi-bin/confirmeph2.cgi
20260528T064818Z,2026-05-28T06:48:18.678490Z,20260528T064818Z_batch01,NAOCLYL,2026-05-28T05:00:00Z,15 54 31.3,238.63041666666666,-17 43 46,-17.729444444444443,173.2,21.8,2.35,3.7,Map/Offsets,https://cgi.minorplanetcenter.net/cgi-bin/confirmeph2.cgi
20260528T064818Z,2026-05-28T06:48:18.678490Z,20260528T064818Z_batch01,NAOCLYL,2026-05-28T06:00:00Z,15 54 32.0,238.63333333333333,-17 41 26,-17.690555555555555,173.2,21.8,2.34,3.8,Map/Offsets,https://cgi.minorplanetcenter.net/cgi-bin/confirmeph2.cgi
20260528T064818Z,2026-05-28T06:48:18.678490Z,20260528T064818Z_batch01,NAOCLYL,2026-05-28T07:00:00Z,15 54 32.6,238.63583333333332,-17 39 06,-17.651666666666664,173.1,21.8,2.34,3.8,Map/Offsets,https://cgi.minorplanetcenter.net/cgi-bin/confirmeph2.cgi
20260528T064818Z,2026-05-28T06:48:18.678490Z,20260528T064818Z_batch01,NAOCLYL,2026-05-28T08:00:00Z,15 54 33.3,238.63875000000002,-17 36 46,-17.61277777777778,173.0,21.8,2.34,3.8,Map/Offsets,https://cgi.minorplanetcenter.net/cgi-bin/confirmeph2.cgi
20260528T064818Z,2026-05-28T06:48:18.678490Z,20260528T064818Z_batch01,NAOCLYL,2026-05-28T09:00:00Z,15 54 33.9,238.64125,-17 34 26,-17.573888888888888,173.0,21.8,2.34,3.8,Map/Offsets,https://cgi.minorplanetcenter.net/cgi-bin/confirmeph2.cgi
20260528T064818Z,2026-05-28T06:48:18.678490Z,20260528T064818Z_batch01,NAOCLYL,2026-05-28T10:00:00Z,15 54 34.5,238.64375,-17 32 06,-17.535,172.9,21.8,2.33,3.8,Map/Offsets,https://cgi.minorplanetcenter.net/cgi-bin/confirmeph2.cgi
20260528T064818Z,2026-05-28T06:48:18.678490Z,20260528T064818Z_batch01,NAOCLYL,2026-05-28T11:00:00Z,15 54 35.2,238.64666666666668,-17 29 46,-17.496111111111112,172.9,21.8,2.33,3.8,Map/Offsets,https://cgi.minorplanetcenter.net/cgi-bin/confirmeph2.cgi
20260528T064818Z,2026-05-28T06:48:18.678490Z,20260528T064818Z_batch01,NAOCLYL,2026-05-28T12:00:00Z,15 54 35.8,238.64916666666667,-17 27 26,-17.45722222222222,172.8,21.8,2.33,3.8,Map/Offsets,https://cgi.minorplanetcenter.net/cgi-bin/confirmeph2.cgi
20260528T064818Z,2026-05-28T06:48:18.678490Z,20260528T064818Z_batch01,NAOCLYL,2026-05-28T13:00:00Z,15 54 36.5,238.65208333333334,-17 25 07,-17.41861111111111,172.8,21.8,2.33,3.8,Map/Offsets,https://cgi.minorplanetcenter.net/cgi-bin/confirmeph2.cgi
20260528T064818Z,2026-05-28T06:48:18.678490Z,20260528T064818Z_batch01,NAOCLYL,2026-05-28T14:00:00Z,15 54 37.1,238.65458333333333,-17 22 48,-17.38,172.7,21.8,2.33,3.8,Map/Offsets,https://cgi.minorplanetcenter.net/cgi-bin/confirmeph2.cgi
20260528T064818Z,2026-05-28T06:48:18.678490Z,20260528T064818Z_batch01,NAOCLYL,2026-05-28T15:00:00Z,15 54 37.8,238.6575,-17 20 28,-17.34111111111111,172.7,21.8,2.32,3.8,Map/Offsets,https://cgi.minorplanetcenter.net/cgi-bin/confirmeph2.cgi
20260528T064818Z,2026-05-28T06:48:18.678490Z,20260528T064818Z_batch01,NAOCLYL,2026-05-28T16:00:00Z,15 54 38.4,238.66000000000003,-17 18 09,-17.302500000000002,172.6,21.9,2.32,3.8,Map/Offsets,https://cgi.minorplanetcenter.net/cgi-bin/confirmeph2.cgi
20260528T064818Z,2026-05-28T06:48:18.678490Z,20260528T064818Z_batch01,NAOCLYL,2026-05-28T17:00:00Z,15 54 39.1,238.6629166666667,-17 15 50,-17.26388888888889,172.5,21.9,2.32,3.8,Map/Offsets,https://cgi.minorplanetcenter.net/cgi-bin/confirmeph2.cgi
20260528T064818Z,2026-05-28T06:48:18.678490Z,20260528T064818Z_batch01,NAOCLYL,2026-05-28T18:00:00Z,15 54 39.7,238.6654166666667,-17 13 31,-17.225277777777777,172.5,21.9,2.32,3.8,Map/Offsets,https://cgi.minorplanetcenter.net/cgi-bin/confirmeph2.cgi
20260528T064818Z,2026-05-28T06:48:18.678490Z,20260528T064818Z_batch01,NAOCLYL,2026-05-28T19:00:00Z,15 54 40.3,238.66791666666666,-17 11 13,-17.186944444444446,172.4,21.9,2.32,3.8,Map/Offsets,https://cgi.minorplanetcenter.net/cgi-bin/confirmeph2.cgi
20260528T064818Z,2026-05-28T06:48:18.678490Z,20260528T064818Z_batch01,NAOCLYL,2026-05-28T20:00:00Z,15 54 41.0,238.67083333333332,-17 08 54,-17.148333333333333,172.4,21.9,2.31,3.8,Map/Offsets,https://cgi.minorplanetcenter.net/cgi-bin/confirmeph2.cgi
20260528T064818Z,2026-05-28T06:48:18.678490Z,20260528T064818Z_batch01,NAOCLYL,2026-05-28T21:00:00Z,15 54 41.6,238.67333333333332,-17 06 36,-17.110000000000003,172.3,21.9,2.31,3.8,Map/Offsets,https://cgi.minorplanetcenter.net/cgi-bin/confirmeph2.cgi
20260528T064818Z,2026-05-28T06:48:18.678490Z,20260528T064818Z_batch01,NAOCLYL,2026-05-28T22:00:00Z,15 54 42.3,238.67624999999998,-17 04 17,-17.07138888888889,172.3,21.9,2.31,3.8,Map/Offsets,https://cgi.minorplanetcenter.net/cgi-bin/confirmeph2.cgi
20260528T064818Z,2026-05-28T06:48:18.678490Z,20260528T064818Z_batch01,NAOCLYL,2026-05-28T23:00:00Z,15 54 42.9,238.67875,-17 01 59,-17.033055555555556,172.2,21.9,2.31,3.8,Map/Offsets,https://cgi.minorplanetcenter.net/cgi-bin/confirmeph2.cgi
20260528T064818Z,2026-05-28T06:48:18.678490Z,20260528T064818Z_batch01,NAOCLYL,2026-05-29T00:00:00Z,15 54 43.6,238.68166666666667,-16 59 41,-16.994722222222222,172.1,21.9,2.31,3.8,Map/Offsets,https://cgi.minorplanetcenter.net/cgi-bin/confirmeph2.cgi
20260528T064818Z,2026-05-28T06:48:18.678490Z,20260528T064818Z_batch01,NAOCLYL,2026-05-29T01:00:00Z,15 54 44.2,238.68416666666667,-16 57 23,-16.95638888888889,172.1,21.9,2.3,3.9,Map/Offsets,https://cgi.minorplanetcenter.net/cgi-bin/confirmeph2.cgi
20260528T064818Z,2026-05-28T06:48:18.678490Z,20260528T064818Z_batch01,NAOCLYL,2026-05-29T02:00:00Z,15 54 44.9,238.68708333333333,-16 55 05,-16.918055555555558,172.0,21.9,2.3,3.9,Map/Offsets,https://cgi.minorplanetcenter.net/cgi-bin/confirmeph2.cgi
20260528T064818Z,2026-05-28T06:48:18.678490Z,20260528T064818Z_batch01,NAOCLYL,2026-05-29T03:00:00Z,15 54 45.5,238.68958333333333,-16 52 48,-16.88,172.0,21.9,2.3,3.9,Map/Offsets,https://cgi.minorplanetcenter.net/cgi-bin/confirmeph2.cgi
20260528T064818Z,2026-05-28T06:48:18.678490Z,20260528T064818Z_batch01,NAOCLYL,2026-05-29T04:00:00Z,15 54 46.2,238.6925,-16 50 30,-16.841666666666665,171.9,21.9,2.3,3.9,Map/Offsets,https://cgi.minorplanetcenter.net/cgi-bin/confirmeph2.cgi
20260528T064818Z,2026-05-28T06:48:18.678490Z,20260528T064818Z_batch01,NAOCLYL,2026-05-29T05:00:00Z,15 54 46.8,238.695,-16 48 13,-16.803611111111113,171.9,21.9,2.29,3.9,Map/Offsets,https://cgi.minorplanetcenter.net/cgi-bin/confirmeph2.cgi
20260528T064818Z,2026-05-28T06:48:18.678490Z,20260528T064818Z_batch01,A11CQzo,2026-05-28T05:00:00Z,22 13 56.7,333.48625,-16 20 21,-16.339166666666664,97.0,21.8,8.28,79.7,Map/Offsets   !!,https://cgi.minorplanetcenter.net/cgi-bin/confirmeph2.cgi
20260528T064818Z,2026-05-28T06:48:18.678490Z,20260528T064818Z_batch01,A11CQzo,2026-05-28T06:00:00Z,22 14 30.3,333.62624999999997,-16 18 54,-16.315,96.9,21.8,8.11,79.7,Map/Offsets   !!,https://cgi.minorplanetcenter.net/cgi-bin/confirmeph2.cgi
20260528T064818Z,2026-05-28T06:48:18.678490Z,20260528T064818Z_batch01,A11CQzo,2026-05-28T07:00:00Z,22 15 03.2,333.7633333333333,-16 17 27,-16.290833333333335,96.8,21.8,7.94,79.7,Map/Offsets   !!,https://cgi.minorplanetcenter.net/cgi-bin/confirmeph2.cgi
20260528T064818Z,2026-05-28T06:48:18.678490Z,20260528T064818Z_batch01,A11CQzo,2026-05-28T08:00:00Z,22 15 35.4,333.8975,-16 16 03,-16.2675,96.7,21.9,7.78,79.6,Map/Offsets   !!,https://cgi.minorplanetcenter.net/cgi-bin/confirmeph2.cgi
20260528T064818Z,2026-05-28T06:48:18.678490Z,20260528T064818Z_batch01,A11CQzo,2026-05-28T09:00:00Z,22 16 06.9,334.02875,-16 14 39,-16.24416666666667,96.6,21.9,7.62,79.6,Map/Offsets   !!,https://cgi.minorplanetcenter.net/cgi-bin/confirmeph2.cgi
20260528T064818Z,2026-05-28T06:48:18.678490Z,20260528T064818Z_batch01,A11CQzo,2026-05-28T10:00:00Z,22 16 37.8,334.15749999999997,-16 13 17,-16.22138888888889,96.5,21.9,7.47,79.5,Map/Offsets   !!,https://cgi.minorplanetcenter.net/cgi-bin/confirmeph2.cgi
20260528T064818Z,2026-05-28T06:48:18.678490Z,20260528T064818Z_batch01,A11CQzo,2026-05-28T11:00:00Z,22 17 08.1,334.28375000000005,-16 11 57,-16.199166666666667,96.4,21.9,7.32,79.5,Map/Offsets   !!,https://cgi.minorplanetcenter.net/cgi-bin/confirmeph2.cgi
20260528T064818Z,2026-05-28T06:48:18.678490Z,20260528T064818Z_batch01,A11CQzo,2026-05-28T12:00:00Z,22 17 37.8,334.4075,-16 10 37,-16.176944444444445,96.4,22.0,7.17,79.5,Map/Offsets   !!,https://cgi.minorplanetcenter.net/cgi-bin/confirmeph2.cgi
20260528T064818Z,2026-05-28T06:48:18.678490Z,20260528T064818Z_batch01,A11CQzo,2026-05-28T13:00:00Z,22 18 06.8,334.52833333333336,-16 09 19,-16.155277777777776,96.3,22.0,7.03,79.4,Map/Offsets   !!,https://cgi.minorplanetcenter.net/cgi-bin/confirmeph2.cgi
20260528T064818Z,2026-05-28T06:48:18.678490Z,20260528T064818Z_batch01,A11CQzo,2026-05-28T14:00:00Z,22 18 35.3,334.64708333333334,-16 08 03,-16.134166666666665,96.2,22.0,6.89,79.4,Map/Offsets   !!,https://cgi.minorplanetcenter.net/cgi-bin/confirmeph2.cgi
20260528T064818Z,2026-05-28T06:48:18.678490Z,20260528T064818Z_batch01,A11CQzo,2026-05-28T15:00:00Z,22 19 03.3,334.76374999999996,-16 06 47,-16.113055555555558,96.1,22.0,6.76,79.4,Map/Offsets   !!,https://cgi.minorplanetcenter.net/cgi-bin/confirmeph2.cgi
20260528T064818Z,2026-05-28T06:48:18.678490Z,20260528T064818Z_batch01,A11CQzo,2026-05-28T16:00:00Z,22 19 30.7,334.8779166666667,-16 05 33,-16.092499999999998,96.1,22.1,6.63,79.3,Map/Offsets   !!,https://cgi.minorplanetcenter.net/cgi-bin/confirmeph2.cgi
20260528T064818Z,2026-05-28T06:48:18.678490Z,20260528T064818Z_batch01,A11CQzo,2026-05-28T17:00:00Z,22 19 57.5,334.9895833333333,-16 04 20,-16.072222222222223,96.0,22.1,6.51,79.3,Map/Offsets   !!,https://cgi.minorplanetcenter.net/cgi-bin/confirmeph2.cgi
20260528T064818Z,2026-05-28T06:48:18.678490Z,20260528T064818Z_batch01,A11CQzo,2026-05-28T18:00:00Z,22 20 23.9,335.0995833333333,-16 03 08,-16.052222222222223,95.9,22.1,6.38,79.3,Map/Offsets   !!,https://cgi.minorplanetcenter.net/cgi-bin/confirmeph2.cgi
20260528T064818Z,2026-05-28T06:48:18.678490Z,20260528T064818Z_batch01,A11CQzo,2026-05-28T19:00:00Z,22 20 49.8,335.2075,-16 01 57,-16.0325,95.9,22.1,6.27,79.2,Map/Offsets   !!,https://cgi.minorplanetcenter.net/cgi-bin/confirmeph2.cgi
20260528T064818Z,2026-05-28T06:48:18.678490Z,20260528T064818Z_batch01,A11CQzo,2026-05-28T20:00:00Z,22 21 15.2,335.31333333333333,-16 00 48,-16.013333333333332,95.8,22.2,6.15,79.2,Map/Offsets   !!,https://cgi.minorplanetcenter.net/cgi-bin/confirmeph2.cgi
20260528T064818Z,2026-05-28T06:48:18.678490Z,20260528T064818Z_batch01,A11CQzo,2026-05-28T21:00:00Z,22 21 40.1,335.4170833333334,-15 59 39,-15.994166666666667,95.7,22.2,6.04,79.2,Map/Offsets   !!,https://cgi.minorplanetcenter.net/cgi-bin/confirmeph2.cgi
20260528T064818Z,2026-05-28T06:48:18.678490Z,20260528T064818Z_batch01,A11CQzo,2026-05-28T22:00:00Z,22 22 04.5,335.51875,-15 58 31,-15.975277777777778,95.7,22.2,5.93,79.1,Map/Offsets   !!,https://cgi.minorplanetcenter.net/cgi-bin/confirmeph2.cgi
20260528T064818Z,2026-05-28T06:48:18.678490Z,20260528T064818Z_batch01,A11CQzo,2026-05-28T23:00:00Z,22 22 28.5,335.61875,-15 57 25,-15.956944444444444,95.6,22.2,5.82,79.1,Map/Offsets   !!,https://cgi.minorplanetcenter.net/cgi-bin/confirmeph2.cgi
20260528T064818Z,2026-05-28T06:48:18.678490Z,20260528T064818Z_batch01,A11CQzo,2026-05-29T00:00:00Z,22 22 52.1,335.71708333333333,-15 56 19,-15.938611111111111,95.6,22.2,5.72,79.1,Map/Offsets   !!,https://cgi.minorplanetcenter.net/cgi-bin/confirmeph2.cgi
20260528T064818Z,2026-05-28T06:48:18.678490Z,20260528T064818Z_batch01,A11CQzo,2026-05-29T01:00:00Z,22 23 15.3,335.81374999999997,-15 55 15,-15.920833333333333,95.5,22.3,5.62,79.1,Map/Offsets   !!,https://cgi.minorplanetcenter.net/cgi-bin/confirmeph2.cgi
20260528T064818Z,2026-05-28T06:48:18.678490Z,20260528T064818Z_batch01,A11CQzo,2026-05-29T02:00:00Z,22 23 38.0,335.9083333333333,-15 54 11,-15.903055555555556,95.5,22.3,5.52,79.0,Map/Offsets   !!,https://cgi.minorplanetcenter.net/cgi-bin/confirmeph2.cgi
20260528T064818Z,2026-05-28T06:48:18.678490Z,20260528T064818Z_batch01,A11CQzo,2026-05-29T03:00:00Z,22 24 00.4,336.0016666666666,-15 53 09,-15.885833333333332,95.4,22.3,5.43,79.0,Map/Offsets   !!,https://cgi.minorplanetcenter.net/cgi-bin/confirmeph2.cgi
20260528T064818Z,2026-05-28T06:48:18.678490Z,20260528T064818Z_batch01,A11CQzo,2026-05-29T04:00:00Z,22 24 22.3,336.0929166666666,-15 52 07,-15.868611111111111,95.4,22.3,5.33,79.0,Map/Offsets   !!,https://cgi.minorplanetcenter.net/cgi-bin/confirmeph2.cgi
20260528T064818Z,2026-05-28T06:48:18.678490Z,20260528T064818Z_batch01,A11CQzo,2026-05-29T05:00:00Z,22 24 43.9,336.18291666666664,-15 51 06,-15.851666666666667,95.3,22.3,5.24,78.9,Map/Offsets   !!,https://cgi.minorplanetcenter.net/cgi-bin/confirmeph2.cgi
20260528T064818Z,2026-05-28T06:48:18.678490Z,20260528T064818Z_batch01,oKr0080,2026-05-28T05:00:00Z,23 29 41.7,352.42375000000004,+18 36 23,18.60638888888889,67.3,20.4,0.13,59.7,Map/Offsets,https://cgi.minorplanetcenter.net/cgi-bin/confirmeph2.cgi
20260528T064818Z,2026-05-28T06:48:18.678490Z,20260528T064818Z_batch01,oKr0080,2026-05-28T06:00:00Z,23 29 42.2,352.42583333333334,+18 36 27,18.6075,67.4,20.4,0.13,59.6,Map/Offsets,https://cgi.minorplanetcenter.net/cgi-bin/confirmeph2.cgi
20260528T064818Z,2026-05-28T06:48:18.678490Z,20260528T064818Z_batch01,oKr0080,2026-05-28T07:00:00Z,23 29 42.7,352.4279166666667,+18 36 31,18.608611111111113,67.4,20.4,0.13,59.6,Map/Offsets,https://cgi.minorplanetcenter.net/cgi-bin/confirmeph2.cgi
20260528T064818Z,2026-05-28T06:48:18.678490Z,20260528T064818Z_batch01,oKr0080,2026-05-28T08:00:00Z,23 29 43.2,352.43,+18 36 35,18.609722222222224,67.4,20.4,0.13,59.5,Map/Offsets,https://cgi.minorplanetcenter.net/cgi-bin/confirmeph2.cgi
20260528T064818Z,2026-05-28T06:48:18.678490Z,20260528T064818Z_batch01,oKr0080,2026-05-28T09:00:00Z,23 29 43.7,352.4320833333333,+18 36 39,18.610833333333336,67.5,20.4,0.13,59.5,Map/Offsets,https://cgi.minorplanetcenter.net/cgi-bin/confirmeph2.cgi
20260528T064818Z,2026-05-28T06:48:18.678490Z,20260528T064818Z_batch01,oKr0080,2026-05-28T10:00:00Z,23 29 44.2,352.4341666666667,+18 36 43,18.611944444444447,67.5,20.4,0.13,59.4,Map/Offsets,https://cgi.minorplanetcenter.net/cgi-bin/confirmeph2.cgi
20260528T064818Z,2026-05-28T06:48:18.678490Z,20260528T064818Z_batch01,oKr0080,2026-05-28T11:00:00Z,23 29 44.6,352.43583333333333,+18 36 47,18.613055555555558,67.5,20.4,0.13,59.4,Map/Offsets,https://cgi.minorplanetcenter.net/cgi-bin/confirmeph2.cgi
20260528T064818Z,2026-05-28T06:48:18.678490Z,20260528T064818Z_batch01,oKr0080,2026-05-28T12:00:00Z,23 29 45.1,352.43791666666664,+18 36 51,18.61416666666667,67.6,20.4,0.13,59.3,Map/Offsets,https://cgi.minorplanetcenter.net/cgi-bin/confirmeph2.cgi
20260528T064818Z,2026-05-28T06:48:18.678490Z,20260528T064818Z_batch01,oKr0080,2026-05-28T13:00:00Z,23 29 45.6,352.44000000000005,+18 36 55,18.61527777777778,67.6,20.4,0.13,59.3,Map/Offsets,https://cgi.minorplanetcenter.net/cgi-bin/confirmeph2.cgi
20260528T064818Z,2026-05-28T06:48:18.678490Z,20260528T064818Z_batch01,oKr0080,2026-05-28T14:00:00Z,23 29 46.0,352.44166666666666,+18 36 59,18.616388888888892,67.7,20.4,0.13,59.2,Map/Offsets,https://cgi.minorplanetcenter.net/cgi-bin/confirmeph2.cgi
20260528T064818Z,2026-05-28T06:48:18.678490Z,20260528T064818Z_batch01,oKr0080,2026-05-28T15:00:00Z,23 29 46.5,352.44375,+18 37 03,18.6175,67.7,20.4,0.13,59.2,Map/Offsets,https://cgi.minorplanetcenter.net/cgi-bin/confirmeph2.cgi
20260528T064818Z,2026-05-28T06:48:18.678490Z,20260528T064818Z_batch01,oKr0080,2026-05-28T16:00:00Z,23 29 47.0,352.4458333333334,+18 37 07,18.61861111111111,67.7,20.4,0.13,59.1,Map/Offsets,https://cgi.minorplanetcenter.net/cgi-bin/confirmeph2.cgi
20260528T064818Z,2026-05-28T06:48:18.678490Z,20260528T064818Z_batch01,oKr0080,2026-05-28T17:00:00Z,23 29 47.4,352.4475,+18 37 11,18.619722222222222,67.8,20.4,0.13,59.1,Map/Offsets,https://cgi.minorplanetcenter.net/cgi-bin/confirmeph2.cgi
20260528T064818Z,2026-05-28T06:48:18.678490Z,20260528T064818Z_batch01,oKr0080,2026-05-28T18:00:00Z,23 29 47.9,352.44958333333335,+18 37 15,18.620833333333334,67.8,20.4,0.13,59.0,Map/Offsets,https://cgi.minorplanetcenter.net/cgi-bin/confirmeph2.cgi
20260528T064818Z,2026-05-28T06:48:18.678490Z,20260528T064818Z_batch01,oKr0080,2026-05-28T19:00:00Z,23 29 48.4,352.4516666666667,+18 37 18,18.621666666666666,67.8,20.4,0.13,59.0,Map/Offsets,https://cgi.minorplanetcenter.net/cgi-bin/confirmeph2.cgi
20260528T064818Z,2026-05-28T06:48:18.678490Z,20260528T064818Z_batch01,oKr0080,2026-05-28T20:00:00Z,23 29 48.8,352.4533333333334,+18 37 22,18.622777777777777,67.9,20.4,0.13,58.9,Map/Offsets,https://cgi.minorplanetcenter.net/cgi-bin/confirmeph2.cgi
20260528T064818Z,2026-05-28T06:48:18.678490Z,20260528T064818Z_batch01,oKr0080,2026-05-28T21:00:00Z,23 29 49.3,352.4554166666667,+18 37 26,18.62388888888889,67.9,20.4,0.13,58.9,Map/Offsets,https://cgi.minorplanetcenter.net/cgi-bin/confirmeph2.cgi
20260528T064818Z,2026-05-28T06:48:18.678490Z,20260528T064818Z_batch01,oKr0080,2026-05-28T22:00:00Z,23 29 49.7,352.45708333333334,+18 37 30,18.625,67.9,20.4,0.13,58.8,Map/Offsets,https://cgi.minorplanetcenter.net/cgi-bin/confirmeph2.cgi
20260528T064818Z,2026-05-28T06:48:18.678490Z,20260528T064818Z_batch01,oKr0080,2026-05-28T23:00:00Z,23 29 50.2,352.4591666666667,+18 37 34,18.62611111111111,68.0,20.4,0.13,58.8,Map/Offsets,https://cgi.minorplanetcenter.net/cgi-bin/confirmeph2.cgi
20260528T064818Z,2026-05-28T06:48:18.678490Z,20260528T064818Z_batch01,oKr0080,2026-05-29T00:00:00Z,23 29 50.6,352.4608333333333,+18 37 38,18.627222222222223,68.0,20.4,0.12,58.7,Map/Offsets,https://cgi.minorplanetcenter.net/cgi-bin/confirmeph2.cgi
20260528T064818Z,2026-05-28T06:48:18.678490Z,20260528T064818Z_batch01,oKr0080,2026-05-29T01:00:00Z,23 29 51.1,352.4629166666667,+18 37 42,18.628333333333334,68.0,20.4,0.12,58.6,Map/Offsets,https://cgi.minorplanetcenter.net/cgi-bin/confirmeph2.cgi
20260528T064818Z,2026-05-28T06:48:18.678490Z,20260528T064818Z_batch01,oKr0080,2026-05-29T02:00:00Z,23 29 51.5,352.46458333333334,+18 37 46,18.629444444444445,68.1,20.4,0.12,58.6,Map/Offsets,https://cgi.minorplanetcenter.net/cgi-bin/confirmeph2.cgi
20260528T064818Z,2026-05-28T06:48:18.678490Z,20260528T064818Z_batch01,oKr0080,2026-05-29T03:00:00Z,23 29 52.0,352.46666666666664,+18 37 50,18.630555555555556,68.1,20.4,0.12,58.5,Map/Offsets,https://cgi.minorplanetcenter.net/cgi-bin/confirmeph2.cgi
20260528T064818Z,2026-05-28T06:48:18.678490Z,20260528T064818Z_batch01,oKr0080,2026-05-29T04:00:00Z,23 29 52.4,352.46833333333336,+18 37 53,18.63138888888889,68.1,20.4,0.12,58.5,Map/Offsets,https://cgi.minorplanetcenter.net/cgi-bin/confirmeph2.cgi
20260528T064818Z,2026-05-28T06:48:18.678490Z,20260528T064818Z_batch01,oKr0080,2026-05-29T05:00:00Z,23 29 52.9,352.47041666666667,+18 37 57,18.6325,68.2,20.4,0.12,58.4,Map/Offsets,https://cgi.minorplanetcenter.net/cgi-bin/confirmeph2.cgi
20260528T064818Z,2026-05-28T06:48:18.678490Z,20260528T064818Z_batch01,C1F1535,2026-05-28T05:00:00Z,16 45 28.7,251.3695833333333,+07 01 45,7.029166666666667,150.8,22.3,0.7,359.9,Map/Offsets,https://cgi.minorplanetcenter.net/cgi-bin/confirmeph2.cgi
20260528T064818Z,2026-05-28T06:48:18.678490Z,20260528T064818Z_batch01,C1F1535,2026-05-28T06:00:00Z,16 45 28.7,251.3695833333333,+07 02 28,7.041111111111111,150.8,22.3,0.7,359.8,Map/Offsets,https://cgi.minorplanetcenter.net/cgi-bin/confirmeph2.cgi
20260528T064818Z,2026-05-28T06:48:18.678490Z,20260528T064818Z_batch01,C1F1535,2026-05-28T07:00:00Z,16 45 28.7,251.3695833333333,+07 03 10,7.052777777777778,150.8,22.3,0.7,359.8,Map/Offsets,https://cgi.minorplanetcenter.net/cgi-bin/confirmeph2.cgi
20260528T064818Z,2026-05-28T06:48:18.678490Z,20260528T064818Z_batch01,C1F1535,2026-05-28T08:00:00Z,16 45 28.7,251.3695833333333,+07 03 52,7.064444444444444,150.8,22.3,0.7,359.8,Map/Offsets,https://cgi.minorplanetcenter.net/cgi-bin/confirmeph2.cgi
20260528T064818Z,2026-05-28T06:48:18.678490Z,20260528T064818Z_batch01,C1F1535,2026-05-28T09:00:00Z,16 45 28.7,251.3695833333333,+07 04 34,7.076111111111111,150.8,22.3,0.7,359.8,Map/Offsets,https://cgi.minorplanetcenter.net/cgi-bin/confirmeph2.cgi
20260528T064818Z,2026-05-28T06:48:18.678490Z,20260528T064818Z_batch01,C1F1535,2026-05-28T10:00:00Z,16 45 28.7,251.3695833333333,+07 05 16,7.087777777777777,150.8,22.3,0.7,359.7,Map/Offsets,https://cgi.minorplanetcenter.net/cgi-bin/confirmeph2.cgi
20260528T064818Z,2026-05-28T06:48:18.678490Z,20260528T064818Z_batch01,C1F1535,2026-05-28T11:00:00Z,16 45 28.7,251.3695833333333,+07 05 58,7.099444444444444,150.8,22.3,0.7,359.7,Map/Offsets,https://cgi.minorplanetcenter.net/cgi-bin/confirmeph2.cgi
20260528T064818Z,2026-05-28T06:48:18.678490Z,20260528T064818Z_batch01,C1F1535,2026-05-28T12:00:00Z,16 45 28.6,251.36916666666667,+07 06 40,7.111111111111111,150.8,22.3,0.7,359.7,Map/Offsets,https://cgi.minorplanetcenter.net/cgi-bin/confirmeph2.cgi
20260528T064818Z,2026-05-28T06:48:18.678490Z,20260528T064818Z_batch01,C1F1535,2026-05-28T13:00:00Z,16 45 28.6,251.36916666666667,+07 07 23,7.123055555555555,150.8,22.3,0.7,359.7,Map/Offsets,https://cgi.minorplanetcenter.net/cgi-bin/confirmeph2.cgi
20260528T064818Z,2026-05-28T06:48:18.678490Z,20260528T064818Z_batch01,C1F1535,2026-05-28T14:00:00Z,16 45 28.6,251.36916666666667,+07 08 05,7.134722222222223,150.7,22.3,0.7,359.6,Map/Offsets,https://cgi.minorplanetcenter.net/cgi-bin/confirmeph2.cgi
20260528T064818Z,2026-05-28T06:48:18.678490Z,20260528T064818Z_batch01,C1F1535,2026-05-28T15:00:00Z,16 45 28.6,251.36916666666667,+07 08 47,7.14638888888889,150.7,22.3,0.7,359.6,Map/Offsets,https://cgi.minorplanetcenter.net/cgi-bin/confirmeph2.cgi
20260528T064818Z,2026-05-28T06:48:18.678490Z,20260528T064818Z_batch01,C1F1535,2026-05-28T16:00:00Z,16 45 28.6,251.36916666666667,+07 09 29,7.158055555555556,150.7,22.3,0.7,359.6,Map/Offsets,https://cgi.minorplanetcenter.net/cgi-bin/confirmeph2.cgi
20260528T064818Z,2026-05-28T06:48:18.678490Z,20260528T064818Z_batch01,C1F1535,2026-05-28T17:00:00Z,16 45 28.6,251.36916666666667,+07 10 11,7.169722222222222,150.7,22.3,0.7,359.6,Map/Offsets,https://cgi.minorplanetcenter.net/cgi-bin/confirmeph2.cgi
20260528T064818Z,2026-05-28T06:48:18.678490Z,20260528T064818Z_batch01,C1F1535,2026-05-28T18:00:00Z,16 45 28.5,251.36875,+07 10 53,7.181388888888889,150.7,22.3,0.7,359.5,Map/Offsets,https://cgi.minorplanetcenter.net/cgi-bin/confirmeph2.cgi
20260528T064818Z,2026-05-28T06:48:18.678490Z,20260528T064818Z_batch01,C1F1535,2026-05-28T19:00:00Z,16 45 28.5,251.36875,+07 11 36,7.193333333333333,150.7,22.3,0.7,359.5,Map/Offsets,https://cgi.minorplanetcenter.net/cgi-bin/confirmeph2.cgi
20260528T064818Z,2026-05-28T06:48:18.678490Z,20260528T064818Z_batch01,C1F1535,2026-05-28T20:00:00Z,16 45 28.5,251.36875,+07 12 18,7.205,150.7,22.3,0.7,359.5,Map/Offsets,https://cgi.minorplanetcenter.net/cgi-bin/confirmeph2.cgi
20260528T064818Z,2026-05-28T06:48:18.678490Z,20260528T064818Z_batch01,C1F1535,2026-05-28T21:00:00Z,16 45 28.5,251.36875,+07 13 00,7.216666666666667,150.7,22.3,0.7,359.5,Map/Offsets,https://cgi.minorplanetcenter.net/cgi-bin/confirmeph2.cgi
20260528T064818Z,2026-05-28T06:48:18.678490Z,20260528T064818Z_batch01,C1F1535,2026-05-28T22:00:00Z,16 45 28.4,251.36833333333334,+07 13 42,7.2283333333333335,150.7,22.3,0.7,359.5,Map/Offsets,https://cgi.minorplanetcenter.net/cgi-bin/confirmeph2.cgi
20260528T064818Z,2026-05-28T06:48:18.678490Z,20260528T064818Z_batch01,C1F1535,2026-05-28T23:00:00Z,16 45 28.4,251.36833333333334,+07 14 24,7.24,150.7,22.3,0.7,359.4,Map/Offsets,https://cgi.minorplanetcenter.net/cgi-bin/confirmeph2.cgi
20260528T064818Z,2026-05-28T06:48:18.678490Z,20260528T064818Z_batch01,C1F1535,2026-05-29T00:00:00Z,16 45 28.4,251.36833333333334,+07 15 06,7.251666666666667,150.7,22.3,0.7,359.4,Map/Offsets,https://cgi.minorplanetcenter.net/cgi-bin/confirmeph2.cgi
20260528T064818Z,2026-05-28T06:48:18.678490Z,20260528T064818Z_batch01,C1F1535,2026-05-29T01:00:00Z,16 45 28.3,251.36791666666667,+07 15 49,7.2636111111111115,150.6,22.3,0.7,359.4,Map/Offsets,https://cgi.minorplanetcenter.net/cgi-bin/confirmeph2.cgi
20260528T064818Z,2026-05-28T06:48:18.678490Z,20260528T064818Z_batch01,C1F1535,2026-05-29T02:00:00Z,16 45 28.3,251.36791666666667,+07 16 31,7.275277777777777,150.6,22.3,0.7,359.4,Map/Offsets,https://cgi.minorplanetcenter.net/cgi-bin/confirmeph2.cgi
20260528T064818Z,2026-05-28T06:48:18.678490Z,20260528T064818Z_batch01,C1F1535,2026-05-29T03:00:00Z,16 45 28.3,251.36791666666667,+07 17 13,7.286944444444444,150.6,22.3,0.7,359.3,Map/Offsets,https://cgi.minorplanetcenter.net/cgi-bin/confirmeph2.cgi
20260528T064818Z,2026-05-28T06:48:18.678490Z,20260528T064818Z_batch01,C1F1535,2026-05-29T04:00:00Z,16 45 28.3,251.36791666666667,+07 17 55,7.298611111111111,150.6,22.2,0.7,359.3,Map/Offsets,https://cgi.minorplanetcenter.net/cgi-bin/confirmeph2.cgi
20260528T064818Z,2026-05-28T06:48:18.678490Z,20260528T064818Z_batch01,C1F1535,2026-05-29T05:00:00Z,16 45 28.2,251.3675,+07 18 37,7.310277777777777,150.6,22.2,0.7,359.3,Map/Offsets,https://cgi.minorplanetcenter.net/cgi-bin/confirmeph2.cgi
20260528T064818Z,2026-05-28T06:48:18.678490Z,20260528T064818Z_batch01,6EN3D21,2026-05-28T05:00:00Z,16 07 48.3,241.95125000000002,-80 32 06,-80.535,120.9,18.7,1.79,229.3,Map/Offsets,https://cgi.minorplanetcenter.net/cgi-bin/confirmeph2.cgi
20260528T064818Z,2026-05-28T06:48:18.678490Z,20260528T064818Z_batch01,6EN3D21,2026-05-28T06:00:00Z,16 07 15.2,241.81333333333333,-80 33 16,-80.55444444444444,120.8,18.7,1.79,229.4,Map/Offsets,https://cgi.minorplanetcenter.net/cgi-bin/confirmeph2.cgi
20260528T064818Z,2026-05-28T06:48:18.678490Z,20260528T064818Z_batch01,6EN3D21,2026-05-28T07:00:00Z,16 06 41.9,241.67458333333337,-80 34 26,-80.57388888888889,120.8,18.7,1.8,229.6,Map/Offsets,https://cgi.minorplanetcenter.net/cgi-bin/confirmeph2.cgi
20260528T064818Z,2026-05-28T06:48:18.678490Z,20260528T064818Z_batch01,6EN3D21,2026-05-28T08:00:00Z,16 06 08.2,241.5341666666667,-80 35 36,-80.59333333333333,120.8,18.7,1.81,229.8,Map/Offsets,https://cgi.minorplanetcenter.net/cgi-bin/confirmeph2.cgi
20260528T064818Z,2026-05-28T06:48:18.678490Z,20260528T064818Z_batch01,6EN3D21,2026-05-28T09:00:00Z,16 05 34.3,241.39291666666662,-80 36 46,-80.61277777777777,120.8,18.7,1.81,230.0,Map/Offsets,https://cgi.minorplanetcenter.net/cgi-bin/confirmeph2.cgi
20260528T064818Z,2026-05-28T06:48:18.678490Z,20260528T064818Z_batch01,6EN3D21,2026-05-28T10:00:00Z,16 05 00.1,241.25041666666664,-80 37 56,-80.63222222222221,120.8,18.7,1.82,230.2,Map/Offsets,https://cgi.minorplanetcenter.net/cgi-bin/confirmeph2.cgi
20260528T064818Z,2026-05-28T06:48:18.678490Z,20260528T064818Z_batch01,6EN3D21,2026-05-28T11:00:00Z,16 04 25.6,241.10666666666668,-80 39 06,-80.65166666666667,120.8,18.7,1.83,230.4,Map/Offsets,https://cgi.minorplanetcenter.net/cgi-bin/confirmeph2.cgi
20260528T064818Z,2026-05-28T06:48:18.678490Z,20260528T064818Z_batch01,6EN3D21,2026-05-28T12:00:00Z,16 03 50.8,240.96166666666664,-80 40 15,-80.67083333333333,120.7,18.7,1.83,230.6,Map/Offsets,https://cgi.minorplanetcenter.net/cgi-bin/confirmeph2.cgi
20260528T064818Z,2026-05-28T06:48:18.678490Z,20260528T064818Z_batch01,6EN3D21,2026-05-28T13:00:00Z,16 03 15.8,240.81583333333336,-80 41 25,-80.69027777777778,120.7,18.7,1.84,230.8,Map/Offsets,https://cgi.minorplanetcenter.net/cgi-bin/confirmeph2.cgi
20260528T064818Z,2026-05-28T06:48:18.678490Z,20260528T064818Z_batch01,6EN3D21,2026-05-28T14:00:00Z,16 02 40.4,240.66833333333338,-80 42 35,-80.70972222222223,120.7,18.6,1.85,230.9,Map/Offsets,https://cgi.minorplanetcenter.net/cgi-bin/confirmeph2.cgi
20260528T064818Z,2026-05-28T06:48:18.678490Z,20260528T064818Z_batch01,6EN3D21,2026-05-28T15:00:00Z,16 02 04.8,240.52000000000004,-80 43 45,-80.72916666666667,120.7,18.6,1.85,231.1,Map/Offsets,https://cgi.minorplanetcenter.net/cgi-bin/confirmeph2.cgi
20260528T064818Z,2026-05-28T06:48:18.678490Z,20260528T064818Z_batch01,6EN3D21,2026-05-28T16:00:00Z,16 01 28.8,240.36999999999998,-80 44 55,-80.74861111111112,120.7,18.6,1.86,231.3,Map/Offsets,https://cgi.minorplanetcenter.net/cgi-bin/confirmeph2.cgi
20260528T064818Z,2026-05-28T06:48:18.678490Z,20260528T064818Z_batch01,6EN3D21,2026-05-28T17:00:00Z,16 00 52.6,240.21916666666667,-80 46 04,-80.76777777777778,120.7,18.6,1.86,231.5,Map/Offsets,https://cgi.minorplanetcenter.net/cgi-bin/confirmeph2.cgi
20260528T064818Z,2026-05-28T06:48:18.678490Z,20260528T064818Z_batch01,6EN3D21,2026-05-28T18:00:00Z,16 00 16.0,240.06666666666666,-80 47 14,-80.78722222222223,120.7,18.6,1.87,231.7,Map/Offsets,https://cgi.minorplanetcenter.net/cgi-bin/confirmeph2.cgi
20260528T064818Z,2026-05-28T06:48:18.678490Z,20260528T064818Z_batch01,6EN3D21,2026-05-28T19:00:00Z,15 59 39.2,239.91333333333333,-80 48 23,-80.80638888888889,120.6,18.6,1.88,231.9,Map/Offsets,https://cgi.minorplanetcenter.net/cgi-bin/confirmeph2.cgi
20260528T064818Z,2026-05-28T06:48:18.678490Z,20260528T064818Z_batch01,6EN3D21,2026-05-28T20:00:00Z,15 59 02.0,239.75833333333333,-80 49 33,-80.82583333333334,120.6,18.6,1.89,232.1,Map/Offsets,https://cgi.minorplanetcenter.net/cgi-bin/confirmeph2.cgi
20260528T064818Z,2026-05-28T06:48:18.678490Z,20260528T064818Z_batch01,6EN3D21,2026-05-28T21:00:00Z,15 58 24.5,239.60208333333333,-80 50 42,-80.845,120.6,18.6,1.89,232.3,Map/Offsets,https://cgi.minorplanetcenter.net/cgi-bin/confirmeph2.cgi
20260528T064818Z,2026-05-28T06:48:18.678490Z,20260528T064818Z_batch01,6EN3D21,2026-05-28T22:00:00Z,15 57 46.7,239.44458333333333,-80 51 52,-80.86444444444444,120.6,18.6,1.9,232.5,Map/Offsets,https://cgi.minorplanetcenter.net/cgi-bin/confirmeph2.cgi
20260528T064818Z,2026-05-28T06:48:18.678490Z,20260528T064818Z_batch01,6EN3D21,2026-05-28T23:00:00Z,15 57 08.6,239.28583333333333,-80 53 01,-80.88361111111112,120.6,18.6,1.91,232.7,Map/Offsets,https://cgi.minorplanetcenter.net/cgi-bin/confirmeph2.cgi
20260528T064818Z,2026-05-28T06:48:18.678490Z,20260528T064818Z_batch01,6EN3D21,2026-05-29T00:00:00Z,15 56 30.2,239.12583333333336,-80 54 10,-80.90277777777779,120.6,18.6,1.91,232.9,Map/Offsets,https://cgi.minorplanetcenter.net/cgi-bin/confirmeph2.cgi
20260528T064818Z,2026-05-28T06:48:18.678490Z,20260528T064818Z_batch01,6EN3D21,2026-05-29T01:00:00Z,15 55 51.4,238.96416666666667,-80 55 19,-80.92194444444445,120.5,18.6,1.92,233.1,Map/Offsets,https://cgi.minorplanetcenter.net/cgi-bin/confirmeph2.cgi
20260528T064818Z,2026-05-28T06:48:18.678490Z,20260528T064818Z_batch01,6EN3D21,2026-05-29T02:00:00Z,15 55 12.3,238.80124999999998,-80 56 29,-80.9413888888889,120.5,18.6,1.93,233.3,Map/Offsets,https://cgi.minorplanetcenter.net/cgi-bin/confirmeph2.cgi
20260528T064818Z,2026-05-28T06:48:18.678490Z,20260528T064818Z_batch01,6EN3D21,2026-05-29T03:00:00Z,15 54 32.9,238.63708333333335,-80 57 38,-80.96055555555556,120.5,18.6,1.93,233.5,Map/Offsets,https://cgi.minorplanetcenter.net/cgi-bin/confirmeph2.cgi
20260528T064818Z,2026-05-28T06:48:18.678490Z,20260528T064818Z_batch01,6EN3D21,2026-05-29T04:00:00Z,15 53 53.2,238.47166666666664,-80 58 46,-80.97944444444444,120.5,18.6,1.94,233.7,Map/Offsets,https://cgi.minorplanetcenter.net/cgi-bin/confirmeph2.cgi
20260528T064818Z,2026-05-28T06:48:18.678490Z,20260528T064818Z_batch01,6EN3D21,2026-05-29T05:00:00Z,15 53 13.1,238.3045833333333,-80 59 55,-80.99861111111112,120.5,18.6,1.95,233.9,Map/Offsets,https://cgi.minorplanetcenter.net/cgi-bin/confirmeph2.cgi
20260528T064818Z,2026-05-28T06:48:18.678490Z,20260528T064818Z_batch01,C1EYPU5,2026-05-28T05:00:00Z,15 53 41.7,238.42375,+03 35 12,3.586666666666667,154.3,22.8,0.72,64.9,Map/Offsets,https://cgi.minorplanetcenter.net/cgi-bin/confirmeph2.cgi
20260528T064818Z,2026-05-28T06:48:18.678490Z,20260528T064818Z_batch01,C1EYPU5,2026-05-28T06:00:00Z,15 53 44.3,238.4345833333333,+03 35 31,3.5919444444444446,154.3,22.8,0.72,65.0,Map/Offsets,https://cgi.minorplanetcenter.net/cgi-bin/confirmeph2.cgi
20260528T064818Z,2026-05-28T06:48:18.678490Z,20260528T064818Z_batch01,C1EYPU5,2026-05-28T07:00:00Z,15 53 46.9,238.44541666666666,+03 35 49,3.5969444444444445,154.2,22.8,0.72,65.1,Map/Offsets,https://cgi.minorplanetcenter.net/cgi-bin/confirmeph2.cgi
20260528T064818Z,2026-05-28T06:48:18.678490Z,20260528T064818Z_batch01,C1EYPU5,2026-05-28T08:00:00Z,15 53 49.5,238.45624999999998,+03 36 07,3.6019444444444444,154.2,22.8,0.72,65.2,Map/Offsets,https://cgi.minorplanetcenter.net/cgi-bin/confirmeph2.cgi
20260528T064818Z,2026-05-28T06:48:18.678490Z,20260528T064818Z_batch01,C1EYPU5,2026-05-28T09:00:00Z,15 53 52.2,238.4675,+03 36 25,3.6069444444444447,154.2,22.8,0.72,65.3,Map/Offsets,https://cgi.minorplanetcenter.net/cgi-bin/confirmeph2.cgi
20260528T064818Z,2026-05-28T06:48:18.678490Z,20260528T064818Z_batch01,C1EYPU5,2026-05-28T10:00:00Z,15 53 54.8,238.47833333333332,+03 36 43,3.6119444444444446,154.2,22.8,0.72,65.4,Map/Offsets,https://cgi.minorplanetcenter.net/cgi-bin/confirmeph2.cgi
20260528T064818Z,2026-05-28T06:48:18.678490Z,20260528T064818Z_batch01,C1EYPU5,2026-05-28T11:00:00Z,15 53 57.4,238.48916666666668,+03 37 01,3.6169444444444445,154.2,22.8,0.72,65.5,Map/Offsets,https://cgi.minorplanetcenter.net/cgi-bin/confirmeph2.cgi
20260528T064818Z,2026-05-28T06:48:18.678490Z,20260528T064818Z_batch01,C1EYPU5,2026-05-28T12:00:00Z,15 54 00.0,238.5,+03 37 19,3.6219444444444444,154.1,22.8,0.72,65.6,Map/Offsets,https://cgi.minorplanetcenter.net/cgi-bin/confirmeph2.cgi
20260528T064818Z,2026-05-28T06:48:18.678490Z,20260528T064818Z_batch01,C1EYPU5,2026-05-28T13:00:00Z,15 54 02.6,238.51083333333335,+03 37 37,3.6269444444444443,154.1,22.8,0.72,65.7,Map/Offsets,https://cgi.minorplanetcenter.net/cgi-bin/confirmeph2.cgi
20260528T064818Z,2026-05-28T06:48:18.678490Z,20260528T064818Z_batch01,C1EYPU5,2026-05-28T14:00:00Z,15 54 05.3,238.52208333333334,+03 37 54,3.631666666666667,154.1,22.8,0.72,65.8,Map/Offsets,https://cgi.minorplanetcenter.net/cgi-bin/confirmeph2.cgi
20260528T064818Z,2026-05-28T06:48:18.678490Z,20260528T064818Z_batch01,C1EYPU5,2026-05-28T15:00:00Z,15 54 07.9,238.5329166666667,+03 38 12,3.6366666666666667,154.1,22.8,0.72,65.9,Map/Offsets,https://cgi.minorplanetcenter.net/cgi-bin/confirmeph2.cgi
20260528T064818Z,2026-05-28T06:48:18.678490Z,20260528T064818Z_batch01,C1EYPU5,2026-05-28T16:00:00Z,15 54 10.5,238.54375,+03 38 30,3.6416666666666666,154.1,22.8,0.72,66.0,Map/Offsets,https://cgi.minorplanetcenter.net/cgi-bin/confirmeph2.cgi
20260528T064818Z,2026-05-28T06:48:18.678490Z,20260528T064818Z_batch01,C1EYPU5,2026-05-28T17:00:00Z,15 54 13.2,238.555,+03 38 47,3.6463888888888887,154.0,22.9,0.72,66.1,Map/Offsets,https://cgi.minorplanetcenter.net/cgi-bin/confirmeph2.cgi
20260528T064818Z,2026-05-28T06:48:18.678490Z,20260528T064818Z_batch01,C1EYPU5,2026-05-28T18:00:00Z,15 54 15.8,238.56583333333333,+03 39 04,3.651111111111111,154.0,22.9,0.72,66.3,Map/Offsets,https://cgi.minorplanetcenter.net/cgi-bin/confirmeph2.cgi
20260528T064818Z,2026-05-28T06:48:18.678490Z,20260528T064818Z_batch01,C1EYPU5,2026-05-28T19:00:00Z,15 54 18.4,238.57666666666665,+03 39 22,3.656111111111111,154.0,22.9,0.72,66.4,Map/Offsets,https://cgi.minorplanetcenter.net/cgi-bin/confirmeph2.cgi
20260528T064818Z,2026-05-28T06:48:18.678490Z,20260528T064818Z_batch01,C1EYPU5,2026-05-28T20:00:00Z,15 54 21.1,238.58791666666667,+03 39 39,3.660833333333333,154.0,22.9,0.72,66.5,Map/Offsets,https://cgi.minorplanetcenter.net/cgi-bin/confirmeph2.cgi
20260528T064818Z,2026-05-28T06:48:18.678490Z,20260528T064818Z_batch01,C1EYPU5,2026-05-28T21:00:00Z,15 54 23.7,238.59875,+03 39 56,3.6655555555555557,154.0,22.9,0.72,66.6,Map/Offsets,https://cgi.minorplanetcenter.net/cgi-bin/confirmeph2.cgi
20260528T064818Z,2026-05-28T06:48:18.678490Z,20260528T064818Z_batch01,C1EYPU5,2026-05-28T22:00:00Z,15 54 26.3,238.60958333333335,+03 40 13,3.6702777777777778,154.0,22.9,0.72,66.7,Map/Offsets,https://cgi.minorplanetcenter.net/cgi-bin/confirmeph2.cgi
20260528T064818Z,2026-05-28T06:48:18.678490Z,20260528T064818Z_batch01,C1EYPU5,2026-05-28T23:00:00Z,15 54 29.0,238.62083333333334,+03 40 30,3.675,153.9,22.9,0.72,66.8,Map/Offsets,https://cgi.minorplanetcenter.net/cgi-bin/confirmeph2.cgi
20260528T064818Z,2026-05-28T06:48:18.678490Z,20260528T064818Z_batch01,C1EYPU5,2026-05-29T00:00:00Z,15 54 31.6,238.6316666666667,+03 40 47,3.679722222222222,153.9,22.9,0.72,66.9,Map/Offsets,https://cgi.minorplanetcenter.net/cgi-bin/confirmeph2.cgi
20260528T064818Z,2026-05-28T06:48:18.678490Z,20260528T064818Z_batch01,C1EYPU5,2026-05-29T01:00:00Z,15 54 34.2,238.64249999999998,+03 41 04,3.684444444444445,153.9,22.9,0.71,67.0,Map/Offsets,https://cgi.minorplanetcenter.net/cgi-bin/confirmeph2.cgi
20260528T064818Z,2026-05-28T06:48:18.678490Z,20260528T064818Z_batch01,C1EYPU5,2026-05-29T02:00:00Z,15 54 36.9,238.65375,+03 41 20,3.688888888888889,153.9,22.9,0.71,67.1,Map/Offsets,https://cgi.minorplanetcenter.net/cgi-bin/confirmeph2.cgi
20260528T064818Z,2026-05-28T06:48:18.678490Z,20260528T064818Z_batch01,C1EYPU5,2026-05-29T03:00:00Z,15 54 39.5,238.66458333333333,+03 41 37,3.693611111111111,153.9,22.9,0.71,67.2,Map/Offsets,https://cgi.minorplanetcenter.net/cgi-bin/confirmeph2.cgi
20260528T064818Z,2026-05-28T06:48:18.678490Z,20260528T064818Z_batch01,C1EYPU5,2026-05-29T04:00:00Z,15 54 42.1,238.67541666666668,+03 41 54,3.6983333333333337,153.8,22.9,0.71,67.3,Map/Offsets,https://cgi.minorplanetcenter.net/cgi-bin/confirmeph2.cgi
20260528T064818Z,2026-05-28T06:48:18.678490Z,20260528T064818Z_batch01,C1EYPU5,2026-05-29T05:00:00Z,15 54 44.8,238.68666666666667,+03 42 10,3.702777777777778,153.8,22.9,0.71,67.4,Map/Offsets,https://cgi.minorplanetcenter.net/cgi-bin/confirmeph2.cgi
20260528T064818Z,2026-05-28T06:48:18.678490Z,20260528T064818Z_batch01,NAOCBPP,2026-05-28T05:00:00Z,14 55 49.8,223.95749999999998,-22 00 29,-22.008055555555554,160.7,22.3,1.57,159.8,Map/Offsets   Map/Offsets,https://cgi.minorplanetcenter.net/cgi-bin/confirmeph2.cgi
20260528T064818Z,2026-05-28T06:48:18.678490Z,20260528T064818Z_batch01,NAOCBPP,2026-05-28T06:00:00Z,14 55 52.1,223.96708333333333,-22 01 57,-22.0325,160.7,22.3,1.57,159.8,Map/Offsets   Map/Offsets,https://cgi.minorplanetcenter.net/cgi-bin/confirmeph2.cgi
20260528T064818Z,2026-05-28T06:48:18.678490Z,20260528T064818Z_batch01,NAOCBPP,2026-05-28T07:00:00Z,14 55 54.5,223.97708333333333,-22 03 26,-22.057222222222222,160.7,22.3,1.57,159.8,Map/Offsets   Map/Offsets,https://cgi.minorplanetcenter.net/cgi-bin/confirmeph2.cgi
20260528T064818Z,2026-05-28T06:48:18.678490Z,20260528T064818Z_batch01,NAOCBPP,2026-05-28T08:00:00Z,14 55 56.8,223.98666666666665,-22 04 54,-22.081666666666667,160.7,22.3,1.57,159.7,Map/Offsets   Map/Offsets,https://cgi.minorplanetcenter.net/cgi-bin/confirmeph2.cgi
20260528T064818Z,2026-05-28T06:48:18.678490Z,20260528T064818Z_batch01,NAOCBPP,2026-05-28T09:00:00Z,14 55 59.2,223.99666666666664,-22 06 22,-22.10611111111111,160.6,22.3,1.57,159.7,Map/Offsets   Map/Offsets,https://cgi.minorplanetcenter.net/cgi-bin/confirmeph2.cgi
20260528T064818Z,2026-05-28T06:48:18.678490Z,20260528T064818Z_batch01,NAOCBPP,2026-05-28T10:00:00Z,14 56 01.5,224.00625,-22 07 51,-22.130833333333335,160.6,22.3,1.57,159.7,Map/Offsets   Map/Offsets,https://cgi.minorplanetcenter.net/cgi-bin/confirmeph2.cgi
20260528T064818Z,2026-05-28T06:48:18.678490Z,20260528T064818Z_batch01,NAOCBPP,2026-05-28T11:00:00Z,14 56 03.9,224.01625,-22 09 19,-22.155277777777776,160.6,22.3,1.56,159.6,Map/Offsets   Map/Offsets,https://cgi.minorplanetcenter.net/cgi-bin/confirmeph2.cgi
20260528T064818Z,2026-05-28T06:48:18.678490Z,20260528T064818Z_batch01,NAOCBPP,2026-05-28T12:00:00Z,14 56 06.2,224.02583333333334,-22 10 47,-22.179722222222225,160.5,22.3,1.56,159.6,Map/Offsets   Map/Offsets,https://cgi.minorplanetcenter.net/cgi-bin/confirmeph2.cgi
20260528T064818Z,2026-05-28T06:48:18.678490Z,20260528T064818Z_batch01,NAOCBPP,2026-05-28T13:00:00Z,14 56 08.6,224.03583333333336,-22 12 15,-22.204166666666666,160.5,22.3,1.56,159.6,Map/Offsets   Map/Offsets,https://cgi.minorplanetcenter.net/cgi-bin/confirmeph2.cgi
20260528T064818Z,2026-05-28T06:48:18.678490Z,20260528T064818Z_batch01,NAOCBPP,2026-05-28T14:00:00Z,14 56 10.9,224.04541666666665,-22 13 42,-22.22833333333333,160.5,22.3,1.56,159.5,Map/Offsets   Map/Offsets,https://cgi.minorplanetcenter.net/cgi-bin/confirmeph2.cgi
20260528T064818Z,2026-05-28T06:48:18.678490Z,20260528T064818Z_batch01,NAOCBPP,2026-05-28T15:00:00Z,14 56 13.3,224.05541666666667,-22 15 10,-22.252777777777776,160.5,22.3,1.56,159.5,Map/Offsets   Map/Offsets,https://cgi.minorplanetcenter.net/cgi-bin/confirmeph2.cgi
20260528T064818Z,2026-05-28T06:48:18.678490Z,20260528T064818Z_batch01,NAOCBPP,2026-05-28T16:00:00Z,14 56 15.6,224.065,-22 16 38,-22.27722222222222,160.4,22.3,1.56,159.5,Map/Offsets   Map/Offsets,https://cgi.minorplanetcenter.net/cgi-bin/confirmeph2.cgi
20260528T064818Z,2026-05-28T06:48:18.678490Z,20260528T064818Z_batch01,NAOCBPP,2026-05-28T17:00:00Z,14 56 18.0,224.07500000000002,-22 18 05,-22.30138888888889,160.4,22.3,1.56,159.5,Map/Offsets   Map/Offsets,https://cgi.minorplanetcenter.net/cgi-bin/confirmeph2.cgi
20260528T064818Z,2026-05-28T06:48:18.678490Z,20260528T064818Z_batch01,NAOCBPP,2026-05-28T18:00:00Z,14 56 20.4,224.085,-22 19 33,-22.325833333333332,160.4,22.4,1.56,159.4,Map/Offsets   Map/Offsets,https://cgi.minorplanetcenter.net/cgi-bin/confirmeph2.cgi
20260528T064818Z,2026-05-28T06:48:18.678490Z,20260528T064818Z_batch01,NAOCBPP,2026-05-28T19:00:00Z,14 56 22.7,224.09458333333333,-22 21 00,-22.35,160.3,22.4,1.55,159.4,Map/Offsets   Map/Offsets,https://cgi.minorplanetcenter.net/cgi-bin/confirmeph2.cgi
20260528T064818Z,2026-05-28T06:48:18.678490Z,20260528T064818Z_batch01,NAOCBPP,2026-05-28T20:00:00Z,14 56 25.1,224.10458333333332,-22 22 27,-22.374166666666667,160.3,22.4,1.55,159.4,Map/Offsets   Map/Offsets,https://cgi.minorplanetcenter.net/cgi-bin/confirmeph2.cgi
20260528T064818Z,2026-05-28T06:48:18.678490Z,20260528T064818Z_batch01,NAOCBPP,2026-05-28T21:00:00Z,14 56 27.5,224.11458333333334,-22 23 55,-22.398611111111112,160.3,22.4,1.55,159.3,Map/Offsets   Map/Offsets,https://cgi.minorplanetcenter.net/cgi-bin/confirmeph2.cgi
20260528T064818Z,2026-05-28T06:48:18.678490Z,20260528T064818Z_batch01,NAOCBPP,2026-05-28T22:00:00Z,14 56 29.8,224.12416666666667,-22 25 22,-22.422777777777778,160.3,22.4,1.55,159.3,Map/Offsets   Map/Offsets,https://cgi.minorplanetcenter.net/cgi-bin/confirmeph2.cgi
20260528T064818Z,2026-05-28T06:48:18.678490Z,20260528T064818Z_batch01,NAOCBPP,2026-05-28T23:00:00Z,14 56 32.2,224.1341666666667,-22 26 49,-22.446944444444444,160.2,22.4,1.55,159.3,Map/Offsets   Map/Offsets,https://cgi.minorplanetcenter.net/cgi-bin/confirmeph2.cgi
20260528T064818Z,2026-05-28T06:48:18.678490Z,20260528T064818Z_batch01,NAOCBPP,2026-05-29T00:00:00Z,14 56 34.6,224.14416666666668,-22 28 16,-22.47111111111111,160.2,22.4,1.55,159.2,Map/Offsets   Map/Offsets,https://cgi.minorplanetcenter.net/cgi-bin/confirmeph2.cgi
20260528T064818Z,2026-05-28T06:48:18.678490Z,20260528T064818Z_batch01,NAOCBPP,2026-05-29T01:00:00Z,14 56 37.0,224.15416666666667,-22 29 42,-22.495,160.2,22.4,1.55,159.2,Map/Offsets   Map/Offsets,https://cgi.minorplanetcenter.net/cgi-bin/confirmeph2.cgi
20260528T064818Z,2026-05-28T06:48:18.678490Z,20260528T064818Z_batch01,NAOCBPP,2026-05-29T02:00:00Z,14 56 39.3,224.16375,-22 31 09,-22.519166666666667,160.1,22.4,1.55,159.2,Map/Offsets   Map/Offsets,https://cgi.minorplanetcenter.net/cgi-bin/confirmeph2.cgi
20260528T064818Z,2026-05-28T06:48:18.678490Z,20260528T064818Z_batch01,NAOCBPP,2026-05-29T03:00:00Z,14 56 41.7,224.17375,-22 32 36,-22.543333333333337,160.1,22.4,1.54,159.1,Map/Offsets   Map/Offsets,https://cgi.minorplanetcenter.net/cgi-bin/confirmeph2.cgi
20260528T064818Z,2026-05-28T06:48:18.678490Z,20260528T064818Z_batch01,NAOCBPP,2026-05-29T04:00:00Z,14 56 44.1,224.18375,-22 34 02,-22.56722222222222,160.1,22.4,1.54,159.1,Map/Offsets   Map/Offsets,https://cgi.minorplanetcenter.net/cgi-bin/confirmeph2.cgi
20260528T064818Z,2026-05-28T06:48:18.678490Z,20260528T064818Z_batch01,NAOCBPP,2026-05-29T05:00:00Z,14 56 46.5,224.19375000000002,-22 35 29,-22.591388888888886,160.1,22.4,1.54,159.1,Map/Offsets   Map/Offsets,https://cgi.minorplanetcenter.net/cgi-bin/confirmeph2.cgi
20260528T064818Z,2026-05-28T06:48:18.678490Z,20260528T064818Z_batch01,ST26EC8,2026-05-28T05:00:00Z,22 13 38.6,333.4108333333333,-30 58 11,-30.96972222222222,101.9,24.0,4.89,88.3,Map/Offsets   !,https://cgi.minorplanetcenter.net/cgi-bin/confirmeph2.cgi
20260528T064818Z,2026-05-28T06:48:18.678490Z,20260528T064818Z_batch01,ST26EC8,2026-05-28T06:00:00Z,22 14 01.3,333.5054166666667,-30 58 02,-30.96722222222222,101.8,24.0,4.83,88.2,Map/Offsets   !,https://cgi.minorplanetcenter.net/cgi-bin/confirmeph2.cgi
20260528T064818Z,2026-05-28T06:48:18.678490Z,20260528T064818Z_batch01,ST26EC8,2026-05-28T07:00:00Z,22 14 23.7,333.59875,-30 57 53,-30.96472222222222,101.8,24.0,4.78,88.2,Map/Offsets   !,https://cgi.minorplanetcenter.net/cgi-bin/confirmeph2.cgi
20260528T064818Z,2026-05-28T06:48:18.678490Z,20260528T064818Z_batch01,ST26EC8,2026-05-28T08:00:00Z,22 14 45.8,333.69083333333333,-30 57 44,-30.96222222222222,101.7,24.1,4.72,88.1,Map/Offsets   !,https://cgi.minorplanetcenter.net/cgi-bin/confirmeph2.cgi
20260528T064818Z,2026-05-28T06:48:18.678490Z,20260528T064818Z_batch01,ST26EC8,2026-05-28T09:00:00Z,22 15 07.7,333.78208333333333,-30 57 35,-30.959722222222222,101.7,24.1,4.67,88.1,Map/Offsets   !,https://cgi.minorplanetcenter.net/cgi-bin/confirmeph2.cgi
20260528T064818Z,2026-05-28T06:48:18.678490Z,20260528T064818Z_batch01,ST26EC8,2026-05-28T10:00:00Z,22 15 29.4,333.8725,-30 57 25,-30.956944444444442,101.7,24.1,4.62,88.0,Map/Offsets   !,https://cgi.minorplanetcenter.net/cgi-bin/confirmeph2.cgi
20260528T064818Z,2026-05-28T06:48:18.678490Z,20260528T064818Z_batch01,ST26EC8,2026-05-28T11:00:00Z,22 15 50.7,333.96124999999995,-30 57 16,-30.954444444444444,101.6,24.1,4.56,88.0,Map/Offsets   !,https://cgi.minorplanetcenter.net/cgi-bin/confirmeph2.cgi
20260528T064818Z,2026-05-28T06:48:18.678490Z,20260528T064818Z_batch01,ST26EC8,2026-05-28T12:00:00Z,22 16 11.9,334.0495833333333,-30 57 06,-30.951666666666664,101.6,24.1,4.51,88.0,Map/Offsets   !,https://cgi.minorplanetcenter.net/cgi-bin/confirmeph2.cgi
20260528T064818Z,2026-05-28T06:48:18.678490Z,20260528T064818Z_batch01,ST26EC8,2026-05-28T13:00:00Z,22 16 32.8,334.13666666666666,-30 56 56,-30.948888888888888,101.6,24.1,4.46,87.9,Map/Offsets   !,https://cgi.minorplanetcenter.net/cgi-bin/confirmeph2.cgi
20260528T064818Z,2026-05-28T06:48:18.678490Z,20260528T064818Z_batch01,ST26EC8,2026-05-28T14:00:00Z,22 16 53.5,334.2229166666666,-30 56 47,-30.94638888888889,101.5,24.1,4.41,87.9,Map/Offsets   !,https://cgi.minorplanetcenter.net/cgi-bin/confirmeph2.cgi
20260528T064818Z,2026-05-28T06:48:18.678490Z,20260528T064818Z_batch01,ST26EC8,2026-05-28T15:00:00Z,22 17 14.0,334.30833333333334,-30 56 37,-30.94361111111111,101.5,24.2,4.37,87.8,Map/Offsets   !,https://cgi.minorplanetcenter.net/cgi-bin/confirmeph2.cgi
20260528T064818Z,2026-05-28T06:48:18.678490Z,20260528T064818Z_batch01,ST26EC8,2026-05-28T16:00:00Z,22 17 34.2,334.39250000000004,-30 56 27,-30.940833333333334,101.5,24.2,4.32,87.8,Map/Offsets   !,https://cgi.minorplanetcenter.net/cgi-bin/confirmeph2.cgi
20260528T064818Z,2026-05-28T06:48:18.678490Z,20260528T064818Z_batch01,ST26EC8,2026-05-28T17:00:00Z,22 17 54.2,334.47583333333336,-30 56 17,-30.938055555555557,101.4,24.2,4.27,87.8,Map/Offsets   !,https://cgi.minorplanetcenter.net/cgi-bin/confirmeph2.cgi
20260528T064818Z,2026-05-28T06:48:18.678490Z,20260528T064818Z_batch01,ST26EC8,2026-05-28T18:00:00Z,22 18 14.0,334.55833333333334,-30 56 07,-30.935277777777777,101.4,24.2,4.23,87.7,Map/Offsets   !,https://cgi.minorplanetcenter.net/cgi-bin/confirmeph2.cgi
20260528T064818Z,2026-05-28T06:48:18.678490Z,20260528T064818Z_batch01,ST26EC8,2026-05-28T19:00:00Z,22 18 33.6,334.64000000000004,-30 55 57,-30.9325,101.4,24.2,4.18,87.7,Map/Offsets   !,https://cgi.minorplanetcenter.net/cgi-bin/confirmeph2.cgi
20260528T064818Z,2026-05-28T06:48:18.678490Z,20260528T064818Z_batch01,ST26EC8,2026-05-28T20:00:00Z,22 18 53.0,334.72083333333336,-30 55 46,-30.929444444444446,101.3,24.2,4.14,87.6,Map/Offsets   !,https://cgi.minorplanetcenter.net/cgi-bin/confirmeph2.cgi
20260528T064818Z,2026-05-28T06:48:18.678490Z,20260528T064818Z_batch01,ST26EC8,2026-05-28T21:00:00Z,22 19 12.2,334.80083333333334,-30 55 36,-30.92666666666667,101.3,24.2,4.09,87.6,Map/Offsets   !,https://cgi.minorplanetcenter.net/cgi-bin/confirmeph2.cgi
20260528T064818Z,2026-05-28T06:48:18.678490Z,20260528T064818Z_batch01,ST26EC8,2026-05-28T22:00:00Z,22 19 31.1,334.87958333333336,-30 55 26,-30.92388888888889,101.3,24.2,4.05,87.6,Map/Offsets   !,https://cgi.minorplanetcenter.net/cgi-bin/confirmeph2.cgi
20260528T064818Z,2026-05-28T06:48:18.678490Z,20260528T064818Z_batch01,ST26EC8,2026-05-28T23:00:00Z,22 19 49.9,334.9579166666667,-30 55 16,-30.921111111111113,101.3,24.2,4.01,87.5,Map/Offsets   !,https://cgi.minorplanetcenter.net/cgi-bin/confirmeph2.cgi
20260528T064818Z,2026-05-28T06:48:18.678490Z,20260528T064818Z_batch01,ST26EC8,2026-05-29T00:00:00Z,22 20 08.5,335.0354166666666,-30 55 05,-30.918055555555558,101.2,24.3,3.96,87.5,Map/Offsets   !,https://cgi.minorplanetcenter.net/cgi-bin/confirmeph2.cgi
20260528T064818Z,2026-05-28T06:48:18.678490Z,20260528T064818Z_batch01,ST26EC8,2026-05-29T01:00:00Z,22 20 26.8,335.1116666666667,-30 54 55,-30.915277777777778,101.2,24.3,3.92,87.4,Map/Offsets   !,https://cgi.minorplanetcenter.net/cgi-bin/confirmeph2.cgi
20260528T064818Z,2026-05-28T06:48:18.678490Z,20260528T064818Z_batch01,ST26EC8,2026-05-29T02:00:00Z,22 20 45.0,335.1875,-30 54 44,-30.91222222222222,101.2,24.3,3.88,87.4,Map/Offsets   !,https://cgi.minorplanetcenter.net/cgi-bin/confirmeph2.cgi
20260528T064818Z,2026-05-28T06:48:18.678490Z,20260528T064818Z_batch01,ST26EC8,2026-05-29T03:00:00Z,22 21 03.0,335.2625,-30 54 34,-30.909444444444443,101.2,24.3,3.84,87.4,Map/Offsets   !,https://cgi.minorplanetcenter.net/cgi-bin/confirmeph2.cgi
20260528T064818Z,2026-05-28T06:48:18.678490Z,20260528T064818Z_batch01,ST26EC8,2026-05-29T04:00:00Z,22 21 20.8,335.33666666666664,-30 54 23,-30.906388888888888,101.1,24.3,3.8,87.3,Map/Offsets   !,https://cgi.minorplanetcenter.net/cgi-bin/confirmeph2.cgi
20260528T064818Z,2026-05-28T06:48:18.678490Z,20260528T064818Z_batch01,ST26EC8,2026-05-29T05:00:00Z,22 21 38.4,335.41,-30 54 12,-30.903333333333332,101.1,24.3,3.76,87.3,Map/Offsets   !,https://cgi.minorplanetcenter.net/cgi-bin/confirmeph2.cgi
20260528T064818Z,2026-05-28T06:48:18.678490Z,20260528T064818Z_batch01,P12nfaz,2026-05-28T05:00:00Z,13 12 17.0,198.07083333333333,-27 09 07,-27.151944444444442,137.4,22.0,0.5,338.8,Map/Offsets,https://cgi.minorplanetcenter.net/cgi-bin/confirmeph2.cgi
20260528T064818Z,2026-05-28T06:48:18.678490Z,20260528T064818Z_batch01,P12nfaz,2026-05-28T06:00:00Z,13 12 16.2,198.0675,-27 08 39,-27.144166666666667,137.3,22.0,0.5,338.9,Map/Offsets,https://cgi.minorplanetcenter.net/cgi-bin/confirmeph2.cgi
20260528T064818Z,2026-05-28T06:48:18.678490Z,20260528T064818Z_batch01,P12nfaz,2026-05-28T07:00:00Z,13 12 15.4,198.06416666666667,-27 08 11,-27.136388888888888,137.3,22.0,0.5,339.0,Map/Offsets,https://cgi.minorplanetcenter.net/cgi-bin/confirmeph2.cgi
20260528T064818Z,2026-05-28T06:48:18.678490Z,20260528T064818Z_batch01,P12nfaz,2026-05-28T08:00:00Z,13 12 14.6,198.06083333333333,-27 07 43,-27.128611111111113,137.2,22.0,0.5,339.1,Map/Offsets,https://cgi.minorplanetcenter.net/cgi-bin/confirmeph2.cgi
20260528T064818Z,2026-05-28T06:48:18.678490Z,20260528T064818Z_batch01,P12nfaz,2026-05-28T09:00:00Z,13 12 13.8,198.05749999999998,-27 07 15,-27.120833333333334,137.2,22.0,0.5,339.1,Map/Offsets,https://cgi.minorplanetcenter.net/cgi-bin/confirmeph2.cgi
20260528T064818Z,2026-05-28T06:48:18.678490Z,20260528T064818Z_batch01,P12nfaz,2026-05-28T10:00:00Z,13 12 13.0,198.05416666666665,-27 06 47,-27.113055555555558,137.2,22.0,0.5,339.2,Map/Offsets,https://cgi.minorplanetcenter.net/cgi-bin/confirmeph2.cgi
20260528T064818Z,2026-05-28T06:48:18.678490Z,20260528T064818Z_batch01,P12nfaz,2026-05-28T11:00:00Z,13 12 12.2,198.05083333333332,-27 06 19,-27.10527777777778,137.1,22.0,0.5,339.3,Map/Offsets,https://cgi.minorplanetcenter.net/cgi-bin/confirmeph2.cgi
20260528T064818Z,2026-05-28T06:48:18.678490Z,20260528T064818Z_batch01,P12nfaz,2026-05-28T12:00:00Z,13 12 11.4,198.04749999999999,-27 05 51,-27.0975,137.1,22.0,0.5,339.4,Map/Offsets,https://cgi.minorplanetcenter.net/cgi-bin/confirmeph2.cgi
20260528T064818Z,2026-05-28T06:48:18.678490Z,20260528T064818Z_batch01,P12nfaz,2026-05-28T13:00:00Z,13 12 10.6,198.04416666666665,-27 05 23,-27.08972222222222,137.0,22.0,0.5,339.4,Map/Offsets,https://cgi.minorplanetcenter.net/cgi-bin/confirmeph2.cgi
20260528T064818Z,2026-05-28T06:48:18.678490Z,20260528T064818Z_batch01,P12nfaz,2026-05-28T14:00:00Z,13 12 09.8,198.0408333333333,-27 04 55,-27.081944444444446,137.0,22.0,0.5,339.5,Map/Offsets,https://cgi.minorplanetcenter.net/cgi-bin/confirmeph2.cgi
20260528T064818Z,2026-05-28T06:48:18.678490Z,20260528T064818Z_batch01,P12nfaz,2026-05-28T15:00:00Z,13 12 09.0,198.0375,-27 04 27,-27.074166666666667,137.0,22.0,0.5,339.6,Map/Offsets,https://cgi.minorplanetcenter.net/cgi-bin/confirmeph2.cgi
20260528T064818Z,2026-05-28T06:48:18.678490Z,20260528T064818Z_batch01,P12nfaz,2026-05-28T16:00:00Z,13 12 08.2,198.03416666666666,-27 03 59,-27.06638888888889,136.9,22.0,0.5,339.7,Map/Offsets,https://cgi.minorplanetcenter.net/cgi-bin/confirmeph2.cgi
20260528T064818Z,2026-05-28T06:48:18.678490Z,20260528T064818Z_batch01,P12nfaz,2026-05-28T17:00:00Z,13 12 07.5,198.03125,-27 03 31,-27.058611111111112,136.9,22.0,0.5,339.7,Map/Offsets,https://cgi.minorplanetcenter.net/cgi-bin/confirmeph2.cgi
20260528T064818Z,2026-05-28T06:48:18.678490Z,20260528T064818Z_batch01,P12nfaz,2026-05-28T18:00:00Z,13 12 06.7,198.02791666666667,-27 03 03,-27.050833333333333,136.8,22.0,0.5,339.8,Map/Offsets,https://cgi.minorplanetcenter.net/cgi-bin/confirmeph2.cgi
20260528T064818Z,2026-05-28T06:48:18.678490Z,20260528T064818Z_batch01,P12nfaz,2026-05-28T19:00:00Z,13 12 05.9,198.02458333333334,-27 02 35,-27.043055555555558,136.8,22.0,0.5,339.9,Map/Offsets,https://cgi.minorplanetcenter.net/cgi-bin/confirmeph2.cgi
20260528T064818Z,2026-05-28T06:48:18.678490Z,20260528T064818Z_batch01,P12nfaz,2026-05-28T20:00:00Z,13 12 05.2,198.02166666666668,-27 02 07,-27.03527777777778,136.8,22.0,0.5,340.0,Map/Offsets,https://cgi.minorplanetcenter.net/cgi-bin/confirmeph2.cgi
20260528T064818Z,2026-05-28T06:48:18.678490Z,20260528T064818Z_batch01,P12nfaz,2026-05-28T21:00:00Z,13 12 04.4,198.01833333333332,-27 01 39,-27.0275,136.7,22.0,0.5,340.1,Map/Offsets,https://cgi.minorplanetcenter.net/cgi-bin/confirmeph2.cgi
20260528T064818Z,2026-05-28T06:48:18.678490Z,20260528T064818Z_batch01,P12nfaz,2026-05-28T22:00:00Z,13 12 03.6,198.015,-27 01 12,-27.02,136.7,22.0,0.5,340.1,Map/Offsets,https://cgi.minorplanetcenter.net/cgi-bin/confirmeph2.cgi
20260528T064818Z,2026-05-28T06:48:18.678490Z,20260528T064818Z_batch01,P12nfaz,2026-05-28T23:00:00Z,13 12 02.9,198.01208333333332,-27 00 44,-27.01222222222222,136.7,22.0,0.49,340.2,Map/Offsets,https://cgi.minorplanetcenter.net/cgi-bin/confirmeph2.cgi
20260528T064818Z,2026-05-28T06:48:18.678490Z,20260528T064818Z_batch01,P12nfaz,2026-05-29T00:00:00Z,13 12 02.1,198.00875,-27 00 16,-27.004444444444445,136.6,22.0,0.49,340.3,Map/Offsets,https://cgi.minorplanetcenter.net/cgi-bin/confirmeph2.cgi
20260528T064818Z,2026-05-28T06:48:18.678490Z,20260528T064818Z_batch01,P12nfaz,2026-05-29T01:00:00Z,13 12 01.4,198.00583333333333,-26 59 48,-26.996666666666666,136.6,22.0,0.49,340.4,Map/Offsets,https://cgi.minorplanetcenter.net/cgi-bin/confirmeph2.cgi
20260528T064818Z,2026-05-28T06:48:18.678490Z,20260528T064818Z_batch01,P12nfaz,2026-05-29T02:00:00Z,13 12 00.6,198.0025,-26 59 20,-26.98888888888889,136.5,22.0,0.49,340.4,Map/Offsets,https://cgi.minorplanetcenter.net/cgi-bin/confirmeph2.cgi
20260528T064818Z,2026-05-28T06:48:18.678490Z,20260528T064818Z_batch01,P12nfaz,2026-05-29T03:00:00Z,13 11 59.9,197.99958333333333,-26 58 52,-26.981111111111108,136.5,22.0,0.49,340.5,Map/Offsets,https://cgi.minorplanetcenter.net/cgi-bin/confirmeph2.cgi
20260528T064818Z,2026-05-28T06:48:18.678490Z,20260528T064818Z_batch01,P12nfaz,2026-05-29T04:00:00Z,13 11 59.2,197.99666666666667,-26 58 24,-26.973333333333333,136.5,22.0,0.49,340.6,Map/Offsets,https://cgi.minorplanetcenter.net/cgi-bin/confirmeph2.cgi
20260528T064818Z,2026-05-28T06:48:18.678490Z,20260528T064818Z_batch01,P12nfaz,2026-05-29T05:00:00Z,13 11 58.4,197.99333333333334,-26 57 56,-26.965555555555554,136.4,22.0,0.49,340.7,Map/Offsets,https://cgi.minorplanetcenter.net/cgi-bin/confirmeph2.cgi
20260528T064818Z,2026-05-28T06:48:18.678490Z,20260528T064818Z_batch01,NAOCAN7,2026-05-28T05:00:00Z,15 17 26.3,229.35958333333335,-21 57 44,-21.96222222222222,165.8,21.0,0.12,121.5,Map/Offsets,https://cgi.minorplanetcenter.net/cgi-bin/confirmeph2.cgi
20260528T064818Z,2026-05-28T06:48:18.678490Z,20260528T064818Z_batch01,NAOCAN7,2026-05-28T06:00:00Z,15 17 26.7,229.36124999999998,-21 57 47,-21.963055555555556,165.7,21.0,0.12,121.4,Map/Offsets,https://cgi.minorplanetcenter.net/cgi-bin/confirmeph2.cgi
20260528T064818Z,2026-05-28T06:48:18.678490Z,20260528T064818Z_batch01,NAOCAN7,2026-05-28T07:00:00Z,15 17 27.1,229.36291666666668,-21 57 51,-21.964166666666667,165.7,21.0,0.12,121.3,Map/Offsets,https://cgi.minorplanetcenter.net/cgi-bin/confirmeph2.cgi
20260528T064818Z,2026-05-28T06:48:18.678490Z,20260528T064818Z_batch01,NAOCAN7,2026-05-28T08:00:00Z,15 17 27.5,229.36458333333334,-21 57 55,-21.96527777777778,165.6,21.0,0.12,121.2,Map/Offsets,https://cgi.minorplanetcenter.net/cgi-bin/confirmeph2.cgi
20260528T064818Z,2026-05-28T06:48:18.678490Z,20260528T064818Z_batch01,NAOCAN7,2026-05-28T09:00:00Z,15 17 28.0,229.36666666666665,-21 57 58,-21.96611111111111,165.6,21.0,0.12,121.0,Map/Offsets,https://cgi.minorplanetcenter.net/cgi-bin/confirmeph2.cgi
20260528T064818Z,2026-05-28T06:48:18.678490Z,20260528T064818Z_batch01,NAOCAN7,2026-05-28T10:00:00Z,15 17 28.4,229.36833333333334,-21 58 02,-21.96722222222222,165.6,21.0,0.12,120.9,Map/Offsets,https://cgi.minorplanetcenter.net/cgi-bin/confirmeph2.cgi
20260528T064818Z,2026-05-28T06:48:18.678490Z,20260528T064818Z_batch01,NAOCAN7,2026-05-28T11:00:00Z,15 17 28.9,229.37041666666667,-21 58 06,-21.96833333333333,165.5,21.0,0.12,120.8,Map/Offsets,https://cgi.minorplanetcenter.net/cgi-bin/confirmeph2.cgi
20260528T064818Z,2026-05-28T06:48:18.678490Z,20260528T064818Z_batch01,NAOCAN7,2026-05-28T12:00:00Z,15 17 29.3,229.37208333333334,-21 58 09,-21.969166666666666,165.5,21.0,0.12,120.7,Map/Offsets,https://cgi.minorplanetcenter.net/cgi-bin/confirmeph2.cgi
20260528T064818Z,2026-05-28T06:48:18.678490Z,20260528T064818Z_batch01,NAOCAN7,2026-05-28T13:00:00Z,15 17 29.7,229.37375,-21 58 13,-21.970277777777778,165.5,21.0,0.12,120.6,Map/Offsets,https://cgi.minorplanetcenter.net/cgi-bin/confirmeph2.cgi
20260528T064818Z,2026-05-28T06:48:18.678490Z,20260528T064818Z_batch01,NAOCAN7,2026-05-28T14:00:00Z,15 17 30.2,229.37583333333333,-21 58 16,-21.97111111111111,165.4,21.0,0.12,120.5,Map/Offsets,https://cgi.minorplanetcenter.net/cgi-bin/confirmeph2.cgi
20260528T064818Z,2026-05-28T06:48:18.678490Z,20260528T064818Z_batch01,NAOCAN7,2026-05-28T15:00:00Z,15 17 30.6,229.3775,-21 58 20,-21.97222222222222,165.4,21.0,0.12,120.4,Map/Offsets,https://cgi.minorplanetcenter.net/cgi-bin/confirmeph2.cgi
20260528T064818Z,2026-05-28T06:48:18.678490Z,20260528T064818Z_batch01,NAOCAN7,2026-05-28T16:00:00Z,15 17 31.1,229.37958333333333,-21 58 24,-21.973333333333333,165.3,21.0,0.12,120.3,Map/Offsets,https://cgi.minorplanetcenter.net/cgi-bin/confirmeph2.cgi
20260528T064818Z,2026-05-28T06:48:18.678490Z,20260528T064818Z_batch01,NAOCAN7,2026-05-28T17:00:00Z,15 17 31.5,229.38125,-21 58 27,-21.974166666666665,165.3,21.1,0.12,120.2,Map/Offsets,https://cgi.minorplanetcenter.net/cgi-bin/confirmeph2.cgi
20260528T064818Z,2026-05-28T06:48:18.678490Z,20260528T064818Z_batch01,NAOCAN7,2026-05-28T18:00:00Z,15 17 32.0,229.38333333333333,-21 58 31,-21.975277777777777,165.3,21.1,0.12,120.1,Map/Offsets,https://cgi.minorplanetcenter.net/cgi-bin/confirmeph2.cgi
20260528T064818Z,2026-05-28T06:48:18.678490Z,20260528T064818Z_batch01,NAOCAN7,2026-05-28T19:00:00Z,15 17 32.4,229.385,-21 58 35,-21.976388888888888,165.2,21.1,0.12,120.0,Map/Offsets,https://cgi.minorplanetcenter.net/cgi-bin/confirmeph2.cgi
20260528T064818Z,2026-05-28T06:48:18.678490Z,20260528T064818Z_batch01,NAOCAN7,2026-05-28T20:00:00Z,15 17 32.9,229.38708333333335,-21 58 38,-21.97722222222222,165.2,21.1,0.12,119.9,Map/Offsets,https://cgi.minorplanetcenter.net/cgi-bin/confirmeph2.cgi
20260528T064818Z,2026-05-28T06:48:18.678490Z,20260528T064818Z_batch01,NAOCAN7,2026-05-28T21:00:00Z,15 17 33.3,229.38875,-21 58 42,-21.97833333333333,165.2,21.1,0.12,119.8,Map/Offsets,https://cgi.minorplanetcenter.net/cgi-bin/confirmeph2.cgi
20260528T064818Z,2026-05-28T06:48:18.678490Z,20260528T064818Z_batch01,NAOCAN7,2026-05-28T22:00:00Z,15 17 33.8,229.39083333333335,-21 58 45,-21.979166666666664,165.1,21.1,0.12,119.7,Map/Offsets,https://cgi.minorplanetcenter.net/cgi-bin/confirmeph2.cgi
20260528T064818Z,2026-05-28T06:48:18.678490Z,20260528T064818Z_batch01,NAOCAN7,2026-05-28T23:00:00Z,15 17 34.2,229.39249999999998,-21 58 49,-21.980277777777776,165.1,21.1,0.12,119.6,Map/Offsets,https://cgi.minorplanetcenter.net/cgi-bin/confirmeph2.cgi
20260528T064818Z,2026-05-28T06:48:18.678490Z,20260528T064818Z_batch01,NAOCAN7,2026-05-29T00:00:00Z,15 17 34.7,229.39458333333332,-21 58 53,-21.981388888888887,165.1,21.1,0.12,119.5,Map/Offsets,https://cgi.minorplanetcenter.net/cgi-bin/confirmeph2.cgi
20260528T064818Z,2026-05-28T06:48:18.678490Z,20260528T064818Z_batch01,NAOCAN7,2026-05-29T01:00:00Z,15 17 35.2,229.39666666666668,-21 58 56,-21.98222222222222,165.0,21.1,0.12,119.4,Map/Offsets,https://cgi.minorplanetcenter.net/cgi-bin/confirmeph2.cgi
20260528T064818Z,2026-05-28T06:48:18.678490Z,20260528T064818Z_batch01,NAOCAN7,2026-05-29T02:00:00Z,15 17 35.6,229.39833333333334,-21 59 00,-21.983333333333334,165.0,21.1,0.12,119.3,Map/Offsets,https://cgi.minorplanetcenter.net/cgi-bin/confirmeph2.cgi
20260528T064818Z,2026-05-28T06:48:18.678490Z,20260528T064818Z_batch01,NAOCAN7,2026-05-29T03:00:00Z,15 17 36.1,229.40041666666667,-21 59 04,-21.984444444444446,164.9,21.1,0.12,119.2,Map/Offsets,https://cgi.minorplanetcenter.net/cgi-bin/confirmeph2.cgi
20260528T064818Z,2026-05-28T06:48:18.678490Z,20260528T064818Z_batch01,NAOCAN7,2026-05-29T04:00:00Z,15 17 36.6,229.4025,-21 59 07,-21.985277777777778,164.9,21.1,0.12,119.1,Map/Offsets,https://cgi.minorplanetcenter.net/cgi-bin/confirmeph2.cgi
20260528T064818Z,2026-05-28T06:48:18.678490Z,20260528T064818Z_batch01,NAOCAN7,2026-05-29T05:00:00Z,15 17 37.0,229.40416666666667,-21 59 11,-21.98638888888889,164.9,21.1,0.12,119.0,Map/Offsets,https://cgi.minorplanetcenter.net/cgi-bin/confirmeph2.cgi
20260528T064818Z,2026-05-28T06:48:18.678490Z,20260528T064818Z_batch01,KPMa1Ih,2026-05-28T05:00:00Z,11 07 52.5,166.96875,-29 08 06,-29.134999999999998,110.5,23.5,1.04,173.6,Map/Offsets,https://cgi.minorplanetcenter.net/cgi-bin/confirmeph2.cgi
20260528T064818Z,2026-05-28T06:48:18.678490Z,20260528T064818Z_batch01,KPMa1Ih,2026-05-28T06:00:00Z,11 07 53.0,166.97083333333333,-29 09 08,-29.15222222222222,110.5,23.5,1.04,173.5,Map/Offsets,https://cgi.minorplanetcenter.net/cgi-bin/confirmeph2.cgi
20260528T064818Z,2026-05-28T06:48:18.678490Z,20260528T064818Z_batch01,KPMa1Ih,2026-05-28T07:00:00Z,11 07 53.5,166.97291666666666,-29 10 10,-29.169444444444444,110.5,23.5,1.04,173.4,Map/Offsets,https://cgi.minorplanetcenter.net/cgi-bin/confirmeph2.cgi
20260528T064818Z,2026-05-28T06:48:18.678490Z,20260528T064818Z_batch01,KPMa1Ih,2026-05-28T08:00:00Z,11 07 54.1,166.9754166666667,-29 11 12,-29.186666666666667,110.4,23.5,1.03,173.4,Map/Offsets,https://cgi.minorplanetcenter.net/cgi-bin/confirmeph2.cgi
20260528T064818Z,2026-05-28T06:48:18.678490Z,20260528T064818Z_batch01,KPMa1Ih,2026-05-28T09:00:00Z,11 07 54.6,166.97750000000002,-29 12 13,-29.203611111111112,110.4,23.5,1.03,173.3,Map/Offsets,https://cgi.minorplanetcenter.net/cgi-bin/confirmeph2.cgi
20260528T064818Z,2026-05-28T06:48:18.678490Z,20260528T064818Z_batch01,KPMa1Ih,2026-05-28T10:00:00Z,11 07 55.2,166.98,-29 13 15,-29.22083333333333,110.4,23.5,1.03,173.2,Map/Offsets,https://cgi.minorplanetcenter.net/cgi-bin/confirmeph2.cgi
20260528T064818Z,2026-05-28T06:48:18.678490Z,20260528T064818Z_batch01,KPMa1Ih,2026-05-28T11:00:00Z,11 07 55.8,166.9825,-29 14 16,-29.23777777777778,110.4,23.5,1.03,173.2,Map/Offsets,https://cgi.minorplanetcenter.net/cgi-bin/confirmeph2.cgi
20260528T064818Z,2026-05-28T06:48:18.678490Z,20260528T064818Z_batch01,KPMa1Ih,2026-05-28T12:00:00Z,11 07 56.3,166.98458333333335,-29 15 18,-29.255,110.3,23.5,1.03,173.1,Map/Offsets,https://cgi.minorplanetcenter.net/cgi-bin/confirmeph2.cgi
20260528T064818Z,2026-05-28T06:48:18.678490Z,20260528T064818Z_batch01,KPMa1Ih,2026-05-28T13:00:00Z,11 07 56.9,166.98708333333335,-29 16 19,-29.271944444444443,110.3,23.5,1.03,173.0,Map/Offsets,https://cgi.minorplanetcenter.net/cgi-bin/confirmeph2.cgi
20260528T064818Z,2026-05-28T06:48:18.678490Z,20260528T064818Z_batch01,KPMa1Ih,2026-05-28T14:00:00Z,11 07 57.5,166.98958333333334,-29 17 21,-29.289166666666667,110.3,23.5,1.03,173.0,Map/Offsets,https://cgi.minorplanetcenter.net/cgi-bin/confirmeph2.cgi
20260528T064818Z,2026-05-28T06:48:18.678490Z,20260528T064818Z_batch01,KPMa1Ih,2026-05-28T15:00:00Z,11 07 58.0,166.99166666666667,-29 18 22,-29.30611111111111,110.3,23.5,1.03,172.9,Map/Offsets,https://cgi.minorplanetcenter.net/cgi-bin/confirmeph2.cgi
20260528T064818Z,2026-05-28T06:48:18.678490Z,20260528T064818Z_batch01,KPMa1Ih,2026-05-28T16:00:00Z,11 07 58.6,166.99416666666667,-29 19 23,-29.323055555555555,110.2,23.5,1.03,172.9,Map/Offsets,https://cgi.minorplanetcenter.net/cgi-bin/confirmeph2.cgi
20260528T064818Z,2026-05-28T06:48:18.678490Z,20260528T064818Z_batch01,KPMa1Ih,2026-05-28T17:00:00Z,11 07 59.2,166.99666666666667,-29 20 25,-29.340277777777775,110.2,23.5,1.03,172.8,Map/Offsets,https://cgi.minorplanetcenter.net/cgi-bin/confirmeph2.cgi
20260528T064818Z,2026-05-28T06:48:18.678490Z,20260528T064818Z_batch01,KPMa1Ih,2026-05-28T18:00:00Z,11 07 59.8,166.99916666666667,-29 21 26,-29.357222222222223,110.2,23.5,1.03,172.7,Map/Offsets,https://cgi.minorplanetcenter.net/cgi-bin/confirmeph2.cgi
20260528T064818Z,2026-05-28T06:48:18.678490Z,20260528T064818Z_batch01,KPMa1Ih,2026-05-28T19:00:00Z,11 08 00.4,167.00166666666667,-29 22 27,-29.374166666666667,110.2,23.5,1.03,172.7,Map/Offsets,https://cgi.minorplanetcenter.net/cgi-bin/confirmeph2.cgi
20260528T064818Z,2026-05-28T06:48:18.678490Z,20260528T064818Z_batch01,KPMa1Ih,2026-05-28T20:00:00Z,11 08 01.0,167.00416666666663,-29 23 28,-29.391111111111112,110.1,23.5,1.03,172.6,Map/Offsets,https://cgi.minorplanetcenter.net/cgi-bin/confirmeph2.cgi
20260528T064818Z,2026-05-28T06:48:18.678490Z,20260528T064818Z_batch01,KPMa1Ih,2026-05-28T21:00:00Z,11 08 01.6,167.00666666666666,-29 24 29,-29.408055555555553,110.1,23.5,1.03,172.5,Map/Offsets,https://cgi.minorplanetcenter.net/cgi-bin/confirmeph2.cgi
20260528T064818Z,2026-05-28T06:48:18.678490Z,20260528T064818Z_batch01,KPMa1Ih,2026-05-28T22:00:00Z,11 08 02.2,167.00916666666666,-29 25 30,-29.425,110.1,23.5,1.03,172.5,Map/Offsets,https://cgi.minorplanetcenter.net/cgi-bin/confirmeph2.cgi
20260528T064818Z,2026-05-28T06:48:18.678490Z,20260528T064818Z_batch01,KPMa1Ih,2026-05-28T23:00:00Z,11 08 02.9,167.01208333333332,-29 26 31,-29.441944444444445,110.0,23.5,1.03,172.4,Map/Offsets,https://cgi.minorplanetcenter.net/cgi-bin/confirmeph2.cgi
20260528T064818Z,2026-05-28T06:48:18.678490Z,20260528T064818Z_batch01,KPMa1Ih,2026-05-29T00:00:00Z,11 08 03.5,167.01458333333332,-29 27 32,-29.45888888888889,110.0,23.5,1.02,172.3,Map/Offsets,https://cgi.minorplanetcenter.net/cgi-bin/confirmeph2.cgi
20260528T064818Z,2026-05-28T06:48:18.678490Z,20260528T064818Z_batch01,KPMa1Ih,2026-05-29T01:00:00Z,11 08 04.1,167.01708333333332,-29 28 33,-29.47583333333333,110.0,23.5,1.02,172.3,Map/Offsets,https://cgi.minorplanetcenter.net/cgi-bin/confirmeph2.cgi
20260528T064818Z,2026-05-28T06:48:18.678490Z,20260528T064818Z_batch01,KPMa1Ih,2026-05-29T02:00:00Z,11 08 04.8,167.01999999999998,-29 29 34,-29.49277777777778,110.0,23.5,1.02,172.2,Map/Offsets,https://cgi.minorplanetcenter.net/cgi-bin/confirmeph2.cgi
20260528T064818Z,2026-05-28T06:48:18.678490Z,20260528T064818Z_batch01,KPMa1Ih,2026-05-29T03:00:00Z,11 08 05.4,167.02249999999998,-29 30 35,-29.509722222222223,109.9,23.5,1.02,172.1,Map/Offsets,https://cgi.minorplanetcenter.net/cgi-bin/confirmeph2.cgi
20260528T064818Z,2026-05-28T06:48:18.678490Z,20260528T064818Z_batch01,KPMa1Ih,2026-05-29T04:00:00Z,11 08 06.0,167.025,-29 31 36,-29.526666666666667,109.9,23.5,1.02,172.1,Map/Offsets,https://cgi.minorplanetcenter.net/cgi-bin/confirmeph2.cgi
20260528T064818Z,2026-05-28T06:48:18.678490Z,20260528T064818Z_batch01,KPMa1Ih,2026-05-29T05:00:00Z,11 08 06.7,167.02791666666667,-29 32 36,-29.543333333333337,109.9,23.5,1.02,172.0,Map/Offsets,https://cgi.minorplanetcenter.net/cgi-bin/confirmeph2.cgi
