snapshot_id,fetched_at_utc,batch_id,designation,ephem_time_utc,ra_hms,ra_deg,dec_dms,dec_deg,elong_deg,v_mag,motion_arcsec_per_min,pa_deg,uncertainty,source_url
20260716T070002Z,2026-07-16T07:00:02.041370Z,20260716T070002Z_batch01,orA4471,2026-07-16T06:00:00Z,16 13 52.4,243.46833333333333,-18 11 22,-18.189444444444444,131.4,19.8,1.65,85.2,Map/Offsets,https://cgi.minorplanetcenter.net/cgi-bin/confirmeph2.cgi
20260716T070002Z,2026-07-16T07:00:02.041370Z,20260716T070002Z_batch01,orA4471,2026-07-16T07:00:00Z,16 13 59.3,243.4970833333333,-18 11 14,-18.18722222222222,131.4,19.8,1.64,85.2,Map/Offsets,https://cgi.minorplanetcenter.net/cgi-bin/confirmeph2.cgi
20260716T070002Z,2026-07-16T07:00:02.041370Z,20260716T070002Z_batch01,orA4471,2026-07-16T08:00:00Z,16 14 06.1,243.5254166666667,-18 11 06,-18.185,131.4,19.8,1.64,85.2,Map/Offsets,https://cgi.minorplanetcenter.net/cgi-bin/confirmeph2.cgi
20260716T070002Z,2026-07-16T07:00:02.041370Z,20260716T070002Z_batch01,orA4471,2026-07-16T09:00:00Z,16 14 13.0,243.5541666666667,-18 10 57,-18.1825,131.4,19.8,1.63,85.2,Map/Offsets,https://cgi.minorplanetcenter.net/cgi-bin/confirmeph2.cgi
20260716T070002Z,2026-07-16T07:00:02.041370Z,20260716T070002Z_batch01,orA4471,2026-07-16T10:00:00Z,16 14 19.8,243.58250000000004,-18 10 49,-18.18027777777778,131.4,19.8,1.63,85.2,Map/Offsets,https://cgi.minorplanetcenter.net/cgi-bin/confirmeph2.cgi
20260716T070002Z,2026-07-16T07:00:02.041370Z,20260716T070002Z_batch01,orA4471,2026-07-16T11:00:00Z,16 14 26.7,243.61125000000004,-18 10 41,-18.178055555555556,131.3,19.8,1.62,85.2,Map/Offsets,https://cgi.minorplanetcenter.net/cgi-bin/confirmeph2.cgi
20260716T070002Z,2026-07-16T07:00:02.041370Z,20260716T070002Z_batch01,orA4471,2026-07-16T12:00:00Z,16 14 33.5,243.63958333333335,-18 10 33,-18.175833333333333,131.3,19.8,1.62,85.2,Map/Offsets,https://cgi.minorplanetcenter.net/cgi-bin/confirmeph2.cgi
20260716T070002Z,2026-07-16T07:00:02.041370Z,20260716T070002Z_batch01,orA4471,2026-07-16T13:00:00Z,16 14 40.3,243.66791666666668,-18 10 25,-18.17361111111111,131.3,19.8,1.62,85.3,Map/Offsets,https://cgi.minorplanetcenter.net/cgi-bin/confirmeph2.cgi
20260716T070002Z,2026-07-16T07:00:02.041370Z,20260716T070002Z_batch01,orA4471,2026-07-16T14:00:00Z,16 14 47.0,243.69583333333335,-18 10 17,-18.17138888888889,131.3,19.8,1.61,85.3,Map/Offsets,https://cgi.minorplanetcenter.net/cgi-bin/confirmeph2.cgi
20260716T070002Z,2026-07-16T07:00:02.041370Z,20260716T070002Z_batch01,orA4471,2026-07-16T15:00:00Z,16 14 53.8,243.7241666666667,-18 10 09,-18.16916666666667,131.3,19.8,1.61,85.3,Map/Offsets,https://cgi.minorplanetcenter.net/cgi-bin/confirmeph2.cgi
20260716T070002Z,2026-07-16T07:00:02.041370Z,20260716T070002Z_batch01,orA4471,2026-07-16T16:00:00Z,16 15 00.5,243.7520833333333,-18 10 01,-18.166944444444447,131.3,19.8,1.6,85.3,Map/Offsets,https://cgi.minorplanetcenter.net/cgi-bin/confirmeph2.cgi
20260716T070002Z,2026-07-16T07:00:02.041370Z,20260716T070002Z_batch01,orA4471,2026-07-16T17:00:00Z,16 15 07.3,243.78041666666664,-18 09 53,-18.16472222222222,131.3,19.8,1.6,85.3,Map/Offsets,https://cgi.minorplanetcenter.net/cgi-bin/confirmeph2.cgi
20260716T070002Z,2026-07-16T07:00:02.041370Z,20260716T070002Z_batch01,orA4471,2026-07-16T18:00:00Z,16 15 14.0,243.8083333333333,-18 09 45,-18.162499999999998,131.2,19.8,1.6,85.3,Map/Offsets,https://cgi.minorplanetcenter.net/cgi-bin/confirmeph2.cgi
20260716T070002Z,2026-07-16T07:00:02.041370Z,20260716T070002Z_batch01,orA4471,2026-07-16T19:00:00Z,16 15 20.7,243.83624999999998,-18 09 38,-18.160555555555554,131.2,19.8,1.59,85.3,Map/Offsets,https://cgi.minorplanetcenter.net/cgi-bin/confirmeph2.cgi
20260716T070002Z,2026-07-16T07:00:02.041370Z,20260716T070002Z_batch01,orA4471,2026-07-16T20:00:00Z,16 15 27.3,243.86374999999998,-18 09 30,-18.15833333333333,131.2,19.8,1.59,85.3,Map/Offsets,https://cgi.minorplanetcenter.net/cgi-bin/confirmeph2.cgi
20260716T070002Z,2026-07-16T07:00:02.041370Z,20260716T070002Z_batch01,orA4471,2026-07-16T21:00:00Z,16 15 34.0,243.89166666666665,-18 09 22,-18.15611111111111,131.2,19.8,1.59,85.3,Map/Offsets,https://cgi.minorplanetcenter.net/cgi-bin/confirmeph2.cgi
20260716T070002Z,2026-07-16T07:00:02.041370Z,20260716T070002Z_batch01,orA4471,2026-07-16T22:00:00Z,16 15 40.6,243.91916666666668,-18 09 14,-18.153888888888886,131.2,19.8,1.58,85.4,Map/Offsets,https://cgi.minorplanetcenter.net/cgi-bin/confirmeph2.cgi
20260716T070002Z,2026-07-16T07:00:02.041370Z,20260716T070002Z_batch01,orA4471,2026-07-16T23:00:00Z,16 15 47.3,243.94708333333335,-18 09 07,-18.151944444444442,131.2,19.8,1.58,85.4,Map/Offsets,https://cgi.minorplanetcenter.net/cgi-bin/confirmeph2.cgi
20260716T070002Z,2026-07-16T07:00:02.041370Z,20260716T070002Z_batch01,orA4471,2026-07-17T00:00:00Z,16 15 53.9,243.97458333333336,-18 08 59,-18.149722222222223,131.2,19.8,1.57,85.4,Map/Offsets,https://cgi.minorplanetcenter.net/cgi-bin/confirmeph2.cgi
20260716T070002Z,2026-07-16T07:00:02.041370Z,20260716T070002Z_batch01,orA4471,2026-07-17T01:00:00Z,16 16 00.5,244.0020833333333,-18 08 51,-18.1475,131.1,19.8,1.57,85.4,Map/Offsets,https://cgi.minorplanetcenter.net/cgi-bin/confirmeph2.cgi
20260716T070002Z,2026-07-16T07:00:02.041370Z,20260716T070002Z_batch01,orA4471,2026-07-17T02:00:00Z,16 16 07.0,244.02916666666664,-18 08 44,-18.145555555555553,131.1,19.9,1.57,85.4,Map/Offsets,https://cgi.minorplanetcenter.net/cgi-bin/confirmeph2.cgi
20260716T070002Z,2026-07-16T07:00:02.041370Z,20260716T070002Z_batch01,orA4471,2026-07-17T03:00:00Z,16 16 13.6,244.05666666666664,-18 08 36,-18.143333333333334,131.1,19.9,1.56,85.4,Map/Offsets,https://cgi.minorplanetcenter.net/cgi-bin/confirmeph2.cgi
20260716T070002Z,2026-07-16T07:00:02.041370Z,20260716T070002Z_batch01,orA4471,2026-07-17T04:00:00Z,16 16 20.2,244.08416666666665,-18 08 29,-18.141388888888887,131.1,19.9,1.56,85.4,Map/Offsets,https://cgi.minorplanetcenter.net/cgi-bin/confirmeph2.cgi
20260716T070002Z,2026-07-16T07:00:02.041370Z,20260716T070002Z_batch01,orA4471,2026-07-17T05:00:00Z,16 16 26.7,244.11125,-18 08 21,-18.139166666666664,131.1,19.9,1.56,85.4,Map/Offsets,https://cgi.minorplanetcenter.net/cgi-bin/confirmeph2.cgi
20260716T070002Z,2026-07-16T07:00:02.041370Z,20260716T070002Z_batch01,orA4471,2026-07-17T06:00:00Z,16 16 33.2,244.1383333333333,-18 08 14,-18.13722222222222,131.1,19.9,1.55,85.4,Map/Offsets,https://cgi.minorplanetcenter.net/cgi-bin/confirmeph2.cgi
20260716T070002Z,2026-07-16T07:00:02.041370Z,20260716T070002Z_batch01,X89848,2026-07-16T06:00:00Z,22 05 49.7,331.45708333333334,-13 02 52,-13.047777777777778,144.5,19.7,0.07,209.1,Map/Offsets,https://cgi.minorplanetcenter.net/cgi-bin/confirmeph2.cgi
20260716T070002Z,2026-07-16T07:00:02.041370Z,20260716T070002Z_batch01,X89848,2026-07-16T07:00:00Z,22 05 49.6,331.45666666666665,-13 02 56,-13.04888888888889,144.5,19.7,0.07,209.3,Map/Offsets,https://cgi.minorplanetcenter.net/cgi-bin/confirmeph2.cgi
20260716T070002Z,2026-07-16T07:00:02.041370Z,20260716T070002Z_batch01,X89848,2026-07-16T08:00:00Z,22 05 49.4,331.4558333333333,-13 02 59,-13.049722222222222,144.6,19.7,0.07,209.6,Map/Offsets,https://cgi.minorplanetcenter.net/cgi-bin/confirmeph2.cgi
20260716T070002Z,2026-07-16T07:00:02.041370Z,20260716T070002Z_batch01,X89848,2026-07-16T09:00:00Z,22 05 49.3,331.4554166666666,-13 03 03,-13.050833333333333,144.6,19.7,0.07,209.9,Map/Offsets,https://cgi.minorplanetcenter.net/cgi-bin/confirmeph2.cgi
20260716T070002Z,2026-07-16T07:00:02.041370Z,20260716T070002Z_batch01,X89848,2026-07-16T10:00:00Z,22 05 49.1,331.4545833333333,-13 03 07,-13.051944444444445,144.7,19.7,0.07,210.2,Map/Offsets,https://cgi.minorplanetcenter.net/cgi-bin/confirmeph2.cgi
20260716T070002Z,2026-07-16T07:00:02.041370Z,20260716T070002Z_batch01,X89848,2026-07-16T11:00:00Z,22 05 49.0,331.45416666666665,-13 03 10,-13.052777777777779,144.7,19.7,0.07,210.4,Map/Offsets,https://cgi.minorplanetcenter.net/cgi-bin/confirmeph2.cgi
20260716T070002Z,2026-07-16T07:00:02.041370Z,20260716T070002Z_batch01,X89848,2026-07-16T12:00:00Z,22 05 48.9,331.45374999999996,-13 03 14,-13.05388888888889,144.7,19.7,0.07,210.7,Map/Offsets,https://cgi.minorplanetcenter.net/cgi-bin/confirmeph2.cgi
20260716T070002Z,2026-07-16T07:00:02.041370Z,20260716T070002Z_batch01,X89848,2026-07-16T13:00:00Z,22 05 48.7,331.4529166666666,-13 03 18,-13.055000000000001,144.8,19.7,0.07,211.0,Map/Offsets,https://cgi.minorplanetcenter.net/cgi-bin/confirmeph2.cgi
20260716T070002Z,2026-07-16T07:00:02.041370Z,20260716T070002Z_batch01,X89848,2026-07-16T14:00:00Z,22 05 48.6,331.4525,-13 03 21,-13.055833333333334,144.8,19.7,0.07,211.2,Map/Offsets,https://cgi.minorplanetcenter.net/cgi-bin/confirmeph2.cgi
20260716T070002Z,2026-07-16T07:00:02.041370Z,20260716T070002Z_batch01,X89848,2026-07-16T15:00:00Z,22 05 48.4,331.45166666666665,-13 03 25,-13.056944444444445,144.9,19.7,0.07,211.5,Map/Offsets,https://cgi.minorplanetcenter.net/cgi-bin/confirmeph2.cgi
20260716T070002Z,2026-07-16T07:00:02.041370Z,20260716T070002Z_batch01,X89848,2026-07-16T16:00:00Z,22 05 48.2,331.4508333333333,-13 03 29,-13.058055555555557,144.9,19.7,0.07,211.7,Map/Offsets,https://cgi.minorplanetcenter.net/cgi-bin/confirmeph2.cgi
20260716T070002Z,2026-07-16T07:00:02.041370Z,20260716T070002Z_batch01,X89848,2026-07-16T17:00:00Z,22 05 48.1,331.4504166666666,-13 03 32,-13.05888888888889,144.9,19.7,0.07,212.0,Map/Offsets,https://cgi.minorplanetcenter.net/cgi-bin/confirmeph2.cgi
20260716T070002Z,2026-07-16T07:00:02.041370Z,20260716T070002Z_batch01,X89848,2026-07-16T18:00:00Z,22 05 47.9,331.4495833333333,-13 03 36,-13.06,145.0,19.7,0.07,212.2,Map/Offsets,https://cgi.minorplanetcenter.net/cgi-bin/confirmeph2.cgi
20260716T070002Z,2026-07-16T07:00:02.041370Z,20260716T070002Z_batch01,X89848,2026-07-16T19:00:00Z,22 05 47.8,331.44916666666666,-13 03 40,-13.061111111111112,145.0,19.7,0.07,212.5,Map/Offsets,https://cgi.minorplanetcenter.net/cgi-bin/confirmeph2.cgi
20260716T070002Z,2026-07-16T07:00:02.041370Z,20260716T070002Z_batch01,X89848,2026-07-16T20:00:00Z,22 05 47.6,331.4483333333333,-13 03 44,-13.062222222222223,145.1,19.7,0.07,212.7,Map/Offsets,https://cgi.minorplanetcenter.net/cgi-bin/confirmeph2.cgi
20260716T070002Z,2026-07-16T07:00:02.041370Z,20260716T070002Z_batch01,X89848,2026-07-16T21:00:00Z,22 05 47.4,331.4475,-13 03 47,-13.063055555555556,145.1,19.7,0.07,212.9,Map/Offsets,https://cgi.minorplanetcenter.net/cgi-bin/confirmeph2.cgi
20260716T070002Z,2026-07-16T07:00:02.041370Z,20260716T070002Z_batch01,X89848,2026-07-16T22:00:00Z,22 05 47.3,331.4470833333333,-13 03 51,-13.064166666666667,145.1,19.7,0.07,213.2,Map/Offsets,https://cgi.minorplanetcenter.net/cgi-bin/confirmeph2.cgi
20260716T070002Z,2026-07-16T07:00:02.041370Z,20260716T070002Z_batch01,X89848,2026-07-16T23:00:00Z,22 05 47.1,331.44625,-13 03 55,-13.065277777777778,145.2,19.7,0.08,213.4,Map/Offsets,https://cgi.minorplanetcenter.net/cgi-bin/confirmeph2.cgi
20260716T070002Z,2026-07-16T07:00:02.041370Z,20260716T070002Z_batch01,X89848,2026-07-17T00:00:00Z,22 05 46.9,331.4454166666667,-13 03 59,-13.06638888888889,145.2,19.7,0.08,213.6,Map/Offsets,https://cgi.minorplanetcenter.net/cgi-bin/confirmeph2.cgi
20260716T070002Z,2026-07-16T07:00:02.041370Z,20260716T070002Z_batch01,X89848,2026-07-17T01:00:00Z,22 05 46.8,331.445,-13 04 02,-13.067222222222222,145.3,19.7,0.08,213.9,Map/Offsets,https://cgi.minorplanetcenter.net/cgi-bin/confirmeph2.cgi
20260716T070002Z,2026-07-16T07:00:02.041370Z,20260716T070002Z_batch01,X89848,2026-07-17T02:00:00Z,22 05 46.6,331.4441666666666,-13 04 06,-13.068333333333333,145.3,19.7,0.08,214.1,Map/Offsets,https://cgi.minorplanetcenter.net/cgi-bin/confirmeph2.cgi
20260716T070002Z,2026-07-16T07:00:02.041370Z,20260716T070002Z_batch01,X89848,2026-07-17T03:00:00Z,22 05 46.4,331.4433333333333,-13 04 10,-13.069444444444445,145.3,19.7,0.08,214.3,Map/Offsets,https://cgi.minorplanetcenter.net/cgi-bin/confirmeph2.cgi
20260716T070002Z,2026-07-16T07:00:02.041370Z,20260716T070002Z_batch01,X89848,2026-07-17T04:00:00Z,22 05 46.2,331.4425,-13 04 14,-13.070555555555556,145.4,19.7,0.08,214.5,Map/Offsets,https://cgi.minorplanetcenter.net/cgi-bin/confirmeph2.cgi
20260716T070002Z,2026-07-16T07:00:02.041370Z,20260716T070002Z_batch01,X89848,2026-07-17T05:00:00Z,22 05 46.0,331.44166666666666,-13 04 18,-13.071666666666667,145.4,19.7,0.08,214.7,Map/Offsets,https://cgi.minorplanetcenter.net/cgi-bin/confirmeph2.cgi
20260716T070002Z,2026-07-16T07:00:02.041370Z,20260716T070002Z_batch01,X89848,2026-07-17T06:00:00Z,22 05 45.9,331.44124999999997,-13 04 22,-13.072777777777777,145.5,19.7,0.08,215.0,Map/Offsets,https://cgi.minorplanetcenter.net/cgi-bin/confirmeph2.cgi
20260716T070002Z,2026-07-16T07:00:02.041370Z,20260716T070002Z_batch01,A11EJqb,2026-07-16T06:00:00Z,03 18 56.1,49.73374999999999,-20 32 03,-20.534166666666668,76.5,18.8,0.28,39.6,Map/Offsets,https://cgi.minorplanetcenter.net/cgi-bin/confirmeph2.cgi
20260716T070002Z,2026-07-16T07:00:02.041370Z,20260716T070002Z_batch01,A11EJqb,2026-07-16T07:00:00Z,03 18 56.9,49.73708333333333,-20 31 50,-20.530555555555555,76.5,18.8,0.28,39.5,Map/Offsets,https://cgi.minorplanetcenter.net/cgi-bin/confirmeph2.cgi
20260716T070002Z,2026-07-16T07:00:02.041370Z,20260716T070002Z_batch01,A11EJqb,2026-07-16T08:00:00Z,03 18 57.6,49.739999999999995,-20 31 37,-20.526944444444442,76.5,18.8,0.28,39.5,Map/Offsets,https://cgi.minorplanetcenter.net/cgi-bin/confirmeph2.cgi
20260716T070002Z,2026-07-16T07:00:02.041370Z,20260716T070002Z_batch01,A11EJqb,2026-07-16T09:00:00Z,03 18 58.4,49.74333333333333,-20 31 24,-20.523333333333333,76.6,18.8,0.28,39.4,Map/Offsets,https://cgi.minorplanetcenter.net/cgi-bin/confirmeph2.cgi
20260716T070002Z,2026-07-16T07:00:02.041370Z,20260716T070002Z_batch01,A11EJqb,2026-07-16T10:00:00Z,03 18 59.2,49.74666666666666,-20 31 11,-20.51972222222222,76.6,18.8,0.28,39.4,Map/Offsets,https://cgi.minorplanetcenter.net/cgi-bin/confirmeph2.cgi
20260716T070002Z,2026-07-16T07:00:02.041370Z,20260716T070002Z_batch01,A11EJqb,2026-07-16T11:00:00Z,03 18 59.9,49.749583333333334,-20 30 58,-20.516111111111112,76.6,18.8,0.28,39.3,Map/Offsets,https://cgi.minorplanetcenter.net/cgi-bin/confirmeph2.cgi
20260716T070002Z,2026-07-16T07:00:02.041370Z,20260716T070002Z_batch01,A11EJqb,2026-07-16T12:00:00Z,03 19 00.7,49.752916666666664,-20 30 45,-20.5125,76.7,18.8,0.28,39.3,Map/Offsets,https://cgi.minorplanetcenter.net/cgi-bin/confirmeph2.cgi
20260716T070002Z,2026-07-16T07:00:02.041370Z,20260716T070002Z_batch01,A11EJqb,2026-07-16T13:00:00Z,03 19 01.4,49.75583333333333,-20 30 32,-20.50888888888889,76.7,18.8,0.28,39.2,Map/Offsets,https://cgi.minorplanetcenter.net/cgi-bin/confirmeph2.cgi
20260716T070002Z,2026-07-16T07:00:02.041370Z,20260716T070002Z_batch01,A11EJqb,2026-07-16T14:00:00Z,03 19 02.2,49.759166666666665,-20 30 19,-20.505277777777778,76.7,18.7,0.28,39.2,Map/Offsets,https://cgi.minorplanetcenter.net/cgi-bin/confirmeph2.cgi
20260716T070002Z,2026-07-16T07:00:02.041370Z,20260716T070002Z_batch01,A11EJqb,2026-07-16T15:00:00Z,03 19 02.9,49.76208333333333,-20 30 06,-20.501666666666665,76.7,18.7,0.28,39.1,Map/Offsets,https://cgi.minorplanetcenter.net/cgi-bin/confirmeph2.cgi
20260716T070002Z,2026-07-16T07:00:02.041370Z,20260716T070002Z_batch01,A11EJqb,2026-07-16T16:00:00Z,03 19 03.7,49.76541666666667,-20 29 53,-20.498055555555556,76.8,18.7,0.28,39.1,Map/Offsets,https://cgi.minorplanetcenter.net/cgi-bin/confirmeph2.cgi
20260716T070002Z,2026-07-16T07:00:02.041370Z,20260716T070002Z_batch01,A11EJqb,2026-07-16T17:00:00Z,03 19 04.4,49.76833333333333,-20 29 40,-20.494444444444447,76.8,18.7,0.28,39.0,Map/Offsets,https://cgi.minorplanetcenter.net/cgi-bin/confirmeph2.cgi
20260716T070002Z,2026-07-16T07:00:02.041370Z,20260716T070002Z_batch01,A11EJqb,2026-07-16T18:00:00Z,03 19 05.2,49.77166666666667,-20 29 27,-20.490833333333335,76.8,18.7,0.28,39.0,Map/Offsets,https://cgi.minorplanetcenter.net/cgi-bin/confirmeph2.cgi
20260716T070002Z,2026-07-16T07:00:02.041370Z,20260716T070002Z_batch01,A11EJqb,2026-07-16T19:00:00Z,03 19 05.9,49.77458333333333,-20 29 14,-20.487222222222222,76.8,18.7,0.28,38.9,Map/Offsets,https://cgi.minorplanetcenter.net/cgi-bin/confirmeph2.cgi
20260716T070002Z,2026-07-16T07:00:02.041370Z,20260716T070002Z_batch01,A11EJqb,2026-07-16T20:00:00Z,03 19 06.7,49.77791666666667,-20 29 01,-20.483611111111113,76.9,18.7,0.28,38.9,Map/Offsets,https://cgi.minorplanetcenter.net/cgi-bin/confirmeph2.cgi
20260716T070002Z,2026-07-16T07:00:02.041370Z,20260716T070002Z_batch01,A11EJqb,2026-07-16T21:00:00Z,03 19 07.4,49.780833333333334,-20 28 48,-20.479999999999997,76.9,18.7,0.28,38.8,Map/Offsets,https://cgi.minorplanetcenter.net/cgi-bin/confirmeph2.cgi
20260716T070002Z,2026-07-16T07:00:02.041370Z,20260716T070002Z_batch01,A11EJqb,2026-07-16T22:00:00Z,03 19 08.1,49.78375,-20 28 35,-20.476388888888888,76.9,18.7,0.28,38.8,Map/Offsets,https://cgi.minorplanetcenter.net/cgi-bin/confirmeph2.cgi
20260716T070002Z,2026-07-16T07:00:02.041370Z,20260716T070002Z_batch01,A11EJqb,2026-07-16T23:00:00Z,03 19 08.9,49.787083333333335,-20 28 22,-20.472777777777775,76.9,18.7,0.28,38.7,Map/Offsets,https://cgi.minorplanetcenter.net/cgi-bin/confirmeph2.cgi
20260716T070002Z,2026-07-16T07:00:02.041370Z,20260716T070002Z_batch01,A11EJqb,2026-07-17T00:00:00Z,03 19 09.6,49.79,-20 28 10,-20.46944444444444,77.0,18.7,0.27,38.6,Map/Offsets,https://cgi.minorplanetcenter.net/cgi-bin/confirmeph2.cgi
20260716T070002Z,2026-07-16T07:00:02.041370Z,20260716T070002Z_batch01,A11EJqb,2026-07-17T01:00:00Z,03 19 10.3,49.79291666666666,-20 27 57,-20.465833333333332,77.0,18.7,0.27,38.6,Map/Offsets,https://cgi.minorplanetcenter.net/cgi-bin/confirmeph2.cgi
20260716T070002Z,2026-07-16T07:00:02.041370Z,20260716T070002Z_batch01,A11EJqb,2026-07-17T02:00:00Z,03 19 11.1,49.79625,-20 27 44,-20.46222222222222,77.0,18.7,0.27,38.5,Map/Offsets,https://cgi.minorplanetcenter.net/cgi-bin/confirmeph2.cgi
20260716T070002Z,2026-07-16T07:00:02.041370Z,20260716T070002Z_batch01,A11EJqb,2026-07-17T03:00:00Z,03 19 11.8,49.799166666666665,-20 27 31,-20.45861111111111,77.1,18.7,0.27,38.5,Map/Offsets,https://cgi.minorplanetcenter.net/cgi-bin/confirmeph2.cgi
20260716T070002Z,2026-07-16T07:00:02.041370Z,20260716T070002Z_batch01,A11EJqb,2026-07-17T04:00:00Z,03 19 12.5,49.80208333333333,-20 27 18,-20.455,77.1,18.7,0.27,38.4,Map/Offsets,https://cgi.minorplanetcenter.net/cgi-bin/confirmeph2.cgi
20260716T070002Z,2026-07-16T07:00:02.041370Z,20260716T070002Z_batch01,A11EJqb,2026-07-17T05:00:00Z,03 19 13.2,49.805,-20 27 05,-20.45138888888889,77.1,18.7,0.27,38.4,Map/Offsets,https://cgi.minorplanetcenter.net/cgi-bin/confirmeph2.cgi
20260716T070002Z,2026-07-16T07:00:02.041370Z,20260716T070002Z_batch01,A11EJqb,2026-07-17T06:00:00Z,03 19 14.0,49.80833333333333,-20 26 52,-20.447777777777777,77.1,18.7,0.27,38.3,Map/Offsets,https://cgi.minorplanetcenter.net/cgi-bin/confirmeph2.cgi
20260716T070002Z,2026-07-16T07:00:02.041370Z,20260716T070002Z_batch01,P12onSk,2026-07-16T06:00:00Z,22 18 17.6,334.5733333333333,-32 12 27,-32.2075,143.5,21.0,0.52,143.8,Map/Offsets,https://cgi.minorplanetcenter.net/cgi-bin/confirmeph2.cgi
20260716T070002Z,2026-07-16T07:00:02.041370Z,20260716T070002Z_batch01,P12onSk,2026-07-16T07:00:00Z,22 18 19.0,334.57916666666665,-32 12 52,-32.214444444444446,143.5,21.0,0.52,143.8,Map/Offsets,https://cgi.minorplanetcenter.net/cgi-bin/confirmeph2.cgi
20260716T070002Z,2026-07-16T07:00:02.041370Z,20260716T070002Z_batch01,P12onSk,2026-07-16T08:00:00Z,22 18 20.4,334.58500000000004,-32 13 17,-32.22138888888889,143.5,21.0,0.52,143.9,Map/Offsets,https://cgi.minorplanetcenter.net/cgi-bin/confirmeph2.cgi
20260716T070002Z,2026-07-16T07:00:02.041370Z,20260716T070002Z_batch01,P12onSk,2026-07-16T09:00:00Z,22 18 21.9,334.59125,-32 13 42,-32.22833333333333,143.6,21.0,0.52,143.9,Map/Offsets,https://cgi.minorplanetcenter.net/cgi-bin/confirmeph2.cgi
20260716T070002Z,2026-07-16T07:00:02.041370Z,20260716T070002Z_batch01,P12onSk,2026-07-16T10:00:00Z,22 18 23.3,334.59708333333333,-32 14 07,-32.23527777777778,143.6,21.0,0.52,144.0,Map/Offsets,https://cgi.minorplanetcenter.net/cgi-bin/confirmeph2.cgi
20260716T070002Z,2026-07-16T07:00:02.041370Z,20260716T070002Z_batch01,P12onSk,2026-07-16T11:00:00Z,22 18 24.7,334.60291666666666,-32 14 32,-32.242222222222225,143.6,21.0,0.52,144.1,Map/Offsets,https://cgi.minorplanetcenter.net/cgi-bin/confirmeph2.cgi
20260716T070002Z,2026-07-16T07:00:02.041370Z,20260716T070002Z_batch01,P12onSk,2026-07-16T12:00:00Z,22 18 26.2,334.6091666666667,-32 14 57,-32.24916666666667,143.6,21.0,0.51,144.1,Map/Offsets,https://cgi.minorplanetcenter.net/cgi-bin/confirmeph2.cgi
20260716T070002Z,2026-07-16T07:00:02.041370Z,20260716T070002Z_batch01,P12onSk,2026-07-16T13:00:00Z,22 18 27.6,334.615,-32 15 22,-32.25611111111111,143.7,21.0,0.51,144.2,Map/Offsets,https://cgi.minorplanetcenter.net/cgi-bin/confirmeph2.cgi
20260716T070002Z,2026-07-16T07:00:02.041370Z,20260716T070002Z_batch01,P12onSk,2026-07-16T14:00:00Z,22 18 29.0,334.62083333333334,-32 15 47,-32.26305555555555,143.7,21.0,0.51,144.2,Map/Offsets,https://cgi.minorplanetcenter.net/cgi-bin/confirmeph2.cgi
20260716T070002Z,2026-07-16T07:00:02.041370Z,20260716T070002Z_batch01,P12onSk,2026-07-16T15:00:00Z,22 18 30.4,334.62666666666667,-32 16 12,-32.269999999999996,143.7,21.0,0.51,144.3,Map/Offsets,https://cgi.minorplanetcenter.net/cgi-bin/confirmeph2.cgi
20260716T070002Z,2026-07-16T07:00:02.041370Z,20260716T070002Z_batch01,P12onSk,2026-07-16T16:00:00Z,22 18 31.9,334.6329166666667,-32 16 37,-32.276944444444446,143.8,21.0,0.51,144.3,Map/Offsets,https://cgi.minorplanetcenter.net/cgi-bin/confirmeph2.cgi
20260716T070002Z,2026-07-16T07:00:02.041370Z,20260716T070002Z_batch01,P12onSk,2026-07-16T17:00:00Z,22 18 33.3,334.63875,-32 17 02,-32.28388888888889,143.8,21.0,0.51,144.4,Map/Offsets,https://cgi.minorplanetcenter.net/cgi-bin/confirmeph2.cgi
20260716T070002Z,2026-07-16T07:00:02.041370Z,20260716T070002Z_batch01,P12onSk,2026-07-16T18:00:00Z,22 18 34.7,334.64458333333334,-32 17 27,-32.29083333333333,143.8,21.0,0.51,144.4,Map/Offsets,https://cgi.minorplanetcenter.net/cgi-bin/confirmeph2.cgi
20260716T070002Z,2026-07-16T07:00:02.041370Z,20260716T070002Z_batch01,P12onSk,2026-07-16T19:00:00Z,22 18 36.1,334.6504166666667,-32 17 52,-32.297777777777775,143.8,21.0,0.51,144.5,Map/Offsets,https://cgi.minorplanetcenter.net/cgi-bin/confirmeph2.cgi
20260716T070002Z,2026-07-16T07:00:02.041370Z,20260716T070002Z_batch01,P12onSk,2026-07-16T20:00:00Z,22 18 37.5,334.65625,-32 18 17,-32.30472222222222,143.9,21.0,0.51,144.5,Map/Offsets,https://cgi.minorplanetcenter.net/cgi-bin/confirmeph2.cgi
20260716T070002Z,2026-07-16T07:00:02.041370Z,20260716T070002Z_batch01,P12onSk,2026-07-16T21:00:00Z,22 18 38.9,334.6620833333334,-32 18 43,-32.31194444444444,143.9,21.0,0.51,144.6,Map/Offsets,https://cgi.minorplanetcenter.net/cgi-bin/confirmeph2.cgi
20260716T070002Z,2026-07-16T07:00:02.041370Z,20260716T070002Z_batch01,P12onSk,2026-07-16T22:00:00Z,22 18 40.3,334.6679166666667,-32 19 08,-32.31888888888889,143.9,21.0,0.51,144.7,Map/Offsets,https://cgi.minorplanetcenter.net/cgi-bin/confirmeph2.cgi
20260716T070002Z,2026-07-16T07:00:02.041370Z,20260716T070002Z_batch01,P12onSk,2026-07-16T23:00:00Z,22 18 41.7,334.67375000000004,-32 19 33,-32.325833333333335,143.9,21.0,0.51,144.7,Map/Offsets,https://cgi.minorplanetcenter.net/cgi-bin/confirmeph2.cgi
20260716T070002Z,2026-07-16T07:00:02.041370Z,20260716T070002Z_batch01,P12onSk,2026-07-17T00:00:00Z,22 18 43.1,334.67958333333337,-32 19 58,-32.33277777777778,144.0,21.0,0.51,144.8,Map/Offsets,https://cgi.minorplanetcenter.net/cgi-bin/confirmeph2.cgi
20260716T070002Z,2026-07-16T07:00:02.041370Z,20260716T070002Z_batch01,P12onSk,2026-07-17T01:00:00Z,22 18 44.5,334.6854166666667,-32 20 23,-32.33972222222222,144.0,21.0,0.51,144.8,Map/Offsets,https://cgi.minorplanetcenter.net/cgi-bin/confirmeph2.cgi
20260716T070002Z,2026-07-16T07:00:02.041370Z,20260716T070002Z_batch01,P12onSk,2026-07-17T02:00:00Z,22 18 45.9,334.69125,-32 20 48,-32.34666666666667,144.0,21.0,0.51,144.9,Map/Offsets,https://cgi.minorplanetcenter.net/cgi-bin/confirmeph2.cgi
20260716T070002Z,2026-07-16T07:00:02.041370Z,20260716T070002Z_batch01,P12onSk,2026-07-17T03:00:00Z,22 18 47.3,334.69708333333335,-32 21 13,-32.353611111111114,144.0,21.0,0.51,144.9,Map/Offsets,https://cgi.minorplanetcenter.net/cgi-bin/confirmeph2.cgi
20260716T070002Z,2026-07-16T07:00:02.041370Z,20260716T070002Z_batch01,P12onSk,2026-07-17T04:00:00Z,22 18 48.7,334.7029166666667,-32 21 38,-32.36055555555556,144.1,21.0,0.51,145.0,Map/Offsets,https://cgi.minorplanetcenter.net/cgi-bin/confirmeph2.cgi
20260716T070002Z,2026-07-16T07:00:02.041370Z,20260716T070002Z_batch01,P12onSk,2026-07-17T05:00:00Z,22 18 50.1,334.70875,-32 22 03,-32.3675,144.1,21.0,0.51,145.0,Map/Offsets,https://cgi.minorplanetcenter.net/cgi-bin/confirmeph2.cgi
20260716T070002Z,2026-07-16T07:00:02.041370Z,20260716T070002Z_batch01,P12onSk,2026-07-17T06:00:00Z,22 18 51.4,334.7141666666667,-32 22 28,-32.37444444444444,144.1,21.0,0.51,145.1,Map/Offsets,https://cgi.minorplanetcenter.net/cgi-bin/confirmeph2.cgi
20260716T070002Z,2026-07-16T07:00:02.041370Z,20260716T070002Z_batch01,P12onSi,2026-07-16T06:00:00Z,22 00 27.4,330.1141666666667,-23 57 24,-23.956666666666667,147.8,20.8,0.44,350.7,Map/Offsets,https://cgi.minorplanetcenter.net/cgi-bin/confirmeph2.cgi
20260716T070002Z,2026-07-16T07:00:02.041370Z,20260716T070002Z_batch01,P12onSi,2026-07-16T07:00:00Z,22 00 27.1,330.11291666666665,-23 56 58,-23.949444444444445,147.8,20.8,0.44,350.6,Map/Offsets,https://cgi.minorplanetcenter.net/cgi-bin/confirmeph2.cgi
20260716T070002Z,2026-07-16T07:00:02.041370Z,20260716T070002Z_batch01,P12onSi,2026-07-16T08:00:00Z,22 00 26.7,330.11125000000004,-23 56 32,-23.942222222222224,147.9,20.8,0.44,350.5,Map/Offsets,https://cgi.minorplanetcenter.net/cgi-bin/confirmeph2.cgi
20260716T070002Z,2026-07-16T07:00:02.041370Z,20260716T070002Z_batch01,P12onSi,2026-07-16T09:00:00Z,22 00 26.4,330.10999999999996,-23 56 06,-23.935,147.9,20.8,0.44,350.4,Map/Offsets,https://cgi.minorplanetcenter.net/cgi-bin/confirmeph2.cgi
20260716T070002Z,2026-07-16T07:00:02.041370Z,20260716T070002Z_batch01,P12onSi,2026-07-16T10:00:00Z,22 00 26.1,330.10875,-23 55 40,-23.92777777777778,147.9,20.8,0.44,350.3,Map/Offsets,https://cgi.minorplanetcenter.net/cgi-bin/confirmeph2.cgi
20260716T070002Z,2026-07-16T07:00:02.041370Z,20260716T070002Z_batch01,P12onSi,2026-07-16T11:00:00Z,22 00 25.8,330.1075,-23 55 13,-23.92027777777778,148.0,20.8,0.44,350.2,Map/Offsets,https://cgi.minorplanetcenter.net/cgi-bin/confirmeph2.cgi
20260716T070002Z,2026-07-16T07:00:02.041370Z,20260716T070002Z_batch01,P12onSi,2026-07-16T12:00:00Z,22 00 25.4,330.10583333333335,-23 54 47,-23.913055555555555,148.0,20.8,0.44,350.1,Map/Offsets,https://cgi.minorplanetcenter.net/cgi-bin/confirmeph2.cgi
20260716T070002Z,2026-07-16T07:00:02.041370Z,20260716T070002Z_batch01,P12onSi,2026-07-16T13:00:00Z,22 00 25.1,330.1045833333334,-23 54 21,-23.90583333333333,148.1,20.8,0.44,350.0,Map/Offsets,https://cgi.minorplanetcenter.net/cgi-bin/confirmeph2.cgi
20260716T070002Z,2026-07-16T07:00:02.041370Z,20260716T070002Z_batch01,P12onSi,2026-07-16T14:00:00Z,22 00 24.7,330.10291666666666,-23 53 55,-23.898611111111112,148.1,20.8,0.44,349.9,Map/Offsets,https://cgi.minorplanetcenter.net/cgi-bin/confirmeph2.cgi
20260716T070002Z,2026-07-16T07:00:02.041370Z,20260716T070002Z_batch01,P12onSi,2026-07-16T15:00:00Z,22 00 24.4,330.1016666666667,-23 53 28,-23.891111111111112,148.1,20.8,0.44,349.8,Map/Offsets,https://cgi.minorplanetcenter.net/cgi-bin/confirmeph2.cgi
20260716T070002Z,2026-07-16T07:00:02.041370Z,20260716T070002Z_batch01,P12onSi,2026-07-16T16:00:00Z,22 00 24.1,330.10041666666666,-23 53 02,-23.883888888888887,148.2,20.8,0.45,349.7,Map/Offsets,https://cgi.minorplanetcenter.net/cgi-bin/confirmeph2.cgi
20260716T070002Z,2026-07-16T07:00:02.041370Z,20260716T070002Z_batch01,P12onSi,2026-07-16T17:00:00Z,22 00 23.7,330.09875,-23 52 36,-23.87666666666667,148.2,20.8,0.45,349.6,Map/Offsets,https://cgi.minorplanetcenter.net/cgi-bin/confirmeph2.cgi
20260716T070002Z,2026-07-16T07:00:02.041370Z,20260716T070002Z_batch01,P12onSi,2026-07-16T18:00:00Z,22 00 23.4,330.09749999999997,-23 52 09,-23.86916666666667,148.2,20.8,0.45,349.5,Map/Offsets,https://cgi.minorplanetcenter.net/cgi-bin/confirmeph2.cgi
20260716T070002Z,2026-07-16T07:00:02.041370Z,20260716T070002Z_batch01,P12onSi,2026-07-16T19:00:00Z,22 00 23.0,330.09583333333336,-23 51 43,-23.861944444444447,148.3,20.8,0.45,349.4,Map/Offsets,https://cgi.minorplanetcenter.net/cgi-bin/confirmeph2.cgi
20260716T070002Z,2026-07-16T07:00:02.041370Z,20260716T070002Z_batch01,P12onSi,2026-07-16T20:00:00Z,22 00 22.6,330.0941666666667,-23 51 17,-23.854722222222225,148.3,20.8,0.45,349.3,Map/Offsets,https://cgi.minorplanetcenter.net/cgi-bin/confirmeph2.cgi
20260716T070002Z,2026-07-16T07:00:02.041370Z,20260716T070002Z_batch01,P12onSi,2026-07-16T21:00:00Z,22 00 22.3,330.09291666666667,-23 50 50,-23.84722222222222,148.4,20.8,0.45,349.2,Map/Offsets,https://cgi.minorplanetcenter.net/cgi-bin/confirmeph2.cgi
20260716T070002Z,2026-07-16T07:00:02.041370Z,20260716T070002Z_batch01,P12onSi,2026-07-16T22:00:00Z,22 00 21.9,330.09125,-23 50 24,-23.84,148.4,20.8,0.45,349.1,Map/Offsets,https://cgi.minorplanetcenter.net/cgi-bin/confirmeph2.cgi
20260716T070002Z,2026-07-16T07:00:02.041370Z,20260716T070002Z_batch01,P12onSi,2026-07-16T23:00:00Z,22 00 21.5,330.08958333333334,-23 49 58,-23.83277777777778,148.4,20.8,0.45,349.0,Map/Offsets,https://cgi.minorplanetcenter.net/cgi-bin/confirmeph2.cgi
20260716T070002Z,2026-07-16T07:00:02.041370Z,20260716T070002Z_batch01,P12onSi,2026-07-17T00:00:00Z,22 00 21.2,330.08833333333337,-23 49 31,-23.825277777777778,148.5,20.8,0.45,348.9,Map/Offsets,https://cgi.minorplanetcenter.net/cgi-bin/confirmeph2.cgi
20260716T070002Z,2026-07-16T07:00:02.041370Z,20260716T070002Z_batch01,P12onSi,2026-07-17T01:00:00Z,22 00 20.8,330.08666666666664,-23 49 05,-23.818055555555556,148.5,20.8,0.45,348.8,Map/Offsets,https://cgi.minorplanetcenter.net/cgi-bin/confirmeph2.cgi
20260716T070002Z,2026-07-16T07:00:02.041370Z,20260716T070002Z_batch01,P12onSi,2026-07-17T02:00:00Z,22 00 20.4,330.085,-23 48 39,-23.810833333333335,148.6,20.8,0.45,348.7,Map/Offsets,https://cgi.minorplanetcenter.net/cgi-bin/confirmeph2.cgi
20260716T070002Z,2026-07-16T07:00:02.041370Z,20260716T070002Z_batch01,P12onSi,2026-07-17T03:00:00Z,22 00 20.0,330.08333333333337,-23 48 12,-23.803333333333335,148.6,20.8,0.45,348.7,Map/Offsets,https://cgi.minorplanetcenter.net/cgi-bin/confirmeph2.cgi
20260716T070002Z,2026-07-16T07:00:02.041370Z,20260716T070002Z_batch01,P12onSi,2026-07-17T04:00:00Z,22 00 19.6,330.08166666666665,-23 47 46,-23.796111111111113,148.6,20.8,0.45,348.6,Map/Offsets,https://cgi.minorplanetcenter.net/cgi-bin/confirmeph2.cgi
20260716T070002Z,2026-07-16T07:00:02.041370Z,20260716T070002Z_batch01,P12onSi,2026-07-17T05:00:00Z,22 00 19.2,330.08,-23 47 19,-23.788611111111113,148.7,20.8,0.45,348.5,Map/Offsets,https://cgi.minorplanetcenter.net/cgi-bin/confirmeph2.cgi
20260716T070002Z,2026-07-16T07:00:02.041370Z,20260716T070002Z_batch01,P12onSi,2026-07-17T06:00:00Z,22 00 18.8,330.0783333333333,-23 46 53,-23.781388888888888,148.7,20.8,0.45,348.4,Map/Offsets,https://cgi.minorplanetcenter.net/cgi-bin/confirmeph2.cgi
20260716T070002Z,2026-07-16T07:00:02.041370Z,20260716T070002Z_batch01,P12onSj,2026-07-16T06:00:00Z,22 46 11.5,341.54791666666665,-28 36 40,-28.611111111111114,137.7,21.0,0.76,138.7,Map/Offsets,https://cgi.minorplanetcenter.net/cgi-bin/confirmeph2.cgi
20260716T070002Z,2026-07-16T07:00:02.041370Z,20260716T070002Z_batch01,P12onSj,2026-07-16T07:00:00Z,22 46 13.8,341.5575,-28 37 14,-28.620555555555555,137.7,21.0,0.76,138.7,Map/Offsets,https://cgi.minorplanetcenter.net/cgi-bin/confirmeph2.cgi
20260716T070002Z,2026-07-16T07:00:02.041370Z,20260716T070002Z_batch01,P12onSj,2026-07-16T08:00:00Z,22 46 16.1,341.5670833333333,-28 37 49,-28.630277777777778,137.7,21.0,0.76,138.8,Map/Offsets,https://cgi.minorplanetcenter.net/cgi-bin/confirmeph2.cgi
20260716T070002Z,2026-07-16T07:00:02.041370Z,20260716T070002Z_batch01,P12onSj,2026-07-16T09:00:00Z,22 46 18.3,341.57625,-28 38 23,-28.639722222222222,137.7,21.0,0.77,138.8,Map/Offsets,https://cgi.minorplanetcenter.net/cgi-bin/confirmeph2.cgi
20260716T070002Z,2026-07-16T07:00:02.041370Z,20260716T070002Z_batch01,P12onSj,2026-07-16T10:00:00Z,22 46 20.6,341.5858333333333,-28 38 58,-28.649444444444445,137.8,21.0,0.77,138.9,Map/Offsets,https://cgi.minorplanetcenter.net/cgi-bin/confirmeph2.cgi
20260716T070002Z,2026-07-16T07:00:02.041370Z,20260716T070002Z_batch01,P12onSj,2026-07-16T11:00:00Z,22 46 22.9,341.59541666666667,-28 39 33,-28.659166666666664,137.8,21.0,0.77,138.9,Map/Offsets,https://cgi.minorplanetcenter.net/cgi-bin/confirmeph2.cgi
20260716T070002Z,2026-07-16T07:00:02.041370Z,20260716T070002Z_batch01,P12onSj,2026-07-16T12:00:00Z,22 46 25.2,341.605,-28 40 07,-28.66861111111111,137.8,21.0,0.77,139.0,Map/Offsets,https://cgi.minorplanetcenter.net/cgi-bin/confirmeph2.cgi
20260716T070002Z,2026-07-16T07:00:02.041370Z,20260716T070002Z_batch01,P12onSj,2026-07-16T13:00:00Z,22 46 27.5,341.6145833333333,-28 40 42,-28.678333333333335,137.9,21.0,0.77,139.1,Map/Offsets,https://cgi.minorplanetcenter.net/cgi-bin/confirmeph2.cgi
20260716T070002Z,2026-07-16T07:00:02.041370Z,20260716T070002Z_batch01,P12onSj,2026-07-16T14:00:00Z,22 46 29.8,341.62416666666667,-28 41 17,-28.688055555555557,137.9,21.0,0.77,139.1,Map/Offsets,https://cgi.minorplanetcenter.net/cgi-bin/confirmeph2.cgi
20260716T070002Z,2026-07-16T07:00:02.041370Z,20260716T070002Z_batch01,P12onSj,2026-07-16T15:00:00Z,22 46 32.1,341.63375,-28 41 52,-28.697777777777777,137.9,21.0,0.77,139.2,Map/Offsets,https://cgi.minorplanetcenter.net/cgi-bin/confirmeph2.cgi
20260716T070002Z,2026-07-16T07:00:02.041370Z,20260716T070002Z_batch01,P12onSj,2026-07-16T16:00:00Z,22 46 34.4,341.6433333333333,-28 42 27,-28.7075,137.9,21.0,0.77,139.2,Map/Offsets,https://cgi.minorplanetcenter.net/cgi-bin/confirmeph2.cgi
20260716T070002Z,2026-07-16T07:00:02.041370Z,20260716T070002Z_batch01,P12onSj,2026-07-16T17:00:00Z,22 46 36.7,341.65291666666667,-28 43 02,-28.71722222222222,138.0,21.0,0.77,139.3,Map/Offsets,https://cgi.minorplanetcenter.net/cgi-bin/confirmeph2.cgi
20260716T070002Z,2026-07-16T07:00:02.041370Z,20260716T070002Z_batch01,P12onSj,2026-07-16T18:00:00Z,22 46 39.0,341.6625,-28 43 37,-28.72694444444444,138.0,21.0,0.77,139.3,Map/Offsets,https://cgi.minorplanetcenter.net/cgi-bin/confirmeph2.cgi
20260716T070002Z,2026-07-16T07:00:02.041370Z,20260716T070002Z_batch01,P12onSj,2026-07-16T19:00:00Z,22 46 41.3,341.6720833333333,-28 44 12,-28.736666666666668,138.0,20.9,0.77,139.4,Map/Offsets,https://cgi.minorplanetcenter.net/cgi-bin/confirmeph2.cgi
20260716T070002Z,2026-07-16T07:00:02.041370Z,20260716T070002Z_batch01,P12onSj,2026-07-16T20:00:00Z,22 46 43.6,341.6816666666666,-28 44 47,-28.74638888888889,138.0,20.9,0.77,139.4,Map/Offsets,https://cgi.minorplanetcenter.net/cgi-bin/confirmeph2.cgi
20260716T070002Z,2026-07-16T07:00:02.041370Z,20260716T070002Z_batch01,P12onSj,2026-07-16T21:00:00Z,22 46 45.9,341.69124999999997,-28 45 23,-28.75638888888889,138.1,20.9,0.77,139.5,Map/Offsets,https://cgi.minorplanetcenter.net/cgi-bin/confirmeph2.cgi
20260716T070002Z,2026-07-16T07:00:02.041370Z,20260716T070002Z_batch01,P12onSj,2026-07-16T22:00:00Z,22 46 48.2,341.7008333333333,-28 45 58,-28.766111111111112,138.1,20.9,0.77,139.6,Map/Offsets,https://cgi.minorplanetcenter.net/cgi-bin/confirmeph2.cgi
20260716T070002Z,2026-07-16T07:00:02.041370Z,20260716T070002Z_batch01,P12onSj,2026-07-16T23:00:00Z,22 46 50.5,341.7104166666666,-28 46 33,-28.77583333333333,138.1,20.9,0.77,139.6,Map/Offsets,https://cgi.minorplanetcenter.net/cgi-bin/confirmeph2.cgi
20260716T070002Z,2026-07-16T07:00:02.041370Z,20260716T070002Z_batch01,P12onSj,2026-07-17T00:00:00Z,22 46 52.8,341.71999999999997,-28 47 09,-28.785833333333336,138.1,20.9,0.78,139.7,Map/Offsets,https://cgi.minorplanetcenter.net/cgi-bin/confirmeph2.cgi
20260716T070002Z,2026-07-16T07:00:02.041370Z,20260716T070002Z_batch01,P12onSj,2026-07-17T01:00:00Z,22 46 55.0,341.7291666666667,-28 47 44,-28.795555555555556,138.2,20.9,0.78,139.7,Map/Offsets,https://cgi.minorplanetcenter.net/cgi-bin/confirmeph2.cgi
20260716T070002Z,2026-07-16T07:00:02.041370Z,20260716T070002Z_batch01,P12onSj,2026-07-17T02:00:00Z,22 46 57.3,341.73875,-28 48 20,-28.805555555555557,138.2,20.9,0.78,139.8,Map/Offsets,https://cgi.minorplanetcenter.net/cgi-bin/confirmeph2.cgi
20260716T070002Z,2026-07-16T07:00:02.041370Z,20260716T070002Z_batch01,P12onSj,2026-07-17T03:00:00Z,22 46 59.6,341.74833333333333,-28 48 55,-28.81527777777778,138.2,20.9,0.78,139.8,Map/Offsets,https://cgi.minorplanetcenter.net/cgi-bin/confirmeph2.cgi
20260716T070002Z,2026-07-16T07:00:02.041370Z,20260716T070002Z_batch01,P12onSj,2026-07-17T04:00:00Z,22 47 01.9,341.7579166666667,-28 49 31,-28.825277777777778,138.2,20.9,0.78,139.9,Map/Offsets,https://cgi.minorplanetcenter.net/cgi-bin/confirmeph2.cgi
20260716T070002Z,2026-07-16T07:00:02.041370Z,20260716T070002Z_batch01,P12onSj,2026-07-17T05:00:00Z,22 47 04.2,341.76750000000004,-28 50 07,-28.835277777777776,138.3,20.9,0.78,139.9,Map/Offsets,https://cgi.minorplanetcenter.net/cgi-bin/confirmeph2.cgi
20260716T070002Z,2026-07-16T07:00:02.041370Z,20260716T070002Z_batch01,P12onSj,2026-07-17T06:00:00Z,22 47 06.5,341.7770833333334,-28 50 43,-28.845277777777778,138.3,20.9,0.78,140.0,Map/Offsets,https://cgi.minorplanetcenter.net/cgi-bin/confirmeph2.cgi
20260716T070002Z,2026-07-16T07:00:02.041370Z,20260716T070002Z_batch01,ZTF10Ep,2026-07-16T06:00:00Z,01 07 41.9,16.924583333333334,-13 44 02,-13.733888888888888,102.6,18.9,165.8,77.3,Map/Offsets   !!,https://cgi.minorplanetcenter.net/cgi-bin/confirmeph2.cgi
20260716T070002Z,2026-07-16T07:00:02.041370Z,20260716T070002Z_batch01,ZTF10Ep,2026-07-16T07:00:00Z,01 18 32.2,19.634166666666665,-13 07 34,-13.126111111111111,99.9,19.0,158.7,76.7,Map/Offsets   !!,https://cgi.minorplanetcenter.net/cgi-bin/confirmeph2.cgi
20260716T070002Z,2026-07-16T07:00:02.041370Z,20260716T070002Z_batch01,ZTF10Ep,2026-07-16T08:00:00Z,01 28 50.6,22.210833333333333,-12 31 08,-12.51888888888889,97.4,19.1,151.4,76.1,Map/Offsets   !!,https://cgi.minorplanetcenter.net/cgi-bin/confirmeph2.cgi
20260716T070002Z,2026-07-16T07:00:02.041370Z,20260716T070002Z_batch01,ZTF10Ep,2026-07-16T09:00:00Z,01 38 37.2,24.654999999999998,-11 55 03,-11.917499999999999,95.0,19.3,144.1,75.6,Map/Offsets   !!,https://cgi.minorplanetcenter.net/cgi-bin/confirmeph2.cgi
20260716T070002Z,2026-07-16T07:00:02.041370Z,20260716T070002Z_batch01,ZTF10Ep,2026-07-16T10:00:00Z,01 47 52.2,26.967499999999998,-11 19 35,-11.32638888888889,92.7,19.4,136.8,75.1,Map/Offsets   !!,https://cgi.minorplanetcenter.net/cgi-bin/confirmeph2.cgi
20260716T070002Z,2026-07-16T07:00:02.041370Z,20260716T070002Z_batch01,ZTF10Ep,2026-07-16T11:00:00Z,01 56 36.6,29.1525,-10 44 57,-10.749166666666666,90.5,19.6,129.7,74.7,Map/Offsets   !!,https://cgi.minorplanetcenter.net/cgi-bin/confirmeph2.cgi
20260716T070002Z,2026-07-16T07:00:02.041370Z,20260716T070002Z_batch01,ZTF10Ep,2026-07-16T12:00:00Z,02 04 51.4,31.214166666666667,-10 11 18,-10.188333333333334,88.4,19.7,122.8,74.4,Map/Offsets   !!,https://cgi.minorplanetcenter.net/cgi-bin/confirmeph2.cgi
20260716T070002Z,2026-07-16T07:00:02.041370Z,20260716T070002Z_batch01,ZTF10Ep,2026-07-16T13:00:00Z,02 12 37.8,33.1575,-09 38 46,-9.64611111111111,86.5,19.9,116.1,74.0,Map/Offsets   !!,https://cgi.minorplanetcenter.net/cgi-bin/confirmeph2.cgi
20260716T070002Z,2026-07-16T07:00:02.041370Z,20260716T070002Z_batch01,ZTF10Ep,2026-07-16T14:00:00Z,02 19 57.3,34.988749999999996,-09 07 24,-9.123333333333333,84.7,20.0,109.7,73.7,Map/Offsets   !!,https://cgi.minorplanetcenter.net/cgi-bin/confirmeph2.cgi
20260716T070002Z,2026-07-16T07:00:02.041370Z,20260716T070002Z_batch01,ZTF10Ep,2026-07-16T15:00:00Z,02 26 51.2,36.71333333333334,-08 37 17,-8.62138888888889,82.9,20.1,103.6,73.5,Map/Offsets   !!,https://cgi.minorplanetcenter.net/cgi-bin/confirmeph2.cgi
20260716T070002Z,2026-07-16T07:00:02.041370Z,20260716T070002Z_batch01,ZTF10Ep,2026-07-16T16:00:00Z,02 33 21.2,38.33833333333333,-08 08 24,-8.139999999999999,81.3,20.3,97.82,73.2,Map/Offsets   !!,https://cgi.minorplanetcenter.net/cgi-bin/confirmeph2.cgi
20260716T070002Z,2026-07-16T07:00:02.041370Z,20260716T070002Z_batch01,ZTF10Ep,2026-07-16T17:00:00Z,02 39 28.5,39.86875,-07 40 47,-7.679722222222223,79.8,20.4,92.37,73.0,Map/Offsets   !!,https://cgi.minorplanetcenter.net/cgi-bin/confirmeph2.cgi
20260716T070002Z,2026-07-16T07:00:02.041370Z,20260716T070002Z_batch01,ZTF10Ep,2026-07-16T18:00:00Z,02 45 14.7,41.31125,-07 14 24,-7.24,78.3,20.5,87.25,72.8,Map/Offsets   !!,https://cgi.minorplanetcenter.net/cgi-bin/confirmeph2.cgi
20260716T070002Z,2026-07-16T07:00:02.041370Z,20260716T070002Z_batch01,ZTF10Ep,2026-07-16T19:00:00Z,02 50 41.2,42.67166666666667,-06 49 14,-6.820555555555555,77.0,20.7,82.43,72.7,Map/Offsets   !!,https://cgi.minorplanetcenter.net/cgi-bin/confirmeph2.cgi
20260716T070002Z,2026-07-16T07:00:02.041370Z,20260716T070002Z_batch01,ZTF10Ep,2026-07-16T20:00:00Z,02 55 49.1,43.95458333333333,-06 25 14,-6.420555555555556,75.7,20.8,77.92,72.5,Map/Offsets   !,https://cgi.minorplanetcenter.net/cgi-bin/confirmeph2.cgi
20260716T070002Z,2026-07-16T07:00:02.041370Z,20260716T070002Z_batch01,ZTF10Ep,2026-07-16T21:00:00Z,03 00 39.8,45.16583333333333,-06 02 22,-6.039444444444444,74.5,20.9,73.7,72.4,Map/Offsets   !,https://cgi.minorplanetcenter.net/cgi-bin/confirmeph2.cgi
20260716T070002Z,2026-07-16T07:00:02.041370Z,20260716T070002Z_batch01,ZTF10Ep,2026-07-16T22:00:00Z,03 05 14.5,46.31041666666667,-05 40 35,-5.676388888888889,73.3,21.0,69.74,72.3,Map/Offsets   !,https://cgi.minorplanetcenter.net/cgi-bin/confirmeph2.cgi
20260716T070002Z,2026-07-16T07:00:02.041370Z,20260716T070002Z_batch01,ZTF10Ep,2026-07-16T23:00:00Z,03 09 34.2,47.3925,-05 19 50,-5.330555555555556,72.2,21.2,66.05,72.2,Map/Offsets   !,https://cgi.minorplanetcenter.net/cgi-bin/confirmeph2.cgi
20260716T070002Z,2026-07-16T07:00:02.041370Z,20260716T070002Z_batch01,ZTF10Ep,2026-07-17T00:00:00Z,03 13 40.0,48.41666666666667,-05 00 04,-5.001111111111111,71.2,21.3,62.59,72.1,Map/Offsets   !,https://cgi.minorplanetcenter.net/cgi-bin/confirmeph2.cgi
20260716T070002Z,2026-07-16T07:00:02.041370Z,20260716T070002Z_batch01,ZTF10Ep,2026-07-17T01:00:00Z,03 17 32.7,49.38625,-04 41 15,-4.6875,70.2,21.4,59.36,72.0,Map/Offsets   !,https://cgi.minorplanetcenter.net/cgi-bin/confirmeph2.cgi
20260716T070002Z,2026-07-16T07:00:02.041370Z,20260716T070002Z_batch01,ZTF10Ep,2026-07-17T02:00:00Z,03 21 13.4,50.30583333333333,-04 23 19,-4.3886111111111115,69.3,21.5,56.35,71.9,Map/Offsets   !,https://cgi.minorplanetcenter.net/cgi-bin/confirmeph2.cgi
20260716T070002Z,2026-07-16T07:00:02.041370Z,20260716T070002Z_batch01,ZTF10Ep,2026-07-17T03:00:00Z,03 24 42.7,51.17791666666667,-04 06 14,-4.103888888888888,68.4,21.6,53.53,71.8,Map/Offsets   !,https://cgi.minorplanetcenter.net/cgi-bin/confirmeph2.cgi
20260716T070002Z,2026-07-16T07:00:02.041370Z,20260716T070002Z_batch01,ZTF10Ep,2026-07-17T04:00:00Z,03 28 01.5,52.00625,-03 49 56,-3.832222222222222,67.6,21.7,50.89,71.8,Map/Offsets   !,https://cgi.minorplanetcenter.net/cgi-bin/confirmeph2.cgi
20260716T070002Z,2026-07-16T07:00:02.041370Z,20260716T070002Z_batch01,ZTF10Ep,2026-07-17T05:00:00Z,03 31 10.5,52.79375,-03 34 24,-3.5733333333333333,66.8,21.8,48.42,71.7,Map/Offsets   !,https://cgi.minorplanetcenter.net/cgi-bin/confirmeph2.cgi
20260716T070002Z,2026-07-16T07:00:02.041370Z,20260716T070002Z_batch01,ZTF10Ep,2026-07-17T06:00:00Z,03 34 10.3,53.54291666666666,-03 19 34,-3.326111111111111,66.1,21.9,46.11,71.7,Map/Offsets   !,https://cgi.minorplanetcenter.net/cgi-bin/confirmeph2.cgi
20260716T070002Z,2026-07-16T07:00:02.041370Z,20260716T070002Z_batch01,P12onRT,2026-07-16T06:00:00Z,20 25 45.1,306.4379166666667,-39 53 07,-39.88527777777778,159.2,19.8,0.65,26.4,Map/Offsets,https://cgi.minorplanetcenter.net/cgi-bin/confirmeph2.cgi
20260716T070002Z,2026-07-16T07:00:02.041370Z,20260716T070002Z_batch01,P12onRT,2026-07-16T07:00:00Z,20 25 46.6,306.44416666666666,-39 52 32,-39.87555555555556,159.2,19.8,0.65,26.3,Map/Offsets,https://cgi.minorplanetcenter.net/cgi-bin/confirmeph2.cgi
20260716T070002Z,2026-07-16T07:00:02.041370Z,20260716T070002Z_batch01,P12onRT,2026-07-16T08:00:00Z,20 25 48.1,306.4504166666667,-39 51 57,-39.865833333333335,159.2,19.8,0.65,26.2,Map/Offsets,https://cgi.minorplanetcenter.net/cgi-bin/confirmeph2.cgi
20260716T070002Z,2026-07-16T07:00:02.041370Z,20260716T070002Z_batch01,P12onRT,2026-07-16T09:00:00Z,20 25 49.6,306.4566666666667,-39 51 22,-39.85611111111111,159.3,19.8,0.66,26.2,Map/Offsets,https://cgi.minorplanetcenter.net/cgi-bin/confirmeph2.cgi
20260716T070002Z,2026-07-16T07:00:02.041370Z,20260716T070002Z_batch01,P12onRT,2026-07-16T10:00:00Z,20 25 51.1,306.46291666666673,-39 50 46,-39.846111111111114,159.3,19.8,0.66,26.1,Map/Offsets,https://cgi.minorplanetcenter.net/cgi-bin/confirmeph2.cgi
20260716T070002Z,2026-07-16T07:00:02.041370Z,20260716T070002Z_batch01,P12onRT,2026-07-16T11:00:00Z,20 25 52.6,306.4691666666667,-39 50 11,-39.83638888888889,159.3,19.8,0.66,26.0,Map/Offsets,https://cgi.minorplanetcenter.net/cgi-bin/confirmeph2.cgi
20260716T070002Z,2026-07-16T07:00:02.041370Z,20260716T070002Z_batch01,P12onRT,2026-07-16T12:00:00Z,20 25 54.1,306.47541666666666,-39 49 35,-39.82638888888889,159.3,19.8,0.66,25.9,Map/Offsets,https://cgi.minorplanetcenter.net/cgi-bin/confirmeph2.cgi
20260716T070002Z,2026-07-16T07:00:02.041370Z,20260716T070002Z_batch01,P12onRT,2026-07-16T13:00:00Z,20 25 55.6,306.4816666666667,-39 49 00,-39.81666666666667,159.3,19.8,0.66,25.8,Map/Offsets,https://cgi.minorplanetcenter.net/cgi-bin/confirmeph2.cgi
20260716T070002Z,2026-07-16T07:00:02.041370Z,20260716T070002Z_batch01,P12onRT,2026-07-16T14:00:00Z,20 25 57.1,306.4879166666667,-39 48 24,-39.806666666666665,159.3,19.8,0.66,25.8,Map/Offsets,https://cgi.minorplanetcenter.net/cgi-bin/confirmeph2.cgi
20260716T070002Z,2026-07-16T07:00:02.041370Z,20260716T070002Z_batch01,P12onRT,2026-07-16T15:00:00Z,20 25 58.6,306.4941666666667,-39 47 48,-39.79666666666667,159.3,19.8,0.66,25.7,Map/Offsets,https://cgi.minorplanetcenter.net/cgi-bin/confirmeph2.cgi
20260716T070002Z,2026-07-16T07:00:02.041370Z,20260716T070002Z_batch01,P12onRT,2026-07-16T16:00:00Z,20 26 00.1,306.50041666666664,-39 47 13,-39.786944444444444,159.4,19.8,0.66,25.6,Map/Offsets,https://cgi.minorplanetcenter.net/cgi-bin/confirmeph2.cgi
20260716T070002Z,2026-07-16T07:00:02.041370Z,20260716T070002Z_batch01,P12onRT,2026-07-16T17:00:00Z,20 26 01.6,306.50666666666666,-39 46 37,-39.776944444444446,159.4,19.8,0.66,25.5,Map/Offsets,https://cgi.minorplanetcenter.net/cgi-bin/confirmeph2.cgi
20260716T070002Z,2026-07-16T07:00:02.041370Z,20260716T070002Z_batch01,P12onRT,2026-07-16T18:00:00Z,20 26 03.1,306.5129166666667,-39 46 01,-39.76694444444444,159.4,19.8,0.67,25.5,Map/Offsets,https://cgi.minorplanetcenter.net/cgi-bin/confirmeph2.cgi
20260716T070002Z,2026-07-16T07:00:02.041370Z,20260716T070002Z_batch01,P12onRT,2026-07-16T19:00:00Z,20 26 04.6,306.51916666666665,-39 45 25,-39.75694444444444,159.4,19.8,0.67,25.4,Map/Offsets,https://cgi.minorplanetcenter.net/cgi-bin/confirmeph2.cgi
20260716T070002Z,2026-07-16T07:00:02.041370Z,20260716T070002Z_batch01,P12onRT,2026-07-16T20:00:00Z,20 26 06.0,306.525,-39 44 48,-39.74666666666667,159.4,19.8,0.67,25.3,Map/Offsets,https://cgi.minorplanetcenter.net/cgi-bin/confirmeph2.cgi
20260716T070002Z,2026-07-16T07:00:02.041370Z,20260716T070002Z_batch01,P12onRT,2026-07-16T21:00:00Z,20 26 07.5,306.53125,-39 44 12,-39.736666666666665,159.4,19.8,0.67,25.2,Map/Offsets,https://cgi.minorplanetcenter.net/cgi-bin/confirmeph2.cgi
20260716T070002Z,2026-07-16T07:00:02.041370Z,20260716T070002Z_batch01,P12onRT,2026-07-16T22:00:00Z,20 26 09.0,306.5375,-39 43 36,-39.72666666666667,159.5,19.8,0.67,25.2,Map/Offsets,https://cgi.minorplanetcenter.net/cgi-bin/confirmeph2.cgi
20260716T070002Z,2026-07-16T07:00:02.041370Z,20260716T070002Z_batch01,P12onRT,2026-07-16T23:00:00Z,20 26 10.5,306.54375000000005,-39 42 59,-39.71638888888889,159.5,19.8,0.67,25.1,Map/Offsets,https://cgi.minorplanetcenter.net/cgi-bin/confirmeph2.cgi
20260716T070002Z,2026-07-16T07:00:02.041370Z,20260716T070002Z_batch01,P12onRT,2026-07-17T00:00:00Z,20 26 12.0,306.55,-39 42 23,-39.70638888888889,159.5,19.8,0.67,25.0,Map/Offsets,https://cgi.minorplanetcenter.net/cgi-bin/confirmeph2.cgi
20260716T070002Z,2026-07-16T07:00:02.041370Z,20260716T070002Z_batch01,P12onRT,2026-07-17T01:00:00Z,20 26 13.5,306.55625,-39 41 46,-39.69611111111111,159.5,19.8,0.67,24.9,Map/Offsets,https://cgi.minorplanetcenter.net/cgi-bin/confirmeph2.cgi
20260716T070002Z,2026-07-16T07:00:02.041370Z,20260716T070002Z_batch01,P12onRT,2026-07-17T02:00:00Z,20 26 14.9,306.56208333333336,-39 41 09,-39.68583333333333,159.5,19.8,0.67,24.9,Map/Offsets,https://cgi.minorplanetcenter.net/cgi-bin/confirmeph2.cgi
20260716T070002Z,2026-07-16T07:00:02.041370Z,20260716T070002Z_batch01,P12onRT,2026-07-17T03:00:00Z,20 26 16.4,306.5683333333333,-39 40 33,-39.67583333333333,159.5,19.8,0.68,24.8,Map/Offsets,https://cgi.minorplanetcenter.net/cgi-bin/confirmeph2.cgi
20260716T070002Z,2026-07-16T07:00:02.041370Z,20260716T070002Z_batch01,P12onRT,2026-07-17T04:00:00Z,20 26 17.9,306.57458333333335,-39 39 56,-39.66555555555556,159.6,19.8,0.68,24.7,Map/Offsets,https://cgi.minorplanetcenter.net/cgi-bin/confirmeph2.cgi
20260716T070002Z,2026-07-16T07:00:02.041370Z,20260716T070002Z_batch01,P12onRT,2026-07-17T05:00:00Z,20 26 19.3,306.5804166666667,-39 39 19,-39.655277777777776,159.6,19.8,0.68,24.7,Map/Offsets,https://cgi.minorplanetcenter.net/cgi-bin/confirmeph2.cgi
20260716T070002Z,2026-07-16T07:00:02.041370Z,20260716T070002Z_batch01,P12onRT,2026-07-17T06:00:00Z,20 26 20.8,306.58666666666664,-39 38 42,-39.644999999999996,159.6,19.8,0.68,24.6,Map/Offsets,https://cgi.minorplanetcenter.net/cgi-bin/confirmeph2.cgi
20260716T070002Z,2026-07-16T07:00:02.041370Z,20260716T070002Z_batch01,W2onRQ,2026-07-16T06:00:00Z,19 57 02.7,299.26125,-27 22 57,-27.3825,173.0,19.8,15.02,7.6,Map/Offsets   !,https://cgi.minorplanetcenter.net/cgi-bin/confirmeph2.cgi
20260716T070002Z,2026-07-16T07:00:02.041370Z,20260716T070002Z_batch01,W2onRQ,2026-07-16T07:00:00Z,19 57 11.5,299.29791666666665,-27 08 09,-27.135833333333334,173.2,19.8,14.84,7.5,Map/Offsets   !,https://cgi.minorplanetcenter.net/cgi-bin/confirmeph2.cgi
20260716T070002Z,2026-07-16T07:00:02.041370Z,20260716T070002Z_batch01,W2onRQ,2026-07-16T08:00:00Z,19 57 20.2,299.33416666666665,-26 53 32,-26.892222222222223,173.4,19.8,14.66,7.5,Map/Offsets   !,https://cgi.minorplanetcenter.net/cgi-bin/confirmeph2.cgi
20260716T070002Z,2026-07-16T07:00:02.041370Z,20260716T070002Z_batch01,W2onRQ,2026-07-16T09:00:00Z,19 57 28.7,299.3695833333333,-26 39 05,-26.65138888888889,173.6,19.8,14.49,7.5,Map/Offsets   !,https://cgi.minorplanetcenter.net/cgi-bin/confirmeph2.cgi
20260716T070002Z,2026-07-16T07:00:02.041370Z,20260716T070002Z_batch01,W2onRQ,2026-07-16T10:00:00Z,19 57 37.1,299.4045833333333,-26 24 49,-26.41361111111111,173.8,19.8,14.31,7.5,Map/Offsets   !,https://cgi.minorplanetcenter.net/cgi-bin/confirmeph2.cgi
20260716T070002Z,2026-07-16T07:00:02.041370Z,20260716T070002Z_batch01,W2onRQ,2026-07-16T11:00:00Z,19 57 45.4,299.4391666666666,-26 10 42,-26.178333333333335,174.0,19.8,14.14,7.5,Map/Offsets   !,https://cgi.minorplanetcenter.net/cgi-bin/confirmeph2.cgi
20260716T070002Z,2026-07-16T07:00:02.041370Z,20260716T070002Z_batch01,W2onRQ,2026-07-16T12:00:00Z,19 57 53.5,299.4729166666666,-25 56 46,-25.94611111111111,174.1,19.8,13.97,7.5,Map/Offsets   !,https://cgi.minorplanetcenter.net/cgi-bin/confirmeph2.cgi
20260716T070002Z,2026-07-16T07:00:02.041370Z,20260716T070002Z_batch01,W2onRQ,2026-07-16T13:00:00Z,19 58 01.5,299.50624999999997,-25 43 00,-25.716666666666665,174.3,19.8,13.81,7.4,Map/Offsets   !,https://cgi.minorplanetcenter.net/cgi-bin/confirmeph2.cgi
20260716T070002Z,2026-07-16T07:00:02.041370Z,20260716T070002Z_batch01,W2onRQ,2026-07-16T14:00:00Z,19 58 09.4,299.53916666666663,-25 29 23,-25.489722222222223,174.5,19.8,13.65,7.4,Map/Offsets   !,https://cgi.minorplanetcenter.net/cgi-bin/confirmeph2.cgi
20260716T070002Z,2026-07-16T07:00:02.041370Z,20260716T070002Z_batch01,W2onRQ,2026-07-16T15:00:00Z,19 58 17.2,299.57166666666666,-25 15 56,-25.265555555555554,174.7,19.8,13.49,7.4,Map/Offsets   !,https://cgi.minorplanetcenter.net/cgi-bin/confirmeph2.cgi
20260716T070002Z,2026-07-16T07:00:02.041370Z,20260716T070002Z_batch01,W2onRQ,2026-07-16T16:00:00Z,19 58 24.8,299.6033333333333,-25 02 38,-25.04388888888889,174.8,19.8,13.33,7.4,Map/Offsets   !,https://cgi.minorplanetcenter.net/cgi-bin/confirmeph2.cgi
20260716T070002Z,2026-07-16T07:00:02.041370Z,20260716T070002Z_batch01,W2onRQ,2026-07-16T17:00:00Z,19 58 32.3,299.6345833333333,-24 49 29,-24.82472222222222,175.0,19.8,13.17,7.4,Map/Offsets   !,https://cgi.minorplanetcenter.net/cgi-bin/confirmeph2.cgi
20260716T070002Z,2026-07-16T07:00:02.041370Z,20260716T070002Z_batch01,W2onRQ,2026-07-16T18:00:00Z,19 58 39.7,299.6654166666666,-24 36 30,-24.608333333333334,175.1,19.8,13.02,7.4,Map/Offsets   !,https://cgi.minorplanetcenter.net/cgi-bin/confirmeph2.cgi
20260716T070002Z,2026-07-16T07:00:02.041370Z,20260716T070002Z_batch01,W2onRQ,2026-07-16T19:00:00Z,19 58 47.0,299.6958333333333,-24 23 40,-24.394444444444446,175.3,19.8,12.87,7.4,Map/Offsets   !,https://cgi.minorplanetcenter.net/cgi-bin/confirmeph2.cgi
20260716T070002Z,2026-07-16T07:00:02.041370Z,20260716T070002Z_batch01,W2onRQ,2026-07-16T20:00:00Z,19 58 54.2,299.7258333333333,-24 10 58,-24.18277777777778,175.4,19.8,12.72,7.3,Map/Offsets   !,https://cgi.minorplanetcenter.net/cgi-bin/confirmeph2.cgi
20260716T070002Z,2026-07-16T07:00:02.041370Z,20260716T070002Z_batch01,W2onRQ,2026-07-16T21:00:00Z,19 59 01.3,299.7554166666667,-23 58 26,-23.973888888888887,175.5,19.9,12.57,7.3,Map/Offsets   !,https://cgi.minorplanetcenter.net/cgi-bin/confirmeph2.cgi
20260716T070002Z,2026-07-16T07:00:02.041370Z,20260716T070002Z_batch01,W2onRQ,2026-07-16T22:00:00Z,19 59 08.3,299.78458333333333,-23 46 02,-23.76722222222222,175.6,19.9,12.43,7.3,Map/Offsets   !,https://cgi.minorplanetcenter.net/cgi-bin/confirmeph2.cgi
20260716T070002Z,2026-07-16T07:00:02.041370Z,20260716T070002Z_batch01,W2onRQ,2026-07-16T23:00:00Z,19 59 15.1,299.8129166666667,-23 33 46,-23.56277777777778,175.8,19.9,12.29,7.3,Map/Offsets   !,https://cgi.minorplanetcenter.net/cgi-bin/confirmeph2.cgi
20260716T070002Z,2026-07-16T07:00:02.041370Z,20260716T070002Z_batch01,W2onRQ,2026-07-17T00:00:00Z,19 59 21.9,299.84125,-23 21 39,-23.360833333333336,175.9,19.9,12.15,7.3,Map/Offsets   !,https://cgi.minorplanetcenter.net/cgi-bin/confirmeph2.cgi
20260716T070002Z,2026-07-16T07:00:02.041370Z,20260716T070002Z_batch01,W2onRQ,2026-07-17T01:00:00Z,19 59 28.6,299.8691666666667,-23 09 40,-23.16111111111111,176.0,19.9,12.01,7.3,Map/Offsets   !,https://cgi.minorplanetcenter.net/cgi-bin/confirmeph2.cgi
20260716T070002Z,2026-07-16T07:00:02.041370Z,20260716T070002Z_batch01,W2onRQ,2026-07-17T02:00:00Z,19 59 35.1,299.89625,-22 57 50,-22.96388888888889,176.1,19.9,11.87,7.3,Map/Offsets   !,https://cgi.minorplanetcenter.net/cgi-bin/confirmeph2.cgi
20260716T070002Z,2026-07-16T07:00:02.041370Z,20260716T070002Z_batch01,W2onRQ,2026-07-17T03:00:00Z,19 59 41.6,299.92333333333335,-22 46 07,-22.76861111111111,176.2,19.9,11.74,7.3,Map/Offsets   !,https://cgi.minorplanetcenter.net/cgi-bin/confirmeph2.cgi
20260716T070002Z,2026-07-16T07:00:02.041370Z,20260716T070002Z_batch01,W2onRQ,2026-07-17T04:00:00Z,19 59 48.0,299.95,-22 34 32,-22.575555555555557,176.2,19.9,11.61,7.2,Map/Offsets   !,https://cgi.minorplanetcenter.net/cgi-bin/confirmeph2.cgi
20260716T070002Z,2026-07-16T07:00:02.041370Z,20260716T070002Z_batch01,W2onRQ,2026-07-17T05:00:00Z,19 59 54.3,299.97625,-22 23 06,-22.384999999999998,176.3,19.9,11.48,7.2,Map/Offsets   !,https://cgi.minorplanetcenter.net/cgi-bin/confirmeph2.cgi
20260716T070002Z,2026-07-16T07:00:02.041370Z,20260716T070002Z_batch01,W2onRQ,2026-07-17T06:00:00Z,20 00 00.5,300.0020833333333,-22 11 46,-22.19611111111111,176.4,19.9,11.35,7.2,Map/Offsets   !,https://cgi.minorplanetcenter.net/cgi-bin/confirmeph2.cgi
20260716T070002Z,2026-07-16T07:00:02.041370Z,20260716T070002Z_batch01,P12onRm,2026-07-16T06:00:00Z,19 40 55.8,295.2325,-24 39 51,-24.664166666666667,176.7,20.9,1.46,166.3,Map/Offsets,https://cgi.minorplanetcenter.net/cgi-bin/confirmeph2.cgi
20260716T070002Z,2026-07-16T07:00:02.041370Z,20260716T070002Z_batch01,P12onRm,2026-07-16T07:00:00Z,19 40 57.3,295.23875,-24 41 16,-24.68777777777778,176.7,20.9,1.46,166.3,Map/Offsets,https://cgi.minorplanetcenter.net/cgi-bin/confirmeph2.cgi
20260716T070002Z,2026-07-16T07:00:02.041370Z,20260716T070002Z_batch01,P12onRm,2026-07-16T08:00:00Z,19 40 58.8,295.245,-24 42 41,-24.711388888888887,176.7,20.9,1.46,166.3,Map/Offsets,https://cgi.minorplanetcenter.net/cgi-bin/confirmeph2.cgi
20260716T070002Z,2026-07-16T07:00:02.041370Z,20260716T070002Z_batch01,P12onRm,2026-07-16T09:00:00Z,19 41 00.3,295.25124999999997,-24 44 06,-24.735,176.7,20.9,1.46,166.3,Map/Offsets,https://cgi.minorplanetcenter.net/cgi-bin/confirmeph2.cgi
20260716T070002Z,2026-07-16T07:00:02.041370Z,20260716T070002Z_batch01,P12onRm,2026-07-16T10:00:00Z,19 41 01.9,295.25791666666663,-24 45 31,-24.75861111111111,176.6,20.9,1.46,166.3,Map/Offsets,https://cgi.minorplanetcenter.net/cgi-bin/confirmeph2.cgi
20260716T070002Z,2026-07-16T07:00:02.041370Z,20260716T070002Z_batch01,P12onRm,2026-07-16T11:00:00Z,19 41 03.4,295.2641666666667,-24 46 57,-24.7825,176.6,20.9,1.46,166.3,Map/Offsets,https://cgi.minorplanetcenter.net/cgi-bin/confirmeph2.cgi
20260716T070002Z,2026-07-16T07:00:02.041370Z,20260716T070002Z_batch01,P12onRm,2026-07-16T12:00:00Z,19 41 04.9,295.2704166666667,-24 48 22,-24.80611111111111,176.6,20.9,1.46,166.3,Map/Offsets,https://cgi.minorplanetcenter.net/cgi-bin/confirmeph2.cgi
20260716T070002Z,2026-07-16T07:00:02.041370Z,20260716T070002Z_batch01,P12onRm,2026-07-16T13:00:00Z,19 41 06.4,295.2766666666667,-24 49 47,-24.829722222222223,176.5,20.9,1.46,166.3,Map/Offsets,https://cgi.minorplanetcenter.net/cgi-bin/confirmeph2.cgi
20260716T070002Z,2026-07-16T07:00:02.041370Z,20260716T070002Z_batch01,P12onRm,2026-07-16T14:00:00Z,19 41 08.0,295.28333333333336,-24 51 12,-24.853333333333335,176.5,20.9,1.46,166.3,Map/Offsets,https://cgi.minorplanetcenter.net/cgi-bin/confirmeph2.cgi
20260716T070002Z,2026-07-16T07:00:02.041370Z,20260716T070002Z_batch01,P12onRm,2026-07-16T15:00:00Z,19 41 09.5,295.2895833333333,-24 52 37,-24.876944444444444,176.5,20.9,1.46,166.3,Map/Offsets,https://cgi.minorplanetcenter.net/cgi-bin/confirmeph2.cgi
20260716T070002Z,2026-07-16T07:00:02.041370Z,20260716T070002Z_batch01,P12onRm,2026-07-16T16:00:00Z,19 41 11.0,295.29583333333335,-24 54 02,-24.900555555555552,176.4,20.9,1.46,166.2,Map/Offsets,https://cgi.minorplanetcenter.net/cgi-bin/confirmeph2.cgi
20260716T070002Z,2026-07-16T07:00:02.041370Z,20260716T070002Z_batch01,P12onRm,2026-07-16T17:00:00Z,19 41 12.6,295.3025,-24 55 28,-24.924444444444447,176.4,20.9,1.46,166.2,Map/Offsets,https://cgi.minorplanetcenter.net/cgi-bin/confirmeph2.cgi
20260716T070002Z,2026-07-16T07:00:02.041370Z,20260716T070002Z_batch01,P12onRm,2026-07-16T18:00:00Z,19 41 14.1,295.30875,-24 56 53,-24.948055555555555,176.4,20.9,1.46,166.2,Map/Offsets,https://cgi.minorplanetcenter.net/cgi-bin/confirmeph2.cgi
20260716T070002Z,2026-07-16T07:00:02.041370Z,20260716T070002Z_batch01,P12onRm,2026-07-16T19:00:00Z,19 41 15.6,295.31500000000005,-24 58 18,-24.971666666666664,176.3,20.9,1.46,166.2,Map/Offsets,https://cgi.minorplanetcenter.net/cgi-bin/confirmeph2.cgi
20260716T070002Z,2026-07-16T07:00:02.041370Z,20260716T070002Z_batch01,P12onRm,2026-07-16T20:00:00Z,19 41 17.2,295.3216666666667,-24 59 43,-24.99527777777778,176.3,20.9,1.46,166.2,Map/Offsets,https://cgi.minorplanetcenter.net/cgi-bin/confirmeph2.cgi
20260716T070002Z,2026-07-16T07:00:02.041370Z,20260716T070002Z_batch01,P12onRm,2026-07-16T21:00:00Z,19 41 18.7,295.3279166666667,-25 01 08,-25.01888888888889,176.3,20.9,1.46,166.2,Map/Offsets,https://cgi.minorplanetcenter.net/cgi-bin/confirmeph2.cgi
20260716T070002Z,2026-07-16T07:00:02.041370Z,20260716T070002Z_batch01,P12onRm,2026-07-16T22:00:00Z,19 41 20.2,295.33416666666665,-25 02 33,-25.0425,176.2,20.9,1.46,166.2,Map/Offsets,https://cgi.minorplanetcenter.net/cgi-bin/confirmeph2.cgi
20260716T070002Z,2026-07-16T07:00:02.041370Z,20260716T070002Z_batch01,P12onRm,2026-07-16T23:00:00Z,19 41 21.8,295.3408333333333,-25 03 58,-25.066111111111113,176.2,20.9,1.46,166.2,Map/Offsets,https://cgi.minorplanetcenter.net/cgi-bin/confirmeph2.cgi
20260716T070002Z,2026-07-16T07:00:02.041370Z,20260716T070002Z_batch01,P12onRm,2026-07-17T00:00:00Z,19 41 23.3,295.34708333333333,-25 05 23,-25.08972222222222,176.2,20.9,1.46,166.2,Map/Offsets,https://cgi.minorplanetcenter.net/cgi-bin/confirmeph2.cgi
20260716T070002Z,2026-07-16T07:00:02.041370Z,20260716T070002Z_batch01,P12onRm,2026-07-17T01:00:00Z,19 41 24.8,295.3533333333333,-25 06 48,-25.113333333333333,176.1,20.9,1.46,166.2,Map/Offsets,https://cgi.minorplanetcenter.net/cgi-bin/confirmeph2.cgi
20260716T070002Z,2026-07-16T07:00:02.041370Z,20260716T070002Z_batch01,P12onRm,2026-07-17T02:00:00Z,19 41 26.4,295.35999999999996,-25 08 13,-25.136944444444445,176.1,20.9,1.46,166.2,Map/Offsets,https://cgi.minorplanetcenter.net/cgi-bin/confirmeph2.cgi
20260716T070002Z,2026-07-16T07:00:02.041370Z,20260716T070002Z_batch01,P12onRm,2026-07-17T03:00:00Z,19 41 27.9,295.36625000000004,-25 09 38,-25.160555555555554,176.0,21.0,1.46,166.2,Map/Offsets,https://cgi.minorplanetcenter.net/cgi-bin/confirmeph2.cgi
20260716T070002Z,2026-07-16T07:00:02.041370Z,20260716T070002Z_batch01,P12onRm,2026-07-17T04:00:00Z,19 41 29.5,295.3729166666667,-25 11 03,-25.184166666666666,176.0,21.0,1.46,166.2,Map/Offsets,https://cgi.minorplanetcenter.net/cgi-bin/confirmeph2.cgi
20260716T070002Z,2026-07-16T07:00:02.041370Z,20260716T070002Z_batch01,P12onRm,2026-07-17T05:00:00Z,19 41 31.0,295.37916666666666,-25 12 28,-25.20777777777778,176.0,21.0,1.46,166.2,Map/Offsets,https://cgi.minorplanetcenter.net/cgi-bin/confirmeph2.cgi
20260716T070002Z,2026-07-16T07:00:02.041370Z,20260716T070002Z_batch01,P12onRm,2026-07-17T06:00:00Z,19 41 32.5,295.3854166666667,-25 13 53,-25.231388888888887,175.9,21.0,1.46,166.2,Map/Offsets,https://cgi.minorplanetcenter.net/cgi-bin/confirmeph2.cgi
20260716T070002Z,2026-07-16T07:00:02.041370Z,20260716T070002Z_batch01,ST26G39,2026-07-16T06:00:00Z,18 12 11.6,273.04833333333335,+31 36 50,31.61388888888889,122.9,20.6,19.61,340.2,Map/Offsets   !,https://cgi.minorplanetcenter.net/cgi-bin/confirmeph2.cgi
20260716T070002Z,2026-07-16T07:00:02.041370Z,20260716T070002Z_batch01,ST26G39,2026-07-16T07:00:00Z,18 11 40.6,272.9191666666667,+31 55 06,31.918333333333333,122.5,20.6,19.21,340.1,Map/Offsets   !,https://cgi.minorplanetcenter.net/cgi-bin/confirmeph2.cgi
20260716T070002Z,2026-07-16T07:00:02.041370Z,20260716T070002Z_batch01,ST26G39,2026-07-16T08:00:00Z,18 11 10.1,272.7920833333333,+32 12 58,32.21611111111111,122.2,20.6,18.81,340.1,Map/Offsets   !,https://cgi.minorplanetcenter.net/cgi-bin/confirmeph2.cgi
20260716T070002Z,2026-07-16T07:00:02.041370Z,20260716T070002Z_batch01,ST26G39,2026-07-16T09:00:00Z,18 10 40.0,272.6666666666667,+32 30 28,32.507777777777775,121.9,20.7,18.43,340.0,Map/Offsets   !,https://cgi.minorplanetcenter.net/cgi-bin/confirmeph2.cgi
20260716T070002Z,2026-07-16T07:00:02.041370Z,20260716T070002Z_batch01,ST26G39,2026-07-16T10:00:00Z,18 10 10.3,272.5429166666667,+32 47 36,32.79333333333333,121.6,20.7,18.05,339.9,Map/Offsets   !,https://cgi.minorplanetcenter.net/cgi-bin/confirmeph2.cgi
20260716T070002Z,2026-07-16T07:00:02.041370Z,20260716T070002Z_batch01,ST26G39,2026-07-16T11:00:00Z,18 09 41.1,272.42125,+33 04 23,33.073055555555555,121.3,20.7,17.69,339.9,Map/Offsets   !,https://cgi.minorplanetcenter.net/cgi-bin/confirmeph2.cgi
20260716T070002Z,2026-07-16T07:00:02.041370Z,20260716T070002Z_batch01,ST26G39,2026-07-16T12:00:00Z,18 09 12.2,272.3008333333333,+33 20 50,33.34722222222222,121.0,20.8,17.33,339.8,Map/Offsets   !,https://cgi.minorplanetcenter.net/cgi-bin/confirmeph2.cgi
20260716T070002Z,2026-07-16T07:00:02.041370Z,20260716T070002Z_batch01,ST26G39,2026-07-16T13:00:00Z,18 08 43.8,272.1825,+33 36 56,33.61555555555556,120.7,20.8,16.99,339.8,Map/Offsets   !,https://cgi.minorplanetcenter.net/cgi-bin/confirmeph2.cgi
20260716T070002Z,2026-07-16T07:00:02.041370Z,20260716T070002Z_batch01,ST26G39,2026-07-16T14:00:00Z,18 08 15.7,272.0654166666667,+33 52 43,33.87861111111111,120.4,20.8,16.66,339.7,Map/Offsets   !,https://cgi.minorplanetcenter.net/cgi-bin/confirmeph2.cgi
20260716T070002Z,2026-07-16T07:00:02.041370Z,20260716T070002Z_batch01,ST26G39,2026-07-16T15:00:00Z,18 07 48.1,271.9504166666666,+34 08 10,34.13611111111111,120.1,20.8,16.33,339.6,Map/Offsets   !,https://cgi.minorplanetcenter.net/cgi-bin/confirmeph2.cgi
20260716T070002Z,2026-07-16T07:00:02.041370Z,20260716T070002Z_batch01,ST26G39,2026-07-16T16:00:00Z,18 07 20.8,271.83666666666664,+34 23 20,34.388888888888886,119.8,20.9,16.01,339.6,Map/Offsets   !,https://cgi.minorplanetcenter.net/cgi-bin/confirmeph2.cgi
20260716T070002Z,2026-07-16T07:00:02.041370Z,20260716T070002Z_batch01,ST26G39,2026-07-16T17:00:00Z,18 06 53.9,271.7245833333334,+34 38 11,34.63638888888889,119.6,20.9,15.7,339.5,Map/Offsets   !,https://cgi.minorplanetcenter.net/cgi-bin/confirmeph2.cgi
20260716T070002Z,2026-07-16T07:00:02.041370Z,20260716T070002Z_batch01,ST26G39,2026-07-16T18:00:00Z,18 06 27.3,271.61375000000004,+34 52 45,34.87916666666667,119.3,20.9,15.4,339.4,Map/Offsets   !,https://cgi.minorplanetcenter.net/cgi-bin/confirmeph2.cgi
20260716T070002Z,2026-07-16T07:00:02.041370Z,20260716T070002Z_batch01,ST26G39,2026-07-16T19:00:00Z,18 06 01.1,271.50458333333336,+35 07 02,35.117222222222225,119.0,21.0,15.11,339.4,Map/Offsets   !,https://cgi.minorplanetcenter.net/cgi-bin/confirmeph2.cgi
20260716T070002Z,2026-07-16T07:00:02.041370Z,20260716T070002Z_batch01,ST26G39,2026-07-16T20:00:00Z,18 05 35.3,271.3970833333333,+35 21 02,35.35055555555556,118.8,21.0,14.83,339.3,Map/Offsets   !,https://cgi.minorplanetcenter.net/cgi-bin/confirmeph2.cgi
20260716T070002Z,2026-07-16T07:00:02.041370Z,20260716T070002Z_batch01,ST26G39,2026-07-16T21:00:00Z,18 05 09.7,271.29041666666666,+35 34 47,35.57972222222222,118.5,21.0,14.55,339.3,Map/Offsets   !,https://cgi.minorplanetcenter.net/cgi-bin/confirmeph2.cgi
20260716T070002Z,2026-07-16T07:00:02.041370Z,20260716T070002Z_batch01,ST26G39,2026-07-16T22:00:00Z,18 04 44.6,271.18583333333333,+35 48 15,35.80416666666667,118.3,21.0,14.28,339.2,Map/Offsets   !,https://cgi.minorplanetcenter.net/cgi-bin/confirmeph2.cgi
20260716T070002Z,2026-07-16T07:00:02.041370Z,20260716T070002Z_batch01,ST26G39,2026-07-16T23:00:00Z,18 04 19.7,271.08208333333334,+36 01 28,36.02444444444444,118.0,21.1,14.01,339.1,Map/Offsets   !,https://cgi.minorplanetcenter.net/cgi-bin/confirmeph2.cgi
20260716T070002Z,2026-07-16T07:00:02.041370Z,20260716T070002Z_batch01,ST26G39,2026-07-17T00:00:00Z,18 03 55.2,270.98,+36 14 27,36.240833333333335,117.8,21.1,13.76,339.1,Map/Offsets   !,https://cgi.minorplanetcenter.net/cgi-bin/confirmeph2.cgi
20260716T070002Z,2026-07-16T07:00:02.041370Z,20260716T070002Z_batch01,ST26G39,2026-07-17T01:00:00Z,18 03 31.0,270.87916666666666,+36 27 11,36.45305555555556,117.6,21.1,13.51,339.0,Map/Offsets   !,https://cgi.minorplanetcenter.net/cgi-bin/confirmeph2.cgi
20260716T070002Z,2026-07-16T07:00:02.041370Z,20260716T070002Z_batch01,ST26G39,2026-07-17T02:00:00Z,18 03 07.1,270.77958333333333,+36 39 40,36.66111111111111,117.3,21.1,13.26,339.0,Map/Offsets   !,https://cgi.minorplanetcenter.net/cgi-bin/confirmeph2.cgi
20260716T070002Z,2026-07-16T07:00:02.041370Z,20260716T070002Z_batch01,ST26G39,2026-07-17T03:00:00Z,18 02 43.5,270.68125000000003,+36 51 56,36.86555555555556,117.1,21.2,13.02,338.9,Map/Offsets   !,https://cgi.minorplanetcenter.net/cgi-bin/confirmeph2.cgi
20260716T070002Z,2026-07-16T07:00:02.041370Z,20260716T070002Z_batch01,ST26G39,2026-07-17T04:00:00Z,18 02 20.2,270.5841666666667,+37 03 59,37.06638888888889,116.9,21.2,12.79,338.8,Map/Offsets   !,https://cgi.minorplanetcenter.net/cgi-bin/confirmeph2.cgi
20260716T070002Z,2026-07-16T07:00:02.041370Z,20260716T070002Z_batch01,ST26G39,2026-07-17T05:00:00Z,18 01 57.2,270.4883333333333,+37 15 48,37.263333333333335,116.7,21.2,12.57,338.8,Map/Offsets   !,https://cgi.minorplanetcenter.net/cgi-bin/confirmeph2.cgi
20260716T070002Z,2026-07-16T07:00:02.041370Z,20260716T070002Z_batch01,ST26G39,2026-07-17T06:00:00Z,18 01 34.5,270.39374999999995,+37 27 25,37.456944444444446,116.5,21.3,12.35,338.7,Map/Offsets   !,https://cgi.minorplanetcenter.net/cgi-bin/confirmeph2.cgi
20260716T070002Z,2026-07-16T07:00:02.041370Z,20260716T070002Z_batch01,XA9yiXA,2026-07-16T06:00:00Z,19 38 13.0,294.5541666666667,-05 25 52,-5.431111111111111,164.0,20.0,1.03,325.9,Map/Offsets,https://cgi.minorplanetcenter.net/cgi-bin/confirmeph2.cgi
20260716T070002Z,2026-07-16T07:00:02.041370Z,20260716T070002Z_batch01,XA9yiXA,2026-07-16T07:00:00Z,19 38 10.7,294.5445833333333,-05 25 01,-5.416944444444445,164.0,20.0,1.03,325.8,Map/Offsets,https://cgi.minorplanetcenter.net/cgi-bin/confirmeph2.cgi
20260716T070002Z,2026-07-16T07:00:02.041370Z,20260716T070002Z_batch01,XA9yiXA,2026-07-16T08:00:00Z,19 38 08.4,294.53499999999997,-05 24 10,-5.402777777777779,164.0,20.0,1.03,325.8,Map/Offsets,https://cgi.minorplanetcenter.net/cgi-bin/confirmeph2.cgi
20260716T070002Z,2026-07-16T07:00:02.041370Z,20260716T070002Z_batch01,XA9yiXA,2026-07-16T09:00:00Z,19 38 06.1,294.5254166666667,-05 23 19,-5.3886111111111115,164.0,20.0,1.03,325.8,Map/Offsets,https://cgi.minorplanetcenter.net/cgi-bin/confirmeph2.cgi
20260716T070002Z,2026-07-16T07:00:02.041370Z,20260716T070002Z_batch01,XA9yiXA,2026-07-16T10:00:00Z,19 38 03.7,294.5154166666667,-05 22 28,-5.374444444444444,164.0,20.0,1.03,325.8,Map/Offsets,https://cgi.minorplanetcenter.net/cgi-bin/confirmeph2.cgi
20260716T070002Z,2026-07-16T07:00:02.041370Z,20260716T070002Z_batch01,XA9yiXA,2026-07-16T11:00:00Z,19 38 01.4,294.5058333333333,-05 21 37,-5.360277777777777,164.0,20.0,1.03,325.8,Map/Offsets,https://cgi.minorplanetcenter.net/cgi-bin/confirmeph2.cgi
20260716T070002Z,2026-07-16T07:00:02.041370Z,20260716T070002Z_batch01,XA9yiXA,2026-07-16T12:00:00Z,19 37 59.1,294.49625000000003,-05 20 46,-5.346111111111111,163.9,20.0,1.03,325.8,Map/Offsets,https://cgi.minorplanetcenter.net/cgi-bin/confirmeph2.cgi
20260716T070002Z,2026-07-16T07:00:02.041370Z,20260716T070002Z_batch01,XA9yiXA,2026-07-16T13:00:00Z,19 37 56.8,294.4866666666667,-05 19 55,-5.331944444444444,163.9,20.0,1.03,325.7,Map/Offsets,https://cgi.minorplanetcenter.net/cgi-bin/confirmeph2.cgi
20260716T070002Z,2026-07-16T07:00:02.041370Z,20260716T070002Z_batch01,XA9yiXA,2026-07-16T14:00:00Z,19 37 54.4,294.4766666666667,-05 19 04,-5.317777777777778,163.9,20.0,1.03,325.7,Map/Offsets,https://cgi.minorplanetcenter.net/cgi-bin/confirmeph2.cgi
20260716T070002Z,2026-07-16T07:00:02.041370Z,20260716T070002Z_batch01,XA9yiXA,2026-07-16T15:00:00Z,19 37 52.1,294.46708333333333,-05 18 13,-5.303611111111111,163.9,20.0,1.03,325.7,Map/Offsets,https://cgi.minorplanetcenter.net/cgi-bin/confirmeph2.cgi
20260716T070002Z,2026-07-16T07:00:02.041370Z,20260716T070002Z_batch01,XA9yiXA,2026-07-16T16:00:00Z,19 37 49.8,294.45750000000004,-05 17 22,-5.289444444444444,163.9,20.0,1.03,325.7,Map/Offsets,https://cgi.minorplanetcenter.net/cgi-bin/confirmeph2.cgi
20260716T070002Z,2026-07-16T07:00:02.041370Z,20260716T070002Z_batch01,XA9yiXA,2026-07-16T17:00:00Z,19 37 47.5,294.4479166666667,-05 16 31,-5.275277777777777,163.9,20.0,1.03,325.7,Map/Offsets,https://cgi.minorplanetcenter.net/cgi-bin/confirmeph2.cgi
20260716T070002Z,2026-07-16T07:00:02.041370Z,20260716T070002Z_batch01,XA9yiXA,2026-07-16T18:00:00Z,19 37 45.2,294.43833333333333,-05 15 40,-5.261111111111111,163.9,20.0,1.03,325.7,Map/Offsets,https://cgi.minorplanetcenter.net/cgi-bin/confirmeph2.cgi
20260716T070002Z,2026-07-16T07:00:02.041370Z,20260716T070002Z_batch01,XA9yiXA,2026-07-16T19:00:00Z,19 37 42.8,294.42833333333334,-05 14 50,-5.247222222222223,163.9,20.0,1.02,325.6,Map/Offsets,https://cgi.minorplanetcenter.net/cgi-bin/confirmeph2.cgi
20260716T070002Z,2026-07-16T07:00:02.041370Z,20260716T070002Z_batch01,XA9yiXA,2026-07-16T20:00:00Z,19 37 40.5,294.41875,-05 13 59,-5.233055555555556,163.9,20.0,1.02,325.6,Map/Offsets,https://cgi.minorplanetcenter.net/cgi-bin/confirmeph2.cgi
20260716T070002Z,2026-07-16T07:00:02.041370Z,20260716T070002Z_batch01,XA9yiXA,2026-07-16T21:00:00Z,19 37 38.2,294.4091666666667,-05 13 08,-5.218888888888889,163.8,20.0,1.02,325.6,Map/Offsets,https://cgi.minorplanetcenter.net/cgi-bin/confirmeph2.cgi
20260716T070002Z,2026-07-16T07:00:02.041370Z,20260716T070002Z_batch01,XA9yiXA,2026-07-16T22:00:00Z,19 37 35.9,294.39958333333334,-05 12 17,-5.204722222222222,163.8,20.0,1.02,325.6,Map/Offsets,https://cgi.minorplanetcenter.net/cgi-bin/confirmeph2.cgi
20260716T070002Z,2026-07-16T07:00:02.041370Z,20260716T070002Z_batch01,XA9yiXA,2026-07-16T23:00:00Z,19 37 33.5,294.38958333333335,-05 11 27,-5.190833333333334,163.8,20.0,1.02,325.6,Map/Offsets,https://cgi.minorplanetcenter.net/cgi-bin/confirmeph2.cgi
20260716T070002Z,2026-07-16T07:00:02.041370Z,20260716T070002Z_batch01,XA9yiXA,2026-07-17T00:00:00Z,19 37 31.2,294.38,-05 10 36,-5.176666666666667,163.8,20.0,1.02,325.6,Map/Offsets,https://cgi.minorplanetcenter.net/cgi-bin/confirmeph2.cgi
20260716T070002Z,2026-07-16T07:00:02.041370Z,20260716T070002Z_batch01,XA9yiXA,2026-07-17T01:00:00Z,19 37 28.9,294.37041666666664,-05 09 46,-5.162777777777778,163.8,20.0,1.02,325.6,Map/Offsets,https://cgi.minorplanetcenter.net/cgi-bin/confirmeph2.cgi
20260716T070002Z,2026-07-16T07:00:02.041370Z,20260716T070002Z_batch01,XA9yiXA,2026-07-17T02:00:00Z,19 37 26.6,294.36083333333335,-05 08 55,-5.148611111111111,163.8,20.0,1.02,325.5,Map/Offsets,https://cgi.minorplanetcenter.net/cgi-bin/confirmeph2.cgi
20260716T070002Z,2026-07-16T07:00:02.041370Z,20260716T070002Z_batch01,XA9yiXA,2026-07-17T03:00:00Z,19 37 24.3,294.35125,-05 08 04,-5.134444444444445,163.8,20.0,1.02,325.5,Map/Offsets,https://cgi.minorplanetcenter.net/cgi-bin/confirmeph2.cgi
20260716T070002Z,2026-07-16T07:00:02.041370Z,20260716T070002Z_batch01,XA9yiXA,2026-07-17T04:00:00Z,19 37 21.9,294.34125,-05 07 14,-5.120555555555555,163.8,20.0,1.02,325.5,Map/Offsets,https://cgi.minorplanetcenter.net/cgi-bin/confirmeph2.cgi
20260716T070002Z,2026-07-16T07:00:02.041370Z,20260716T070002Z_batch01,XA9yiXA,2026-07-17T05:00:00Z,19 37 19.6,294.33166666666665,-05 06 23,-5.106388888888889,163.8,20.0,1.02,325.5,Map/Offsets,https://cgi.minorplanetcenter.net/cgi-bin/confirmeph2.cgi
20260716T070002Z,2026-07-16T07:00:02.041370Z,20260716T070002Z_batch01,XA9yiXA,2026-07-17T06:00:00Z,19 37 17.3,294.32208333333335,-05 05 33,-5.092499999999999,163.7,20.0,1.02,325.5,Map/Offsets,https://cgi.minorplanetcenter.net/cgi-bin/confirmeph2.cgi
20260716T070002Z,2026-07-16T07:00:02.041370Z,20260716T070002Z_batch01,P12onNt,2026-07-16T06:00:00Z,19 58 00.3,299.50124999999997,-30 58 35,-30.976388888888888,169.7,20.0,8.9,11.6,Map/Offsets,https://cgi.minorplanetcenter.net/cgi-bin/confirmeph2.cgi
20260716T070002Z,2026-07-16T07:00:02.041370Z,20260716T070002Z_batch01,P12onNt,2026-07-16T07:00:00Z,19 58 08.6,299.5358333333333,-30 49 54,-30.831666666666667,169.8,20.0,8.82,11.6,Map/Offsets,https://cgi.minorplanetcenter.net/cgi-bin/confirmeph2.cgi
20260716T070002Z,2026-07-16T07:00:02.041370Z,20260716T070002Z_batch01,P12onNt,2026-07-16T08:00:00Z,19 58 16.9,299.57041666666663,-30 41 18,-30.688333333333333,170.0,20.0,8.75,11.6,Map/Offsets,https://cgi.minorplanetcenter.net/cgi-bin/confirmeph2.cgi
20260716T070002Z,2026-07-16T07:00:02.041370Z,20260716T070002Z_batch01,P12onNt,2026-07-16T09:00:00Z,19 58 25.0,299.60416666666663,-30 32 46,-30.546111111111113,170.1,20.1,8.67,11.6,Map/Offsets,https://cgi.minorplanetcenter.net/cgi-bin/confirmeph2.cgi
20260716T070002Z,2026-07-16T07:00:02.041370Z,20260716T070002Z_batch01,P12onNt,2026-07-16T10:00:00Z,19 58 33.0,299.63749999999993,-30 24 18,-30.404999999999998,170.2,20.1,8.6,11.5,Map/Offsets,https://cgi.minorplanetcenter.net/cgi-bin/confirmeph2.cgi
20260716T070002Z,2026-07-16T07:00:02.041370Z,20260716T070002Z_batch01,P12onNt,2026-07-16T11:00:00Z,19 58 40.9,299.67041666666665,-30 15 55,-30.26527777777778,170.3,20.1,8.53,11.5,Map/Offsets,https://cgi.minorplanetcenter.net/cgi-bin/confirmeph2.cgi
20260716T070002Z,2026-07-16T07:00:02.041370Z,20260716T070002Z_batch01,P12onNt,2026-07-16T12:00:00Z,19 58 48.8,299.7033333333333,-30 07 36,-30.12666666666667,170.5,20.1,8.46,11.5,Map/Offsets,https://cgi.minorplanetcenter.net/cgi-bin/confirmeph2.cgi
20260716T070002Z,2026-07-16T07:00:02.041370Z,20260716T070002Z_batch01,P12onNt,2026-07-16T13:00:00Z,19 58 56.6,299.73583333333335,-29 59 21,-29.989166666666666,170.6,20.1,8.39,11.5,Map/Offsets,https://cgi.minorplanetcenter.net/cgi-bin/confirmeph2.cgi
20260716T070002Z,2026-07-16T07:00:02.041370Z,20260716T070002Z_batch01,P12onNt,2026-07-16T14:00:00Z,19 59 04.2,299.7675,-29 51 10,-29.852777777777778,170.7,20.1,8.32,11.5,Map/Offsets,https://cgi.minorplanetcenter.net/cgi-bin/confirmeph2.cgi
20260716T070002Z,2026-07-16T07:00:02.041370Z,20260716T070002Z_batch01,P12onNt,2026-07-16T15:00:00Z,19 59 11.8,299.7991666666667,-29 43 03,-29.717499999999998,170.8,20.1,8.25,11.5,Map/Offsets,https://cgi.minorplanetcenter.net/cgi-bin/confirmeph2.cgi
20260716T070002Z,2026-07-16T07:00:02.041370Z,20260716T070002Z_batch01,P12onNt,2026-07-16T16:00:00Z,19 59 19.3,299.8304166666667,-29 35 00,-29.583333333333332,170.9,20.1,8.18,11.4,Map/Offsets,https://cgi.minorplanetcenter.net/cgi-bin/confirmeph2.cgi
20260716T070002Z,2026-07-16T07:00:02.041370Z,20260716T070002Z_batch01,P12onNt,2026-07-16T17:00:00Z,19 59 26.7,299.86125000000004,-29 27 01,-29.450277777777778,171.1,20.1,8.11,11.4,Map/Offsets,https://cgi.minorplanetcenter.net/cgi-bin/confirmeph2.cgi
20260716T070002Z,2026-07-16T07:00:02.041370Z,20260716T070002Z_batch01,P12onNt,2026-07-16T18:00:00Z,19 59 34.0,299.89166666666665,-29 19 06,-29.31833333333333,171.2,20.1,8.04,11.4,Map/Offsets,https://cgi.minorplanetcenter.net/cgi-bin/confirmeph2.cgi
20260716T070002Z,2026-07-16T07:00:02.041370Z,20260716T070002Z_batch01,P12onNt,2026-07-16T19:00:00Z,19 59 41.3,299.9220833333333,-29 11 15,-29.1875,171.3,20.1,7.98,11.4,Map/Offsets,https://cgi.minorplanetcenter.net/cgi-bin/confirmeph2.cgi
20260716T070002Z,2026-07-16T07:00:02.041370Z,20260716T070002Z_batch01,P12onNt,2026-07-16T20:00:00Z,19 59 48.5,299.95208333333335,-29 03 27,-29.0575,171.4,20.1,7.91,11.4,Map/Offsets,https://cgi.minorplanetcenter.net/cgi-bin/confirmeph2.cgi
20260716T070002Z,2026-07-16T07:00:02.041370Z,20260716T070002Z_batch01,P12onNt,2026-07-16T21:00:00Z,19 59 55.6,299.9816666666667,-28 55 44,-28.92888888888889,171.5,20.1,7.85,11.3,Map/Offsets,https://cgi.minorplanetcenter.net/cgi-bin/confirmeph2.cgi
20260716T070002Z,2026-07-16T07:00:02.041370Z,20260716T070002Z_batch01,P12onNt,2026-07-16T22:00:00Z,20 00 02.6,300.0108333333333,-28 48 04,-28.801111111111112,171.6,20.1,7.78,11.3,Map/Offsets,https://cgi.minorplanetcenter.net/cgi-bin/confirmeph2.cgi
20260716T070002Z,2026-07-16T07:00:02.041370Z,20260716T070002Z_batch01,P12onNt,2026-07-16T23:00:00Z,20 00 09.5,300.0395833333333,-28 40 28,-28.674444444444447,171.7,20.1,7.72,11.3,Map/Offsets,https://cgi.minorplanetcenter.net/cgi-bin/confirmeph2.cgi
20260716T070002Z,2026-07-16T07:00:02.041370Z,20260716T070002Z_batch01,P12onNt,2026-07-17T00:00:00Z,20 00 16.4,300.0683333333333,-28 32 56,-28.54888888888889,171.9,20.1,7.66,11.3,Map/Offsets,https://cgi.minorplanetcenter.net/cgi-bin/confirmeph2.cgi
20260716T070002Z,2026-07-16T07:00:02.041370Z,20260716T070002Z_batch01,P12onNt,2026-07-17T01:00:00Z,20 00 23.2,300.09666666666664,-28 25 28,-28.424444444444447,172.0,20.1,7.59,11.3,Map/Offsets,https://cgi.minorplanetcenter.net/cgi-bin/confirmeph2.cgi
20260716T070002Z,2026-07-16T07:00:02.041370Z,20260716T070002Z_batch01,P12onNt,2026-07-17T02:00:00Z,20 00 29.9,300.1245833333333,-28 18 03,-28.300833333333333,172.1,20.1,7.53,11.3,Map/Offsets,https://cgi.minorplanetcenter.net/cgi-bin/confirmeph2.cgi
20260716T070002Z,2026-07-16T07:00:02.041370Z,20260716T070002Z_batch01,P12onNt,2026-07-17T03:00:00Z,20 00 36.6,300.1525,-28 10 41,-28.178055555555556,172.2,20.1,7.47,11.3,Map/Offsets,https://cgi.minorplanetcenter.net/cgi-bin/confirmeph2.cgi
20260716T070002Z,2026-07-16T07:00:02.041370Z,20260716T070002Z_batch01,P12onNt,2026-07-17T04:00:00Z,20 00 43.1,300.17958333333337,-28 03 23,-28.05638888888889,172.3,20.1,7.41,11.2,Map/Offsets,https://cgi.minorplanetcenter.net/cgi-bin/confirmeph2.cgi
20260716T070002Z,2026-07-16T07:00:02.041370Z,20260716T070002Z_batch01,P12onNt,2026-07-17T05:00:00Z,20 00 49.6,300.2066666666667,-27 56 09,-27.935833333333335,172.4,20.2,7.35,11.2,Map/Offsets,https://cgi.minorplanetcenter.net/cgi-bin/confirmeph2.cgi
20260716T070002Z,2026-07-16T07:00:02.041370Z,20260716T070002Z_batch01,P12onNt,2026-07-17T06:00:00Z,20 00 56.1,300.23375,-27 48 58,-27.816111111111113,172.5,20.2,7.29,11.2,Map/Offsets,https://cgi.minorplanetcenter.net/cgi-bin/confirmeph2.cgi
20260716T070002Z,2026-07-16T07:00:02.041370Z,20260716T070002Z_batch01,P12omkz,2026-07-16T06:00:00Z,20 33 45.3,308.43874999999997,-34 34 49,-34.58027777777778,162.4,21.3,2.36,109.5,Map/Offsets,https://cgi.minorplanetcenter.net/cgi-bin/confirmeph2.cgi
20260716T070002Z,2026-07-16T07:00:02.041370Z,20260716T070002Z_batch01,P12omkz,2026-07-16T07:00:00Z,20 33 56.1,308.48375,-34 35 36,-34.593333333333334,162.4,21.3,2.36,109.4,Map/Offsets,https://cgi.minorplanetcenter.net/cgi-bin/confirmeph2.cgi
20260716T070002Z,2026-07-16T07:00:02.041370Z,20260716T070002Z_batch01,P12omkz,2026-07-16T08:00:00Z,20 34 07.0,308.52916666666664,-34 36 24,-34.60666666666667,162.4,21.3,2.36,109.4,Map/Offsets,https://cgi.minorplanetcenter.net/cgi-bin/confirmeph2.cgi
20260716T070002Z,2026-07-16T07:00:02.041370Z,20260716T070002Z_batch01,P12omkz,2026-07-16T09:00:00Z,20 34 17.8,308.57416666666666,-34 37 11,-34.61972222222222,162.4,21.3,2.36,109.4,Map/Offsets,https://cgi.minorplanetcenter.net/cgi-bin/confirmeph2.cgi
20260716T070002Z,2026-07-16T07:00:02.041370Z,20260716T070002Z_batch01,P12omkz,2026-07-16T10:00:00Z,20 34 28.6,308.6191666666667,-34 37 58,-34.632777777777775,162.4,21.3,2.37,109.3,Map/Offsets,https://cgi.minorplanetcenter.net/cgi-bin/confirmeph2.cgi
20260716T070002Z,2026-07-16T07:00:02.041370Z,20260716T070002Z_batch01,P12omkz,2026-07-16T11:00:00Z,20 34 39.5,308.6645833333333,-34 38 45,-34.645833333333336,162.4,21.3,2.37,109.3,Map/Offsets,https://cgi.minorplanetcenter.net/cgi-bin/confirmeph2.cgi
20260716T070002Z,2026-07-16T07:00:02.041370Z,20260716T070002Z_batch01,P12omkz,2026-07-16T12:00:00Z,20 34 50.4,308.71,-34 39 32,-34.65888888888889,162.3,21.3,2.37,109.3,Map/Offsets,https://cgi.minorplanetcenter.net/cgi-bin/confirmeph2.cgi
20260716T070002Z,2026-07-16T07:00:02.041370Z,20260716T070002Z_batch01,P12omkz,2026-07-16T13:00:00Z,20 35 01.2,308.755,-34 40 18,-34.67166666666667,162.3,21.3,2.37,109.2,Map/Offsets,https://cgi.minorplanetcenter.net/cgi-bin/confirmeph2.cgi
20260716T070002Z,2026-07-16T07:00:02.041370Z,20260716T070002Z_batch01,P12omkz,2026-07-16T14:00:00Z,20 35 12.1,308.80041666666665,-34 41 05,-34.68472222222222,162.3,21.3,2.37,109.2,Map/Offsets,https://cgi.minorplanetcenter.net/cgi-bin/confirmeph2.cgi
20260716T070002Z,2026-07-16T07:00:02.041370Z,20260716T070002Z_batch01,P12omkz,2026-07-16T15:00:00Z,20 35 23.0,308.8458333333333,-34 41 52,-34.69777777777777,162.3,21.3,2.37,109.1,Map/Offsets,https://cgi.minorplanetcenter.net/cgi-bin/confirmeph2.cgi
20260716T070002Z,2026-07-16T07:00:02.041370Z,20260716T070002Z_batch01,P12omkz,2026-07-16T16:00:00Z,20 35 33.9,308.89124999999996,-34 42 38,-34.71055555555556,162.3,21.3,2.37,109.1,Map/Offsets,https://cgi.minorplanetcenter.net/cgi-bin/confirmeph2.cgi
20260716T070002Z,2026-07-16T07:00:02.041370Z,20260716T070002Z_batch01,P12omkz,2026-07-16T17:00:00Z,20 35 44.8,308.93666666666667,-34 43 25,-34.72361111111111,162.3,21.3,2.37,109.1,Map/Offsets,https://cgi.minorplanetcenter.net/cgi-bin/confirmeph2.cgi
20260716T070002Z,2026-07-16T07:00:02.041370Z,20260716T070002Z_batch01,P12omkz,2026-07-16T18:00:00Z,20 35 55.7,308.9820833333333,-34 44 11,-34.73638888888889,162.2,21.3,2.37,109.0,Map/Offsets,https://cgi.minorplanetcenter.net/cgi-bin/confirmeph2.cgi
20260716T070002Z,2026-07-16T07:00:02.041370Z,20260716T070002Z_batch01,P12omkz,2026-07-16T19:00:00Z,20 36 06.7,309.02791666666667,-34 44 58,-34.74944444444444,162.2,21.3,2.37,109.0,Map/Offsets,https://cgi.minorplanetcenter.net/cgi-bin/confirmeph2.cgi
20260716T070002Z,2026-07-16T07:00:02.041370Z,20260716T070002Z_batch01,P12omkz,2026-07-16T20:00:00Z,20 36 17.6,309.0733333333334,-34 45 44,-34.76222222222222,162.2,21.3,2.37,109.0,Map/Offsets,https://cgi.minorplanetcenter.net/cgi-bin/confirmeph2.cgi
20260716T070002Z,2026-07-16T07:00:02.041370Z,20260716T070002Z_batch01,P12omkz,2026-07-16T21:00:00Z,20 36 28.5,309.11875000000003,-34 46 30,-34.775,162.2,21.3,2.38,108.9,Map/Offsets,https://cgi.minorplanetcenter.net/cgi-bin/confirmeph2.cgi
20260716T070002Z,2026-07-16T07:00:02.041370Z,20260716T070002Z_batch01,P12omkz,2026-07-16T22:00:00Z,20 36 39.5,309.1645833333333,-34 47 17,-34.78805555555555,162.2,21.3,2.38,108.9,Map/Offsets,https://cgi.minorplanetcenter.net/cgi-bin/confirmeph2.cgi
20260716T070002Z,2026-07-16T07:00:02.041370Z,20260716T070002Z_batch01,P12omkz,2026-07-16T23:00:00Z,20 36 50.4,309.21000000000004,-34 48 03,-34.80083333333333,162.2,21.3,2.38,108.8,Map/Offsets,https://cgi.minorplanetcenter.net/cgi-bin/confirmeph2.cgi
20260716T070002Z,2026-07-16T07:00:02.041370Z,20260716T070002Z_batch01,P12omkz,2026-07-17T00:00:00Z,20 37 01.4,309.2558333333333,-34 48 49,-34.81361111111111,162.1,21.3,2.38,108.8,Map/Offsets,https://cgi.minorplanetcenter.net/cgi-bin/confirmeph2.cgi
20260716T070002Z,2026-07-16T07:00:02.041370Z,20260716T070002Z_batch01,P12omkz,2026-07-17T01:00:00Z,20 37 12.4,309.3016666666667,-34 49 35,-34.82638888888889,162.1,21.3,2.38,108.8,Map/Offsets,https://cgi.minorplanetcenter.net/cgi-bin/confirmeph2.cgi
20260716T070002Z,2026-07-16T07:00:02.041370Z,20260716T070002Z_batch01,P12omkz,2026-07-17T02:00:00Z,20 37 23.4,309.34749999999997,-34 50 20,-34.83888888888889,162.1,21.3,2.38,108.7,Map/Offsets,https://cgi.minorplanetcenter.net/cgi-bin/confirmeph2.cgi
20260716T070002Z,2026-07-16T07:00:02.041370Z,20260716T070002Z_batch01,P12omkz,2026-07-17T03:00:00Z,20 37 34.3,309.3929166666667,-34 51 06,-34.85166666666667,162.1,21.3,2.38,108.7,Map/Offsets,https://cgi.minorplanetcenter.net/cgi-bin/confirmeph2.cgi
20260716T070002Z,2026-07-16T07:00:02.041370Z,20260716T070002Z_batch01,P12omkz,2026-07-17T04:00:00Z,20 37 45.3,309.43874999999997,-34 51 52,-34.864444444444445,162.1,21.3,2.38,108.6,Map/Offsets,https://cgi.minorplanetcenter.net/cgi-bin/confirmeph2.cgi
20260716T070002Z,2026-07-16T07:00:02.041370Z,20260716T070002Z_batch01,P12omkz,2026-07-17T05:00:00Z,20 37 56.3,309.4845833333334,-34 52 38,-34.87722222222222,162.1,21.3,2.38,108.6,Map/Offsets,https://cgi.minorplanetcenter.net/cgi-bin/confirmeph2.cgi
20260716T070002Z,2026-07-16T07:00:02.041370Z,20260716T070002Z_batch01,P12omkz,2026-07-17T06:00:00Z,20 38 07.4,309.5308333333333,-34 53 23,-34.88972222222222,162.0,21.3,2.38,108.6,Map/Offsets,https://cgi.minorplanetcenter.net/cgi-bin/confirmeph2.cgi
20260716T070002Z,2026-07-16T07:00:02.041370Z,20260716T070002Z_batch01,P12omkc,2026-07-16T06:00:00Z,19 38 48.4,294.70166666666665,-37 55 59,-37.933055555555555,163.5,20.9,0.48,322.9,Map/Offsets,https://cgi.minorplanetcenter.net/cgi-bin/confirmeph2.cgi
20260716T070002Z,2026-07-16T07:00:02.041370Z,20260716T070002Z_batch01,P12omkc,2026-07-16T07:00:00Z,19 38 47.0,294.6958333333333,-37 55 36,-37.92666666666666,163.5,20.9,0.48,323.0,Map/Offsets,https://cgi.minorplanetcenter.net/cgi-bin/confirmeph2.cgi
20260716T070002Z,2026-07-16T07:00:02.041370Z,20260716T070002Z_batch01,P12omkc,2026-07-16T08:00:00Z,19 38 45.5,294.68958333333336,-37 55 13,-37.92027777777778,163.5,20.9,0.48,323.0,Map/Offsets,https://cgi.minorplanetcenter.net/cgi-bin/confirmeph2.cgi
20260716T070002Z,2026-07-16T07:00:02.041370Z,20260716T070002Z_batch01,P12omkc,2026-07-16T09:00:00Z,19 38 44.0,294.6833333333333,-37 54 50,-37.913888888888884,163.5,20.9,0.48,323.1,Map/Offsets,https://cgi.minorplanetcenter.net/cgi-bin/confirmeph2.cgi
20260716T070002Z,2026-07-16T07:00:02.041370Z,20260716T070002Z_batch01,P12omkc,2026-07-16T10:00:00Z,19 38 42.6,294.67749999999995,-37 54 27,-37.9075,163.5,20.9,0.48,323.1,Map/Offsets,https://cgi.minorplanetcenter.net/cgi-bin/confirmeph2.cgi
20260716T070002Z,2026-07-16T07:00:02.041370Z,20260716T070002Z_batch01,P12omkc,2026-07-16T11:00:00Z,19 38 41.1,294.67125,-37 54 04,-37.901111111111106,163.5,20.9,0.48,323.2,Map/Offsets,https://cgi.minorplanetcenter.net/cgi-bin/confirmeph2.cgi
20260716T070002Z,2026-07-16T07:00:02.041370Z,20260716T070002Z_batch01,P12omkc,2026-07-16T12:00:00Z,19 38 39.6,294.66499999999996,-37 53 41,-37.89472222222222,163.5,20.9,0.48,323.2,Map/Offsets,https://cgi.minorplanetcenter.net/cgi-bin/confirmeph2.cgi
20260716T070002Z,2026-07-16T07:00:02.041370Z,20260716T070002Z_batch01,P12omkc,2026-07-16T13:00:00Z,19 38 38.2,294.65916666666664,-37 53 18,-37.888333333333335,163.5,20.9,0.48,323.3,Map/Offsets,https://cgi.minorplanetcenter.net/cgi-bin/confirmeph2.cgi
20260716T070002Z,2026-07-16T07:00:02.041370Z,20260716T070002Z_batch01,P12omkc,2026-07-16T14:00:00Z,19 38 36.7,294.65291666666667,-37 52 55,-37.88194444444444,163.5,20.9,0.48,323.3,Map/Offsets,https://cgi.minorplanetcenter.net/cgi-bin/confirmeph2.cgi
20260716T070002Z,2026-07-16T07:00:02.041370Z,20260716T070002Z_batch01,P12omkc,2026-07-16T15:00:00Z,19 38 35.3,294.64708333333334,-37 52 31,-37.875277777777775,163.5,20.9,0.48,323.4,Map/Offsets,https://cgi.minorplanetcenter.net/cgi-bin/confirmeph2.cgi
20260716T070002Z,2026-07-16T07:00:02.041370Z,20260716T070002Z_batch01,P12omkc,2026-07-16T16:00:00Z,19 38 33.8,294.6408333333333,-37 52 08,-37.86888888888889,163.5,20.9,0.48,323.5,Map/Offsets,https://cgi.minorplanetcenter.net/cgi-bin/confirmeph2.cgi
20260716T070002Z,2026-07-16T07:00:02.041370Z,20260716T070002Z_batch01,P12omkc,2026-07-16T17:00:00Z,19 38 32.3,294.63458333333335,-37 51 45,-37.862500000000004,163.4,20.9,0.48,323.5,Map/Offsets,https://cgi.minorplanetcenter.net/cgi-bin/confirmeph2.cgi
20260716T070002Z,2026-07-16T07:00:02.041370Z,20260716T070002Z_batch01,P12omkc,2026-07-16T18:00:00Z,19 38 30.9,294.62875,-37 51 21,-37.85583333333334,163.4,20.9,0.48,323.6,Map/Offsets,https://cgi.minorplanetcenter.net/cgi-bin/confirmeph2.cgi
20260716T070002Z,2026-07-16T07:00:02.041370Z,20260716T070002Z_batch01,P12omkc,2026-07-16T19:00:00Z,19 38 29.4,294.6225,-37 50 58,-37.849444444444444,163.4,20.9,0.48,323.6,Map/Offsets,https://cgi.minorplanetcenter.net/cgi-bin/confirmeph2.cgi
20260716T070002Z,2026-07-16T07:00:02.041370Z,20260716T070002Z_batch01,P12omkc,2026-07-16T20:00:00Z,19 38 28.0,294.6166666666667,-37 50 35,-37.84305555555556,163.4,20.9,0.48,323.7,Map/Offsets,https://cgi.minorplanetcenter.net/cgi-bin/confirmeph2.cgi
20260716T070002Z,2026-07-16T07:00:02.041370Z,20260716T070002Z_batch01,P12omkc,2026-07-16T21:00:00Z,19 38 26.5,294.6104166666667,-37 50 11,-37.83638888888889,163.4,20.9,0.48,323.7,Map/Offsets,https://cgi.minorplanetcenter.net/cgi-bin/confirmeph2.cgi
20260716T070002Z,2026-07-16T07:00:02.041370Z,20260716T070002Z_batch01,P12omkc,2026-07-16T22:00:00Z,19 38 25.1,294.6045833333334,-37 49 48,-37.830000000000005,163.4,20.9,0.48,323.8,Map/Offsets,https://cgi.minorplanetcenter.net/cgi-bin/confirmeph2.cgi
20260716T070002Z,2026-07-16T07:00:02.041370Z,20260716T070002Z_batch01,P12omkc,2026-07-16T23:00:00Z,19 38 23.6,294.5983333333333,-37 49 24,-37.82333333333334,163.4,20.9,0.48,323.8,Map/Offsets,https://cgi.minorplanetcenter.net/cgi-bin/confirmeph2.cgi
20260716T070002Z,2026-07-16T07:00:02.041370Z,20260716T070002Z_batch01,P12omkc,2026-07-17T00:00:00Z,19 38 22.2,294.5925,-37 49 01,-37.816944444444445,163.4,20.9,0.48,323.9,Map/Offsets,https://cgi.minorplanetcenter.net/cgi-bin/confirmeph2.cgi
20260716T070002Z,2026-07-16T07:00:02.041370Z,20260716T070002Z_batch01,P12omkc,2026-07-17T01:00:00Z,19 38 20.7,294.58624999999995,-37 48 37,-37.81027777777778,163.4,20.9,0.49,323.9,Map/Offsets,https://cgi.minorplanetcenter.net/cgi-bin/confirmeph2.cgi
20260716T070002Z,2026-07-16T07:00:02.041370Z,20260716T070002Z_batch01,P12omkc,2026-07-17T02:00:00Z,19 38 19.3,294.5804166666666,-37 48 14,-37.803888888888885,163.4,20.9,0.49,324.0,Map/Offsets,https://cgi.minorplanetcenter.net/cgi-bin/confirmeph2.cgi
20260716T070002Z,2026-07-16T07:00:02.041370Z,20260716T070002Z_batch01,P12omkc,2026-07-17T03:00:00Z,19 38 17.9,294.5745833333333,-37 47 50,-37.79722222222222,163.4,20.9,0.49,324.0,Map/Offsets,https://cgi.minorplanetcenter.net/cgi-bin/confirmeph2.cgi
20260716T070002Z,2026-07-16T07:00:02.041370Z,20260716T070002Z_batch01,P12omkc,2026-07-17T04:00:00Z,19 38 16.4,294.5683333333333,-37 47 27,-37.79083333333333,163.4,20.9,0.49,324.1,Map/Offsets,https://cgi.minorplanetcenter.net/cgi-bin/confirmeph2.cgi
20260716T070002Z,2026-07-16T07:00:02.041370Z,20260716T070002Z_batch01,P12omkc,2026-07-17T05:00:00Z,19 38 15.0,294.5625,-37 47 03,-37.784166666666664,163.4,20.9,0.49,324.2,Map/Offsets,https://cgi.minorplanetcenter.net/cgi-bin/confirmeph2.cgi
20260716T070002Z,2026-07-16T07:00:02.041370Z,20260716T070002Z_batch01,P12omkc,2026-07-17T06:00:00Z,19 38 13.5,294.55625,-37 46 39,-37.777499999999996,163.4,20.9,0.49,324.2,Map/Offsets,https://cgi.minorplanetcenter.net/cgi-bin/confirmeph2.cgi
20260716T070002Z,2026-07-16T07:00:02.041370Z,20260716T070002Z_batch01,P12o4vO,2026-07-16T06:00:00Z,09 53 16.8,148.32,-10 07 09,-10.119166666666667,45.3,26.7,1.33,76.1,Map/Offsets,https://cgi.minorplanetcenter.net/cgi-bin/confirmeph2.cgi
20260716T070002Z,2026-07-16T07:00:02.041370Z,20260716T070002Z_batch01,P12o4vO,2026-07-16T07:00:00Z,09 53 22.0,148.34166666666664,-10 06 50,-10.113888888888889,45.3,26.8,1.3,76.0,Map/Offsets,https://cgi.minorplanetcenter.net/cgi-bin/confirmeph2.cgi
20260716T070002Z,2026-07-16T07:00:02.041370Z,20260716T070002Z_batch01,P12o4vO,2026-07-16T08:00:00Z,09 53 27.0,148.3625,-10 06 31,-10.108611111111111,45.2,26.8,1.27,75.9,Map/Offsets,https://cgi.minorplanetcenter.net/cgi-bin/confirmeph2.cgi
20260716T070002Z,2026-07-16T07:00:02.041370Z,20260716T070002Z_batch01,P12o4vO,2026-07-16T09:00:00Z,09 53 32.0,148.38333333333333,-10 06 13,-10.10361111111111,45.2,26.8,1.24,75.8,Map/Offsets,https://cgi.minorplanetcenter.net/cgi-bin/confirmeph2.cgi
20260716T070002Z,2026-07-16T07:00:02.041370Z,20260716T070002Z_batch01,P12o4vO,2026-07-16T10:00:00Z,09 53 36.8,148.4033333333333,-10 05 55,-10.098611111111111,45.2,26.8,1.21,75.7,Map/Offsets,https://cgi.minorplanetcenter.net/cgi-bin/confirmeph2.cgi
20260716T070002Z,2026-07-16T07:00:02.041370Z,20260716T070002Z_batch01,P12o4vO,2026-07-16T11:00:00Z,09 53 41.5,148.42291666666665,-10 05 37,-10.093611111111112,45.2,26.8,1.18,75.5,Map/Offsets,https://cgi.minorplanetcenter.net/cgi-bin/confirmeph2.cgi
20260716T070002Z,2026-07-16T07:00:02.041370Z,20260716T070002Z_batch01,P12o4vO,2026-07-16T12:00:00Z,09 53 46.1,148.44208333333333,-10 05 20,-10.08888888888889,45.1,26.9,1.16,75.4,Map/Offsets,https://cgi.minorplanetcenter.net/cgi-bin/confirmeph2.cgi
20260716T070002Z,2026-07-16T07:00:02.041370Z,20260716T070002Z_batch01,P12o4vO,2026-07-16T13:00:00Z,09 53 50.6,148.46083333333334,-10 05 02,-10.08388888888889,45.1,26.9,1.13,75.3,Map/Offsets,https://cgi.minorplanetcenter.net/cgi-bin/confirmeph2.cgi
20260716T070002Z,2026-07-16T07:00:02.041370Z,20260716T070002Z_batch01,P12o4vO,2026-07-16T14:00:00Z,09 53 55.0,148.47916666666666,-10 04 45,-10.079166666666666,45.1,26.9,1.11,75.2,Map/Offsets,https://cgi.minorplanetcenter.net/cgi-bin/confirmeph2.cgi
20260716T070002Z,2026-07-16T07:00:02.041370Z,20260716T070002Z_batch01,P12o4vO,2026-07-16T15:00:00Z,09 53 59.3,148.49708333333334,-10 04 28,-10.074444444444444,45.1,26.9,1.08,75.1,Map/Offsets,https://cgi.minorplanetcenter.net/cgi-bin/confirmeph2.cgi
20260716T070002Z,2026-07-16T07:00:02.041370Z,20260716T070002Z_batch01,P12o4vO,2026-07-16T16:00:00Z,09 54 03.5,148.51458333333335,-10 04 12,-10.07,45.0,26.9,1.06,74.9,Map/Offsets,https://cgi.minorplanetcenter.net/cgi-bin/confirmeph2.cgi
20260716T070002Z,2026-07-16T07:00:02.041370Z,20260716T070002Z_batch01,P12o4vO,2026-07-16T17:00:00Z,09 54 07.6,148.53166666666667,-10 03 55,-10.065277777777778,45.0,26.9,1.04,74.8,Map/Offsets,https://cgi.minorplanetcenter.net/cgi-bin/confirmeph2.cgi
20260716T070002Z,2026-07-16T07:00:02.041370Z,20260716T070002Z_batch01,P12o4vO,2026-07-16T18:00:00Z,09 54 11.6,148.54833333333335,-10 03 39,-10.060833333333335,45.0,27.0,1.01,74.6,Map/Offsets,https://cgi.minorplanetcenter.net/cgi-bin/confirmeph2.cgi
20260716T070002Z,2026-07-16T07:00:02.041370Z,20260716T070002Z_batch01,P12o4vO,2026-07-16T19:00:00Z,09 54 15.5,148.56458333333333,-10 03 23,-10.05638888888889,45.0,27.0,0.99,74.5,Map/Offsets,https://cgi.minorplanetcenter.net/cgi-bin/confirmeph2.cgi
20260716T070002Z,2026-07-16T07:00:02.041370Z,20260716T070002Z_batch01,P12o4vO,2026-07-16T20:00:00Z,09 54 19.4,148.58083333333335,-10 03 07,-10.051944444444445,44.9,27.0,0.97,74.4,Map/Offsets,https://cgi.minorplanetcenter.net/cgi-bin/confirmeph2.cgi
20260716T070002Z,2026-07-16T07:00:02.041370Z,20260716T070002Z_batch01,P12o4vO,2026-07-16T21:00:00Z,09 54 23.1,148.59625,-10 02 52,-10.047777777777778,44.9,27.0,0.95,74.2,Map/Offsets,https://cgi.minorplanetcenter.net/cgi-bin/confirmeph2.cgi
20260716T070002Z,2026-07-16T07:00:02.041370Z,20260716T070002Z_batch01,P12o4vO,2026-07-16T22:00:00Z,09 54 26.8,148.61166666666668,-10 02 36,-10.043333333333333,44.9,27.0,0.93,74.1,Map/Offsets,https://cgi.minorplanetcenter.net/cgi-bin/confirmeph2.cgi
20260716T070002Z,2026-07-16T07:00:02.041370Z,20260716T070002Z_batch01,P12o4vO,2026-07-16T23:00:00Z,09 54 30.4,148.62666666666667,-10 02 21,-10.039166666666667,44.9,27.0,0.91,73.9,Map/Offsets,https://cgi.minorplanetcenter.net/cgi-bin/confirmeph2.cgi
20260716T070002Z,2026-07-16T07:00:02.041370Z,20260716T070002Z_batch01,P12o4vO,2026-07-17T00:00:00Z,09 54 33.9,148.64125,-10 02 06,-10.035,44.8,27.1,0.89,73.7,Map/Offsets,https://cgi.minorplanetcenter.net/cgi-bin/confirmeph2.cgi
20260716T070002Z,2026-07-16T07:00:02.041370Z,20260716T070002Z_batch01,P12o4vO,2026-07-17T01:00:00Z,09 54 37.4,148.65583333333333,-10 01 51,-10.030833333333334,44.8,27.1,0.88,73.6,Map/Offsets,https://cgi.minorplanetcenter.net/cgi-bin/confirmeph2.cgi
20260716T070002Z,2026-07-16T07:00:02.041370Z,20260716T070002Z_batch01,P12o4vO,2026-07-17T02:00:00Z,09 54 40.8,148.67,-10 01 36,-10.026666666666667,44.8,27.1,0.86,73.4,Map/Offsets,https://cgi.minorplanetcenter.net/cgi-bin/confirmeph2.cgi
20260716T070002Z,2026-07-16T07:00:02.041370Z,20260716T070002Z_batch01,P12o4vO,2026-07-17T03:00:00Z,09 54 44.1,148.68375,-10 01 21,-10.0225,44.7,27.1,0.84,73.2,Map/Offsets,https://cgi.minorplanetcenter.net/cgi-bin/confirmeph2.cgi
20260716T070002Z,2026-07-16T07:00:02.041370Z,20260716T070002Z_batch01,P12o4vO,2026-07-17T04:00:00Z,09 54 47.3,148.69708333333335,-10 01 07,-10.018611111111111,44.7,27.1,0.83,73.1,Map/Offsets,https://cgi.minorplanetcenter.net/cgi-bin/confirmeph2.cgi
20260716T070002Z,2026-07-16T07:00:02.041370Z,20260716T070002Z_batch01,P12o4vO,2026-07-17T05:00:00Z,09 54 50.5,148.71041666666667,-10 00 53,-10.014722222222222,44.7,27.1,0.81,72.9,Map/Offsets,https://cgi.minorplanetcenter.net/cgi-bin/confirmeph2.cgi
20260716T070002Z,2026-07-16T07:00:02.041370Z,20260716T070002Z_batch01,P12o4vO,2026-07-17T06:00:00Z,09 54 53.6,148.72333333333333,-10 00 38,-10.010555555555555,44.7,27.2,0.79,72.7,Map/Offsets,https://cgi.minorplanetcenter.net/cgi-bin/confirmeph2.cgi
20260716T070002Z,2026-07-16T07:00:02.041370Z,20260716T070002Z_batch01,ZTF10El,2026-07-16T06:00:00Z,00 47 40.3,11.917916666666667,-03 06 13,-3.1036111111111113,103.5,23.2,2.55,90.0,Map/Offsets   !,https://cgi.minorplanetcenter.net/cgi-bin/confirmeph2.cgi
20260716T070002Z,2026-07-16T07:00:02.041370Z,20260716T070002Z_batch01,ZTF10El,2026-07-16T07:00:00Z,00 47 50.4,11.96,-03 06 13,-3.1036111111111113,103.5,23.2,2.5,90.0,Map/Offsets   !,https://cgi.minorplanetcenter.net/cgi-bin/confirmeph2.cgi
20260716T070002Z,2026-07-16T07:00:02.041370Z,20260716T070002Z_batch01,ZTF10El,2026-07-16T08:00:00Z,00 48 00.4,12.001666666666667,-03 06 13,-3.1036111111111113,103.5,23.2,2.46,90.0,Map/Offsets   !,https://cgi.minorplanetcenter.net/cgi-bin/confirmeph2.cgi
20260716T070002Z,2026-07-16T07:00:02.041370Z,20260716T070002Z_batch01,ZTF10El,2026-07-16T09:00:00Z,00 48 10.2,12.0425,-03 06 13,-3.1036111111111113,103.5,23.2,2.42,90.0,Map/Offsets   !,https://cgi.minorplanetcenter.net/cgi-bin/confirmeph2.cgi
20260716T070002Z,2026-07-16T07:00:02.041370Z,20260716T070002Z_batch01,ZTF10El,2026-07-16T10:00:00Z,00 48 19.8,12.0825,-03 06 13,-3.1036111111111113,103.5,23.2,2.38,90.0,Map/Offsets   !,https://cgi.minorplanetcenter.net/cgi-bin/confirmeph2.cgi
20260716T070002Z,2026-07-16T07:00:02.041370Z,20260716T070002Z_batch01,ZTF10El,2026-07-16T11:00:00Z,00 48 29.2,12.121666666666666,-03 06 13,-3.1036111111111113,103.5,23.3,2.34,90.0,Map/Offsets   !,https://cgi.minorplanetcenter.net/cgi-bin/confirmeph2.cgi
20260716T070002Z,2026-07-16T07:00:02.041370Z,20260716T070002Z_batch01,ZTF10El,2026-07-16T12:00:00Z,00 48 38.6,12.160833333333333,-03 06 13,-3.1036111111111113,103.5,23.3,2.31,90.0,Map/Offsets   !,https://cgi.minorplanetcenter.net/cgi-bin/confirmeph2.cgi
20260716T070002Z,2026-07-16T07:00:02.041370Z,20260716T070002Z_batch01,ZTF10El,2026-07-16T13:00:00Z,00 48 47.7,12.19875,-03 06 13,-3.1036111111111113,103.5,23.3,2.27,90.0,Map/Offsets   !,https://cgi.minorplanetcenter.net/cgi-bin/confirmeph2.cgi
20260716T070002Z,2026-07-16T07:00:02.041370Z,20260716T070002Z_batch01,ZTF10El,2026-07-16T14:00:00Z,00 48 56.7,12.236250000000002,-03 06 14,-3.103888888888889,103.5,23.3,2.23,90.1,Map/Offsets   !,https://cgi.minorplanetcenter.net/cgi-bin/confirmeph2.cgi
20260716T070002Z,2026-07-16T07:00:02.041370Z,20260716T070002Z_batch01,ZTF10El,2026-07-16T15:00:00Z,00 49 05.6,12.273333333333333,-03 06 14,-3.103888888888889,103.5,23.3,2.2,90.1,Map/Offsets   !,https://cgi.minorplanetcenter.net/cgi-bin/confirmeph2.cgi
20260716T070002Z,2026-07-16T07:00:02.041370Z,20260716T070002Z_batch01,ZTF10El,2026-07-16T16:00:00Z,00 49 14.4,12.31,-03 06 14,-3.103888888888889,103.5,23.3,2.16,90.1,Map/Offsets   !,https://cgi.minorplanetcenter.net/cgi-bin/confirmeph2.cgi
20260716T070002Z,2026-07-16T07:00:02.041370Z,20260716T070002Z_batch01,ZTF10El,2026-07-16T17:00:00Z,00 49 23.0,12.345833333333333,-03 06 14,-3.103888888888889,103.6,23.4,2.13,90.1,Map/Offsets   !,https://cgi.minorplanetcenter.net/cgi-bin/confirmeph2.cgi
20260716T070002Z,2026-07-16T07:00:02.041370Z,20260716T070002Z_batch01,ZTF10El,2026-07-16T18:00:00Z,00 49 31.4,12.380833333333333,-03 06 14,-3.103888888888889,103.6,23.4,2.1,90.1,Map/Offsets   !,https://cgi.minorplanetcenter.net/cgi-bin/confirmeph2.cgi
20260716T070002Z,2026-07-16T07:00:02.041370Z,20260716T070002Z_batch01,ZTF10El,2026-07-16T19:00:00Z,00 49 39.8,12.415833333333333,-03 06 15,-3.104166666666667,103.6,23.4,2.07,90.1,Map/Offsets   !,https://cgi.minorplanetcenter.net/cgi-bin/confirmeph2.cgi
20260716T070002Z,2026-07-16T07:00:02.041370Z,20260716T070002Z_batch01,ZTF10El,2026-07-16T20:00:00Z,00 49 48.0,12.45,-03 06 15,-3.104166666666667,103.6,23.4,2.03,90.1,Map/Offsets   !,https://cgi.minorplanetcenter.net/cgi-bin/confirmeph2.cgi
20260716T070002Z,2026-07-16T07:00:02.041370Z,20260716T070002Z_batch01,ZTF10El,2026-07-16T21:00:00Z,00 49 56.1,12.483749999999999,-03 06 15,-3.104166666666667,103.6,23.4,2.0,90.1,Map/Offsets   !,https://cgi.minorplanetcenter.net/cgi-bin/confirmeph2.cgi
20260716T070002Z,2026-07-16T07:00:02.041370Z,20260716T070002Z_batch01,ZTF10El,2026-07-16T22:00:00Z,00 50 04.0,12.516666666666666,-03 06 15,-3.104166666666667,103.6,23.4,1.97,90.2,Map/Offsets   !,https://cgi.minorplanetcenter.net/cgi-bin/confirmeph2.cgi
20260716T070002Z,2026-07-16T07:00:02.041370Z,20260716T070002Z_batch01,ZTF10El,2026-07-16T23:00:00Z,00 50 11.9,12.549583333333334,-03 06 16,-3.1044444444444443,103.6,23.4,1.94,90.2,Map/Offsets   !,https://cgi.minorplanetcenter.net/cgi-bin/confirmeph2.cgi
20260716T070002Z,2026-07-16T07:00:02.041370Z,20260716T070002Z_batch01,ZTF10El,2026-07-17T00:00:00Z,00 50 19.6,12.581666666666667,-03 06 16,-3.1044444444444443,103.6,23.5,1.91,90.2,Map/Offsets   !,https://cgi.minorplanetcenter.net/cgi-bin/confirmeph2.cgi
20260716T070002Z,2026-07-16T07:00:02.041370Z,20260716T070002Z_batch01,ZTF10El,2026-07-17T01:00:00Z,00 50 27.2,12.613333333333333,-03 06 17,-3.104722222222222,103.6,23.5,1.89,90.2,Map/Offsets   !,https://cgi.minorplanetcenter.net/cgi-bin/confirmeph2.cgi
20260716T070002Z,2026-07-16T07:00:02.041370Z,20260716T070002Z_batch01,ZTF10El,2026-07-17T02:00:00Z,00 50 34.7,12.644583333333333,-03 06 17,-3.104722222222222,103.6,23.5,1.86,90.2,Map/Offsets   !,https://cgi.minorplanetcenter.net/cgi-bin/confirmeph2.cgi
20260716T070002Z,2026-07-16T07:00:02.041370Z,20260716T070002Z_batch01,ZTF10El,2026-07-17T03:00:00Z,00 50 42.1,12.675416666666667,-03 06 17,-3.104722222222222,103.6,23.5,1.83,90.2,Map/Offsets   !,https://cgi.minorplanetcenter.net/cgi-bin/confirmeph2.cgi
20260716T070002Z,2026-07-16T07:00:02.041370Z,20260716T070002Z_batch01,ZTF10El,2026-07-17T04:00:00Z,00 50 49.4,12.705833333333333,-03 06 18,-3.105,103.7,23.5,1.8,90.2,Map/Offsets   !,https://cgi.minorplanetcenter.net/cgi-bin/confirmeph2.cgi
20260716T070002Z,2026-07-16T07:00:02.041370Z,20260716T070002Z_batch01,ZTF10El,2026-07-17T05:00:00Z,00 50 56.6,12.735833333333334,-03 06 18,-3.105,103.7,23.5,1.78,90.2,Map/Offsets   !,https://cgi.minorplanetcenter.net/cgi-bin/confirmeph2.cgi
20260716T070002Z,2026-07-16T07:00:02.041370Z,20260716T070002Z_batch01,ZTF10El,2026-07-17T06:00:00Z,00 51 03.6,12.765,-03 06 19,-3.105277777777778,103.7,23.5,1.75,90.3,Map/Offsets   !,https://cgi.minorplanetcenter.net/cgi-bin/confirmeph2.cgi
20260716T070002Z,2026-07-16T07:00:02.041370Z,20260716T070002Z_batch01,ZTF10En,2026-07-16T06:00:00Z,09 55 14.6,148.81083333333333,-25 59 12,-25.986666666666668,57.5,29.1,0.12,313.6,Map/Offsets,https://cgi.minorplanetcenter.net/cgi-bin/confirmeph2.cgi
20260716T070002Z,2026-07-16T07:00:02.041370Z,20260716T070002Z_batch01,ZTF10En,2026-07-16T07:00:00Z,09 55 14.2,148.80916666666667,-25 59 07,-25.985277777777778,57.5,29.1,0.12,313.8,Map/Offsets,https://cgi.minorplanetcenter.net/cgi-bin/confirmeph2.cgi
20260716T070002Z,2026-07-16T07:00:02.041370Z,20260716T070002Z_batch01,ZTF10En,2026-07-16T08:00:00Z,09 55 13.8,148.80749999999998,-25 59 02,-25.983888888888888,57.4,29.1,0.12,313.9,Map/Offsets,https://cgi.minorplanetcenter.net/cgi-bin/confirmeph2.cgi
20260716T070002Z,2026-07-16T07:00:02.041370Z,20260716T070002Z_batch01,ZTF10En,2026-07-16T09:00:00Z,09 55 13.4,148.80583333333334,-25 58 57,-25.982499999999998,57.4,29.1,0.12,314.1,Map/Offsets,https://cgi.minorplanetcenter.net/cgi-bin/confirmeph2.cgi
20260716T070002Z,2026-07-16T07:00:02.041370Z,20260716T070002Z_batch01,ZTF10En,2026-07-16T10:00:00Z,09 55 13.1,148.8045833333333,-25 58 53,-25.981388888888887,57.4,29.1,0.12,314.2,Map/Offsets,https://cgi.minorplanetcenter.net/cgi-bin/confirmeph2.cgi
20260716T070002Z,2026-07-16T07:00:02.041370Z,20260716T070002Z_batch01,ZTF10En,2026-07-16T11:00:00Z,09 55 12.7,148.80291666666668,-25 58 48,-25.979999999999997,57.4,29.1,0.12,314.3,Map/Offsets,https://cgi.minorplanetcenter.net/cgi-bin/confirmeph2.cgi
20260716T070002Z,2026-07-16T07:00:02.041370Z,20260716T070002Z_batch01,ZTF10En,2026-07-16T12:00:00Z,09 55 12.3,148.80124999999998,-25 58 43,-25.97861111111111,57.3,29.2,0.12,314.5,Map/Offsets,https://cgi.minorplanetcenter.net/cgi-bin/confirmeph2.cgi
20260716T070002Z,2026-07-16T07:00:02.041370Z,20260716T070002Z_batch01,ZTF10En,2026-07-16T13:00:00Z,09 55 11.9,148.79958333333335,-25 58 38,-25.97722222222222,57.3,29.2,0.12,314.6,Map/Offsets,https://cgi.minorplanetcenter.net/cgi-bin/confirmeph2.cgi
20260716T070002Z,2026-07-16T07:00:02.041370Z,20260716T070002Z_batch01,ZTF10En,2026-07-16T14:00:00Z,09 55 11.6,148.79833333333332,-25 58 33,-25.97583333333333,57.3,29.2,0.12,314.8,Map/Offsets,https://cgi.minorplanetcenter.net/cgi-bin/confirmeph2.cgi
20260716T070002Z,2026-07-16T07:00:02.041370Z,20260716T070002Z_batch01,ZTF10En,2026-07-16T15:00:00Z,09 55 11.2,148.79666666666668,-25 58 28,-25.974444444444444,57.2,29.2,0.12,314.9,Map/Offsets,https://cgi.minorplanetcenter.net/cgi-bin/confirmeph2.cgi
20260716T070002Z,2026-07-16T07:00:02.041370Z,20260716T070002Z_batch01,ZTF10En,2026-07-16T16:00:00Z,09 55 10.8,148.795,-25 58 23,-25.973055555555554,57.2,29.2,0.12,315.0,Map/Offsets,https://cgi.minorplanetcenter.net/cgi-bin/confirmeph2.cgi
20260716T070002Z,2026-07-16T07:00:02.041370Z,20260716T070002Z_batch01,ZTF10En,2026-07-16T17:00:00Z,09 55 10.4,148.79333333333332,-25 58 18,-25.971666666666664,57.2,29.2,0.12,315.1,Map/Offsets,https://cgi.minorplanetcenter.net/cgi-bin/confirmeph2.cgi
20260716T070002Z,2026-07-16T07:00:02.041370Z,20260716T070002Z_batch01,ZTF10En,2026-07-16T18:00:00Z,09 55 10.1,148.79208333333332,-25 58 12,-25.97,57.1,29.3,0.12,315.3,Map/Offsets,https://cgi.minorplanetcenter.net/cgi-bin/confirmeph2.cgi
20260716T070002Z,2026-07-16T07:00:02.041370Z,20260716T070002Z_batch01,ZTF10En,2026-07-16T19:00:00Z,09 55 09.7,148.79041666666666,-25 58 07,-25.96861111111111,57.1,29.3,0.12,315.4,Map/Offsets,https://cgi.minorplanetcenter.net/cgi-bin/confirmeph2.cgi
20260716T070002Z,2026-07-16T07:00:02.041370Z,20260716T070002Z_batch01,ZTF10En,2026-07-16T20:00:00Z,09 55 09.3,148.78875,-25 58 02,-25.96722222222222,57.1,29.3,0.12,315.5,Map/Offsets,https://cgi.minorplanetcenter.net/cgi-bin/confirmeph2.cgi
20260716T070002Z,2026-07-16T07:00:02.041370Z,20260716T070002Z_batch01,ZTF10En,2026-07-16T21:00:00Z,09 55 08.9,148.78708333333333,-25 57 57,-25.965833333333332,57.0,29.3,0.12,315.6,Map/Offsets,https://cgi.minorplanetcenter.net/cgi-bin/confirmeph2.cgi
20260716T070002Z,2026-07-16T07:00:02.041370Z,20260716T070002Z_batch01,ZTF10En,2026-07-16T22:00:00Z,09 55 08.6,148.78583333333333,-25 57 52,-25.964444444444442,57.0,29.3,0.12,315.8,Map/Offsets,https://cgi.minorplanetcenter.net/cgi-bin/confirmeph2.cgi
20260716T070002Z,2026-07-16T07:00:02.041370Z,20260716T070002Z_batch01,ZTF10En,2026-07-16T23:00:00Z,09 55 08.2,148.78416666666666,-25 57 47,-25.963055555555556,57.0,29.3,0.12,315.9,Map/Offsets,https://cgi.minorplanetcenter.net/cgi-bin/confirmeph2.cgi
20260716T070002Z,2026-07-16T07:00:02.041370Z,20260716T070002Z_batch01,ZTF10En,2026-07-17T00:00:00Z,09 55 07.8,148.7825,-25 57 41,-25.961388888888887,57.0,29.3,0.12,316.0,Map/Offsets,https://cgi.minorplanetcenter.net/cgi-bin/confirmeph2.cgi
20260716T070002Z,2026-07-16T07:00:02.041370Z,20260716T070002Z_batch01,ZTF10En,2026-07-17T01:00:00Z,09 55 07.4,148.78083333333333,-25 57 36,-25.96,56.9,29.4,0.12,316.1,Map/Offsets,https://cgi.minorplanetcenter.net/cgi-bin/confirmeph2.cgi
20260716T070002Z,2026-07-16T07:00:02.041370Z,20260716T070002Z_batch01,ZTF10En,2026-07-17T02:00:00Z,09 55 07.0,148.77916666666664,-25 57 31,-25.95861111111111,56.9,29.4,0.12,316.2,Map/Offsets,https://cgi.minorplanetcenter.net/cgi-bin/confirmeph2.cgi
20260716T070002Z,2026-07-16T07:00:02.041370Z,20260716T070002Z_batch01,ZTF10En,2026-07-17T03:00:00Z,09 55 06.7,148.77791666666667,-25 57 25,-25.956944444444442,56.9,29.4,0.12,316.3,Map/Offsets,https://cgi.minorplanetcenter.net/cgi-bin/confirmeph2.cgi
20260716T070002Z,2026-07-16T07:00:02.041370Z,20260716T070002Z_batch01,ZTF10En,2026-07-17T04:00:00Z,09 55 06.3,148.77624999999998,-25 57 20,-25.955555555555556,56.8,29.4,0.12,316.4,Map/Offsets,https://cgi.minorplanetcenter.net/cgi-bin/confirmeph2.cgi
20260716T070002Z,2026-07-16T07:00:02.041370Z,20260716T070002Z_batch01,ZTF10En,2026-07-17T05:00:00Z,09 55 05.9,148.77458333333334,-25 57 15,-25.954166666666666,56.8,29.4,0.12,316.5,Map/Offsets,https://cgi.minorplanetcenter.net/cgi-bin/confirmeph2.cgi
20260716T070002Z,2026-07-16T07:00:02.041370Z,20260716T070002Z_batch01,ZTF10En,2026-07-17T06:00:00Z,09 55 05.5,148.77291666666665,-25 57 09,-25.9525,56.8,29.4,0.13,316.6,Map/Offsets,https://cgi.minorplanetcenter.net/cgi-bin/confirmeph2.cgi
20260716T070002Z,2026-07-16T07:00:02.041370Z,20260716T070002Z_batch01,A11EvW0,2026-07-16T06:00:00Z,20 46 02.4,311.51,-24 31 58,-24.532777777777778,164.7,20.2,7.77,77.6,Map/Offsets,https://cgi.minorplanetcenter.net/cgi-bin/confirmeph2.cgi
20260716T070002Z,2026-07-16T07:00:02.041370Z,20260716T070002Z_batch01,A11EvW0,2026-07-16T07:00:00Z,20 46 35.6,311.6483333333333,-24 30 18,-24.505,164.6,20.2,7.73,77.5,Map/Offsets,https://cgi.minorplanetcenter.net/cgi-bin/confirmeph2.cgi
20260716T070002Z,2026-07-16T07:00:02.041370Z,20260716T070002Z_batch01,A11EvW0,2026-07-16T08:00:00Z,20 47 08.7,311.78625,-24 28 38,-24.47722222222222,164.5,20.2,7.68,77.5,Map/Offsets,https://cgi.minorplanetcenter.net/cgi-bin/confirmeph2.cgi
20260716T070002Z,2026-07-16T07:00:02.041370Z,20260716T070002Z_batch01,A11EvW0,2026-07-16T09:00:00Z,20 47 41.5,311.9229166666667,-24 26 58,-24.449444444444445,164.4,20.2,7.64,77.4,Map/Offsets,https://cgi.minorplanetcenter.net/cgi-bin/confirmeph2.cgi
20260716T070002Z,2026-07-16T07:00:02.041370Z,20260716T070002Z_batch01,A11EvW0,2026-07-16T10:00:00Z,20 48 14.2,312.05916666666667,-24 25 18,-24.421666666666667,164.4,20.2,7.59,77.4,Map/Offsets,https://cgi.minorplanetcenter.net/cgi-bin/confirmeph2.cgi
20260716T070002Z,2026-07-16T07:00:02.041370Z,20260716T070002Z_batch01,A11EvW0,2026-07-16T11:00:00Z,20 48 46.6,312.19416666666666,-24 23 39,-24.394166666666667,164.3,20.2,7.55,77.3,Map/Offsets,https://cgi.minorplanetcenter.net/cgi-bin/confirmeph2.cgi
20260716T070002Z,2026-07-16T07:00:02.041370Z,20260716T070002Z_batch01,A11EvW0,2026-07-16T12:00:00Z,20 49 18.9,312.32875,-24 21 59,-24.366388888888892,164.2,20.3,7.51,77.2,Map/Offsets,https://cgi.minorplanetcenter.net/cgi-bin/confirmeph2.cgi
20260716T070002Z,2026-07-16T07:00:02.041370Z,20260716T070002Z_batch01,A11EvW0,2026-07-16T13:00:00Z,20 49 50.9,312.46208333333334,-24 20 20,-24.33888888888889,164.1,20.3,7.46,77.2,Map/Offsets,https://cgi.minorplanetcenter.net/cgi-bin/confirmeph2.cgi
20260716T070002Z,2026-07-16T07:00:02.041370Z,20260716T070002Z_batch01,A11EvW0,2026-07-16T14:00:00Z,20 50 22.8,312.59499999999997,-24 18 41,-24.31138888888889,164.0,20.3,7.42,77.1,Map/Offsets,https://cgi.minorplanetcenter.net/cgi-bin/confirmeph2.cgi
20260716T070002Z,2026-07-16T07:00:02.041370Z,20260716T070002Z_batch01,A11EvW0,2026-07-16T15:00:00Z,20 50 54.4,312.72666666666663,-24 17 02,-24.28388888888889,164.0,20.3,7.38,77.1,Map/Offsets,https://cgi.minorplanetcenter.net/cgi-bin/confirmeph2.cgi
20260716T070002Z,2026-07-16T07:00:02.041370Z,20260716T070002Z_batch01,A11EvW0,2026-07-16T16:00:00Z,20 51 25.9,312.8579166666667,-24 15 23,-24.25638888888889,163.9,20.3,7.33,77.0,Map/Offsets,https://cgi.minorplanetcenter.net/cgi-bin/confirmeph2.cgi
20260716T070002Z,2026-07-16T07:00:02.041370Z,20260716T070002Z_batch01,A11EvW0,2026-07-16T17:00:00Z,20 51 57.1,312.9879166666667,-24 13 44,-24.228888888888886,163.8,20.3,7.29,77.0,Map/Offsets,https://cgi.minorplanetcenter.net/cgi-bin/confirmeph2.cgi
20260716T070002Z,2026-07-16T07:00:02.041370Z,20260716T070002Z_batch01,A11EvW0,2026-07-16T18:00:00Z,20 52 28.2,313.1175,-24 12 05,-24.20138888888889,163.7,20.3,7.25,76.9,Map/Offsets,https://cgi.minorplanetcenter.net/cgi-bin/confirmeph2.cgi
20260716T070002Z,2026-07-16T07:00:02.041370Z,20260716T070002Z_batch01,A11EvW0,2026-07-16T19:00:00Z,20 52 59.1,313.24625000000003,-24 10 27,-24.174166666666668,163.7,20.3,7.21,76.8,Map/Offsets,https://cgi.minorplanetcenter.net/cgi-bin/confirmeph2.cgi
20260716T070002Z,2026-07-16T07:00:02.041370Z,20260716T070002Z_batch01,A11EvW0,2026-07-16T20:00:00Z,20 53 29.7,313.37375,-24 08 49,-24.146944444444443,163.6,20.3,7.17,76.8,Map/Offsets,https://cgi.minorplanetcenter.net/cgi-bin/confirmeph2.cgi
20260716T070002Z,2026-07-16T07:00:02.041370Z,20260716T070002Z_batch01,A11EvW0,2026-07-16T21:00:00Z,20 54 00.2,313.5008333333333,-24 07 11,-24.119722222222222,163.5,20.3,7.12,76.7,Map/Offsets,https://cgi.minorplanetcenter.net/cgi-bin/confirmeph2.cgi
20260716T070002Z,2026-07-16T07:00:02.041370Z,20260716T070002Z_batch01,A11EvW0,2026-07-16T22:00:00Z,20 54 30.5,313.62708333333336,-24 05 33,-24.092499999999998,163.4,20.3,7.08,76.7,Map/Offsets,https://cgi.minorplanetcenter.net/cgi-bin/confirmeph2.cgi
20260716T070002Z,2026-07-16T07:00:02.041370Z,20260716T070002Z_batch01,A11EvW0,2026-07-16T23:00:00Z,20 55 00.6,313.7525,-24 03 55,-24.06527777777778,163.3,20.4,7.04,76.6,Map/Offsets,https://cgi.minorplanetcenter.net/cgi-bin/confirmeph2.cgi
20260716T070002Z,2026-07-16T07:00:02.041370Z,20260716T070002Z_batch01,A11EvW0,2026-07-17T00:00:00Z,20 55 30.5,313.87708333333336,-24 02 17,-24.03805555555556,163.3,20.4,7.0,76.6,Map/Offsets,https://cgi.minorplanetcenter.net/cgi-bin/confirmeph2.cgi
20260716T070002Z,2026-07-16T07:00:02.041370Z,20260716T070002Z_batch01,A11EvW0,2026-07-17T01:00:00Z,20 56 00.3,314.00124999999997,-24 00 40,-24.011111111111113,163.2,20.4,6.96,76.5,Map/Offsets,https://cgi.minorplanetcenter.net/cgi-bin/confirmeph2.cgi
20260716T070002Z,2026-07-16T07:00:02.041370Z,20260716T070002Z_batch01,A11EvW0,2026-07-17T02:00:00Z,20 56 29.8,314.12416666666667,-23 59 02,-23.983888888888888,163.1,20.4,6.92,76.5,Map/Offsets,https://cgi.minorplanetcenter.net/cgi-bin/confirmeph2.cgi
20260716T070002Z,2026-07-16T07:00:02.041370Z,20260716T070002Z_batch01,A11EvW0,2026-07-17T03:00:00Z,20 56 59.2,314.24666666666667,-23 57 25,-23.956944444444442,163.1,20.4,6.88,76.4,Map/Offsets,https://cgi.minorplanetcenter.net/cgi-bin/confirmeph2.cgi
20260716T070002Z,2026-07-16T07:00:02.041370Z,20260716T070002Z_batch01,A11EvW0,2026-07-17T04:00:00Z,20 57 28.4,314.36833333333334,-23 55 48,-23.93,163.0,20.4,6.84,76.4,Map/Offsets,https://cgi.minorplanetcenter.net/cgi-bin/confirmeph2.cgi
20260716T070002Z,2026-07-16T07:00:02.041370Z,20260716T070002Z_batch01,A11EvW0,2026-07-17T05:00:00Z,20 57 57.4,314.4891666666666,-23 54 12,-23.903333333333332,162.9,20.4,6.8,76.3,Map/Offsets,https://cgi.minorplanetcenter.net/cgi-bin/confirmeph2.cgi
20260716T070002Z,2026-07-16T07:00:02.041370Z,20260716T070002Z_batch01,A11EvW0,2026-07-17T06:00:00Z,20 58 26.2,314.6091666666666,-23 52 35,-23.87638888888889,162.8,20.4,6.76,76.3,Map/Offsets,https://cgi.minorplanetcenter.net/cgi-bin/confirmeph2.cgi
20260716T070002Z,2026-07-16T07:00:02.041370Z,20260716T070002Z_batch01,TF26G22,2026-07-16T06:00:00Z,07 44 55.1,116.22958333333334,-18 19 35,-18.32638888888889,39.8,29.2,0.52,49.8,Map/Offsets   Map/Offsets,https://cgi.minorplanetcenter.net/cgi-bin/confirmeph2.cgi
20260716T070002Z,2026-07-16T07:00:02.041370Z,20260716T070002Z_batch01,TF26G22,2026-07-16T07:00:00Z,07 44 56.8,116.23666666666668,-18 19 15,-18.320833333333333,39.7,29.3,0.51,49.6,Map/Offsets   Map/Offsets,https://cgi.minorplanetcenter.net/cgi-bin/confirmeph2.cgi
20260716T070002Z,2026-07-16T07:00:02.041370Z,20260716T070002Z_batch01,TF26G22,2026-07-16T08:00:00Z,07 44 58.4,116.24333333333333,-18 18 55,-18.31527777777778,39.7,29.3,0.51,49.3,Map/Offsets   Map/Offsets,https://cgi.minorplanetcenter.net/cgi-bin/confirmeph2.cgi
20260716T070002Z,2026-07-16T07:00:02.041370Z,20260716T070002Z_batch01,TF26G22,2026-07-16T09:00:00Z,07 45 00.0,116.25,-18 18 35,-18.309722222222224,39.7,29.3,0.5,49.1,Map/Offsets   Map/Offsets,https://cgi.minorplanetcenter.net/cgi-bin/confirmeph2.cgi
20260716T070002Z,2026-07-16T07:00:02.041370Z,20260716T070002Z_batch01,TF26G22,2026-07-16T10:00:00Z,07 45 01.6,116.25666666666667,-18 18 16,-18.304444444444446,39.7,29.3,0.5,48.8,Map/Offsets   Map/Offsets,https://cgi.minorplanetcenter.net/cgi-bin/confirmeph2.cgi
20260716T070002Z,2026-07-16T07:00:02.041370Z,20260716T070002Z_batch01,TF26G22,2026-07-16T11:00:00Z,07 45 03.2,116.26333333333332,-18 17 56,-18.29888888888889,39.7,29.3,0.49,48.6,Map/Offsets   Map/Offsets,https://cgi.minorplanetcenter.net/cgi-bin/confirmeph2.cgi
20260716T070002Z,2026-07-16T07:00:02.041370Z,20260716T070002Z_batch01,TF26G22,2026-07-16T12:00:00Z,07 45 04.7,116.26958333333333,-18 17 37,-18.29361111111111,39.7,29.3,0.48,48.3,Map/Offsets   Map/Offsets,https://cgi.minorplanetcenter.net/cgi-bin/confirmeph2.cgi
20260716T070002Z,2026-07-16T07:00:02.041370Z,20260716T070002Z_batch01,TF26G22,2026-07-16T13:00:00Z,07 45 06.2,116.27583333333332,-18 17 18,-18.288333333333334,39.7,29.3,0.48,48.1,Map/Offsets   Map/Offsets,https://cgi.minorplanetcenter.net/cgi-bin/confirmeph2.cgi
20260716T070002Z,2026-07-16T07:00:02.041370Z,20260716T070002Z_batch01,TF26G22,2026-07-16T14:00:00Z,07 45 07.7,116.28208333333333,-18 16 58,-18.282777777777778,39.6,29.4,0.47,47.8,Map/Offsets   Map/Offsets,https://cgi.minorplanetcenter.net/cgi-bin/confirmeph2.cgi
20260716T070002Z,2026-07-16T07:00:02.041370Z,20260716T070002Z_batch01,TF26G22,2026-07-16T15:00:00Z,07 45 09.2,116.28833333333333,-18 16 39,-18.2775,39.6,29.4,0.47,47.6,Map/Offsets   Map/Offsets,https://cgi.minorplanetcenter.net/cgi-bin/confirmeph2.cgi
20260716T070002Z,2026-07-16T07:00:02.041370Z,20260716T070002Z_batch01,TF26G22,2026-07-16T16:00:00Z,07 45 10.6,116.29416666666667,-18 16 21,-18.272499999999997,39.6,29.4,0.46,47.3,Map/Offsets   Map/Offsets,https://cgi.minorplanetcenter.net/cgi-bin/confirmeph2.cgi
20260716T070002Z,2026-07-16T07:00:02.041370Z,20260716T070002Z_batch01,TF26G22,2026-07-16T17:00:00Z,07 45 12.0,116.3,-18 16 02,-18.26722222222222,39.6,29.4,0.46,47.0,Map/Offsets   Map/Offsets,https://cgi.minorplanetcenter.net/cgi-bin/confirmeph2.cgi
20260716T070002Z,2026-07-16T07:00:02.041370Z,20260716T070002Z_batch01,TF26G22,2026-07-16T18:00:00Z,07 45 13.4,116.30583333333334,-18 15 43,-18.261944444444445,39.6,29.4,0.45,46.8,Map/Offsets   Map/Offsets,https://cgi.minorplanetcenter.net/cgi-bin/confirmeph2.cgi
20260716T070002Z,2026-07-16T07:00:02.041370Z,20260716T070002Z_batch01,TF26G22,2026-07-16T19:00:00Z,07 45 14.8,116.31166666666667,-18 15 24,-18.256666666666668,39.6,29.4,0.45,46.5,Map/Offsets   Map/Offsets,https://cgi.minorplanetcenter.net/cgi-bin/confirmeph2.cgi
20260716T070002Z,2026-07-16T07:00:02.041370Z,20260716T070002Z_batch01,TF26G22,2026-07-16T20:00:00Z,07 45 16.2,116.3175,-18 15 06,-18.251666666666665,39.6,29.4,0.44,46.3,Map/Offsets   Map/Offsets,https://cgi.minorplanetcenter.net/cgi-bin/confirmeph2.cgi
20260716T070002Z,2026-07-16T07:00:02.041370Z,20260716T070002Z_batch01,TF26G22,2026-07-16T21:00:00Z,07 45 17.5,116.32291666666667,-18 14 48,-18.246666666666666,39.6,29.4,0.44,46.0,Map/Offsets   Map/Offsets,https://cgi.minorplanetcenter.net/cgi-bin/confirmeph2.cgi
20260716T070002Z,2026-07-16T07:00:02.041370Z,20260716T070002Z_batch01,TF26G22,2026-07-16T22:00:00Z,07 45 18.9,116.32875,-18 14 29,-18.24138888888889,39.5,29.5,0.44,45.7,Map/Offsets   Map/Offsets,https://cgi.minorplanetcenter.net/cgi-bin/confirmeph2.cgi
20260716T070002Z,2026-07-16T07:00:02.041370Z,20260716T070002Z_batch01,TF26G22,2026-07-16T23:00:00Z,07 45 20.2,116.33416666666668,-18 14 11,-18.23638888888889,39.5,29.5,0.43,45.5,Map/Offsets   Map/Offsets,https://cgi.minorplanetcenter.net/cgi-bin/confirmeph2.cgi
20260716T070002Z,2026-07-16T07:00:02.041370Z,20260716T070002Z_batch01,TF26G22,2026-07-17T00:00:00Z,07 45 21.4,116.33916666666667,-18 13 53,-18.231388888888887,39.5,29.5,0.43,45.2,Map/Offsets   Map/Offsets,https://cgi.minorplanetcenter.net/cgi-bin/confirmeph2.cgi
20260716T070002Z,2026-07-16T07:00:02.041370Z,20260716T070002Z_batch01,TF26G22,2026-07-17T01:00:00Z,07 45 22.7,116.34458333333333,-18 13 35,-18.226388888888888,39.5,29.5,0.42,44.9,Map/Offsets   Map/Offsets,https://cgi.minorplanetcenter.net/cgi-bin/confirmeph2.cgi
20260716T070002Z,2026-07-16T07:00:02.041370Z,20260716T070002Z_batch01,TF26G22,2026-07-17T02:00:00Z,07 45 24.0,116.35000000000001,-18 13 17,-18.22138888888889,39.5,29.5,0.42,44.6,Map/Offsets   Map/Offsets,https://cgi.minorplanetcenter.net/cgi-bin/confirmeph2.cgi
20260716T070002Z,2026-07-16T07:00:02.041370Z,20260716T070002Z_batch01,TF26G22,2026-07-17T03:00:00Z,07 45 25.2,116.35499999999999,-18 12 59,-18.21638888888889,39.5,29.5,0.42,44.4,Map/Offsets   Map/Offsets,https://cgi.minorplanetcenter.net/cgi-bin/confirmeph2.cgi
20260716T070002Z,2026-07-16T07:00:02.041370Z,20260716T070002Z_batch01,TF26G22,2026-07-17T04:00:00Z,07 45 26.4,116.36,-18 12 41,-18.211388888888887,39.5,29.5,0.41,44.1,Map/Offsets   Map/Offsets,https://cgi.minorplanetcenter.net/cgi-bin/confirmeph2.cgi
20260716T070002Z,2026-07-16T07:00:02.041370Z,20260716T070002Z_batch01,TF26G22,2026-07-17T05:00:00Z,07 45 27.6,116.365,-18 12 24,-18.206666666666667,39.5,29.5,0.41,43.8,Map/Offsets   Map/Offsets,https://cgi.minorplanetcenter.net/cgi-bin/confirmeph2.cgi
20260716T070002Z,2026-07-16T07:00:02.041370Z,20260716T070002Z_batch01,TF26G22,2026-07-17T06:00:00Z,07 45 28.8,116.37,-18 12 06,-18.201666666666664,39.4,29.5,0.41,43.5,Map/Offsets   Map/Offsets,https://cgi.minorplanetcenter.net/cgi-bin/confirmeph2.cgi
20260716T070002Z,2026-07-16T07:00:02.041370Z,20260716T070002Z_batch01,A11EpSe,2026-07-16T06:00:00Z,19 36 12.2,294.05083333333334,-28 57 42,-28.961666666666666,172.4,19.3,0.6,321.8,Map/Offsets,https://cgi.minorplanetcenter.net/cgi-bin/confirmeph2.cgi
20260716T070002Z,2026-07-16T07:00:02.041370Z,20260716T070002Z_batch01,A11EpSe,2026-07-16T07:00:00Z,19 36 10.4,294.04333333333335,-28 57 13,-28.953611111111112,172.4,19.3,0.6,321.9,Map/Offsets,https://cgi.minorplanetcenter.net/cgi-bin/confirmeph2.cgi
20260716T070002Z,2026-07-16T07:00:02.041370Z,20260716T070002Z_batch01,A11EpSe,2026-07-16T08:00:00Z,19 36 08.7,294.03625,-28 56 44,-28.945555555555554,172.4,19.3,0.61,321.9,Map/Offsets,https://cgi.minorplanetcenter.net/cgi-bin/confirmeph2.cgi
20260716T070002Z,2026-07-16T07:00:02.041370Z,20260716T070002Z_batch01,A11EpSe,2026-07-16T09:00:00Z,19 36 07.0,294.0291666666667,-28 56 16,-28.93777777777778,172.4,19.3,0.61,321.9,Map/Offsets,https://cgi.minorplanetcenter.net/cgi-bin/confirmeph2.cgi
20260716T070002Z,2026-07-16T07:00:02.041370Z,20260716T070002Z_batch01,A11EpSe,2026-07-16T10:00:00Z,19 36 05.3,294.02208333333334,-28 55 47,-28.929722222222225,172.4,19.3,0.61,321.9,Map/Offsets,https://cgi.minorplanetcenter.net/cgi-bin/confirmeph2.cgi
20260716T070002Z,2026-07-16T07:00:02.041370Z,20260716T070002Z_batch01,A11EpSe,2026-07-16T11:00:00Z,19 36 03.6,294.01500000000004,-28 55 19,-28.921944444444446,172.3,19.3,0.61,321.9,Map/Offsets,https://cgi.minorplanetcenter.net/cgi-bin/confirmeph2.cgi
20260716T070002Z,2026-07-16T07:00:02.041370Z,20260716T070002Z_batch01,A11EpSe,2026-07-16T12:00:00Z,19 36 01.9,294.0079166666667,-28 54 50,-28.913888888888888,172.3,19.3,0.61,322.0,Map/Offsets,https://cgi.minorplanetcenter.net/cgi-bin/confirmeph2.cgi
20260716T070002Z,2026-07-16T07:00:02.041370Z,20260716T070002Z_batch01,A11EpSe,2026-07-16T13:00:00Z,19 36 00.2,294.00083333333333,-28 54 21,-28.90583333333333,172.3,19.3,0.61,322.0,Map/Offsets,https://cgi.minorplanetcenter.net/cgi-bin/confirmeph2.cgi
20260716T070002Z,2026-07-16T07:00:02.041370Z,20260716T070002Z_batch01,A11EpSe,2026-07-16T14:00:00Z,19 35 58.5,293.99375,-28 53 52,-28.897777777777776,172.3,19.3,0.61,322.0,Map/Offsets,https://cgi.minorplanetcenter.net/cgi-bin/confirmeph2.cgi
20260716T070002Z,2026-07-16T07:00:02.041370Z,20260716T070002Z_batch01,A11EpSe,2026-07-16T15:00:00Z,19 35 56.8,293.9866666666667,-28 53 24,-28.89,172.3,19.3,0.61,322.1,Map/Offsets,https://cgi.minorplanetcenter.net/cgi-bin/confirmeph2.cgi
20260716T070002Z,2026-07-16T07:00:02.041370Z,20260716T070002Z_batch01,A11EpSe,2026-07-16T16:00:00Z,19 35 55.1,293.9795833333333,-28 52 55,-28.881944444444446,172.3,19.3,0.61,322.1,Map/Offsets,https://cgi.minorplanetcenter.net/cgi-bin/confirmeph2.cgi
20260716T070002Z,2026-07-16T07:00:02.041370Z,20260716T070002Z_batch01,A11EpSe,2026-07-16T17:00:00Z,19 35 53.3,293.9720833333333,-28 52 26,-28.87388888888889,172.3,19.3,0.61,322.1,Map/Offsets,https://cgi.minorplanetcenter.net/cgi-bin/confirmeph2.cgi
20260716T070002Z,2026-07-16T07:00:02.041370Z,20260716T070002Z_batch01,A11EpSe,2026-07-16T18:00:00Z,19 35 51.6,293.965,-28 51 57,-28.865833333333335,172.3,19.3,0.61,322.1,Map/Offsets,https://cgi.minorplanetcenter.net/cgi-bin/confirmeph2.cgi
20260716T070002Z,2026-07-16T07:00:02.041370Z,20260716T070002Z_batch01,A11EpSe,2026-07-16T19:00:00Z,19 35 49.9,293.9579166666667,-28 51 28,-28.85777777777778,172.3,19.3,0.61,322.2,Map/Offsets,https://cgi.minorplanetcenter.net/cgi-bin/confirmeph2.cgi
20260716T070002Z,2026-07-16T07:00:02.041370Z,20260716T070002Z_batch01,A11EpSe,2026-07-16T20:00:00Z,19 35 48.2,293.9508333333333,-28 50 59,-28.849722222222223,172.3,19.3,0.61,322.2,Map/Offsets,https://cgi.minorplanetcenter.net/cgi-bin/confirmeph2.cgi
20260716T070002Z,2026-07-16T07:00:02.041370Z,20260716T070002Z_batch01,A11EpSe,2026-07-16T21:00:00Z,19 35 46.5,293.94374999999997,-28 50 30,-28.841666666666665,172.3,19.3,0.61,322.2,Map/Offsets,https://cgi.minorplanetcenter.net/cgi-bin/confirmeph2.cgi
20260716T070002Z,2026-07-16T07:00:02.041370Z,20260716T070002Z_batch01,A11EpSe,2026-07-16T22:00:00Z,19 35 44.8,293.93666666666667,-28 50 01,-28.83361111111111,172.3,19.3,0.61,322.2,Map/Offsets,https://cgi.minorplanetcenter.net/cgi-bin/confirmeph2.cgi
20260716T070002Z,2026-07-16T07:00:02.041370Z,20260716T070002Z_batch01,A11EpSe,2026-07-16T23:00:00Z,19 35 43.1,293.9295833333333,-28 49 32,-28.825555555555557,172.3,19.3,0.61,322.3,Map/Offsets,https://cgi.minorplanetcenter.net/cgi-bin/confirmeph2.cgi
20260716T070002Z,2026-07-16T07:00:02.041370Z,20260716T070002Z_batch01,A11EpSe,2026-07-17T00:00:00Z,19 35 41.4,293.9225,-28 49 03,-28.8175,172.2,19.3,0.61,322.3,Map/Offsets,https://cgi.minorplanetcenter.net/cgi-bin/confirmeph2.cgi
20260716T070002Z,2026-07-16T07:00:02.041370Z,20260716T070002Z_batch01,A11EpSe,2026-07-17T01:00:00Z,19 35 39.7,293.91541666666666,-28 48 34,-28.809444444444445,172.2,19.3,0.61,322.3,Map/Offsets,https://cgi.minorplanetcenter.net/cgi-bin/confirmeph2.cgi
20260716T070002Z,2026-07-16T07:00:02.041370Z,20260716T070002Z_batch01,A11EpSe,2026-07-17T02:00:00Z,19 35 37.9,293.90791666666667,-28 48 05,-28.80138888888889,172.2,19.3,0.61,322.3,Map/Offsets,https://cgi.minorplanetcenter.net/cgi-bin/confirmeph2.cgi
20260716T070002Z,2026-07-16T07:00:02.041370Z,20260716T070002Z_batch01,A11EpSe,2026-07-17T03:00:00Z,19 35 36.2,293.9008333333333,-28 47 35,-28.793055555555558,172.2,19.3,0.61,322.4,Map/Offsets,https://cgi.minorplanetcenter.net/cgi-bin/confirmeph2.cgi
20260716T070002Z,2026-07-16T07:00:02.041370Z,20260716T070002Z_batch01,A11EpSe,2026-07-17T04:00:00Z,19 35 34.5,293.89374999999995,-28 47 06,-28.785,172.2,19.3,0.62,322.4,Map/Offsets,https://cgi.minorplanetcenter.net/cgi-bin/confirmeph2.cgi
20260716T070002Z,2026-07-16T07:00:02.041370Z,20260716T070002Z_batch01,A11EpSe,2026-07-17T05:00:00Z,19 35 32.8,293.88666666666666,-28 46 37,-28.776944444444442,172.2,19.3,0.62,322.4,Map/Offsets,https://cgi.minorplanetcenter.net/cgi-bin/confirmeph2.cgi
20260716T070002Z,2026-07-16T07:00:02.041370Z,20260716T070002Z_batch01,A11EpSe,2026-07-17T06:00:00Z,19 35 31.1,293.8795833333333,-28 46 08,-28.76888888888889,172.2,19.3,0.62,322.4,Map/Offsets,https://cgi.minorplanetcenter.net/cgi-bin/confirmeph2.cgi
20260716T070002Z,2026-07-16T07:00:02.041370Z,20260716T070002Z_batch01,ST26G01,2026-07-16T06:00:00Z,22 08 50.3,332.20958333333334,-62 27 09,-62.4525,131.9,23.2,2.86,96.5,Map/Offsets,https://cgi.minorplanetcenter.net/cgi-bin/confirmeph2.cgi
20260716T070002Z,2026-07-16T07:00:02.041370Z,20260716T070002Z_batch01,ST26G01,2026-07-16T07:00:00Z,22 09 14.8,332.31166666666667,-62 27 28,-62.45777777777778,131.9,23.2,2.83,96.3,Map/Offsets,https://cgi.minorplanetcenter.net/cgi-bin/confirmeph2.cgi
20260716T070002Z,2026-07-16T07:00:02.041370Z,20260716T070002Z_batch01,ST26G01,2026-07-16T08:00:00Z,22 09 39.0,332.41249999999997,-62 27 47,-62.463055555555556,131.8,23.2,2.81,96.2,Map/Offsets,https://cgi.minorplanetcenter.net/cgi-bin/confirmeph2.cgi
20260716T070002Z,2026-07-16T07:00:02.041370Z,20260716T070002Z_batch01,ST26G01,2026-07-16T09:00:00Z,22 10 03.0,332.5125,-62 28 05,-62.46805555555556,131.8,23.3,2.78,96.1,Map/Offsets,https://cgi.minorplanetcenter.net/cgi-bin/confirmeph2.cgi
20260716T070002Z,2026-07-16T07:00:02.041370Z,20260716T070002Z_batch01,ST26G01,2026-07-16T10:00:00Z,22 10 26.8,332.6116666666667,-62 28 22,-62.47277777777778,131.8,23.3,2.75,96.0,Map/Offsets,https://cgi.minorplanetcenter.net/cgi-bin/confirmeph2.cgi
20260716T070002Z,2026-07-16T07:00:02.041370Z,20260716T070002Z_batch01,ST26G01,2026-07-16T11:00:00Z,22 10 50.4,332.71000000000004,-62 28 39,-62.4775,131.7,23.3,2.73,95.9,Map/Offsets,https://cgi.minorplanetcenter.net/cgi-bin/confirmeph2.cgi
20260716T070002Z,2026-07-16T07:00:02.041370Z,20260716T070002Z_batch01,ST26G01,2026-07-16T12:00:00Z,22 11 13.8,332.8075,-62 28 55,-62.481944444444444,131.7,23.3,2.7,95.8,Map/Offsets,https://cgi.minorplanetcenter.net/cgi-bin/confirmeph2.cgi
20260716T070002Z,2026-07-16T07:00:02.041370Z,20260716T070002Z_batch01,ST26G01,2026-07-16T13:00:00Z,22 11 37.0,332.90416666666664,-62 29 11,-62.48638888888889,131.7,23.3,2.68,95.6,Map/Offsets,https://cgi.minorplanetcenter.net/cgi-bin/confirmeph2.cgi
20260716T070002Z,2026-07-16T07:00:02.041370Z,20260716T070002Z_batch01,ST26G01,2026-07-16T14:00:00Z,22 11 59.9,332.9995833333333,-62 29 27,-62.490833333333335,131.7,23.3,2.65,95.5,Map/Offsets,https://cgi.minorplanetcenter.net/cgi-bin/confirmeph2.cgi
20260716T070002Z,2026-07-16T07:00:02.041370Z,20260716T070002Z_batch01,ST26G01,2026-07-16T15:00:00Z,22 12 22.7,333.09458333333333,-62 29 42,-62.495,131.6,23.3,2.63,95.4,Map/Offsets,https://cgi.minorplanetcenter.net/cgi-bin/confirmeph2.cgi
20260716T070002Z,2026-07-16T07:00:02.041370Z,20260716T070002Z_batch01,ST26G01,2026-07-16T16:00:00Z,22 12 45.2,333.1883333333333,-62 29 57,-62.49916666666667,131.6,23.3,2.6,95.3,Map/Offsets,https://cgi.minorplanetcenter.net/cgi-bin/confirmeph2.cgi
20260716T070002Z,2026-07-16T07:00:02.041370Z,20260716T070002Z_batch01,ST26G01,2026-07-16T17:00:00Z,22 13 07.6,333.28166666666664,-62 30 11,-62.503055555555555,131.6,23.3,2.58,95.2,Map/Offsets,https://cgi.minorplanetcenter.net/cgi-bin/confirmeph2.cgi
20260716T070002Z,2026-07-16T07:00:02.041370Z,20260716T070002Z_batch01,ST26G01,2026-07-16T18:00:00Z,22 13 29.8,333.37416666666667,-62 30 25,-62.50694444444444,131.5,23.3,2.56,95.1,Map/Offsets,https://cgi.minorplanetcenter.net/cgi-bin/confirmeph2.cgi
20260716T070002Z,2026-07-16T07:00:02.041370Z,20260716T070002Z_batch01,ST26G01,2026-07-16T19:00:00Z,22 13 51.7,333.4654166666666,-62 30 38,-62.510555555555555,131.5,23.4,2.53,94.9,Map/Offsets,https://cgi.minorplanetcenter.net/cgi-bin/confirmeph2.cgi
20260716T070002Z,2026-07-16T07:00:02.041370Z,20260716T070002Z_batch01,ST26G01,2026-07-16T20:00:00Z,22 14 13.5,333.55625000000003,-62 30 51,-62.51416666666667,131.5,23.4,2.51,94.8,Map/Offsets,https://cgi.minorplanetcenter.net/cgi-bin/confirmeph2.cgi
20260716T070002Z,2026-07-16T07:00:02.041370Z,20260716T070002Z_batch01,ST26G01,2026-07-16T21:00:00Z,22 14 35.0,333.64583333333337,-62 31 03,-62.5175,131.5,23.4,2.49,94.7,Map/Offsets,https://cgi.minorplanetcenter.net/cgi-bin/confirmeph2.cgi
20260716T070002Z,2026-07-16T07:00:02.041370Z,20260716T070002Z_batch01,ST26G01,2026-07-16T22:00:00Z,22 14 56.4,333.735,-62 31 15,-62.520833333333336,131.4,23.4,2.46,94.6,Map/Offsets,https://cgi.minorplanetcenter.net/cgi-bin/confirmeph2.cgi
20260716T070002Z,2026-07-16T07:00:02.041370Z,20260716T070002Z_batch01,ST26G01,2026-07-16T23:00:00Z,22 15 17.6,333.8233333333333,-62 31 27,-62.524166666666666,131.4,23.4,2.44,94.5,Map/Offsets,https://cgi.minorplanetcenter.net/cgi-bin/confirmeph2.cgi
20260716T070002Z,2026-07-16T07:00:02.041370Z,20260716T070002Z_batch01,ST26G01,2026-07-17T00:00:00Z,22 15 38.6,333.9108333333333,-62 31 38,-62.52722222222222,131.4,23.4,2.42,94.4,Map/Offsets,https://cgi.minorplanetcenter.net/cgi-bin/confirmeph2.cgi
20260716T070002Z,2026-07-16T07:00:02.041370Z,20260716T070002Z_batch01,ST26G01,2026-07-17T01:00:00Z,22 15 59.5,333.9979166666667,-62 31 49,-62.530277777777776,131.4,23.4,2.4,94.3,Map/Offsets,https://cgi.minorplanetcenter.net/cgi-bin/confirmeph2.cgi
20260716T070002Z,2026-07-16T07:00:02.041370Z,20260716T070002Z_batch01,ST26G01,2026-07-17T02:00:00Z,22 16 20.1,334.08375,-62 32 00,-62.53333333333333,131.3,23.4,2.38,94.2,Map/Offsets,https://cgi.minorplanetcenter.net/cgi-bin/confirmeph2.cgi
20260716T070002Z,2026-07-16T07:00:02.041370Z,20260716T070002Z_batch01,ST26G01,2026-07-17T03:00:00Z,22 16 40.6,334.1691666666667,-62 32 10,-62.53611111111111,131.3,23.4,2.36,94.0,Map/Offsets,https://cgi.minorplanetcenter.net/cgi-bin/confirmeph2.cgi
20260716T070002Z,2026-07-16T07:00:02.041370Z,20260716T070002Z_batch01,ST26G01,2026-07-17T04:00:00Z,22 17 00.9,334.25375,-62 32 20,-62.538888888888884,131.3,23.4,2.33,93.9,Map/Offsets,https://cgi.minorplanetcenter.net/cgi-bin/confirmeph2.cgi
20260716T070002Z,2026-07-16T07:00:02.041370Z,20260716T070002Z_batch01,ST26G01,2026-07-17T05:00:00Z,22 17 21.0,334.3375,-62 32 29,-62.54138888888889,131.3,23.5,2.31,93.8,Map/Offsets,https://cgi.minorplanetcenter.net/cgi-bin/confirmeph2.cgi
20260716T070002Z,2026-07-16T07:00:02.041370Z,20260716T070002Z_batch01,ST26G01,2026-07-17T06:00:00Z,22 17 40.9,334.4204166666667,-62 32 38,-62.54388888888889,131.3,23.5,2.29,93.7,Map/Offsets,https://cgi.minorplanetcenter.net/cgi-bin/confirmeph2.cgi
