snapshot_id,fetched_at_utc,batch_id,designation,ephem_time_utc,ra_hms,ra_deg,dec_dms,dec_deg,elong_deg,v_mag,motion_arcsec_per_min,pa_deg,uncertainty,source_url
20260512T093110Z,2026-05-12T09:31:10.875814Z,20260512T093110Z_batch01,C469P61,2026-05-12T08:00:00Z,15 25 36.7,231.40291666666664,-07 58 07,-7.9686111111111115,169.6,18.6,71.52,80.2,Map/Offsets   !,https://cgi.minorplanetcenter.net/cgi-bin/confirmeph2.cgi
20260512T093110Z,2026-05-12T09:31:10.875814Z,20260512T093110Z_batch01,C469P61,2026-05-12T09:00:00Z,15 30 24.0,232.6,-07 45 41,-7.761388888888889,169.1,18.6,72.93,80.0,Map/Offsets   !,https://cgi.minorplanetcenter.net/cgi-bin/confirmeph2.cgi
20260512T093110Z,2026-05-12T09:31:10.875814Z,20260512T093110Z_batch01,C469P61,2026-05-12T10:00:00Z,15 35 16.6,233.81916666666666,-07 32 49,-7.546944444444445,168.4,18.6,74.32,79.8,Map/Offsets   !,https://cgi.minorplanetcenter.net/cgi-bin/confirmeph2.cgi
20260512T093110Z,2026-05-12T09:31:10.875814Z,20260512T093110Z_batch01,C469P61,2026-05-12T11:00:00Z,15 40 14.3,235.0595833333333,-07 19 30,-7.325,167.7,18.6,75.67,79.7,Map/Offsets   !,https://cgi.minorplanetcenter.net/cgi-bin/confirmeph2.cgi
20260512T093110Z,2026-05-12T09:31:10.875814Z,20260512T093110Z_batch01,C469P61,2026-05-12T12:00:00Z,15 45 17.0,236.32083333333333,-07 05 44,-7.095555555555555,166.9,18.6,76.99,79.5,Map/Offsets   !,https://cgi.minorplanetcenter.net/cgi-bin/confirmeph2.cgi
20260512T093110Z,2026-05-12T09:31:10.875814Z,20260512T093110Z_batch01,C469P61,2026-05-12T13:00:00Z,15 50 24.6,237.6025,-06 51 31,-6.85861111111111,166.0,18.6,78.26,79.4,Map/Offsets   !,https://cgi.minorplanetcenter.net/cgi-bin/confirmeph2.cgi
20260512T093110Z,2026-05-12T09:31:10.875814Z,20260512T093110Z_batch01,C469P61,2026-05-12T14:00:00Z,15 55 36.7,238.90291666666664,-06 36 52,-6.614444444444444,165.0,18.7,79.48,79.2,Map/Offsets   !,https://cgi.minorplanetcenter.net/cgi-bin/confirmeph2.cgi
20260512T093110Z,2026-05-12T09:31:10.875814Z,20260512T093110Z_batch01,C469P61,2026-05-12T15:00:00Z,16 00 53.3,240.22208333333333,-06 21 48,-6.363333333333333,164.0,18.7,80.64,79.1,Map/Offsets   !,https://cgi.minorplanetcenter.net/cgi-bin/confirmeph2.cgi
20260512T093110Z,2026-05-12T09:31:10.875814Z,20260512T093110Z_batch01,C469P61,2026-05-12T16:00:00Z,16 06 14.0,241.55833333333334,-06 06 18,-6.1049999999999995,162.9,18.7,81.74,78.9,Map/Offsets   !,https://cgi.minorplanetcenter.net/cgi-bin/confirmeph2.cgi
20260512T093110Z,2026-05-12T09:31:10.875814Z,20260512T093110Z_batch01,C469P61,2026-05-12T17:00:00Z,16 11 38.6,242.9108333333333,-05 50 25,-5.840277777777778,161.8,18.7,82.77,78.8,Map/Offsets   !,https://cgi.minorplanetcenter.net/cgi-bin/confirmeph2.cgi
20260512T093110Z,2026-05-12T09:31:10.875814Z,20260512T093110Z_batch01,C469P61,2026-05-12T18:00:00Z,16 17 06.8,244.27833333333336,-05 34 08,-5.568888888888889,160.6,18.7,83.72,78.7,Map/Offsets   !,https://cgi.minorplanetcenter.net/cgi-bin/confirmeph2.cgi
20260512T093110Z,2026-05-12T09:31:10.875814Z,20260512T093110Z_batch01,C469P61,2026-05-12T19:00:00Z,16 22 38.3,245.65958333333333,-05 17 29,-5.291388888888889,159.5,18.8,84.58,78.5,Map/Offsets   !,https://cgi.minorplanetcenter.net/cgi-bin/confirmeph2.cgi
20260512T093110Z,2026-05-12T09:31:10.875814Z,20260512T093110Z_batch01,C469P61,2026-05-12T20:00:00Z,16 28 12.6,247.05249999999995,-05 00 29,-5.008055555555556,158.2,18.8,85.35,78.4,Map/Offsets   !,https://cgi.minorplanetcenter.net/cgi-bin/confirmeph2.cgi
20260512T093110Z,2026-05-12T09:31:10.875814Z,20260512T093110Z_batch01,C469P61,2026-05-12T21:00:00Z,16 33 49.6,248.4566666666667,-04 43 10,-4.719444444444445,157.0,18.8,86.02,78.3,Map/Offsets   !!,https://cgi.minorplanetcenter.net/cgi-bin/confirmeph2.cgi
20260512T093110Z,2026-05-12T09:31:10.875814Z,20260512T093110Z_batch01,C469P61,2026-05-12T22:00:00Z,16 39 28.7,249.8695833333333,-04 25 33,-4.425833333333333,155.7,18.9,86.6,78.2,Map/Offsets   !!,https://cgi.minorplanetcenter.net/cgi-bin/confirmeph2.cgi
20260512T093110Z,2026-05-12T09:31:10.875814Z,20260512T093110Z_batch01,C469P61,2026-05-12T23:00:00Z,16 45 09.5,251.28958333333333,-04 07 40,-4.127777777777777,154.4,18.9,87.07,78.1,Map/Offsets   !!,https://cgi.minorplanetcenter.net/cgi-bin/confirmeph2.cgi
20260512T093110Z,2026-05-12T09:31:10.875814Z,20260512T093110Z_batch01,C469P61,2026-05-13T00:00:00Z,16 50 51.8,252.7158333333333,-03 49 32,-3.8255555555555554,153.1,18.9,87.43,78.0,Map/Offsets   !!,https://cgi.minorplanetcenter.net/cgi-bin/confirmeph2.cgi
20260512T093110Z,2026-05-12T09:31:10.875814Z,20260512T093110Z_batch01,C469P61,2026-05-13T01:00:00Z,16 56 35.0,254.14583333333334,-03 31 13,-3.520277777777778,151.8,19.0,87.68,77.9,Map/Offsets   !!,https://cgi.minorplanetcenter.net/cgi-bin/confirmeph2.cgi
20260512T093110Z,2026-05-12T09:31:10.875814Z,20260512T093110Z_batch01,C469P61,2026-05-13T02:00:00Z,17 02 18.7,255.5779166666667,-03 12 43,-3.2119444444444447,150.4,19.0,87.81,77.8,Map/Offsets   !!,https://cgi.minorplanetcenter.net/cgi-bin/confirmeph2.cgi
20260512T093110Z,2026-05-12T09:31:10.875814Z,20260512T093110Z_batch01,C469P61,2026-05-13T03:00:00Z,17 08 02.5,257.0104166666667,-02 54 05,-2.901388888888889,149.1,19.0,87.83,77.7,Map/Offsets   !!,https://cgi.minorplanetcenter.net/cgi-bin/confirmeph2.cgi
20260512T093110Z,2026-05-12T09:31:10.875814Z,20260512T093110Z_batch01,C469P61,2026-05-13T04:00:00Z,17 13 46.0,258.44166666666666,-02 35 21,-2.589166666666667,147.7,19.1,87.74,77.6,Map/Offsets   !!,https://cgi.minorplanetcenter.net/cgi-bin/confirmeph2.cgi
20260512T093110Z,2026-05-12T09:31:10.875814Z,20260512T093110Z_batch01,C469P61,2026-05-13T05:00:00Z,17 19 28.7,259.8695833333333,-02 16 33,-2.2758333333333334,146.4,19.1,87.53,77.6,Map/Offsets   !!,https://cgi.minorplanetcenter.net/cgi-bin/confirmeph2.cgi
20260512T093110Z,2026-05-12T09:31:10.875814Z,20260512T093110Z_batch01,C469P61,2026-05-13T06:00:00Z,17 25 10.3,261.2929166666667,-01 57 43,-1.9619444444444445,145.0,19.2,87.21,77.5,Map/Offsets   !!,https://cgi.minorplanetcenter.net/cgi-bin/confirmeph2.cgi
20260512T093110Z,2026-05-12T09:31:10.875814Z,20260512T093110Z_batch01,C469P61,2026-05-13T07:00:00Z,17 30 50.2,262.70916666666665,-01 38 54,-1.6483333333333332,143.7,19.2,86.78,77.5,Map/Offsets   !!,https://cgi.minorplanetcenter.net/cgi-bin/confirmeph2.cgi
20260512T093110Z,2026-05-12T09:31:10.875814Z,20260512T093110Z_batch01,C469P61,2026-05-13T08:00:00Z,17 36 28.2,264.1175,-01 20 08,-1.3355555555555554,142.3,19.2,86.24,77.5,Map/Offsets   !!,https://cgi.minorplanetcenter.net/cgi-bin/confirmeph2.cgi
20260512T093110Z,2026-05-12T09:31:10.875814Z,20260512T093110Z_batch01,A11CdJC,2026-05-12T08:00:00Z,18 01 50.0,270.4583333333333,-31 21 58,-31.366111111111113,140.2,18.4,0.18,179.6,Map/Offsets,https://cgi.minorplanetcenter.net/cgi-bin/confirmeph2.cgi
20260512T093110Z,2026-05-12T09:31:10.875814Z,20260512T093110Z_batch01,A11CdJC,2026-05-12T09:00:00Z,18 01 50.0,270.4583333333333,-31 22 09,-31.36916666666667,140.2,18.4,0.18,179.8,Map/Offsets,https://cgi.minorplanetcenter.net/cgi-bin/confirmeph2.cgi
20260512T093110Z,2026-05-12T09:31:10.875814Z,20260512T093110Z_batch01,A11CdJC,2026-05-12T10:00:00Z,18 01 50.0,270.4583333333333,-31 22 20,-31.372222222222224,140.3,18.4,0.18,179.9,Map/Offsets,https://cgi.minorplanetcenter.net/cgi-bin/confirmeph2.cgi
20260512T093110Z,2026-05-12T09:31:10.875814Z,20260512T093110Z_batch01,A11CdJC,2026-05-12T11:00:00Z,18 01 50.0,270.4583333333333,-31 22 31,-31.37527777777778,140.3,18.4,0.18,180.0,Map/Offsets,https://cgi.minorplanetcenter.net/cgi-bin/confirmeph2.cgi
20260512T093110Z,2026-05-12T09:31:10.875814Z,20260512T093110Z_batch01,A11CdJC,2026-05-12T12:00:00Z,18 01 50.0,270.4583333333333,-31 22 42,-31.378333333333334,140.3,18.4,0.18,180.2,Map/Offsets,https://cgi.minorplanetcenter.net/cgi-bin/confirmeph2.cgi
20260512T093110Z,2026-05-12T09:31:10.875814Z,20260512T093110Z_batch01,A11CdJC,2026-05-12T13:00:00Z,18 01 50.0,270.4583333333333,-31 22 53,-31.38138888888889,140.4,18.4,0.18,180.3,Map/Offsets,https://cgi.minorplanetcenter.net/cgi-bin/confirmeph2.cgi
20260512T093110Z,2026-05-12T09:31:10.875814Z,20260512T093110Z_batch01,A11CdJC,2026-05-12T14:00:00Z,18 01 50.0,270.4583333333333,-31 23 04,-31.384444444444444,140.4,18.4,0.18,180.5,Map/Offsets,https://cgi.minorplanetcenter.net/cgi-bin/confirmeph2.cgi
20260512T093110Z,2026-05-12T09:31:10.875814Z,20260512T093110Z_batch01,A11CdJC,2026-05-12T15:00:00Z,18 01 50.0,270.4583333333333,-31 23 15,-31.3875,140.5,18.4,0.18,180.6,Map/Offsets,https://cgi.minorplanetcenter.net/cgi-bin/confirmeph2.cgi
20260512T093110Z,2026-05-12T09:31:10.875814Z,20260512T093110Z_batch01,A11CdJC,2026-05-12T16:00:00Z,18 01 50.0,270.4583333333333,-31 23 26,-31.390555555555554,140.5,18.4,0.18,180.8,Map/Offsets,https://cgi.minorplanetcenter.net/cgi-bin/confirmeph2.cgi
20260512T093110Z,2026-05-12T09:31:10.875814Z,20260512T093110Z_batch01,A11CdJC,2026-05-12T17:00:00Z,18 01 50.0,270.4583333333333,-31 23 37,-31.39361111111111,140.5,18.4,0.18,180.9,Map/Offsets,https://cgi.minorplanetcenter.net/cgi-bin/confirmeph2.cgi
20260512T093110Z,2026-05-12T09:31:10.875814Z,20260512T093110Z_batch01,A11CdJC,2026-05-12T18:00:00Z,18 01 50.0,270.4583333333333,-31 23 48,-31.396666666666665,140.6,18.4,0.18,181.0,Map/Offsets,https://cgi.minorplanetcenter.net/cgi-bin/confirmeph2.cgi
20260512T093110Z,2026-05-12T09:31:10.875814Z,20260512T093110Z_batch01,A11CdJC,2026-05-12T19:00:00Z,18 01 50.0,270.4583333333333,-31 23 59,-31.399722222222223,140.6,18.4,0.18,181.2,Map/Offsets,https://cgi.minorplanetcenter.net/cgi-bin/confirmeph2.cgi
20260512T093110Z,2026-05-12T09:31:10.875814Z,20260512T093110Z_batch01,A11CdJC,2026-05-12T20:00:00Z,18 01 49.9,270.4579166666667,-31 24 09,-31.4025,140.7,18.4,0.18,181.3,Map/Offsets,https://cgi.minorplanetcenter.net/cgi-bin/confirmeph2.cgi
20260512T093110Z,2026-05-12T09:31:10.875814Z,20260512T093110Z_batch01,A11CdJC,2026-05-12T21:00:00Z,18 01 49.9,270.4579166666667,-31 24 20,-31.405555555555555,140.7,18.4,0.18,181.5,Map/Offsets,https://cgi.minorplanetcenter.net/cgi-bin/confirmeph2.cgi
20260512T093110Z,2026-05-12T09:31:10.875814Z,20260512T093110Z_batch01,A11CdJC,2026-05-12T22:00:00Z,18 01 49.9,270.4579166666667,-31 24 31,-31.40861111111111,140.7,18.4,0.18,181.6,Map/Offsets,https://cgi.minorplanetcenter.net/cgi-bin/confirmeph2.cgi
20260512T093110Z,2026-05-12T09:31:10.875814Z,20260512T093110Z_batch01,A11CdJC,2026-05-12T23:00:00Z,18 01 49.9,270.4579166666667,-31 24 42,-31.411666666666665,140.8,18.4,0.18,181.8,Map/Offsets,https://cgi.minorplanetcenter.net/cgi-bin/confirmeph2.cgi
20260512T093110Z,2026-05-12T09:31:10.875814Z,20260512T093110Z_batch01,A11CdJC,2026-05-13T00:00:00Z,18 01 49.8,270.4575,-31 24 53,-31.41472222222222,140.8,18.4,0.18,181.9,Map/Offsets,https://cgi.minorplanetcenter.net/cgi-bin/confirmeph2.cgi
20260512T093110Z,2026-05-12T09:31:10.875814Z,20260512T093110Z_batch01,A11CdJC,2026-05-13T01:00:00Z,18 01 49.8,270.4575,-31 25 04,-31.41777777777778,140.8,18.4,0.18,182.0,Map/Offsets,https://cgi.minorplanetcenter.net/cgi-bin/confirmeph2.cgi
20260512T093110Z,2026-05-12T09:31:10.875814Z,20260512T093110Z_batch01,A11CdJC,2026-05-13T02:00:00Z,18 01 49.8,270.4575,-31 25 15,-31.420833333333334,140.9,18.4,0.18,182.2,Map/Offsets,https://cgi.minorplanetcenter.net/cgi-bin/confirmeph2.cgi
20260512T093110Z,2026-05-12T09:31:10.875814Z,20260512T093110Z_batch01,A11CdJC,2026-05-13T03:00:00Z,18 01 49.7,270.45708333333334,-31 25 26,-31.42388888888889,140.9,18.4,0.18,182.3,Map/Offsets,https://cgi.minorplanetcenter.net/cgi-bin/confirmeph2.cgi
20260512T093110Z,2026-05-12T09:31:10.875814Z,20260512T093110Z_batch01,A11CdJC,2026-05-13T04:00:00Z,18 01 49.7,270.45708333333334,-31 25 37,-31.426944444444445,141.0,18.4,0.18,182.5,Map/Offsets,https://cgi.minorplanetcenter.net/cgi-bin/confirmeph2.cgi
20260512T093110Z,2026-05-12T09:31:10.875814Z,20260512T093110Z_batch01,A11CdJC,2026-05-13T05:00:00Z,18 01 49.7,270.45708333333334,-31 25 48,-31.43,141.0,18.4,0.18,182.6,Map/Offsets,https://cgi.minorplanetcenter.net/cgi-bin/confirmeph2.cgi
20260512T093110Z,2026-05-12T09:31:10.875814Z,20260512T093110Z_batch01,A11CdJC,2026-05-13T06:00:00Z,18 01 49.6,270.45666666666665,-31 25 59,-31.43305555555556,141.0,18.4,0.18,182.8,Map/Offsets,https://cgi.minorplanetcenter.net/cgi-bin/confirmeph2.cgi
20260512T093110Z,2026-05-12T09:31:10.875814Z,20260512T093110Z_batch01,A11CdJC,2026-05-13T07:00:00Z,18 01 49.6,270.45666666666665,-31 26 10,-31.43611111111111,141.1,18.4,0.18,182.9,Map/Offsets,https://cgi.minorplanetcenter.net/cgi-bin/confirmeph2.cgi
20260512T093110Z,2026-05-12T09:31:10.875814Z,20260512T093110Z_batch01,A11CdJC,2026-05-13T08:00:00Z,18 01 49.5,270.45625,-31 26 21,-31.439166666666665,141.1,18.4,0.18,183.0,Map/Offsets,https://cgi.minorplanetcenter.net/cgi-bin/confirmeph2.cgi
20260512T093110Z,2026-05-12T09:31:10.875814Z,20260512T093110Z_batch01,CEM1YU2,2026-05-12T08:00:00Z,15 14 18.7,228.57791666666665,+14 05 08,14.085555555555556,147.8,20.6,23.02,202.4,Map/Offsets   !,https://cgi.minorplanetcenter.net/cgi-bin/confirmeph2.cgi
20260512T093110Z,2026-05-12T09:31:10.875814Z,20260512T093110Z_batch01,CEM1YU2,2026-05-12T09:00:00Z,15 13 42.8,228.42833333333334,+13 43 58,13.732777777777779,148.2,20.6,22.76,202.4,Map/Offsets   !,https://cgi.minorplanetcenter.net/cgi-bin/confirmeph2.cgi
20260512T093110Z,2026-05-12T09:31:10.875814Z,20260512T093110Z_batch01,CEM1YU2,2026-05-12T10:00:00Z,15 13 07.3,228.28041666666667,+13 23 02,13.383888888888889,148.5,20.6,22.51,202.3,Map/Offsets   !,https://cgi.minorplanetcenter.net/cgi-bin/confirmeph2.cgi
20260512T093110Z,2026-05-12T09:31:10.875814Z,20260512T093110Z_batch01,CEM1YU2,2026-05-12T11:00:00Z,15 12 32.4,228.135,+13 02 20,13.03888888888889,148.8,20.6,22.25,202.3,Map/Offsets   !,https://cgi.minorplanetcenter.net/cgi-bin/confirmeph2.cgi
20260512T093110Z,2026-05-12T09:31:10.875814Z,20260512T093110Z_batch01,CEM1YU2,2026-05-12T12:00:00Z,15 11 58.0,227.99166666666667,+12 41 51,12.6975,149.2,20.6,22.0,202.3,Map/Offsets   !,https://cgi.minorplanetcenter.net/cgi-bin/confirmeph2.cgi
20260512T093110Z,2026-05-12T09:31:10.875814Z,20260512T093110Z_batch01,CEM1YU2,2026-05-12T13:00:00Z,15 11 24.0,227.85,+12 21 36,12.36,149.5,20.6,21.76,202.2,Map/Offsets   !,https://cgi.minorplanetcenter.net/cgi-bin/confirmeph2.cgi
20260512T093110Z,2026-05-12T09:31:10.875814Z,20260512T093110Z_batch01,CEM1YU2,2026-05-12T14:00:00Z,15 10 50.5,227.71041666666667,+12 01 35,12.02638888888889,149.8,20.6,21.51,202.2,Map/Offsets   !,https://cgi.minorplanetcenter.net/cgi-bin/confirmeph2.cgi
20260512T093110Z,2026-05-12T09:31:10.875814Z,20260512T093110Z_batch01,CEM1YU2,2026-05-12T15:00:00Z,15 10 17.5,227.57291666666666,+11 41 46,11.696111111111112,150.1,20.6,21.27,202.2,Map/Offsets   !,https://cgi.minorplanetcenter.net/cgi-bin/confirmeph2.cgi
20260512T093110Z,2026-05-12T09:31:10.875814Z,20260512T093110Z_batch01,CEM1YU2,2026-05-12T16:00:00Z,15 09 44.9,227.43708333333333,+11 22 11,11.369722222222222,150.4,20.6,21.03,202.2,Map/Offsets   !,https://cgi.minorplanetcenter.net/cgi-bin/confirmeph2.cgi
20260512T093110Z,2026-05-12T09:31:10.875814Z,20260512T093110Z_batch01,CEM1YU2,2026-05-12T17:00:00Z,15 09 12.8,227.30333333333334,+11 02 49,11.046944444444444,150.7,20.6,20.79,202.1,Map/Offsets   !,https://cgi.minorplanetcenter.net/cgi-bin/confirmeph2.cgi
20260512T093110Z,2026-05-12T09:31:10.875814Z,20260512T093110Z_batch01,CEM1YU2,2026-05-12T18:00:00Z,15 08 41.1,227.17125000000001,+10 43 40,10.727777777777778,151.0,20.6,20.55,202.1,Map/Offsets   !,https://cgi.minorplanetcenter.net/cgi-bin/confirmeph2.cgi
20260512T093110Z,2026-05-12T09:31:10.875814Z,20260512T093110Z_batch01,CEM1YU2,2026-05-12T19:00:00Z,15 08 09.9,227.04125,+10 24 44,10.412222222222223,151.3,20.6,20.32,202.1,Map/Offsets   !,https://cgi.minorplanetcenter.net/cgi-bin/confirmeph2.cgi
20260512T093110Z,2026-05-12T09:31:10.875814Z,20260512T093110Z_batch01,CEM1YU2,2026-05-12T20:00:00Z,15 07 39.0,226.91250000000002,+10 06 00,10.1,151.6,20.6,20.09,202.0,Map/Offsets   !,https://cgi.minorplanetcenter.net/cgi-bin/confirmeph2.cgi
20260512T093110Z,2026-05-12T09:31:10.875814Z,20260512T093110Z_batch01,CEM1YU2,2026-05-12T21:00:00Z,15 07 08.6,226.78583333333336,+09 47 29,9.79138888888889,151.9,20.6,19.86,202.0,Map/Offsets   !,https://cgi.minorplanetcenter.net/cgi-bin/confirmeph2.cgi
20260512T093110Z,2026-05-12T09:31:10.875814Z,20260512T093110Z_batch01,CEM1YU2,2026-05-12T22:00:00Z,15 06 38.5,226.66041666666666,+09 29 11,9.486388888888888,152.2,20.6,19.64,202.0,Map/Offsets   !,https://cgi.minorplanetcenter.net/cgi-bin/confirmeph2.cgi
20260512T093110Z,2026-05-12T09:31:10.875814Z,20260512T093110Z_batch01,CEM1YU2,2026-05-12T23:00:00Z,15 06 08.9,226.53708333333333,+09 11 04,9.184444444444445,152.4,20.6,19.41,202.0,Map/Offsets   !,https://cgi.minorplanetcenter.net/cgi-bin/confirmeph2.cgi
20260512T093110Z,2026-05-12T09:31:10.875814Z,20260512T093110Z_batch01,CEM1YU2,2026-05-13T00:00:00Z,15 05 39.7,226.4154166666667,+08 53 10,8.886111111111111,152.7,20.6,19.19,202.0,Map/Offsets   !,https://cgi.minorplanetcenter.net/cgi-bin/confirmeph2.cgi
20260512T093110Z,2026-05-12T09:31:10.875814Z,20260512T093110Z_batch01,CEM1YU2,2026-05-13T01:00:00Z,15 05 10.8,226.29500000000002,+08 35 28,8.591111111111111,153.0,20.6,18.98,201.9,Map/Offsets   !,https://cgi.minorplanetcenter.net/cgi-bin/confirmeph2.cgi
20260512T093110Z,2026-05-12T09:31:10.875814Z,20260512T093110Z_batch01,CEM1YU2,2026-05-13T02:00:00Z,15 04 42.3,226.17624999999998,+08 17 58,8.299444444444445,153.2,20.6,18.76,201.9,Map/Offsets   !,https://cgi.minorplanetcenter.net/cgi-bin/confirmeph2.cgi
20260512T093110Z,2026-05-12T09:31:10.875814Z,20260512T093110Z_batch01,CEM1YU2,2026-05-13T03:00:00Z,15 04 14.2,226.05916666666667,+08 00 39,8.010833333333334,153.5,20.6,18.55,201.9,Map/Offsets   !,https://cgi.minorplanetcenter.net/cgi-bin/confirmeph2.cgi
20260512T093110Z,2026-05-12T09:31:10.875814Z,20260512T093110Z_batch01,CEM1YU2,2026-05-13T04:00:00Z,15 03 46.4,225.94333333333333,+07 43 33,7.725833333333333,153.7,20.6,18.34,201.9,Map/Offsets   !,https://cgi.minorplanetcenter.net/cgi-bin/confirmeph2.cgi
20260512T093110Z,2026-05-12T09:31:10.875814Z,20260512T093110Z_batch01,CEM1YU2,2026-05-13T05:00:00Z,15 03 19.0,225.82916666666668,+07 26 37,7.443611111111111,154.0,20.6,18.13,201.9,Map/Offsets   !,https://cgi.minorplanetcenter.net/cgi-bin/confirmeph2.cgi
20260512T093110Z,2026-05-12T09:31:10.875814Z,20260512T093110Z_batch01,CEM1YU2,2026-05-13T06:00:00Z,15 02 51.9,225.71625,+07 09 53,7.164722222222222,154.2,20.7,17.93,201.8,Map/Offsets   !,https://cgi.minorplanetcenter.net/cgi-bin/confirmeph2.cgi
20260512T093110Z,2026-05-12T09:31:10.875814Z,20260512T093110Z_batch01,CEM1YU2,2026-05-13T07:00:00Z,15 02 25.2,225.605,+06 53 20,6.888888888888888,154.5,20.7,17.72,201.8,Map/Offsets   !,https://cgi.minorplanetcenter.net/cgi-bin/confirmeph2.cgi
20260512T093110Z,2026-05-12T09:31:10.875814Z,20260512T093110Z_batch01,CEM1YU2,2026-05-13T08:00:00Z,15 01 58.8,225.495,+06 36 59,6.616388888888888,154.7,20.7,17.52,201.8,Map/Offsets   !,https://cgi.minorplanetcenter.net/cgi-bin/confirmeph2.cgi
20260512T093110Z,2026-05-12T09:31:10.875814Z,20260512T093110Z_batch01,CEM20F2,2026-05-12T08:00:00Z,14 48 35.2,222.14666666666668,+17 55 05,17.918055555555558,143.4,21.9,3.88,157.3,Map/Offsets   !,https://cgi.minorplanetcenter.net/cgi-bin/confirmeph2.cgi
20260512T093110Z,2026-05-12T09:31:10.875814Z,20260512T093110Z_batch01,CEM20F2,2026-05-12T09:00:00Z,14 48 41.4,222.1725,+17 51 32,17.85888888888889,143.5,21.9,3.81,157.4,Map/Offsets   !,https://cgi.minorplanetcenter.net/cgi-bin/confirmeph2.cgi
20260512T093110Z,2026-05-12T09:31:10.875814Z,20260512T093110Z_batch01,CEM20F2,2026-05-12T10:00:00Z,14 48 47.5,222.19791666666669,+17 48 02,17.800555555555555,143.5,21.9,3.75,157.4,Map/Offsets   !,https://cgi.minorplanetcenter.net/cgi-bin/confirmeph2.cgi
20260512T093110Z,2026-05-12T09:31:10.875814Z,20260512T093110Z_batch01,CEM20F2,2026-05-12T11:00:00Z,14 48 53.5,222.2229166666667,+17 44 37,17.74361111111111,143.5,21.9,3.69,157.4,Map/Offsets   !,https://cgi.minorplanetcenter.net/cgi-bin/confirmeph2.cgi
20260512T093110Z,2026-05-12T09:31:10.875814Z,20260512T093110Z_batch01,CEM20F2,2026-05-12T12:00:00Z,14 48 59.4,222.24750000000003,+17 41 14,17.68722222222222,143.6,21.9,3.62,157.4,Map/Offsets   !,https://cgi.minorplanetcenter.net/cgi-bin/confirmeph2.cgi
20260512T093110Z,2026-05-12T09:31:10.875814Z,20260512T093110Z_batch01,CEM20F2,2026-05-12T13:00:00Z,14 49 05.2,222.27166666666668,+17 37 55,17.631944444444446,143.6,22.0,3.57,157.4,Map/Offsets   !,https://cgi.minorplanetcenter.net/cgi-bin/confirmeph2.cgi
20260512T093110Z,2026-05-12T09:31:10.875814Z,20260512T093110Z_batch01,CEM20F2,2026-05-12T14:00:00Z,14 49 10.9,222.29541666666665,+17 34 39,17.5775,143.7,22.0,3.51,157.5,Map/Offsets   !,https://cgi.minorplanetcenter.net/cgi-bin/confirmeph2.cgi
20260512T093110Z,2026-05-12T09:31:10.875814Z,20260512T093110Z_batch01,CEM20F2,2026-05-12T15:00:00Z,14 49 16.5,222.31875,+17 31 26,17.523888888888887,143.7,22.0,3.45,157.5,Map/Offsets   !,https://cgi.minorplanetcenter.net/cgi-bin/confirmeph2.cgi
20260512T093110Z,2026-05-12T09:31:10.875814Z,20260512T093110Z_batch01,CEM20F2,2026-05-12T16:00:00Z,14 49 22.0,222.34166666666664,+17 28 16,17.47111111111111,143.7,22.0,3.4,157.5,Map/Offsets   !,https://cgi.minorplanetcenter.net/cgi-bin/confirmeph2.cgi
20260512T093110Z,2026-05-12T09:31:10.875814Z,20260512T093110Z_batch01,CEM20F2,2026-05-12T17:00:00Z,14 49 27.4,222.36416666666665,+17 25 09,17.41916666666667,143.8,22.0,3.35,157.5,Map/Offsets   !,https://cgi.minorplanetcenter.net/cgi-bin/confirmeph2.cgi
20260512T093110Z,2026-05-12T09:31:10.875814Z,20260512T093110Z_batch01,CEM20F2,2026-05-12T18:00:00Z,14 49 32.7,222.38625,+17 22 05,17.368055555555557,143.8,22.0,3.29,157.5,Map/Offsets,https://cgi.minorplanetcenter.net/cgi-bin/confirmeph2.cgi
20260512T093110Z,2026-05-12T09:31:10.875814Z,20260512T093110Z_batch01,CEM20F2,2026-05-12T19:00:00Z,14 49 38.0,222.40833333333333,+17 19 04,17.317777777777778,143.9,22.1,3.24,157.5,Map/Offsets,https://cgi.minorplanetcenter.net/cgi-bin/confirmeph2.cgi
20260512T093110Z,2026-05-12T09:31:10.875814Z,20260512T093110Z_batch01,CEM20F2,2026-05-12T20:00:00Z,14 49 43.1,222.42958333333334,+17 16 06,17.26833333333333,143.9,22.1,3.19,157.6,Map/Offsets,https://cgi.minorplanetcenter.net/cgi-bin/confirmeph2.cgi
20260512T093110Z,2026-05-12T09:31:10.875814Z,20260512T093110Z_batch01,CEM20F2,2026-05-12T21:00:00Z,14 49 48.2,222.45083333333332,+17 13 10,17.21944444444444,143.9,22.1,3.15,157.6,Map/Offsets,https://cgi.minorplanetcenter.net/cgi-bin/confirmeph2.cgi
20260512T093110Z,2026-05-12T09:31:10.875814Z,20260512T093110Z_batch01,CEM20F2,2026-05-12T22:00:00Z,14 49 53.2,222.47166666666664,+17 10 17,17.17138888888889,144.0,22.1,3.1,157.6,Map/Offsets,https://cgi.minorplanetcenter.net/cgi-bin/confirmeph2.cgi
20260512T093110Z,2026-05-12T09:31:10.875814Z,20260512T093110Z_batch01,CEM20F2,2026-05-12T23:00:00Z,14 49 58.1,222.49208333333334,+17 07 26,17.12388888888889,144.0,22.1,3.05,157.6,Map/Offsets,https://cgi.minorplanetcenter.net/cgi-bin/confirmeph2.cgi
20260512T093110Z,2026-05-12T09:31:10.875814Z,20260512T093110Z_batch01,CEM20F2,2026-05-13T00:00:00Z,14 50 02.9,222.51208333333332,+17 04 38,17.077222222222222,144.0,22.1,3.01,157.6,Map/Offsets,https://cgi.minorplanetcenter.net/cgi-bin/confirmeph2.cgi
20260512T093110Z,2026-05-12T09:31:10.875814Z,20260512T093110Z_batch01,CEM20F2,2026-05-13T01:00:00Z,14 50 07.7,222.53208333333333,+17 01 52,17.03111111111111,144.1,22.2,2.96,157.6,Map/Offsets,https://cgi.minorplanetcenter.net/cgi-bin/confirmeph2.cgi
20260512T093110Z,2026-05-12T09:31:10.875814Z,20260512T093110Z_batch01,CEM20F2,2026-05-13T02:00:00Z,14 50 12.3,222.55125,+16 59 09,16.985833333333336,144.1,22.2,2.92,157.7,Map/Offsets,https://cgi.minorplanetcenter.net/cgi-bin/confirmeph2.cgi
20260512T093110Z,2026-05-12T09:31:10.875814Z,20260512T093110Z_batch01,CEM20F2,2026-05-13T03:00:00Z,14 50 16.9,222.5704166666667,+16 56 28,16.941111111111113,144.1,22.2,2.88,157.7,Map/Offsets,https://cgi.minorplanetcenter.net/cgi-bin/confirmeph2.cgi
20260512T093110Z,2026-05-12T09:31:10.875814Z,20260512T093110Z_batch01,CEM20F2,2026-05-13T04:00:00Z,14 50 21.5,222.58958333333334,+16 53 50,16.897222222222222,144.1,22.2,2.84,157.7,Map/Offsets,https://cgi.minorplanetcenter.net/cgi-bin/confirmeph2.cgi
20260512T093110Z,2026-05-12T09:31:10.875814Z,20260512T093110Z_batch01,CEM20F2,2026-05-13T05:00:00Z,14 50 26.0,222.60833333333332,+16 51 13,16.853611111111114,144.2,22.2,2.8,157.7,Map/Offsets,https://cgi.minorplanetcenter.net/cgi-bin/confirmeph2.cgi
20260512T093110Z,2026-05-12T09:31:10.875814Z,20260512T093110Z_batch01,CEM20F2,2026-05-13T06:00:00Z,14 50 30.4,222.62666666666667,+16 48 39,16.810833333333335,144.2,22.2,2.76,157.7,Map/Offsets,https://cgi.minorplanetcenter.net/cgi-bin/confirmeph2.cgi
20260512T093110Z,2026-05-12T09:31:10.875814Z,20260512T093110Z_batch01,CEM20F2,2026-05-13T07:00:00Z,14 50 34.7,222.64458333333334,+16 46 07,16.76861111111111,144.2,22.2,2.72,157.7,Map/Offsets,https://cgi.minorplanetcenter.net/cgi-bin/confirmeph2.cgi
20260512T093110Z,2026-05-12T09:31:10.875814Z,20260512T093110Z_batch01,CEM20F2,2026-05-13T08:00:00Z,14 50 39.0,222.66250000000002,+16 43 37,16.72694444444444,144.3,22.3,2.68,157.8,Map/Offsets,https://cgi.minorplanetcenter.net/cgi-bin/confirmeph2.cgi
20260512T093110Z,2026-05-12T09:31:10.875814Z,20260512T093110Z_batch01,ST26E46,2026-05-12T08:00:00Z,16 26 14.8,246.56166666666667,-17 04 05,-17.068055555555556,163.1,18.8,97.82,115.1,Map/Offsets   ***,https://cgi.minorplanetcenter.net/cgi-bin/confirmeph2.cgi
20260512T093110Z,2026-05-12T09:31:10.875814Z,20260512T093110Z_batch01,ST26E46,2026-05-12T09:00:00Z,16 32 34.0,248.14166666666668,-17 45 56,-17.765555555555554,161.7,18.8,101.5,114.6,Map/Offsets   ***,https://cgi.minorplanetcenter.net/cgi-bin/confirmeph2.cgi
20260512T093110Z,2026-05-12T09:31:10.875814Z,20260512T093110Z_batch01,ST26E46,2026-05-12T10:00:00Z,16 39 10.4,249.79333333333332,-18 28 33,-18.47583333333333,160.2,18.8,105.2,114.1,Map/Offsets   ***,https://cgi.minorplanetcenter.net/cgi-bin/confirmeph2.cgi
20260512T093110Z,2026-05-12T09:31:10.875814Z,20260512T093110Z_batch01,ST26E46,2026-05-12T11:00:00Z,16 46 04.5,251.51874999999995,-19 11 47,-19.19638888888889,158.6,18.8,109.0,113.5,Map/Offsets   ***,https://cgi.minorplanetcenter.net/cgi-bin/confirmeph2.cgi
20260512T093110Z,2026-05-12T09:31:10.875814Z,20260512T093110Z_batch01,ST26E46,2026-05-12T12:00:00Z,16 53 16.7,253.3195833333333,-19 55 29,-19.924722222222222,156.9,18.8,112.6,112.9,Map/Offsets   ***,https://cgi.minorplanetcenter.net/cgi-bin/confirmeph2.cgi
20260512T093110Z,2026-05-12T09:31:10.875814Z,20260512T093110Z_batch01,ST26E46,2026-05-12T13:00:00Z,17 00 47.3,255.19708333333335,-20 39 29,-20.658055555555553,155.2,18.8,116.3,112.3,Map/Offsets   ***,https://cgi.minorplanetcenter.net/cgi-bin/confirmeph2.cgi
20260512T093110Z,2026-05-12T09:31:10.875814Z,20260512T093110Z_batch01,ST26E46,2026-05-12T14:00:00Z,17 08 36.6,257.1525,-21 23 34,-21.392777777777777,153.4,18.9,119.8,111.6,Map/Offsets   ***,https://cgi.minorplanetcenter.net/cgi-bin/confirmeph2.cgi
20260512T093110Z,2026-05-12T09:31:10.875814Z,20260512T093110Z_batch01,ST26E46,2026-05-12T15:00:00Z,17 16 44.5,259.18541666666664,-22 07 31,-22.12527777777778,151.5,18.9,123.2,110.8,Map/Offsets   ***,https://cgi.minorplanetcenter.net/cgi-bin/confirmeph2.cgi
20260512T093110Z,2026-05-12T09:31:10.875814Z,20260512T093110Z_batch01,ST26E46,2026-05-12T16:00:00Z,17 25 10.8,261.295,-22 51 05,-22.85138888888889,149.6,18.9,126.4,110.0,Map/Offsets   ***,https://cgi.minorplanetcenter.net/cgi-bin/confirmeph2.cgi
20260512T093110Z,2026-05-12T09:31:10.875814Z,20260512T093110Z_batch01,ST26E46,2026-05-12T17:00:00Z,17 33 55.2,263.48,-23 33 58,-23.566111111111113,147.6,18.9,129.4,109.2,Map/Offsets   ***,https://cgi.minorplanetcenter.net/cgi-bin/confirmeph2.cgi
20260512T093110Z,2026-05-12T09:31:10.875814Z,20260512T093110Z_batch01,ST26E46,2026-05-12T18:00:00Z,17 42 57.0,265.7375,-24 15 55,-24.26527777777778,145.5,19.0,132.1,108.2,Map/Offsets   ***,https://cgi.minorplanetcenter.net/cgi-bin/confirmeph2.cgi
20260512T093110Z,2026-05-12T09:31:10.875814Z,20260512T093110Z_batch01,ST26E46,2026-05-12T19:00:00Z,17 52 15.4,268.06416666666667,-24 56 35,-24.943055555555556,143.4,19.0,134.4,107.3,Map/Offsets   ***,https://cgi.minorplanetcenter.net/cgi-bin/confirmeph2.cgi
20260512T093110Z,2026-05-12T09:31:10.875814Z,20260512T093110Z_batch01,ST26E46,2026-05-12T20:00:00Z,18 01 49.3,270.4554166666666,-25 35 42,-25.595,141.3,19.1,136.5,106.3,Map/Offsets   ***,https://cgi.minorplanetcenter.net/cgi-bin/confirmeph2.cgi
20260512T093110Z,2026-05-12T09:31:10.875814Z,20260512T093110Z_batch01,ST26E46,2026-05-12T21:00:00Z,18 11 37.1,272.90458333333333,-26 12 56,-26.215555555555554,139.1,19.1,138.1,105.2,Map/Offsets   ***,https://cgi.minorplanetcenter.net/cgi-bin/confirmeph2.cgi
20260512T093110Z,2026-05-12T09:31:10.875814Z,20260512T093110Z_batch01,ST26E46,2026-05-12T22:00:00Z,18 21 37.3,275.4054166666667,-26 48 01,-26.80027777777778,136.9,19.2,139.3,104.1,Map/Offsets   ***,https://cgi.minorplanetcenter.net/cgi-bin/confirmeph2.cgi
20260512T093110Z,2026-05-12T09:31:10.875814Z,20260512T093110Z_batch01,ST26E46,2026-05-12T23:00:00Z,18 31 47.7,277.94874999999996,-27 20 39,-27.344166666666666,134.6,19.2,140.1,102.9,Map/Offsets   ***,https://cgi.minorplanetcenter.net/cgi-bin/confirmeph2.cgi
20260512T093110Z,2026-05-12T09:31:10.875814Z,20260512T093110Z_batch01,ST26E46,2026-05-13T00:00:00Z,18 42 06.4,280.52666666666664,-27 50 37,-27.84361111111111,132.4,19.3,140.4,101.7,Map/Offsets   ***,https://cgi.minorplanetcenter.net/cgi-bin/confirmeph2.cgi
20260512T093110Z,2026-05-12T09:31:10.875814Z,20260512T093110Z_batch01,ST26E46,2026-05-13T01:00:00Z,18 52 30.8,283.12833333333333,-28 17 42,-28.295,130.1,19.3,140.3,100.5,Map/Offsets   ***,https://cgi.minorplanetcenter.net/cgi-bin/confirmeph2.cgi
20260512T093110Z,2026-05-12T09:31:10.875814Z,20260512T093110Z_batch01,ST26E46,2026-05-13T02:00:00Z,19 02 58.5,285.74375000000003,-28 41 44,-28.695555555555554,127.9,19.4,139.6,99.3,Map/Offsets   ***,https://cgi.minorplanetcenter.net/cgi-bin/confirmeph2.cgi
20260512T093110Z,2026-05-12T09:31:10.875814Z,20260512T093110Z_batch01,ST26E46,2026-05-13T03:00:00Z,19 13 26.8,288.3616666666667,-29 02 38,-29.04388888888889,125.6,19.5,138.6,98.0,Map/Offsets   ***,https://cgi.minorplanetcenter.net/cgi-bin/confirmeph2.cgi
20260512T093110Z,2026-05-12T09:31:10.875814Z,20260512T093110Z_batch01,ST26E46,2026-05-13T04:00:00Z,19 23 53.2,290.97166666666664,-29 20 18,-29.33833333333333,123.4,19.6,137.1,96.7,Map/Offsets   ***,https://cgi.minorplanetcenter.net/cgi-bin/confirmeph2.cgi
20260512T093110Z,2026-05-12T09:31:10.875814Z,20260512T093110Z_batch01,ST26E46,2026-05-13T05:00:00Z,19 34 15.1,293.56291666666664,-29 34 46,-29.579444444444444,121.2,19.6,135.1,95.5,Map/Offsets   ***,https://cgi.minorplanetcenter.net/cgi-bin/confirmeph2.cgi
20260512T093110Z,2026-05-12T09:31:10.875814Z,20260512T093110Z_batch01,ST26E46,2026-05-13T06:00:00Z,19 44 29.9,296.12458333333336,-29 46 02,-29.76722222222222,119.1,19.7,132.9,94.2,Map/Offsets   ***,https://cgi.minorplanetcenter.net/cgi-bin/confirmeph2.cgi
20260512T093110Z,2026-05-12T09:31:10.875814Z,20260512T093110Z_batch01,ST26E46,2026-05-13T07:00:00Z,19 54 35.6,298.6483333333333,-29 54 13,-29.90361111111111,116.9,19.8,130.3,92.9,Map/Offsets   ***,https://cgi.minorplanetcenter.net/cgi-bin/confirmeph2.cgi
20260512T093110Z,2026-05-12T09:31:10.875814Z,20260512T093110Z_batch01,ST26E46,2026-05-13T08:00:00Z,20 04 29.9,301.1245833333333,-29 59 27,-29.990833333333335,114.9,19.9,127.4,91.7,Map/Offsets   ***,https://cgi.minorplanetcenter.net/cgi-bin/confirmeph2.cgi
20260512T093110Z,2026-05-12T09:31:10.875814Z,20260512T093110Z_batch01,CEM1XD2,2026-05-12T08:00:00Z,14 33 10.8,218.29500000000002,+17 48 31,17.808611111111112,142.7,21.9,0.89,250.8,Map/Offsets,https://cgi.minorplanetcenter.net/cgi-bin/confirmeph2.cgi
20260512T093110Z,2026-05-12T09:31:10.875814Z,20260512T093110Z_batch01,CEM1XD2,2026-05-12T09:00:00Z,14 33 07.3,218.2804166666667,+17 48 13,17.803611111111113,142.6,21.9,0.89,250.8,Map/Offsets,https://cgi.minorplanetcenter.net/cgi-bin/confirmeph2.cgi
20260512T093110Z,2026-05-12T09:31:10.875814Z,20260512T093110Z_batch01,CEM1XD2,2026-05-12T10:00:00Z,14 33 03.8,218.26583333333335,+17 47 56,17.79888888888889,142.6,21.9,0.89,250.8,Map/Offsets,https://cgi.minorplanetcenter.net/cgi-bin/confirmeph2.cgi
20260512T093110Z,2026-05-12T09:31:10.875814Z,20260512T093110Z_batch01,CEM1XD2,2026-05-12T11:00:00Z,14 33 00.2,218.25083333333333,+17 47 38,17.79388888888889,142.6,21.9,0.89,250.7,Map/Offsets,https://cgi.minorplanetcenter.net/cgi-bin/confirmeph2.cgi
20260512T093110Z,2026-05-12T09:31:10.875814Z,20260512T093110Z_batch01,CEM1XD2,2026-05-12T12:00:00Z,14 32 56.7,218.23625,+17 47 20,17.78888888888889,142.6,21.9,0.89,250.7,Map/Offsets,https://cgi.minorplanetcenter.net/cgi-bin/confirmeph2.cgi
20260512T093110Z,2026-05-12T09:31:10.875814Z,20260512T093110Z_batch01,CEM1XD2,2026-05-12T13:00:00Z,14 32 53.2,218.2216666666667,+17 47 03,17.784166666666668,142.6,21.9,0.89,250.7,Map/Offsets,https://cgi.minorplanetcenter.net/cgi-bin/confirmeph2.cgi
20260512T093110Z,2026-05-12T09:31:10.875814Z,20260512T093110Z_batch01,CEM1XD2,2026-05-12T14:00:00Z,14 32 49.6,218.20666666666665,+17 46 45,17.779166666666665,142.5,21.9,0.89,250.7,Map/Offsets,https://cgi.minorplanetcenter.net/cgi-bin/confirmeph2.cgi
20260512T093110Z,2026-05-12T09:31:10.875814Z,20260512T093110Z_batch01,CEM1XD2,2026-05-12T15:00:00Z,14 32 46.1,218.19208333333333,+17 46 27,17.774166666666666,142.5,21.9,0.89,250.6,Map/Offsets,https://cgi.minorplanetcenter.net/cgi-bin/confirmeph2.cgi
20260512T093110Z,2026-05-12T09:31:10.875814Z,20260512T093110Z_batch01,CEM1XD2,2026-05-12T16:00:00Z,14 32 42.6,218.1775,+17 46 10,17.769444444444442,142.5,21.9,0.89,250.6,Map/Offsets,https://cgi.minorplanetcenter.net/cgi-bin/confirmeph2.cgi
20260512T093110Z,2026-05-12T09:31:10.875814Z,20260512T093110Z_batch01,CEM1XD2,2026-05-12T17:00:00Z,14 32 39.1,218.16291666666666,+17 45 52,17.764444444444443,142.5,21.9,0.89,250.6,Map/Offsets,https://cgi.minorplanetcenter.net/cgi-bin/confirmeph2.cgi
20260512T093110Z,2026-05-12T09:31:10.875814Z,20260512T093110Z_batch01,CEM1XD2,2026-05-12T18:00:00Z,14 32 35.6,218.14833333333334,+17 45 34,17.759444444444444,142.4,21.9,0.89,250.5,Map/Offsets,https://cgi.minorplanetcenter.net/cgi-bin/confirmeph2.cgi
20260512T093110Z,2026-05-12T09:31:10.875814Z,20260512T093110Z_batch01,CEM1XD2,2026-05-12T19:00:00Z,14 32 32.0,218.13333333333333,+17 45 16,17.754444444444445,142.4,21.9,0.89,250.5,Map/Offsets,https://cgi.minorplanetcenter.net/cgi-bin/confirmeph2.cgi
20260512T093110Z,2026-05-12T09:31:10.875814Z,20260512T093110Z_batch01,CEM1XD2,2026-05-12T20:00:00Z,14 32 28.5,218.11875,+17 44 58,17.749444444444446,142.4,21.9,0.89,250.5,Map/Offsets,https://cgi.minorplanetcenter.net/cgi-bin/confirmeph2.cgi
20260512T093110Z,2026-05-12T09:31:10.875814Z,20260512T093110Z_batch01,CEM1XD2,2026-05-12T21:00:00Z,14 32 25.0,218.10416666666666,+17 44 41,17.744722222222222,142.4,21.9,0.89,250.5,Map/Offsets,https://cgi.minorplanetcenter.net/cgi-bin/confirmeph2.cgi
20260512T093110Z,2026-05-12T09:31:10.875814Z,20260512T093110Z_batch01,CEM1XD2,2026-05-12T22:00:00Z,14 32 21.5,218.08958333333334,+17 44 23,17.739722222222223,142.4,21.9,0.89,250.4,Map/Offsets,https://cgi.minorplanetcenter.net/cgi-bin/confirmeph2.cgi
20260512T093110Z,2026-05-12T09:31:10.875814Z,20260512T093110Z_batch01,CEM1XD2,2026-05-12T23:00:00Z,14 32 18.0,218.07500000000002,+17 44 05,17.734722222222224,142.3,21.9,0.89,250.4,Map/Offsets,https://cgi.minorplanetcenter.net/cgi-bin/confirmeph2.cgi
20260512T093110Z,2026-05-12T09:31:10.875814Z,20260512T093110Z_batch01,CEM1XD2,2026-05-13T00:00:00Z,14 32 14.5,218.06041666666664,+17 43 47,17.72972222222222,142.3,21.9,0.89,250.4,Map/Offsets,https://cgi.minorplanetcenter.net/cgi-bin/confirmeph2.cgi
20260512T093110Z,2026-05-12T09:31:10.875814Z,20260512T093110Z_batch01,CEM1XD2,2026-05-13T01:00:00Z,14 32 10.9,218.04541666666665,+17 43 29,17.72472222222222,142.3,21.9,0.89,250.3,Map/Offsets,https://cgi.minorplanetcenter.net/cgi-bin/confirmeph2.cgi
20260512T093110Z,2026-05-12T09:31:10.875814Z,20260512T093110Z_batch01,CEM1XD2,2026-05-13T02:00:00Z,14 32 07.4,218.03083333333333,+17 43 11,17.71972222222222,142.3,21.9,0.89,250.3,Map/Offsets,https://cgi.minorplanetcenter.net/cgi-bin/confirmeph2.cgi
20260512T093110Z,2026-05-12T09:31:10.875814Z,20260512T093110Z_batch01,CEM1XD2,2026-05-13T03:00:00Z,14 32 03.9,218.01625,+17 42 53,17.71472222222222,142.3,21.9,0.89,250.3,Map/Offsets,https://cgi.minorplanetcenter.net/cgi-bin/confirmeph2.cgi
20260512T093110Z,2026-05-12T09:31:10.875814Z,20260512T093110Z_batch01,CEM1XD2,2026-05-13T04:00:00Z,14 32 00.4,218.00166666666667,+17 42 35,17.709722222222222,142.2,21.9,0.89,250.3,Map/Offsets,https://cgi.minorplanetcenter.net/cgi-bin/confirmeph2.cgi
20260512T093110Z,2026-05-12T09:31:10.875814Z,20260512T093110Z_batch01,CEM1XD2,2026-05-13T05:00:00Z,14 31 56.9,217.98708333333335,+17 42 17,17.704722222222223,142.2,21.9,0.89,250.2,Map/Offsets,https://cgi.minorplanetcenter.net/cgi-bin/confirmeph2.cgi
20260512T093110Z,2026-05-12T09:31:10.875814Z,20260512T093110Z_batch01,CEM1XD2,2026-05-13T06:00:00Z,14 31 53.4,217.97250000000003,+17 41 59,17.699722222222224,142.2,21.9,0.89,250.2,Map/Offsets,https://cgi.minorplanetcenter.net/cgi-bin/confirmeph2.cgi
20260512T093110Z,2026-05-12T09:31:10.875814Z,20260512T093110Z_batch01,CEM1XD2,2026-05-13T07:00:00Z,14 31 49.9,217.95791666666668,+17 41 41,17.69472222222222,142.2,21.9,0.89,250.2,Map/Offsets,https://cgi.minorplanetcenter.net/cgi-bin/confirmeph2.cgi
20260512T093110Z,2026-05-12T09:31:10.875814Z,20260512T093110Z_batch01,CEM1XD2,2026-05-13T08:00:00Z,14 31 46.4,217.94333333333333,+17 41 23,17.689722222222223,142.1,21.9,0.89,250.2,Map/Offsets,https://cgi.minorplanetcenter.net/cgi-bin/confirmeph2.cgi
20260512T093110Z,2026-05-12T09:31:10.875814Z,20260512T093110Z_batch01,CEM1TL2,2026-05-12T08:00:00Z,14 02 34.9,210.64541666666665,+13 45 46,13.762777777777778,143.5,21.8,2.02,289.9,Map/Offsets,https://cgi.minorplanetcenter.net/cgi-bin/confirmeph2.cgi
20260512T093110Z,2026-05-12T09:31:10.875814Z,20260512T093110Z_batch01,CEM1TL2,2026-05-12T09:00:00Z,14 02 27.1,210.61291666666668,+13 46 27,13.774166666666668,143.4,21.8,2.01,289.9,Map/Offsets,https://cgi.minorplanetcenter.net/cgi-bin/confirmeph2.cgi
20260512T093110Z,2026-05-12T09:31:10.875814Z,20260512T093110Z_batch01,CEM1TL2,2026-05-12T10:00:00Z,14 02 19.3,210.58041666666665,+13 47 08,13.785555555555556,143.4,21.8,2.01,289.9,Map/Offsets,https://cgi.minorplanetcenter.net/cgi-bin/confirmeph2.cgi
20260512T093110Z,2026-05-12T09:31:10.875814Z,20260512T093110Z_batch01,CEM1TL2,2026-05-12T11:00:00Z,14 02 11.5,210.54791666666665,+13 47 49,13.796944444444444,143.3,21.8,2.01,289.9,Map/Offsets,https://cgi.minorplanetcenter.net/cgi-bin/confirmeph2.cgi
20260512T093110Z,2026-05-12T09:31:10.875814Z,20260512T093110Z_batch01,CEM1TL2,2026-05-12T12:00:00Z,14 02 03.8,210.51583333333335,+13 48 30,13.808333333333334,143.2,21.8,2.0,289.8,Map/Offsets,https://cgi.minorplanetcenter.net/cgi-bin/confirmeph2.cgi
20260512T093110Z,2026-05-12T09:31:10.875814Z,20260512T093110Z_batch01,CEM1TL2,2026-05-12T13:00:00Z,14 01 56.0,210.48333333333335,+13 49 11,13.819722222222222,143.2,21.8,2.0,289.8,Map/Offsets,https://cgi.minorplanetcenter.net/cgi-bin/confirmeph2.cgi
20260512T093110Z,2026-05-12T09:31:10.875814Z,20260512T093110Z_batch01,CEM1TL2,2026-05-12T14:00:00Z,14 01 48.3,210.45125000000002,+13 49 51,13.830833333333333,143.1,21.8,1.99,289.8,Map/Offsets,https://cgi.minorplanetcenter.net/cgi-bin/confirmeph2.cgi
20260512T093110Z,2026-05-12T09:31:10.875814Z,20260512T093110Z_batch01,CEM1TL2,2026-05-12T15:00:00Z,14 01 40.5,210.41875000000002,+13 50 32,13.842222222222222,143.1,21.8,1.99,289.7,Map/Offsets,https://cgi.minorplanetcenter.net/cgi-bin/confirmeph2.cgi
20260512T093110Z,2026-05-12T09:31:10.875814Z,20260512T093110Z_batch01,CEM1TL2,2026-05-12T16:00:00Z,14 01 32.8,210.38666666666666,+13 51 12,13.853333333333333,143.0,21.8,1.99,289.7,Map/Offsets,https://cgi.minorplanetcenter.net/cgi-bin/confirmeph2.cgi
20260512T093110Z,2026-05-12T09:31:10.875814Z,20260512T093110Z_batch01,CEM1TL2,2026-05-12T17:00:00Z,14 01 25.1,210.35458333333335,+13 51 52,13.864444444444445,143.0,21.8,1.98,289.7,Map/Offsets,https://cgi.minorplanetcenter.net/cgi-bin/confirmeph2.cgi
20260512T093110Z,2026-05-12T09:31:10.875814Z,20260512T093110Z_batch01,CEM1TL2,2026-05-12T18:00:00Z,14 01 17.5,210.32291666666669,+13 52 32,13.875555555555556,142.9,21.8,1.98,289.6,Map/Offsets,https://cgi.minorplanetcenter.net/cgi-bin/confirmeph2.cgi
20260512T093110Z,2026-05-12T09:31:10.875814Z,20260512T093110Z_batch01,CEM1TL2,2026-05-12T19:00:00Z,14 01 09.8,210.29083333333332,+13 53 12,13.886666666666667,142.9,21.8,1.97,289.6,Map/Offsets,https://cgi.minorplanetcenter.net/cgi-bin/confirmeph2.cgi
20260512T093110Z,2026-05-12T09:31:10.875814Z,20260512T093110Z_batch01,CEM1TL2,2026-05-12T20:00:00Z,14 01 02.1,210.25875000000002,+13 53 51,13.897499999999999,142.8,21.8,1.97,289.6,Map/Offsets,https://cgi.minorplanetcenter.net/cgi-bin/confirmeph2.cgi
20260512T093110Z,2026-05-12T09:31:10.875814Z,20260512T093110Z_batch01,CEM1TL2,2026-05-12T21:00:00Z,14 00 54.5,210.22708333333333,+13 54 31,13.908611111111112,142.8,21.8,1.97,289.5,Map/Offsets,https://cgi.minorplanetcenter.net/cgi-bin/confirmeph2.cgi
20260512T093110Z,2026-05-12T09:31:10.875814Z,20260512T093110Z_batch01,CEM1TL2,2026-05-12T22:00:00Z,14 00 46.9,210.19541666666666,+13 55 10,13.919444444444444,142.7,21.8,1.96,289.5,Map/Offsets,https://cgi.minorplanetcenter.net/cgi-bin/confirmeph2.cgi
20260512T093110Z,2026-05-12T09:31:10.875814Z,20260512T093110Z_batch01,CEM1TL2,2026-05-12T23:00:00Z,14 00 39.3,210.16375,+13 55 49,13.930277777777777,142.6,21.8,1.96,289.5,Map/Offsets,https://cgi.minorplanetcenter.net/cgi-bin/confirmeph2.cgi
20260512T093110Z,2026-05-12T09:31:10.875814Z,20260512T093110Z_batch01,CEM1TL2,2026-05-13T00:00:00Z,14 00 31.7,210.13208333333333,+13 56 28,13.94111111111111,142.6,21.8,1.95,289.4,Map/Offsets,https://cgi.minorplanetcenter.net/cgi-bin/confirmeph2.cgi
20260512T093110Z,2026-05-12T09:31:10.875814Z,20260512T093110Z_batch01,CEM1TL2,2026-05-13T01:00:00Z,14 00 24.1,210.1004166666667,+13 57 07,13.951944444444443,142.5,21.8,1.95,289.4,Map/Offsets,https://cgi.minorplanetcenter.net/cgi-bin/confirmeph2.cgi
20260512T093110Z,2026-05-12T09:31:10.875814Z,20260512T093110Z_batch01,CEM1TL2,2026-05-13T02:00:00Z,14 00 16.5,210.06875,+13 57 46,13.962777777777777,142.5,21.8,1.95,289.4,Map/Offsets,https://cgi.minorplanetcenter.net/cgi-bin/confirmeph2.cgi
20260512T093110Z,2026-05-12T09:31:10.875814Z,20260512T093110Z_batch01,CEM1TL2,2026-05-13T03:00:00Z,14 00 08.9,210.03708333333333,+13 58 25,13.973611111111111,142.4,21.8,1.94,289.3,Map/Offsets,https://cgi.minorplanetcenter.net/cgi-bin/confirmeph2.cgi
20260512T093110Z,2026-05-12T09:31:10.875814Z,20260512T093110Z_batch01,CEM1TL2,2026-05-13T04:00:00Z,14 00 01.4,210.00583333333333,+13 59 03,13.984166666666665,142.4,21.8,1.94,289.3,Map/Offsets,https://cgi.minorplanetcenter.net/cgi-bin/confirmeph2.cgi
20260512T093110Z,2026-05-12T09:31:10.875814Z,20260512T093110Z_batch01,CEM1TL2,2026-05-13T05:00:00Z,13 59 53.9,209.97458333333333,+13 59 42,13.995,142.3,21.8,1.93,289.3,Map/Offsets,https://cgi.minorplanetcenter.net/cgi-bin/confirmeph2.cgi
20260512T093110Z,2026-05-12T09:31:10.875814Z,20260512T093110Z_batch01,CEM1TL2,2026-05-13T06:00:00Z,13 59 46.3,209.94291666666663,+14 00 20,14.005555555555556,142.3,21.8,1.93,289.2,Map/Offsets,https://cgi.minorplanetcenter.net/cgi-bin/confirmeph2.cgi
20260512T093110Z,2026-05-12T09:31:10.875814Z,20260512T093110Z_batch01,CEM1TL2,2026-05-13T07:00:00Z,13 59 38.8,209.91166666666663,+14 00 58,14.016111111111112,142.2,21.8,1.93,289.2,Map/Offsets,https://cgi.minorplanetcenter.net/cgi-bin/confirmeph2.cgi
20260512T093110Z,2026-05-12T09:31:10.875814Z,20260512T093110Z_batch01,CEM1TL2,2026-05-13T08:00:00Z,13 59 31.4,209.8808333333333,+14 01 36,14.026666666666667,142.2,21.8,1.92,289.2,Map/Offsets,https://cgi.minorplanetcenter.net/cgi-bin/confirmeph2.cgi
20260512T093110Z,2026-05-12T09:31:10.875814Z,20260512T093110Z_batch01,ST26E41,2026-05-12T08:00:00Z,15 10 21.9,227.59124999999997,-17 16 49,-17.280277777777776,178.6,19.5,12.03,351.4,Map/Offsets   !,https://cgi.minorplanetcenter.net/cgi-bin/confirmeph2.cgi
20260512T093110Z,2026-05-12T09:31:10.875814Z,20260512T093110Z_batch01,ST26E41,2026-05-12T09:00:00Z,15 10 14.1,227.55875,-17 04 35,-17.07638888888889,178.4,19.4,12.7,351.4,Map/Offsets   !,https://cgi.minorplanetcenter.net/cgi-bin/confirmeph2.cgi
20260512T093110Z,2026-05-12T09:31:10.875814Z,20260512T093110Z_batch01,ST26E41,2026-05-12T10:00:00Z,15 10 06.0,227.525,-16 51 41,-16.86138888888889,178.2,19.4,13.43,351.4,Map/Offsets   !,https://cgi.minorplanetcenter.net/cgi-bin/confirmeph2.cgi
20260512T093110Z,2026-05-12T09:31:10.875814Z,20260512T093110Z_batch01,ST26E41,2026-05-12T11:00:00Z,15 09 57.3,227.48875,-16 38 01,-16.63361111111111,178.0,19.3,14.22,351.4,Map/Offsets   !,https://cgi.minorplanetcenter.net/cgi-bin/confirmeph2.cgi
20260512T093110Z,2026-05-12T09:31:10.875814Z,20260512T093110Z_batch01,ST26E41,2026-05-12T12:00:00Z,15 09 48.2,227.45083333333332,-16 23 32,-16.392222222222223,177.7,19.3,15.09,351.4,Map/Offsets   !,https://cgi.minorplanetcenter.net/cgi-bin/confirmeph2.cgi
20260512T093110Z,2026-05-12T09:31:10.875814Z,20260512T093110Z_batch01,ST26E41,2026-05-12T13:00:00Z,15 09 38.5,227.41041666666666,-16 08 09,-16.135833333333334,177.5,19.2,16.04,351.4,Map/Offsets   !,https://cgi.minorplanetcenter.net/cgi-bin/confirmeph2.cgi
20260512T093110Z,2026-05-12T09:31:10.875814Z,20260512T093110Z_batch01,ST26E41,2026-05-12T14:00:00Z,15 09 28.2,227.3675,-15 51 47,-15.863055555555555,177.2,19.2,17.08,351.4,Map/Offsets   !,https://cgi.minorplanetcenter.net/cgi-bin/confirmeph2.cgi
20260512T093110Z,2026-05-12T09:31:10.875814Z,20260512T093110Z_batch01,ST26E41,2026-05-12T15:00:00Z,15 09 17.3,227.32208333333335,-15 34 20,-15.572222222222223,176.9,19.1,18.22,351.4,Map/Offsets   !,https://cgi.minorplanetcenter.net/cgi-bin/confirmeph2.cgi
20260512T093110Z,2026-05-12T09:31:10.875814Z,20260512T093110Z_batch01,ST26E41,2026-05-12T16:00:00Z,15 09 05.6,227.27333333333334,-15 15 43,-15.261944444444444,176.6,19.1,19.48,351.4,Map/Offsets   !,https://cgi.minorplanetcenter.net/cgi-bin/confirmeph2.cgi
20260512T093110Z,2026-05-12T09:31:10.875814Z,20260512T093110Z_batch01,ST26E41,2026-05-12T17:00:00Z,15 08 53.2,227.22166666666664,-14 55 47,-14.929722222222221,176.3,19.0,20.87,351.5,Map/Offsets   !!,https://cgi.minorplanetcenter.net/cgi-bin/confirmeph2.cgi
20260512T093110Z,2026-05-12T09:31:10.875814Z,20260512T093110Z_batch01,ST26E41,2026-05-12T18:00:00Z,15 08 39.9,227.16625,-14 34 23,-14.573055555555555,175.9,19.0,22.42,351.5,Map/Offsets   !!,https://cgi.minorplanetcenter.net/cgi-bin/confirmeph2.cgi
20260512T093110Z,2026-05-12T09:31:10.875814Z,20260512T093110Z_batch01,ST26E41,2026-05-12T19:00:00Z,15 08 25.7,227.10708333333332,-14 11 23,-14.189722222222223,175.5,18.9,24.14,351.5,Map/Offsets   !!,https://cgi.minorplanetcenter.net/cgi-bin/confirmeph2.cgi
20260512T093110Z,2026-05-12T09:31:10.875814Z,20260512T093110Z_batch01,ST26E41,2026-05-12T20:00:00Z,15 08 10.4,227.04333333333332,-13 46 34,-13.776111111111112,175.1,18.9,26.07,351.5,Map/Offsets   !!,https://cgi.minorplanetcenter.net/cgi-bin/confirmeph2.cgi
20260512T093110Z,2026-05-12T09:31:10.875814Z,20260512T093110Z_batch01,ST26E41,2026-05-12T21:00:00Z,15 07 53.9,226.97458333333336,-13 19 45,-13.329166666666666,174.6,18.8,28.23,351.5,Map/Offsets   !!,https://cgi.minorplanetcenter.net/cgi-bin/confirmeph2.cgi
20260512T093110Z,2026-05-12T09:31:10.875814Z,20260512T093110Z_batch01,ST26E41,2026-05-12T22:00:00Z,15 07 36.0,226.9,-12 50 38,-12.84388888888889,174.1,18.7,30.67,351.5,Map/Offsets   !!,https://cgi.minorplanetcenter.net/cgi-bin/confirmeph2.cgi
20260512T093110Z,2026-05-12T09:31:10.875814Z,20260512T093110Z_batch01,ST26E41,2026-05-12T23:00:00Z,15 07 16.7,226.81958333333336,-12 18 58,-12.316111111111113,173.6,18.7,33.43,351.5,Map/Offsets   !!,https://cgi.minorplanetcenter.net/cgi-bin/confirmeph2.cgi
20260512T093110Z,2026-05-12T09:31:10.875814Z,20260512T093110Z_batch01,ST26E41,2026-05-13T00:00:00Z,15 06 55.7,226.73208333333332,-11 44 23,-11.739722222222222,173.0,18.6,36.58,351.6,Map/Offsets   !!,https://cgi.minorplanetcenter.net/cgi-bin/confirmeph2.cgi
20260512T093110Z,2026-05-12T09:31:10.875814Z,20260512T093110Z_batch01,ST26E41,2026-05-13T01:00:00Z,15 06 32.7,226.63625,-11 06 27,-11.1075,172.3,18.5,40.19,351.6,Map/Offsets   !!,https://cgi.minorplanetcenter.net/cgi-bin/confirmeph2.cgi
20260512T093110Z,2026-05-12T09:31:10.875814Z,20260512T093110Z_batch01,ST26E41,2026-05-13T02:00:00Z,15 06 07.5,226.53125,-10 24 42,-10.411666666666667,171.6,18.4,44.34,351.6,Map/Offsets   !!,https://cgi.minorplanetcenter.net/cgi-bin/confirmeph2.cgi
20260512T093110Z,2026-05-12T09:31:10.875814Z,20260512T093110Z_batch01,ST26E41,2026-05-13T03:00:00Z,15 05 39.8,226.41583333333335,-09 38 31,-9.641944444444444,170.8,18.4,49.15,351.6,Map/Offsets   !!,https://cgi.minorplanetcenter.net/cgi-bin/confirmeph2.cgi
20260512T093110Z,2026-05-12T09:31:10.875814Z,20260512T093110Z_batch01,ST26E41,2026-05-13T04:00:00Z,15 05 09.2,226.28833333333336,-08 47 11,-8.786388888888888,170.0,18.3,54.77,351.6,Map/Offsets   !!,https://cgi.minorplanetcenter.net/cgi-bin/confirmeph2.cgi
20260512T093110Z,2026-05-12T09:31:10.875814Z,20260512T093110Z_batch01,ST26E41,2026-05-13T05:00:00Z,15 04 35.1,226.14625,-07 49 49,-7.830277777777778,169.0,18.2,61.38,351.6,Map/Offsets   !!,https://cgi.minorplanetcenter.net/cgi-bin/confirmeph2.cgi
20260512T093110Z,2026-05-12T09:31:10.875814Z,20260512T093110Z_batch01,ST26E41,2026-05-13T06:00:00Z,15 03 57.0,225.9875,-06 45 20,-6.7555555555555555,167.9,18.1,69.21,351.7,Map/Offsets   !!,https://cgi.minorplanetcenter.net/cgi-bin/confirmeph2.cgi
20260512T093110Z,2026-05-12T09:31:10.875814Z,20260512T093110Z_batch01,ST26E41,2026-05-13T07:00:00Z,15 03 14.0,225.80833333333337,-05 32 22,-5.539444444444444,166.7,18.0,78.57,351.7,Map/Offsets   !!,https://cgi.minorplanetcenter.net/cgi-bin/confirmeph2.cgi
20260512T093110Z,2026-05-12T09:31:10.875814Z,20260512T093110Z_batch01,ST26E41,2026-05-13T08:00:00Z,15 02 25.3,225.60541666666666,-04 09 13,-4.153611111111111,165.2,17.9,89.87,351.7,Map/Offsets   !!,https://cgi.minorplanetcenter.net/cgi-bin/confirmeph2.cgi
20260512T093110Z,2026-05-12T09:31:10.875814Z,20260512T093110Z_batch01,CEM1R02,2026-05-12T08:00:00Z,13 40 37.3,205.15541666666667,+16 53 05,16.884722222222223,138.0,21.6,2.63,272.9,Map/Offsets,https://cgi.minorplanetcenter.net/cgi-bin/confirmeph2.cgi
20260512T093110Z,2026-05-12T09:31:10.875814Z,20260512T093110Z_batch01,CEM1R02,2026-05-12T09:00:00Z,13 40 26.3,205.10958333333332,+16 53 13,16.886944444444445,137.9,21.6,2.63,272.9,Map/Offsets,https://cgi.minorplanetcenter.net/cgi-bin/confirmeph2.cgi
20260512T093110Z,2026-05-12T09:31:10.875814Z,20260512T093110Z_batch01,CEM1R02,2026-05-12T10:00:00Z,13 40 15.4,205.06416666666667,+16 53 21,16.889166666666664,137.9,21.6,2.62,272.8,Map/Offsets,https://cgi.minorplanetcenter.net/cgi-bin/confirmeph2.cgi
20260512T093110Z,2026-05-12T09:31:10.875814Z,20260512T093110Z_batch01,CEM1R02,2026-05-12T11:00:00Z,13 40 04.5,205.01875,+16 53 28,16.891111111111112,137.8,21.6,2.61,272.8,Map/Offsets,https://cgi.minorplanetcenter.net/cgi-bin/confirmeph2.cgi
20260512T093110Z,2026-05-12T09:31:10.875814Z,20260512T093110Z_batch01,CEM1R02,2026-05-12T12:00:00Z,13 39 53.6,204.97333333333333,+16 53 36,16.893333333333334,137.8,21.6,2.6,272.8,Map/Offsets,https://cgi.minorplanetcenter.net/cgi-bin/confirmeph2.cgi
20260512T093110Z,2026-05-12T09:31:10.875814Z,20260512T093110Z_batch01,CEM1R02,2026-05-12T13:00:00Z,13 39 42.7,204.92791666666668,+16 53 43,16.89527777777778,137.7,21.6,2.6,272.7,Map/Offsets,https://cgi.minorplanetcenter.net/cgi-bin/confirmeph2.cgi
20260512T093110Z,2026-05-12T09:31:10.875814Z,20260512T093110Z_batch01,CEM1R02,2026-05-12T14:00:00Z,13 39 31.9,204.88291666666666,+16 53 51,16.8975,137.6,21.6,2.59,272.7,Map/Offsets,https://cgi.minorplanetcenter.net/cgi-bin/confirmeph2.cgi
20260512T093110Z,2026-05-12T09:31:10.875814Z,20260512T093110Z_batch01,CEM1R02,2026-05-12T15:00:00Z,13 39 21.1,204.83791666666667,+16 53 58,16.899444444444445,137.6,21.6,2.58,272.6,Map/Offsets,https://cgi.minorplanetcenter.net/cgi-bin/confirmeph2.cgi
20260512T093110Z,2026-05-12T09:31:10.875814Z,20260512T093110Z_batch01,CEM1R02,2026-05-12T16:00:00Z,13 39 10.4,204.79333333333332,+16 54 05,16.90138888888889,137.5,21.6,2.57,272.6,Map/Offsets,https://cgi.minorplanetcenter.net/cgi-bin/confirmeph2.cgi
20260512T093110Z,2026-05-12T09:31:10.875814Z,20260512T093110Z_batch01,CEM1R02,2026-05-12T17:00:00Z,13 38 59.6,204.74833333333333,+16 54 12,16.903333333333332,137.5,21.6,2.57,272.6,Map/Offsets,https://cgi.minorplanetcenter.net/cgi-bin/confirmeph2.cgi
20260512T093110Z,2026-05-12T09:31:10.875814Z,20260512T093110Z_batch01,CEM1R02,2026-05-12T18:00:00Z,13 38 48.9,204.70374999999999,+16 54 19,16.905277777777776,137.4,21.6,2.56,272.5,Map/Offsets,https://cgi.minorplanetcenter.net/cgi-bin/confirmeph2.cgi
20260512T093110Z,2026-05-12T09:31:10.875814Z,20260512T093110Z_batch01,CEM1R02,2026-05-12T19:00:00Z,13 38 38.2,204.65916666666664,+16 54 25,16.90694444444444,137.4,21.6,2.55,272.5,Map/Offsets,https://cgi.minorplanetcenter.net/cgi-bin/confirmeph2.cgi
20260512T093110Z,2026-05-12T09:31:10.875814Z,20260512T093110Z_batch01,CEM1R02,2026-05-12T20:00:00Z,13 38 27.6,204.615,+16 54 32,16.90888888888889,137.3,21.6,2.54,272.4,Map/Offsets,https://cgi.minorplanetcenter.net/cgi-bin/confirmeph2.cgi
20260512T093110Z,2026-05-12T09:31:10.875814Z,20260512T093110Z_batch01,CEM1R02,2026-05-12T21:00:00Z,13 38 17.0,204.57083333333333,+16 54 38,16.910555555555554,137.2,21.6,2.54,272.4,Map/Offsets,https://cgi.minorplanetcenter.net/cgi-bin/confirmeph2.cgi
20260512T093110Z,2026-05-12T09:31:10.875814Z,20260512T093110Z_batch01,CEM1R02,2026-05-12T22:00:00Z,13 38 06.4,204.52666666666664,+16 54 45,16.912499999999998,137.2,21.7,2.53,272.4,Map/Offsets,https://cgi.minorplanetcenter.net/cgi-bin/confirmeph2.cgi
20260512T093110Z,2026-05-12T09:31:10.875814Z,20260512T093110Z_batch01,CEM1R02,2026-05-12T23:00:00Z,13 37 55.9,204.48291666666665,+16 54 51,16.914166666666667,137.1,21.7,2.52,272.3,Map/Offsets,https://cgi.minorplanetcenter.net/cgi-bin/confirmeph2.cgi
20260512T093110Z,2026-05-12T09:31:10.875814Z,20260512T093110Z_batch01,CEM1R02,2026-05-13T00:00:00Z,13 37 45.3,204.43875,+16 54 57,16.91583333333333,137.1,21.7,2.52,272.3,Map/Offsets,https://cgi.minorplanetcenter.net/cgi-bin/confirmeph2.cgi
20260512T093110Z,2026-05-12T09:31:10.875814Z,20260512T093110Z_batch01,CEM1R02,2026-05-13T01:00:00Z,13 37 34.8,204.395,+16 55 03,16.9175,137.0,21.7,2.51,272.2,Map/Offsets,https://cgi.minorplanetcenter.net/cgi-bin/confirmeph2.cgi
20260512T093110Z,2026-05-12T09:31:10.875814Z,20260512T093110Z_batch01,CEM1R02,2026-05-13T02:00:00Z,13 37 24.4,204.3516666666667,+16 55 09,16.91916666666667,137.0,21.7,2.5,272.2,Map/Offsets,https://cgi.minorplanetcenter.net/cgi-bin/confirmeph2.cgi
20260512T093110Z,2026-05-12T09:31:10.875814Z,20260512T093110Z_batch01,CEM1R02,2026-05-13T03:00:00Z,13 37 14.0,204.30833333333334,+16 55 14,16.920555555555556,136.9,21.7,2.49,272.2,Map/Offsets,https://cgi.minorplanetcenter.net/cgi-bin/confirmeph2.cgi
20260512T093110Z,2026-05-12T09:31:10.875814Z,20260512T093110Z_batch01,CEM1R02,2026-05-13T04:00:00Z,13 37 03.5,204.26458333333335,+16 55 20,16.922222222222224,136.8,21.7,2.49,272.1,Map/Offsets,https://cgi.minorplanetcenter.net/cgi-bin/confirmeph2.cgi
20260512T093110Z,2026-05-12T09:31:10.875814Z,20260512T093110Z_batch01,CEM1R02,2026-05-13T05:00:00Z,13 36 53.2,204.22166666666666,+16 55 25,16.92361111111111,136.8,21.7,2.48,272.1,Map/Offsets,https://cgi.minorplanetcenter.net/cgi-bin/confirmeph2.cgi
20260512T093110Z,2026-05-12T09:31:10.875814Z,20260512T093110Z_batch01,CEM1R02,2026-05-13T06:00:00Z,13 36 42.8,204.1783333333333,+16 55 31,16.92527777777778,136.7,21.7,2.47,272.0,Map/Offsets,https://cgi.minorplanetcenter.net/cgi-bin/confirmeph2.cgi
20260512T093110Z,2026-05-12T09:31:10.875814Z,20260512T093110Z_batch01,CEM1R02,2026-05-13T07:00:00Z,13 36 32.5,204.13541666666666,+16 55 36,16.92666666666667,136.7,21.7,2.47,272.0,Map/Offsets,https://cgi.minorplanetcenter.net/cgi-bin/confirmeph2.cgi
20260512T093110Z,2026-05-12T09:31:10.875814Z,20260512T093110Z_batch01,CEM1R02,2026-05-13T08:00:00Z,13 36 22.2,204.0925,+16 55 41,16.928055555555556,136.6,21.7,2.46,272.0,Map/Offsets,https://cgi.minorplanetcenter.net/cgi-bin/confirmeph2.cgi
20260512T093110Z,2026-05-12T09:31:10.875814Z,20260512T093110Z_batch01,ST26E39,2026-05-12T08:00:00Z,13 08 28.5,197.11874999999998,-18 05 43,-18.095277777777778,149.9,19.4,26.79,232.5,Map/Offsets,https://cgi.minorplanetcenter.net/cgi-bin/confirmeph2.cgi
20260512T093110Z,2026-05-12T09:31:10.875814Z,20260512T093110Z_batch01,ST26E39,2026-05-12T09:00:00Z,13 06 58.7,196.74458333333334,-18 22 01,-18.366944444444446,149.5,19.4,26.85,232.7,Map/Offsets,https://cgi.minorplanetcenter.net/cgi-bin/confirmeph2.cgi
20260512T093110Z,2026-05-12T09:31:10.875814Z,20260512T093110Z_batch01,ST26E39,2026-05-12T10:00:00Z,13 05 28.5,196.36875,-18 38 18,-18.638333333333332,149.2,19.4,26.91,232.8,Map/Offsets,https://cgi.minorplanetcenter.net/cgi-bin/confirmeph2.cgi
20260512T093110Z,2026-05-12T09:31:10.875814Z,20260512T093110Z_batch01,ST26E39,2026-05-12T11:00:00Z,13 03 57.8,195.99083333333334,-18 54 34,-18.909444444444443,148.8,19.4,26.96,232.9,Map/Offsets,https://cgi.minorplanetcenter.net/cgi-bin/confirmeph2.cgi
20260512T093110Z,2026-05-12T09:31:10.875814Z,20260512T093110Z_batch01,ST26E39,2026-05-12T12:00:00Z,13 02 26.7,195.61124999999998,-19 10 50,-19.180555555555557,148.4,19.4,27.01,233.0,Map/Offsets,https://cgi.minorplanetcenter.net/cgi-bin/confirmeph2.cgi
20260512T093110Z,2026-05-12T09:31:10.875814Z,20260512T093110Z_batch01,ST26E39,2026-05-12T13:00:00Z,13 00 55.1,195.22958333333332,-19 27 04,-19.45111111111111,148.0,19.4,27.06,233.1,Map/Offsets,https://cgi.minorplanetcenter.net/cgi-bin/confirmeph2.cgi
20260512T093110Z,2026-05-12T09:31:10.875814Z,20260512T093110Z_batch01,ST26E39,2026-05-12T14:00:00Z,12 59 23.0,194.84583333333333,-19 43 17,-19.72138888888889,147.6,19.5,27.1,233.3,Map/Offsets,https://cgi.minorplanetcenter.net/cgi-bin/confirmeph2.cgi
20260512T093110Z,2026-05-12T09:31:10.875814Z,20260512T093110Z_batch01,ST26E39,2026-05-12T15:00:00Z,12 57 50.5,194.46041666666667,-19 59 29,-19.99138888888889,147.3,19.5,27.14,233.4,Map/Offsets,https://cgi.minorplanetcenter.net/cgi-bin/confirmeph2.cgi
20260512T093110Z,2026-05-12T09:31:10.875814Z,20260512T093110Z_batch01,ST26E39,2026-05-12T16:00:00Z,12 56 17.6,194.07333333333332,-20 15 39,-20.260833333333334,146.9,19.5,27.17,233.5,Map/Offsets,https://cgi.minorplanetcenter.net/cgi-bin/confirmeph2.cgi
20260512T093110Z,2026-05-12T09:31:10.875814Z,20260512T093110Z_batch01,ST26E39,2026-05-12T17:00:00Z,12 54 44.2,193.68416666666667,-20 31 47,-20.529722222222222,146.5,19.5,27.2,233.7,Map/Offsets,https://cgi.minorplanetcenter.net/cgi-bin/confirmeph2.cgi
20260512T093110Z,2026-05-12T09:31:10.875814Z,20260512T093110Z_batch01,ST26E39,2026-05-12T18:00:00Z,12 53 10.4,193.29333333333332,-20 47 54,-20.798333333333336,146.1,19.5,27.23,233.8,Map/Offsets,https://cgi.minorplanetcenter.net/cgi-bin/confirmeph2.cgi
20260512T093110Z,2026-05-12T09:31:10.875814Z,20260512T093110Z_batch01,ST26E39,2026-05-12T19:00:00Z,12 51 36.2,192.9008333333333,-21 03 58,-21.066111111111113,145.7,19.5,27.26,233.9,Map/Offsets,https://cgi.minorplanetcenter.net/cgi-bin/confirmeph2.cgi
20260512T093110Z,2026-05-12T09:31:10.875814Z,20260512T093110Z_batch01,ST26E39,2026-05-12T20:00:00Z,12 50 01.5,192.50625,-21 20 00,-21.333333333333332,145.3,19.5,27.28,234.1,Map/Offsets,https://cgi.minorplanetcenter.net/cgi-bin/confirmeph2.cgi
20260512T093110Z,2026-05-12T09:31:10.875814Z,20260512T093110Z_batch01,ST26E39,2026-05-12T21:00:00Z,12 48 26.5,192.11041666666668,-21 35 59,-21.599722222222223,144.9,19.5,27.3,234.2,Map/Offsets,https://cgi.minorplanetcenter.net/cgi-bin/confirmeph2.cgi
20260512T093110Z,2026-05-12T09:31:10.875814Z,20260512T093110Z_batch01,ST26E39,2026-05-12T22:00:00Z,12 46 51.0,191.7125,-21 51 55,-21.86527777777778,144.5,19.5,27.32,234.4,Map/Offsets,https://cgi.minorplanetcenter.net/cgi-bin/confirmeph2.cgi
20260512T093110Z,2026-05-12T09:31:10.875814Z,20260512T093110Z_batch01,ST26E39,2026-05-12T23:00:00Z,12 45 15.1,191.31291666666667,-22 07 49,-22.130277777777778,144.1,19.5,27.33,234.5,Map/Offsets,https://cgi.minorplanetcenter.net/cgi-bin/confirmeph2.cgi
20260512T093110Z,2026-05-12T09:31:10.875814Z,20260512T093110Z_batch01,ST26E39,2026-05-13T00:00:00Z,12 43 38.9,190.91208333333333,-22 23 39,-22.394166666666667,143.7,19.5,27.34,234.7,Map/Offsets,https://cgi.minorplanetcenter.net/cgi-bin/confirmeph2.cgi
20260512T093110Z,2026-05-12T09:31:10.875814Z,20260512T093110Z_batch01,ST26E39,2026-05-13T01:00:00Z,12 42 02.2,190.50916666666666,-22 39 27,-22.6575,143.3,19.6,27.34,234.8,Map/Offsets,https://cgi.minorplanetcenter.net/cgi-bin/confirmeph2.cgi
20260512T093110Z,2026-05-12T09:31:10.875814Z,20260512T093110Z_batch01,ST26E39,2026-05-13T02:00:00Z,12 40 25.2,190.105,-22 55 10,-22.919444444444444,142.9,19.6,27.34,235.0,Map/Offsets,https://cgi.minorplanetcenter.net/cgi-bin/confirmeph2.cgi
20260512T093110Z,2026-05-12T09:31:10.875814Z,20260512T093110Z_batch01,ST26E39,2026-05-13T03:00:00Z,12 38 47.8,189.69916666666668,-23 10 50,-23.180555555555557,142.5,19.6,27.34,235.1,Map/Offsets,https://cgi.minorplanetcenter.net/cgi-bin/confirmeph2.cgi
20260512T093110Z,2026-05-12T09:31:10.875814Z,20260512T093110Z_batch01,ST26E39,2026-05-13T04:00:00Z,12 37 10.0,189.29166666666669,-23 26 27,-23.440833333333334,142.1,19.6,27.33,235.3,Map/Offsets,https://cgi.minorplanetcenter.net/cgi-bin/confirmeph2.cgi
20260512T093110Z,2026-05-12T09:31:10.875814Z,20260512T093110Z_batch01,ST26E39,2026-05-13T05:00:00Z,12 35 31.9,188.8829166666667,-23 41 59,-23.699722222222224,141.7,19.6,27.32,235.4,Map/Offsets,https://cgi.minorplanetcenter.net/cgi-bin/confirmeph2.cgi
20260512T093110Z,2026-05-12T09:31:10.875814Z,20260512T093110Z_batch01,ST26E39,2026-05-13T06:00:00Z,12 33 53.4,188.47250000000003,-23 57 27,-23.9575,141.2,19.6,27.31,235.6,Map/Offsets,https://cgi.minorplanetcenter.net/cgi-bin/confirmeph2.cgi
20260512T093110Z,2026-05-12T09:31:10.875814Z,20260512T093110Z_batch01,ST26E39,2026-05-13T07:00:00Z,12 32 14.6,188.06083333333333,-24 12 50,-24.21388888888889,140.8,19.6,27.29,235.8,Map/Offsets,https://cgi.minorplanetcenter.net/cgi-bin/confirmeph2.cgi
20260512T093110Z,2026-05-12T09:31:10.875814Z,20260512T093110Z_batch01,ST26E39,2026-05-13T08:00:00Z,12 30 35.5,187.64791666666665,-24 28 10,-24.46944444444444,140.4,19.6,27.27,235.9,Map/Offsets,https://cgi.minorplanetcenter.net/cgi-bin/confirmeph2.cgi
20260512T093110Z,2026-05-12T09:31:10.875814Z,20260512T093110Z_batch01,6EB3121,2026-05-12T08:00:00Z,10 17 07.2,154.28,-08 01 17,-8.02138888888889,107.1,20.0,12.2,170.6,Map/Offsets,https://cgi.minorplanetcenter.net/cgi-bin/confirmeph2.cgi
20260512T093110Z,2026-05-12T09:31:10.875814Z,20260512T093110Z_batch01,6EB3121,2026-05-12T09:00:00Z,10 17 15.3,154.31375,-08 13 20,-8.222222222222223,107.2,20.0,12.23,170.6,Map/Offsets,https://cgi.minorplanetcenter.net/cgi-bin/confirmeph2.cgi
20260512T093110Z,2026-05-12T09:31:10.875814Z,20260512T093110Z_batch01,6EB3121,2026-05-12T10:00:00Z,10 17 23.4,154.34750000000003,-08 25 25,-8.42361111111111,107.2,20.0,12.27,170.6,Map/Offsets,https://cgi.minorplanetcenter.net/cgi-bin/confirmeph2.cgi
20260512T093110Z,2026-05-12T09:31:10.875814Z,20260512T093110Z_batch01,6EB3121,2026-05-12T11:00:00Z,10 17 31.5,154.38125,-08 37 32,-8.625555555555556,107.3,20.0,12.3,170.6,Map/Offsets,https://cgi.minorplanetcenter.net/cgi-bin/confirmeph2.cgi
20260512T093110Z,2026-05-12T09:31:10.875814Z,20260512T093110Z_batch01,6EB3121,2026-05-12T12:00:00Z,10 17 39.7,154.4154166666667,-08 49 41,-8.828055555555554,107.3,20.0,12.33,170.6,Map/Offsets,https://cgi.minorplanetcenter.net/cgi-bin/confirmeph2.cgi
20260512T093110Z,2026-05-12T09:31:10.875814Z,20260512T093110Z_batch01,6EB3121,2026-05-12T13:00:00Z,10 17 47.9,154.44958333333335,-09 01 52,-9.031111111111112,107.4,20.0,12.36,170.5,Map/Offsets,https://cgi.minorplanetcenter.net/cgi-bin/confirmeph2.cgi
20260512T093110Z,2026-05-12T09:31:10.875814Z,20260512T093110Z_batch01,6EB3121,2026-05-12T14:00:00Z,10 17 56.1,154.48375000000001,-09 14 04,-9.234444444444444,107.4,20.0,12.39,170.5,Map/Offsets,https://cgi.minorplanetcenter.net/cgi-bin/confirmeph2.cgi
20260512T093110Z,2026-05-12T09:31:10.875814Z,20260512T093110Z_batch01,6EB3121,2026-05-12T15:00:00Z,10 18 04.4,154.51833333333332,-09 26 18,-9.438333333333334,107.5,20.0,12.42,170.5,Map/Offsets,https://cgi.minorplanetcenter.net/cgi-bin/confirmeph2.cgi
20260512T093110Z,2026-05-12T09:31:10.875814Z,20260512T093110Z_batch01,6EB3121,2026-05-12T16:00:00Z,10 18 12.7,154.55291666666668,-09 38 35,-9.643055555555556,107.5,19.9,12.45,170.5,Map/Offsets,https://cgi.minorplanetcenter.net/cgi-bin/confirmeph2.cgi
20260512T093110Z,2026-05-12T09:31:10.875814Z,20260512T093110Z_batch01,6EB3121,2026-05-12T17:00:00Z,10 18 21.0,154.5875,-09 50 52,-9.847777777777779,107.6,19.9,12.48,170.5,Map/Offsets,https://cgi.minorplanetcenter.net/cgi-bin/confirmeph2.cgi
20260512T093110Z,2026-05-12T09:31:10.875814Z,20260512T093110Z_batch01,6EB3121,2026-05-12T18:00:00Z,10 18 29.4,154.6225,-10 03 12,-10.053333333333335,107.6,19.9,12.51,170.5,Map/Offsets,https://cgi.minorplanetcenter.net/cgi-bin/confirmeph2.cgi
20260512T093110Z,2026-05-12T09:31:10.875814Z,20260512T093110Z_batch01,6EB3121,2026-05-12T19:00:00Z,10 18 37.8,154.65750000000003,-10 15 33,-10.259166666666667,107.7,19.9,12.54,170.5,Map/Offsets,https://cgi.minorplanetcenter.net/cgi-bin/confirmeph2.cgi
20260512T093110Z,2026-05-12T09:31:10.875814Z,20260512T093110Z_batch01,6EB3121,2026-05-12T20:00:00Z,10 18 46.3,154.69291666666666,-10 27 56,-10.465555555555556,107.7,19.9,12.57,170.5,Map/Offsets,https://cgi.minorplanetcenter.net/cgi-bin/confirmeph2.cgi
20260512T093110Z,2026-05-12T09:31:10.875814Z,20260512T093110Z_batch01,6EB3121,2026-05-12T21:00:00Z,10 18 54.8,154.72833333333335,-10 40 21,-10.6725,107.8,19.9,12.6,170.4,Map/Offsets,https://cgi.minorplanetcenter.net/cgi-bin/confirmeph2.cgi
20260512T093110Z,2026-05-12T09:31:10.875814Z,20260512T093110Z_batch01,6EB3121,2026-05-12T22:00:00Z,10 19 03.3,154.76375,-10 52 48,-10.88,107.8,19.9,12.63,170.4,Map/Offsets,https://cgi.minorplanetcenter.net/cgi-bin/confirmeph2.cgi
20260512T093110Z,2026-05-12T09:31:10.875814Z,20260512T093110Z_batch01,6EB3121,2026-05-12T23:00:00Z,10 19 11.9,154.79958333333335,-11 05 16,-11.087777777777779,107.9,19.9,12.66,170.4,Map/Offsets,https://cgi.minorplanetcenter.net/cgi-bin/confirmeph2.cgi
20260512T093110Z,2026-05-12T09:31:10.875814Z,20260512T093110Z_batch01,6EB3121,2026-05-13T00:00:00Z,10 19 20.5,154.83541666666665,-11 17 46,-11.296111111111111,107.9,19.9,12.69,170.4,Map/Offsets,https://cgi.minorplanetcenter.net/cgi-bin/confirmeph2.cgi
20260512T093110Z,2026-05-12T09:31:10.875814Z,20260512T093110Z_batch01,6EB3121,2026-05-13T01:00:00Z,10 19 29.1,154.87125,-11 30 17,-11.504722222222222,108.0,19.9,12.72,170.4,Map/Offsets,https://cgi.minorplanetcenter.net/cgi-bin/confirmeph2.cgi
20260512T093110Z,2026-05-12T09:31:10.875814Z,20260512T093110Z_batch01,6EB3121,2026-05-13T02:00:00Z,10 19 37.8,154.9075,-11 42 51,-11.714166666666666,108.0,19.9,12.75,170.4,Map/Offsets,https://cgi.minorplanetcenter.net/cgi-bin/confirmeph2.cgi
20260512T093110Z,2026-05-12T09:31:10.875814Z,20260512T093110Z_batch01,6EB3121,2026-05-13T03:00:00Z,10 19 46.6,154.94416666666666,-11 55 26,-11.923888888888888,108.1,19.9,12.78,170.4,Map/Offsets,https://cgi.minorplanetcenter.net/cgi-bin/confirmeph2.cgi
20260512T093110Z,2026-05-12T09:31:10.875814Z,20260512T093110Z_batch01,6EB3121,2026-05-13T04:00:00Z,10 19 55.3,154.98041666666668,-12 08 02,-12.133888888888889,108.1,19.9,12.8,170.4,Map/Offsets,https://cgi.minorplanetcenter.net/cgi-bin/confirmeph2.cgi
20260512T093110Z,2026-05-12T09:31:10.875814Z,20260512T093110Z_batch01,6EB3121,2026-05-13T05:00:00Z,10 20 04.1,155.01708333333335,-12 20 40,-12.344444444444445,108.2,19.9,12.83,170.3,Map/Offsets,https://cgi.minorplanetcenter.net/cgi-bin/confirmeph2.cgi
20260512T093110Z,2026-05-12T09:31:10.875814Z,20260512T093110Z_batch01,6EB3121,2026-05-13T06:00:00Z,10 20 13.0,155.05416666666667,-12 33 20,-12.555555555555557,108.3,19.9,12.86,170.3,Map/Offsets,https://cgi.minorplanetcenter.net/cgi-bin/confirmeph2.cgi
20260512T093110Z,2026-05-12T09:31:10.875814Z,20260512T093110Z_batch01,6EB3121,2026-05-13T07:00:00Z,10 20 21.8,155.09083333333334,-12 46 01,-12.766944444444444,108.3,19.9,12.88,170.3,Map/Offsets,https://cgi.minorplanetcenter.net/cgi-bin/confirmeph2.cgi
20260512T093110Z,2026-05-12T09:31:10.875814Z,20260512T093110Z_batch01,6EB3121,2026-05-13T08:00:00Z,10 20 30.8,155.12833333333333,-12 58 44,-12.97888888888889,108.4,19.9,12.91,170.3,Map/Offsets,https://cgi.minorplanetcenter.net/cgi-bin/confirmeph2.cgi
20260512T093110Z,2026-05-12T09:31:10.875814Z,20260512T093110Z_batch01,SO0005e,2026-05-12T08:00:00Z,20 40 29.3,310.12208333333336,-28 26 50,-28.447222222222223,105.9,19.5,207.2,63.9,Map/Offsets   !!,https://cgi.minorplanetcenter.net/cgi-bin/confirmeph2.cgi
20260512T093110Z,2026-05-12T09:31:10.875814Z,20260512T093110Z_batch01,SO0005e,2026-05-12T09:00:00Z,20 53 44.5,313.4354166666667,-26 57 42,-26.961666666666666,102.8,19.7,187.7,62.4,Map/Offsets   !!,https://cgi.minorplanetcenter.net/cgi-bin/confirmeph2.cgi
20260512T093110Z,2026-05-12T09:31:10.875814Z,20260512T093110Z_batch01,SO0005e,2026-05-12T10:00:00Z,21 05 26.1,316.35875,-25 33 06,-25.551666666666666,99.9,19.9,169.8,61.1,Map/Offsets   !!,https://cgi.minorplanetcenter.net/cgi-bin/confirmeph2.cgi
20260512T093110Z,2026-05-12T09:31:10.875814Z,20260512T093110Z_batch01,SO0005e,2026-05-12T11:00:00Z,21 15 46.7,318.9445833333333,-24 13 36,-24.226666666666667,97.3,20.1,153.7,60.0,Map/Offsets   !!,https://cgi.minorplanetcenter.net/cgi-bin/confirmeph2.cgi
20260512T093110Z,2026-05-12T09:31:10.875814Z,20260512T093110Z_batch01,SO0005e,2026-05-12T12:00:00Z,21 24 57.3,321.23875,-22 59 24,-22.990000000000002,95.0,20.3,139.2,59.1,Map/Offsets   !!,https://cgi.minorplanetcenter.net/cgi-bin/confirmeph2.cgi
20260512T093110Z,2026-05-12T09:31:10.875814Z,20260512T093110Z_batch01,SO0005e,2026-05-12T13:00:00Z,21 33 07.7,323.2820833333334,-21 50 27,-21.840833333333332,92.9,20.5,126.3,58.3,Map/Offsets   !!,https://cgi.minorplanetcenter.net/cgi-bin/confirmeph2.cgi
20260512T093110Z,2026-05-12T09:31:10.875814Z,20260512T093110Z_batch01,SO0005e,2026-05-12T14:00:00Z,21 40 26.2,325.1091666666667,-20 46 32,-20.775555555555556,91.0,20.7,114.8,57.6,Map/Offsets   !!,https://cgi.minorplanetcenter.net/cgi-bin/confirmeph2.cgi
20260512T093110Z,2026-05-12T09:31:10.875814Z,20260512T093110Z_batch01,SO0005e,2026-05-12T15:00:00Z,21 46 59.9,326.7495833333333,-19 47 23,-19.789722222222224,89.2,20.8,104.6,57.1,Map/Offsets   !!,https://cgi.minorplanetcenter.net/cgi-bin/confirmeph2.cgi
20260512T093110Z,2026-05-12T09:31:10.875814Z,20260512T093110Z_batch01,SO0005e,2026-05-12T16:00:00Z,21 52 54.7,328.22791666666666,-18 52 39,-18.8775,87.7,21.0,95.55,56.6,Map/Offsets   !!,https://cgi.minorplanetcenter.net/cgi-bin/confirmeph2.cgi
20260512T093110Z,2026-05-12T09:31:10.875814Z,20260512T093110Z_batch01,SO0005e,2026-05-12T17:00:00Z,21 58 15.7,329.5654166666667,-18 02 00,-18.033333333333335,86.2,21.2,87.47,56.2,Map/Offsets   !!,https://cgi.minorplanetcenter.net/cgi-bin/confirmeph2.cgi
20260512T093110Z,2026-05-12T09:31:10.875814Z,20260512T093110Z_batch01,SO0005e,2026-05-12T18:00:00Z,22 03 07.2,330.78,-17 15 06,-17.251666666666665,84.9,21.3,80.28,55.8,Map/Offsets   !!,https://cgi.minorplanetcenter.net/cgi-bin/confirmeph2.cgi
20260512T093110Z,2026-05-12T09:31:10.875814Z,20260512T093110Z_batch01,SO0005e,2026-05-12T19:00:00Z,22 07 32.9,331.88708333333335,-16 31 38,-16.52722222222222,83.7,21.5,73.86,55.5,Map/Offsets   !!,https://cgi.minorplanetcenter.net/cgi-bin/confirmeph2.cgi
20260512T093110Z,2026-05-12T09:31:10.875814Z,20260512T093110Z_batch01,SO0005e,2026-05-12T20:00:00Z,22 11 35.9,332.89958333333334,-15 51 16,-15.854444444444445,82.6,21.6,68.12,55.2,Map/Offsets   !!,https://cgi.minorplanetcenter.net/cgi-bin/confirmeph2.cgi
20260512T093110Z,2026-05-12T09:31:10.875814Z,20260512T093110Z_batch01,SO0005e,2026-05-12T21:00:00Z,22 15 18.8,333.8283333333333,-15 13 45,-15.229166666666666,81.5,21.7,62.98,54.9,Map/Offsets   !!,https://cgi.minorplanetcenter.net/cgi-bin/confirmeph2.cgi
20260512T093110Z,2026-05-12T09:31:10.875814Z,20260512T093110Z_batch01,SO0005e,2026-05-12T22:00:00Z,22 18 44.0,334.68333333333334,-14 38 49,-14.646944444444443,80.6,21.9,58.36,54.7,Map/Offsets   !!,https://cgi.minorplanetcenter.net/cgi-bin/confirmeph2.cgi
20260512T093110Z,2026-05-12T09:31:10.875814Z,20260512T093110Z_batch01,SO0005e,2026-05-12T23:00:00Z,22 21 53.3,335.47208333333333,-14 06 15,-14.104166666666666,79.7,22.0,54.2,54.5,Map/Offsets   !!,https://cgi.minorplanetcenter.net/cgi-bin/confirmeph2.cgi
20260512T093110Z,2026-05-12T09:31:10.875814Z,20260512T093110Z_batch01,SO0005e,2026-05-13T00:00:00Z,22 24 48.5,336.20208333333335,-13 35 50,-13.597222222222223,78.9,22.1,50.45,54.3,Map/Offsets   !!,https://cgi.minorplanetcenter.net/cgi-bin/confirmeph2.cgi
20260512T093110Z,2026-05-12T09:31:10.875814Z,20260512T093110Z_batch01,SO0005e,2026-05-13T01:00:00Z,22 27 31.1,336.8795833333333,-13 07 23,-13.123055555555556,78.2,22.2,47.05,54.2,Map/Offsets   !!,https://cgi.minorplanetcenter.net/cgi-bin/confirmeph2.cgi
20260512T093110Z,2026-05-12T09:31:10.875814Z,20260512T093110Z_batch01,SO0005e,2026-05-13T02:00:00Z,22 30 02.3,337.50958333333335,-12 40 43,-12.67861111111111,77.5,22.3,43.97,54.0,Map/Offsets   !!,https://cgi.minorplanetcenter.net/cgi-bin/confirmeph2.cgi
20260512T093110Z,2026-05-12T09:31:10.875814Z,20260512T093110Z_batch01,SO0005e,2026-05-13T03:00:00Z,22 32 23.3,338.09708333333333,-12 15 42,-12.261666666666667,76.8,22.4,41.17,53.9,Map/Offsets   !!,https://cgi.minorplanetcenter.net/cgi-bin/confirmeph2.cgi
20260512T093110Z,2026-05-12T09:31:10.875814Z,20260512T093110Z_batch01,SO0005e,2026-05-13T04:00:00Z,22 34 35.0,338.6458333333333,-11 52 11,-11.869722222222222,76.2,22.5,38.62,53.8,Map/Offsets   !!,https://cgi.minorplanetcenter.net/cgi-bin/confirmeph2.cgi
20260512T093110Z,2026-05-12T09:31:10.875814Z,20260512T093110Z_batch01,SO0005e,2026-05-13T05:00:00Z,22 36 38.3,339.15958333333333,-11 30 03,-11.500833333333333,75.7,22.6,36.29,53.7,Map/Offsets   !!,https://cgi.minorplanetcenter.net/cgi-bin/confirmeph2.cgi
20260512T093110Z,2026-05-12T09:31:10.875814Z,20260512T093110Z_batch01,SO0005e,2026-05-13T06:00:00Z,22 38 34.0,339.64166666666665,-11 09 11,-11.153055555555556,75.1,22.7,34.15,53.6,Map/Offsets   !,https://cgi.minorplanetcenter.net/cgi-bin/confirmeph2.cgi
20260512T093110Z,2026-05-12T09:31:10.875814Z,20260512T093110Z_batch01,SO0005e,2026-05-13T07:00:00Z,22 40 22.7,340.0945833333334,-10 49 29,-10.824722222222222,74.6,22.8,32.2,53.5,Map/Offsets   !,https://cgi.minorplanetcenter.net/cgi-bin/confirmeph2.cgi
20260512T093110Z,2026-05-12T09:31:10.875814Z,20260512T093110Z_batch01,SO0005e,2026-05-13T08:00:00Z,22 42 05.1,340.52125,-10 30 52,-10.514444444444445,74.2,22.9,30.4,53.4,Map/Offsets   !,https://cgi.minorplanetcenter.net/cgi-bin/confirmeph2.cgi
20260512T093110Z,2026-05-12T09:31:10.875814Z,20260512T093110Z_batch01,SO0005d,2026-05-12T08:00:00Z,17 26 16.7,261.5695833333333,-31 55 50,-31.930555555555557,147.4,18.5,71.35,77.9,Map/Offsets   !!,https://cgi.minorplanetcenter.net/cgi-bin/confirmeph2.cgi
20260512T093110Z,2026-05-12T09:31:10.875814Z,20260512T093110Z_batch01,SO0005d,2026-05-12T09:00:00Z,17 31 33.6,262.89,-31 40 58,-31.68277777777778,146.5,18.6,66.63,77.2,Map/Offsets   !!,https://cgi.minorplanetcenter.net/cgi-bin/confirmeph2.cgi
20260512T093110Z,2026-05-12T09:31:10.875814Z,20260512T093110Z_batch01,SO0005d,2026-05-12T10:00:00Z,17 36 28.2,264.1175,-31 26 20,-31.43888888888889,145.5,18.7,62.32,76.6,Map/Offsets   !!,https://cgi.minorplanetcenter.net/cgi-bin/confirmeph2.cgi
20260512T093110Z,2026-05-12T09:31:10.875814Z,20260512T093110Z_batch01,SO0005d,2026-05-12T11:00:00Z,17 41 02.5,265.2604166666667,-31 12 00,-31.2,144.7,18.8,58.37,76.0,Map/Offsets   !!,https://cgi.minorplanetcenter.net/cgi-bin/confirmeph2.cgi
20260512T093110Z,2026-05-12T09:31:10.875814Z,20260512T093110Z_batch01,SO0005d,2026-05-12T12:00:00Z,17 45 18.4,266.3266666666667,-30 58 01,-30.966944444444444,143.9,18.9,54.76,75.4,Map/Offsets   !!,https://cgi.minorplanetcenter.net/cgi-bin/confirmeph2.cgi
20260512T093110Z,2026-05-12T09:31:10.875814Z,20260512T093110Z_batch01,SO0005d,2026-05-12T13:00:00Z,17 49 17.4,267.3225,-30 44 25,-30.740277777777777,143.1,19.0,51.45,74.9,Map/Offsets   !!,https://cgi.minorplanetcenter.net/cgi-bin/confirmeph2.cgi
20260512T093110Z,2026-05-12T09:31:10.875814Z,20260512T093110Z_batch01,SO0005d,2026-05-12T14:00:00Z,17 53 01.1,268.25458333333336,-30 31 12,-30.52,142.4,19.1,48.41,74.4,Map/Offsets   !!,https://cgi.minorplanetcenter.net/cgi-bin/confirmeph2.cgi
20260512T093110Z,2026-05-12T09:31:10.875814Z,20260512T093110Z_batch01,SO0005d,2026-05-12T15:00:00Z,17 56 30.8,269.12833333333333,-30 18 24,-30.30666666666667,141.8,19.2,45.61,74.0,Map/Offsets   !!,https://cgi.minorplanetcenter.net/cgi-bin/confirmeph2.cgi
20260512T093110Z,2026-05-12T09:31:10.875814Z,20260512T093110Z_batch01,SO0005d,2026-05-12T16:00:00Z,17 59 47.7,269.94875,-30 06 01,-30.10027777777778,141.1,19.2,43.03,73.6,Map/Offsets   !!,https://cgi.minorplanetcenter.net/cgi-bin/confirmeph2.cgi
20260512T093110Z,2026-05-12T09:31:10.875814Z,20260512T093110Z_batch01,SO0005d,2026-05-12T17:00:00Z,18 02 52.8,270.72,-29 54 03,-29.90083333333333,140.5,19.3,40.65,73.2,Map/Offsets   !!,https://cgi.minorplanetcenter.net/cgi-bin/confirmeph2.cgi
20260512T093110Z,2026-05-12T09:31:10.875814Z,20260512T093110Z_batch01,SO0005d,2026-05-12T18:00:00Z,18 05 47.1,271.44625,-29 42 29,-29.708055555555553,140.0,19.4,38.45,72.8,Map/Offsets   !!,https://cgi.minorplanetcenter.net/cgi-bin/confirmeph2.cgi
20260512T093110Z,2026-05-12T09:31:10.875814Z,20260512T093110Z_batch01,SO0005d,2026-05-12T19:00:00Z,18 08 31.4,272.1308333333333,-29 31 19,-29.521944444444443,139.4,19.5,36.42,72.5,Map/Offsets   !,https://cgi.minorplanetcenter.net/cgi-bin/confirmeph2.cgi
20260512T093110Z,2026-05-12T09:31:10.875814Z,20260512T093110Z_batch01,SO0005d,2026-05-12T20:00:00Z,18 11 06.6,272.77750000000003,-29 20 32,-29.342222222222222,138.9,19.5,34.54,72.1,Map/Offsets   !,https://cgi.minorplanetcenter.net/cgi-bin/confirmeph2.cgi
20260512T093110Z,2026-05-12T09:31:10.875814Z,20260512T093110Z_batch01,SO0005d,2026-05-12T21:00:00Z,18 13 33.4,273.38916666666665,-29 10 08,-29.16888888888889,138.5,19.6,32.79,71.8,Map/Offsets   !,https://cgi.minorplanetcenter.net/cgi-bin/confirmeph2.cgi
20260512T093110Z,2026-05-12T09:31:10.875814Z,20260512T093110Z_batch01,SO0005d,2026-05-12T22:00:00Z,18 15 52.3,273.96791666666667,-29 00 06,-29.001666666666665,138.0,19.7,31.17,71.6,Map/Offsets   !,https://cgi.minorplanetcenter.net/cgi-bin/confirmeph2.cgi
20260512T093110Z,2026-05-12T09:31:10.875814Z,20260512T093110Z_batch01,SO0005d,2026-05-12T23:00:00Z,18 18 04.0,274.51666666666665,-28 50 25,-28.840277777777775,137.6,19.7,29.65,71.3,Map/Offsets   !,https://cgi.minorplanetcenter.net/cgi-bin/confirmeph2.cgi
20260512T093110Z,2026-05-12T09:31:10.875814Z,20260512T093110Z_batch01,SO0005d,2026-05-13T00:00:00Z,18 20 09.0,275.0375,-28 41 04,-28.684444444444445,137.2,19.8,28.25,71.0,Map/Offsets   !,https://cgi.minorplanetcenter.net/cgi-bin/confirmeph2.cgi
20260512T093110Z,2026-05-12T09:31:10.875814Z,20260512T093110Z_batch01,SO0005d,2026-05-13T01:00:00Z,18 22 07.7,275.53208333333333,-28 32 03,-28.534166666666668,136.8,19.9,26.93,70.8,Map/Offsets   !,https://cgi.minorplanetcenter.net/cgi-bin/confirmeph2.cgi
20260512T093110Z,2026-05-12T09:31:10.875814Z,20260512T093110Z_batch01,SO0005d,2026-05-13T02:00:00Z,18 24 00.7,276.0029166666667,-28 23 21,-28.389166666666664,136.4,19.9,25.7,70.6,Map/Offsets   !,https://cgi.minorplanetcenter.net/cgi-bin/confirmeph2.cgi
20260512T093110Z,2026-05-12T09:31:10.875814Z,20260512T093110Z_batch01,SO0005d,2026-05-13T03:00:00Z,18 25 48.3,276.45125,-28 14 57,-28.249166666666667,136.1,20.0,24.55,70.4,Map/Offsets   !,https://cgi.minorplanetcenter.net/cgi-bin/confirmeph2.cgi
20260512T093110Z,2026-05-12T09:31:10.875814Z,20260512T093110Z_batch01,SO0005d,2026-05-13T04:00:00Z,18 27 30.8,276.87833333333333,-28 06 50,-28.11388888888889,135.8,20.0,23.48,70.2,Map/Offsets   !,https://cgi.minorplanetcenter.net/cgi-bin/confirmeph2.cgi
20260512T093110Z,2026-05-12T09:31:10.875814Z,20260512T093110Z_batch01,SO0005d,2026-05-13T05:00:00Z,18 29 08.7,277.28625,-27 59 00,-27.983333333333334,135.4,20.1,22.47,70.0,Map/Offsets   !,https://cgi.minorplanetcenter.net/cgi-bin/confirmeph2.cgi
20260512T093110Z,2026-05-12T09:31:10.875814Z,20260512T093110Z_batch01,SO0005d,2026-05-13T06:00:00Z,18 30 42.2,277.67583333333334,-27 51 26,-27.857222222222223,135.1,20.2,21.52,69.8,Map/Offsets   !,https://cgi.minorplanetcenter.net/cgi-bin/confirmeph2.cgi
20260512T093110Z,2026-05-12T09:31:10.875814Z,20260512T093110Z_batch01,SO0005d,2026-05-13T07:00:00Z,18 32 11.5,278.04791666666665,-27 44 07,-27.735277777777778,134.9,20.2,20.63,69.6,Map/Offsets   !,https://cgi.minorplanetcenter.net/cgi-bin/confirmeph2.cgi
20260512T093110Z,2026-05-12T09:31:10.875814Z,20260512T093110Z_batch01,SO0005d,2026-05-13T08:00:00Z,18 33 37.0,278.40416666666664,-27 37 03,-27.6175,134.6,20.3,19.79,69.4,Map/Offsets   !,https://cgi.minorplanetcenter.net/cgi-bin/confirmeph2.cgi
20260512T093110Z,2026-05-12T09:31:10.875814Z,20260512T093110Z_batch01,SO0005c,2026-05-12T08:00:00Z,18 46 56.2,281.7341666666666,-35 18 14,-35.303888888888885,130.3,19.3,139.5,100.7,Map/Offsets   !!,https://cgi.minorplanetcenter.net/cgi-bin/confirmeph2.cgi
20260512T093110Z,2026-05-12T09:31:10.875814Z,20260512T093110Z_batch01,SO0005c,2026-05-12T09:00:00Z,18 57 55.0,284.4791666666667,-35 41 43,-35.695277777777775,128.1,19.4,132.7,99.1,Map/Offsets   !!,https://cgi.minorplanetcenter.net/cgi-bin/confirmeph2.cgi
20260512T093110Z,2026-05-12T09:31:10.875814Z,20260512T093110Z_batch01,SO0005c,2026-05-12T10:00:00Z,19 08 26.4,287.10999999999996,-36 00 31,-36.00861111111111,126.0,19.5,126.0,97.6,Map/Offsets   !!,https://cgi.minorplanetcenter.net/cgi-bin/confirmeph2.cgi
20260512T093110Z,2026-05-12T09:31:10.875814Z,20260512T093110Z_batch01,SO0005c,2026-05-12T11:00:00Z,19 18 29.6,289.62333333333333,-36 15 10,-36.25277777777778,124.0,19.6,119.4,96.1,Map/Offsets   !!,https://cgi.minorplanetcenter.net/cgi-bin/confirmeph2.cgi
20260512T093110Z,2026-05-12T09:31:10.875814Z,20260512T093110Z_batch01,SO0005c,2026-05-12T12:00:00Z,19 28 04.4,292.0183333333333,-36 26 06,-36.434999999999995,122.1,19.7,113.1,94.7,Map/Offsets   !!,https://cgi.minorplanetcenter.net/cgi-bin/confirmeph2.cgi
20260512T093110Z,2026-05-12T09:31:10.875814Z,20260512T093110Z_batch01,SO0005c,2026-05-12T13:00:00Z,19 37 10.8,294.295,-36 33 49,-36.56361111111111,120.3,19.9,107.1,93.3,Map/Offsets   !!,https://cgi.minorplanetcenter.net/cgi-bin/confirmeph2.cgi
20260512T093110Z,2026-05-12T09:31:10.875814Z,20260512T093110Z_batch01,SO0005c,2026-05-12T14:00:00Z,19 45 49.3,296.4554166666666,-36 38 42,-36.644999999999996,118.6,20.0,101.3,92.1,Map/Offsets   !!,https://cgi.minorplanetcenter.net/cgi-bin/confirmeph2.cgi
20260512T093110Z,2026-05-12T09:31:10.875814Z,20260512T093110Z_batch01,SO0005c,2026-05-12T15:00:00Z,19 54 00.5,298.5020833333333,-36 41 11,-36.686388888888885,117.0,20.1,95.83,90.8,Map/Offsets   !!,https://cgi.minorplanetcenter.net/cgi-bin/confirmeph2.cgi
20260512T093110Z,2026-05-12T09:31:10.875814Z,20260512T093110Z_batch01,SO0005c,2026-05-12T16:00:00Z,20 01 45.5,300.43958333333336,-36 41 35,-36.69305555555555,115.5,20.2,90.65,89.7,Map/Offsets   !!,https://cgi.minorplanetcenter.net/cgi-bin/confirmeph2.cgi
20260512T093110Z,2026-05-12T09:31:10.875814Z,20260512T093110Z_batch01,SO0005c,2026-05-12T17:00:00Z,20 09 05.3,302.27208333333334,-36 40 14,-36.67055555555555,114.1,20.3,85.76,88.6,Map/Offsets   !!,https://cgi.minorplanetcenter.net/cgi-bin/confirmeph2.cgi
20260512T093110Z,2026-05-12T09:31:10.875814Z,20260512T093110Z_batch01,SO0005c,2026-05-12T18:00:00Z,20 16 01.1,304.00458333333336,-36 37 25,-36.62361111111111,112.7,20.4,81.16,87.5,Map/Offsets   !!,https://cgi.minorplanetcenter.net/cgi-bin/confirmeph2.cgi
20260512T093110Z,2026-05-12T09:31:10.875814Z,20260512T093110Z_batch01,SO0005c,2026-05-12T19:00:00Z,20 22 34.0,305.64166666666665,-36 33 21,-36.55583333333333,111.5,20.5,76.84,86.6,Map/Offsets   !!,https://cgi.minorplanetcenter.net/cgi-bin/confirmeph2.cgi
20260512T093110Z,2026-05-12T09:31:10.875814Z,20260512T093110Z_batch01,SO0005c,2026-05-12T20:00:00Z,20 28 45.3,307.18874999999997,-36 28 17,-36.47138888888889,110.3,20.6,72.78,85.6,Map/Offsets   !!,https://cgi.minorplanetcenter.net/cgi-bin/confirmeph2.cgi
20260512T093110Z,2026-05-12T09:31:10.875814Z,20260512T093110Z_batch01,SO0005c,2026-05-12T21:00:00Z,20 34 36.3,308.65125,-36 22 22,-36.37277777777778,109.1,20.7,68.97,84.8,Map/Offsets   !!,https://cgi.minorplanetcenter.net/cgi-bin/confirmeph2.cgi
20260512T093110Z,2026-05-12T09:31:10.875814Z,20260512T093110Z_batch01,SO0005c,2026-05-12T22:00:00Z,20 40 08.2,310.0341666666667,-36 15 47,-36.26305555555555,108.0,20.8,65.4,84.0,Map/Offsets   !!,https://cgi.minorplanetcenter.net/cgi-bin/confirmeph2.cgi
20260512T093110Z,2026-05-12T09:31:10.875814Z,20260512T093110Z_batch01,SO0005c,2026-05-12T23:00:00Z,20 45 22.0,311.34166666666664,-36 08 39,-36.14416666666666,107.0,20.9,62.06,83.2,Map/Offsets   !!,https://cgi.minorplanetcenter.net/cgi-bin/confirmeph2.cgi
20260512T093110Z,2026-05-12T09:31:10.875814Z,20260512T093110Z_batch01,SO0005c,2026-05-13T00:00:00Z,20 50 19.0,312.57916666666665,-36 01 05,-36.018055555555556,106.0,20.9,58.94,82.5,Map/Offsets   !!,https://cgi.minorplanetcenter.net/cgi-bin/confirmeph2.cgi
20260512T093110Z,2026-05-12T09:31:10.875814Z,20260512T093110Z_batch01,SO0005c,2026-05-13T01:00:00Z,20 55 00.2,313.75083333333333,-35 53 13,-35.886944444444445,105.1,21.0,56.01,81.8,Map/Offsets   !!,https://cgi.minorplanetcenter.net/cgi-bin/confirmeph2.cgi
20260512T093110Z,2026-05-12T09:31:10.875814Z,20260512T093110Z_batch01,SO0005c,2026-05-13T02:00:00Z,20 59 26.7,314.86125000000004,-35 45 05,-35.75138888888889,104.3,21.1,53.26,81.1,Map/Offsets   !!,https://cgi.minorplanetcenter.net/cgi-bin/confirmeph2.cgi
20260512T093110Z,2026-05-12T09:31:10.875814Z,20260512T093110Z_batch01,SO0005c,2026-05-13T03:00:00Z,21 03 39.3,315.91375,-35 36 48,-35.61333333333334,103.4,21.2,50.69,80.5,Map/Offsets   !,https://cgi.minorplanetcenter.net/cgi-bin/confirmeph2.cgi
20260512T093110Z,2026-05-12T09:31:10.875814Z,20260512T093110Z_batch01,SO0005c,2026-05-13T04:00:00Z,21 07 38.9,316.9120833333334,-35 28 23,-35.473055555555554,102.6,21.3,48.28,79.9,Map/Offsets   !,https://cgi.minorplanetcenter.net/cgi-bin/confirmeph2.cgi
20260512T093110Z,2026-05-12T09:31:10.875814Z,20260512T093110Z_batch01,SO0005c,2026-05-13T05:00:00Z,21 11 26.5,317.8604166666667,-35 19 56,-35.33222222222223,101.9,21.3,46.02,79.4,Map/Offsets   !,https://cgi.minorplanetcenter.net/cgi-bin/confirmeph2.cgi
20260512T093110Z,2026-05-12T09:31:10.875814Z,20260512T093110Z_batch01,SO0005c,2026-05-13T06:00:00Z,21 15 02.7,318.76125,-35 11 27,-35.19083333333333,101.2,21.4,43.9,78.9,Map/Offsets   !,https://cgi.minorplanetcenter.net/cgi-bin/confirmeph2.cgi
20260512T093110Z,2026-05-12T09:31:10.875814Z,20260512T093110Z_batch01,SO0005c,2026-05-13T07:00:00Z,21 18 28.4,319.61833333333334,-35 02 59,-35.04972222222222,100.5,21.5,41.91,78.4,Map/Offsets   !,https://cgi.minorplanetcenter.net/cgi-bin/confirmeph2.cgi
20260512T093110Z,2026-05-12T09:31:10.875814Z,20260512T093110Z_batch01,SO0005c,2026-05-13T08:00:00Z,21 21 44.1,320.43375000000003,-34 54 33,-34.909166666666664,99.9,21.6,40.04,77.9,Map/Offsets   !,https://cgi.minorplanetcenter.net/cgi-bin/confirmeph2.cgi
20260512T093110Z,2026-05-12T09:31:10.875814Z,20260512T093110Z_batch01,SO0005b,2026-05-12T08:00:00Z,21 29 36.1,322.40041666666673,-22 00 56,-22.015555555555554,93.5,18.2,102.0,60.6,Map/Offsets   !!,https://cgi.minorplanetcenter.net/cgi-bin/confirmeph2.cgi
20260512T093110Z,2026-05-12T09:31:10.875814Z,20260512T093110Z_batch01,SO0005b,2026-05-12T09:00:00Z,21 35 40.1,323.9170833333333,-21 12 45,-21.2125,92.0,18.4,92.91,60.1,Map/Offsets   !!,https://cgi.minorplanetcenter.net/cgi-bin/confirmeph2.cgi
20260512T093110Z,2026-05-12T09:31:10.875814Z,20260512T093110Z_batch01,SO0005b,2026-05-12T10:00:00Z,21 41 08.6,325.2858333333333,-20 28 05,-20.468055555555555,90.6,18.6,84.88,59.6,Map/Offsets   !!,https://cgi.minorplanetcenter.net/cgi-bin/confirmeph2.cgi
20260512T093110Z,2026-05-12T09:31:10.875814Z,20260512T093110Z_batch01,SO0005b,2026-05-12T11:00:00Z,21 46 06.4,326.52666666666664,-19 46 41,-19.778055555555554,89.3,18.7,77.76,59.1,Map/Offsets   !!,https://cgi.minorplanetcenter.net/cgi-bin/confirmeph2.cgi
20260512T093110Z,2026-05-12T09:31:10.875814Z,20260512T093110Z_batch01,SO0005b,2026-05-12T12:00:00Z,21 50 37.3,327.65541666666667,-19 08 15,-19.1375,88.1,18.8,71.43,58.8,Map/Offsets   !!,https://cgi.minorplanetcenter.net/cgi-bin/confirmeph2.cgi
20260512T093110Z,2026-05-12T09:31:10.875814Z,20260512T093110Z_batch01,SO0005b,2026-05-12T13:00:00Z,21 54 44.6,328.68583333333333,-18 32 32,-18.542222222222225,87.0,19.0,65.78,58.4,Map/Offsets   !!,https://cgi.minorplanetcenter.net/cgi-bin/confirmeph2.cgi
20260512T093110Z,2026-05-12T09:31:10.875814Z,20260512T093110Z_batch01,SO0005b,2026-05-12T14:00:00Z,21 58 31.2,329.63,-17 59 18,-17.988333333333333,86.0,19.1,60.74,58.1,Map/Offsets   !!,https://cgi.minorplanetcenter.net/cgi-bin/confirmeph2.cgi
20260512T093110Z,2026-05-12T09:31:10.875814Z,20260512T093110Z_batch01,SO0005b,2026-05-12T15:00:00Z,22 01 59.3,330.4970833333333,-17 28 20,-17.47222222222222,85.1,19.2,56.22,57.9,Map/Offsets   !!,https://cgi.minorplanetcenter.net/cgi-bin/confirmeph2.cgi
20260512T093110Z,2026-05-12T09:31:10.875814Z,20260512T093110Z_batch01,SO0005b,2026-05-12T16:00:00Z,22 05 11.1,331.29625,-16 59 27,-16.990833333333335,84.3,19.3,52.16,57.6,Map/Offsets   !!,https://cgi.minorplanetcenter.net/cgi-bin/confirmeph2.cgi
20260512T093110Z,2026-05-12T09:31:10.875814Z,20260512T093110Z_batch01,SO0005b,2026-05-12T17:00:00Z,22 08 08.4,332.03499999999997,-16 32 26,-16.540555555555557,83.5,19.5,48.51,57.4,Map/Offsets   !!,https://cgi.minorplanetcenter.net/cgi-bin/confirmeph2.cgi
20260512T093110Z,2026-05-12T09:31:10.875814Z,20260512T093110Z_batch01,SO0005b,2026-05-12T18:00:00Z,22 10 52.7,332.71958333333333,-16 07 10,-16.119444444444444,82.7,19.6,45.21,57.2,Map/Offsets   !!,https://cgi.minorplanetcenter.net/cgi-bin/confirmeph2.cgi
20260512T093110Z,2026-05-12T09:31:10.875814Z,20260512T093110Z_batch01,SO0005b,2026-05-12T19:00:00Z,22 13 25.4,333.3558333333333,-15 43 28,-15.724444444444444,82.1,19.7,42.22,57.1,Map/Offsets   !!,https://cgi.minorplanetcenter.net/cgi-bin/confirmeph2.cgi
20260512T093110Z,2026-05-12T09:31:10.875814Z,20260512T093110Z_batch01,SO0005b,2026-05-12T20:00:00Z,22 15 47.6,333.9483333333333,-15 21 13,-15.35361111111111,81.4,19.8,39.5,56.9,Map/Offsets   !!,https://cgi.minorplanetcenter.net/cgi-bin/confirmeph2.cgi
20260512T093110Z,2026-05-12T09:31:10.875814Z,20260512T093110Z_batch01,SO0005b,2026-05-12T21:00:00Z,22 18 00.2,334.50083333333333,-15 00 17,-15.004722222222222,80.9,19.9,37.03,56.8,Map/Offsets   !!,https://cgi.minorplanetcenter.net/cgi-bin/confirmeph2.cgi
20260512T093110Z,2026-05-12T09:31:10.875814Z,20260512T093110Z_batch01,SO0005b,2026-05-12T22:00:00Z,22 20 04.3,335.0179166666666,-14 40 35,-14.676388888888889,80.3,20.0,34.78,56.6,Map/Offsets   !!,https://cgi.minorplanetcenter.net/cgi-bin/confirmeph2.cgi
20260512T093110Z,2026-05-12T09:31:10.875814Z,20260512T093110Z_batch01,SO0005b,2026-05-12T23:00:00Z,22 22 00.7,335.5029166666667,-14 22 00,-14.366666666666667,79.8,20.1,32.72,56.5,Map/Offsets   !!,https://cgi.minorplanetcenter.net/cgi-bin/confirmeph2.cgi
20260512T093110Z,2026-05-12T09:31:10.875814Z,20260512T093110Z_batch01,SO0005b,2026-05-13T00:00:00Z,22 23 49.9,335.9579166666667,-14 04 26,-14.073888888888888,79.3,20.1,30.83,56.4,Map/Offsets   !!,https://cgi.minorplanetcenter.net/cgi-bin/confirmeph2.cgi
20260512T093110Z,2026-05-12T09:31:10.875814Z,20260512T093110Z_batch01,SO0005b,2026-05-13T01:00:00Z,22 25 32.6,336.3858333333333,-13 47 50,-13.797222222222222,78.9,20.2,29.1,56.3,Map/Offsets   !!,https://cgi.minorplanetcenter.net/cgi-bin/confirmeph2.cgi
20260512T093110Z,2026-05-12T09:31:10.875814Z,20260512T093110Z_batch01,SO0005b,2026-05-13T02:00:00Z,22 27 09.4,336.7891666666667,-13 32 07,-13.535277777777777,78.5,20.3,27.5,56.2,Map/Offsets   !,https://cgi.minorplanetcenter.net/cgi-bin/confirmeph2.cgi
20260512T093110Z,2026-05-12T09:31:10.875814Z,20260512T093110Z_batch01,SO0005b,2026-05-13T03:00:00Z,22 28 40.8,337.16999999999996,-13 17 13,-13.286944444444444,78.1,20.4,26.03,56.1,Map/Offsets   !,https://cgi.minorplanetcenter.net/cgi-bin/confirmeph2.cgi
20260512T093110Z,2026-05-12T09:31:10.875814Z,20260512T093110Z_batch01,SO0005b,2026-05-13T04:00:00Z,22 30 07.2,337.53,-13 03 04,-13.051111111111112,77.7,20.5,24.67,56.0,Map/Offsets   !,https://cgi.minorplanetcenter.net/cgi-bin/confirmeph2.cgi
20260512T093110Z,2026-05-12T09:31:10.875814Z,20260512T093110Z_batch01,SO0005b,2026-05-13T05:00:00Z,22 31 29.0,337.8708333333333,-12 49 37,-12.826944444444445,77.3,20.5,23.42,55.9,Map/Offsets   !,https://cgi.minorplanetcenter.net/cgi-bin/confirmeph2.cgi
20260512T093110Z,2026-05-12T09:31:10.875814Z,20260512T093110Z_batch01,SO0005b,2026-05-13T06:00:00Z,22 32 46.5,338.19375,-12 36 50,-12.613888888888889,77.0,20.6,22.25,55.9,Map/Offsets   !,https://cgi.minorplanetcenter.net/cgi-bin/confirmeph2.cgi
20260512T093110Z,2026-05-12T09:31:10.875814Z,20260512T093110Z_batch01,SO0005b,2026-05-13T07:00:00Z,22 34 00.1,338.50041666666664,-12 24 39,-12.410833333333334,76.7,20.7,21.17,55.8,Map/Offsets   !,https://cgi.minorplanetcenter.net/cgi-bin/confirmeph2.cgi
20260512T093110Z,2026-05-12T09:31:10.875814Z,20260512T093110Z_batch01,SO0005b,2026-05-13T08:00:00Z,22 35 10.0,338.79166666666663,-12 13 01,-12.216944444444444,76.4,20.7,20.16,55.8,Map/Offsets   !,https://cgi.minorplanetcenter.net/cgi-bin/confirmeph2.cgi
20260512T093110Z,2026-05-12T09:31:10.875814Z,20260512T093110Z_batch01,C469HY1,2026-05-12T08:00:00Z,17 52 15.9,268.06625,+21 30 18,21.505,124.8,18.5,94.14,36.9,Map/Offsets   !,https://cgi.minorplanetcenter.net/cgi-bin/confirmeph2.cgi
20260512T093110Z,2026-05-12T09:31:10.875814Z,20260512T093110Z_batch01,C469HY1,2026-05-12T09:00:00Z,17 56 21.3,269.08875,+22 45 33,22.759166666666665,123.3,18.6,94.44,37.3,Map/Offsets   !,https://cgi.minorplanetcenter.net/cgi-bin/confirmeph2.cgi
20260512T093110Z,2026-05-12T09:31:10.875814Z,20260512T093110Z_batch01,C469HY1,2026-05-12T10:00:00Z,18 00 31.9,270.1329166666667,+24 00 35,24.009722222222223,121.8,18.6,94.6,37.7,Map/Offsets   !,https://cgi.minorplanetcenter.net/cgi-bin/confirmeph2.cgi
20260512T093110Z,2026-05-12T09:31:10.875814Z,20260512T093110Z_batch01,C469HY1,2026-05-12T11:00:00Z,18 04 47.7,271.19874999999996,+25 15 16,25.254444444444445,120.2,18.7,94.63,38.1,Map/Offsets   !,https://cgi.minorplanetcenter.net/cgi-bin/confirmeph2.cgi
20260512T093110Z,2026-05-12T09:31:10.875814Z,20260512T093110Z_batch01,C469HY1,2026-05-12T12:00:00Z,18 09 08.6,272.2858333333333,+26 29 26,26.490555555555556,118.7,18.7,94.5,38.6,Map/Offsets   !,https://cgi.minorplanetcenter.net/cgi-bin/confirmeph2.cgi
20260512T093110Z,2026-05-12T09:31:10.875814Z,20260512T093110Z_batch01,C469HY1,2026-05-12T13:00:00Z,18 13 34.6,273.39416666666665,+27 42 57,27.715833333333332,117.2,18.8,94.24,39.1,Map/Offsets   !,https://cgi.minorplanetcenter.net/cgi-bin/confirmeph2.cgi
20260512T093110Z,2026-05-12T09:31:10.875814Z,20260512T093110Z_batch01,C469HY1,2026-05-12T14:00:00Z,18 18 05.6,274.5233333333333,+28 55 40,28.92777777777778,115.7,18.8,93.83,39.6,Map/Offsets   !,https://cgi.minorplanetcenter.net/cgi-bin/confirmeph2.cgi
20260512T093110Z,2026-05-12T09:31:10.875814Z,20260512T093110Z_batch01,C469HY1,2026-05-12T15:00:00Z,18 22 41.6,275.67333333333335,+30 07 26,30.12388888888889,114.1,18.9,93.29,40.2,Map/Offsets   !,https://cgi.minorplanetcenter.net/cgi-bin/confirmeph2.cgi
20260512T093110Z,2026-05-12T09:31:10.875814Z,20260512T093110Z_batch01,C469HY1,2026-05-12T16:00:00Z,18 27 22.5,276.84375,+31 18 08,31.302222222222223,112.6,18.9,92.62,40.8,Map/Offsets   !,https://cgi.minorplanetcenter.net/cgi-bin/confirmeph2.cgi
20260512T093110Z,2026-05-12T09:31:10.875814Z,20260512T093110Z_batch01,C469HY1,2026-05-12T17:00:00Z,18 32 08.2,278.0341666666667,+32 27 38,32.46055555555556,111.1,19.0,91.83,41.4,Map/Offsets   !,https://cgi.minorplanetcenter.net/cgi-bin/confirmeph2.cgi
20260512T093110Z,2026-05-12T09:31:10.875814Z,20260512T093110Z_batch01,C469HY1,2026-05-12T18:00:00Z,18 36 58.5,279.24375000000003,+33 35 49,33.596944444444446,109.6,19.0,90.91,42.1,Map/Offsets   !,https://cgi.minorplanetcenter.net/cgi-bin/confirmeph2.cgi
20260512T093110Z,2026-05-12T09:31:10.875814Z,20260512T093110Z_batch01,C469HY1,2026-05-12T19:00:00Z,18 41 53.3,280.47208333333333,+34 42 33,34.70916666666667,108.2,19.1,89.88,42.8,Map/Offsets   !,https://cgi.minorplanetcenter.net/cgi-bin/confirmeph2.cgi
20260512T093110Z,2026-05-12T09:31:10.875814Z,20260512T093110Z_batch01,C469HY1,2026-05-12T20:00:00Z,18 46 52.4,281.71833333333336,+35 47 44,35.79555555555555,106.7,19.1,88.75,43.5,Map/Offsets   !,https://cgi.minorplanetcenter.net/cgi-bin/confirmeph2.cgi
20260512T093110Z,2026-05-12T09:31:10.875814Z,20260512T093110Z_batch01,C469HY1,2026-05-12T21:00:00Z,18 51 55.6,282.9816666666667,+36 51 18,36.855000000000004,105.3,19.2,87.53,44.2,Map/Offsets   !,https://cgi.minorplanetcenter.net/cgi-bin/confirmeph2.cgi
20260512T093110Z,2026-05-12T09:31:10.875814Z,20260512T093110Z_batch01,C469HY1,2026-05-12T22:00:00Z,18 57 02.8,284.26166666666666,+37 53 08,37.885555555555555,103.9,19.3,86.22,45.0,Map/Offsets   !,https://cgi.minorplanetcenter.net/cgi-bin/confirmeph2.cgi
20260512T093110Z,2026-05-12T09:31:10.875814Z,20260512T093110Z_batch01,C469HY1,2026-05-12T23:00:00Z,19 02 13.6,285.5566666666667,+38 53 11,38.88638888888889,102.5,19.3,84.83,45.8,Map/Offsets   !,https://cgi.minorplanetcenter.net/cgi-bin/confirmeph2.cgi
20260512T093110Z,2026-05-12T09:31:10.875814Z,20260512T093110Z_batch01,C469HY1,2026-05-13T00:00:00Z,19 07 27.9,286.86625000000004,+39 51 22,39.85611111111111,101.1,19.4,83.37,46.6,Map/Offsets   !,https://cgi.minorplanetcenter.net/cgi-bin/confirmeph2.cgi
20260512T093110Z,2026-05-12T09:31:10.875814Z,20260512T093110Z_batch01,C469HY1,2026-05-13T01:00:00Z,19 12 45.3,288.18874999999997,+40 47 38,40.79388888888889,99.7,19.5,81.86,47.5,Map/Offsets   !,https://cgi.minorplanetcenter.net/cgi-bin/confirmeph2.cgi
20260512T093110Z,2026-05-12T09:31:10.875814Z,20260512T093110Z_batch01,C469HY1,2026-05-13T02:00:00Z,19 18 05.6,289.5233333333333,+41 41 57,41.69916666666666,98.4,19.5,80.3,48.4,Map/Offsets   !,https://cgi.minorplanetcenter.net/cgi-bin/confirmeph2.cgi
20260512T093110Z,2026-05-12T09:31:10.875814Z,20260512T093110Z_batch01,C469HY1,2026-05-13T03:00:00Z,19 23 28.4,290.86833333333334,+42 34 17,42.57138888888889,97.1,19.6,78.7,49.3,Map/Offsets   !,https://cgi.minorplanetcenter.net/cgi-bin/confirmeph2.cgi
20260512T093110Z,2026-05-12T09:31:10.875814Z,20260512T093110Z_batch01,C469HY1,2026-05-13T04:00:00Z,19 28 53.4,292.22249999999997,+43 24 37,43.41027777777778,95.9,19.7,77.06,50.2,Map/Offsets   !,https://cgi.minorplanetcenter.net/cgi-bin/confirmeph2.cgi
20260512T093110Z,2026-05-12T09:31:10.875814Z,20260512T093110Z_batch01,C469HY1,2026-05-13T05:00:00Z,19 34 20.3,293.58458333333334,+44 12 56,44.21555555555556,94.6,19.7,75.4,51.1,Map/Offsets   !,https://cgi.minorplanetcenter.net/cgi-bin/confirmeph2.cgi
20260512T093110Z,2026-05-12T09:31:10.875814Z,20260512T093110Z_batch01,C469HY1,2026-05-13T06:00:00Z,19 39 48.8,294.9533333333333,+44 59 13,44.98694444444445,93.4,19.8,73.72,52.1,Map/Offsets   !,https://cgi.minorplanetcenter.net/cgi-bin/confirmeph2.cgi
20260512T093110Z,2026-05-12T09:31:10.875814Z,20260512T093110Z_batch01,C469HY1,2026-05-13T07:00:00Z,19 45 18.3,296.32625,+45 43 30,45.725,92.2,19.9,72.04,53.1,Map/Offsets   !,https://cgi.minorplanetcenter.net/cgi-bin/confirmeph2.cgi
20260512T093110Z,2026-05-12T09:31:10.875814Z,20260512T093110Z_batch01,C469HY1,2026-05-13T08:00:00Z,19 50 48.7,297.7029166666666,+46 25 46,46.42944444444444,91.1,19.9,70.35,54.1,Map/Offsets   !,https://cgi.minorplanetcenter.net/cgi-bin/confirmeph2.cgi
20260512T093110Z,2026-05-12T09:31:10.875814Z,20260512T093110Z_batch01,CELXZH2,2026-05-12T08:00:00Z,14 47 45.0,221.9375,+24 03 28,24.05777777777778,137.3,22.7,0.74,290.7,Map/Offsets,https://cgi.minorplanetcenter.net/cgi-bin/confirmeph2.cgi
20260512T093110Z,2026-05-12T09:31:10.875814Z,20260512T093110Z_batch01,CELXZH2,2026-05-12T09:00:00Z,14 47 41.9,221.92458333333335,+24 03 44,24.06222222222222,137.3,22.7,0.74,290.6,Map/Offsets,https://cgi.minorplanetcenter.net/cgi-bin/confirmeph2.cgi
20260512T093110Z,2026-05-12T09:31:10.875814Z,20260512T093110Z_batch01,CELXZH2,2026-05-12T10:00:00Z,14 47 38.9,221.91208333333333,+24 04 00,24.066666666666666,137.3,22.7,0.74,290.5,Map/Offsets,https://cgi.minorplanetcenter.net/cgi-bin/confirmeph2.cgi
20260512T093110Z,2026-05-12T09:31:10.875814Z,20260512T093110Z_batch01,CELXZH2,2026-05-12T11:00:00Z,14 47 35.9,221.89958333333334,+24 04 15,24.070833333333333,137.3,22.7,0.74,290.4,Map/Offsets,https://cgi.minorplanetcenter.net/cgi-bin/confirmeph2.cgi
20260512T093110Z,2026-05-12T09:31:10.875814Z,20260512T093110Z_batch01,CELXZH2,2026-05-12T12:00:00Z,14 47 32.8,221.88666666666666,+24 04 30,24.075,137.2,22.7,0.74,290.3,Map/Offsets,https://cgi.minorplanetcenter.net/cgi-bin/confirmeph2.cgi
20260512T093110Z,2026-05-12T09:31:10.875814Z,20260512T093110Z_batch01,CELXZH2,2026-05-12T13:00:00Z,14 47 29.8,221.87416666666667,+24 04 46,24.079444444444444,137.2,22.7,0.74,290.2,Map/Offsets,https://cgi.minorplanetcenter.net/cgi-bin/confirmeph2.cgi
20260512T093110Z,2026-05-12T09:31:10.875814Z,20260512T093110Z_batch01,CELXZH2,2026-05-12T14:00:00Z,14 47 26.8,221.86166666666668,+24 05 01,24.08361111111111,137.2,22.7,0.74,290.1,Map/Offsets,https://cgi.minorplanetcenter.net/cgi-bin/confirmeph2.cgi
20260512T093110Z,2026-05-12T09:31:10.875814Z,20260512T093110Z_batch01,CELXZH2,2026-05-12T15:00:00Z,14 47 23.7,221.84875,+24 05 16,24.087777777777777,137.2,22.7,0.74,289.9,Map/Offsets,https://cgi.minorplanetcenter.net/cgi-bin/confirmeph2.cgi
20260512T093110Z,2026-05-12T09:31:10.875814Z,20260512T093110Z_batch01,CELXZH2,2026-05-12T16:00:00Z,14 47 20.7,221.83625,+24 05 31,24.091944444444444,137.2,22.7,0.74,289.8,Map/Offsets,https://cgi.minorplanetcenter.net/cgi-bin/confirmeph2.cgi
20260512T093110Z,2026-05-12T09:31:10.875814Z,20260512T093110Z_batch01,CELXZH2,2026-05-12T17:00:00Z,14 47 17.7,221.82375,+24 05 46,24.09611111111111,137.1,22.7,0.73,289.7,Map/Offsets,https://cgi.minorplanetcenter.net/cgi-bin/confirmeph2.cgi
20260512T093110Z,2026-05-12T09:31:10.875814Z,20260512T093110Z_batch01,CELXZH2,2026-05-12T18:00:00Z,14 47 14.6,221.81083333333333,+24 06 01,24.10027777777778,137.1,22.7,0.73,289.6,Map/Offsets,https://cgi.minorplanetcenter.net/cgi-bin/confirmeph2.cgi
20260512T093110Z,2026-05-12T09:31:10.875814Z,20260512T093110Z_batch01,CELXZH2,2026-05-12T19:00:00Z,14 47 11.6,221.79833333333332,+24 06 16,24.104444444444447,137.1,22.7,0.73,289.5,Map/Offsets,https://cgi.minorplanetcenter.net/cgi-bin/confirmeph2.cgi
20260512T093110Z,2026-05-12T09:31:10.875814Z,20260512T093110Z_batch01,CELXZH2,2026-05-12T20:00:00Z,14 47 08.6,221.78583333333333,+24 06 30,24.108333333333334,137.1,22.7,0.73,289.4,Map/Offsets,https://cgi.minorplanetcenter.net/cgi-bin/confirmeph2.cgi
20260512T093110Z,2026-05-12T09:31:10.875814Z,20260512T093110Z_batch01,CELXZH2,2026-05-12T21:00:00Z,14 47 05.6,221.7733333333333,+24 06 45,24.1125,137.0,22.7,0.73,289.3,Map/Offsets,https://cgi.minorplanetcenter.net/cgi-bin/confirmeph2.cgi
20260512T093110Z,2026-05-12T09:31:10.875814Z,20260512T093110Z_batch01,CELXZH2,2026-05-12T22:00:00Z,14 47 02.5,221.76041666666669,+24 06 59,24.116388888888892,137.0,22.7,0.73,289.2,Map/Offsets,https://cgi.minorplanetcenter.net/cgi-bin/confirmeph2.cgi
20260512T093110Z,2026-05-12T09:31:10.875814Z,20260512T093110Z_batch01,CELXZH2,2026-05-12T23:00:00Z,14 46 59.5,221.7479166666667,+24 07 14,24.120555555555555,137.0,22.7,0.73,289.1,Map/Offsets,https://cgi.minorplanetcenter.net/cgi-bin/confirmeph2.cgi
20260512T093110Z,2026-05-12T09:31:10.875814Z,20260512T093110Z_batch01,CELXZH2,2026-05-13T00:00:00Z,14 46 56.5,221.73541666666668,+24 07 28,24.124444444444446,137.0,22.7,0.73,289.0,Map/Offsets,https://cgi.minorplanetcenter.net/cgi-bin/confirmeph2.cgi
20260512T093110Z,2026-05-12T09:31:10.875814Z,20260512T093110Z_batch01,CELXZH2,2026-05-13T01:00:00Z,14 46 53.5,221.7229166666667,+24 07 42,24.128333333333334,136.9,22.7,0.73,288.9,Map/Offsets,https://cgi.minorplanetcenter.net/cgi-bin/confirmeph2.cgi
20260512T093110Z,2026-05-12T09:31:10.875814Z,20260512T093110Z_batch01,CELXZH2,2026-05-13T02:00:00Z,14 46 50.4,221.71,+24 07 56,24.13222222222222,136.9,22.7,0.73,288.8,Map/Offsets,https://cgi.minorplanetcenter.net/cgi-bin/confirmeph2.cgi
20260512T093110Z,2026-05-12T09:31:10.875814Z,20260512T093110Z_batch01,CELXZH2,2026-05-13T03:00:00Z,14 46 47.4,221.69750000000002,+24 08 10,24.13611111111111,136.9,22.7,0.73,288.7,Map/Offsets,https://cgi.minorplanetcenter.net/cgi-bin/confirmeph2.cgi
20260512T093110Z,2026-05-12T09:31:10.875814Z,20260512T093110Z_batch01,CELXZH2,2026-05-13T04:00:00Z,14 46 44.4,221.68500000000003,+24 08 24,24.14,136.9,22.7,0.73,288.6,Map/Offsets,https://cgi.minorplanetcenter.net/cgi-bin/confirmeph2.cgi
20260512T093110Z,2026-05-12T09:31:10.875814Z,20260512T093110Z_batch01,CELXZH2,2026-05-13T05:00:00Z,14 46 41.4,221.6725,+24 08 38,24.14388888888889,136.9,22.7,0.73,288.5,Map/Offsets,https://cgi.minorplanetcenter.net/cgi-bin/confirmeph2.cgi
20260512T093110Z,2026-05-12T09:31:10.875814Z,20260512T093110Z_batch01,CELXZH2,2026-05-13T06:00:00Z,14 46 38.4,221.66000000000003,+24 08 52,24.147777777777776,136.8,22.7,0.72,288.4,Map/Offsets,https://cgi.minorplanetcenter.net/cgi-bin/confirmeph2.cgi
20260512T093110Z,2026-05-12T09:31:10.875814Z,20260512T093110Z_batch01,CELXZH2,2026-05-13T07:00:00Z,14 46 35.4,221.6475,+24 09 05,24.15138888888889,136.8,22.7,0.72,288.3,Map/Offsets,https://cgi.minorplanetcenter.net/cgi-bin/confirmeph2.cgi
20260512T093110Z,2026-05-12T09:31:10.875814Z,20260512T093110Z_batch01,CELXZH2,2026-05-13T08:00:00Z,14 46 32.4,221.63500000000002,+24 09 19,24.155277777777776,136.8,22.7,0.72,288.2,Map/Offsets,https://cgi.minorplanetcenter.net/cgi-bin/confirmeph2.cgi
20260512T093110Z,2026-05-12T09:31:10.875814Z,20260512T093110Z_batch01,CELXRN2,2026-05-12T08:00:00Z,13 07 26.4,196.86,+26 57 07,26.951944444444443,125.3,21.1,2.79,301.6,Map/Offsets,https://cgi.minorplanetcenter.net/cgi-bin/confirmeph2.cgi
20260512T093110Z,2026-05-12T09:31:10.875814Z,20260512T093110Z_batch01,CELXRN2,2026-05-12T09:00:00Z,13 07 15.7,196.81541666666666,+26 58 35,26.976388888888888,125.3,21.1,2.8,301.5,Map/Offsets,https://cgi.minorplanetcenter.net/cgi-bin/confirmeph2.cgi
20260512T093110Z,2026-05-12T09:31:10.875814Z,20260512T093110Z_batch01,CELXRN2,2026-05-12T10:00:00Z,13 07 05.0,196.77083333333334,+27 00 02,27.000555555555554,125.2,21.0,2.8,301.5,Map/Offsets,https://cgi.minorplanetcenter.net/cgi-bin/confirmeph2.cgi
20260512T093110Z,2026-05-12T09:31:10.875814Z,20260512T093110Z_batch01,CELXRN2,2026-05-12T11:00:00Z,13 06 54.3,196.72625,+27 01 30,27.025,125.1,21.0,2.8,301.5,Map/Offsets,https://cgi.minorplanetcenter.net/cgi-bin/confirmeph2.cgi
20260512T093110Z,2026-05-12T09:31:10.875814Z,20260512T093110Z_batch01,CELXRN2,2026-05-12T12:00:00Z,13 06 43.5,196.68124999999998,+27 02 58,27.049444444444447,125.0,21.0,2.81,301.4,Map/Offsets,https://cgi.minorplanetcenter.net/cgi-bin/confirmeph2.cgi
20260512T093110Z,2026-05-12T09:31:10.875814Z,20260512T093110Z_batch01,CELXRN2,2026-05-12T13:00:00Z,13 06 32.8,196.63666666666666,+27 04 26,27.073888888888888,125.0,21.0,2.81,301.4,Map/Offsets,https://cgi.minorplanetcenter.net/cgi-bin/confirmeph2.cgi
20260512T093110Z,2026-05-12T09:31:10.875814Z,20260512T093110Z_batch01,CELXRN2,2026-05-12T14:00:00Z,13 06 22.0,196.59166666666664,+27 05 54,27.098333333333333,124.9,21.0,2.81,301.4,Map/Offsets,https://cgi.minorplanetcenter.net/cgi-bin/confirmeph2.cgi
20260512T093110Z,2026-05-12T09:31:10.875814Z,20260512T093110Z_batch01,CELXRN2,2026-05-12T15:00:00Z,13 06 11.2,196.54666666666668,+27 07 21,27.1225,124.8,21.0,2.82,301.3,Map/Offsets,https://cgi.minorplanetcenter.net/cgi-bin/confirmeph2.cgi
20260512T093110Z,2026-05-12T09:31:10.875814Z,20260512T093110Z_batch01,CELXRN2,2026-05-12T16:00:00Z,13 06 00.3,196.50124999999997,+27 08 49,27.146944444444443,124.7,21.0,2.82,301.3,Map/Offsets,https://cgi.minorplanetcenter.net/cgi-bin/confirmeph2.cgi
20260512T093110Z,2026-05-12T09:31:10.875814Z,20260512T093110Z_batch01,CELXRN2,2026-05-12T17:00:00Z,13 05 49.5,196.45625,+27 10 17,27.17138888888889,124.7,21.0,2.83,301.3,Map/Offsets,https://cgi.minorplanetcenter.net/cgi-bin/confirmeph2.cgi
20260512T093110Z,2026-05-12T09:31:10.875814Z,20260512T093110Z_batch01,CELXRN2,2026-05-12T18:00:00Z,13 05 38.6,196.41083333333336,+27 11 45,27.195833333333333,124.6,21.0,2.83,301.2,Map/Offsets,https://cgi.minorplanetcenter.net/cgi-bin/confirmeph2.cgi
20260512T093110Z,2026-05-12T09:31:10.875814Z,20260512T093110Z_batch01,CELXRN2,2026-05-12T19:00:00Z,13 05 27.7,196.36541666666668,+27 13 13,27.220277777777778,124.5,21.0,2.83,301.2,Map/Offsets,https://cgi.minorplanetcenter.net/cgi-bin/confirmeph2.cgi
20260512T093110Z,2026-05-12T09:31:10.875814Z,20260512T093110Z_batch01,CELXRN2,2026-05-12T20:00:00Z,13 05 16.8,196.32000000000002,+27 14 41,27.244722222222222,124.4,21.0,2.84,301.1,Map/Offsets,https://cgi.minorplanetcenter.net/cgi-bin/confirmeph2.cgi
20260512T093110Z,2026-05-12T09:31:10.875814Z,20260512T093110Z_batch01,CELXRN2,2026-05-12T21:00:00Z,13 05 05.9,196.27458333333334,+27 16 09,27.269166666666667,124.4,21.0,2.84,301.1,Map/Offsets,https://cgi.minorplanetcenter.net/cgi-bin/confirmeph2.cgi
20260512T093110Z,2026-05-12T09:31:10.875814Z,20260512T093110Z_batch01,CELXRN2,2026-05-12T22:00:00Z,13 04 54.9,196.22875,+27 17 37,27.29361111111111,124.3,21.0,2.84,301.1,Map/Offsets,https://cgi.minorplanetcenter.net/cgi-bin/confirmeph2.cgi
20260512T093110Z,2026-05-12T09:31:10.875814Z,20260512T093110Z_batch01,CELXRN2,2026-05-12T23:00:00Z,13 04 44.0,196.18333333333334,+27 19 05,27.318055555555556,124.2,21.0,2.85,301.0,Map/Offsets,https://cgi.minorplanetcenter.net/cgi-bin/confirmeph2.cgi
20260512T093110Z,2026-05-12T09:31:10.875814Z,20260512T093110Z_batch01,CELXRN2,2026-05-13T00:00:00Z,13 04 33.0,196.13750000000002,+27 20 33,27.342499999999998,124.1,21.0,2.85,301.0,Map/Offsets,https://cgi.minorplanetcenter.net/cgi-bin/confirmeph2.cgi
20260512T093110Z,2026-05-12T09:31:10.875814Z,20260512T093110Z_batch01,CELXRN2,2026-05-13T01:00:00Z,13 04 22.0,196.09166666666664,+27 22 02,27.36722222222222,124.1,21.0,2.86,301.0,Map/Offsets,https://cgi.minorplanetcenter.net/cgi-bin/confirmeph2.cgi
20260512T093110Z,2026-05-12T09:31:10.875814Z,20260512T093110Z_batch01,CELXRN2,2026-05-13T02:00:00Z,13 04 10.9,196.04541666666665,+27 23 30,27.391666666666666,124.0,21.0,2.86,300.9,Map/Offsets,https://cgi.minorplanetcenter.net/cgi-bin/confirmeph2.cgi
20260512T093110Z,2026-05-12T09:31:10.875814Z,20260512T093110Z_batch01,CELXRN2,2026-05-13T03:00:00Z,13 03 59.9,195.99958333333333,+27 24 58,27.41611111111111,123.9,21.0,2.86,300.9,Map/Offsets,https://cgi.minorplanetcenter.net/cgi-bin/confirmeph2.cgi
20260512T093110Z,2026-05-12T09:31:10.875814Z,20260512T093110Z_batch01,CELXRN2,2026-05-13T04:00:00Z,13 03 48.8,195.95333333333335,+27 26 26,27.440555555555555,123.8,21.0,2.87,300.9,Map/Offsets,https://cgi.minorplanetcenter.net/cgi-bin/confirmeph2.cgi
20260512T093110Z,2026-05-12T09:31:10.875814Z,20260512T093110Z_batch01,CELXRN2,2026-05-13T05:00:00Z,13 03 37.7,195.90708333333336,+27 27 54,27.465,123.7,21.0,2.87,300.8,Map/Offsets,https://cgi.minorplanetcenter.net/cgi-bin/confirmeph2.cgi
20260512T093110Z,2026-05-12T09:31:10.875814Z,20260512T093110Z_batch01,CELXRN2,2026-05-13T06:00:00Z,13 03 26.6,195.86083333333335,+27 29 23,27.489722222222223,123.7,21.0,2.87,300.8,Map/Offsets,https://cgi.minorplanetcenter.net/cgi-bin/confirmeph2.cgi
20260512T093110Z,2026-05-12T09:31:10.875814Z,20260512T093110Z_batch01,CELXRN2,2026-05-13T07:00:00Z,13 03 15.4,195.8141666666667,+27 30 51,27.514166666666668,123.6,21.0,2.88,300.7,Map/Offsets,https://cgi.minorplanetcenter.net/cgi-bin/confirmeph2.cgi
20260512T093110Z,2026-05-12T09:31:10.875814Z,20260512T093110Z_batch01,CELXRN2,2026-05-13T08:00:00Z,13 03 04.2,195.7675,+27 32 19,27.538611111111113,123.5,21.0,2.88,300.7,Map/Offsets,https://cgi.minorplanetcenter.net/cgi-bin/confirmeph2.cgi
20260512T093110Z,2026-05-12T09:31:10.875814Z,20260512T093110Z_batch01,TF26E51,2026-05-12T08:00:00Z,15 20 19.6,230.08166666666668,+08 44 24,8.739999999999998,153.2,20.6,3.02,79.0,Map/Offsets   !,https://cgi.minorplanetcenter.net/cgi-bin/confirmeph2.cgi
20260512T093110Z,2026-05-12T09:31:10.875814Z,20260512T093110Z_batch01,TF26E51,2026-05-12T09:00:00Z,15 20 31.4,230.13083333333333,+08 44 58,8.749444444444444,153.1,20.7,2.92,79.1,Map/Offsets   !,https://cgi.minorplanetcenter.net/cgi-bin/confirmeph2.cgi
20260512T093110Z,2026-05-12T09:31:10.875814Z,20260512T093110Z_batch01,TF26E51,2026-05-12T10:00:00Z,15 20 42.7,230.17791666666668,+08 45 31,8.758611111111112,153.1,20.7,2.81,79.1,Map/Offsets   !,https://cgi.minorplanetcenter.net/cgi-bin/confirmeph2.cgi
20260512T093110Z,2026-05-12T09:31:10.875814Z,20260512T093110Z_batch01,TF26E51,2026-05-12T11:00:00Z,15 20 53.7,230.22375,+08 46 02,8.767222222222223,153.1,20.7,2.72,79.1,Map/Offsets   !,https://cgi.minorplanetcenter.net/cgi-bin/confirmeph2.cgi
20260512T093110Z,2026-05-12T09:31:10.875814Z,20260512T093110Z_batch01,TF26E51,2026-05-12T12:00:00Z,15 21 04.3,230.26791666666665,+08 46 32,8.775555555555556,153.1,20.8,2.63,79.2,Map/Offsets   !,https://cgi.minorplanetcenter.net/cgi-bin/confirmeph2.cgi
20260512T093110Z,2026-05-12T09:31:10.875814Z,20260512T093110Z_batch01,TF26E51,2026-05-12T13:00:00Z,15 21 14.6,230.31083333333333,+08 47 01,8.78361111111111,153.1,20.8,2.54,79.2,Map/Offsets   !,https://cgi.minorplanetcenter.net/cgi-bin/confirmeph2.cgi
20260512T093110Z,2026-05-12T09:31:10.875814Z,20260512T093110Z_batch01,TF26E51,2026-05-12T14:00:00Z,15 21 24.5,230.35208333333333,+08 47 29,8.79138888888889,153.0,20.8,2.45,79.3,Map/Offsets   !,https://cgi.minorplanetcenter.net/cgi-bin/confirmeph2.cgi
20260512T093110Z,2026-05-12T09:31:10.875814Z,20260512T093110Z_batch01,TF26E51,2026-05-12T15:00:00Z,15 21 34.1,230.39208333333332,+08 47 56,8.79888888888889,153.0,20.9,2.38,79.3,Map/Offsets   !,https://cgi.minorplanetcenter.net/cgi-bin/confirmeph2.cgi
20260512T093110Z,2026-05-12T09:31:10.875814Z,20260512T093110Z_batch01,TF26E51,2026-05-12T16:00:00Z,15 21 43.4,230.43083333333334,+08 48 22,8.806111111111111,153.0,20.9,2.3,79.4,Map/Offsets   !,https://cgi.minorplanetcenter.net/cgi-bin/confirmeph2.cgi
20260512T093110Z,2026-05-12T09:31:10.875814Z,20260512T093110Z_batch01,TF26E51,2026-05-12T17:00:00Z,15 21 52.4,230.4683333333333,+08 48 47,8.813055555555556,153.0,21.0,2.23,79.4,Map/Offsets   !,https://cgi.minorplanetcenter.net/cgi-bin/confirmeph2.cgi
20260512T093110Z,2026-05-12T09:31:10.875814Z,20260512T093110Z_batch01,TF26E51,2026-05-12T18:00:00Z,15 22 01.2,230.50500000000002,+08 49 11,8.819722222222222,153.0,21.0,2.16,79.5,Map/Offsets   !,https://cgi.minorplanetcenter.net/cgi-bin/confirmeph2.cgi
20260512T093110Z,2026-05-12T09:31:10.875814Z,20260512T093110Z_batch01,TF26E51,2026-05-12T19:00:00Z,15 22 09.6,230.54,+08 49 34,8.82611111111111,153.0,21.0,2.09,79.6,Map/Offsets   !,https://cgi.minorplanetcenter.net/cgi-bin/confirmeph2.cgi
20260512T093110Z,2026-05-12T09:31:10.875814Z,20260512T093110Z_batch01,TF26E51,2026-05-12T20:00:00Z,15 22 17.9,230.57458333333332,+08 49 56,8.832222222222223,152.9,21.1,2.03,79.6,Map/Offsets   !,https://cgi.minorplanetcenter.net/cgi-bin/confirmeph2.cgi
20260512T093110Z,2026-05-12T09:31:10.875814Z,20260512T093110Z_batch01,TF26E51,2026-05-12T21:00:00Z,15 22 25.8,230.60750000000002,+08 50 18,8.838333333333335,152.9,21.1,1.97,79.7,Map/Offsets   !,https://cgi.minorplanetcenter.net/cgi-bin/confirmeph2.cgi
20260512T093110Z,2026-05-12T09:31:10.875814Z,20260512T093110Z_batch01,TF26E51,2026-05-12T22:00:00Z,15 22 33.6,230.64000000000001,+08 50 39,8.844166666666668,152.9,21.1,1.91,79.7,Map/Offsets   !,https://cgi.minorplanetcenter.net/cgi-bin/confirmeph2.cgi
20260512T093110Z,2026-05-12T09:31:10.875814Z,20260512T093110Z_batch01,TF26E51,2026-05-12T23:00:00Z,15 22 41.1,230.67125000000001,+08 50 59,8.849722222222223,152.9,21.2,1.86,79.8,Map/Offsets   !,https://cgi.minorplanetcenter.net/cgi-bin/confirmeph2.cgi
20260512T093110Z,2026-05-12T09:31:10.875814Z,20260512T093110Z_batch01,TF26E51,2026-05-13T00:00:00Z,15 22 48.4,230.70166666666665,+08 51 18,8.855,152.9,21.2,1.81,79.9,Map/Offsets   !,https://cgi.minorplanetcenter.net/cgi-bin/confirmeph2.cgi
20260512T093110Z,2026-05-12T09:31:10.875814Z,20260512T093110Z_batch01,TF26E51,2026-05-13T01:00:00Z,15 22 55.5,230.73125000000002,+08 51 37,8.860277777777778,152.9,21.2,1.76,79.9,Map/Offsets   !,https://cgi.minorplanetcenter.net/cgi-bin/confirmeph2.cgi
20260512T093110Z,2026-05-12T09:31:10.875814Z,20260512T093110Z_batch01,TF26E51,2026-05-13T02:00:00Z,15 23 02.4,230.76,+08 51 55,8.865277777777777,152.8,21.3,1.71,80.0,Map/Offsets   !,https://cgi.minorplanetcenter.net/cgi-bin/confirmeph2.cgi
20260512T093110Z,2026-05-12T09:31:10.875814Z,20260512T093110Z_batch01,TF26E51,2026-05-13T03:00:00Z,15 23 09.1,230.78791666666666,+08 52 13,8.870277777777778,152.8,21.3,1.66,80.1,Map/Offsets   !,https://cgi.minorplanetcenter.net/cgi-bin/confirmeph2.cgi
20260512T093110Z,2026-05-12T09:31:10.875814Z,20260512T093110Z_batch01,TF26E51,2026-05-13T04:00:00Z,15 23 15.7,230.81541666666666,+08 52 30,8.875,152.8,21.3,1.62,80.1,Map/Offsets   !,https://cgi.minorplanetcenter.net/cgi-bin/confirmeph2.cgi
20260512T093110Z,2026-05-12T09:31:10.875814Z,20260512T093110Z_batch01,TF26E51,2026-05-13T05:00:00Z,15 23 22.0,230.84166666666664,+08 52 46,8.879444444444445,152.8,21.3,1.57,80.2,Map/Offsets   !,https://cgi.minorplanetcenter.net/cgi-bin/confirmeph2.cgi
20260512T093110Z,2026-05-12T09:31:10.875814Z,20260512T093110Z_batch01,TF26E51,2026-05-13T06:00:00Z,15 23 28.2,230.8675,+08 53 02,8.883888888888889,152.8,21.4,1.53,80.3,Map/Offsets   !,https://cgi.minorplanetcenter.net/cgi-bin/confirmeph2.cgi
20260512T093110Z,2026-05-12T09:31:10.875814Z,20260512T093110Z_batch01,TF26E51,2026-05-13T07:00:00Z,15 23 34.3,230.89291666666668,+08 53 17,8.888055555555555,152.8,21.4,1.49,80.3,Map/Offsets,https://cgi.minorplanetcenter.net/cgi-bin/confirmeph2.cgi
20260512T093110Z,2026-05-12T09:31:10.875814Z,20260512T093110Z_batch01,TF26E51,2026-05-13T08:00:00Z,15 23 40.1,230.91708333333332,+08 53 32,8.892222222222221,152.8,21.4,1.46,80.4,Map/Offsets,https://cgi.minorplanetcenter.net/cgi-bin/confirmeph2.cgi
20260512T093110Z,2026-05-12T09:31:10.875814Z,20260512T093110Z_batch01,ST26E34,2026-05-12T08:00:00Z,14 53 05.8,223.27416666666667,+17 22 11,17.369722222222222,144.1,22.6,4.47,342.5,Map/Offsets   !,https://cgi.minorplanetcenter.net/cgi-bin/confirmeph2.cgi
20260512T093110Z,2026-05-12T09:31:10.875814Z,20260512T093110Z_batch01,ST26E34,2026-05-12T09:00:00Z,14 53 00.2,223.25083333333333,+17 26 23,17.439722222222223,144.1,22.7,4.33,342.5,Map/Offsets   !,https://cgi.minorplanetcenter.net/cgi-bin/confirmeph2.cgi
20260512T093110Z,2026-05-12T09:31:10.875814Z,20260512T093110Z_batch01,ST26E34,2026-05-12T10:00:00Z,14 52 54.8,223.22833333333335,+17 30 27,17.5075,144.0,22.7,4.2,342.4,Map/Offsets   !,https://cgi.minorplanetcenter.net/cgi-bin/confirmeph2.cgi
20260512T093110Z,2026-05-12T09:31:10.875814Z,20260512T093110Z_batch01,ST26E34,2026-05-12T11:00:00Z,14 52 49.6,223.20666666666668,+17 34 23,17.573055555555555,143.9,22.7,4.07,342.4,Map/Offsets   !,https://cgi.minorplanetcenter.net/cgi-bin/confirmeph2.cgi
20260512T093110Z,2026-05-12T09:31:10.875814Z,20260512T093110Z_batch01,ST26E34,2026-05-12T12:00:00Z,14 52 44.5,223.1854166666667,+17 38 12,17.636666666666667,143.8,22.8,3.95,342.4,Map/Offsets   !,https://cgi.minorplanetcenter.net/cgi-bin/confirmeph2.cgi
20260512T093110Z,2026-05-12T09:31:10.875814Z,20260512T093110Z_batch01,ST26E34,2026-05-12T13:00:00Z,14 52 39.6,223.165,+17 41 55,17.698611111111113,143.7,22.8,3.83,342.4,Map/Offsets   !,https://cgi.minorplanetcenter.net/cgi-bin/confirmeph2.cgi
20260512T093110Z,2026-05-12T09:31:10.875814Z,20260512T093110Z_batch01,ST26E34,2026-05-12T14:00:00Z,14 52 34.8,223.145,+17 45 31,17.75861111111111,143.6,22.8,3.72,342.4,Map/Offsets   !,https://cgi.minorplanetcenter.net/cgi-bin/confirmeph2.cgi
20260512T093110Z,2026-05-12T09:31:10.875814Z,20260512T093110Z_batch01,ST26E34,2026-05-12T15:00:00Z,14 52 30.1,223.12541666666667,+17 49 00,17.816666666666666,143.6,22.9,3.61,342.4,Map/Offsets   !,https://cgi.minorplanetcenter.net/cgi-bin/confirmeph2.cgi
20260512T093110Z,2026-05-12T09:31:10.875814Z,20260512T093110Z_batch01,ST26E34,2026-05-12T16:00:00Z,14 52 25.6,223.10666666666668,+17 52 23,17.873055555555556,143.5,22.9,3.51,342.4,Map/Offsets   !,https://cgi.minorplanetcenter.net/cgi-bin/confirmeph2.cgi
20260512T093110Z,2026-05-12T09:31:10.875814Z,20260512T093110Z_batch01,ST26E34,2026-05-12T17:00:00Z,14 52 21.2,223.08833333333334,+17 55 41,17.928055555555556,143.4,22.9,3.41,342.3,Map/Offsets   !,https://cgi.minorplanetcenter.net/cgi-bin/confirmeph2.cgi
20260512T093110Z,2026-05-12T09:31:10.875814Z,20260512T093110Z_batch01,ST26E34,2026-05-12T18:00:00Z,14 52 16.9,223.0704166666667,+17 58 53,17.981388888888887,143.3,23.0,3.31,342.3,Map/Offsets   !,https://cgi.minorplanetcenter.net/cgi-bin/confirmeph2.cgi
20260512T093110Z,2026-05-12T09:31:10.875814Z,20260512T093110Z_batch01,ST26E34,2026-05-12T19:00:00Z,14 52 12.7,223.05291666666668,+18 02 00,18.033333333333335,143.3,23.0,3.22,342.3,Map/Offsets   !,https://cgi.minorplanetcenter.net/cgi-bin/confirmeph2.cgi
20260512T093110Z,2026-05-12T09:31:10.875814Z,20260512T093110Z_batch01,ST26E34,2026-05-12T20:00:00Z,14 52 08.7,223.03625000000002,+18 05 01,18.08361111111111,143.2,23.0,3.13,342.3,Map/Offsets   !,https://cgi.minorplanetcenter.net/cgi-bin/confirmeph2.cgi
20260512T093110Z,2026-05-12T09:31:10.875814Z,20260512T093110Z_batch01,ST26E34,2026-05-12T21:00:00Z,14 52 04.7,223.01958333333334,+18 07 58,18.13277777777778,143.1,23.1,3.05,342.3,Map/Offsets   !,https://cgi.minorplanetcenter.net/cgi-bin/confirmeph2.cgi
20260512T093110Z,2026-05-12T09:31:10.875814Z,20260512T093110Z_batch01,ST26E34,2026-05-12T22:00:00Z,14 52 00.9,223.00375,+18 10 50,18.180555555555557,143.1,23.1,2.97,342.3,Map/Offsets   !,https://cgi.minorplanetcenter.net/cgi-bin/confirmeph2.cgi
20260512T093110Z,2026-05-12T09:31:10.875814Z,20260512T093110Z_batch01,ST26E34,2026-05-12T23:00:00Z,14 51 57.1,222.98791666666665,+18 13 37,18.22694444444444,143.0,23.1,2.89,342.3,Map/Offsets   !,https://cgi.minorplanetcenter.net/cgi-bin/confirmeph2.cgi
20260512T093110Z,2026-05-12T09:31:10.875814Z,20260512T093110Z_batch01,ST26E34,2026-05-13T00:00:00Z,14 51 53.5,222.97291666666666,+18 16 20,18.272222222222222,142.9,23.2,2.81,342.3,Map/Offsets,https://cgi.minorplanetcenter.net/cgi-bin/confirmeph2.cgi
20260512T093110Z,2026-05-12T09:31:10.875814Z,20260512T093110Z_batch01,ST26E34,2026-05-13T01:00:00Z,14 51 49.9,222.95791666666668,+18 18 59,18.31638888888889,142.9,23.2,2.74,342.2,Map/Offsets,https://cgi.minorplanetcenter.net/cgi-bin/confirmeph2.cgi
20260512T093110Z,2026-05-12T09:31:10.875814Z,20260512T093110Z_batch01,ST26E34,2026-05-13T02:00:00Z,14 51 46.4,222.94333333333333,+18 21 33,18.359166666666667,142.8,23.2,2.67,342.2,Map/Offsets,https://cgi.minorplanetcenter.net/cgi-bin/confirmeph2.cgi
20260512T093110Z,2026-05-12T09:31:10.875814Z,20260512T093110Z_batch01,ST26E34,2026-05-13T03:00:00Z,14 51 43.0,222.92916666666665,+18 24 04,18.40111111111111,142.7,23.3,2.6,342.2,Map/Offsets,https://cgi.minorplanetcenter.net/cgi-bin/confirmeph2.cgi
20260512T093110Z,2026-05-12T09:31:10.875814Z,20260512T093110Z_batch01,ST26E34,2026-05-13T04:00:00Z,14 51 39.7,222.91541666666666,+18 26 31,18.441944444444445,142.7,23.3,2.54,342.2,Map/Offsets,https://cgi.minorplanetcenter.net/cgi-bin/confirmeph2.cgi
20260512T093110Z,2026-05-12T09:31:10.875814Z,20260512T093110Z_batch01,ST26E34,2026-05-13T05:00:00Z,14 51 36.5,222.90208333333334,+18 28 54,18.481666666666666,142.6,23.3,2.48,342.2,Map/Offsets,https://cgi.minorplanetcenter.net/cgi-bin/confirmeph2.cgi
20260512T093110Z,2026-05-12T09:31:10.875814Z,20260512T093110Z_batch01,ST26E34,2026-05-13T06:00:00Z,14 51 33.3,222.88875,+18 31 14,18.520555555555553,142.6,23.3,2.42,342.2,Map/Offsets,https://cgi.minorplanetcenter.net/cgi-bin/confirmeph2.cgi
20260512T093110Z,2026-05-12T09:31:10.875814Z,20260512T093110Z_batch01,ST26E34,2026-05-13T07:00:00Z,14 51 30.2,222.87583333333333,+18 33 30,18.558333333333334,142.5,23.4,2.36,342.2,Map/Offsets,https://cgi.minorplanetcenter.net/cgi-bin/confirmeph2.cgi
20260512T093110Z,2026-05-12T09:31:10.875814Z,20260512T093110Z_batch01,ST26E34,2026-05-13T08:00:00Z,14 51 27.2,222.86333333333332,+18 35 43,18.595277777777778,142.5,23.4,2.3,342.1,Map/Offsets,https://cgi.minorplanetcenter.net/cgi-bin/confirmeph2.cgi
20260512T093110Z,2026-05-12T09:31:10.875814Z,20260512T093110Z_batch01,6E94521,2026-05-12T08:00:00Z,19 26 07.9,291.53291666666667,-58 25 01,-58.41694444444444,119.5,19.5,6.08,164.6,Map/Offsets,https://cgi.minorplanetcenter.net/cgi-bin/confirmeph2.cgi
20260512T093110Z,2026-05-12T09:31:10.875814Z,20260512T093110Z_batch01,6E94521,2026-05-12T09:00:00Z,19 26 20.3,291.58458333333334,-58 30 53,-58.514722222222225,119.5,19.5,6.09,164.6,Map/Offsets,https://cgi.minorplanetcenter.net/cgi-bin/confirmeph2.cgi
20260512T093110Z,2026-05-12T09:31:10.875814Z,20260512T093110Z_batch01,6E94521,2026-05-12T10:00:00Z,19 26 32.8,291.63666666666666,-58 36 45,-58.612500000000004,119.5,19.5,6.09,164.5,Map/Offsets,https://cgi.minorplanetcenter.net/cgi-bin/confirmeph2.cgi
20260512T093110Z,2026-05-12T09:31:10.875814Z,20260512T093110Z_batch01,6E94521,2026-05-12T11:00:00Z,19 26 45.3,291.68874999999997,-58 42 37,-58.71027777777778,119.4,19.5,6.09,164.5,Map/Offsets,https://cgi.minorplanetcenter.net/cgi-bin/confirmeph2.cgi
20260512T093110Z,2026-05-12T09:31:10.875814Z,20260512T093110Z_batch01,6E94521,2026-05-12T12:00:00Z,19 26 57.8,291.74083333333334,-58 48 29,-58.808055555555555,119.4,19.5,6.09,164.5,Map/Offsets,https://cgi.minorplanetcenter.net/cgi-bin/confirmeph2.cgi
20260512T093110Z,2026-05-12T09:31:10.875814Z,20260512T093110Z_batch01,6E94521,2026-05-12T13:00:00Z,19 27 10.5,291.79375,-58 54 21,-58.905833333333334,119.4,19.5,6.09,164.4,Map/Offsets,https://cgi.minorplanetcenter.net/cgi-bin/confirmeph2.cgi
20260512T093110Z,2026-05-12T09:31:10.875814Z,20260512T093110Z_batch01,6E94521,2026-05-12T14:00:00Z,19 27 23.2,291.84666666666664,-59 00 14,-59.00388888888889,119.4,19.5,6.09,164.4,Map/Offsets,https://cgi.minorplanetcenter.net/cgi-bin/confirmeph2.cgi
20260512T093110Z,2026-05-12T09:31:10.875814Z,20260512T093110Z_batch01,6E94521,2026-05-12T15:00:00Z,19 27 35.9,291.8995833333333,-59 06 06,-59.10166666666667,119.4,19.5,6.09,164.4,Map/Offsets,https://cgi.minorplanetcenter.net/cgi-bin/confirmeph2.cgi
20260512T093110Z,2026-05-12T09:31:10.875814Z,20260512T093110Z_batch01,6E94521,2026-05-12T16:00:00Z,19 27 48.7,291.9529166666667,-59 11 58,-59.19944444444444,119.3,19.5,6.1,164.3,Map/Offsets,https://cgi.minorplanetcenter.net/cgi-bin/confirmeph2.cgi
20260512T093110Z,2026-05-12T09:31:10.875814Z,20260512T093110Z_batch01,6E94521,2026-05-12T17:00:00Z,19 28 01.6,292.00666666666666,-59 17 50,-59.29722222222222,119.3,19.5,6.1,164.3,Map/Offsets,https://cgi.minorplanetcenter.net/cgi-bin/confirmeph2.cgi
20260512T093110Z,2026-05-12T09:31:10.875814Z,20260512T093110Z_batch01,6E94521,2026-05-12T18:00:00Z,19 28 14.6,292.06083333333333,-59 23 42,-59.394999999999996,119.3,19.5,6.1,164.3,Map/Offsets,https://cgi.minorplanetcenter.net/cgi-bin/confirmeph2.cgi
20260512T093110Z,2026-05-12T09:31:10.875814Z,20260512T093110Z_batch01,6E94521,2026-05-12T19:00:00Z,19 28 27.6,292.11499999999995,-59 29 35,-59.49305555555556,119.3,19.5,6.1,164.2,Map/Offsets,https://cgi.minorplanetcenter.net/cgi-bin/confirmeph2.cgi
20260512T093110Z,2026-05-12T09:31:10.875814Z,20260512T093110Z_batch01,6E94521,2026-05-12T20:00:00Z,19 28 40.7,292.1695833333333,-59 35 27,-59.590833333333336,119.3,19.5,6.1,164.2,Map/Offsets,https://cgi.minorplanetcenter.net/cgi-bin/confirmeph2.cgi
20260512T093110Z,2026-05-12T09:31:10.875814Z,20260512T093110Z_batch01,6E94521,2026-05-12T21:00:00Z,19 28 53.8,292.22416666666663,-59 41 19,-59.68861111111111,119.2,19.5,6.1,164.2,Map/Offsets,https://cgi.minorplanetcenter.net/cgi-bin/confirmeph2.cgi
20260512T093110Z,2026-05-12T09:31:10.875814Z,20260512T093110Z_batch01,6E94521,2026-05-12T22:00:00Z,19 29 07.0,292.2791666666667,-59 47 11,-59.78638888888889,119.2,19.5,6.1,164.1,Map/Offsets,https://cgi.minorplanetcenter.net/cgi-bin/confirmeph2.cgi
20260512T093110Z,2026-05-12T09:31:10.875814Z,20260512T093110Z_batch01,6E94521,2026-05-12T23:00:00Z,19 29 20.3,292.33458333333334,-59 53 04,-59.88444444444444,119.2,19.5,6.1,164.1,Map/Offsets,https://cgi.minorplanetcenter.net/cgi-bin/confirmeph2.cgi
20260512T093110Z,2026-05-12T09:31:10.875814Z,20260512T093110Z_batch01,6E94521,2026-05-13T00:00:00Z,19 29 33.7,292.3904166666667,-59 58 56,-59.98222222222223,119.2,19.5,6.1,164.1,Map/Offsets,https://cgi.minorplanetcenter.net/cgi-bin/confirmeph2.cgi
20260512T093110Z,2026-05-12T09:31:10.875814Z,20260512T093110Z_batch01,6E94521,2026-05-13T01:00:00Z,19 29 47.1,292.44625,-60 04 48,-60.080000000000005,119.1,19.5,6.11,164.0,Map/Offsets,https://cgi.minorplanetcenter.net/cgi-bin/confirmeph2.cgi
20260512T093110Z,2026-05-12T09:31:10.875814Z,20260512T093110Z_batch01,6E94521,2026-05-13T02:00:00Z,19 30 00.6,292.5025,-60 10 40,-60.17777777777778,119.1,19.5,6.11,164.0,Map/Offsets,https://cgi.minorplanetcenter.net/cgi-bin/confirmeph2.cgi
20260512T093110Z,2026-05-12T09:31:10.875814Z,20260512T093110Z_batch01,6E94521,2026-05-13T03:00:00Z,19 30 14.2,292.55916666666667,-60 16 32,-60.275555555555556,119.1,19.5,6.11,164.0,Map/Offsets,https://cgi.minorplanetcenter.net/cgi-bin/confirmeph2.cgi
20260512T093110Z,2026-05-12T09:31:10.875814Z,20260512T093110Z_batch01,6E94521,2026-05-13T04:00:00Z,19 30 27.8,292.61583333333334,-60 22 25,-60.37361111111111,119.1,19.5,6.11,163.9,Map/Offsets,https://cgi.minorplanetcenter.net/cgi-bin/confirmeph2.cgi
20260512T093110Z,2026-05-12T09:31:10.875814Z,20260512T093110Z_batch01,6E94521,2026-05-13T05:00:00Z,19 30 41.5,292.6729166666667,-60 28 17,-60.47138888888889,119.1,19.5,6.11,163.9,Map/Offsets,https://cgi.minorplanetcenter.net/cgi-bin/confirmeph2.cgi
20260512T093110Z,2026-05-12T09:31:10.875814Z,20260512T093110Z_batch01,6E94521,2026-05-13T06:00:00Z,19 30 55.3,292.73041666666666,-60 34 09,-60.56916666666667,119.0,19.5,6.11,163.9,Map/Offsets,https://cgi.minorplanetcenter.net/cgi-bin/confirmeph2.cgi
20260512T093110Z,2026-05-12T09:31:10.875814Z,20260512T093110Z_batch01,6E94521,2026-05-13T07:00:00Z,19 31 09.1,292.78791666666666,-60 40 01,-60.66694444444444,119.0,19.5,6.11,163.8,Map/Offsets,https://cgi.minorplanetcenter.net/cgi-bin/confirmeph2.cgi
20260512T093110Z,2026-05-12T09:31:10.875814Z,20260512T093110Z_batch01,6E94521,2026-05-13T08:00:00Z,19 31 23.1,292.84625,-60 45 53,-60.764722222222225,119.0,19.5,6.11,163.8,Map/Offsets,https://cgi.minorplanetcenter.net/cgi-bin/confirmeph2.cgi
20260512T093110Z,2026-05-12T09:31:10.875814Z,20260512T093110Z_batch01,XA9ttXA,2026-05-12T08:00:00Z,15 06 29.8,226.62416666666667,+01 52 09,1.8691666666666666,159.9,22.5,0.79,277.9,Map/Offsets,https://cgi.minorplanetcenter.net/cgi-bin/confirmeph2.cgi
20260512T093110Z,2026-05-12T09:31:10.875814Z,20260512T093110Z_batch01,XA9ttXA,2026-05-12T09:00:00Z,15 06 26.6,226.61083333333332,+01 52 16,1.8711111111111112,159.9,22.5,0.79,277.9,Map/Offsets,https://cgi.minorplanetcenter.net/cgi-bin/confirmeph2.cgi
20260512T093110Z,2026-05-12T09:31:10.875814Z,20260512T093110Z_batch01,XA9ttXA,2026-05-12T10:00:00Z,15 06 23.5,226.59791666666666,+01 52 22,1.8727777777777779,159.9,22.5,0.79,277.8,Map/Offsets,https://cgi.minorplanetcenter.net/cgi-bin/confirmeph2.cgi
20260512T093110Z,2026-05-12T09:31:10.875814Z,20260512T093110Z_batch01,XA9ttXA,2026-05-12T11:00:00Z,15 06 20.4,226.58499999999998,+01 52 28,1.8744444444444446,159.9,22.5,0.79,277.8,Map/Offsets,https://cgi.minorplanetcenter.net/cgi-bin/confirmeph2.cgi
20260512T093110Z,2026-05-12T09:31:10.875814Z,20260512T093110Z_batch01,XA9ttXA,2026-05-12T12:00:00Z,15 06 17.2,226.57166666666666,+01 52 35,1.8763888888888889,159.9,22.5,0.79,277.7,Map/Offsets,https://cgi.minorplanetcenter.net/cgi-bin/confirmeph2.cgi
20260512T093110Z,2026-05-12T09:31:10.875814Z,20260512T093110Z_batch01,XA9ttXA,2026-05-12T13:00:00Z,15 06 14.1,226.55875,+01 52 41,1.8780555555555556,159.9,22.5,0.79,277.6,Map/Offsets,https://cgi.minorplanetcenter.net/cgi-bin/confirmeph2.cgi
20260512T093110Z,2026-05-12T09:31:10.875814Z,20260512T093110Z_batch01,XA9ttXA,2026-05-12T14:00:00Z,15 06 11.0,226.54583333333332,+01 52 47,1.8797222222222223,159.8,22.5,0.79,277.6,Map/Offsets,https://cgi.minorplanetcenter.net/cgi-bin/confirmeph2.cgi
20260512T093110Z,2026-05-12T09:31:10.875814Z,20260512T093110Z_batch01,XA9ttXA,2026-05-12T15:00:00Z,15 06 07.8,226.5325,+01 52 54,1.8816666666666666,159.8,22.5,0.79,277.5,Map/Offsets,https://cgi.minorplanetcenter.net/cgi-bin/confirmeph2.cgi
20260512T093110Z,2026-05-12T09:31:10.875814Z,20260512T093110Z_batch01,XA9ttXA,2026-05-12T16:00:00Z,15 06 04.7,226.51958333333334,+01 53 00,1.8833333333333333,159.8,22.5,0.79,277.5,Map/Offsets,https://cgi.minorplanetcenter.net/cgi-bin/confirmeph2.cgi
20260512T093110Z,2026-05-12T09:31:10.875814Z,20260512T093110Z_batch01,XA9ttXA,2026-05-12T17:00:00Z,15 06 01.6,226.50666666666666,+01 53 06,1.885,159.8,22.5,0.79,277.4,Map/Offsets,https://cgi.minorplanetcenter.net/cgi-bin/confirmeph2.cgi
20260512T093110Z,2026-05-12T09:31:10.875814Z,20260512T093110Z_batch01,XA9ttXA,2026-05-12T18:00:00Z,15 05 58.4,226.49333333333334,+01 53 12,1.8866666666666667,159.8,22.5,0.79,277.4,Map/Offsets,https://cgi.minorplanetcenter.net/cgi-bin/confirmeph2.cgi
20260512T093110Z,2026-05-12T09:31:10.875814Z,20260512T093110Z_batch01,XA9ttXA,2026-05-12T19:00:00Z,15 05 55.3,226.48041666666668,+01 53 18,1.8883333333333332,159.7,22.5,0.79,277.3,Map/Offsets,https://cgi.minorplanetcenter.net/cgi-bin/confirmeph2.cgi
20260512T093110Z,2026-05-12T09:31:10.875814Z,20260512T093110Z_batch01,XA9ttXA,2026-05-12T20:00:00Z,15 05 52.1,226.46708333333333,+01 53 24,1.89,159.7,22.5,0.79,277.3,Map/Offsets,https://cgi.minorplanetcenter.net/cgi-bin/confirmeph2.cgi
20260512T093110Z,2026-05-12T09:31:10.875814Z,20260512T093110Z_batch01,XA9ttXA,2026-05-12T21:00:00Z,15 05 49.0,226.45416666666668,+01 53 30,1.8916666666666666,159.7,22.5,0.79,277.2,Map/Offsets,https://cgi.minorplanetcenter.net/cgi-bin/confirmeph2.cgi
20260512T093110Z,2026-05-12T09:31:10.875814Z,20260512T093110Z_batch01,XA9ttXA,2026-05-12T22:00:00Z,15 05 45.8,226.44083333333336,+01 53 36,1.8933333333333333,159.7,22.5,0.79,277.2,Map/Offsets,https://cgi.minorplanetcenter.net/cgi-bin/confirmeph2.cgi
20260512T093110Z,2026-05-12T09:31:10.875814Z,20260512T093110Z_batch01,XA9ttXA,2026-05-12T23:00:00Z,15 05 42.7,226.42791666666668,+01 53 42,1.895,159.7,22.5,0.79,277.1,Map/Offsets,https://cgi.minorplanetcenter.net/cgi-bin/confirmeph2.cgi
20260512T093110Z,2026-05-12T09:31:10.875814Z,20260512T093110Z_batch01,XA9ttXA,2026-05-13T00:00:00Z,15 05 39.5,226.41458333333333,+01 53 48,1.8966666666666667,159.6,22.5,0.79,277.1,Map/Offsets,https://cgi.minorplanetcenter.net/cgi-bin/confirmeph2.cgi
20260512T093110Z,2026-05-12T09:31:10.875814Z,20260512T093110Z_batch01,XA9ttXA,2026-05-13T01:00:00Z,15 05 36.4,226.40166666666667,+01 53 54,1.8983333333333332,159.6,22.5,0.79,277.0,Map/Offsets,https://cgi.minorplanetcenter.net/cgi-bin/confirmeph2.cgi
20260512T093110Z,2026-05-12T09:31:10.875814Z,20260512T093110Z_batch01,XA9ttXA,2026-05-13T02:00:00Z,15 05 33.2,226.38833333333335,+01 54 00,1.9,159.6,22.5,0.79,277.0,Map/Offsets,https://cgi.minorplanetcenter.net/cgi-bin/confirmeph2.cgi
20260512T093110Z,2026-05-12T09:31:10.875814Z,20260512T093110Z_batch01,XA9ttXA,2026-05-13T03:00:00Z,15 05 30.1,226.37541666666667,+01 54 06,1.9016666666666666,159.6,22.5,0.79,276.9,Map/Offsets,https://cgi.minorplanetcenter.net/cgi-bin/confirmeph2.cgi
20260512T093110Z,2026-05-12T09:31:10.875814Z,20260512T093110Z_batch01,XA9ttXA,2026-05-13T04:00:00Z,15 05 26.9,226.36208333333335,+01 54 11,1.9030555555555555,159.6,22.5,0.79,276.9,Map/Offsets,https://cgi.minorplanetcenter.net/cgi-bin/confirmeph2.cgi
20260512T093110Z,2026-05-12T09:31:10.875814Z,20260512T093110Z_batch01,XA9ttXA,2026-05-13T05:00:00Z,15 05 23.8,226.34916666666666,+01 54 17,1.9047222222222222,159.5,22.5,0.8,276.8,Map/Offsets,https://cgi.minorplanetcenter.net/cgi-bin/confirmeph2.cgi
20260512T093110Z,2026-05-12T09:31:10.875814Z,20260512T093110Z_batch01,XA9ttXA,2026-05-13T06:00:00Z,15 05 20.6,226.33583333333334,+01 54 23,1.906388888888889,159.5,22.5,0.8,276.8,Map/Offsets,https://cgi.minorplanetcenter.net/cgi-bin/confirmeph2.cgi
20260512T093110Z,2026-05-12T09:31:10.875814Z,20260512T093110Z_batch01,XA9ttXA,2026-05-13T07:00:00Z,15 05 17.4,226.32250000000002,+01 54 28,1.9077777777777778,159.5,22.5,0.8,276.7,Map/Offsets,https://cgi.minorplanetcenter.net/cgi-bin/confirmeph2.cgi
20260512T093110Z,2026-05-12T09:31:10.875814Z,20260512T093110Z_batch01,XA9ttXA,2026-05-13T08:00:00Z,15 05 14.3,226.30958333333334,+01 54 34,1.9094444444444443,159.5,22.5,0.8,276.7,Map/Offsets,https://cgi.minorplanetcenter.net/cgi-bin/confirmeph2.cgi
20260512T093110Z,2026-05-12T09:31:10.875814Z,20260512T093110Z_batch01,ST26E18,2026-05-12T08:00:00Z,15 29 19.1,232.32958333333332,-14 24 44,-14.412222222222223,175.0,23.0,1.26,125.7,Map/Offsets   !,https://cgi.minorplanetcenter.net/cgi-bin/confirmeph2.cgi
20260512T093110Z,2026-05-12T09:31:10.875814Z,20260512T093110Z_batch01,ST26E18,2026-05-12T09:00:00Z,15 29 23.3,232.3470833333333,-14 25 28,-14.424444444444443,175.0,23.0,1.23,125.8,Map/Offsets   !,https://cgi.minorplanetcenter.net/cgi-bin/confirmeph2.cgi
20260512T093110Z,2026-05-12T09:31:10.875814Z,20260512T093110Z_batch01,ST26E18,2026-05-12T10:00:00Z,15 29 27.4,232.36416666666665,-14 26 11,-14.436388888888889,175.1,23.1,1.2,125.8,Map/Offsets   !,https://cgi.minorplanetcenter.net/cgi-bin/confirmeph2.cgi
20260512T093110Z,2026-05-12T09:31:10.875814Z,20260512T093110Z_batch01,ST26E18,2026-05-12T11:00:00Z,15 29 31.4,232.3808333333333,-14 26 52,-14.447777777777778,175.1,23.1,1.18,125.8,Map/Offsets   !,https://cgi.minorplanetcenter.net/cgi-bin/confirmeph2.cgi
20260512T093110Z,2026-05-12T09:31:10.875814Z,20260512T093110Z_batch01,ST26E18,2026-05-12T12:00:00Z,15 29 35.3,232.3970833333333,-14 27 33,-14.459166666666667,175.1,23.1,1.15,125.8,Map/Offsets   !,https://cgi.minorplanetcenter.net/cgi-bin/confirmeph2.cgi
20260512T093110Z,2026-05-12T09:31:10.875814Z,20260512T093110Z_batch01,ST26E18,2026-05-12T13:00:00Z,15 29 39.1,232.41291666666666,-14 28 13,-14.470277777777778,175.1,23.1,1.12,125.8,Map/Offsets   !,https://cgi.minorplanetcenter.net/cgi-bin/confirmeph2.cgi
20260512T093110Z,2026-05-12T09:31:10.875814Z,20260512T093110Z_batch01,ST26E18,2026-05-12T14:00:00Z,15 29 42.8,232.4283333333333,-14 28 52,-14.481111111111112,175.1,23.2,1.1,125.9,Map/Offsets   !,https://cgi.minorplanetcenter.net/cgi-bin/confirmeph2.cgi
20260512T093110Z,2026-05-12T09:31:10.875814Z,20260512T093110Z_batch01,ST26E18,2026-05-12T15:00:00Z,15 29 46.4,232.4433333333333,-14 29 30,-14.491666666666665,175.1,23.2,1.07,125.9,Map/Offsets   !,https://cgi.minorplanetcenter.net/cgi-bin/confirmeph2.cgi
20260512T093110Z,2026-05-12T09:31:10.875814Z,20260512T093110Z_batch01,ST26E18,2026-05-12T16:00:00Z,15 29 49.9,232.45791666666668,-14 30 07,-14.501944444444444,175.2,23.2,1.05,125.9,Map/Offsets   !,https://cgi.minorplanetcenter.net/cgi-bin/confirmeph2.cgi
20260512T093110Z,2026-05-12T09:31:10.875814Z,20260512T093110Z_batch01,ST26E18,2026-05-12T17:00:00Z,15 29 53.4,232.4725,-14 30 44,-14.512222222222222,175.2,23.2,1.02,125.9,Map/Offsets   !,https://cgi.minorplanetcenter.net/cgi-bin/confirmeph2.cgi
20260512T093110Z,2026-05-12T09:31:10.875814Z,20260512T093110Z_batch01,ST26E18,2026-05-12T18:00:00Z,15 29 56.8,232.48666666666665,-14 31 19,-14.521944444444445,175.2,23.2,1.0,126.0,Map/Offsets   !,https://cgi.minorplanetcenter.net/cgi-bin/confirmeph2.cgi
20260512T093110Z,2026-05-12T09:31:10.875814Z,20260512T093110Z_batch01,ST26E18,2026-05-12T19:00:00Z,15 30 00.1,232.50041666666667,-14 31 54,-14.531666666666668,175.2,23.3,0.98,126.0,Map/Offsets   !,https://cgi.minorplanetcenter.net/cgi-bin/confirmeph2.cgi
20260512T093110Z,2026-05-12T09:31:10.875814Z,20260512T093110Z_batch01,ST26E18,2026-05-12T20:00:00Z,15 30 03.3,232.51375000000002,-14 32 29,-14.54138888888889,175.2,23.3,0.96,126.0,Map/Offsets   !,https://cgi.minorplanetcenter.net/cgi-bin/confirmeph2.cgi
20260512T093110Z,2026-05-12T09:31:10.875814Z,20260512T093110Z_batch01,ST26E18,2026-05-12T21:00:00Z,15 30 06.5,232.52708333333334,-14 33 02,-14.550555555555556,175.2,23.3,0.94,126.1,Map/Offsets   !,https://cgi.minorplanetcenter.net/cgi-bin/confirmeph2.cgi
20260512T093110Z,2026-05-12T09:31:10.875814Z,20260512T093110Z_batch01,ST26E18,2026-05-12T22:00:00Z,15 30 09.6,232.54,-14 33 35,-14.559722222222224,175.3,23.3,0.92,126.1,Map/Offsets   !,https://cgi.minorplanetcenter.net/cgi-bin/confirmeph2.cgi
20260512T093110Z,2026-05-12T09:31:10.875814Z,20260512T093110Z_batch01,ST26E18,2026-05-12T23:00:00Z,15 30 12.7,232.55291666666668,-14 34 07,-14.56861111111111,175.3,23.4,0.9,126.1,Map/Offsets   !,https://cgi.minorplanetcenter.net/cgi-bin/confirmeph2.cgi
20260512T093110Z,2026-05-12T09:31:10.875814Z,20260512T093110Z_batch01,ST26E18,2026-05-13T00:00:00Z,15 30 15.6,232.565,-14 34 39,-14.5775,175.3,23.4,0.88,126.1,Map/Offsets   !,https://cgi.minorplanetcenter.net/cgi-bin/confirmeph2.cgi
20260512T093110Z,2026-05-12T09:31:10.875814Z,20260512T093110Z_batch01,ST26E18,2026-05-13T01:00:00Z,15 30 18.5,232.57708333333332,-14 35 09,-14.585833333333333,175.3,23.4,0.86,126.2,Map/Offsets   !,https://cgi.minorplanetcenter.net/cgi-bin/confirmeph2.cgi
20260512T093110Z,2026-05-12T09:31:10.875814Z,20260512T093110Z_batch01,ST26E18,2026-05-13T02:00:00Z,15 30 21.4,232.58916666666667,-14 35 40,-14.594444444444445,175.3,23.4,0.85,126.2,Map/Offsets   !,https://cgi.minorplanetcenter.net/cgi-bin/confirmeph2.cgi
20260512T093110Z,2026-05-12T09:31:10.875814Z,20260512T093110Z_batch01,ST26E18,2026-05-13T03:00:00Z,15 30 24.2,232.60083333333336,-14 36 09,-14.6025,175.3,23.5,0.83,126.2,Map/Offsets   !,https://cgi.minorplanetcenter.net/cgi-bin/confirmeph2.cgi
20260512T093110Z,2026-05-12T09:31:10.875814Z,20260512T093110Z_batch01,ST26E18,2026-05-13T04:00:00Z,15 30 26.9,232.61208333333335,-14 36 39,-14.610833333333334,175.4,23.5,0.81,126.3,Map/Offsets   !,https://cgi.minorplanetcenter.net/cgi-bin/confirmeph2.cgi
20260512T093110Z,2026-05-12T09:31:10.875814Z,20260512T093110Z_batch01,ST26E18,2026-05-13T05:00:00Z,15 30 29.6,232.62333333333333,-14 37 07,-14.618611111111111,175.4,23.5,0.8,126.3,Map/Offsets   !,https://cgi.minorplanetcenter.net/cgi-bin/confirmeph2.cgi
20260512T093110Z,2026-05-12T09:31:10.875814Z,20260512T093110Z_batch01,ST26E18,2026-05-13T06:00:00Z,15 30 32.2,232.6341666666667,-14 37 35,-14.62638888888889,175.4,23.5,0.78,126.3,Map/Offsets   !,https://cgi.minorplanetcenter.net/cgi-bin/confirmeph2.cgi
20260512T093110Z,2026-05-12T09:31:10.875814Z,20260512T093110Z_batch01,ST26E18,2026-05-13T07:00:00Z,15 30 34.8,232.64499999999998,-14 38 03,-14.634166666666665,175.4,23.5,0.77,126.4,Map/Offsets   !,https://cgi.minorplanetcenter.net/cgi-bin/confirmeph2.cgi
20260512T093110Z,2026-05-12T09:31:10.875814Z,20260512T093110Z_batch01,ST26E18,2026-05-13T08:00:00Z,15 30 37.3,232.65541666666667,-14 38 30,-14.641666666666666,175.4,23.6,0.75,126.4,Map/Offsets   !,https://cgi.minorplanetcenter.net/cgi-bin/confirmeph2.cgi
20260512T093110Z,2026-05-12T09:31:10.875814Z,20260512T093110Z_batch01,CELRZD2,2026-05-12T08:00:00Z,12 29 02.1,187.25875,+36 09 28,36.157777777777774,113.0,22.2,1.98,308.5,Map/Offsets,https://cgi.minorplanetcenter.net/cgi-bin/confirmeph2.cgi
20260512T093110Z,2026-05-12T09:31:10.875814Z,20260512T093110Z_batch01,CELRZD2,2026-05-12T09:00:00Z,12 28 54.5,187.22708333333333,+36 10 42,36.17833333333333,113.0,22.2,1.97,308.5,Map/Offsets,https://cgi.minorplanetcenter.net/cgi-bin/confirmeph2.cgi
20260512T093110Z,2026-05-12T09:31:10.875814Z,20260512T093110Z_batch01,CELRZD2,2026-05-12T10:00:00Z,12 28 46.9,187.19541666666666,+36 11 55,36.198611111111106,112.9,22.2,1.95,308.4,Map/Offsets,https://cgi.minorplanetcenter.net/cgi-bin/confirmeph2.cgi
20260512T093110Z,2026-05-12T09:31:10.875814Z,20260512T093110Z_batch01,CELRZD2,2026-05-12T11:00:00Z,12 28 39.3,187.16375,+36 13 08,36.21888888888889,112.8,22.2,1.93,308.4,Map/Offsets,https://cgi.minorplanetcenter.net/cgi-bin/confirmeph2.cgi
20260512T093110Z,2026-05-12T09:31:10.875814Z,20260512T093110Z_batch01,CELRZD2,2026-05-12T12:00:00Z,12 28 31.9,187.13291666666666,+36 14 19,36.23861111111111,112.8,22.2,1.91,308.4,Map/Offsets,https://cgi.minorplanetcenter.net/cgi-bin/confirmeph2.cgi
20260512T093110Z,2026-05-12T09:31:10.875814Z,20260512T093110Z_batch01,CELRZD2,2026-05-12T13:00:00Z,12 28 24.4,187.10166666666666,+36 15 30,36.25833333333333,112.7,22.2,1.9,308.3,Map/Offsets,https://cgi.minorplanetcenter.net/cgi-bin/confirmeph2.cgi
20260512T093110Z,2026-05-12T09:31:10.875814Z,20260512T093110Z_batch01,CELRZD2,2026-05-12T14:00:00Z,12 28 17.1,187.07125,+36 16 40,36.27777777777778,112.7,22.3,1.88,308.3,Map/Offsets,https://cgi.minorplanetcenter.net/cgi-bin/confirmeph2.cgi
20260512T093110Z,2026-05-12T09:31:10.875814Z,20260512T093110Z_batch01,CELRZD2,2026-05-12T15:00:00Z,12 28 09.8,187.04083333333332,+36 17 50,36.29722222222222,112.6,22.3,1.86,308.3,Map/Offsets,https://cgi.minorplanetcenter.net/cgi-bin/confirmeph2.cgi
20260512T093110Z,2026-05-12T09:31:10.875814Z,20260512T093110Z_batch01,CELRZD2,2026-05-12T16:00:00Z,12 28 02.6,187.01083333333335,+36 18 59,36.31638888888889,112.5,22.3,1.85,308.3,Map/Offsets,https://cgi.minorplanetcenter.net/cgi-bin/confirmeph2.cgi
20260512T093110Z,2026-05-12T09:31:10.875814Z,20260512T093110Z_batch01,CELRZD2,2026-05-12T17:00:00Z,12 27 55.4,186.98083333333332,+36 20 07,36.33527777777778,112.5,22.3,1.83,308.2,Map/Offsets,https://cgi.minorplanetcenter.net/cgi-bin/confirmeph2.cgi
20260512T093110Z,2026-05-12T09:31:10.875814Z,20260512T093110Z_batch01,CELRZD2,2026-05-12T18:00:00Z,12 27 48.3,186.95125,+36 21 15,36.35416666666667,112.4,22.3,1.82,308.2,Map/Offsets,https://cgi.minorplanetcenter.net/cgi-bin/confirmeph2.cgi
20260512T093110Z,2026-05-12T09:31:10.875814Z,20260512T093110Z_batch01,CELRZD2,2026-05-12T19:00:00Z,12 27 41.2,186.92166666666665,+36 22 22,36.37277777777778,112.3,22.3,1.8,308.2,Map/Offsets,https://cgi.minorplanetcenter.net/cgi-bin/confirmeph2.cgi
20260512T093110Z,2026-05-12T09:31:10.875814Z,20260512T093110Z_batch01,CELRZD2,2026-05-12T20:00:00Z,12 27 34.2,186.89249999999998,+36 23 29,36.39138888888889,112.3,22.3,1.78,308.2,Map/Offsets,https://cgi.minorplanetcenter.net/cgi-bin/confirmeph2.cgi
20260512T093110Z,2026-05-12T09:31:10.875814Z,20260512T093110Z_batch01,CELRZD2,2026-05-12T21:00:00Z,12 27 27.3,186.86374999999998,+36 24 35,36.40972222222222,112.2,22.3,1.77,308.1,Map/Offsets,https://cgi.minorplanetcenter.net/cgi-bin/confirmeph2.cgi
20260512T093110Z,2026-05-12T09:31:10.875814Z,20260512T093110Z_batch01,CELRZD2,2026-05-12T22:00:00Z,12 27 20.4,186.83499999999998,+36 25 40,36.42777777777778,112.2,22.3,1.75,308.1,Map/Offsets,https://cgi.minorplanetcenter.net/cgi-bin/confirmeph2.cgi
20260512T093110Z,2026-05-12T09:31:10.875814Z,20260512T093110Z_batch01,CELRZD2,2026-05-12T23:00:00Z,12 27 13.6,186.80666666666664,+36 26 44,36.44555555555555,112.1,22.3,1.74,308.1,Map/Offsets,https://cgi.minorplanetcenter.net/cgi-bin/confirmeph2.cgi
20260512T093110Z,2026-05-12T09:31:10.875814Z,20260512T093110Z_batch01,CELRZD2,2026-05-13T00:00:00Z,12 27 06.8,186.7783333333333,+36 27 48,36.46333333333334,112.0,22.4,1.72,308.1,Map/Offsets,https://cgi.minorplanetcenter.net/cgi-bin/confirmeph2.cgi
20260512T093110Z,2026-05-12T09:31:10.875814Z,20260512T093110Z_batch01,CELRZD2,2026-05-13T01:00:00Z,12 27 00.1,186.75041666666664,+36 28 52,36.48111111111111,112.0,22.4,1.71,308.0,Map/Offsets,https://cgi.minorplanetcenter.net/cgi-bin/confirmeph2.cgi
20260512T093110Z,2026-05-12T09:31:10.875814Z,20260512T093110Z_batch01,CELRZD2,2026-05-13T02:00:00Z,12 26 53.4,186.7225,+36 29 55,36.49861111111111,111.9,22.4,1.69,308.0,Map/Offsets,https://cgi.minorplanetcenter.net/cgi-bin/confirmeph2.cgi
20260512T093110Z,2026-05-12T09:31:10.875814Z,20260512T093110Z_batch01,CELRZD2,2026-05-13T03:00:00Z,12 26 46.8,186.695,+36 30 57,36.51583333333333,111.9,22.4,1.68,308.0,Map/Offsets,https://cgi.minorplanetcenter.net/cgi-bin/confirmeph2.cgi
20260512T093110Z,2026-05-12T09:31:10.875814Z,20260512T093110Z_batch01,CELRZD2,2026-05-13T04:00:00Z,12 26 40.2,186.6675,+36 31 59,36.533055555555556,111.8,22.4,1.66,308.0,Map/Offsets,https://cgi.minorplanetcenter.net/cgi-bin/confirmeph2.cgi
20260512T093110Z,2026-05-12T09:31:10.875814Z,20260512T093110Z_batch01,CELRZD2,2026-05-13T05:00:00Z,12 26 33.7,186.64041666666668,+36 33 00,36.55,111.7,22.4,1.65,307.9,Map/Offsets,https://cgi.minorplanetcenter.net/cgi-bin/confirmeph2.cgi
20260512T093110Z,2026-05-12T09:31:10.875814Z,20260512T093110Z_batch01,CELRZD2,2026-05-13T06:00:00Z,12 26 27.3,186.61374999999998,+36 34 00,36.56666666666667,111.7,22.4,1.64,307.9,Map/Offsets,https://cgi.minorplanetcenter.net/cgi-bin/confirmeph2.cgi
20260512T093110Z,2026-05-12T09:31:10.875814Z,20260512T093110Z_batch01,CELRZD2,2026-05-13T07:00:00Z,12 26 20.9,186.58708333333334,+36 35 00,36.583333333333336,111.6,22.4,1.62,307.9,Map/Offsets,https://cgi.minorplanetcenter.net/cgi-bin/confirmeph2.cgi
20260512T093110Z,2026-05-12T09:31:10.875814Z,20260512T093110Z_batch01,CELRZD2,2026-05-13T08:00:00Z,12 26 14.5,186.56041666666667,+36 36 00,36.6,111.6,22.4,1.61,307.9,Map/Offsets,https://cgi.minorplanetcenter.net/cgi-bin/confirmeph2.cgi
20260512T093110Z,2026-05-12T09:31:10.875814Z,20260512T093110Z_batch01,TF26E23,2026-05-12T08:00:00Z,12 56 24.2,194.10083333333336,-03 41 29,-3.691388888888889,143.1,17.8,2.77,293.7,Map/Offsets,https://cgi.minorplanetcenter.net/cgi-bin/confirmeph2.cgi
20260512T093110Z,2026-05-12T09:31:10.875814Z,20260512T093110Z_batch01,TF26E23,2026-05-12T09:00:00Z,12 56 14.1,194.05875,-03 40 23,-3.6730555555555555,143.0,17.8,2.73,293.7,Map/Offsets,https://cgi.minorplanetcenter.net/cgi-bin/confirmeph2.cgi
20260512T093110Z,2026-05-12T09:31:10.875814Z,20260512T093110Z_batch01,TF26E23,2026-05-12T10:00:00Z,12 56 04.2,194.01749999999998,-03 39 17,-3.654722222222222,142.9,17.9,2.7,293.7,Map/Offsets,https://cgi.minorplanetcenter.net/cgi-bin/confirmeph2.cgi
20260512T093110Z,2026-05-12T09:31:10.875814Z,20260512T093110Z_batch01,TF26E23,2026-05-12T11:00:00Z,12 55 54.3,193.97625,-03 38 12,-3.6366666666666667,142.8,17.9,2.67,293.7,Map/Offsets,https://cgi.minorplanetcenter.net/cgi-bin/confirmeph2.cgi
20260512T093110Z,2026-05-12T09:31:10.875814Z,20260512T093110Z_batch01,TF26E23,2026-05-12T12:00:00Z,12 55 44.5,193.93541666666667,-03 37 08,-3.618888888888889,142.8,17.9,2.64,293.7,Map/Offsets,https://cgi.minorplanetcenter.net/cgi-bin/confirmeph2.cgi
20260512T093110Z,2026-05-12T09:31:10.875814Z,20260512T093110Z_batch01,TF26E23,2026-05-12T13:00:00Z,12 55 34.9,193.89541666666665,-03 36 05,-3.601388888888889,142.7,17.9,2.61,293.7,Map/Offsets,https://cgi.minorplanetcenter.net/cgi-bin/confirmeph2.cgi
20260512T093110Z,2026-05-12T09:31:10.875814Z,20260512T093110Z_batch01,TF26E23,2026-05-12T14:00:00Z,12 55 25.4,193.85583333333332,-03 35 02,-3.583888888888889,142.6,17.9,2.58,293.7,Map/Offsets,https://cgi.minorplanetcenter.net/cgi-bin/confirmeph2.cgi
20260512T093110Z,2026-05-12T09:31:10.875814Z,20260512T093110Z_batch01,TF26E23,2026-05-12T15:00:00Z,12 55 16.0,193.81666666666666,-03 34 01,-3.5669444444444443,142.5,17.9,2.55,293.7,Map/Offsets,https://cgi.minorplanetcenter.net/cgi-bin/confirmeph2.cgi
20260512T093110Z,2026-05-12T09:31:10.875814Z,20260512T093110Z_batch01,TF26E23,2026-05-12T16:00:00Z,12 55 06.7,193.77791666666667,-03 33 00,-3.55,142.4,17.9,2.52,293.7,Map/Offsets,https://cgi.minorplanetcenter.net/cgi-bin/confirmeph2.cgi
20260512T093110Z,2026-05-12T09:31:10.875814Z,20260512T093110Z_batch01,TF26E23,2026-05-12T17:00:00Z,12 54 57.4,193.73916666666668,-03 31 59,-3.5330555555555554,142.3,18.0,2.49,293.7,Map/Offsets,https://cgi.minorplanetcenter.net/cgi-bin/confirmeph2.cgi
20260512T093110Z,2026-05-12T09:31:10.875814Z,20260512T093110Z_batch01,TF26E23,2026-05-12T18:00:00Z,12 54 48.3,193.70125,-03 30 59,-3.516388888888889,142.3,18.0,2.47,293.7,Map/Offsets,https://cgi.minorplanetcenter.net/cgi-bin/confirmeph2.cgi
20260512T093110Z,2026-05-12T09:31:10.875814Z,20260512T093110Z_batch01,TF26E23,2026-05-12T19:00:00Z,12 54 39.3,193.66375,-03 30 00,-3.5,142.2,18.0,2.44,293.7,Map/Offsets,https://cgi.minorplanetcenter.net/cgi-bin/confirmeph2.cgi
20260512T093110Z,2026-05-12T09:31:10.875814Z,20260512T093110Z_batch01,TF26E23,2026-05-12T20:00:00Z,12 54 30.5,193.62708333333333,-03 29 02,-3.483888888888889,142.1,18.0,2.41,293.7,Map/Offsets,https://cgi.minorplanetcenter.net/cgi-bin/confirmeph2.cgi
20260512T093110Z,2026-05-12T09:31:10.875814Z,20260512T093110Z_batch01,TF26E23,2026-05-12T21:00:00Z,12 54 21.7,193.59041666666667,-03 28 04,-3.467777777777778,142.0,18.0,2.38,293.7,Map/Offsets,https://cgi.minorplanetcenter.net/cgi-bin/confirmeph2.cgi
20260512T093110Z,2026-05-12T09:31:10.875814Z,20260512T093110Z_batch01,TF26E23,2026-05-12T22:00:00Z,12 54 13.0,193.55416666666667,-03 27 07,-3.4519444444444445,141.9,18.0,2.36,293.7,Map/Offsets,https://cgi.minorplanetcenter.net/cgi-bin/confirmeph2.cgi
20260512T093110Z,2026-05-12T09:31:10.875814Z,20260512T093110Z_batch01,TF26E23,2026-05-12T23:00:00Z,12 54 04.4,193.51833333333332,-03 26 10,-3.4361111111111113,141.9,18.0,2.33,293.7,Map/Offsets,https://cgi.minorplanetcenter.net/cgi-bin/confirmeph2.cgi
20260512T093110Z,2026-05-12T09:31:10.875814Z,20260512T093110Z_batch01,TF26E23,2026-05-13T00:00:00Z,12 53 55.8,193.4825,-03 25 15,-3.4208333333333334,141.8,18.1,2.31,293.7,Map/Offsets,https://cgi.minorplanetcenter.net/cgi-bin/confirmeph2.cgi
20260512T093110Z,2026-05-12T09:31:10.875814Z,20260512T093110Z_batch01,TF26E23,2026-05-13T01:00:00Z,12 53 47.4,193.4475,-03 24 19,-3.4052777777777776,141.7,18.1,2.28,293.7,Map/Offsets,https://cgi.minorplanetcenter.net/cgi-bin/confirmeph2.cgi
20260512T093110Z,2026-05-12T09:31:10.875814Z,20260512T093110Z_batch01,TF26E23,2026-05-13T02:00:00Z,12 53 39.1,193.41291666666666,-03 23 25,-3.390277777777778,141.6,18.1,2.26,293.7,Map/Offsets,https://cgi.minorplanetcenter.net/cgi-bin/confirmeph2.cgi
20260512T093110Z,2026-05-12T09:31:10.875814Z,20260512T093110Z_batch01,TF26E23,2026-05-13T03:00:00Z,12 53 30.9,193.37875,-03 22 31,-3.375277777777778,141.6,18.1,2.23,293.7,Map/Offsets,https://cgi.minorplanetcenter.net/cgi-bin/confirmeph2.cgi
20260512T093110Z,2026-05-12T09:31:10.875814Z,20260512T093110Z_batch01,TF26E23,2026-05-13T04:00:00Z,12 53 22.7,193.3445833333333,-03 21 37,-3.3602777777777777,141.5,18.1,2.21,293.7,Map/Offsets,https://cgi.minorplanetcenter.net/cgi-bin/confirmeph2.cgi
20260512T093110Z,2026-05-12T09:31:10.875814Z,20260512T093110Z_batch01,TF26E23,2026-05-13T05:00:00Z,12 53 14.7,193.31125,-03 20 44,-3.345555555555556,141.4,18.1,2.18,293.7,Map/Offsets,https://cgi.minorplanetcenter.net/cgi-bin/confirmeph2.cgi
20260512T093110Z,2026-05-12T09:31:10.875814Z,20260512T093110Z_batch01,TF26E23,2026-05-13T06:00:00Z,12 53 06.7,193.27791666666667,-03 19 52,-3.331111111111111,141.3,18.1,2.16,293.7,Map/Offsets,https://cgi.minorplanetcenter.net/cgi-bin/confirmeph2.cgi
20260512T093110Z,2026-05-12T09:31:10.875814Z,20260512T093110Z_batch01,TF26E23,2026-05-13T07:00:00Z,12 52 58.8,193.245,-03 19 00,-3.3166666666666664,141.2,18.1,2.14,293.7,Map/Offsets,https://cgi.minorplanetcenter.net/cgi-bin/confirmeph2.cgi
20260512T093110Z,2026-05-12T09:31:10.875814Z,20260512T093110Z_batch01,TF26E23,2026-05-13T08:00:00Z,12 52 51.0,193.2125,-03 18 09,-3.3024999999999998,141.2,18.2,2.11,293.7,Map/Offsets,https://cgi.minorplanetcenter.net/cgi-bin/confirmeph2.cgi
20260512T093110Z,2026-05-12T09:31:10.875814Z,20260512T093110Z_batch01,ZTF10Dl,2026-05-12T08:00:00Z,18 52 39.1,283.16291666666666,-15 31 47,-15.529722222222222,128.1,21.3,5.56,89.6,Map/Offsets   !,https://cgi.minorplanetcenter.net/cgi-bin/confirmeph2.cgi
20260512T093110Z,2026-05-12T09:31:10.875814Z,20260512T093110Z_batch01,ZTF10Dl,2026-05-12T09:00:00Z,18 53 01.9,283.25791666666663,-15 31 45,-15.529166666666667,128.1,21.3,5.45,89.6,Map/Offsets   !,https://cgi.minorplanetcenter.net/cgi-bin/confirmeph2.cgi
20260512T093110Z,2026-05-12T09:31:10.875814Z,20260512T093110Z_batch01,ZTF10Dl,2026-05-12T10:00:00Z,18 53 24.3,283.35125,-15 31 43,-15.528611111111111,128.0,21.3,5.34,89.6,Map/Offsets   !,https://cgi.minorplanetcenter.net/cgi-bin/confirmeph2.cgi
20260512T093110Z,2026-05-12T09:31:10.875814Z,20260512T093110Z_batch01,ZTF10Dl,2026-05-12T11:00:00Z,18 53 46.3,283.44291666666663,-15 31 40,-15.527777777777779,128.0,21.4,5.24,89.6,Map/Offsets   !,https://cgi.minorplanetcenter.net/cgi-bin/confirmeph2.cgi
20260512T093110Z,2026-05-12T09:31:10.875814Z,20260512T093110Z_batch01,ZTF10Dl,2026-05-12T12:00:00Z,18 54 07.8,283.53249999999997,-15 31 38,-15.527222222222223,127.9,21.4,5.14,89.5,Map/Offsets   !,https://cgi.minorplanetcenter.net/cgi-bin/confirmeph2.cgi
20260512T093110Z,2026-05-12T09:31:10.875814Z,20260512T093110Z_batch01,ZTF10Dl,2026-05-12T13:00:00Z,18 54 29.0,283.6208333333333,-15 31 35,-15.52638888888889,127.9,21.4,5.04,89.5,Map/Offsets   !,https://cgi.minorplanetcenter.net/cgi-bin/confirmeph2.cgi
20260512T093110Z,2026-05-12T09:31:10.875814Z,20260512T093110Z_batch01,ZTF10Dl,2026-05-12T14:00:00Z,18 54 49.7,283.70708333333334,-15 31 33,-15.525833333333335,127.8,21.4,4.95,89.5,Map/Offsets   !,https://cgi.minorplanetcenter.net/cgi-bin/confirmeph2.cgi
20260512T093110Z,2026-05-12T09:31:10.875814Z,20260512T093110Z_batch01,ZTF10Dl,2026-05-12T15:00:00Z,18 55 10.1,283.7920833333333,-15 31 30,-15.525,127.8,21.5,4.86,89.5,Map/Offsets   !,https://cgi.minorplanetcenter.net/cgi-bin/confirmeph2.cgi
20260512T093110Z,2026-05-12T09:31:10.875814Z,20260512T093110Z_batch01,ZTF10Dl,2026-05-12T16:00:00Z,18 55 30.1,283.8754166666667,-15 31 28,-15.524444444444445,127.7,21.5,4.77,89.5,Map/Offsets   !,https://cgi.minorplanetcenter.net/cgi-bin/confirmeph2.cgi
20260512T093110Z,2026-05-12T09:31:10.875814Z,20260512T093110Z_batch01,ZTF10Dl,2026-05-12T17:00:00Z,18 55 49.7,283.95708333333334,-15 31 25,-15.523611111111112,127.7,21.5,4.68,89.5,Map/Offsets   !,https://cgi.minorplanetcenter.net/cgi-bin/confirmeph2.cgi
20260512T093110Z,2026-05-12T09:31:10.875814Z,20260512T093110Z_batch01,ZTF10Dl,2026-05-12T18:00:00Z,18 56 08.9,284.0370833333334,-15 31 22,-15.522777777777778,127.7,21.5,4.6,89.4,Map/Offsets   !,https://cgi.minorplanetcenter.net/cgi-bin/confirmeph2.cgi
20260512T093110Z,2026-05-12T09:31:10.875814Z,20260512T093110Z_batch01,ZTF10Dl,2026-05-12T19:00:00Z,18 56 27.8,284.11583333333334,-15 31 20,-15.522222222222224,127.6,21.5,4.51,89.4,Map/Offsets   !,https://cgi.minorplanetcenter.net/cgi-bin/confirmeph2.cgi
20260512T093110Z,2026-05-12T09:31:10.875814Z,20260512T093110Z_batch01,ZTF10Dl,2026-05-12T20:00:00Z,18 56 46.4,284.1933333333333,-15 31 17,-15.52138888888889,127.6,21.6,4.43,89.4,Map/Offsets   !,https://cgi.minorplanetcenter.net/cgi-bin/confirmeph2.cgi
20260512T093110Z,2026-05-12T09:31:10.875814Z,20260512T093110Z_batch01,ZTF10Dl,2026-05-12T21:00:00Z,18 57 04.6,284.26916666666665,-15 31 14,-15.520555555555557,127.6,21.6,4.35,89.4,Map/Offsets   !,https://cgi.minorplanetcenter.net/cgi-bin/confirmeph2.cgi
20260512T093110Z,2026-05-12T09:31:10.875814Z,20260512T093110Z_batch01,ZTF10Dl,2026-05-12T22:00:00Z,18 57 22.6,284.3441666666667,-15 31 11,-15.519722222222223,127.5,21.6,4.28,89.4,Map/Offsets   !,https://cgi.minorplanetcenter.net/cgi-bin/confirmeph2.cgi
20260512T093110Z,2026-05-12T09:31:10.875814Z,20260512T093110Z_batch01,ZTF10Dl,2026-05-12T23:00:00Z,18 57 40.2,284.4175,-15 31 09,-15.519166666666667,127.5,21.6,4.2,89.4,Map/Offsets   !,https://cgi.minorplanetcenter.net/cgi-bin/confirmeph2.cgi
20260512T093110Z,2026-05-12T09:31:10.875814Z,20260512T093110Z_batch01,ZTF10Dl,2026-05-13T00:00:00Z,18 57 57.4,284.4891666666666,-15 31 06,-15.518333333333334,127.5,21.6,4.13,89.4,Map/Offsets   !,https://cgi.minorplanetcenter.net/cgi-bin/confirmeph2.cgi
20260512T093110Z,2026-05-12T09:31:10.875814Z,20260512T093110Z_batch01,ZTF10Dl,2026-05-13T01:00:00Z,18 58 14.4,284.56,-15 31 03,-15.5175,127.5,21.7,4.06,89.3,Map/Offsets   !,https://cgi.minorplanetcenter.net/cgi-bin/confirmeph2.cgi
20260512T093110Z,2026-05-12T09:31:10.875814Z,20260512T093110Z_batch01,ZTF10Dl,2026-05-13T02:00:00Z,18 58 31.1,284.6295833333333,-15 31 00,-15.516666666666667,127.4,21.7,3.99,89.3,Map/Offsets   !,https://cgi.minorplanetcenter.net/cgi-bin/confirmeph2.cgi
20260512T093110Z,2026-05-12T09:31:10.875814Z,20260512T093110Z_batch01,ZTF10Dl,2026-05-13T03:00:00Z,18 58 47.5,284.69791666666663,-15 30 57,-15.515833333333333,127.4,21.7,3.92,89.3,Map/Offsets   !,https://cgi.minorplanetcenter.net/cgi-bin/confirmeph2.cgi
20260512T093110Z,2026-05-12T09:31:10.875814Z,20260512T093110Z_batch01,ZTF10Dl,2026-05-13T04:00:00Z,18 59 03.7,284.7654166666667,-15 30 55,-15.515277777777778,127.4,21.7,3.85,89.3,Map/Offsets   !,https://cgi.minorplanetcenter.net/cgi-bin/confirmeph2.cgi
20260512T093110Z,2026-05-12T09:31:10.875814Z,20260512T093110Z_batch01,ZTF10Dl,2026-05-13T05:00:00Z,18 59 19.5,284.83125,-15 30 52,-15.514444444444445,127.4,21.7,3.79,89.3,Map/Offsets   !,https://cgi.minorplanetcenter.net/cgi-bin/confirmeph2.cgi
20260512T093110Z,2026-05-12T09:31:10.875814Z,20260512T093110Z_batch01,ZTF10Dl,2026-05-13T06:00:00Z,18 59 35.1,284.89625,-15 30 49,-15.51361111111111,127.3,21.7,3.73,89.3,Map/Offsets   !,https://cgi.minorplanetcenter.net/cgi-bin/confirmeph2.cgi
20260512T093110Z,2026-05-12T09:31:10.875814Z,20260512T093110Z_batch01,ZTF10Dl,2026-05-13T07:00:00Z,18 59 50.5,284.9604166666667,-15 30 46,-15.512777777777778,127.3,21.8,3.66,89.3,Map/Offsets   !,https://cgi.minorplanetcenter.net/cgi-bin/confirmeph2.cgi
20260512T093110Z,2026-05-12T09:31:10.875814Z,20260512T093110Z_batch01,ZTF10Dl,2026-05-13T08:00:00Z,19 00 05.6,285.0233333333333,-15 30 43,-15.511944444444444,127.3,21.8,3.6,89.3,Map/Offsets   !,https://cgi.minorplanetcenter.net/cgi-bin/confirmeph2.cgi
20260512T093110Z,2026-05-12T09:31:10.875814Z,20260512T093110Z_batch01,ST26E14,2026-05-12T08:00:00Z,13 21 02.5,200.26041666666666,-03 13 17,-3.221388888888889,148.3,18.2,0.99,305.6,Map/Offsets,https://cgi.minorplanetcenter.net/cgi-bin/confirmeph2.cgi
20260512T093110Z,2026-05-12T09:31:10.875814Z,20260512T093110Z_batch01,ST26E14,2026-05-12T09:00:00Z,13 20 59.3,200.24708333333334,-03 12 42,-3.211666666666667,148.3,18.2,0.99,305.6,Map/Offsets,https://cgi.minorplanetcenter.net/cgi-bin/confirmeph2.cgi
20260512T093110Z,2026-05-12T09:31:10.875814Z,20260512T093110Z_batch01,ST26E14,2026-05-12T10:00:00Z,13 20 56.0,200.23333333333335,-03 12 07,-3.2019444444444445,148.2,18.2,0.99,305.6,Map/Offsets,https://cgi.minorplanetcenter.net/cgi-bin/confirmeph2.cgi
20260512T093110Z,2026-05-12T09:31:10.875814Z,20260512T093110Z_batch01,ST26E14,2026-05-12T11:00:00Z,13 20 52.8,200.22,-03 11 33,-3.1925,148.2,18.2,0.99,305.6,Map/Offsets,https://cgi.minorplanetcenter.net/cgi-bin/confirmeph2.cgi
20260512T093110Z,2026-05-12T09:31:10.875814Z,20260512T093110Z_batch01,ST26E14,2026-05-12T12:00:00Z,13 20 49.6,200.20666666666668,-03 10 59,-3.1830555555555553,148.1,18.2,0.98,305.6,Map/Offsets,https://cgi.minorplanetcenter.net/cgi-bin/confirmeph2.cgi
20260512T093110Z,2026-05-12T09:31:10.875814Z,20260512T093110Z_batch01,ST26E14,2026-05-12T13:00:00Z,13 20 46.4,200.19333333333333,-03 10 24,-3.1733333333333333,148.0,18.2,0.98,305.6,Map/Offsets,https://cgi.minorplanetcenter.net/cgi-bin/confirmeph2.cgi
20260512T093110Z,2026-05-12T09:31:10.875814Z,20260512T093110Z_batch01,ST26E14,2026-05-12T14:00:00Z,13 20 43.2,200.18,-03 09 50,-3.1638888888888888,148.0,18.2,0.98,305.7,Map/Offsets,https://cgi.minorplanetcenter.net/cgi-bin/confirmeph2.cgi
20260512T093110Z,2026-05-12T09:31:10.875814Z,20260512T093110Z_batch01,ST26E14,2026-05-12T15:00:00Z,13 20 40.0,200.16666666666669,-03 09 16,-3.154444444444444,147.9,18.2,0.98,305.7,Map/Offsets,https://cgi.minorplanetcenter.net/cgi-bin/confirmeph2.cgi
20260512T093110Z,2026-05-12T09:31:10.875814Z,20260512T093110Z_batch01,ST26E14,2026-05-12T16:00:00Z,13 20 36.9,200.15375,-03 08 42,-3.145,147.9,18.2,0.97,305.7,Map/Offsets,https://cgi.minorplanetcenter.net/cgi-bin/confirmeph2.cgi
20260512T093110Z,2026-05-12T09:31:10.875814Z,20260512T093110Z_batch01,ST26E14,2026-05-12T17:00:00Z,13 20 33.7,200.14041666666668,-03 08 08,-3.1355555555555554,147.8,18.2,0.97,305.7,Map/Offsets,https://cgi.minorplanetcenter.net/cgi-bin/confirmeph2.cgi
20260512T093110Z,2026-05-12T09:31:10.875814Z,20260512T093110Z_batch01,ST26E14,2026-05-12T18:00:00Z,13 20 30.6,200.1275,-03 07 34,-3.1261111111111113,147.8,18.2,0.97,305.7,Map/Offsets,https://cgi.minorplanetcenter.net/cgi-bin/confirmeph2.cgi
20260512T093110Z,2026-05-12T09:31:10.875814Z,20260512T093110Z_batch01,ST26E14,2026-05-12T19:00:00Z,13 20 27.4,200.11416666666668,-03 07 00,-3.1166666666666667,147.7,18.2,0.97,305.7,Map/Offsets,https://cgi.minorplanetcenter.net/cgi-bin/confirmeph2.cgi
20260512T093110Z,2026-05-12T09:31:10.875814Z,20260512T093110Z_batch01,ST26E14,2026-05-12T20:00:00Z,13 20 24.3,200.10125000000002,-03 06 26,-3.107222222222222,147.7,18.2,0.96,305.7,Map/Offsets,https://cgi.minorplanetcenter.net/cgi-bin/confirmeph2.cgi
20260512T093110Z,2026-05-12T09:31:10.875814Z,20260512T093110Z_batch01,ST26E14,2026-05-12T21:00:00Z,13 20 21.1,200.08791666666667,-03 05 52,-3.097777777777778,147.6,18.2,0.96,305.7,Map/Offsets,https://cgi.minorplanetcenter.net/cgi-bin/confirmeph2.cgi
20260512T093110Z,2026-05-12T09:31:10.875814Z,20260512T093110Z_batch01,ST26E14,2026-05-12T22:00:00Z,13 20 18.0,200.07500000000002,-03 05 18,-3.0883333333333334,147.5,18.2,0.96,305.7,Map/Offsets,https://cgi.minorplanetcenter.net/cgi-bin/confirmeph2.cgi
20260512T093110Z,2026-05-12T09:31:10.875814Z,20260512T093110Z_batch01,ST26E14,2026-05-12T23:00:00Z,13 20 14.9,200.06208333333333,-03 04 45,-3.079166666666667,147.5,18.2,0.96,305.7,Map/Offsets,https://cgi.minorplanetcenter.net/cgi-bin/confirmeph2.cgi
20260512T093110Z,2026-05-12T09:31:10.875814Z,20260512T093110Z_batch01,ST26E14,2026-05-13T00:00:00Z,13 20 11.8,200.04916666666668,-03 04 11,-3.0697222222222225,147.4,18.2,0.95,305.8,Map/Offsets,https://cgi.minorplanetcenter.net/cgi-bin/confirmeph2.cgi
20260512T093110Z,2026-05-12T09:31:10.875814Z,20260512T093110Z_batch01,ST26E14,2026-05-13T01:00:00Z,13 20 08.7,200.03625000000002,-03 03 38,-3.0605555555555553,147.4,18.2,0.95,305.8,Map/Offsets,https://cgi.minorplanetcenter.net/cgi-bin/confirmeph2.cgi
20260512T093110Z,2026-05-12T09:31:10.875814Z,20260512T093110Z_batch01,ST26E14,2026-05-13T02:00:00Z,13 20 05.6,200.02333333333334,-03 03 05,-3.051388888888889,147.3,18.2,0.95,305.8,Map/Offsets,https://cgi.minorplanetcenter.net/cgi-bin/confirmeph2.cgi
20260512T093110Z,2026-05-12T09:31:10.875814Z,20260512T093110Z_batch01,ST26E14,2026-05-13T03:00:00Z,13 20 02.5,200.01041666666669,-03 02 31,-3.0419444444444443,147.3,18.2,0.95,305.8,Map/Offsets,https://cgi.minorplanetcenter.net/cgi-bin/confirmeph2.cgi
20260512T093110Z,2026-05-12T09:31:10.875814Z,20260512T093110Z_batch01,ST26E14,2026-05-13T04:00:00Z,13 19 59.4,199.9975,-03 01 58,-3.0327777777777776,147.2,18.2,0.94,305.8,Map/Offsets,https://cgi.minorplanetcenter.net/cgi-bin/confirmeph2.cgi
20260512T093110Z,2026-05-12T09:31:10.875814Z,20260512T093110Z_batch01,ST26E14,2026-05-13T05:00:00Z,13 19 56.4,199.98499999999999,-03 01 25,-3.0236111111111112,147.2,18.3,0.94,305.8,Map/Offsets,https://cgi.minorplanetcenter.net/cgi-bin/confirmeph2.cgi
20260512T093110Z,2026-05-12T09:31:10.875814Z,20260512T093110Z_batch01,ST26E14,2026-05-13T06:00:00Z,13 19 53.3,199.97208333333333,-03 00 52,-3.0144444444444445,147.1,18.3,0.94,305.8,Map/Offsets,https://cgi.minorplanetcenter.net/cgi-bin/confirmeph2.cgi
20260512T093110Z,2026-05-12T09:31:10.875814Z,20260512T093110Z_batch01,ST26E14,2026-05-13T07:00:00Z,13 19 50.3,199.9595833333333,-03 00 19,-3.0052777777777777,147.0,18.3,0.94,305.8,Map/Offsets,https://cgi.minorplanetcenter.net/cgi-bin/confirmeph2.cgi
20260512T093110Z,2026-05-12T09:31:10.875814Z,20260512T093110Z_batch01,ST26E14,2026-05-13T08:00:00Z,13 19 47.2,199.94666666666666,-02 59 46,-2.9961111111111114,147.0,18.3,0.94,305.8,Map/Offsets,https://cgi.minorplanetcenter.net/cgi-bin/confirmeph2.cgi
20260512T093110Z,2026-05-12T09:31:10.875814Z,20260512T093110Z_batch01,P22n0vC,2026-05-12T08:00:00Z,14 47 22.2,221.8425,+09 41 43,9.695277777777777,151.4,22.3,0.98,247.3,Map/Offsets,https://cgi.minorplanetcenter.net/cgi-bin/confirmeph2.cgi
20260512T093110Z,2026-05-12T09:31:10.875814Z,20260512T093110Z_batch01,P22n0vC,2026-05-12T09:00:00Z,14 47 18.6,221.8275,+09 41 20,9.68888888888889,151.4,22.3,0.98,247.2,Map/Offsets,https://cgi.minorplanetcenter.net/cgi-bin/confirmeph2.cgi
20260512T093110Z,2026-05-12T09:31:10.875814Z,20260512T093110Z_batch01,P22n0vC,2026-05-12T10:00:00Z,14 47 14.9,221.81208333333333,+09 40 57,9.6825,151.4,22.3,0.98,247.2,Map/Offsets,https://cgi.minorplanetcenter.net/cgi-bin/confirmeph2.cgi
20260512T093110Z,2026-05-12T09:31:10.875814Z,20260512T093110Z_batch01,P22n0vC,2026-05-12T11:00:00Z,14 47 11.2,221.79666666666668,+09 40 34,9.67611111111111,151.3,22.3,0.98,247.2,Map/Offsets,https://cgi.minorplanetcenter.net/cgi-bin/confirmeph2.cgi
20260512T093110Z,2026-05-12T09:31:10.875814Z,20260512T093110Z_batch01,P22n0vC,2026-05-12T12:00:00Z,14 47 07.5,221.78125,+09 40 11,9.669722222222221,151.3,22.3,0.98,247.1,Map/Offsets,https://cgi.minorplanetcenter.net/cgi-bin/confirmeph2.cgi
20260512T093110Z,2026-05-12T09:31:10.875814Z,20260512T093110Z_batch01,P22n0vC,2026-05-12T13:00:00Z,14 47 03.8,221.76583333333335,+09 39 48,9.663333333333334,151.3,22.3,0.98,247.1,Map/Offsets,https://cgi.minorplanetcenter.net/cgi-bin/confirmeph2.cgi
20260512T093110Z,2026-05-12T09:31:10.875814Z,20260512T093110Z_batch01,P22n0vC,2026-05-12T14:00:00Z,14 47 00.2,221.75083333333333,+09 39 25,9.656944444444445,151.3,22.3,0.98,247.0,Map/Offsets,https://cgi.minorplanetcenter.net/cgi-bin/confirmeph2.cgi
20260512T093110Z,2026-05-12T09:31:10.875814Z,20260512T093110Z_batch01,P22n0vC,2026-05-12T15:00:00Z,14 46 56.5,221.73541666666668,+09 39 02,9.650555555555556,151.3,22.3,0.98,247.0,Map/Offsets,https://cgi.minorplanetcenter.net/cgi-bin/confirmeph2.cgi
20260512T093110Z,2026-05-12T09:31:10.875814Z,20260512T093110Z_batch01,P22n0vC,2026-05-12T16:00:00Z,14 46 52.8,221.72000000000003,+09 38 39,9.644166666666667,151.2,22.3,0.98,246.9,Map/Offsets,https://cgi.minorplanetcenter.net/cgi-bin/confirmeph2.cgi
20260512T093110Z,2026-05-12T09:31:10.875814Z,20260512T093110Z_batch01,P22n0vC,2026-05-12T17:00:00Z,14 46 49.1,221.70458333333335,+09 38 16,9.637777777777778,151.2,22.3,0.98,246.9,Map/Offsets,https://cgi.minorplanetcenter.net/cgi-bin/confirmeph2.cgi
20260512T093110Z,2026-05-12T09:31:10.875814Z,20260512T093110Z_batch01,P22n0vC,2026-05-12T18:00:00Z,14 46 45.5,221.68958333333333,+09 37 53,9.631388888888889,151.2,22.3,0.98,246.9,Map/Offsets,https://cgi.minorplanetcenter.net/cgi-bin/confirmeph2.cgi
20260512T093110Z,2026-05-12T09:31:10.875814Z,20260512T093110Z_batch01,P22n0vC,2026-05-12T19:00:00Z,14 46 41.8,221.67416666666668,+09 37 29,9.624722222222223,151.2,22.3,0.98,246.8,Map/Offsets,https://cgi.minorplanetcenter.net/cgi-bin/confirmeph2.cgi
20260512T093110Z,2026-05-12T09:31:10.875814Z,20260512T093110Z_batch01,P22n0vC,2026-05-12T20:00:00Z,14 46 38.1,221.65875,+09 37 06,9.618333333333334,151.2,22.3,0.98,246.8,Map/Offsets,https://cgi.minorplanetcenter.net/cgi-bin/confirmeph2.cgi
20260512T093110Z,2026-05-12T09:31:10.875814Z,20260512T093110Z_batch01,P22n0vC,2026-05-12T21:00:00Z,14 46 34.5,221.64375,+09 36 43,9.611944444444443,151.2,22.3,0.98,246.7,Map/Offsets,https://cgi.minorplanetcenter.net/cgi-bin/confirmeph2.cgi
20260512T093110Z,2026-05-12T09:31:10.875814Z,20260512T093110Z_batch01,P22n0vC,2026-05-12T22:00:00Z,14 46 30.8,221.62833333333333,+09 36 19,9.605277777777777,151.1,22.3,0.98,246.7,Map/Offsets,https://cgi.minorplanetcenter.net/cgi-bin/confirmeph2.cgi
20260512T093110Z,2026-05-12T09:31:10.875814Z,20260512T093110Z_batch01,P22n0vC,2026-05-12T23:00:00Z,14 46 27.1,221.61291666666668,+09 35 56,9.59888888888889,151.1,22.3,0.98,246.7,Map/Offsets,https://cgi.minorplanetcenter.net/cgi-bin/confirmeph2.cgi
20260512T093110Z,2026-05-12T09:31:10.875814Z,20260512T093110Z_batch01,P22n0vC,2026-05-13T00:00:00Z,14 46 23.5,221.5979166666667,+09 35 33,9.592500000000001,151.1,22.3,0.98,246.6,Map/Offsets,https://cgi.minorplanetcenter.net/cgi-bin/confirmeph2.cgi
20260512T093110Z,2026-05-12T09:31:10.875814Z,20260512T093110Z_batch01,P22n0vC,2026-05-13T01:00:00Z,14 46 19.8,221.5825,+09 35 09,9.585833333333333,151.1,22.3,0.98,246.6,Map/Offsets,https://cgi.minorplanetcenter.net/cgi-bin/confirmeph2.cgi
20260512T093110Z,2026-05-12T09:31:10.875814Z,20260512T093110Z_batch01,P22n0vC,2026-05-13T02:00:00Z,14 46 16.1,221.56708333333336,+09 34 46,9.579444444444444,151.1,22.3,0.98,246.5,Map/Offsets,https://cgi.minorplanetcenter.net/cgi-bin/confirmeph2.cgi
20260512T093110Z,2026-05-12T09:31:10.875814Z,20260512T093110Z_batch01,P22n0vC,2026-05-13T03:00:00Z,14 46 12.5,221.55208333333334,+09 34 22,9.572777777777777,151.0,22.3,0.98,246.5,Map/Offsets,https://cgi.minorplanetcenter.net/cgi-bin/confirmeph2.cgi
20260512T093110Z,2026-05-12T09:31:10.875814Z,20260512T093110Z_batch01,P22n0vC,2026-05-13T04:00:00Z,14 46 08.8,221.5366666666667,+09 33 58,9.566111111111113,151.0,22.3,0.98,246.4,Map/Offsets,https://cgi.minorplanetcenter.net/cgi-bin/confirmeph2.cgi
20260512T093110Z,2026-05-12T09:31:10.875814Z,20260512T093110Z_batch01,P22n0vC,2026-05-13T05:00:00Z,14 46 05.1,221.52125000000004,+09 33 35,9.559722222222224,151.0,22.3,0.98,246.4,Map/Offsets,https://cgi.minorplanetcenter.net/cgi-bin/confirmeph2.cgi
20260512T093110Z,2026-05-12T09:31:10.875814Z,20260512T093110Z_batch01,P22n0vC,2026-05-13T06:00:00Z,14 46 01.5,221.50625,+09 33 11,9.553055555555556,151.0,22.3,0.98,246.4,Map/Offsets,https://cgi.minorplanetcenter.net/cgi-bin/confirmeph2.cgi
20260512T093110Z,2026-05-12T09:31:10.875814Z,20260512T093110Z_batch01,P22n0vC,2026-05-13T07:00:00Z,14 45 57.8,221.4908333333333,+09 32 47,9.546388888888888,151.0,22.3,0.98,246.3,Map/Offsets,https://cgi.minorplanetcenter.net/cgi-bin/confirmeph2.cgi
20260512T093110Z,2026-05-12T09:31:10.875814Z,20260512T093110Z_batch01,P22n0vC,2026-05-13T08:00:00Z,14 45 54.2,221.47583333333333,+09 32 24,9.54,151.0,22.3,0.98,246.3,Map/Offsets,https://cgi.minorplanetcenter.net/cgi-bin/confirmeph2.cgi
20260512T093110Z,2026-05-12T09:31:10.875814Z,20260512T093110Z_batch01,P22n0fQ,2026-05-12T08:00:00Z,15 04 46.5,226.19375,+10 02 19,10.038611111111111,151.8,22.6,0.27,309.8,Map/Offsets,https://cgi.minorplanetcenter.net/cgi-bin/confirmeph2.cgi
20260512T093110Z,2026-05-12T09:31:10.875814Z,20260512T093110Z_batch01,P22n0fQ,2026-05-12T09:00:00Z,15 04 45.7,226.19041666666666,+10 02 29,10.04138888888889,151.8,22.6,0.27,309.6,Map/Offsets,https://cgi.minorplanetcenter.net/cgi-bin/confirmeph2.cgi
20260512T093110Z,2026-05-12T09:31:10.875814Z,20260512T093110Z_batch01,P22n0fQ,2026-05-12T10:00:00Z,15 04 44.8,226.18666666666667,+10 02 39,10.044166666666667,151.7,22.7,0.27,309.3,Map/Offsets,https://cgi.minorplanetcenter.net/cgi-bin/confirmeph2.cgi
20260512T093110Z,2026-05-12T09:31:10.875814Z,20260512T093110Z_batch01,P22n0fQ,2026-05-12T11:00:00Z,15 04 44.0,226.18333333333334,+10 02 49,10.046944444444444,151.7,22.7,0.27,309.1,Map/Offsets,https://cgi.minorplanetcenter.net/cgi-bin/confirmeph2.cgi
20260512T093110Z,2026-05-12T09:31:10.875814Z,20260512T093110Z_batch01,P22n0fQ,2026-05-12T12:00:00Z,15 04 43.2,226.18,+10 02 59,10.049722222222222,151.7,22.7,0.26,308.8,Map/Offsets,https://cgi.minorplanetcenter.net/cgi-bin/confirmeph2.cgi
20260512T093110Z,2026-05-12T09:31:10.875814Z,20260512T093110Z_batch01,P22n0fQ,2026-05-12T13:00:00Z,15 04 42.3,226.17624999999998,+10 03 09,10.0525,151.7,22.7,0.26,308.6,Map/Offsets,https://cgi.minorplanetcenter.net/cgi-bin/confirmeph2.cgi
20260512T093110Z,2026-05-12T09:31:10.875814Z,20260512T093110Z_batch01,P22n0fQ,2026-05-12T14:00:00Z,15 04 41.5,226.17291666666665,+10 03 19,10.055277777777778,151.7,22.7,0.26,308.3,Map/Offsets,https://cgi.minorplanetcenter.net/cgi-bin/confirmeph2.cgi
20260512T093110Z,2026-05-12T09:31:10.875814Z,20260512T093110Z_batch01,P22n0fQ,2026-05-12T15:00:00Z,15 04 40.7,226.16958333333332,+10 03 28,10.057777777777778,151.6,22.7,0.26,308.1,Map/Offsets,https://cgi.minorplanetcenter.net/cgi-bin/confirmeph2.cgi
20260512T093110Z,2026-05-12T09:31:10.875814Z,20260512T093110Z_batch01,P22n0fQ,2026-05-12T16:00:00Z,15 04 39.9,226.16625,+10 03 38,10.060555555555556,151.6,22.7,0.25,307.8,Map/Offsets,https://cgi.minorplanetcenter.net/cgi-bin/confirmeph2.cgi
20260512T093110Z,2026-05-12T09:31:10.875814Z,20260512T093110Z_batch01,P22n0fQ,2026-05-12T17:00:00Z,15 04 39.1,226.16291666666666,+10 03 47,10.063055555555556,151.6,22.7,0.25,307.6,Map/Offsets,https://cgi.minorplanetcenter.net/cgi-bin/confirmeph2.cgi
20260512T093110Z,2026-05-12T09:31:10.875814Z,20260512T093110Z_batch01,P22n0fQ,2026-05-12T18:00:00Z,15 04 38.2,226.15916666666666,+10 03 56,10.065555555555557,151.6,22.7,0.25,307.3,Map/Offsets,https://cgi.minorplanetcenter.net/cgi-bin/confirmeph2.cgi
20260512T093110Z,2026-05-12T09:31:10.875814Z,20260512T093110Z_batch01,P22n0fQ,2026-05-12T19:00:00Z,15 04 37.4,226.15583333333333,+10 04 05,10.068055555555555,151.6,22.7,0.25,307.0,Map/Offsets,https://cgi.minorplanetcenter.net/cgi-bin/confirmeph2.cgi
20260512T093110Z,2026-05-12T09:31:10.875814Z,20260512T093110Z_batch01,P22n0fQ,2026-05-12T20:00:00Z,15 04 36.6,226.1525,+10 04 14,10.070555555555556,151.6,22.7,0.24,306.8,Map/Offsets,https://cgi.minorplanetcenter.net/cgi-bin/confirmeph2.cgi
20260512T093110Z,2026-05-12T09:31:10.875814Z,20260512T093110Z_batch01,P22n0fQ,2026-05-12T21:00:00Z,15 04 35.9,226.14958333333334,+10 04 23,10.073055555555555,151.5,22.7,0.24,306.5,Map/Offsets,https://cgi.minorplanetcenter.net/cgi-bin/confirmeph2.cgi
20260512T093110Z,2026-05-12T09:31:10.875814Z,20260512T093110Z_batch01,P22n0fQ,2026-05-12T22:00:00Z,15 04 35.1,226.14625,+10 04 31,10.075277777777778,151.5,22.7,0.24,306.2,Map/Offsets,https://cgi.minorplanetcenter.net/cgi-bin/confirmeph2.cgi
20260512T093110Z,2026-05-12T09:31:10.875814Z,20260512T093110Z_batch01,P22n0fQ,2026-05-12T23:00:00Z,15 04 34.3,226.14291666666668,+10 04 40,10.077777777777778,151.5,22.7,0.24,305.9,Map/Offsets,https://cgi.minorplanetcenter.net/cgi-bin/confirmeph2.cgi
20260512T093110Z,2026-05-12T09:31:10.875814Z,20260512T093110Z_batch01,P22n0fQ,2026-05-13T00:00:00Z,15 04 33.5,226.13958333333332,+10 04 48,10.08,151.5,22.8,0.24,305.7,Map/Offsets,https://cgi.minorplanetcenter.net/cgi-bin/confirmeph2.cgi
20260512T093110Z,2026-05-12T09:31:10.875814Z,20260512T093110Z_batch01,P22n0fQ,2026-05-13T01:00:00Z,15 04 32.7,226.13625,+10 04 56,10.082222222222223,151.5,22.8,0.23,305.4,Map/Offsets,https://cgi.minorplanetcenter.net/cgi-bin/confirmeph2.cgi
20260512T093110Z,2026-05-12T09:31:10.875814Z,20260512T093110Z_batch01,P22n0fQ,2026-05-13T02:00:00Z,15 04 32.0,226.13333333333333,+10 05 04,10.084444444444445,151.5,22.8,0.23,305.1,Map/Offsets,https://cgi.minorplanetcenter.net/cgi-bin/confirmeph2.cgi
20260512T093110Z,2026-05-12T09:31:10.875814Z,20260512T093110Z_batch01,P22n0fQ,2026-05-13T03:00:00Z,15 04 31.2,226.13,+10 05 12,10.086666666666668,151.4,22.8,0.23,304.8,Map/Offsets,https://cgi.minorplanetcenter.net/cgi-bin/confirmeph2.cgi
20260512T093110Z,2026-05-12T09:31:10.875814Z,20260512T093110Z_batch01,P22n0fQ,2026-05-13T04:00:00Z,15 04 30.4,226.12666666666667,+10 05 20,10.08888888888889,151.4,22.8,0.23,304.5,Map/Offsets,https://cgi.minorplanetcenter.net/cgi-bin/confirmeph2.cgi
20260512T093110Z,2026-05-12T09:31:10.875814Z,20260512T093110Z_batch01,P22n0fQ,2026-05-13T05:00:00Z,15 04 29.7,226.12375,+10 05 27,10.090833333333334,151.4,22.8,0.22,304.2,Map/Offsets,https://cgi.minorplanetcenter.net/cgi-bin/confirmeph2.cgi
20260512T093110Z,2026-05-12T09:31:10.875814Z,20260512T093110Z_batch01,P22n0fQ,2026-05-13T06:00:00Z,15 04 28.9,226.12041666666667,+10 05 35,10.093055555555557,151.4,22.8,0.22,303.9,Map/Offsets,https://cgi.minorplanetcenter.net/cgi-bin/confirmeph2.cgi
20260512T093110Z,2026-05-12T09:31:10.875814Z,20260512T093110Z_batch01,P22n0fQ,2026-05-13T07:00:00Z,15 04 28.2,226.1175,+10 05 42,10.095,151.4,22.8,0.22,303.6,Map/Offsets,https://cgi.minorplanetcenter.net/cgi-bin/confirmeph2.cgi
20260512T093110Z,2026-05-12T09:31:10.875814Z,20260512T093110Z_batch01,P22n0fQ,2026-05-13T08:00:00Z,15 04 27.4,226.11416666666665,+10 05 50,10.097222222222223,151.3,22.8,0.22,303.3,Map/Offsets,https://cgi.minorplanetcenter.net/cgi-bin/confirmeph2.cgi
20260512T093110Z,2026-05-12T09:31:10.875814Z,20260512T093110Z_batch01,ZTF10Di,2026-05-12T08:00:00Z,22 12 03.1,333.0129166666666,-10 39 07,-10.651944444444444,80.1,23.2,4.65,77.8,Map/Offsets   !,https://cgi.minorplanetcenter.net/cgi-bin/confirmeph2.cgi
20260512T093110Z,2026-05-12T09:31:10.875814Z,20260512T093110Z_batch01,ZTF10Di,2026-05-12T09:00:00Z,22 12 21.4,333.08916666666664,-10 38 08,-10.635555555555555,80.1,23.2,4.57,77.8,Map/Offsets   !,https://cgi.minorplanetcenter.net/cgi-bin/confirmeph2.cgi
20260512T093110Z,2026-05-12T09:31:10.875814Z,20260512T093110Z_batch01,ZTF10Di,2026-05-12T10:00:00Z,22 12 39.5,333.1645833333333,-10 37 10,-10.619444444444445,80.0,23.2,4.49,77.8,Map/Offsets   !,https://cgi.minorplanetcenter.net/cgi-bin/confirmeph2.cgi
20260512T093110Z,2026-05-12T09:31:10.875814Z,20260512T093110Z_batch01,ZTF10Di,2026-05-12T11:00:00Z,22 12 57.2,333.2383333333333,-10 36 14,-10.60388888888889,80.0,23.2,4.42,77.7,Map/Offsets   !,https://cgi.minorplanetcenter.net/cgi-bin/confirmeph2.cgi
20260512T093110Z,2026-05-12T09:31:10.875814Z,20260512T093110Z_batch01,ZTF10Di,2026-05-12T12:00:00Z,22 13 14.6,333.31083333333333,-10 35 18,-10.588333333333335,80.0,23.2,4.34,77.7,Map/Offsets   !,https://cgi.minorplanetcenter.net/cgi-bin/confirmeph2.cgi
20260512T093110Z,2026-05-12T09:31:10.875814Z,20260512T093110Z_batch01,ZTF10Di,2026-05-12T13:00:00Z,22 13 31.7,333.3820833333333,-10 34 23,-10.573055555555555,80.0,23.3,4.27,77.7,Map/Offsets   !,https://cgi.minorplanetcenter.net/cgi-bin/confirmeph2.cgi
20260512T093110Z,2026-05-12T09:31:10.875814Z,20260512T093110Z_batch01,ZTF10Di,2026-05-12T14:00:00Z,22 13 48.6,333.4525,-10 33 29,-10.558055555555557,79.9,23.3,4.2,77.7,Map/Offsets   !,https://cgi.minorplanetcenter.net/cgi-bin/confirmeph2.cgi
20260512T093110Z,2026-05-12T09:31:10.875814Z,20260512T093110Z_batch01,ZTF10Di,2026-05-12T15:00:00Z,22 14 05.1,333.52125,-10 32 35,-10.543055555555556,79.9,23.3,4.13,77.7,Map/Offsets   !,https://cgi.minorplanetcenter.net/cgi-bin/confirmeph2.cgi
20260512T093110Z,2026-05-12T09:31:10.875814Z,20260512T093110Z_batch01,ZTF10Di,2026-05-12T16:00:00Z,22 14 21.4,333.5891666666667,-10 31 43,-10.528611111111111,79.9,23.3,4.07,77.7,Map/Offsets   !,https://cgi.minorplanetcenter.net/cgi-bin/confirmeph2.cgi
20260512T093110Z,2026-05-12T09:31:10.875814Z,20260512T093110Z_batch01,ZTF10Di,2026-05-12T17:00:00Z,22 14 37.5,333.65625000000006,-10 30 51,-10.514166666666666,79.8,23.3,4.0,77.7,Map/Offsets   !,https://cgi.minorplanetcenter.net/cgi-bin/confirmeph2.cgi
20260512T093110Z,2026-05-12T09:31:10.875814Z,20260512T093110Z_batch01,ZTF10Di,2026-05-12T18:00:00Z,22 14 53.2,333.7216666666667,-10 30 00,-10.5,79.8,23.3,3.94,77.6,Map/Offsets   !,https://cgi.minorplanetcenter.net/cgi-bin/confirmeph2.cgi
20260512T093110Z,2026-05-12T09:31:10.875814Z,20260512T093110Z_batch01,ZTF10Di,2026-05-12T19:00:00Z,22 15 08.8,333.78666666666663,-10 29 10,-10.48611111111111,79.8,23.4,3.87,77.6,Map/Offsets   !,https://cgi.minorplanetcenter.net/cgi-bin/confirmeph2.cgi
20260512T093110Z,2026-05-12T09:31:10.875814Z,20260512T093110Z_batch01,ZTF10Di,2026-05-12T20:00:00Z,22 15 24.0,333.85,-10 28 21,-10.4725,79.8,23.4,3.81,77.6,Map/Offsets   !,https://cgi.minorplanetcenter.net/cgi-bin/confirmeph2.cgi
20260512T093110Z,2026-05-12T09:31:10.875814Z,20260512T093110Z_batch01,ZTF10Di,2026-05-12T21:00:00Z,22 15 39.1,333.91291666666666,-10 27 32,-10.458888888888888,79.7,23.4,3.75,77.6,Map/Offsets   !,https://cgi.minorplanetcenter.net/cgi-bin/confirmeph2.cgi
20260512T093110Z,2026-05-12T09:31:10.875814Z,20260512T093110Z_batch01,ZTF10Di,2026-05-12T22:00:00Z,22 15 53.9,333.9745833333333,-10 26 44,-10.445555555555556,79.7,23.4,3.7,77.6,Map/Offsets   !,https://cgi.minorplanetcenter.net/cgi-bin/confirmeph2.cgi
20260512T093110Z,2026-05-12T09:31:10.875814Z,20260512T093110Z_batch01,ZTF10Di,2026-05-12T23:00:00Z,22 16 08.4,334.03499999999997,-10 25 56,-10.432222222222222,79.7,23.4,3.64,77.6,Map/Offsets   !,https://cgi.minorplanetcenter.net/cgi-bin/confirmeph2.cgi
20260512T093110Z,2026-05-12T09:31:10.875814Z,20260512T093110Z_batch01,ZTF10Di,2026-05-13T00:00:00Z,22 16 22.8,334.09499999999997,-10 25 10,-10.419444444444444,79.7,23.5,3.58,77.6,Map/Offsets   !,https://cgi.minorplanetcenter.net/cgi-bin/confirmeph2.cgi
20260512T093110Z,2026-05-12T09:31:10.875814Z,20260512T093110Z_batch01,ZTF10Di,2026-05-13T01:00:00Z,22 16 36.9,334.15374999999995,-10 24 24,-10.406666666666666,79.7,23.5,3.53,77.6,Map/Offsets   !,https://cgi.minorplanetcenter.net/cgi-bin/confirmeph2.cgi
20260512T093110Z,2026-05-12T09:31:10.875814Z,20260512T093110Z_batch01,ZTF10Di,2026-05-13T02:00:00Z,22 16 50.8,334.21166666666664,-10 23 38,-10.393888888888888,79.6,23.5,3.48,77.5,Map/Offsets   !,https://cgi.minorplanetcenter.net/cgi-bin/confirmeph2.cgi
20260512T093110Z,2026-05-12T09:31:10.875814Z,20260512T093110Z_batch01,ZTF10Di,2026-05-13T03:00:00Z,22 17 04.5,334.26875,-10 22 54,-10.381666666666668,79.6,23.5,3.43,77.5,Map/Offsets   !,https://cgi.minorplanetcenter.net/cgi-bin/confirmeph2.cgi
20260512T093110Z,2026-05-12T09:31:10.875814Z,20260512T093110Z_batch01,ZTF10Di,2026-05-13T04:00:00Z,22 17 18.0,334.325,-10 22 10,-10.369444444444445,79.6,23.5,3.38,77.5,Map/Offsets   !,https://cgi.minorplanetcenter.net/cgi-bin/confirmeph2.cgi
20260512T093110Z,2026-05-12T09:31:10.875814Z,20260512T093110Z_batch01,ZTF10Di,2026-05-13T05:00:00Z,22 17 31.3,334.3804166666667,-10 21 26,-10.357222222222221,79.6,23.5,3.33,77.5,Map/Offsets   !,https://cgi.minorplanetcenter.net/cgi-bin/confirmeph2.cgi
20260512T093110Z,2026-05-12T09:31:10.875814Z,20260512T093110Z_batch01,ZTF10Di,2026-05-13T06:00:00Z,22 17 44.5,334.4354166666667,-10 20 43,-10.345277777777778,79.6,23.6,3.28,77.5,Map/Offsets   !,https://cgi.minorplanetcenter.net/cgi-bin/confirmeph2.cgi
20260512T093110Z,2026-05-12T09:31:10.875814Z,20260512T093110Z_batch01,ZTF10Di,2026-05-13T07:00:00Z,22 17 57.4,334.4891666666667,-10 20 01,-10.33361111111111,79.6,23.6,3.23,77.5,Map/Offsets   !,https://cgi.minorplanetcenter.net/cgi-bin/confirmeph2.cgi
20260512T093110Z,2026-05-12T09:31:10.875814Z,20260512T093110Z_batch01,ZTF10Di,2026-05-13T08:00:00Z,22 18 10.1,334.5420833333333,-10 19 19,-10.321944444444444,79.6,23.6,3.19,77.5,Map/Offsets   !,https://cgi.minorplanetcenter.net/cgi-bin/confirmeph2.cgi
20260512T093110Z,2026-05-12T09:31:10.875814Z,20260512T093110Z_batch01,S001563,2026-05-12T08:00:00Z,12 59 39.7,194.91541666666666,-26 58 05,-26.968055555555555,147.5,21.6,0.17,225.9,Map/Offsets,https://cgi.minorplanetcenter.net/cgi-bin/confirmeph2.cgi
20260512T093110Z,2026-05-12T09:31:10.875814Z,20260512T093110Z_batch01,S001563,2026-05-12T09:00:00Z,12 59 39.1,194.91291666666666,-26 58 12,-26.97,147.5,21.6,0.17,225.8,Map/Offsets,https://cgi.minorplanetcenter.net/cgi-bin/confirmeph2.cgi
20260512T093110Z,2026-05-12T09:31:10.875814Z,20260512T093110Z_batch01,S001563,2026-05-12T10:00:00Z,12 59 38.6,194.91083333333333,-26 58 19,-26.971944444444443,147.5,21.6,0.17,225.6,Map/Offsets,https://cgi.minorplanetcenter.net/cgi-bin/confirmeph2.cgi
20260512T093110Z,2026-05-12T09:31:10.875814Z,20260512T093110Z_batch01,S001563,2026-05-12T11:00:00Z,12 59 38.0,194.90833333333333,-26 58 26,-26.973888888888887,147.4,21.6,0.17,225.5,Map/Offsets,https://cgi.minorplanetcenter.net/cgi-bin/confirmeph2.cgi
20260512T093110Z,2026-05-12T09:31:10.875814Z,20260512T093110Z_batch01,S001563,2026-05-12T12:00:00Z,12 59 37.5,194.90624999999997,-26 58 34,-26.97611111111111,147.4,21.6,0.17,225.4,Map/Offsets,https://cgi.minorplanetcenter.net/cgi-bin/confirmeph2.cgi
20260512T093110Z,2026-05-12T09:31:10.875814Z,20260512T093110Z_batch01,S001563,2026-05-12T13:00:00Z,12 59 37.0,194.90416666666667,-26 58 41,-26.978055555555553,147.4,21.6,0.17,225.2,Map/Offsets,https://cgi.minorplanetcenter.net/cgi-bin/confirmeph2.cgi
20260512T093110Z,2026-05-12T09:31:10.875814Z,20260512T093110Z_batch01,S001563,2026-05-12T14:00:00Z,12 59 36.4,194.90166666666667,-26 58 48,-26.979999999999997,147.3,21.6,0.17,225.1,Map/Offsets,https://cgi.minorplanetcenter.net/cgi-bin/confirmeph2.cgi
20260512T093110Z,2026-05-12T09:31:10.875814Z,20260512T093110Z_batch01,S001563,2026-05-12T15:00:00Z,12 59 35.9,194.8995833333333,-26 58 55,-26.981944444444444,147.3,21.6,0.17,224.9,Map/Offsets,https://cgi.minorplanetcenter.net/cgi-bin/confirmeph2.cgi
20260512T093110Z,2026-05-12T09:31:10.875814Z,20260512T093110Z_batch01,S001563,2026-05-12T16:00:00Z,12 59 35.4,194.89749999999998,-26 59 02,-26.983888888888888,147.3,21.6,0.17,224.8,Map/Offsets,https://cgi.minorplanetcenter.net/cgi-bin/confirmeph2.cgi
20260512T093110Z,2026-05-12T09:31:10.875814Z,20260512T093110Z_batch01,S001563,2026-05-12T17:00:00Z,12 59 34.9,194.89541666666665,-26 59 09,-26.985833333333336,147.2,21.6,0.16,224.6,Map/Offsets,https://cgi.minorplanetcenter.net/cgi-bin/confirmeph2.cgi
20260512T093110Z,2026-05-12T09:31:10.875814Z,20260512T093110Z_batch01,S001563,2026-05-12T18:00:00Z,12 59 34.4,194.89333333333332,-26 59 16,-26.98777777777778,147.2,21.6,0.16,224.5,Map/Offsets,https://cgi.minorplanetcenter.net/cgi-bin/confirmeph2.cgi
20260512T093110Z,2026-05-12T09:31:10.875814Z,20260512T093110Z_batch01,S001563,2026-05-12T19:00:00Z,12 59 33.8,194.89083333333332,-26 59 23,-26.989722222222223,147.2,21.6,0.16,224.3,Map/Offsets,https://cgi.minorplanetcenter.net/cgi-bin/confirmeph2.cgi
20260512T093110Z,2026-05-12T09:31:10.875814Z,20260512T093110Z_batch01,S001563,2026-05-12T20:00:00Z,12 59 33.3,194.88875,-26 59 30,-26.991666666666667,147.1,21.6,0.16,224.2,Map/Offsets,https://cgi.minorplanetcenter.net/cgi-bin/confirmeph2.cgi
20260512T093110Z,2026-05-12T09:31:10.875814Z,20260512T093110Z_batch01,S001563,2026-05-12T21:00:00Z,12 59 32.8,194.88666666666666,-26 59 37,-26.99361111111111,147.1,21.6,0.16,224.0,Map/Offsets,https://cgi.minorplanetcenter.net/cgi-bin/confirmeph2.cgi
20260512T093110Z,2026-05-12T09:31:10.875814Z,20260512T093110Z_batch01,S001563,2026-05-12T22:00:00Z,12 59 32.3,194.88458333333332,-26 59 44,-26.995555555555555,147.1,21.6,0.16,223.8,Map/Offsets,https://cgi.minorplanetcenter.net/cgi-bin/confirmeph2.cgi
20260512T093110Z,2026-05-12T09:31:10.875814Z,20260512T093110Z_batch01,S001563,2026-05-12T23:00:00Z,12 59 31.8,194.8825,-26 59 51,-26.997500000000002,147.0,21.6,0.16,223.7,Map/Offsets,https://cgi.minorplanetcenter.net/cgi-bin/confirmeph2.cgi
20260512T093110Z,2026-05-12T09:31:10.875814Z,20260512T093110Z_batch01,S001563,2026-05-13T00:00:00Z,12 59 31.3,194.88041666666666,-26 59 58,-26.999444444444446,147.0,21.6,0.16,223.5,Map/Offsets,https://cgi.minorplanetcenter.net/cgi-bin/confirmeph2.cgi
20260512T093110Z,2026-05-12T09:31:10.875814Z,20260512T093110Z_batch01,S001563,2026-05-13T01:00:00Z,12 59 30.8,194.8783333333333,-27 00 05,-27.00138888888889,147.0,21.6,0.16,223.4,Map/Offsets,https://cgi.minorplanetcenter.net/cgi-bin/confirmeph2.cgi
20260512T093110Z,2026-05-12T09:31:10.875814Z,20260512T093110Z_batch01,S001563,2026-05-13T02:00:00Z,12 59 30.3,194.87625,-27 00 12,-27.003333333333334,146.9,21.6,0.16,223.2,Map/Offsets,https://cgi.minorplanetcenter.net/cgi-bin/confirmeph2.cgi
20260512T093110Z,2026-05-12T09:31:10.875814Z,20260512T093110Z_batch01,S001563,2026-05-13T03:00:00Z,12 59 29.9,194.8745833333333,-27 00 19,-27.005277777777778,146.9,21.6,0.16,223.0,Map/Offsets,https://cgi.minorplanetcenter.net/cgi-bin/confirmeph2.cgi
20260512T093110Z,2026-05-12T09:31:10.875814Z,20260512T093110Z_batch01,S001563,2026-05-13T04:00:00Z,12 59 29.4,194.87249999999997,-27 00 26,-27.00722222222222,146.9,21.6,0.16,222.9,Map/Offsets,https://cgi.minorplanetcenter.net/cgi-bin/confirmeph2.cgi
20260512T093110Z,2026-05-12T09:31:10.875814Z,20260512T093110Z_batch01,S001563,2026-05-13T05:00:00Z,12 59 28.9,194.87041666666667,-27 00 33,-27.009166666666665,146.8,21.6,0.16,222.7,Map/Offsets,https://cgi.minorplanetcenter.net/cgi-bin/confirmeph2.cgi
20260512T093110Z,2026-05-12T09:31:10.875814Z,20260512T093110Z_batch01,S001563,2026-05-13T06:00:00Z,12 59 28.4,194.8683333333333,-27 00 39,-27.010833333333334,146.8,21.6,0.16,222.5,Map/Offsets,https://cgi.minorplanetcenter.net/cgi-bin/confirmeph2.cgi
20260512T093110Z,2026-05-12T09:31:10.875814Z,20260512T093110Z_batch01,S001563,2026-05-13T07:00:00Z,12 59 27.9,194.86624999999998,-27 00 46,-27.012777777777778,146.8,21.6,0.16,222.4,Map/Offsets,https://cgi.minorplanetcenter.net/cgi-bin/confirmeph2.cgi
20260512T093110Z,2026-05-12T09:31:10.875814Z,20260512T093110Z_batch01,S001563,2026-05-13T08:00:00Z,12 59 27.5,194.86458333333334,-27 00 53,-27.014722222222222,146.7,21.6,0.15,222.2,Map/Offsets,https://cgi.minorplanetcenter.net/cgi-bin/confirmeph2.cgi
20260512T093110Z,2026-05-12T09:31:10.875814Z,20260512T093110Z_batch01,P22mZLU,2026-05-12T08:00:00Z,11 49 23.4,177.3475,-15 52 47,-15.879722222222222,130.9,21.0,2.48,35.0,Map/Offsets,https://cgi.minorplanetcenter.net/cgi-bin/confirmeph2.cgi
20260512T093110Z,2026-05-12T09:31:10.875814Z,20260512T093110Z_batch01,P22mZLU,2026-05-12T09:00:00Z,11 49 29.3,177.37208333333334,-15 50 45,-15.845833333333333,130.9,21.0,2.48,35.1,Map/Offsets,https://cgi.minorplanetcenter.net/cgi-bin/confirmeph2.cgi
20260512T093110Z,2026-05-12T09:31:10.875814Z,20260512T093110Z_batch01,P22mZLU,2026-05-12T10:00:00Z,11 49 35.2,177.39666666666668,-15 48 43,-15.811944444444444,130.8,21.0,2.48,35.1,Map/Offsets,https://cgi.minorplanetcenter.net/cgi-bin/confirmeph2.cgi
20260512T093110Z,2026-05-12T09:31:10.875814Z,20260512T093110Z_batch01,P22mZLU,2026-05-12T11:00:00Z,11 49 41.2,177.42166666666668,-15 46 41,-15.778055555555556,130.8,21.0,2.48,35.1,Map/Offsets,https://cgi.minorplanetcenter.net/cgi-bin/confirmeph2.cgi
20260512T093110Z,2026-05-12T09:31:10.875814Z,20260512T093110Z_batch01,P22mZLU,2026-05-12T12:00:00Z,11 49 47.1,177.44625,-15 44 39,-15.744166666666667,130.8,21.0,2.49,35.2,Map/Offsets,https://cgi.minorplanetcenter.net/cgi-bin/confirmeph2.cgi
20260512T093110Z,2026-05-12T09:31:10.875814Z,20260512T093110Z_batch01,P22mZLU,2026-05-12T13:00:00Z,11 49 53.1,177.47125,-15 42 37,-15.710277777777778,130.8,21.0,2.49,35.2,Map/Offsets,https://cgi.minorplanetcenter.net/cgi-bin/confirmeph2.cgi
20260512T093110Z,2026-05-12T09:31:10.875814Z,20260512T093110Z_batch01,P22mZLU,2026-05-12T14:00:00Z,11 49 59.0,177.49583333333334,-15 40 35,-15.676388888888889,130.7,21.0,2.49,35.2,Map/Offsets,https://cgi.minorplanetcenter.net/cgi-bin/confirmeph2.cgi
20260512T093110Z,2026-05-12T09:31:10.875814Z,20260512T093110Z_batch01,P22mZLU,2026-05-12T15:00:00Z,11 50 05.0,177.52083333333334,-15 38 33,-15.6425,130.7,21.0,2.49,35.2,Map/Offsets,https://cgi.minorplanetcenter.net/cgi-bin/confirmeph2.cgi
20260512T093110Z,2026-05-12T09:31:10.875814Z,20260512T093110Z_batch01,P22mZLU,2026-05-12T16:00:00Z,11 50 11.0,177.54583333333335,-15 36 31,-15.608611111111111,130.7,21.0,2.49,35.3,Map/Offsets,https://cgi.minorplanetcenter.net/cgi-bin/confirmeph2.cgi
20260512T093110Z,2026-05-12T09:31:10.875814Z,20260512T093110Z_batch01,P22mZLU,2026-05-12T17:00:00Z,11 50 16.9,177.5704166666667,-15 34 29,-15.574722222222222,130.7,21.0,2.49,35.3,Map/Offsets,https://cgi.minorplanetcenter.net/cgi-bin/confirmeph2.cgi
20260512T093110Z,2026-05-12T09:31:10.875814Z,20260512T093110Z_batch01,P22mZLU,2026-05-12T18:00:00Z,11 50 22.9,177.5954166666667,-15 32 27,-15.540833333333333,130.7,21.0,2.49,35.3,Map/Offsets,https://cgi.minorplanetcenter.net/cgi-bin/confirmeph2.cgi
20260512T093110Z,2026-05-12T09:31:10.875814Z,20260512T093110Z_batch01,P22mZLU,2026-05-12T19:00:00Z,11 50 28.9,177.6204166666667,-15 30 25,-15.506944444444445,130.6,21.0,2.49,35.4,Map/Offsets,https://cgi.minorplanetcenter.net/cgi-bin/confirmeph2.cgi
20260512T093110Z,2026-05-12T09:31:10.875814Z,20260512T093110Z_batch01,P22mZLU,2026-05-12T20:00:00Z,11 50 34.9,177.64541666666668,-15 28 24,-15.473333333333333,130.6,21.0,2.49,35.4,Map/Offsets,https://cgi.minorplanetcenter.net/cgi-bin/confirmeph2.cgi
20260512T093110Z,2026-05-12T09:31:10.875814Z,20260512T093110Z_batch01,P22mZLU,2026-05-12T21:00:00Z,11 50 40.9,177.67041666666665,-15 26 22,-15.439444444444444,130.6,21.0,2.49,35.4,Map/Offsets,https://cgi.minorplanetcenter.net/cgi-bin/confirmeph2.cgi
20260512T093110Z,2026-05-12T09:31:10.875814Z,20260512T093110Z_batch01,P22mZLU,2026-05-12T22:00:00Z,11 50 46.9,177.69541666666666,-15 24 20,-15.405555555555557,130.6,21.0,2.49,35.4,Map/Offsets,https://cgi.minorplanetcenter.net/cgi-bin/confirmeph2.cgi
20260512T093110Z,2026-05-12T09:31:10.875814Z,20260512T093110Z_batch01,P22mZLU,2026-05-12T23:00:00Z,11 50 52.9,177.72041666666667,-15 22 18,-15.371666666666668,130.6,21.0,2.49,35.5,Map/Offsets,https://cgi.minorplanetcenter.net/cgi-bin/confirmeph2.cgi
20260512T093110Z,2026-05-12T09:31:10.875814Z,20260512T093110Z_batch01,P22mZLU,2026-05-13T00:00:00Z,11 50 58.9,177.74541666666667,-15 20 16,-15.337777777777779,130.5,21.0,2.5,35.5,Map/Offsets,https://cgi.minorplanetcenter.net/cgi-bin/confirmeph2.cgi
20260512T093110Z,2026-05-12T09:31:10.875814Z,20260512T093110Z_batch01,P22mZLU,2026-05-13T01:00:00Z,11 51 04.9,177.77041666666665,-15 18 14,-15.30388888888889,130.5,21.0,2.5,35.5,Map/Offsets,https://cgi.minorplanetcenter.net/cgi-bin/confirmeph2.cgi
20260512T093110Z,2026-05-12T09:31:10.875814Z,20260512T093110Z_batch01,P22mZLU,2026-05-13T02:00:00Z,11 51 10.9,177.79541666666665,-15 16 12,-15.270000000000001,130.5,21.0,2.5,35.6,Map/Offsets,https://cgi.minorplanetcenter.net/cgi-bin/confirmeph2.cgi
20260512T093110Z,2026-05-12T09:31:10.875814Z,20260512T093110Z_batch01,P22mZLU,2026-05-13T03:00:00Z,11 51 17.0,177.82083333333333,-15 14 10,-15.23611111111111,130.5,21.0,2.5,35.6,Map/Offsets,https://cgi.minorplanetcenter.net/cgi-bin/confirmeph2.cgi
20260512T093110Z,2026-05-12T09:31:10.875814Z,20260512T093110Z_batch01,P22mZLU,2026-05-13T04:00:00Z,11 51 23.0,177.84583333333333,-15 12 08,-15.202222222222222,130.5,21.0,2.5,35.6,Map/Offsets,https://cgi.minorplanetcenter.net/cgi-bin/confirmeph2.cgi
20260512T093110Z,2026-05-12T09:31:10.875814Z,20260512T093110Z_batch01,P22mZLU,2026-05-13T05:00:00Z,11 51 29.0,177.87083333333334,-15 10 07,-15.16861111111111,130.4,21.0,2.5,35.7,Map/Offsets,https://cgi.minorplanetcenter.net/cgi-bin/confirmeph2.cgi
20260512T093110Z,2026-05-12T09:31:10.875814Z,20260512T093110Z_batch01,P22mZLU,2026-05-13T06:00:00Z,11 51 35.1,177.89625,-15 08 05,-15.134722222222221,130.4,21.0,2.5,35.7,Map/Offsets,https://cgi.minorplanetcenter.net/cgi-bin/confirmeph2.cgi
20260512T093110Z,2026-05-12T09:31:10.875814Z,20260512T093110Z_batch01,P22mZLU,2026-05-13T07:00:00Z,11 51 41.1,177.92125000000001,-15 06 03,-15.100833333333332,130.4,21.0,2.5,35.7,Map/Offsets,https://cgi.minorplanetcenter.net/cgi-bin/confirmeph2.cgi
20260512T093110Z,2026-05-12T09:31:10.875814Z,20260512T093110Z_batch01,P22mZLU,2026-05-13T08:00:00Z,11 51 47.2,177.94666666666666,-15 04 01,-15.066944444444443,130.4,21.0,2.5,35.7,Map/Offsets,https://cgi.minorplanetcenter.net/cgi-bin/confirmeph2.cgi
