snapshot_id,fetched_at_utc,batch_id,designation,ephem_time_utc,ra_hms,ra_deg,dec_dms,dec_deg,elong_deg,v_mag,motion_arcsec_per_min,pa_deg,uncertainty,source_url
20260512T073107Z,2026-05-12T07:31:07.114632Z,20260512T073107Z_batch01,TF26E60,2026-05-12T06:00:00Z,15 10 52.4,227.7183333333333,-17 49 13,-17.82027777777778,179.0,19.6,12.69,342.6,Map/Offsets,https://cgi.minorplanetcenter.net/cgi-bin/confirmeph2.cgi
20260512T073107Z,2026-05-12T07:31:07.114632Z,20260512T073107Z_batch01,TF26E60,2026-05-12T07:00:00Z,15 10 36.5,227.65208333333334,-17 37 07,-17.61861111111111,178.8,19.6,12.67,342.6,Map/Offsets,https://cgi.minorplanetcenter.net/cgi-bin/confirmeph2.cgi
20260512T073107Z,2026-05-12T07:31:07.114632Z,20260512T073107Z_batch01,TF26E60,2026-05-12T08:00:00Z,15 10 20.7,227.58625,-17 25 02,-17.41722222222222,178.7,19.6,12.64,342.7,Map/Offsets,https://cgi.minorplanetcenter.net/cgi-bin/confirmeph2.cgi
20260512T073107Z,2026-05-12T07:31:07.114632Z,20260512T073107Z_batch01,TF26E60,2026-05-12T09:00:00Z,15 10 04.9,227.52041666666665,-17 12 59,-17.21638888888889,178.5,19.6,12.61,342.7,Map/Offsets,https://cgi.minorplanetcenter.net/cgi-bin/confirmeph2.cgi
20260512T073107Z,2026-05-12T07:31:07.114632Z,20260512T073107Z_batch01,TF26E60,2026-05-12T10:00:00Z,15 09 49.2,227.455,-17 00 58,-17.016111111111112,178.2,19.6,12.58,342.7,Map/Offsets,https://cgi.minorplanetcenter.net/cgi-bin/confirmeph2.cgi
20260512T073107Z,2026-05-12T07:31:07.114632Z,20260512T073107Z_batch01,TF26E60,2026-05-12T11:00:00Z,15 09 33.6,227.39000000000001,-16 48 58,-16.816111111111113,178.0,19.6,12.55,342.7,Map/Offsets,https://cgi.minorplanetcenter.net/cgi-bin/confirmeph2.cgi
20260512T073107Z,2026-05-12T07:31:07.114632Z,20260512T073107Z_batch01,TF26E60,2026-05-12T12:00:00Z,15 09 18.1,227.32541666666668,-16 36 59,-16.616388888888892,177.8,19.7,12.53,342.7,Map/Offsets,https://cgi.minorplanetcenter.net/cgi-bin/confirmeph2.cgi
20260512T073107Z,2026-05-12T07:31:07.114632Z,20260512T073107Z_batch01,TF26E60,2026-05-12T13:00:00Z,15 09 02.6,227.26083333333335,-16 25 02,-16.41722222222222,177.6,19.7,12.5,342.8,Map/Offsets,https://cgi.minorplanetcenter.net/cgi-bin/confirmeph2.cgi
20260512T073107Z,2026-05-12T07:31:07.114632Z,20260512T073107Z_batch01,TF26E60,2026-05-12T14:00:00Z,15 08 47.2,227.19666666666666,-16 13 07,-16.21861111111111,177.4,19.7,12.47,342.8,Map/Offsets,https://cgi.minorplanetcenter.net/cgi-bin/confirmeph2.cgi
20260512T073107Z,2026-05-12T07:31:07.114632Z,20260512T073107Z_batch01,TF26E60,2026-05-12T15:00:00Z,15 08 31.8,227.1325,-16 01 13,-16.02027777777778,177.2,19.7,12.44,342.8,Map/Offsets,https://cgi.minorplanetcenter.net/cgi-bin/confirmeph2.cgi
20260512T073107Z,2026-05-12T07:31:07.114632Z,20260512T073107Z_batch01,TF26E60,2026-05-12T16:00:00Z,15 08 16.6,227.06916666666666,-15 49 21,-15.8225,176.9,19.7,12.41,342.8,Map/Offsets,https://cgi.minorplanetcenter.net/cgi-bin/confirmeph2.cgi
20260512T073107Z,2026-05-12T07:31:07.114632Z,20260512T073107Z_batch01,TF26E60,2026-05-12T17:00:00Z,15 08 01.4,227.00583333333333,-15 37 31,-15.625277777777779,176.7,19.7,12.38,342.8,Map/Offsets,https://cgi.minorplanetcenter.net/cgi-bin/confirmeph2.cgi
20260512T073107Z,2026-05-12T07:31:07.114632Z,20260512T073107Z_batch01,TF26E60,2026-05-12T18:00:00Z,15 07 46.2,226.9425,-15 25 42,-15.428333333333333,176.5,19.7,12.35,342.8,Map/Offsets,https://cgi.minorplanetcenter.net/cgi-bin/confirmeph2.cgi
20260512T073107Z,2026-05-12T07:31:07.114632Z,20260512T073107Z_batch01,TF26E60,2026-05-12T19:00:00Z,15 07 31.1,226.87958333333336,-15 13 55,-15.231944444444444,176.3,19.8,12.32,342.9,Map/Offsets,https://cgi.minorplanetcenter.net/cgi-bin/confirmeph2.cgi
20260512T073107Z,2026-05-12T07:31:07.114632Z,20260512T073107Z_batch01,TF26E60,2026-05-12T20:00:00Z,15 07 16.1,226.81708333333336,-15 02 10,-15.036111111111111,176.0,19.8,12.29,342.9,Map/Offsets,https://cgi.minorplanetcenter.net/cgi-bin/confirmeph2.cgi
20260512T073107Z,2026-05-12T07:31:07.114632Z,20260512T073107Z_batch01,TF26E60,2026-05-12T21:00:00Z,15 07 01.2,226.75500000000002,-14 50 26,-14.840555555555556,175.8,19.8,12.25,342.9,Map/Offsets,https://cgi.minorplanetcenter.net/cgi-bin/confirmeph2.cgi
20260512T073107Z,2026-05-12T07:31:07.114632Z,20260512T073107Z_batch01,TF26E60,2026-05-12T22:00:00Z,15 06 46.3,226.69291666666666,-14 38 45,-14.645833333333332,175.6,19.8,12.22,342.9,Map/Offsets,https://cgi.minorplanetcenter.net/cgi-bin/confirmeph2.cgi
20260512T073107Z,2026-05-12T07:31:07.114632Z,20260512T073107Z_batch01,TF26E60,2026-05-12T23:00:00Z,15 06 31.5,226.63125,-14 27 04,-14.45111111111111,175.4,19.8,12.19,342.9,Map/Offsets,https://cgi.minorplanetcenter.net/cgi-bin/confirmeph2.cgi
20260512T073107Z,2026-05-12T07:31:07.114632Z,20260512T073107Z_batch01,TF26E60,2026-05-13T00:00:00Z,15 06 16.7,226.56958333333333,-14 15 26,-14.257222222222222,175.1,19.8,12.16,342.9,Map/Offsets,https://cgi.minorplanetcenter.net/cgi-bin/confirmeph2.cgi
20260512T073107Z,2026-05-12T07:31:07.114632Z,20260512T073107Z_batch01,TF26E60,2026-05-13T01:00:00Z,15 06 02.0,226.50833333333333,-14 03 49,-14.063611111111111,174.9,19.8,12.13,343.0,Map/Offsets,https://cgi.minorplanetcenter.net/cgi-bin/confirmeph2.cgi
20260512T073107Z,2026-05-12T07:31:07.114632Z,20260512T073107Z_batch01,TF26E60,2026-05-13T02:00:00Z,15 05 47.4,226.44750000000002,-13 52 14,-13.870555555555557,174.7,19.9,12.1,343.0,Map/Offsets,https://cgi.minorplanetcenter.net/cgi-bin/confirmeph2.cgi
20260512T073107Z,2026-05-12T07:31:07.114632Z,20260512T073107Z_batch01,TF26E60,2026-05-13T03:00:00Z,15 05 32.8,226.38666666666666,-13 40 41,-13.678055555555554,174.5,19.9,12.06,343.0,Map/Offsets,https://cgi.minorplanetcenter.net/cgi-bin/confirmeph2.cgi
20260512T073107Z,2026-05-12T07:31:07.114632Z,20260512T073107Z_batch01,TF26E60,2026-05-13T04:00:00Z,15 05 18.3,226.32625000000002,-13 29 10,-13.48611111111111,174.2,19.9,12.03,343.0,Map/Offsets,https://cgi.minorplanetcenter.net/cgi-bin/confirmeph2.cgi
20260512T073107Z,2026-05-12T07:31:07.114632Z,20260512T073107Z_batch01,TF26E60,2026-05-13T05:00:00Z,15 05 03.9,226.26625,-13 17 41,-13.294722222222221,174.0,19.9,12.0,343.0,Map/Offsets,https://cgi.minorplanetcenter.net/cgi-bin/confirmeph2.cgi
20260512T073107Z,2026-05-12T07:31:07.114632Z,20260512T073107Z_batch01,TF26E60,2026-05-13T06:00:00Z,15 04 49.5,226.20624999999998,-13 06 13,-13.10361111111111,173.8,19.9,11.97,343.0,Map/Offsets,https://cgi.minorplanetcenter.net/cgi-bin/confirmeph2.cgi
20260512T073107Z,2026-05-12T07:31:07.114632Z,20260512T073107Z_batch01,ST26E41,2026-05-12T06:00:00Z,15 10 51.1,227.71291666666664,-17 46 59,-17.783055555555556,179.0,19.4,11.42,341.6,Map/Offsets,https://cgi.minorplanetcenter.net/cgi-bin/confirmeph2.cgi
20260512T073107Z,2026-05-12T07:31:07.114632Z,20260512T073107Z_batch01,ST26E41,2026-05-12T07:00:00Z,15 10 36.0,227.64999999999998,-17 36 08,-17.602222222222224,178.8,19.4,11.43,341.6,Map/Offsets,https://cgi.minorplanetcenter.net/cgi-bin/confirmeph2.cgi
20260512T073107Z,2026-05-12T07:31:07.114632Z,20260512T073107Z_batch01,ST26E41,2026-05-12T08:00:00Z,15 10 20.9,227.58708333333334,-17 25 17,-17.42138888888889,178.7,19.4,11.43,341.6,Map/Offsets,https://cgi.minorplanetcenter.net/cgi-bin/confirmeph2.cgi
20260512T073107Z,2026-05-12T07:31:07.114632Z,20260512T073107Z_batch01,ST26E41,2026-05-12T09:00:00Z,15 10 05.8,227.52416666666667,-17 14 27,-17.240833333333335,178.5,19.4,11.43,341.7,Map/Offsets,https://cgi.minorplanetcenter.net/cgi-bin/confirmeph2.cgi
20260512T073107Z,2026-05-12T07:31:07.114632Z,20260512T073107Z_batch01,ST26E41,2026-05-12T10:00:00Z,15 09 50.7,227.46125,-17 03 36,-17.060000000000002,178.3,19.4,11.43,341.7,Map/Offsets,https://cgi.minorplanetcenter.net/cgi-bin/confirmeph2.cgi
20260512T073107Z,2026-05-12T07:31:07.114632Z,20260512T073107Z_batch01,ST26E41,2026-05-12T11:00:00Z,15 09 35.7,227.39875,-16 52 45,-16.879166666666666,178.1,19.4,11.43,341.7,Map/Offsets,https://cgi.minorplanetcenter.net/cgi-bin/confirmeph2.cgi
20260512T073107Z,2026-05-12T07:31:07.114632Z,20260512T073107Z_batch01,ST26E41,2026-05-12T12:00:00Z,15 09 20.7,227.33625,-16 41 53,-16.698055555555555,177.9,19.5,11.43,341.7,Map/Offsets,https://cgi.minorplanetcenter.net/cgi-bin/confirmeph2.cgi
20260512T073107Z,2026-05-12T07:31:07.114632Z,20260512T073107Z_batch01,ST26E41,2026-05-12T13:00:00Z,15 09 05.7,227.27375,-16 31 02,-16.51722222222222,177.7,19.5,11.43,341.7,Map/Offsets,https://cgi.minorplanetcenter.net/cgi-bin/confirmeph2.cgi
20260512T073107Z,2026-05-12T07:31:07.114632Z,20260512T073107Z_batch01,ST26E41,2026-05-12T14:00:00Z,15 08 50.8,227.21166666666667,-16 20 10,-16.33611111111111,177.5,19.5,11.43,341.7,Map/Offsets,https://cgi.minorplanetcenter.net/cgi-bin/confirmeph2.cgi
20260512T073107Z,2026-05-12T07:31:07.114632Z,20260512T073107Z_batch01,ST26E41,2026-05-12T15:00:00Z,15 08 35.9,227.14958333333334,-16 09 19,-16.155277777777776,177.3,19.5,11.43,341.8,Map/Offsets,https://cgi.minorplanetcenter.net/cgi-bin/confirmeph2.cgi
20260512T073107Z,2026-05-12T07:31:07.114632Z,20260512T073107Z_batch01,ST26E41,2026-05-12T16:00:00Z,15 08 21.0,227.0875,-15 58 27,-15.974166666666667,177.1,19.5,11.43,341.8,Map/Offsets,https://cgi.minorplanetcenter.net/cgi-bin/confirmeph2.cgi
20260512T073107Z,2026-05-12T07:31:07.114632Z,20260512T073107Z_batch01,ST26E41,2026-05-12T17:00:00Z,15 08 06.1,227.02541666666667,-15 47 35,-15.793055555555556,176.8,19.5,11.43,341.8,Map/Offsets,https://cgi.minorplanetcenter.net/cgi-bin/confirmeph2.cgi
20260512T073107Z,2026-05-12T07:31:07.114632Z,20260512T073107Z_batch01,ST26E41,2026-05-12T18:00:00Z,15 07 51.3,226.96375,-15 36 44,-15.612222222222222,176.6,19.5,11.43,341.8,Map/Offsets,https://cgi.minorplanetcenter.net/cgi-bin/confirmeph2.cgi
20260512T073107Z,2026-05-12T07:31:07.114632Z,20260512T073107Z_batch01,ST26E41,2026-05-12T19:00:00Z,15 07 36.5,226.90208333333334,-15 25 52,-15.431111111111111,176.4,19.5,11.43,341.8,Map/Offsets,https://cgi.minorplanetcenter.net/cgi-bin/confirmeph2.cgi
20260512T073107Z,2026-05-12T07:31:07.114632Z,20260512T073107Z_batch01,ST26E41,2026-05-12T20:00:00Z,15 07 21.7,226.84041666666667,-15 15 00,-15.25,176.2,19.6,11.43,341.9,Map/Offsets,https://cgi.minorplanetcenter.net/cgi-bin/confirmeph2.cgi
20260512T073107Z,2026-05-12T07:31:07.114632Z,20260512T073107Z_batch01,ST26E41,2026-05-12T21:00:00Z,15 07 07.0,226.77916666666667,-15 04 09,-15.069166666666666,176.0,19.6,11.43,341.9,Map/Offsets,https://cgi.minorplanetcenter.net/cgi-bin/confirmeph2.cgi
20260512T073107Z,2026-05-12T07:31:07.114632Z,20260512T073107Z_batch01,ST26E41,2026-05-12T22:00:00Z,15 06 52.3,226.71791666666667,-14 53 17,-14.888055555555555,175.8,19.6,11.43,341.9,Map/Offsets,https://cgi.minorplanetcenter.net/cgi-bin/confirmeph2.cgi
20260512T073107Z,2026-05-12T07:31:07.114632Z,20260512T073107Z_batch01,ST26E41,2026-05-12T23:00:00Z,15 06 37.6,226.65666666666664,-14 42 25,-14.706944444444444,175.6,19.6,11.42,341.9,Map/Offsets,https://cgi.minorplanetcenter.net/cgi-bin/confirmeph2.cgi
20260512T073107Z,2026-05-12T07:31:07.114632Z,20260512T073107Z_batch01,ST26E41,2026-05-13T00:00:00Z,15 06 22.9,226.59541666666667,-14 31 34,-14.526111111111112,175.4,19.6,11.42,341.9,Map/Offsets,https://cgi.minorplanetcenter.net/cgi-bin/confirmeph2.cgi
20260512T073107Z,2026-05-12T07:31:07.114632Z,20260512T073107Z_batch01,ST26E41,2026-05-13T01:00:00Z,15 06 08.3,226.53458333333333,-14 20 42,-14.345,175.2,19.6,11.42,341.9,Map/Offsets,https://cgi.minorplanetcenter.net/cgi-bin/confirmeph2.cgi
20260512T073107Z,2026-05-12T07:31:07.114632Z,20260512T073107Z_batch01,ST26E41,2026-05-13T02:00:00Z,15 05 53.7,226.47375,-14 09 51,-14.164166666666667,174.9,19.6,11.42,341.9,Map/Offsets,https://cgi.minorplanetcenter.net/cgi-bin/confirmeph2.cgi
20260512T073107Z,2026-05-12T07:31:07.114632Z,20260512T073107Z_batch01,ST26E41,2026-05-13T03:00:00Z,15 05 39.1,226.4129166666667,-13 59 00,-13.983333333333333,174.7,19.6,11.41,342.0,Map/Offsets,https://cgi.minorplanetcenter.net/cgi-bin/confirmeph2.cgi
20260512T073107Z,2026-05-12T07:31:07.114632Z,20260512T073107Z_batch01,ST26E41,2026-05-13T04:00:00Z,15 05 24.5,226.35208333333333,-13 48 09,-13.8025,174.5,19.6,11.41,342.0,Map/Offsets,https://cgi.minorplanetcenter.net/cgi-bin/confirmeph2.cgi
20260512T073107Z,2026-05-12T07:31:07.114632Z,20260512T073107Z_batch01,ST26E41,2026-05-13T05:00:00Z,15 05 10.0,226.29166666666669,-13 37 18,-13.621666666666668,174.3,19.7,11.41,342.0,Map/Offsets,https://cgi.minorplanetcenter.net/cgi-bin/confirmeph2.cgi
20260512T073107Z,2026-05-12T07:31:07.114632Z,20260512T073107Z_batch01,ST26E41,2026-05-13T06:00:00Z,15 04 55.5,226.23125,-13 26 27,-13.440833333333334,174.1,19.7,11.4,342.0,Map/Offsets,https://cgi.minorplanetcenter.net/cgi-bin/confirmeph2.cgi
20260512T073107Z,2026-05-12T07:31:07.114632Z,20260512T073107Z_batch01,CEM1R02,2026-05-12T06:00:00Z,13 40 59.4,205.2475,+16 52 58,16.88277777777778,138.1,21.7,2.5,273.6,Map/Offsets,https://cgi.minorplanetcenter.net/cgi-bin/confirmeph2.cgi
20260512T073107Z,2026-05-12T07:31:07.114632Z,20260512T073107Z_batch01,CEM1R02,2026-05-12T07:00:00Z,13 40 49.0,205.20416666666665,+16 53 08,16.885555555555555,138.0,21.7,2.48,273.6,Map/Offsets,https://cgi.minorplanetcenter.net/cgi-bin/confirmeph2.cgi
20260512T073107Z,2026-05-12T07:31:07.114632Z,20260512T073107Z_batch01,CEM1R02,2026-05-12T08:00:00Z,13 40 38.7,205.16125,+16 53 17,16.888055555555557,138.0,21.7,2.46,273.5,Map/Offsets,https://cgi.minorplanetcenter.net/cgi-bin/confirmeph2.cgi
20260512T073107Z,2026-05-12T07:31:07.114632Z,20260512T073107Z_batch01,CEM1R02,2026-05-12T09:00:00Z,13 40 28.5,205.11874999999998,+16 53 26,16.890555555555554,137.9,21.7,2.44,273.5,Map/Offsets,https://cgi.minorplanetcenter.net/cgi-bin/confirmeph2.cgi
20260512T073107Z,2026-05-12T07:31:07.114632Z,20260512T073107Z_batch01,CEM1R02,2026-05-12T10:00:00Z,13 40 18.3,205.07625,+16 53 35,16.893055555555556,137.9,21.7,2.43,273.4,Map/Offsets,https://cgi.minorplanetcenter.net/cgi-bin/confirmeph2.cgi
20260512T073107Z,2026-05-12T07:31:07.114632Z,20260512T073107Z_batch01,CEM1R02,2026-05-12T11:00:00Z,13 40 08.3,205.03458333333333,+16 53 43,16.89527777777778,137.8,21.7,2.41,273.4,Map/Offsets,https://cgi.minorplanetcenter.net/cgi-bin/confirmeph2.cgi
20260512T073107Z,2026-05-12T07:31:07.114632Z,20260512T073107Z_batch01,CEM1R02,2026-05-12T12:00:00Z,13 39 58.3,204.99291666666667,+16 53 51,16.8975,137.8,21.7,2.39,273.3,Map/Offsets,https://cgi.minorplanetcenter.net/cgi-bin/confirmeph2.cgi
20260512T073107Z,2026-05-12T07:31:07.114632Z,20260512T073107Z_batch01,CEM1R02,2026-05-12T13:00:00Z,13 39 48.3,204.95125,+16 54 00,16.9,137.7,21.8,2.37,273.3,Map/Offsets,https://cgi.minorplanetcenter.net/cgi-bin/confirmeph2.cgi
20260512T073107Z,2026-05-12T07:31:07.114632Z,20260512T073107Z_batch01,CEM1R02,2026-05-12T14:00:00Z,13 39 38.5,204.91041666666666,+16 54 08,16.90222222222222,137.7,21.8,2.36,273.2,Map/Offsets,https://cgi.minorplanetcenter.net/cgi-bin/confirmeph2.cgi
20260512T073107Z,2026-05-12T07:31:07.114632Z,20260512T073107Z_batch01,CEM1R02,2026-05-12T15:00:00Z,13 39 28.7,204.86958333333334,+16 54 15,16.904166666666665,137.6,21.8,2.34,273.2,Map/Offsets,https://cgi.minorplanetcenter.net/cgi-bin/confirmeph2.cgi
20260512T073107Z,2026-05-12T07:31:07.114632Z,20260512T073107Z_batch01,CEM1R02,2026-05-12T16:00:00Z,13 39 18.9,204.82875,+16 54 23,16.906388888888888,137.5,21.8,2.32,273.1,Map/Offsets,https://cgi.minorplanetcenter.net/cgi-bin/confirmeph2.cgi
20260512T073107Z,2026-05-12T07:31:07.114632Z,20260512T073107Z_batch01,CEM1R02,2026-05-12T17:00:00Z,13 39 09.3,204.78875000000002,+16 54 31,16.90861111111111,137.5,21.8,2.3,273.0,Map/Offsets,https://cgi.minorplanetcenter.net/cgi-bin/confirmeph2.cgi
20260512T073107Z,2026-05-12T07:31:07.114632Z,20260512T073107Z_batch01,CEM1R02,2026-05-12T18:00:00Z,13 38 59.7,204.74875,+16 54 38,16.910555555555554,137.4,21.8,2.29,273.0,Map/Offsets,https://cgi.minorplanetcenter.net/cgi-bin/confirmeph2.cgi
20260512T073107Z,2026-05-12T07:31:07.114632Z,20260512T073107Z_batch01,CEM1R02,2026-05-12T19:00:00Z,13 38 50.2,204.70916666666665,+16 54 45,16.912499999999998,137.4,21.8,2.27,272.9,Map/Offsets,https://cgi.minorplanetcenter.net/cgi-bin/confirmeph2.cgi
20260512T073107Z,2026-05-12T07:31:07.114632Z,20260512T073107Z_batch01,CEM1R02,2026-05-12T20:00:00Z,13 38 40.7,204.66958333333332,+16 54 52,16.91444444444444,137.3,21.8,2.25,272.9,Map/Offsets,https://cgi.minorplanetcenter.net/cgi-bin/confirmeph2.cgi
20260512T073107Z,2026-05-12T07:31:07.114632Z,20260512T073107Z_batch01,CEM1R02,2026-05-12T21:00:00Z,13 38 31.4,204.63083333333333,+16 54 58,16.91611111111111,137.3,21.8,2.24,272.8,Map/Offsets,https://cgi.minorplanetcenter.net/cgi-bin/confirmeph2.cgi
20260512T073107Z,2026-05-12T07:31:07.114632Z,20260512T073107Z_batch01,CEM1R02,2026-05-12T22:00:00Z,13 38 22.0,204.59166666666664,+16 55 05,16.918055555555558,137.2,21.8,2.22,272.8,Map/Offsets,https://cgi.minorplanetcenter.net/cgi-bin/confirmeph2.cgi
20260512T073107Z,2026-05-12T07:31:07.114632Z,20260512T073107Z_batch01,CEM1R02,2026-05-12T23:00:00Z,13 38 12.8,204.55333333333334,+16 55 11,16.919722222222223,137.2,21.8,2.21,272.7,Map/Offsets,https://cgi.minorplanetcenter.net/cgi-bin/confirmeph2.cgi
20260512T073107Z,2026-05-12T07:31:07.114632Z,20260512T073107Z_batch01,CEM1R02,2026-05-13T00:00:00Z,13 38 03.6,204.515,+16 55 18,16.921666666666667,137.1,21.9,2.19,272.7,Map/Offsets,https://cgi.minorplanetcenter.net/cgi-bin/confirmeph2.cgi
20260512T073107Z,2026-05-12T07:31:07.114632Z,20260512T073107Z_batch01,CEM1R02,2026-05-13T01:00:00Z,13 37 54.5,204.47708333333333,+16 55 24,16.923333333333336,137.1,21.9,2.17,272.6,Map/Offsets,https://cgi.minorplanetcenter.net/cgi-bin/confirmeph2.cgi
20260512T073107Z,2026-05-12T07:31:07.114632Z,20260512T073107Z_batch01,CEM1R02,2026-05-13T02:00:00Z,13 37 45.4,204.43916666666667,+16 55 29,16.924722222222222,137.0,21.9,2.16,272.6,Map/Offsets,https://cgi.minorplanetcenter.net/cgi-bin/confirmeph2.cgi
20260512T073107Z,2026-05-12T07:31:07.114632Z,20260512T073107Z_batch01,CEM1R02,2026-05-13T03:00:00Z,13 37 36.5,204.40208333333334,+16 55 35,16.92638888888889,136.9,21.9,2.14,272.5,Map/Offsets,https://cgi.minorplanetcenter.net/cgi-bin/confirmeph2.cgi
20260512T073107Z,2026-05-12T07:31:07.114632Z,20260512T073107Z_batch01,CEM1R02,2026-05-13T04:00:00Z,13 37 27.5,204.36458333333334,+16 55 41,16.928055555555556,136.9,21.9,2.13,272.4,Map/Offsets,https://cgi.minorplanetcenter.net/cgi-bin/confirmeph2.cgi
20260512T073107Z,2026-05-12T07:31:07.114632Z,20260512T073107Z_batch01,CEM1R02,2026-05-13T05:00:00Z,13 37 18.7,204.32791666666668,+16 55 46,16.929444444444446,136.8,21.9,2.11,272.4,Map/Offsets,https://cgi.minorplanetcenter.net/cgi-bin/confirmeph2.cgi
20260512T073107Z,2026-05-12T07:31:07.114632Z,20260512T073107Z_batch01,CEM1R02,2026-05-13T06:00:00Z,13 37 09.9,204.29125000000002,+16 55 51,16.930833333333336,136.8,21.9,2.1,272.3,Map/Offsets,https://cgi.minorplanetcenter.net/cgi-bin/confirmeph2.cgi
20260512T073107Z,2026-05-12T07:31:07.114632Z,20260512T073107Z_batch01,ST26E39,2026-05-12T06:00:00Z,13 11 26.5,197.86041666666668,-17 33 07,-17.551944444444445,150.6,19.4,26.67,232.3,Map/Offsets,https://cgi.minorplanetcenter.net/cgi-bin/confirmeph2.cgi
20260512T073107Z,2026-05-12T07:31:07.114632Z,20260512T073107Z_batch01,ST26E39,2026-05-12T07:00:00Z,13 09 57.7,197.49041666666668,-17 49 25,-17.82361111111111,150.3,19.4,26.73,232.4,Map/Offsets,https://cgi.minorplanetcenter.net/cgi-bin/confirmeph2.cgi
20260512T073107Z,2026-05-12T07:31:07.114632Z,20260512T073107Z_batch01,ST26E39,2026-05-12T08:00:00Z,13 08 28.5,197.11874999999998,-18 05 43,-18.095277777777778,149.9,19.4,26.79,232.5,Map/Offsets,https://cgi.minorplanetcenter.net/cgi-bin/confirmeph2.cgi
20260512T073107Z,2026-05-12T07:31:07.114632Z,20260512T073107Z_batch01,ST26E39,2026-05-12T09:00:00Z,13 06 58.7,196.74458333333334,-18 22 01,-18.366944444444446,149.5,19.4,26.85,232.7,Map/Offsets,https://cgi.minorplanetcenter.net/cgi-bin/confirmeph2.cgi
20260512T073107Z,2026-05-12T07:31:07.114632Z,20260512T073107Z_batch01,ST26E39,2026-05-12T10:00:00Z,13 05 28.5,196.36875,-18 38 18,-18.638333333333332,149.2,19.4,26.91,232.8,Map/Offsets,https://cgi.minorplanetcenter.net/cgi-bin/confirmeph2.cgi
20260512T073107Z,2026-05-12T07:31:07.114632Z,20260512T073107Z_batch01,ST26E39,2026-05-12T11:00:00Z,13 03 57.8,195.99083333333334,-18 54 34,-18.909444444444443,148.8,19.4,26.96,232.9,Map/Offsets,https://cgi.minorplanetcenter.net/cgi-bin/confirmeph2.cgi
20260512T073107Z,2026-05-12T07:31:07.114632Z,20260512T073107Z_batch01,ST26E39,2026-05-12T12:00:00Z,13 02 26.7,195.61124999999998,-19 10 50,-19.180555555555557,148.4,19.4,27.01,233.0,Map/Offsets,https://cgi.minorplanetcenter.net/cgi-bin/confirmeph2.cgi
20260512T073107Z,2026-05-12T07:31:07.114632Z,20260512T073107Z_batch01,ST26E39,2026-05-12T13:00:00Z,13 00 55.1,195.22958333333332,-19 27 04,-19.45111111111111,148.0,19.4,27.06,233.1,Map/Offsets,https://cgi.minorplanetcenter.net/cgi-bin/confirmeph2.cgi
20260512T073107Z,2026-05-12T07:31:07.114632Z,20260512T073107Z_batch01,ST26E39,2026-05-12T14:00:00Z,12 59 23.0,194.84583333333333,-19 43 17,-19.72138888888889,147.6,19.5,27.1,233.3,Map/Offsets,https://cgi.minorplanetcenter.net/cgi-bin/confirmeph2.cgi
20260512T073107Z,2026-05-12T07:31:07.114632Z,20260512T073107Z_batch01,ST26E39,2026-05-12T15:00:00Z,12 57 50.5,194.46041666666667,-19 59 29,-19.99138888888889,147.3,19.5,27.14,233.4,Map/Offsets,https://cgi.minorplanetcenter.net/cgi-bin/confirmeph2.cgi
20260512T073107Z,2026-05-12T07:31:07.114632Z,20260512T073107Z_batch01,ST26E39,2026-05-12T16:00:00Z,12 56 17.6,194.07333333333332,-20 15 39,-20.260833333333334,146.9,19.5,27.17,233.5,Map/Offsets,https://cgi.minorplanetcenter.net/cgi-bin/confirmeph2.cgi
20260512T073107Z,2026-05-12T07:31:07.114632Z,20260512T073107Z_batch01,ST26E39,2026-05-12T17:00:00Z,12 54 44.2,193.68416666666667,-20 31 47,-20.529722222222222,146.5,19.5,27.2,233.7,Map/Offsets,https://cgi.minorplanetcenter.net/cgi-bin/confirmeph2.cgi
20260512T073107Z,2026-05-12T07:31:07.114632Z,20260512T073107Z_batch01,ST26E39,2026-05-12T18:00:00Z,12 53 10.4,193.29333333333332,-20 47 54,-20.798333333333336,146.1,19.5,27.23,233.8,Map/Offsets,https://cgi.minorplanetcenter.net/cgi-bin/confirmeph2.cgi
20260512T073107Z,2026-05-12T07:31:07.114632Z,20260512T073107Z_batch01,ST26E39,2026-05-12T19:00:00Z,12 51 36.2,192.9008333333333,-21 03 58,-21.066111111111113,145.7,19.5,27.26,233.9,Map/Offsets,https://cgi.minorplanetcenter.net/cgi-bin/confirmeph2.cgi
20260512T073107Z,2026-05-12T07:31:07.114632Z,20260512T073107Z_batch01,ST26E39,2026-05-12T20:00:00Z,12 50 01.5,192.50625,-21 20 00,-21.333333333333332,145.3,19.5,27.28,234.1,Map/Offsets,https://cgi.minorplanetcenter.net/cgi-bin/confirmeph2.cgi
20260512T073107Z,2026-05-12T07:31:07.114632Z,20260512T073107Z_batch01,ST26E39,2026-05-12T21:00:00Z,12 48 26.5,192.11041666666668,-21 35 59,-21.599722222222223,144.9,19.5,27.3,234.2,Map/Offsets,https://cgi.minorplanetcenter.net/cgi-bin/confirmeph2.cgi
20260512T073107Z,2026-05-12T07:31:07.114632Z,20260512T073107Z_batch01,ST26E39,2026-05-12T22:00:00Z,12 46 51.0,191.7125,-21 51 55,-21.86527777777778,144.5,19.5,27.32,234.4,Map/Offsets,https://cgi.minorplanetcenter.net/cgi-bin/confirmeph2.cgi
20260512T073107Z,2026-05-12T07:31:07.114632Z,20260512T073107Z_batch01,ST26E39,2026-05-12T23:00:00Z,12 45 15.1,191.31291666666667,-22 07 49,-22.130277777777778,144.1,19.5,27.33,234.5,Map/Offsets,https://cgi.minorplanetcenter.net/cgi-bin/confirmeph2.cgi
20260512T073107Z,2026-05-12T07:31:07.114632Z,20260512T073107Z_batch01,ST26E39,2026-05-13T00:00:00Z,12 43 38.9,190.91208333333333,-22 23 39,-22.394166666666667,143.7,19.5,27.34,234.7,Map/Offsets,https://cgi.minorplanetcenter.net/cgi-bin/confirmeph2.cgi
20260512T073107Z,2026-05-12T07:31:07.114632Z,20260512T073107Z_batch01,ST26E39,2026-05-13T01:00:00Z,12 42 02.2,190.50916666666666,-22 39 27,-22.6575,143.3,19.6,27.34,234.8,Map/Offsets,https://cgi.minorplanetcenter.net/cgi-bin/confirmeph2.cgi
20260512T073107Z,2026-05-12T07:31:07.114632Z,20260512T073107Z_batch01,ST26E39,2026-05-13T02:00:00Z,12 40 25.2,190.105,-22 55 10,-22.919444444444444,142.9,19.6,27.34,235.0,Map/Offsets,https://cgi.minorplanetcenter.net/cgi-bin/confirmeph2.cgi
20260512T073107Z,2026-05-12T07:31:07.114632Z,20260512T073107Z_batch01,ST26E39,2026-05-13T03:00:00Z,12 38 47.8,189.69916666666668,-23 10 50,-23.180555555555557,142.5,19.6,27.34,235.1,Map/Offsets,https://cgi.minorplanetcenter.net/cgi-bin/confirmeph2.cgi
20260512T073107Z,2026-05-12T07:31:07.114632Z,20260512T073107Z_batch01,ST26E39,2026-05-13T04:00:00Z,12 37 10.0,189.29166666666669,-23 26 27,-23.440833333333334,142.1,19.6,27.33,235.3,Map/Offsets,https://cgi.minorplanetcenter.net/cgi-bin/confirmeph2.cgi
20260512T073107Z,2026-05-12T07:31:07.114632Z,20260512T073107Z_batch01,ST26E39,2026-05-13T05:00:00Z,12 35 31.9,188.8829166666667,-23 41 59,-23.699722222222224,141.7,19.6,27.32,235.4,Map/Offsets,https://cgi.minorplanetcenter.net/cgi-bin/confirmeph2.cgi
20260512T073107Z,2026-05-12T07:31:07.114632Z,20260512T073107Z_batch01,ST26E39,2026-05-13T06:00:00Z,12 33 53.4,188.47250000000003,-23 57 27,-23.9575,141.2,19.6,27.31,235.6,Map/Offsets,https://cgi.minorplanetcenter.net/cgi-bin/confirmeph2.cgi
20260512T073107Z,2026-05-12T07:31:07.114632Z,20260512T073107Z_batch01,6EB3121,2026-05-12T06:00:00Z,10 16 51.2,154.21333333333337,-07 37 16,-7.621111111111111,107.0,20.0,12.14,170.6,Map/Offsets,https://cgi.minorplanetcenter.net/cgi-bin/confirmeph2.cgi
20260512T073107Z,2026-05-12T07:31:07.114632Z,20260512T073107Z_batch01,6EB3121,2026-05-12T07:00:00Z,10 16 59.2,154.24666666666667,-07 49 16,-7.821111111111111,107.1,20.0,12.17,170.6,Map/Offsets,https://cgi.minorplanetcenter.net/cgi-bin/confirmeph2.cgi
20260512T073107Z,2026-05-12T07:31:07.114632Z,20260512T073107Z_batch01,6EB3121,2026-05-12T08:00:00Z,10 17 07.2,154.28,-08 01 17,-8.02138888888889,107.1,20.0,12.2,170.6,Map/Offsets,https://cgi.minorplanetcenter.net/cgi-bin/confirmeph2.cgi
20260512T073107Z,2026-05-12T07:31:07.114632Z,20260512T073107Z_batch01,6EB3121,2026-05-12T09:00:00Z,10 17 15.3,154.31375,-08 13 20,-8.222222222222223,107.2,20.0,12.23,170.6,Map/Offsets,https://cgi.minorplanetcenter.net/cgi-bin/confirmeph2.cgi
20260512T073107Z,2026-05-12T07:31:07.114632Z,20260512T073107Z_batch01,6EB3121,2026-05-12T10:00:00Z,10 17 23.4,154.34750000000003,-08 25 25,-8.42361111111111,107.2,20.0,12.27,170.6,Map/Offsets,https://cgi.minorplanetcenter.net/cgi-bin/confirmeph2.cgi
20260512T073107Z,2026-05-12T07:31:07.114632Z,20260512T073107Z_batch01,6EB3121,2026-05-12T11:00:00Z,10 17 31.5,154.38125,-08 37 32,-8.625555555555556,107.3,20.0,12.3,170.6,Map/Offsets,https://cgi.minorplanetcenter.net/cgi-bin/confirmeph2.cgi
20260512T073107Z,2026-05-12T07:31:07.114632Z,20260512T073107Z_batch01,6EB3121,2026-05-12T12:00:00Z,10 17 39.7,154.4154166666667,-08 49 41,-8.828055555555554,107.3,20.0,12.33,170.6,Map/Offsets,https://cgi.minorplanetcenter.net/cgi-bin/confirmeph2.cgi
20260512T073107Z,2026-05-12T07:31:07.114632Z,20260512T073107Z_batch01,6EB3121,2026-05-12T13:00:00Z,10 17 47.9,154.44958333333335,-09 01 52,-9.031111111111112,107.4,20.0,12.36,170.5,Map/Offsets,https://cgi.minorplanetcenter.net/cgi-bin/confirmeph2.cgi
20260512T073107Z,2026-05-12T07:31:07.114632Z,20260512T073107Z_batch01,6EB3121,2026-05-12T14:00:00Z,10 17 56.1,154.48375000000001,-09 14 04,-9.234444444444444,107.4,20.0,12.39,170.5,Map/Offsets,https://cgi.minorplanetcenter.net/cgi-bin/confirmeph2.cgi
20260512T073107Z,2026-05-12T07:31:07.114632Z,20260512T073107Z_batch01,6EB3121,2026-05-12T15:00:00Z,10 18 04.4,154.51833333333332,-09 26 18,-9.438333333333334,107.5,20.0,12.42,170.5,Map/Offsets,https://cgi.minorplanetcenter.net/cgi-bin/confirmeph2.cgi
20260512T073107Z,2026-05-12T07:31:07.114632Z,20260512T073107Z_batch01,6EB3121,2026-05-12T16:00:00Z,10 18 12.7,154.55291666666668,-09 38 35,-9.643055555555556,107.5,19.9,12.45,170.5,Map/Offsets,https://cgi.minorplanetcenter.net/cgi-bin/confirmeph2.cgi
20260512T073107Z,2026-05-12T07:31:07.114632Z,20260512T073107Z_batch01,6EB3121,2026-05-12T17:00:00Z,10 18 21.0,154.5875,-09 50 52,-9.847777777777779,107.6,19.9,12.48,170.5,Map/Offsets,https://cgi.minorplanetcenter.net/cgi-bin/confirmeph2.cgi
20260512T073107Z,2026-05-12T07:31:07.114632Z,20260512T073107Z_batch01,6EB3121,2026-05-12T18:00:00Z,10 18 29.4,154.6225,-10 03 12,-10.053333333333335,107.6,19.9,12.51,170.5,Map/Offsets,https://cgi.minorplanetcenter.net/cgi-bin/confirmeph2.cgi
20260512T073107Z,2026-05-12T07:31:07.114632Z,20260512T073107Z_batch01,6EB3121,2026-05-12T19:00:00Z,10 18 37.8,154.65750000000003,-10 15 33,-10.259166666666667,107.7,19.9,12.54,170.5,Map/Offsets,https://cgi.minorplanetcenter.net/cgi-bin/confirmeph2.cgi
20260512T073107Z,2026-05-12T07:31:07.114632Z,20260512T073107Z_batch01,6EB3121,2026-05-12T20:00:00Z,10 18 46.3,154.69291666666666,-10 27 56,-10.465555555555556,107.7,19.9,12.57,170.5,Map/Offsets,https://cgi.minorplanetcenter.net/cgi-bin/confirmeph2.cgi
20260512T073107Z,2026-05-12T07:31:07.114632Z,20260512T073107Z_batch01,6EB3121,2026-05-12T21:00:00Z,10 18 54.8,154.72833333333335,-10 40 21,-10.6725,107.8,19.9,12.6,170.4,Map/Offsets,https://cgi.minorplanetcenter.net/cgi-bin/confirmeph2.cgi
20260512T073107Z,2026-05-12T07:31:07.114632Z,20260512T073107Z_batch01,6EB3121,2026-05-12T22:00:00Z,10 19 03.3,154.76375,-10 52 48,-10.88,107.8,19.9,12.63,170.4,Map/Offsets,https://cgi.minorplanetcenter.net/cgi-bin/confirmeph2.cgi
20260512T073107Z,2026-05-12T07:31:07.114632Z,20260512T073107Z_batch01,6EB3121,2026-05-12T23:00:00Z,10 19 11.9,154.79958333333335,-11 05 16,-11.087777777777779,107.9,19.9,12.66,170.4,Map/Offsets,https://cgi.minorplanetcenter.net/cgi-bin/confirmeph2.cgi
20260512T073107Z,2026-05-12T07:31:07.114632Z,20260512T073107Z_batch01,6EB3121,2026-05-13T00:00:00Z,10 19 20.5,154.83541666666665,-11 17 46,-11.296111111111111,107.9,19.9,12.69,170.4,Map/Offsets,https://cgi.minorplanetcenter.net/cgi-bin/confirmeph2.cgi
20260512T073107Z,2026-05-12T07:31:07.114632Z,20260512T073107Z_batch01,6EB3121,2026-05-13T01:00:00Z,10 19 29.1,154.87125,-11 30 17,-11.504722222222222,108.0,19.9,12.72,170.4,Map/Offsets,https://cgi.minorplanetcenter.net/cgi-bin/confirmeph2.cgi
20260512T073107Z,2026-05-12T07:31:07.114632Z,20260512T073107Z_batch01,6EB3121,2026-05-13T02:00:00Z,10 19 37.8,154.9075,-11 42 51,-11.714166666666666,108.0,19.9,12.75,170.4,Map/Offsets,https://cgi.minorplanetcenter.net/cgi-bin/confirmeph2.cgi
20260512T073107Z,2026-05-12T07:31:07.114632Z,20260512T073107Z_batch01,6EB3121,2026-05-13T03:00:00Z,10 19 46.6,154.94416666666666,-11 55 26,-11.923888888888888,108.1,19.9,12.78,170.4,Map/Offsets,https://cgi.minorplanetcenter.net/cgi-bin/confirmeph2.cgi
20260512T073107Z,2026-05-12T07:31:07.114632Z,20260512T073107Z_batch01,6EB3121,2026-05-13T04:00:00Z,10 19 55.3,154.98041666666668,-12 08 02,-12.133888888888889,108.1,19.9,12.8,170.4,Map/Offsets,https://cgi.minorplanetcenter.net/cgi-bin/confirmeph2.cgi
20260512T073107Z,2026-05-12T07:31:07.114632Z,20260512T073107Z_batch01,6EB3121,2026-05-13T05:00:00Z,10 20 04.1,155.01708333333335,-12 20 40,-12.344444444444445,108.2,19.9,12.83,170.3,Map/Offsets,https://cgi.minorplanetcenter.net/cgi-bin/confirmeph2.cgi
20260512T073107Z,2026-05-12T07:31:07.114632Z,20260512T073107Z_batch01,6EB3121,2026-05-13T06:00:00Z,10 20 13.0,155.05416666666667,-12 33 20,-12.555555555555557,108.3,19.9,12.86,170.3,Map/Offsets,https://cgi.minorplanetcenter.net/cgi-bin/confirmeph2.cgi
20260512T073107Z,2026-05-12T07:31:07.114632Z,20260512T073107Z_batch01,SO0005e,2026-05-12T06:00:00Z,20 08 23.8,302.0991666666667,-31 33 23,-31.55638888888889,113.2,19.1,250.1,67.9,Map/Offsets   !!,https://cgi.minorplanetcenter.net/cgi-bin/confirmeph2.cgi
20260512T073107Z,2026-05-12T07:31:07.114632Z,20260512T073107Z_batch01,SO0005e,2026-05-12T07:00:00Z,20 25 27.0,306.3625,-29 59 21,-29.989166666666666,109.4,19.3,228.1,65.8,Map/Offsets   !!,https://cgi.minorplanetcenter.net/cgi-bin/confirmeph2.cgi
20260512T073107Z,2026-05-12T07:31:07.114632Z,20260512T073107Z_batch01,SO0005e,2026-05-12T08:00:00Z,20 40 29.3,310.12208333333336,-28 26 50,-28.447222222222223,105.9,19.5,207.2,63.9,Map/Offsets   !!,https://cgi.minorplanetcenter.net/cgi-bin/confirmeph2.cgi
20260512T073107Z,2026-05-12T07:31:07.114632Z,20260512T073107Z_batch01,SO0005e,2026-05-12T09:00:00Z,20 53 44.5,313.4354166666667,-26 57 42,-26.961666666666666,102.8,19.7,187.7,62.4,Map/Offsets   !!,https://cgi.minorplanetcenter.net/cgi-bin/confirmeph2.cgi
20260512T073107Z,2026-05-12T07:31:07.114632Z,20260512T073107Z_batch01,SO0005e,2026-05-12T10:00:00Z,21 05 26.1,316.35875,-25 33 06,-25.551666666666666,99.9,19.9,169.8,61.1,Map/Offsets   !!,https://cgi.minorplanetcenter.net/cgi-bin/confirmeph2.cgi
20260512T073107Z,2026-05-12T07:31:07.114632Z,20260512T073107Z_batch01,SO0005e,2026-05-12T11:00:00Z,21 15 46.7,318.9445833333333,-24 13 36,-24.226666666666667,97.3,20.1,153.7,60.0,Map/Offsets   !!,https://cgi.minorplanetcenter.net/cgi-bin/confirmeph2.cgi
20260512T073107Z,2026-05-12T07:31:07.114632Z,20260512T073107Z_batch01,SO0005e,2026-05-12T12:00:00Z,21 24 57.3,321.23875,-22 59 24,-22.990000000000002,95.0,20.3,139.2,59.1,Map/Offsets   !!,https://cgi.minorplanetcenter.net/cgi-bin/confirmeph2.cgi
20260512T073107Z,2026-05-12T07:31:07.114632Z,20260512T073107Z_batch01,SO0005e,2026-05-12T13:00:00Z,21 33 07.7,323.2820833333334,-21 50 27,-21.840833333333332,92.9,20.5,126.3,58.3,Map/Offsets   !!,https://cgi.minorplanetcenter.net/cgi-bin/confirmeph2.cgi
20260512T073107Z,2026-05-12T07:31:07.114632Z,20260512T073107Z_batch01,SO0005e,2026-05-12T14:00:00Z,21 40 26.2,325.1091666666667,-20 46 32,-20.775555555555556,91.0,20.7,114.8,57.6,Map/Offsets   !!,https://cgi.minorplanetcenter.net/cgi-bin/confirmeph2.cgi
20260512T073107Z,2026-05-12T07:31:07.114632Z,20260512T073107Z_batch01,SO0005e,2026-05-12T15:00:00Z,21 46 59.9,326.7495833333333,-19 47 23,-19.789722222222224,89.2,20.8,104.6,57.1,Map/Offsets   !!,https://cgi.minorplanetcenter.net/cgi-bin/confirmeph2.cgi
20260512T073107Z,2026-05-12T07:31:07.114632Z,20260512T073107Z_batch01,SO0005e,2026-05-12T16:00:00Z,21 52 54.7,328.22791666666666,-18 52 39,-18.8775,87.7,21.0,95.55,56.6,Map/Offsets   !!,https://cgi.minorplanetcenter.net/cgi-bin/confirmeph2.cgi
20260512T073107Z,2026-05-12T07:31:07.114632Z,20260512T073107Z_batch01,SO0005e,2026-05-12T17:00:00Z,21 58 15.7,329.5654166666667,-18 02 00,-18.033333333333335,86.2,21.2,87.47,56.2,Map/Offsets   !!,https://cgi.minorplanetcenter.net/cgi-bin/confirmeph2.cgi
20260512T073107Z,2026-05-12T07:31:07.114632Z,20260512T073107Z_batch01,SO0005e,2026-05-12T18:00:00Z,22 03 07.2,330.78,-17 15 06,-17.251666666666665,84.9,21.3,80.28,55.8,Map/Offsets   !!,https://cgi.minorplanetcenter.net/cgi-bin/confirmeph2.cgi
20260512T073107Z,2026-05-12T07:31:07.114632Z,20260512T073107Z_batch01,SO0005e,2026-05-12T19:00:00Z,22 07 32.9,331.88708333333335,-16 31 38,-16.52722222222222,83.7,21.5,73.86,55.5,Map/Offsets   !!,https://cgi.minorplanetcenter.net/cgi-bin/confirmeph2.cgi
20260512T073107Z,2026-05-12T07:31:07.114632Z,20260512T073107Z_batch01,SO0005e,2026-05-12T20:00:00Z,22 11 35.9,332.89958333333334,-15 51 16,-15.854444444444445,82.6,21.6,68.12,55.2,Map/Offsets   !!,https://cgi.minorplanetcenter.net/cgi-bin/confirmeph2.cgi
20260512T073107Z,2026-05-12T07:31:07.114632Z,20260512T073107Z_batch01,SO0005e,2026-05-12T21:00:00Z,22 15 18.8,333.8283333333333,-15 13 45,-15.229166666666666,81.5,21.7,62.98,54.9,Map/Offsets   !!,https://cgi.minorplanetcenter.net/cgi-bin/confirmeph2.cgi
20260512T073107Z,2026-05-12T07:31:07.114632Z,20260512T073107Z_batch01,SO0005e,2026-05-12T22:00:00Z,22 18 44.0,334.68333333333334,-14 38 49,-14.646944444444443,80.6,21.9,58.36,54.7,Map/Offsets   !!,https://cgi.minorplanetcenter.net/cgi-bin/confirmeph2.cgi
20260512T073107Z,2026-05-12T07:31:07.114632Z,20260512T073107Z_batch01,SO0005e,2026-05-12T23:00:00Z,22 21 53.3,335.47208333333333,-14 06 15,-14.104166666666666,79.7,22.0,54.2,54.5,Map/Offsets   !!,https://cgi.minorplanetcenter.net/cgi-bin/confirmeph2.cgi
20260512T073107Z,2026-05-12T07:31:07.114632Z,20260512T073107Z_batch01,SO0005e,2026-05-13T00:00:00Z,22 24 48.5,336.20208333333335,-13 35 50,-13.597222222222223,78.9,22.1,50.45,54.3,Map/Offsets   !!,https://cgi.minorplanetcenter.net/cgi-bin/confirmeph2.cgi
20260512T073107Z,2026-05-12T07:31:07.114632Z,20260512T073107Z_batch01,SO0005e,2026-05-13T01:00:00Z,22 27 31.1,336.8795833333333,-13 07 23,-13.123055555555556,78.2,22.2,47.05,54.2,Map/Offsets   !!,https://cgi.minorplanetcenter.net/cgi-bin/confirmeph2.cgi
20260512T073107Z,2026-05-12T07:31:07.114632Z,20260512T073107Z_batch01,SO0005e,2026-05-13T02:00:00Z,22 30 02.3,337.50958333333335,-12 40 43,-12.67861111111111,77.5,22.3,43.97,54.0,Map/Offsets   !!,https://cgi.minorplanetcenter.net/cgi-bin/confirmeph2.cgi
20260512T073107Z,2026-05-12T07:31:07.114632Z,20260512T073107Z_batch01,SO0005e,2026-05-13T03:00:00Z,22 32 23.3,338.09708333333333,-12 15 42,-12.261666666666667,76.8,22.4,41.17,53.9,Map/Offsets   !!,https://cgi.minorplanetcenter.net/cgi-bin/confirmeph2.cgi
20260512T073107Z,2026-05-12T07:31:07.114632Z,20260512T073107Z_batch01,SO0005e,2026-05-13T04:00:00Z,22 34 35.0,338.6458333333333,-11 52 11,-11.869722222222222,76.2,22.5,38.62,53.8,Map/Offsets   !!,https://cgi.minorplanetcenter.net/cgi-bin/confirmeph2.cgi
20260512T073107Z,2026-05-12T07:31:07.114632Z,20260512T073107Z_batch01,SO0005e,2026-05-13T05:00:00Z,22 36 38.3,339.15958333333333,-11 30 03,-11.500833333333333,75.7,22.6,36.29,53.7,Map/Offsets   !!,https://cgi.minorplanetcenter.net/cgi-bin/confirmeph2.cgi
20260512T073107Z,2026-05-12T07:31:07.114632Z,20260512T073107Z_batch01,SO0005e,2026-05-13T06:00:00Z,22 38 34.0,339.64166666666665,-11 09 11,-11.153055555555556,75.1,22.7,34.15,53.6,Map/Offsets   !,https://cgi.minorplanetcenter.net/cgi-bin/confirmeph2.cgi
20260512T073107Z,2026-05-12T07:31:07.114632Z,20260512T073107Z_batch01,SO0005d,2026-05-12T06:00:00Z,17 14 26.7,258.61125000000004,-32 25 55,-32.43194444444444,149.6,18.3,82.18,79.5,Map/Offsets   !!,https://cgi.minorplanetcenter.net/cgi-bin/confirmeph2.cgi
20260512T073107Z,2026-05-12T07:31:07.114632Z,20260512T073107Z_batch01,SO0005d,2026-05-12T07:00:00Z,17 20 35.2,260.14666666666665,-32 10 52,-32.18111111111111,148.5,18.4,76.52,78.6,Map/Offsets   !!,https://cgi.minorplanetcenter.net/cgi-bin/confirmeph2.cgi
20260512T073107Z,2026-05-12T07:31:07.114632Z,20260512T073107Z_batch01,SO0005d,2026-05-12T08:00:00Z,17 26 16.7,261.5695833333333,-31 55 50,-31.930555555555557,147.4,18.5,71.35,77.9,Map/Offsets   !!,https://cgi.minorplanetcenter.net/cgi-bin/confirmeph2.cgi
20260512T073107Z,2026-05-12T07:31:07.114632Z,20260512T073107Z_batch01,SO0005d,2026-05-12T09:00:00Z,17 31 33.6,262.89,-31 40 58,-31.68277777777778,146.5,18.6,66.63,77.2,Map/Offsets   !!,https://cgi.minorplanetcenter.net/cgi-bin/confirmeph2.cgi
20260512T073107Z,2026-05-12T07:31:07.114632Z,20260512T073107Z_batch01,SO0005d,2026-05-12T10:00:00Z,17 36 28.2,264.1175,-31 26 20,-31.43888888888889,145.5,18.7,62.32,76.6,Map/Offsets   !!,https://cgi.minorplanetcenter.net/cgi-bin/confirmeph2.cgi
20260512T073107Z,2026-05-12T07:31:07.114632Z,20260512T073107Z_batch01,SO0005d,2026-05-12T11:00:00Z,17 41 02.5,265.2604166666667,-31 12 00,-31.2,144.7,18.8,58.37,76.0,Map/Offsets   !!,https://cgi.minorplanetcenter.net/cgi-bin/confirmeph2.cgi
20260512T073107Z,2026-05-12T07:31:07.114632Z,20260512T073107Z_batch01,SO0005d,2026-05-12T12:00:00Z,17 45 18.4,266.3266666666667,-30 58 01,-30.966944444444444,143.9,18.9,54.76,75.4,Map/Offsets   !!,https://cgi.minorplanetcenter.net/cgi-bin/confirmeph2.cgi
20260512T073107Z,2026-05-12T07:31:07.114632Z,20260512T073107Z_batch01,SO0005d,2026-05-12T13:00:00Z,17 49 17.4,267.3225,-30 44 25,-30.740277777777777,143.1,19.0,51.45,74.9,Map/Offsets   !!,https://cgi.minorplanetcenter.net/cgi-bin/confirmeph2.cgi
20260512T073107Z,2026-05-12T07:31:07.114632Z,20260512T073107Z_batch01,SO0005d,2026-05-12T14:00:00Z,17 53 01.1,268.25458333333336,-30 31 12,-30.52,142.4,19.1,48.41,74.4,Map/Offsets   !!,https://cgi.minorplanetcenter.net/cgi-bin/confirmeph2.cgi
20260512T073107Z,2026-05-12T07:31:07.114632Z,20260512T073107Z_batch01,SO0005d,2026-05-12T15:00:00Z,17 56 30.8,269.12833333333333,-30 18 24,-30.30666666666667,141.8,19.2,45.61,74.0,Map/Offsets   !!,https://cgi.minorplanetcenter.net/cgi-bin/confirmeph2.cgi
20260512T073107Z,2026-05-12T07:31:07.114632Z,20260512T073107Z_batch01,SO0005d,2026-05-12T16:00:00Z,17 59 47.7,269.94875,-30 06 01,-30.10027777777778,141.1,19.2,43.03,73.6,Map/Offsets   !!,https://cgi.minorplanetcenter.net/cgi-bin/confirmeph2.cgi
20260512T073107Z,2026-05-12T07:31:07.114632Z,20260512T073107Z_batch01,SO0005d,2026-05-12T17:00:00Z,18 02 52.8,270.72,-29 54 03,-29.90083333333333,140.5,19.3,40.65,73.2,Map/Offsets   !!,https://cgi.minorplanetcenter.net/cgi-bin/confirmeph2.cgi
20260512T073107Z,2026-05-12T07:31:07.114632Z,20260512T073107Z_batch01,SO0005d,2026-05-12T18:00:00Z,18 05 47.1,271.44625,-29 42 29,-29.708055555555553,140.0,19.4,38.45,72.8,Map/Offsets   !!,https://cgi.minorplanetcenter.net/cgi-bin/confirmeph2.cgi
20260512T073107Z,2026-05-12T07:31:07.114632Z,20260512T073107Z_batch01,SO0005d,2026-05-12T19:00:00Z,18 08 31.4,272.1308333333333,-29 31 19,-29.521944444444443,139.4,19.5,36.42,72.5,Map/Offsets   !,https://cgi.minorplanetcenter.net/cgi-bin/confirmeph2.cgi
20260512T073107Z,2026-05-12T07:31:07.114632Z,20260512T073107Z_batch01,SO0005d,2026-05-12T20:00:00Z,18 11 06.6,272.77750000000003,-29 20 32,-29.342222222222222,138.9,19.5,34.54,72.1,Map/Offsets   !,https://cgi.minorplanetcenter.net/cgi-bin/confirmeph2.cgi
20260512T073107Z,2026-05-12T07:31:07.114632Z,20260512T073107Z_batch01,SO0005d,2026-05-12T21:00:00Z,18 13 33.4,273.38916666666665,-29 10 08,-29.16888888888889,138.5,19.6,32.79,71.8,Map/Offsets   !,https://cgi.minorplanetcenter.net/cgi-bin/confirmeph2.cgi
20260512T073107Z,2026-05-12T07:31:07.114632Z,20260512T073107Z_batch01,SO0005d,2026-05-12T22:00:00Z,18 15 52.3,273.96791666666667,-29 00 06,-29.001666666666665,138.0,19.7,31.17,71.6,Map/Offsets   !,https://cgi.minorplanetcenter.net/cgi-bin/confirmeph2.cgi
20260512T073107Z,2026-05-12T07:31:07.114632Z,20260512T073107Z_batch01,SO0005d,2026-05-12T23:00:00Z,18 18 04.0,274.51666666666665,-28 50 25,-28.840277777777775,137.6,19.7,29.65,71.3,Map/Offsets   !,https://cgi.minorplanetcenter.net/cgi-bin/confirmeph2.cgi
20260512T073107Z,2026-05-12T07:31:07.114632Z,20260512T073107Z_batch01,SO0005d,2026-05-13T00:00:00Z,18 20 09.0,275.0375,-28 41 04,-28.684444444444445,137.2,19.8,28.25,71.0,Map/Offsets   !,https://cgi.minorplanetcenter.net/cgi-bin/confirmeph2.cgi
20260512T073107Z,2026-05-12T07:31:07.114632Z,20260512T073107Z_batch01,SO0005d,2026-05-13T01:00:00Z,18 22 07.7,275.53208333333333,-28 32 03,-28.534166666666668,136.8,19.9,26.93,70.8,Map/Offsets   !,https://cgi.minorplanetcenter.net/cgi-bin/confirmeph2.cgi
20260512T073107Z,2026-05-12T07:31:07.114632Z,20260512T073107Z_batch01,SO0005d,2026-05-13T02:00:00Z,18 24 00.7,276.0029166666667,-28 23 21,-28.389166666666664,136.4,19.9,25.7,70.6,Map/Offsets   !,https://cgi.minorplanetcenter.net/cgi-bin/confirmeph2.cgi
20260512T073107Z,2026-05-12T07:31:07.114632Z,20260512T073107Z_batch01,SO0005d,2026-05-13T03:00:00Z,18 25 48.3,276.45125,-28 14 57,-28.249166666666667,136.1,20.0,24.55,70.4,Map/Offsets   !,https://cgi.minorplanetcenter.net/cgi-bin/confirmeph2.cgi
20260512T073107Z,2026-05-12T07:31:07.114632Z,20260512T073107Z_batch01,SO0005d,2026-05-13T04:00:00Z,18 27 30.8,276.87833333333333,-28 06 50,-28.11388888888889,135.8,20.0,23.48,70.2,Map/Offsets   !,https://cgi.minorplanetcenter.net/cgi-bin/confirmeph2.cgi
20260512T073107Z,2026-05-12T07:31:07.114632Z,20260512T073107Z_batch01,SO0005d,2026-05-13T05:00:00Z,18 29 08.7,277.28625,-27 59 00,-27.983333333333334,135.4,20.1,22.47,70.0,Map/Offsets   !,https://cgi.minorplanetcenter.net/cgi-bin/confirmeph2.cgi
20260512T073107Z,2026-05-12T07:31:07.114632Z,20260512T073107Z_batch01,SO0005d,2026-05-13T06:00:00Z,18 30 42.2,277.67583333333334,-27 51 26,-27.857222222222223,135.1,20.2,21.52,69.8,Map/Offsets   !,https://cgi.minorplanetcenter.net/cgi-bin/confirmeph2.cgi
20260512T073107Z,2026-05-12T07:31:07.114632Z,20260512T073107Z_batch01,SO0005c,2026-05-12T06:00:00Z,18 23 43.0,275.9291666666667,-34 15 22,-34.25611111111111,135.1,19.0,153.3,104.0,Map/Offsets   !!,https://cgi.minorplanetcenter.net/cgi-bin/confirmeph2.cgi
20260512T073107Z,2026-05-12T07:31:07.114632Z,20260512T073107Z_batch01,SO0005c,2026-05-12T07:00:00Z,18 35 31.5,278.88124999999997,-34 49 36,-34.82666666666667,132.7,19.2,146.4,102.4,Map/Offsets   !!,https://cgi.minorplanetcenter.net/cgi-bin/confirmeph2.cgi
20260512T073107Z,2026-05-12T07:31:07.114632Z,20260512T073107Z_batch01,SO0005c,2026-05-12T08:00:00Z,18 46 56.2,281.7341666666666,-35 18 14,-35.303888888888885,130.3,19.3,139.5,100.7,Map/Offsets   !!,https://cgi.minorplanetcenter.net/cgi-bin/confirmeph2.cgi
20260512T073107Z,2026-05-12T07:31:07.114632Z,20260512T073107Z_batch01,SO0005c,2026-05-12T09:00:00Z,18 57 55.0,284.4791666666667,-35 41 43,-35.695277777777775,128.1,19.4,132.7,99.1,Map/Offsets   !!,https://cgi.minorplanetcenter.net/cgi-bin/confirmeph2.cgi
20260512T073107Z,2026-05-12T07:31:07.114632Z,20260512T073107Z_batch01,SO0005c,2026-05-12T10:00:00Z,19 08 26.4,287.10999999999996,-36 00 31,-36.00861111111111,126.0,19.5,126.0,97.6,Map/Offsets   !!,https://cgi.minorplanetcenter.net/cgi-bin/confirmeph2.cgi
20260512T073107Z,2026-05-12T07:31:07.114632Z,20260512T073107Z_batch01,SO0005c,2026-05-12T11:00:00Z,19 18 29.6,289.62333333333333,-36 15 10,-36.25277777777778,124.0,19.6,119.4,96.1,Map/Offsets   !!,https://cgi.minorplanetcenter.net/cgi-bin/confirmeph2.cgi
20260512T073107Z,2026-05-12T07:31:07.114632Z,20260512T073107Z_batch01,SO0005c,2026-05-12T12:00:00Z,19 28 04.4,292.0183333333333,-36 26 06,-36.434999999999995,122.1,19.7,113.1,94.7,Map/Offsets   !!,https://cgi.minorplanetcenter.net/cgi-bin/confirmeph2.cgi
20260512T073107Z,2026-05-12T07:31:07.114632Z,20260512T073107Z_batch01,SO0005c,2026-05-12T13:00:00Z,19 37 10.8,294.295,-36 33 49,-36.56361111111111,120.3,19.9,107.1,93.3,Map/Offsets   !!,https://cgi.minorplanetcenter.net/cgi-bin/confirmeph2.cgi
20260512T073107Z,2026-05-12T07:31:07.114632Z,20260512T073107Z_batch01,SO0005c,2026-05-12T14:00:00Z,19 45 49.3,296.4554166666666,-36 38 42,-36.644999999999996,118.6,20.0,101.3,92.1,Map/Offsets   !!,https://cgi.minorplanetcenter.net/cgi-bin/confirmeph2.cgi
20260512T073107Z,2026-05-12T07:31:07.114632Z,20260512T073107Z_batch01,SO0005c,2026-05-12T15:00:00Z,19 54 00.5,298.5020833333333,-36 41 11,-36.686388888888885,117.0,20.1,95.83,90.8,Map/Offsets   !!,https://cgi.minorplanetcenter.net/cgi-bin/confirmeph2.cgi
20260512T073107Z,2026-05-12T07:31:07.114632Z,20260512T073107Z_batch01,SO0005c,2026-05-12T16:00:00Z,20 01 45.5,300.43958333333336,-36 41 35,-36.69305555555555,115.5,20.2,90.65,89.7,Map/Offsets   !!,https://cgi.minorplanetcenter.net/cgi-bin/confirmeph2.cgi
20260512T073107Z,2026-05-12T07:31:07.114632Z,20260512T073107Z_batch01,SO0005c,2026-05-12T17:00:00Z,20 09 05.3,302.27208333333334,-36 40 14,-36.67055555555555,114.1,20.3,85.76,88.6,Map/Offsets   !!,https://cgi.minorplanetcenter.net/cgi-bin/confirmeph2.cgi
20260512T073107Z,2026-05-12T07:31:07.114632Z,20260512T073107Z_batch01,SO0005c,2026-05-12T18:00:00Z,20 16 01.1,304.00458333333336,-36 37 25,-36.62361111111111,112.7,20.4,81.16,87.5,Map/Offsets   !!,https://cgi.minorplanetcenter.net/cgi-bin/confirmeph2.cgi
20260512T073107Z,2026-05-12T07:31:07.114632Z,20260512T073107Z_batch01,SO0005c,2026-05-12T19:00:00Z,20 22 34.0,305.64166666666665,-36 33 21,-36.55583333333333,111.5,20.5,76.84,86.6,Map/Offsets   !!,https://cgi.minorplanetcenter.net/cgi-bin/confirmeph2.cgi
20260512T073107Z,2026-05-12T07:31:07.114632Z,20260512T073107Z_batch01,SO0005c,2026-05-12T20:00:00Z,20 28 45.3,307.18874999999997,-36 28 17,-36.47138888888889,110.3,20.6,72.78,85.6,Map/Offsets   !!,https://cgi.minorplanetcenter.net/cgi-bin/confirmeph2.cgi
20260512T073107Z,2026-05-12T07:31:07.114632Z,20260512T073107Z_batch01,SO0005c,2026-05-12T21:00:00Z,20 34 36.3,308.65125,-36 22 22,-36.37277777777778,109.1,20.7,68.97,84.8,Map/Offsets   !!,https://cgi.minorplanetcenter.net/cgi-bin/confirmeph2.cgi
20260512T073107Z,2026-05-12T07:31:07.114632Z,20260512T073107Z_batch01,SO0005c,2026-05-12T22:00:00Z,20 40 08.2,310.0341666666667,-36 15 47,-36.26305555555555,108.0,20.8,65.4,84.0,Map/Offsets   !!,https://cgi.minorplanetcenter.net/cgi-bin/confirmeph2.cgi
20260512T073107Z,2026-05-12T07:31:07.114632Z,20260512T073107Z_batch01,SO0005c,2026-05-12T23:00:00Z,20 45 22.0,311.34166666666664,-36 08 39,-36.14416666666666,107.0,20.9,62.06,83.2,Map/Offsets   !!,https://cgi.minorplanetcenter.net/cgi-bin/confirmeph2.cgi
20260512T073107Z,2026-05-12T07:31:07.114632Z,20260512T073107Z_batch01,SO0005c,2026-05-13T00:00:00Z,20 50 19.0,312.57916666666665,-36 01 05,-36.018055555555556,106.0,20.9,58.94,82.5,Map/Offsets   !!,https://cgi.minorplanetcenter.net/cgi-bin/confirmeph2.cgi
20260512T073107Z,2026-05-12T07:31:07.114632Z,20260512T073107Z_batch01,SO0005c,2026-05-13T01:00:00Z,20 55 00.2,313.75083333333333,-35 53 13,-35.886944444444445,105.1,21.0,56.01,81.8,Map/Offsets   !!,https://cgi.minorplanetcenter.net/cgi-bin/confirmeph2.cgi
20260512T073107Z,2026-05-12T07:31:07.114632Z,20260512T073107Z_batch01,SO0005c,2026-05-13T02:00:00Z,20 59 26.7,314.86125000000004,-35 45 05,-35.75138888888889,104.3,21.1,53.26,81.1,Map/Offsets   !!,https://cgi.minorplanetcenter.net/cgi-bin/confirmeph2.cgi
20260512T073107Z,2026-05-12T07:31:07.114632Z,20260512T073107Z_batch01,SO0005c,2026-05-13T03:00:00Z,21 03 39.3,315.91375,-35 36 48,-35.61333333333334,103.4,21.2,50.69,80.5,Map/Offsets   !,https://cgi.minorplanetcenter.net/cgi-bin/confirmeph2.cgi
20260512T073107Z,2026-05-12T07:31:07.114632Z,20260512T073107Z_batch01,SO0005c,2026-05-13T04:00:00Z,21 07 38.9,316.9120833333334,-35 28 23,-35.473055555555554,102.6,21.3,48.28,79.9,Map/Offsets   !,https://cgi.minorplanetcenter.net/cgi-bin/confirmeph2.cgi
20260512T073107Z,2026-05-12T07:31:07.114632Z,20260512T073107Z_batch01,SO0005c,2026-05-13T05:00:00Z,21 11 26.5,317.8604166666667,-35 19 56,-35.33222222222223,101.9,21.3,46.02,79.4,Map/Offsets   !,https://cgi.minorplanetcenter.net/cgi-bin/confirmeph2.cgi
20260512T073107Z,2026-05-12T07:31:07.114632Z,20260512T073107Z_batch01,SO0005c,2026-05-13T06:00:00Z,21 15 02.7,318.76125,-35 11 27,-35.19083333333333,101.2,21.4,43.9,78.9,Map/Offsets   !,https://cgi.minorplanetcenter.net/cgi-bin/confirmeph2.cgi
20260512T073107Z,2026-05-12T07:31:07.114632Z,20260512T073107Z_batch01,SO0005b,2026-05-12T06:00:00Z,21 15 19.2,318.83,-23 48 56,-23.815555555555555,97.1,17.9,123.8,62.0,Map/Offsets   !!,https://cgi.minorplanetcenter.net/cgi-bin/confirmeph2.cgi
20260512T073107Z,2026-05-12T07:31:07.114632Z,20260512T073107Z_batch01,SO0005b,2026-05-12T07:00:00Z,21 22 51.3,320.71375,-22 52 54,-22.881666666666668,95.2,18.1,112.2,61.3,Map/Offsets   !!,https://cgi.minorplanetcenter.net/cgi-bin/confirmeph2.cgi
20260512T073107Z,2026-05-12T07:31:07.114632Z,20260512T073107Z_batch01,SO0005b,2026-05-12T08:00:00Z,21 29 36.1,322.40041666666673,-22 00 56,-22.015555555555554,93.5,18.2,102.0,60.6,Map/Offsets   !!,https://cgi.minorplanetcenter.net/cgi-bin/confirmeph2.cgi
20260512T073107Z,2026-05-12T07:31:07.114632Z,20260512T073107Z_batch01,SO0005b,2026-05-12T09:00:00Z,21 35 40.1,323.9170833333333,-21 12 45,-21.2125,92.0,18.4,92.91,60.1,Map/Offsets   !!,https://cgi.minorplanetcenter.net/cgi-bin/confirmeph2.cgi
20260512T073107Z,2026-05-12T07:31:07.114632Z,20260512T073107Z_batch01,SO0005b,2026-05-12T10:00:00Z,21 41 08.6,325.2858333333333,-20 28 05,-20.468055555555555,90.6,18.6,84.88,59.6,Map/Offsets   !!,https://cgi.minorplanetcenter.net/cgi-bin/confirmeph2.cgi
20260512T073107Z,2026-05-12T07:31:07.114632Z,20260512T073107Z_batch01,SO0005b,2026-05-12T11:00:00Z,21 46 06.4,326.52666666666664,-19 46 41,-19.778055555555554,89.3,18.7,77.76,59.1,Map/Offsets   !!,https://cgi.minorplanetcenter.net/cgi-bin/confirmeph2.cgi
20260512T073107Z,2026-05-12T07:31:07.114632Z,20260512T073107Z_batch01,SO0005b,2026-05-12T12:00:00Z,21 50 37.3,327.65541666666667,-19 08 15,-19.1375,88.1,18.8,71.43,58.8,Map/Offsets   !!,https://cgi.minorplanetcenter.net/cgi-bin/confirmeph2.cgi
20260512T073107Z,2026-05-12T07:31:07.114632Z,20260512T073107Z_batch01,SO0005b,2026-05-12T13:00:00Z,21 54 44.6,328.68583333333333,-18 32 32,-18.542222222222225,87.0,19.0,65.78,58.4,Map/Offsets   !!,https://cgi.minorplanetcenter.net/cgi-bin/confirmeph2.cgi
20260512T073107Z,2026-05-12T07:31:07.114632Z,20260512T073107Z_batch01,SO0005b,2026-05-12T14:00:00Z,21 58 31.2,329.63,-17 59 18,-17.988333333333333,86.0,19.1,60.74,58.1,Map/Offsets   !!,https://cgi.minorplanetcenter.net/cgi-bin/confirmeph2.cgi
20260512T073107Z,2026-05-12T07:31:07.114632Z,20260512T073107Z_batch01,SO0005b,2026-05-12T15:00:00Z,22 01 59.3,330.4970833333333,-17 28 20,-17.47222222222222,85.1,19.2,56.22,57.9,Map/Offsets   !!,https://cgi.minorplanetcenter.net/cgi-bin/confirmeph2.cgi
20260512T073107Z,2026-05-12T07:31:07.114632Z,20260512T073107Z_batch01,SO0005b,2026-05-12T16:00:00Z,22 05 11.1,331.29625,-16 59 27,-16.990833333333335,84.3,19.3,52.16,57.6,Map/Offsets   !!,https://cgi.minorplanetcenter.net/cgi-bin/confirmeph2.cgi
20260512T073107Z,2026-05-12T07:31:07.114632Z,20260512T073107Z_batch01,SO0005b,2026-05-12T17:00:00Z,22 08 08.4,332.03499999999997,-16 32 26,-16.540555555555557,83.5,19.5,48.51,57.4,Map/Offsets   !!,https://cgi.minorplanetcenter.net/cgi-bin/confirmeph2.cgi
20260512T073107Z,2026-05-12T07:31:07.114632Z,20260512T073107Z_batch01,SO0005b,2026-05-12T18:00:00Z,22 10 52.7,332.71958333333333,-16 07 10,-16.119444444444444,82.7,19.6,45.21,57.2,Map/Offsets   !!,https://cgi.minorplanetcenter.net/cgi-bin/confirmeph2.cgi
20260512T073107Z,2026-05-12T07:31:07.114632Z,20260512T073107Z_batch01,SO0005b,2026-05-12T19:00:00Z,22 13 25.4,333.3558333333333,-15 43 28,-15.724444444444444,82.1,19.7,42.22,57.1,Map/Offsets   !!,https://cgi.minorplanetcenter.net/cgi-bin/confirmeph2.cgi
20260512T073107Z,2026-05-12T07:31:07.114632Z,20260512T073107Z_batch01,SO0005b,2026-05-12T20:00:00Z,22 15 47.6,333.9483333333333,-15 21 13,-15.35361111111111,81.4,19.8,39.5,56.9,Map/Offsets   !!,https://cgi.minorplanetcenter.net/cgi-bin/confirmeph2.cgi
20260512T073107Z,2026-05-12T07:31:07.114632Z,20260512T073107Z_batch01,SO0005b,2026-05-12T21:00:00Z,22 18 00.2,334.50083333333333,-15 00 17,-15.004722222222222,80.9,19.9,37.03,56.8,Map/Offsets   !!,https://cgi.minorplanetcenter.net/cgi-bin/confirmeph2.cgi
20260512T073107Z,2026-05-12T07:31:07.114632Z,20260512T073107Z_batch01,SO0005b,2026-05-12T22:00:00Z,22 20 04.3,335.0179166666666,-14 40 35,-14.676388888888889,80.3,20.0,34.78,56.6,Map/Offsets   !!,https://cgi.minorplanetcenter.net/cgi-bin/confirmeph2.cgi
20260512T073107Z,2026-05-12T07:31:07.114632Z,20260512T073107Z_batch01,SO0005b,2026-05-12T23:00:00Z,22 22 00.7,335.5029166666667,-14 22 00,-14.366666666666667,79.8,20.1,32.72,56.5,Map/Offsets   !!,https://cgi.minorplanetcenter.net/cgi-bin/confirmeph2.cgi
20260512T073107Z,2026-05-12T07:31:07.114632Z,20260512T073107Z_batch01,SO0005b,2026-05-13T00:00:00Z,22 23 49.9,335.9579166666667,-14 04 26,-14.073888888888888,79.3,20.1,30.83,56.4,Map/Offsets   !!,https://cgi.minorplanetcenter.net/cgi-bin/confirmeph2.cgi
20260512T073107Z,2026-05-12T07:31:07.114632Z,20260512T073107Z_batch01,SO0005b,2026-05-13T01:00:00Z,22 25 32.6,336.3858333333333,-13 47 50,-13.797222222222222,78.9,20.2,29.1,56.3,Map/Offsets   !!,https://cgi.minorplanetcenter.net/cgi-bin/confirmeph2.cgi
20260512T073107Z,2026-05-12T07:31:07.114632Z,20260512T073107Z_batch01,SO0005b,2026-05-13T02:00:00Z,22 27 09.4,336.7891666666667,-13 32 07,-13.535277777777777,78.5,20.3,27.5,56.2,Map/Offsets   !,https://cgi.minorplanetcenter.net/cgi-bin/confirmeph2.cgi
20260512T073107Z,2026-05-12T07:31:07.114632Z,20260512T073107Z_batch01,SO0005b,2026-05-13T03:00:00Z,22 28 40.8,337.16999999999996,-13 17 13,-13.286944444444444,78.1,20.4,26.03,56.1,Map/Offsets   !,https://cgi.minorplanetcenter.net/cgi-bin/confirmeph2.cgi
20260512T073107Z,2026-05-12T07:31:07.114632Z,20260512T073107Z_batch01,SO0005b,2026-05-13T04:00:00Z,22 30 07.2,337.53,-13 03 04,-13.051111111111112,77.7,20.5,24.67,56.0,Map/Offsets   !,https://cgi.minorplanetcenter.net/cgi-bin/confirmeph2.cgi
20260512T073107Z,2026-05-12T07:31:07.114632Z,20260512T073107Z_batch01,SO0005b,2026-05-13T05:00:00Z,22 31 29.0,337.8708333333333,-12 49 37,-12.826944444444445,77.3,20.5,23.42,55.9,Map/Offsets   !,https://cgi.minorplanetcenter.net/cgi-bin/confirmeph2.cgi
20260512T073107Z,2026-05-12T07:31:07.114632Z,20260512T073107Z_batch01,SO0005b,2026-05-13T06:00:00Z,22 32 46.5,338.19375,-12 36 50,-12.613888888888889,77.0,20.6,22.25,55.9,Map/Offsets   !,https://cgi.minorplanetcenter.net/cgi-bin/confirmeph2.cgi
20260512T073107Z,2026-05-12T07:31:07.114632Z,20260512T073107Z_batch01,C469HY1,2026-05-12T06:00:00Z,17 44 20.4,266.08500000000004,+18 59 45,18.995833333333334,127.9,18.5,93.11,36.2,Map/Offsets   !,https://cgi.minorplanetcenter.net/cgi-bin/confirmeph2.cgi
20260512T073107Z,2026-05-12T07:31:07.114632Z,20260512T073107Z_batch01,C469HY1,2026-05-12T07:00:00Z,17 48 15.6,267.06500000000005,+20 14 59,20.249722222222225,126.4,18.5,93.69,36.5,Map/Offsets   !,https://cgi.minorplanetcenter.net/cgi-bin/confirmeph2.cgi
20260512T073107Z,2026-05-12T07:31:07.114632Z,20260512T073107Z_batch01,C469HY1,2026-05-12T08:00:00Z,17 52 15.9,268.06625,+21 30 18,21.505,124.8,18.5,94.13,36.9,Map/Offsets   !,https://cgi.minorplanetcenter.net/cgi-bin/confirmeph2.cgi
20260512T073107Z,2026-05-12T07:31:07.114632Z,20260512T073107Z_batch01,C469HY1,2026-05-12T09:00:00Z,17 56 21.3,269.08875,+22 45 33,22.759166666666665,123.3,18.6,94.44,37.3,Map/Offsets   !,https://cgi.minorplanetcenter.net/cgi-bin/confirmeph2.cgi
20260512T073107Z,2026-05-12T07:31:07.114632Z,20260512T073107Z_batch01,C469HY1,2026-05-12T10:00:00Z,18 00 31.9,270.1329166666667,+24 00 35,24.009722222222223,121.8,18.6,94.6,37.7,Map/Offsets   !,https://cgi.minorplanetcenter.net/cgi-bin/confirmeph2.cgi
20260512T073107Z,2026-05-12T07:31:07.114632Z,20260512T073107Z_batch01,C469HY1,2026-05-12T11:00:00Z,18 04 47.7,271.19874999999996,+25 15 15,25.254166666666666,120.3,18.7,94.62,38.1,Map/Offsets   !,https://cgi.minorplanetcenter.net/cgi-bin/confirmeph2.cgi
20260512T073107Z,2026-05-12T07:31:07.114632Z,20260512T073107Z_batch01,C469HY1,2026-05-12T12:00:00Z,18 09 08.5,272.2854166666666,+26 29 25,26.490277777777777,118.7,18.7,94.5,38.6,Map/Offsets   !,https://cgi.minorplanetcenter.net/cgi-bin/confirmeph2.cgi
20260512T073107Z,2026-05-12T07:31:07.114632Z,20260512T073107Z_batch01,C469HY1,2026-05-12T13:00:00Z,18 13 34.5,273.39374999999995,+27 42 56,27.715555555555554,117.2,18.8,94.24,39.1,Map/Offsets   !,https://cgi.minorplanetcenter.net/cgi-bin/confirmeph2.cgi
20260512T073107Z,2026-05-12T07:31:07.114632Z,20260512T073107Z_batch01,C469HY1,2026-05-12T14:00:00Z,18 18 05.5,274.5229166666667,+28 55 39,28.927500000000002,115.7,18.8,93.83,39.6,Map/Offsets   !,https://cgi.minorplanetcenter.net/cgi-bin/confirmeph2.cgi
20260512T073107Z,2026-05-12T07:31:07.114632Z,20260512T073107Z_batch01,C469HY1,2026-05-12T15:00:00Z,18 22 41.5,275.6729166666667,+30 07 25,30.12361111111111,114.1,18.9,93.29,40.2,Map/Offsets   !,https://cgi.minorplanetcenter.net/cgi-bin/confirmeph2.cgi
20260512T073107Z,2026-05-12T07:31:07.114632Z,20260512T073107Z_batch01,C469HY1,2026-05-12T16:00:00Z,18 27 22.4,276.84333333333336,+31 18 07,31.301944444444445,112.6,18.9,92.62,40.8,Map/Offsets   !,https://cgi.minorplanetcenter.net/cgi-bin/confirmeph2.cgi
20260512T073107Z,2026-05-12T07:31:07.114632Z,20260512T073107Z_batch01,C469HY1,2026-05-12T17:00:00Z,18 32 08.1,278.03375000000005,+32 27 37,32.46027777777778,111.1,19.0,91.82,41.4,Map/Offsets   !,https://cgi.minorplanetcenter.net/cgi-bin/confirmeph2.cgi
20260512T073107Z,2026-05-12T07:31:07.114632Z,20260512T073107Z_batch01,C469HY1,2026-05-12T18:00:00Z,18 36 58.4,279.24333333333334,+33 35 47,33.59638888888889,109.6,19.0,90.91,42.1,Map/Offsets   !,https://cgi.minorplanetcenter.net/cgi-bin/confirmeph2.cgi
20260512T073107Z,2026-05-12T07:31:07.114632Z,20260512T073107Z_batch01,C469HY1,2026-05-12T19:00:00Z,18 41 53.1,280.47125,+34 42 31,34.70861111111111,108.2,19.1,89.88,42.8,Map/Offsets   !,https://cgi.minorplanetcenter.net/cgi-bin/confirmeph2.cgi
20260512T073107Z,2026-05-12T07:31:07.114632Z,20260512T073107Z_batch01,C469HY1,2026-05-12T20:00:00Z,18 46 52.3,281.71791666666667,+35 47 43,35.79527777777778,106.7,19.1,88.75,43.5,Map/Offsets   !,https://cgi.minorplanetcenter.net/cgi-bin/confirmeph2.cgi
20260512T073107Z,2026-05-12T07:31:07.114632Z,20260512T073107Z_batch01,C469HY1,2026-05-12T21:00:00Z,18 51 55.5,282.98125000000005,+36 51 16,36.85444444444445,105.3,19.2,87.52,44.2,Map/Offsets   !,https://cgi.minorplanetcenter.net/cgi-bin/confirmeph2.cgi
20260512T073107Z,2026-05-12T07:31:07.114632Z,20260512T073107Z_batch01,C469HY1,2026-05-12T22:00:00Z,18 57 02.6,284.2608333333333,+37 53 07,37.88527777777778,103.9,19.3,86.21,45.0,Map/Offsets   !,https://cgi.minorplanetcenter.net/cgi-bin/confirmeph2.cgi
20260512T073107Z,2026-05-12T07:31:07.114632Z,20260512T073107Z_batch01,C469HY1,2026-05-12T23:00:00Z,19 02 13.5,285.55625000000003,+38 53 09,38.88583333333333,102.5,19.3,84.83,45.8,Map/Offsets   !,https://cgi.minorplanetcenter.net/cgi-bin/confirmeph2.cgi
20260512T073107Z,2026-05-12T07:31:07.114632Z,20260512T073107Z_batch01,C469HY1,2026-05-13T00:00:00Z,19 07 27.7,286.86541666666665,+39 51 20,39.855555555555554,101.1,19.4,83.37,46.6,Map/Offsets   !,https://cgi.minorplanetcenter.net/cgi-bin/confirmeph2.cgi
20260512T073107Z,2026-05-12T07:31:07.114632Z,20260512T073107Z_batch01,C469HY1,2026-05-13T01:00:00Z,19 12 45.1,288.18791666666664,+40 47 36,40.79333333333333,99.7,19.5,81.86,47.5,Map/Offsets   !,https://cgi.minorplanetcenter.net/cgi-bin/confirmeph2.cgi
20260512T073107Z,2026-05-12T07:31:07.114632Z,20260512T073107Z_batch01,C469HY1,2026-05-13T02:00:00Z,19 18 05.4,289.52250000000004,+41 41 55,41.698611111111106,98.4,19.5,80.3,48.4,Map/Offsets   !,https://cgi.minorplanetcenter.net/cgi-bin/confirmeph2.cgi
20260512T073107Z,2026-05-12T07:31:07.114632Z,20260512T073107Z_batch01,C469HY1,2026-05-13T03:00:00Z,19 23 28.2,290.8675,+42 34 16,42.571111111111115,97.1,19.6,78.69,49.3,Map/Offsets   !,https://cgi.minorplanetcenter.net/cgi-bin/confirmeph2.cgi
20260512T073107Z,2026-05-12T07:31:07.114632Z,20260512T073107Z_batch01,C469HY1,2026-05-13T04:00:00Z,19 28 53.2,292.22166666666664,+43 24 35,43.40972222222222,95.9,19.7,77.06,50.2,Map/Offsets   !,https://cgi.minorplanetcenter.net/cgi-bin/confirmeph2.cgi
20260512T073107Z,2026-05-12T07:31:07.114632Z,20260512T073107Z_batch01,C469HY1,2026-05-13T05:00:00Z,19 34 20.1,293.58375,+44 12 54,44.215,94.6,19.7,75.4,51.1,Map/Offsets   !,https://cgi.minorplanetcenter.net/cgi-bin/confirmeph2.cgi
20260512T073107Z,2026-05-12T07:31:07.114632Z,20260512T073107Z_batch01,C469HY1,2026-05-13T06:00:00Z,19 39 48.5,294.95208333333335,+44 59 11,44.98638888888889,93.4,19.8,73.72,52.1,Map/Offsets   !,https://cgi.minorplanetcenter.net/cgi-bin/confirmeph2.cgi
20260512T073107Z,2026-05-12T07:31:07.114632Z,20260512T073107Z_batch01,CELXZH2,2026-05-12T06:00:00Z,14 47 51.1,221.96291666666664,+24 02 57,24.049166666666668,137.4,22.7,0.74,290.9,Map/Offsets,https://cgi.minorplanetcenter.net/cgi-bin/confirmeph2.cgi
20260512T073107Z,2026-05-12T07:31:07.114632Z,20260512T073107Z_batch01,CELXZH2,2026-05-12T07:00:00Z,14 47 48.0,221.95,+24 03 13,24.053611111111113,137.4,22.7,0.74,290.8,Map/Offsets,https://cgi.minorplanetcenter.net/cgi-bin/confirmeph2.cgi
20260512T073107Z,2026-05-12T07:31:07.114632Z,20260512T073107Z_batch01,CELXZH2,2026-05-12T08:00:00Z,14 47 45.0,221.9375,+24 03 28,24.05777777777778,137.3,22.7,0.74,290.7,Map/Offsets,https://cgi.minorplanetcenter.net/cgi-bin/confirmeph2.cgi
20260512T073107Z,2026-05-12T07:31:07.114632Z,20260512T073107Z_batch01,CELXZH2,2026-05-12T09:00:00Z,14 47 41.9,221.92458333333335,+24 03 44,24.06222222222222,137.3,22.7,0.74,290.6,Map/Offsets,https://cgi.minorplanetcenter.net/cgi-bin/confirmeph2.cgi
20260512T073107Z,2026-05-12T07:31:07.114632Z,20260512T073107Z_batch01,CELXZH2,2026-05-12T10:00:00Z,14 47 38.9,221.91208333333333,+24 04 00,24.066666666666666,137.3,22.7,0.74,290.5,Map/Offsets,https://cgi.minorplanetcenter.net/cgi-bin/confirmeph2.cgi
20260512T073107Z,2026-05-12T07:31:07.114632Z,20260512T073107Z_batch01,CELXZH2,2026-05-12T11:00:00Z,14 47 35.9,221.89958333333334,+24 04 15,24.070833333333333,137.3,22.7,0.74,290.4,Map/Offsets,https://cgi.minorplanetcenter.net/cgi-bin/confirmeph2.cgi
20260512T073107Z,2026-05-12T07:31:07.114632Z,20260512T073107Z_batch01,CELXZH2,2026-05-12T12:00:00Z,14 47 32.8,221.88666666666666,+24 04 30,24.075,137.2,22.7,0.74,290.3,Map/Offsets,https://cgi.minorplanetcenter.net/cgi-bin/confirmeph2.cgi
20260512T073107Z,2026-05-12T07:31:07.114632Z,20260512T073107Z_batch01,CELXZH2,2026-05-12T13:00:00Z,14 47 29.8,221.87416666666667,+24 04 46,24.079444444444444,137.2,22.7,0.74,290.2,Map/Offsets,https://cgi.minorplanetcenter.net/cgi-bin/confirmeph2.cgi
20260512T073107Z,2026-05-12T07:31:07.114632Z,20260512T073107Z_batch01,CELXZH2,2026-05-12T14:00:00Z,14 47 26.8,221.86166666666668,+24 05 01,24.08361111111111,137.2,22.7,0.74,290.1,Map/Offsets,https://cgi.minorplanetcenter.net/cgi-bin/confirmeph2.cgi
20260512T073107Z,2026-05-12T07:31:07.114632Z,20260512T073107Z_batch01,CELXZH2,2026-05-12T15:00:00Z,14 47 23.7,221.84875,+24 05 16,24.087777777777777,137.2,22.7,0.74,289.9,Map/Offsets,https://cgi.minorplanetcenter.net/cgi-bin/confirmeph2.cgi
20260512T073107Z,2026-05-12T07:31:07.114632Z,20260512T073107Z_batch01,CELXZH2,2026-05-12T16:00:00Z,14 47 20.7,221.83625,+24 05 31,24.091944444444444,137.2,22.7,0.74,289.8,Map/Offsets,https://cgi.minorplanetcenter.net/cgi-bin/confirmeph2.cgi
20260512T073107Z,2026-05-12T07:31:07.114632Z,20260512T073107Z_batch01,CELXZH2,2026-05-12T17:00:00Z,14 47 17.7,221.82375,+24 05 46,24.09611111111111,137.1,22.7,0.73,289.7,Map/Offsets,https://cgi.minorplanetcenter.net/cgi-bin/confirmeph2.cgi
20260512T073107Z,2026-05-12T07:31:07.114632Z,20260512T073107Z_batch01,CELXZH2,2026-05-12T18:00:00Z,14 47 14.6,221.81083333333333,+24 06 01,24.10027777777778,137.1,22.7,0.73,289.6,Map/Offsets,https://cgi.minorplanetcenter.net/cgi-bin/confirmeph2.cgi
20260512T073107Z,2026-05-12T07:31:07.114632Z,20260512T073107Z_batch01,CELXZH2,2026-05-12T19:00:00Z,14 47 11.6,221.79833333333332,+24 06 16,24.104444444444447,137.1,22.7,0.73,289.5,Map/Offsets,https://cgi.minorplanetcenter.net/cgi-bin/confirmeph2.cgi
20260512T073107Z,2026-05-12T07:31:07.114632Z,20260512T073107Z_batch01,CELXZH2,2026-05-12T20:00:00Z,14 47 08.6,221.78583333333333,+24 06 30,24.108333333333334,137.1,22.7,0.73,289.4,Map/Offsets,https://cgi.minorplanetcenter.net/cgi-bin/confirmeph2.cgi
20260512T073107Z,2026-05-12T07:31:07.114632Z,20260512T073107Z_batch01,CELXZH2,2026-05-12T21:00:00Z,14 47 05.6,221.7733333333333,+24 06 45,24.1125,137.0,22.7,0.73,289.3,Map/Offsets,https://cgi.minorplanetcenter.net/cgi-bin/confirmeph2.cgi
20260512T073107Z,2026-05-12T07:31:07.114632Z,20260512T073107Z_batch01,CELXZH2,2026-05-12T22:00:00Z,14 47 02.5,221.76041666666669,+24 06 59,24.116388888888892,137.0,22.7,0.73,289.2,Map/Offsets,https://cgi.minorplanetcenter.net/cgi-bin/confirmeph2.cgi
20260512T073107Z,2026-05-12T07:31:07.114632Z,20260512T073107Z_batch01,CELXZH2,2026-05-12T23:00:00Z,14 46 59.5,221.7479166666667,+24 07 14,24.120555555555555,137.0,22.7,0.73,289.1,Map/Offsets,https://cgi.minorplanetcenter.net/cgi-bin/confirmeph2.cgi
20260512T073107Z,2026-05-12T07:31:07.114632Z,20260512T073107Z_batch01,CELXZH2,2026-05-13T00:00:00Z,14 46 56.5,221.73541666666668,+24 07 28,24.124444444444446,137.0,22.7,0.73,289.0,Map/Offsets,https://cgi.minorplanetcenter.net/cgi-bin/confirmeph2.cgi
20260512T073107Z,2026-05-12T07:31:07.114632Z,20260512T073107Z_batch01,CELXZH2,2026-05-13T01:00:00Z,14 46 53.5,221.7229166666667,+24 07 42,24.128333333333334,136.9,22.7,0.73,288.9,Map/Offsets,https://cgi.minorplanetcenter.net/cgi-bin/confirmeph2.cgi
20260512T073107Z,2026-05-12T07:31:07.114632Z,20260512T073107Z_batch01,CELXZH2,2026-05-13T02:00:00Z,14 46 50.4,221.71,+24 07 56,24.13222222222222,136.9,22.7,0.73,288.8,Map/Offsets,https://cgi.minorplanetcenter.net/cgi-bin/confirmeph2.cgi
20260512T073107Z,2026-05-12T07:31:07.114632Z,20260512T073107Z_batch01,CELXZH2,2026-05-13T03:00:00Z,14 46 47.4,221.69750000000002,+24 08 10,24.13611111111111,136.9,22.7,0.73,288.7,Map/Offsets,https://cgi.minorplanetcenter.net/cgi-bin/confirmeph2.cgi
20260512T073107Z,2026-05-12T07:31:07.114632Z,20260512T073107Z_batch01,CELXZH2,2026-05-13T04:00:00Z,14 46 44.4,221.68500000000003,+24 08 24,24.14,136.9,22.7,0.73,288.6,Map/Offsets,https://cgi.minorplanetcenter.net/cgi-bin/confirmeph2.cgi
20260512T073107Z,2026-05-12T07:31:07.114632Z,20260512T073107Z_batch01,CELXZH2,2026-05-13T05:00:00Z,14 46 41.4,221.6725,+24 08 38,24.14388888888889,136.9,22.7,0.73,288.5,Map/Offsets,https://cgi.minorplanetcenter.net/cgi-bin/confirmeph2.cgi
20260512T073107Z,2026-05-12T07:31:07.114632Z,20260512T073107Z_batch01,CELXZH2,2026-05-13T06:00:00Z,14 46 38.4,221.66000000000003,+24 08 52,24.147777777777776,136.8,22.7,0.72,288.4,Map/Offsets,https://cgi.minorplanetcenter.net/cgi-bin/confirmeph2.cgi
20260512T073107Z,2026-05-12T07:31:07.114632Z,20260512T073107Z_batch01,CELXRN2,2026-05-12T06:00:00Z,13 07 47.7,196.94875,+26 54 11,26.903055555555554,125.5,21.1,2.79,301.6,Map/Offsets,https://cgi.minorplanetcenter.net/cgi-bin/confirmeph2.cgi
20260512T073107Z,2026-05-12T07:31:07.114632Z,20260512T073107Z_batch01,CELXRN2,2026-05-12T07:00:00Z,13 07 37.1,196.90458333333333,+26 55 39,26.927500000000002,125.4,21.1,2.79,301.6,Map/Offsets,https://cgi.minorplanetcenter.net/cgi-bin/confirmeph2.cgi
20260512T073107Z,2026-05-12T07:31:07.114632Z,20260512T073107Z_batch01,CELXRN2,2026-05-12T08:00:00Z,13 07 26.4,196.86,+26 57 07,26.951944444444443,125.3,21.1,2.79,301.6,Map/Offsets,https://cgi.minorplanetcenter.net/cgi-bin/confirmeph2.cgi
20260512T073107Z,2026-05-12T07:31:07.114632Z,20260512T073107Z_batch01,CELXRN2,2026-05-12T09:00:00Z,13 07 15.7,196.81541666666666,+26 58 35,26.976388888888888,125.3,21.1,2.8,301.5,Map/Offsets,https://cgi.minorplanetcenter.net/cgi-bin/confirmeph2.cgi
20260512T073107Z,2026-05-12T07:31:07.114632Z,20260512T073107Z_batch01,CELXRN2,2026-05-12T10:00:00Z,13 07 05.0,196.77083333333334,+27 00 02,27.000555555555554,125.2,21.0,2.8,301.5,Map/Offsets,https://cgi.minorplanetcenter.net/cgi-bin/confirmeph2.cgi
20260512T073107Z,2026-05-12T07:31:07.114632Z,20260512T073107Z_batch01,CELXRN2,2026-05-12T11:00:00Z,13 06 54.3,196.72625,+27 01 30,27.025,125.1,21.0,2.8,301.5,Map/Offsets,https://cgi.minorplanetcenter.net/cgi-bin/confirmeph2.cgi
20260512T073107Z,2026-05-12T07:31:07.114632Z,20260512T073107Z_batch01,CELXRN2,2026-05-12T12:00:00Z,13 06 43.5,196.68124999999998,+27 02 58,27.049444444444447,125.0,21.0,2.81,301.4,Map/Offsets,https://cgi.minorplanetcenter.net/cgi-bin/confirmeph2.cgi
20260512T073107Z,2026-05-12T07:31:07.114632Z,20260512T073107Z_batch01,CELXRN2,2026-05-12T13:00:00Z,13 06 32.8,196.63666666666666,+27 04 26,27.073888888888888,125.0,21.0,2.81,301.4,Map/Offsets,https://cgi.minorplanetcenter.net/cgi-bin/confirmeph2.cgi
20260512T073107Z,2026-05-12T07:31:07.114632Z,20260512T073107Z_batch01,CELXRN2,2026-05-12T14:00:00Z,13 06 22.0,196.59166666666664,+27 05 54,27.098333333333333,124.9,21.0,2.81,301.4,Map/Offsets,https://cgi.minorplanetcenter.net/cgi-bin/confirmeph2.cgi
20260512T073107Z,2026-05-12T07:31:07.114632Z,20260512T073107Z_batch01,CELXRN2,2026-05-12T15:00:00Z,13 06 11.2,196.54666666666668,+27 07 21,27.1225,124.8,21.0,2.82,301.3,Map/Offsets,https://cgi.minorplanetcenter.net/cgi-bin/confirmeph2.cgi
20260512T073107Z,2026-05-12T07:31:07.114632Z,20260512T073107Z_batch01,CELXRN2,2026-05-12T16:00:00Z,13 06 00.3,196.50124999999997,+27 08 49,27.146944444444443,124.7,21.0,2.82,301.3,Map/Offsets,https://cgi.minorplanetcenter.net/cgi-bin/confirmeph2.cgi
20260512T073107Z,2026-05-12T07:31:07.114632Z,20260512T073107Z_batch01,CELXRN2,2026-05-12T17:00:00Z,13 05 49.5,196.45625,+27 10 17,27.17138888888889,124.7,21.0,2.83,301.3,Map/Offsets,https://cgi.minorplanetcenter.net/cgi-bin/confirmeph2.cgi
20260512T073107Z,2026-05-12T07:31:07.114632Z,20260512T073107Z_batch01,CELXRN2,2026-05-12T18:00:00Z,13 05 38.6,196.41083333333336,+27 11 45,27.195833333333333,124.6,21.0,2.83,301.2,Map/Offsets,https://cgi.minorplanetcenter.net/cgi-bin/confirmeph2.cgi
20260512T073107Z,2026-05-12T07:31:07.114632Z,20260512T073107Z_batch01,CELXRN2,2026-05-12T19:00:00Z,13 05 27.7,196.36541666666668,+27 13 13,27.220277777777778,124.5,21.0,2.83,301.2,Map/Offsets,https://cgi.minorplanetcenter.net/cgi-bin/confirmeph2.cgi
20260512T073107Z,2026-05-12T07:31:07.114632Z,20260512T073107Z_batch01,CELXRN2,2026-05-12T20:00:00Z,13 05 16.8,196.32000000000002,+27 14 41,27.244722222222222,124.4,21.0,2.84,301.1,Map/Offsets,https://cgi.minorplanetcenter.net/cgi-bin/confirmeph2.cgi
20260512T073107Z,2026-05-12T07:31:07.114632Z,20260512T073107Z_batch01,CELXRN2,2026-05-12T21:00:00Z,13 05 05.9,196.27458333333334,+27 16 09,27.269166666666667,124.4,21.0,2.84,301.1,Map/Offsets,https://cgi.minorplanetcenter.net/cgi-bin/confirmeph2.cgi
20260512T073107Z,2026-05-12T07:31:07.114632Z,20260512T073107Z_batch01,CELXRN2,2026-05-12T22:00:00Z,13 04 54.9,196.22875,+27 17 37,27.29361111111111,124.3,21.0,2.84,301.1,Map/Offsets,https://cgi.minorplanetcenter.net/cgi-bin/confirmeph2.cgi
20260512T073107Z,2026-05-12T07:31:07.114632Z,20260512T073107Z_batch01,CELXRN2,2026-05-12T23:00:00Z,13 04 44.0,196.18333333333334,+27 19 05,27.318055555555556,124.2,21.0,2.85,301.0,Map/Offsets,https://cgi.minorplanetcenter.net/cgi-bin/confirmeph2.cgi
20260512T073107Z,2026-05-12T07:31:07.114632Z,20260512T073107Z_batch01,CELXRN2,2026-05-13T00:00:00Z,13 04 33.0,196.13750000000002,+27 20 33,27.342499999999998,124.1,21.0,2.85,301.0,Map/Offsets,https://cgi.minorplanetcenter.net/cgi-bin/confirmeph2.cgi
20260512T073107Z,2026-05-12T07:31:07.114632Z,20260512T073107Z_batch01,CELXRN2,2026-05-13T01:00:00Z,13 04 22.0,196.09166666666664,+27 22 02,27.36722222222222,124.1,21.0,2.86,301.0,Map/Offsets,https://cgi.minorplanetcenter.net/cgi-bin/confirmeph2.cgi
20260512T073107Z,2026-05-12T07:31:07.114632Z,20260512T073107Z_batch01,CELXRN2,2026-05-13T02:00:00Z,13 04 10.9,196.04541666666665,+27 23 30,27.391666666666666,124.0,21.0,2.86,300.9,Map/Offsets,https://cgi.minorplanetcenter.net/cgi-bin/confirmeph2.cgi
20260512T073107Z,2026-05-12T07:31:07.114632Z,20260512T073107Z_batch01,CELXRN2,2026-05-13T03:00:00Z,13 03 59.9,195.99958333333333,+27 24 58,27.41611111111111,123.9,21.0,2.86,300.9,Map/Offsets,https://cgi.minorplanetcenter.net/cgi-bin/confirmeph2.cgi
20260512T073107Z,2026-05-12T07:31:07.114632Z,20260512T073107Z_batch01,CELXRN2,2026-05-13T04:00:00Z,13 03 48.8,195.95333333333335,+27 26 26,27.440555555555555,123.8,21.0,2.87,300.9,Map/Offsets,https://cgi.minorplanetcenter.net/cgi-bin/confirmeph2.cgi
20260512T073107Z,2026-05-12T07:31:07.114632Z,20260512T073107Z_batch01,CELXRN2,2026-05-13T05:00:00Z,13 03 37.7,195.90708333333336,+27 27 54,27.465,123.7,21.0,2.87,300.8,Map/Offsets,https://cgi.minorplanetcenter.net/cgi-bin/confirmeph2.cgi
20260512T073107Z,2026-05-12T07:31:07.114632Z,20260512T073107Z_batch01,CELXRN2,2026-05-13T06:00:00Z,13 03 26.6,195.86083333333335,+27 29 23,27.489722222222223,123.7,21.0,2.87,300.8,Map/Offsets,https://cgi.minorplanetcenter.net/cgi-bin/confirmeph2.cgi
20260512T073107Z,2026-05-12T07:31:07.114632Z,20260512T073107Z_batch01,TF26E51,2026-05-12T06:00:00Z,15 22 43.1,230.67958333333334,+09 09 06,9.151666666666667,152.7,19.3,7.41,72.5,Map/Offsets,https://cgi.minorplanetcenter.net/cgi-bin/confirmeph2.cgi
20260512T073107Z,2026-05-12T07:31:07.114632Z,20260512T073107Z_batch01,TF26E51,2026-05-12T07:00:00Z,15 23 11.6,230.79833333333332,+09 11 20,9.18888888888889,152.7,19.3,7.37,72.5,Map/Offsets,https://cgi.minorplanetcenter.net/cgi-bin/confirmeph2.cgi
20260512T073107Z,2026-05-12T07:31:07.114632Z,20260512T073107Z_batch01,TF26E51,2026-05-12T08:00:00Z,15 23 40.1,230.91708333333332,+09 13 32,9.225555555555555,152.6,19.3,7.34,72.6,Map/Offsets,https://cgi.minorplanetcenter.net/cgi-bin/confirmeph2.cgi
20260512T073107Z,2026-05-12T07:31:07.114632Z,20260512T073107Z_batch01,TF26E51,2026-05-12T09:00:00Z,15 24 08.4,231.035,+09 15 44,9.262222222222222,152.6,19.3,7.31,72.6,Map/Offsets,https://cgi.minorplanetcenter.net/cgi-bin/confirmeph2.cgi
20260512T073107Z,2026-05-12T07:31:07.114632Z,20260512T073107Z_batch01,TF26E51,2026-05-12T10:00:00Z,15 24 36.6,231.1525,+09 17 54,9.298333333333334,152.5,19.3,7.28,72.6,Map/Offsets,https://cgi.minorplanetcenter.net/cgi-bin/confirmeph2.cgi
20260512T073107Z,2026-05-12T07:31:07.114632Z,20260512T073107Z_batch01,TF26E51,2026-05-12T11:00:00Z,15 25 04.7,231.26958333333332,+09 20 04,9.334444444444445,152.5,19.3,7.24,72.7,Map/Offsets,https://cgi.minorplanetcenter.net/cgi-bin/confirmeph2.cgi
20260512T073107Z,2026-05-12T07:31:07.114632Z,20260512T073107Z_batch01,TF26E51,2026-05-12T12:00:00Z,15 25 32.7,231.38625,+09 22 14,9.370555555555557,152.4,19.3,7.21,72.7,Map/Offsets,https://cgi.minorplanetcenter.net/cgi-bin/confirmeph2.cgi
20260512T073107Z,2026-05-12T07:31:07.114632Z,20260512T073107Z_batch01,TF26E51,2026-05-12T13:00:00Z,15 26 00.5,231.50208333333333,+09 24 22,9.40611111111111,152.4,19.3,7.18,72.7,Map/Offsets,https://cgi.minorplanetcenter.net/cgi-bin/confirmeph2.cgi
20260512T073107Z,2026-05-12T07:31:07.114632Z,20260512T073107Z_batch01,TF26E51,2026-05-12T14:00:00Z,15 26 28.3,231.61791666666667,+09 26 30,9.441666666666666,152.3,19.3,7.15,72.8,Map/Offsets,https://cgi.minorplanetcenter.net/cgi-bin/confirmeph2.cgi
20260512T073107Z,2026-05-12T07:31:07.114632Z,20260512T073107Z_batch01,TF26E51,2026-05-12T15:00:00Z,15 26 55.9,231.73291666666665,+09 28 36,9.476666666666667,152.3,19.4,7.12,72.8,Map/Offsets,https://cgi.minorplanetcenter.net/cgi-bin/confirmeph2.cgi
20260512T073107Z,2026-05-12T07:31:07.114632Z,20260512T073107Z_batch01,TF26E51,2026-05-12T16:00:00Z,15 27 23.4,231.8475,+09 30 42,9.511666666666667,152.2,19.4,7.08,72.8,Map/Offsets,https://cgi.minorplanetcenter.net/cgi-bin/confirmeph2.cgi
20260512T073107Z,2026-05-12T07:31:07.114632Z,20260512T073107Z_batch01,TF26E51,2026-05-12T17:00:00Z,15 27 50.8,231.96166666666664,+09 32 47,9.546388888888888,152.2,19.4,7.05,72.8,Map/Offsets,https://cgi.minorplanetcenter.net/cgi-bin/confirmeph2.cgi
20260512T073107Z,2026-05-12T07:31:07.114632Z,20260512T073107Z_batch01,TF26E51,2026-05-12T18:00:00Z,15 28 18.1,232.07541666666668,+09 34 52,9.581111111111111,152.1,19.4,7.02,72.9,Map/Offsets,https://cgi.minorplanetcenter.net/cgi-bin/confirmeph2.cgi
20260512T073107Z,2026-05-12T07:31:07.114632Z,20260512T073107Z_batch01,TF26E51,2026-05-12T19:00:00Z,15 28 45.2,232.18833333333333,+09 36 56,9.615555555555556,152.1,19.4,6.99,72.9,Map/Offsets,https://cgi.minorplanetcenter.net/cgi-bin/confirmeph2.cgi
20260512T073107Z,2026-05-12T07:31:07.114632Z,20260512T073107Z_batch01,TF26E51,2026-05-12T20:00:00Z,15 29 12.3,232.30124999999998,+09 38 58,9.649444444444445,152.0,19.4,6.96,72.9,Map/Offsets,https://cgi.minorplanetcenter.net/cgi-bin/confirmeph2.cgi
20260512T073107Z,2026-05-12T07:31:07.114632Z,20260512T073107Z_batch01,TF26E51,2026-05-12T21:00:00Z,15 29 39.2,232.41333333333333,+09 41 00,9.683333333333334,151.9,19.4,6.93,73.0,Map/Offsets,https://cgi.minorplanetcenter.net/cgi-bin/confirmeph2.cgi
20260512T073107Z,2026-05-12T07:31:07.114632Z,20260512T073107Z_batch01,TF26E51,2026-05-12T22:00:00Z,15 30 06.0,232.525,+09 43 02,9.717222222222222,151.9,19.4,6.9,73.0,Map/Offsets,https://cgi.minorplanetcenter.net/cgi-bin/confirmeph2.cgi
20260512T073107Z,2026-05-12T07:31:07.114632Z,20260512T073107Z_batch01,TF26E51,2026-05-12T23:00:00Z,15 30 32.8,232.63666666666666,+09 45 02,9.750555555555556,151.8,19.4,6.87,73.0,Map/Offsets,https://cgi.minorplanetcenter.net/cgi-bin/confirmeph2.cgi
20260512T073107Z,2026-05-12T07:31:07.114632Z,20260512T073107Z_batch01,TF26E51,2026-05-13T00:00:00Z,15 30 59.4,232.7475,+09 47 02,9.783888888888889,151.8,19.4,6.84,73.1,Map/Offsets,https://cgi.minorplanetcenter.net/cgi-bin/confirmeph2.cgi
20260512T073107Z,2026-05-12T07:31:07.114632Z,20260512T073107Z_batch01,TF26E51,2026-05-13T01:00:00Z,15 31 25.9,232.85791666666668,+09 49 01,9.816944444444443,151.7,19.4,6.81,73.1,Map/Offsets,https://cgi.minorplanetcenter.net/cgi-bin/confirmeph2.cgi
20260512T073107Z,2026-05-12T07:31:07.114632Z,20260512T073107Z_batch01,TF26E51,2026-05-13T02:00:00Z,15 31 52.2,232.9675,+09 50 59,9.849722222222223,151.7,19.4,6.78,73.1,Map/Offsets,https://cgi.minorplanetcenter.net/cgi-bin/confirmeph2.cgi
20260512T073107Z,2026-05-12T07:31:07.114632Z,20260512T073107Z_batch01,TF26E51,2026-05-13T03:00:00Z,15 32 18.5,233.07708333333332,+09 52 57,9.8825,151.6,19.4,6.75,73.2,Map/Offsets,https://cgi.minorplanetcenter.net/cgi-bin/confirmeph2.cgi
20260512T073107Z,2026-05-12T07:31:07.114632Z,20260512T073107Z_batch01,TF26E51,2026-05-13T04:00:00Z,15 32 44.7,233.18625,+09 54 54,9.915000000000001,151.6,19.4,6.72,73.2,Map/Offsets,https://cgi.minorplanetcenter.net/cgi-bin/confirmeph2.cgi
20260512T073107Z,2026-05-12T07:31:07.114632Z,20260512T073107Z_batch01,TF26E51,2026-05-13T05:00:00Z,15 33 10.7,233.29458333333335,+09 56 50,9.947222222222223,151.5,19.4,6.69,73.2,Map/Offsets,https://cgi.minorplanetcenter.net/cgi-bin/confirmeph2.cgi
20260512T073107Z,2026-05-12T07:31:07.114632Z,20260512T073107Z_batch01,TF26E51,2026-05-13T06:00:00Z,15 33 36.7,233.40291666666667,+09 58 45,9.979166666666666,151.5,19.4,6.66,73.3,Map/Offsets,https://cgi.minorplanetcenter.net/cgi-bin/confirmeph2.cgi
20260512T073107Z,2026-05-12T07:31:07.114632Z,20260512T073107Z_batch01,ST26E34,2026-05-12T06:00:00Z,14 38 06.0,219.525,+26 58 27,26.974166666666665,134.1,21.5,16.5,340.6,Map/Offsets   !,https://cgi.minorplanetcenter.net/cgi-bin/confirmeph2.cgi
20260512T073107Z,2026-05-12T07:31:07.114632Z,20260512T073107Z_batch01,ST26E34,2026-05-12T07:00:00Z,14 37 41.6,219.42333333333332,+27 13 50,27.230555555555554,133.8,21.6,16.13,340.5,Map/Offsets   !,https://cgi.minorplanetcenter.net/cgi-bin/confirmeph2.cgi
20260512T073107Z,2026-05-12T07:31:07.114632Z,20260512T073107Z_batch01,ST26E34,2026-05-12T08:00:00Z,14 37 17.6,219.32333333333335,+27 28 51,27.480833333333333,133.5,21.6,15.77,340.5,Map/Offsets   !,https://cgi.minorplanetcenter.net/cgi-bin/confirmeph2.cgi
20260512T073107Z,2026-05-12T07:31:07.114632Z,20260512T073107Z_batch01,ST26E34,2026-05-12T09:00:00Z,14 36 54.0,219.225,+27 43 33,27.72583333333333,133.3,21.6,15.42,340.4,Map/Offsets   !,https://cgi.minorplanetcenter.net/cgi-bin/confirmeph2.cgi
20260512T073107Z,2026-05-12T07:31:07.114632Z,20260512T073107Z_batch01,ST26E34,2026-05-12T10:00:00Z,14 36 30.9,219.12875,+27 57 55,27.96527777777778,133.0,21.7,15.09,340.4,Map/Offsets   !,https://cgi.minorplanetcenter.net/cgi-bin/confirmeph2.cgi
20260512T073107Z,2026-05-12T07:31:07.114632Z,20260512T073107Z_batch01,ST26E34,2026-05-12T11:00:00Z,14 36 08.1,219.03375,+28 11 58,28.199444444444445,132.7,21.7,14.76,340.3,Map/Offsets   !,https://cgi.minorplanetcenter.net/cgi-bin/confirmeph2.cgi
20260512T073107Z,2026-05-12T07:31:07.114632Z,20260512T073107Z_batch01,ST26E34,2026-05-12T12:00:00Z,14 35 45.8,218.94083333333336,+28 25 43,28.428611111111113,132.5,21.7,14.44,340.3,Map/Offsets   !,https://cgi.minorplanetcenter.net/cgi-bin/confirmeph2.cgi
20260512T073107Z,2026-05-12T07:31:07.114632Z,20260512T073107Z_batch01,ST26E34,2026-05-12T13:00:00Z,14 35 23.8,218.84916666666666,+28 39 10,28.652777777777775,132.2,21.8,14.13,340.2,Map/Offsets,https://cgi.minorplanetcenter.net/cgi-bin/confirmeph2.cgi
20260512T073107Z,2026-05-12T07:31:07.114632Z,20260512T073107Z_batch01,ST26E34,2026-05-12T14:00:00Z,14 35 02.2,218.75916666666666,+28 52 19,28.871944444444445,131.9,21.8,13.84,340.2,Map/Offsets,https://cgi.minorplanetcenter.net/cgi-bin/confirmeph2.cgi
20260512T073107Z,2026-05-12T07:31:07.114632Z,20260512T073107Z_batch01,ST26E34,2026-05-12T15:00:00Z,14 34 40.9,218.67041666666665,+29 05 12,29.086666666666666,131.7,21.8,13.55,340.1,Map/Offsets,https://cgi.minorplanetcenter.net/cgi-bin/confirmeph2.cgi
20260512T073107Z,2026-05-12T07:31:07.114632Z,20260512T073107Z_batch01,ST26E34,2026-05-12T16:00:00Z,14 34 20.0,218.58333333333334,+29 17 48,29.296666666666667,131.5,21.8,13.27,340.1,Map/Offsets,https://cgi.minorplanetcenter.net/cgi-bin/confirmeph2.cgi
20260512T073107Z,2026-05-12T07:31:07.114632Z,20260512T073107Z_batch01,ST26E34,2026-05-12T17:00:00Z,14 33 59.5,218.4979166666667,+29 30 09,29.5025,131.2,21.9,12.99,340.1,Map/Offsets,https://cgi.minorplanetcenter.net/cgi-bin/confirmeph2.cgi
20260512T073107Z,2026-05-12T07:31:07.114632Z,20260512T073107Z_batch01,ST26E34,2026-05-12T18:00:00Z,14 33 39.3,218.41375000000002,+29 42 14,29.703888888888887,131.0,21.9,12.73,340.0,Map/Offsets,https://cgi.minorplanetcenter.net/cgi-bin/confirmeph2.cgi
20260512T073107Z,2026-05-12T07:31:07.114632Z,20260512T073107Z_batch01,ST26E34,2026-05-12T19:00:00Z,14 33 19.4,218.33083333333335,+29 54 05,29.90138888888889,130.8,21.9,12.47,340.0,Map/Offsets,https://cgi.minorplanetcenter.net/cgi-bin/confirmeph2.cgi
20260512T073107Z,2026-05-12T07:31:07.114632Z,20260512T073107Z_batch01,ST26E34,2026-05-12T20:00:00Z,14 32 59.8,218.24916666666667,+30 05 41,30.09472222222222,130.5,22.0,12.22,339.9,Map/Offsets,https://cgi.minorplanetcenter.net/cgi-bin/confirmeph2.cgi
20260512T073107Z,2026-05-12T07:31:07.114632Z,20260512T073107Z_batch01,ST26E34,2026-05-12T21:00:00Z,14 32 40.6,218.16916666666665,+30 17 02,30.28388888888889,130.3,22.0,11.98,339.9,Map/Offsets,https://cgi.minorplanetcenter.net/cgi-bin/confirmeph2.cgi
20260512T073107Z,2026-05-12T07:31:07.114632Z,20260512T073107Z_batch01,ST26E34,2026-05-12T22:00:00Z,14 32 21.7,218.09041666666667,+30 28 10,30.46944444444444,130.1,22.0,11.74,339.8,Map/Offsets,https://cgi.minorplanetcenter.net/cgi-bin/confirmeph2.cgi
20260512T073107Z,2026-05-12T07:31:07.114632Z,20260512T073107Z_batch01,ST26E34,2026-05-12T23:00:00Z,14 32 03.0,218.0125,+30 39 05,30.65138888888889,129.9,22.0,11.51,339.8,Map/Offsets,https://cgi.minorplanetcenter.net/cgi-bin/confirmeph2.cgi
20260512T073107Z,2026-05-12T07:31:07.114632Z,20260512T073107Z_batch01,ST26E34,2026-05-13T00:00:00Z,14 31 44.7,217.93625,+30 49 47,30.829722222222223,129.7,22.1,11.29,339.8,Map/Offsets,https://cgi.minorplanetcenter.net/cgi-bin/confirmeph2.cgi
20260512T073107Z,2026-05-12T07:31:07.114632Z,20260512T073107Z_batch01,ST26E34,2026-05-13T01:00:00Z,14 31 26.6,217.86083333333335,+31 00 17,31.004722222222224,129.5,22.1,11.07,339.7,Map/Offsets,https://cgi.minorplanetcenter.net/cgi-bin/confirmeph2.cgi
20260512T073107Z,2026-05-12T07:31:07.114632Z,20260512T073107Z_batch01,ST26E34,2026-05-13T02:00:00Z,14 31 08.8,217.7866666666667,+31 10 34,31.176111111111112,129.3,22.1,10.86,339.7,Map/Offsets,https://cgi.minorplanetcenter.net/cgi-bin/confirmeph2.cgi
20260512T073107Z,2026-05-12T07:31:07.114632Z,20260512T073107Z_batch01,ST26E34,2026-05-13T03:00:00Z,14 30 51.3,217.71375,+31 20 39,31.344166666666666,129.1,22.1,10.66,339.6,Map/Offsets,https://cgi.minorplanetcenter.net/cgi-bin/confirmeph2.cgi
20260512T073107Z,2026-05-12T07:31:07.114632Z,20260512T073107Z_batch01,ST26E34,2026-05-13T04:00:00Z,14 30 34.1,217.64208333333332,+31 30 33,31.509166666666665,128.9,22.2,10.46,339.6,Map/Offsets,https://cgi.minorplanetcenter.net/cgi-bin/confirmeph2.cgi
20260512T073107Z,2026-05-12T07:31:07.114632Z,20260512T073107Z_batch01,ST26E34,2026-05-13T05:00:00Z,14 30 17.1,217.57125,+31 40 15,31.670833333333334,128.7,22.2,10.26,339.6,Map/Offsets,https://cgi.minorplanetcenter.net/cgi-bin/confirmeph2.cgi
20260512T073107Z,2026-05-12T07:31:07.114632Z,20260512T073107Z_batch01,ST26E34,2026-05-13T06:00:00Z,14 30 00.4,217.50166666666667,+31 49 47,31.829722222222223,128.5,22.2,10.07,339.5,Map/Offsets,https://cgi.minorplanetcenter.net/cgi-bin/confirmeph2.cgi
20260512T073107Z,2026-05-12T07:31:07.114632Z,20260512T073107Z_batch01,6E94521,2026-05-12T06:00:00Z,19 25 43.3,291.4304166666667,-58 13 18,-58.22166666666667,119.5,19.5,6.08,164.6,Map/Offsets,https://cgi.minorplanetcenter.net/cgi-bin/confirmeph2.cgi
20260512T073107Z,2026-05-12T07:31:07.114632Z,20260512T073107Z_batch01,6E94521,2026-05-12T07:00:00Z,19 25 55.6,291.4816666666667,-58 19 09,-58.31916666666667,119.5,19.5,6.08,164.6,Map/Offsets,https://cgi.minorplanetcenter.net/cgi-bin/confirmeph2.cgi
20260512T073107Z,2026-05-12T07:31:07.114632Z,20260512T073107Z_batch01,6E94521,2026-05-12T08:00:00Z,19 26 07.9,291.53291666666667,-58 25 01,-58.41694444444444,119.5,19.5,6.08,164.6,Map/Offsets,https://cgi.minorplanetcenter.net/cgi-bin/confirmeph2.cgi
20260512T073107Z,2026-05-12T07:31:07.114632Z,20260512T073107Z_batch01,6E94521,2026-05-12T09:00:00Z,19 26 20.3,291.58458333333334,-58 30 53,-58.514722222222225,119.5,19.5,6.09,164.6,Map/Offsets,https://cgi.minorplanetcenter.net/cgi-bin/confirmeph2.cgi
20260512T073107Z,2026-05-12T07:31:07.114632Z,20260512T073107Z_batch01,6E94521,2026-05-12T10:00:00Z,19 26 32.7,291.63625,-58 36 45,-58.612500000000004,119.5,19.5,6.09,164.5,Map/Offsets,https://cgi.minorplanetcenter.net/cgi-bin/confirmeph2.cgi
20260512T073107Z,2026-05-12T07:31:07.114632Z,20260512T073107Z_batch01,6E94521,2026-05-12T11:00:00Z,19 26 45.2,291.68833333333333,-58 42 37,-58.71027777777778,119.4,19.5,6.09,164.5,Map/Offsets,https://cgi.minorplanetcenter.net/cgi-bin/confirmeph2.cgi
20260512T073107Z,2026-05-12T07:31:07.114632Z,20260512T073107Z_batch01,6E94521,2026-05-12T12:00:00Z,19 26 57.8,291.74083333333334,-58 48 29,-58.808055555555555,119.4,19.5,6.09,164.5,Map/Offsets,https://cgi.minorplanetcenter.net/cgi-bin/confirmeph2.cgi
20260512T073107Z,2026-05-12T07:31:07.114632Z,20260512T073107Z_batch01,6E94521,2026-05-12T13:00:00Z,19 27 10.4,291.79333333333335,-58 54 22,-58.90611111111111,119.4,19.5,6.09,164.4,Map/Offsets,https://cgi.minorplanetcenter.net/cgi-bin/confirmeph2.cgi
20260512T073107Z,2026-05-12T07:31:07.114632Z,20260512T073107Z_batch01,6E94521,2026-05-12T14:00:00Z,19 27 23.1,291.84625,-59 00 14,-59.00388888888889,119.4,19.5,6.09,164.4,Map/Offsets,https://cgi.minorplanetcenter.net/cgi-bin/confirmeph2.cgi
20260512T073107Z,2026-05-12T07:31:07.114632Z,20260512T073107Z_batch01,6E94521,2026-05-12T15:00:00Z,19 27 35.9,291.8995833333333,-59 06 06,-59.10166666666667,119.4,19.5,6.09,164.4,Map/Offsets,https://cgi.minorplanetcenter.net/cgi-bin/confirmeph2.cgi
20260512T073107Z,2026-05-12T07:31:07.114632Z,20260512T073107Z_batch01,6E94521,2026-05-12T16:00:00Z,19 27 48.7,291.9529166666667,-59 11 58,-59.19944444444444,119.3,19.5,6.1,164.3,Map/Offsets,https://cgi.minorplanetcenter.net/cgi-bin/confirmeph2.cgi
20260512T073107Z,2026-05-12T07:31:07.114632Z,20260512T073107Z_batch01,6E94521,2026-05-12T17:00:00Z,19 28 01.6,292.00666666666666,-59 17 50,-59.29722222222222,119.3,19.5,6.1,164.3,Map/Offsets,https://cgi.minorplanetcenter.net/cgi-bin/confirmeph2.cgi
20260512T073107Z,2026-05-12T07:31:07.114632Z,20260512T073107Z_batch01,6E94521,2026-05-12T18:00:00Z,19 28 14.6,292.06083333333333,-59 23 42,-59.394999999999996,119.3,19.5,6.1,164.3,Map/Offsets,https://cgi.minorplanetcenter.net/cgi-bin/confirmeph2.cgi
20260512T073107Z,2026-05-12T07:31:07.114632Z,20260512T073107Z_batch01,6E94521,2026-05-12T19:00:00Z,19 28 27.6,292.11499999999995,-59 29 35,-59.49305555555556,119.3,19.5,6.1,164.2,Map/Offsets,https://cgi.minorplanetcenter.net/cgi-bin/confirmeph2.cgi
20260512T073107Z,2026-05-12T07:31:07.114632Z,20260512T073107Z_batch01,6E94521,2026-05-12T20:00:00Z,19 28 40.7,292.1695833333333,-59 35 27,-59.590833333333336,119.3,19.5,6.1,164.2,Map/Offsets,https://cgi.minorplanetcenter.net/cgi-bin/confirmeph2.cgi
20260512T073107Z,2026-05-12T07:31:07.114632Z,20260512T073107Z_batch01,6E94521,2026-05-12T21:00:00Z,19 28 53.8,292.22416666666663,-59 41 19,-59.68861111111111,119.2,19.5,6.1,164.2,Map/Offsets,https://cgi.minorplanetcenter.net/cgi-bin/confirmeph2.cgi
20260512T073107Z,2026-05-12T07:31:07.114632Z,20260512T073107Z_batch01,6E94521,2026-05-12T22:00:00Z,19 29 07.0,292.2791666666667,-59 47 11,-59.78638888888889,119.2,19.5,6.1,164.1,Map/Offsets,https://cgi.minorplanetcenter.net/cgi-bin/confirmeph2.cgi
20260512T073107Z,2026-05-12T07:31:07.114632Z,20260512T073107Z_batch01,6E94521,2026-05-12T23:00:00Z,19 29 20.3,292.33458333333334,-59 53 04,-59.88444444444444,119.2,19.5,6.1,164.1,Map/Offsets,https://cgi.minorplanetcenter.net/cgi-bin/confirmeph2.cgi
20260512T073107Z,2026-05-12T07:31:07.114632Z,20260512T073107Z_batch01,6E94521,2026-05-13T00:00:00Z,19 29 33.7,292.3904166666667,-59 58 56,-59.98222222222223,119.2,19.5,6.1,164.1,Map/Offsets,https://cgi.minorplanetcenter.net/cgi-bin/confirmeph2.cgi
20260512T073107Z,2026-05-12T07:31:07.114632Z,20260512T073107Z_batch01,6E94521,2026-05-13T01:00:00Z,19 29 47.1,292.44625,-60 04 48,-60.080000000000005,119.1,19.5,6.11,164.0,Map/Offsets,https://cgi.minorplanetcenter.net/cgi-bin/confirmeph2.cgi
20260512T073107Z,2026-05-12T07:31:07.114632Z,20260512T073107Z_batch01,6E94521,2026-05-13T02:00:00Z,19 30 00.6,292.5025,-60 10 40,-60.17777777777778,119.1,19.5,6.11,164.0,Map/Offsets,https://cgi.minorplanetcenter.net/cgi-bin/confirmeph2.cgi
20260512T073107Z,2026-05-12T07:31:07.114632Z,20260512T073107Z_batch01,6E94521,2026-05-13T03:00:00Z,19 30 14.1,292.55875,-60 16 32,-60.275555555555556,119.1,19.5,6.11,164.0,Map/Offsets,https://cgi.minorplanetcenter.net/cgi-bin/confirmeph2.cgi
20260512T073107Z,2026-05-12T07:31:07.114632Z,20260512T073107Z_batch01,6E94521,2026-05-13T04:00:00Z,19 30 27.8,292.61583333333334,-60 22 25,-60.37361111111111,119.1,19.5,6.11,163.9,Map/Offsets,https://cgi.minorplanetcenter.net/cgi-bin/confirmeph2.cgi
20260512T073107Z,2026-05-12T07:31:07.114632Z,20260512T073107Z_batch01,6E94521,2026-05-13T05:00:00Z,19 30 41.5,292.6729166666667,-60 28 17,-60.47138888888889,119.1,19.5,6.11,163.9,Map/Offsets,https://cgi.minorplanetcenter.net/cgi-bin/confirmeph2.cgi
20260512T073107Z,2026-05-12T07:31:07.114632Z,20260512T073107Z_batch01,6E94521,2026-05-13T06:00:00Z,19 30 55.3,292.73041666666666,-60 34 09,-60.56916666666667,119.0,19.5,6.11,163.9,Map/Offsets,https://cgi.minorplanetcenter.net/cgi-bin/confirmeph2.cgi
20260512T073107Z,2026-05-12T07:31:07.114632Z,20260512T073107Z_batch01,ZTF10Dn,2026-05-12T06:00:00Z,17 31 56.2,262.9841666666666,-11 29 01,-11.48361111111111,146.3,21.1,5.37,95.7,Map/Offsets   !!,https://cgi.minorplanetcenter.net/cgi-bin/confirmeph2.cgi
20260512T073107Z,2026-05-12T07:31:07.114632Z,20260512T073107Z_batch01,ZTF10Dn,2026-05-12T07:00:00Z,17 32 17.7,263.07375,-11 29 32,-11.492222222222221,146.3,21.2,5.23,95.7,Map/Offsets   !!,https://cgi.minorplanetcenter.net/cgi-bin/confirmeph2.cgi
20260512T073107Z,2026-05-12T07:31:07.114632Z,20260512T073107Z_batch01,ZTF10Dn,2026-05-12T08:00:00Z,17 32 38.7,263.16125000000005,-11 30 03,-11.500833333333333,146.2,21.2,5.09,95.7,Map/Offsets   !!,https://cgi.minorplanetcenter.net/cgi-bin/confirmeph2.cgi
20260512T073107Z,2026-05-12T07:31:07.114632Z,20260512T073107Z_batch01,ZTF10Dn,2026-05-12T09:00:00Z,17 32 59.1,263.24625000000003,-11 30 32,-11.508888888888889,146.2,21.2,4.96,95.7,Map/Offsets   !!,https://cgi.minorplanetcenter.net/cgi-bin/confirmeph2.cgi
20260512T073107Z,2026-05-12T07:31:07.114632Z,20260512T073107Z_batch01,ZTF10Dn,2026-05-12T10:00:00Z,17 33 19.0,263.32916666666665,-11 31 01,-11.516944444444444,146.1,21.3,4.84,95.6,Map/Offsets   !!,https://cgi.minorplanetcenter.net/cgi-bin/confirmeph2.cgi
20260512T073107Z,2026-05-12T07:31:07.114632Z,20260512T073107Z_batch01,ZTF10Dn,2026-05-12T11:00:00Z,17 33 38.4,263.40999999999997,-11 31 30,-11.525,146.1,21.3,4.71,95.6,Map/Offsets   !!,https://cgi.minorplanetcenter.net/cgi-bin/confirmeph2.cgi
20260512T073107Z,2026-05-12T07:31:07.114632Z,20260512T073107Z_batch01,ZTF10Dn,2026-05-12T12:00:00Z,17 33 57.3,263.48875,-11 31 57,-11.5325,146.1,21.3,4.6,95.6,Map/Offsets   !!,https://cgi.minorplanetcenter.net/cgi-bin/confirmeph2.cgi
20260512T073107Z,2026-05-12T07:31:07.114632Z,20260512T073107Z_batch01,ZTF10Dn,2026-05-12T13:00:00Z,17 34 15.8,263.56583333333333,-11 32 24,-11.54,146.0,21.3,4.48,95.6,Map/Offsets   !!,https://cgi.minorplanetcenter.net/cgi-bin/confirmeph2.cgi
20260512T073107Z,2026-05-12T07:31:07.114632Z,20260512T073107Z_batch01,ZTF10Dn,2026-05-12T14:00:00Z,17 34 33.7,263.6404166666667,-11 32 50,-11.547222222222222,146.0,21.4,4.37,95.6,Map/Offsets   !!,https://cgi.minorplanetcenter.net/cgi-bin/confirmeph2.cgi
20260512T073107Z,2026-05-12T07:31:07.114632Z,20260512T073107Z_batch01,ZTF10Dn,2026-05-12T15:00:00Z,17 34 51.3,263.71375,-11 33 15,-11.554166666666667,146.0,21.4,4.27,95.6,Map/Offsets   !!,https://cgi.minorplanetcenter.net/cgi-bin/confirmeph2.cgi
20260512T073107Z,2026-05-12T07:31:07.114632Z,20260512T073107Z_batch01,ZTF10Dn,2026-05-12T16:00:00Z,17 35 08.4,263.78499999999997,-11 33 40,-11.561111111111112,145.9,21.4,4.16,95.6,Map/Offsets   !!,https://cgi.minorplanetcenter.net/cgi-bin/confirmeph2.cgi
20260512T073107Z,2026-05-12T07:31:07.114632Z,20260512T073107Z_batch01,ZTF10Dn,2026-05-12T17:00:00Z,17 35 25.1,263.8545833333333,-11 34 04,-11.567777777777778,145.9,21.4,4.06,95.6,Map/Offsets   !!,https://cgi.minorplanetcenter.net/cgi-bin/confirmeph2.cgi
20260512T073107Z,2026-05-12T07:31:07.114632Z,20260512T073107Z_batch01,ZTF10Dn,2026-05-12T18:00:00Z,17 35 41.4,263.9225,-11 34 28,-11.574444444444444,145.9,21.5,3.97,95.6,Map/Offsets   !!,https://cgi.minorplanetcenter.net/cgi-bin/confirmeph2.cgi
20260512T073107Z,2026-05-12T07:31:07.114632Z,20260512T073107Z_batch01,ZTF10Dn,2026-05-12T19:00:00Z,17 35 57.4,263.9891666666666,-11 34 51,-11.580833333333333,145.9,21.5,3.88,95.6,Map/Offsets   !!,https://cgi.minorplanetcenter.net/cgi-bin/confirmeph2.cgi
20260512T073107Z,2026-05-12T07:31:07.114632Z,20260512T073107Z_batch01,ZTF10Dn,2026-05-12T20:00:00Z,17 36 12.9,264.05375000000004,-11 35 14,-11.587222222222223,145.8,21.5,3.79,95.6,Map/Offsets   !!,https://cgi.minorplanetcenter.net/cgi-bin/confirmeph2.cgi
20260512T073107Z,2026-05-12T07:31:07.114632Z,20260512T073107Z_batch01,ZTF10Dn,2026-05-12T21:00:00Z,17 36 28.2,264.1175,-11 35 36,-11.593333333333334,145.8,21.5,3.7,95.7,Map/Offsets   !!,https://cgi.minorplanetcenter.net/cgi-bin/confirmeph2.cgi
20260512T073107Z,2026-05-12T07:31:07.114632Z,20260512T073107Z_batch01,ZTF10Dn,2026-05-12T22:00:00Z,17 36 43.0,264.1791666666667,-11 35 58,-11.599444444444446,145.8,21.6,3.62,95.7,Map/Offsets   !!,https://cgi.minorplanetcenter.net/cgi-bin/confirmeph2.cgi
20260512T073107Z,2026-05-12T07:31:07.114632Z,20260512T073107Z_batch01,ZTF10Dn,2026-05-12T23:00:00Z,17 36 57.5,264.2395833333333,-11 36 19,-11.605277777777777,145.8,21.6,3.53,95.7,Map/Offsets   !!,https://cgi.minorplanetcenter.net/cgi-bin/confirmeph2.cgi
20260512T073107Z,2026-05-12T07:31:07.114632Z,20260512T073107Z_batch01,ZTF10Dn,2026-05-13T00:00:00Z,17 37 11.7,264.29875000000004,-11 36 39,-11.610833333333334,145.8,21.6,3.46,95.7,Map/Offsets   !!,https://cgi.minorplanetcenter.net/cgi-bin/confirmeph2.cgi
20260512T073107Z,2026-05-12T07:31:07.114632Z,20260512T073107Z_batch01,ZTF10Dn,2026-05-13T01:00:00Z,17 37 25.6,264.3566666666667,-11 37 00,-11.616666666666667,145.8,21.6,3.38,95.7,Map/Offsets   !!,https://cgi.minorplanetcenter.net/cgi-bin/confirmeph2.cgi
20260512T073107Z,2026-05-12T07:31:07.114632Z,20260512T073107Z_batch01,ZTF10Dn,2026-05-13T02:00:00Z,17 37 39.2,264.41333333333336,-11 37 20,-11.622222222222224,145.7,21.7,3.3,95.7,Map/Offsets   !!,https://cgi.minorplanetcenter.net/cgi-bin/confirmeph2.cgi
20260512T073107Z,2026-05-12T07:31:07.114632Z,20260512T073107Z_batch01,ZTF10Dn,2026-05-13T03:00:00Z,17 37 52.5,264.46875,-11 37 39,-11.627500000000001,145.7,21.7,3.23,95.7,Map/Offsets   !!,https://cgi.minorplanetcenter.net/cgi-bin/confirmeph2.cgi
20260512T073107Z,2026-05-12T07:31:07.114632Z,20260512T073107Z_batch01,ZTF10Dn,2026-05-13T04:00:00Z,17 38 05.5,264.5229166666667,-11 37 58,-11.632777777777779,145.7,21.7,3.16,95.7,Map/Offsets   !!,https://cgi.minorplanetcenter.net/cgi-bin/confirmeph2.cgi
20260512T073107Z,2026-05-12T07:31:07.114632Z,20260512T073107Z_batch01,ZTF10Dn,2026-05-13T05:00:00Z,17 38 18.2,264.5758333333333,-11 38 17,-11.638055555555555,145.7,21.7,3.1,95.7,Map/Offsets   !!,https://cgi.minorplanetcenter.net/cgi-bin/confirmeph2.cgi
20260512T073107Z,2026-05-12T07:31:07.114632Z,20260512T073107Z_batch01,ZTF10Dn,2026-05-13T06:00:00Z,17 38 30.6,264.6275,-11 38 35,-11.643055555555556,145.7,21.8,3.03,95.7,Map/Offsets   !!,https://cgi.minorplanetcenter.net/cgi-bin/confirmeph2.cgi
20260512T073107Z,2026-05-12T07:31:07.114632Z,20260512T073107Z_batch01,XA9ttXA,2026-05-12T06:00:00Z,15 06 36.0,226.64999999999998,+01 51 56,1.8655555555555556,160.0,22.5,0.79,278.0,Map/Offsets,https://cgi.minorplanetcenter.net/cgi-bin/confirmeph2.cgi
20260512T073107Z,2026-05-12T07:31:07.114632Z,20260512T073107Z_batch01,XA9ttXA,2026-05-12T07:00:00Z,15 06 32.9,226.63708333333335,+01 52 03,1.8675,160.0,22.5,0.79,278.0,Map/Offsets,https://cgi.minorplanetcenter.net/cgi-bin/confirmeph2.cgi
20260512T073107Z,2026-05-12T07:31:07.114632Z,20260512T073107Z_batch01,XA9ttXA,2026-05-12T08:00:00Z,15 06 29.8,226.62416666666667,+01 52 09,1.8691666666666666,159.9,22.5,0.79,277.9,Map/Offsets,https://cgi.minorplanetcenter.net/cgi-bin/confirmeph2.cgi
20260512T073107Z,2026-05-12T07:31:07.114632Z,20260512T073107Z_batch01,XA9ttXA,2026-05-12T09:00:00Z,15 06 26.6,226.61083333333332,+01 52 16,1.8711111111111112,159.9,22.5,0.79,277.9,Map/Offsets,https://cgi.minorplanetcenter.net/cgi-bin/confirmeph2.cgi
20260512T073107Z,2026-05-12T07:31:07.114632Z,20260512T073107Z_batch01,XA9ttXA,2026-05-12T10:00:00Z,15 06 23.5,226.59791666666666,+01 52 22,1.8727777777777779,159.9,22.5,0.79,277.8,Map/Offsets,https://cgi.minorplanetcenter.net/cgi-bin/confirmeph2.cgi
20260512T073107Z,2026-05-12T07:31:07.114632Z,20260512T073107Z_batch01,XA9ttXA,2026-05-12T11:00:00Z,15 06 20.4,226.58499999999998,+01 52 28,1.8744444444444446,159.9,22.5,0.79,277.8,Map/Offsets,https://cgi.minorplanetcenter.net/cgi-bin/confirmeph2.cgi
20260512T073107Z,2026-05-12T07:31:07.114632Z,20260512T073107Z_batch01,XA9ttXA,2026-05-12T12:00:00Z,15 06 17.2,226.57166666666666,+01 52 35,1.8763888888888889,159.9,22.5,0.79,277.7,Map/Offsets,https://cgi.minorplanetcenter.net/cgi-bin/confirmeph2.cgi
20260512T073107Z,2026-05-12T07:31:07.114632Z,20260512T073107Z_batch01,XA9ttXA,2026-05-12T13:00:00Z,15 06 14.1,226.55875,+01 52 41,1.8780555555555556,159.9,22.5,0.79,277.6,Map/Offsets,https://cgi.minorplanetcenter.net/cgi-bin/confirmeph2.cgi
20260512T073107Z,2026-05-12T07:31:07.114632Z,20260512T073107Z_batch01,XA9ttXA,2026-05-12T14:00:00Z,15 06 11.0,226.54583333333332,+01 52 47,1.8797222222222223,159.8,22.5,0.79,277.6,Map/Offsets,https://cgi.minorplanetcenter.net/cgi-bin/confirmeph2.cgi
20260512T073107Z,2026-05-12T07:31:07.114632Z,20260512T073107Z_batch01,XA9ttXA,2026-05-12T15:00:00Z,15 06 07.8,226.5325,+01 52 54,1.8816666666666666,159.8,22.5,0.79,277.5,Map/Offsets,https://cgi.minorplanetcenter.net/cgi-bin/confirmeph2.cgi
20260512T073107Z,2026-05-12T07:31:07.114632Z,20260512T073107Z_batch01,XA9ttXA,2026-05-12T16:00:00Z,15 06 04.7,226.51958333333334,+01 53 00,1.8833333333333333,159.8,22.5,0.79,277.5,Map/Offsets,https://cgi.minorplanetcenter.net/cgi-bin/confirmeph2.cgi
20260512T073107Z,2026-05-12T07:31:07.114632Z,20260512T073107Z_batch01,XA9ttXA,2026-05-12T17:00:00Z,15 06 01.6,226.50666666666666,+01 53 06,1.885,159.8,22.5,0.79,277.4,Map/Offsets,https://cgi.minorplanetcenter.net/cgi-bin/confirmeph2.cgi
20260512T073107Z,2026-05-12T07:31:07.114632Z,20260512T073107Z_batch01,XA9ttXA,2026-05-12T18:00:00Z,15 05 58.4,226.49333333333334,+01 53 12,1.8866666666666667,159.8,22.5,0.79,277.4,Map/Offsets,https://cgi.minorplanetcenter.net/cgi-bin/confirmeph2.cgi
20260512T073107Z,2026-05-12T07:31:07.114632Z,20260512T073107Z_batch01,XA9ttXA,2026-05-12T19:00:00Z,15 05 55.3,226.48041666666668,+01 53 18,1.8883333333333332,159.7,22.5,0.79,277.3,Map/Offsets,https://cgi.minorplanetcenter.net/cgi-bin/confirmeph2.cgi
20260512T073107Z,2026-05-12T07:31:07.114632Z,20260512T073107Z_batch01,XA9ttXA,2026-05-12T20:00:00Z,15 05 52.1,226.46708333333333,+01 53 24,1.89,159.7,22.5,0.79,277.3,Map/Offsets,https://cgi.minorplanetcenter.net/cgi-bin/confirmeph2.cgi
20260512T073107Z,2026-05-12T07:31:07.114632Z,20260512T073107Z_batch01,XA9ttXA,2026-05-12T21:00:00Z,15 05 49.0,226.45416666666668,+01 53 30,1.8916666666666666,159.7,22.5,0.79,277.2,Map/Offsets,https://cgi.minorplanetcenter.net/cgi-bin/confirmeph2.cgi
20260512T073107Z,2026-05-12T07:31:07.114632Z,20260512T073107Z_batch01,XA9ttXA,2026-05-12T22:00:00Z,15 05 45.8,226.44083333333336,+01 53 36,1.8933333333333333,159.7,22.5,0.79,277.2,Map/Offsets,https://cgi.minorplanetcenter.net/cgi-bin/confirmeph2.cgi
20260512T073107Z,2026-05-12T07:31:07.114632Z,20260512T073107Z_batch01,XA9ttXA,2026-05-12T23:00:00Z,15 05 42.7,226.42791666666668,+01 53 42,1.895,159.7,22.5,0.79,277.1,Map/Offsets,https://cgi.minorplanetcenter.net/cgi-bin/confirmeph2.cgi
20260512T073107Z,2026-05-12T07:31:07.114632Z,20260512T073107Z_batch01,XA9ttXA,2026-05-13T00:00:00Z,15 05 39.5,226.41458333333333,+01 53 48,1.8966666666666667,159.6,22.5,0.79,277.1,Map/Offsets,https://cgi.minorplanetcenter.net/cgi-bin/confirmeph2.cgi
20260512T073107Z,2026-05-12T07:31:07.114632Z,20260512T073107Z_batch01,XA9ttXA,2026-05-13T01:00:00Z,15 05 36.4,226.40166666666667,+01 53 54,1.8983333333333332,159.6,22.5,0.79,277.0,Map/Offsets,https://cgi.minorplanetcenter.net/cgi-bin/confirmeph2.cgi
20260512T073107Z,2026-05-12T07:31:07.114632Z,20260512T073107Z_batch01,XA9ttXA,2026-05-13T02:00:00Z,15 05 33.2,226.38833333333335,+01 54 00,1.9,159.6,22.5,0.79,277.0,Map/Offsets,https://cgi.minorplanetcenter.net/cgi-bin/confirmeph2.cgi
20260512T073107Z,2026-05-12T07:31:07.114632Z,20260512T073107Z_batch01,XA9ttXA,2026-05-13T03:00:00Z,15 05 30.1,226.37541666666667,+01 54 06,1.9016666666666666,159.6,22.5,0.79,276.9,Map/Offsets,https://cgi.minorplanetcenter.net/cgi-bin/confirmeph2.cgi
20260512T073107Z,2026-05-12T07:31:07.114632Z,20260512T073107Z_batch01,XA9ttXA,2026-05-13T04:00:00Z,15 05 26.9,226.36208333333335,+01 54 11,1.9030555555555555,159.6,22.5,0.79,276.9,Map/Offsets,https://cgi.minorplanetcenter.net/cgi-bin/confirmeph2.cgi
20260512T073107Z,2026-05-12T07:31:07.114632Z,20260512T073107Z_batch01,XA9ttXA,2026-05-13T05:00:00Z,15 05 23.8,226.34916666666666,+01 54 17,1.9047222222222222,159.5,22.5,0.8,276.8,Map/Offsets,https://cgi.minorplanetcenter.net/cgi-bin/confirmeph2.cgi
20260512T073107Z,2026-05-12T07:31:07.114632Z,20260512T073107Z_batch01,XA9ttXA,2026-05-13T06:00:00Z,15 05 20.6,226.33583333333334,+01 54 23,1.906388888888889,159.5,22.5,0.8,276.8,Map/Offsets,https://cgi.minorplanetcenter.net/cgi-bin/confirmeph2.cgi
20260512T073107Z,2026-05-12T07:31:07.114632Z,20260512T073107Z_batch01,ST26E18,2026-05-12T06:00:00Z,15 29 10.4,232.29333333333332,-14 23 13,-14.386944444444444,175.0,22.9,1.33,125.7,Map/Offsets   !,https://cgi.minorplanetcenter.net/cgi-bin/confirmeph2.cgi
20260512T073107Z,2026-05-12T07:31:07.114632Z,20260512T073107Z_batch01,ST26E18,2026-05-12T07:00:00Z,15 29 14.8,232.31166666666667,-14 23 59,-14.399722222222222,175.0,23.0,1.3,125.7,Map/Offsets   !,https://cgi.minorplanetcenter.net/cgi-bin/confirmeph2.cgi
20260512T073107Z,2026-05-12T07:31:07.114632Z,20260512T073107Z_batch01,ST26E18,2026-05-12T08:00:00Z,15 29 19.1,232.32958333333332,-14 24 44,-14.412222222222223,175.0,23.0,1.26,125.7,Map/Offsets   !,https://cgi.minorplanetcenter.net/cgi-bin/confirmeph2.cgi
20260512T073107Z,2026-05-12T07:31:07.114632Z,20260512T073107Z_batch01,ST26E18,2026-05-12T09:00:00Z,15 29 23.3,232.3470833333333,-14 25 28,-14.424444444444443,175.0,23.0,1.23,125.8,Map/Offsets   !,https://cgi.minorplanetcenter.net/cgi-bin/confirmeph2.cgi
20260512T073107Z,2026-05-12T07:31:07.114632Z,20260512T073107Z_batch01,ST26E18,2026-05-12T10:00:00Z,15 29 27.4,232.36416666666665,-14 26 11,-14.436388888888889,175.1,23.1,1.2,125.8,Map/Offsets   !,https://cgi.minorplanetcenter.net/cgi-bin/confirmeph2.cgi
20260512T073107Z,2026-05-12T07:31:07.114632Z,20260512T073107Z_batch01,ST26E18,2026-05-12T11:00:00Z,15 29 31.4,232.3808333333333,-14 26 52,-14.447777777777778,175.1,23.1,1.18,125.8,Map/Offsets   !,https://cgi.minorplanetcenter.net/cgi-bin/confirmeph2.cgi
20260512T073107Z,2026-05-12T07:31:07.114632Z,20260512T073107Z_batch01,ST26E18,2026-05-12T12:00:00Z,15 29 35.3,232.3970833333333,-14 27 33,-14.459166666666667,175.1,23.1,1.15,125.8,Map/Offsets   !,https://cgi.minorplanetcenter.net/cgi-bin/confirmeph2.cgi
20260512T073107Z,2026-05-12T07:31:07.114632Z,20260512T073107Z_batch01,ST26E18,2026-05-12T13:00:00Z,15 29 39.1,232.41291666666666,-14 28 13,-14.470277777777778,175.1,23.1,1.12,125.8,Map/Offsets   !,https://cgi.minorplanetcenter.net/cgi-bin/confirmeph2.cgi
20260512T073107Z,2026-05-12T07:31:07.114632Z,20260512T073107Z_batch01,ST26E18,2026-05-12T14:00:00Z,15 29 42.8,232.4283333333333,-14 28 52,-14.481111111111112,175.1,23.2,1.1,125.9,Map/Offsets   !,https://cgi.minorplanetcenter.net/cgi-bin/confirmeph2.cgi
20260512T073107Z,2026-05-12T07:31:07.114632Z,20260512T073107Z_batch01,ST26E18,2026-05-12T15:00:00Z,15 29 46.4,232.4433333333333,-14 29 30,-14.491666666666665,175.1,23.2,1.07,125.9,Map/Offsets   !,https://cgi.minorplanetcenter.net/cgi-bin/confirmeph2.cgi
20260512T073107Z,2026-05-12T07:31:07.114632Z,20260512T073107Z_batch01,ST26E18,2026-05-12T16:00:00Z,15 29 49.9,232.45791666666668,-14 30 07,-14.501944444444444,175.2,23.2,1.05,125.9,Map/Offsets   !,https://cgi.minorplanetcenter.net/cgi-bin/confirmeph2.cgi
20260512T073107Z,2026-05-12T07:31:07.114632Z,20260512T073107Z_batch01,ST26E18,2026-05-12T17:00:00Z,15 29 53.4,232.4725,-14 30 44,-14.512222222222222,175.2,23.2,1.02,125.9,Map/Offsets   !,https://cgi.minorplanetcenter.net/cgi-bin/confirmeph2.cgi
20260512T073107Z,2026-05-12T07:31:07.114632Z,20260512T073107Z_batch01,ST26E18,2026-05-12T18:00:00Z,15 29 56.8,232.48666666666665,-14 31 19,-14.521944444444445,175.2,23.2,1.0,126.0,Map/Offsets   !,https://cgi.minorplanetcenter.net/cgi-bin/confirmeph2.cgi
20260512T073107Z,2026-05-12T07:31:07.114632Z,20260512T073107Z_batch01,ST26E18,2026-05-12T19:00:00Z,15 30 00.1,232.50041666666667,-14 31 54,-14.531666666666668,175.2,23.3,0.98,126.0,Map/Offsets   !,https://cgi.minorplanetcenter.net/cgi-bin/confirmeph2.cgi
20260512T073107Z,2026-05-12T07:31:07.114632Z,20260512T073107Z_batch01,ST26E18,2026-05-12T20:00:00Z,15 30 03.3,232.51375000000002,-14 32 29,-14.54138888888889,175.2,23.3,0.96,126.0,Map/Offsets   !,https://cgi.minorplanetcenter.net/cgi-bin/confirmeph2.cgi
20260512T073107Z,2026-05-12T07:31:07.114632Z,20260512T073107Z_batch01,ST26E18,2026-05-12T21:00:00Z,15 30 06.5,232.52708333333334,-14 33 02,-14.550555555555556,175.2,23.3,0.94,126.1,Map/Offsets   !,https://cgi.minorplanetcenter.net/cgi-bin/confirmeph2.cgi
20260512T073107Z,2026-05-12T07:31:07.114632Z,20260512T073107Z_batch01,ST26E18,2026-05-12T22:00:00Z,15 30 09.6,232.54,-14 33 35,-14.559722222222224,175.3,23.3,0.92,126.1,Map/Offsets   !,https://cgi.minorplanetcenter.net/cgi-bin/confirmeph2.cgi
20260512T073107Z,2026-05-12T07:31:07.114632Z,20260512T073107Z_batch01,ST26E18,2026-05-12T23:00:00Z,15 30 12.7,232.55291666666668,-14 34 07,-14.56861111111111,175.3,23.4,0.9,126.1,Map/Offsets   !,https://cgi.minorplanetcenter.net/cgi-bin/confirmeph2.cgi
20260512T073107Z,2026-05-12T07:31:07.114632Z,20260512T073107Z_batch01,ST26E18,2026-05-13T00:00:00Z,15 30 15.6,232.565,-14 34 39,-14.5775,175.3,23.4,0.88,126.1,Map/Offsets   !,https://cgi.minorplanetcenter.net/cgi-bin/confirmeph2.cgi
20260512T073107Z,2026-05-12T07:31:07.114632Z,20260512T073107Z_batch01,ST26E18,2026-05-13T01:00:00Z,15 30 18.5,232.57708333333332,-14 35 09,-14.585833333333333,175.3,23.4,0.86,126.2,Map/Offsets   !,https://cgi.minorplanetcenter.net/cgi-bin/confirmeph2.cgi
20260512T073107Z,2026-05-12T07:31:07.114632Z,20260512T073107Z_batch01,ST26E18,2026-05-13T02:00:00Z,15 30 21.4,232.58916666666667,-14 35 40,-14.594444444444445,175.3,23.4,0.85,126.2,Map/Offsets   !,https://cgi.minorplanetcenter.net/cgi-bin/confirmeph2.cgi
20260512T073107Z,2026-05-12T07:31:07.114632Z,20260512T073107Z_batch01,ST26E18,2026-05-13T03:00:00Z,15 30 24.2,232.60083333333336,-14 36 09,-14.6025,175.3,23.5,0.83,126.2,Map/Offsets   !,https://cgi.minorplanetcenter.net/cgi-bin/confirmeph2.cgi
20260512T073107Z,2026-05-12T07:31:07.114632Z,20260512T073107Z_batch01,ST26E18,2026-05-13T04:00:00Z,15 30 26.9,232.61208333333335,-14 36 39,-14.610833333333334,175.4,23.5,0.81,126.3,Map/Offsets   !,https://cgi.minorplanetcenter.net/cgi-bin/confirmeph2.cgi
20260512T073107Z,2026-05-12T07:31:07.114632Z,20260512T073107Z_batch01,ST26E18,2026-05-13T05:00:00Z,15 30 29.6,232.62333333333333,-14 37 07,-14.618611111111111,175.4,23.5,0.8,126.3,Map/Offsets   !,https://cgi.minorplanetcenter.net/cgi-bin/confirmeph2.cgi
20260512T073107Z,2026-05-12T07:31:07.114632Z,20260512T073107Z_batch01,ST26E18,2026-05-13T06:00:00Z,15 30 32.2,232.6341666666667,-14 37 35,-14.62638888888889,175.4,23.5,0.78,126.3,Map/Offsets   !,https://cgi.minorplanetcenter.net/cgi-bin/confirmeph2.cgi
20260512T073107Z,2026-05-12T07:31:07.114632Z,20260512T073107Z_batch01,CELRZD2,2026-05-12T06:00:00Z,12 29 31.4,187.3808333333333,+36 04 25,36.07361111111111,113.2,22.2,1.94,308.5,Map/Offsets,https://cgi.minorplanetcenter.net/cgi-bin/confirmeph2.cgi
20260512T073107Z,2026-05-12T07:31:07.114632Z,20260512T073107Z_batch01,CELRZD2,2026-05-12T07:00:00Z,12 29 23.8,187.34916666666666,+36 05 37,36.093611111111116,113.2,22.2,1.93,308.5,Map/Offsets,https://cgi.minorplanetcenter.net/cgi-bin/confirmeph2.cgi
20260512T073107Z,2026-05-12T07:31:07.114632Z,20260512T073107Z_batch01,CELRZD2,2026-05-12T08:00:00Z,12 29 16.4,187.31833333333333,+36 06 49,36.11361111111111,113.1,22.2,1.91,308.4,Map/Offsets,https://cgi.minorplanetcenter.net/cgi-bin/confirmeph2.cgi
20260512T073107Z,2026-05-12T07:31:07.114632Z,20260512T073107Z_batch01,CELRZD2,2026-05-12T09:00:00Z,12 29 09.0,187.28749999999997,+36 07 59,36.13305555555556,113.0,22.2,1.89,308.4,Map/Offsets,https://cgi.minorplanetcenter.net/cgi-bin/confirmeph2.cgi
20260512T073107Z,2026-05-12T07:31:07.114632Z,20260512T073107Z_batch01,CELRZD2,2026-05-12T10:00:00Z,12 29 01.7,187.25708333333333,+36 09 09,36.152499999999996,113.0,22.2,1.87,308.4,Map/Offsets,https://cgi.minorplanetcenter.net/cgi-bin/confirmeph2.cgi
20260512T073107Z,2026-05-12T07:31:07.114632Z,20260512T073107Z_batch01,CELRZD2,2026-05-12T11:00:00Z,12 28 54.5,187.22708333333333,+36 10 19,36.17194444444444,112.9,22.3,1.86,308.4,Map/Offsets,https://cgi.minorplanetcenter.net/cgi-bin/confirmeph2.cgi
20260512T073107Z,2026-05-12T07:31:07.114632Z,20260512T073107Z_batch01,CELRZD2,2026-05-12T12:00:00Z,12 28 47.3,187.19708333333335,+36 11 28,36.191111111111105,112.8,22.3,1.84,308.3,Map/Offsets,https://cgi.minorplanetcenter.net/cgi-bin/confirmeph2.cgi
20260512T073107Z,2026-05-12T07:31:07.114632Z,20260512T073107Z_batch01,CELRZD2,2026-05-12T13:00:00Z,12 28 40.2,187.1675,+36 12 36,36.21,112.8,22.3,1.82,308.3,Map/Offsets,https://cgi.minorplanetcenter.net/cgi-bin/confirmeph2.cgi
20260512T073107Z,2026-05-12T07:31:07.114632Z,20260512T073107Z_batch01,CELRZD2,2026-05-12T14:00:00Z,12 28 33.2,187.13833333333332,+36 13 43,36.228611111111114,112.7,22.3,1.8,308.3,Map/Offsets,https://cgi.minorplanetcenter.net/cgi-bin/confirmeph2.cgi
20260512T073107Z,2026-05-12T07:31:07.114632Z,20260512T073107Z_batch01,CELRZD2,2026-05-12T15:00:00Z,12 28 26.2,187.10916666666668,+36 14 50,36.24722222222222,112.7,22.3,1.79,308.2,Map/Offsets,https://cgi.minorplanetcenter.net/cgi-bin/confirmeph2.cgi
20260512T073107Z,2026-05-12T07:31:07.114632Z,20260512T073107Z_batch01,CELRZD2,2026-05-12T16:00:00Z,12 28 19.2,187.07999999999998,+36 15 56,36.26555555555556,112.6,22.3,1.77,308.2,Map/Offsets,https://cgi.minorplanetcenter.net/cgi-bin/confirmeph2.cgi
20260512T073107Z,2026-05-12T07:31:07.114632Z,20260512T073107Z_batch01,CELRZD2,2026-05-12T17:00:00Z,12 28 12.4,187.05166666666665,+36 17 01,36.28361111111111,112.5,22.3,1.75,308.2,Map/Offsets,https://cgi.minorplanetcenter.net/cgi-bin/confirmeph2.cgi
20260512T073107Z,2026-05-12T07:31:07.114632Z,20260512T073107Z_batch01,CELRZD2,2026-05-12T18:00:00Z,12 28 05.5,187.02291666666667,+36 18 06,36.30166666666666,112.5,22.3,1.74,308.2,Map/Offsets,https://cgi.minorplanetcenter.net/cgi-bin/confirmeph2.cgi
20260512T073107Z,2026-05-12T07:31:07.114632Z,20260512T073107Z_batch01,CELRZD2,2026-05-12T19:00:00Z,12 27 58.8,186.995,+36 19 10,36.31944444444445,112.4,22.3,1.72,308.1,Map/Offsets,https://cgi.minorplanetcenter.net/cgi-bin/confirmeph2.cgi
20260512T073107Z,2026-05-12T07:31:07.114632Z,20260512T073107Z_batch01,CELRZD2,2026-05-12T20:00:00Z,12 27 52.1,186.96708333333333,+36 20 14,36.33722222222222,112.4,22.3,1.71,308.1,Map/Offsets,https://cgi.minorplanetcenter.net/cgi-bin/confirmeph2.cgi
20260512T073107Z,2026-05-12T07:31:07.114632Z,20260512T073107Z_batch01,CELRZD2,2026-05-12T21:00:00Z,12 27 45.4,186.93916666666667,+36 21 17,36.35472222222222,112.3,22.4,1.69,308.1,Map/Offsets,https://cgi.minorplanetcenter.net/cgi-bin/confirmeph2.cgi
20260512T073107Z,2026-05-12T07:31:07.114632Z,20260512T073107Z_batch01,CELRZD2,2026-05-12T22:00:00Z,12 27 38.9,186.9120833333333,+36 22 19,36.371944444444445,112.2,22.4,1.68,308.1,Map/Offsets,https://cgi.minorplanetcenter.net/cgi-bin/confirmeph2.cgi
20260512T073107Z,2026-05-12T07:31:07.114632Z,20260512T073107Z_batch01,CELRZD2,2026-05-12T23:00:00Z,12 27 32.3,186.88458333333332,+36 23 21,36.38916666666667,112.2,22.4,1.66,308.0,Map/Offsets,https://cgi.minorplanetcenter.net/cgi-bin/confirmeph2.cgi
20260512T073107Z,2026-05-12T07:31:07.114632Z,20260512T073107Z_batch01,CELRZD2,2026-05-13T00:00:00Z,12 27 25.9,186.85791666666665,+36 24 22,36.40611111111111,112.1,22.4,1.65,308.0,Map/Offsets,https://cgi.minorplanetcenter.net/cgi-bin/confirmeph2.cgi
20260512T073107Z,2026-05-12T07:31:07.114632Z,20260512T073107Z_batch01,CELRZD2,2026-05-13T01:00:00Z,12 27 19.4,186.83083333333335,+36 25 22,36.422777777777775,112.1,22.4,1.63,308.0,Map/Offsets,https://cgi.minorplanetcenter.net/cgi-bin/confirmeph2.cgi
20260512T073107Z,2026-05-12T07:31:07.114632Z,20260512T073107Z_batch01,CELRZD2,2026-05-13T02:00:00Z,12 27 13.1,186.8045833333333,+36 26 22,36.43944444444444,112.0,22.4,1.62,308.0,Map/Offsets,https://cgi.minorplanetcenter.net/cgi-bin/confirmeph2.cgi
20260512T073107Z,2026-05-12T07:31:07.114632Z,20260512T073107Z_batch01,CELRZD2,2026-05-13T03:00:00Z,12 27 06.8,186.7783333333333,+36 27 22,36.45611111111111,112.0,22.4,1.6,307.9,Map/Offsets,https://cgi.minorplanetcenter.net/cgi-bin/confirmeph2.cgi
20260512T073107Z,2026-05-12T07:31:07.114632Z,20260512T073107Z_batch01,CELRZD2,2026-05-13T04:00:00Z,12 27 00.5,186.75208333333333,+36 28 21,36.472500000000004,111.9,22.4,1.59,307.9,Map/Offsets,https://cgi.minorplanetcenter.net/cgi-bin/confirmeph2.cgi
20260512T073107Z,2026-05-12T07:31:07.114632Z,20260512T073107Z_batch01,CELRZD2,2026-05-13T05:00:00Z,12 26 54.3,186.72625,+36 29 19,36.48861111111111,111.8,22.4,1.57,307.9,Map/Offsets,https://cgi.minorplanetcenter.net/cgi-bin/confirmeph2.cgi
20260512T073107Z,2026-05-12T07:31:07.114632Z,20260512T073107Z_batch01,CELRZD2,2026-05-13T06:00:00Z,12 26 48.1,186.70041666666668,+36 30 17,36.50472222222222,111.8,22.4,1.56,307.9,Map/Offsets,https://cgi.minorplanetcenter.net/cgi-bin/confirmeph2.cgi
20260512T073107Z,2026-05-12T07:31:07.114632Z,20260512T073107Z_batch01,TF26E23,2026-05-12T06:00:00Z,12 56 44.8,194.18666666666667,-03 43 44,-3.728888888888889,143.3,17.8,2.83,293.7,Map/Offsets,https://cgi.minorplanetcenter.net/cgi-bin/confirmeph2.cgi
20260512T073107Z,2026-05-12T07:31:07.114632Z,20260512T073107Z_batch01,TF26E23,2026-05-12T07:00:00Z,12 56 34.5,194.14375,-03 42 36,-3.71,143.2,17.8,2.8,293.7,Map/Offsets,https://cgi.minorplanetcenter.net/cgi-bin/confirmeph2.cgi
20260512T073107Z,2026-05-12T07:31:07.114632Z,20260512T073107Z_batch01,TF26E23,2026-05-12T08:00:00Z,12 56 24.2,194.10083333333336,-03 41 29,-3.691388888888889,143.1,17.8,2.77,293.7,Map/Offsets,https://cgi.minorplanetcenter.net/cgi-bin/confirmeph2.cgi
20260512T073107Z,2026-05-12T07:31:07.114632Z,20260512T073107Z_batch01,TF26E23,2026-05-12T09:00:00Z,12 56 14.1,194.05875,-03 40 23,-3.6730555555555555,143.0,17.8,2.73,293.7,Map/Offsets,https://cgi.minorplanetcenter.net/cgi-bin/confirmeph2.cgi
20260512T073107Z,2026-05-12T07:31:07.114632Z,20260512T073107Z_batch01,TF26E23,2026-05-12T10:00:00Z,12 56 04.2,194.01749999999998,-03 39 17,-3.654722222222222,142.9,17.9,2.7,293.7,Map/Offsets,https://cgi.minorplanetcenter.net/cgi-bin/confirmeph2.cgi
20260512T073107Z,2026-05-12T07:31:07.114632Z,20260512T073107Z_batch01,TF26E23,2026-05-12T11:00:00Z,12 55 54.3,193.97625,-03 38 12,-3.6366666666666667,142.8,17.9,2.67,293.7,Map/Offsets,https://cgi.minorplanetcenter.net/cgi-bin/confirmeph2.cgi
20260512T073107Z,2026-05-12T07:31:07.114632Z,20260512T073107Z_batch01,TF26E23,2026-05-12T12:00:00Z,12 55 44.5,193.93541666666667,-03 37 08,-3.618888888888889,142.8,17.9,2.64,293.7,Map/Offsets,https://cgi.minorplanetcenter.net/cgi-bin/confirmeph2.cgi
20260512T073107Z,2026-05-12T07:31:07.114632Z,20260512T073107Z_batch01,TF26E23,2026-05-12T13:00:00Z,12 55 34.9,193.89541666666665,-03 36 05,-3.601388888888889,142.7,17.9,2.61,293.7,Map/Offsets,https://cgi.minorplanetcenter.net/cgi-bin/confirmeph2.cgi
20260512T073107Z,2026-05-12T07:31:07.114632Z,20260512T073107Z_batch01,TF26E23,2026-05-12T14:00:00Z,12 55 25.4,193.85583333333332,-03 35 02,-3.583888888888889,142.6,17.9,2.58,293.7,Map/Offsets,https://cgi.minorplanetcenter.net/cgi-bin/confirmeph2.cgi
20260512T073107Z,2026-05-12T07:31:07.114632Z,20260512T073107Z_batch01,TF26E23,2026-05-12T15:00:00Z,12 55 16.0,193.81666666666666,-03 34 01,-3.5669444444444443,142.5,17.9,2.55,293.7,Map/Offsets,https://cgi.minorplanetcenter.net/cgi-bin/confirmeph2.cgi
20260512T073107Z,2026-05-12T07:31:07.114632Z,20260512T073107Z_batch01,TF26E23,2026-05-12T16:00:00Z,12 55 06.7,193.77791666666667,-03 33 00,-3.55,142.4,17.9,2.52,293.7,Map/Offsets,https://cgi.minorplanetcenter.net/cgi-bin/confirmeph2.cgi
20260512T073107Z,2026-05-12T07:31:07.114632Z,20260512T073107Z_batch01,TF26E23,2026-05-12T17:00:00Z,12 54 57.4,193.73916666666668,-03 31 59,-3.5330555555555554,142.3,18.0,2.49,293.7,Map/Offsets,https://cgi.minorplanetcenter.net/cgi-bin/confirmeph2.cgi
20260512T073107Z,2026-05-12T07:31:07.114632Z,20260512T073107Z_batch01,TF26E23,2026-05-12T18:00:00Z,12 54 48.3,193.70125,-03 30 59,-3.516388888888889,142.3,18.0,2.47,293.7,Map/Offsets,https://cgi.minorplanetcenter.net/cgi-bin/confirmeph2.cgi
20260512T073107Z,2026-05-12T07:31:07.114632Z,20260512T073107Z_batch01,TF26E23,2026-05-12T19:00:00Z,12 54 39.3,193.66375,-03 30 00,-3.5,142.2,18.0,2.44,293.7,Map/Offsets,https://cgi.minorplanetcenter.net/cgi-bin/confirmeph2.cgi
20260512T073107Z,2026-05-12T07:31:07.114632Z,20260512T073107Z_batch01,TF26E23,2026-05-12T20:00:00Z,12 54 30.5,193.62708333333333,-03 29 02,-3.483888888888889,142.1,18.0,2.41,293.7,Map/Offsets,https://cgi.minorplanetcenter.net/cgi-bin/confirmeph2.cgi
20260512T073107Z,2026-05-12T07:31:07.114632Z,20260512T073107Z_batch01,TF26E23,2026-05-12T21:00:00Z,12 54 21.7,193.59041666666667,-03 28 04,-3.467777777777778,142.0,18.0,2.38,293.7,Map/Offsets,https://cgi.minorplanetcenter.net/cgi-bin/confirmeph2.cgi
20260512T073107Z,2026-05-12T07:31:07.114632Z,20260512T073107Z_batch01,TF26E23,2026-05-12T22:00:00Z,12 54 13.0,193.55416666666667,-03 27 07,-3.4519444444444445,141.9,18.0,2.36,293.7,Map/Offsets,https://cgi.minorplanetcenter.net/cgi-bin/confirmeph2.cgi
20260512T073107Z,2026-05-12T07:31:07.114632Z,20260512T073107Z_batch01,TF26E23,2026-05-12T23:00:00Z,12 54 04.4,193.51833333333332,-03 26 10,-3.4361111111111113,141.9,18.0,2.33,293.7,Map/Offsets,https://cgi.minorplanetcenter.net/cgi-bin/confirmeph2.cgi
20260512T073107Z,2026-05-12T07:31:07.114632Z,20260512T073107Z_batch01,TF26E23,2026-05-13T00:00:00Z,12 53 55.8,193.4825,-03 25 15,-3.4208333333333334,141.8,18.1,2.31,293.7,Map/Offsets,https://cgi.minorplanetcenter.net/cgi-bin/confirmeph2.cgi
20260512T073107Z,2026-05-12T07:31:07.114632Z,20260512T073107Z_batch01,TF26E23,2026-05-13T01:00:00Z,12 53 47.4,193.4475,-03 24 19,-3.4052777777777776,141.7,18.1,2.28,293.7,Map/Offsets,https://cgi.minorplanetcenter.net/cgi-bin/confirmeph2.cgi
20260512T073107Z,2026-05-12T07:31:07.114632Z,20260512T073107Z_batch01,TF26E23,2026-05-13T02:00:00Z,12 53 39.1,193.41291666666666,-03 23 25,-3.390277777777778,141.6,18.1,2.26,293.7,Map/Offsets,https://cgi.minorplanetcenter.net/cgi-bin/confirmeph2.cgi
20260512T073107Z,2026-05-12T07:31:07.114632Z,20260512T073107Z_batch01,TF26E23,2026-05-13T03:00:00Z,12 53 30.9,193.37875,-03 22 31,-3.375277777777778,141.6,18.1,2.23,293.7,Map/Offsets,https://cgi.minorplanetcenter.net/cgi-bin/confirmeph2.cgi
20260512T073107Z,2026-05-12T07:31:07.114632Z,20260512T073107Z_batch01,TF26E23,2026-05-13T04:00:00Z,12 53 22.7,193.3445833333333,-03 21 37,-3.3602777777777777,141.5,18.1,2.21,293.7,Map/Offsets,https://cgi.minorplanetcenter.net/cgi-bin/confirmeph2.cgi
20260512T073107Z,2026-05-12T07:31:07.114632Z,20260512T073107Z_batch01,TF26E23,2026-05-13T05:00:00Z,12 53 14.7,193.31125,-03 20 44,-3.345555555555556,141.4,18.1,2.18,293.7,Map/Offsets,https://cgi.minorplanetcenter.net/cgi-bin/confirmeph2.cgi
20260512T073107Z,2026-05-12T07:31:07.114632Z,20260512T073107Z_batch01,TF26E23,2026-05-13T06:00:00Z,12 53 06.7,193.27791666666667,-03 19 52,-3.331111111111111,141.3,18.1,2.16,293.7,Map/Offsets,https://cgi.minorplanetcenter.net/cgi-bin/confirmeph2.cgi
20260512T073107Z,2026-05-12T07:31:07.114632Z,20260512T073107Z_batch01,ZTF10Dl,2026-05-12T06:00:00Z,18 53 02.6,283.2608333333333,-15 31 24,-15.523333333333333,127.9,21.3,5.81,89.6,Map/Offsets   !,https://cgi.minorplanetcenter.net/cgi-bin/confirmeph2.cgi
20260512T073107Z,2026-05-12T07:31:07.114632Z,20260512T073107Z_batch01,ZTF10Dl,2026-05-12T07:00:00Z,18 53 26.5,283.3604166666667,-15 31 22,-15.522777777777778,127.9,21.3,5.7,89.6,Map/Offsets   !,https://cgi.minorplanetcenter.net/cgi-bin/confirmeph2.cgi
20260512T073107Z,2026-05-12T07:31:07.114632Z,20260512T073107Z_batch01,ZTF10Dl,2026-05-12T08:00:00Z,18 53 49.9,283.4579166666667,-15 31 19,-15.521944444444445,127.8,21.4,5.58,89.5,Map/Offsets   !,https://cgi.minorplanetcenter.net/cgi-bin/confirmeph2.cgi
20260512T073107Z,2026-05-12T07:31:07.114632Z,20260512T073107Z_batch01,ZTF10Dl,2026-05-12T09:00:00Z,18 54 12.8,283.5533333333333,-15 31 17,-15.52138888888889,127.8,21.4,5.47,89.5,Map/Offsets   !,https://cgi.minorplanetcenter.net/cgi-bin/confirmeph2.cgi
20260512T073107Z,2026-05-12T07:31:07.114632Z,20260512T073107Z_batch01,ZTF10Dl,2026-05-12T10:00:00Z,18 54 35.3,283.6470833333333,-15 31 14,-15.520555555555557,127.7,21.4,5.37,89.5,Map/Offsets   !,https://cgi.minorplanetcenter.net/cgi-bin/confirmeph2.cgi
20260512T073107Z,2026-05-12T07:31:07.114632Z,20260512T073107Z_batch01,ZTF10Dl,2026-05-12T11:00:00Z,18 54 57.4,283.7391666666666,-15 31 11,-15.519722222222223,127.7,21.4,5.26,89.5,Map/Offsets   !,https://cgi.minorplanetcenter.net/cgi-bin/confirmeph2.cgi
20260512T073107Z,2026-05-12T07:31:07.114632Z,20260512T073107Z_batch01,ZTF10Dl,2026-05-12T12:00:00Z,18 55 19.0,283.8291666666667,-15 31 08,-15.51888888888889,127.6,21.5,5.16,89.5,Map/Offsets   !,https://cgi.minorplanetcenter.net/cgi-bin/confirmeph2.cgi
20260512T073107Z,2026-05-12T07:31:07.114632Z,20260512T073107Z_batch01,ZTF10Dl,2026-05-12T13:00:00Z,18 55 40.3,283.9179166666667,-15 31 05,-15.518055555555556,127.6,21.5,5.07,89.4,Map/Offsets   !,https://cgi.minorplanetcenter.net/cgi-bin/confirmeph2.cgi
20260512T073107Z,2026-05-12T07:31:07.114632Z,20260512T073107Z_batch01,ZTF10Dl,2026-05-12T14:00:00Z,18 56 01.1,284.00458333333336,-15 31 02,-15.517222222222223,127.5,21.5,4.97,89.4,Map/Offsets   !,https://cgi.minorplanetcenter.net/cgi-bin/confirmeph2.cgi
20260512T073107Z,2026-05-12T07:31:07.114632Z,20260512T073107Z_batch01,ZTF10Dl,2026-05-12T15:00:00Z,18 56 21.5,284.08958333333334,-15 30 59,-15.516388888888889,127.5,21.5,4.88,89.4,Map/Offsets   !,https://cgi.minorplanetcenter.net/cgi-bin/confirmeph2.cgi
20260512T073107Z,2026-05-12T07:31:07.114632Z,20260512T073107Z_batch01,ZTF10Dl,2026-05-12T16:00:00Z,18 56 41.6,284.17333333333335,-15 30 56,-15.515555555555556,127.5,21.5,4.79,89.4,Map/Offsets   !,https://cgi.minorplanetcenter.net/cgi-bin/confirmeph2.cgi
20260512T073107Z,2026-05-12T07:31:07.114632Z,20260512T073107Z_batch01,ZTF10Dl,2026-05-12T17:00:00Z,18 57 01.3,284.25541666666663,-15 30 53,-15.514722222222222,127.4,21.6,4.7,89.4,Map/Offsets   !,https://cgi.minorplanetcenter.net/cgi-bin/confirmeph2.cgi
20260512T073107Z,2026-05-12T07:31:07.114632Z,20260512T073107Z_batch01,ZTF10Dl,2026-05-12T18:00:00Z,18 57 20.6,284.3358333333333,-15 30 50,-15.51388888888889,127.4,21.6,4.61,89.4,Map/Offsets   !,https://cgi.minorplanetcenter.net/cgi-bin/confirmeph2.cgi
20260512T073107Z,2026-05-12T07:31:07.114632Z,20260512T073107Z_batch01,ZTF10Dl,2026-05-12T19:00:00Z,18 57 39.6,284.41499999999996,-15 30 47,-15.513055555555555,127.4,21.6,4.53,89.3,Map/Offsets   !,https://cgi.minorplanetcenter.net/cgi-bin/confirmeph2.cgi
20260512T073107Z,2026-05-12T07:31:07.114632Z,20260512T073107Z_batch01,ZTF10Dl,2026-05-12T20:00:00Z,18 57 58.2,284.4925,-15 30 44,-15.512222222222222,127.3,21.6,4.45,89.3,Map/Offsets   !,https://cgi.minorplanetcenter.net/cgi-bin/confirmeph2.cgi
20260512T073107Z,2026-05-12T07:31:07.114632Z,20260512T073107Z_batch01,ZTF10Dl,2026-05-12T21:00:00Z,18 58 16.6,284.5691666666666,-15 30 41,-15.511388888888888,127.3,21.6,4.37,89.3,Map/Offsets   !,https://cgi.minorplanetcenter.net/cgi-bin/confirmeph2.cgi
20260512T073107Z,2026-05-12T07:31:07.114632Z,20260512T073107Z_batch01,ZTF10Dl,2026-05-12T22:00:00Z,18 58 34.5,284.64374999999995,-15 30 38,-15.510555555555555,127.3,21.7,4.29,89.3,Map/Offsets   !,https://cgi.minorplanetcenter.net/cgi-bin/confirmeph2.cgi
20260512T073107Z,2026-05-12T07:31:07.114632Z,20260512T073107Z_batch01,ZTF10Dl,2026-05-12T23:00:00Z,18 58 52.2,284.7175,-15 30 35,-15.509722222222223,127.2,21.7,4.22,89.3,Map/Offsets   !,https://cgi.minorplanetcenter.net/cgi-bin/confirmeph2.cgi
20260512T073107Z,2026-05-12T07:31:07.114632Z,20260512T073107Z_batch01,ZTF10Dl,2026-05-13T00:00:00Z,18 59 09.6,284.79,-15 30 31,-15.508611111111112,127.2,21.7,4.15,89.3,Map/Offsets   !,https://cgi.minorplanetcenter.net/cgi-bin/confirmeph2.cgi
20260512T073107Z,2026-05-12T07:31:07.114632Z,20260512T073107Z_batch01,ZTF10Dl,2026-05-13T01:00:00Z,18 59 26.6,284.86083333333335,-15 30 28,-15.507777777777777,127.2,21.7,4.07,89.3,Map/Offsets   !,https://cgi.minorplanetcenter.net/cgi-bin/confirmeph2.cgi
20260512T073107Z,2026-05-12T07:31:07.114632Z,20260512T073107Z_batch01,ZTF10Dl,2026-05-13T02:00:00Z,18 59 43.4,284.93083333333334,-15 30 25,-15.506944444444445,127.1,21.7,4.0,89.3,Map/Offsets   !,https://cgi.minorplanetcenter.net/cgi-bin/confirmeph2.cgi
20260512T073107Z,2026-05-12T07:31:07.114632Z,20260512T073107Z_batch01,ZTF10Dl,2026-05-13T03:00:00Z,18 59 59.9,284.99958333333336,-15 30 22,-15.50611111111111,127.1,21.8,3.94,89.2,Map/Offsets   !,https://cgi.minorplanetcenter.net/cgi-bin/confirmeph2.cgi
20260512T073107Z,2026-05-12T07:31:07.114632Z,20260512T073107Z_batch01,ZTF10Dl,2026-05-13T04:00:00Z,19 00 16.1,285.06708333333336,-15 30 19,-15.505277777777778,127.1,21.8,3.87,89.2,Map/Offsets   !,https://cgi.minorplanetcenter.net/cgi-bin/confirmeph2.cgi
20260512T073107Z,2026-05-12T07:31:07.114632Z,20260512T073107Z_batch01,ZTF10Dl,2026-05-13T05:00:00Z,19 00 32.0,285.1333333333333,-15 30 16,-15.504444444444445,127.1,21.8,3.8,89.2,Map/Offsets   !,https://cgi.minorplanetcenter.net/cgi-bin/confirmeph2.cgi
20260512T073107Z,2026-05-12T07:31:07.114632Z,20260512T073107Z_batch01,ZTF10Dl,2026-05-13T06:00:00Z,19 00 47.6,285.1983333333333,-15 30 13,-15.50361111111111,127.0,21.8,3.74,89.2,Map/Offsets   !,https://cgi.minorplanetcenter.net/cgi-bin/confirmeph2.cgi
20260512T073107Z,2026-05-12T07:31:07.114632Z,20260512T073107Z_batch01,ST26E14,2026-05-12T06:00:00Z,13 20 50.4,200.21,-03 10 45,-3.1791666666666667,148.3,17.9,1.21,305.4,Map/Offsets,https://cgi.minorplanetcenter.net/cgi-bin/confirmeph2.cgi
20260512T073107Z,2026-05-12T07:31:07.114632Z,20260512T073107Z_batch01,ST26E14,2026-05-12T07:00:00Z,13 20 46.5,200.19375000000002,-03 10 03,-3.1675,148.3,17.9,1.21,305.4,Map/Offsets,https://cgi.minorplanetcenter.net/cgi-bin/confirmeph2.cgi
20260512T073107Z,2026-05-12T07:31:07.114632Z,20260512T073107Z_batch01,ST26E14,2026-05-12T08:00:00Z,13 20 42.5,200.17708333333334,-03 09 20,-3.1555555555555554,148.2,17.9,1.21,305.5,Map/Offsets,https://cgi.minorplanetcenter.net/cgi-bin/confirmeph2.cgi
20260512T073107Z,2026-05-12T07:31:07.114632Z,20260512T073107Z_batch01,ST26E14,2026-05-12T09:00:00Z,13 20 38.5,200.1604166666667,-03 08 38,-3.1438888888888887,148.2,17.9,1.21,305.5,Map/Offsets,https://cgi.minorplanetcenter.net/cgi-bin/confirmeph2.cgi
20260512T073107Z,2026-05-12T07:31:07.114632Z,20260512T073107Z_batch01,ST26E14,2026-05-12T10:00:00Z,13 20 34.6,200.14416666666668,-03 07 56,-3.1322222222222225,148.1,17.9,1.21,305.5,Map/Offsets,https://cgi.minorplanetcenter.net/cgi-bin/confirmeph2.cgi
20260512T073107Z,2026-05-12T07:31:07.114632Z,20260512T073107Z_batch01,ST26E14,2026-05-12T11:00:00Z,13 20 30.6,200.1275,-03 07 14,-3.1205555555555557,148.0,17.8,1.21,305.5,Map/Offsets,https://cgi.minorplanetcenter.net/cgi-bin/confirmeph2.cgi
20260512T073107Z,2026-05-12T07:31:07.114632Z,20260512T073107Z_batch01,ST26E14,2026-05-12T12:00:00Z,13 20 26.7,200.11124999999998,-03 06 31,-3.108611111111111,148.0,17.8,1.21,305.5,Map/Offsets,https://cgi.minorplanetcenter.net/cgi-bin/confirmeph2.cgi
20260512T073107Z,2026-05-12T07:31:07.114632Z,20260512T073107Z_batch01,ST26E14,2026-05-12T13:00:00Z,13 20 22.7,200.09458333333333,-03 05 49,-3.0969444444444445,147.9,17.8,1.22,305.5,Map/Offsets,https://cgi.minorplanetcenter.net/cgi-bin/confirmeph2.cgi
20260512T073107Z,2026-05-12T07:31:07.114632Z,20260512T073107Z_batch01,ST26E14,2026-05-12T14:00:00Z,13 20 18.7,200.07791666666668,-03 05 07,-3.085277777777778,147.9,17.8,1.22,305.5,Map/Offsets,https://cgi.minorplanetcenter.net/cgi-bin/confirmeph2.cgi
20260512T073107Z,2026-05-12T07:31:07.114632Z,20260512T073107Z_batch01,ST26E14,2026-05-12T15:00:00Z,13 20 14.8,200.06166666666667,-03 04 24,-3.0733333333333337,147.8,17.8,1.22,305.5,Map/Offsets,https://cgi.minorplanetcenter.net/cgi-bin/confirmeph2.cgi
20260512T073107Z,2026-05-12T07:31:07.114632Z,20260512T073107Z_batch01,ST26E14,2026-05-12T16:00:00Z,13 20 10.8,200.04500000000002,-03 03 42,-3.0616666666666665,147.7,17.8,1.22,305.5,Map/Offsets,https://cgi.minorplanetcenter.net/cgi-bin/confirmeph2.cgi
20260512T073107Z,2026-05-12T07:31:07.114632Z,20260512T073107Z_batch01,ST26E14,2026-05-12T17:00:00Z,13 20 06.8,200.02833333333334,-03 02 59,-3.049722222222222,147.7,17.8,1.22,305.5,Map/Offsets,https://cgi.minorplanetcenter.net/cgi-bin/confirmeph2.cgi
20260512T073107Z,2026-05-12T07:31:07.114632Z,20260512T073107Z_batch01,ST26E14,2026-05-12T18:00:00Z,13 20 02.9,200.01208333333332,-03 02 17,-3.0380555555555553,147.6,17.8,1.22,305.5,Map/Offsets,https://cgi.minorplanetcenter.net/cgi-bin/confirmeph2.cgi
20260512T073107Z,2026-05-12T07:31:07.114632Z,20260512T073107Z_batch01,ST26E14,2026-05-12T19:00:00Z,13 19 58.9,199.99541666666667,-03 01 34,-3.026111111111111,147.6,17.8,1.22,305.6,Map/Offsets,https://cgi.minorplanetcenter.net/cgi-bin/confirmeph2.cgi
20260512T073107Z,2026-05-12T07:31:07.114632Z,20260512T073107Z_batch01,ST26E14,2026-05-12T20:00:00Z,13 19 54.9,199.97875,-03 00 52,-3.0144444444444445,147.5,17.8,1.22,305.6,Map/Offsets,https://cgi.minorplanetcenter.net/cgi-bin/confirmeph2.cgi
20260512T073107Z,2026-05-12T07:31:07.114632Z,20260512T073107Z_batch01,ST26E14,2026-05-12T21:00:00Z,13 19 50.9,199.96208333333334,-03 00 09,-3.0025,147.4,17.8,1.22,305.6,Map/Offsets,https://cgi.minorplanetcenter.net/cgi-bin/confirmeph2.cgi
20260512T073107Z,2026-05-12T07:31:07.114632Z,20260512T073107Z_batch01,ST26E14,2026-05-12T22:00:00Z,13 19 47.0,199.94583333333333,-02 59 27,-2.9908333333333332,147.4,17.8,1.22,305.6,Map/Offsets,https://cgi.minorplanetcenter.net/cgi-bin/confirmeph2.cgi
20260512T073107Z,2026-05-12T07:31:07.114632Z,20260512T073107Z_batch01,ST26E14,2026-05-12T23:00:00Z,13 19 43.0,199.92916666666665,-02 58 44,-2.978888888888889,147.3,17.8,1.22,305.6,Map/Offsets,https://cgi.minorplanetcenter.net/cgi-bin/confirmeph2.cgi
20260512T073107Z,2026-05-12T07:31:07.114632Z,20260512T073107Z_batch01,ST26E14,2026-05-13T00:00:00Z,13 19 39.0,199.91250000000002,-02 58 01,-2.9669444444444446,147.3,17.8,1.22,305.6,Map/Offsets,https://cgi.minorplanetcenter.net/cgi-bin/confirmeph2.cgi
20260512T073107Z,2026-05-12T07:31:07.114632Z,20260512T073107Z_batch01,ST26E14,2026-05-13T01:00:00Z,13 19 35.0,199.89583333333334,-02 57 18,-2.955,147.2,17.8,1.23,305.6,Map/Offsets,https://cgi.minorplanetcenter.net/cgi-bin/confirmeph2.cgi
20260512T073107Z,2026-05-12T07:31:07.114632Z,20260512T073107Z_batch01,ST26E14,2026-05-13T02:00:00Z,13 19 31.0,199.87916666666666,-02 56 35,-2.943055555555556,147.1,17.8,1.23,305.6,Map/Offsets,https://cgi.minorplanetcenter.net/cgi-bin/confirmeph2.cgi
20260512T073107Z,2026-05-12T07:31:07.114632Z,20260512T073107Z_batch01,ST26E14,2026-05-13T03:00:00Z,13 19 27.0,199.8625,-02 55 53,-2.931388888888889,147.1,17.8,1.23,305.6,Map/Offsets,https://cgi.minorplanetcenter.net/cgi-bin/confirmeph2.cgi
20260512T073107Z,2026-05-12T07:31:07.114632Z,20260512T073107Z_batch01,ST26E14,2026-05-13T04:00:00Z,13 19 23.0,199.84583333333333,-02 55 10,-2.9194444444444443,147.0,17.8,1.23,305.6,Map/Offsets,https://cgi.minorplanetcenter.net/cgi-bin/confirmeph2.cgi
20260512T073107Z,2026-05-12T07:31:07.114632Z,20260512T073107Z_batch01,ST26E14,2026-05-13T05:00:00Z,13 19 19.0,199.82916666666665,-02 54 27,-2.9074999999999998,147.0,17.8,1.23,305.6,Map/Offsets,https://cgi.minorplanetcenter.net/cgi-bin/confirmeph2.cgi
20260512T073107Z,2026-05-12T07:31:07.114632Z,20260512T073107Z_batch01,ST26E14,2026-05-13T06:00:00Z,13 19 15.0,199.8125,-02 53 44,-2.8955555555555557,146.9,17.8,1.23,305.7,Map/Offsets,https://cgi.minorplanetcenter.net/cgi-bin/confirmeph2.cgi
20260512T073107Z,2026-05-12T07:31:07.114632Z,20260512T073107Z_batch01,P22n0vC,2026-05-12T06:00:00Z,14 47 29.6,221.87333333333333,+09 42 28,9.707777777777777,151.4,22.3,0.98,247.4,Map/Offsets,https://cgi.minorplanetcenter.net/cgi-bin/confirmeph2.cgi
20260512T073107Z,2026-05-12T07:31:07.114632Z,20260512T073107Z_batch01,P22n0vC,2026-05-12T07:00:00Z,14 47 25.9,221.85791666666665,+09 42 05,9.701388888888888,151.4,22.3,0.98,247.3,Map/Offsets,https://cgi.minorplanetcenter.net/cgi-bin/confirmeph2.cgi
20260512T073107Z,2026-05-12T07:31:07.114632Z,20260512T073107Z_batch01,P22n0vC,2026-05-12T08:00:00Z,14 47 22.2,221.8425,+09 41 43,9.695277777777777,151.4,22.3,0.98,247.3,Map/Offsets,https://cgi.minorplanetcenter.net/cgi-bin/confirmeph2.cgi
20260512T073107Z,2026-05-12T07:31:07.114632Z,20260512T073107Z_batch01,P22n0vC,2026-05-12T09:00:00Z,14 47 18.6,221.8275,+09 41 20,9.68888888888889,151.4,22.3,0.98,247.2,Map/Offsets,https://cgi.minorplanetcenter.net/cgi-bin/confirmeph2.cgi
20260512T073107Z,2026-05-12T07:31:07.114632Z,20260512T073107Z_batch01,P22n0vC,2026-05-12T10:00:00Z,14 47 14.9,221.81208333333333,+09 40 57,9.6825,151.4,22.3,0.98,247.2,Map/Offsets,https://cgi.minorplanetcenter.net/cgi-bin/confirmeph2.cgi
20260512T073107Z,2026-05-12T07:31:07.114632Z,20260512T073107Z_batch01,P22n0vC,2026-05-12T11:00:00Z,14 47 11.2,221.79666666666668,+09 40 34,9.67611111111111,151.3,22.3,0.98,247.2,Map/Offsets,https://cgi.minorplanetcenter.net/cgi-bin/confirmeph2.cgi
20260512T073107Z,2026-05-12T07:31:07.114632Z,20260512T073107Z_batch01,P22n0vC,2026-05-12T12:00:00Z,14 47 07.5,221.78125,+09 40 11,9.669722222222221,151.3,22.3,0.98,247.1,Map/Offsets,https://cgi.minorplanetcenter.net/cgi-bin/confirmeph2.cgi
20260512T073107Z,2026-05-12T07:31:07.114632Z,20260512T073107Z_batch01,P22n0vC,2026-05-12T13:00:00Z,14 47 03.8,221.76583333333335,+09 39 48,9.663333333333334,151.3,22.3,0.98,247.1,Map/Offsets,https://cgi.minorplanetcenter.net/cgi-bin/confirmeph2.cgi
20260512T073107Z,2026-05-12T07:31:07.114632Z,20260512T073107Z_batch01,P22n0vC,2026-05-12T14:00:00Z,14 47 00.2,221.75083333333333,+09 39 25,9.656944444444445,151.3,22.3,0.98,247.0,Map/Offsets,https://cgi.minorplanetcenter.net/cgi-bin/confirmeph2.cgi
20260512T073107Z,2026-05-12T07:31:07.114632Z,20260512T073107Z_batch01,P22n0vC,2026-05-12T15:00:00Z,14 46 56.5,221.73541666666668,+09 39 02,9.650555555555556,151.3,22.3,0.98,247.0,Map/Offsets,https://cgi.minorplanetcenter.net/cgi-bin/confirmeph2.cgi
20260512T073107Z,2026-05-12T07:31:07.114632Z,20260512T073107Z_batch01,P22n0vC,2026-05-12T16:00:00Z,14 46 52.8,221.72000000000003,+09 38 39,9.644166666666667,151.2,22.3,0.98,246.9,Map/Offsets,https://cgi.minorplanetcenter.net/cgi-bin/confirmeph2.cgi
20260512T073107Z,2026-05-12T07:31:07.114632Z,20260512T073107Z_batch01,P22n0vC,2026-05-12T17:00:00Z,14 46 49.1,221.70458333333335,+09 38 16,9.637777777777778,151.2,22.3,0.98,246.9,Map/Offsets,https://cgi.minorplanetcenter.net/cgi-bin/confirmeph2.cgi
20260512T073107Z,2026-05-12T07:31:07.114632Z,20260512T073107Z_batch01,P22n0vC,2026-05-12T18:00:00Z,14 46 45.5,221.68958333333333,+09 37 53,9.631388888888889,151.2,22.3,0.98,246.9,Map/Offsets,https://cgi.minorplanetcenter.net/cgi-bin/confirmeph2.cgi
20260512T073107Z,2026-05-12T07:31:07.114632Z,20260512T073107Z_batch01,P22n0vC,2026-05-12T19:00:00Z,14 46 41.8,221.67416666666668,+09 37 29,9.624722222222223,151.2,22.3,0.98,246.8,Map/Offsets,https://cgi.minorplanetcenter.net/cgi-bin/confirmeph2.cgi
20260512T073107Z,2026-05-12T07:31:07.114632Z,20260512T073107Z_batch01,P22n0vC,2026-05-12T20:00:00Z,14 46 38.1,221.65875,+09 37 06,9.618333333333334,151.2,22.3,0.98,246.8,Map/Offsets,https://cgi.minorplanetcenter.net/cgi-bin/confirmeph2.cgi
20260512T073107Z,2026-05-12T07:31:07.114632Z,20260512T073107Z_batch01,P22n0vC,2026-05-12T21:00:00Z,14 46 34.5,221.64375,+09 36 43,9.611944444444443,151.2,22.3,0.98,246.7,Map/Offsets,https://cgi.minorplanetcenter.net/cgi-bin/confirmeph2.cgi
20260512T073107Z,2026-05-12T07:31:07.114632Z,20260512T073107Z_batch01,P22n0vC,2026-05-12T22:00:00Z,14 46 30.8,221.62833333333333,+09 36 19,9.605277777777777,151.1,22.3,0.98,246.7,Map/Offsets,https://cgi.minorplanetcenter.net/cgi-bin/confirmeph2.cgi
20260512T073107Z,2026-05-12T07:31:07.114632Z,20260512T073107Z_batch01,P22n0vC,2026-05-12T23:00:00Z,14 46 27.1,221.61291666666668,+09 35 56,9.59888888888889,151.1,22.3,0.98,246.7,Map/Offsets,https://cgi.minorplanetcenter.net/cgi-bin/confirmeph2.cgi
20260512T073107Z,2026-05-12T07:31:07.114632Z,20260512T073107Z_batch01,P22n0vC,2026-05-13T00:00:00Z,14 46 23.5,221.5979166666667,+09 35 33,9.592500000000001,151.1,22.3,0.98,246.6,Map/Offsets,https://cgi.minorplanetcenter.net/cgi-bin/confirmeph2.cgi
20260512T073107Z,2026-05-12T07:31:07.114632Z,20260512T073107Z_batch01,P22n0vC,2026-05-13T01:00:00Z,14 46 19.8,221.5825,+09 35 09,9.585833333333333,151.1,22.3,0.98,246.6,Map/Offsets,https://cgi.minorplanetcenter.net/cgi-bin/confirmeph2.cgi
20260512T073107Z,2026-05-12T07:31:07.114632Z,20260512T073107Z_batch01,P22n0vC,2026-05-13T02:00:00Z,14 46 16.1,221.56708333333336,+09 34 46,9.579444444444444,151.1,22.3,0.98,246.5,Map/Offsets,https://cgi.minorplanetcenter.net/cgi-bin/confirmeph2.cgi
20260512T073107Z,2026-05-12T07:31:07.114632Z,20260512T073107Z_batch01,P22n0vC,2026-05-13T03:00:00Z,14 46 12.5,221.55208333333334,+09 34 22,9.572777777777777,151.0,22.3,0.98,246.5,Map/Offsets,https://cgi.minorplanetcenter.net/cgi-bin/confirmeph2.cgi
20260512T073107Z,2026-05-12T07:31:07.114632Z,20260512T073107Z_batch01,P22n0vC,2026-05-13T04:00:00Z,14 46 08.8,221.5366666666667,+09 33 58,9.566111111111113,151.0,22.3,0.98,246.4,Map/Offsets,https://cgi.minorplanetcenter.net/cgi-bin/confirmeph2.cgi
20260512T073107Z,2026-05-12T07:31:07.114632Z,20260512T073107Z_batch01,P22n0vC,2026-05-13T05:00:00Z,14 46 05.1,221.52125000000004,+09 33 35,9.559722222222224,151.0,22.3,0.98,246.4,Map/Offsets,https://cgi.minorplanetcenter.net/cgi-bin/confirmeph2.cgi
20260512T073107Z,2026-05-12T07:31:07.114632Z,20260512T073107Z_batch01,P22n0vC,2026-05-13T06:00:00Z,14 46 01.5,221.50625,+09 33 11,9.553055555555556,151.0,22.3,0.98,246.4,Map/Offsets,https://cgi.minorplanetcenter.net/cgi-bin/confirmeph2.cgi
20260512T073107Z,2026-05-12T07:31:07.114632Z,20260512T073107Z_batch01,P22n0fQ,2026-05-12T06:00:00Z,15 04 48.2,226.20083333333332,+10 01 57,10.0325,151.8,22.6,0.28,310.3,Map/Offsets,https://cgi.minorplanetcenter.net/cgi-bin/confirmeph2.cgi
20260512T073107Z,2026-05-12T07:31:07.114632Z,20260512T073107Z_batch01,P22n0fQ,2026-05-12T07:00:00Z,15 04 47.4,226.1975,+10 02 08,10.035555555555556,151.8,22.6,0.28,310.0,Map/Offsets,https://cgi.minorplanetcenter.net/cgi-bin/confirmeph2.cgi
20260512T073107Z,2026-05-12T07:31:07.114632Z,20260512T073107Z_batch01,P22n0fQ,2026-05-12T08:00:00Z,15 04 46.5,226.19375,+10 02 19,10.038611111111111,151.8,22.6,0.27,309.8,Map/Offsets,https://cgi.minorplanetcenter.net/cgi-bin/confirmeph2.cgi
20260512T073107Z,2026-05-12T07:31:07.114632Z,20260512T073107Z_batch01,P22n0fQ,2026-05-12T09:00:00Z,15 04 45.7,226.19041666666666,+10 02 29,10.04138888888889,151.8,22.6,0.27,309.6,Map/Offsets,https://cgi.minorplanetcenter.net/cgi-bin/confirmeph2.cgi
20260512T073107Z,2026-05-12T07:31:07.114632Z,20260512T073107Z_batch01,P22n0fQ,2026-05-12T10:00:00Z,15 04 44.8,226.18666666666667,+10 02 39,10.044166666666667,151.7,22.7,0.27,309.3,Map/Offsets,https://cgi.minorplanetcenter.net/cgi-bin/confirmeph2.cgi
20260512T073107Z,2026-05-12T07:31:07.114632Z,20260512T073107Z_batch01,P22n0fQ,2026-05-12T11:00:00Z,15 04 44.0,226.18333333333334,+10 02 49,10.046944444444444,151.7,22.7,0.27,309.1,Map/Offsets,https://cgi.minorplanetcenter.net/cgi-bin/confirmeph2.cgi
20260512T073107Z,2026-05-12T07:31:07.114632Z,20260512T073107Z_batch01,P22n0fQ,2026-05-12T12:00:00Z,15 04 43.2,226.18,+10 02 59,10.049722222222222,151.7,22.7,0.26,308.8,Map/Offsets,https://cgi.minorplanetcenter.net/cgi-bin/confirmeph2.cgi
20260512T073107Z,2026-05-12T07:31:07.114632Z,20260512T073107Z_batch01,P22n0fQ,2026-05-12T13:00:00Z,15 04 42.3,226.17624999999998,+10 03 09,10.0525,151.7,22.7,0.26,308.6,Map/Offsets,https://cgi.minorplanetcenter.net/cgi-bin/confirmeph2.cgi
20260512T073107Z,2026-05-12T07:31:07.114632Z,20260512T073107Z_batch01,P22n0fQ,2026-05-12T14:00:00Z,15 04 41.5,226.17291666666665,+10 03 19,10.055277777777778,151.7,22.7,0.26,308.3,Map/Offsets,https://cgi.minorplanetcenter.net/cgi-bin/confirmeph2.cgi
20260512T073107Z,2026-05-12T07:31:07.114632Z,20260512T073107Z_batch01,P22n0fQ,2026-05-12T15:00:00Z,15 04 40.7,226.16958333333332,+10 03 28,10.057777777777778,151.6,22.7,0.26,308.1,Map/Offsets,https://cgi.minorplanetcenter.net/cgi-bin/confirmeph2.cgi
20260512T073107Z,2026-05-12T07:31:07.114632Z,20260512T073107Z_batch01,P22n0fQ,2026-05-12T16:00:00Z,15 04 39.9,226.16625,+10 03 38,10.060555555555556,151.6,22.7,0.25,307.8,Map/Offsets,https://cgi.minorplanetcenter.net/cgi-bin/confirmeph2.cgi
20260512T073107Z,2026-05-12T07:31:07.114632Z,20260512T073107Z_batch01,P22n0fQ,2026-05-12T17:00:00Z,15 04 39.1,226.16291666666666,+10 03 47,10.063055555555556,151.6,22.7,0.25,307.6,Map/Offsets,https://cgi.minorplanetcenter.net/cgi-bin/confirmeph2.cgi
20260512T073107Z,2026-05-12T07:31:07.114632Z,20260512T073107Z_batch01,P22n0fQ,2026-05-12T18:00:00Z,15 04 38.2,226.15916666666666,+10 03 56,10.065555555555557,151.6,22.7,0.25,307.3,Map/Offsets,https://cgi.minorplanetcenter.net/cgi-bin/confirmeph2.cgi
20260512T073107Z,2026-05-12T07:31:07.114632Z,20260512T073107Z_batch01,P22n0fQ,2026-05-12T19:00:00Z,15 04 37.4,226.15583333333333,+10 04 05,10.068055555555555,151.6,22.7,0.25,307.0,Map/Offsets,https://cgi.minorplanetcenter.net/cgi-bin/confirmeph2.cgi
20260512T073107Z,2026-05-12T07:31:07.114632Z,20260512T073107Z_batch01,P22n0fQ,2026-05-12T20:00:00Z,15 04 36.6,226.1525,+10 04 14,10.070555555555556,151.6,22.7,0.24,306.8,Map/Offsets,https://cgi.minorplanetcenter.net/cgi-bin/confirmeph2.cgi
20260512T073107Z,2026-05-12T07:31:07.114632Z,20260512T073107Z_batch01,P22n0fQ,2026-05-12T21:00:00Z,15 04 35.9,226.14958333333334,+10 04 23,10.073055555555555,151.5,22.7,0.24,306.5,Map/Offsets,https://cgi.minorplanetcenter.net/cgi-bin/confirmeph2.cgi
20260512T073107Z,2026-05-12T07:31:07.114632Z,20260512T073107Z_batch01,P22n0fQ,2026-05-12T22:00:00Z,15 04 35.1,226.14625,+10 04 31,10.075277777777778,151.5,22.7,0.24,306.2,Map/Offsets,https://cgi.minorplanetcenter.net/cgi-bin/confirmeph2.cgi
20260512T073107Z,2026-05-12T07:31:07.114632Z,20260512T073107Z_batch01,P22n0fQ,2026-05-12T23:00:00Z,15 04 34.3,226.14291666666668,+10 04 40,10.077777777777778,151.5,22.7,0.24,305.9,Map/Offsets,https://cgi.minorplanetcenter.net/cgi-bin/confirmeph2.cgi
20260512T073107Z,2026-05-12T07:31:07.114632Z,20260512T073107Z_batch01,P22n0fQ,2026-05-13T00:00:00Z,15 04 33.5,226.13958333333332,+10 04 48,10.08,151.5,22.8,0.24,305.7,Map/Offsets,https://cgi.minorplanetcenter.net/cgi-bin/confirmeph2.cgi
20260512T073107Z,2026-05-12T07:31:07.114632Z,20260512T073107Z_batch01,P22n0fQ,2026-05-13T01:00:00Z,15 04 32.7,226.13625,+10 04 56,10.082222222222223,151.5,22.8,0.23,305.4,Map/Offsets,https://cgi.minorplanetcenter.net/cgi-bin/confirmeph2.cgi
20260512T073107Z,2026-05-12T07:31:07.114632Z,20260512T073107Z_batch01,P22n0fQ,2026-05-13T02:00:00Z,15 04 32.0,226.13333333333333,+10 05 04,10.084444444444445,151.5,22.8,0.23,305.1,Map/Offsets,https://cgi.minorplanetcenter.net/cgi-bin/confirmeph2.cgi
20260512T073107Z,2026-05-12T07:31:07.114632Z,20260512T073107Z_batch01,P22n0fQ,2026-05-13T03:00:00Z,15 04 31.2,226.13,+10 05 12,10.086666666666668,151.4,22.8,0.23,304.8,Map/Offsets,https://cgi.minorplanetcenter.net/cgi-bin/confirmeph2.cgi
20260512T073107Z,2026-05-12T07:31:07.114632Z,20260512T073107Z_batch01,P22n0fQ,2026-05-13T04:00:00Z,15 04 30.4,226.12666666666667,+10 05 20,10.08888888888889,151.4,22.8,0.23,304.5,Map/Offsets,https://cgi.minorplanetcenter.net/cgi-bin/confirmeph2.cgi
20260512T073107Z,2026-05-12T07:31:07.114632Z,20260512T073107Z_batch01,P22n0fQ,2026-05-13T05:00:00Z,15 04 29.7,226.12375,+10 05 27,10.090833333333334,151.4,22.8,0.22,304.2,Map/Offsets,https://cgi.minorplanetcenter.net/cgi-bin/confirmeph2.cgi
20260512T073107Z,2026-05-12T07:31:07.114632Z,20260512T073107Z_batch01,P22n0fQ,2026-05-13T06:00:00Z,15 04 28.9,226.12041666666667,+10 05 35,10.093055555555557,151.4,22.8,0.22,303.9,Map/Offsets,https://cgi.minorplanetcenter.net/cgi-bin/confirmeph2.cgi
20260512T073107Z,2026-05-12T07:31:07.114632Z,20260512T073107Z_batch01,ZTF10Di,2026-05-12T06:00:00Z,22 11 25.4,332.85583333333335,-10 41 07,-10.685277777777777,80.2,23.1,4.82,77.8,Map/Offsets   !,https://cgi.minorplanetcenter.net/cgi-bin/confirmeph2.cgi
20260512T073107Z,2026-05-12T07:31:07.114632Z,20260512T073107Z_batch01,ZTF10Di,2026-05-12T07:00:00Z,22 11 44.4,332.935,-10 40 06,-10.668333333333333,80.2,23.1,4.73,77.8,Map/Offsets   !,https://cgi.minorplanetcenter.net/cgi-bin/confirmeph2.cgi
20260512T073107Z,2026-05-12T07:31:07.114632Z,20260512T073107Z_batch01,ZTF10Di,2026-05-12T08:00:00Z,22 12 03.1,333.0129166666666,-10 39 07,-10.651944444444444,80.1,23.2,4.65,77.8,Map/Offsets   !,https://cgi.minorplanetcenter.net/cgi-bin/confirmeph2.cgi
20260512T073107Z,2026-05-12T07:31:07.114632Z,20260512T073107Z_batch01,ZTF10Di,2026-05-12T09:00:00Z,22 12 21.4,333.08916666666664,-10 38 08,-10.635555555555555,80.1,23.2,4.57,77.8,Map/Offsets   !,https://cgi.minorplanetcenter.net/cgi-bin/confirmeph2.cgi
20260512T073107Z,2026-05-12T07:31:07.114632Z,20260512T073107Z_batch01,ZTF10Di,2026-05-12T10:00:00Z,22 12 39.5,333.1645833333333,-10 37 10,-10.619444444444445,80.0,23.2,4.49,77.8,Map/Offsets   !,https://cgi.minorplanetcenter.net/cgi-bin/confirmeph2.cgi
20260512T073107Z,2026-05-12T07:31:07.114632Z,20260512T073107Z_batch01,ZTF10Di,2026-05-12T11:00:00Z,22 12 57.2,333.2383333333333,-10 36 14,-10.60388888888889,80.0,23.2,4.42,77.7,Map/Offsets   !,https://cgi.minorplanetcenter.net/cgi-bin/confirmeph2.cgi
20260512T073107Z,2026-05-12T07:31:07.114632Z,20260512T073107Z_batch01,ZTF10Di,2026-05-12T12:00:00Z,22 13 14.6,333.31083333333333,-10 35 18,-10.588333333333335,80.0,23.2,4.34,77.7,Map/Offsets   !,https://cgi.minorplanetcenter.net/cgi-bin/confirmeph2.cgi
20260512T073107Z,2026-05-12T07:31:07.114632Z,20260512T073107Z_batch01,ZTF10Di,2026-05-12T13:00:00Z,22 13 31.7,333.3820833333333,-10 34 23,-10.573055555555555,80.0,23.3,4.27,77.7,Map/Offsets   !,https://cgi.minorplanetcenter.net/cgi-bin/confirmeph2.cgi
20260512T073107Z,2026-05-12T07:31:07.114632Z,20260512T073107Z_batch01,ZTF10Di,2026-05-12T14:00:00Z,22 13 48.6,333.4525,-10 33 29,-10.558055555555557,79.9,23.3,4.2,77.7,Map/Offsets   !,https://cgi.minorplanetcenter.net/cgi-bin/confirmeph2.cgi
20260512T073107Z,2026-05-12T07:31:07.114632Z,20260512T073107Z_batch01,ZTF10Di,2026-05-12T15:00:00Z,22 14 05.1,333.52125,-10 32 35,-10.543055555555556,79.9,23.3,4.13,77.7,Map/Offsets   !,https://cgi.minorplanetcenter.net/cgi-bin/confirmeph2.cgi
20260512T073107Z,2026-05-12T07:31:07.114632Z,20260512T073107Z_batch01,ZTF10Di,2026-05-12T16:00:00Z,22 14 21.4,333.5891666666667,-10 31 43,-10.528611111111111,79.9,23.3,4.07,77.7,Map/Offsets   !,https://cgi.minorplanetcenter.net/cgi-bin/confirmeph2.cgi
20260512T073107Z,2026-05-12T07:31:07.114632Z,20260512T073107Z_batch01,ZTF10Di,2026-05-12T17:00:00Z,22 14 37.5,333.65625000000006,-10 30 51,-10.514166666666666,79.8,23.3,4.0,77.7,Map/Offsets   !,https://cgi.minorplanetcenter.net/cgi-bin/confirmeph2.cgi
20260512T073107Z,2026-05-12T07:31:07.114632Z,20260512T073107Z_batch01,ZTF10Di,2026-05-12T18:00:00Z,22 14 53.2,333.7216666666667,-10 30 00,-10.5,79.8,23.3,3.94,77.6,Map/Offsets   !,https://cgi.minorplanetcenter.net/cgi-bin/confirmeph2.cgi
20260512T073107Z,2026-05-12T07:31:07.114632Z,20260512T073107Z_batch01,ZTF10Di,2026-05-12T19:00:00Z,22 15 08.8,333.78666666666663,-10 29 10,-10.48611111111111,79.8,23.4,3.87,77.6,Map/Offsets   !,https://cgi.minorplanetcenter.net/cgi-bin/confirmeph2.cgi
20260512T073107Z,2026-05-12T07:31:07.114632Z,20260512T073107Z_batch01,ZTF10Di,2026-05-12T20:00:00Z,22 15 24.0,333.85,-10 28 21,-10.4725,79.8,23.4,3.81,77.6,Map/Offsets   !,https://cgi.minorplanetcenter.net/cgi-bin/confirmeph2.cgi
20260512T073107Z,2026-05-12T07:31:07.114632Z,20260512T073107Z_batch01,ZTF10Di,2026-05-12T21:00:00Z,22 15 39.1,333.91291666666666,-10 27 32,-10.458888888888888,79.7,23.4,3.75,77.6,Map/Offsets   !,https://cgi.minorplanetcenter.net/cgi-bin/confirmeph2.cgi
20260512T073107Z,2026-05-12T07:31:07.114632Z,20260512T073107Z_batch01,ZTF10Di,2026-05-12T22:00:00Z,22 15 53.9,333.9745833333333,-10 26 44,-10.445555555555556,79.7,23.4,3.7,77.6,Map/Offsets   !,https://cgi.minorplanetcenter.net/cgi-bin/confirmeph2.cgi
20260512T073107Z,2026-05-12T07:31:07.114632Z,20260512T073107Z_batch01,ZTF10Di,2026-05-12T23:00:00Z,22 16 08.4,334.03499999999997,-10 25 56,-10.432222222222222,79.7,23.4,3.64,77.6,Map/Offsets   !,https://cgi.minorplanetcenter.net/cgi-bin/confirmeph2.cgi
20260512T073107Z,2026-05-12T07:31:07.114632Z,20260512T073107Z_batch01,ZTF10Di,2026-05-13T00:00:00Z,22 16 22.8,334.09499999999997,-10 25 10,-10.419444444444444,79.7,23.5,3.58,77.6,Map/Offsets   !,https://cgi.minorplanetcenter.net/cgi-bin/confirmeph2.cgi
20260512T073107Z,2026-05-12T07:31:07.114632Z,20260512T073107Z_batch01,ZTF10Di,2026-05-13T01:00:00Z,22 16 36.9,334.15374999999995,-10 24 24,-10.406666666666666,79.7,23.5,3.53,77.6,Map/Offsets   !,https://cgi.minorplanetcenter.net/cgi-bin/confirmeph2.cgi
20260512T073107Z,2026-05-12T07:31:07.114632Z,20260512T073107Z_batch01,ZTF10Di,2026-05-13T02:00:00Z,22 16 50.8,334.21166666666664,-10 23 38,-10.393888888888888,79.6,23.5,3.48,77.5,Map/Offsets   !,https://cgi.minorplanetcenter.net/cgi-bin/confirmeph2.cgi
20260512T073107Z,2026-05-12T07:31:07.114632Z,20260512T073107Z_batch01,ZTF10Di,2026-05-13T03:00:00Z,22 17 04.5,334.26875,-10 22 54,-10.381666666666668,79.6,23.5,3.43,77.5,Map/Offsets   !,https://cgi.minorplanetcenter.net/cgi-bin/confirmeph2.cgi
20260512T073107Z,2026-05-12T07:31:07.114632Z,20260512T073107Z_batch01,ZTF10Di,2026-05-13T04:00:00Z,22 17 18.0,334.325,-10 22 10,-10.369444444444445,79.6,23.5,3.38,77.5,Map/Offsets   !,https://cgi.minorplanetcenter.net/cgi-bin/confirmeph2.cgi
20260512T073107Z,2026-05-12T07:31:07.114632Z,20260512T073107Z_batch01,ZTF10Di,2026-05-13T05:00:00Z,22 17 31.3,334.3804166666667,-10 21 26,-10.357222222222221,79.6,23.5,3.33,77.5,Map/Offsets   !,https://cgi.minorplanetcenter.net/cgi-bin/confirmeph2.cgi
20260512T073107Z,2026-05-12T07:31:07.114632Z,20260512T073107Z_batch01,ZTF10Di,2026-05-13T06:00:00Z,22 17 44.5,334.4354166666667,-10 20 43,-10.345277777777778,79.6,23.6,3.28,77.5,Map/Offsets   !,https://cgi.minorplanetcenter.net/cgi-bin/confirmeph2.cgi
20260512T073107Z,2026-05-12T07:31:07.114632Z,20260512T073107Z_batch01,S001563,2026-05-12T06:00:00Z,12 59 34.7,194.89458333333332,-26 57 58,-26.96611111111111,147.6,21.5,0.19,229.8,Map/Offsets,https://cgi.minorplanetcenter.net/cgi-bin/confirmeph2.cgi
20260512T073107Z,2026-05-12T07:31:07.114632Z,20260512T073107Z_batch01,S001563,2026-05-12T07:00:00Z,12 59 34.1,194.89208333333332,-26 58 06,-26.96833333333333,147.6,21.5,0.19,229.7,Map/Offsets,https://cgi.minorplanetcenter.net/cgi-bin/confirmeph2.cgi
20260512T073107Z,2026-05-12T07:31:07.114632Z,20260512T073107Z_batch01,S001563,2026-05-12T08:00:00Z,12 59 33.4,194.88916666666665,-26 58 13,-26.970277777777778,147.5,21.5,0.19,229.6,Map/Offsets,https://cgi.minorplanetcenter.net/cgi-bin/confirmeph2.cgi
20260512T073107Z,2026-05-12T07:31:07.114632Z,20260512T073107Z_batch01,S001563,2026-05-12T09:00:00Z,12 59 32.8,194.88666666666666,-26 58 21,-26.972499999999997,147.5,21.5,0.19,229.5,Map/Offsets,https://cgi.minorplanetcenter.net/cgi-bin/confirmeph2.cgi
20260512T073107Z,2026-05-12T07:31:07.114632Z,20260512T073107Z_batch01,S001563,2026-05-12T10:00:00Z,12 59 32.1,194.88374999999996,-26 58 28,-26.974444444444444,147.5,21.5,0.19,229.5,Map/Offsets,https://cgi.minorplanetcenter.net/cgi-bin/confirmeph2.cgi
20260512T073107Z,2026-05-12T07:31:07.114632Z,20260512T073107Z_batch01,S001563,2026-05-12T11:00:00Z,12 59 31.5,194.88124999999997,-26 58 35,-26.976388888888888,147.4,21.5,0.19,229.4,Map/Offsets,https://cgi.minorplanetcenter.net/cgi-bin/confirmeph2.cgi
20260512T073107Z,2026-05-12T07:31:07.114632Z,20260512T073107Z_batch01,S001563,2026-05-12T12:00:00Z,12 59 30.8,194.8783333333333,-26 58 43,-26.97861111111111,147.4,21.5,0.19,229.3,Map/Offsets,https://cgi.minorplanetcenter.net/cgi-bin/confirmeph2.cgi
20260512T073107Z,2026-05-12T07:31:07.114632Z,20260512T073107Z_batch01,S001563,2026-05-12T13:00:00Z,12 59 30.2,194.87583333333333,-26 58 50,-26.980555555555554,147.4,21.5,0.19,229.2,Map/Offsets,https://cgi.minorplanetcenter.net/cgi-bin/confirmeph2.cgi
20260512T073107Z,2026-05-12T07:31:07.114632Z,20260512T073107Z_batch01,S001563,2026-05-12T14:00:00Z,12 59 29.6,194.87333333333333,-26 58 58,-26.982777777777777,147.3,21.5,0.19,229.1,Map/Offsets,https://cgi.minorplanetcenter.net/cgi-bin/confirmeph2.cgi
20260512T073107Z,2026-05-12T07:31:07.114632Z,20260512T073107Z_batch01,S001563,2026-05-12T15:00:00Z,12 59 28.9,194.87041666666667,-26 59 05,-26.984722222222224,147.3,21.5,0.19,229.0,Map/Offsets,https://cgi.minorplanetcenter.net/cgi-bin/confirmeph2.cgi
20260512T073107Z,2026-05-12T07:31:07.114632Z,20260512T073107Z_batch01,S001563,2026-05-12T16:00:00Z,12 59 28.3,194.86791666666667,-26 59 12,-26.986666666666668,147.2,21.5,0.19,228.9,Map/Offsets,https://cgi.minorplanetcenter.net/cgi-bin/confirmeph2.cgi
20260512T073107Z,2026-05-12T07:31:07.114632Z,20260512T073107Z_batch01,S001563,2026-05-12T17:00:00Z,12 59 27.7,194.86541666666665,-26 59 20,-26.98888888888889,147.2,21.5,0.19,228.8,Map/Offsets,https://cgi.minorplanetcenter.net/cgi-bin/confirmeph2.cgi
20260512T073107Z,2026-05-12T07:31:07.114632Z,20260512T073107Z_batch01,S001563,2026-05-12T18:00:00Z,12 59 27.0,194.86249999999998,-26 59 27,-26.990833333333335,147.2,21.5,0.19,228.7,Map/Offsets,https://cgi.minorplanetcenter.net/cgi-bin/confirmeph2.cgi
20260512T073107Z,2026-05-12T07:31:07.114632Z,20260512T073107Z_batch01,S001563,2026-05-12T19:00:00Z,12 59 26.4,194.85999999999999,-26 59 34,-26.99277777777778,147.1,21.5,0.18,228.6,Map/Offsets,https://cgi.minorplanetcenter.net/cgi-bin/confirmeph2.cgi
20260512T073107Z,2026-05-12T07:31:07.114632Z,20260512T073107Z_batch01,S001563,2026-05-12T20:00:00Z,12 59 25.8,194.8575,-26 59 42,-26.995,147.1,21.5,0.18,228.5,Map/Offsets,https://cgi.minorplanetcenter.net/cgi-bin/confirmeph2.cgi
20260512T073107Z,2026-05-12T07:31:07.114632Z,20260512T073107Z_batch01,S001563,2026-05-12T21:00:00Z,12 59 25.2,194.855,-26 59 49,-26.996944444444445,147.1,21.5,0.18,228.4,Map/Offsets,https://cgi.minorplanetcenter.net/cgi-bin/confirmeph2.cgi
20260512T073107Z,2026-05-12T07:31:07.114632Z,20260512T073107Z_batch01,S001563,2026-05-12T22:00:00Z,12 59 24.6,194.8525,-26 59 56,-26.99888888888889,147.0,21.5,0.18,228.3,Map/Offsets,https://cgi.minorplanetcenter.net/cgi-bin/confirmeph2.cgi
20260512T073107Z,2026-05-12T07:31:07.114632Z,20260512T073107Z_batch01,S001563,2026-05-12T23:00:00Z,12 59 24.0,194.84999999999997,-27 00 03,-27.000833333333333,147.0,21.5,0.18,228.2,Map/Offsets,https://cgi.minorplanetcenter.net/cgi-bin/confirmeph2.cgi
20260512T073107Z,2026-05-12T07:31:07.114632Z,20260512T073107Z_batch01,S001563,2026-05-13T00:00:00Z,12 59 23.3,194.8470833333333,-27 00 11,-27.003055555555555,147.0,21.5,0.18,228.1,Map/Offsets,https://cgi.minorplanetcenter.net/cgi-bin/confirmeph2.cgi
20260512T073107Z,2026-05-12T07:31:07.114632Z,20260512T073107Z_batch01,S001563,2026-05-13T01:00:00Z,12 59 22.7,194.8445833333333,-27 00 18,-27.005,146.9,21.5,0.18,228.0,Map/Offsets,https://cgi.minorplanetcenter.net/cgi-bin/confirmeph2.cgi
20260512T073107Z,2026-05-12T07:31:07.114632Z,20260512T073107Z_batch01,S001563,2026-05-13T02:00:00Z,12 59 22.1,194.84208333333333,-27 00 25,-27.006944444444443,146.9,21.5,0.18,227.9,Map/Offsets,https://cgi.minorplanetcenter.net/cgi-bin/confirmeph2.cgi
20260512T073107Z,2026-05-12T07:31:07.114632Z,20260512T073107Z_batch01,S001563,2026-05-13T03:00:00Z,12 59 21.5,194.83958333333334,-27 00 33,-27.009166666666665,146.9,21.5,0.18,227.8,Map/Offsets,https://cgi.minorplanetcenter.net/cgi-bin/confirmeph2.cgi
20260512T073107Z,2026-05-12T07:31:07.114632Z,20260512T073107Z_batch01,S001563,2026-05-13T04:00:00Z,12 59 20.9,194.83708333333334,-27 00 40,-27.011111111111113,146.8,21.5,0.18,227.7,Map/Offsets,https://cgi.minorplanetcenter.net/cgi-bin/confirmeph2.cgi
20260512T073107Z,2026-05-12T07:31:07.114632Z,20260512T073107Z_batch01,S001563,2026-05-13T05:00:00Z,12 59 20.3,194.8345833333333,-27 00 47,-27.013055555555557,146.8,21.5,0.18,227.6,Map/Offsets,https://cgi.minorplanetcenter.net/cgi-bin/confirmeph2.cgi
20260512T073107Z,2026-05-12T07:31:07.114632Z,20260512T073107Z_batch01,S001563,2026-05-13T06:00:00Z,12 59 19.7,194.83208333333332,-27 00 54,-27.015,146.8,21.5,0.18,227.5,Map/Offsets,https://cgi.minorplanetcenter.net/cgi-bin/confirmeph2.cgi
20260512T073107Z,2026-05-12T07:31:07.114632Z,20260512T073107Z_batch01,P22mZLU,2026-05-12T06:00:00Z,11 49 11.5,177.29791666666665,-15 56 51,-15.9475,130.9,21.0,2.48,35.0,Map/Offsets,https://cgi.minorplanetcenter.net/cgi-bin/confirmeph2.cgi
20260512T073107Z,2026-05-12T07:31:07.114632Z,20260512T073107Z_batch01,P22mZLU,2026-05-12T07:00:00Z,11 49 17.5,177.32291666666666,-15 54 49,-15.913611111111111,130.9,21.0,2.48,35.0,Map/Offsets,https://cgi.minorplanetcenter.net/cgi-bin/confirmeph2.cgi
20260512T073107Z,2026-05-12T07:31:07.114632Z,20260512T073107Z_batch01,P22mZLU,2026-05-12T08:00:00Z,11 49 23.4,177.3475,-15 52 47,-15.879722222222222,130.9,21.0,2.48,35.0,Map/Offsets,https://cgi.minorplanetcenter.net/cgi-bin/confirmeph2.cgi
20260512T073107Z,2026-05-12T07:31:07.114632Z,20260512T073107Z_batch01,P22mZLU,2026-05-12T09:00:00Z,11 49 29.3,177.37208333333334,-15 50 45,-15.845833333333333,130.9,21.0,2.48,35.1,Map/Offsets,https://cgi.minorplanetcenter.net/cgi-bin/confirmeph2.cgi
20260512T073107Z,2026-05-12T07:31:07.114632Z,20260512T073107Z_batch01,P22mZLU,2026-05-12T10:00:00Z,11 49 35.2,177.39666666666668,-15 48 43,-15.811944444444444,130.8,21.0,2.48,35.1,Map/Offsets,https://cgi.minorplanetcenter.net/cgi-bin/confirmeph2.cgi
20260512T073107Z,2026-05-12T07:31:07.114632Z,20260512T073107Z_batch01,P22mZLU,2026-05-12T11:00:00Z,11 49 41.2,177.42166666666668,-15 46 41,-15.778055555555556,130.8,21.0,2.48,35.1,Map/Offsets,https://cgi.minorplanetcenter.net/cgi-bin/confirmeph2.cgi
20260512T073107Z,2026-05-12T07:31:07.114632Z,20260512T073107Z_batch01,P22mZLU,2026-05-12T12:00:00Z,11 49 47.1,177.44625,-15 44 39,-15.744166666666667,130.8,21.0,2.49,35.2,Map/Offsets,https://cgi.minorplanetcenter.net/cgi-bin/confirmeph2.cgi
20260512T073107Z,2026-05-12T07:31:07.114632Z,20260512T073107Z_batch01,P22mZLU,2026-05-12T13:00:00Z,11 49 53.1,177.47125,-15 42 37,-15.710277777777778,130.8,21.0,2.49,35.2,Map/Offsets,https://cgi.minorplanetcenter.net/cgi-bin/confirmeph2.cgi
20260512T073107Z,2026-05-12T07:31:07.114632Z,20260512T073107Z_batch01,P22mZLU,2026-05-12T14:00:00Z,11 49 59.0,177.49583333333334,-15 40 35,-15.676388888888889,130.7,21.0,2.49,35.2,Map/Offsets,https://cgi.minorplanetcenter.net/cgi-bin/confirmeph2.cgi
20260512T073107Z,2026-05-12T07:31:07.114632Z,20260512T073107Z_batch01,P22mZLU,2026-05-12T15:00:00Z,11 50 05.0,177.52083333333334,-15 38 33,-15.6425,130.7,21.0,2.49,35.2,Map/Offsets,https://cgi.minorplanetcenter.net/cgi-bin/confirmeph2.cgi
20260512T073107Z,2026-05-12T07:31:07.114632Z,20260512T073107Z_batch01,P22mZLU,2026-05-12T16:00:00Z,11 50 11.0,177.54583333333335,-15 36 31,-15.608611111111111,130.7,21.0,2.49,35.3,Map/Offsets,https://cgi.minorplanetcenter.net/cgi-bin/confirmeph2.cgi
20260512T073107Z,2026-05-12T07:31:07.114632Z,20260512T073107Z_batch01,P22mZLU,2026-05-12T17:00:00Z,11 50 16.9,177.5704166666667,-15 34 29,-15.574722222222222,130.7,21.0,2.49,35.3,Map/Offsets,https://cgi.minorplanetcenter.net/cgi-bin/confirmeph2.cgi
20260512T073107Z,2026-05-12T07:31:07.114632Z,20260512T073107Z_batch01,P22mZLU,2026-05-12T18:00:00Z,11 50 22.9,177.5954166666667,-15 32 27,-15.540833333333333,130.7,21.0,2.49,35.3,Map/Offsets,https://cgi.minorplanetcenter.net/cgi-bin/confirmeph2.cgi
20260512T073107Z,2026-05-12T07:31:07.114632Z,20260512T073107Z_batch01,P22mZLU,2026-05-12T19:00:00Z,11 50 28.9,177.6204166666667,-15 30 25,-15.506944444444445,130.6,21.0,2.49,35.4,Map/Offsets,https://cgi.minorplanetcenter.net/cgi-bin/confirmeph2.cgi
20260512T073107Z,2026-05-12T07:31:07.114632Z,20260512T073107Z_batch01,P22mZLU,2026-05-12T20:00:00Z,11 50 34.9,177.64541666666668,-15 28 24,-15.473333333333333,130.6,21.0,2.49,35.4,Map/Offsets,https://cgi.minorplanetcenter.net/cgi-bin/confirmeph2.cgi
20260512T073107Z,2026-05-12T07:31:07.114632Z,20260512T073107Z_batch01,P22mZLU,2026-05-12T21:00:00Z,11 50 40.9,177.67041666666665,-15 26 22,-15.439444444444444,130.6,21.0,2.49,35.4,Map/Offsets,https://cgi.minorplanetcenter.net/cgi-bin/confirmeph2.cgi
20260512T073107Z,2026-05-12T07:31:07.114632Z,20260512T073107Z_batch01,P22mZLU,2026-05-12T22:00:00Z,11 50 46.9,177.69541666666666,-15 24 20,-15.405555555555557,130.6,21.0,2.49,35.4,Map/Offsets,https://cgi.minorplanetcenter.net/cgi-bin/confirmeph2.cgi
20260512T073107Z,2026-05-12T07:31:07.114632Z,20260512T073107Z_batch01,P22mZLU,2026-05-12T23:00:00Z,11 50 52.9,177.72041666666667,-15 22 18,-15.371666666666668,130.6,21.0,2.49,35.5,Map/Offsets,https://cgi.minorplanetcenter.net/cgi-bin/confirmeph2.cgi
20260512T073107Z,2026-05-12T07:31:07.114632Z,20260512T073107Z_batch01,P22mZLU,2026-05-13T00:00:00Z,11 50 58.9,177.74541666666667,-15 20 16,-15.337777777777779,130.5,21.0,2.5,35.5,Map/Offsets,https://cgi.minorplanetcenter.net/cgi-bin/confirmeph2.cgi
20260512T073107Z,2026-05-12T07:31:07.114632Z,20260512T073107Z_batch01,P22mZLU,2026-05-13T01:00:00Z,11 51 04.9,177.77041666666665,-15 18 14,-15.30388888888889,130.5,21.0,2.5,35.5,Map/Offsets,https://cgi.minorplanetcenter.net/cgi-bin/confirmeph2.cgi
20260512T073107Z,2026-05-12T07:31:07.114632Z,20260512T073107Z_batch01,P22mZLU,2026-05-13T02:00:00Z,11 51 10.9,177.79541666666665,-15 16 12,-15.270000000000001,130.5,21.0,2.5,35.6,Map/Offsets,https://cgi.minorplanetcenter.net/cgi-bin/confirmeph2.cgi
20260512T073107Z,2026-05-12T07:31:07.114632Z,20260512T073107Z_batch01,P22mZLU,2026-05-13T03:00:00Z,11 51 17.0,177.82083333333333,-15 14 10,-15.23611111111111,130.5,21.0,2.5,35.6,Map/Offsets,https://cgi.minorplanetcenter.net/cgi-bin/confirmeph2.cgi
20260512T073107Z,2026-05-12T07:31:07.114632Z,20260512T073107Z_batch01,P22mZLU,2026-05-13T04:00:00Z,11 51 23.0,177.84583333333333,-15 12 08,-15.202222222222222,130.5,21.0,2.5,35.6,Map/Offsets,https://cgi.minorplanetcenter.net/cgi-bin/confirmeph2.cgi
20260512T073107Z,2026-05-12T07:31:07.114632Z,20260512T073107Z_batch01,P22mZLU,2026-05-13T05:00:00Z,11 51 29.0,177.87083333333334,-15 10 07,-15.16861111111111,130.4,21.0,2.5,35.7,Map/Offsets,https://cgi.minorplanetcenter.net/cgi-bin/confirmeph2.cgi
20260512T073107Z,2026-05-12T07:31:07.114632Z,20260512T073107Z_batch01,P22mZLU,2026-05-13T06:00:00Z,11 51 35.1,177.89625,-15 08 05,-15.134722222222221,130.4,21.0,2.5,35.7,Map/Offsets,https://cgi.minorplanetcenter.net/cgi-bin/confirmeph2.cgi
