snapshot_id,fetched_at_utc,batch_id,designation,ephem_time_utc,ra_hms,ra_deg,dec_dms,dec_deg,elong_deg,v_mag,motion_arcsec_per_min,pa_deg,uncertainty,source_url
20260516T203532Z,2026-05-16T20:35:32.472903Z,20260516T203532Z_batch01,CEMRK82,2026-05-16T19:00:00Z,21 31 26.0,322.8583333333333,-09 46 50,-9.780555555555557,93.5,21.6,1.14,113.9,Map/Offsets,https://cgi.minorplanetcenter.net/cgi-bin/confirmeph2.cgi
20260516T203532Z,2026-05-16T20:35:32.472903Z,20260516T203532Z_batch01,CEMRK82,2026-05-16T20:00:00Z,21 31 30.3,322.87624999999997,-09 47 18,-9.788333333333334,93.6,21.6,1.14,114.0,Map/Offsets,https://cgi.minorplanetcenter.net/cgi-bin/confirmeph2.cgi
20260516T203532Z,2026-05-16T20:35:32.472903Z,20260516T203532Z_batch01,CEMRK82,2026-05-16T21:00:00Z,21 31 34.5,322.89374999999995,-09 47 46,-9.796111111111111,93.6,21.6,1.14,114.0,Map/Offsets,https://cgi.minorplanetcenter.net/cgi-bin/confirmeph2.cgi
20260516T203532Z,2026-05-16T20:35:32.472903Z,20260516T203532Z_batch01,CEMRK82,2026-05-16T22:00:00Z,21 31 38.7,322.91125,-09 48 14,-9.80388888888889,93.6,21.6,1.14,114.0,Map/Offsets,https://cgi.minorplanetcenter.net/cgi-bin/confirmeph2.cgi
20260516T203532Z,2026-05-16T20:35:32.472903Z,20260516T203532Z_batch01,CEMRK82,2026-05-16T23:00:00Z,21 31 43.0,322.9291666666667,-09 48 42,-9.811666666666667,93.6,21.6,1.14,114.1,Map/Offsets,https://cgi.minorplanetcenter.net/cgi-bin/confirmeph2.cgi
20260516T203532Z,2026-05-16T20:35:32.472903Z,20260516T203532Z_batch01,CEMRK82,2026-05-17T00:00:00Z,21 31 47.2,322.94666666666666,-09 49 10,-9.819444444444445,93.7,21.6,1.14,114.1,Map/Offsets,https://cgi.minorplanetcenter.net/cgi-bin/confirmeph2.cgi
20260516T203532Z,2026-05-16T20:35:32.472903Z,20260516T203532Z_batch01,CEMRK82,2026-05-17T01:00:00Z,21 31 51.4,322.96416666666664,-09 49 38,-9.827222222222222,93.7,21.6,1.14,114.1,Map/Offsets,https://cgi.minorplanetcenter.net/cgi-bin/confirmeph2.cgi
20260516T203532Z,2026-05-16T20:35:32.472903Z,20260516T203532Z_batch01,CEMRK82,2026-05-17T02:00:00Z,21 31 55.7,322.9820833333333,-09 50 06,-9.835,93.7,21.6,1.14,114.1,Map/Offsets,https://cgi.minorplanetcenter.net/cgi-bin/confirmeph2.cgi
20260516T203532Z,2026-05-16T20:35:32.472903Z,20260516T203532Z_batch01,CEMRK82,2026-05-17T03:00:00Z,21 31 59.9,322.9995833333333,-09 50 34,-9.842777777777778,93.7,21.6,1.14,114.2,Map/Offsets,https://cgi.minorplanetcenter.net/cgi-bin/confirmeph2.cgi
20260516T203532Z,2026-05-16T20:35:32.472903Z,20260516T203532Z_batch01,CEMRK82,2026-05-17T04:00:00Z,21 32 04.1,323.01708333333335,-09 51 02,-9.850555555555555,93.8,21.6,1.14,114.2,Map/Offsets,https://cgi.minorplanetcenter.net/cgi-bin/confirmeph2.cgi
20260516T203532Z,2026-05-16T20:35:32.472903Z,20260516T203532Z_batch01,CEMRK82,2026-05-17T05:00:00Z,21 32 08.4,323.035,-09 51 30,-9.858333333333333,93.8,21.6,1.14,114.2,Map/Offsets,https://cgi.minorplanetcenter.net/cgi-bin/confirmeph2.cgi
20260516T203532Z,2026-05-16T20:35:32.472903Z,20260516T203532Z_batch01,CEMRK82,2026-05-17T06:00:00Z,21 32 12.6,323.0525,-09 51 58,-9.866111111111111,93.8,21.6,1.14,114.2,Map/Offsets,https://cgi.minorplanetcenter.net/cgi-bin/confirmeph2.cgi
20260516T203532Z,2026-05-16T20:35:32.472903Z,20260516T203532Z_batch01,CEMRK82,2026-05-17T07:00:00Z,21 32 16.8,323.07,-09 52 26,-9.873888888888889,93.8,21.6,1.14,114.3,Map/Offsets,https://cgi.minorplanetcenter.net/cgi-bin/confirmeph2.cgi
20260516T203532Z,2026-05-16T20:35:32.472903Z,20260516T203532Z_batch01,CEMRK82,2026-05-17T08:00:00Z,21 32 21.1,323.08791666666673,-09 52 55,-9.881944444444445,93.9,21.6,1.14,114.3,Map/Offsets,https://cgi.minorplanetcenter.net/cgi-bin/confirmeph2.cgi
20260516T203532Z,2026-05-16T20:35:32.472903Z,20260516T203532Z_batch01,CEMRK82,2026-05-17T09:00:00Z,21 32 25.3,323.1054166666667,-09 53 23,-9.889722222222222,93.9,21.6,1.14,114.3,Map/Offsets,https://cgi.minorplanetcenter.net/cgi-bin/confirmeph2.cgi
20260516T203532Z,2026-05-16T20:35:32.472903Z,20260516T203532Z_batch01,CEMRK82,2026-05-17T10:00:00Z,21 32 29.5,323.1229166666667,-09 53 51,-9.897499999999999,93.9,21.6,1.14,114.4,Map/Offsets,https://cgi.minorplanetcenter.net/cgi-bin/confirmeph2.cgi
20260516T203532Z,2026-05-16T20:35:32.472903Z,20260516T203532Z_batch01,CEMRK82,2026-05-17T11:00:00Z,21 32 33.8,323.1408333333334,-09 54 20,-9.905555555555557,94.0,21.6,1.14,114.4,Map/Offsets,https://cgi.minorplanetcenter.net/cgi-bin/confirmeph2.cgi
20260516T203532Z,2026-05-16T20:35:32.472903Z,20260516T203532Z_batch01,CEMRK82,2026-05-17T12:00:00Z,21 32 38.0,323.15833333333336,-09 54 48,-9.913333333333334,94.0,21.6,1.14,114.4,Map/Offsets,https://cgi.minorplanetcenter.net/cgi-bin/confirmeph2.cgi
20260516T203532Z,2026-05-16T20:35:32.472903Z,20260516T203532Z_batch01,CEMRK82,2026-05-17T13:00:00Z,21 32 42.2,323.17583333333334,-09 55 16,-9.921111111111111,94.0,21.6,1.14,114.4,Map/Offsets,https://cgi.minorplanetcenter.net/cgi-bin/confirmeph2.cgi
20260516T203532Z,2026-05-16T20:35:32.472903Z,20260516T203532Z_batch01,CEMRK82,2026-05-17T14:00:00Z,21 32 46.4,323.1933333333333,-09 55 45,-9.929166666666665,94.0,21.6,1.14,114.5,Map/Offsets,https://cgi.minorplanetcenter.net/cgi-bin/confirmeph2.cgi
20260516T203532Z,2026-05-16T20:35:32.472903Z,20260516T203532Z_batch01,CEMRK82,2026-05-17T15:00:00Z,21 32 50.7,323.21125,-09 56 13,-9.936944444444444,94.1,21.6,1.14,114.5,Map/Offsets,https://cgi.minorplanetcenter.net/cgi-bin/confirmeph2.cgi
20260516T203532Z,2026-05-16T20:35:32.472903Z,20260516T203532Z_batch01,CEMRK82,2026-05-17T16:00:00Z,21 32 54.9,323.22875000000005,-09 56 42,-9.945,94.1,21.6,1.14,114.5,Map/Offsets,https://cgi.minorplanetcenter.net/cgi-bin/confirmeph2.cgi
20260516T203532Z,2026-05-16T20:35:32.472903Z,20260516T203532Z_batch01,CEMRK82,2026-05-17T17:00:00Z,21 32 59.1,323.24625000000003,-09 57 10,-9.952777777777778,94.1,21.6,1.14,114.6,Map/Offsets,https://cgi.minorplanetcenter.net/cgi-bin/confirmeph2.cgi
20260516T203532Z,2026-05-16T20:35:32.472903Z,20260516T203532Z_batch01,CEMRK82,2026-05-17T18:00:00Z,21 33 03.3,323.26374999999996,-09 57 39,-9.960833333333333,94.1,21.6,1.14,114.6,Map/Offsets,https://cgi.minorplanetcenter.net/cgi-bin/confirmeph2.cgi
20260516T203532Z,2026-05-16T20:35:32.472903Z,20260516T203532Z_batch01,CEMRK82,2026-05-17T19:00:00Z,21 33 07.6,323.2816666666667,-09 58 07,-9.96861111111111,94.2,21.6,1.14,114.6,Map/Offsets,https://cgi.minorplanetcenter.net/cgi-bin/confirmeph2.cgi
20260516T203532Z,2026-05-16T20:35:32.472903Z,20260516T203532Z_batch01,6EF1B21,2026-05-16T19:00:00Z,15 16 54.7,229.2279166666667,-17 54 07,-17.901944444444442,176.0,20.1,1.67,63.7,Map/Offsets,https://cgi.minorplanetcenter.net/cgi-bin/confirmeph2.cgi
20260516T203532Z,2026-05-16T20:35:32.472903Z,20260516T203532Z_batch01,6EF1B21,2026-05-16T20:00:00Z,15 17 01.0,229.25416666666666,-17 53 23,-17.889722222222222,176.0,20.1,1.67,63.7,Map/Offsets,https://cgi.minorplanetcenter.net/cgi-bin/confirmeph2.cgi
20260516T203532Z,2026-05-16T20:35:32.472903Z,20260516T203532Z_batch01,6EF1B21,2026-05-16T21:00:00Z,15 17 07.2,229.28,-17 52 39,-17.8775,176.0,20.1,1.67,63.7,Map/Offsets,https://cgi.minorplanetcenter.net/cgi-bin/confirmeph2.cgi
20260516T203532Z,2026-05-16T20:35:32.472903Z,20260516T203532Z_batch01,6EF1B21,2026-05-16T22:00:00Z,15 17 13.5,229.30625,-17 51 54,-17.865000000000002,176.0,20.1,1.67,63.7,Map/Offsets,https://cgi.minorplanetcenter.net/cgi-bin/confirmeph2.cgi
20260516T203532Z,2026-05-16T20:35:32.472903Z,20260516T203532Z_batch01,6EF1B21,2026-05-16T23:00:00Z,15 17 19.8,229.33249999999998,-17 51 10,-17.852777777777778,175.9,20.1,1.67,63.7,Map/Offsets,https://cgi.minorplanetcenter.net/cgi-bin/confirmeph2.cgi
20260516T203532Z,2026-05-16T20:35:32.472903Z,20260516T203532Z_batch01,6EF1B21,2026-05-17T00:00:00Z,15 17 26.1,229.35875000000001,-17 50 26,-17.840555555555554,175.9,20.1,1.67,63.7,Map/Offsets,https://cgi.minorplanetcenter.net/cgi-bin/confirmeph2.cgi
20260516T203532Z,2026-05-16T20:35:32.472903Z,20260516T203532Z_batch01,6EF1B21,2026-05-17T01:00:00Z,15 17 32.4,229.385,-17 49 41,-17.828055555555554,175.9,20.1,1.67,63.7,Map/Offsets,https://cgi.minorplanetcenter.net/cgi-bin/confirmeph2.cgi
20260516T203532Z,2026-05-16T20:35:32.472903Z,20260516T203532Z_batch01,6EF1B21,2026-05-17T02:00:00Z,15 17 38.7,229.41125,-17 48 57,-17.815833333333334,175.9,20.1,1.67,63.7,Map/Offsets,https://cgi.minorplanetcenter.net/cgi-bin/confirmeph2.cgi
20260516T203532Z,2026-05-16T20:35:32.472903Z,20260516T203532Z_batch01,6EF1B21,2026-05-17T03:00:00Z,15 17 45.0,229.4375,-17 48 12,-17.803333333333335,175.8,20.1,1.67,63.7,Map/Offsets,https://cgi.minorplanetcenter.net/cgi-bin/confirmeph2.cgi
20260516T203532Z,2026-05-16T20:35:32.472903Z,20260516T203532Z_batch01,6EF1B21,2026-05-17T04:00:00Z,15 17 51.3,229.46375,-17 47 28,-17.791111111111114,175.8,20.1,1.67,63.7,Map/Offsets,https://cgi.minorplanetcenter.net/cgi-bin/confirmeph2.cgi
20260516T203532Z,2026-05-16T20:35:32.472903Z,20260516T203532Z_batch01,6EF1B21,2026-05-17T05:00:00Z,15 17 57.6,229.49,-17 46 43,-17.77861111111111,175.8,20.1,1.67,63.7,Map/Offsets,https://cgi.minorplanetcenter.net/cgi-bin/confirmeph2.cgi
20260516T203532Z,2026-05-16T20:35:32.472903Z,20260516T203532Z_batch01,6EF1B21,2026-05-17T06:00:00Z,15 18 03.8,229.51583333333335,-17 45 59,-17.76638888888889,175.8,20.1,1.67,63.7,Map/Offsets,https://cgi.minorplanetcenter.net/cgi-bin/confirmeph2.cgi
20260516T203532Z,2026-05-16T20:35:32.472903Z,20260516T203532Z_batch01,6EF1B21,2026-05-17T07:00:00Z,15 18 10.1,229.54208333333335,-17 45 14,-17.753888888888888,175.8,20.1,1.67,63.7,Map/Offsets,https://cgi.minorplanetcenter.net/cgi-bin/confirmeph2.cgi
20260516T203532Z,2026-05-16T20:35:32.472903Z,20260516T203532Z_batch01,6EF1B21,2026-05-17T08:00:00Z,15 18 16.4,229.56833333333333,-17 44 30,-17.741666666666667,175.7,20.1,1.67,63.7,Map/Offsets,https://cgi.minorplanetcenter.net/cgi-bin/confirmeph2.cgi
20260516T203532Z,2026-05-16T20:35:32.472903Z,20260516T203532Z_batch01,6EF1B21,2026-05-17T09:00:00Z,15 18 22.7,229.59458333333333,-17 43 45,-17.729166666666664,175.7,20.1,1.67,63.7,Map/Offsets,https://cgi.minorplanetcenter.net/cgi-bin/confirmeph2.cgi
20260516T203532Z,2026-05-16T20:35:32.472903Z,20260516T203532Z_batch01,6EF1B21,2026-05-17T10:00:00Z,15 18 29.0,229.62083333333334,-17 43 01,-17.716944444444444,175.7,20.1,1.67,63.7,Map/Offsets,https://cgi.minorplanetcenter.net/cgi-bin/confirmeph2.cgi
20260516T203532Z,2026-05-16T20:35:32.472903Z,20260516T203532Z_batch01,6EF1B21,2026-05-17T11:00:00Z,15 18 35.3,229.64708333333334,-17 42 16,-17.704444444444444,175.7,20.1,1.67,63.7,Map/Offsets,https://cgi.minorplanetcenter.net/cgi-bin/confirmeph2.cgi
20260516T203532Z,2026-05-16T20:35:32.472903Z,20260516T203532Z_batch01,6EF1B21,2026-05-17T12:00:00Z,15 18 41.6,229.67333333333335,-17 41 32,-17.692222222222224,175.7,20.1,1.67,63.7,Map/Offsets,https://cgi.minorplanetcenter.net/cgi-bin/confirmeph2.cgi
20260516T203532Z,2026-05-16T20:35:32.472903Z,20260516T203532Z_batch01,6EF1B21,2026-05-17T13:00:00Z,15 18 47.9,229.69958333333335,-17 40 47,-17.679722222222225,175.6,20.1,1.67,63.7,Map/Offsets,https://cgi.minorplanetcenter.net/cgi-bin/confirmeph2.cgi
20260516T203532Z,2026-05-16T20:35:32.472903Z,20260516T203532Z_batch01,6EF1B21,2026-05-17T14:00:00Z,15 18 54.2,229.72583333333336,-17 40 02,-17.66722222222222,175.6,20.1,1.68,63.6,Map/Offsets,https://cgi.minorplanetcenter.net/cgi-bin/confirmeph2.cgi
20260516T203532Z,2026-05-16T20:35:32.472903Z,20260516T203532Z_batch01,6EF1B21,2026-05-17T15:00:00Z,15 19 00.5,229.75208333333333,-17 39 18,-17.654999999999998,175.6,20.1,1.68,63.6,Map/Offsets,https://cgi.minorplanetcenter.net/cgi-bin/confirmeph2.cgi
20260516T203532Z,2026-05-16T20:35:32.472903Z,20260516T203532Z_batch01,6EF1B21,2026-05-17T16:00:00Z,15 19 06.8,229.77833333333334,-17 38 33,-17.6425,175.6,20.1,1.68,63.6,Map/Offsets,https://cgi.minorplanetcenter.net/cgi-bin/confirmeph2.cgi
20260516T203532Z,2026-05-16T20:35:32.472903Z,20260516T203532Z_batch01,6EF1B21,2026-05-17T17:00:00Z,15 19 13.1,229.8045833333333,-17 37 49,-17.630277777777778,175.5,20.1,1.68,63.6,Map/Offsets,https://cgi.minorplanetcenter.net/cgi-bin/confirmeph2.cgi
20260516T203532Z,2026-05-16T20:35:32.472903Z,20260516T203532Z_batch01,6EF1B21,2026-05-17T18:00:00Z,15 19 19.4,229.83083333333335,-17 37 04,-17.61777777777778,175.5,20.1,1.68,63.6,Map/Offsets,https://cgi.minorplanetcenter.net/cgi-bin/confirmeph2.cgi
20260516T203532Z,2026-05-16T20:35:32.472903Z,20260516T203532Z_batch01,6EF1B21,2026-05-17T19:00:00Z,15 19 25.7,229.85708333333332,-17 36 19,-17.60527777777778,175.5,20.1,1.68,63.6,Map/Offsets,https://cgi.minorplanetcenter.net/cgi-bin/confirmeph2.cgi
20260516T203532Z,2026-05-16T20:35:32.472903Z,20260516T203532Z_batch01,ST26E98,2026-05-16T19:00:00Z,18 15 56.9,273.9870833333333,+20 10 37,20.176944444444445,123.9,20.5,67.89,46.1,Map/Offsets   !!,https://cgi.minorplanetcenter.net/cgi-bin/confirmeph2.cgi
20260516T203532Z,2026-05-16T20:35:32.472903Z,20260516T203532Z_batch01,ST26E98,2026-05-16T20:00:00Z,18 19 24.5,274.8520833333333,+20 57 07,20.951944444444443,122.9,20.6,66.63,46.4,Map/Offsets   !!,https://cgi.minorplanetcenter.net/cgi-bin/confirmeph2.cgi
20260516T203532Z,2026-05-16T20:35:32.472903Z,20260516T203532Z_batch01,ST26E98,2026-05-16T21:00:00Z,18 22 50.3,275.70958333333334,+21 42 30,21.708333333333332,121.8,20.6,65.36,46.7,Map/Offsets   !!,https://cgi.minorplanetcenter.net/cgi-bin/confirmeph2.cgi
20260516T203532Z,2026-05-16T20:35:32.472903Z,20260516T203532Z_batch01,ST26E98,2026-05-16T22:00:00Z,18 26 14.2,276.55916666666667,+22 26 44,22.445555555555554,120.7,20.7,64.08,47.0,Map/Offsets   !!,https://cgi.minorplanetcenter.net/cgi-bin/confirmeph2.cgi
20260516T203532Z,2026-05-16T20:35:32.472903Z,20260516T203532Z_batch01,ST26E98,2026-05-16T23:00:00Z,18 29 36.1,277.40041666666673,+23 09 50,23.163888888888888,119.7,20.8,62.79,47.4,Map/Offsets   !!,https://cgi.minorplanetcenter.net/cgi-bin/confirmeph2.cgi
20260516T203532Z,2026-05-16T20:35:32.472903Z,20260516T203532Z_batch01,ST26E98,2026-05-17T00:00:00Z,18 32 56.1,278.23375,+23 51 48,23.863333333333333,118.7,20.8,61.5,47.7,Map/Offsets   !!,https://cgi.minorplanetcenter.net/cgi-bin/confirmeph2.cgi
20260516T203532Z,2026-05-16T20:35:32.472903Z,20260516T203532Z_batch01,ST26E98,2026-05-17T01:00:00Z,18 36 14.0,279.05833333333334,+24 32 38,24.54388888888889,117.7,20.9,60.21,48.0,Map/Offsets   !!,https://cgi.minorplanetcenter.net/cgi-bin/confirmeph2.cgi
20260516T203532Z,2026-05-16T20:35:32.472903Z,20260516T203532Z_batch01,ST26E98,2026-05-17T02:00:00Z,18 39 29.8,279.87416666666667,+25 12 20,25.205555555555556,116.7,20.9,58.93,48.4,Map/Offsets   !!,https://cgi.minorplanetcenter.net/cgi-bin/confirmeph2.cgi
20260516T203532Z,2026-05-16T20:35:32.472903Z,20260516T203532Z_batch01,ST26E98,2026-05-17T03:00:00Z,18 42 43.5,280.68125,+25 50 55,25.84861111111111,115.8,21.0,57.65,48.7,Map/Offsets   !!,https://cgi.minorplanetcenter.net/cgi-bin/confirmeph2.cgi
20260516T203532Z,2026-05-16T20:35:32.472903Z,20260516T203532Z_batch01,ST26E98,2026-05-17T04:00:00Z,18 45 55.0,281.4791666666667,+26 28 24,26.473333333333333,114.8,21.0,56.38,49.1,Map/Offsets   !!,https://cgi.minorplanetcenter.net/cgi-bin/confirmeph2.cgi
20260516T203532Z,2026-05-16T20:35:32.472903Z,20260516T203532Z_batch01,ST26E98,2026-05-17T05:00:00Z,18 49 04.2,282.2675,+27 04 47,27.079722222222223,113.9,21.1,55.13,49.4,Map/Offsets   !!,https://cgi.minorplanetcenter.net/cgi-bin/confirmeph2.cgi
20260516T203532Z,2026-05-16T20:35:32.472903Z,20260516T203532Z_batch01,ST26E98,2026-05-17T06:00:00Z,18 52 11.2,283.0466666666667,+27 40 06,27.668333333333333,113.0,21.1,53.89,49.8,Map/Offsets   !!,https://cgi.minorplanetcenter.net/cgi-bin/confirmeph2.cgi
20260516T203532Z,2026-05-16T20:35:32.472903Z,20260516T203532Z_batch01,ST26E98,2026-05-17T07:00:00Z,18 55 15.9,283.81625,+28 14 22,28.239444444444445,112.2,21.2,52.66,50.2,Map/Offsets   !!,https://cgi.minorplanetcenter.net/cgi-bin/confirmeph2.cgi
20260516T203532Z,2026-05-16T20:35:32.472903Z,20260516T203532Z_batch01,ST26E98,2026-05-17T08:00:00Z,18 58 18.3,284.57625,+28 47 36,28.793333333333337,111.3,21.2,51.45,50.5,Map/Offsets   !!,https://cgi.minorplanetcenter.net/cgi-bin/confirmeph2.cgi
20260516T203532Z,2026-05-16T20:35:32.472903Z,20260516T203532Z_batch01,ST26E98,2026-05-17T09:00:00Z,19 01 18.4,285.32666666666665,+29 19 49,29.330277777777777,110.5,21.3,50.26,50.9,Map/Offsets   !!,https://cgi.minorplanetcenter.net/cgi-bin/confirmeph2.cgi
20260516T203532Z,2026-05-16T20:35:32.472903Z,20260516T203532Z_batch01,ST26E98,2026-05-17T10:00:00Z,19 04 16.1,286.06708333333336,+29 51 02,29.850555555555555,109.7,21.3,49.09,51.2,Map/Offsets   !!,https://cgi.minorplanetcenter.net/cgi-bin/confirmeph2.cgi
20260516T203532Z,2026-05-16T20:35:32.472903Z,20260516T203532Z_batch01,ST26E98,2026-05-17T11:00:00Z,19 07 11.5,286.79791666666665,+30 21 17,30.354722222222225,108.9,21.4,47.94,51.6,Map/Offsets   !!,https://cgi.minorplanetcenter.net/cgi-bin/confirmeph2.cgi
20260516T203532Z,2026-05-16T20:35:32.472903Z,20260516T203532Z_batch01,ST26E98,2026-05-17T12:00:00Z,19 10 04.5,287.51875,+30 50 35,30.843055555555555,108.1,21.4,46.82,52.0,Map/Offsets   !!,https://cgi.minorplanetcenter.net/cgi-bin/confirmeph2.cgi
20260516T203532Z,2026-05-16T20:35:32.472903Z,20260516T203532Z_batch01,ST26E98,2026-05-17T13:00:00Z,19 12 55.1,288.2295833333333,+31 18 58,31.316111111111113,107.4,21.5,45.71,52.3,Map/Offsets   !!,https://cgi.minorplanetcenter.net/cgi-bin/confirmeph2.cgi
20260516T203532Z,2026-05-16T20:35:32.472903Z,20260516T203532Z_batch01,ST26E98,2026-05-17T14:00:00Z,19 15 43.4,288.93083333333334,+31 46 27,31.774166666666666,106.7,21.5,44.63,52.7,Map/Offsets   !!,https://cgi.minorplanetcenter.net/cgi-bin/confirmeph2.cgi
20260516T203532Z,2026-05-16T20:35:32.472903Z,20260516T203532Z_batch01,ST26E98,2026-05-17T15:00:00Z,19 18 29.3,289.62208333333336,+32 13 03,32.2175,106.0,21.6,43.57,53.1,Map/Offsets   !!,https://cgi.minorplanetcenter.net/cgi-bin/confirmeph2.cgi
20260516T203532Z,2026-05-16T20:35:32.472903Z,20260516T203532Z_batch01,ST26E98,2026-05-17T16:00:00Z,19 21 12.8,290.30333333333334,+32 38 48,32.64666666666667,105.3,21.6,42.54,53.4,Map/Offsets   !!,https://cgi.minorplanetcenter.net/cgi-bin/confirmeph2.cgi
20260516T203532Z,2026-05-16T20:35:32.472903Z,20260516T203532Z_batch01,ST26E98,2026-05-17T17:00:00Z,19 23 53.9,290.9745833333333,+33 03 44,33.06222222222222,104.6,21.7,41.53,53.8,Map/Offsets   !,https://cgi.minorplanetcenter.net/cgi-bin/confirmeph2.cgi
20260516T203532Z,2026-05-16T20:35:32.472903Z,20260516T203532Z_batch01,ST26E98,2026-05-17T18:00:00Z,19 26 32.7,291.63625,+33 27 52,33.464444444444446,103.9,21.7,40.54,54.2,Map/Offsets   !,https://cgi.minorplanetcenter.net/cgi-bin/confirmeph2.cgi
20260516T203532Z,2026-05-16T20:35:32.472903Z,20260516T203532Z_batch01,ST26E98,2026-05-17T19:00:00Z,19 29 09.1,292.2879166666667,+33 51 12,33.85333333333333,103.3,21.8,39.58,54.5,Map/Offsets   !,https://cgi.minorplanetcenter.net/cgi-bin/confirmeph2.cgi
20260516T203532Z,2026-05-16T20:35:32.472903Z,20260516T203532Z_batch01,CEMK452,2026-05-16T19:00:00Z,14 17 01.1,214.25458333333333,-04 38 17,-4.638055555555555,156.5,21.5,0.66,50.7,Map/Offsets,https://cgi.minorplanetcenter.net/cgi-bin/confirmeph2.cgi
20260516T203532Z,2026-05-16T20:35:32.472903Z,20260516T203532Z_batch01,CEMK452,2026-05-16T20:00:00Z,14 17 03.2,214.26333333333335,-04 37 52,-4.631111111111111,156.5,21.5,0.66,50.8,Map/Offsets,https://cgi.minorplanetcenter.net/cgi-bin/confirmeph2.cgi
20260516T203532Z,2026-05-16T20:35:32.472903Z,20260516T203532Z_batch01,CEMK452,2026-05-16T21:00:00Z,14 17 05.2,214.27166666666668,-04 37 27,-4.624166666666667,156.4,21.5,0.66,50.9,Map/Offsets,https://cgi.minorplanetcenter.net/cgi-bin/confirmeph2.cgi
20260516T203532Z,2026-05-16T20:35:32.472903Z,20260516T203532Z_batch01,CEMK452,2026-05-16T22:00:00Z,14 17 07.3,214.28041666666667,-04 37 02,-4.617222222222223,156.4,21.5,0.66,50.9,Map/Offsets,https://cgi.minorplanetcenter.net/cgi-bin/confirmeph2.cgi
20260516T203532Z,2026-05-16T20:35:32.472903Z,20260516T203532Z_batch01,CEMK452,2026-05-16T23:00:00Z,14 17 09.3,214.28875,-04 36 37,-4.610277777777777,156.3,21.5,0.66,51.0,Map/Offsets,https://cgi.minorplanetcenter.net/cgi-bin/confirmeph2.cgi
20260516T203532Z,2026-05-16T20:35:32.472903Z,20260516T203532Z_batch01,CEMK452,2026-05-17T00:00:00Z,14 17 11.3,214.29708333333335,-04 36 13,-4.60361111111111,156.3,21.5,0.66,51.1,Map/Offsets,https://cgi.minorplanetcenter.net/cgi-bin/confirmeph2.cgi
20260516T203532Z,2026-05-16T20:35:32.472903Z,20260516T203532Z_batch01,CEMK452,2026-05-17T01:00:00Z,14 17 13.4,214.30583333333334,-04 35 48,-4.596666666666667,156.3,21.5,0.66,51.1,Map/Offsets,https://cgi.minorplanetcenter.net/cgi-bin/confirmeph2.cgi
20260516T203532Z,2026-05-16T20:35:32.472903Z,20260516T203532Z_batch01,CEMK452,2026-05-17T02:00:00Z,14 17 15.4,214.31416666666667,-04 35 23,-4.589722222222222,156.2,21.5,0.65,51.2,Map/Offsets,https://cgi.minorplanetcenter.net/cgi-bin/confirmeph2.cgi
20260516T203532Z,2026-05-16T20:35:32.472903Z,20260516T203532Z_batch01,CEMK452,2026-05-17T03:00:00Z,14 17 17.5,214.32291666666666,-04 34 59,-4.583055555555555,156.2,21.5,0.65,51.3,Map/Offsets,https://cgi.minorplanetcenter.net/cgi-bin/confirmeph2.cgi
20260516T203532Z,2026-05-16T20:35:32.472903Z,20260516T203532Z_batch01,CEMK452,2026-05-17T04:00:00Z,14 17 19.5,214.33125,-04 34 34,-4.576111111111111,156.2,21.5,0.65,51.3,Map/Offsets,https://cgi.minorplanetcenter.net/cgi-bin/confirmeph2.cgi
20260516T203532Z,2026-05-16T20:35:32.472903Z,20260516T203532Z_batch01,CEMK452,2026-05-17T05:00:00Z,14 17 21.6,214.34,-04 34 10,-4.569444444444445,156.1,21.5,0.65,51.4,Map/Offsets,https://cgi.minorplanetcenter.net/cgi-bin/confirmeph2.cgi
20260516T203532Z,2026-05-16T20:35:32.472903Z,20260516T203532Z_batch01,CEMK452,2026-05-17T06:00:00Z,14 17 23.6,214.34833333333333,-04 33 45,-4.5625,156.1,21.5,0.65,51.5,Map/Offsets,https://cgi.minorplanetcenter.net/cgi-bin/confirmeph2.cgi
20260516T203532Z,2026-05-16T20:35:32.472903Z,20260516T203532Z_batch01,CEMK452,2026-05-17T07:00:00Z,14 17 25.7,214.35708333333332,-04 33 21,-4.555833333333333,156.1,21.5,0.65,51.5,Map/Offsets,https://cgi.minorplanetcenter.net/cgi-bin/confirmeph2.cgi
20260516T203532Z,2026-05-16T20:35:32.472903Z,20260516T203532Z_batch01,CEMK452,2026-05-17T08:00:00Z,14 17 27.7,214.36541666666668,-04 32 57,-4.549166666666666,156.0,21.5,0.65,51.6,Map/Offsets,https://cgi.minorplanetcenter.net/cgi-bin/confirmeph2.cgi
20260516T203532Z,2026-05-16T20:35:32.472903Z,20260516T203532Z_batch01,CEMK452,2026-05-17T09:00:00Z,14 17 29.8,214.37416666666667,-04 32 32,-4.542222222222222,156.0,21.5,0.65,51.7,Map/Offsets,https://cgi.minorplanetcenter.net/cgi-bin/confirmeph2.cgi
20260516T203532Z,2026-05-16T20:35:32.472903Z,20260516T203532Z_batch01,CEMK452,2026-05-17T10:00:00Z,14 17 31.8,214.3825,-04 32 08,-4.535555555555556,156.0,21.5,0.65,51.7,Map/Offsets,https://cgi.minorplanetcenter.net/cgi-bin/confirmeph2.cgi
20260516T203532Z,2026-05-16T20:35:32.472903Z,20260516T203532Z_batch01,CEMK452,2026-05-17T11:00:00Z,14 17 33.9,214.39124999999999,-04 31 44,-4.528888888888889,155.9,21.5,0.65,51.8,Map/Offsets,https://cgi.minorplanetcenter.net/cgi-bin/confirmeph2.cgi
20260516T203532Z,2026-05-16T20:35:32.472903Z,20260516T203532Z_batch01,CEMK452,2026-05-17T12:00:00Z,14 17 35.9,214.39958333333334,-04 31 20,-4.522222222222222,155.9,21.5,0.65,51.9,Map/Offsets,https://cgi.minorplanetcenter.net/cgi-bin/confirmeph2.cgi
20260516T203532Z,2026-05-16T20:35:32.472903Z,20260516T203532Z_batch01,CEMK452,2026-05-17T13:00:00Z,14 17 38.0,214.40833333333333,-04 30 56,-4.515555555555555,155.9,21.5,0.65,52.0,Map/Offsets,https://cgi.minorplanetcenter.net/cgi-bin/confirmeph2.cgi
20260516T203532Z,2026-05-16T20:35:32.472903Z,20260516T203532Z_batch01,CEMK452,2026-05-17T14:00:00Z,14 17 40.0,214.41666666666666,-04 30 32,-4.5088888888888885,155.8,21.5,0.65,52.0,Map/Offsets,https://cgi.minorplanetcenter.net/cgi-bin/confirmeph2.cgi
20260516T203532Z,2026-05-16T20:35:32.472903Z,20260516T203532Z_batch01,CEMK452,2026-05-17T15:00:00Z,14 17 42.1,214.42541666666665,-04 30 08,-4.502222222222223,155.8,21.5,0.65,52.1,Map/Offsets,https://cgi.minorplanetcenter.net/cgi-bin/confirmeph2.cgi
20260516T203532Z,2026-05-16T20:35:32.472903Z,20260516T203532Z_batch01,CEMK452,2026-05-17T16:00:00Z,14 17 44.2,214.43416666666667,-04 29 44,-4.495555555555556,155.8,21.5,0.65,52.2,Map/Offsets,https://cgi.minorplanetcenter.net/cgi-bin/confirmeph2.cgi
20260516T203532Z,2026-05-16T20:35:32.472903Z,20260516T203532Z_batch01,CEMK452,2026-05-17T17:00:00Z,14 17 46.2,214.4425,-04 29 20,-4.488888888888889,155.7,21.5,0.65,52.2,Map/Offsets,https://cgi.minorplanetcenter.net/cgi-bin/confirmeph2.cgi
20260516T203532Z,2026-05-16T20:35:32.472903Z,20260516T203532Z_batch01,CEMK452,2026-05-17T18:00:00Z,14 17 48.3,214.45125,-04 28 56,-4.482222222222222,155.7,21.5,0.65,52.3,Map/Offsets,https://cgi.minorplanetcenter.net/cgi-bin/confirmeph2.cgi
20260516T203532Z,2026-05-16T20:35:32.472903Z,20260516T203532Z_batch01,CEMK452,2026-05-17T19:00:00Z,14 17 50.3,214.4595833333333,-04 28 33,-4.475833333333333,155.6,21.5,0.65,52.4,Map/Offsets,https://cgi.minorplanetcenter.net/cgi-bin/confirmeph2.cgi
20260516T203532Z,2026-05-16T20:35:32.472903Z,20260516T203532Z_batch01,ST26E89,2026-05-16T19:00:00Z,13 36 00.7,204.00291666666666,+05 35 13,5.586944444444444,142.1,18.3,60.45,218.6,Map/Offsets   !!,https://cgi.minorplanetcenter.net/cgi-bin/confirmeph2.cgi
20260516T203532Z,2026-05-16T20:35:32.472903Z,20260516T203532Z_batch01,ST26E89,2026-05-16T20:00:00Z,13 33 16.8,203.32000000000002,+04 44 06,4.735,142.1,18.1,70.8,218.6,Map/Offsets   !!,https://cgi.minorplanetcenter.net/cgi-bin/confirmeph2.cgi
20260516T203532Z,2026-05-16T20:35:32.472903Z,20260516T203532Z_batch01,ST26E89,2026-05-16T21:00:00Z,13 30 04.1,202.51708333333335,+03 43 47,3.729722222222222,142.0,17.9,83.97,218.5,Map/Offsets   !!,https://cgi.minorplanetcenter.net/cgi-bin/confirmeph2.cgi
20260516T203532Z,2026-05-16T20:35:32.472903Z,20260516T203532Z_batch01,ST26E89,2026-05-16T22:00:00Z,13 26 14.5,201.56041666666667,+02 31 39,2.5275,142.0,17.7,101.1,218.4,Map/Offsets   !!,https://cgi.minorplanetcenter.net/cgi-bin/confirmeph2.cgi
20260516T203532Z,2026-05-16T20:35:32.472903Z,20260516T203532Z_batch01,ST26E89,2026-05-16T23:00:00Z,13 21 36.4,200.40166666666667,+01 04 02,1.0672222222222223,141.8,17.5,123.7,218.4,Map/Offsets   ***,https://cgi.minorplanetcenter.net/cgi-bin/confirmeph2.cgi
20260516T203532Z,2026-05-16T20:35:32.472903Z,20260516T203532Z_batch01,ST26E89,2026-05-17T00:00:00Z,13 15 52.8,198.97,-00 44 21,-0.7391666666666666,141.5,17.3,154.5,218.4,Map/Offsets   ***,https://cgi.minorplanetcenter.net/cgi-bin/confirmeph2.cgi
20260516T203532Z,2026-05-16T20:35:32.472903Z,20260516T203532Z_batch01,ST26E89,2026-05-17T01:00:00Z,13 08 38.2,197.15916666666664,-03 01 15,-3.0208333333333335,141.0,17.0,197.5,218.5,Map/Offsets   ***,https://cgi.minorplanetcenter.net/cgi-bin/confirmeph2.cgi
20260516T203532Z,2026-05-16T20:35:32.472903Z,20260516T203532Z_batch01,ST26E89,2026-05-17T02:00:00Z,12 59 12.2,194.80083333333332,-05 58 19,-5.9719444444444445,140.1,16.8,259.2,218.6,Map/Offsets   ***,https://cgi.minorplanetcenter.net/cgi-bin/confirmeph2.cgi
20260516T203532Z,2026-05-16T20:35:32.472903Z,20260516T203532Z_batch01,ST26E89,2026-05-17T03:00:00Z,12 46 27.9,191.61625,-09 53 18,-9.888333333333334,138.5,16.5,350.4,219.1,Map/Offsets   ***,https://cgi.minorplanetcenter.net/cgi-bin/confirmeph2.cgi
20260516T203532Z,2026-05-16T20:35:32.472903Z,20260516T203532Z_batch01,ST26E89,2026-05-17T04:00:00Z,12 28 27.4,187.11416666666665,-15 12 41,-15.211388888888887,135.5,16.2,487.3,220.1,Map/Offsets   ***,https://cgi.minorplanetcenter.net/cgi-bin/confirmeph2.cgi
20260516T203532Z,2026-05-16T20:35:32.472903Z,20260516T203532Z_batch01,ST26E89,2026-05-17T05:00:00Z,12 01 30.1,180.37541666666667,-22 31 17,-22.52138888888889,130.4,16.0,688.4,222.3,Map/Offsets   ***,https://cgi.minorplanetcenter.net/cgi-bin/confirmeph2.cgi
20260516T203532Z,2026-05-16T20:35:32.472903Z,20260516T203532Z_batch01,ST26E89,2026-05-17T06:00:00Z,11 18 28.5,169.61875,-32 12 16,-32.20444444444445,121.7,15.9,947.6,227.3,Map/Offsets   ***,https://cgi.minorplanetcenter.net/cgi-bin/confirmeph2.cgi
20260516T203532Z,2026-05-16T20:35:32.472903Z,20260516T203532Z_batch01,ST26E89,2026-05-17T07:00:00Z,10 06 59.9,151.7495833333333,-43 04 40,-43.07777777777778,108.8,16.1,1163.0,238.3,Map/Offsets   ***,https://cgi.minorplanetcenter.net/cgi-bin/confirmeph2.cgi
20260516T203532Z,2026-05-16T20:35:32.472903Z,20260516T203532Z_batch01,ST26E89,2026-05-17T08:00:00Z,08 19 39.3,124.91375,-50 35 26,-50.59055555555556,93.5,16.6,1153.0,258.0,Map/Offsets   ***,https://cgi.minorplanetcenter.net/cgi-bin/confirmeph2.cgi
20260516T203532Z,2026-05-16T20:35:32.472903Z,20260516T203532Z_batch01,ST26E89,2026-05-17T09:00:00Z,06 28 02.7,97.01125,-50 55 58,-50.93277777777777,79.8,17.4,930.1,279.8,Map/Offsets   ***,https://cgi.minorplanetcenter.net/cgi-bin/confirmeph2.cgi
20260516T203532Z,2026-05-16T20:35:32.472903Z,20260516T203532Z_batch01,ST26E89,2026-05-17T10:00:00Z,05 10 23.1,77.59625,-46 57 24,-46.95666666666667,69.6,18.3,673.5,294.5,Map/Offsets   ***,https://cgi.minorplanetcenter.net/cgi-bin/confirmeph2.cgi
20260516T203532Z,2026-05-16T20:35:32.472903Z,20260516T203532Z_batch01,ST26E89,2026-05-17T11:00:00Z,04 23 31.9,65.88291666666667,-42 23 25,-42.390277777777776,62.7,19.2,476.9,302.7,Map/Offsets   ***,https://cgi.minorplanetcenter.net/cgi-bin/confirmeph2.cgi
20260516T203532Z,2026-05-16T20:35:32.472903Z,20260516T203532Z_batch01,ST26E89,2026-05-17T12:00:00Z,03 54 28.6,58.619166666666665,-38 29 42,-38.495,58.0,19.9,343.5,307.5,Map/Offsets   ***,https://cgi.minorplanetcenter.net/cgi-bin/confirmeph2.cgi
20260516T203532Z,2026-05-16T20:35:32.472903Z,20260516T203532Z_batch01,ST26E89,2026-05-17T13:00:00Z,03 35 16.3,53.81791666666667,-35 23 34,-35.39277777777778,54.7,20.5,254.6,310.4,Map/Offsets   ***,https://cgi.minorplanetcenter.net/cgi-bin/confirmeph2.cgi
20260516T203532Z,2026-05-16T20:35:32.472903Z,20260516T203532Z_batch01,ST26E89,2026-05-17T14:00:00Z,03 21 48.4,50.45166666666667,-32 56 36,-32.94333333333333,52.4,21.0,194.3,312.3,Map/Offsets   ***,https://cgi.minorplanetcenter.net/cgi-bin/confirmeph2.cgi
20260516T203532Z,2026-05-16T20:35:32.472903Z,20260516T203532Z_batch01,ST26E89,2026-05-17T15:00:00Z,03 11 54.4,47.97666666666666,-30 59 25,-30.990277777777777,50.7,21.4,152.3,313.6,Map/Offsets   ***,https://cgi.minorplanetcenter.net/cgi-bin/confirmeph2.cgi
20260516T203532Z,2026-05-16T20:35:32.472903Z,20260516T203532Z_batch01,ST26E89,2026-05-17T16:00:00Z,03 04 20.8,46.08666666666667,-29 24 36,-29.41,49.4,21.8,122.1,314.5,Map/Offsets   ***,https://cgi.minorplanetcenter.net/cgi-bin/confirmeph2.cgi
20260516T203532Z,2026-05-16T20:35:32.472903Z,20260516T203532Z_batch01,ST26E89,2026-05-17T17:00:00Z,02 58 23.9,44.599583333333335,-28 06 40,-28.111111111111114,48.4,22.1,99.86,315.2,Map/Offsets   !!,https://cgi.minorplanetcenter.net/cgi-bin/confirmeph2.cgi
20260516T203532Z,2026-05-16T20:35:32.472903Z,20260516T203532Z_batch01,ST26E89,2026-05-17T18:00:00Z,02 53 35.9,43.39958333333333,-27 01 41,-27.028055555555554,47.6,22.4,83.05,315.8,Map/Offsets   !!,https://cgi.minorplanetcenter.net/cgi-bin/confirmeph2.cgi
20260516T203532Z,2026-05-16T20:35:32.472903Z,20260516T203532Z_batch01,ST26E89,2026-05-17T19:00:00Z,02 49 39.0,42.412499999999994,-26 06 48,-26.113333333333333,46.9,22.6,70.08,316.2,Map/Offsets   !!,https://cgi.minorplanetcenter.net/cgi-bin/confirmeph2.cgi
20260516T203532Z,2026-05-16T20:35:32.472903Z,20260516T203532Z_batch01,CEMEEG2,2026-05-16T19:00:00Z,12 21 52.6,185.46916666666667,-08 18 49,-8.313611111111111,132.5,20.9,7.35,190.0,Map/Offsets,https://cgi.minorplanetcenter.net/cgi-bin/confirmeph2.cgi
20260516T203532Z,2026-05-16T20:35:32.472903Z,20260516T203532Z_batch01,CEMEEG2,2026-05-16T20:00:00Z,12 21 47.4,185.4475,-08 26 04,-8.434444444444445,132.5,20.9,7.36,190.0,Map/Offsets,https://cgi.minorplanetcenter.net/cgi-bin/confirmeph2.cgi
20260516T203532Z,2026-05-16T20:35:32.472903Z,20260516T203532Z_batch01,CEMEEG2,2026-05-16T21:00:00Z,12 21 42.3,185.42624999999998,-08 33 19,-8.555277777777778,132.5,20.9,7.37,189.9,Map/Offsets,https://cgi.minorplanetcenter.net/cgi-bin/confirmeph2.cgi
20260516T203532Z,2026-05-16T20:35:32.472903Z,20260516T203532Z_batch01,CEMEEG2,2026-05-16T22:00:00Z,12 21 37.1,185.40458333333333,-08 40 35,-8.676388888888889,132.5,20.9,7.38,189.9,Map/Offsets,https://cgi.minorplanetcenter.net/cgi-bin/confirmeph2.cgi
20260516T203532Z,2026-05-16T20:35:32.472903Z,20260516T203532Z_batch01,CEMEEG2,2026-05-16T23:00:00Z,12 21 32.0,185.38333333333333,-08 47 52,-8.797777777777778,132.4,20.9,7.39,189.9,Map/Offsets,https://cgi.minorplanetcenter.net/cgi-bin/confirmeph2.cgi
20260516T203532Z,2026-05-16T20:35:32.472903Z,20260516T203532Z_batch01,CEMEEG2,2026-05-17T00:00:00Z,12 21 26.8,185.36166666666668,-08 55 09,-8.919166666666666,132.4,20.9,7.4,189.9,Map/Offsets,https://cgi.minorplanetcenter.net/cgi-bin/confirmeph2.cgi
20260516T203532Z,2026-05-16T20:35:32.472903Z,20260516T203532Z_batch01,CEMEEG2,2026-05-17T01:00:00Z,12 21 21.7,185.34041666666667,-09 02 27,-9.040833333333333,132.4,20.9,7.42,189.9,Map/Offsets,https://cgi.minorplanetcenter.net/cgi-bin/confirmeph2.cgi
20260516T203532Z,2026-05-16T20:35:32.472903Z,20260516T203532Z_batch01,CEMEEG2,2026-05-17T02:00:00Z,12 21 16.5,185.31875,-09 09 46,-9.162777777777778,132.4,20.9,7.43,189.9,Map/Offsets,https://cgi.minorplanetcenter.net/cgi-bin/confirmeph2.cgi
20260516T203532Z,2026-05-16T20:35:32.472903Z,20260516T203532Z_batch01,CEMEEG2,2026-05-17T03:00:00Z,12 21 11.4,185.2975,-09 17 05,-9.284722222222221,132.3,20.9,7.44,189.8,Map/Offsets,https://cgi.minorplanetcenter.net/cgi-bin/confirmeph2.cgi
20260516T203532Z,2026-05-16T20:35:32.472903Z,20260516T203532Z_batch01,CEMEEG2,2026-05-17T04:00:00Z,12 21 06.2,185.2758333333333,-09 24 25,-9.406944444444445,132.3,20.9,7.45,189.8,Map/Offsets,https://cgi.minorplanetcenter.net/cgi-bin/confirmeph2.cgi
20260516T203532Z,2026-05-16T20:35:32.472903Z,20260516T203532Z_batch01,CEMEEG2,2026-05-17T05:00:00Z,12 21 01.1,185.25458333333333,-09 31 46,-9.529444444444445,132.3,20.9,7.46,189.8,Map/Offsets,https://cgi.minorplanetcenter.net/cgi-bin/confirmeph2.cgi
20260516T203532Z,2026-05-16T20:35:32.472903Z,20260516T203532Z_batch01,CEMEEG2,2026-05-17T06:00:00Z,12 20 55.9,185.23291666666665,-09 39 07,-9.651944444444444,132.3,20.9,7.47,189.8,Map/Offsets,https://cgi.minorplanetcenter.net/cgi-bin/confirmeph2.cgi
20260516T203532Z,2026-05-16T20:35:32.472903Z,20260516T203532Z_batch01,CEMEEG2,2026-05-17T07:00:00Z,12 20 50.8,185.21166666666667,-09 46 29,-9.774722222222223,132.2,20.9,7.48,189.8,Map/Offsets,https://cgi.minorplanetcenter.net/cgi-bin/confirmeph2.cgi
20260516T203532Z,2026-05-16T20:35:32.472903Z,20260516T203532Z_batch01,CEMEEG2,2026-05-17T08:00:00Z,12 20 45.6,185.19,-09 53 51,-9.897499999999999,132.2,20.9,7.49,189.8,Map/Offsets,https://cgi.minorplanetcenter.net/cgi-bin/confirmeph2.cgi
20260516T203532Z,2026-05-16T20:35:32.472903Z,20260516T203532Z_batch01,CEMEEG2,2026-05-17T09:00:00Z,12 20 40.4,185.16833333333335,-10 01 15,-10.020833333333334,132.2,20.9,7.5,189.8,Map/Offsets,https://cgi.minorplanetcenter.net/cgi-bin/confirmeph2.cgi
20260516T203532Z,2026-05-16T20:35:32.472903Z,20260516T203532Z_batch01,CEMEEG2,2026-05-17T10:00:00Z,12 20 35.3,185.14708333333334,-10 08 38,-10.143888888888888,132.2,20.9,7.51,189.7,Map/Offsets,https://cgi.minorplanetcenter.net/cgi-bin/confirmeph2.cgi
20260516T203532Z,2026-05-16T20:35:32.472903Z,20260516T203532Z_batch01,CEMEEG2,2026-05-17T11:00:00Z,12 20 30.1,185.12541666666667,-10 16 03,-10.2675,132.2,20.9,7.52,189.7,Map/Offsets,https://cgi.minorplanetcenter.net/cgi-bin/confirmeph2.cgi
20260516T203532Z,2026-05-16T20:35:32.472903Z,20260516T203532Z_batch01,CEMEEG2,2026-05-17T12:00:00Z,12 20 25.0,185.10416666666669,-10 23 28,-10.39111111111111,132.1,20.9,7.53,189.7,Map/Offsets,https://cgi.minorplanetcenter.net/cgi-bin/confirmeph2.cgi
20260516T203532Z,2026-05-16T20:35:32.472903Z,20260516T203532Z_batch01,CEMEEG2,2026-05-17T13:00:00Z,12 20 19.8,185.0825,-10 30 54,-10.515,132.1,20.9,7.54,189.7,Map/Offsets,https://cgi.minorplanetcenter.net/cgi-bin/confirmeph2.cgi
20260516T203532Z,2026-05-16T20:35:32.472903Z,20260516T203532Z_batch01,CEMEEG2,2026-05-17T14:00:00Z,12 20 14.6,185.06083333333336,-10 38 20,-10.63888888888889,132.1,20.9,7.55,189.7,Map/Offsets,https://cgi.minorplanetcenter.net/cgi-bin/confirmeph2.cgi
20260516T203532Z,2026-05-16T20:35:32.472903Z,20260516T203532Z_batch01,CEMEEG2,2026-05-17T15:00:00Z,12 20 09.5,185.03958333333335,-10 45 47,-10.763055555555555,132.1,20.9,7.56,189.7,Map/Offsets,https://cgi.minorplanetcenter.net/cgi-bin/confirmeph2.cgi
20260516T203532Z,2026-05-16T20:35:32.472903Z,20260516T203532Z_batch01,CEMEEG2,2026-05-17T16:00:00Z,12 20 04.3,185.01791666666668,-10 53 15,-10.8875,132.0,20.9,7.57,189.6,Map/Offsets,https://cgi.minorplanetcenter.net/cgi-bin/confirmeph2.cgi
20260516T203532Z,2026-05-16T20:35:32.472903Z,20260516T203532Z_batch01,CEMEEG2,2026-05-17T17:00:00Z,12 19 59.1,184.99625,-11 00 43,-11.011944444444444,132.0,20.9,7.58,189.6,Map/Offsets,https://cgi.minorplanetcenter.net/cgi-bin/confirmeph2.cgi
20260516T203532Z,2026-05-16T20:35:32.472903Z,20260516T203532Z_batch01,CEMEEG2,2026-05-17T18:00:00Z,12 19 54.0,184.975,-11 08 12,-11.136666666666667,132.0,20.9,7.59,189.6,Map/Offsets,https://cgi.minorplanetcenter.net/cgi-bin/confirmeph2.cgi
20260516T203532Z,2026-05-16T20:35:32.472903Z,20260516T203532Z_batch01,CEMEEG2,2026-05-17T19:00:00Z,12 19 48.8,184.95333333333332,-11 15 41,-11.261388888888888,132.0,20.9,7.6,189.6,Map/Offsets,https://cgi.minorplanetcenter.net/cgi-bin/confirmeph2.cgi
20260516T203532Z,2026-05-16T20:35:32.472903Z,20260516T203532Z_batch01,A11Cswo,2026-05-16T19:00:00Z,17 16 38.6,259.1608333333333,-23 43 01,-23.716944444444444,155.5,18.8,1.74,285.5,Map/Offsets,https://cgi.minorplanetcenter.net/cgi-bin/confirmeph2.cgi
20260516T203532Z,2026-05-16T20:35:32.472903Z,20260516T203532Z_batch01,A11Cswo,2026-05-16T20:00:00Z,17 16 31.3,259.13041666666663,-23 42 33,-23.709166666666665,155.5,18.8,1.75,285.5,Map/Offsets,https://cgi.minorplanetcenter.net/cgi-bin/confirmeph2.cgi
20260516T203532Z,2026-05-16T20:35:32.472903Z,20260516T203532Z_batch01,A11Cswo,2026-05-16T21:00:00Z,17 16 23.9,259.0995833333333,-23 42 05,-23.70138888888889,155.6,18.8,1.75,285.5,Map/Offsets,https://cgi.minorplanetcenter.net/cgi-bin/confirmeph2.cgi
20260516T203532Z,2026-05-16T20:35:32.472903Z,20260516T203532Z_batch01,A11Cswo,2026-05-16T22:00:00Z,17 16 16.5,259.06874999999997,-23 41 36,-23.693333333333335,155.7,18.8,1.76,285.5,Map/Offsets,https://cgi.minorplanetcenter.net/cgi-bin/confirmeph2.cgi
20260516T203532Z,2026-05-16T20:35:32.472903Z,20260516T203532Z_batch01,A11Cswo,2026-05-16T23:00:00Z,17 16 09.1,259.03791666666666,-23 41 08,-23.685555555555556,155.7,18.8,1.77,285.5,Map/Offsets,https://cgi.minorplanetcenter.net/cgi-bin/confirmeph2.cgi
20260516T203532Z,2026-05-16T20:35:32.472903Z,20260516T203532Z_batch01,A11Cswo,2026-05-17T00:00:00Z,17 16 01.7,259.0070833333333,-23 40 40,-23.67777777777778,155.8,18.8,1.78,285.5,Map/Offsets,https://cgi.minorplanetcenter.net/cgi-bin/confirmeph2.cgi
20260516T203532Z,2026-05-16T20:35:32.472903Z,20260516T203532Z_batch01,A11Cswo,2026-05-17T01:00:00Z,17 15 54.2,258.97583333333336,-23 40 11,-23.669722222222223,155.9,18.8,1.78,285.5,Map/Offsets,https://cgi.minorplanetcenter.net/cgi-bin/confirmeph2.cgi
20260516T203532Z,2026-05-16T20:35:32.472903Z,20260516T203532Z_batch01,A11Cswo,2026-05-17T02:00:00Z,17 15 46.7,258.9445833333333,-23 39 42,-23.661666666666665,155.9,18.8,1.79,285.5,Map/Offsets,https://cgi.minorplanetcenter.net/cgi-bin/confirmeph2.cgi
20260516T203532Z,2026-05-16T20:35:32.472903Z,20260516T203532Z_batch01,A11Cswo,2026-05-17T03:00:00Z,17 15 39.1,258.91291666666666,-23 39 13,-23.65361111111111,156.0,18.8,1.8,285.5,Map/Offsets,https://cgi.minorplanetcenter.net/cgi-bin/confirmeph2.cgi
20260516T203532Z,2026-05-16T20:35:32.472903Z,20260516T203532Z_batch01,A11Cswo,2026-05-17T04:00:00Z,17 15 31.5,258.88124999999997,-23 38 44,-23.645555555555553,156.1,18.7,1.81,285.5,Map/Offsets,https://cgi.minorplanetcenter.net/cgi-bin/confirmeph2.cgi
20260516T203532Z,2026-05-16T20:35:32.472903Z,20260516T203532Z_batch01,A11Cswo,2026-05-17T05:00:00Z,17 15 23.9,258.8495833333333,-23 38 15,-23.6375,156.2,18.7,1.81,285.6,Map/Offsets,https://cgi.minorplanetcenter.net/cgi-bin/confirmeph2.cgi
20260516T203532Z,2026-05-16T20:35:32.472903Z,20260516T203532Z_batch01,A11Cswo,2026-05-17T06:00:00Z,17 15 16.3,258.8179166666667,-23 37 46,-23.629444444444445,156.2,18.7,1.82,285.6,Map/Offsets,https://cgi.minorplanetcenter.net/cgi-bin/confirmeph2.cgi
20260516T203532Z,2026-05-16T20:35:32.472903Z,20260516T203532Z_batch01,A11Cswo,2026-05-17T07:00:00Z,17 15 08.6,258.7858333333333,-23 37 17,-23.62138888888889,156.3,18.7,1.83,285.6,Map/Offsets,https://cgi.minorplanetcenter.net/cgi-bin/confirmeph2.cgi
20260516T203532Z,2026-05-16T20:35:32.472903Z,20260516T203532Z_batch01,A11Cswo,2026-05-17T08:00:00Z,17 15 00.9,258.75375,-23 36 47,-23.613055555555558,156.4,18.7,1.84,285.6,Map/Offsets,https://cgi.minorplanetcenter.net/cgi-bin/confirmeph2.cgi
20260516T203532Z,2026-05-16T20:35:32.472903Z,20260516T203532Z_batch01,A11Cswo,2026-05-17T09:00:00Z,17 14 53.2,258.7216666666667,-23 36 18,-23.605,156.4,18.7,1.84,285.6,Map/Offsets,https://cgi.minorplanetcenter.net/cgi-bin/confirmeph2.cgi
20260516T203532Z,2026-05-16T20:35:32.472903Z,20260516T203532Z_batch01,A11Cswo,2026-05-17T10:00:00Z,17 14 45.4,258.68916666666667,-23 35 48,-23.596666666666664,156.5,18.7,1.85,285.6,Map/Offsets,https://cgi.minorplanetcenter.net/cgi-bin/confirmeph2.cgi
20260516T203532Z,2026-05-16T20:35:32.472903Z,20260516T203532Z_batch01,A11Cswo,2026-05-17T11:00:00Z,17 14 37.6,258.6566666666667,-23 35 18,-23.58833333333333,156.6,18.7,1.86,285.6,Map/Offsets,https://cgi.minorplanetcenter.net/cgi-bin/confirmeph2.cgi
20260516T203532Z,2026-05-16T20:35:32.472903Z,20260516T203532Z_batch01,A11Cswo,2026-05-17T12:00:00Z,17 14 29.8,258.62416666666667,-23 34 48,-23.58,156.6,18.7,1.87,285.6,Map/Offsets,https://cgi.minorplanetcenter.net/cgi-bin/confirmeph2.cgi
20260516T203532Z,2026-05-16T20:35:32.472903Z,20260516T203532Z_batch01,A11Cswo,2026-05-17T13:00:00Z,17 14 21.9,258.59125,-23 34 18,-23.571666666666665,156.7,18.7,1.88,285.6,Map/Offsets,https://cgi.minorplanetcenter.net/cgi-bin/confirmeph2.cgi
20260516T203532Z,2026-05-16T20:35:32.472903Z,20260516T203532Z_batch01,A11Cswo,2026-05-17T14:00:00Z,17 14 14.0,258.55833333333334,-23 33 47,-23.563055555555557,156.8,18.7,1.88,285.6,Map/Offsets,https://cgi.minorplanetcenter.net/cgi-bin/confirmeph2.cgi
20260516T203532Z,2026-05-16T20:35:32.472903Z,20260516T203532Z_batch01,A11Cswo,2026-05-17T15:00:00Z,17 14 06.1,258.52541666666673,-23 33 17,-23.554722222222225,156.9,18.7,1.89,285.6,Map/Offsets,https://cgi.minorplanetcenter.net/cgi-bin/confirmeph2.cgi
20260516T203532Z,2026-05-16T20:35:32.472903Z,20260516T203532Z_batch01,A11Cswo,2026-05-17T16:00:00Z,17 13 58.1,258.4920833333333,-23 32 46,-23.546111111111113,156.9,18.7,1.9,285.6,Map/Offsets,https://cgi.minorplanetcenter.net/cgi-bin/confirmeph2.cgi
20260516T203532Z,2026-05-16T20:35:32.472903Z,20260516T203532Z_batch01,A11Cswo,2026-05-17T17:00:00Z,17 13 50.1,258.45874999999995,-23 32 16,-23.53777777777778,157.0,18.7,1.91,285.6,Map/Offsets,https://cgi.minorplanetcenter.net/cgi-bin/confirmeph2.cgi
20260516T203532Z,2026-05-16T20:35:32.472903Z,20260516T203532Z_batch01,A11Cswo,2026-05-17T18:00:00Z,17 13 42.1,258.42541666666665,-23 31 45,-23.529166666666665,157.1,18.7,1.92,285.6,Map/Offsets,https://cgi.minorplanetcenter.net/cgi-bin/confirmeph2.cgi
20260516T203532Z,2026-05-16T20:35:32.472903Z,20260516T203532Z_batch01,A11Cswo,2026-05-17T19:00:00Z,17 13 34.0,258.39166666666665,-23 31 14,-23.520555555555553,157.1,18.7,1.92,285.6,Map/Offsets,https://cgi.minorplanetcenter.net/cgi-bin/confirmeph2.cgi
20260516T203532Z,2026-05-16T20:35:32.472903Z,20260516T203532Z_batch01,ZTF10Du,2026-05-16T19:00:00Z,16 04 27.7,241.11541666666665,-33 04 21,-33.072500000000005,164.4,18.1,25.17,112.7,Map/Offsets   !,https://cgi.minorplanetcenter.net/cgi-bin/confirmeph2.cgi
20260516T203532Z,2026-05-16T20:35:32.472903Z,20260516T203532Z_batch01,ZTF10Du,2026-05-16T20:00:00Z,16 06 16.8,241.57,-33 13 50,-33.230555555555554,164.1,18.2,24.26,112.4,Map/Offsets   !,https://cgi.minorplanetcenter.net/cgi-bin/confirmeph2.cgi
20260516T203532Z,2026-05-16T20:35:32.472903Z,20260516T203532Z_batch01,ZTF10Du,2026-05-16T21:00:00Z,16 08 02.3,242.00958333333335,-33 22 53,-33.38138888888889,163.8,18.2,23.41,112.2,Map/Offsets   !,https://cgi.minorplanetcenter.net/cgi-bin/confirmeph2.cgi
20260516T203532Z,2026-05-16T20:35:32.472903Z,20260516T203532Z_batch01,ZTF10Du,2026-05-16T22:00:00Z,16 09 44.5,242.43541666666664,-33 31 31,-33.525277777777774,163.5,18.3,22.59,112.0,Map/Offsets   !,https://cgi.minorplanetcenter.net/cgi-bin/confirmeph2.cgi
20260516T203532Z,2026-05-16T20:35:32.472903Z,20260516T203532Z_batch01,ZTF10Du,2026-05-16T23:00:00Z,16 11 23.4,242.8475,-33 39 47,-33.66305555555555,163.2,18.3,21.82,111.7,Map/Offsets   !,https://cgi.minorplanetcenter.net/cgi-bin/confirmeph2.cgi
20260516T203532Z,2026-05-16T20:35:32.472903Z,20260516T203532Z_batch01,ZTF10Du,2026-05-17T00:00:00Z,16 12 59.3,243.24708333333334,-33 47 40,-33.794444444444444,163.0,18.4,21.08,111.5,Map/Offsets   !,https://cgi.minorplanetcenter.net/cgi-bin/confirmeph2.cgi
20260516T203532Z,2026-05-16T20:35:32.472903Z,20260516T203532Z_batch01,ZTF10Du,2026-05-17T01:00:00Z,16 14 32.2,243.6341666666667,-33 55 14,-33.92055555555555,162.7,18.4,20.37,111.3,Map/Offsets   !,https://cgi.minorplanetcenter.net/cgi-bin/confirmeph2.cgi
20260516T203532Z,2026-05-16T20:35:32.472903Z,20260516T203532Z_batch01,ZTF10Du,2026-05-17T02:00:00Z,16 16 02.4,244.01,-34 02 28,-34.04111111111111,162.5,18.5,19.7,111.1,Map/Offsets   !,https://cgi.minorplanetcenter.net/cgi-bin/confirmeph2.cgi
20260516T203532Z,2026-05-16T20:35:32.472903Z,20260516T203532Z_batch01,ZTF10Du,2026-05-17T03:00:00Z,16 17 29.8,244.3741666666667,-34 09 24,-34.156666666666666,162.2,18.5,19.07,110.9,Map/Offsets   !,https://cgi.minorplanetcenter.net/cgi-bin/confirmeph2.cgi
20260516T203532Z,2026-05-16T20:35:32.472903Z,20260516T203532Z_batch01,ZTF10Du,2026-05-17T04:00:00Z,16 18 54.6,244.7275,-34 16 03,-34.2675,162.0,18.5,18.46,110.7,Map/Offsets   !,https://cgi.minorplanetcenter.net/cgi-bin/confirmeph2.cgi
20260516T203532Z,2026-05-16T20:35:32.472903Z,20260516T203532Z_batch01,ZTF10Du,2026-05-17T05:00:00Z,16 20 17.0,245.07083333333333,-34 22 26,-34.37388888888889,161.8,18.6,17.87,110.5,Map/Offsets   !,https://cgi.minorplanetcenter.net/cgi-bin/confirmeph2.cgi
20260516T203532Z,2026-05-16T20:35:32.472903Z,20260516T203532Z_batch01,ZTF10Du,2026-05-17T06:00:00Z,16 21 37.0,245.40416666666667,-34 28 33,-34.475833333333334,161.6,18.6,17.32,110.3,Map/Offsets   !,https://cgi.minorplanetcenter.net/cgi-bin/confirmeph2.cgi
20260516T203532Z,2026-05-16T20:35:32.472903Z,20260516T203532Z_batch01,ZTF10Du,2026-05-17T07:00:00Z,16 22 54.7,245.72791666666666,-34 34 26,-34.573888888888895,161.3,18.7,16.79,110.1,Map/Offsets   !,https://cgi.minorplanetcenter.net/cgi-bin/confirmeph2.cgi
20260516T203532Z,2026-05-16T20:35:32.472903Z,20260516T203532Z_batch01,ZTF10Du,2026-05-17T08:00:00Z,16 24 10.2,246.04250000000002,-34 40 05,-34.668055555555554,161.1,18.7,16.28,109.9,Map/Offsets   !,https://cgi.minorplanetcenter.net/cgi-bin/confirmeph2.cgi
20260516T203532Z,2026-05-16T20:35:32.472903Z,20260516T203532Z_batch01,ZTF10Du,2026-05-17T09:00:00Z,16 25 23.6,246.34833333333333,-34 45 31,-34.75861111111111,160.9,18.7,15.79,109.7,Map/Offsets   !,https://cgi.minorplanetcenter.net/cgi-bin/confirmeph2.cgi
20260516T203532Z,2026-05-16T20:35:32.472903Z,20260516T203532Z_batch01,ZTF10Du,2026-05-17T10:00:00Z,16 26 35.0,246.64583333333334,-34 50 45,-34.84583333333334,160.8,18.8,15.33,109.6,Map/Offsets   !,https://cgi.minorplanetcenter.net/cgi-bin/confirmeph2.cgi
20260516T203532Z,2026-05-16T20:35:32.472903Z,20260516T203532Z_batch01,ZTF10Du,2026-05-17T11:00:00Z,16 27 44.4,246.935,-34 55 47,-34.92972222222222,160.6,18.8,14.88,109.4,Map/Offsets   !,https://cgi.minorplanetcenter.net/cgi-bin/confirmeph2.cgi
20260516T203532Z,2026-05-16T20:35:32.472903Z,20260516T203532Z_batch01,ZTF10Du,2026-05-17T12:00:00Z,16 28 52.0,247.2166666666666,-35 00 38,-35.010555555555555,160.4,18.9,14.45,109.2,Map/Offsets   !,https://cgi.minorplanetcenter.net/cgi-bin/confirmeph2.cgi
20260516T203532Z,2026-05-16T20:35:32.472903Z,20260516T203532Z_batch01,ZTF10Du,2026-05-17T13:00:00Z,16 29 57.8,247.49083333333337,-35 05 18,-35.08833333333334,160.2,18.9,14.04,109.1,Map/Offsets   !,https://cgi.minorplanetcenter.net/cgi-bin/confirmeph2.cgi
20260516T203532Z,2026-05-16T20:35:32.472903Z,20260516T203532Z_batch01,ZTF10Du,2026-05-17T14:00:00Z,16 31 01.8,247.75749999999996,-35 09 49,-35.16361111111111,160.0,18.9,13.65,108.9,Map/Offsets   !,https://cgi.minorplanetcenter.net/cgi-bin/confirmeph2.cgi
20260516T203532Z,2026-05-16T20:35:32.472903Z,20260516T203532Z_batch01,ZTF10Du,2026-05-17T15:00:00Z,16 32 04.2,248.0175,-35 14 09,-35.23583333333333,159.9,19.0,13.27,108.7,Map/Offsets   !,https://cgi.minorplanetcenter.net/cgi-bin/confirmeph2.cgi
20260516T203532Z,2026-05-16T20:35:32.472903Z,20260516T203532Z_batch01,ZTF10Du,2026-05-17T16:00:00Z,16 33 04.9,248.2704166666667,-35 18 21,-35.30583333333333,159.7,19.0,12.91,108.6,Map/Offsets   !,https://cgi.minorplanetcenter.net/cgi-bin/confirmeph2.cgi
20260516T203532Z,2026-05-16T20:35:32.472903Z,20260516T203532Z_batch01,ZTF10Du,2026-05-17T17:00:00Z,16 34 04.2,248.51749999999998,-35 22 23,-35.37305555555555,159.6,19.0,12.56,108.5,Map/Offsets   !,https://cgi.minorplanetcenter.net/cgi-bin/confirmeph2.cgi
20260516T203532Z,2026-05-16T20:35:32.472903Z,20260516T203532Z_batch01,ZTF10Du,2026-05-17T18:00:00Z,16 35 01.9,248.75791666666663,-35 26 18,-35.43833333333333,159.4,19.1,12.23,108.3,Map/Offsets   !,https://cgi.minorplanetcenter.net/cgi-bin/confirmeph2.cgi
20260516T203532Z,2026-05-16T20:35:32.472903Z,20260516T203532Z_batch01,ZTF10Du,2026-05-17T19:00:00Z,16 35 58.2,248.99249999999998,-35 30 05,-35.50138888888889,159.3,19.1,11.91,108.2,Map/Offsets   !,https://cgi.minorplanetcenter.net/cgi-bin/confirmeph2.cgi
20260516T203532Z,2026-05-16T20:35:32.472903Z,20260516T203532Z_batch01,ST26E84,2026-05-16T19:00:00Z,15 04 16.5,226.06875,+10 47 15,10.7875,149.2,20.2,9.4,90.0,Map/Offsets   !,https://cgi.minorplanetcenter.net/cgi-bin/confirmeph2.cgi
20260516T203532Z,2026-05-16T20:35:32.472903Z,20260516T203532Z_batch01,ST26E84,2026-05-16T20:00:00Z,15 04 54.5,226.22708333333333,+10 47 15,10.7875,149.3,20.3,9.29,90.1,Map/Offsets   !,https://cgi.minorplanetcenter.net/cgi-bin/confirmeph2.cgi
20260516T203532Z,2026-05-16T20:35:32.472903Z,20260516T203532Z_batch01,ST26E84,2026-05-16T21:00:00Z,15 05 32.1,226.38375,+10 47 14,10.787222222222223,149.3,20.3,9.18,90.1,Map/Offsets   !,https://cgi.minorplanetcenter.net/cgi-bin/confirmeph2.cgi
20260516T203532Z,2026-05-16T20:35:32.472903Z,20260516T203532Z_batch01,ST26E84,2026-05-16T22:00:00Z,15 06 09.3,226.53875,+10 47 12,10.786666666666667,149.3,20.3,9.08,90.2,Map/Offsets   !,https://cgi.minorplanetcenter.net/cgi-bin/confirmeph2.cgi
20260516T203532Z,2026-05-16T20:35:32.472903Z,20260516T203532Z_batch01,ST26E84,2026-05-16T23:00:00Z,15 06 46.1,226.69208333333333,+10 47 11,10.786388888888888,149.3,20.3,8.98,90.2,Map/Offsets   !,https://cgi.minorplanetcenter.net/cgi-bin/confirmeph2.cgi
20260516T203532Z,2026-05-16T20:35:32.472903Z,20260516T203532Z_batch01,ST26E84,2026-05-17T00:00:00Z,15 07 22.4,226.84333333333333,+10 47 09,10.785833333333333,149.3,20.3,8.88,90.2,Map/Offsets   !,https://cgi.minorplanetcenter.net/cgi-bin/confirmeph2.cgi
20260516T203532Z,2026-05-16T20:35:32.472903Z,20260516T203532Z_batch01,ST26E84,2026-05-17T01:00:00Z,15 07 58.4,226.99333333333334,+10 47 06,10.785,149.3,20.3,8.78,90.3,Map/Offsets   !,https://cgi.minorplanetcenter.net/cgi-bin/confirmeph2.cgi
20260516T203532Z,2026-05-16T20:35:32.472903Z,20260516T203532Z_batch01,ST26E84,2026-05-17T02:00:00Z,15 08 33.9,227.14124999999999,+10 47 03,10.784166666666666,149.4,20.3,8.68,90.3,Map/Offsets   !,https://cgi.minorplanetcenter.net/cgi-bin/confirmeph2.cgi
20260516T203532Z,2026-05-16T20:35:32.472903Z,20260516T203532Z_batch01,ST26E84,2026-05-17T03:00:00Z,15 09 09.1,227.28791666666666,+10 47 00,10.783333333333333,149.4,20.3,8.59,90.4,Map/Offsets   !,https://cgi.minorplanetcenter.net/cgi-bin/confirmeph2.cgi
20260516T203532Z,2026-05-16T20:35:32.472903Z,20260516T203532Z_batch01,ST26E84,2026-05-17T04:00:00Z,15 09 43.9,227.43291666666667,+10 46 57,10.7825,149.4,20.4,8.49,90.4,Map/Offsets   !,https://cgi.minorplanetcenter.net/cgi-bin/confirmeph2.cgi
20260516T203532Z,2026-05-16T20:35:32.472903Z,20260516T203532Z_batch01,ST26E84,2026-05-17T05:00:00Z,15 10 18.2,227.57583333333332,+10 46 53,10.78138888888889,149.4,20.4,8.4,90.5,Map/Offsets   !,https://cgi.minorplanetcenter.net/cgi-bin/confirmeph2.cgi
20260516T203532Z,2026-05-16T20:35:32.472903Z,20260516T203532Z_batch01,ST26E84,2026-05-17T06:00:00Z,15 10 52.3,227.71791666666667,+10 46 48,10.780000000000001,149.4,20.4,8.31,90.5,Map/Offsets   !,https://cgi.minorplanetcenter.net/cgi-bin/confirmeph2.cgi
20260516T203532Z,2026-05-16T20:35:32.472903Z,20260516T203532Z_batch01,ST26E84,2026-05-17T07:00:00Z,15 11 25.9,227.85791666666665,+10 46 44,10.77888888888889,149.4,20.4,8.22,90.5,Map/Offsets   !,https://cgi.minorplanetcenter.net/cgi-bin/confirmeph2.cgi
20260516T203532Z,2026-05-16T20:35:32.472903Z,20260516T203532Z_batch01,ST26E84,2026-05-17T08:00:00Z,15 11 59.2,227.99666666666667,+10 46 39,10.777500000000002,149.4,20.4,8.13,90.6,Map/Offsets   !,https://cgi.minorplanetcenter.net/cgi-bin/confirmeph2.cgi
20260516T203532Z,2026-05-16T20:35:32.472903Z,20260516T203532Z_batch01,ST26E84,2026-05-17T09:00:00Z,15 12 32.1,228.13375,+10 46 34,10.776111111111112,149.4,20.4,8.04,90.6,Map/Offsets   !,https://cgi.minorplanetcenter.net/cgi-bin/confirmeph2.cgi
20260516T203532Z,2026-05-16T20:35:32.472903Z,20260516T203532Z_batch01,ST26E84,2026-05-17T10:00:00Z,15 13 04.7,228.26958333333334,+10 46 28,10.774444444444445,149.4,20.4,7.96,90.7,Map/Offsets   !,https://cgi.minorplanetcenter.net/cgi-bin/confirmeph2.cgi
20260516T203532Z,2026-05-16T20:35:32.472903Z,20260516T203532Z_batch01,ST26E84,2026-05-17T11:00:00Z,15 13 36.9,228.40375,+10 46 23,10.773055555555556,149.4,20.4,7.87,90.7,Map/Offsets   !,https://cgi.minorplanetcenter.net/cgi-bin/confirmeph2.cgi
20260516T203532Z,2026-05-16T20:35:32.472903Z,20260516T203532Z_batch01,ST26E84,2026-05-17T12:00:00Z,15 14 08.8,228.53666666666666,+10 46 17,10.77138888888889,149.5,20.4,7.79,90.8,Map/Offsets   !,https://cgi.minorplanetcenter.net/cgi-bin/confirmeph2.cgi
20260516T203532Z,2026-05-16T20:35:32.472903Z,20260516T203532Z_batch01,ST26E84,2026-05-17T13:00:00Z,15 14 40.3,228.66791666666666,+10 46 10,10.769444444444446,149.5,20.5,7.71,90.8,Map/Offsets   !,https://cgi.minorplanetcenter.net/cgi-bin/confirmeph2.cgi
20260516T203532Z,2026-05-16T20:35:32.472903Z,20260516T203532Z_batch01,ST26E84,2026-05-17T14:00:00Z,15 15 11.6,228.79833333333332,+10 46 04,10.767777777777779,149.5,20.5,7.63,90.8,Map/Offsets   !,https://cgi.minorplanetcenter.net/cgi-bin/confirmeph2.cgi
20260516T203532Z,2026-05-16T20:35:32.472903Z,20260516T203532Z_batch01,ST26E84,2026-05-17T15:00:00Z,15 15 42.4,228.92666666666668,+10 45 57,10.765833333333333,149.5,20.5,7.55,90.9,Map/Offsets   !,https://cgi.minorplanetcenter.net/cgi-bin/confirmeph2.cgi
20260516T203532Z,2026-05-16T20:35:32.472903Z,20260516T203532Z_batch01,ST26E84,2026-05-17T16:00:00Z,15 16 13.0,229.05416666666667,+10 45 50,10.76388888888889,149.5,20.5,7.47,90.9,Map/Offsets   !,https://cgi.minorplanetcenter.net/cgi-bin/confirmeph2.cgi
20260516T203532Z,2026-05-16T20:35:32.472903Z,20260516T203532Z_batch01,ST26E84,2026-05-17T17:00:00Z,15 16 43.2,229.18,+10 45 43,10.761944444444444,149.5,20.5,7.39,91.0,Map/Offsets   !,https://cgi.minorplanetcenter.net/cgi-bin/confirmeph2.cgi
20260516T203532Z,2026-05-16T20:35:32.472903Z,20260516T203532Z_batch01,ST26E84,2026-05-17T18:00:00Z,15 17 13.2,229.30499999999998,+10 45 35,10.759722222222223,149.5,20.5,7.31,91.0,Map/Offsets   !,https://cgi.minorplanetcenter.net/cgi-bin/confirmeph2.cgi
20260516T203532Z,2026-05-16T20:35:32.472903Z,20260516T203532Z_batch01,ST26E84,2026-05-17T19:00:00Z,15 17 42.8,229.42833333333334,+10 45 27,10.7575,149.5,20.5,7.24,91.0,Map/Offsets   !,https://cgi.minorplanetcenter.net/cgi-bin/confirmeph2.cgi
20260516T203532Z,2026-05-16T20:35:32.472903Z,20260516T203532Z_batch01,ST26E76,2026-05-16T19:00:00Z,14 18 08.2,214.53416666666666,+08 12 26,8.20722222222222,147.0,22.3,5.34,293.1,Map/Offsets   !,https://cgi.minorplanetcenter.net/cgi-bin/confirmeph2.cgi
20260516T203532Z,2026-05-16T20:35:32.472903Z,20260516T203532Z_batch01,ST26E76,2026-05-16T20:00:00Z,14 17 48.7,214.45291666666668,+08 14 29,8.241388888888888,146.9,22.3,5.14,293.0,Map/Offsets   !,https://cgi.minorplanetcenter.net/cgi-bin/confirmeph2.cgi
20260516T203532Z,2026-05-16T20:35:32.472903Z,20260516T203532Z_batch01,ST26E76,2026-05-16T21:00:00Z,14 17 29.9,214.37458333333333,+08 16 27,8.274166666666668,146.8,22.4,4.96,293.0,Map/Offsets   !,https://cgi.minorplanetcenter.net/cgi-bin/confirmeph2.cgi
20260516T203532Z,2026-05-16T20:35:32.472903Z,20260516T203532Z_batch01,ST26E76,2026-05-16T22:00:00Z,14 17 11.8,214.29916666666665,+08 18 21,8.305833333333334,146.7,22.4,4.78,293.0,Map/Offsets   !,https://cgi.minorplanetcenter.net/cgi-bin/confirmeph2.cgi
20260516T203532Z,2026-05-16T20:35:32.472903Z,20260516T203532Z_batch01,ST26E76,2026-05-16T23:00:00Z,14 16 54.3,214.22625000000002,+08 20 11,8.336388888888889,146.6,22.5,4.61,293.0,Map/Offsets   !,https://cgi.minorplanetcenter.net/cgi-bin/confirmeph2.cgi
20260516T203532Z,2026-05-16T20:35:32.472903Z,20260516T203532Z_batch01,ST26E76,2026-05-17T00:00:00Z,14 16 37.5,214.15625,+08 21 57,8.365833333333333,146.5,22.5,4.45,292.9,Map/Offsets   !,https://cgi.minorplanetcenter.net/cgi-bin/confirmeph2.cgi
20260516T203532Z,2026-05-16T20:35:32.472903Z,20260516T203532Z_batch01,ST26E76,2026-05-17T01:00:00Z,14 16 21.2,214.08833333333334,+08 23 39,8.394166666666667,146.4,22.6,4.3,292.9,Map/Offsets   !,https://cgi.minorplanetcenter.net/cgi-bin/confirmeph2.cgi
20260516T203532Z,2026-05-16T20:35:32.472903Z,20260516T203532Z_batch01,ST26E76,2026-05-17T02:00:00Z,14 16 05.5,214.02291666666667,+08 25 18,8.421666666666667,146.3,22.6,4.15,292.9,Map/Offsets   !,https://cgi.minorplanetcenter.net/cgi-bin/confirmeph2.cgi
20260516T203532Z,2026-05-16T20:35:32.472903Z,20260516T203532Z_batch01,ST26E76,2026-05-17T03:00:00Z,14 15 50.3,213.95958333333334,+08 26 53,8.448055555555555,146.3,22.6,4.01,292.8,Map/Offsets   !,https://cgi.minorplanetcenter.net/cgi-bin/confirmeph2.cgi
20260516T203532Z,2026-05-16T20:35:32.472903Z,20260516T203532Z_batch01,ST26E76,2026-05-17T04:00:00Z,14 15 35.5,213.89791666666665,+08 28 25,8.473611111111111,146.2,22.7,3.88,292.8,Map/Offsets   !,https://cgi.minorplanetcenter.net/cgi-bin/confirmeph2.cgi
20260516T203532Z,2026-05-16T20:35:32.472903Z,20260516T203532Z_batch01,ST26E76,2026-05-17T05:00:00Z,14 15 21.3,213.83874999999998,+08 29 53,8.498055555555554,146.1,22.7,3.76,292.8,Map/Offsets   !,https://cgi.minorplanetcenter.net/cgi-bin/confirmeph2.cgi
20260516T203532Z,2026-05-16T20:35:32.472903Z,20260516T203532Z_batch01,ST26E76,2026-05-17T06:00:00Z,14 15 07.5,213.78125,+08 31 19,8.521944444444445,146.0,22.7,3.64,292.7,Map/Offsets   !,https://cgi.minorplanetcenter.net/cgi-bin/confirmeph2.cgi
20260516T203532Z,2026-05-16T20:35:32.472903Z,20260516T203532Z_batch01,ST26E76,2026-05-17T07:00:00Z,14 14 54.2,213.72583333333333,+08 32 42,8.545,145.9,22.8,3.52,292.7,Map/Offsets   !,https://cgi.minorplanetcenter.net/cgi-bin/confirmeph2.cgi
20260516T203532Z,2026-05-16T20:35:32.472903Z,20260516T203532Z_batch01,ST26E76,2026-05-17T08:00:00Z,14 14 41.2,213.67166666666665,+08 34 02,8.567222222222222,145.8,22.8,3.41,292.7,Map/Offsets   !,https://cgi.minorplanetcenter.net/cgi-bin/confirmeph2.cgi
20260516T203532Z,2026-05-16T20:35:32.472903Z,20260516T203532Z_batch01,ST26E76,2026-05-17T09:00:00Z,14 14 28.7,213.6195833333333,+08 35 20,8.58888888888889,145.8,22.9,3.31,292.6,Map/Offsets   !,https://cgi.minorplanetcenter.net/cgi-bin/confirmeph2.cgi
20260516T203532Z,2026-05-16T20:35:32.472903Z,20260516T203532Z_batch01,ST26E76,2026-05-17T10:00:00Z,14 14 16.5,213.56874999999997,+08 36 35,8.609722222222222,145.7,22.9,3.21,292.6,Map/Offsets   !,https://cgi.minorplanetcenter.net/cgi-bin/confirmeph2.cgi
20260516T203532Z,2026-05-16T20:35:32.472903Z,20260516T203532Z_batch01,ST26E76,2026-05-17T11:00:00Z,14 14 04.7,213.51958333333332,+08 37 48,8.63,145.6,22.9,3.12,292.6,Map/Offsets   !,https://cgi.minorplanetcenter.net/cgi-bin/confirmeph2.cgi
20260516T203532Z,2026-05-16T20:35:32.472903Z,20260516T203532Z_batch01,ST26E76,2026-05-17T12:00:00Z,14 13 53.2,213.4716666666667,+08 38 59,8.649722222222222,145.5,23.0,3.03,292.5,Map/Offsets   !,https://cgi.minorplanetcenter.net/cgi-bin/confirmeph2.cgi
20260516T203532Z,2026-05-16T20:35:32.472903Z,20260516T203532Z_batch01,ST26E76,2026-05-17T13:00:00Z,14 13 42.1,213.42541666666668,+08 40 07,8.66861111111111,145.5,23.0,2.94,292.5,Map/Offsets   !,https://cgi.minorplanetcenter.net/cgi-bin/confirmeph2.cgi
20260516T203532Z,2026-05-16T20:35:32.472903Z,20260516T203532Z_batch01,ST26E76,2026-05-17T14:00:00Z,14 13 31.2,213.38,+08 41 14,8.687222222222223,145.4,23.0,2.85,292.5,Map/Offsets   !,https://cgi.minorplanetcenter.net/cgi-bin/confirmeph2.cgi
20260516T203532Z,2026-05-16T20:35:32.472903Z,20260516T203532Z_batch01,ST26E76,2026-05-17T15:00:00Z,14 13 20.7,213.33625,+08 42 18,8.705,145.3,23.1,2.77,292.4,Map/Offsets   !,https://cgi.minorplanetcenter.net/cgi-bin/confirmeph2.cgi
20260516T203532Z,2026-05-16T20:35:32.472903Z,20260516T203532Z_batch01,ST26E76,2026-05-17T16:00:00Z,14 13 10.5,213.29375,+08 43 21,8.7225,145.2,23.1,2.7,292.4,Map/Offsets   !,https://cgi.minorplanetcenter.net/cgi-bin/confirmeph2.cgi
20260516T203532Z,2026-05-16T20:35:32.472903Z,20260516T203532Z_batch01,ST26E76,2026-05-17T17:00:00Z,14 13 00.5,213.25208333333333,+08 44 21,8.739166666666666,145.2,23.1,2.62,292.3,Map/Offsets   !,https://cgi.minorplanetcenter.net/cgi-bin/confirmeph2.cgi
20260516T203532Z,2026-05-16T20:35:32.472903Z,20260516T203532Z_batch01,ST26E76,2026-05-17T18:00:00Z,14 12 50.8,213.21166666666664,+08 45 20,8.755555555555556,145.1,23.1,2.55,292.3,Map/Offsets   !,https://cgi.minorplanetcenter.net/cgi-bin/confirmeph2.cgi
20260516T203532Z,2026-05-16T20:35:32.472903Z,20260516T203532Z_batch01,ST26E76,2026-05-17T19:00:00Z,14 12 41.4,213.17249999999999,+08 46 18,8.771666666666668,145.0,23.2,2.48,292.3,Map/Offsets   !,https://cgi.minorplanetcenter.net/cgi-bin/confirmeph2.cgi
20260516T203532Z,2026-05-16T20:35:32.472903Z,20260516T203532Z_batch01,ST26E75,2026-05-16T19:00:00Z,02 20 40.9,35.17041666666667,-37 13 09,-37.219166666666666,58.9,22.6,68.4,9.2,Map/Offsets   !!,https://cgi.minorplanetcenter.net/cgi-bin/confirmeph2.cgi
20260516T203532Z,2026-05-16T20:35:32.472903Z,20260516T203532Z_batch01,ST26E75,2026-05-16T20:00:00Z,02 21 32.1,35.38375,-36 09 11,-36.153055555555554,57.8,22.8,61.34,9.0,Map/Offsets   !!,https://cgi.minorplanetcenter.net/cgi-bin/confirmeph2.cgi
20260516T203532Z,2026-05-16T20:35:32.472903Z,20260516T203532Z_batch01,ST26E75,2026-05-16T21:00:00Z,02 22 16.9,35.57041666666667,-35 11 40,-35.19444444444444,56.9,23.0,55.29,8.9,Map/Offsets   !!,https://cgi.minorplanetcenter.net/cgi-bin/confirmeph2.cgi
20260516T203532Z,2026-05-16T20:35:32.472903Z,20260516T203532Z_batch01,ST26E75,2026-05-16T22:00:00Z,02 22 56.5,35.735416666666666,-34 19 41,-34.32805555555556,56.1,23.2,50.07,8.8,Map/Offsets   !!,https://cgi.minorplanetcenter.net/cgi-bin/confirmeph2.cgi
20260516T203532Z,2026-05-16T20:35:32.472903Z,20260516T203532Z_batch01,ST26E75,2026-05-16T23:00:00Z,02 23 31.7,35.882083333333334,-33 32 30,-33.541666666666664,55.3,23.3,45.54,8.8,Map/Offsets   !!,https://cgi.minorplanetcenter.net/cgi-bin/confirmeph2.cgi
20260516T203532Z,2026-05-16T20:35:32.472903Z,20260516T203532Z_batch01,ST26E75,2026-05-17T00:00:00Z,02 24 03.3,36.013749999999995,-32 49 29,-32.82472222222223,54.6,23.5,41.58,8.7,Map/Offsets   !!,https://cgi.minorplanetcenter.net/cgi-bin/confirmeph2.cgi
20260516T203532Z,2026-05-16T20:35:32.472903Z,20260516T203532Z_batch01,ST26E75,2026-05-17T01:00:00Z,02 24 31.7,36.132083333333334,-32 10 08,-32.16888888888889,54.0,23.7,38.1,8.6,Map/Offsets   !!,https://cgi.minorplanetcenter.net/cgi-bin/confirmeph2.cgi
20260516T203532Z,2026-05-16T20:35:32.472903Z,20260516T203532Z_batch01,ST26E75,2026-05-17T02:00:00Z,02 24 57.5,36.23958333333333,-31 34 01,-31.566944444444445,53.4,23.8,35.04,8.6,Map/Offsets   !!,https://cgi.minorplanetcenter.net/cgi-bin/confirmeph2.cgi
20260516T203532Z,2026-05-16T20:35:32.472903Z,20260516T203532Z_batch01,ST26E75,2026-05-17T03:00:00Z,02 25 20.9,36.337083333333325,-31 00 44,-31.01222222222222,52.9,23.9,32.32,8.5,Map/Offsets   !!,https://cgi.minorplanetcenter.net/cgi-bin/confirmeph2.cgi
20260516T203532Z,2026-05-16T20:35:32.472903Z,20260516T203532Z_batch01,ST26E75,2026-05-17T04:00:00Z,02 25 42.3,36.42625,-30 29 59,-30.499722222222225,52.4,24.1,29.91,8.5,Map/Offsets   !!,https://cgi.minorplanetcenter.net/cgi-bin/confirmeph2.cgi
20260516T203532Z,2026-05-16T20:35:32.472903Z,20260516T203532Z_batch01,ST26E75,2026-05-17T05:00:00Z,02 26 01.9,36.50791666666667,-30 01 29,-30.02472222222222,52.0,24.2,27.75,8.4,Map/Offsets   !,https://cgi.minorplanetcenter.net/cgi-bin/confirmeph2.cgi
20260516T203532Z,2026-05-16T20:35:32.472903Z,20260516T203532Z_batch01,ST26E75,2026-05-17T06:00:00Z,02 26 19.9,36.58291666666667,-29 35 01,-29.58361111111111,51.5,24.3,25.81,8.4,Map/Offsets   !,https://cgi.minorplanetcenter.net/cgi-bin/confirmeph2.cgi
20260516T203532Z,2026-05-16T20:35:32.472903Z,20260516T203532Z_batch01,ST26E75,2026-05-17T07:00:00Z,02 26 36.6,36.6525,-29 10 21,-29.1725,51.2,24.4,24.07,8.4,Map/Offsets   !,https://cgi.minorplanetcenter.net/cgi-bin/confirmeph2.cgi
20260516T203532Z,2026-05-16T20:35:32.472903Z,20260516T203532Z_batch01,ST26E75,2026-05-17T08:00:00Z,02 26 52.1,36.71708333333334,-28 47 20,-28.78888888888889,50.8,24.5,22.49,8.3,Map/Offsets   !,https://cgi.minorplanetcenter.net/cgi-bin/confirmeph2.cgi
20260516T203532Z,2026-05-16T20:35:32.472903Z,20260516T203532Z_batch01,ST26E75,2026-05-17T09:00:00Z,02 27 06.4,36.77666666666667,-28 25 48,-28.43,50.5,24.6,21.07,8.3,Map/Offsets   !,https://cgi.minorplanetcenter.net/cgi-bin/confirmeph2.cgi
20260516T203532Z,2026-05-16T20:35:32.472903Z,20260516T203532Z_batch01,ST26E75,2026-05-17T10:00:00Z,02 27 19.8,36.8325,-28 05 36,-28.093333333333334,50.2,24.7,19.77,8.3,Map/Offsets   !,https://cgi.minorplanetcenter.net/cgi-bin/confirmeph2.cgi
20260516T203532Z,2026-05-16T20:35:32.472903Z,20260516T203532Z_batch01,ST26E75,2026-05-17T11:00:00Z,02 27 32.3,36.88458333333334,-27 46 37,-27.776944444444442,49.9,24.8,18.59,8.3,Map/Offsets   !,https://cgi.minorplanetcenter.net/cgi-bin/confirmeph2.cgi
20260516T203532Z,2026-05-16T20:35:32.472903Z,20260516T203532Z_batch01,ST26E75,2026-05-17T12:00:00Z,02 27 44.0,36.93333333333334,-27 28 46,-27.479444444444443,49.6,24.9,17.51,8.2,Map/Offsets   !,https://cgi.minorplanetcenter.net/cgi-bin/confirmeph2.cgi
20260516T203532Z,2026-05-16T20:35:32.472903Z,20260516T203532Z_batch01,ST26E75,2026-05-17T13:00:00Z,02 27 54.9,36.978750000000005,-27 11 56,-27.198888888888888,49.3,25.0,16.52,8.2,Map/Offsets   !,https://cgi.minorplanetcenter.net/cgi-bin/confirmeph2.cgi
20260516T203532Z,2026-05-16T20:35:32.472903Z,20260516T203532Z_batch01,ST26E75,2026-05-17T14:00:00Z,02 28 05.2,37.02166666666667,-26 56 02,-26.933888888888887,49.1,25.1,15.62,8.2,Map/Offsets   !,https://cgi.minorplanetcenter.net/cgi-bin/confirmeph2.cgi
20260516T203532Z,2026-05-16T20:35:32.472903Z,20260516T203532Z_batch01,ST26E75,2026-05-17T15:00:00Z,02 28 14.9,37.062083333333334,-26 40 59,-26.68305555555556,48.9,25.1,14.78,8.2,Map/Offsets   !,https://cgi.minorplanetcenter.net/cgi-bin/confirmeph2.cgi
20260516T203532Z,2026-05-16T20:35:32.472903Z,20260516T203532Z_batch01,ST26E75,2026-05-17T16:00:00Z,02 28 24.1,37.10041666666667,-26 26 45,-26.445833333333333,48.7,25.2,14.01,8.2,Map/Offsets   !,https://cgi.minorplanetcenter.net/cgi-bin/confirmeph2.cgi
20260516T203532Z,2026-05-16T20:35:32.472903Z,20260516T203532Z_batch01,ST26E75,2026-05-17T17:00:00Z,02 28 32.7,37.136250000000004,-26 13 14,-26.220555555555553,48.5,25.3,13.3,8.2,Map/Offsets   !,https://cgi.minorplanetcenter.net/cgi-bin/confirmeph2.cgi
20260516T203532Z,2026-05-16T20:35:32.472903Z,20260516T203532Z_batch01,ST26E75,2026-05-17T18:00:00Z,02 28 40.9,37.17041666666667,-26 00 24,-26.006666666666668,48.3,25.4,12.64,8.1,Map/Offsets   !,https://cgi.minorplanetcenter.net/cgi-bin/confirmeph2.cgi
20260516T203532Z,2026-05-16T20:35:32.472903Z,20260516T203532Z_batch01,ST26E75,2026-05-17T19:00:00Z,02 28 48.7,37.20291666666667,-25 48 11,-25.803055555555556,48.1,25.4,12.03,8.1,Map/Offsets   !,https://cgi.minorplanetcenter.net/cgi-bin/confirmeph2.cgi
20260516T203532Z,2026-05-16T20:35:32.472903Z,20260516T203532Z_batch01,6EE3C21,2026-05-16T19:00:00Z,15 51 04.5,237.76875,-19 11 03,-19.184166666666666,175.7,19.5,9.17,46.7,Map/Offsets   !,https://cgi.minorplanetcenter.net/cgi-bin/confirmeph2.cgi
20260516T203532Z,2026-05-16T20:35:32.472903Z,20260516T203532Z_batch01,6EE3C21,2026-05-16T20:00:00Z,15 51 32.6,237.88583333333332,-19 04 48,-19.08,175.6,19.5,9.04,46.7,Map/Offsets   !,https://cgi.minorplanetcenter.net/cgi-bin/confirmeph2.cgi
20260516T203532Z,2026-05-16T20:35:32.472903Z,20260516T203532Z_batch01,6EE3C21,2026-05-16T21:00:00Z,15 52 00.2,238.00083333333333,-18 58 38,-18.97722222222222,175.6,19.5,8.92,46.6,Map/Offsets   !,https://cgi.minorplanetcenter.net/cgi-bin/confirmeph2.cgi
20260516T203532Z,2026-05-16T20:35:32.472903Z,20260516T203532Z_batch01,6EE3C21,2026-05-16T22:00:00Z,15 52 27.4,238.11416666666668,-18 52 33,-18.875833333333333,175.5,19.5,8.8,46.6,Map/Offsets   !,https://cgi.minorplanetcenter.net/cgi-bin/confirmeph2.cgi
20260516T203532Z,2026-05-16T20:35:32.472903Z,20260516T203532Z_batch01,6EE3C21,2026-05-16T23:00:00Z,15 52 54.3,238.22625,-18 46 33,-18.77583333333333,175.4,19.5,8.68,46.6,Map/Offsets   !,https://cgi.minorplanetcenter.net/cgi-bin/confirmeph2.cgi
20260516T203532Z,2026-05-16T20:35:32.472903Z,20260516T203532Z_batch01,6EE3C21,2026-05-17T00:00:00Z,15 53 20.7,238.33625,-18 40 37,-18.676944444444445,175.3,19.6,8.56,46.5,Map/Offsets   !,https://cgi.minorplanetcenter.net/cgi-bin/confirmeph2.cgi
20260516T203532Z,2026-05-16T20:35:32.472903Z,20260516T203532Z_batch01,6EE3C21,2026-05-17T01:00:00Z,15 53 46.7,238.44458333333333,-18 34 46,-18.579444444444444,175.3,19.6,8.45,46.5,Map/Offsets   !,https://cgi.minorplanetcenter.net/cgi-bin/confirmeph2.cgi
20260516T203532Z,2026-05-16T20:35:32.472903Z,20260516T203532Z_batch01,6EE3C21,2026-05-17T02:00:00Z,15 54 12.4,238.55166666666668,-18 28 59,-18.483055555555556,175.2,19.6,8.34,46.4,Map/Offsets   !,https://cgi.minorplanetcenter.net/cgi-bin/confirmeph2.cgi
20260516T203532Z,2026-05-16T20:35:32.472903Z,20260516T203532Z_batch01,6EE3C21,2026-05-17T03:00:00Z,15 54 37.7,238.65708333333336,-18 23 16,-18.387777777777778,175.1,19.6,8.23,46.4,Map/Offsets   !,https://cgi.minorplanetcenter.net/cgi-bin/confirmeph2.cgi
20260516T203532Z,2026-05-16T20:35:32.472903Z,20260516T203532Z_batch01,6EE3C21,2026-05-17T04:00:00Z,15 55 02.6,238.76083333333332,-18 17 38,-18.29388888888889,175.0,19.6,8.12,46.4,Map/Offsets   !,https://cgi.minorplanetcenter.net/cgi-bin/confirmeph2.cgi
20260516T203532Z,2026-05-16T20:35:32.472903Z,20260516T203532Z_batch01,6EE3C21,2026-05-17T05:00:00Z,15 55 27.2,238.86333333333332,-18 12 04,-18.20111111111111,174.9,19.7,8.01,46.3,Map/Offsets   !,https://cgi.minorplanetcenter.net/cgi-bin/confirmeph2.cgi
20260516T203532Z,2026-05-16T20:35:32.472903Z,20260516T203532Z_batch01,6EE3C21,2026-05-17T06:00:00Z,15 55 51.5,238.96458333333334,-18 06 34,-18.109444444444446,174.9,19.7,7.91,46.3,Map/Offsets   !,https://cgi.minorplanetcenter.net/cgi-bin/confirmeph2.cgi
20260516T203532Z,2026-05-16T20:35:32.472903Z,20260516T203532Z_batch01,6EE3C21,2026-05-17T07:00:00Z,15 56 15.4,239.06416666666667,-18 01 08,-18.01888888888889,174.8,19.7,7.81,46.3,Map/Offsets   !,https://cgi.minorplanetcenter.net/cgi-bin/confirmeph2.cgi
20260516T203532Z,2026-05-16T20:35:32.472903Z,20260516T203532Z_batch01,6EE3C21,2026-05-17T08:00:00Z,15 56 39.0,239.16250000000002,-17 55 46,-17.929444444444446,174.7,19.7,7.71,46.2,Map/Offsets   !,https://cgi.minorplanetcenter.net/cgi-bin/confirmeph2.cgi
20260516T203532Z,2026-05-16T20:35:32.472903Z,20260516T203532Z_batch01,6EE3C21,2026-05-17T09:00:00Z,15 57 02.2,239.25916666666666,-17 50 28,-17.84111111111111,174.6,19.7,7.61,46.2,Map/Offsets   !,https://cgi.minorplanetcenter.net/cgi-bin/confirmeph2.cgi
20260516T203532Z,2026-05-16T20:35:32.472903Z,20260516T203532Z_batch01,6EE3C21,2026-05-17T10:00:00Z,15 57 25.1,239.35458333333332,-17 45 14,-17.753888888888888,174.6,19.8,7.51,46.2,Map/Offsets   !,https://cgi.minorplanetcenter.net/cgi-bin/confirmeph2.cgi
20260516T203532Z,2026-05-16T20:35:32.472903Z,20260516T203532Z_batch01,6EE3C21,2026-05-17T11:00:00Z,15 57 47.7,239.44875,-17 40 04,-17.66777777777778,174.5,19.8,7.42,46.2,Map/Offsets   !,https://cgi.minorplanetcenter.net/cgi-bin/confirmeph2.cgi
20260516T203532Z,2026-05-16T20:35:32.472903Z,20260516T203532Z_batch01,6EE3C21,2026-05-17T12:00:00Z,15 58 10.0,239.54166666666669,-17 34 57,-17.5825,174.4,19.8,7.33,46.1,Map/Offsets   !,https://cgi.minorplanetcenter.net/cgi-bin/confirmeph2.cgi
20260516T203532Z,2026-05-16T20:35:32.472903Z,20260516T203532Z_batch01,6EE3C21,2026-05-17T13:00:00Z,15 58 32.1,239.63375,-17 29 55,-17.498611111111114,174.3,19.8,7.23,46.1,Map/Offsets   !,https://cgi.minorplanetcenter.net/cgi-bin/confirmeph2.cgi
20260516T203532Z,2026-05-16T20:35:32.472903Z,20260516T203532Z_batch01,6EE3C21,2026-05-17T14:00:00Z,15 58 53.8,239.72416666666666,-17 24 55,-17.415277777777778,174.2,19.8,7.14,46.1,Map/Offsets   !,https://cgi.minorplanetcenter.net/cgi-bin/confirmeph2.cgi
20260516T203532Z,2026-05-16T20:35:32.472903Z,20260516T203532Z_batch01,6EE3C21,2026-05-17T15:00:00Z,15 59 15.2,239.8133333333333,-17 20 00,-17.333333333333332,174.2,19.8,7.06,46.0,Map/Offsets   !,https://cgi.minorplanetcenter.net/cgi-bin/confirmeph2.cgi
20260516T203532Z,2026-05-16T20:35:32.472903Z,20260516T203532Z_batch01,6EE3C21,2026-05-17T16:00:00Z,15 59 36.3,239.90125,-17 15 08,-17.252222222222223,174.1,19.9,6.97,46.0,Map/Offsets   !,https://cgi.minorplanetcenter.net/cgi-bin/confirmeph2.cgi
20260516T203532Z,2026-05-16T20:35:32.472903Z,20260516T203532Z_batch01,6EE3C21,2026-05-17T17:00:00Z,15 59 57.2,239.98833333333332,-17 10 19,-17.171944444444446,174.0,19.9,6.88,46.0,Map/Offsets   !,https://cgi.minorplanetcenter.net/cgi-bin/confirmeph2.cgi
20260516T203532Z,2026-05-16T20:35:32.472903Z,20260516T203532Z_batch01,6EE3C21,2026-05-17T18:00:00Z,16 00 17.8,240.07416666666666,-17 05 34,-17.092777777777776,174.0,19.9,6.8,46.0,Map/Offsets   !,https://cgi.minorplanetcenter.net/cgi-bin/confirmeph2.cgi
20260516T203532Z,2026-05-16T20:35:32.472903Z,20260516T203532Z_batch01,6EE3C21,2026-05-17T19:00:00Z,16 00 38.1,240.15875,-17 00 52,-17.014444444444443,173.9,19.9,6.72,45.9,Map/Offsets   !,https://cgi.minorplanetcenter.net/cgi-bin/confirmeph2.cgi
20260516T203532Z,2026-05-16T20:35:32.472903Z,20260516T203532Z_batch01,A11Cr0m,2026-05-16T19:00:00Z,16 04 30.6,241.12750000000003,-49 58 32,-49.97555555555556,148.5,17.7,5.49,16.0,Map/Offsets,https://cgi.minorplanetcenter.net/cgi-bin/confirmeph2.cgi
20260516T203532Z,2026-05-16T20:35:32.472903Z,20260516T203532Z_batch01,A11Cr0m,2026-05-16T20:00:00Z,16 04 40.0,241.16666666666669,-49 53 14,-49.88722222222222,148.6,17.7,5.52,15.9,Map/Offsets,https://cgi.minorplanetcenter.net/cgi-bin/confirmeph2.cgi
20260516T203532Z,2026-05-16T20:35:32.472903Z,20260516T203532Z_batch01,A11Cr0m,2026-05-16T21:00:00Z,16 04 49.4,241.20583333333332,-49 47 55,-49.79861111111111,148.7,17.7,5.54,15.9,Map/Offsets,https://cgi.minorplanetcenter.net/cgi-bin/confirmeph2.cgi
20260516T203532Z,2026-05-16T20:35:32.472903Z,20260516T203532Z_batch01,A11Cr0m,2026-05-16T22:00:00Z,16 04 58.8,241.24499999999998,-49 42 35,-49.709722222222226,148.8,17.7,5.56,15.8,Map/Offsets,https://cgi.minorplanetcenter.net/cgi-bin/confirmeph2.cgi
20260516T203532Z,2026-05-16T20:35:32.472903Z,20260516T203532Z_batch01,A11Cr0m,2026-05-16T23:00:00Z,16 05 08.1,241.28375,-49 37 13,-49.62027777777778,148.9,17.7,5.59,15.8,Map/Offsets,https://cgi.minorplanetcenter.net/cgi-bin/confirmeph2.cgi
20260516T203532Z,2026-05-16T20:35:32.472903Z,20260516T203532Z_batch01,A11Cr0m,2026-05-17T00:00:00Z,16 05 17.5,241.32291666666666,-49 31 50,-49.53055555555555,149.0,17.7,5.61,15.8,Map/Offsets,https://cgi.minorplanetcenter.net/cgi-bin/confirmeph2.cgi
20260516T203532Z,2026-05-16T20:35:32.472903Z,20260516T203532Z_batch01,A11Cr0m,2026-05-17T01:00:00Z,16 05 26.9,241.36208333333332,-49 26 25,-49.44027777777777,149.1,17.7,5.63,15.7,Map/Offsets,https://cgi.minorplanetcenter.net/cgi-bin/confirmeph2.cgi
20260516T203532Z,2026-05-16T20:35:32.472903Z,20260516T203532Z_batch01,A11Cr0m,2026-05-17T02:00:00Z,16 05 36.3,241.40125,-49 20 59,-49.349722222222226,149.2,17.7,5.66,15.7,Map/Offsets,https://cgi.minorplanetcenter.net/cgi-bin/confirmeph2.cgi
20260516T203532Z,2026-05-16T20:35:32.472903Z,20260516T203532Z_batch01,A11Cr0m,2026-05-17T03:00:00Z,16 05 45.7,241.44041666666666,-49 15 32,-49.25888888888889,149.3,17.7,5.68,15.6,Map/Offsets,https://cgi.minorplanetcenter.net/cgi-bin/confirmeph2.cgi
20260516T203532Z,2026-05-16T20:35:32.472903Z,20260516T203532Z_batch01,A11Cr0m,2026-05-17T04:00:00Z,16 05 55.1,241.47958333333332,-49 10 03,-49.1675,149.4,17.7,5.7,15.6,Map/Offsets,https://cgi.minorplanetcenter.net/cgi-bin/confirmeph2.cgi
20260516T203532Z,2026-05-16T20:35:32.472903Z,20260516T203532Z_batch01,A11Cr0m,2026-05-17T05:00:00Z,16 06 04.5,241.51875,-49 04 33,-49.075833333333335,149.5,17.7,5.73,15.6,Map/Offsets,https://cgi.minorplanetcenter.net/cgi-bin/confirmeph2.cgi
20260516T203532Z,2026-05-16T20:35:32.472903Z,20260516T203532Z_batch01,A11Cr0m,2026-05-17T06:00:00Z,16 06 13.9,241.55791666666667,-48 59 01,-48.98361111111111,149.6,17.7,5.75,15.5,Map/Offsets,https://cgi.minorplanetcenter.net/cgi-bin/confirmeph2.cgi
20260516T203532Z,2026-05-16T20:35:32.472903Z,20260516T203532Z_batch01,A11Cr0m,2026-05-17T07:00:00Z,16 06 23.3,241.59708333333333,-48 53 28,-48.89111111111111,149.7,17.7,5.78,15.5,Map/Offsets,https://cgi.minorplanetcenter.net/cgi-bin/confirmeph2.cgi
20260516T203532Z,2026-05-16T20:35:32.472903Z,20260516T203532Z_batch01,A11Cr0m,2026-05-17T08:00:00Z,16 06 32.7,241.63625000000002,-48 47 53,-48.79805555555556,149.8,17.7,5.8,15.5,Map/Offsets,https://cgi.minorplanetcenter.net/cgi-bin/confirmeph2.cgi
20260516T203532Z,2026-05-16T20:35:32.472903Z,20260516T203532Z_batch01,A11Cr0m,2026-05-17T09:00:00Z,16 06 42.0,241.675,-48 42 17,-48.70472222222222,149.9,17.7,5.82,15.4,Map/Offsets,https://cgi.minorplanetcenter.net/cgi-bin/confirmeph2.cgi
20260516T203532Z,2026-05-16T20:35:32.472903Z,20260516T203532Z_batch01,A11Cr0m,2026-05-17T10:00:00Z,16 06 51.4,241.7141666666667,-48 36 39,-48.61083333333333,150.0,17.6,5.85,15.4,Map/Offsets,https://cgi.minorplanetcenter.net/cgi-bin/confirmeph2.cgi
20260516T203532Z,2026-05-16T20:35:32.472903Z,20260516T203532Z_batch01,A11Cr0m,2026-05-17T11:00:00Z,16 07 00.8,241.75333333333336,-48 31 00,-48.516666666666666,150.1,17.6,5.87,15.3,Map/Offsets,https://cgi.minorplanetcenter.net/cgi-bin/confirmeph2.cgi
20260516T203532Z,2026-05-16T20:35:32.472903Z,20260516T203532Z_batch01,A11Cr0m,2026-05-17T12:00:00Z,16 07 10.2,241.79250000000002,-48 25 19,-48.42194444444444,150.2,17.6,5.9,15.3,Map/Offsets,https://cgi.minorplanetcenter.net/cgi-bin/confirmeph2.cgi
20260516T203532Z,2026-05-16T20:35:32.472903Z,20260516T203532Z_batch01,A11Cr0m,2026-05-17T13:00:00Z,16 07 19.6,241.83166666666665,-48 19 37,-48.32694444444445,150.3,17.6,5.92,15.3,Map/Offsets,https://cgi.minorplanetcenter.net/cgi-bin/confirmeph2.cgi
20260516T203532Z,2026-05-16T20:35:32.472903Z,20260516T203532Z_batch01,A11Cr0m,2026-05-17T14:00:00Z,16 07 29.0,241.8708333333333,-48 13 54,-48.23166666666667,150.4,17.6,5.95,15.2,Map/Offsets,https://cgi.minorplanetcenter.net/cgi-bin/confirmeph2.cgi
20260516T203532Z,2026-05-16T20:35:32.472903Z,20260516T203532Z_batch01,A11Cr0m,2026-05-17T15:00:00Z,16 07 38.3,241.90958333333333,-48 08 09,-48.13583333333333,150.5,17.6,5.97,15.2,Map/Offsets,https://cgi.minorplanetcenter.net/cgi-bin/confirmeph2.cgi
20260516T203532Z,2026-05-16T20:35:32.472903Z,20260516T203532Z_batch01,A11Cr0m,2026-05-17T16:00:00Z,16 07 47.7,241.94875,-48 02 22,-48.03944444444444,150.6,17.6,6.0,15.2,Map/Offsets,https://cgi.minorplanetcenter.net/cgi-bin/confirmeph2.cgi
20260516T203532Z,2026-05-16T20:35:32.472903Z,20260516T203532Z_batch01,A11Cr0m,2026-05-17T17:00:00Z,16 07 57.1,241.98791666666668,-47 56 34,-47.94277777777778,150.7,17.6,6.02,15.1,Map/Offsets,https://cgi.minorplanetcenter.net/cgi-bin/confirmeph2.cgi
20260516T203532Z,2026-05-16T20:35:32.472903Z,20260516T203532Z_batch01,A11Cr0m,2026-05-17T18:00:00Z,16 08 06.5,242.02708333333334,-47 50 45,-47.84583333333334,150.8,17.6,6.05,15.1,Map/Offsets,https://cgi.minorplanetcenter.net/cgi-bin/confirmeph2.cgi
20260516T203532Z,2026-05-16T20:35:32.472903Z,20260516T203532Z_batch01,A11Cr0m,2026-05-17T19:00:00Z,16 08 15.8,242.06583333333333,-47 44 54,-47.748333333333335,150.9,17.6,6.07,15.0,Map/Offsets,https://cgi.minorplanetcenter.net/cgi-bin/confirmeph2.cgi
20260516T203532Z,2026-05-16T20:35:32.472903Z,20260516T203532Z_batch01,P12nc1c,2026-05-16T19:00:00Z,16 45 42.5,251.42708333333331,-06 11 26,-6.190555555555556,158.1,21.7,1.27,306.4,Map/Offsets,https://cgi.minorplanetcenter.net/cgi-bin/confirmeph2.cgi
20260516T203532Z,2026-05-16T20:35:32.472903Z,20260516T203532Z_batch01,P12nc1c,2026-05-16T20:00:00Z,16 45 38.4,251.40999999999997,-06 10 41,-6.178055555555556,158.1,21.7,1.27,306.4,Map/Offsets,https://cgi.minorplanetcenter.net/cgi-bin/confirmeph2.cgi
20260516T203532Z,2026-05-16T20:35:32.472903Z,20260516T203532Z_batch01,P12nc1c,2026-05-16T21:00:00Z,16 45 34.2,251.39249999999998,-06 09 56,-6.165555555555556,158.1,21.7,1.27,306.3,Map/Offsets,https://cgi.minorplanetcenter.net/cgi-bin/confirmeph2.cgi
20260516T203532Z,2026-05-16T20:35:32.472903Z,20260516T203532Z_batch01,P12nc1c,2026-05-16T22:00:00Z,16 45 30.1,251.37541666666667,-06 09 10,-6.152777777777779,158.2,21.7,1.27,306.3,Map/Offsets,https://cgi.minorplanetcenter.net/cgi-bin/confirmeph2.cgi
20260516T203532Z,2026-05-16T20:35:32.472903Z,20260516T203532Z_batch01,P12nc1c,2026-05-16T23:00:00Z,16 45 26.0,251.35833333333332,-06 08 25,-6.140277777777778,158.2,21.7,1.27,306.3,Map/Offsets,https://cgi.minorplanetcenter.net/cgi-bin/confirmeph2.cgi
20260516T203532Z,2026-05-16T20:35:32.472903Z,20260516T203532Z_batch01,P12nc1c,2026-05-17T00:00:00Z,16 45 21.9,251.34125,-06 07 40,-6.127777777777777,158.2,21.7,1.28,306.3,Map/Offsets,https://cgi.minorplanetcenter.net/cgi-bin/confirmeph2.cgi
20260516T203532Z,2026-05-16T20:35:32.472903Z,20260516T203532Z_batch01,P12nc1c,2026-05-17T01:00:00Z,16 45 17.7,251.32375,-06 06 55,-6.115277777777777,158.2,21.7,1.28,306.2,Map/Offsets,https://cgi.minorplanetcenter.net/cgi-bin/confirmeph2.cgi
20260516T203532Z,2026-05-16T20:35:32.472903Z,20260516T203532Z_batch01,P12nc1c,2026-05-17T02:00:00Z,16 45 13.6,251.30666666666667,-06 06 09,-6.1025,158.3,21.7,1.28,306.2,Map/Offsets,https://cgi.minorplanetcenter.net/cgi-bin/confirmeph2.cgi
20260516T203532Z,2026-05-16T20:35:32.472903Z,20260516T203532Z_batch01,P12nc1c,2026-05-17T03:00:00Z,16 45 09.4,251.28916666666666,-06 05 24,-6.09,158.3,21.7,1.28,306.2,Map/Offsets,https://cgi.minorplanetcenter.net/cgi-bin/confirmeph2.cgi
20260516T203532Z,2026-05-16T20:35:32.472903Z,20260516T203532Z_batch01,P12nc1c,2026-05-17T04:00:00Z,16 45 05.3,251.27208333333334,-06 04 39,-6.0775,158.3,21.7,1.28,306.2,Map/Offsets,https://cgi.minorplanetcenter.net/cgi-bin/confirmeph2.cgi
20260516T203532Z,2026-05-16T20:35:32.472903Z,20260516T203532Z_batch01,P12nc1c,2026-05-17T05:00:00Z,16 45 01.1,251.25458333333336,-06 03 53,-6.064722222222222,158.4,21.7,1.28,306.1,Map/Offsets,https://cgi.minorplanetcenter.net/cgi-bin/confirmeph2.cgi
20260516T203532Z,2026-05-16T20:35:32.472903Z,20260516T203532Z_batch01,P12nc1c,2026-05-17T06:00:00Z,16 44 56.9,251.23708333333335,-06 03 08,-6.052222222222222,158.4,21.7,1.28,306.1,Map/Offsets,https://cgi.minorplanetcenter.net/cgi-bin/confirmeph2.cgi
20260516T203532Z,2026-05-16T20:35:32.472903Z,20260516T203532Z_batch01,P12nc1c,2026-05-17T07:00:00Z,16 44 52.8,251.22000000000003,-06 02 22,-6.039444444444444,158.4,21.7,1.29,306.1,Map/Offsets,https://cgi.minorplanetcenter.net/cgi-bin/confirmeph2.cgi
20260516T203532Z,2026-05-16T20:35:32.472903Z,20260516T203532Z_batch01,P12nc1c,2026-05-17T08:00:00Z,16 44 48.6,251.20250000000001,-06 01 37,-6.026944444444444,158.5,21.7,1.29,306.1,Map/Offsets,https://cgi.minorplanetcenter.net/cgi-bin/confirmeph2.cgi
20260516T203532Z,2026-05-16T20:35:32.472903Z,20260516T203532Z_batch01,P12nc1c,2026-05-17T09:00:00Z,16 44 44.4,251.18500000000003,-06 00 52,-6.014444444444444,158.5,21.7,1.29,306.0,Map/Offsets,https://cgi.minorplanetcenter.net/cgi-bin/confirmeph2.cgi
20260516T203532Z,2026-05-16T20:35:32.472903Z,20260516T203532Z_batch01,P12nc1c,2026-05-17T10:00:00Z,16 44 40.2,251.16750000000002,-06 00 06,-6.001666666666667,158.5,21.7,1.29,306.0,Map/Offsets,https://cgi.minorplanetcenter.net/cgi-bin/confirmeph2.cgi
20260516T203532Z,2026-05-16T20:35:32.472903Z,20260516T203532Z_batch01,P12nc1c,2026-05-17T11:00:00Z,16 44 36.0,251.15000000000003,-05 59 21,-5.989166666666667,158.6,21.7,1.29,306.0,Map/Offsets,https://cgi.minorplanetcenter.net/cgi-bin/confirmeph2.cgi
20260516T203532Z,2026-05-16T20:35:32.472903Z,20260516T203532Z_batch01,P12nc1c,2026-05-17T12:00:00Z,16 44 31.8,251.1325,-05 58 35,-5.976388888888889,158.6,21.7,1.29,306.0,Map/Offsets,https://cgi.minorplanetcenter.net/cgi-bin/confirmeph2.cgi
20260516T203532Z,2026-05-16T20:35:32.472903Z,20260516T203532Z_batch01,P12nc1c,2026-05-17T13:00:00Z,16 44 27.6,251.115,-05 57 50,-5.9638888888888895,158.6,21.7,1.29,305.9,Map/Offsets,https://cgi.minorplanetcenter.net/cgi-bin/confirmeph2.cgi
20260516T203532Z,2026-05-16T20:35:32.472903Z,20260516T203532Z_batch01,P12nc1c,2026-05-17T14:00:00Z,16 44 23.4,251.0975,-05 57 04,-5.9511111111111115,158.7,21.7,1.29,305.9,Map/Offsets,https://cgi.minorplanetcenter.net/cgi-bin/confirmeph2.cgi
20260516T203532Z,2026-05-16T20:35:32.472903Z,20260516T203532Z_batch01,P12nc1c,2026-05-17T15:00:00Z,16 44 19.2,251.08,-05 56 18,-5.9383333333333335,158.7,21.7,1.3,305.9,Map/Offsets,https://cgi.minorplanetcenter.net/cgi-bin/confirmeph2.cgi
20260516T203532Z,2026-05-16T20:35:32.472903Z,20260516T203532Z_batch01,P12nc1c,2026-05-17T16:00:00Z,16 44 14.9,251.06208333333336,-05 55 33,-5.925833333333333,158.7,21.7,1.3,305.9,Map/Offsets,https://cgi.minorplanetcenter.net/cgi-bin/confirmeph2.cgi
20260516T203532Z,2026-05-16T20:35:32.472903Z,20260516T203532Z_batch01,P12nc1c,2026-05-17T17:00:00Z,16 44 10.7,251.04458333333335,-05 54 47,-5.913055555555556,158.8,21.7,1.3,305.8,Map/Offsets,https://cgi.minorplanetcenter.net/cgi-bin/confirmeph2.cgi
20260516T203532Z,2026-05-16T20:35:32.472903Z,20260516T203532Z_batch01,P12nc1c,2026-05-17T18:00:00Z,16 44 06.5,251.02708333333337,-05 54 02,-5.900555555555556,158.8,21.6,1.3,305.8,Map/Offsets,https://cgi.minorplanetcenter.net/cgi-bin/confirmeph2.cgi
20260516T203532Z,2026-05-16T20:35:32.472903Z,20260516T203532Z_batch01,P12nc1c,2026-05-17T19:00:00Z,16 44 02.2,251.00916666666672,-05 53 16,-5.887777777777777,158.8,21.6,1.3,305.8,Map/Offsets,https://cgi.minorplanetcenter.net/cgi-bin/confirmeph2.cgi
20260516T203532Z,2026-05-16T20:35:32.472903Z,20260516T203532Z_batch01,RFD0300,2026-05-16T19:00:00Z,19 27 17.0,291.8208333333333,-44 26 56,-44.44888888888889,125.5,24.4,4.48,102.2,Map/Offsets   !,https://cgi.minorplanetcenter.net/cgi-bin/confirmeph2.cgi
20260516T203532Z,2026-05-16T20:35:32.472903Z,20260516T203532Z_batch01,RFD0300,2026-05-16T20:00:00Z,19 27 41.3,291.9220833333333,-44 27 52,-44.464444444444446,125.5,24.4,4.39,102.1,Map/Offsets   !,https://cgi.minorplanetcenter.net/cgi-bin/confirmeph2.cgi
20260516T203532Z,2026-05-16T20:35:32.472903Z,20260516T203532Z_batch01,RFD0300,2026-05-16T21:00:00Z,19 28 05.1,292.02125,-44 28 47,-44.47972222222222,125.5,24.4,4.3,102.0,Map/Offsets   !,https://cgi.minorplanetcenter.net/cgi-bin/confirmeph2.cgi
20260516T203532Z,2026-05-16T20:35:32.472903Z,20260516T203532Z_batch01,RFD0300,2026-05-16T22:00:00Z,19 28 28.4,292.11833333333334,-44 29 40,-44.49444444444445,125.4,24.5,4.21,102.0,Map/Offsets   !,https://cgi.minorplanetcenter.net/cgi-bin/confirmeph2.cgi
20260516T203532Z,2026-05-16T20:35:32.472903Z,20260516T203532Z_batch01,RFD0300,2026-05-16T23:00:00Z,19 28 51.3,292.21375,-44 30 32,-44.50888888888889,125.4,24.5,4.13,101.9,Map/Offsets   !,https://cgi.minorplanetcenter.net/cgi-bin/confirmeph2.cgi
20260516T203532Z,2026-05-16T20:35:32.472903Z,20260516T203532Z_batch01,RFD0300,2026-05-17T00:00:00Z,19 29 13.7,292.30708333333337,-44 31 22,-44.522777777777776,125.3,24.5,4.05,101.9,Map/Offsets   !,https://cgi.minorplanetcenter.net/cgi-bin/confirmeph2.cgi
20260516T203532Z,2026-05-16T20:35:32.472903Z,20260516T203532Z_batch01,RFD0300,2026-05-17T01:00:00Z,19 29 35.8,292.39916666666664,-44 32 12,-44.53666666666666,125.3,24.5,3.97,101.8,Map/Offsets   !,https://cgi.minorplanetcenter.net/cgi-bin/confirmeph2.cgi
20260516T203532Z,2026-05-16T20:35:32.472903Z,20260516T203532Z_batch01,RFD0300,2026-05-17T02:00:00Z,19 29 57.4,292.4891666666667,-44 33 00,-44.55,125.3,24.5,3.9,101.7,Map/Offsets   !,https://cgi.minorplanetcenter.net/cgi-bin/confirmeph2.cgi
20260516T203532Z,2026-05-16T20:35:32.472903Z,20260516T203532Z_batch01,RFD0300,2026-05-17T03:00:00Z,19 30 18.6,292.5775,-44 33 47,-44.56305555555555,125.3,24.6,3.82,101.7,Map/Offsets   !,https://cgi.minorplanetcenter.net/cgi-bin/confirmeph2.cgi
20260516T203532Z,2026-05-16T20:35:32.472903Z,20260516T203532Z_batch01,RFD0300,2026-05-17T04:00:00Z,19 30 39.4,292.6641666666667,-44 34 33,-44.575833333333335,125.2,24.6,3.75,101.6,Map/Offsets   !,https://cgi.minorplanetcenter.net/cgi-bin/confirmeph2.cgi
20260516T203532Z,2026-05-16T20:35:32.472903Z,20260516T203532Z_batch01,RFD0300,2026-05-17T05:00:00Z,19 30 59.8,292.74916666666667,-44 35 17,-44.588055555555556,125.2,24.6,3.68,101.6,Map/Offsets   !,https://cgi.minorplanetcenter.net/cgi-bin/confirmeph2.cgi
20260516T203532Z,2026-05-16T20:35:32.472903Z,20260516T203532Z_batch01,RFD0300,2026-05-17T06:00:00Z,19 31 19.9,292.8329166666667,-44 36 01,-44.60027777777778,125.2,24.6,3.61,101.5,Map/Offsets   !,https://cgi.minorplanetcenter.net/cgi-bin/confirmeph2.cgi
20260516T203532Z,2026-05-16T20:35:32.472903Z,20260516T203532Z_batch01,RFD0300,2026-05-17T07:00:00Z,19 31 39.6,292.91499999999996,-44 36 44,-44.61222222222222,125.2,24.6,3.55,101.4,Map/Offsets   !,https://cgi.minorplanetcenter.net/cgi-bin/confirmeph2.cgi
20260516T203532Z,2026-05-16T20:35:32.472903Z,20260516T203532Z_batch01,RFD0300,2026-05-17T08:00:00Z,19 31 58.9,292.99541666666664,-44 37 26,-44.62388888888889,125.1,24.7,3.48,101.4,Map/Offsets   !,https://cgi.minorplanetcenter.net/cgi-bin/confirmeph2.cgi
20260516T203532Z,2026-05-16T20:35:32.472903Z,20260516T203532Z_batch01,RFD0300,2026-05-17T09:00:00Z,19 32 17.9,293.07458333333335,-44 38 06,-44.635,125.1,24.7,3.42,101.3,Map/Offsets   !,https://cgi.minorplanetcenter.net/cgi-bin/confirmeph2.cgi
20260516T203532Z,2026-05-16T20:35:32.472903Z,20260516T203532Z_batch01,RFD0300,2026-05-17T10:00:00Z,19 32 36.6,293.15250000000003,-44 38 46,-44.64611111111111,125.1,24.7,3.36,101.3,Map/Offsets   !,https://cgi.minorplanetcenter.net/cgi-bin/confirmeph2.cgi
20260516T203532Z,2026-05-16T20:35:32.472903Z,20260516T203532Z_batch01,RFD0300,2026-05-17T11:00:00Z,19 32 55.0,293.22916666666674,-44 39 25,-44.65694444444444,125.1,24.7,3.3,101.2,Map/Offsets   !,https://cgi.minorplanetcenter.net/cgi-bin/confirmeph2.cgi
20260516T203532Z,2026-05-16T20:35:32.472903Z,20260516T203532Z_batch01,RFD0300,2026-05-17T12:00:00Z,19 33 13.0,293.3041666666667,-44 40 03,-44.6675,125.1,24.7,3.24,101.2,Map/Offsets   !,https://cgi.minorplanetcenter.net/cgi-bin/confirmeph2.cgi
20260516T203532Z,2026-05-16T20:35:32.472903Z,20260516T203532Z_batch01,RFD0300,2026-05-17T13:00:00Z,19 33 30.7,293.3779166666667,-44 40 41,-44.67805555555555,125.0,24.8,3.18,101.1,Map/Offsets   !,https://cgi.minorplanetcenter.net/cgi-bin/confirmeph2.cgi
20260516T203532Z,2026-05-16T20:35:32.472903Z,20260516T203532Z_batch01,RFD0300,2026-05-17T14:00:00Z,19 33 48.1,293.4504166666666,-44 41 17,-44.68805555555555,125.0,24.8,3.13,101.1,Map/Offsets   !,https://cgi.minorplanetcenter.net/cgi-bin/confirmeph2.cgi
20260516T203532Z,2026-05-16T20:35:32.472903Z,20260516T203532Z_batch01,RFD0300,2026-05-17T15:00:00Z,19 34 05.2,293.52166666666665,-44 41 53,-44.698055555555555,125.0,24.8,3.07,101.0,Map/Offsets   !,https://cgi.minorplanetcenter.net/cgi-bin/confirmeph2.cgi
20260516T203532Z,2026-05-16T20:35:32.472903Z,20260516T203532Z_batch01,RFD0300,2026-05-17T16:00:00Z,19 34 22.0,293.59166666666664,-44 42 28,-44.70777777777778,125.0,24.8,3.02,101.0,Map/Offsets   !,https://cgi.minorplanetcenter.net/cgi-bin/confirmeph2.cgi
20260516T203532Z,2026-05-16T20:35:32.472903Z,20260516T203532Z_batch01,RFD0300,2026-05-17T17:00:00Z,19 34 38.6,293.6608333333333,-44 43 02,-44.717222222222226,125.0,24.8,2.97,101.0,Map/Offsets   !,https://cgi.minorplanetcenter.net/cgi-bin/confirmeph2.cgi
20260516T203532Z,2026-05-16T20:35:32.472903Z,20260516T203532Z_batch01,RFD0300,2026-05-17T18:00:00Z,19 34 54.8,293.7283333333333,-44 43 35,-44.72638888888889,125.0,24.9,2.92,100.9,Map/Offsets   !,https://cgi.minorplanetcenter.net/cgi-bin/confirmeph2.cgi
20260516T203532Z,2026-05-16T20:35:32.472903Z,20260516T203532Z_batch01,RFD0300,2026-05-17T19:00:00Z,19 35 10.8,293.79499999999996,-44 44 08,-44.73555555555556,124.9,24.9,2.87,100.9,Map/Offsets   !,https://cgi.minorplanetcenter.net/cgi-bin/confirmeph2.cgi
20260516T203532Z,2026-05-16T20:35:32.472903Z,20260516T203532Z_batch01,CEMAUH2,2026-05-16T19:00:00Z,16 14 05.0,243.52083333333337,-05 04 21,-5.0725,162.7,21.3,11.28,204.7,Map/Offsets,https://cgi.minorplanetcenter.net/cgi-bin/confirmeph2.cgi
20260516T203532Z,2026-05-16T20:35:32.472903Z,20260516T203532Z_batch01,CEMAUH2,2026-05-16T20:00:00Z,16 13 46.1,243.4420833333333,-05 14 36,-5.243333333333333,162.9,21.3,11.24,204.7,Map/Offsets,https://cgi.minorplanetcenter.net/cgi-bin/confirmeph2.cgi
20260516T203532Z,2026-05-16T20:35:32.472903Z,20260516T203532Z_batch01,CEMAUH2,2026-05-16T21:00:00Z,16 13 27.2,243.36333333333332,-05 24 47,-5.413055555555556,163.1,21.3,11.2,204.7,Map/Offsets,https://cgi.minorplanetcenter.net/cgi-bin/confirmeph2.cgi
20260516T203532Z,2026-05-16T20:35:32.472903Z,20260516T203532Z_batch01,CEMAUH2,2026-05-16T22:00:00Z,16 13 08.5,243.28541666666663,-05 34 57,-5.5825,163.3,21.3,11.16,204.7,Map/Offsets,https://cgi.minorplanetcenter.net/cgi-bin/confirmeph2.cgi
20260516T203532Z,2026-05-16T20:35:32.472903Z,20260516T203532Z_batch01,CEMAUH2,2026-05-16T23:00:00Z,16 12 49.7,243.20708333333334,-05 45 04,-5.751111111111111,163.5,21.3,11.12,204.7,Map/Offsets,https://cgi.minorplanetcenter.net/cgi-bin/confirmeph2.cgi
20260516T203532Z,2026-05-16T20:35:32.472903Z,20260516T203532Z_batch01,CEMAUH2,2026-05-17T00:00:00Z,16 12 31.1,243.12958333333333,-05 55 08,-5.9188888888888895,163.7,21.3,11.07,204.7,Map/Offsets,https://cgi.minorplanetcenter.net/cgi-bin/confirmeph2.cgi
20260516T203532Z,2026-05-16T20:35:32.472903Z,20260516T203532Z_batch01,CEMAUH2,2026-05-17T01:00:00Z,16 12 12.5,243.05208333333331,-06 05 11,-6.086388888888888,163.9,21.3,11.03,204.7,Map/Offsets,https://cgi.minorplanetcenter.net/cgi-bin/confirmeph2.cgi
20260516T203532Z,2026-05-16T20:35:32.472903Z,20260516T203532Z_batch01,CEMAUH2,2026-05-17T02:00:00Z,16 11 54.0,242.97500000000002,-06 15 11,-6.253055555555555,164.1,21.3,10.99,204.7,Map/Offsets,https://cgi.minorplanetcenter.net/cgi-bin/confirmeph2.cgi
20260516T203532Z,2026-05-16T20:35:32.472903Z,20260516T203532Z_batch01,CEMAUH2,2026-05-17T03:00:00Z,16 11 35.5,242.89791666666667,-06 25 09,-6.419166666666667,164.3,21.3,10.95,204.7,Map/Offsets,https://cgi.minorplanetcenter.net/cgi-bin/confirmeph2.cgi
20260516T203532Z,2026-05-16T20:35:32.472903Z,20260516T203532Z_batch01,CEMAUH2,2026-05-17T04:00:00Z,16 11 17.1,242.82125000000002,-06 35 04,-6.584444444444444,164.5,21.3,10.91,204.8,Map/Offsets,https://cgi.minorplanetcenter.net/cgi-bin/confirmeph2.cgi
20260516T203532Z,2026-05-16T20:35:32.472903Z,20260516T203532Z_batch01,CEMAUH2,2026-05-17T05:00:00Z,16 10 58.7,242.74458333333334,-06 44 57,-6.7491666666666665,164.7,21.3,10.86,204.8,Map/Offsets,https://cgi.minorplanetcenter.net/cgi-bin/confirmeph2.cgi
20260516T203532Z,2026-05-16T20:35:32.472903Z,20260516T203532Z_batch01,CEMAUH2,2026-05-17T06:00:00Z,16 10 40.4,242.66833333333335,-06 54 48,-6.913333333333334,164.9,21.3,10.82,204.8,Map/Offsets,https://cgi.minorplanetcenter.net/cgi-bin/confirmeph2.cgi
20260516T203532Z,2026-05-16T20:35:32.472903Z,20260516T203532Z_batch01,CEMAUH2,2026-05-17T07:00:00Z,16 10 22.1,242.59208333333333,-07 04 36,-7.076666666666666,165.1,21.3,10.78,204.8,Map/Offsets,https://cgi.minorplanetcenter.net/cgi-bin/confirmeph2.cgi
20260516T203532Z,2026-05-16T20:35:32.472903Z,20260516T203532Z_batch01,CEMAUH2,2026-05-17T08:00:00Z,16 10 03.9,242.51625,-07 14 22,-7.239444444444445,165.3,21.3,10.74,204.8,Map/Offsets,https://cgi.minorplanetcenter.net/cgi-bin/confirmeph2.cgi
20260516T203532Z,2026-05-16T20:35:32.472903Z,20260516T203532Z_batch01,CEMAUH2,2026-05-17T09:00:00Z,16 09 45.8,242.44083333333333,-07 24 06,-7.401666666666667,165.5,21.3,10.7,204.8,Map/Offsets,https://cgi.minorplanetcenter.net/cgi-bin/confirmeph2.cgi
20260516T203532Z,2026-05-16T20:35:32.472903Z,20260516T203532Z_batch01,CEMAUH2,2026-05-17T10:00:00Z,16 09 27.7,242.36541666666662,-07 33 48,-7.5633333333333335,165.6,21.3,10.65,204.8,Map/Offsets,https://cgi.minorplanetcenter.net/cgi-bin/confirmeph2.cgi
20260516T203532Z,2026-05-16T20:35:32.472903Z,20260516T203532Z_batch01,CEMAUH2,2026-05-17T11:00:00Z,16 09 09.7,242.29041666666663,-07 43 27,-7.724166666666667,165.8,21.3,10.61,204.8,Map/Offsets,https://cgi.minorplanetcenter.net/cgi-bin/confirmeph2.cgi
20260516T203532Z,2026-05-16T20:35:32.472903Z,20260516T203532Z_batch01,CEMAUH2,2026-05-17T12:00:00Z,16 08 51.8,242.2158333333333,-07 53 03,-7.884166666666666,166.0,21.3,10.57,204.8,Map/Offsets,https://cgi.minorplanetcenter.net/cgi-bin/confirmeph2.cgi
20260516T203532Z,2026-05-16T20:35:32.472903Z,20260516T203532Z_batch01,CEMAUH2,2026-05-17T13:00:00Z,16 08 33.8,242.14083333333332,-08 02 38,-8.043888888888889,166.2,21.2,10.53,204.9,Map/Offsets,https://cgi.minorplanetcenter.net/cgi-bin/confirmeph2.cgi
20260516T203532Z,2026-05-16T20:35:32.472903Z,20260516T203532Z_batch01,CEMAUH2,2026-05-17T14:00:00Z,16 08 16.0,242.06666666666666,-08 12 10,-8.202777777777778,166.4,21.2,10.49,204.9,Map/Offsets,https://cgi.minorplanetcenter.net/cgi-bin/confirmeph2.cgi
20260516T203532Z,2026-05-16T20:35:32.472903Z,20260516T203532Z_batch01,CEMAUH2,2026-05-17T15:00:00Z,16 07 58.2,241.9925,-08 21 40,-8.36111111111111,166.6,21.2,10.45,204.9,Map/Offsets,https://cgi.minorplanetcenter.net/cgi-bin/confirmeph2.cgi
20260516T203532Z,2026-05-16T20:35:32.472903Z,20260516T203532Z_batch01,CEMAUH2,2026-05-17T16:00:00Z,16 07 40.5,241.91875000000002,-08 31 07,-8.518611111111111,166.8,21.2,10.4,204.9,Map/Offsets,https://cgi.minorplanetcenter.net/cgi-bin/confirmeph2.cgi
20260516T203532Z,2026-05-16T20:35:32.472903Z,20260516T203532Z_batch01,CEMAUH2,2026-05-17T17:00:00Z,16 07 22.8,241.84500000000003,-08 40 32,-8.675555555555555,167.0,21.2,10.36,204.9,Map/Offsets,https://cgi.minorplanetcenter.net/cgi-bin/confirmeph2.cgi
20260516T203532Z,2026-05-16T20:35:32.472903Z,20260516T203532Z_batch01,CEMAUH2,2026-05-17T18:00:00Z,16 07 05.2,241.77166666666668,-08 49 55,-8.831944444444444,167.2,21.2,10.32,204.9,Map/Offsets,https://cgi.minorplanetcenter.net/cgi-bin/confirmeph2.cgi
20260516T203532Z,2026-05-16T20:35:32.472903Z,20260516T203532Z_batch01,CEMAUH2,2026-05-17T19:00:00Z,16 06 47.6,241.69833333333335,-08 59 16,-8.987777777777778,167.3,21.2,10.28,204.9,Map/Offsets,https://cgi.minorplanetcenter.net/cgi-bin/confirmeph2.cgi
20260516T203532Z,2026-05-16T20:35:32.472903Z,20260516T203532Z_batch01,ST26E61,2026-05-16T19:00:00Z,16 36 31.2,249.13000000000002,+00 38 44,0.6455555555555555,154.8,22.9,3.15,85.7,Map/Offsets   !,https://cgi.minorplanetcenter.net/cgi-bin/confirmeph2.cgi
20260516T203532Z,2026-05-16T20:35:32.472903Z,20260516T203532Z_batch01,ST26E61,2026-05-16T20:00:00Z,16 36 43.6,249.18166666666667,+00 38 57,0.6491666666666667,154.8,23.0,3.06,85.7,Map/Offsets   !,https://cgi.minorplanetcenter.net/cgi-bin/confirmeph2.cgi
20260516T203532Z,2026-05-16T20:35:32.472903Z,20260516T203532Z_batch01,ST26E61,2026-05-16T21:00:00Z,16 36 55.6,249.23166666666668,+00 39 11,0.6530555555555556,154.8,23.0,2.98,85.8,Map/Offsets   !,https://cgi.minorplanetcenter.net/cgi-bin/confirmeph2.cgi
20260516T203532Z,2026-05-16T20:35:32.472903Z,20260516T203532Z_batch01,ST26E61,2026-05-16T22:00:00Z,16 37 07.4,249.2808333333333,+00 39 24,0.6566666666666667,154.7,23.0,2.91,85.8,Map/Offsets   !,https://cgi.minorplanetcenter.net/cgi-bin/confirmeph2.cgi
20260516T203532Z,2026-05-16T20:35:32.472903Z,20260516T203532Z_batch01,ST26E61,2026-05-16T23:00:00Z,16 37 18.8,249.32833333333335,+00 39 36,0.66,154.7,23.0,2.83,85.8,Map/Offsets   !,https://cgi.minorplanetcenter.net/cgi-bin/confirmeph2.cgi
20260516T203532Z,2026-05-16T20:35:32.472903Z,20260516T203532Z_batch01,ST26E61,2026-05-17T00:00:00Z,16 37 30.0,249.375,+00 39 48,0.6633333333333333,154.7,23.1,2.76,85.9,Map/Offsets   !,https://cgi.minorplanetcenter.net/cgi-bin/confirmeph2.cgi
20260516T203532Z,2026-05-16T20:35:32.472903Z,20260516T203532Z_batch01,ST26E61,2026-05-17T01:00:00Z,16 37 40.8,249.42000000000002,+00 40 00,0.6666666666666666,154.7,23.1,2.69,85.9,Map/Offsets   !,https://cgi.minorplanetcenter.net/cgi-bin/confirmeph2.cgi
20260516T203532Z,2026-05-16T20:35:32.472903Z,20260516T203532Z_batch01,ST26E61,2026-05-17T02:00:00Z,16 37 51.4,249.46416666666667,+00 40 12,0.6699999999999999,154.7,23.1,2.62,85.9,Map/Offsets   !,https://cgi.minorplanetcenter.net/cgi-bin/confirmeph2.cgi
20260516T203532Z,2026-05-16T20:35:32.472903Z,20260516T203532Z_batch01,ST26E61,2026-05-17T03:00:00Z,16 38 01.8,249.50749999999996,+00 40 22,0.6727777777777777,154.7,23.2,2.56,86.0,Map/Offsets   !,https://cgi.minorplanetcenter.net/cgi-bin/confirmeph2.cgi
20260516T203532Z,2026-05-16T20:35:32.472903Z,20260516T203532Z_batch01,ST26E61,2026-05-17T04:00:00Z,16 38 11.9,249.54958333333335,+00 40 33,0.6758333333333333,154.7,23.2,2.5,86.0,Map/Offsets   !,https://cgi.minorplanetcenter.net/cgi-bin/confirmeph2.cgi
20260516T203532Z,2026-05-16T20:35:32.472903Z,20260516T203532Z_batch01,ST26E61,2026-05-17T05:00:00Z,16 38 21.7,249.59041666666667,+00 40 43,0.678611111111111,154.7,23.2,2.44,86.0,Map/Offsets   !,https://cgi.minorplanetcenter.net/cgi-bin/confirmeph2.cgi
20260516T203532Z,2026-05-16T20:35:32.472903Z,20260516T203532Z_batch01,ST26E61,2026-05-17T06:00:00Z,16 38 31.3,249.63041666666666,+00 40 53,0.6813888888888888,154.7,23.2,2.38,86.1,Map/Offsets   !,https://cgi.minorplanetcenter.net/cgi-bin/confirmeph2.cgi
20260516T203532Z,2026-05-16T20:35:32.472903Z,20260516T203532Z_batch01,ST26E61,2026-05-17T07:00:00Z,16 38 40.7,249.66958333333332,+00 41 03,0.6841666666666667,154.6,23.3,2.32,86.1,Map/Offsets   !,https://cgi.minorplanetcenter.net/cgi-bin/confirmeph2.cgi
20260516T203532Z,2026-05-16T20:35:32.472903Z,20260516T203532Z_batch01,ST26E61,2026-05-17T08:00:00Z,16 38 49.9,249.70791666666668,+00 41 12,0.6866666666666666,154.6,23.3,2.27,86.2,Map/Offsets   !,https://cgi.minorplanetcenter.net/cgi-bin/confirmeph2.cgi
20260516T203532Z,2026-05-16T20:35:32.472903Z,20260516T203532Z_batch01,ST26E61,2026-05-17T09:00:00Z,16 38 58.8,249.74499999999998,+00 41 21,0.6891666666666667,154.6,23.3,2.22,86.2,Map/Offsets   !,https://cgi.minorplanetcenter.net/cgi-bin/confirmeph2.cgi
20260516T203532Z,2026-05-16T20:35:32.472903Z,20260516T203532Z_batch01,ST26E61,2026-05-17T10:00:00Z,16 39 07.6,249.78166666666667,+00 41 30,0.6916666666666667,154.6,23.3,2.17,86.2,Map/Offsets   !,https://cgi.minorplanetcenter.net/cgi-bin/confirmeph2.cgi
20260516T203532Z,2026-05-16T20:35:32.472903Z,20260516T203532Z_batch01,ST26E61,2026-05-17T11:00:00Z,16 39 16.1,249.81708333333333,+00 41 38,0.6938888888888889,154.6,23.4,2.12,86.3,Map/Offsets   !,https://cgi.minorplanetcenter.net/cgi-bin/confirmeph2.cgi
20260516T203532Z,2026-05-16T20:35:32.472903Z,20260516T203532Z_batch01,ST26E61,2026-05-17T12:00:00Z,16 39 24.5,249.8520833333333,+00 41 46,0.6961111111111111,154.6,23.4,2.07,86.3,Map/Offsets   !,https://cgi.minorplanetcenter.net/cgi-bin/confirmeph2.cgi
20260516T203532Z,2026-05-16T20:35:32.472903Z,20260516T203532Z_batch01,ST26E61,2026-05-17T13:00:00Z,16 39 32.7,249.88624999999996,+00 41 54,0.6983333333333334,154.6,23.4,2.03,86.4,Map/Offsets   !,https://cgi.minorplanetcenter.net/cgi-bin/confirmeph2.cgi
20260516T203532Z,2026-05-16T20:35:32.472903Z,20260516T203532Z_batch01,ST26E61,2026-05-17T14:00:00Z,16 39 40.7,249.91958333333332,+00 42 02,0.7005555555555555,154.6,23.4,1.98,86.4,Map/Offsets   !,https://cgi.minorplanetcenter.net/cgi-bin/confirmeph2.cgi
20260516T203532Z,2026-05-16T20:35:32.472903Z,20260516T203532Z_batch01,ST26E61,2026-05-17T15:00:00Z,16 39 48.5,249.95208333333332,+00 42 09,0.7024999999999999,154.6,23.5,1.94,86.4,Map/Offsets   !,https://cgi.minorplanetcenter.net/cgi-bin/confirmeph2.cgi
20260516T203532Z,2026-05-16T20:35:32.472903Z,20260516T203532Z_batch01,ST26E61,2026-05-17T16:00:00Z,16 39 56.2,249.98416666666662,+00 42 16,0.7044444444444444,154.6,23.5,1.9,86.5,Map/Offsets   !,https://cgi.minorplanetcenter.net/cgi-bin/confirmeph2.cgi
20260516T203532Z,2026-05-16T20:35:32.472903Z,20260516T203532Z_batch01,ST26E61,2026-05-17T17:00:00Z,16 40 03.7,250.0154166666667,+00 42 23,0.7063888888888888,154.6,23.5,1.86,86.5,Map/Offsets   !,https://cgi.minorplanetcenter.net/cgi-bin/confirmeph2.cgi
20260516T203532Z,2026-05-16T20:35:32.472903Z,20260516T203532Z_batch01,ST26E61,2026-05-17T18:00:00Z,16 40 11.0,250.04583333333335,+00 42 30,0.7083333333333333,154.6,23.5,1.82,86.6,Map/Offsets   !,https://cgi.minorplanetcenter.net/cgi-bin/confirmeph2.cgi
20260516T203532Z,2026-05-16T20:35:32.472903Z,20260516T203532Z_batch01,ST26E61,2026-05-17T19:00:00Z,16 40 18.2,250.07583333333332,+00 42 36,0.71,154.6,23.5,1.78,86.6,Map/Offsets   !,https://cgi.minorplanetcenter.net/cgi-bin/confirmeph2.cgi
20260516T203532Z,2026-05-16T20:35:32.472903Z,20260516T203532Z_batch01,MZ26075,2026-05-16T19:00:00Z,16 46 04.3,251.51791666666665,-01 38 44,-1.6455555555555554,155.0,22.1,2.83,38.9,Map/Offsets   !,https://cgi.minorplanetcenter.net/cgi-bin/confirmeph2.cgi
20260516T203532Z,2026-05-16T20:35:32.472903Z,20260516T203532Z_batch01,MZ26075,2026-05-16T20:00:00Z,16 46 11.3,251.5470833333333,-01 36 34,-1.6094444444444445,154.9,22.1,2.78,38.9,Map/Offsets   !,https://cgi.minorplanetcenter.net/cgi-bin/confirmeph2.cgi
20260516T203532Z,2026-05-16T20:35:32.472903Z,20260516T203532Z_batch01,MZ26075,2026-05-16T21:00:00Z,16 46 18.3,251.57625000000002,-01 34 25,-1.573611111111111,154.9,22.1,2.72,38.9,Map/Offsets   !,https://cgi.minorplanetcenter.net/cgi-bin/confirmeph2.cgi
20260516T203532Z,2026-05-16T20:35:32.472903Z,20260516T203532Z_batch01,MZ26075,2026-05-16T22:00:00Z,16 46 25.0,251.60416666666663,-01 32 20,-1.5388888888888888,154.9,22.1,2.67,38.9,Map/Offsets,https://cgi.minorplanetcenter.net/cgi-bin/confirmeph2.cgi
20260516T203532Z,2026-05-16T20:35:32.472903Z,20260516T203532Z_batch01,MZ26075,2026-05-16T23:00:00Z,16 46 31.7,251.6320833333333,-01 30 16,-1.5044444444444445,154.9,22.2,2.62,38.9,Map/Offsets,https://cgi.minorplanetcenter.net/cgi-bin/confirmeph2.cgi
20260516T203532Z,2026-05-16T20:35:32.472903Z,20260516T203532Z_batch01,MZ26075,2026-05-17T00:00:00Z,16 46 38.2,251.65916666666664,-01 28 15,-1.4708333333333334,154.8,22.2,2.57,38.9,Map/Offsets,https://cgi.minorplanetcenter.net/cgi-bin/confirmeph2.cgi
20260516T203532Z,2026-05-16T20:35:32.472903Z,20260516T203532Z_batch01,MZ26075,2026-05-17T01:00:00Z,16 46 44.6,251.68583333333333,-01 26 16,-1.4377777777777778,154.8,22.2,2.52,38.9,Map/Offsets,https://cgi.minorplanetcenter.net/cgi-bin/confirmeph2.cgi
20260516T203532Z,2026-05-16T20:35:32.472903Z,20260516T203532Z_batch01,MZ26075,2026-05-17T02:00:00Z,16 46 50.8,251.71166666666662,-01 24 20,-1.4055555555555554,154.8,22.2,2.47,38.9,Map/Offsets,https://cgi.minorplanetcenter.net/cgi-bin/confirmeph2.cgi
20260516T203532Z,2026-05-16T20:35:32.472903Z,20260516T203532Z_batch01,MZ26075,2026-05-17T03:00:00Z,16 46 57.0,251.73749999999998,-01 22 26,-1.373888888888889,154.8,22.2,2.42,38.9,Map/Offsets,https://cgi.minorplanetcenter.net/cgi-bin/confirmeph2.cgi
20260516T203532Z,2026-05-16T20:35:32.472903Z,20260516T203532Z_batch01,MZ26075,2026-05-17T04:00:00Z,16 47 03.0,251.76250000000002,-01 20 34,-1.3427777777777776,154.8,22.3,2.38,38.9,Map/Offsets,https://cgi.minorplanetcenter.net/cgi-bin/confirmeph2.cgi
20260516T203532Z,2026-05-16T20:35:32.472903Z,20260516T203532Z_batch01,MZ26075,2026-05-17T05:00:00Z,16 47 08.9,251.78708333333338,-01 18 43,-1.3119444444444446,154.8,22.3,2.34,38.9,Map/Offsets,https://cgi.minorplanetcenter.net/cgi-bin/confirmeph2.cgi
20260516T203532Z,2026-05-16T20:35:32.472903Z,20260516T203532Z_batch01,MZ26075,2026-05-17T06:00:00Z,16 47 14.7,251.81125000000003,-01 16 55,-1.2819444444444443,154.7,22.3,2.29,38.9,Map/Offsets,https://cgi.minorplanetcenter.net/cgi-bin/confirmeph2.cgi
20260516T203532Z,2026-05-16T20:35:32.472903Z,20260516T203532Z_batch01,MZ26075,2026-05-17T07:00:00Z,16 47 20.5,251.83541666666667,-01 15 09,-1.2525,154.7,22.3,2.25,38.9,Map/Offsets,https://cgi.minorplanetcenter.net/cgi-bin/confirmeph2.cgi
20260516T203532Z,2026-05-16T20:35:32.472903Z,20260516T203532Z_batch01,MZ26075,2026-05-17T08:00:00Z,16 47 26.1,251.85875000000001,-01 13 25,-1.2236111111111112,154.7,22.3,2.21,38.9,Map/Offsets,https://cgi.minorplanetcenter.net/cgi-bin/confirmeph2.cgi
20260516T203532Z,2026-05-16T20:35:32.472903Z,20260516T203532Z_batch01,MZ26075,2026-05-17T09:00:00Z,16 47 31.6,251.88166666666666,-01 11 42,-1.195,154.7,22.4,2.17,38.9,Map/Offsets,https://cgi.minorplanetcenter.net/cgi-bin/confirmeph2.cgi
20260516T203532Z,2026-05-16T20:35:32.472903Z,20260516T203532Z_batch01,MZ26075,2026-05-17T10:00:00Z,16 47 37.0,251.90416666666667,-01 10 02,-1.1672222222222224,154.7,22.4,2.13,38.9,Map/Offsets,https://cgi.minorplanetcenter.net/cgi-bin/confirmeph2.cgi
20260516T203532Z,2026-05-16T20:35:32.472903Z,20260516T203532Z_batch01,MZ26075,2026-05-17T11:00:00Z,16 47 42.3,251.92625,-01 08 23,-1.1397222222222223,154.7,22.4,2.1,38.9,Map/Offsets,https://cgi.minorplanetcenter.net/cgi-bin/confirmeph2.cgi
20260516T203532Z,2026-05-16T20:35:32.472903Z,20260516T203532Z_batch01,MZ26075,2026-05-17T12:00:00Z,16 47 47.5,251.94791666666669,-01 06 46,-1.1127777777777779,154.6,22.4,2.06,38.9,Map/Offsets,https://cgi.minorplanetcenter.net/cgi-bin/confirmeph2.cgi
20260516T203532Z,2026-05-16T20:35:32.472903Z,20260516T203532Z_batch01,MZ26075,2026-05-17T13:00:00Z,16 47 52.6,251.9691666666667,-01 05 11,-1.0863888888888888,154.6,22.4,2.02,38.9,Map/Offsets,https://cgi.minorplanetcenter.net/cgi-bin/confirmeph2.cgi
20260516T203532Z,2026-05-16T20:35:32.472903Z,20260516T203532Z_batch01,MZ26075,2026-05-17T14:00:00Z,16 47 57.7,251.9904166666667,-01 03 37,-1.0602777777777779,154.6,22.5,1.99,38.9,Map/Offsets,https://cgi.minorplanetcenter.net/cgi-bin/confirmeph2.cgi
20260516T203532Z,2026-05-16T20:35:32.472903Z,20260516T203532Z_batch01,MZ26075,2026-05-17T15:00:00Z,16 48 02.6,252.01083333333335,-01 02 05,-1.0347222222222223,154.6,22.5,1.95,38.8,Map/Offsets,https://cgi.minorplanetcenter.net/cgi-bin/confirmeph2.cgi
20260516T203532Z,2026-05-16T20:35:32.472903Z,20260516T203532Z_batch01,MZ26075,2026-05-17T16:00:00Z,16 48 07.5,252.03125000000003,-01 00 34,-1.0094444444444444,154.6,22.5,1.92,38.8,Map/Offsets,https://cgi.minorplanetcenter.net/cgi-bin/confirmeph2.cgi
20260516T203532Z,2026-05-16T20:35:32.472903Z,20260516T203532Z_batch01,MZ26075,2026-05-17T17:00:00Z,16 48 12.2,252.05083333333334,-00 59 05,-0.9847222222222222,154.6,22.5,1.89,38.8,Map/Offsets,https://cgi.minorplanetcenter.net/cgi-bin/confirmeph2.cgi
20260516T203532Z,2026-05-16T20:35:32.472903Z,20260516T203532Z_batch01,MZ26075,2026-05-17T18:00:00Z,16 48 16.9,252.07041666666666,-00 57 38,-0.9605555555555555,154.6,22.5,1.86,38.8,Map/Offsets,https://cgi.minorplanetcenter.net/cgi-bin/confirmeph2.cgi
20260516T203532Z,2026-05-16T20:35:32.472903Z,20260516T203532Z_batch01,MZ26075,2026-05-17T19:00:00Z,16 48 21.6,252.09,-00 56 11,-0.9363888888888889,154.6,22.6,1.83,38.8,Map/Offsets,https://cgi.minorplanetcenter.net/cgi-bin/confirmeph2.cgi
20260516T203532Z,2026-05-16T20:35:32.472903Z,20260516T203532Z_batch01,A11CmCW,2026-05-16T19:00:00Z,06 03 38.3,90.90958333333333,-72 53 27,-72.89083333333333,95.4,20.4,4.3,40.5,Map/Offsets   !,https://cgi.minorplanetcenter.net/cgi-bin/confirmeph2.cgi
20260516T203532Z,2026-05-16T20:35:32.472903Z,20260516T203532Z_batch01,A11CmCW,2026-05-16T20:00:00Z,06 04 15.9,91.06625,-72 50 13,-72.83694444444444,95.4,20.5,4.22,40.4,Map/Offsets   !,https://cgi.minorplanetcenter.net/cgi-bin/confirmeph2.cgi
20260516T203532Z,2026-05-16T20:35:32.472903Z,20260516T203532Z_batch01,A11CmCW,2026-05-16T21:00:00Z,06 04 52.5,91.21875,-72 47 01,-72.78361111111111,95.3,20.5,4.14,40.2,Map/Offsets   !,https://cgi.minorplanetcenter.net/cgi-bin/confirmeph2.cgi
20260516T203532Z,2026-05-16T20:35:32.472903Z,20260516T203532Z_batch01,A11CmCW,2026-05-16T22:00:00Z,06 05 28.2,91.36749999999999,-72 43 53,-72.73138888888889,95.3,20.5,4.07,40.1,Map/Offsets   !,https://cgi.minorplanetcenter.net/cgi-bin/confirmeph2.cgi
20260516T203532Z,2026-05-16T20:35:32.472903Z,20260516T203532Z_batch01,A11CmCW,2026-05-16T23:00:00Z,06 06 03.1,91.51291666666665,-72 40 48,-72.68,95.3,20.5,3.99,40.0,Map/Offsets   !,https://cgi.minorplanetcenter.net/cgi-bin/confirmeph2.cgi
20260516T203532Z,2026-05-16T20:35:32.472903Z,20260516T203532Z_batch01,A11CmCW,2026-05-17T00:00:00Z,06 06 37.2,91.655,-72 37 46,-72.62944444444443,95.3,20.5,3.92,39.9,Map/Offsets   !,https://cgi.minorplanetcenter.net/cgi-bin/confirmeph2.cgi
20260516T203532Z,2026-05-16T20:35:32.472903Z,20260516T203532Z_batch01,A11CmCW,2026-05-17T01:00:00Z,06 07 10.4,91.79333333333334,-72 34 47,-72.57972222222222,95.3,20.6,3.85,39.7,Map/Offsets   !,https://cgi.minorplanetcenter.net/cgi-bin/confirmeph2.cgi
20260516T203532Z,2026-05-16T20:35:32.472903Z,20260516T203532Z_batch01,A11CmCW,2026-05-17T02:00:00Z,06 07 42.9,91.92875,-72 31 51,-72.53083333333333,95.3,20.6,3.78,39.6,Map/Offsets   !,https://cgi.minorplanetcenter.net/cgi-bin/confirmeph2.cgi
20260516T203532Z,2026-05-16T20:35:32.472903Z,20260516T203532Z_batch01,A11CmCW,2026-05-17T03:00:00Z,06 08 14.7,92.06125,-72 28 58,-72.48277777777778,95.3,20.6,3.71,39.5,Map/Offsets   !,https://cgi.minorplanetcenter.net/cgi-bin/confirmeph2.cgi
20260516T203532Z,2026-05-16T20:35:32.472903Z,20260516T203532Z_batch01,A11CmCW,2026-05-17T04:00:00Z,06 08 45.7,92.19041666666668,-72 26 07,-72.43527777777778,95.2,20.6,3.65,39.4,Map/Offsets   !,https://cgi.minorplanetcenter.net/cgi-bin/confirmeph2.cgi
20260516T203532Z,2026-05-16T20:35:32.472903Z,20260516T203532Z_batch01,A11CmCW,2026-05-17T05:00:00Z,06 09 16.0,92.31666666666666,-72 23 20,-72.3888888888889,95.2,20.6,3.58,39.3,Map/Offsets   !,https://cgi.minorplanetcenter.net/cgi-bin/confirmeph2.cgi
20260516T203532Z,2026-05-16T20:35:32.472903Z,20260516T203532Z_batch01,A11CmCW,2026-05-17T06:00:00Z,06 09 45.7,92.44041666666668,-72 20 35,-72.34305555555555,95.2,20.7,3.52,39.2,Map/Offsets   !,https://cgi.minorplanetcenter.net/cgi-bin/confirmeph2.cgi
20260516T203532Z,2026-05-16T20:35:32.472903Z,20260516T203532Z_batch01,A11CmCW,2026-05-17T07:00:00Z,06 10 14.7,92.56125,-72 17 52,-72.29777777777778,95.2,20.7,3.46,39.1,Map/Offsets   !,https://cgi.minorplanetcenter.net/cgi-bin/confirmeph2.cgi
20260516T203532Z,2026-05-16T20:35:32.472903Z,20260516T203532Z_batch01,A11CmCW,2026-05-17T08:00:00Z,06 10 43.1,92.67958333333334,-72 15 12,-72.25333333333333,95.2,20.7,3.4,39.0,Map/Offsets   !,https://cgi.minorplanetcenter.net/cgi-bin/confirmeph2.cgi
20260516T203532Z,2026-05-16T20:35:32.472903Z,20260516T203532Z_batch01,A11CmCW,2026-05-17T09:00:00Z,06 11 10.9,92.79541666666667,-72 12 35,-72.20972222222223,95.2,20.7,3.35,38.9,Map/Offsets   !,https://cgi.minorplanetcenter.net/cgi-bin/confirmeph2.cgi
20260516T203532Z,2026-05-16T20:35:32.472903Z,20260516T203532Z_batch01,A11CmCW,2026-05-17T10:00:00Z,06 11 38.1,92.90875,-72 10 00,-72.16666666666667,95.2,20.7,3.29,38.8,Map/Offsets   !,https://cgi.minorplanetcenter.net/cgi-bin/confirmeph2.cgi
20260516T203532Z,2026-05-16T20:35:32.472903Z,20260516T203532Z_batch01,A11CmCW,2026-05-17T11:00:00Z,06 12 04.8,93.02,-72 07 27,-72.12416666666665,95.2,20.7,3.23,38.7,Map/Offsets   !,https://cgi.minorplanetcenter.net/cgi-bin/confirmeph2.cgi
20260516T203532Z,2026-05-16T20:35:32.472903Z,20260516T203532Z_batch01,A11CmCW,2026-05-17T12:00:00Z,06 12 30.9,93.12875,-72 04 57,-72.0825,95.1,20.8,3.18,38.6,Map/Offsets   !,https://cgi.minorplanetcenter.net/cgi-bin/confirmeph2.cgi
20260516T203532Z,2026-05-16T20:35:32.472903Z,20260516T203532Z_batch01,A11CmCW,2026-05-17T13:00:00Z,06 12 56.4,93.235,-72 02 29,-72.04138888888889,95.1,20.8,3.13,38.5,Map/Offsets   !,https://cgi.minorplanetcenter.net/cgi-bin/confirmeph2.cgi
20260516T203532Z,2026-05-16T20:35:32.472903Z,20260516T203532Z_batch01,A11CmCW,2026-05-17T14:00:00Z,06 13 21.4,93.33916666666667,-72 00 03,-72.00083333333333,95.1,20.8,3.08,38.4,Map/Offsets   !,https://cgi.minorplanetcenter.net/cgi-bin/confirmeph2.cgi
20260516T203532Z,2026-05-16T20:35:32.472903Z,20260516T203532Z_batch01,A11CmCW,2026-05-17T15:00:00Z,06 13 46.0,93.44166666666668,-71 57 39,-71.96083333333334,95.1,20.8,3.03,38.4,Map/Offsets   !,https://cgi.minorplanetcenter.net/cgi-bin/confirmeph2.cgi
20260516T203532Z,2026-05-16T20:35:32.472903Z,20260516T203532Z_batch01,A11CmCW,2026-05-17T16:00:00Z,06 14 10.0,93.54166666666667,-71 55 18,-71.92166666666667,95.1,20.8,2.98,38.3,Map/Offsets   !,https://cgi.minorplanetcenter.net/cgi-bin/confirmeph2.cgi
20260516T203532Z,2026-05-16T20:35:32.472903Z,20260516T203532Z_batch01,A11CmCW,2026-05-17T17:00:00Z,06 14 33.6,93.64,-71 52 59,-71.88305555555554,95.1,20.8,2.93,38.2,Map/Offsets   !,https://cgi.minorplanetcenter.net/cgi-bin/confirmeph2.cgi
20260516T203532Z,2026-05-16T20:35:32.472903Z,20260516T203532Z_batch01,A11CmCW,2026-05-17T18:00:00Z,06 14 56.7,93.73625,-71 50 41,-71.84472222222222,95.1,20.9,2.89,38.1,Map/Offsets   !,https://cgi.minorplanetcenter.net/cgi-bin/confirmeph2.cgi
20260516T203532Z,2026-05-16T20:35:32.472903Z,20260516T203532Z_batch01,A11CmCW,2026-05-17T19:00:00Z,06 15 19.4,93.83083333333333,-71 48 26,-71.80722222222222,95.1,20.9,2.84,38.1,Map/Offsets   !,https://cgi.minorplanetcenter.net/cgi-bin/confirmeph2.cgi
20260516T203532Z,2026-05-16T20:35:32.472903Z,20260516T203532Z_batch01,A11CmCS,2026-05-16T19:00:00Z,17 03 57.8,255.99083333333337,-32 31 17,-32.521388888888886,155.6,20.1,6.53,45.6,Map/Offsets   !,https://cgi.minorplanetcenter.net/cgi-bin/confirmeph2.cgi
20260516T203532Z,2026-05-16T20:35:32.472903Z,20260516T203532Z_batch01,A11CmCS,2026-05-16T20:00:00Z,17 04 19.7,256.08208333333334,-32 26 44,-32.44555555555555,155.6,20.1,6.44,45.5,Map/Offsets   !,https://cgi.minorplanetcenter.net/cgi-bin/confirmeph2.cgi
20260516T203532Z,2026-05-16T20:35:32.472903Z,20260516T203532Z_batch01,A11CmCS,2026-05-16T21:00:00Z,17 04 41.3,256.1720833333333,-32 22 15,-32.37083333333334,155.6,20.1,6.35,45.5,Map/Offsets   !,https://cgi.minorplanetcenter.net/cgi-bin/confirmeph2.cgi
20260516T203532Z,2026-05-16T20:35:32.472903Z,20260516T203532Z_batch01,A11CmCS,2026-05-16T22:00:00Z,17 05 02.5,256.26041666666663,-32 17 50,-32.29722222222222,155.6,20.1,6.26,45.4,Map/Offsets   !,https://cgi.minorplanetcenter.net/cgi-bin/confirmeph2.cgi
20260516T203532Z,2026-05-16T20:35:32.472903Z,20260516T203532Z_batch01,A11CmCS,2026-05-16T23:00:00Z,17 05 23.5,256.3479166666666,-32 13 28,-32.224444444444444,155.6,20.1,6.17,45.3,Map/Offsets   !,https://cgi.minorplanetcenter.net/cgi-bin/confirmeph2.cgi
20260516T203532Z,2026-05-16T20:35:32.472903Z,20260516T203532Z_batch01,A11CmCS,2026-05-17T00:00:00Z,17 05 44.1,256.43375000000003,-32 09 09,-32.152499999999996,155.6,20.1,6.09,45.3,Map/Offsets,https://cgi.minorplanetcenter.net/cgi-bin/confirmeph2.cgi
20260516T203532Z,2026-05-16T20:35:32.472903Z,20260516T203532Z_batch01,A11CmCS,2026-05-17T01:00:00Z,17 06 04.4,256.5183333333333,-32 04 53,-32.081388888888895,155.6,20.1,6.01,45.2,Map/Offsets,https://cgi.minorplanetcenter.net/cgi-bin/confirmeph2.cgi
20260516T203532Z,2026-05-16T20:35:32.472903Z,20260516T203532Z_batch01,A11CmCS,2026-05-17T02:00:00Z,17 06 24.3,256.60125000000005,-32 00 41,-32.01138888888889,155.6,20.2,5.93,45.1,Map/Offsets,https://cgi.minorplanetcenter.net/cgi-bin/confirmeph2.cgi
20260516T203532Z,2026-05-16T20:35:32.472903Z,20260516T203532Z_batch01,A11CmCS,2026-05-17T03:00:00Z,17 06 44.0,256.68333333333334,-31 56 32,-31.942222222222224,155.7,20.2,5.85,45.1,Map/Offsets,https://cgi.minorplanetcenter.net/cgi-bin/confirmeph2.cgi
20260516T203532Z,2026-05-16T20:35:32.472903Z,20260516T203532Z_batch01,A11CmCS,2026-05-17T04:00:00Z,17 07 03.4,256.7641666666667,-31 52 25,-31.87361111111111,155.7,20.2,5.77,45.0,Map/Offsets,https://cgi.minorplanetcenter.net/cgi-bin/confirmeph2.cgi
20260516T203532Z,2026-05-16T20:35:32.472903Z,20260516T203532Z_batch01,A11CmCS,2026-05-17T05:00:00Z,17 07 22.5,256.84375,-31 48 22,-31.80611111111111,155.7,20.2,5.7,45.0,Map/Offsets,https://cgi.minorplanetcenter.net/cgi-bin/confirmeph2.cgi
20260516T203532Z,2026-05-16T20:35:32.472903Z,20260516T203532Z_batch01,A11CmCS,2026-05-17T06:00:00Z,17 07 41.3,256.9220833333333,-31 44 22,-31.739444444444445,155.7,20.2,5.62,44.9,Map/Offsets,https://cgi.minorplanetcenter.net/cgi-bin/confirmeph2.cgi
20260516T203532Z,2026-05-16T20:35:32.472903Z,20260516T203532Z_batch01,A11CmCS,2026-05-17T07:00:00Z,17 07 59.8,256.99916666666667,-31 40 24,-31.673333333333336,155.7,20.2,5.55,44.8,Map/Offsets,https://cgi.minorplanetcenter.net/cgi-bin/confirmeph2.cgi
20260516T203532Z,2026-05-16T20:35:32.472903Z,20260516T203532Z_batch01,A11CmCS,2026-05-17T08:00:00Z,17 08 18.1,257.0754166666666,-31 36 30,-31.608333333333334,155.7,20.2,5.48,44.8,Map/Offsets,https://cgi.minorplanetcenter.net/cgi-bin/confirmeph2.cgi
20260516T203532Z,2026-05-16T20:35:32.472903Z,20260516T203532Z_batch01,A11CmCS,2026-05-17T09:00:00Z,17 08 36.0,257.15000000000003,-31 32 38,-31.54388888888889,155.7,20.3,5.41,44.7,Map/Offsets,https://cgi.minorplanetcenter.net/cgi-bin/confirmeph2.cgi
20260516T203532Z,2026-05-16T20:35:32.472903Z,20260516T203532Z_batch01,A11CmCS,2026-05-17T10:00:00Z,17 08 53.8,257.2241666666667,-31 28 49,-31.480277777777776,155.7,20.3,5.34,44.7,Map/Offsets,https://cgi.minorplanetcenter.net/cgi-bin/confirmeph2.cgi
20260516T203532Z,2026-05-16T20:35:32.472903Z,20260516T203532Z_batch01,A11CmCS,2026-05-17T11:00:00Z,17 09 11.2,257.2966666666666,-31 25 02,-31.41722222222222,155.7,20.3,5.27,44.6,Map/Offsets,https://cgi.minorplanetcenter.net/cgi-bin/confirmeph2.cgi
20260516T203532Z,2026-05-16T20:35:32.472903Z,20260516T203532Z_batch01,A11CmCS,2026-05-17T12:00:00Z,17 09 28.5,257.36875,-31 21 19,-31.35527777777778,155.7,20.3,5.2,44.6,Map/Offsets,https://cgi.minorplanetcenter.net/cgi-bin/confirmeph2.cgi
20260516T203532Z,2026-05-16T20:35:32.472903Z,20260516T203532Z_batch01,A11CmCS,2026-05-17T13:00:00Z,17 09 45.4,257.4391666666666,-31 17 38,-31.29388888888889,155.7,20.3,5.14,44.5,Map/Offsets,https://cgi.minorplanetcenter.net/cgi-bin/confirmeph2.cgi
20260516T203532Z,2026-05-16T20:35:32.472903Z,20260516T203532Z_batch01,A11CmCS,2026-05-17T14:00:00Z,17 10 02.2,257.5091666666667,-31 13 59,-31.233055555555556,155.7,20.3,5.07,44.5,Map/Offsets,https://cgi.minorplanetcenter.net/cgi-bin/confirmeph2.cgi
20260516T203532Z,2026-05-16T20:35:32.472903Z,20260516T203532Z_batch01,A11CmCS,2026-05-17T15:00:00Z,17 10 18.7,257.5779166666667,-31 10 23,-31.173055555555557,155.7,20.3,5.01,44.4,Map/Offsets,https://cgi.minorplanetcenter.net/cgi-bin/confirmeph2.cgi
20260516T203532Z,2026-05-16T20:35:32.472903Z,20260516T203532Z_batch01,A11CmCS,2026-05-17T16:00:00Z,17 10 34.9,257.6454166666667,-31 06 50,-31.11388888888889,155.7,20.4,4.95,44.3,Map/Offsets,https://cgi.minorplanetcenter.net/cgi-bin/confirmeph2.cgi
20260516T203532Z,2026-05-16T20:35:32.472903Z,20260516T203532Z_batch01,A11CmCS,2026-05-17T17:00:00Z,17 10 51.0,257.71250000000003,-31 03 19,-31.05527777777778,155.7,20.4,4.89,44.3,Map/Offsets,https://cgi.minorplanetcenter.net/cgi-bin/confirmeph2.cgi
20260516T203532Z,2026-05-16T20:35:32.472903Z,20260516T203532Z_batch01,A11CmCS,2026-05-17T18:00:00Z,17 11 06.8,257.7783333333333,-30 59 50,-30.997222222222224,155.8,20.4,4.83,44.2,Map/Offsets,https://cgi.minorplanetcenter.net/cgi-bin/confirmeph2.cgi
20260516T203532Z,2026-05-16T20:35:32.472903Z,20260516T203532Z_batch01,A11CmCS,2026-05-17T19:00:00Z,17 11 22.4,257.84333333333336,-30 56 24,-30.94,155.8,20.4,4.77,44.2,Map/Offsets,https://cgi.minorplanetcenter.net/cgi-bin/confirmeph2.cgi
20260516T203532Z,2026-05-16T20:35:32.472903Z,20260516T203532Z_batch01,OCA1642,2026-05-16T19:00:00Z,13 43 34.2,205.89249999999998,-31 18 34,-31.309444444444445,152.6,19.4,0.53,255.0,Map/Offsets,https://cgi.minorplanetcenter.net/cgi-bin/confirmeph2.cgi
20260516T203532Z,2026-05-16T20:35:32.472903Z,20260516T203532Z_batch01,OCA1642,2026-05-16T20:00:00Z,13 43 31.8,205.8825,-31 18 42,-31.311666666666667,152.5,19.4,0.53,255.0,Map/Offsets,https://cgi.minorplanetcenter.net/cgi-bin/confirmeph2.cgi
20260516T203532Z,2026-05-16T20:35:32.472903Z,20260516T203532Z_batch01,OCA1642,2026-05-16T21:00:00Z,13 43 29.4,205.8725,-31 18 50,-31.31388888888889,152.5,19.4,0.53,255.0,Map/Offsets,https://cgi.minorplanetcenter.net/cgi-bin/confirmeph2.cgi
20260516T203532Z,2026-05-16T20:35:32.472903Z,20260516T203532Z_batch01,OCA1642,2026-05-16T22:00:00Z,13 43 27.0,205.8625,-31 18 59,-31.31638888888889,152.4,19.4,0.53,255.0,Map/Offsets,https://cgi.minorplanetcenter.net/cgi-bin/confirmeph2.cgi
20260516T203532Z,2026-05-16T20:35:32.472903Z,20260516T203532Z_batch01,OCA1642,2026-05-16T23:00:00Z,13 43 24.6,205.8525,-31 19 07,-31.31861111111111,152.4,19.4,0.53,255.0,Map/Offsets,https://cgi.minorplanetcenter.net/cgi-bin/confirmeph2.cgi
20260516T203532Z,2026-05-16T20:35:32.472903Z,20260516T203532Z_batch01,OCA1642,2026-05-17T00:00:00Z,13 43 22.2,205.8425,-31 19 15,-31.320833333333333,152.4,19.4,0.53,255.0,Map/Offsets,https://cgi.minorplanetcenter.net/cgi-bin/confirmeph2.cgi
20260516T203532Z,2026-05-16T20:35:32.472903Z,20260516T203532Z_batch01,OCA1642,2026-05-17T01:00:00Z,13 43 19.8,205.83249999999998,-31 19 23,-31.323055555555555,152.3,19.4,0.53,255.0,Map/Offsets,https://cgi.minorplanetcenter.net/cgi-bin/confirmeph2.cgi
20260516T203532Z,2026-05-16T20:35:32.472903Z,20260516T203532Z_batch01,OCA1642,2026-05-17T02:00:00Z,13 43 17.5,205.82291666666669,-31 19 31,-31.325277777777778,152.3,19.4,0.53,255.0,Map/Offsets,https://cgi.minorplanetcenter.net/cgi-bin/confirmeph2.cgi
20260516T203532Z,2026-05-16T20:35:32.472903Z,20260516T203532Z_batch01,OCA1642,2026-05-17T03:00:00Z,13 43 15.1,205.81291666666667,-31 19 40,-31.32777777777778,152.3,19.4,0.53,255.0,Map/Offsets,https://cgi.minorplanetcenter.net/cgi-bin/confirmeph2.cgi
20260516T203532Z,2026-05-16T20:35:32.472903Z,20260516T203532Z_batch01,OCA1642,2026-05-17T04:00:00Z,13 43 12.7,205.80291666666668,-31 19 48,-31.33,152.2,19.4,0.53,255.0,Map/Offsets,https://cgi.minorplanetcenter.net/cgi-bin/confirmeph2.cgi
20260516T203532Z,2026-05-16T20:35:32.472903Z,20260516T203532Z_batch01,OCA1642,2026-05-17T05:00:00Z,13 43 10.3,205.79291666666666,-31 19 56,-31.33222222222222,152.2,19.4,0.53,255.0,Map/Offsets,https://cgi.minorplanetcenter.net/cgi-bin/confirmeph2.cgi
20260516T203532Z,2026-05-16T20:35:32.472903Z,20260516T203532Z_batch01,OCA1642,2026-05-17T06:00:00Z,13 43 07.9,205.78291666666667,-31 20 04,-31.334444444444443,152.1,19.4,0.53,255.1,Map/Offsets,https://cgi.minorplanetcenter.net/cgi-bin/confirmeph2.cgi
20260516T203532Z,2026-05-16T20:35:32.472903Z,20260516T203532Z_batch01,OCA1642,2026-05-17T07:00:00Z,13 43 05.6,205.77333333333334,-31 20 12,-31.336666666666666,152.1,19.4,0.52,255.1,Map/Offsets,https://cgi.minorplanetcenter.net/cgi-bin/confirmeph2.cgi
20260516T203532Z,2026-05-16T20:35:32.472903Z,20260516T203532Z_batch01,OCA1642,2026-05-17T08:00:00Z,13 43 03.2,205.76333333333335,-31 20 20,-31.33888888888889,152.1,19.4,0.52,255.1,Map/Offsets,https://cgi.minorplanetcenter.net/cgi-bin/confirmeph2.cgi
20260516T203532Z,2026-05-16T20:35:32.472903Z,20260516T203532Z_batch01,OCA1642,2026-05-17T09:00:00Z,13 43 00.8,205.75333333333333,-31 20 28,-31.34111111111111,152.0,19.4,0.52,255.1,Map/Offsets,https://cgi.minorplanetcenter.net/cgi-bin/confirmeph2.cgi
20260516T203532Z,2026-05-16T20:35:32.472903Z,20260516T203532Z_batch01,OCA1642,2026-05-17T10:00:00Z,13 42 58.4,205.7433333333333,-31 20 36,-31.343333333333334,152.0,19.4,0.52,255.1,Map/Offsets,https://cgi.minorplanetcenter.net/cgi-bin/confirmeph2.cgi
20260516T203532Z,2026-05-16T20:35:32.472903Z,20260516T203532Z_batch01,OCA1642,2026-05-17T11:00:00Z,13 42 56.1,205.73375,-31 20 45,-31.34583333333333,152.0,19.4,0.52,255.1,Map/Offsets,https://cgi.minorplanetcenter.net/cgi-bin/confirmeph2.cgi
20260516T203532Z,2026-05-16T20:35:32.472903Z,20260516T203532Z_batch01,OCA1642,2026-05-17T12:00:00Z,13 42 53.7,205.72375,-31 20 53,-31.348055555555554,151.9,19.4,0.52,255.1,Map/Offsets,https://cgi.minorplanetcenter.net/cgi-bin/confirmeph2.cgi
20260516T203532Z,2026-05-16T20:35:32.472903Z,20260516T203532Z_batch01,OCA1642,2026-05-17T13:00:00Z,13 42 51.3,205.71375,-31 21 01,-31.35027777777778,151.9,19.4,0.52,255.1,Map/Offsets,https://cgi.minorplanetcenter.net/cgi-bin/confirmeph2.cgi
20260516T203532Z,2026-05-16T20:35:32.472903Z,20260516T203532Z_batch01,OCA1642,2026-05-17T14:00:00Z,13 42 49.0,205.70416666666665,-31 21 09,-31.352500000000003,151.8,19.4,0.52,255.1,Map/Offsets,https://cgi.minorplanetcenter.net/cgi-bin/confirmeph2.cgi
20260516T203532Z,2026-05-16T20:35:32.472903Z,20260516T203532Z_batch01,OCA1642,2026-05-17T15:00:00Z,13 42 46.6,205.69416666666666,-31 21 17,-31.354722222222225,151.8,19.4,0.52,255.1,Map/Offsets,https://cgi.minorplanetcenter.net/cgi-bin/confirmeph2.cgi
20260516T203532Z,2026-05-16T20:35:32.472903Z,20260516T203532Z_batch01,OCA1642,2026-05-17T16:00:00Z,13 42 44.2,205.68416666666664,-31 21 25,-31.356944444444444,151.8,19.4,0.52,255.1,Map/Offsets,https://cgi.minorplanetcenter.net/cgi-bin/confirmeph2.cgi
20260516T203532Z,2026-05-16T20:35:32.472903Z,20260516T203532Z_batch01,OCA1642,2026-05-17T17:00:00Z,13 42 41.9,205.67458333333332,-31 21 33,-31.359166666666667,151.7,19.4,0.52,255.1,Map/Offsets,https://cgi.minorplanetcenter.net/cgi-bin/confirmeph2.cgi
20260516T203532Z,2026-05-16T20:35:32.472903Z,20260516T203532Z_batch01,OCA1642,2026-05-17T18:00:00Z,13 42 39.5,205.66458333333333,-31 21 41,-31.36138888888889,151.7,19.4,0.52,255.1,Map/Offsets,https://cgi.minorplanetcenter.net/cgi-bin/confirmeph2.cgi
20260516T203532Z,2026-05-16T20:35:32.472903Z,20260516T203532Z_batch01,OCA1642,2026-05-17T19:00:00Z,13 42 37.2,205.655,-31 21 49,-31.363611111111112,151.7,19.4,0.52,255.1,Map/Offsets,https://cgi.minorplanetcenter.net/cgi-bin/confirmeph2.cgi
20260516T203532Z,2026-05-16T20:35:32.472903Z,20260516T203532Z_batch01,CEM26R2,2026-05-16T19:00:00Z,16 33 13.7,248.30708333333334,+15 18 59,15.31638888888889,142.5,20.6,0.7,256.4,Map/Offsets,https://cgi.minorplanetcenter.net/cgi-bin/confirmeph2.cgi
20260516T203532Z,2026-05-16T20:35:32.472903Z,20260516T203532Z_batch01,CEM26R2,2026-05-16T20:00:00Z,16 33 10.9,248.29541666666668,+15 18 49,15.313611111111111,142.5,20.6,0.71,256.3,Map/Offsets,https://cgi.minorplanetcenter.net/cgi-bin/confirmeph2.cgi
20260516T203532Z,2026-05-16T20:35:32.472903Z,20260516T203532Z_batch01,CEM26R2,2026-05-16T21:00:00Z,16 33 08.1,248.28375,+15 18 39,15.310833333333335,142.5,20.6,0.71,256.3,Map/Offsets,https://cgi.minorplanetcenter.net/cgi-bin/confirmeph2.cgi
20260516T203532Z,2026-05-16T20:35:32.472903Z,20260516T203532Z_batch01,CEM26R2,2026-05-16T22:00:00Z,16 33 05.2,248.27166666666668,+15 18 29,15.308055555555557,142.5,20.6,0.71,256.2,Map/Offsets,https://cgi.minorplanetcenter.net/cgi-bin/confirmeph2.cgi
20260516T203532Z,2026-05-16T20:35:32.472903Z,20260516T203532Z_batch01,CEM26R2,2026-05-16T23:00:00Z,16 33 02.4,248.26000000000002,+15 18 19,15.305277777777778,142.5,20.6,0.71,256.2,Map/Offsets,https://cgi.minorplanetcenter.net/cgi-bin/confirmeph2.cgi
20260516T203532Z,2026-05-16T20:35:32.472903Z,20260516T203532Z_batch01,CEM26R2,2026-05-17T00:00:00Z,16 32 59.5,248.2479166666667,+15 18 09,15.3025,142.5,20.6,0.71,256.2,Map/Offsets,https://cgi.minorplanetcenter.net/cgi-bin/confirmeph2.cgi
20260516T203532Z,2026-05-16T20:35:32.472903Z,20260516T203532Z_batch01,CEM26R2,2026-05-17T01:00:00Z,16 32 56.7,248.23625000000004,+15 17 59,15.299722222222222,142.6,20.6,0.71,256.1,Map/Offsets,https://cgi.minorplanetcenter.net/cgi-bin/confirmeph2.cgi
20260516T203532Z,2026-05-16T20:35:32.472903Z,20260516T203532Z_batch01,CEM26R2,2026-05-17T02:00:00Z,16 32 53.8,248.22416666666672,+15 17 48,15.296666666666667,142.6,20.6,0.71,256.1,Map/Offsets,https://cgi.minorplanetcenter.net/cgi-bin/confirmeph2.cgi
20260516T203532Z,2026-05-16T20:35:32.472903Z,20260516T203532Z_batch01,CEM26R2,2026-05-17T03:00:00Z,16 32 51.0,248.21250000000003,+15 17 38,15.293888888888889,142.6,20.6,0.71,256.0,Map/Offsets,https://cgi.minorplanetcenter.net/cgi-bin/confirmeph2.cgi
20260516T203532Z,2026-05-16T20:35:32.472903Z,20260516T203532Z_batch01,CEM26R2,2026-05-17T04:00:00Z,16 32 48.1,248.20041666666665,+15 17 28,15.29111111111111,142.6,20.6,0.71,256.0,Map/Offsets,https://cgi.minorplanetcenter.net/cgi-bin/confirmeph2.cgi
20260516T203532Z,2026-05-16T20:35:32.472903Z,20260516T203532Z_batch01,CEM26R2,2026-05-17T05:00:00Z,16 32 45.2,248.18833333333333,+15 17 17,15.288055555555555,142.6,20.6,0.71,255.9,Map/Offsets,https://cgi.minorplanetcenter.net/cgi-bin/confirmeph2.cgi
20260516T203532Z,2026-05-16T20:35:32.472903Z,20260516T203532Z_batch01,CEM26R2,2026-05-17T06:00:00Z,16 32 42.4,248.17666666666668,+15 17 07,15.285277777777777,142.6,20.6,0.71,255.9,Map/Offsets,https://cgi.minorplanetcenter.net/cgi-bin/confirmeph2.cgi
20260516T203532Z,2026-05-16T20:35:32.472903Z,20260516T203532Z_batch01,CEM26R2,2026-05-17T07:00:00Z,16 32 39.5,248.16458333333335,+15 16 57,15.2825,142.6,20.6,0.71,255.8,Map/Offsets,https://cgi.minorplanetcenter.net/cgi-bin/confirmeph2.cgi
20260516T203532Z,2026-05-16T20:35:32.472903Z,20260516T203532Z_batch01,CEM26R2,2026-05-17T08:00:00Z,16 32 36.6,248.15250000000003,+15 16 46,15.279444444444445,142.7,20.6,0.71,255.8,Map/Offsets,https://cgi.minorplanetcenter.net/cgi-bin/confirmeph2.cgi
20260516T203532Z,2026-05-16T20:35:32.472903Z,20260516T203532Z_batch01,CEM26R2,2026-05-17T09:00:00Z,16 32 33.8,248.14083333333338,+15 16 36,15.276666666666667,142.7,20.6,0.71,255.7,Map/Offsets,https://cgi.minorplanetcenter.net/cgi-bin/confirmeph2.cgi
20260516T203532Z,2026-05-16T20:35:32.472903Z,20260516T203532Z_batch01,CEM26R2,2026-05-17T10:00:00Z,16 32 30.9,248.12875000000003,+15 16 25,15.273611111111112,142.7,20.6,0.71,255.7,Map/Offsets,https://cgi.minorplanetcenter.net/cgi-bin/confirmeph2.cgi
20260516T203532Z,2026-05-16T20:35:32.472903Z,20260516T203532Z_batch01,CEM26R2,2026-05-17T11:00:00Z,16 32 28.0,248.1166666666667,+15 16 14,15.270555555555557,142.7,20.6,0.71,255.7,Map/Offsets,https://cgi.minorplanetcenter.net/cgi-bin/confirmeph2.cgi
20260516T203532Z,2026-05-16T20:35:32.472903Z,20260516T203532Z_batch01,CEM26R2,2026-05-17T12:00:00Z,16 32 25.2,248.10500000000005,+15 16 04,15.267777777777779,142.7,20.6,0.72,255.6,Map/Offsets,https://cgi.minorplanetcenter.net/cgi-bin/confirmeph2.cgi
20260516T203532Z,2026-05-16T20:35:32.472903Z,20260516T203532Z_batch01,CEM26R2,2026-05-17T13:00:00Z,16 32 22.3,248.09291666666667,+15 15 53,15.264722222222222,142.7,20.6,0.72,255.6,Map/Offsets,https://cgi.minorplanetcenter.net/cgi-bin/confirmeph2.cgi
20260516T203532Z,2026-05-16T20:35:32.472903Z,20260516T203532Z_batch01,CEM26R2,2026-05-17T14:00:00Z,16 32 19.4,248.08083333333335,+15 15 42,15.261666666666667,142.7,20.6,0.72,255.5,Map/Offsets,https://cgi.minorplanetcenter.net/cgi-bin/confirmeph2.cgi
20260516T203532Z,2026-05-16T20:35:32.472903Z,20260516T203532Z_batch01,CEM26R2,2026-05-17T15:00:00Z,16 32 16.5,248.06875000000002,+15 15 32,15.258888888888889,142.8,20.6,0.72,255.5,Map/Offsets,https://cgi.minorplanetcenter.net/cgi-bin/confirmeph2.cgi
20260516T203532Z,2026-05-16T20:35:32.472903Z,20260516T203532Z_batch01,CEM26R2,2026-05-17T16:00:00Z,16 32 13.7,248.05708333333337,+15 15 21,15.255833333333333,142.8,20.6,0.72,255.4,Map/Offsets,https://cgi.minorplanetcenter.net/cgi-bin/confirmeph2.cgi
20260516T203532Z,2026-05-16T20:35:32.472903Z,20260516T203532Z_batch01,CEM26R2,2026-05-17T17:00:00Z,16 32 10.8,248.04500000000002,+15 15 10,15.252777777777778,142.8,20.6,0.72,255.4,Map/Offsets,https://cgi.minorplanetcenter.net/cgi-bin/confirmeph2.cgi
20260516T203532Z,2026-05-16T20:35:32.472903Z,20260516T203532Z_batch01,CEM26R2,2026-05-17T18:00:00Z,16 32 07.9,248.0329166666667,+15 14 59,15.249722222222221,142.8,20.6,0.72,255.3,Map/Offsets,https://cgi.minorplanetcenter.net/cgi-bin/confirmeph2.cgi
20260516T203532Z,2026-05-16T20:35:32.472903Z,20260516T203532Z_batch01,CEM26R2,2026-05-17T19:00:00Z,16 32 05.0,248.02083333333337,+15 14 48,15.246666666666666,142.8,20.6,0.72,255.3,Map/Offsets,https://cgi.minorplanetcenter.net/cgi-bin/confirmeph2.cgi
20260516T203532Z,2026-05-16T20:35:32.472903Z,20260516T203532Z_batch01,CEM1XD2,2026-05-16T19:00:00Z,14 27 34.6,216.89416666666665,+17 10 54,17.18166666666667,140.3,22.2,0.82,241.7,Map/Offsets,https://cgi.minorplanetcenter.net/cgi-bin/confirmeph2.cgi
20260516T203532Z,2026-05-16T20:35:32.472903Z,20260516T203532Z_batch01,CEM1XD2,2026-05-16T20:00:00Z,14 27 31.6,216.88166666666666,+17 10 31,17.17527777777778,140.3,22.2,0.82,241.7,Map/Offsets,https://cgi.minorplanetcenter.net/cgi-bin/confirmeph2.cgi
20260516T203532Z,2026-05-16T20:35:32.472903Z,20260516T203532Z_batch01,CEM1XD2,2026-05-16T21:00:00Z,14 27 28.6,216.86916666666664,+17 10 07,17.16861111111111,140.2,22.2,0.82,241.6,Map/Offsets,https://cgi.minorplanetcenter.net/cgi-bin/confirmeph2.cgi
20260516T203532Z,2026-05-16T20:35:32.472903Z,20260516T203532Z_batch01,CEM1XD2,2026-05-16T22:00:00Z,14 27 25.5,216.85625,+17 09 44,17.16222222222222,140.2,22.2,0.82,241.6,Map/Offsets,https://cgi.minorplanetcenter.net/cgi-bin/confirmeph2.cgi
20260516T203532Z,2026-05-16T20:35:32.472903Z,20260516T203532Z_batch01,CEM1XD2,2026-05-16T23:00:00Z,14 27 22.5,216.84374999999997,+17 09 20,17.155555555555555,140.2,22.2,0.82,241.5,Map/Offsets,https://cgi.minorplanetcenter.net/cgi-bin/confirmeph2.cgi
20260516T203532Z,2026-05-16T20:35:32.472903Z,20260516T203532Z_batch01,CEM1XD2,2026-05-17T00:00:00Z,14 27 19.5,216.83124999999998,+17 08 57,17.149166666666666,140.2,22.2,0.82,241.4,Map/Offsets,https://cgi.minorplanetcenter.net/cgi-bin/confirmeph2.cgi
20260516T203532Z,2026-05-16T20:35:32.472903Z,20260516T203532Z_batch01,CEM1XD2,2026-05-17T01:00:00Z,14 27 16.5,216.81874999999997,+17 08 33,17.1425,140.1,22.2,0.82,241.4,Map/Offsets,https://cgi.minorplanetcenter.net/cgi-bin/confirmeph2.cgi
20260516T203532Z,2026-05-16T20:35:32.472903Z,20260516T203532Z_batch01,CEM1XD2,2026-05-17T02:00:00Z,14 27 13.4,216.80583333333334,+17 08 10,17.13611111111111,140.1,22.2,0.82,241.3,Map/Offsets,https://cgi.minorplanetcenter.net/cgi-bin/confirmeph2.cgi
20260516T203532Z,2026-05-16T20:35:32.472903Z,20260516T203532Z_batch01,CEM1XD2,2026-05-17T03:00:00Z,14 27 10.4,216.79333333333332,+17 07 46,17.129444444444445,140.1,22.2,0.82,241.3,Map/Offsets,https://cgi.minorplanetcenter.net/cgi-bin/confirmeph2.cgi
20260516T203532Z,2026-05-16T20:35:32.472903Z,20260516T203532Z_batch01,CEM1XD2,2026-05-17T04:00:00Z,14 27 07.4,216.78083333333333,+17 07 22,17.122777777777777,140.1,22.2,0.82,241.2,Map/Offsets,https://cgi.minorplanetcenter.net/cgi-bin/confirmeph2.cgi
20260516T203532Z,2026-05-16T20:35:32.472903Z,20260516T203532Z_batch01,CEM1XD2,2026-05-17T05:00:00Z,14 27 04.4,216.76833333333332,+17 06 58,17.116111111111113,140.0,22.2,0.82,241.1,Map/Offsets,https://cgi.minorplanetcenter.net/cgi-bin/confirmeph2.cgi
20260516T203532Z,2026-05-16T20:35:32.472903Z,20260516T203532Z_batch01,CEM1XD2,2026-05-17T06:00:00Z,14 27 01.4,216.75583333333333,+17 06 35,17.109722222222224,140.0,22.2,0.82,241.1,Map/Offsets,https://cgi.minorplanetcenter.net/cgi-bin/confirmeph2.cgi
20260516T203532Z,2026-05-16T20:35:32.472903Z,20260516T203532Z_batch01,CEM1XD2,2026-05-17T07:00:00Z,14 26 58.4,216.74333333333334,+17 06 11,17.103055555555557,140.0,22.2,0.82,241.0,Map/Offsets,https://cgi.minorplanetcenter.net/cgi-bin/confirmeph2.cgi
20260516T203532Z,2026-05-16T20:35:32.472903Z,20260516T203532Z_batch01,CEM1XD2,2026-05-17T08:00:00Z,14 26 55.4,216.73083333333335,+17 05 47,17.09638888888889,140.0,22.2,0.82,241.0,Map/Offsets,https://cgi.minorplanetcenter.net/cgi-bin/confirmeph2.cgi
20260516T203532Z,2026-05-16T20:35:32.472903Z,20260516T203532Z_batch01,CEM1XD2,2026-05-17T09:00:00Z,14 26 52.4,216.71833333333333,+17 05 23,17.08972222222222,139.9,22.2,0.82,240.9,Map/Offsets,https://cgi.minorplanetcenter.net/cgi-bin/confirmeph2.cgi
20260516T203532Z,2026-05-16T20:35:32.472903Z,20260516T203532Z_batch01,CEM1XD2,2026-05-17T10:00:00Z,14 26 49.4,216.70583333333335,+17 04 59,17.083055555555557,139.9,22.2,0.82,240.8,Map/Offsets,https://cgi.minorplanetcenter.net/cgi-bin/confirmeph2.cgi
20260516T203532Z,2026-05-16T20:35:32.472903Z,20260516T203532Z_batch01,CEM1XD2,2026-05-17T11:00:00Z,14 26 46.4,216.69333333333333,+17 04 35,17.07638888888889,139.9,22.2,0.82,240.8,Map/Offsets,https://cgi.minorplanetcenter.net/cgi-bin/confirmeph2.cgi
20260516T203532Z,2026-05-16T20:35:32.472903Z,20260516T203532Z_batch01,CEM1XD2,2026-05-17T12:00:00Z,14 26 43.4,216.68083333333334,+17 04 11,17.06972222222222,139.9,22.2,0.82,240.7,Map/Offsets,https://cgi.minorplanetcenter.net/cgi-bin/confirmeph2.cgi
20260516T203532Z,2026-05-16T20:35:32.472903Z,20260516T203532Z_batch01,CEM1XD2,2026-05-17T13:00:00Z,14 26 40.4,216.66833333333335,+17 03 47,17.063055555555557,139.8,22.2,0.82,240.7,Map/Offsets,https://cgi.minorplanetcenter.net/cgi-bin/confirmeph2.cgi
20260516T203532Z,2026-05-16T20:35:32.472903Z,20260516T203532Z_batch01,CEM1XD2,2026-05-17T14:00:00Z,14 26 37.4,216.65583333333333,+17 03 23,17.05638888888889,139.8,22.2,0.82,240.6,Map/Offsets,https://cgi.minorplanetcenter.net/cgi-bin/confirmeph2.cgi
20260516T203532Z,2026-05-16T20:35:32.472903Z,20260516T203532Z_batch01,CEM1XD2,2026-05-17T15:00:00Z,14 26 34.4,216.64333333333335,+17 02 59,17.049722222222226,139.8,22.2,0.82,240.5,Map/Offsets,https://cgi.minorplanetcenter.net/cgi-bin/confirmeph2.cgi
20260516T203532Z,2026-05-16T20:35:32.472903Z,20260516T203532Z_batch01,CEM1XD2,2026-05-17T16:00:00Z,14 26 31.5,216.63125,+17 02 35,17.043055555555558,139.8,22.2,0.82,240.5,Map/Offsets,https://cgi.minorplanetcenter.net/cgi-bin/confirmeph2.cgi
20260516T203532Z,2026-05-16T20:35:32.472903Z,20260516T203532Z_batch01,CEM1XD2,2026-05-17T17:00:00Z,14 26 28.5,216.61875,+17 02 10,17.03611111111111,139.7,22.2,0.82,240.4,Map/Offsets,https://cgi.minorplanetcenter.net/cgi-bin/confirmeph2.cgi
20260516T203532Z,2026-05-16T20:35:32.472903Z,20260516T203532Z_batch01,CEM1XD2,2026-05-17T18:00:00Z,14 26 25.5,216.60625000000002,+17 01 46,17.029444444444444,139.7,22.2,0.82,240.4,Map/Offsets,https://cgi.minorplanetcenter.net/cgi-bin/confirmeph2.cgi
20260516T203532Z,2026-05-16T20:35:32.472903Z,20260516T203532Z_batch01,CEM1XD2,2026-05-17T19:00:00Z,14 26 22.5,216.59375,+17 01 22,17.022777777777776,139.7,22.2,0.82,240.3,Map/Offsets,https://cgi.minorplanetcenter.net/cgi-bin/confirmeph2.cgi
20260516T203532Z,2026-05-16T20:35:32.472903Z,20260516T203532Z_batch01,SO0005e,2026-05-16T19:00:00Z,00 16 25.9,4.107916666666666,+07 28 20,7.472222222222222,49.0,27.8,1.67,53.8,Map/Offsets   !,https://cgi.minorplanetcenter.net/cgi-bin/confirmeph2.cgi
20260516T203532Z,2026-05-16T20:35:32.472903Z,20260516T203532Z_batch01,SO0005e,2026-05-16T20:00:00Z,00 16 31.3,4.130416666666667,+07 29 19,7.488611111111111,49.0,27.8,1.64,53.9,Map/Offsets   !,https://cgi.minorplanetcenter.net/cgi-bin/confirmeph2.cgi
20260516T203532Z,2026-05-16T20:35:32.472903Z,20260516T203532Z_batch01,SO0005e,2026-05-16T21:00:00Z,00 16 36.6,4.1525,+07 30 17,7.504722222222222,49.1,27.8,1.62,53.9,Map/Offsets   !,https://cgi.minorplanetcenter.net/cgi-bin/confirmeph2.cgi
20260516T203532Z,2026-05-16T20:35:32.472903Z,20260516T203532Z_batch01,SO0005e,2026-05-16T22:00:00Z,00 16 41.9,4.174583333333333,+07 31 13,7.520277777777777,49.1,27.8,1.59,53.9,Map/Offsets   !,https://cgi.minorplanetcenter.net/cgi-bin/confirmeph2.cgi
20260516T203532Z,2026-05-16T20:35:32.472903Z,20260516T203532Z_batch01,SO0005e,2026-05-16T23:00:00Z,00 16 47.0,4.195833333333333,+07 32 09,7.535833333333334,49.1,27.8,1.57,53.9,Map/Offsets   !,https://cgi.minorplanetcenter.net/cgi-bin/confirmeph2.cgi
20260516T203532Z,2026-05-16T20:35:32.472903Z,20260516T203532Z_batch01,SO0005e,2026-05-17T00:00:00Z,00 16 52.1,4.217083333333333,+07 33 04,7.551111111111111,49.1,27.8,1.55,54.0,Map/Offsets   !,https://cgi.minorplanetcenter.net/cgi-bin/confirmeph2.cgi
20260516T203532Z,2026-05-16T20:35:32.472903Z,20260516T203532Z_batch01,SO0005e,2026-05-17T01:00:00Z,00 16 57.1,4.237916666666666,+07 33 58,7.566111111111111,49.1,27.9,1.52,54.0,Map/Offsets   !,https://cgi.minorplanetcenter.net/cgi-bin/confirmeph2.cgi
20260516T203532Z,2026-05-16T20:35:32.472903Z,20260516T203532Z_batch01,SO0005e,2026-05-17T02:00:00Z,00 17 02.1,4.25875,+07 34 52,7.5811111111111105,49.1,27.9,1.5,54.0,Map/Offsets   !,https://cgi.minorplanetcenter.net/cgi-bin/confirmeph2.cgi
20260516T203532Z,2026-05-16T20:35:32.472903Z,20260516T203532Z_batch01,SO0005e,2026-05-17T03:00:00Z,00 17 06.9,4.2787500000000005,+07 35 44,7.595555555555555,49.1,27.9,1.48,54.1,Map/Offsets   !,https://cgi.minorplanetcenter.net/cgi-bin/confirmeph2.cgi
20260516T203532Z,2026-05-16T20:35:32.472903Z,20260516T203532Z_batch01,SO0005e,2026-05-17T04:00:00Z,00 17 11.7,4.298749999999999,+07 36 36,7.609999999999999,49.2,27.9,1.46,54.1,Map/Offsets   !,https://cgi.minorplanetcenter.net/cgi-bin/confirmeph2.cgi
20260516T203532Z,2026-05-16T20:35:32.472903Z,20260516T203532Z_batch01,SO0005e,2026-05-17T05:00:00Z,00 17 16.4,4.318333333333333,+07 37 26,7.62388888888889,49.2,27.9,1.44,54.1,Map/Offsets   !,https://cgi.minorplanetcenter.net/cgi-bin/confirmeph2.cgi
20260516T203532Z,2026-05-16T20:35:32.472903Z,20260516T203532Z_batch01,SO0005e,2026-05-17T06:00:00Z,00 17 21.1,4.337916666666667,+07 38 17,7.638055555555555,49.2,27.9,1.41,54.2,Map/Offsets   !,https://cgi.minorplanetcenter.net/cgi-bin/confirmeph2.cgi
20260516T203532Z,2026-05-16T20:35:32.472903Z,20260516T203532Z_batch01,SO0005e,2026-05-17T07:00:00Z,00 17 25.7,4.357083333333334,+07 39 06,7.651666666666667,49.2,27.9,1.39,54.2,Map/Offsets   !,https://cgi.minorplanetcenter.net/cgi-bin/confirmeph2.cgi
20260516T203532Z,2026-05-16T20:35:32.472903Z,20260516T203532Z_batch01,SO0005e,2026-05-17T08:00:00Z,00 17 30.2,4.3758333333333335,+07 39 54,7.665,49.2,28.0,1.38,54.2,Map/Offsets   !,https://cgi.minorplanetcenter.net/cgi-bin/confirmeph2.cgi
20260516T203532Z,2026-05-16T20:35:32.472903Z,20260516T203532Z_batch01,SO0005e,2026-05-17T09:00:00Z,00 17 34.7,4.394583333333333,+07 40 42,7.678333333333334,49.2,28.0,1.36,54.3,Map/Offsets   !,https://cgi.minorplanetcenter.net/cgi-bin/confirmeph2.cgi
20260516T203532Z,2026-05-16T20:35:32.472903Z,20260516T203532Z_batch01,SO0005e,2026-05-17T10:00:00Z,00 17 39.1,4.412916666666666,+07 41 30,7.691666666666667,49.3,28.0,1.34,54.3,Map/Offsets   !,https://cgi.minorplanetcenter.net/cgi-bin/confirmeph2.cgi
20260516T203532Z,2026-05-16T20:35:32.472903Z,20260516T203532Z_batch01,SO0005e,2026-05-17T11:00:00Z,00 17 43.5,4.43125,+07 42 16,7.704444444444444,49.3,28.0,1.32,54.3,Map/Offsets   !,https://cgi.minorplanetcenter.net/cgi-bin/confirmeph2.cgi
20260516T203532Z,2026-05-16T20:35:32.472903Z,20260516T203532Z_batch01,SO0005e,2026-05-17T12:00:00Z,00 17 47.8,4.449166666666667,+07 43 02,7.717222222222222,49.3,28.0,1.3,54.4,Map/Offsets   !,https://cgi.minorplanetcenter.net/cgi-bin/confirmeph2.cgi
20260516T203532Z,2026-05-16T20:35:32.472903Z,20260516T203532Z_batch01,SO0005e,2026-05-17T13:00:00Z,00 17 52.0,4.466666666666666,+07 43 47,7.729722222222223,49.3,28.0,1.28,54.4,Map/Offsets   !,https://cgi.minorplanetcenter.net/cgi-bin/confirmeph2.cgi
20260516T203532Z,2026-05-16T20:35:32.472903Z,20260516T203532Z_batch01,SO0005e,2026-05-17T14:00:00Z,00 17 56.2,4.484166666666667,+07 44 32,7.742222222222222,49.3,28.0,1.27,54.4,Map/Offsets   !,https://cgi.minorplanetcenter.net/cgi-bin/confirmeph2.cgi
20260516T203532Z,2026-05-16T20:35:32.472903Z,20260516T203532Z_batch01,SO0005e,2026-05-17T15:00:00Z,00 18 00.3,4.50125,+07 45 16,7.754444444444444,49.4,28.0,1.25,54.5,Map/Offsets   !,https://cgi.minorplanetcenter.net/cgi-bin/confirmeph2.cgi
20260516T203532Z,2026-05-16T20:35:32.472903Z,20260516T203532Z_batch01,SO0005e,2026-05-17T16:00:00Z,00 18 04.4,4.5183333333333335,+07 45 59,7.766388888888889,49.4,28.1,1.24,54.5,Map/Offsets   !,https://cgi.minorplanetcenter.net/cgi-bin/confirmeph2.cgi
20260516T203532Z,2026-05-16T20:35:32.472903Z,20260516T203532Z_batch01,SO0005e,2026-05-17T17:00:00Z,00 18 08.5,4.535416666666666,+07 46 42,7.778333333333333,49.4,28.1,1.22,54.5,Map/Offsets   !,https://cgi.minorplanetcenter.net/cgi-bin/confirmeph2.cgi
20260516T203532Z,2026-05-16T20:35:32.472903Z,20260516T203532Z_batch01,SO0005e,2026-05-17T18:00:00Z,00 18 12.4,4.551666666666666,+07 47 24,7.79,49.4,28.1,1.2,54.6,Map/Offsets   !,https://cgi.minorplanetcenter.net/cgi-bin/confirmeph2.cgi
20260516T203532Z,2026-05-16T20:35:32.472903Z,20260516T203532Z_batch01,SO0005e,2026-05-17T19:00:00Z,00 18 16.4,4.5683333333333325,+07 48 06,7.801666666666667,49.4,28.1,1.19,54.6,Map/Offsets   !,https://cgi.minorplanetcenter.net/cgi-bin/confirmeph2.cgi
20260516T203532Z,2026-05-16T20:35:32.472903Z,20260516T203532Z_batch01,SO0005d,2026-05-16T19:00:00Z,19 13 19.2,288.33,-23 53 44,-23.895555555555553,128.8,22.7,2.5,64.3,Map/Offsets   !,https://cgi.minorplanetcenter.net/cgi-bin/confirmeph2.cgi
20260516T203532Z,2026-05-16T20:35:32.472903Z,20260516T203532Z_batch01,SO0005d,2026-05-16T20:00:00Z,19 13 28.9,288.37041666666664,-23 52 39,-23.8775,128.8,22.7,2.46,64.2,Map/Offsets   !,https://cgi.minorplanetcenter.net/cgi-bin/confirmeph2.cgi
20260516T203532Z,2026-05-16T20:35:32.472903Z,20260516T203532Z_batch01,SO0005d,2026-05-16T21:00:00Z,19 13 38.5,288.4104166666666,-23 51 36,-23.860000000000003,128.8,22.7,2.42,64.2,Map/Offsets   !,https://cgi.minorplanetcenter.net/cgi-bin/confirmeph2.cgi
20260516T203532Z,2026-05-16T20:35:32.472903Z,20260516T203532Z_batch01,SO0005d,2026-05-16T22:00:00Z,19 13 48.0,288.44999999999993,-23 50 33,-23.842499999999998,128.8,22.7,2.38,64.2,Map/Offsets   !,https://cgi.minorplanetcenter.net/cgi-bin/confirmeph2.cgi
20260516T203532Z,2026-05-16T20:35:32.472903Z,20260516T203532Z_batch01,SO0005d,2026-05-16T23:00:00Z,19 13 57.3,288.48875,-23 49 31,-23.825277777777778,128.8,22.7,2.34,64.1,Map/Offsets   !,https://cgi.minorplanetcenter.net/cgi-bin/confirmeph2.cgi
20260516T203532Z,2026-05-16T20:35:32.472903Z,20260516T203532Z_batch01,SO0005d,2026-05-17T00:00:00Z,19 14 06.4,288.5266666666667,-23 48 30,-23.808333333333334,128.8,22.8,2.3,64.1,Map/Offsets   !,https://cgi.minorplanetcenter.net/cgi-bin/confirmeph2.cgi
20260516T203532Z,2026-05-16T20:35:32.472903Z,20260516T203532Z_batch01,SO0005d,2026-05-17T01:00:00Z,19 14 15.4,288.56416666666667,-23 47 30,-23.791666666666668,128.8,22.8,2.27,64.1,Map/Offsets   !,https://cgi.minorplanetcenter.net/cgi-bin/confirmeph2.cgi
20260516T203532Z,2026-05-16T20:35:32.472903Z,20260516T203532Z_batch01,SO0005d,2026-05-17T02:00:00Z,19 14 24.2,288.60083333333336,-23 46 31,-23.775277777777777,128.8,22.8,2.23,64.0,Map/Offsets   !,https://cgi.minorplanetcenter.net/cgi-bin/confirmeph2.cgi
20260516T203532Z,2026-05-16T20:35:32.472903Z,20260516T203532Z_batch01,SO0005d,2026-05-17T03:00:00Z,19 14 32.9,288.63708333333335,-23 45 33,-23.759166666666665,128.9,22.8,2.2,64.0,Map/Offsets   !,https://cgi.minorplanetcenter.net/cgi-bin/confirmeph2.cgi
20260516T203532Z,2026-05-16T20:35:32.472903Z,20260516T203532Z_batch01,SO0005d,2026-05-17T04:00:00Z,19 14 41.5,288.6729166666667,-23 44 36,-23.743333333333336,128.9,22.8,2.16,63.9,Map/Offsets   !,https://cgi.minorplanetcenter.net/cgi-bin/confirmeph2.cgi
20260516T203532Z,2026-05-16T20:35:32.472903Z,20260516T203532Z_batch01,SO0005d,2026-05-17T05:00:00Z,19 14 49.9,288.7079166666667,-23 43 39,-23.7275,128.9,22.8,2.13,63.9,Map/Offsets   !,https://cgi.minorplanetcenter.net/cgi-bin/confirmeph2.cgi
20260516T203532Z,2026-05-16T20:35:32.472903Z,20260516T203532Z_batch01,SO0005d,2026-05-17T06:00:00Z,19 14 58.2,288.7425,-23 42 43,-23.711944444444445,128.9,22.8,2.1,63.9,Map/Offsets   !,https://cgi.minorplanetcenter.net/cgi-bin/confirmeph2.cgi
20260516T203532Z,2026-05-16T20:35:32.472903Z,20260516T203532Z_batch01,SO0005d,2026-05-17T07:00:00Z,19 15 06.4,288.7766666666667,-23 41 48,-23.696666666666665,128.9,22.9,2.07,63.8,Map/Offsets   !,https://cgi.minorplanetcenter.net/cgi-bin/confirmeph2.cgi
20260516T203532Z,2026-05-16T20:35:32.472903Z,20260516T203532Z_batch01,SO0005d,2026-05-17T08:00:00Z,19 15 14.4,288.81,-23 40 54,-23.68166666666667,128.9,22.9,2.03,63.8,Map/Offsets   !,https://cgi.minorplanetcenter.net/cgi-bin/confirmeph2.cgi
20260516T203532Z,2026-05-16T20:35:32.472903Z,20260516T203532Z_batch01,SO0005d,2026-05-17T09:00:00Z,19 15 22.3,288.84291666666667,-23 40 00,-23.666666666666668,128.9,22.9,2.0,63.8,Map/Offsets   !,https://cgi.minorplanetcenter.net/cgi-bin/confirmeph2.cgi
20260516T203532Z,2026-05-16T20:35:32.472903Z,20260516T203532Z_batch01,SO0005d,2026-05-17T10:00:00Z,19 15 30.1,288.87541666666664,-23 39 08,-23.65222222222222,128.9,22.9,1.97,63.7,Map/Offsets   !,https://cgi.minorplanetcenter.net/cgi-bin/confirmeph2.cgi
20260516T203532Z,2026-05-16T20:35:32.472903Z,20260516T203532Z_batch01,SO0005d,2026-05-17T11:00:00Z,19 15 37.8,288.9075,-23 38 16,-23.637777777777778,128.9,22.9,1.94,63.7,Map/Offsets   !,https://cgi.minorplanetcenter.net/cgi-bin/confirmeph2.cgi
20260516T203532Z,2026-05-16T20:35:32.472903Z,20260516T203532Z_batch01,SO0005d,2026-05-17T12:00:00Z,19 15 45.3,288.93874999999997,-23 37 24,-23.623333333333335,128.9,22.9,1.91,63.6,Map/Offsets   !,https://cgi.minorplanetcenter.net/cgi-bin/confirmeph2.cgi
20260516T203532Z,2026-05-16T20:35:32.472903Z,20260516T203532Z_batch01,SO0005d,2026-05-17T13:00:00Z,19 15 52.8,288.97,-23 36 33,-23.609166666666667,128.9,23.0,1.89,63.6,Map/Offsets   !,https://cgi.minorplanetcenter.net/cgi-bin/confirmeph2.cgi
20260516T203532Z,2026-05-16T20:35:32.472903Z,20260516T203532Z_batch01,SO0005d,2026-05-17T14:00:00Z,19 16 00.1,289.00041666666664,-23 35 43,-23.595277777777778,128.9,23.0,1.86,63.6,Map/Offsets   !,https://cgi.minorplanetcenter.net/cgi-bin/confirmeph2.cgi
20260516T203532Z,2026-05-16T20:35:32.472903Z,20260516T203532Z_batch01,SO0005d,2026-05-17T15:00:00Z,19 16 07.3,289.0304166666666,-23 34 54,-23.581666666666667,129.0,23.0,1.83,63.5,Map/Offsets   !,https://cgi.minorplanetcenter.net/cgi-bin/confirmeph2.cgi
20260516T203532Z,2026-05-16T20:35:32.472903Z,20260516T203532Z_batch01,SO0005d,2026-05-17T16:00:00Z,19 16 14.4,289.06,-23 34 05,-23.568055555555556,129.0,23.0,1.8,63.5,Map/Offsets   !,https://cgi.minorplanetcenter.net/cgi-bin/confirmeph2.cgi
20260516T203532Z,2026-05-16T20:35:32.472903Z,20260516T203532Z_batch01,SO0005d,2026-05-17T17:00:00Z,19 16 21.4,289.08916666666664,-23 33 17,-23.554722222222225,129.0,23.0,1.78,63.4,Map/Offsets   !,https://cgi.minorplanetcenter.net/cgi-bin/confirmeph2.cgi
20260516T203532Z,2026-05-16T20:35:32.472903Z,20260516T203532Z_batch01,SO0005d,2026-05-17T18:00:00Z,19 16 28.3,289.11791666666664,-23 32 30,-23.541666666666668,129.0,23.0,1.75,63.4,Map/Offsets   !,https://cgi.minorplanetcenter.net/cgi-bin/confirmeph2.cgi
20260516T203532Z,2026-05-16T20:35:32.472903Z,20260516T203532Z_batch01,SO0005d,2026-05-17T19:00:00Z,19 16 35.1,289.14625,-23 31 43,-23.52861111111111,129.0,23.0,1.73,63.4,Map/Offsets   !,https://cgi.minorplanetcenter.net/cgi-bin/confirmeph2.cgi
20260516T203532Z,2026-05-16T20:35:32.472903Z,20260516T203532Z_batch01,SO0005c,2026-05-16T19:00:00Z,23 02 41.8,345.6741666666667,-27 26 02,-27.433888888888887,80.3,24.7,4.25,64.7,Map/Offsets   !,https://cgi.minorplanetcenter.net/cgi-bin/confirmeph2.cgi
20260516T203532Z,2026-05-16T20:35:32.472903Z,20260516T203532Z_batch01,SO0005c,2026-05-16T20:00:00Z,23 02 59.0,345.7458333333334,-27 24 14,-27.403888888888886,80.2,24.7,4.18,64.7,Map/Offsets   !,https://cgi.minorplanetcenter.net/cgi-bin/confirmeph2.cgi
20260516T203532Z,2026-05-16T20:35:32.472903Z,20260516T203532Z_batch01,SO0005c,2026-05-16T21:00:00Z,23 03 15.9,345.81625,-27 22 27,-27.374166666666667,80.2,24.8,4.11,64.6,Map/Offsets   !,https://cgi.minorplanetcenter.net/cgi-bin/confirmeph2.cgi
20260516T203532Z,2026-05-16T20:35:32.472903Z,20260516T203532Z_batch01,SO0005c,2026-05-16T22:00:00Z,23 03 32.5,345.8854166666667,-27 20 42,-27.345,80.2,24.8,4.05,64.6,Map/Offsets   !,https://cgi.minorplanetcenter.net/cgi-bin/confirmeph2.cgi
20260516T203532Z,2026-05-16T20:35:32.472903Z,20260516T203532Z_batch01,SO0005c,2026-05-16T23:00:00Z,23 03 48.8,345.9533333333333,-27 18 59,-27.31638888888889,80.1,24.8,3.98,64.6,Map/Offsets   !,https://cgi.minorplanetcenter.net/cgi-bin/confirmeph2.cgi
20260516T203532Z,2026-05-16T20:35:32.472903Z,20260516T203532Z_batch01,SO0005c,2026-05-17T00:00:00Z,23 04 04.9,346.0204166666667,-27 17 17,-27.28805555555556,80.1,24.8,3.92,64.5,Map/Offsets   !,https://cgi.minorplanetcenter.net/cgi-bin/confirmeph2.cgi
20260516T203532Z,2026-05-16T20:35:32.472903Z,20260516T203532Z_batch01,SO0005c,2026-05-17T01:00:00Z,23 04 20.7,346.08625,-27 15 37,-27.260277777777777,80.1,24.8,3.86,64.5,Map/Offsets   !,https://cgi.minorplanetcenter.net/cgi-bin/confirmeph2.cgi
20260516T203532Z,2026-05-16T20:35:32.472903Z,20260516T203532Z_batch01,SO0005c,2026-05-17T02:00:00Z,23 04 36.2,346.15083333333337,-27 13 58,-27.232777777777777,80.1,24.8,3.8,64.5,Map/Offsets   !,https://cgi.minorplanetcenter.net/cgi-bin/confirmeph2.cgi
20260516T203532Z,2026-05-16T20:35:32.472903Z,20260516T203532Z_batch01,SO0005c,2026-05-17T03:00:00Z,23 04 51.5,346.21458333333334,-27 12 20,-27.205555555555556,80.0,24.9,3.74,64.4,Map/Offsets   !,https://cgi.minorplanetcenter.net/cgi-bin/confirmeph2.cgi
20260516T203532Z,2026-05-16T20:35:32.472903Z,20260516T203532Z_batch01,SO0005c,2026-05-17T04:00:00Z,23 05 06.6,346.2775,-27 10 44,-27.17888888888889,80.0,24.9,3.68,64.4,Map/Offsets   !,https://cgi.minorplanetcenter.net/cgi-bin/confirmeph2.cgi
20260516T203532Z,2026-05-16T20:35:32.472903Z,20260516T203532Z_batch01,SO0005c,2026-05-17T05:00:00Z,23 05 21.4,346.33916666666664,-27 09 09,-27.1525,80.0,24.9,3.63,64.4,Map/Offsets   !,https://cgi.minorplanetcenter.net/cgi-bin/confirmeph2.cgi
20260516T203532Z,2026-05-16T20:35:32.472903Z,20260516T203532Z_batch01,SO0005c,2026-05-17T06:00:00Z,23 05 36.0,346.4,-27 07 36,-27.12666666666667,80.0,24.9,3.57,64.4,Map/Offsets   !,https://cgi.minorplanetcenter.net/cgi-bin/confirmeph2.cgi
20260516T203532Z,2026-05-16T20:35:32.472903Z,20260516T203532Z_batch01,SO0005c,2026-05-17T07:00:00Z,23 05 50.4,346.46,-27 06 04,-27.101111111111113,79.9,24.9,3.52,64.3,Map/Offsets   !,https://cgi.minorplanetcenter.net/cgi-bin/confirmeph2.cgi
20260516T203532Z,2026-05-16T20:35:32.472903Z,20260516T203532Z_batch01,SO0005c,2026-05-17T08:00:00Z,23 06 04.5,346.51875,-27 04 33,-27.075833333333332,79.9,24.9,3.47,64.3,Map/Offsets   !,https://cgi.minorplanetcenter.net/cgi-bin/confirmeph2.cgi
20260516T203532Z,2026-05-16T20:35:32.472903Z,20260516T203532Z_batch01,SO0005c,2026-05-17T09:00:00Z,23 06 18.4,346.5766666666667,-27 03 04,-27.051111111111112,79.9,25.0,3.41,64.3,Map/Offsets   !,https://cgi.minorplanetcenter.net/cgi-bin/confirmeph2.cgi
20260516T203532Z,2026-05-16T20:35:32.472903Z,20260516T203532Z_batch01,SO0005c,2026-05-17T10:00:00Z,23 06 32.1,346.63375,-27 01 35,-27.02638888888889,79.9,25.0,3.36,64.3,Map/Offsets   !,https://cgi.minorplanetcenter.net/cgi-bin/confirmeph2.cgi
20260516T203532Z,2026-05-16T20:35:32.472903Z,20260516T203532Z_batch01,SO0005c,2026-05-17T11:00:00Z,23 06 45.6,346.69000000000005,-27 00 08,-27.002222222222223,79.9,25.0,3.32,64.2,Map/Offsets   !,https://cgi.minorplanetcenter.net/cgi-bin/confirmeph2.cgi
20260516T203532Z,2026-05-16T20:35:32.472903Z,20260516T203532Z_batch01,SO0005c,2026-05-17T12:00:00Z,23 06 58.9,346.74541666666664,-26 58 42,-26.97833333333333,79.9,25.0,3.27,64.2,Map/Offsets   !,https://cgi.minorplanetcenter.net/cgi-bin/confirmeph2.cgi
20260516T203532Z,2026-05-16T20:35:32.472903Z,20260516T203532Z_batch01,SO0005c,2026-05-17T13:00:00Z,23 07 12.0,346.8,-26 57 18,-26.955,79.8,25.0,3.22,64.2,Map/Offsets   !,https://cgi.minorplanetcenter.net/cgi-bin/confirmeph2.cgi
20260516T203532Z,2026-05-16T20:35:32.472903Z,20260516T203532Z_batch01,SO0005c,2026-05-17T14:00:00Z,23 07 24.9,346.85375,-26 55 54,-26.93166666666667,79.8,25.0,3.17,64.2,Map/Offsets   !,https://cgi.minorplanetcenter.net/cgi-bin/confirmeph2.cgi
20260516T203532Z,2026-05-16T20:35:32.472903Z,20260516T203532Z_batch01,SO0005c,2026-05-17T15:00:00Z,23 07 37.7,346.90708333333333,-26 54 32,-26.90888888888889,79.8,25.1,3.13,64.1,Map/Offsets   !,https://cgi.minorplanetcenter.net/cgi-bin/confirmeph2.cgi
20260516T203532Z,2026-05-16T20:35:32.472903Z,20260516T203532Z_batch01,SO0005c,2026-05-17T16:00:00Z,23 07 50.2,346.95916666666665,-26 53 10,-26.88611111111111,79.8,25.1,3.09,64.1,Map/Offsets   !,https://cgi.minorplanetcenter.net/cgi-bin/confirmeph2.cgi
20260516T203532Z,2026-05-16T20:35:32.472903Z,20260516T203532Z_batch01,SO0005c,2026-05-17T17:00:00Z,23 08 02.6,347.0108333333333,-26 51 50,-26.86388888888889,79.8,25.1,3.04,64.1,Map/Offsets   !,https://cgi.minorplanetcenter.net/cgi-bin/confirmeph2.cgi
20260516T203532Z,2026-05-16T20:35:32.472903Z,20260516T203532Z_batch01,SO0005c,2026-05-17T18:00:00Z,23 08 14.8,347.06166666666667,-26 50 31,-26.841944444444444,79.8,25.1,3.0,64.1,Map/Offsets   !,https://cgi.minorplanetcenter.net/cgi-bin/confirmeph2.cgi
20260516T203532Z,2026-05-16T20:35:32.472903Z,20260516T203532Z_batch01,SO0005c,2026-05-17T19:00:00Z,23 08 26.8,347.1116666666667,-26 49 12,-26.82,79.8,25.1,2.96,64.0,Map/Offsets   !,https://cgi.minorplanetcenter.net/cgi-bin/confirmeph2.cgi
20260516T203532Z,2026-05-16T20:35:32.472903Z,20260516T203532Z_batch01,SO0005b,2026-05-16T19:00:00Z,23 00 30.1,345.12541666666664,-07 49 58,-7.832777777777777,72.3,23.3,2.23,54.9,Map/Offsets   !,https://cgi.minorplanetcenter.net/cgi-bin/confirmeph2.cgi
20260516T203532Z,2026-05-16T20:35:32.472903Z,20260516T203532Z_batch01,SO0005b,2026-05-16T20:00:00Z,23 00 37.4,345.15583333333336,-07 48 41,-7.811388888888889,72.3,23.3,2.2,54.9,Map/Offsets   !,https://cgi.minorplanetcenter.net/cgi-bin/confirmeph2.cgi
20260516T203532Z,2026-05-16T20:35:32.472903Z,20260516T203532Z_batch01,SO0005b,2026-05-16T21:00:00Z,23 00 44.6,345.18583333333333,-07 47 26,-7.790555555555556,72.3,23.3,2.17,54.9,Map/Offsets   !,https://cgi.minorplanetcenter.net/cgi-bin/confirmeph2.cgi
20260516T203532Z,2026-05-16T20:35:32.472903Z,20260516T203532Z_batch01,SO0005b,2026-05-16T22:00:00Z,23 00 51.7,345.21541666666667,-07 46 12,-7.77,72.3,23.4,2.13,54.9,Map/Offsets   !,https://cgi.minorplanetcenter.net/cgi-bin/confirmeph2.cgi
20260516T203532Z,2026-05-16T20:35:32.472903Z,20260516T203532Z_batch01,SO0005b,2026-05-16T23:00:00Z,23 00 58.7,345.2445833333333,-07 44 59,-7.749722222222222,72.3,23.4,2.1,54.9,Map/Offsets   !,https://cgi.minorplanetcenter.net/cgi-bin/confirmeph2.cgi
20260516T203532Z,2026-05-16T20:35:32.472903Z,20260516T203532Z_batch01,SO0005b,2026-05-17T00:00:00Z,23 01 05.6,345.2733333333333,-07 43 47,-7.729722222222223,72.3,23.4,2.07,54.9,Map/Offsets   !,https://cgi.minorplanetcenter.net/cgi-bin/confirmeph2.cgi
20260516T203532Z,2026-05-16T20:35:32.472903Z,20260516T203532Z_batch01,SO0005b,2026-05-17T01:00:00Z,23 01 12.4,345.3016666666666,-07 42 36,-7.71,72.3,23.4,2.04,54.9,Map/Offsets   !,https://cgi.minorplanetcenter.net/cgi-bin/confirmeph2.cgi
20260516T203532Z,2026-05-16T20:35:32.472903Z,20260516T203532Z_batch01,SO0005b,2026-05-17T02:00:00Z,23 01 19.1,345.3295833333333,-07 41 26,-7.690555555555556,72.3,23.4,2.01,54.9,Map/Offsets   !,https://cgi.minorplanetcenter.net/cgi-bin/confirmeph2.cgi
20260516T203532Z,2026-05-16T20:35:32.472903Z,20260516T203532Z_batch01,SO0005b,2026-05-17T03:00:00Z,23 01 25.7,345.3570833333333,-07 40 18,-7.671666666666667,72.3,23.4,1.98,54.9,Map/Offsets   !,https://cgi.minorplanetcenter.net/cgi-bin/confirmeph2.cgi
20260516T203532Z,2026-05-16T20:35:32.472903Z,20260516T203532Z_batch01,SO0005b,2026-05-17T04:00:00Z,23 01 32.2,345.38416666666666,-07 39 10,-7.652777777777779,72.3,23.4,1.95,54.9,Map/Offsets   !,https://cgi.minorplanetcenter.net/cgi-bin/confirmeph2.cgi
20260516T203532Z,2026-05-16T20:35:32.472903Z,20260516T203532Z_batch01,SO0005b,2026-05-17T05:00:00Z,23 01 38.6,345.4108333333333,-07 38 03,-7.634166666666666,72.3,23.5,1.92,54.9,Map/Offsets   !,https://cgi.minorplanetcenter.net/cgi-bin/confirmeph2.cgi
20260516T203532Z,2026-05-16T20:35:32.472903Z,20260516T203532Z_batch01,SO0005b,2026-05-17T06:00:00Z,23 01 44.9,345.4370833333333,-07 36 57,-7.615833333333333,72.4,23.5,1.9,54.9,Map/Offsets   !,https://cgi.minorplanetcenter.net/cgi-bin/confirmeph2.cgi
20260516T203532Z,2026-05-16T20:35:32.472903Z,20260516T203532Z_batch01,SO0005b,2026-05-17T07:00:00Z,23 01 51.1,345.4629166666667,-07 35 52,-7.597777777777777,72.4,23.5,1.87,55.0,Map/Offsets   !,https://cgi.minorplanetcenter.net/cgi-bin/confirmeph2.cgi
20260516T203532Z,2026-05-16T20:35:32.472903Z,20260516T203532Z_batch01,SO0005b,2026-05-17T08:00:00Z,23 01 57.2,345.4883333333333,-07 34 49,-7.580277777777778,72.4,23.5,1.84,55.0,Map/Offsets   !,https://cgi.minorplanetcenter.net/cgi-bin/confirmeph2.cgi
20260516T203532Z,2026-05-16T20:35:32.472903Z,20260516T203532Z_batch01,SO0005b,2026-05-17T09:00:00Z,23 02 03.3,345.51375,-07 33 46,-7.562777777777778,72.4,23.5,1.82,55.0,Map/Offsets   !,https://cgi.minorplanetcenter.net/cgi-bin/confirmeph2.cgi
20260516T203532Z,2026-05-16T20:35:32.472903Z,20260516T203532Z_batch01,SO0005b,2026-05-17T10:00:00Z,23 02 09.2,345.53833333333336,-07 32 43,-7.545277777777778,72.4,23.5,1.79,55.0,Map/Offsets   !,https://cgi.minorplanetcenter.net/cgi-bin/confirmeph2.cgi
20260516T203532Z,2026-05-16T20:35:32.472903Z,20260516T203532Z_batch01,SO0005b,2026-05-17T11:00:00Z,23 02 15.1,345.5629166666667,-07 31 42,-7.528333333333333,72.4,23.5,1.77,55.0,Map/Offsets   !,https://cgi.minorplanetcenter.net/cgi-bin/confirmeph2.cgi
20260516T203532Z,2026-05-16T20:35:32.472903Z,20260516T203532Z_batch01,SO0005b,2026-05-17T12:00:00Z,23 02 20.9,345.58708333333334,-07 30 42,-7.511666666666667,72.4,23.6,1.74,55.0,Map/Offsets   !,https://cgi.minorplanetcenter.net/cgi-bin/confirmeph2.cgi
20260516T203532Z,2026-05-16T20:35:32.472903Z,20260516T203532Z_batch01,SO0005b,2026-05-17T13:00:00Z,23 02 26.6,345.6108333333334,-07 29 42,-7.495,72.4,23.6,1.72,55.0,Map/Offsets   !,https://cgi.minorplanetcenter.net/cgi-bin/confirmeph2.cgi
20260516T203532Z,2026-05-16T20:35:32.472903Z,20260516T203532Z_batch01,SO0005b,2026-05-17T14:00:00Z,23 02 32.3,345.63458333333335,-07 28 43,-7.478611111111111,72.4,23.6,1.7,55.0,Map/Offsets   !,https://cgi.minorplanetcenter.net/cgi-bin/confirmeph2.cgi
20260516T203532Z,2026-05-16T20:35:32.472903Z,20260516T203532Z_batch01,SO0005b,2026-05-17T15:00:00Z,23 02 37.8,345.6575,-07 27 45,-7.4625,72.5,23.6,1.67,55.0,Map/Offsets   !,https://cgi.minorplanetcenter.net/cgi-bin/confirmeph2.cgi
20260516T203532Z,2026-05-16T20:35:32.472903Z,20260516T203532Z_batch01,SO0005b,2026-05-17T16:00:00Z,23 02 43.3,345.6804166666667,-07 26 48,-7.446666666666667,72.5,23.6,1.65,55.0,Map/Offsets   !,https://cgi.minorplanetcenter.net/cgi-bin/confirmeph2.cgi
20260516T203532Z,2026-05-16T20:35:32.472903Z,20260516T203532Z_batch01,SO0005b,2026-05-17T17:00:00Z,23 02 48.8,345.7033333333334,-07 25 51,-7.430833333333334,72.5,23.6,1.63,55.0,Map/Offsets   !,https://cgi.minorplanetcenter.net/cgi-bin/confirmeph2.cgi
20260516T203532Z,2026-05-16T20:35:32.472903Z,20260516T203532Z_batch01,SO0005b,2026-05-17T18:00:00Z,23 02 54.1,345.7254166666667,-07 24 56,-7.415555555555556,72.5,23.6,1.61,55.0,Map/Offsets   !,https://cgi.minorplanetcenter.net/cgi-bin/confirmeph2.cgi
20260516T203532Z,2026-05-16T20:35:32.472903Z,20260516T203532Z_batch01,SO0005b,2026-05-17T19:00:00Z,23 02 59.4,345.74750000000006,-07 24 01,-7.400277777777778,72.5,23.7,1.59,55.0,Map/Offsets   !,https://cgi.minorplanetcenter.net/cgi-bin/confirmeph2.cgi
20260516T203532Z,2026-05-16T20:35:32.472903Z,20260516T203532Z_batch01,S001563,2026-05-16T19:00:00Z,12 58 53.6,194.72333333333333,-27 10 21,-27.1725,143.9,21.6,0.12,208.4,Map/Offsets,https://cgi.minorplanetcenter.net/cgi-bin/confirmeph2.cgi
20260516T203532Z,2026-05-16T20:35:32.472903Z,20260516T203532Z_batch01,S001563,2026-05-16T20:00:00Z,12 58 53.3,194.72208333333333,-27 10 27,-27.174166666666668,143.8,21.6,0.12,208.1,Map/Offsets,https://cgi.minorplanetcenter.net/cgi-bin/confirmeph2.cgi
20260516T203532Z,2026-05-16T20:35:32.472903Z,20260516T203532Z_batch01,S001563,2026-05-16T21:00:00Z,12 58 53.1,194.72125,-27 10 34,-27.176111111111112,143.8,21.6,0.12,207.9,Map/Offsets,https://cgi.minorplanetcenter.net/cgi-bin/confirmeph2.cgi
20260516T203532Z,2026-05-16T20:35:32.472903Z,20260516T203532Z_batch01,S001563,2026-05-16T22:00:00Z,12 58 52.8,194.72,-27 10 40,-27.17777777777778,143.8,21.6,0.12,207.6,Map/Offsets,https://cgi.minorplanetcenter.net/cgi-bin/confirmeph2.cgi
20260516T203532Z,2026-05-16T20:35:32.472903Z,20260516T203532Z_batch01,S001563,2026-05-16T23:00:00Z,12 58 52.5,194.71875,-27 10 47,-27.179722222222225,143.7,21.6,0.12,207.3,Map/Offsets,https://cgi.minorplanetcenter.net/cgi-bin/confirmeph2.cgi
20260516T203532Z,2026-05-16T20:35:32.472903Z,20260516T203532Z_batch01,S001563,2026-05-17T00:00:00Z,12 58 52.3,194.71791666666667,-27 10 53,-27.18138888888889,143.7,21.6,0.12,207.0,Map/Offsets,https://cgi.minorplanetcenter.net/cgi-bin/confirmeph2.cgi
20260516T203532Z,2026-05-16T20:35:32.472903Z,20260516T203532Z_batch01,S001563,2026-05-17T01:00:00Z,12 58 52.1,194.71708333333333,-27 11 00,-27.183333333333334,143.6,21.6,0.12,206.8,Map/Offsets,https://cgi.minorplanetcenter.net/cgi-bin/confirmeph2.cgi
20260516T203532Z,2026-05-16T20:35:32.472903Z,20260516T203532Z_batch01,S001563,2026-05-17T02:00:00Z,12 58 51.8,194.71583333333334,-27 11 06,-27.185,143.6,21.6,0.12,206.5,Map/Offsets,https://cgi.minorplanetcenter.net/cgi-bin/confirmeph2.cgi
20260516T203532Z,2026-05-16T20:35:32.472903Z,20260516T203532Z_batch01,S001563,2026-05-17T03:00:00Z,12 58 51.6,194.715,-27 11 13,-27.186944444444446,143.6,21.6,0.12,206.2,Map/Offsets,https://cgi.minorplanetcenter.net/cgi-bin/confirmeph2.cgi
20260516T203532Z,2026-05-16T20:35:32.472903Z,20260516T203532Z_batch01,S001563,2026-05-17T04:00:00Z,12 58 51.3,194.71375,-27 11 19,-27.18861111111111,143.5,21.6,0.12,205.9,Map/Offsets,https://cgi.minorplanetcenter.net/cgi-bin/confirmeph2.cgi
20260516T203532Z,2026-05-16T20:35:32.472903Z,20260516T203532Z_batch01,S001563,2026-05-17T05:00:00Z,12 58 51.1,194.71291666666667,-27 11 26,-27.190555555555555,143.5,21.7,0.12,205.7,Map/Offsets,https://cgi.minorplanetcenter.net/cgi-bin/confirmeph2.cgi
20260516T203532Z,2026-05-16T20:35:32.472903Z,20260516T203532Z_batch01,S001563,2026-05-17T06:00:00Z,12 58 50.9,194.71208333333334,-27 11 32,-27.192222222222224,143.5,21.7,0.12,205.4,Map/Offsets,https://cgi.minorplanetcenter.net/cgi-bin/confirmeph2.cgi
20260516T203532Z,2026-05-16T20:35:32.472903Z,20260516T203532Z_batch01,S001563,2026-05-17T07:00:00Z,12 58 50.6,194.71083333333334,-27 11 39,-27.194166666666668,143.4,21.7,0.12,205.1,Map/Offsets,https://cgi.minorplanetcenter.net/cgi-bin/confirmeph2.cgi
20260516T203532Z,2026-05-16T20:35:32.472903Z,20260516T203532Z_batch01,S001563,2026-05-17T08:00:00Z,12 58 50.4,194.70999999999998,-27 11 45,-27.195833333333333,143.4,21.7,0.12,204.8,Map/Offsets,https://cgi.minorplanetcenter.net/cgi-bin/confirmeph2.cgi
20260516T203532Z,2026-05-16T20:35:32.472903Z,20260516T203532Z_batch01,S001563,2026-05-17T09:00:00Z,12 58 50.2,194.70916666666668,-27 11 52,-27.197777777777777,143.4,21.7,0.12,204.5,Map/Offsets,https://cgi.minorplanetcenter.net/cgi-bin/confirmeph2.cgi
20260516T203532Z,2026-05-16T20:35:32.472903Z,20260516T203532Z_batch01,S001563,2026-05-17T10:00:00Z,12 58 50.0,194.70833333333334,-27 11 58,-27.199444444444445,143.3,21.7,0.12,204.2,Map/Offsets,https://cgi.minorplanetcenter.net/cgi-bin/confirmeph2.cgi
20260516T203532Z,2026-05-16T20:35:32.472903Z,20260516T203532Z_batch01,S001563,2026-05-17T11:00:00Z,12 58 49.7,194.70708333333332,-27 12 05,-27.20138888888889,143.3,21.7,0.12,203.9,Map/Offsets,https://cgi.minorplanetcenter.net/cgi-bin/confirmeph2.cgi
20260516T203532Z,2026-05-16T20:35:32.472903Z,20260516T203532Z_batch01,S001563,2026-05-17T12:00:00Z,12 58 49.5,194.70625,-27 12 11,-27.203055555555554,143.3,21.7,0.12,203.6,Map/Offsets,https://cgi.minorplanetcenter.net/cgi-bin/confirmeph2.cgi
20260516T203532Z,2026-05-16T20:35:32.472903Z,20260516T203532Z_batch01,S001563,2026-05-17T13:00:00Z,12 58 49.3,194.70541666666668,-27 12 17,-27.204722222222223,143.2,21.7,0.12,203.3,Map/Offsets,https://cgi.minorplanetcenter.net/cgi-bin/confirmeph2.cgi
20260516T203532Z,2026-05-16T20:35:32.472903Z,20260516T203532Z_batch01,S001563,2026-05-17T14:00:00Z,12 58 49.1,194.70458333333332,-27 12 24,-27.206666666666667,143.2,21.7,0.12,203.0,Map/Offsets,https://cgi.minorplanetcenter.net/cgi-bin/confirmeph2.cgi
20260516T203532Z,2026-05-16T20:35:32.472903Z,20260516T203532Z_batch01,S001563,2026-05-17T15:00:00Z,12 58 48.9,194.70374999999999,-27 12 30,-27.208333333333332,143.2,21.7,0.12,202.7,Map/Offsets,https://cgi.minorplanetcenter.net/cgi-bin/confirmeph2.cgi
20260516T203532Z,2026-05-16T20:35:32.472903Z,20260516T203532Z_batch01,S001563,2026-05-17T16:00:00Z,12 58 48.7,194.70291666666668,-27 12 37,-27.210277777777776,143.1,21.7,0.12,202.4,Map/Offsets,https://cgi.minorplanetcenter.net/cgi-bin/confirmeph2.cgi
20260516T203532Z,2026-05-16T20:35:32.472903Z,20260516T203532Z_batch01,S001563,2026-05-17T17:00:00Z,12 58 48.5,194.70208333333335,-27 12 43,-27.211944444444445,143.1,21.7,0.12,202.1,Map/Offsets,https://cgi.minorplanetcenter.net/cgi-bin/confirmeph2.cgi
20260516T203532Z,2026-05-16T20:35:32.472903Z,20260516T203532Z_batch01,S001563,2026-05-17T18:00:00Z,12 58 48.3,194.70125,-27 12 50,-27.21388888888889,143.1,21.7,0.12,201.8,Map/Offsets,https://cgi.minorplanetcenter.net/cgi-bin/confirmeph2.cgi
20260516T203532Z,2026-05-16T20:35:32.472903Z,20260516T203532Z_batch01,S001563,2026-05-17T19:00:00Z,12 58 48.1,194.70041666666668,-27 12 56,-27.215555555555554,143.0,21.7,0.11,201.5,Map/Offsets,https://cgi.minorplanetcenter.net/cgi-bin/confirmeph2.cgi
