snapshot_id,fetched_at_utc,batch_id,designation,ephem_time_utc,ra_hms,ra_deg,dec_dms,dec_deg,elong_deg,v_mag,motion_arcsec_per_min,pa_deg,uncertainty,source_url
20260709T070002Z,2026-07-09T07:00:02.072412Z,20260709T070002Z_batch01,A11EshI,2026-07-09T06:00:00Z,20 11 31.7,302.8820833333333,-18 13 17,-18.22138888888889,165.5,19.0,7.18,178.9,Map/Offsets,https://cgi.minorplanetcenter.net/cgi-bin/confirmeph2.cgi
20260709T070002Z,2026-07-09T07:00:02.072412Z,20260709T070002Z_batch01,A11EshI,2026-07-09T07:00:00Z,20 11 32.3,302.88458333333335,-18 20 29,-18.341388888888886,165.6,19.0,7.19,178.9,Map/Offsets,https://cgi.minorplanetcenter.net/cgi-bin/confirmeph2.cgi
20260709T070002Z,2026-07-09T07:00:02.072412Z,20260709T070002Z_batch01,A11EshI,2026-07-09T08:00:00Z,20 11 32.9,302.8870833333333,-18 27 41,-18.461388888888887,165.7,19.0,7.2,178.9,Map/Offsets,https://cgi.minorplanetcenter.net/cgi-bin/confirmeph2.cgi
20260709T070002Z,2026-07-09T07:00:02.072412Z,20260709T070002Z_batch01,A11EshI,2026-07-09T09:00:00Z,20 11 33.5,302.88958333333335,-18 34 53,-18.58138888888889,165.8,19.0,7.22,178.9,Map/Offsets,https://cgi.minorplanetcenter.net/cgi-bin/confirmeph2.cgi
20260709T070002Z,2026-07-09T07:00:02.072412Z,20260709T070002Z_batch01,A11EshI,2026-07-09T10:00:00Z,20 11 34.1,302.89208333333335,-18 42 06,-18.701666666666664,165.8,19.0,7.23,178.9,Map/Offsets,https://cgi.minorplanetcenter.net/cgi-bin/confirmeph2.cgi
20260709T070002Z,2026-07-09T07:00:02.072412Z,20260709T070002Z_batch01,A11EshI,2026-07-09T11:00:00Z,20 11 34.7,302.89458333333334,-18 49 20,-18.822222222222223,165.9,18.9,7.24,178.9,Map/Offsets,https://cgi.minorplanetcenter.net/cgi-bin/confirmeph2.cgi
20260709T070002Z,2026-07-09T07:00:02.072412Z,20260709T070002Z_batch01,A11EshI,2026-07-09T12:00:00Z,20 11 35.3,302.89708333333334,-18 56 34,-18.942777777777778,166.0,18.9,7.25,178.9,Map/Offsets,https://cgi.minorplanetcenter.net/cgi-bin/confirmeph2.cgi
20260709T070002Z,2026-07-09T07:00:02.072412Z,20260709T070002Z_batch01,A11EshI,2026-07-09T13:00:00Z,20 11 35.9,302.89958333333334,-19 03 49,-19.06361111111111,166.1,18.9,7.26,178.9,Map/Offsets,https://cgi.minorplanetcenter.net/cgi-bin/confirmeph2.cgi
20260709T070002Z,2026-07-09T07:00:02.072412Z,20260709T070002Z_batch01,A11EshI,2026-07-09T14:00:00Z,20 11 36.5,302.90208333333334,-19 11 05,-19.184722222222224,166.1,18.9,7.27,178.9,Map/Offsets,https://cgi.minorplanetcenter.net/cgi-bin/confirmeph2.cgi
20260709T070002Z,2026-07-09T07:00:02.072412Z,20260709T070002Z_batch01,A11EshI,2026-07-09T15:00:00Z,20 11 37.1,302.90458333333333,-19 18 21,-19.305833333333332,166.2,18.9,7.28,178.9,Map/Offsets,https://cgi.minorplanetcenter.net/cgi-bin/confirmeph2.cgi
20260709T070002Z,2026-07-09T07:00:02.072412Z,20260709T070002Z_batch01,A11EshI,2026-07-09T16:00:00Z,20 11 37.7,302.90708333333333,-19 25 38,-19.427222222222223,166.3,18.9,7.29,178.9,Map/Offsets,https://cgi.minorplanetcenter.net/cgi-bin/confirmeph2.cgi
20260709T070002Z,2026-07-09T07:00:02.072412Z,20260709T070002Z_batch01,A11EshI,2026-07-09T17:00:00Z,20 11 38.2,302.90916666666664,-19 32 56,-19.54888888888889,166.3,18.9,7.3,178.9,Map/Offsets,https://cgi.minorplanetcenter.net/cgi-bin/confirmeph2.cgi
20260709T070002Z,2026-07-09T07:00:02.072412Z,20260709T070002Z_batch01,A11EshI,2026-07-09T18:00:00Z,20 11 38.8,302.9116666666667,-19 40 14,-19.670555555555556,166.4,18.9,7.31,178.9,Map/Offsets,https://cgi.minorplanetcenter.net/cgi-bin/confirmeph2.cgi
20260709T070002Z,2026-07-09T07:00:02.072412Z,20260709T070002Z_batch01,A11EshI,2026-07-09T19:00:00Z,20 11 39.4,302.9141666666667,-19 47 32,-19.792222222222225,166.5,18.9,7.32,178.9,Map/Offsets,https://cgi.minorplanetcenter.net/cgi-bin/confirmeph2.cgi
20260709T070002Z,2026-07-09T07:00:02.072412Z,20260709T070002Z_batch01,A11EshI,2026-07-09T20:00:00Z,20 11 40.0,302.9166666666667,-19 54 52,-19.91444444444444,166.5,18.9,7.33,179.0,Map/Offsets,https://cgi.minorplanetcenter.net/cgi-bin/confirmeph2.cgi
20260709T070002Z,2026-07-09T07:00:02.072412Z,20260709T070002Z_batch01,A11EshI,2026-07-09T21:00:00Z,20 11 40.5,302.91875,-20 02 12,-20.03666666666667,166.6,18.9,7.34,179.0,Map/Offsets,https://cgi.minorplanetcenter.net/cgi-bin/confirmeph2.cgi
20260709T070002Z,2026-07-09T07:00:02.072412Z,20260709T070002Z_batch01,A11EshI,2026-07-09T22:00:00Z,20 11 41.1,302.92125,-20 09 32,-20.15888888888889,166.7,18.9,7.35,179.0,Map/Offsets,https://cgi.minorplanetcenter.net/cgi-bin/confirmeph2.cgi
20260709T070002Z,2026-07-09T07:00:02.072412Z,20260709T070002Z_batch01,A11EshI,2026-07-09T23:00:00Z,20 11 41.7,302.92375000000004,-20 16 53,-20.281388888888888,166.7,18.9,7.36,179.0,Map/Offsets,https://cgi.minorplanetcenter.net/cgi-bin/confirmeph2.cgi
20260709T070002Z,2026-07-09T07:00:02.072412Z,20260709T070002Z_batch01,A11EshI,2026-07-10T00:00:00Z,20 11 42.2,302.92583333333334,-20 24 15,-20.404166666666665,166.8,18.9,7.37,179.0,Map/Offsets,https://cgi.minorplanetcenter.net/cgi-bin/confirmeph2.cgi
20260709T070002Z,2026-07-09T07:00:02.072412Z,20260709T070002Z_batch01,A11EshI,2026-07-10T01:00:00Z,20 11 42.8,302.92833333333334,-20 31 37,-20.526944444444442,166.8,18.9,7.38,179.0,Map/Offsets,https://cgi.minorplanetcenter.net/cgi-bin/confirmeph2.cgi
20260709T070002Z,2026-07-09T07:00:02.072412Z,20260709T070002Z_batch01,A11EshI,2026-07-10T02:00:00Z,20 11 43.3,302.9304166666667,-20 39 00,-20.65,166.9,18.9,7.39,179.0,Map/Offsets,https://cgi.minorplanetcenter.net/cgi-bin/confirmeph2.cgi
20260709T070002Z,2026-07-09T07:00:02.072412Z,20260709T070002Z_batch01,A11EshI,2026-07-10T03:00:00Z,20 11 43.9,302.93291666666664,-20 46 23,-20.773055555555555,167.0,18.9,7.39,179.0,Map/Offsets,https://cgi.minorplanetcenter.net/cgi-bin/confirmeph2.cgi
20260709T070002Z,2026-07-09T07:00:02.072412Z,20260709T070002Z_batch01,A11EshI,2026-07-10T04:00:00Z,20 11 44.4,302.935,-20 53 47,-20.89638888888889,167.0,18.9,7.4,179.0,Map/Offsets,https://cgi.minorplanetcenter.net/cgi-bin/confirmeph2.cgi
20260709T070002Z,2026-07-09T07:00:02.072412Z,20260709T070002Z_batch01,A11EshI,2026-07-10T05:00:00Z,20 11 45.0,302.9375,-21 01 11,-21.01972222222222,167.1,18.9,7.41,179.0,Map/Offsets,https://cgi.minorplanetcenter.net/cgi-bin/confirmeph2.cgi
20260709T070002Z,2026-07-09T07:00:02.072412Z,20260709T070002Z_batch01,A11EshI,2026-07-10T06:00:00Z,20 11 45.5,302.93958333333336,-21 08 36,-21.143333333333334,167.1,18.9,7.42,179.0,Map/Offsets,https://cgi.minorplanetcenter.net/cgi-bin/confirmeph2.cgi
20260709T070002Z,2026-07-09T07:00:02.072412Z,20260709T070002Z_batch01,P12o0Y2,2026-07-09T06:00:00Z,20 49 14.8,312.31166666666667,-32 24 49,-32.41361111111111,156.4,21.1,1.37,139.5,Map/Offsets,https://cgi.minorplanetcenter.net/cgi-bin/confirmeph2.cgi
20260709T070002Z,2026-07-09T07:00:02.072412Z,20260709T070002Z_batch01,P12o0Y2,2026-07-09T07:00:00Z,20 49 19.0,312.32916666666665,-32 25 51,-32.43083333333333,156.4,21.1,1.37,139.5,Map/Offsets,https://cgi.minorplanetcenter.net/cgi-bin/confirmeph2.cgi
20260709T070002Z,2026-07-09T07:00:02.072412Z,20260709T070002Z_batch01,P12o0Y2,2026-07-09T08:00:00Z,20 49 23.2,312.34666666666664,-32 26 54,-32.44833333333333,156.4,21.1,1.37,139.5,Map/Offsets,https://cgi.minorplanetcenter.net/cgi-bin/confirmeph2.cgi
20260709T070002Z,2026-07-09T07:00:02.072412Z,20260709T070002Z_batch01,P12o0Y2,2026-07-09T09:00:00Z,20 49 27.4,312.3641666666667,-32 27 57,-32.465833333333336,156.4,21.1,1.37,139.5,Map/Offsets,https://cgi.minorplanetcenter.net/cgi-bin/confirmeph2.cgi
20260709T070002Z,2026-07-09T07:00:02.072412Z,20260709T070002Z_batch01,P12o0Y2,2026-07-09T10:00:00Z,20 49 31.7,312.3820833333333,-32 28 59,-32.48305555555556,156.4,21.1,1.37,139.5,Map/Offsets,https://cgi.minorplanetcenter.net/cgi-bin/confirmeph2.cgi
20260709T070002Z,2026-07-09T07:00:02.072412Z,20260709T070002Z_batch01,P12o0Y2,2026-07-09T11:00:00Z,20 49 35.9,312.3995833333333,-32 30 02,-32.50055555555556,156.4,21.1,1.37,139.5,Map/Offsets,https://cgi.minorplanetcenter.net/cgi-bin/confirmeph2.cgi
20260709T070002Z,2026-07-09T07:00:02.072412Z,20260709T070002Z_batch01,P12o0Y2,2026-07-09T12:00:00Z,20 49 40.1,312.4170833333334,-32 31 05,-32.518055555555556,156.4,21.1,1.37,139.5,Map/Offsets,https://cgi.minorplanetcenter.net/cgi-bin/confirmeph2.cgi
20260709T070002Z,2026-07-09T07:00:02.072412Z,20260709T070002Z_batch01,P12o0Y2,2026-07-09T13:00:00Z,20 49 44.3,312.43458333333336,-32 32 07,-32.53527777777778,156.4,21.1,1.37,139.5,Map/Offsets,https://cgi.minorplanetcenter.net/cgi-bin/confirmeph2.cgi
20260709T070002Z,2026-07-09T07:00:02.072412Z,20260709T070002Z_batch01,P12o0Y2,2026-07-09T14:00:00Z,20 49 48.6,312.4525,-32 33 10,-32.55277777777778,156.5,21.1,1.38,139.5,Map/Offsets,https://cgi.minorplanetcenter.net/cgi-bin/confirmeph2.cgi
20260709T070002Z,2026-07-09T07:00:02.072412Z,20260709T070002Z_batch01,P12o0Y2,2026-07-09T15:00:00Z,20 49 52.8,312.47,-32 34 13,-32.57027777777778,156.5,21.1,1.38,139.6,Map/Offsets,https://cgi.minorplanetcenter.net/cgi-bin/confirmeph2.cgi
20260709T070002Z,2026-07-09T07:00:02.072412Z,20260709T070002Z_batch01,P12o0Y2,2026-07-09T16:00:00Z,20 49 57.1,312.48791666666665,-32 35 16,-32.58777777777778,156.5,21.1,1.38,139.6,Map/Offsets,https://cgi.minorplanetcenter.net/cgi-bin/confirmeph2.cgi
20260709T070002Z,2026-07-09T07:00:02.072412Z,20260709T070002Z_batch01,P12o0Y2,2026-07-09T17:00:00Z,20 50 01.3,312.50541666666663,-32 36 19,-32.60527777777778,156.5,21.1,1.38,139.6,Map/Offsets,https://cgi.minorplanetcenter.net/cgi-bin/confirmeph2.cgi
20260709T070002Z,2026-07-09T07:00:02.072412Z,20260709T070002Z_batch01,P12o0Y2,2026-07-09T18:00:00Z,20 50 05.5,312.5229166666667,-32 37 22,-32.62277777777778,156.5,21.1,1.38,139.6,Map/Offsets,https://cgi.minorplanetcenter.net/cgi-bin/confirmeph2.cgi
20260709T070002Z,2026-07-09T07:00:02.072412Z,20260709T070002Z_batch01,P12o0Y2,2026-07-09T19:00:00Z,20 50 09.8,312.5408333333333,-32 38 25,-32.640277777777776,156.5,21.1,1.38,139.6,Map/Offsets,https://cgi.minorplanetcenter.net/cgi-bin/confirmeph2.cgi
20260709T070002Z,2026-07-09T07:00:02.072412Z,20260709T070002Z_batch01,P12o0Y2,2026-07-09T20:00:00Z,20 50 14.0,312.5583333333333,-32 39 28,-32.657777777777774,156.5,21.1,1.38,139.6,Map/Offsets,https://cgi.minorplanetcenter.net/cgi-bin/confirmeph2.cgi
20260709T070002Z,2026-07-09T07:00:02.072412Z,20260709T070002Z_batch01,P12o0Y2,2026-07-09T21:00:00Z,20 50 18.3,312.57625,-32 40 31,-32.67527777777777,156.5,21.1,1.38,139.6,Map/Offsets,https://cgi.minorplanetcenter.net/cgi-bin/confirmeph2.cgi
20260709T070002Z,2026-07-09T07:00:02.072412Z,20260709T070002Z_batch01,P12o0Y2,2026-07-09T22:00:00Z,20 50 22.5,312.59375,-32 41 34,-32.69277777777778,156.5,21.1,1.38,139.6,Map/Offsets,https://cgi.minorplanetcenter.net/cgi-bin/confirmeph2.cgi
20260709T070002Z,2026-07-09T07:00:02.072412Z,20260709T070002Z_batch01,P12o0Y2,2026-07-09T23:00:00Z,20 50 26.8,312.6116666666667,-32 42 37,-32.71027777777778,156.6,21.1,1.38,139.6,Map/Offsets,https://cgi.minorplanetcenter.net/cgi-bin/confirmeph2.cgi
20260709T070002Z,2026-07-09T07:00:02.072412Z,20260709T070002Z_batch01,P12o0Y2,2026-07-10T00:00:00Z,20 50 31.0,312.62916666666666,-32 43 40,-32.72777777777778,156.6,21.1,1.38,139.6,Map/Offsets,https://cgi.minorplanetcenter.net/cgi-bin/confirmeph2.cgi
20260709T070002Z,2026-07-09T07:00:02.072412Z,20260709T070002Z_batch01,P12o0Y2,2026-07-10T01:00:00Z,20 50 35.3,312.6470833333333,-32 44 43,-32.74527777777778,156.6,21.1,1.38,139.7,Map/Offsets,https://cgi.minorplanetcenter.net/cgi-bin/confirmeph2.cgi
20260709T070002Z,2026-07-09T07:00:02.072412Z,20260709T070002Z_batch01,P12o0Y2,2026-07-10T02:00:00Z,20 50 39.5,312.6645833333333,-32 45 47,-32.76305555555555,156.6,21.1,1.38,139.7,Map/Offsets,https://cgi.minorplanetcenter.net/cgi-bin/confirmeph2.cgi
20260709T070002Z,2026-07-09T07:00:02.072412Z,20260709T070002Z_batch01,P12o0Y2,2026-07-10T03:00:00Z,20 50 43.8,312.68249999999995,-32 46 50,-32.78055555555555,156.6,21.0,1.38,139.7,Map/Offsets,https://cgi.minorplanetcenter.net/cgi-bin/confirmeph2.cgi
20260709T070002Z,2026-07-09T07:00:02.072412Z,20260709T070002Z_batch01,P12o0Y2,2026-07-10T04:00:00Z,20 50 48.1,312.7004166666666,-32 47 53,-32.79805555555556,156.6,21.0,1.38,139.7,Map/Offsets,https://cgi.minorplanetcenter.net/cgi-bin/confirmeph2.cgi
20260709T070002Z,2026-07-09T07:00:02.072412Z,20260709T070002Z_batch01,P12o0Y2,2026-07-10T05:00:00Z,20 50 52.3,312.71791666666667,-32 48 57,-32.81583333333333,156.6,21.0,1.39,139.7,Map/Offsets,https://cgi.minorplanetcenter.net/cgi-bin/confirmeph2.cgi
20260709T070002Z,2026-07-09T07:00:02.072412Z,20260709T070002Z_batch01,P12o0Y2,2026-07-10T06:00:00Z,20 50 56.6,312.73583333333335,-32 50 00,-32.833333333333336,156.6,21.0,1.39,139.7,Map/Offsets,https://cgi.minorplanetcenter.net/cgi-bin/confirmeph2.cgi
20260709T070002Z,2026-07-09T07:00:02.072412Z,20260709T070002Z_batch01,P12o0Y1,2026-07-09T06:00:00Z,20 26 19.0,306.57916666666665,-30 24 23,-30.406388888888888,161.7,21.1,2.51,284.8,Map/Offsets,https://cgi.minorplanetcenter.net/cgi-bin/confirmeph2.cgi
20260709T070002Z,2026-07-09T07:00:02.072412Z,20260709T070002Z_batch01,P12o0Y1,2026-07-09T07:00:00Z,20 26 07.7,306.53208333333333,-30 23 45,-30.395833333333332,161.7,21.1,2.51,284.8,Map/Offsets,https://cgi.minorplanetcenter.net/cgi-bin/confirmeph2.cgi
20260709T070002Z,2026-07-09T07:00:02.072412Z,20260709T070002Z_batch01,P12o0Y1,2026-07-09T08:00:00Z,20 25 56.4,306.485,-30 23 06,-30.384999999999998,161.8,21.1,2.52,284.8,Map/Offsets,https://cgi.minorplanetcenter.net/cgi-bin/confirmeph2.cgi
20260709T070002Z,2026-07-09T07:00:02.072412Z,20260709T070002Z_batch01,P12o0Y1,2026-07-09T09:00:00Z,20 25 45.2,306.43833333333333,-30 22 27,-30.374166666666667,161.9,21.1,2.52,284.8,Map/Offsets,https://cgi.minorplanetcenter.net/cgi-bin/confirmeph2.cgi
20260709T070002Z,2026-07-09T07:00:02.072412Z,20260709T070002Z_batch01,P12o0Y1,2026-07-09T10:00:00Z,20 25 33.9,306.39125,-30 21 49,-30.363611111111112,161.9,21.1,2.52,284.9,Map/Offsets,https://cgi.minorplanetcenter.net/cgi-bin/confirmeph2.cgi
20260709T070002Z,2026-07-09T07:00:02.072412Z,20260709T070002Z_batch01,P12o0Y1,2026-07-09T11:00:00Z,20 25 22.6,306.3441666666667,-30 21 10,-30.352777777777778,162.0,21.1,2.52,284.9,Map/Offsets,https://cgi.minorplanetcenter.net/cgi-bin/confirmeph2.cgi
20260709T070002Z,2026-07-09T07:00:02.072412Z,20260709T070002Z_batch01,P12o0Y1,2026-07-09T12:00:00Z,20 25 11.3,306.2970833333333,-30 20 31,-30.341944444444444,162.1,21.1,2.52,284.9,Map/Offsets,https://cgi.minorplanetcenter.net/cgi-bin/confirmeph2.cgi
20260709T070002Z,2026-07-09T07:00:02.072412Z,20260709T070002Z_batch01,P12o0Y1,2026-07-09T13:00:00Z,20 25 00.0,306.25,-30 19 52,-30.33111111111111,162.2,21.1,2.52,284.9,Map/Offsets,https://cgi.minorplanetcenter.net/cgi-bin/confirmeph2.cgi
20260709T070002Z,2026-07-09T07:00:02.072412Z,20260709T070002Z_batch01,P12o0Y1,2026-07-09T14:00:00Z,20 24 48.8,306.2033333333333,-30 19 13,-30.32027777777778,162.2,21.1,2.52,285.0,Map/Offsets,https://cgi.minorplanetcenter.net/cgi-bin/confirmeph2.cgi
20260709T070002Z,2026-07-09T07:00:02.072412Z,20260709T070002Z_batch01,P12o0Y1,2026-07-09T15:00:00Z,20 24 37.5,306.15625,-30 18 34,-30.309444444444445,162.3,21.1,2.52,285.0,Map/Offsets,https://cgi.minorplanetcenter.net/cgi-bin/confirmeph2.cgi
20260709T070002Z,2026-07-09T07:00:02.072412Z,20260709T070002Z_batch01,P12o0Y1,2026-07-09T16:00:00Z,20 24 26.2,306.1091666666666,-30 17 55,-30.298611111111114,162.4,21.1,2.52,285.0,Map/Offsets,https://cgi.minorplanetcenter.net/cgi-bin/confirmeph2.cgi
20260709T070002Z,2026-07-09T07:00:02.072412Z,20260709T070002Z_batch01,P12o0Y1,2026-07-09T17:00:00Z,20 24 14.9,306.0620833333333,-30 17 15,-30.2875,162.5,21.1,2.52,285.0,Map/Offsets,https://cgi.minorplanetcenter.net/cgi-bin/confirmeph2.cgi
20260709T070002Z,2026-07-09T07:00:02.072412Z,20260709T070002Z_batch01,P12o0Y1,2026-07-09T18:00:00Z,20 24 03.6,306.015,-30 16 36,-30.276666666666667,162.5,21.1,2.53,285.1,Map/Offsets,https://cgi.minorplanetcenter.net/cgi-bin/confirmeph2.cgi
20260709T070002Z,2026-07-09T07:00:02.072412Z,20260709T070002Z_batch01,P12o0Y1,2026-07-09T19:00:00Z,20 23 52.3,305.96791666666667,-30 15 57,-30.265833333333333,162.6,21.1,2.53,285.1,Map/Offsets,https://cgi.minorplanetcenter.net/cgi-bin/confirmeph2.cgi
20260709T070002Z,2026-07-09T07:00:02.072412Z,20260709T070002Z_batch01,P12o0Y1,2026-07-09T20:00:00Z,20 23 41.0,305.9208333333333,-30 15 17,-30.254722222222224,162.7,21.1,2.53,285.1,Map/Offsets,https://cgi.minorplanetcenter.net/cgi-bin/confirmeph2.cgi
20260709T070002Z,2026-07-09T07:00:02.072412Z,20260709T070002Z_batch01,P12o0Y1,2026-07-09T21:00:00Z,20 23 29.7,305.87375,-30 14 37,-30.24361111111111,162.7,21.1,2.53,285.1,Map/Offsets,https://cgi.minorplanetcenter.net/cgi-bin/confirmeph2.cgi
20260709T070002Z,2026-07-09T07:00:02.072412Z,20260709T070002Z_batch01,P12o0Y1,2026-07-09T22:00:00Z,20 23 18.4,305.8266666666667,-30 13 58,-30.232777777777777,162.8,21.1,2.53,285.2,Map/Offsets,https://cgi.minorplanetcenter.net/cgi-bin/confirmeph2.cgi
20260709T070002Z,2026-07-09T07:00:02.072412Z,20260709T070002Z_batch01,P12o0Y1,2026-07-09T23:00:00Z,20 23 07.1,305.77958333333333,-30 13 18,-30.221666666666664,162.9,21.1,2.53,285.2,Map/Offsets,https://cgi.minorplanetcenter.net/cgi-bin/confirmeph2.cgi
20260709T070002Z,2026-07-09T07:00:02.072412Z,20260709T070002Z_batch01,P12o0Y1,2026-07-10T00:00:00Z,20 22 55.8,305.7325,-30 12 38,-30.210555555555555,163.0,21.1,2.53,285.2,Map/Offsets,https://cgi.minorplanetcenter.net/cgi-bin/confirmeph2.cgi
20260709T070002Z,2026-07-09T07:00:02.072412Z,20260709T070002Z_batch01,P12o0Y1,2026-07-10T01:00:00Z,20 22 44.5,305.6854166666667,-30 11 58,-30.199444444444445,163.0,21.1,2.53,285.2,Map/Offsets,https://cgi.minorplanetcenter.net/cgi-bin/confirmeph2.cgi
20260709T070002Z,2026-07-09T07:00:02.072412Z,20260709T070002Z_batch01,P12o0Y1,2026-07-10T02:00:00Z,20 22 33.2,305.6383333333333,-30 11 18,-30.188333333333333,163.1,21.1,2.53,285.3,Map/Offsets,https://cgi.minorplanetcenter.net/cgi-bin/confirmeph2.cgi
20260709T070002Z,2026-07-09T07:00:02.072412Z,20260709T070002Z_batch01,P12o0Y1,2026-07-10T03:00:00Z,20 22 21.9,305.59125,-30 10 38,-30.177222222222223,163.2,21.1,2.53,285.3,Map/Offsets,https://cgi.minorplanetcenter.net/cgi-bin/confirmeph2.cgi
20260709T070002Z,2026-07-09T07:00:02.072412Z,20260709T070002Z_batch01,P12o0Y1,2026-07-10T04:00:00Z,20 22 10.6,305.5441666666667,-30 09 58,-30.16611111111111,163.3,21.1,2.53,285.3,Map/Offsets,https://cgi.minorplanetcenter.net/cgi-bin/confirmeph2.cgi
20260709T070002Z,2026-07-09T07:00:02.072412Z,20260709T070002Z_batch01,P12o0Y1,2026-07-10T05:00:00Z,20 21 59.3,305.49708333333336,-30 09 18,-30.154999999999998,163.3,21.1,2.54,285.3,Map/Offsets,https://cgi.minorplanetcenter.net/cgi-bin/confirmeph2.cgi
20260709T070002Z,2026-07-09T07:00:02.072412Z,20260709T070002Z_batch01,P12o0Y1,2026-07-10T06:00:00Z,20 21 48.0,305.45,-30 08 38,-30.14388888888889,163.4,21.1,2.54,285.4,Map/Offsets,https://cgi.minorplanetcenter.net/cgi-bin/confirmeph2.cgi
20260709T070002Z,2026-07-09T07:00:02.072412Z,20260709T070002Z_batch01,P12o0XL,2026-07-09T06:00:00Z,16 12 18.3,243.07625000000002,-03 40 01,-3.6669444444444443,132.6,20.8,4.7,83.8,Map/Offsets   !,https://cgi.minorplanetcenter.net/cgi-bin/confirmeph2.cgi
20260709T070002Z,2026-07-09T07:00:02.072412Z,20260709T070002Z_batch01,P12o0XL,2026-07-09T07:00:00Z,16 12 37.0,243.15416666666664,-03 39 30,-3.658333333333333,132.6,20.8,4.71,83.8,Map/Offsets   !,https://cgi.minorplanetcenter.net/cgi-bin/confirmeph2.cgi
20260709T070002Z,2026-07-09T07:00:02.072412Z,20260709T070002Z_batch01,P12o0XL,2026-07-09T08:00:00Z,16 12 55.8,243.2325,-03 38 59,-3.649722222222222,132.6,20.8,4.71,83.8,Map/Offsets   !,https://cgi.minorplanetcenter.net/cgi-bin/confirmeph2.cgi
20260709T070002Z,2026-07-09T07:00:02.072412Z,20260709T070002Z_batch01,P12o0XL,2026-07-09T09:00:00Z,16 13 14.6,243.31083333333333,-03 38 29,-3.641388888888889,132.7,20.8,4.72,83.8,Map/Offsets   !,https://cgi.minorplanetcenter.net/cgi-bin/confirmeph2.cgi
20260709T070002Z,2026-07-09T07:00:02.072412Z,20260709T070002Z_batch01,P12o0XL,2026-07-09T10:00:00Z,16 13 33.4,243.38916666666665,-03 37 58,-3.6327777777777777,132.7,20.8,4.73,83.8,Map/Offsets   !,https://cgi.minorplanetcenter.net/cgi-bin/confirmeph2.cgi
20260709T070002Z,2026-07-09T07:00:02.072412Z,20260709T070002Z_batch01,P12o0XL,2026-07-09T11:00:00Z,16 13 52.3,243.46791666666667,-03 37 28,-3.6244444444444444,132.7,20.8,4.73,83.8,Map/Offsets   !,https://cgi.minorplanetcenter.net/cgi-bin/confirmeph2.cgi
20260709T070002Z,2026-07-09T07:00:02.072412Z,20260709T070002Z_batch01,P12o0XL,2026-07-09T12:00:00Z,16 14 11.1,243.54625000000001,-03 36 57,-3.6158333333333332,132.7,20.8,4.74,83.8,Map/Offsets   !,https://cgi.minorplanetcenter.net/cgi-bin/confirmeph2.cgi
20260709T070002Z,2026-07-09T07:00:02.072412Z,20260709T070002Z_batch01,P12o0XL,2026-07-09T13:00:00Z,16 14 30.1,243.62541666666667,-03 36 26,-3.607222222222222,132.8,20.8,4.75,83.8,Map/Offsets   !,https://cgi.minorplanetcenter.net/cgi-bin/confirmeph2.cgi
20260709T070002Z,2026-07-09T07:00:02.072412Z,20260709T070002Z_batch01,P12o0XL,2026-07-09T14:00:00Z,16 14 49.0,243.70416666666668,-03 35 56,-3.5988888888888892,132.8,20.8,4.76,83.9,Map/Offsets   !,https://cgi.minorplanetcenter.net/cgi-bin/confirmeph2.cgi
20260709T070002Z,2026-07-09T07:00:02.072412Z,20260709T070002Z_batch01,P12o0XL,2026-07-09T15:00:00Z,16 15 08.0,243.78333333333333,-03 35 25,-3.590277777777778,132.8,20.8,4.76,83.9,Map/Offsets   !,https://cgi.minorplanetcenter.net/cgi-bin/confirmeph2.cgi
20260709T070002Z,2026-07-09T07:00:02.072412Z,20260709T070002Z_batch01,P12o0XL,2026-07-09T16:00:00Z,16 15 26.9,243.86208333333335,-03 34 55,-3.5819444444444444,132.9,20.8,4.77,83.9,Map/Offsets   !,https://cgi.minorplanetcenter.net/cgi-bin/confirmeph2.cgi
20260709T070002Z,2026-07-09T07:00:02.072412Z,20260709T070002Z_batch01,P12o0XL,2026-07-09T17:00:00Z,16 15 46.0,243.94166666666666,-03 34 24,-3.5733333333333333,132.9,20.8,4.78,83.9,Map/Offsets   !,https://cgi.minorplanetcenter.net/cgi-bin/confirmeph2.cgi
20260709T070002Z,2026-07-09T07:00:02.072412Z,20260709T070002Z_batch01,P12o0XL,2026-07-09T18:00:00Z,16 16 05.0,244.02083333333334,-03 33 54,-3.565,132.9,20.8,4.78,83.9,Map/Offsets   !,https://cgi.minorplanetcenter.net/cgi-bin/confirmeph2.cgi
20260709T070002Z,2026-07-09T07:00:02.072412Z,20260709T070002Z_batch01,P12o0XL,2026-07-09T19:00:00Z,16 16 24.1,244.10041666666666,-03 33 23,-3.556388888888889,133.0,20.8,4.79,83.9,Map/Offsets   !,https://cgi.minorplanetcenter.net/cgi-bin/confirmeph2.cgi
20260709T070002Z,2026-07-09T07:00:02.072412Z,20260709T070002Z_batch01,P12o0XL,2026-07-09T20:00:00Z,16 16 43.2,244.18,-03 32 53,-3.5480555555555555,133.0,20.8,4.8,83.9,Map/Offsets   !,https://cgi.minorplanetcenter.net/cgi-bin/confirmeph2.cgi
20260709T070002Z,2026-07-09T07:00:02.072412Z,20260709T070002Z_batch01,P12o0XL,2026-07-09T21:00:00Z,16 17 02.3,244.25958333333338,-03 32 22,-3.5394444444444444,133.0,20.8,4.8,83.9,Map/Offsets   !,https://cgi.minorplanetcenter.net/cgi-bin/confirmeph2.cgi
20260709T070002Z,2026-07-09T07:00:02.072412Z,20260709T070002Z_batch01,P12o0XL,2026-07-09T22:00:00Z,16 17 21.5,244.33958333333337,-03 31 52,-3.531111111111111,133.0,20.8,4.81,83.9,Map/Offsets   !,https://cgi.minorplanetcenter.net/cgi-bin/confirmeph2.cgi
20260709T070002Z,2026-07-09T07:00:02.072412Z,20260709T070002Z_batch01,P12o0XL,2026-07-09T23:00:00Z,16 17 40.7,244.41958333333335,-03 31 21,-3.5225,133.1,20.8,4.82,84.0,Map/Offsets   !,https://cgi.minorplanetcenter.net/cgi-bin/confirmeph2.cgi
20260709T070002Z,2026-07-09T07:00:02.072412Z,20260709T070002Z_batch01,P12o0XL,2026-07-10T00:00:00Z,16 17 59.9,244.49958333333336,-03 30 51,-3.5141666666666667,133.1,20.8,4.82,84.0,Map/Offsets   !,https://cgi.minorplanetcenter.net/cgi-bin/confirmeph2.cgi
20260709T070002Z,2026-07-09T07:00:02.072412Z,20260709T070002Z_batch01,P12o0XL,2026-07-10T01:00:00Z,16 18 19.1,244.57958333333335,-03 30 21,-3.5058333333333334,133.1,20.8,4.83,84.0,Map/Offsets   !,https://cgi.minorplanetcenter.net/cgi-bin/confirmeph2.cgi
20260709T070002Z,2026-07-09T07:00:02.072412Z,20260709T070002Z_batch01,P12o0XL,2026-07-10T02:00:00Z,16 18 38.4,244.66,-03 29 50,-3.4972222222222222,133.2,20.8,4.84,84.0,Map/Offsets   !,https://cgi.minorplanetcenter.net/cgi-bin/confirmeph2.cgi
20260709T070002Z,2026-07-09T07:00:02.072412Z,20260709T070002Z_batch01,P12o0XL,2026-07-10T03:00:00Z,16 18 57.7,244.7404166666667,-03 29 20,-3.488888888888889,133.2,20.8,4.84,84.0,Map/Offsets   !,https://cgi.minorplanetcenter.net/cgi-bin/confirmeph2.cgi
20260709T070002Z,2026-07-09T07:00:02.072412Z,20260709T070002Z_batch01,P12o0XL,2026-07-10T04:00:00Z,16 19 17.0,244.82083333333335,-03 28 50,-3.4805555555555556,133.2,20.8,4.85,84.0,Map/Offsets   !,https://cgi.minorplanetcenter.net/cgi-bin/confirmeph2.cgi
20260709T070002Z,2026-07-09T07:00:02.072412Z,20260709T070002Z_batch01,P12o0XL,2026-07-10T05:00:00Z,16 19 36.3,244.90125,-03 28 19,-3.4719444444444445,133.3,20.8,4.86,84.0,Map/Offsets   !,https://cgi.minorplanetcenter.net/cgi-bin/confirmeph2.cgi
20260709T070002Z,2026-07-09T07:00:02.072412Z,20260709T070002Z_batch01,P12o0XL,2026-07-10T06:00:00Z,16 19 55.7,244.98208333333332,-03 27 49,-3.463611111111111,133.3,20.8,4.86,84.0,Map/Offsets   !,https://cgi.minorplanetcenter.net/cgi-bin/confirmeph2.cgi
20260709T070002Z,2026-07-09T07:00:02.072412Z,20260709T070002Z_batch01,P12nXcB,2026-07-09T06:00:00Z,21 20 29.6,320.12333333333333,-31 03 52,-31.064444444444444,150.2,21.5,0.48,155.2,Map/Offsets,https://cgi.minorplanetcenter.net/cgi-bin/confirmeph2.cgi
20260709T070002Z,2026-07-09T07:00:02.072412Z,20260709T070002Z_batch01,P12nXcB,2026-07-09T07:00:00Z,21 20 30.5,320.12708333333336,-31 04 18,-31.071666666666665,150.3,21.5,0.48,155.3,Map/Offsets,https://cgi.minorplanetcenter.net/cgi-bin/confirmeph2.cgi
20260709T070002Z,2026-07-09T07:00:02.072412Z,20260709T070002Z_batch01,P12nXcB,2026-07-09T08:00:00Z,21 20 31.5,320.13124999999997,-31 04 44,-31.078888888888887,150.3,21.5,0.48,155.4,Map/Offsets,https://cgi.minorplanetcenter.net/cgi-bin/confirmeph2.cgi
20260709T070002Z,2026-07-09T07:00:02.072412Z,20260709T070002Z_batch01,P12nXcB,2026-07-09T09:00:00Z,21 20 32.4,320.135,-31 05 10,-31.08611111111111,150.3,21.5,0.48,155.5,Map/Offsets,https://cgi.minorplanetcenter.net/cgi-bin/confirmeph2.cgi
20260709T070002Z,2026-07-09T07:00:02.072412Z,20260709T070002Z_batch01,P12nXcB,2026-07-09T10:00:00Z,21 20 33.3,320.13875,-31 05 37,-31.09361111111111,150.4,21.5,0.48,155.6,Map/Offsets,https://cgi.minorplanetcenter.net/cgi-bin/confirmeph2.cgi
20260709T070002Z,2026-07-09T07:00:02.072412Z,20260709T070002Z_batch01,P12nXcB,2026-07-09T11:00:00Z,21 20 34.3,320.1429166666666,-31 06 03,-31.100833333333334,150.4,21.5,0.48,155.7,Map/Offsets,https://cgi.minorplanetcenter.net/cgi-bin/confirmeph2.cgi
20260709T070002Z,2026-07-09T07:00:02.072412Z,20260709T070002Z_batch01,P12nXcB,2026-07-09T12:00:00Z,21 20 35.2,320.14666666666665,-31 06 29,-31.108055555555556,150.4,21.5,0.48,155.8,Map/Offsets,https://cgi.minorplanetcenter.net/cgi-bin/confirmeph2.cgi
20260709T070002Z,2026-07-09T07:00:02.072412Z,20260709T070002Z_batch01,P12nXcB,2026-07-09T13:00:00Z,21 20 36.1,320.1504166666667,-31 06 56,-31.115555555555556,150.4,21.5,0.48,155.9,Map/Offsets,https://cgi.minorplanetcenter.net/cgi-bin/confirmeph2.cgi
20260709T070002Z,2026-07-09T07:00:02.072412Z,20260709T070002Z_batch01,P12nXcB,2026-07-09T14:00:00Z,21 20 37.0,320.15416666666664,-31 07 22,-31.122777777777777,150.5,21.4,0.48,156.0,Map/Offsets,https://cgi.minorplanetcenter.net/cgi-bin/confirmeph2.cgi
20260709T070002Z,2026-07-09T07:00:02.072412Z,20260709T070002Z_batch01,P12nXcB,2026-07-09T15:00:00Z,21 20 37.9,320.15791666666667,-31 07 48,-31.13,150.5,21.4,0.48,156.1,Map/Offsets,https://cgi.minorplanetcenter.net/cgi-bin/confirmeph2.cgi
20260709T070002Z,2026-07-09T07:00:02.072412Z,20260709T070002Z_batch01,P12nXcB,2026-07-09T16:00:00Z,21 20 38.9,320.1620833333333,-31 08 15,-31.1375,150.5,21.4,0.48,156.2,Map/Offsets,https://cgi.minorplanetcenter.net/cgi-bin/confirmeph2.cgi
20260709T070002Z,2026-07-09T07:00:02.072412Z,20260709T070002Z_batch01,P12nXcB,2026-07-09T17:00:00Z,21 20 39.8,320.1658333333333,-31 08 41,-31.14472222222222,150.6,21.4,0.48,156.3,Map/Offsets,https://cgi.minorplanetcenter.net/cgi-bin/confirmeph2.cgi
20260709T070002Z,2026-07-09T07:00:02.072412Z,20260709T070002Z_batch01,P12nXcB,2026-07-09T18:00:00Z,21 20 40.7,320.1695833333333,-31 09 07,-31.151944444444442,150.6,21.4,0.48,156.4,Map/Offsets,https://cgi.minorplanetcenter.net/cgi-bin/confirmeph2.cgi
20260709T070002Z,2026-07-09T07:00:02.072412Z,20260709T070002Z_batch01,P12nXcB,2026-07-09T19:00:00Z,21 20 41.6,320.17333333333335,-31 09 34,-31.159444444444443,150.6,21.4,0.48,156.5,Map/Offsets,https://cgi.minorplanetcenter.net/cgi-bin/confirmeph2.cgi
20260709T070002Z,2026-07-09T07:00:02.072412Z,20260709T070002Z_batch01,P12nXcB,2026-07-09T20:00:00Z,21 20 42.4,320.1766666666666,-31 10 00,-31.166666666666668,150.7,21.4,0.48,156.6,Map/Offsets,https://cgi.minorplanetcenter.net/cgi-bin/confirmeph2.cgi
20260709T070002Z,2026-07-09T07:00:02.072412Z,20260709T070002Z_batch01,P12nXcB,2026-07-09T21:00:00Z,21 20 43.3,320.18041666666664,-31 10 27,-31.174166666666668,150.7,21.4,0.48,156.7,Map/Offsets,https://cgi.minorplanetcenter.net/cgi-bin/confirmeph2.cgi
20260709T070002Z,2026-07-09T07:00:02.072412Z,20260709T070002Z_batch01,P12nXcB,2026-07-09T22:00:00Z,21 20 44.2,320.18416666666667,-31 10 53,-31.18138888888889,150.7,21.4,0.48,156.8,Map/Offsets,https://cgi.minorplanetcenter.net/cgi-bin/confirmeph2.cgi
20260709T070002Z,2026-07-09T07:00:02.072412Z,20260709T070002Z_batch01,P12nXcB,2026-07-09T23:00:00Z,21 20 45.1,320.18791666666664,-31 11 19,-31.18861111111111,150.7,21.4,0.48,156.9,Map/Offsets,https://cgi.minorplanetcenter.net/cgi-bin/confirmeph2.cgi
20260709T070002Z,2026-07-09T07:00:02.072412Z,20260709T070002Z_batch01,P12nXcB,2026-07-10T00:00:00Z,21 20 46.0,320.19166666666666,-31 11 46,-31.19611111111111,150.8,21.4,0.48,157.0,Map/Offsets,https://cgi.minorplanetcenter.net/cgi-bin/confirmeph2.cgi
20260709T070002Z,2026-07-09T07:00:02.072412Z,20260709T070002Z_batch01,P12nXcB,2026-07-10T01:00:00Z,21 20 46.9,320.1954166666667,-31 12 12,-31.203333333333333,150.8,21.4,0.48,157.1,Map/Offsets,https://cgi.minorplanetcenter.net/cgi-bin/confirmeph2.cgi
20260709T070002Z,2026-07-09T07:00:02.072412Z,20260709T070002Z_batch01,P12nXcB,2026-07-10T02:00:00Z,21 20 47.7,320.19874999999996,-31 12 39,-31.210833333333333,150.8,21.4,0.48,157.2,Map/Offsets,https://cgi.minorplanetcenter.net/cgi-bin/confirmeph2.cgi
20260709T070002Z,2026-07-09T07:00:02.072412Z,20260709T070002Z_batch01,P12nXcB,2026-07-10T03:00:00Z,21 20 48.6,320.2025,-31 13 05,-31.218055555555555,150.9,21.4,0.48,157.3,Map/Offsets,https://cgi.minorplanetcenter.net/cgi-bin/confirmeph2.cgi
20260709T070002Z,2026-07-09T07:00:02.072412Z,20260709T070002Z_batch01,P12nXcB,2026-07-10T04:00:00Z,21 20 49.5,320.20625,-31 13 31,-31.225277777777777,150.9,21.4,0.48,157.4,Map/Offsets,https://cgi.minorplanetcenter.net/cgi-bin/confirmeph2.cgi
20260709T070002Z,2026-07-09T07:00:02.072412Z,20260709T070002Z_batch01,P12nXcB,2026-07-10T05:00:00Z,21 20 50.3,320.2095833333333,-31 13 58,-31.232777777777777,150.9,21.4,0.48,157.5,Map/Offsets,https://cgi.minorplanetcenter.net/cgi-bin/confirmeph2.cgi
20260709T070002Z,2026-07-09T07:00:02.072412Z,20260709T070002Z_batch01,P12nXcB,2026-07-10T06:00:00Z,21 20 51.2,320.2133333333333,-31 14 24,-31.240000000000002,150.9,21.4,0.48,157.6,Map/Offsets,https://cgi.minorplanetcenter.net/cgi-bin/confirmeph2.cgi
20260709T070002Z,2026-07-09T07:00:02.072412Z,20260709T070002Z_batch01,P12nXce,2026-07-09T06:00:00Z,21 59 57.2,329.98833333333334,-30 27 04,-30.45111111111111,141.9,21.1,3.68,214.0,Map/Offsets,https://cgi.minorplanetcenter.net/cgi-bin/confirmeph2.cgi
20260709T070002Z,2026-07-09T07:00:02.072412Z,20260709T070002Z_batch01,P12nXce,2026-07-09T07:00:00Z,21 59 47.6,329.9483333333333,-30 30 07,-30.501944444444444,141.9,21.1,3.68,214.0,Map/Offsets,https://cgi.minorplanetcenter.net/cgi-bin/confirmeph2.cgi
20260709T070002Z,2026-07-09T07:00:02.072412Z,20260709T070002Z_batch01,P12nXce,2026-07-09T08:00:00Z,21 59 38.1,329.90875,-30 33 10,-30.552777777777777,142.0,21.1,3.68,214.1,Map/Offsets,https://cgi.minorplanetcenter.net/cgi-bin/confirmeph2.cgi
20260709T070002Z,2026-07-09T07:00:02.072412Z,20260709T070002Z_batch01,P12nXce,2026-07-09T09:00:00Z,21 59 28.5,329.86875000000003,-30 36 12,-30.603333333333335,142.1,21.1,3.67,214.1,Map/Offsets,https://cgi.minorplanetcenter.net/cgi-bin/confirmeph2.cgi
20260709T070002Z,2026-07-09T07:00:02.072412Z,20260709T070002Z_batch01,P12nXce,2026-07-09T10:00:00Z,21 59 18.9,329.82875,-30 39 15,-30.654166666666665,142.1,21.1,3.67,214.2,Map/Offsets,https://cgi.minorplanetcenter.net/cgi-bin/confirmeph2.cgi
20260709T070002Z,2026-07-09T07:00:02.072412Z,20260709T070002Z_batch01,P12nXce,2026-07-09T11:00:00Z,21 59 09.3,329.78875000000005,-30 42 17,-30.704722222222223,142.2,21.1,3.67,214.2,Map/Offsets,https://cgi.minorplanetcenter.net/cgi-bin/confirmeph2.cgi
20260709T070002Z,2026-07-09T07:00:02.072412Z,20260709T070002Z_batch01,P12nXce,2026-07-09T12:00:00Z,21 58 59.8,329.7491666666666,-30 45 19,-30.755277777777778,142.3,21.1,3.66,214.2,Map/Offsets,https://cgi.minorplanetcenter.net/cgi-bin/confirmeph2.cgi
20260709T070002Z,2026-07-09T07:00:02.072412Z,20260709T070002Z_batch01,P12nXce,2026-07-09T13:00:00Z,21 58 50.2,329.70916666666665,-30 48 20,-30.805555555555557,142.3,21.1,3.66,214.3,Map/Offsets,https://cgi.minorplanetcenter.net/cgi-bin/confirmeph2.cgi
20260709T070002Z,2026-07-09T07:00:02.072412Z,20260709T070002Z_batch01,P12nXce,2026-07-09T14:00:00Z,21 58 40.6,329.6691666666666,-30 51 21,-30.855833333333333,142.4,21.1,3.66,214.3,Map/Offsets,https://cgi.minorplanetcenter.net/cgi-bin/confirmeph2.cgi
20260709T070002Z,2026-07-09T07:00:02.072412Z,20260709T070002Z_batch01,P12nXce,2026-07-09T15:00:00Z,21 58 31.0,329.62916666666666,-30 54 22,-30.90611111111111,142.5,21.1,3.65,214.4,Map/Offsets,https://cgi.minorplanetcenter.net/cgi-bin/confirmeph2.cgi
20260709T070002Z,2026-07-09T07:00:02.072412Z,20260709T070002Z_batch01,P12nXce,2026-07-09T16:00:00Z,21 58 21.3,329.58875,-30 57 23,-30.95638888888889,142.5,21.1,3.65,214.4,Map/Offsets,https://cgi.minorplanetcenter.net/cgi-bin/confirmeph2.cgi
20260709T070002Z,2026-07-09T07:00:02.072412Z,20260709T070002Z_batch01,P12nXce,2026-07-09T17:00:00Z,21 58 11.7,329.54875,-31 00 24,-31.006666666666668,142.6,21.1,3.65,214.4,Map/Offsets,https://cgi.minorplanetcenter.net/cgi-bin/confirmeph2.cgi
20260709T070002Z,2026-07-09T07:00:02.072412Z,20260709T070002Z_batch01,P12nXce,2026-07-09T18:00:00Z,21 58 02.1,329.50875,-31 03 24,-31.05666666666667,142.7,21.1,3.64,214.5,Map/Offsets,https://cgi.minorplanetcenter.net/cgi-bin/confirmeph2.cgi
20260709T070002Z,2026-07-09T07:00:02.072412Z,20260709T070002Z_batch01,P12nXce,2026-07-09T19:00:00Z,21 57 52.5,329.46875,-31 06 24,-31.10666666666667,142.7,21.1,3.64,214.5,Map/Offsets,https://cgi.minorplanetcenter.net/cgi-bin/confirmeph2.cgi
20260709T070002Z,2026-07-09T07:00:02.072412Z,20260709T070002Z_batch01,P12nXce,2026-07-09T20:00:00Z,21 57 42.8,329.42833333333334,-31 09 24,-31.156666666666666,142.8,21.1,3.64,214.5,Map/Offsets,https://cgi.minorplanetcenter.net/cgi-bin/confirmeph2.cgi
20260709T070002Z,2026-07-09T07:00:02.072412Z,20260709T070002Z_batch01,P12nXce,2026-07-09T21:00:00Z,21 57 33.2,329.3883333333333,-31 12 24,-31.206666666666667,142.9,21.1,3.63,214.6,Map/Offsets,https://cgi.minorplanetcenter.net/cgi-bin/confirmeph2.cgi
20260709T070002Z,2026-07-09T07:00:02.072412Z,20260709T070002Z_batch01,P12nXce,2026-07-09T22:00:00Z,21 57 23.6,329.3483333333333,-31 15 23,-31.25638888888889,142.9,21.1,3.63,214.6,Map/Offsets,https://cgi.minorplanetcenter.net/cgi-bin/confirmeph2.cgi
20260709T070002Z,2026-07-09T07:00:02.072412Z,20260709T070002Z_batch01,P12nXce,2026-07-09T23:00:00Z,21 57 13.9,329.30791666666664,-31 18 22,-31.30611111111111,143.0,21.1,3.63,214.7,Map/Offsets,https://cgi.minorplanetcenter.net/cgi-bin/confirmeph2.cgi
20260709T070002Z,2026-07-09T07:00:02.072412Z,20260709T070002Z_batch01,P12nXce,2026-07-10T00:00:00Z,21 57 04.2,329.2675,-31 21 21,-31.355833333333333,143.1,21.1,3.62,214.7,Map/Offsets,https://cgi.minorplanetcenter.net/cgi-bin/confirmeph2.cgi
20260709T070002Z,2026-07-09T07:00:02.072412Z,20260709T070002Z_batch01,P12nXce,2026-07-10T01:00:00Z,21 56 54.6,329.22749999999996,-31 24 19,-31.405277777777776,143.1,21.1,3.62,214.7,Map/Offsets,https://cgi.minorplanetcenter.net/cgi-bin/confirmeph2.cgi
20260709T070002Z,2026-07-09T07:00:02.072412Z,20260709T070002Z_batch01,P12nXce,2026-07-10T02:00:00Z,21 56 44.9,329.1870833333333,-31 27 18,-31.455,143.2,21.2,3.62,214.8,Map/Offsets,https://cgi.minorplanetcenter.net/cgi-bin/confirmeph2.cgi
20260709T070002Z,2026-07-09T07:00:02.072412Z,20260709T070002Z_batch01,P12nXce,2026-07-10T03:00:00Z,21 56 35.2,329.14666666666665,-31 30 16,-31.504444444444445,143.2,21.2,3.61,214.8,Map/Offsets,https://cgi.minorplanetcenter.net/cgi-bin/confirmeph2.cgi
20260709T070002Z,2026-07-09T07:00:02.072412Z,20260709T070002Z_batch01,P12nXce,2026-07-10T04:00:00Z,21 56 25.6,329.1066666666667,-31 33 14,-31.55388888888889,143.3,21.2,3.61,214.9,Map/Offsets,https://cgi.minorplanetcenter.net/cgi-bin/confirmeph2.cgi
20260709T070002Z,2026-07-09T07:00:02.072412Z,20260709T070002Z_batch01,P12nXce,2026-07-10T05:00:00Z,21 56 15.9,329.06625,-31 36 11,-31.603055555555557,143.4,21.2,3.61,214.9,Map/Offsets,https://cgi.minorplanetcenter.net/cgi-bin/confirmeph2.cgi
20260709T070002Z,2026-07-09T07:00:02.072412Z,20260709T070002Z_batch01,P12nXce,2026-07-10T06:00:00Z,21 56 06.2,329.02583333333337,-31 39 09,-31.6525,143.4,21.2,3.6,214.9,Map/Offsets,https://cgi.minorplanetcenter.net/cgi-bin/confirmeph2.cgi
20260709T070002Z,2026-07-09T07:00:02.072412Z,20260709T070002Z_batch01,P12nXcA,2026-07-09T06:00:00Z,21 10 24.4,317.6016666666667,-28 42 42,-28.711666666666666,152.7,20.6,2.94,332.5,Map/Offsets,https://cgi.minorplanetcenter.net/cgi-bin/confirmeph2.cgi
20260709T070002Z,2026-07-09T07:00:02.072412Z,20260709T070002Z_batch01,P12nXcA,2026-07-09T07:00:00Z,21 10 18.2,317.5758333333333,-28 40 05,-28.668055555555558,152.8,20.6,2.96,332.5,Map/Offsets,https://cgi.minorplanetcenter.net/cgi-bin/confirmeph2.cgi
20260709T070002Z,2026-07-09T07:00:02.072412Z,20260709T070002Z_batch01,P12nXcA,2026-07-09T08:00:00Z,21 10 11.9,317.5495833333334,-28 37 27,-28.624166666666667,152.9,20.5,2.98,332.5,Map/Offsets,https://cgi.minorplanetcenter.net/cgi-bin/confirmeph2.cgi
20260709T070002Z,2026-07-09T07:00:02.072412Z,20260709T070002Z_batch01,P12nXcA,2026-07-09T09:00:00Z,21 10 05.6,317.52333333333337,-28 34 47,-28.579722222222223,152.9,20.5,3.01,332.4,Map/Offsets,https://cgi.minorplanetcenter.net/cgi-bin/confirmeph2.cgi
20260709T070002Z,2026-07-09T07:00:02.072412Z,20260709T070002Z_batch01,P12nXcA,2026-07-09T10:00:00Z,21 09 59.2,317.49666666666667,-28 32 06,-28.535,153.0,20.5,3.03,332.4,Map/Offsets,https://cgi.minorplanetcenter.net/cgi-bin/confirmeph2.cgi
20260709T070002Z,2026-07-09T07:00:02.072412Z,20260709T070002Z_batch01,P12nXcA,2026-07-09T11:00:00Z,21 09 52.8,317.46999999999997,-28 29 24,-28.490000000000002,153.0,20.5,3.06,332.4,Map/Offsets,https://cgi.minorplanetcenter.net/cgi-bin/confirmeph2.cgi
20260709T070002Z,2026-07-09T07:00:02.072412Z,20260709T070002Z_batch01,P12nXcA,2026-07-09T12:00:00Z,21 09 46.3,317.44291666666663,-28 26 41,-28.44472222222222,153.1,20.5,3.09,332.4,Map/Offsets,https://cgi.minorplanetcenter.net/cgi-bin/confirmeph2.cgi
20260709T070002Z,2026-07-09T07:00:02.072412Z,20260709T070002Z_batch01,P12nXcA,2026-07-09T13:00:00Z,21 09 39.8,317.4158333333333,-28 23 56,-28.398888888888887,153.2,20.5,3.11,332.4,Map/Offsets,https://cgi.minorplanetcenter.net/cgi-bin/confirmeph2.cgi
20260709T070002Z,2026-07-09T07:00:02.072412Z,20260709T070002Z_batch01,P12nXcA,2026-07-09T14:00:00Z,21 09 33.2,317.38833333333326,-28 21 10,-28.352777777777778,153.2,20.5,3.14,332.4,Map/Offsets,https://cgi.minorplanetcenter.net/cgi-bin/confirmeph2.cgi
20260709T070002Z,2026-07-09T07:00:02.072412Z,20260709T070002Z_batch01,P12nXcA,2026-07-09T15:00:00Z,21 09 26.6,317.36083333333335,-28 18 22,-28.30611111111111,153.3,20.5,3.17,332.4,Map/Offsets,https://cgi.minorplanetcenter.net/cgi-bin/confirmeph2.cgi
20260709T070002Z,2026-07-09T07:00:02.072412Z,20260709T070002Z_batch01,P12nXcA,2026-07-09T16:00:00Z,21 09 19.9,317.3329166666667,-28 15 33,-28.259166666666665,153.4,20.5,3.19,332.4,Map/Offsets,https://cgi.minorplanetcenter.net/cgi-bin/confirmeph2.cgi
20260709T070002Z,2026-07-09T07:00:02.072412Z,20260709T070002Z_batch01,P12nXcA,2026-07-09T17:00:00Z,21 09 13.1,317.3045833333333,-28 12 43,-28.211944444444445,153.4,20.4,3.22,332.4,Map/Offsets,https://cgi.minorplanetcenter.net/cgi-bin/confirmeph2.cgi
20260709T070002Z,2026-07-09T07:00:02.072412Z,20260709T070002Z_batch01,P12nXcA,2026-07-09T18:00:00Z,21 09 06.3,317.27625,-28 09 51,-28.164166666666667,153.5,20.4,3.25,332.4,Map/Offsets,https://cgi.minorplanetcenter.net/cgi-bin/confirmeph2.cgi
20260709T070002Z,2026-07-09T07:00:02.072412Z,20260709T070002Z_batch01,P12nXcA,2026-07-09T19:00:00Z,21 08 59.5,317.24791666666664,-28 06 58,-28.116111111111113,153.6,20.4,3.28,332.3,Map/Offsets,https://cgi.minorplanetcenter.net/cgi-bin/confirmeph2.cgi
20260709T070002Z,2026-07-09T07:00:02.072412Z,20260709T070002Z_batch01,P12nXcA,2026-07-09T20:00:00Z,21 08 52.5,317.21875,-28 04 03,-28.0675,153.6,20.4,3.3,332.3,Map/Offsets,https://cgi.minorplanetcenter.net/cgi-bin/confirmeph2.cgi
20260709T070002Z,2026-07-09T07:00:02.072412Z,20260709T070002Z_batch01,P12nXcA,2026-07-09T21:00:00Z,21 08 45.6,317.19,-28 01 07,-28.01861111111111,153.7,20.4,3.33,332.3,Map/Offsets,https://cgi.minorplanetcenter.net/cgi-bin/confirmeph2.cgi
20260709T070002Z,2026-07-09T07:00:02.072412Z,20260709T070002Z_batch01,P12nXcA,2026-07-09T22:00:00Z,21 08 38.5,317.16041666666666,-27 58 09,-27.969166666666666,153.8,20.4,3.36,332.3,Map/Offsets,https://cgi.minorplanetcenter.net/cgi-bin/confirmeph2.cgi
20260709T070002Z,2026-07-09T07:00:02.072412Z,20260709T070002Z_batch01,P12nXcA,2026-07-09T23:00:00Z,21 08 31.4,317.1308333333333,-27 55 09,-27.91916666666667,153.8,20.4,3.39,332.3,Map/Offsets,https://cgi.minorplanetcenter.net/cgi-bin/confirmeph2.cgi
20260709T070002Z,2026-07-09T07:00:02.072412Z,20260709T070002Z_batch01,P12nXcA,2026-07-10T00:00:00Z,21 08 24.3,317.10125,-27 52 09,-27.86916666666667,153.9,20.4,3.42,332.3,Map/Offsets,https://cgi.minorplanetcenter.net/cgi-bin/confirmeph2.cgi
20260709T070002Z,2026-07-09T07:00:02.072412Z,20260709T070002Z_batch01,P12nXcA,2026-07-10T01:00:00Z,21 08 17.0,317.0708333333333,-27 49 06,-27.81833333333333,154.0,20.3,3.45,332.3,Map/Offsets,https://cgi.minorplanetcenter.net/cgi-bin/confirmeph2.cgi
20260709T070002Z,2026-07-09T07:00:02.072412Z,20260709T070002Z_batch01,P12nXcA,2026-07-10T02:00:00Z,21 08 09.7,317.04041666666666,-27 46 02,-27.76722222222222,154.0,20.3,3.48,332.3,Map/Offsets,https://cgi.minorplanetcenter.net/cgi-bin/confirmeph2.cgi
20260709T070002Z,2026-07-09T07:00:02.072412Z,20260709T070002Z_batch01,P12nXcA,2026-07-10T03:00:00Z,21 08 02.4,317.01,-27 42 56,-27.715555555555554,154.1,20.3,3.51,332.3,Map/Offsets,https://cgi.minorplanetcenter.net/cgi-bin/confirmeph2.cgi
20260709T070002Z,2026-07-09T07:00:02.072412Z,20260709T070002Z_batch01,P12nXcA,2026-07-10T04:00:00Z,21 07 55.0,316.9791666666667,-27 39 49,-27.66361111111111,154.2,20.3,3.54,332.3,Map/Offsets,https://cgi.minorplanetcenter.net/cgi-bin/confirmeph2.cgi
20260709T070002Z,2026-07-09T07:00:02.072412Z,20260709T070002Z_batch01,P12nXcA,2026-07-10T05:00:00Z,21 07 47.5,316.9479166666667,-27 36 40,-27.611111111111114,154.2,20.3,3.57,332.3,Map/Offsets,https://cgi.minorplanetcenter.net/cgi-bin/confirmeph2.cgi
20260709T070002Z,2026-07-09T07:00:02.072412Z,20260709T070002Z_batch01,P12nXcA,2026-07-10T06:00:00Z,21 07 40.0,316.9166666666667,-27 33 29,-27.558055555555555,154.3,20.3,3.61,332.3,Map/Offsets,https://cgi.minorplanetcenter.net/cgi-bin/confirmeph2.cgi
20260709T070002Z,2026-07-09T07:00:02.072412Z,20260709T070002Z_batch01,P12nXcf,2026-07-09T06:00:00Z,21 00 11.5,315.04791666666665,-21 41 09,-21.685833333333335,155.1,21.1,4.56,350.3,Map/Offsets,https://cgi.minorplanetcenter.net/cgi-bin/confirmeph2.cgi
20260709T070002Z,2026-07-09T07:00:02.072412Z,20260709T070002Z_batch01,P12nXcf,2026-07-09T07:00:00Z,21 00 08.2,315.0341666666667,-21 36 38,-21.610555555555557,155.1,21.1,4.58,350.3,Map/Offsets,https://cgi.minorplanetcenter.net/cgi-bin/confirmeph2.cgi
20260709T070002Z,2026-07-09T07:00:02.072412Z,20260709T070002Z_batch01,P12nXcf,2026-07-09T08:00:00Z,21 00 04.9,315.0204166666667,-21 32 07,-21.53527777777778,155.1,21.1,4.59,350.3,Map/Offsets,https://cgi.minorplanetcenter.net/cgi-bin/confirmeph2.cgi
20260709T070002Z,2026-07-09T07:00:02.072412Z,20260709T070002Z_batch01,P12nXcf,2026-07-09T09:00:00Z,21 00 01.5,315.00625,-21 27 35,-21.459722222222222,155.2,21.1,4.61,350.3,Map/Offsets,https://cgi.minorplanetcenter.net/cgi-bin/confirmeph2.cgi
20260709T070002Z,2026-07-09T07:00:02.072412Z,20260709T070002Z_batch01,P12nXcf,2026-07-09T10:00:00Z,20 59 58.2,314.9925,-21 23 02,-21.383888888888887,155.2,21.1,4.62,350.2,Map/Offsets,https://cgi.minorplanetcenter.net/cgi-bin/confirmeph2.cgi
20260709T070002Z,2026-07-09T07:00:02.072412Z,20260709T070002Z_batch01,P12nXcf,2026-07-09T11:00:00Z,20 59 54.8,314.97833333333335,-21 18 28,-21.30777777777778,155.3,21.1,4.64,350.2,Map/Offsets,https://cgi.minorplanetcenter.net/cgi-bin/confirmeph2.cgi
20260709T070002Z,2026-07-09T07:00:02.072412Z,20260709T070002Z_batch01,P12nXcf,2026-07-09T12:00:00Z,20 59 51.4,314.9641666666667,-21 13 53,-21.231388888888887,155.3,21.1,4.65,350.2,Map/Offsets,https://cgi.minorplanetcenter.net/cgi-bin/confirmeph2.cgi
20260709T070002Z,2026-07-09T07:00:02.072412Z,20260709T070002Z_batch01,P12nXcf,2026-07-09T13:00:00Z,20 59 48.0,314.95,-21 09 18,-21.154999999999998,155.3,21.1,4.67,350.2,Map/Offsets,https://cgi.minorplanetcenter.net/cgi-bin/confirmeph2.cgi
20260709T070002Z,2026-07-09T07:00:02.072412Z,20260709T070002Z_batch01,P12nXcf,2026-07-09T14:00:00Z,20 59 44.6,314.93583333333333,-21 04 41,-21.078055555555554,155.4,21.1,4.69,350.2,Map/Offsets,https://cgi.minorplanetcenter.net/cgi-bin/confirmeph2.cgi
20260709T070002Z,2026-07-09T07:00:02.072412Z,20260709T070002Z_batch01,P12nXcf,2026-07-09T15:00:00Z,20 59 41.2,314.9216666666667,-21 00 04,-21.00111111111111,155.4,21.1,4.7,350.2,Map/Offsets,https://cgi.minorplanetcenter.net/cgi-bin/confirmeph2.cgi
20260709T070002Z,2026-07-09T07:00:02.072412Z,20260709T070002Z_batch01,P12nXcf,2026-07-09T16:00:00Z,20 59 37.7,314.90708333333333,-20 55 25,-20.92361111111111,155.5,21.1,4.72,350.2,Map/Offsets,https://cgi.minorplanetcenter.net/cgi-bin/confirmeph2.cgi
20260709T070002Z,2026-07-09T07:00:02.072412Z,20260709T070002Z_batch01,P12nXcf,2026-07-09T17:00:00Z,20 59 34.3,314.8929166666667,-20 50 46,-20.84611111111111,155.5,21.1,4.73,350.2,Map/Offsets,https://cgi.minorplanetcenter.net/cgi-bin/confirmeph2.cgi
20260709T070002Z,2026-07-09T07:00:02.072412Z,20260709T070002Z_batch01,P12nXcf,2026-07-09T18:00:00Z,20 59 30.8,314.8783333333334,-20 46 05,-20.768055555555556,155.6,21.0,4.75,350.1,Map/Offsets,https://cgi.minorplanetcenter.net/cgi-bin/confirmeph2.cgi
20260709T070002Z,2026-07-09T07:00:02.072412Z,20260709T070002Z_batch01,P12nXcf,2026-07-09T19:00:00Z,20 59 27.3,314.86375,-20 41 24,-20.69,155.6,21.0,4.76,350.1,Map/Offsets,https://cgi.minorplanetcenter.net/cgi-bin/confirmeph2.cgi
20260709T070002Z,2026-07-09T07:00:02.072412Z,20260709T070002Z_batch01,P12nXcf,2026-07-09T20:00:00Z,20 59 23.8,314.8491666666667,-20 36 42,-20.611666666666668,155.6,21.0,4.78,350.1,Map/Offsets,https://cgi.minorplanetcenter.net/cgi-bin/confirmeph2.cgi
20260709T070002Z,2026-07-09T07:00:02.072412Z,20260709T070002Z_batch01,P12nXcf,2026-07-09T21:00:00Z,20 59 20.3,314.83458333333334,-20 31 59,-20.533055555555556,155.7,21.0,4.8,350.1,Map/Offsets,https://cgi.minorplanetcenter.net/cgi-bin/confirmeph2.cgi
20260709T070002Z,2026-07-09T07:00:02.072412Z,20260709T070002Z_batch01,P12nXcf,2026-07-09T22:00:00Z,20 59 16.8,314.82,-20 27 15,-20.454166666666666,155.7,21.0,4.81,350.1,Map/Offsets,https://cgi.minorplanetcenter.net/cgi-bin/confirmeph2.cgi
20260709T070002Z,2026-07-09T07:00:02.072412Z,20260709T070002Z_batch01,P12nXcf,2026-07-09T23:00:00Z,20 59 13.2,314.805,-20 22 30,-20.375,155.8,21.0,4.83,350.1,Map/Offsets,https://cgi.minorplanetcenter.net/cgi-bin/confirmeph2.cgi
20260709T070002Z,2026-07-09T07:00:02.072412Z,20260709T070002Z_batch01,P12nXcf,2026-07-10T00:00:00Z,20 59 09.7,314.79041666666666,-20 17 44,-20.295555555555556,155.8,21.0,4.84,350.1,Map/Offsets,https://cgi.minorplanetcenter.net/cgi-bin/confirmeph2.cgi
20260709T070002Z,2026-07-09T07:00:02.072412Z,20260709T070002Z_batch01,P12nXcf,2026-07-10T01:00:00Z,20 59 06.1,314.77541666666673,-20 12 57,-20.215833333333332,155.8,21.0,4.86,350.1,Map/Offsets,https://cgi.minorplanetcenter.net/cgi-bin/confirmeph2.cgi
20260709T070002Z,2026-07-09T07:00:02.072412Z,20260709T070002Z_batch01,P12nXcf,2026-07-10T02:00:00Z,20 59 02.5,314.7604166666667,-20 08 10,-20.13611111111111,155.9,21.0,4.88,350.0,Map/Offsets,https://cgi.minorplanetcenter.net/cgi-bin/confirmeph2.cgi
20260709T070002Z,2026-07-09T07:00:02.072412Z,20260709T070002Z_batch01,P12nXcf,2026-07-10T03:00:00Z,20 58 58.9,314.74541666666664,-20 03 21,-20.055833333333332,155.9,21.0,4.89,350.0,Map/Offsets,https://cgi.minorplanetcenter.net/cgi-bin/confirmeph2.cgi
20260709T070002Z,2026-07-09T07:00:02.072412Z,20260709T070002Z_batch01,P12nXcf,2026-07-10T04:00:00Z,20 58 55.3,314.73041666666666,-19 58 31,-19.975277777777777,156.0,21.0,4.91,350.0,Map/Offsets,https://cgi.minorplanetcenter.net/cgi-bin/confirmeph2.cgi
20260709T070002Z,2026-07-09T07:00:02.072412Z,20260709T070002Z_batch01,P12nXcf,2026-07-10T05:00:00Z,20 58 51.7,314.7154166666666,-19 53 41,-19.89472222222222,156.0,21.0,4.93,350.0,Map/Offsets,https://cgi.minorplanetcenter.net/cgi-bin/confirmeph2.cgi
20260709T070002Z,2026-07-09T07:00:02.072412Z,20260709T070002Z_batch01,P12nXcf,2026-07-10T06:00:00Z,20 58 48.0,314.69999999999993,-19 48 49,-19.81361111111111,156.0,21.0,4.94,350.0,Map/Offsets,https://cgi.minorplanetcenter.net/cgi-bin/confirmeph2.cgi
20260709T070002Z,2026-07-09T07:00:02.072412Z,20260709T070002Z_batch01,P12nX9q,2026-07-09T06:00:00Z,16 29 17.5,247.32291666666669,-07 08 07,-7.1352777777777785,137.9,21.0,1.34,293.3,Map/Offsets,https://cgi.minorplanetcenter.net/cgi-bin/confirmeph2.cgi
20260709T070002Z,2026-07-09T07:00:02.072412Z,20260709T070002Z_batch01,P12nX9q,2026-07-09T07:00:00Z,16 29 12.5,247.30208333333334,-07 07 35,-7.126388888888888,137.8,21.0,1.34,293.3,Map/Offsets,https://cgi.minorplanetcenter.net/cgi-bin/confirmeph2.cgi
20260709T070002Z,2026-07-09T07:00:02.072412Z,20260709T070002Z_batch01,P12nX9q,2026-07-09T08:00:00Z,16 29 07.5,247.28125000000003,-07 07 03,-7.1175,137.8,21.0,1.34,293.3,Map/Offsets,https://cgi.minorplanetcenter.net/cgi-bin/confirmeph2.cgi
20260709T070002Z,2026-07-09T07:00:02.072412Z,20260709T070002Z_batch01,P12nX9q,2026-07-09T09:00:00Z,16 29 02.5,247.26041666666669,-07 06 31,-7.10861111111111,137.7,21.0,1.34,293.3,Map/Offsets,https://cgi.minorplanetcenter.net/cgi-bin/confirmeph2.cgi
20260709T070002Z,2026-07-09T07:00:02.072412Z,20260709T070002Z_batch01,P12nX9q,2026-07-09T10:00:00Z,16 28 57.6,247.23999999999995,-07 05 59,-7.099722222222222,137.7,21.0,1.34,293.3,Map/Offsets,https://cgi.minorplanetcenter.net/cgi-bin/confirmeph2.cgi
20260709T070002Z,2026-07-09T07:00:02.072412Z,20260709T070002Z_batch01,P12nX9q,2026-07-09T11:00:00Z,16 28 52.6,247.21916666666664,-07 05 27,-7.090833333333333,137.6,21.0,1.35,293.3,Map/Offsets,https://cgi.minorplanetcenter.net/cgi-bin/confirmeph2.cgi
20260709T070002Z,2026-07-09T07:00:02.072412Z,20260709T070002Z_batch01,P12nX9q,2026-07-09T12:00:00Z,16 28 47.6,247.1983333333333,-07 04 56,-7.082222222222222,137.5,21.0,1.35,293.3,Map/Offsets,https://cgi.minorplanetcenter.net/cgi-bin/confirmeph2.cgi
20260709T070002Z,2026-07-09T07:00:02.072412Z,20260709T070002Z_batch01,P12nX9q,2026-07-09T13:00:00Z,16 28 42.6,247.17749999999995,-07 04 24,-7.073333333333333,137.5,21.0,1.35,293.3,Map/Offsets,https://cgi.minorplanetcenter.net/cgi-bin/confirmeph2.cgi
20260709T070002Z,2026-07-09T07:00:02.072412Z,20260709T070002Z_batch01,P12nX9q,2026-07-09T14:00:00Z,16 28 37.6,247.15666666666667,-07 03 52,-7.064444444444444,137.4,21.0,1.35,293.3,Map/Offsets,https://cgi.minorplanetcenter.net/cgi-bin/confirmeph2.cgi
20260709T070002Z,2026-07-09T07:00:02.072412Z,20260709T070002Z_batch01,P12nX9q,2026-07-09T15:00:00Z,16 28 32.6,247.1358333333333,-07 03 20,-7.055555555555555,137.4,21.0,1.35,293.3,Map/Offsets,https://cgi.minorplanetcenter.net/cgi-bin/confirmeph2.cgi
20260709T070002Z,2026-07-09T07:00:02.072412Z,20260709T070002Z_batch01,P12nX9q,2026-07-09T16:00:00Z,16 28 27.6,247.11499999999995,-07 02 48,-7.046666666666667,137.3,21.0,1.35,293.3,Map/Offsets,https://cgi.minorplanetcenter.net/cgi-bin/confirmeph2.cgi
20260709T070002Z,2026-07-09T07:00:02.072412Z,20260709T070002Z_batch01,P12nX9q,2026-07-09T17:00:00Z,16 28 22.6,247.09416666666667,-07 02 16,-7.0377777777777775,137.2,21.0,1.35,293.2,Map/Offsets,https://cgi.minorplanetcenter.net/cgi-bin/confirmeph2.cgi
20260709T070002Z,2026-07-09T07:00:02.072412Z,20260709T070002Z_batch01,P12nX9q,2026-07-09T18:00:00Z,16 28 17.6,247.07333333333332,-07 01 44,-7.028888888888889,137.2,21.0,1.35,293.2,Map/Offsets,https://cgi.minorplanetcenter.net/cgi-bin/confirmeph2.cgi
20260709T070002Z,2026-07-09T07:00:02.072412Z,20260709T070002Z_batch01,P12nX9q,2026-07-09T19:00:00Z,16 28 12.6,247.05249999999995,-07 01 12,-7.02,137.1,21.0,1.35,293.2,Map/Offsets,https://cgi.minorplanetcenter.net/cgi-bin/confirmeph2.cgi
20260709T070002Z,2026-07-09T07:00:02.072412Z,20260709T070002Z_batch01,P12nX9q,2026-07-09T20:00:00Z,16 28 07.6,247.03166666666667,-07 00 40,-7.011111111111111,137.1,21.0,1.35,293.2,Map/Offsets,https://cgi.minorplanetcenter.net/cgi-bin/confirmeph2.cgi
20260709T070002Z,2026-07-09T07:00:02.072412Z,20260709T070002Z_batch01,P12nX9q,2026-07-09T21:00:00Z,16 28 02.6,247.01083333333332,-07 00 08,-7.002222222222223,137.0,21.0,1.35,293.2,Map/Offsets,https://cgi.minorplanetcenter.net/cgi-bin/confirmeph2.cgi
20260709T070002Z,2026-07-09T07:00:02.072412Z,20260709T070002Z_batch01,P12nX9q,2026-07-09T22:00:00Z,16 27 57.6,246.98999999999995,-06 59 36,-6.993333333333333,136.9,21.0,1.35,293.2,Map/Offsets,https://cgi.minorplanetcenter.net/cgi-bin/confirmeph2.cgi
20260709T070002Z,2026-07-09T07:00:02.072412Z,20260709T070002Z_batch01,P12nX9q,2026-07-09T23:00:00Z,16 27 52.6,246.96916666666667,-06 59 04,-6.984444444444445,136.9,21.0,1.36,293.2,Map/Offsets,https://cgi.minorplanetcenter.net/cgi-bin/confirmeph2.cgi
20260709T070002Z,2026-07-09T07:00:02.072412Z,20260709T070002Z_batch01,P12nX9q,2026-07-10T00:00:00Z,16 27 47.6,246.94833333333332,-06 58 31,-6.9752777777777775,136.8,21.0,1.36,293.2,Map/Offsets,https://cgi.minorplanetcenter.net/cgi-bin/confirmeph2.cgi
20260709T070002Z,2026-07-09T07:00:02.072412Z,20260709T070002Z_batch01,P12nX9q,2026-07-10T01:00:00Z,16 27 42.5,246.92708333333331,-06 57 59,-6.966388888888889,136.8,21.0,1.36,293.2,Map/Offsets,https://cgi.minorplanetcenter.net/cgi-bin/confirmeph2.cgi
20260709T070002Z,2026-07-09T07:00:02.072412Z,20260709T070002Z_batch01,P12nX9q,2026-07-10T02:00:00Z,16 27 37.5,246.90625,-06 57 27,-6.9575000000000005,136.7,21.0,1.36,293.2,Map/Offsets,https://cgi.minorplanetcenter.net/cgi-bin/confirmeph2.cgi
20260709T070002Z,2026-07-09T07:00:02.072412Z,20260709T070002Z_batch01,P12nX9q,2026-07-10T03:00:00Z,16 27 32.5,246.88541666666666,-06 56 55,-6.948611111111111,136.7,21.0,1.36,293.2,Map/Offsets,https://cgi.minorplanetcenter.net/cgi-bin/confirmeph2.cgi
20260709T070002Z,2026-07-09T07:00:02.072412Z,20260709T070002Z_batch01,P12nX9q,2026-07-10T04:00:00Z,16 27 27.4,246.86416666666665,-06 56 23,-6.939722222222223,136.6,21.0,1.36,293.2,Map/Offsets,https://cgi.minorplanetcenter.net/cgi-bin/confirmeph2.cgi
20260709T070002Z,2026-07-09T07:00:02.072412Z,20260709T070002Z_batch01,P12nX9q,2026-07-10T05:00:00Z,16 27 22.4,246.84333333333336,-06 55 51,-6.930833333333334,136.5,21.0,1.36,293.2,Map/Offsets,https://cgi.minorplanetcenter.net/cgi-bin/confirmeph2.cgi
20260709T070002Z,2026-07-09T07:00:02.072412Z,20260709T070002Z_batch01,P12nX9q,2026-07-10T06:00:00Z,16 27 17.4,246.8225,-06 55 19,-6.921944444444445,136.5,21.0,1.36,293.2,Map/Offsets,https://cgi.minorplanetcenter.net/cgi-bin/confirmeph2.cgi
20260709T070002Z,2026-07-09T07:00:02.072412Z,20260709T070002Z_batch01,A11Eq8v,2026-07-09T06:00:00Z,20 13 28.3,303.36791666666664,-53 24 33,-53.409166666666664,146.9,19.4,14.59,62.0,Map/Offsets,https://cgi.minorplanetcenter.net/cgi-bin/confirmeph2.cgi
20260709T070002Z,2026-07-09T07:00:02.072412Z,20260709T070002Z_batch01,A11Eq8v,2026-07-09T07:00:00Z,20 14 54.4,303.7266666666667,-53 17 41,-53.29472222222222,146.9,19.4,14.56,61.7,Map/Offsets,https://cgi.minorplanetcenter.net/cgi-bin/confirmeph2.cgi
20260709T070002Z,2026-07-09T07:00:02.072412Z,20260709T070002Z_batch01,A11Eq8v,2026-07-09T08:00:00Z,20 16 19.9,304.0829166666667,-53 10 46,-53.17944444444444,146.9,19.4,14.54,61.4,Map/Offsets,https://cgi.minorplanetcenter.net/cgi-bin/confirmeph2.cgi
20260709T070002Z,2026-07-09T07:00:02.072412Z,20260709T070002Z_batch01,A11Eq8v,2026-07-09T09:00:00Z,20 17 44.9,304.43708333333336,-53 03 47,-53.06305555555555,146.9,19.4,14.51,61.1,Map/Offsets,https://cgi.minorplanetcenter.net/cgi-bin/confirmeph2.cgi
20260709T070002Z,2026-07-09T07:00:02.072412Z,20260709T070002Z_batch01,A11Eq8v,2026-07-09T10:00:00Z,20 19 09.2,304.78833333333336,-52 56 45,-52.94583333333333,146.9,19.4,14.49,60.9,Map/Offsets,https://cgi.minorplanetcenter.net/cgi-bin/confirmeph2.cgi
20260709T070002Z,2026-07-09T07:00:02.072412Z,20260709T070002Z_batch01,A11Eq8v,2026-07-09T11:00:00Z,20 20 32.8,305.13666666666666,-52 49 40,-52.82777777777778,146.9,19.4,14.46,60.6,Map/Offsets,https://cgi.minorplanetcenter.net/cgi-bin/confirmeph2.cgi
20260709T070002Z,2026-07-09T07:00:02.072412Z,20260709T070002Z_batch01,A11Eq8v,2026-07-09T12:00:00Z,20 21 55.9,305.48291666666665,-52 42 32,-52.70888888888889,146.9,19.4,14.44,60.3,Map/Offsets,https://cgi.minorplanetcenter.net/cgi-bin/confirmeph2.cgi
20260709T070002Z,2026-07-09T07:00:02.072412Z,20260709T070002Z_batch01,A11Eq8v,2026-07-09T13:00:00Z,20 23 18.4,305.8266666666667,-52 35 22,-52.589444444444446,147.0,19.4,14.41,60.0,Map/Offsets,https://cgi.minorplanetcenter.net/cgi-bin/confirmeph2.cgi
20260709T070002Z,2026-07-09T07:00:02.072412Z,20260709T070002Z_batch01,A11Eq8v,2026-07-09T14:00:00Z,20 24 40.3,306.16791666666666,-52 28 08,-52.46888888888889,147.0,19.5,14.38,59.7,Map/Offsets,https://cgi.minorplanetcenter.net/cgi-bin/confirmeph2.cgi
20260709T070002Z,2026-07-09T07:00:02.072412Z,20260709T070002Z_batch01,A11Eq8v,2026-07-09T15:00:00Z,20 26 01.5,306.50625,-52 20 52,-52.34777777777778,147.0,19.5,14.36,59.4,Map/Offsets,https://cgi.minorplanetcenter.net/cgi-bin/confirmeph2.cgi
20260709T070002Z,2026-07-09T07:00:02.072412Z,20260709T070002Z_batch01,A11Eq8v,2026-07-09T16:00:00Z,20 27 22.2,306.8425,-52 13 32,-52.22555555555556,147.0,19.5,14.33,59.2,Map/Offsets,https://cgi.minorplanetcenter.net/cgi-bin/confirmeph2.cgi
20260709T070002Z,2026-07-09T07:00:02.072412Z,20260709T070002Z_batch01,A11Eq8v,2026-07-09T17:00:00Z,20 28 42.2,307.1758333333333,-52 06 11,-52.10305555555556,147.0,19.5,14.3,58.9,Map/Offsets,https://cgi.minorplanetcenter.net/cgi-bin/confirmeph2.cgi
20260709T070002Z,2026-07-09T07:00:02.072412Z,20260709T070002Z_batch01,A11Eq8v,2026-07-09T18:00:00Z,20 30 01.6,307.50666666666666,-51 58 46,-51.97944444444445,147.0,19.5,14.27,58.6,Map/Offsets,https://cgi.minorplanetcenter.net/cgi-bin/confirmeph2.cgi
20260709T070002Z,2026-07-09T07:00:02.072412Z,20260709T070002Z_batch01,A11Eq8v,2026-07-09T19:00:00Z,20 31 20.4,307.835,-51 51 19,-51.85527777777778,147.0,19.5,14.24,58.4,Map/Offsets,https://cgi.minorplanetcenter.net/cgi-bin/confirmeph2.cgi
20260709T070002Z,2026-07-09T07:00:02.072412Z,20260709T070002Z_batch01,A11Eq8v,2026-07-09T20:00:00Z,20 32 38.7,308.16125000000005,-51 43 50,-51.730555555555554,147.0,19.5,14.21,58.1,Map/Offsets,https://cgi.minorplanetcenter.net/cgi-bin/confirmeph2.cgi
20260709T070002Z,2026-07-09T07:00:02.072412Z,20260709T070002Z_batch01,A11Eq8v,2026-07-09T21:00:00Z,20 33 56.3,308.4845833333334,-51 36 18,-51.605000000000004,147.0,19.5,14.18,57.8,Map/Offsets,https://cgi.minorplanetcenter.net/cgi-bin/confirmeph2.cgi
20260709T070002Z,2026-07-09T07:00:02.072412Z,20260709T070002Z_batch01,A11Eq8v,2026-07-09T22:00:00Z,20 35 13.3,308.80541666666664,-51 28 44,-51.47888888888889,147.0,19.5,14.15,57.6,Map/Offsets,https://cgi.minorplanetcenter.net/cgi-bin/confirmeph2.cgi
20260709T070002Z,2026-07-09T07:00:02.072412Z,20260709T070002Z_batch01,A11Eq8v,2026-07-09T23:00:00Z,20 36 29.7,309.12375000000003,-51 21 08,-51.352222222222224,147.0,19.5,14.12,57.3,Map/Offsets,https://cgi.minorplanetcenter.net/cgi-bin/confirmeph2.cgi
20260709T070002Z,2026-07-09T07:00:02.072412Z,20260709T070002Z_batch01,A11Eq8v,2026-07-10T00:00:00Z,20 37 45.5,309.43958333333336,-51 13 29,-51.224722222222226,147.0,19.5,14.09,57.1,Map/Offsets,https://cgi.minorplanetcenter.net/cgi-bin/confirmeph2.cgi
20260709T070002Z,2026-07-09T07:00:02.072412Z,20260709T070002Z_batch01,A11Eq8v,2026-07-10T01:00:00Z,20 39 00.8,309.75333333333333,-51 05 48,-51.09666666666667,147.0,19.5,14.06,56.8,Map/Offsets,https://cgi.minorplanetcenter.net/cgi-bin/confirmeph2.cgi
20260709T070002Z,2026-07-09T07:00:02.072412Z,20260709T070002Z_batch01,A11Eq8v,2026-07-10T02:00:00Z,20 40 15.4,310.06416666666667,-50 58 06,-50.968333333333334,147.0,19.5,14.03,56.6,Map/Offsets,https://cgi.minorplanetcenter.net/cgi-bin/confirmeph2.cgi
20260709T070002Z,2026-07-09T07:00:02.072412Z,20260709T070002Z_batch01,A11Eq8v,2026-07-10T03:00:00Z,20 41 29.4,310.3725,-50 50 21,-50.83916666666667,147.0,19.5,13.99,56.3,Map/Offsets,https://cgi.minorplanetcenter.net/cgi-bin/confirmeph2.cgi
20260709T070002Z,2026-07-09T07:00:02.072412Z,20260709T070002Z_batch01,A11Eq8v,2026-07-10T04:00:00Z,20 42 42.9,310.67875000000004,-50 42 34,-50.70944444444445,146.9,19.5,13.96,56.1,Map/Offsets,https://cgi.minorplanetcenter.net/cgi-bin/confirmeph2.cgi
20260709T070002Z,2026-07-09T07:00:02.072412Z,20260709T070002Z_batch01,A11Eq8v,2026-07-10T05:00:00Z,20 43 55.8,310.98249999999996,-50 34 46,-50.57944444444445,146.9,19.5,13.93,55.8,Map/Offsets,https://cgi.minorplanetcenter.net/cgi-bin/confirmeph2.cgi
20260709T070002Z,2026-07-09T07:00:02.072412Z,20260709T070002Z_batch01,A11Eq8v,2026-07-10T06:00:00Z,20 45 08.0,311.28333333333336,-50 26 56,-50.44888888888889,146.9,19.5,13.89,55.6,Map/Offsets,https://cgi.minorplanetcenter.net/cgi-bin/confirmeph2.cgi
20260709T070002Z,2026-07-09T07:00:02.072412Z,20260709T070002Z_batch01,A11EpSe,2026-07-09T06:00:00Z,19 40 45.8,295.1908333333334,-30 09 41,-30.161388888888887,170.0,19.5,0.5,319.5,Map/Offsets,https://cgi.minorplanetcenter.net/cgi-bin/confirmeph2.cgi
20260709T070002Z,2026-07-09T07:00:02.072412Z,20260709T070002Z_batch01,A11EpSe,2026-07-09T07:00:00Z,19 40 44.3,295.18458333333336,-30 09 18,-30.154999999999998,170.0,19.5,0.5,319.5,Map/Offsets,https://cgi.minorplanetcenter.net/cgi-bin/confirmeph2.cgi
20260709T070002Z,2026-07-09T07:00:02.072412Z,20260709T070002Z_batch01,A11EpSe,2026-07-09T08:00:00Z,19 40 42.7,295.1779166666667,-30 08 55,-30.148611111111112,170.0,19.5,0.5,319.5,Map/Offsets,https://cgi.minorplanetcenter.net/cgi-bin/confirmeph2.cgi
20260709T070002Z,2026-07-09T07:00:02.072412Z,20260709T070002Z_batch01,A11EpSe,2026-07-09T09:00:00Z,19 40 41.2,295.1716666666667,-30 08 32,-30.142222222222223,170.1,19.5,0.5,319.5,Map/Offsets,https://cgi.minorplanetcenter.net/cgi-bin/confirmeph2.cgi
20260709T070002Z,2026-07-09T07:00:02.072412Z,20260709T070002Z_batch01,A11EpSe,2026-07-09T10:00:00Z,19 40 39.7,295.16541666666666,-30 08 09,-30.135833333333334,170.1,19.5,0.51,319.5,Map/Offsets,https://cgi.minorplanetcenter.net/cgi-bin/confirmeph2.cgi
20260709T070002Z,2026-07-09T07:00:02.072412Z,20260709T070002Z_batch01,A11EpSe,2026-07-09T11:00:00Z,19 40 38.2,295.1591666666667,-30 07 46,-30.129444444444445,170.1,19.5,0.51,319.5,Map/Offsets,https://cgi.minorplanetcenter.net/cgi-bin/confirmeph2.cgi
20260709T070002Z,2026-07-09T07:00:02.072412Z,20260709T070002Z_batch01,A11EpSe,2026-07-09T12:00:00Z,19 40 36.7,295.15291666666667,-30 07 23,-30.123055555555556,170.1,19.5,0.51,319.5,Map/Offsets,https://cgi.minorplanetcenter.net/cgi-bin/confirmeph2.cgi
20260709T070002Z,2026-07-09T07:00:02.072412Z,20260709T070002Z_batch01,A11EpSe,2026-07-09T13:00:00Z,19 40 35.2,295.1466666666667,-30 07 00,-30.116666666666667,170.2,19.5,0.51,319.5,Map/Offsets,https://cgi.minorplanetcenter.net/cgi-bin/confirmeph2.cgi
20260709T070002Z,2026-07-09T07:00:02.072412Z,20260709T070002Z_batch01,A11EpSe,2026-07-09T14:00:00Z,19 40 33.6,295.14000000000004,-30 06 36,-30.110000000000003,170.2,19.5,0.51,319.5,Map/Offsets,https://cgi.minorplanetcenter.net/cgi-bin/confirmeph2.cgi
20260709T070002Z,2026-07-09T07:00:02.072412Z,20260709T070002Z_batch01,A11EpSe,2026-07-09T15:00:00Z,19 40 32.1,295.13375,-30 06 13,-30.103611111111114,170.2,19.5,0.51,319.5,Map/Offsets,https://cgi.minorplanetcenter.net/cgi-bin/confirmeph2.cgi
20260709T070002Z,2026-07-09T07:00:02.072412Z,20260709T070002Z_batch01,A11EpSe,2026-07-09T16:00:00Z,19 40 30.6,295.12750000000005,-30 05 50,-30.09722222222222,170.3,19.5,0.51,319.5,Map/Offsets,https://cgi.minorplanetcenter.net/cgi-bin/confirmeph2.cgi
20260709T070002Z,2026-07-09T07:00:02.072412Z,20260709T070002Z_batch01,A11EpSe,2026-07-09T17:00:00Z,19 40 29.1,295.12125,-30 05 27,-30.090833333333332,170.3,19.5,0.51,319.5,Map/Offsets,https://cgi.minorplanetcenter.net/cgi-bin/confirmeph2.cgi
20260709T070002Z,2026-07-09T07:00:02.072412Z,20260709T070002Z_batch01,A11EpSe,2026-07-09T18:00:00Z,19 40 27.5,295.1145833333333,-30 05 03,-30.084166666666665,170.3,19.5,0.51,319.5,Map/Offsets,https://cgi.minorplanetcenter.net/cgi-bin/confirmeph2.cgi
20260709T070002Z,2026-07-09T07:00:02.072412Z,20260709T070002Z_batch01,A11EpSe,2026-07-09T19:00:00Z,19 40 26.0,295.10833333333335,-30 04 40,-30.07777777777778,170.3,19.5,0.51,319.5,Map/Offsets,https://cgi.minorplanetcenter.net/cgi-bin/confirmeph2.cgi
20260709T070002Z,2026-07-09T07:00:02.072412Z,20260709T070002Z_batch01,A11EpSe,2026-07-09T20:00:00Z,19 40 24.5,295.1020833333333,-30 04 17,-30.07138888888889,170.4,19.5,0.51,319.5,Map/Offsets,https://cgi.minorplanetcenter.net/cgi-bin/confirmeph2.cgi
20260709T070002Z,2026-07-09T07:00:02.072412Z,20260709T070002Z_batch01,A11EpSe,2026-07-09T21:00:00Z,19 40 22.9,295.09541666666667,-30 03 53,-30.064722222222223,170.4,19.5,0.51,319.5,Map/Offsets,https://cgi.minorplanetcenter.net/cgi-bin/confirmeph2.cgi
20260709T070002Z,2026-07-09T07:00:02.072412Z,20260709T070002Z_batch01,A11EpSe,2026-07-09T22:00:00Z,19 40 21.4,295.0891666666667,-30 03 30,-30.058333333333334,170.4,19.5,0.51,319.5,Map/Offsets,https://cgi.minorplanetcenter.net/cgi-bin/confirmeph2.cgi
20260709T070002Z,2026-07-09T07:00:02.072412Z,20260709T070002Z_batch01,A11EpSe,2026-07-09T23:00:00Z,19 40 19.8,295.08250000000004,-30 03 06,-30.051666666666666,170.4,19.5,0.51,319.5,Map/Offsets,https://cgi.minorplanetcenter.net/cgi-bin/confirmeph2.cgi
20260709T070002Z,2026-07-09T07:00:02.072412Z,20260709T070002Z_batch01,A11EpSe,2026-07-10T00:00:00Z,19 40 18.3,295.0762500000001,-30 02 43,-30.04527777777778,170.5,19.5,0.51,319.5,Map/Offsets,https://cgi.minorplanetcenter.net/cgi-bin/confirmeph2.cgi
20260709T070002Z,2026-07-09T07:00:02.072412Z,20260709T070002Z_batch01,A11EpSe,2026-07-10T01:00:00Z,19 40 16.7,295.06958333333336,-30 02 19,-30.038611111111113,170.5,19.5,0.52,319.5,Map/Offsets,https://cgi.minorplanetcenter.net/cgi-bin/confirmeph2.cgi
20260709T070002Z,2026-07-09T07:00:02.072412Z,20260709T070002Z_batch01,A11EpSe,2026-07-10T02:00:00Z,19 40 15.2,295.06333333333333,-30 01 56,-30.03222222222222,170.5,19.5,0.52,319.5,Map/Offsets,https://cgi.minorplanetcenter.net/cgi-bin/confirmeph2.cgi
20260709T070002Z,2026-07-09T07:00:02.072412Z,20260709T070002Z_batch01,A11EpSe,2026-07-10T03:00:00Z,19 40 13.7,295.05708333333337,-30 01 32,-30.025555555555556,170.5,19.5,0.52,319.6,Map/Offsets,https://cgi.minorplanetcenter.net/cgi-bin/confirmeph2.cgi
20260709T070002Z,2026-07-09T07:00:02.072412Z,20260709T070002Z_batch01,A11EpSe,2026-07-10T04:00:00Z,19 40 12.1,295.0504166666667,-30 01 09,-30.019166666666667,170.6,19.5,0.52,319.6,Map/Offsets,https://cgi.minorplanetcenter.net/cgi-bin/confirmeph2.cgi
20260709T070002Z,2026-07-09T07:00:02.072412Z,20260709T070002Z_batch01,A11EpSe,2026-07-10T05:00:00Z,19 40 10.5,295.04375000000005,-30 00 45,-30.0125,170.6,19.5,0.52,319.6,Map/Offsets,https://cgi.minorplanetcenter.net/cgi-bin/confirmeph2.cgi
20260709T070002Z,2026-07-09T07:00:02.072412Z,20260709T070002Z_batch01,A11EpSe,2026-07-10T06:00:00Z,19 40 09.0,295.0375,-30 00 21,-30.00583333333333,170.6,19.5,0.52,319.6,Map/Offsets,https://cgi.minorplanetcenter.net/cgi-bin/confirmeph2.cgi
20260709T070002Z,2026-07-09T07:00:02.072412Z,20260709T070002Z_batch01,W2nCdO,2026-07-09T06:00:00Z,19 05 13.2,286.305,-24 12 14,-24.203888888888887,177.5,23.4,0.93,121.1,Map/Offsets,https://cgi.minorplanetcenter.net/cgi-bin/confirmeph2.cgi
20260709T070002Z,2026-07-09T07:00:02.072412Z,20260709T070002Z_batch01,W2nCdO,2026-07-09T07:00:00Z,19 05 16.7,286.3195833333333,-24 12 42,-24.211666666666666,177.5,23.4,0.93,121.1,Map/Offsets,https://cgi.minorplanetcenter.net/cgi-bin/confirmeph2.cgi
20260709T070002Z,2026-07-09T07:00:02.072412Z,20260709T070002Z_batch01,W2nCdO,2026-07-09T08:00:00Z,19 05 20.2,286.33416666666665,-24 13 11,-24.21972222222222,177.5,23.4,0.93,121.1,Map/Offsets,https://cgi.minorplanetcenter.net/cgi-bin/confirmeph2.cgi
20260709T070002Z,2026-07-09T07:00:02.072412Z,20260709T070002Z_batch01,W2nCdO,2026-07-09T09:00:00Z,19 05 23.6,286.3483333333333,-24 13 40,-24.227777777777778,177.5,23.4,0.92,121.1,Map/Offsets,https://cgi.minorplanetcenter.net/cgi-bin/confirmeph2.cgi
20260709T070002Z,2026-07-09T07:00:02.072412Z,20260709T070002Z_batch01,W2nCdO,2026-07-09T10:00:00Z,19 05 27.1,286.36291666666665,-24 14 08,-24.235555555555557,177.4,23.4,0.92,121.1,Map/Offsets,https://cgi.minorplanetcenter.net/cgi-bin/confirmeph2.cgi
20260709T070002Z,2026-07-09T07:00:02.072412Z,20260709T070002Z_batch01,W2nCdO,2026-07-09T11:00:00Z,19 05 30.5,286.37708333333336,-24 14 37,-24.24361111111111,177.4,23.4,0.91,121.0,Map/Offsets,https://cgi.minorplanetcenter.net/cgi-bin/confirmeph2.cgi
20260709T070002Z,2026-07-09T07:00:02.072412Z,20260709T070002Z_batch01,W2nCdO,2026-07-09T12:00:00Z,19 05 34.0,286.39166666666665,-24 15 05,-24.25138888888889,177.4,23.5,0.91,121.0,Map/Offsets,https://cgi.minorplanetcenter.net/cgi-bin/confirmeph2.cgi
20260709T070002Z,2026-07-09T07:00:02.072412Z,20260709T070002Z_batch01,W2nCdO,2026-07-09T13:00:00Z,19 05 37.4,286.40583333333336,-24 15 33,-24.259166666666665,177.4,23.5,0.91,121.0,Map/Offsets,https://cgi.minorplanetcenter.net/cgi-bin/confirmeph2.cgi
20260709T070002Z,2026-07-09T07:00:02.072412Z,20260709T070002Z_batch01,W2nCdO,2026-07-09T14:00:00Z,19 05 40.8,286.41999999999996,-24 16 01,-24.266944444444444,177.3,23.5,0.9,121.0,Map/Offsets,https://cgi.minorplanetcenter.net/cgi-bin/confirmeph2.cgi
20260709T070002Z,2026-07-09T07:00:02.072412Z,20260709T070002Z_batch01,W2nCdO,2026-07-09T15:00:00Z,19 05 44.2,286.43416666666667,-24 16 29,-24.27472222222222,177.3,23.5,0.9,121.0,Map/Offsets,https://cgi.minorplanetcenter.net/cgi-bin/confirmeph2.cgi
20260709T070002Z,2026-07-09T07:00:02.072412Z,20260709T070002Z_batch01,W2nCdO,2026-07-09T16:00:00Z,19 05 47.6,286.4483333333333,-24 16 57,-24.2825,177.3,23.5,0.9,121.0,Map/Offsets,https://cgi.minorplanetcenter.net/cgi-bin/confirmeph2.cgi
20260709T070002Z,2026-07-09T07:00:02.072412Z,20260709T070002Z_batch01,W2nCdO,2026-07-09T17:00:00Z,19 05 50.9,286.46208333333334,-24 17 24,-24.290000000000003,177.2,23.5,0.89,121.0,Map/Offsets,https://cgi.minorplanetcenter.net/cgi-bin/confirmeph2.cgi
20260709T070002Z,2026-07-09T07:00:02.072412Z,20260709T070002Z_batch01,W2nCdO,2026-07-09T18:00:00Z,19 05 54.3,286.47625,-24 17 52,-24.297777777777778,177.2,23.5,0.89,120.9,Map/Offsets,https://cgi.minorplanetcenter.net/cgi-bin/confirmeph2.cgi
20260709T070002Z,2026-07-09T07:00:02.072412Z,20260709T070002Z_batch01,W2nCdO,2026-07-09T19:00:00Z,19 05 57.6,286.48999999999995,-24 18 19,-24.30527777777778,177.2,23.5,0.89,120.9,Map/Offsets,https://cgi.minorplanetcenter.net/cgi-bin/confirmeph2.cgi
20260709T070002Z,2026-07-09T07:00:02.072412Z,20260709T070002Z_batch01,W2nCdO,2026-07-09T20:00:00Z,19 06 01.0,286.5041666666667,-24 18 46,-24.31277777777778,177.2,23.5,0.88,120.9,Map/Offsets,https://cgi.minorplanetcenter.net/cgi-bin/confirmeph2.cgi
20260709T070002Z,2026-07-09T07:00:02.072412Z,20260709T070002Z_batch01,W2nCdO,2026-07-09T21:00:00Z,19 06 04.3,286.5179166666667,-24 19 14,-24.320555555555554,177.1,23.5,0.88,120.9,Map/Offsets,https://cgi.minorplanetcenter.net/cgi-bin/confirmeph2.cgi
20260709T070002Z,2026-07-09T07:00:02.072412Z,20260709T070002Z_batch01,W2nCdO,2026-07-09T22:00:00Z,19 06 07.6,286.5316666666667,-24 19 41,-24.328055555555554,177.1,23.5,0.88,120.9,Map/Offsets,https://cgi.minorplanetcenter.net/cgi-bin/confirmeph2.cgi
20260709T070002Z,2026-07-09T07:00:02.072412Z,20260709T070002Z_batch01,W2nCdO,2026-07-09T23:00:00Z,19 06 10.9,286.5454166666667,-24 20 08,-24.335555555555555,177.1,23.5,0.87,120.9,Map/Offsets,https://cgi.minorplanetcenter.net/cgi-bin/confirmeph2.cgi
20260709T070002Z,2026-07-09T07:00:02.072412Z,20260709T070002Z_batch01,W2nCdO,2026-07-10T00:00:00Z,19 06 14.2,286.55916666666667,-24 20 35,-24.343055555555555,177.1,23.5,0.87,120.9,Map/Offsets,https://cgi.minorplanetcenter.net/cgi-bin/confirmeph2.cgi
20260709T070002Z,2026-07-09T07:00:02.072412Z,20260709T070002Z_batch01,W2nCdO,2026-07-10T01:00:00Z,19 06 17.5,286.5729166666667,-24 21 01,-24.35027777777778,177.0,23.5,0.87,120.8,Map/Offsets,https://cgi.minorplanetcenter.net/cgi-bin/confirmeph2.cgi
20260709T070002Z,2026-07-09T07:00:02.072412Z,20260709T070002Z_batch01,W2nCdO,2026-07-10T02:00:00Z,19 06 20.7,286.58625,-24 21 28,-24.35777777777778,177.0,23.5,0.86,120.8,Map/Offsets,https://cgi.minorplanetcenter.net/cgi-bin/confirmeph2.cgi
20260709T070002Z,2026-07-09T07:00:02.072412Z,20260709T070002Z_batch01,W2nCdO,2026-07-10T03:00:00Z,19 06 24.0,286.6,-24 21 54,-24.365000000000002,177.0,23.5,0.86,120.8,Map/Offsets,https://cgi.minorplanetcenter.net/cgi-bin/confirmeph2.cgi
20260709T070002Z,2026-07-09T07:00:02.072412Z,20260709T070002Z_batch01,W2nCdO,2026-07-10T04:00:00Z,19 06 27.2,286.61333333333334,-24 22 21,-24.3725,176.9,23.6,0.86,120.8,Map/Offsets,https://cgi.minorplanetcenter.net/cgi-bin/confirmeph2.cgi
20260709T070002Z,2026-07-09T07:00:02.072412Z,20260709T070002Z_batch01,W2nCdO,2026-07-10T05:00:00Z,19 06 30.4,286.62666666666667,-24 22 47,-24.379722222222224,176.9,23.6,0.85,120.8,Map/Offsets,https://cgi.minorplanetcenter.net/cgi-bin/confirmeph2.cgi
20260709T070002Z,2026-07-09T07:00:02.072412Z,20260709T070002Z_batch01,W2nCdO,2026-07-10T06:00:00Z,19 06 33.7,286.6404166666667,-24 23 13,-24.386944444444445,176.9,23.6,0.85,120.8,Map/Offsets,https://cgi.minorplanetcenter.net/cgi-bin/confirmeph2.cgi
20260709T070002Z,2026-07-09T07:00:02.072412Z,20260709T070002Z_batch01,A11EpRZ,2026-07-09T06:00:00Z,19 57 27.2,299.36333333333334,-56 50 44,-56.845555555555556,144.6,19.1,5.74,74.0,Map/Offsets,https://cgi.minorplanetcenter.net/cgi-bin/confirmeph2.cgi
20260709T070002Z,2026-07-09T07:00:02.072412Z,20260709T070002Z_batch01,A11EpRZ,2026-07-09T07:00:00Z,19 58 07.7,299.53208333333333,-56 49 09,-56.81916666666667,144.6,19.0,5.77,73.9,Map/Offsets,https://cgi.minorplanetcenter.net/cgi-bin/confirmeph2.cgi
20260709T070002Z,2026-07-09T07:00:02.072412Z,20260709T070002Z_batch01,A11EpRZ,2026-07-09T08:00:00Z,19 58 48.2,299.7008333333333,-56 47 32,-56.79222222222222,144.6,19.0,5.79,73.7,Map/Offsets,https://cgi.minorplanetcenter.net/cgi-bin/confirmeph2.cgi
20260709T070002Z,2026-07-09T07:00:02.072412Z,20260709T070002Z_batch01,A11EpRZ,2026-07-09T09:00:00Z,19 59 28.8,299.87,-56 45 54,-56.765,144.6,19.0,5.82,73.5,Map/Offsets,https://cgi.minorplanetcenter.net/cgi-bin/confirmeph2.cgi
20260709T070002Z,2026-07-09T07:00:02.072412Z,20260709T070002Z_batch01,A11EpRZ,2026-07-09T10:00:00Z,20 00 09.6,300.04,-56 44 14,-56.73722222222222,144.6,19.0,5.84,73.4,Map/Offsets,https://cgi.minorplanetcenter.net/cgi-bin/confirmeph2.cgi
20260709T070002Z,2026-07-09T07:00:02.072412Z,20260709T070002Z_batch01,A11EpRZ,2026-07-09T11:00:00Z,20 00 50.5,300.2104166666667,-56 42 33,-56.70916666666667,144.6,19.0,5.87,73.2,Map/Offsets,https://cgi.minorplanetcenter.net/cgi-bin/confirmeph2.cgi
20260709T070002Z,2026-07-09T07:00:02.072412Z,20260709T070002Z_batch01,A11EpRZ,2026-07-09T12:00:00Z,20 01 31.5,300.38124999999997,-56 40 51,-56.68083333333333,144.6,19.0,5.9,73.1,Map/Offsets,https://cgi.minorplanetcenter.net/cgi-bin/confirmeph2.cgi
20260709T070002Z,2026-07-09T07:00:02.072412Z,20260709T070002Z_batch01,A11EpRZ,2026-07-09T13:00:00Z,20 02 12.6,300.5525,-56 39 07,-56.651944444444446,144.6,19.0,5.92,72.9,Map/Offsets,https://cgi.minorplanetcenter.net/cgi-bin/confirmeph2.cgi
20260709T070002Z,2026-07-09T07:00:02.072412Z,20260709T070002Z_batch01,A11EpRZ,2026-07-09T14:00:00Z,20 02 53.9,300.7245833333334,-56 37 22,-56.62277777777778,144.6,19.0,5.95,72.7,Map/Offsets,https://cgi.minorplanetcenter.net/cgi-bin/confirmeph2.cgi
20260709T070002Z,2026-07-09T07:00:02.072412Z,20260709T070002Z_batch01,A11EpRZ,2026-07-09T15:00:00Z,20 03 35.2,300.8966666666667,-56 35 35,-56.59305555555556,144.6,19.0,5.98,72.6,Map/Offsets,https://cgi.minorplanetcenter.net/cgi-bin/confirmeph2.cgi
20260709T070002Z,2026-07-09T07:00:02.072412Z,20260709T070002Z_batch01,A11EpRZ,2026-07-09T16:00:00Z,20 04 16.7,301.0695833333333,-56 33 47,-56.56305555555555,144.6,19.0,6.0,72.4,Map/Offsets,https://cgi.minorplanetcenter.net/cgi-bin/confirmeph2.cgi
20260709T070002Z,2026-07-09T07:00:02.072412Z,20260709T070002Z_batch01,A11EpRZ,2026-07-09T17:00:00Z,20 04 58.3,301.24291666666664,-56 31 57,-56.5325,144.6,19.0,6.03,72.2,Map/Offsets,https://cgi.minorplanetcenter.net/cgi-bin/confirmeph2.cgi
20260709T070002Z,2026-07-09T07:00:02.072412Z,20260709T070002Z_batch01,A11EpRZ,2026-07-09T18:00:00Z,20 05 40.0,301.4166666666667,-56 30 06,-56.501666666666665,144.6,19.0,6.06,72.1,Map/Offsets,https://cgi.minorplanetcenter.net/cgi-bin/confirmeph2.cgi
20260709T070002Z,2026-07-09T07:00:02.072412Z,20260709T070002Z_batch01,A11EpRZ,2026-07-09T19:00:00Z,20 06 21.8,301.59083333333336,-56 28 13,-56.47027777777778,144.6,19.0,6.08,71.9,Map/Offsets,https://cgi.minorplanetcenter.net/cgi-bin/confirmeph2.cgi
20260709T070002Z,2026-07-09T07:00:02.072412Z,20260709T070002Z_batch01,A11EpRZ,2026-07-09T20:00:00Z,20 07 03.7,301.7654166666667,-56 26 19,-56.43861111111111,144.6,19.0,6.11,71.7,Map/Offsets,https://cgi.minorplanetcenter.net/cgi-bin/confirmeph2.cgi
20260709T070002Z,2026-07-09T07:00:02.072412Z,20260709T070002Z_batch01,A11EpRZ,2026-07-09T21:00:00Z,20 07 45.8,301.94083333333333,-56 24 23,-56.406388888888884,144.6,19.0,6.14,71.6,Map/Offsets,https://cgi.minorplanetcenter.net/cgi-bin/confirmeph2.cgi
20260709T070002Z,2026-07-09T07:00:02.072412Z,20260709T070002Z_batch01,A11EpRZ,2026-07-09T22:00:00Z,20 08 27.9,302.11625000000004,-56 22 26,-56.37388888888889,144.6,19.0,6.17,71.4,Map/Offsets,https://cgi.minorplanetcenter.net/cgi-bin/confirmeph2.cgi
20260709T070002Z,2026-07-09T07:00:02.072412Z,20260709T070002Z_batch01,A11EpRZ,2026-07-09T23:00:00Z,20 09 10.2,302.2925,-56 20 27,-56.340833333333336,144.6,19.0,6.19,71.2,Map/Offsets,https://cgi.minorplanetcenter.net/cgi-bin/confirmeph2.cgi
20260709T070002Z,2026-07-09T07:00:02.072412Z,20260709T070002Z_batch01,A11EpRZ,2026-07-10T00:00:00Z,20 09 52.6,302.46916666666664,-56 18 27,-56.3075,144.5,19.0,6.22,71.1,Map/Offsets,https://cgi.minorplanetcenter.net/cgi-bin/confirmeph2.cgi
20260709T070002Z,2026-07-09T07:00:02.072412Z,20260709T070002Z_batch01,A11EpRZ,2026-07-10T01:00:00Z,20 10 35.1,302.64625,-56 16 25,-56.27361111111111,144.5,19.0,6.25,70.9,Map/Offsets,https://cgi.minorplanetcenter.net/cgi-bin/confirmeph2.cgi
20260709T070002Z,2026-07-09T07:00:02.072412Z,20260709T070002Z_batch01,A11EpRZ,2026-07-10T02:00:00Z,20 11 17.7,302.82375,-56 14 21,-56.23916666666667,144.5,19.0,6.28,70.7,Map/Offsets,https://cgi.minorplanetcenter.net/cgi-bin/confirmeph2.cgi
20260709T070002Z,2026-07-09T07:00:02.072412Z,20260709T070002Z_batch01,A11EpRZ,2026-07-10T03:00:00Z,20 12 00.4,303.00166666666667,-56 12 16,-56.20444444444445,144.5,18.9,6.31,70.6,Map/Offsets,https://cgi.minorplanetcenter.net/cgi-bin/confirmeph2.cgi
20260709T070002Z,2026-07-09T07:00:02.072412Z,20260709T070002Z_batch01,A11EpRZ,2026-07-10T04:00:00Z,20 12 43.2,303.18,-56 10 10,-56.169444444444444,144.5,18.9,6.34,70.4,Map/Offsets,https://cgi.minorplanetcenter.net/cgi-bin/confirmeph2.cgi
20260709T070002Z,2026-07-09T07:00:02.072412Z,20260709T070002Z_batch01,A11EpRZ,2026-07-10T05:00:00Z,20 13 26.1,303.35875,-56 08 01,-56.13361111111111,144.5,18.9,6.36,70.2,Map/Offsets,https://cgi.minorplanetcenter.net/cgi-bin/confirmeph2.cgi
20260709T070002Z,2026-07-09T07:00:02.072412Z,20260709T070002Z_batch01,A11EpRZ,2026-07-10T06:00:00Z,20 14 09.2,303.53833333333336,-56 05 51,-56.097500000000004,144.5,18.9,6.39,70.1,Map/Offsets,https://cgi.minorplanetcenter.net/cgi-bin/confirmeph2.cgi
20260709T070002Z,2026-07-09T07:00:02.072412Z,20260709T070002Z_batch01,ST26G01,2026-07-09T06:00:00Z,19 02 24.4,285.6016666666667,-47 31 53,-47.53138888888889,154.8,19.9,34.53,137.6,Map/Offsets   !,https://cgi.minorplanetcenter.net/cgi-bin/confirmeph2.cgi
20260709T070002Z,2026-07-09T07:00:02.072412Z,20260709T070002Z_batch01,ST26G01,2026-07-09T07:00:00Z,19 04 41.8,286.1741666666667,-47 57 00,-47.95,154.4,20.0,33.75,137.2,Map/Offsets   !,https://cgi.minorplanetcenter.net/cgi-bin/confirmeph2.cgi
20260709T070002Z,2026-07-09T07:00:02.072412Z,20260709T070002Z_batch01,ST26G01,2026-07-09T08:00:00Z,19 06 58.4,286.74333333333334,-48 21 24,-48.35666666666667,154.0,20.0,32.99,136.8,Map/Offsets   !,https://cgi.minorplanetcenter.net/cgi-bin/confirmeph2.cgi
20260709T070002Z,2026-07-09T07:00:02.072412Z,20260709T070002Z_batch01,ST26G01,2026-07-09T09:00:00Z,19 09 13.9,287.30791666666664,-48 45 04,-48.75111111111111,153.6,20.0,32.25,136.3,Map/Offsets   !,https://cgi.minorplanetcenter.net/cgi-bin/confirmeph2.cgi
20260709T070002Z,2026-07-09T07:00:02.072412Z,20260709T070002Z_batch01,ST26G01,2026-07-09T10:00:00Z,19 11 28.5,287.86875,-49 08 03,-49.134166666666665,153.2,20.1,31.52,135.9,Map/Offsets   !,https://cgi.minorplanetcenter.net/cgi-bin/confirmeph2.cgi
20260709T070002Z,2026-07-09T07:00:02.072412Z,20260709T070002Z_batch01,ST26G01,2026-07-09T11:00:00Z,19 13 42.1,288.42541666666665,-49 30 21,-49.505833333333335,152.9,20.1,30.82,135.5,Map/Offsets   !,https://cgi.minorplanetcenter.net/cgi-bin/confirmeph2.cgi
20260709T070002Z,2026-07-09T07:00:02.072412Z,20260709T070002Z_batch01,ST26G01,2026-07-09T12:00:00Z,19 15 54.7,288.97791666666666,-49 52 00,-49.86666666666667,152.5,20.2,30.13,135.1,Map/Offsets   !,https://cgi.minorplanetcenter.net/cgi-bin/confirmeph2.cgi
20260709T070002Z,2026-07-09T07:00:02.072412Z,20260709T070002Z_batch01,ST26G01,2026-07-09T13:00:00Z,19 18 06.3,289.52625,-50 13 01,-50.216944444444444,152.1,20.2,29.46,134.6,Map/Offsets   !,https://cgi.minorplanetcenter.net/cgi-bin/confirmeph2.cgi
20260709T070002Z,2026-07-09T07:00:02.072412Z,20260709T070002Z_batch01,ST26G01,2026-07-09T14:00:00Z,19 20 16.8,290.06999999999994,-50 33 24,-50.556666666666665,151.8,20.2,28.81,134.2,Map/Offsets   !,https://cgi.minorplanetcenter.net/cgi-bin/confirmeph2.cgi
20260709T070002Z,2026-07-09T07:00:02.072412Z,20260709T070002Z_batch01,ST26G01,2026-07-09T15:00:00Z,19 22 26.3,290.6095833333333,-50 53 12,-50.88666666666666,151.4,20.3,28.18,133.8,Map/Offsets   !,https://cgi.minorplanetcenter.net/cgi-bin/confirmeph2.cgi
20260709T070002Z,2026-07-09T07:00:02.072412Z,20260709T070002Z_batch01,ST26G01,2026-07-09T16:00:00Z,19 24 34.7,291.14458333333334,-51 12 25,-51.206944444444446,151.1,20.3,27.56,133.4,Map/Offsets   !,https://cgi.minorplanetcenter.net/cgi-bin/confirmeph2.cgi
20260709T070002Z,2026-07-09T07:00:02.072412Z,20260709T070002Z_batch01,ST26G01,2026-07-09T17:00:00Z,19 26 42.1,291.67541666666665,-51 31 04,-51.51777777777777,150.7,20.3,26.96,133.0,Map/Offsets   !,https://cgi.minorplanetcenter.net/cgi-bin/confirmeph2.cgi
20260709T070002Z,2026-07-09T07:00:02.072412Z,20260709T070002Z_batch01,ST26G01,2026-07-09T18:00:00Z,19 28 48.4,292.20166666666665,-51 49 10,-51.81944444444445,150.4,20.4,26.38,132.5,Map/Offsets   !,https://cgi.minorplanetcenter.net/cgi-bin/confirmeph2.cgi
20260709T070002Z,2026-07-09T07:00:02.072412Z,20260709T070002Z_batch01,ST26G01,2026-07-09T19:00:00Z,19 30 53.6,292.72333333333336,-52 06 44,-52.11222222222222,150.1,20.4,25.81,132.1,Map/Offsets   !,https://cgi.minorplanetcenter.net/cgi-bin/confirmeph2.cgi
20260709T070002Z,2026-07-09T07:00:02.072412Z,20260709T070002Z_batch01,ST26G01,2026-07-09T20:00:00Z,19 32 57.7,293.2404166666667,-52 23 48,-52.39666666666667,149.7,20.4,25.25,131.7,Map/Offsets   !,https://cgi.minorplanetcenter.net/cgi-bin/confirmeph2.cgi
20260709T070002Z,2026-07-09T07:00:02.072412Z,20260709T070002Z_batch01,ST26G01,2026-07-09T21:00:00Z,19 35 00.7,293.7529166666667,-52 40 21,-52.6725,149.4,20.5,24.72,131.3,Map/Offsets   !,https://cgi.minorplanetcenter.net/cgi-bin/confirmeph2.cgi
20260709T070002Z,2026-07-09T07:00:02.072412Z,20260709T070002Z_batch01,ST26G01,2026-07-09T22:00:00Z,19 37 02.6,294.2608333333333,-52 56 26,-52.940555555555555,149.1,20.5,24.19,130.9,Map/Offsets   !,https://cgi.minorplanetcenter.net/cgi-bin/confirmeph2.cgi
20260709T070002Z,2026-07-09T07:00:02.072412Z,20260709T070002Z_batch01,ST26G01,2026-07-09T23:00:00Z,19 39 03.4,294.76416666666665,-53 12 02,-53.20055555555556,148.8,20.5,23.68,130.5,Map/Offsets   !,https://cgi.minorplanetcenter.net/cgi-bin/confirmeph2.cgi
20260709T070002Z,2026-07-09T07:00:02.072412Z,20260709T070002Z_batch01,ST26G01,2026-07-10T00:00:00Z,19 41 03.1,295.2629166666667,-53 27 11,-53.45305555555556,148.5,20.6,23.19,130.1,Map/Offsets   !,https://cgi.minorplanetcenter.net/cgi-bin/confirmeph2.cgi
20260709T070002Z,2026-07-09T07:00:02.072412Z,20260709T070002Z_batch01,ST26G01,2026-07-10T01:00:00Z,19 43 01.7,295.7570833333333,-53 41 54,-53.69833333333333,148.2,20.6,22.7,129.7,Map/Offsets   !,https://cgi.minorplanetcenter.net/cgi-bin/confirmeph2.cgi
20260709T070002Z,2026-07-09T07:00:02.072412Z,20260709T070002Z_batch01,ST26G01,2026-07-10T02:00:00Z,19 44 59.2,296.24666666666667,-53 56 12,-53.93666666666666,147.9,20.6,22.23,129.3,Map/Offsets   !,https://cgi.minorplanetcenter.net/cgi-bin/confirmeph2.cgi
20260709T070002Z,2026-07-09T07:00:02.072412Z,20260709T070002Z_batch01,ST26G01,2026-07-10T03:00:00Z,19 46 55.5,296.73125,-54 10 04,-54.16777777777777,147.6,20.6,21.77,128.9,Map/Offsets   !,https://cgi.minorplanetcenter.net/cgi-bin/confirmeph2.cgi
20260709T070002Z,2026-07-09T07:00:02.072412Z,20260709T070002Z_batch01,ST26G01,2026-07-10T04:00:00Z,19 48 50.8,297.21166666666664,-54 23 33,-54.3925,147.3,20.7,21.33,128.5,Map/Offsets   !,https://cgi.minorplanetcenter.net/cgi-bin/confirmeph2.cgi
20260709T070002Z,2026-07-09T07:00:02.072412Z,20260709T070002Z_batch01,ST26G01,2026-07-10T05:00:00Z,19 50 44.9,297.6870833333333,-54 36 38,-54.61055555555556,147.0,20.7,20.9,128.1,Map/Offsets   !,https://cgi.minorplanetcenter.net/cgi-bin/confirmeph2.cgi
20260709T070002Z,2026-07-09T07:00:02.072412Z,20260709T070002Z_batch01,ST26G01,2026-07-10T06:00:00Z,19 52 37.9,298.15791666666667,-54 49 21,-54.822500000000005,146.8,20.7,20.47,127.7,Map/Offsets   !,https://cgi.minorplanetcenter.net/cgi-bin/confirmeph2.cgi
20260709T070002Z,2026-07-09T07:00:02.072412Z,20260709T070002Z_batch01,P12nTOm,2026-07-09T06:00:00Z,20 27 08.7,306.78625,-00 36 46,-0.6127777777777778,151.6,21.7,0.59,263.4,Map/Offsets,https://cgi.minorplanetcenter.net/cgi-bin/confirmeph2.cgi
20260709T070002Z,2026-07-09T07:00:02.072412Z,20260709T070002Z_batch01,P12nTOm,2026-07-09T07:00:00Z,20 27 06.3,306.77625,-00 36 50,-0.6138888888888888,151.7,21.7,0.59,263.4,Map/Offsets,https://cgi.minorplanetcenter.net/cgi-bin/confirmeph2.cgi
20260709T070002Z,2026-07-09T07:00:02.072412Z,20260709T070002Z_batch01,P12nTOm,2026-07-09T08:00:00Z,20 27 04.0,306.76666666666665,-00 36 54,-0.615,151.7,21.7,0.59,263.3,Map/Offsets,https://cgi.minorplanetcenter.net/cgi-bin/confirmeph2.cgi
20260709T070002Z,2026-07-09T07:00:02.072412Z,20260709T070002Z_batch01,P12nTOm,2026-07-09T09:00:00Z,20 27 01.7,306.7570833333333,-00 36 59,-0.6163888888888889,151.7,21.7,0.59,263.3,Map/Offsets,https://cgi.minorplanetcenter.net/cgi-bin/confirmeph2.cgi
20260709T070002Z,2026-07-09T07:00:02.072412Z,20260709T070002Z_batch01,P12nTOm,2026-07-09T10:00:00Z,20 26 59.3,306.74708333333336,-00 37 03,-0.6175,151.8,21.7,0.59,263.2,Map/Offsets,https://cgi.minorplanetcenter.net/cgi-bin/confirmeph2.cgi
20260709T070002Z,2026-07-09T07:00:02.072412Z,20260709T070002Z_batch01,P12nTOm,2026-07-09T11:00:00Z,20 26 57.0,306.7375,-00 37 07,-0.6186111111111111,151.8,21.7,0.59,263.2,Map/Offsets,https://cgi.minorplanetcenter.net/cgi-bin/confirmeph2.cgi
20260709T070002Z,2026-07-09T07:00:02.072412Z,20260709T070002Z_batch01,P12nTOm,2026-07-09T12:00:00Z,20 26 54.6,306.72749999999996,-00 37 11,-0.6197222222222223,151.9,21.7,0.59,263.1,Map/Offsets,https://cgi.minorplanetcenter.net/cgi-bin/confirmeph2.cgi
20260709T070002Z,2026-07-09T07:00:02.072412Z,20260709T070002Z_batch01,P12nTOm,2026-07-09T13:00:00Z,20 26 52.3,306.71791666666667,-00 37 15,-0.6208333333333333,151.9,21.7,0.59,263.1,Map/Offsets,https://cgi.minorplanetcenter.net/cgi-bin/confirmeph2.cgi
20260709T070002Z,2026-07-09T07:00:02.072412Z,20260709T070002Z_batch01,P12nTOm,2026-07-09T14:00:00Z,20 26 49.9,306.7079166666667,-00 37 20,-0.6222222222222222,151.9,21.7,0.59,263.0,Map/Offsets,https://cgi.minorplanetcenter.net/cgi-bin/confirmeph2.cgi
20260709T070002Z,2026-07-09T07:00:02.072412Z,20260709T070002Z_batch01,P12nTOm,2026-07-09T15:00:00Z,20 26 47.6,306.6983333333333,-00 37 24,-0.6233333333333334,152.0,21.7,0.59,262.9,Map/Offsets,https://cgi.minorplanetcenter.net/cgi-bin/confirmeph2.cgi
20260709T070002Z,2026-07-09T07:00:02.072412Z,20260709T070002Z_batch01,P12nTOm,2026-07-09T16:00:00Z,20 26 45.3,306.68874999999997,-00 37 28,-0.6244444444444445,152.0,21.7,0.59,262.9,Map/Offsets,https://cgi.minorplanetcenter.net/cgi-bin/confirmeph2.cgi
20260709T070002Z,2026-07-09T07:00:02.072412Z,20260709T070002Z_batch01,P12nTOm,2026-07-09T17:00:00Z,20 26 42.9,306.67875000000004,-00 37 33,-0.6258333333333334,152.0,21.7,0.59,262.8,Map/Offsets,https://cgi.minorplanetcenter.net/cgi-bin/confirmeph2.cgi
20260709T070002Z,2026-07-09T07:00:02.072412Z,20260709T070002Z_batch01,P12nTOm,2026-07-09T18:00:00Z,20 26 40.6,306.6691666666667,-00 37 37,-0.6269444444444445,152.1,21.7,0.59,262.8,Map/Offsets,https://cgi.minorplanetcenter.net/cgi-bin/confirmeph2.cgi
20260709T070002Z,2026-07-09T07:00:02.072412Z,20260709T070002Z_batch01,P12nTOm,2026-07-09T19:00:00Z,20 26 38.2,306.65916666666664,-00 37 42,-0.6283333333333334,152.1,21.7,0.59,262.7,Map/Offsets,https://cgi.minorplanetcenter.net/cgi-bin/confirmeph2.cgi
20260709T070002Z,2026-07-09T07:00:02.072412Z,20260709T070002Z_batch01,P12nTOm,2026-07-09T20:00:00Z,20 26 35.8,306.64916666666664,-00 37 46,-0.6294444444444445,152.2,21.7,0.59,262.7,Map/Offsets,https://cgi.minorplanetcenter.net/cgi-bin/confirmeph2.cgi
20260709T070002Z,2026-07-09T07:00:02.072412Z,20260709T070002Z_batch01,P12nTOm,2026-07-09T21:00:00Z,20 26 33.5,306.63958333333335,-00 37 51,-0.6308333333333334,152.2,21.7,0.59,262.6,Map/Offsets,https://cgi.minorplanetcenter.net/cgi-bin/confirmeph2.cgi
20260709T070002Z,2026-07-09T07:00:02.072412Z,20260709T070002Z_batch01,P12nTOm,2026-07-09T22:00:00Z,20 26 31.1,306.62958333333336,-00 37 55,-0.6319444444444444,152.2,21.7,0.6,262.6,Map/Offsets,https://cgi.minorplanetcenter.net/cgi-bin/confirmeph2.cgi
20260709T070002Z,2026-07-09T07:00:02.072412Z,20260709T070002Z_batch01,P12nTOm,2026-07-09T23:00:00Z,20 26 28.8,306.62,-00 38 00,-0.6333333333333333,152.3,21.7,0.6,262.5,Map/Offsets,https://cgi.minorplanetcenter.net/cgi-bin/confirmeph2.cgi
20260709T070002Z,2026-07-09T07:00:02.072412Z,20260709T070002Z_batch01,P12nTOm,2026-07-10T00:00:00Z,20 26 26.4,306.60999999999996,-00 38 05,-0.6347222222222222,152.3,21.7,0.6,262.5,Map/Offsets,https://cgi.minorplanetcenter.net/cgi-bin/confirmeph2.cgi
20260709T070002Z,2026-07-09T07:00:02.072412Z,20260709T070002Z_batch01,P12nTOm,2026-07-10T01:00:00Z,20 26 24.0,306.6,-00 38 09,-0.6358333333333333,152.3,21.7,0.6,262.4,Map/Offsets,https://cgi.minorplanetcenter.net/cgi-bin/confirmeph2.cgi
20260709T070002Z,2026-07-09T07:00:02.072412Z,20260709T070002Z_batch01,P12nTOm,2026-07-10T02:00:00Z,20 26 21.7,306.59041666666667,-00 38 14,-0.6372222222222222,152.4,21.7,0.6,262.3,Map/Offsets,https://cgi.minorplanetcenter.net/cgi-bin/confirmeph2.cgi
20260709T070002Z,2026-07-09T07:00:02.072412Z,20260709T070002Z_batch01,P12nTOm,2026-07-10T03:00:00Z,20 26 19.3,306.5804166666667,-00 38 19,-0.6386111111111111,152.4,21.7,0.6,262.3,Map/Offsets,https://cgi.minorplanetcenter.net/cgi-bin/confirmeph2.cgi
20260709T070002Z,2026-07-09T07:00:02.072412Z,20260709T070002Z_batch01,P12nTOm,2026-07-10T04:00:00Z,20 26 16.9,306.57041666666663,-00 38 24,-0.64,152.4,21.7,0.6,262.2,Map/Offsets,https://cgi.minorplanetcenter.net/cgi-bin/confirmeph2.cgi
20260709T070002Z,2026-07-09T07:00:02.072412Z,20260709T070002Z_batch01,P12nTOm,2026-07-10T05:00:00Z,20 26 14.6,306.56083333333333,-00 38 29,-0.6413888888888889,152.5,21.7,0.6,262.2,Map/Offsets,https://cgi.minorplanetcenter.net/cgi-bin/confirmeph2.cgi
20260709T070002Z,2026-07-09T07:00:02.072412Z,20260709T070002Z_batch01,P12nTOm,2026-07-10T06:00:00Z,20 26 12.2,306.55083333333334,-00 38 34,-0.6427777777777778,152.5,21.7,0.6,262.1,Map/Offsets,https://cgi.minorplanetcenter.net/cgi-bin/confirmeph2.cgi
20260709T070002Z,2026-07-09T07:00:02.072412Z,20260709T070002Z_batch01,P22nTNT,2026-07-09T06:00:00Z,18 19 24.4,274.8516666666667,+18 12 05,18.20138888888889,137.4,21.0,0.77,208.1,Map/Offsets,https://cgi.minorplanetcenter.net/cgi-bin/confirmeph2.cgi
20260709T070002Z,2026-07-09T07:00:02.072412Z,20260709T070002Z_batch01,P22nTNT,2026-07-09T07:00:00Z,18 19 22.9,274.84541666666667,+18 11 24,18.19,137.4,21.0,0.77,208.0,Map/Offsets,https://cgi.minorplanetcenter.net/cgi-bin/confirmeph2.cgi
20260709T070002Z,2026-07-09T07:00:02.072412Z,20260709T070002Z_batch01,P22nTNT,2026-07-09T08:00:00Z,18 19 21.4,274.8391666666667,+18 10 43,18.178611111111113,137.4,21.0,0.77,208.0,Map/Offsets,https://cgi.minorplanetcenter.net/cgi-bin/confirmeph2.cgi
20260709T070002Z,2026-07-09T07:00:02.072412Z,20260709T070002Z_batch01,P22nTNT,2026-07-09T09:00:00Z,18 19 19.9,274.8329166666667,+18 10 02,18.16722222222222,137.4,21.0,0.77,207.9,Map/Offsets,https://cgi.minorplanetcenter.net/cgi-bin/confirmeph2.cgi
20260709T070002Z,2026-07-09T07:00:02.072412Z,20260709T070002Z_batch01,P22nTNT,2026-07-09T10:00:00Z,18 19 18.3,274.82625,+18 09 21,18.15583333333333,137.4,21.0,0.77,207.8,Map/Offsets,https://cgi.minorplanetcenter.net/cgi-bin/confirmeph2.cgi
20260709T070002Z,2026-07-09T07:00:02.072412Z,20260709T070002Z_batch01,P22nTNT,2026-07-09T11:00:00Z,18 19 16.8,274.82,+18 08 40,18.144444444444446,137.4,21.0,0.78,207.8,Map/Offsets,https://cgi.minorplanetcenter.net/cgi-bin/confirmeph2.cgi
20260709T070002Z,2026-07-09T07:00:02.072412Z,20260709T070002Z_batch01,P22nTNT,2026-07-09T12:00:00Z,18 19 15.3,274.81374999999997,+18 07 58,18.13277777777778,137.4,21.0,0.78,207.7,Map/Offsets,https://cgi.minorplanetcenter.net/cgi-bin/confirmeph2.cgi
20260709T070002Z,2026-07-09T07:00:02.072412Z,20260709T070002Z_batch01,P22nTNT,2026-07-09T13:00:00Z,18 19 13.8,274.8075,+18 07 17,18.12138888888889,137.4,21.0,0.78,207.7,Map/Offsets,https://cgi.minorplanetcenter.net/cgi-bin/confirmeph2.cgi
20260709T070002Z,2026-07-09T07:00:02.072412Z,20260709T070002Z_batch01,P22nTNT,2026-07-09T14:00:00Z,18 19 12.3,274.80125,+18 06 36,18.110000000000003,137.4,21.0,0.78,207.6,Map/Offsets,https://cgi.minorplanetcenter.net/cgi-bin/confirmeph2.cgi
20260709T070002Z,2026-07-09T07:00:02.072412Z,20260709T070002Z_batch01,P22nTNT,2026-07-09T15:00:00Z,18 19 10.7,274.7945833333333,+18 05 55,18.09861111111111,137.4,21.0,0.78,207.5,Map/Offsets,https://cgi.minorplanetcenter.net/cgi-bin/confirmeph2.cgi
20260709T070002Z,2026-07-09T07:00:02.072412Z,20260709T070002Z_batch01,P22nTNT,2026-07-09T16:00:00Z,18 19 09.2,274.78833333333336,+18 05 13,18.086944444444445,137.4,21.0,0.78,207.5,Map/Offsets,https://cgi.minorplanetcenter.net/cgi-bin/confirmeph2.cgi
20260709T070002Z,2026-07-09T07:00:02.072412Z,20260709T070002Z_batch01,P22nTNT,2026-07-09T17:00:00Z,18 19 07.7,274.78208333333333,+18 04 32,18.075555555555557,137.4,21.0,0.78,207.4,Map/Offsets,https://cgi.minorplanetcenter.net/cgi-bin/confirmeph2.cgi
20260709T070002Z,2026-07-09T07:00:02.072412Z,20260709T070002Z_batch01,P22nTNT,2026-07-09T18:00:00Z,18 19 06.2,274.77583333333337,+18 03 50,18.06388888888889,137.4,21.0,0.78,207.4,Map/Offsets,https://cgi.minorplanetcenter.net/cgi-bin/confirmeph2.cgi
20260709T070002Z,2026-07-09T07:00:02.072412Z,20260709T070002Z_batch01,P22nTNT,2026-07-09T19:00:00Z,18 19 04.7,274.7695833333333,+18 03 09,18.052500000000002,137.4,21.0,0.78,207.3,Map/Offsets,https://cgi.minorplanetcenter.net/cgi-bin/confirmeph2.cgi
20260709T070002Z,2026-07-09T07:00:02.072412Z,20260709T070002Z_batch01,P22nTNT,2026-07-09T20:00:00Z,18 19 03.2,274.7633333333333,+18 02 27,18.040833333333335,137.4,21.0,0.78,207.2,Map/Offsets,https://cgi.minorplanetcenter.net/cgi-bin/confirmeph2.cgi
20260709T070002Z,2026-07-09T07:00:02.072412Z,20260709T070002Z_batch01,P22nTNT,2026-07-09T21:00:00Z,18 19 01.7,274.7570833333333,+18 01 45,18.029166666666665,137.4,21.0,0.78,207.2,Map/Offsets,https://cgi.minorplanetcenter.net/cgi-bin/confirmeph2.cgi
20260709T070002Z,2026-07-09T07:00:02.072412Z,20260709T070002Z_batch01,P22nTNT,2026-07-09T22:00:00Z,18 19 00.2,274.75083333333333,+18 01 03,18.0175,137.4,21.0,0.78,207.1,Map/Offsets,https://cgi.minorplanetcenter.net/cgi-bin/confirmeph2.cgi
20260709T070002Z,2026-07-09T07:00:02.072412Z,20260709T070002Z_batch01,P22nTNT,2026-07-09T23:00:00Z,18 18 58.7,274.7445833333333,+18 00 22,18.00611111111111,137.4,21.0,0.78,207.1,Map/Offsets,https://cgi.minorplanetcenter.net/cgi-bin/confirmeph2.cgi
20260709T070002Z,2026-07-09T07:00:02.072412Z,20260709T070002Z_batch01,P22nTNT,2026-07-10T00:00:00Z,18 18 57.2,274.73833333333334,+17 59 40,17.994444444444447,137.4,21.0,0.78,207.0,Map/Offsets,https://cgi.minorplanetcenter.net/cgi-bin/confirmeph2.cgi
20260709T070002Z,2026-07-09T07:00:02.072412Z,20260709T070002Z_batch01,P22nTNT,2026-07-10T01:00:00Z,18 18 55.7,274.7320833333333,+17 58 58,17.982777777777777,137.4,21.0,0.78,206.9,Map/Offsets,https://cgi.minorplanetcenter.net/cgi-bin/confirmeph2.cgi
20260709T070002Z,2026-07-09T07:00:02.072412Z,20260709T070002Z_batch01,P22nTNT,2026-07-10T02:00:00Z,18 18 54.2,274.72583333333336,+17 58 16,17.97111111111111,137.4,21.0,0.79,206.9,Map/Offsets,https://cgi.minorplanetcenter.net/cgi-bin/confirmeph2.cgi
20260709T070002Z,2026-07-09T07:00:02.072412Z,20260709T070002Z_batch01,P22nTNT,2026-07-10T03:00:00Z,18 18 52.7,274.71958333333333,+17 57 34,17.959444444444443,137.4,21.0,0.79,206.8,Map/Offsets,https://cgi.minorplanetcenter.net/cgi-bin/confirmeph2.cgi
20260709T070002Z,2026-07-09T07:00:02.072412Z,20260709T070002Z_batch01,P22nTNT,2026-07-10T04:00:00Z,18 18 51.2,274.71333333333337,+17 56 52,17.947777777777777,137.4,21.0,0.79,206.8,Map/Offsets,https://cgi.minorplanetcenter.net/cgi-bin/confirmeph2.cgi
20260709T070002Z,2026-07-09T07:00:02.072412Z,20260709T070002Z_batch01,P22nTNT,2026-07-10T05:00:00Z,18 18 49.7,274.70708333333334,+17 56 09,17.935833333333335,137.4,21.0,0.79,206.7,Map/Offsets,https://cgi.minorplanetcenter.net/cgi-bin/confirmeph2.cgi
20260709T070002Z,2026-07-09T07:00:02.072412Z,20260709T070002Z_batch01,P22nTNT,2026-07-10T06:00:00Z,18 18 48.2,274.7008333333334,+17 55 27,17.924166666666668,137.4,21.0,0.79,206.7,Map/Offsets,https://cgi.minorplanetcenter.net/cgi-bin/confirmeph2.cgi
20260709T070002Z,2026-07-09T07:00:02.072412Z,20260709T070002Z_batch01,P22nTLB,2026-07-09T06:00:00Z,17 43 40.6,265.9191666666666,+08 21 54,8.365,142.3,22.3,0.95,222.0,Map/Offsets,https://cgi.minorplanetcenter.net/cgi-bin/confirmeph2.cgi
20260709T070002Z,2026-07-09T07:00:02.072412Z,20260709T070002Z_batch01,P22nTLB,2026-07-09T07:00:00Z,17 43 38.0,265.9083333333333,+08 21 12,8.353333333333333,142.3,22.3,0.95,222.0,Map/Offsets,https://cgi.minorplanetcenter.net/cgi-bin/confirmeph2.cgi
20260709T070002Z,2026-07-09T07:00:02.072412Z,20260709T070002Z_batch01,P22nTLB,2026-07-09T08:00:00Z,17 43 35.5,265.8979166666666,+08 20 29,8.34138888888889,142.3,22.3,0.95,221.9,Map/Offsets,https://cgi.minorplanetcenter.net/cgi-bin/confirmeph2.cgi
20260709T070002Z,2026-07-09T07:00:02.072412Z,20260709T070002Z_batch01,P22nTLB,2026-07-09T09:00:00Z,17 43 32.9,265.8870833333333,+08 19 47,8.329722222222221,142.3,22.3,0.95,221.9,Map/Offsets,https://cgi.minorplanetcenter.net/cgi-bin/confirmeph2.cgi
20260709T070002Z,2026-07-09T07:00:02.072412Z,20260709T070002Z_batch01,P22nTLB,2026-07-09T10:00:00Z,17 43 30.3,265.87624999999997,+08 19 05,8.318055555555555,142.3,22.3,0.95,221.8,Map/Offsets,https://cgi.minorplanetcenter.net/cgi-bin/confirmeph2.cgi
20260709T070002Z,2026-07-09T07:00:02.072412Z,20260709T070002Z_batch01,P22nTLB,2026-07-09T11:00:00Z,17 43 27.8,265.86583333333334,+08 18 22,8.306111111111111,142.3,22.3,0.95,221.8,Map/Offsets,https://cgi.minorplanetcenter.net/cgi-bin/confirmeph2.cgi
20260709T070002Z,2026-07-09T07:00:02.072412Z,20260709T070002Z_batch01,P22nTLB,2026-07-09T12:00:00Z,17 43 25.2,265.855,+08 17 40,8.294444444444444,142.2,22.3,0.95,221.7,Map/Offsets,https://cgi.minorplanetcenter.net/cgi-bin/confirmeph2.cgi
20260709T070002Z,2026-07-09T07:00:02.072412Z,20260709T070002Z_batch01,P22nTLB,2026-07-09T13:00:00Z,17 43 22.7,265.84458333333333,+08 16 57,8.2825,142.2,22.3,0.95,221.7,Map/Offsets,https://cgi.minorplanetcenter.net/cgi-bin/confirmeph2.cgi
20260709T070002Z,2026-07-09T07:00:02.072412Z,20260709T070002Z_batch01,P22nTLB,2026-07-09T14:00:00Z,17 43 20.1,265.83375,+08 16 15,8.270833333333334,142.2,22.3,0.95,221.6,Map/Offsets,https://cgi.minorplanetcenter.net/cgi-bin/confirmeph2.cgi
20260709T070002Z,2026-07-09T07:00:02.072412Z,20260709T070002Z_batch01,P22nTLB,2026-07-09T15:00:00Z,17 43 17.6,265.8233333333333,+08 15 32,8.258888888888889,142.2,22.3,0.95,221.6,Map/Offsets,https://cgi.minorplanetcenter.net/cgi-bin/confirmeph2.cgi
20260709T070002Z,2026-07-09T07:00:02.072412Z,20260709T070002Z_batch01,P22nTLB,2026-07-09T16:00:00Z,17 43 15.0,265.8125,+08 14 49,8.246944444444443,142.2,22.3,0.95,221.5,Map/Offsets,https://cgi.minorplanetcenter.net/cgi-bin/confirmeph2.cgi
20260709T070002Z,2026-07-09T07:00:02.072412Z,20260709T070002Z_batch01,P22nTLB,2026-07-09T17:00:00Z,17 43 12.5,265.8020833333333,+08 14 07,8.235277777777776,142.1,22.3,0.95,221.5,Map/Offsets,https://cgi.minorplanetcenter.net/cgi-bin/confirmeph2.cgi
20260709T070002Z,2026-07-09T07:00:02.072412Z,20260709T070002Z_batch01,P22nTLB,2026-07-09T18:00:00Z,17 43 10.0,265.79166666666663,+08 13 24,8.223333333333333,142.1,22.3,0.95,221.4,Map/Offsets,https://cgi.minorplanetcenter.net/cgi-bin/confirmeph2.cgi
20260709T070002Z,2026-07-09T07:00:02.072412Z,20260709T070002Z_batch01,P22nTLB,2026-07-09T19:00:00Z,17 43 07.4,265.7808333333333,+08 12 41,8.211388888888887,142.1,22.3,0.95,221.4,Map/Offsets,https://cgi.minorplanetcenter.net/cgi-bin/confirmeph2.cgi
20260709T070002Z,2026-07-09T07:00:02.072412Z,20260709T070002Z_batch01,P22nTLB,2026-07-09T20:00:00Z,17 43 04.9,265.7704166666667,+08 11 59,8.199722222222222,142.1,22.3,0.95,221.3,Map/Offsets,https://cgi.minorplanetcenter.net/cgi-bin/confirmeph2.cgi
20260709T070002Z,2026-07-09T07:00:02.072412Z,20260709T070002Z_batch01,P22nTLB,2026-07-09T21:00:00Z,17 43 02.4,265.76,+08 11 16,8.187777777777779,142.1,22.3,0.95,221.3,Map/Offsets,https://cgi.minorplanetcenter.net/cgi-bin/confirmeph2.cgi
20260709T070002Z,2026-07-09T07:00:02.072412Z,20260709T070002Z_batch01,P22nTLB,2026-07-09T22:00:00Z,17 42 59.8,265.74916666666667,+08 10 33,8.175833333333333,142.1,22.3,0.95,221.2,Map/Offsets,https://cgi.minorplanetcenter.net/cgi-bin/confirmeph2.cgi
20260709T070002Z,2026-07-09T07:00:02.072412Z,20260709T070002Z_batch01,P22nTLB,2026-07-09T23:00:00Z,17 42 57.3,265.73875,+08 09 50,8.16388888888889,142.0,22.3,0.95,221.2,Map/Offsets,https://cgi.minorplanetcenter.net/cgi-bin/confirmeph2.cgi
20260709T070002Z,2026-07-09T07:00:02.072412Z,20260709T070002Z_batch01,P22nTLB,2026-07-10T00:00:00Z,17 42 54.8,265.7283333333333,+08 09 07,8.151944444444444,142.0,22.3,0.95,221.1,Map/Offsets,https://cgi.minorplanetcenter.net/cgi-bin/confirmeph2.cgi
20260709T070002Z,2026-07-09T07:00:02.072412Z,20260709T070002Z_batch01,P22nTLB,2026-07-10T01:00:00Z,17 42 52.3,265.71791666666667,+08 08 25,8.140277777777778,142.0,22.3,0.95,221.1,Map/Offsets,https://cgi.minorplanetcenter.net/cgi-bin/confirmeph2.cgi
20260709T070002Z,2026-07-09T07:00:02.072412Z,20260709T070002Z_batch01,P22nTLB,2026-07-10T02:00:00Z,17 42 49.7,265.70708333333334,+08 07 42,8.128333333333334,142.0,22.3,0.95,221.0,Map/Offsets,https://cgi.minorplanetcenter.net/cgi-bin/confirmeph2.cgi
20260709T070002Z,2026-07-09T07:00:02.072412Z,20260709T070002Z_batch01,P22nTLB,2026-07-10T03:00:00Z,17 42 47.2,265.69666666666666,+08 06 59,8.116388888888888,142.0,22.3,0.95,221.0,Map/Offsets,https://cgi.minorplanetcenter.net/cgi-bin/confirmeph2.cgi
20260709T070002Z,2026-07-09T07:00:02.072412Z,20260709T070002Z_batch01,P22nTLB,2026-07-10T04:00:00Z,17 42 44.7,265.68625,+08 06 16,8.104444444444445,142.0,22.3,0.95,220.9,Map/Offsets,https://cgi.minorplanetcenter.net/cgi-bin/confirmeph2.cgi
20260709T070002Z,2026-07-09T07:00:02.072412Z,20260709T070002Z_batch01,P22nTLB,2026-07-10T05:00:00Z,17 42 42.2,265.67583333333334,+08 05 33,8.092500000000001,141.9,22.3,0.95,220.9,Map/Offsets,https://cgi.minorplanetcenter.net/cgi-bin/confirmeph2.cgi
20260709T070002Z,2026-07-09T07:00:02.072412Z,20260709T070002Z_batch01,P22nTLB,2026-07-10T06:00:00Z,17 42 39.7,265.66541666666666,+08 04 49,8.080277777777777,141.9,22.3,0.95,220.8,Map/Offsets,https://cgi.minorplanetcenter.net/cgi-bin/confirmeph2.cgi
20260709T070002Z,2026-07-09T07:00:02.072412Z,20260709T070002Z_batch01,8N8R001,2026-07-09T06:00:00Z,05 17 38.5,79.41041666666666,-02 49 28,-2.824444444444444,37.7,28.7,0.88,354.0,Map/Offsets   !,https://cgi.minorplanetcenter.net/cgi-bin/confirmeph2.cgi
20260709T070002Z,2026-07-09T07:00:02.072412Z,20260709T070002Z_batch01,8N8R001,2026-07-09T07:00:00Z,05 17 38.2,79.40916666666666,-02 48 36,-2.8099999999999996,37.7,28.8,0.86,354.1,Map/Offsets   !,https://cgi.minorplanetcenter.net/cgi-bin/confirmeph2.cgi
20260709T070002Z,2026-07-09T07:00:02.072412Z,20260709T070002Z_batch01,8N8R001,2026-07-09T08:00:00Z,05 17 37.8,79.4075,-02 47 45,-2.7958333333333334,37.7,28.8,0.84,354.3,Map/Offsets   !,https://cgi.minorplanetcenter.net/cgi-bin/confirmeph2.cgi
20260709T070002Z,2026-07-09T07:00:02.072412Z,20260709T070002Z_batch01,8N8R001,2026-07-09T09:00:00Z,05 17 37.5,79.40625,-02 46 56,-2.7822222222222224,37.8,28.8,0.82,354.4,Map/Offsets   !,https://cgi.minorplanetcenter.net/cgi-bin/confirmeph2.cgi
20260709T070002Z,2026-07-09T07:00:02.072412Z,20260709T070002Z_batch01,8N8R001,2026-07-09T10:00:00Z,05 17 37.2,79.405,-02 46 08,-2.7688888888888887,37.8,28.8,0.8,354.6,Map/Offsets   !,https://cgi.minorplanetcenter.net/cgi-bin/confirmeph2.cgi
20260709T070002Z,2026-07-09T07:00:02.072412Z,20260709T070002Z_batch01,8N8R001,2026-07-09T11:00:00Z,05 17 36.9,79.40375,-02 45 21,-2.7558333333333334,37.8,28.9,0.78,354.7,Map/Offsets   !,https://cgi.minorplanetcenter.net/cgi-bin/confirmeph2.cgi
20260709T070002Z,2026-07-09T07:00:02.072412Z,20260709T070002Z_batch01,8N8R001,2026-07-09T12:00:00Z,05 17 36.6,79.4025,-02 44 35,-2.743055555555556,37.8,28.9,0.76,354.9,Map/Offsets   !,https://cgi.minorplanetcenter.net/cgi-bin/confirmeph2.cgi
20260709T070002Z,2026-07-09T07:00:02.072412Z,20260709T070002Z_batch01,8N8R001,2026-07-09T13:00:00Z,05 17 36.3,79.40124999999999,-02 43 50,-2.7305555555555556,37.8,28.9,0.74,355.1,Map/Offsets   !,https://cgi.minorplanetcenter.net/cgi-bin/confirmeph2.cgi
20260709T070002Z,2026-07-09T07:00:02.072412Z,20260709T070002Z_batch01,8N8R001,2026-07-09T14:00:00Z,05 17 36.1,79.40041666666667,-02 43 07,-2.718611111111111,37.9,28.9,0.72,355.2,Map/Offsets   !,https://cgi.minorplanetcenter.net/cgi-bin/confirmeph2.cgi
20260709T070002Z,2026-07-09T07:00:02.072412Z,20260709T070002Z_batch01,8N8R001,2026-07-09T15:00:00Z,05 17 35.9,79.39958333333334,-02 42 24,-2.706666666666667,37.9,29.0,0.7,355.4,Map/Offsets   !,https://cgi.minorplanetcenter.net/cgi-bin/confirmeph2.cgi
20260709T070002Z,2026-07-09T07:00:02.072412Z,20260709T070002Z_batch01,8N8R001,2026-07-09T16:00:00Z,05 17 35.6,79.39833333333333,-02 41 43,-2.695277777777778,37.9,29.0,0.69,355.6,Map/Offsets   !,https://cgi.minorplanetcenter.net/cgi-bin/confirmeph2.cgi
20260709T070002Z,2026-07-09T07:00:02.072412Z,20260709T070002Z_batch01,8N8R001,2026-07-09T17:00:00Z,05 17 35.4,79.3975,-02 41 02,-2.683888888888889,37.9,29.0,0.67,355.8,Map/Offsets   !,https://cgi.minorplanetcenter.net/cgi-bin/confirmeph2.cgi
20260709T070002Z,2026-07-09T07:00:02.072412Z,20260709T070002Z_batch01,8N8R001,2026-07-09T18:00:00Z,05 17 35.2,79.39666666666666,-02 40 22,-2.6727777777777777,37.9,29.0,0.66,356.0,Map/Offsets   !,https://cgi.minorplanetcenter.net/cgi-bin/confirmeph2.cgi
20260709T070002Z,2026-07-09T07:00:02.072412Z,20260709T070002Z_batch01,8N8R001,2026-07-09T19:00:00Z,05 17 35.1,79.39625000000001,-02 39 43,-2.6619444444444444,38.0,29.0,0.64,356.2,Map/Offsets   !,https://cgi.minorplanetcenter.net/cgi-bin/confirmeph2.cgi
20260709T070002Z,2026-07-09T07:00:02.072412Z,20260709T070002Z_batch01,8N8R001,2026-07-09T20:00:00Z,05 17 34.9,79.39541666666666,-02 39 05,-2.651388888888889,38.0,29.1,0.63,356.4,Map/Offsets   !,https://cgi.minorplanetcenter.net/cgi-bin/confirmeph2.cgi
20260709T070002Z,2026-07-09T07:00:02.072412Z,20260709T070002Z_batch01,8N8R001,2026-07-09T21:00:00Z,05 17 34.7,79.39458333333333,-02 38 28,-2.641111111111111,38.0,29.1,0.62,356.6,Map/Offsets   !,https://cgi.minorplanetcenter.net/cgi-bin/confirmeph2.cgi
20260709T070002Z,2026-07-09T07:00:02.072412Z,20260709T070002Z_batch01,8N8R001,2026-07-09T22:00:00Z,05 17 34.6,79.39416666666666,-02 37 51,-2.6308333333333334,38.0,29.1,0.6,356.8,Map/Offsets   !,https://cgi.minorplanetcenter.net/cgi-bin/confirmeph2.cgi
20260709T070002Z,2026-07-09T07:00:02.072412Z,20260709T070002Z_batch01,8N8R001,2026-07-09T23:00:00Z,05 17 34.5,79.39375,-02 37 15,-2.6208333333333336,38.0,29.1,0.59,357.0,Map/Offsets   !,https://cgi.minorplanetcenter.net/cgi-bin/confirmeph2.cgi
20260709T070002Z,2026-07-09T07:00:02.072412Z,20260709T070002Z_batch01,8N8R001,2026-07-10T00:00:00Z,05 17 34.4,79.39333333333335,-02 36 40,-2.611111111111111,38.1,29.1,0.58,357.2,Map/Offsets   !,https://cgi.minorplanetcenter.net/cgi-bin/confirmeph2.cgi
20260709T070002Z,2026-07-09T07:00:02.072412Z,20260709T070002Z_batch01,8N8R001,2026-07-10T01:00:00Z,05 17 34.2,79.3925,-02 36 06,-2.6016666666666666,38.1,29.2,0.57,357.4,Map/Offsets   !,https://cgi.minorplanetcenter.net/cgi-bin/confirmeph2.cgi
20260709T070002Z,2026-07-09T07:00:02.072412Z,20260709T070002Z_batch01,8N8R001,2026-07-10T02:00:00Z,05 17 34.1,79.39208333333333,-02 35 32,-2.5922222222222224,38.1,29.2,0.56,357.6,Map/Offsets   !,https://cgi.minorplanetcenter.net/cgi-bin/confirmeph2.cgi
20260709T070002Z,2026-07-09T07:00:02.072412Z,20260709T070002Z_batch01,8N8R001,2026-07-10T03:00:00Z,05 17 34.1,79.39208333333333,-02 34 59,-2.583055555555555,38.1,29.2,0.55,357.8,Map/Offsets   !,https://cgi.minorplanetcenter.net/cgi-bin/confirmeph2.cgi
20260709T070002Z,2026-07-09T07:00:02.072412Z,20260709T070002Z_batch01,8N8R001,2026-07-10T04:00:00Z,05 17 34.0,79.39166666666667,-02 34 27,-2.5741666666666663,38.2,29.2,0.54,358.0,Map/Offsets   !,https://cgi.minorplanetcenter.net/cgi-bin/confirmeph2.cgi
20260709T070002Z,2026-07-09T07:00:02.072412Z,20260709T070002Z_batch01,8N8R001,2026-07-10T05:00:00Z,05 17 33.9,79.39125,-02 33 55,-2.5652777777777778,38.2,29.2,0.53,358.3,Map/Offsets   !,https://cgi.minorplanetcenter.net/cgi-bin/confirmeph2.cgi
20260709T070002Z,2026-07-09T07:00:02.072412Z,20260709T070002Z_batch01,8N8R001,2026-07-10T06:00:00Z,05 17 33.8,79.39083333333333,-02 33 24,-2.5566666666666666,38.2,29.2,0.52,358.5,Map/Offsets   !,https://cgi.minorplanetcenter.net/cgi-bin/confirmeph2.cgi
20260709T070002Z,2026-07-09T07:00:02.072412Z,20260709T070002Z_batch01,CEQCZT2,2026-07-09T06:00:00Z,22 20 46.4,335.1933333333333,+02 23 30,2.3916666666666666,127.8,20.8,3.41,239.8,Map/Offsets,https://cgi.minorplanetcenter.net/cgi-bin/confirmeph2.cgi
20260709T070002Z,2026-07-09T07:00:02.072412Z,20260709T070002Z_batch01,CEQCZT2,2026-07-09T07:00:00Z,22 20 34.6,335.14416666666665,+02 21 47,2.3630555555555555,127.9,20.8,3.41,239.8,Map/Offsets,https://cgi.minorplanetcenter.net/cgi-bin/confirmeph2.cgi
20260709T070002Z,2026-07-09T07:00:02.072412Z,20260709T070002Z_batch01,CEQCZT2,2026-07-09T08:00:00Z,22 20 22.8,335.09499999999997,+02 20 04,2.3344444444444448,128.0,20.8,3.41,239.8,Map/Offsets,https://cgi.minorplanetcenter.net/cgi-bin/confirmeph2.cgi
20260709T070002Z,2026-07-09T07:00:02.072412Z,20260709T070002Z_batch01,CEQCZT2,2026-07-09T09:00:00Z,22 20 11.0,335.0458333333333,+02 18 21,2.305833333333333,128.1,20.8,3.41,239.8,Map/Offsets,https://cgi.minorplanetcenter.net/cgi-bin/confirmeph2.cgi
20260709T070002Z,2026-07-09T07:00:02.072412Z,20260709T070002Z_batch01,CEQCZT2,2026-07-09T10:00:00Z,22 19 59.2,334.99666666666667,+02 16 38,2.277222222222222,128.2,20.8,3.41,239.8,Map/Offsets,https://cgi.minorplanetcenter.net/cgi-bin/confirmeph2.cgi
20260709T070002Z,2026-07-09T07:00:02.072412Z,20260709T070002Z_batch01,CEQCZT2,2026-07-09T11:00:00Z,22 19 47.4,334.9475,+02 14 55,2.2486111111111113,128.3,20.8,3.41,239.8,Map/Offsets,https://cgi.minorplanetcenter.net/cgi-bin/confirmeph2.cgi
20260709T070002Z,2026-07-09T07:00:02.072412Z,20260709T070002Z_batch01,CEQCZT2,2026-07-09T12:00:00Z,22 19 35.6,334.8983333333333,+02 13 12,2.22,128.4,20.8,3.41,239.8,Map/Offsets,https://cgi.minorplanetcenter.net/cgi-bin/confirmeph2.cgi
20260709T070002Z,2026-07-09T07:00:02.072412Z,20260709T070002Z_batch01,CEQCZT2,2026-07-09T13:00:00Z,22 19 23.9,334.8495833333333,+02 11 29,2.1913888888888886,128.5,20.8,3.4,239.7,Map/Offsets,https://cgi.minorplanetcenter.net/cgi-bin/confirmeph2.cgi
20260709T070002Z,2026-07-09T07:00:02.072412Z,20260709T070002Z_batch01,CEQCZT2,2026-07-09T14:00:00Z,22 19 12.1,334.80041666666665,+02 09 47,2.1630555555555553,128.6,20.8,3.4,239.7,Map/Offsets,https://cgi.minorplanetcenter.net/cgi-bin/confirmeph2.cgi
20260709T070002Z,2026-07-09T07:00:02.072412Z,20260709T070002Z_batch01,CEQCZT2,2026-07-09T15:00:00Z,22 19 00.3,334.75124999999997,+02 08 04,2.1344444444444446,128.7,20.8,3.4,239.7,Map/Offsets,https://cgi.minorplanetcenter.net/cgi-bin/confirmeph2.cgi
20260709T070002Z,2026-07-09T07:00:02.072412Z,20260709T070002Z_batch01,CEQCZT2,2026-07-09T16:00:00Z,22 18 48.6,334.70250000000004,+02 06 21,2.1058333333333334,128.8,20.8,3.4,239.7,Map/Offsets,https://cgi.minorplanetcenter.net/cgi-bin/confirmeph2.cgi
20260709T070002Z,2026-07-09T07:00:02.072412Z,20260709T070002Z_batch01,CEQCZT2,2026-07-09T17:00:00Z,22 18 36.8,334.6533333333333,+02 04 38,2.0772222222222223,128.9,20.8,3.4,239.7,Map/Offsets,https://cgi.minorplanetcenter.net/cgi-bin/confirmeph2.cgi
20260709T070002Z,2026-07-09T07:00:02.072412Z,20260709T070002Z_batch01,CEQCZT2,2026-07-09T18:00:00Z,22 18 25.1,334.6045833333334,+02 02 55,2.048611111111111,129.0,20.8,3.4,239.7,Map/Offsets,https://cgi.minorplanetcenter.net/cgi-bin/confirmeph2.cgi
20260709T070002Z,2026-07-09T07:00:02.072412Z,20260709T070002Z_batch01,CEQCZT2,2026-07-09T19:00:00Z,22 18 13.3,334.5554166666667,+02 01 13,2.020277777777778,129.1,20.8,3.4,239.7,Map/Offsets,https://cgi.minorplanetcenter.net/cgi-bin/confirmeph2.cgi
20260709T070002Z,2026-07-09T07:00:02.072412Z,20260709T070002Z_batch01,CEQCZT2,2026-07-09T20:00:00Z,22 18 01.6,334.50666666666666,+01 59 30,1.9916666666666667,129.1,20.8,3.4,239.7,Map/Offsets,https://cgi.minorplanetcenter.net/cgi-bin/confirmeph2.cgi
20260709T070002Z,2026-07-09T07:00:02.072412Z,20260709T070002Z_batch01,CEQCZT2,2026-07-09T21:00:00Z,22 17 49.8,334.45750000000004,+01 57 47,1.9630555555555556,129.2,20.8,3.39,239.7,Map/Offsets,https://cgi.minorplanetcenter.net/cgi-bin/confirmeph2.cgi
20260709T070002Z,2026-07-09T07:00:02.072412Z,20260709T070002Z_batch01,CEQCZT2,2026-07-09T22:00:00Z,22 17 38.1,334.40875,+01 56 05,1.9347222222222222,129.3,20.8,3.39,239.7,Map/Offsets,https://cgi.minorplanetcenter.net/cgi-bin/confirmeph2.cgi
20260709T070002Z,2026-07-09T07:00:02.072412Z,20260709T070002Z_batch01,CEQCZT2,2026-07-09T23:00:00Z,22 17 26.4,334.36,+01 54 22,1.906111111111111,129.4,20.8,3.39,239.7,Map/Offsets,https://cgi.minorplanetcenter.net/cgi-bin/confirmeph2.cgi
20260709T070002Z,2026-07-09T07:00:02.072412Z,20260709T070002Z_batch01,CEQCZT2,2026-07-10T00:00:00Z,22 17 14.7,334.31125000000003,+01 52 39,1.8775,129.5,20.8,3.39,239.7,Map/Offsets,https://cgi.minorplanetcenter.net/cgi-bin/confirmeph2.cgi
20260709T070002Z,2026-07-09T07:00:02.072412Z,20260709T070002Z_batch01,CEQCZT2,2026-07-10T01:00:00Z,22 17 03.0,334.2625,+01 50 57,1.8491666666666668,129.6,20.8,3.39,239.7,Map/Offsets,https://cgi.minorplanetcenter.net/cgi-bin/confirmeph2.cgi
20260709T070002Z,2026-07-09T07:00:02.072412Z,20260709T070002Z_batch01,CEQCZT2,2026-07-10T02:00:00Z,22 16 51.3,334.21375,+01 49 14,1.8205555555555555,129.7,20.8,3.39,239.7,Map/Offsets,https://cgi.minorplanetcenter.net/cgi-bin/confirmeph2.cgi
20260709T070002Z,2026-07-09T07:00:02.072412Z,20260709T070002Z_batch01,CEQCZT2,2026-07-10T03:00:00Z,22 16 39.5,334.1645833333333,+01 47 32,1.7922222222222222,129.8,20.8,3.39,239.7,Map/Offsets,https://cgi.minorplanetcenter.net/cgi-bin/confirmeph2.cgi
20260709T070002Z,2026-07-09T07:00:02.072412Z,20260709T070002Z_batch01,CEQCZT2,2026-07-10T04:00:00Z,22 16 27.8,334.11583333333334,+01 45 50,1.7638888888888888,129.9,20.8,3.38,239.7,Map/Offsets,https://cgi.minorplanetcenter.net/cgi-bin/confirmeph2.cgi
20260709T070002Z,2026-07-09T07:00:02.072412Z,20260709T070002Z_batch01,CEQCZT2,2026-07-10T05:00:00Z,22 16 16.2,334.0675,+01 44 07,1.735277777777778,130.0,20.8,3.38,239.7,Map/Offsets,https://cgi.minorplanetcenter.net/cgi-bin/confirmeph2.cgi
20260709T070002Z,2026-07-09T07:00:02.072412Z,20260709T070002Z_batch01,CEQCZT2,2026-07-10T06:00:00Z,22 16 04.5,334.01874999999995,+01 42 25,1.7069444444444444,130.1,20.8,3.38,239.7,Map/Offsets,https://cgi.minorplanetcenter.net/cgi-bin/confirmeph2.cgi
20260709T070002Z,2026-07-09T07:00:02.072412Z,20260709T070002Z_batch01,OMO0297,2026-07-09T06:00:00Z,23 35 34.4,353.8933333333333,+03 41 57,3.6991666666666667,110.7,21.9,1.28,81.3,Map/Offsets,https://cgi.minorplanetcenter.net/cgi-bin/confirmeph2.cgi
20260709T070002Z,2026-07-09T07:00:02.072412Z,20260709T070002Z_batch01,OMO0297,2026-07-09T07:00:00Z,23 35 39.5,353.9145833333333,+03 42 08,3.7022222222222223,110.7,21.9,1.27,81.3,Map/Offsets,https://cgi.minorplanetcenter.net/cgi-bin/confirmeph2.cgi
20260709T070002Z,2026-07-09T07:00:02.072412Z,20260709T070002Z_batch01,OMO0297,2026-07-09T08:00:00Z,23 35 44.6,353.93583333333333,+03 42 20,3.7055555555555557,110.8,21.9,1.27,81.4,Map/Offsets,https://cgi.minorplanetcenter.net/cgi-bin/confirmeph2.cgi
20260709T070002Z,2026-07-09T07:00:02.072412Z,20260709T070002Z_batch01,OMO0297,2026-07-09T09:00:00Z,23 35 49.6,353.95666666666665,+03 42 31,3.7086111111111113,110.8,21.9,1.27,81.4,Map/Offsets,https://cgi.minorplanetcenter.net/cgi-bin/confirmeph2.cgi
20260709T070002Z,2026-07-09T07:00:02.072412Z,20260709T070002Z_batch01,OMO0297,2026-07-09T10:00:00Z,23 35 54.6,353.97749999999996,+03 42 42,3.711666666666667,110.8,21.9,1.27,81.4,Map/Offsets,https://cgi.minorplanetcenter.net/cgi-bin/confirmeph2.cgi
20260709T070002Z,2026-07-09T07:00:02.072412Z,20260709T070002Z_batch01,OMO0297,2026-07-09T11:00:00Z,23 35 59.7,353.99875,+03 42 54,3.7150000000000003,110.8,21.9,1.27,81.4,Map/Offsets,https://cgi.minorplanetcenter.net/cgi-bin/confirmeph2.cgi
20260709T070002Z,2026-07-09T07:00:02.072412Z,20260709T070002Z_batch01,OMO0297,2026-07-09T12:00:00Z,23 36 04.7,354.01958333333334,+03 43 05,3.718055555555556,110.8,21.9,1.27,81.5,Map/Offsets,https://cgi.minorplanetcenter.net/cgi-bin/confirmeph2.cgi
20260709T070002Z,2026-07-09T07:00:02.072412Z,20260709T070002Z_batch01,OMO0297,2026-07-09T13:00:00Z,23 36 09.8,354.04083333333335,+03 43 17,3.721388888888889,110.9,21.9,1.27,81.5,Map/Offsets,https://cgi.minorplanetcenter.net/cgi-bin/confirmeph2.cgi
20260709T070002Z,2026-07-09T07:00:02.072412Z,20260709T070002Z_batch01,OMO0297,2026-07-09T14:00:00Z,23 36 14.8,354.06166666666667,+03 43 28,3.7244444444444444,110.9,21.9,1.27,81.5,Map/Offsets,https://cgi.minorplanetcenter.net/cgi-bin/confirmeph2.cgi
20260709T070002Z,2026-07-09T07:00:02.072412Z,20260709T070002Z_batch01,OMO0297,2026-07-09T15:00:00Z,23 36 19.9,354.08291666666673,+03 43 39,3.7275,110.9,21.9,1.27,81.5,Map/Offsets,https://cgi.minorplanetcenter.net/cgi-bin/confirmeph2.cgi
20260709T070002Z,2026-07-09T07:00:02.072412Z,20260709T070002Z_batch01,OMO0297,2026-07-09T16:00:00Z,23 36 24.9,354.10375,+03 43 50,3.7305555555555556,110.9,21.9,1.27,81.5,Map/Offsets,https://cgi.minorplanetcenter.net/cgi-bin/confirmeph2.cgi
20260709T070002Z,2026-07-09T07:00:02.072412Z,20260709T070002Z_batch01,OMO0297,2026-07-09T17:00:00Z,23 36 29.9,354.12458333333336,+03 44 02,3.733888888888889,110.9,21.9,1.27,81.6,Map/Offsets,https://cgi.minorplanetcenter.net/cgi-bin/confirmeph2.cgi
20260709T070002Z,2026-07-09T07:00:02.072412Z,20260709T070002Z_batch01,OMO0297,2026-07-09T18:00:00Z,23 36 34.9,354.1454166666667,+03 44 13,3.7369444444444446,111.0,21.9,1.27,81.6,Map/Offsets,https://cgi.minorplanetcenter.net/cgi-bin/confirmeph2.cgi
20260709T070002Z,2026-07-09T07:00:02.072412Z,20260709T070002Z_batch01,OMO0297,2026-07-09T19:00:00Z,23 36 40.0,354.16666666666674,+03 44 24,3.74,111.0,21.9,1.27,81.6,Map/Offsets,https://cgi.minorplanetcenter.net/cgi-bin/confirmeph2.cgi
20260709T070002Z,2026-07-09T07:00:02.072412Z,20260709T070002Z_batch01,OMO0297,2026-07-09T20:00:00Z,23 36 45.0,354.1875,+03 44 35,3.743055555555556,111.0,21.9,1.27,81.6,Map/Offsets,https://cgi.minorplanetcenter.net/cgi-bin/confirmeph2.cgi
20260709T070002Z,2026-07-09T07:00:02.072412Z,20260709T070002Z_batch01,OMO0297,2026-07-09T21:00:00Z,23 36 50.0,354.20833333333337,+03 44 46,3.7461111111111114,111.0,21.9,1.27,81.6,Map/Offsets,https://cgi.minorplanetcenter.net/cgi-bin/confirmeph2.cgi
20260709T070002Z,2026-07-09T07:00:02.072412Z,20260709T070002Z_batch01,OMO0297,2026-07-09T22:00:00Z,23 36 55.1,354.2295833333334,+03 44 57,3.7491666666666665,111.0,21.9,1.27,81.7,Map/Offsets,https://cgi.minorplanetcenter.net/cgi-bin/confirmeph2.cgi
20260709T070002Z,2026-07-09T07:00:02.072412Z,20260709T070002Z_batch01,OMO0297,2026-07-09T23:00:00Z,23 37 00.1,354.2504166666667,+03 45 08,3.752222222222222,111.1,21.9,1.27,81.7,Map/Offsets,https://cgi.minorplanetcenter.net/cgi-bin/confirmeph2.cgi
20260709T070002Z,2026-07-09T07:00:02.072412Z,20260709T070002Z_batch01,OMO0297,2026-07-10T00:00:00Z,23 37 05.1,354.27125,+03 45 19,3.7552777777777777,111.1,21.9,1.26,81.7,Map/Offsets,https://cgi.minorplanetcenter.net/cgi-bin/confirmeph2.cgi
20260709T070002Z,2026-07-09T07:00:02.072412Z,20260709T070002Z_batch01,OMO0297,2026-07-10T01:00:00Z,23 37 10.1,354.2920833333333,+03 45 30,3.7583333333333333,111.1,21.9,1.26,81.7,Map/Offsets,https://cgi.minorplanetcenter.net/cgi-bin/confirmeph2.cgi
20260709T070002Z,2026-07-09T07:00:02.072412Z,20260709T070002Z_batch01,OMO0297,2026-07-10T02:00:00Z,23 37 15.1,354.31291666666664,+03 45 41,3.761388888888889,111.1,21.9,1.26,81.7,Map/Offsets,https://cgi.minorplanetcenter.net/cgi-bin/confirmeph2.cgi
20260709T070002Z,2026-07-09T07:00:02.072412Z,20260709T070002Z_batch01,OMO0297,2026-07-10T03:00:00Z,23 37 20.1,354.33375,+03 45 52,3.7644444444444445,111.1,21.9,1.26,81.8,Map/Offsets,https://cgi.minorplanetcenter.net/cgi-bin/confirmeph2.cgi
20260709T070002Z,2026-07-09T07:00:02.072412Z,20260709T070002Z_batch01,OMO0297,2026-07-10T04:00:00Z,23 37 25.1,354.3545833333334,+03 46 03,3.7675,111.1,21.9,1.26,81.8,Map/Offsets,https://cgi.minorplanetcenter.net/cgi-bin/confirmeph2.cgi
20260709T070002Z,2026-07-09T07:00:02.072412Z,20260709T070002Z_batch01,OMO0297,2026-07-10T05:00:00Z,23 37 30.1,354.37541666666664,+03 46 14,3.7705555555555557,111.2,21.9,1.26,81.8,Map/Offsets,https://cgi.minorplanetcenter.net/cgi-bin/confirmeph2.cgi
20260709T070002Z,2026-07-09T07:00:02.072412Z,20260709T070002Z_batch01,OMO0297,2026-07-10T06:00:00Z,23 37 35.2,354.39666666666665,+03 46 24,3.7733333333333334,111.2,21.9,1.26,81.8,Map/Offsets,https://cgi.minorplanetcenter.net/cgi-bin/confirmeph2.cgi
