snapshot_id,fetched_at_utc,batch_id,designation,ephem_time_utc,ra_hms,ra_deg,dec_dms,dec_deg,elong_deg,v_mag,motion_arcsec_per_min,pa_deg,uncertainty,source_url
20260522T154244Z,2026-05-22T15:42:44.637447Z,20260522T154244Z_batch01,TF26EG7,2026-05-22T14:00:00Z,15 43 26.8,235.86166666666668,+09 38 29,9.641388888888889,149.8,19.4,12.95,145.9,Map/Offsets,https://cgi.minorplanetcenter.net/cgi-bin/confirmeph2.cgi
20260522T154244Z,2026-05-22T15:42:44.637447Z,20260522T154244Z_batch01,TF26EG7,2026-05-22T15:00:00Z,15 43 56.2,235.98416666666668,+09 27 48,9.463333333333333,150.0,19.4,12.88,145.9,Map/Offsets,https://cgi.minorplanetcenter.net/cgi-bin/confirmeph2.cgi
20260522T154244Z,2026-05-22T15:42:44.637447Z,20260522T154244Z_batch01,TF26EG7,2026-05-22T16:00:00Z,15 44 25.4,236.1058333333333,+09 17 10,9.286111111111111,150.2,19.4,12.81,145.9,Map/Offsets,https://cgi.minorplanetcenter.net/cgi-bin/confirmeph2.cgi
20260522T154244Z,2026-05-22T15:42:44.637447Z,20260522T154244Z_batch01,TF26EG7,2026-05-22T17:00:00Z,15 44 54.4,236.22666666666666,+09 06 35,9.109722222222222,150.3,19.4,12.74,145.9,Map/Offsets,https://cgi.minorplanetcenter.net/cgi-bin/confirmeph2.cgi
20260522T154244Z,2026-05-22T15:42:44.637447Z,20260522T154244Z_batch01,TF26EG7,2026-05-22T18:00:00Z,15 45 23.2,236.34666666666666,+08 56 03,8.934166666666666,150.5,19.4,12.67,146.0,Map/Offsets,https://cgi.minorplanetcenter.net/cgi-bin/confirmeph2.cgi
20260522T154244Z,2026-05-22T15:42:44.637447Z,20260522T154244Z_batch01,TF26EG7,2026-05-22T19:00:00Z,15 45 51.8,236.4658333333333,+08 45 35,8.759722222222223,150.7,19.4,12.61,146.0,Map/Offsets,https://cgi.minorplanetcenter.net/cgi-bin/confirmeph2.cgi
20260522T154244Z,2026-05-22T15:42:44.637447Z,20260522T154244Z_batch01,TF26EG7,2026-05-22T20:00:00Z,15 46 20.3,236.58458333333334,+08 35 09,8.585833333333333,150.9,19.4,12.54,146.0,Map/Offsets,https://cgi.minorplanetcenter.net/cgi-bin/confirmeph2.cgi
20260522T154244Z,2026-05-22T15:42:44.637447Z,20260522T154244Z_batch01,TF26EG7,2026-05-22T21:00:00Z,15 46 48.6,236.70250000000001,+08 24 47,8.413055555555555,151.0,19.4,12.47,146.0,Map/Offsets,https://cgi.minorplanetcenter.net/cgi-bin/confirmeph2.cgi
20260522T154244Z,2026-05-22T15:42:44.637447Z,20260522T154244Z_batch01,TF26EG7,2026-05-22T22:00:00Z,15 47 16.7,236.81958333333336,+08 14 28,8.24111111111111,151.2,19.4,12.41,146.0,Map/Offsets,https://cgi.minorplanetcenter.net/cgi-bin/confirmeph2.cgi
20260522T154244Z,2026-05-22T15:42:44.637447Z,20260522T154244Z_batch01,TF26EG7,2026-05-22T23:00:00Z,15 47 44.6,236.93583333333333,+08 04 12,8.07,151.4,19.4,12.34,146.1,Map/Offsets,https://cgi.minorplanetcenter.net/cgi-bin/confirmeph2.cgi
20260522T154244Z,2026-05-22T15:42:44.637447Z,20260522T154244Z_batch01,TF26EG7,2026-05-23T00:00:00Z,15 48 12.3,237.05125,+07 54 00,7.9,151.5,19.4,12.27,146.1,Map/Offsets,https://cgi.minorplanetcenter.net/cgi-bin/confirmeph2.cgi
20260522T154244Z,2026-05-22T15:42:44.637447Z,20260522T154244Z_batch01,TF26EG7,2026-05-23T01:00:00Z,15 48 39.9,237.16625000000002,+07 43 50,7.730555555555556,151.7,19.4,12.21,146.1,Map/Offsets,https://cgi.minorplanetcenter.net/cgi-bin/confirmeph2.cgi
20260522T154244Z,2026-05-22T15:42:44.637447Z,20260522T154244Z_batch01,TF26EG7,2026-05-23T02:00:00Z,15 49 07.3,237.28041666666667,+07 33 44,7.562222222222222,151.9,19.4,12.14,146.1,Map/Offsets,https://cgi.minorplanetcenter.net/cgi-bin/confirmeph2.cgi
20260522T154244Z,2026-05-22T15:42:44.637447Z,20260522T154244Z_batch01,TF26EG7,2026-05-23T03:00:00Z,15 49 34.5,237.39375,+07 23 41,7.394722222222223,152.0,19.4,12.07,146.1,Map/Offsets,https://cgi.minorplanetcenter.net/cgi-bin/confirmeph2.cgi
20260522T154244Z,2026-05-22T15:42:44.637447Z,20260522T154244Z_batch01,TF26EG7,2026-05-23T04:00:00Z,15 50 01.6,237.50666666666666,+07 13 41,7.228055555555556,152.2,19.4,12.01,146.2,Map/Offsets,https://cgi.minorplanetcenter.net/cgi-bin/confirmeph2.cgi
20260522T154244Z,2026-05-22T15:42:44.637447Z,20260522T154244Z_batch01,TF26EG7,2026-05-23T05:00:00Z,15 50 28.4,237.61833333333334,+07 03 44,7.062222222222222,152.4,19.4,11.94,146.2,Map/Offsets,https://cgi.minorplanetcenter.net/cgi-bin/confirmeph2.cgi
20260522T154244Z,2026-05-22T15:42:44.637447Z,20260522T154244Z_batch01,TF26EG7,2026-05-23T06:00:00Z,15 50 55.2,237.73,+06 53 50,6.897222222222222,152.5,19.4,11.88,146.2,Map/Offsets,https://cgi.minorplanetcenter.net/cgi-bin/confirmeph2.cgi
20260522T154244Z,2026-05-22T15:42:44.637447Z,20260522T154244Z_batch01,TF26EG7,2026-05-23T07:00:00Z,15 51 21.7,237.84041666666667,+06 43 59,6.733055555555556,152.7,19.4,11.81,146.2,Map/Offsets,https://cgi.minorplanetcenter.net/cgi-bin/confirmeph2.cgi
20260522T154244Z,2026-05-22T15:42:44.637447Z,20260522T154244Z_batch01,TF26EG7,2026-05-23T08:00:00Z,15 51 48.1,237.95041666666665,+06 34 12,6.569999999999999,152.8,19.4,11.75,146.2,Map/Offsets,https://cgi.minorplanetcenter.net/cgi-bin/confirmeph2.cgi
20260522T154244Z,2026-05-22T15:42:44.637447Z,20260522T154244Z_batch01,TF26EG7,2026-05-23T09:00:00Z,15 52 14.3,238.05958333333334,+06 24 27,6.407500000000001,153.0,19.4,11.69,146.2,Map/Offsets,https://cgi.minorplanetcenter.net/cgi-bin/confirmeph2.cgi
20260522T154244Z,2026-05-22T15:42:44.637447Z,20260522T154244Z_batch01,TF26EG7,2026-05-23T10:00:00Z,15 52 40.3,238.16791666666666,+06 14 46,6.246111111111111,153.2,19.4,11.62,146.3,Map/Offsets,https://cgi.minorplanetcenter.net/cgi-bin/confirmeph2.cgi
20260522T154244Z,2026-05-22T15:42:44.637447Z,20260522T154244Z_batch01,TF26EG7,2026-05-23T11:00:00Z,15 53 06.2,238.2758333333333,+06 05 08,6.085555555555556,153.3,19.4,11.56,146.3,Map/Offsets,https://cgi.minorplanetcenter.net/cgi-bin/confirmeph2.cgi
20260522T154244Z,2026-05-22T15:42:44.637447Z,20260522T154244Z_batch01,TF26EG7,2026-05-23T12:00:00Z,15 53 32.0,238.38333333333333,+05 55 32,5.9255555555555555,153.5,19.4,11.49,146.3,Map/Offsets,https://cgi.minorplanetcenter.net/cgi-bin/confirmeph2.cgi
20260522T154244Z,2026-05-22T15:42:44.637447Z,20260522T154244Z_batch01,TF26EG7,2026-05-23T13:00:00Z,15 53 57.5,238.48958333333334,+05 46 00,5.766666666666667,153.6,19.4,11.43,146.3,Map/Offsets,https://cgi.minorplanetcenter.net/cgi-bin/confirmeph2.cgi
20260522T154244Z,2026-05-22T15:42:44.637447Z,20260522T154244Z_batch01,TF26EG7,2026-05-23T14:00:00Z,15 54 23.0,238.59583333333333,+05 36 31,5.60861111111111,153.8,19.4,11.37,146.3,Map/Offsets,https://cgi.minorplanetcenter.net/cgi-bin/confirmeph2.cgi
20260522T154244Z,2026-05-22T15:42:44.637447Z,20260522T154244Z_batch01,ST26EE8,2026-05-22T14:00:00Z,15 34 02.5,233.51041666666669,+11 12 01,11.200277777777776,148.0,18.7,51.01,292.0,Map/Offsets   !,https://cgi.minorplanetcenter.net/cgi-bin/confirmeph2.cgi
20260522T154244Z,2026-05-22T15:42:44.637447Z,20260522T154244Z_batch01,ST26EE8,2026-05-22T15:00:00Z,15 30 41.1,232.67125000000001,+11 31 50,11.530555555555557,147.5,18.6,55.45,291.8,Map/Offsets   !,https://cgi.minorplanetcenter.net/cgi-bin/confirmeph2.cgi
20260522T154244Z,2026-05-22T15:42:44.637447Z,20260522T154244Z_batch01,ST26EE8,2026-05-22T16:00:00Z,15 27 01.3,231.75541666666666,+11 53 14,11.887222222222222,146.9,18.5,60.46,291.6,Map/Offsets   !,https://cgi.minorplanetcenter.net/cgi-bin/confirmeph2.cgi
20260522T154244Z,2026-05-22T15:42:44.637447Z,20260522T154244Z_batch01,ST26EE8,2026-05-22T17:00:00Z,15 23 00.6,230.7525,+12 16 25,12.273611111111112,146.3,18.4,66.15,291.4,Map/Offsets   !,https://cgi.minorplanetcenter.net/cgi-bin/confirmeph2.cgi
20260522T154244Z,2026-05-22T15:42:44.637447Z,20260522T154244Z_batch01,ST26EE8,2026-05-22T18:00:00Z,15 18 36.0,229.65,+12 41 33,12.6925,145.6,18.4,72.62,291.2,Map/Offsets   !,https://cgi.minorplanetcenter.net/cgi-bin/confirmeph2.cgi
20260522T154244Z,2026-05-22T15:42:44.637447Z,20260522T154244Z_batch01,ST26EE8,2026-05-22T19:00:00Z,15 13 44.0,228.43333333333334,+13 08 54,13.148333333333333,144.8,18.3,80.01,290.9,Map/Offsets   !,https://cgi.minorplanetcenter.net/cgi-bin/confirmeph2.cgi
20260522T154244Z,2026-05-22T15:42:44.637447Z,20260522T154244Z_batch01,ST26EE8,2026-05-22T20:00:00Z,15 08 20.3,227.08458333333334,+13 38 40,13.644444444444444,143.9,18.2,88.49,290.6,Map/Offsets   !,https://cgi.minorplanetcenter.net/cgi-bin/confirmeph2.cgi
20260522T154244Z,2026-05-22T15:42:44.637447Z,20260522T154244Z_batch01,ST26EE8,2026-05-22T21:00:00Z,15 02 20.1,225.58375,+14 11 09,14.185833333333333,142.8,18.1,98.26,290.2,Map/Offsets   !,https://cgi.minorplanetcenter.net/cgi-bin/confirmeph2.cgi
20260522T154244Z,2026-05-22T15:42:44.637447Z,20260522T154244Z_batch01,ST26EE8,2026-05-22T22:00:00Z,14 55 37.2,223.905,+14 46 38,14.777222222222223,141.6,18.0,109.6,289.8,Map/Offsets   !,https://cgi.minorplanetcenter.net/cgi-bin/confirmeph2.cgi
20260522T154244Z,2026-05-22T15:42:44.637447Z,20260522T154244Z_batch01,ST26EE8,2026-05-22T23:00:00Z,14 48 04.6,222.01916666666668,+15 25 24,15.423333333333332,140.3,17.9,122.6,289.3,Map/Offsets   !,https://cgi.minorplanetcenter.net/cgi-bin/confirmeph2.cgi
20260522T154244Z,2026-05-22T15:42:44.637447Z,20260522T154244Z_batch01,ST26EE8,2026-05-23T00:00:00Z,14 39 33.5,219.88958333333332,+16 07 44,16.128888888888888,138.7,17.9,137.9,288.7,Map/Offsets   !,https://cgi.minorplanetcenter.net/cgi-bin/confirmeph2.cgi
20260522T154244Z,2026-05-22T15:42:44.637447Z,20260522T154244Z_batch01,ST26EE8,2026-05-23T01:00:00Z,14 29 53.5,217.47291666666666,+16 53 53,16.898055555555555,136.8,17.8,155.5,288.0,Map/Offsets   !!,https://cgi.minorplanetcenter.net/cgi-bin/confirmeph2.cgi
20260522T154244Z,2026-05-22T15:42:44.637447Z,20260522T154244Z_batch01,ST26EE8,2026-05-23T02:00:00Z,14 18 52.4,214.71833333333333,+17 43 59,17.733055555555556,134.7,17.7,176.1,287.2,Map/Offsets   !!,https://cgi.minorplanetcenter.net/cgi-bin/confirmeph2.cgi
20260522T154244Z,2026-05-22T15:42:44.637447Z,20260522T154244Z_batch01,ST26EE8,2026-05-23T03:00:00Z,14 06 15.4,211.56416666666667,+18 37 58,18.63277777777778,132.2,17.6,199.9,286.2,Map/Offsets   !!,https://cgi.minorplanetcenter.net/cgi-bin/confirmeph2.cgi
20260522T154244Z,2026-05-22T15:42:44.637447Z,20260522T154244Z_batch01,ST26EE8,2026-05-23T04:00:00Z,13 51 46.1,207.94208333333333,+19 35 24,19.59,129.3,17.6,227.2,285.0,Map/Offsets   !!,https://cgi.minorplanetcenter.net/cgi-bin/confirmeph2.cgi
20260522T154244Z,2026-05-22T15:42:44.637447Z,20260522T154244Z_batch01,ST26EE8,2026-05-23T05:00:00Z,13 35 05.9,203.77458333333334,+20 35 21,20.589166666666664,126.0,17.5,258.1,283.6,Map/Offsets   !!,https://cgi.minorplanetcenter.net/cgi-bin/confirmeph2.cgi
20260522T154244Z,2026-05-22T15:42:44.637447Z,20260522T154244Z_batch01,ST26EE8,2026-05-23T06:00:00Z,13 15 56.3,198.98458333333332,+21 35 58,21.599444444444444,122.1,17.5,292.2,281.9,Map/Offsets   !!,https://cgi.minorplanetcenter.net/cgi-bin/confirmeph2.cgi
20260522T154244Z,2026-05-22T15:42:44.637447Z,20260522T154244Z_batch01,ST26EE8,2026-05-23T07:00:00Z,12 54 01.0,193.50416666666666,+22 34 21,22.572499999999998,117.6,17.5,328.4,279.8,Map/Offsets   !!,https://cgi.minorplanetcenter.net/cgi-bin/confirmeph2.cgi
20260522T154244Z,2026-05-22T15:42:44.637447Z,20260522T154244Z_batch01,ST26EE8,2026-05-23T08:00:00Z,12 29 11.3,187.29708333333332,+23 26 13,23.436944444444446,112.6,17.5,364.7,277.4,Map/Offsets   !!,https://cgi.minorplanetcenter.net/cgi-bin/confirmeph2.cgi
20260522T154244Z,2026-05-22T15:42:44.637447Z,20260522T154244Z_batch01,ST26EE8,2026-05-23T09:00:00Z,12 01 31.9,180.3829166666667,+24 06 05,24.10138888888889,107.0,17.6,397.8,274.6,Map/Offsets   !!,https://cgi.minorplanetcenter.net/cgi-bin/confirmeph2.cgi
20260522T154244Z,2026-05-22T15:42:44.637447Z,20260522T154244Z_batch01,ST26EE8,2026-05-23T10:00:00Z,11 31 27.9,172.86625,+24 27 58,24.46611111111111,100.8,17.8,423.8,271.5,Map/Offsets   !!,https://cgi.minorplanetcenter.net/cgi-bin/confirmeph2.cgi
20260522T154244Z,2026-05-22T15:42:44.637447Z,20260522T154244Z_batch01,ST26EE8,2026-05-23T11:00:00Z,10 59 48.3,164.95125,+24 26 52,24.447777777777777,94.4,18.0,438.5,268.2,Map/Offsets   !!,https://cgi.minorplanetcenter.net/cgi-bin/confirmeph2.cgi
20260522T154244Z,2026-05-22T15:42:44.637447Z,20260522T154244Z_batch01,ST26EE8,2026-05-23T12:00:00Z,10 27 40.7,156.91958333333332,+24 00 26,24.00722222222222,87.8,18.2,439.4,264.9,Map/Offsets   !!,https://cgi.minorplanetcenter.net/cgi-bin/confirmeph2.cgi
20260522T154244Z,2026-05-22T15:42:44.637447Z,20260522T154244Z_batch01,ST26EE8,2026-05-23T13:00:00Z,09 56 19.1,149.07958333333335,+23 10 02,23.16722222222222,81.3,18.6,426.3,261.8,Map/Offsets   !!,https://cgi.minorplanetcenter.net/cgi-bin/confirmeph2.cgi
20260522T154244Z,2026-05-22T15:42:44.637447Z,20260522T154244Z_batch01,ST26EE8,2026-05-23T14:00:00Z,09 26 47.6,141.69833333333332,+22 00 26,22.00722222222222,75.1,18.9,401.5,258.9,Map/Offsets   !!,https://cgi.minorplanetcenter.net/cgi-bin/confirmeph2.cgi
20260522T154244Z,2026-05-22T15:42:44.637447Z,20260522T154244Z_batch01,MKp7968,2026-05-22T14:00:00Z,14 07 22.2,211.8425,+05 16 27,5.274166666666667,143.0,21.7,1.65,350.9,Map/Offsets,https://cgi.minorplanetcenter.net/cgi-bin/confirmeph2.cgi
20260522T154244Z,2026-05-22T15:42:44.637447Z,20260522T154244Z_batch01,MKp7968,2026-05-22T15:00:00Z,14 07 21.1,211.83791666666667,+05 18 05,5.301388888888889,142.9,21.7,1.65,350.9,Map/Offsets,https://cgi.minorplanetcenter.net/cgi-bin/confirmeph2.cgi
20260522T154244Z,2026-05-22T15:42:44.637447Z,20260522T154244Z_batch01,MKp7968,2026-05-22T16:00:00Z,14 07 20.1,211.83375,+05 19 43,5.328611111111111,142.9,21.7,1.66,350.9,Map/Offsets,https://cgi.minorplanetcenter.net/cgi-bin/confirmeph2.cgi
20260522T154244Z,2026-05-22T15:42:44.637447Z,20260522T154244Z_batch01,MKp7968,2026-05-22T17:00:00Z,14 07 19.0,211.82916666666668,+05 21 21,5.355833333333333,142.8,21.7,1.66,351.0,Map/Offsets,https://cgi.minorplanetcenter.net/cgi-bin/confirmeph2.cgi
20260522T154244Z,2026-05-22T15:42:44.637447Z,20260522T154244Z_batch01,MKp7968,2026-05-22T18:00:00Z,14 07 18.0,211.82500000000002,+05 22 59,5.383055555555555,142.8,21.6,1.66,351.0,Map/Offsets,https://cgi.minorplanetcenter.net/cgi-bin/confirmeph2.cgi
20260522T154244Z,2026-05-22T15:42:44.637447Z,20260522T154244Z_batch01,MKp7968,2026-05-22T19:00:00Z,14 07 16.9,211.8204166666667,+05 24 37,5.410277777777778,142.7,21.6,1.66,351.1,Map/Offsets,https://cgi.minorplanetcenter.net/cgi-bin/confirmeph2.cgi
20260522T154244Z,2026-05-22T15:42:44.637447Z,20260522T154244Z_batch01,MKp7968,2026-05-22T20:00:00Z,14 07 15.9,211.81625,+05 26 15,5.4375,142.6,21.6,1.66,351.1,Map/Offsets,https://cgi.minorplanetcenter.net/cgi-bin/confirmeph2.cgi
20260522T154244Z,2026-05-22T15:42:44.637447Z,20260522T154244Z_batch01,MKp7968,2026-05-22T21:00:00Z,14 07 14.9,211.81208333333333,+05 27 54,5.465,142.6,21.6,1.66,351.1,Map/Offsets,https://cgi.minorplanetcenter.net/cgi-bin/confirmeph2.cgi
20260522T154244Z,2026-05-22T15:42:44.637447Z,20260522T154244Z_batch01,MKp7968,2026-05-22T22:00:00Z,14 07 13.9,211.8079166666667,+05 29 32,5.492222222222222,142.5,21.6,1.66,351.2,Map/Offsets,https://cgi.minorplanetcenter.net/cgi-bin/confirmeph2.cgi
20260522T154244Z,2026-05-22T15:42:44.637447Z,20260522T154244Z_batch01,MKp7968,2026-05-22T23:00:00Z,14 07 12.8,211.80333333333334,+05 31 10,5.519444444444445,142.5,21.6,1.66,351.2,Map/Offsets,https://cgi.minorplanetcenter.net/cgi-bin/confirmeph2.cgi
20260522T154244Z,2026-05-22T15:42:44.637447Z,20260522T154244Z_batch01,MKp7968,2026-05-23T00:00:00Z,14 07 11.8,211.79916666666665,+05 32 49,5.546944444444445,142.4,21.6,1.66,351.3,Map/Offsets,https://cgi.minorplanetcenter.net/cgi-bin/confirmeph2.cgi
20260522T154244Z,2026-05-22T15:42:44.637447Z,20260522T154244Z_batch01,MKp7968,2026-05-23T01:00:00Z,14 07 10.8,211.79500000000002,+05 34 27,5.574166666666667,142.4,21.6,1.66,351.3,Map/Offsets,https://cgi.minorplanetcenter.net/cgi-bin/confirmeph2.cgi
20260522T154244Z,2026-05-22T15:42:44.637447Z,20260522T154244Z_batch01,MKp7968,2026-05-23T02:00:00Z,14 07 09.8,211.79083333333332,+05 36 06,5.601666666666667,142.3,21.6,1.66,351.3,Map/Offsets,https://cgi.minorplanetcenter.net/cgi-bin/confirmeph2.cgi
20260522T154244Z,2026-05-22T15:42:44.637447Z,20260522T154244Z_batch01,MKp7968,2026-05-23T03:00:00Z,14 07 08.8,211.78666666666666,+05 37 44,5.6288888888888895,142.2,21.6,1.66,351.4,Map/Offsets,https://cgi.minorplanetcenter.net/cgi-bin/confirmeph2.cgi
20260522T154244Z,2026-05-22T15:42:44.637447Z,20260522T154244Z_batch01,MKp7968,2026-05-23T04:00:00Z,14 07 07.8,211.78250000000003,+05 39 23,5.656388888888889,142.2,21.6,1.66,351.4,Map/Offsets,https://cgi.minorplanetcenter.net/cgi-bin/confirmeph2.cgi
20260522T154244Z,2026-05-22T15:42:44.637447Z,20260522T154244Z_batch01,MKp7968,2026-05-23T05:00:00Z,14 07 06.8,211.77833333333334,+05 41 02,5.683888888888889,142.1,21.6,1.66,351.4,Map/Offsets,https://cgi.minorplanetcenter.net/cgi-bin/confirmeph2.cgi
20260522T154244Z,2026-05-22T15:42:44.637447Z,20260522T154244Z_batch01,MKp7968,2026-05-23T06:00:00Z,14 07 05.8,211.77416666666667,+05 42 40,5.711111111111111,142.1,21.6,1.66,351.5,Map/Offsets,https://cgi.minorplanetcenter.net/cgi-bin/confirmeph2.cgi
20260522T154244Z,2026-05-22T15:42:44.637447Z,20260522T154244Z_batch01,MKp7968,2026-05-23T07:00:00Z,14 07 04.8,211.77,+05 44 19,5.738611111111111,142.0,21.6,1.66,351.5,Map/Offsets,https://cgi.minorplanetcenter.net/cgi-bin/confirmeph2.cgi
20260522T154244Z,2026-05-22T15:42:44.637447Z,20260522T154244Z_batch01,MKp7968,2026-05-23T08:00:00Z,14 07 03.8,211.76583333333335,+05 45 58,5.766111111111111,142.0,21.6,1.66,351.6,Map/Offsets,https://cgi.minorplanetcenter.net/cgi-bin/confirmeph2.cgi
20260522T154244Z,2026-05-22T15:42:44.637447Z,20260522T154244Z_batch01,MKp7968,2026-05-23T09:00:00Z,14 07 02.9,211.76208333333332,+05 47 37,5.793611111111111,141.9,21.6,1.67,351.6,Map/Offsets,https://cgi.minorplanetcenter.net/cgi-bin/confirmeph2.cgi
20260522T154244Z,2026-05-22T15:42:44.637447Z,20260522T154244Z_batch01,MKp7968,2026-05-23T10:00:00Z,14 07 01.9,211.7579166666667,+05 49 16,5.821111111111111,141.8,21.6,1.67,351.6,Map/Offsets,https://cgi.minorplanetcenter.net/cgi-bin/confirmeph2.cgi
20260522T154244Z,2026-05-22T15:42:44.637447Z,20260522T154244Z_batch01,MKp7968,2026-05-23T11:00:00Z,14 07 00.9,211.75375,+05 50 54,5.848333333333333,141.8,21.6,1.67,351.7,Map/Offsets,https://cgi.minorplanetcenter.net/cgi-bin/confirmeph2.cgi
20260522T154244Z,2026-05-22T15:42:44.637447Z,20260522T154244Z_batch01,MKp7968,2026-05-23T12:00:00Z,14 06 59.9,211.7495833333333,+05 52 33,5.8758333333333335,141.7,21.6,1.67,351.7,Map/Offsets,https://cgi.minorplanetcenter.net/cgi-bin/confirmeph2.cgi
20260522T154244Z,2026-05-22T15:42:44.637447Z,20260522T154244Z_batch01,MKp7968,2026-05-23T13:00:00Z,14 06 59.0,211.74583333333334,+05 54 12,5.903333333333333,141.7,21.6,1.67,351.8,Map/Offsets,https://cgi.minorplanetcenter.net/cgi-bin/confirmeph2.cgi
20260522T154244Z,2026-05-22T15:42:44.637447Z,20260522T154244Z_batch01,MKp7968,2026-05-23T14:00:00Z,14 06 58.0,211.74166666666667,+05 55 51,5.930833333333334,141.6,21.6,1.67,351.8,Map/Offsets,https://cgi.minorplanetcenter.net/cgi-bin/confirmeph2.cgi
20260522T154244Z,2026-05-22T15:42:44.637447Z,20260522T154244Z_batch01,C46CH71,2026-05-22T14:00:00Z,15 11 00.0,227.75,+26 25 14,26.420555555555556,131.9,19.6,26.32,177.8,Map/Offsets,https://cgi.minorplanetcenter.net/cgi-bin/confirmeph2.cgi
20260522T154244Z,2026-05-22T15:42:44.637447Z,20260522T154244Z_batch01,C46CH71,2026-05-22T15:00:00Z,15 11 04.5,227.76875,+25 59 07,25.985277777777778,132.3,19.6,25.97,177.8,Map/Offsets,https://cgi.minorplanetcenter.net/cgi-bin/confirmeph2.cgi
20260522T154244Z,2026-05-22T15:42:44.637447Z,20260522T154244Z_batch01,C46CH71,2026-05-22T16:00:00Z,15 11 08.9,227.78708333333333,+25 33 20,25.555555555555557,132.8,19.6,25.62,177.8,Map/Offsets,https://cgi.minorplanetcenter.net/cgi-bin/confirmeph2.cgi
20260522T154244Z,2026-05-22T15:42:44.637447Z,20260522T154244Z_batch01,C46CH71,2026-05-22T17:00:00Z,15 11 13.3,227.80541666666667,+25 07 54,25.131666666666668,133.1,19.6,25.28,177.8,Map/Offsets,https://cgi.minorplanetcenter.net/cgi-bin/confirmeph2.cgi
20260522T154244Z,2026-05-22T15:42:44.637447Z,20260522T154244Z_batch01,C46CH71,2026-05-22T18:00:00Z,15 11 17.5,227.82291666666669,+24 42 48,24.71333333333333,133.5,19.6,24.94,177.8,Map/Offsets,https://cgi.minorplanetcenter.net/cgi-bin/confirmeph2.cgi
20260522T154244Z,2026-05-22T15:42:44.637447Z,20260522T154244Z_batch01,C46CH71,2026-05-22T19:00:00Z,15 11 21.7,227.84041666666667,+24 18 03,24.300833333333333,133.9,19.6,24.61,177.8,Map/Offsets,https://cgi.minorplanetcenter.net/cgi-bin/confirmeph2.cgi
20260522T154244Z,2026-05-22T15:42:44.637447Z,20260522T154244Z_batch01,C46CH71,2026-05-22T20:00:00Z,15 11 25.8,227.85750000000002,+23 53 37,23.89361111111111,134.3,19.6,24.28,177.8,Map/Offsets,https://cgi.minorplanetcenter.net/cgi-bin/confirmeph2.cgi
20260522T154244Z,2026-05-22T15:42:44.637447Z,20260522T154244Z_batch01,C46CH71,2026-05-22T21:00:00Z,15 11 29.8,227.87416666666667,+23 29 31,23.491944444444446,134.7,19.6,23.95,177.8,Map/Offsets,https://cgi.minorplanetcenter.net/cgi-bin/confirmeph2.cgi
20260522T154244Z,2026-05-22T15:42:44.637447Z,20260522T154244Z_batch01,C46CH71,2026-05-22T22:00:00Z,15 11 33.7,227.89041666666668,+23 05 45,23.09583333333333,135.0,19.6,23.63,177.8,Map/Offsets,https://cgi.minorplanetcenter.net/cgi-bin/confirmeph2.cgi
20260522T154244Z,2026-05-22T15:42:44.637447Z,20260522T154244Z_batch01,C46CH71,2026-05-22T23:00:00Z,15 11 37.6,227.90666666666667,+22 42 18,22.705,135.4,19.6,23.31,177.8,Map/Offsets,https://cgi.minorplanetcenter.net/cgi-bin/confirmeph2.cgi
20260522T154244Z,2026-05-22T15:42:44.637447Z,20260522T154244Z_batch01,C46CH71,2026-05-23T00:00:00Z,15 11 41.4,227.9225,+22 19 09,22.319166666666668,135.8,19.6,23.0,177.8,Map/Offsets,https://cgi.minorplanetcenter.net/cgi-bin/confirmeph2.cgi
20260522T154244Z,2026-05-22T15:42:44.637447Z,20260522T154244Z_batch01,C46CH71,2026-05-23T01:00:00Z,15 11 45.1,227.9379166666667,+21 56 20,21.93888888888889,136.1,19.6,22.69,177.8,Map/Offsets,https://cgi.minorplanetcenter.net/cgi-bin/confirmeph2.cgi
20260522T154244Z,2026-05-22T15:42:44.637447Z,20260522T154244Z_batch01,C46CH71,2026-05-23T02:00:00Z,15 11 48.8,227.95333333333335,+21 33 48,21.563333333333333,136.5,19.6,22.39,177.8,Map/Offsets,https://cgi.minorplanetcenter.net/cgi-bin/confirmeph2.cgi
20260522T154244Z,2026-05-22T15:42:44.637447Z,20260522T154244Z_batch01,C46CH71,2026-05-23T03:00:00Z,15 11 52.4,227.96833333333333,+21 11 35,21.193055555555556,136.8,19.6,22.09,177.8,Map/Offsets,https://cgi.minorplanetcenter.net/cgi-bin/confirmeph2.cgi
20260522T154244Z,2026-05-22T15:42:44.637447Z,20260522T154244Z_batch01,C46CH71,2026-05-23T04:00:00Z,15 11 55.9,227.98291666666665,+20 49 39,20.8275,137.1,19.6,21.79,177.8,Map/Offsets,https://cgi.minorplanetcenter.net/cgi-bin/confirmeph2.cgi
20260522T154244Z,2026-05-22T15:42:44.637447Z,20260522T154244Z_batch01,C46CH71,2026-05-23T05:00:00Z,15 11 59.4,227.9975,+20 28 02,20.46722222222222,137.5,19.6,21.5,177.9,Map/Offsets,https://cgi.minorplanetcenter.net/cgi-bin/confirmeph2.cgi
20260522T154244Z,2026-05-22T15:42:44.637447Z,20260522T154244Z_batch01,C46CH71,2026-05-23T06:00:00Z,15 12 02.8,228.01166666666666,+20 06 41,20.11138888888889,137.8,19.7,21.21,177.9,Map/Offsets,https://cgi.minorplanetcenter.net/cgi-bin/confirmeph2.cgi
20260522T154244Z,2026-05-22T15:42:44.637447Z,20260522T154244Z_batch01,C46CH71,2026-05-23T07:00:00Z,15 12 06.1,228.02541666666664,+19 45 38,19.760555555555555,138.1,19.7,20.93,177.9,Map/Offsets,https://cgi.minorplanetcenter.net/cgi-bin/confirmeph2.cgi
20260522T154244Z,2026-05-22T15:42:44.637447Z,20260522T154244Z_batch01,C46CH71,2026-05-23T08:00:00Z,15 12 09.4,228.03916666666666,+19 24 51,19.414166666666667,138.4,19.7,20.65,177.9,Map/Offsets,https://cgi.minorplanetcenter.net/cgi-bin/confirmeph2.cgi
20260522T154244Z,2026-05-22T15:42:44.637447Z,20260522T154244Z_batch01,C46CH71,2026-05-23T09:00:00Z,15 12 12.7,228.05291666666668,+19 04 22,19.072777777777777,138.8,19.7,20.37,177.9,Map/Offsets,https://cgi.minorplanetcenter.net/cgi-bin/confirmeph2.cgi
20260522T154244Z,2026-05-22T15:42:44.637447Z,20260522T154244Z_batch01,C46CH71,2026-05-23T10:00:00Z,15 12 15.9,228.06624999999997,+18 44 08,18.735555555555557,139.1,19.7,20.1,177.9,Map/Offsets,https://cgi.minorplanetcenter.net/cgi-bin/confirmeph2.cgi
20260522T154244Z,2026-05-22T15:42:44.637447Z,20260522T154244Z_batch01,C46CH71,2026-05-23T11:00:00Z,15 12 19.0,228.07916666666665,+18 24 11,18.403055555555554,139.4,19.7,19.84,177.9,Map/Offsets,https://cgi.minorplanetcenter.net/cgi-bin/confirmeph2.cgi
20260522T154244Z,2026-05-22T15:42:44.637447Z,20260522T154244Z_batch01,C46CH71,2026-05-23T12:00:00Z,15 12 22.1,228.09208333333333,+18 04 29,18.07472222222222,139.7,19.7,19.57,177.9,Map/Offsets,https://cgi.minorplanetcenter.net/cgi-bin/confirmeph2.cgi
20260522T154244Z,2026-05-22T15:42:44.637447Z,20260522T154244Z_batch01,C46CH71,2026-05-23T13:00:00Z,15 12 25.1,228.10458333333332,+17 45 03,17.750833333333333,140.0,19.7,19.31,177.9,Map/Offsets,https://cgi.minorplanetcenter.net/cgi-bin/confirmeph2.cgi
20260522T154244Z,2026-05-22T15:42:44.637447Z,20260522T154244Z_batch01,C46CH71,2026-05-23T14:00:00Z,15 12 28.1,228.1170833333333,+17 25 53,17.43138888888889,140.2,19.7,19.06,177.9,Map/Offsets,https://cgi.minorplanetcenter.net/cgi-bin/confirmeph2.cgi
20260522T154244Z,2026-05-22T15:42:44.637447Z,20260522T154244Z_batch01,C46CH41,2026-05-22T14:00:00Z,15 35 39.7,233.9154166666667,+18 55 05,18.918055555555558,140.4,19.7,26.75,140.2,Map/Offsets   !,https://cgi.minorplanetcenter.net/cgi-bin/confirmeph2.cgi
20260522T154244Z,2026-05-22T15:42:44.637447Z,20260522T154244Z_batch01,C46CH41,2026-05-22T15:00:00Z,15 36 51.9,234.21625,+18 34 34,18.57611111111111,140.7,19.7,26.64,140.3,Map/Offsets   !,https://cgi.minorplanetcenter.net/cgi-bin/confirmeph2.cgi
20260522T154244Z,2026-05-22T15:42:44.637447Z,20260522T154244Z_batch01,C46CH41,2026-05-22T16:00:00Z,15 38 03.5,234.51458333333332,+18 14 07,18.235277777777778,141.1,19.7,26.53,140.3,Map/Offsets   !,https://cgi.minorplanetcenter.net/cgi-bin/confirmeph2.cgi
20260522T154244Z,2026-05-22T15:42:44.637447Z,20260522T154244Z_batch01,C46CH41,2026-05-22T17:00:00Z,15 39 14.5,234.81041666666667,+17 53 44,17.895555555555553,141.5,19.7,26.41,140.4,Map/Offsets   !,https://cgi.minorplanetcenter.net/cgi-bin/confirmeph2.cgi
20260522T154244Z,2026-05-22T15:42:44.637447Z,20260522T154244Z_batch01,C46CH41,2026-05-22T18:00:00Z,15 40 24.9,235.10375,+17 33 24,17.55666666666667,141.8,19.7,26.29,140.5,Map/Offsets   !,https://cgi.minorplanetcenter.net/cgi-bin/confirmeph2.cgi
20260522T154244Z,2026-05-22T15:42:44.637447Z,20260522T154244Z_batch01,C46CH41,2026-05-22T19:00:00Z,15 41 34.7,235.39458333333334,+17 13 08,17.218888888888888,142.2,19.7,26.17,140.6,Map/Offsets   !,https://cgi.minorplanetcenter.net/cgi-bin/confirmeph2.cgi
20260522T154244Z,2026-05-22T15:42:44.637447Z,20260522T154244Z_batch01,C46CH41,2026-05-22T20:00:00Z,15 42 43.9,235.68291666666667,+16 52 57,16.8825,142.5,19.7,26.04,140.7,Map/Offsets   !,https://cgi.minorplanetcenter.net/cgi-bin/confirmeph2.cgi
20260522T154244Z,2026-05-22T15:42:44.637447Z,20260522T154244Z_batch01,C46CH41,2026-05-22T21:00:00Z,15 43 52.6,235.96916666666667,+16 32 49,16.546944444444446,142.9,19.7,25.92,140.8,Map/Offsets   !,https://cgi.minorplanetcenter.net/cgi-bin/confirmeph2.cgi
20260522T154244Z,2026-05-22T15:42:44.637447Z,20260522T154244Z_batch01,C46CH41,2026-05-22T22:00:00Z,15 45 00.6,236.2525,+16 12 47,16.213055555555556,143.2,19.7,25.79,140.9,Map/Offsets   !,https://cgi.minorplanetcenter.net/cgi-bin/confirmeph2.cgi
20260522T154244Z,2026-05-22T15:42:44.637447Z,20260522T154244Z_batch01,C46CH41,2026-05-22T23:00:00Z,15 46 08.1,236.53375000000003,+15 52 49,15.880277777777778,143.6,19.7,25.66,141.0,Map/Offsets   !,https://cgi.minorplanetcenter.net/cgi-bin/confirmeph2.cgi
20260522T154244Z,2026-05-22T15:42:44.637447Z,20260522T154244Z_batch01,C46CH41,2026-05-23T00:00:00Z,15 47 15.1,236.81291666666667,+15 32 55,15.54861111111111,143.9,19.7,25.53,141.0,Map/Offsets   !,https://cgi.minorplanetcenter.net/cgi-bin/confirmeph2.cgi
20260522T154244Z,2026-05-22T15:42:44.637447Z,20260522T154244Z_batch01,C46CH41,2026-05-23T01:00:00Z,15 48 21.4,237.0891666666667,+15 13 07,15.21861111111111,144.2,19.7,25.39,141.1,Map/Offsets   !,https://cgi.minorplanetcenter.net/cgi-bin/confirmeph2.cgi
20260522T154244Z,2026-05-22T15:42:44.637447Z,20260522T154244Z_batch01,C46CH41,2026-05-23T02:00:00Z,15 49 27.2,237.36333333333332,+14 53 23,14.889722222222222,144.6,19.7,25.26,141.2,Map/Offsets   !,https://cgi.minorplanetcenter.net/cgi-bin/confirmeph2.cgi
20260522T154244Z,2026-05-22T15:42:44.637447Z,20260522T154244Z_batch01,C46CH41,2026-05-23T03:00:00Z,15 50 32.5,237.63541666666669,+14 33 45,14.5625,144.9,19.7,25.12,141.3,Map/Offsets   !,https://cgi.minorplanetcenter.net/cgi-bin/confirmeph2.cgi
20260522T154244Z,2026-05-22T15:42:44.637447Z,20260522T154244Z_batch01,C46CH41,2026-05-23T04:00:00Z,15 51 37.2,237.905,+14 14 12,14.236666666666666,145.2,19.7,24.98,141.3,Map/Offsets   !,https://cgi.minorplanetcenter.net/cgi-bin/confirmeph2.cgi
20260522T154244Z,2026-05-22T15:42:44.637447Z,20260522T154244Z_batch01,C46CH41,2026-05-23T05:00:00Z,15 52 41.3,238.17208333333335,+13 54 45,13.9125,145.6,19.7,24.84,141.4,Map/Offsets   !,https://cgi.minorplanetcenter.net/cgi-bin/confirmeph2.cgi
20260522T154244Z,2026-05-22T15:42:44.637447Z,20260522T154244Z_batch01,C46CH41,2026-05-23T06:00:00Z,15 53 44.9,238.4370833333333,+13 35 23,13.589722222222223,145.9,19.7,24.7,141.5,Map/Offsets   !,https://cgi.minorplanetcenter.net/cgi-bin/confirmeph2.cgi
20260522T154244Z,2026-05-22T15:42:44.637447Z,20260522T154244Z_batch01,C46CH41,2026-05-23T07:00:00Z,15 54 48.0,238.70000000000002,+13 16 06,13.268333333333334,146.2,19.7,24.56,141.5,Map/Offsets   !,https://cgi.minorplanetcenter.net/cgi-bin/confirmeph2.cgi
20260522T154244Z,2026-05-22T15:42:44.637447Z,20260522T154244Z_batch01,C46CH41,2026-05-23T08:00:00Z,15 55 50.5,238.96041666666667,+12 56 56,12.94888888888889,146.5,19.7,24.41,141.6,Map/Offsets   !,https://cgi.minorplanetcenter.net/cgi-bin/confirmeph2.cgi
20260522T154244Z,2026-05-22T15:42:44.637447Z,20260522T154244Z_batch01,C46CH41,2026-05-23T09:00:00Z,15 56 52.5,239.21875,+12 37 51,12.630833333333333,146.8,19.7,24.27,141.6,Map/Offsets   !,https://cgi.minorplanetcenter.net/cgi-bin/confirmeph2.cgi
20260522T154244Z,2026-05-22T15:42:44.637447Z,20260522T154244Z_batch01,C46CH41,2026-05-23T10:00:00Z,15 57 54.0,239.475,+12 18 52,12.314444444444446,147.1,19.7,24.12,141.7,Map/Offsets   !,https://cgi.minorplanetcenter.net/cgi-bin/confirmeph2.cgi
20260522T154244Z,2026-05-22T15:42:44.637447Z,20260522T154244Z_batch01,C46CH41,2026-05-23T11:00:00Z,15 58 54.9,239.72875,+12 00 00,12.0,147.4,19.7,23.97,141.8,Map/Offsets   !,https://cgi.minorplanetcenter.net/cgi-bin/confirmeph2.cgi
20260522T154244Z,2026-05-22T15:42:44.637447Z,20260522T154244Z_batch01,C46CH41,2026-05-23T12:00:00Z,15 59 55.4,239.98083333333332,+11 41 13,11.686944444444444,147.8,19.7,23.82,141.8,Map/Offsets   !,https://cgi.minorplanetcenter.net/cgi-bin/confirmeph2.cgi
20260522T154244Z,2026-05-22T15:42:44.637447Z,20260522T154244Z_batch01,C46CH41,2026-05-23T13:00:00Z,16 00 55.3,240.23041666666668,+11 22 32,11.375555555555556,148.1,19.7,23.68,141.9,Map/Offsets   !,https://cgi.minorplanetcenter.net/cgi-bin/confirmeph2.cgi
20260522T154244Z,2026-05-22T15:42:44.637447Z,20260522T154244Z_batch01,C46CH41,2026-05-23T14:00:00Z,16 01 54.7,240.47791666666663,+11 03 58,11.066111111111113,148.4,19.7,23.52,141.9,Map/Offsets   !,https://cgi.minorplanetcenter.net/cgi-bin/confirmeph2.cgi
20260522T154244Z,2026-05-22T15:42:44.637447Z,20260522T154244Z_batch01,ST26EE4,2026-05-22T14:00:00Z,18 13 32.0,273.3833333333333,+16 41 19,16.68861111111111,129.9,20.4,28.66,50.5,Map/Offsets   !!,https://cgi.minorplanetcenter.net/cgi-bin/confirmeph2.cgi
20260522T154244Z,2026-05-22T15:42:44.637447Z,20260522T154244Z_batch01,ST26EE4,2026-05-22T15:00:00Z,18 15 01.9,273.75791666666663,+16 59 01,16.983611111111113,129.4,20.5,27.11,50.6,Map/Offsets   !!,https://cgi.minorplanetcenter.net/cgi-bin/confirmeph2.cgi
20260522T154244Z,2026-05-22T15:42:44.637447Z,20260522T154244Z_batch01,ST26EE4,2026-05-22T16:00:00Z,18 16 27.3,274.11375,+17 15 45,17.2625,129.0,20.6,25.67,50.7,Map/Offsets   !!,https://cgi.minorplanetcenter.net/cgi-bin/confirmeph2.cgi
20260522T154244Z,2026-05-22T15:42:44.637447Z,20260522T154244Z_batch01,ST26EE4,2026-05-22T17:00:00Z,18 17 48.5,274.45208333333335,+17 31 33,17.52583333333333,128.6,20.6,24.35,50.8,Map/Offsets   !!,https://cgi.minorplanetcenter.net/cgi-bin/confirmeph2.cgi
20260522T154244Z,2026-05-22T15:42:44.637447Z,20260522T154244Z_batch01,ST26EE4,2026-05-22T18:00:00Z,18 19 05.8,274.77416666666664,+17 46 32,17.775555555555556,128.3,20.7,23.12,50.9,Map/Offsets   !!,https://cgi.minorplanetcenter.net/cgi-bin/confirmeph2.cgi
20260522T154244Z,2026-05-22T15:42:44.637447Z,20260522T154244Z_batch01,ST26EE4,2026-05-22T19:00:00Z,18 20 19.4,275.0808333333333,+18 00 43,18.011944444444445,127.9,20.8,21.98,51.0,Map/Offsets   !!,https://cgi.minorplanetcenter.net/cgi-bin/confirmeph2.cgi
20260522T154244Z,2026-05-22T15:42:44.637447Z,20260522T154244Z_batch01,ST26EE4,2026-05-22T20:00:00Z,18 21 29.6,275.37333333333333,+18 14 12,18.236666666666668,127.6,20.8,20.92,51.1,Map/Offsets   !!,https://cgi.minorplanetcenter.net/cgi-bin/confirmeph2.cgi
20260522T154244Z,2026-05-22T15:42:44.637447Z,20260522T154244Z_batch01,ST26EE4,2026-05-22T21:00:00Z,18 22 36.6,275.65250000000003,+18 27 00,18.45,127.3,20.9,19.94,51.2,Map/Offsets   !!,https://cgi.minorplanetcenter.net/cgi-bin/confirmeph2.cgi
20260522T154244Z,2026-05-22T15:42:44.637447Z,20260522T154244Z_batch01,ST26EE4,2026-05-22T22:00:00Z,18 23 40.7,275.9195833333333,+18 39 12,18.653333333333332,127.0,20.9,19.02,51.3,Map/Offsets   !!,https://cgi.minorplanetcenter.net/cgi-bin/confirmeph2.cgi
20260522T154244Z,2026-05-22T15:42:44.637447Z,20260522T154244Z_batch01,ST26EE4,2026-05-22T23:00:00Z,18 24 42.0,276.17499999999995,+18 50 48,18.846666666666664,126.7,21.0,18.16,51.4,Map/Offsets   !,https://cgi.minorplanetcenter.net/cgi-bin/confirmeph2.cgi
20260522T154244Z,2026-05-22T15:42:44.637447Z,20260522T154244Z_batch01,ST26EE4,2026-05-23T00:00:00Z,18 25 40.6,276.4191666666667,+19 01 52,19.03111111111111,126.4,21.1,17.35,51.5,Map/Offsets   !,https://cgi.minorplanetcenter.net/cgi-bin/confirmeph2.cgi
20260522T154244Z,2026-05-22T15:42:44.637447Z,20260522T154244Z_batch01,ST26EE4,2026-05-23T01:00:00Z,18 26 36.9,276.65375,+19 12 26,19.20722222222222,126.1,21.1,16.6,51.5,Map/Offsets   !,https://cgi.minorplanetcenter.net/cgi-bin/confirmeph2.cgi
20260522T154244Z,2026-05-22T15:42:44.637447Z,20260522T154244Z_batch01,ST26EE4,2026-05-23T02:00:00Z,18 27 30.8,276.87833333333333,+19 22 32,19.375555555555557,125.9,21.2,15.9,51.6,Map/Offsets   !,https://cgi.minorplanetcenter.net/cgi-bin/confirmeph2.cgi
20260522T154244Z,2026-05-22T15:42:44.637447Z,20260522T154244Z_batch01,ST26EE4,2026-05-23T03:00:00Z,18 28 22.6,277.09416666666664,+19 32 11,19.53638888888889,125.7,21.2,15.24,51.7,Map/Offsets   !,https://cgi.minorplanetcenter.net/cgi-bin/confirmeph2.cgi
20260522T154244Z,2026-05-22T15:42:44.637447Z,20260522T154244Z_batch01,ST26EE4,2026-05-23T04:00:00Z,18 29 12.4,277.3016666666667,+19 41 26,19.690555555555555,125.4,21.3,14.61,51.8,Map/Offsets   !,https://cgi.minorplanetcenter.net/cgi-bin/confirmeph2.cgi
20260522T154244Z,2026-05-22T15:42:44.637447Z,20260522T154244Z_batch01,ST26EE4,2026-05-23T05:00:00Z,18 30 00.2,277.50083333333333,+19 50 17,19.838055555555556,125.2,21.3,14.03,51.8,Map/Offsets   !,https://cgi.minorplanetcenter.net/cgi-bin/confirmeph2.cgi
20260522T154244Z,2026-05-22T15:42:44.637447Z,20260522T154244Z_batch01,ST26EE4,2026-05-23T06:00:00Z,18 30 46.2,277.6925,+19 58 46,19.979444444444443,125.0,21.4,13.48,51.9,Map/Offsets   !,https://cgi.minorplanetcenter.net/cgi-bin/confirmeph2.cgi
20260522T154244Z,2026-05-22T15:42:44.637447Z,20260522T154244Z_batch01,ST26EE4,2026-05-23T07:00:00Z,18 31 30.5,277.87708333333336,+20 06 55,20.11527777777778,124.8,21.4,12.96,52.0,Map/Offsets   !,https://cgi.minorplanetcenter.net/cgi-bin/confirmeph2.cgi
20260522T154244Z,2026-05-22T15:42:44.637447Z,20260522T154244Z_batch01,ST26EE4,2026-05-23T08:00:00Z,18 32 13.2,278.05500000000006,+20 14 44,20.245555555555555,124.6,21.5,12.47,52.0,Map/Offsets   !,https://cgi.minorplanetcenter.net/cgi-bin/confirmeph2.cgi
20260522T154244Z,2026-05-22T15:42:44.637447Z,20260522T154244Z_batch01,ST26EE4,2026-05-23T09:00:00Z,18 32 54.4,278.2266666666667,+20 22 16,20.371111111111112,124.4,21.5,12.0,52.1,Map/Offsets   !,https://cgi.minorplanetcenter.net/cgi-bin/confirmeph2.cgi
20260522T154244Z,2026-05-22T15:42:44.637447Z,20260522T154244Z_batch01,ST26EE4,2026-05-23T10:00:00Z,18 33 34.1,278.39208333333335,+20 29 29,20.49138888888889,124.3,21.6,11.56,52.2,Map/Offsets   !,https://cgi.minorplanetcenter.net/cgi-bin/confirmeph2.cgi
20260522T154244Z,2026-05-22T15:42:44.637447Z,20260522T154244Z_batch01,ST26EE4,2026-05-23T11:00:00Z,18 34 12.4,278.5516666666667,+20 36 27,20.6075,124.1,21.6,11.15,52.2,Map/Offsets   !,https://cgi.minorplanetcenter.net/cgi-bin/confirmeph2.cgi
20260522T154244Z,2026-05-22T15:42:44.637447Z,20260522T154244Z_batch01,ST26EE4,2026-05-23T12:00:00Z,18 34 49.4,278.7058333333333,+20 43 09,20.719166666666666,123.9,21.6,10.75,52.3,Map/Offsets   !,https://cgi.minorplanetcenter.net/cgi-bin/confirmeph2.cgi
20260522T154244Z,2026-05-22T15:42:44.637447Z,20260522T154244Z_batch01,ST26EE4,2026-05-23T13:00:00Z,18 35 25.2,278.855,+20 49 36,20.826666666666668,123.8,21.7,10.38,52.3,Map/Offsets   !,https://cgi.minorplanetcenter.net/cgi-bin/confirmeph2.cgi
20260522T154244Z,2026-05-22T15:42:44.637447Z,20260522T154244Z_batch01,ST26EE4,2026-05-23T14:00:00Z,18 35 59.8,278.99916666666667,+20 55 50,20.930555555555557,123.6,21.7,10.02,52.4,Map/Offsets   !,https://cgi.minorplanetcenter.net/cgi-bin/confirmeph2.cgi
20260522T154244Z,2026-05-22T15:42:44.637447Z,20260522T154244Z_batch01,ST26EE3,2026-05-22T14:00:00Z,16 18 30.6,244.62750000000003,+09 29 53,9.498055555555554,149.6,19.5,46.65,136.2,Map/Offsets   !!,https://cgi.minorplanetcenter.net/cgi-bin/confirmeph2.cgi
20260522T154244Z,2026-05-22T15:42:44.637447Z,20260522T154244Z_batch01,ST26EE3,2026-05-22T15:00:00Z,16 20 39.9,245.16624999999996,+08 56 30,8.941666666666666,150.1,19.5,45.69,136.3,Map/Offsets   !!,https://cgi.minorplanetcenter.net/cgi-bin/confirmeph2.cgi
20260522T154244Z,2026-05-22T15:42:44.637447Z,20260522T154244Z_batch01,ST26EE3,2026-05-22T16:00:00Z,16 22 46.1,245.69208333333333,+08 23 47,8.396388888888888,150.5,19.6,44.74,136.4,Map/Offsets   !!,https://cgi.minorplanetcenter.net/cgi-bin/confirmeph2.cgi
20260522T154244Z,2026-05-22T15:42:44.637447Z,20260522T154244Z_batch01,ST26EE3,2026-05-22T17:00:00Z,16 24 49.3,246.20541666666662,+07 51 42,7.861666666666666,150.9,19.6,43.8,136.5,Map/Offsets   !!,https://cgi.minorplanetcenter.net/cgi-bin/confirmeph2.cgi
20260522T154244Z,2026-05-22T15:42:44.637447Z,20260522T154244Z_batch01,ST26EE3,2026-05-22T18:00:00Z,16 26 49.7,246.70708333333334,+07 20 15,7.3374999999999995,151.3,19.6,42.88,136.6,Map/Offsets   !!,https://cgi.minorplanetcenter.net/cgi-bin/confirmeph2.cgi
20260522T154244Z,2026-05-22T15:42:44.637447Z,20260522T154244Z_batch01,ST26EE3,2026-05-22T19:00:00Z,16 28 47.2,247.19666666666666,+06 49 27,6.824166666666667,151.6,19.6,41.97,136.6,Map/Offsets   !!,https://cgi.minorplanetcenter.net/cgi-bin/confirmeph2.cgi
20260522T154244Z,2026-05-22T15:42:44.637447Z,20260522T154244Z_batch01,ST26EE3,2026-05-22T20:00:00Z,16 30 42.0,247.675,+06 19 15,6.320833333333333,152.0,19.6,41.08,136.7,Map/Offsets   !!,https://cgi.minorplanetcenter.net/cgi-bin/confirmeph2.cgi
20260522T154244Z,2026-05-22T15:42:44.637447Z,20260522T154244Z_batch01,ST26EE3,2026-05-22T21:00:00Z,16 32 34.1,248.14208333333335,+05 49 41,5.828055555555555,152.3,19.6,40.21,136.7,Map/Offsets   !!,https://cgi.minorplanetcenter.net/cgi-bin/confirmeph2.cgi
20260522T154244Z,2026-05-22T15:42:44.637447Z,20260522T154244Z_batch01,ST26EE3,2026-05-22T22:00:00Z,16 34 23.7,248.59874999999997,+05 20 42,5.345,152.6,19.6,39.35,136.8,Map/Offsets   !!,https://cgi.minorplanetcenter.net/cgi-bin/confirmeph2.cgi
20260522T154244Z,2026-05-22T15:42:44.637447Z,20260522T154244Z_batch01,ST26EE3,2026-05-22T23:00:00Z,16 36 10.7,249.04458333333335,+04 52 20,4.872222222222223,153.0,19.6,38.51,136.8,Map/Offsets   !!,https://cgi.minorplanetcenter.net/cgi-bin/confirmeph2.cgi
20260522T154244Z,2026-05-22T15:42:44.637447Z,20260522T154244Z_batch01,ST26EE3,2026-05-23T00:00:00Z,16 37 55.3,249.48041666666668,+04 24 33,4.409166666666667,153.2,19.7,37.69,136.8,Map/Offsets   !,https://cgi.minorplanetcenter.net/cgi-bin/confirmeph2.cgi
20260522T154244Z,2026-05-22T15:42:44.637447Z,20260522T154244Z_batch01,ST26EE3,2026-05-23T01:00:00Z,16 39 37.6,249.90666666666667,+03 57 20,3.9555555555555557,153.5,19.7,36.88,136.9,Map/Offsets   !,https://cgi.minorplanetcenter.net/cgi-bin/confirmeph2.cgi
20260522T154244Z,2026-05-22T15:42:44.637447Z,20260522T154244Z_batch01,ST26EE3,2026-05-23T02:00:00Z,16 41 17.5,250.32291666666669,+03 30 42,3.5116666666666667,153.8,19.7,36.1,136.9,Map/Offsets   !,https://cgi.minorplanetcenter.net/cgi-bin/confirmeph2.cgi
20260522T154244Z,2026-05-22T15:42:44.637447Z,20260522T154244Z_batch01,ST26EE3,2026-05-23T03:00:00Z,16 42 55.2,250.73000000000002,+03 04 37,3.0769444444444445,154.0,19.7,35.33,136.9,Map/Offsets   !,https://cgi.minorplanetcenter.net/cgi-bin/confirmeph2.cgi
20260522T154244Z,2026-05-22T15:42:44.637447Z,20260522T154244Z_batch01,ST26EE3,2026-05-23T04:00:00Z,16 44 30.8,251.12833333333336,+02 39 05,2.651388888888889,154.2,19.7,34.57,137.0,Map/Offsets   !,https://cgi.minorplanetcenter.net/cgi-bin/confirmeph2.cgi
20260522T154244Z,2026-05-22T15:42:44.637447Z,20260522T154244Z_batch01,ST26EE3,2026-05-23T05:00:00Z,16 46 04.2,251.51749999999998,+02 14 05,2.2347222222222225,154.4,19.7,33.84,137.0,Map/Offsets   !,https://cgi.minorplanetcenter.net/cgi-bin/confirmeph2.cgi
20260522T154244Z,2026-05-22T15:42:44.637447Z,20260522T154244Z_batch01,ST26EE3,2026-05-23T06:00:00Z,16 47 35.6,251.89833333333334,+01 49 36,1.8266666666666667,154.7,19.8,33.12,137.0,Map/Offsets   !,https://cgi.minorplanetcenter.net/cgi-bin/confirmeph2.cgi
20260522T154244Z,2026-05-22T15:42:44.637447Z,20260522T154244Z_batch01,ST26EE3,2026-05-23T07:00:00Z,16 49 05.1,252.27125,+01 25 38,1.4272222222222224,154.8,19.8,32.41,137.0,Map/Offsets   !,https://cgi.minorplanetcenter.net/cgi-bin/confirmeph2.cgi
20260522T154244Z,2026-05-22T15:42:44.637447Z,20260522T154244Z_batch01,ST26EE3,2026-05-23T08:00:00Z,16 50 32.5,252.63541666666666,+01 02 11,1.036388888888889,155.0,19.8,31.73,137.0,Map/Offsets   !,https://cgi.minorplanetcenter.net/cgi-bin/confirmeph2.cgi
20260522T154244Z,2026-05-22T15:42:44.637447Z,20260522T154244Z_batch01,ST26EE3,2026-05-23T09:00:00Z,16 51 58.2,252.99250000000004,+00 39 13,0.6536111111111111,155.2,19.8,31.06,137.0,Map/Offsets   !,https://cgi.minorplanetcenter.net/cgi-bin/confirmeph2.cgi
20260522T154244Z,2026-05-22T15:42:44.637447Z,20260522T154244Z_batch01,ST26EE3,2026-05-23T10:00:00Z,16 53 22.0,253.34166666666664,+00 16 44,0.2788888888888889,155.3,19.8,30.41,137.0,Map/Offsets   !,https://cgi.minorplanetcenter.net/cgi-bin/confirmeph2.cgi
20260522T154244Z,2026-05-22T15:42:44.637447Z,20260522T154244Z_batch01,ST26EE3,2026-05-23T11:00:00Z,16 54 44.0,253.68333333333328,-00 05 17,-0.08805555555555555,155.5,19.9,29.77,137.0,Map/Offsets   !,https://cgi.minorplanetcenter.net/cgi-bin/confirmeph2.cgi
20260522T154244Z,2026-05-22T15:42:44.637447Z,20260522T154244Z_batch01,ST26EE3,2026-05-23T12:00:00Z,16 56 04.3,254.01791666666665,-00 26 50,-0.44722222222222224,155.6,19.9,29.14,137.0,Map/Offsets   !,https://cgi.minorplanetcenter.net/cgi-bin/confirmeph2.cgi
20260522T154244Z,2026-05-22T15:42:44.637447Z,20260522T154244Z_batch01,ST26EE3,2026-05-23T13:00:00Z,16 57 22.9,254.34541666666667,-00 47 56,-0.7988888888888889,155.7,19.9,28.54,137.0,Map/Offsets   !,https://cgi.minorplanetcenter.net/cgi-bin/confirmeph2.cgi
20260522T154244Z,2026-05-22T15:42:44.637447Z,20260522T154244Z_batch01,ST26EE3,2026-05-23T14:00:00Z,16 58 39.9,254.66624999999996,-01 08 36,-1.1433333333333333,155.9,19.9,27.94,137.0,Map/Offsets   !,https://cgi.minorplanetcenter.net/cgi-bin/confirmeph2.cgi
20260522T154244Z,2026-05-22T15:42:44.637447Z,20260522T154244Z_batch01,CENWC52,2026-05-22T14:00:00Z,15 45 56.7,236.48625,-03 12 02,-3.200555555555556,162.6,20.1,12.97,285.0,Map/Offsets   !,https://cgi.minorplanetcenter.net/cgi-bin/confirmeph2.cgi
20260522T154244Z,2026-05-22T15:42:44.637447Z,20260522T154244Z_batch01,CENWC52,2026-05-22T15:00:00Z,15 45 06.4,236.27666666666664,-03 08 40,-3.1444444444444444,162.5,20.1,13.0,285.0,Map/Offsets   !,https://cgi.minorplanetcenter.net/cgi-bin/confirmeph2.cgi
20260522T154244Z,2026-05-22T15:42:44.637447Z,20260522T154244Z_batch01,CENWC52,2026-05-22T16:00:00Z,15 44 16.1,236.06708333333333,-03 05 18,-3.0883333333333334,162.4,20.1,13.03,285.0,Map/Offsets   !,https://cgi.minorplanetcenter.net/cgi-bin/confirmeph2.cgi
20260522T154244Z,2026-05-22T15:42:44.637447Z,20260522T154244Z_batch01,CENWC52,2026-05-22T17:00:00Z,15 43 25.6,235.85666666666668,-03 01 55,-3.0319444444444446,162.3,20.1,13.07,285.0,Map/Offsets   !,https://cgi.minorplanetcenter.net/cgi-bin/confirmeph2.cgi
20260522T154244Z,2026-05-22T15:42:44.637447Z,20260522T154244Z_batch01,CENWC52,2026-05-22T18:00:00Z,15 42 35.0,235.64583333333334,-02 58 32,-2.9755555555555557,162.2,20.1,13.1,285.0,Map/Offsets   !,https://cgi.minorplanetcenter.net/cgi-bin/confirmeph2.cgi
20260522T154244Z,2026-05-22T15:42:44.637447Z,20260522T154244Z_batch01,CENWC52,2026-05-22T19:00:00Z,15 41 44.2,235.43416666666667,-02 55 08,-2.9188888888888886,162.1,20.1,13.13,285.0,Map/Offsets   !,https://cgi.minorplanetcenter.net/cgi-bin/confirmeph2.cgi
20260522T154244Z,2026-05-22T15:42:44.637447Z,20260522T154244Z_batch01,CENWC52,2026-05-22T20:00:00Z,15 40 53.4,235.2225,-02 51 44,-2.8622222222222224,162.0,20.1,13.16,285.0,Map/Offsets   !,https://cgi.minorplanetcenter.net/cgi-bin/confirmeph2.cgi
20260522T154244Z,2026-05-22T15:42:44.637447Z,20260522T154244Z_batch01,CENWC52,2026-05-22T21:00:00Z,15 40 02.5,235.01041666666666,-02 48 19,-2.8052777777777775,161.9,20.1,13.19,285.0,Map/Offsets   !,https://cgi.minorplanetcenter.net/cgi-bin/confirmeph2.cgi
20260522T154244Z,2026-05-22T15:42:44.637447Z,20260522T154244Z_batch01,CENWC52,2026-05-22T22:00:00Z,15 39 11.4,234.7975,-02 44 54,-2.7483333333333335,161.8,20.1,13.22,285.0,Map/Offsets   !,https://cgi.minorplanetcenter.net/cgi-bin/confirmeph2.cgi
20260522T154244Z,2026-05-22T15:42:44.637447Z,20260522T154244Z_batch01,CENWC52,2026-05-22T23:00:00Z,15 38 20.2,234.58416666666668,-02 41 28,-2.6911111111111112,161.6,20.1,13.24,285.0,Map/Offsets   !,https://cgi.minorplanetcenter.net/cgi-bin/confirmeph2.cgi
20260522T154244Z,2026-05-22T15:42:44.637447Z,20260522T154244Z_batch01,CENWC52,2026-05-23T00:00:00Z,15 37 29.0,234.37083333333334,-02 38 01,-2.633611111111111,161.5,20.1,13.27,285.0,Map/Offsets   !,https://cgi.minorplanetcenter.net/cgi-bin/confirmeph2.cgi
20260522T154244Z,2026-05-22T15:42:44.637447Z,20260522T154244Z_batch01,CENWC52,2026-05-23T01:00:00Z,15 36 37.6,234.15666666666664,-02 34 34,-2.576111111111111,161.4,20.1,13.3,285.0,Map/Offsets   !,https://cgi.minorplanetcenter.net/cgi-bin/confirmeph2.cgi
20260522T154244Z,2026-05-22T15:42:44.637447Z,20260522T154244Z_batch01,CENWC52,2026-05-23T02:00:00Z,15 35 46.1,233.94208333333333,-02 31 07,-2.518611111111111,161.2,20.1,13.33,285.1,Map/Offsets   !,https://cgi.minorplanetcenter.net/cgi-bin/confirmeph2.cgi
20260522T154244Z,2026-05-22T15:42:44.637447Z,20260522T154244Z_batch01,CENWC52,2026-05-23T03:00:00Z,15 34 54.5,233.72708333333333,-02 27 39,-2.4608333333333334,161.1,20.1,13.36,285.1,Map/Offsets   !,https://cgi.minorplanetcenter.net/cgi-bin/confirmeph2.cgi
20260522T154244Z,2026-05-22T15:42:44.637447Z,20260522T154244Z_batch01,CENWC52,2026-05-23T04:00:00Z,15 34 02.8,233.51166666666666,-02 24 10,-2.4027777777777777,161.0,20.1,13.38,285.1,Map/Offsets   !,https://cgi.minorplanetcenter.net/cgi-bin/confirmeph2.cgi
20260522T154244Z,2026-05-22T15:42:44.637447Z,20260522T154244Z_batch01,CENWC52,2026-05-23T05:00:00Z,15 33 11.0,233.29583333333335,-02 20 42,-2.345,160.8,20.1,13.41,285.1,Map/Offsets   !,https://cgi.minorplanetcenter.net/cgi-bin/confirmeph2.cgi
20260522T154244Z,2026-05-22T15:42:44.637447Z,20260522T154244Z_batch01,CENWC52,2026-05-23T06:00:00Z,15 32 19.1,233.07958333333332,-02 17 12,-2.2866666666666666,160.7,20.1,13.44,285.1,Map/Offsets   !,https://cgi.minorplanetcenter.net/cgi-bin/confirmeph2.cgi
20260522T154244Z,2026-05-22T15:42:44.637447Z,20260522T154244Z_batch01,CENWC52,2026-05-23T07:00:00Z,15 31 27.1,232.86291666666668,-02 13 42,-2.2283333333333335,160.5,20.1,13.46,285.1,Map/Offsets   !,https://cgi.minorplanetcenter.net/cgi-bin/confirmeph2.cgi
20260522T154244Z,2026-05-22T15:42:44.637447Z,20260522T154244Z_batch01,CENWC52,2026-05-23T08:00:00Z,15 30 35.1,232.64625,-02 10 12,-2.17,160.4,20.1,13.49,285.1,Map/Offsets   !,https://cgi.minorplanetcenter.net/cgi-bin/confirmeph2.cgi
20260522T154244Z,2026-05-22T15:42:44.637447Z,20260522T154244Z_batch01,CENWC52,2026-05-23T09:00:00Z,15 29 42.9,232.42874999999998,-02 06 42,-2.111666666666667,160.2,20.1,13.52,285.1,Map/Offsets   !,https://cgi.minorplanetcenter.net/cgi-bin/confirmeph2.cgi
20260522T154244Z,2026-05-22T15:42:44.637447Z,20260522T154244Z_batch01,CENWC52,2026-05-23T10:00:00Z,15 28 50.6,232.21083333333334,-02 03 10,-2.0527777777777776,160.1,20.1,13.54,285.1,Map/Offsets   !,https://cgi.minorplanetcenter.net/cgi-bin/confirmeph2.cgi
20260522T154244Z,2026-05-22T15:42:44.637447Z,20260522T154244Z_batch01,CENWC52,2026-05-23T11:00:00Z,15 27 58.2,231.9925,-01 59 39,-1.9941666666666666,159.9,20.1,13.57,285.1,Map/Offsets   !,https://cgi.minorplanetcenter.net/cgi-bin/confirmeph2.cgi
20260522T154244Z,2026-05-22T15:42:44.637447Z,20260522T154244Z_batch01,CENWC52,2026-05-23T12:00:00Z,15 27 05.7,231.77374999999998,-01 56 07,-1.9352777777777779,159.7,20.1,13.59,285.1,Map/Offsets   !,https://cgi.minorplanetcenter.net/cgi-bin/confirmeph2.cgi
20260522T154244Z,2026-05-22T15:42:44.637447Z,20260522T154244Z_batch01,CENWC52,2026-05-23T13:00:00Z,15 26 13.2,231.55499999999998,-01 52 35,-1.8763888888888889,159.6,20.1,13.61,285.1,Map/Offsets   !,https://cgi.minorplanetcenter.net/cgi-bin/confirmeph2.cgi
20260522T154244Z,2026-05-22T15:42:44.637447Z,20260522T154244Z_batch01,CENWC52,2026-05-23T14:00:00Z,15 25 20.5,231.33541666666665,-01 49 02,-1.8172222222222223,159.4,20.1,13.64,285.1,Map/Offsets   !,https://cgi.minorplanetcenter.net/cgi-bin/confirmeph2.cgi
20260522T154244Z,2026-05-22T15:42:44.637447Z,20260522T154244Z_batch01,CENU0L2,2026-05-22T14:00:00Z,14 01 25.7,210.35708333333335,-03 35 54,-3.5983333333333336,147.4,21.7,10.12,62.0,Map/Offsets   !,https://cgi.minorplanetcenter.net/cgi-bin/confirmeph2.cgi
20260522T154244Z,2026-05-22T15:42:44.637447Z,20260522T154244Z_batch01,CENU0L2,2026-05-22T15:00:00Z,14 02 01.0,210.50416666666666,-03 31 12,-3.52,147.5,21.7,9.85,62.0,Map/Offsets   !,https://cgi.minorplanetcenter.net/cgi-bin/confirmeph2.cgi
20260522T154244Z,2026-05-22T15:42:44.637447Z,20260522T154244Z_batch01,CENU0L2,2026-05-22T16:00:00Z,14 02 35.4,210.64749999999998,-03 26 38,-3.443888888888889,147.5,21.8,9.59,62.0,Map/Offsets   !,https://cgi.minorplanetcenter.net/cgi-bin/confirmeph2.cgi
20260522T154244Z,2026-05-22T15:42:44.637447Z,20260522T154244Z_batch01,CENU0L2,2026-05-22T17:00:00Z,14 03 08.8,210.7866666666667,-03 22 11,-3.3697222222222223,147.6,21.8,9.34,62.0,Map/Offsets   !,https://cgi.minorplanetcenter.net/cgi-bin/confirmeph2.cgi
20260522T154244Z,2026-05-22T15:42:44.637447Z,20260522T154244Z_batch01,CENU0L2,2026-05-22T18:00:00Z,14 03 41.4,210.9225,-03 17 51,-3.2975,147.6,21.8,9.1,62.0,Map/Offsets   !,https://cgi.minorplanetcenter.net/cgi-bin/confirmeph2.cgi
20260522T154244Z,2026-05-22T15:42:44.637447Z,20260522T154244Z_batch01,CENU0L2,2026-05-22T19:00:00Z,14 04 13.2,211.05499999999998,-03 13 38,-3.227222222222222,147.6,21.9,8.87,62.0,Map/Offsets   !,https://cgi.minorplanetcenter.net/cgi-bin/confirmeph2.cgi
20260522T154244Z,2026-05-22T15:42:44.637447Z,20260522T154244Z_batch01,CENU0L2,2026-05-22T20:00:00Z,14 04 44.2,211.18416666666667,-03 09 31,-3.158611111111111,147.7,21.9,8.64,62.0,Map/Offsets   !,https://cgi.minorplanetcenter.net/cgi-bin/confirmeph2.cgi
20260522T154244Z,2026-05-22T15:42:44.637447Z,20260522T154244Z_batch01,CENU0L2,2026-05-22T21:00:00Z,14 05 14.3,211.30958333333334,-03 05 31,-3.0919444444444446,147.7,21.9,8.43,62.0,Map/Offsets   !,https://cgi.minorplanetcenter.net/cgi-bin/confirmeph2.cgi
20260522T154244Z,2026-05-22T15:42:44.637447Z,20260522T154244Z_batch01,CENU0L2,2026-05-22T22:00:00Z,14 05 43.8,211.4325,-03 01 36,-3.0266666666666664,147.7,21.9,8.22,62.0,Map/Offsets   !,https://cgi.minorplanetcenter.net/cgi-bin/confirmeph2.cgi
20260522T154244Z,2026-05-22T15:42:44.637447Z,20260522T154244Z_batch01,CENU0L2,2026-05-22T23:00:00Z,14 06 12.5,211.55208333333331,-02 57 47,-2.9630555555555556,147.7,22.0,8.02,62.0,Map/Offsets   !,https://cgi.minorplanetcenter.net/cgi-bin/confirmeph2.cgi
20260522T154244Z,2026-05-22T15:42:44.637447Z,20260522T154244Z_batch01,CENU0L2,2026-05-23T00:00:00Z,14 06 40.6,211.66916666666665,-02 54 04,-2.901111111111111,147.8,22.0,7.83,62.0,Map/Offsets   !,https://cgi.minorplanetcenter.net/cgi-bin/confirmeph2.cgi
20260522T154244Z,2026-05-22T15:42:44.637447Z,20260522T154244Z_batch01,CENU0L2,2026-05-23T01:00:00Z,14 07 07.9,211.7829166666667,-02 50 26,-2.8405555555555555,147.8,22.0,7.65,62.0,Map/Offsets   !,https://cgi.minorplanetcenter.net/cgi-bin/confirmeph2.cgi
20260522T154244Z,2026-05-22T15:42:44.637447Z,20260522T154244Z_batch01,CENU0L2,2026-05-23T02:00:00Z,14 07 34.7,211.89458333333334,-02 46 54,-2.7816666666666667,147.8,22.0,7.47,62.0,Map/Offsets   !,https://cgi.minorplanetcenter.net/cgi-bin/confirmeph2.cgi
20260522T154244Z,2026-05-22T15:42:44.637447Z,20260522T154244Z_batch01,CENU0L2,2026-05-23T03:00:00Z,14 08 00.8,212.00333333333333,-02 43 26,-2.723888888888889,147.8,22.1,7.3,62.0,Map/Offsets   !,https://cgi.minorplanetcenter.net/cgi-bin/confirmeph2.cgi
20260522T154244Z,2026-05-22T15:42:44.637447Z,20260522T154244Z_batch01,CENU0L2,2026-05-23T04:00:00Z,14 08 26.3,212.10958333333332,-02 40 03,-2.6675,147.8,22.1,7.13,62.1,Map/Offsets   !,https://cgi.minorplanetcenter.net/cgi-bin/confirmeph2.cgi
20260522T154244Z,2026-05-22T15:42:44.637447Z,20260522T154244Z_batch01,CENU0L2,2026-05-23T05:00:00Z,14 08 51.2,212.21333333333334,-02 36 45,-2.6125000000000003,147.8,22.1,6.97,62.1,Map/Offsets   !,https://cgi.minorplanetcenter.net/cgi-bin/confirmeph2.cgi
20260522T154244Z,2026-05-22T15:42:44.637447Z,20260522T154244Z_batch01,CENU0L2,2026-05-23T06:00:00Z,14 09 15.6,212.315,-02 33 31,-2.558611111111111,147.8,22.1,6.81,62.1,Map/Offsets   !,https://cgi.minorplanetcenter.net/cgi-bin/confirmeph2.cgi
20260522T154244Z,2026-05-22T15:42:44.637447Z,20260522T154244Z_batch01,CENU0L2,2026-05-23T07:00:00Z,14 09 39.4,212.41416666666666,-02 30 22,-2.506111111111111,147.9,22.2,6.66,62.1,Map/Offsets   !,https://cgi.minorplanetcenter.net/cgi-bin/confirmeph2.cgi
20260522T154244Z,2026-05-22T15:42:44.637447Z,20260522T154244Z_batch01,CENU0L2,2026-05-23T08:00:00Z,14 10 02.8,212.51166666666666,-02 27 17,-2.4547222222222222,147.9,22.2,6.52,62.1,Map/Offsets   !,https://cgi.minorplanetcenter.net/cgi-bin/confirmeph2.cgi
20260522T154244Z,2026-05-22T15:42:44.637447Z,20260522T154244Z_batch01,CENU0L2,2026-05-23T09:00:00Z,14 10 25.6,212.60666666666665,-02 24 16,-2.404444444444444,147.9,22.2,6.38,62.1,Map/Offsets   !,https://cgi.minorplanetcenter.net/cgi-bin/confirmeph2.cgi
20260522T154244Z,2026-05-22T15:42:44.637447Z,20260522T154244Z_batch01,CENU0L2,2026-05-23T10:00:00Z,14 10 47.9,212.69958333333332,-02 21 19,-2.355277777777778,147.9,22.2,6.24,62.1,Map/Offsets   !,https://cgi.minorplanetcenter.net/cgi-bin/confirmeph2.cgi
20260522T154244Z,2026-05-22T15:42:44.637447Z,20260522T154244Z_batch01,CENU0L2,2026-05-23T11:00:00Z,14 11 09.7,212.79041666666666,-02 18 26,-2.307222222222222,147.9,22.3,6.11,62.2,Map/Offsets   !,https://cgi.minorplanetcenter.net/cgi-bin/confirmeph2.cgi
20260522T154244Z,2026-05-22T15:42:44.637447Z,20260522T154244Z_batch01,CENU0L2,2026-05-23T12:00:00Z,14 11 31.1,212.87958333333333,-02 15 37,-2.2602777777777776,147.9,22.3,5.98,62.2,Map/Offsets   !,https://cgi.minorplanetcenter.net/cgi-bin/confirmeph2.cgi
20260522T154244Z,2026-05-22T15:42:44.637447Z,20260522T154244Z_batch01,CENU0L2,2026-05-23T13:00:00Z,14 11 52.1,212.96708333333333,-02 12 51,-2.214166666666667,147.9,22.3,5.86,62.2,Map/Offsets   !,https://cgi.minorplanetcenter.net/cgi-bin/confirmeph2.cgi
20260522T154244Z,2026-05-22T15:42:44.637447Z,20260522T154244Z_batch01,CENU0L2,2026-05-23T14:00:00Z,14 12 12.6,213.0525,-02 10 09,-2.1691666666666665,147.9,22.3,5.74,62.2,Map/Offsets,https://cgi.minorplanetcenter.net/cgi-bin/confirmeph2.cgi
20260522T154244Z,2026-05-22T15:42:44.637447Z,20260522T154244Z_batch01,CENV8M2,2026-05-22T14:00:00Z,15 19 00.5,229.75208333333333,+01 05 56,1.0988888888888888,156.7,18.4,96.99,50.8,Map/Offsets   ***,https://cgi.minorplanetcenter.net/cgi-bin/confirmeph2.cgi
20260522T154244Z,2026-05-22T15:42:44.637447Z,20260522T154244Z_batch01,CENV8M2,2026-05-22T15:00:00Z,15 24 39.6,231.165,+02 15 00,2.25,156.1,18.2,123.2,50.8,Map/Offsets   ***,https://cgi.minorplanetcenter.net/cgi-bin/confirmeph2.cgi
20260522T154244Z,2026-05-22T15:42:44.637447Z,20260522T154244Z_batch01,CENV8M2,2026-05-22T16:00:00Z,15 31 57.9,232.99125,+03 43 57,3.7325,155.1,17.9,161.3,50.9,Map/Offsets   ***,https://cgi.minorplanetcenter.net/cgi-bin/confirmeph2.cgi
20260522T154244Z,2026-05-22T15:42:44.637447Z,20260522T154244Z_batch01,CENV8M2,2026-05-22T17:00:00Z,15 41 44.6,235.43583333333333,+05 42 11,5.703055555555555,153.6,17.6,219.0,51.1,Map/Offsets   ***,https://cgi.minorplanetcenter.net/cgi-bin/confirmeph2.cgi
20260522T154244Z,2026-05-22T15:42:44.637447Z,20260522T154244Z_batch01,CENV8M2,2026-05-22T18:00:00Z,15 55 27.0,238.86249999999998,+08 25 23,8.423055555555555,151.2,17.3,311.3,51.6,Map/Offsets   ***,https://cgi.minorplanetcenter.net/cgi-bin/confirmeph2.cgi
20260522T154244Z,2026-05-22T15:42:44.637447Z,20260522T154244Z_batch01,CENV8M2,2026-05-22T19:00:00Z,16 15 50.8,243.96166666666664,+12 20 27,12.340833333333334,146.9,17.0,467.0,52.5,Map/Offsets   ***,https://cgi.minorplanetcenter.net/cgi-bin/confirmeph2.cgi
20260522T154244Z,2026-05-22T15:42:44.637447Z,20260522T154244Z_batch01,CENV8M2,2026-05-22T20:00:00Z,16 48 39.2,252.16333333333336,+18 11 34,18.192777777777778,139.4,16.7,739.8,54.7,Map/Offsets   ***,https://cgi.minorplanetcenter.net/cgi-bin/confirmeph2.cgi
20260522T154244Z,2026-05-22T15:42:44.637447Z,20260522T154244Z_batch01,CENV8M2,2026-05-22T21:00:00Z,17 46 16.0,266.56666666666666,+26 44 55,26.748611111111114,125.9,16.6,1186.0,60.2,Map/Offsets   ***,https://cgi.minorplanetcenter.net/cgi-bin/confirmeph2.cgi
20260522T154244Z,2026-05-22T15:42:44.637447Z,20260522T154244Z_batch01,CENV8M2,2026-05-22T22:00:00Z,19 29 12.5,292.3020833333333,+36 13 21,36.222500000000004,104.4,16.9,1622.0,73.9,Map/Offsets   ***,https://cgi.minorplanetcenter.net/cgi-bin/confirmeph2.cgi
20260522T154244Z,2026-05-22T15:42:44.637447Z,20260522T154244Z_batch01,CENV8M2,2026-05-22T23:00:00Z,21 45 23.5,326.34791666666666,+38 56 01,38.933611111111105,79.6,18.0,1494.0,95.0,Map/Offsets   ***,https://cgi.minorplanetcenter.net/cgi-bin/confirmeph2.cgi
20260522T154244Z,2026-05-22T15:42:44.637447Z,20260522T154244Z_batch01,CENV8M2,2026-05-23T00:00:00Z,23 26 49.1,351.70458333333335,+34 17 07,34.28527777777778,60.6,19.6,997.6,110.3,Map/Offsets   ***,https://cgi.minorplanetcenter.net/cgi-bin/confirmeph2.cgi
20260522T154244Z,2026-05-22T15:42:44.637447Z,20260522T154244Z_batch01,CENV8M2,2026-05-23T01:00:00Z,00 23 26.4,5.860000000000001,+28 52 46,28.879444444444445,49.0,21.1,618.4,117.7,Map/Offsets   ***,https://cgi.minorplanetcenter.net/cgi-bin/confirmeph2.cgi
20260522T154244Z,2026-05-22T15:42:44.637447Z,20260522T154244Z_batch01,CENV8M2,2026-05-23T02:00:00Z,00 55 45.5,13.939583333333333,+24 46 46,24.779444444444444,42.1,22.3,397.9,121.4,Map/Offsets   ***,https://cgi.minorplanetcenter.net/cgi-bin/confirmeph2.cgi
20260522T154244Z,2026-05-22T15:42:44.637447Z,20260522T154244Z_batch01,CENV8M2,2026-05-23T03:00:00Z,01 15 54.1,18.975416666666668,+21 50 31,21.841944444444444,37.8,23.3,271.0,123.4,Map/Offsets   ***,https://cgi.minorplanetcenter.net/cgi-bin/confirmeph2.cgi
20260522T154244Z,2026-05-22T15:42:44.637447Z,20260522T154244Z_batch01,CENV8M2,2026-05-23T04:00:00Z,01 29 27.8,22.365833333333335,+19 42 08,19.702222222222222,34.9,24.1,194.2,124.6,Map/Offsets   ***,https://cgi.minorplanetcenter.net/cgi-bin/confirmeph2.cgi
20260522T154244Z,2026-05-22T15:42:44.637447Z,20260522T154244Z_batch01,CENV8M2,2026-05-23T05:00:00Z,01 39 09.4,24.789166666666667,+18 05 49,18.096944444444443,32.9,24.8,145.2,125.4,Map/Offsets   ***,https://cgi.minorplanetcenter.net/cgi-bin/confirmeph2.cgi
20260522T154244Z,2026-05-22T15:42:44.637447Z,20260522T154244Z_batch01,CENV8M2,2026-05-23T06:00:00Z,01 46 24.2,26.600833333333334,+16 51 23,16.85638888888889,31.5,25.3,112.2,125.9,Map/Offsets   ***,https://cgi.minorplanetcenter.net/cgi-bin/confirmeph2.cgi
20260522T154244Z,2026-05-22T15:42:44.637447Z,20260522T154244Z_batch01,CENV8M2,2026-05-23T07:00:00Z,01 52 01.0,28.004166666666666,+15 52 23,15.873055555555556,30.4,25.7,89.19,126.3,Map/Offsets   ***,https://cgi.minorplanetcenter.net/cgi-bin/confirmeph2.cgi
20260522T154244Z,2026-05-22T15:42:44.637447Z,20260522T154244Z_batch01,CENV8M2,2026-05-23T08:00:00Z,01 56 29.3,29.122083333333332,+15 04 35,15.07638888888889,29.6,26.1,72.48,126.6,Map/Offsets   ***,https://cgi.minorplanetcenter.net/cgi-bin/confirmeph2.cgi
20260522T154244Z,2026-05-22T15:42:44.637447Z,20260522T154244Z_batch01,CENV8M2,2026-05-23T09:00:00Z,02 00 07.9,30.03291666666667,+14 25 07,14.41861111111111,29.0,26.4,60.02,126.9,Map/Offsets   ***,https://cgi.minorplanetcenter.net/cgi-bin/confirmeph2.cgi
20260522T154244Z,2026-05-22T15:42:44.637447Z,20260522T154244Z_batch01,CENV8M2,2026-05-23T10:00:00Z,02 03 09.3,30.788749999999997,+13 52 01,13.866944444444444,28.5,26.7,50.49,127.1,Map/Offsets   ***,https://cgi.minorplanetcenter.net/cgi-bin/confirmeph2.cgi
20260522T154244Z,2026-05-22T15:42:44.637447Z,20260522T154244Z_batch01,CENV8M2,2026-05-23T11:00:00Z,02 05 42.3,31.426250000000003,+13 23 53,13.398055555555555,28.1,27.0,43.04,127.2,Map/Offsets   ***,https://cgi.minorplanetcenter.net/cgi-bin/confirmeph2.cgi
20260522T154244Z,2026-05-22T15:42:44.637447Z,20260522T154244Z_batch01,CENV8M2,2026-05-23T12:00:00Z,02 07 53.0,31.970833333333335,+12 59 41,12.99472222222222,27.8,27.2,37.12,127.3,Map/Offsets   ***,https://cgi.minorplanetcenter.net/cgi-bin/confirmeph2.cgi
20260522T154244Z,2026-05-22T15:42:44.637447Z,20260522T154244Z_batch01,CENV8M2,2026-05-23T13:00:00Z,02 09 45.9,32.44125,+12 38 39,12.644166666666667,27.5,27.4,32.33,127.4,Map/Offsets   !!,https://cgi.minorplanetcenter.net/cgi-bin/confirmeph2.cgi
20260522T154244Z,2026-05-22T15:42:44.637447Z,20260522T154244Z_batch01,CENV8M2,2026-05-23T14:00:00Z,02 11 24.4,32.85166666666667,+12 20 12,12.336666666666668,27.3,27.6,28.41,127.5,Map/Offsets   !!,https://cgi.minorplanetcenter.net/cgi-bin/confirmeph2.cgi
20260522T154244Z,2026-05-22T15:42:44.637447Z,20260522T154244Z_batch01,NAOCBPP,2026-05-22T14:00:00Z,14 50 15.3,222.56375000000003,-18 29 18,-18.488333333333333,164.4,21.4,1.73,169.9,Map/Offsets,https://cgi.minorplanetcenter.net/cgi-bin/confirmeph2.cgi
20260522T154244Z,2026-05-22T15:42:44.637447Z,20260522T154244Z_batch01,NAOCBPP,2026-05-22T15:00:00Z,14 50 16.6,222.56916666666666,-18 31 00,-18.516666666666666,164.4,21.4,1.73,169.8,Map/Offsets,https://cgi.minorplanetcenter.net/cgi-bin/confirmeph2.cgi
20260522T154244Z,2026-05-22T15:42:44.637447Z,20260522T154244Z_batch01,NAOCBPP,2026-05-22T16:00:00Z,14 50 17.9,222.57458333333332,-18 32 43,-18.54527777777778,164.3,21.4,1.73,169.8,Map/Offsets,https://cgi.minorplanetcenter.net/cgi-bin/confirmeph2.cgi
20260522T154244Z,2026-05-22T15:42:44.637447Z,20260522T154244Z_batch01,NAOCBPP,2026-05-22T17:00:00Z,14 50 19.2,222.58,-18 34 25,-18.57361111111111,164.3,21.4,1.73,169.8,Map/Offsets,https://cgi.minorplanetcenter.net/cgi-bin/confirmeph2.cgi
20260522T154244Z,2026-05-22T15:42:44.637447Z,20260522T154244Z_batch01,NAOCBPP,2026-05-22T18:00:00Z,14 50 20.5,222.58541666666667,-18 36 07,-18.601944444444445,164.3,21.4,1.73,169.8,Map/Offsets,https://cgi.minorplanetcenter.net/cgi-bin/confirmeph2.cgi
20260522T154244Z,2026-05-22T15:42:44.637447Z,20260522T154244Z_batch01,NAOCBPP,2026-05-22T19:00:00Z,14 50 21.8,222.59083333333334,-18 37 49,-18.630277777777778,164.2,21.4,1.73,169.8,Map/Offsets,https://cgi.minorplanetcenter.net/cgi-bin/confirmeph2.cgi
20260522T154244Z,2026-05-22T15:42:44.637447Z,20260522T154244Z_batch01,NAOCBPP,2026-05-22T20:00:00Z,14 50 23.1,222.59625,-18 39 32,-18.65888888888889,164.2,21.4,1.73,169.7,Map/Offsets,https://cgi.minorplanetcenter.net/cgi-bin/confirmeph2.cgi
20260522T154244Z,2026-05-22T15:42:44.637447Z,20260522T154244Z_batch01,NAOCBPP,2026-05-22T21:00:00Z,14 50 24.4,222.6016666666667,-18 41 14,-18.68722222222222,164.2,21.4,1.73,169.7,Map/Offsets,https://cgi.minorplanetcenter.net/cgi-bin/confirmeph2.cgi
20260522T154244Z,2026-05-22T15:42:44.637447Z,20260522T154244Z_batch01,NAOCBPP,2026-05-22T22:00:00Z,14 50 25.7,222.60708333333335,-18 42 56,-18.715555555555554,164.1,21.4,1.73,169.7,Map/Offsets,https://cgi.minorplanetcenter.net/cgi-bin/confirmeph2.cgi
20260522T154244Z,2026-05-22T15:42:44.637447Z,20260522T154244Z_batch01,NAOCBPP,2026-05-22T23:00:00Z,14 50 27.0,222.6125,-18 44 38,-18.74388888888889,164.1,21.4,1.73,169.7,Map/Offsets,https://cgi.minorplanetcenter.net/cgi-bin/confirmeph2.cgi
20260522T154244Z,2026-05-22T15:42:44.637447Z,20260522T154244Z_batch01,NAOCBPP,2026-05-23T00:00:00Z,14 50 28.3,222.61791666666667,-18 46 20,-18.772222222222222,164.1,21.4,1.73,169.6,Map/Offsets,https://cgi.minorplanetcenter.net/cgi-bin/confirmeph2.cgi
20260522T154244Z,2026-05-22T15:42:44.637447Z,20260522T154244Z_batch01,NAOCBPP,2026-05-23T01:00:00Z,14 50 29.6,222.62333333333336,-18 48 02,-18.800555555555555,164.1,21.4,1.73,169.6,Map/Offsets,https://cgi.minorplanetcenter.net/cgi-bin/confirmeph2.cgi
20260522T154244Z,2026-05-22T15:42:44.637447Z,20260522T154244Z_batch01,NAOCBPP,2026-05-23T02:00:00Z,14 50 30.9,222.62875000000003,-18 49 44,-18.828888888888887,164.0,21.4,1.73,169.6,Map/Offsets,https://cgi.minorplanetcenter.net/cgi-bin/confirmeph2.cgi
20260522T154244Z,2026-05-22T15:42:44.637447Z,20260522T154244Z_batch01,NAOCBPP,2026-05-23T03:00:00Z,14 50 32.3,222.63458333333335,-18 51 26,-18.857222222222223,164.0,21.4,1.73,169.6,Map/Offsets,https://cgi.minorplanetcenter.net/cgi-bin/confirmeph2.cgi
20260522T154244Z,2026-05-22T15:42:44.637447Z,20260522T154244Z_batch01,NAOCBPP,2026-05-23T04:00:00Z,14 50 33.6,222.64000000000001,-18 53 08,-18.885555555555555,164.0,21.4,1.73,169.5,Map/Offsets,https://cgi.minorplanetcenter.net/cgi-bin/confirmeph2.cgi
20260522T154244Z,2026-05-22T15:42:44.637447Z,20260522T154244Z_batch01,NAOCBPP,2026-05-23T05:00:00Z,14 50 34.9,222.64541666666668,-18 54 50,-18.913888888888888,163.9,21.4,1.73,169.5,Map/Offsets,https://cgi.minorplanetcenter.net/cgi-bin/confirmeph2.cgi
20260522T154244Z,2026-05-22T15:42:44.637447Z,20260522T154244Z_batch01,NAOCBPP,2026-05-23T06:00:00Z,14 50 36.2,222.65083333333334,-18 56 31,-18.941944444444445,163.9,21.4,1.73,169.5,Map/Offsets,https://cgi.minorplanetcenter.net/cgi-bin/confirmeph2.cgi
20260522T154244Z,2026-05-22T15:42:44.637447Z,20260522T154244Z_batch01,NAOCBPP,2026-05-23T07:00:00Z,14 50 37.6,222.65666666666667,-18 58 13,-18.970277777777778,163.9,21.4,1.72,169.5,Map/Offsets,https://cgi.minorplanetcenter.net/cgi-bin/confirmeph2.cgi
20260522T154244Z,2026-05-22T15:42:44.637447Z,20260522T154244Z_batch01,NAOCBPP,2026-05-23T08:00:00Z,14 50 38.9,222.66208333333333,-18 59 55,-18.998611111111114,163.8,21.4,1.72,169.5,Map/Offsets,https://cgi.minorplanetcenter.net/cgi-bin/confirmeph2.cgi
20260522T154244Z,2026-05-22T15:42:44.637447Z,20260522T154244Z_batch01,NAOCBPP,2026-05-23T09:00:00Z,14 50 40.2,222.6675,-19 01 37,-19.026944444444442,163.8,21.4,1.72,169.4,Map/Offsets,https://cgi.minorplanetcenter.net/cgi-bin/confirmeph2.cgi
20260522T154244Z,2026-05-22T15:42:44.637447Z,20260522T154244Z_batch01,NAOCBPP,2026-05-23T10:00:00Z,14 50 41.6,222.67333333333335,-19 03 18,-19.055,163.8,21.4,1.72,169.4,Map/Offsets,https://cgi.minorplanetcenter.net/cgi-bin/confirmeph2.cgi
20260522T154244Z,2026-05-22T15:42:44.637447Z,20260522T154244Z_batch01,NAOCBPP,2026-05-23T11:00:00Z,14 50 42.9,222.67875,-19 05 00,-19.083333333333332,163.8,21.4,1.72,169.4,Map/Offsets,https://cgi.minorplanetcenter.net/cgi-bin/confirmeph2.cgi
20260522T154244Z,2026-05-22T15:42:44.637447Z,20260522T154244Z_batch01,NAOCBPP,2026-05-23T12:00:00Z,14 50 44.3,222.68458333333334,-19 06 41,-19.11138888888889,163.7,21.4,1.72,169.4,Map/Offsets,https://cgi.minorplanetcenter.net/cgi-bin/confirmeph2.cgi
20260522T154244Z,2026-05-22T15:42:44.637447Z,20260522T154244Z_batch01,NAOCBPP,2026-05-23T13:00:00Z,14 50 45.6,222.69,-19 08 23,-19.139722222222222,163.7,21.4,1.72,169.3,Map/Offsets,https://cgi.minorplanetcenter.net/cgi-bin/confirmeph2.cgi
20260522T154244Z,2026-05-22T15:42:44.637447Z,20260522T154244Z_batch01,NAOCBPP,2026-05-23T14:00:00Z,14 50 47.0,222.69583333333333,-19 10 04,-19.16777777777778,163.7,21.4,1.72,169.3,Map/Offsets,https://cgi.minorplanetcenter.net/cgi-bin/confirmeph2.cgi
20260522T154244Z,2026-05-22T15:42:44.637447Z,20260522T154244Z_batch01,8N2S001,2026-05-22T14:00:00Z,17 47 56.2,266.9841666666667,+16 17 02,16.28388888888889,134.2,19.2,18.05,207.7,Map/Offsets   !,https://cgi.minorplanetcenter.net/cgi-bin/confirmeph2.cgi
20260522T154244Z,2026-05-22T15:42:44.637447Z,20260522T154244Z_batch01,8N2S001,2026-05-22T15:00:00Z,17 47 21.1,266.83791666666673,+16 00 59,16.01638888888889,134.5,19.2,18.19,207.7,Map/Offsets   !,https://cgi.minorplanetcenter.net/cgi-bin/confirmeph2.cgi
20260522T154244Z,2026-05-22T15:42:44.637447Z,20260522T154244Z_batch01,8N2S001,2026-05-22T16:00:00Z,17 46 45.8,266.69083333333333,+15 44 49,15.746944444444443,134.8,19.1,18.33,207.7,Map/Offsets   !,https://cgi.minorplanetcenter.net/cgi-bin/confirmeph2.cgi
20260522T154244Z,2026-05-22T15:42:44.637447Z,20260522T154244Z_batch01,8N2S001,2026-05-22T17:00:00Z,17 46 10.4,266.54333333333335,+15 28 31,15.475277777777778,135.1,19.1,18.47,207.6,Map/Offsets   !,https://cgi.minorplanetcenter.net/cgi-bin/confirmeph2.cgi
20260522T154244Z,2026-05-22T15:42:44.637447Z,20260522T154244Z_batch01,8N2S001,2026-05-22T18:00:00Z,17 45 34.8,266.39500000000004,+15 12 05,15.201388888888888,135.5,19.1,18.6,207.6,Map/Offsets   !,https://cgi.minorplanetcenter.net/cgi-bin/confirmeph2.cgi
20260522T154244Z,2026-05-22T15:42:44.637447Z,20260522T154244Z_batch01,8N2S001,2026-05-22T19:00:00Z,17 44 59.0,266.2458333333334,+14 55 32,14.925555555555555,135.8,19.1,18.74,207.5,Map/Offsets   !,https://cgi.minorplanetcenter.net/cgi-bin/confirmeph2.cgi
20260522T154244Z,2026-05-22T15:42:44.637447Z,20260522T154244Z_batch01,8N2S001,2026-05-22T20:00:00Z,17 44 23.0,266.09583333333336,+14 38 51,14.647499999999999,136.1,19.1,18.88,207.5,Map/Offsets   !,https://cgi.minorplanetcenter.net/cgi-bin/confirmeph2.cgi
20260522T154244Z,2026-05-22T15:42:44.637447Z,20260522T154244Z_batch01,8N2S001,2026-05-22T21:00:00Z,17 43 46.9,265.9454166666667,+14 22 02,14.367222222222223,136.4,19.1,19.02,207.5,Map/Offsets   !,https://cgi.minorplanetcenter.net/cgi-bin/confirmeph2.cgi
20260522T154244Z,2026-05-22T15:42:44.637447Z,20260522T154244Z_batch01,8N2S001,2026-05-22T22:00:00Z,17 43 10.6,265.7941666666666,+14 05 05,14.084722222222222,136.8,19.0,19.16,207.4,Map/Offsets   !,https://cgi.minorplanetcenter.net/cgi-bin/confirmeph2.cgi
20260522T154244Z,2026-05-22T15:42:44.637447Z,20260522T154244Z_batch01,8N2S001,2026-05-22T23:00:00Z,17 42 34.1,265.6420833333333,+13 48 01,13.800277777777778,137.1,19.0,19.31,207.4,Map/Offsets   !,https://cgi.minorplanetcenter.net/cgi-bin/confirmeph2.cgi
20260522T154244Z,2026-05-22T15:42:44.637447Z,20260522T154244Z_batch01,8N2S001,2026-05-23T00:00:00Z,17 41 57.4,265.4891666666667,+13 30 48,13.513333333333334,137.4,19.0,19.45,207.4,Map/Offsets   !,https://cgi.minorplanetcenter.net/cgi-bin/confirmeph2.cgi
20260522T154244Z,2026-05-22T15:42:44.637447Z,20260522T154244Z_batch01,8N2S001,2026-05-23T01:00:00Z,17 41 20.5,265.3354166666667,+13 13 28,13.224444444444444,137.8,19.0,19.59,207.3,Map/Offsets   !,https://cgi.minorplanetcenter.net/cgi-bin/confirmeph2.cgi
20260522T154244Z,2026-05-22T15:42:44.637447Z,20260522T154244Z_batch01,8N2S001,2026-05-23T02:00:00Z,17 40 43.5,265.18125000000003,+12 56 00,12.933333333333334,138.1,19.0,19.73,207.3,Map/Offsets   !,https://cgi.minorplanetcenter.net/cgi-bin/confirmeph2.cgi
20260522T154244Z,2026-05-22T15:42:44.637447Z,20260522T154244Z_batch01,8N2S001,2026-05-23T03:00:00Z,17 40 06.3,265.02625000000006,+12 38 24,12.639999999999999,138.5,19.0,19.87,207.3,Map/Offsets   !,https://cgi.minorplanetcenter.net/cgi-bin/confirmeph2.cgi
20260522T154244Z,2026-05-22T15:42:44.637447Z,20260522T154244Z_batch01,8N2S001,2026-05-23T04:00:00Z,17 39 28.9,264.87041666666664,+12 20 40,12.344444444444445,138.8,18.9,20.01,207.2,Map/Offsets   !,https://cgi.minorplanetcenter.net/cgi-bin/confirmeph2.cgi
20260522T154244Z,2026-05-22T15:42:44.637447Z,20260522T154244Z_batch01,8N2S001,2026-05-23T05:00:00Z,17 38 51.3,264.71375,+12 02 48,12.046666666666667,139.2,18.9,20.16,207.2,Map/Offsets   !,https://cgi.minorplanetcenter.net/cgi-bin/confirmeph2.cgi
20260522T154244Z,2026-05-22T15:42:44.637447Z,20260522T154244Z_batch01,8N2S001,2026-05-23T06:00:00Z,17 38 13.6,264.5566666666667,+11 44 49,11.746944444444443,139.5,18.9,20.3,207.2,Map/Offsets   !,https://cgi.minorplanetcenter.net/cgi-bin/confirmeph2.cgi
20260522T154244Z,2026-05-22T15:42:44.637447Z,20260522T154244Z_batch01,8N2S001,2026-05-23T07:00:00Z,17 37 35.6,264.3983333333333,+11 26 41,11.444722222222222,139.9,18.9,20.44,207.1,Map/Offsets   !,https://cgi.minorplanetcenter.net/cgi-bin/confirmeph2.cgi
20260522T154244Z,2026-05-22T15:42:44.637447Z,20260522T154244Z_batch01,8N2S001,2026-05-23T08:00:00Z,17 36 57.5,264.2395833333333,+11 08 26,11.140555555555554,140.2,18.9,20.58,207.1,Map/Offsets   !,https://cgi.minorplanetcenter.net/cgi-bin/confirmeph2.cgi
20260522T154244Z,2026-05-22T15:42:44.637447Z,20260522T154244Z_batch01,8N2S001,2026-05-23T09:00:00Z,17 36 19.2,264.08000000000004,+10 50 02,10.83388888888889,140.6,18.9,20.72,207.1,Map/Offsets   !,https://cgi.minorplanetcenter.net/cgi-bin/confirmeph2.cgi
20260522T154244Z,2026-05-22T15:42:44.637447Z,20260522T154244Z_batch01,8N2S001,2026-05-23T10:00:00Z,17 35 40.7,263.9195833333333,+10 31 31,10.525277777777779,140.9,18.8,20.87,207.0,Map/Offsets   !,https://cgi.minorplanetcenter.net/cgi-bin/confirmeph2.cgi
20260522T154244Z,2026-05-22T15:42:44.637447Z,20260522T154244Z_batch01,8N2S001,2026-05-23T11:00:00Z,17 35 02.0,263.75833333333327,+10 12 52,10.214444444444444,141.3,18.8,21.01,207.0,Map/Offsets   !,https://cgi.minorplanetcenter.net/cgi-bin/confirmeph2.cgi
20260522T154244Z,2026-05-22T15:42:44.637447Z,20260522T154244Z_batch01,8N2S001,2026-05-23T12:00:00Z,17 34 23.2,263.59666666666664,+09 54 05,9.901388888888889,141.7,18.8,21.15,207.0,Map/Offsets   !,https://cgi.minorplanetcenter.net/cgi-bin/confirmeph2.cgi
20260522T154244Z,2026-05-22T15:42:44.637447Z,20260522T154244Z_batch01,8N2S001,2026-05-23T13:00:00Z,17 33 44.1,263.43375000000003,+09 35 10,9.586111111111112,142.0,18.8,21.29,207.0,Map/Offsets   !,https://cgi.minorplanetcenter.net/cgi-bin/confirmeph2.cgi
20260522T154244Z,2026-05-22T15:42:44.637447Z,20260522T154244Z_batch01,8N2S001,2026-05-23T14:00:00Z,17 33 04.9,263.2704166666667,+09 16 08,9.26888888888889,142.4,18.8,21.43,206.9,Map/Offsets   !,https://cgi.minorplanetcenter.net/cgi-bin/confirmeph2.cgi
20260522T154244Z,2026-05-22T15:42:44.637447Z,20260522T154244Z_batch01,Sar2899,2026-05-22T14:00:00Z,16 04 58.8,241.24499999999998,+11 38 20,11.63888888888889,147.9,20.7,18.03,264.1,Map/Offsets   !!,https://cgi.minorplanetcenter.net/cgi-bin/confirmeph2.cgi
20260522T154244Z,2026-05-22T15:42:44.637447Z,20260522T154244Z_batch01,Sar2899,2026-05-22T15:00:00Z,16 03 46.8,240.94500000000005,+11 36 29,11.608055555555556,147.9,20.8,17.46,264.0,Map/Offsets   !!,https://cgi.minorplanetcenter.net/cgi-bin/confirmeph2.cgi
20260522T154244Z,2026-05-22T15:42:44.637447Z,20260522T154244Z_batch01,Sar2899,2026-05-22T16:00:00Z,16 02 37.0,240.65416666666667,+11 34 40,11.577777777777778,148.0,20.8,16.91,263.9,Map/Offsets   !!,https://cgi.minorplanetcenter.net/cgi-bin/confirmeph2.cgi
20260522T154244Z,2026-05-22T15:42:44.637447Z,20260522T154244Z_batch01,Sar2899,2026-05-22T17:00:00Z,16 01 29.4,240.3725,+11 32 54,11.548333333333334,148.0,20.8,16.39,263.9,Map/Offsets   !!,https://cgi.minorplanetcenter.net/cgi-bin/confirmeph2.cgi
20260522T154244Z,2026-05-22T15:42:44.637447Z,20260522T154244Z_batch01,Sar2899,2026-05-22T18:00:00Z,16 00 24.0,240.10000000000002,+11 31 10,11.519444444444446,148.1,20.9,15.88,263.8,Map/Offsets   !!,https://cgi.minorplanetcenter.net/cgi-bin/confirmeph2.cgi
20260522T154244Z,2026-05-22T15:42:44.637447Z,20260522T154244Z_batch01,Sar2899,2026-05-22T19:00:00Z,15 59 20.5,239.83541666666665,+11 29 28,11.49111111111111,148.1,20.9,15.41,263.7,Map/Offsets   !!,https://cgi.minorplanetcenter.net/cgi-bin/confirmeph2.cgi
20260522T154244Z,2026-05-22T15:42:44.637447Z,20260522T154244Z_batch01,Sar2899,2026-05-22T20:00:00Z,15 58 18.9,239.57875,+11 27 48,11.463333333333333,148.1,20.9,14.95,263.7,Map/Offsets   !!,https://cgi.minorplanetcenter.net/cgi-bin/confirmeph2.cgi
20260522T154244Z,2026-05-22T15:42:44.637447Z,20260522T154244Z_batch01,Sar2899,2026-05-22T21:00:00Z,15 57 19.2,239.32999999999998,+11 26 10,11.436111111111112,148.1,20.9,14.51,263.6,Map/Offsets   !!,https://cgi.minorplanetcenter.net/cgi-bin/confirmeph2.cgi
20260522T154244Z,2026-05-22T15:42:44.637447Z,20260522T154244Z_batch01,Sar2899,2026-05-22T22:00:00Z,15 56 21.2,239.08833333333334,+11 24 34,11.409444444444444,148.1,21.0,14.09,263.5,Map/Offsets   !!,https://cgi.minorplanetcenter.net/cgi-bin/confirmeph2.cgi
20260522T154244Z,2026-05-22T15:42:44.637447Z,20260522T154244Z_batch01,Sar2899,2026-05-22T23:00:00Z,15 55 24.9,238.85375,+11 23 00,11.383333333333333,148.2,21.0,13.69,263.5,Map/Offsets   !,https://cgi.minorplanetcenter.net/cgi-bin/confirmeph2.cgi
20260522T154244Z,2026-05-22T15:42:44.637447Z,20260522T154244Z_batch01,Sar2899,2026-05-23T00:00:00Z,15 54 30.2,238.62583333333336,+11 21 28,11.357777777777777,148.2,21.0,13.3,263.4,Map/Offsets   !,https://cgi.minorplanetcenter.net/cgi-bin/confirmeph2.cgi
20260522T154244Z,2026-05-22T15:42:44.637447Z,20260522T154244Z_batch01,Sar2899,2026-05-23T01:00:00Z,15 53 37.1,238.40458333333333,+11 19 57,11.3325,148.2,21.1,12.93,263.4,Map/Offsets   !,https://cgi.minorplanetcenter.net/cgi-bin/confirmeph2.cgi
20260522T154244Z,2026-05-22T15:42:44.637447Z,20260522T154244Z_batch01,Sar2899,2026-05-23T02:00:00Z,15 52 45.4,238.18916666666667,+11 18 29,11.308055555555557,148.2,21.1,12.57,263.3,Map/Offsets   !,https://cgi.minorplanetcenter.net/cgi-bin/confirmeph2.cgi
20260522T154244Z,2026-05-22T15:42:44.637447Z,20260522T154244Z_batch01,Sar2899,2026-05-23T03:00:00Z,15 51 55.2,237.98,+11 17 02,11.283888888888889,148.2,21.1,12.23,263.3,Map/Offsets   !,https://cgi.minorplanetcenter.net/cgi-bin/confirmeph2.cgi
20260522T154244Z,2026-05-22T15:42:44.637447Z,20260522T154244Z_batch01,Sar2899,2026-05-23T04:00:00Z,15 51 06.3,237.77624999999998,+11 15 37,11.260277777777778,148.2,21.2,11.9,263.2,Map/Offsets   !,https://cgi.minorplanetcenter.net/cgi-bin/confirmeph2.cgi
20260522T154244Z,2026-05-22T15:42:44.637447Z,20260522T154244Z_batch01,Sar2899,2026-05-23T05:00:00Z,15 50 18.7,237.57791666666668,+11 14 13,11.236944444444443,148.2,21.2,11.59,263.2,Map/Offsets   !,https://cgi.minorplanetcenter.net/cgi-bin/confirmeph2.cgi
20260522T154244Z,2026-05-22T15:42:44.637447Z,20260522T154244Z_batch01,Sar2899,2026-05-23T06:00:00Z,15 49 32.4,237.385,+11 12 51,11.214166666666666,148.2,21.2,11.29,263.1,Map/Offsets   !,https://cgi.minorplanetcenter.net/cgi-bin/confirmeph2.cgi
20260522T154244Z,2026-05-22T15:42:44.637447Z,20260522T154244Z_batch01,Sar2899,2026-05-23T07:00:00Z,15 48 47.3,237.19708333333335,+11 11 31,11.191944444444445,148.2,21.2,10.99,263.1,Map/Offsets   !,https://cgi.minorplanetcenter.net/cgi-bin/confirmeph2.cgi
20260522T154244Z,2026-05-22T15:42:44.637447Z,20260522T154244Z_batch01,Sar2899,2026-05-23T08:00:00Z,15 48 03.4,237.01416666666668,+11 10 12,11.17,148.2,21.3,10.71,263.0,Map/Offsets   !,https://cgi.minorplanetcenter.net/cgi-bin/confirmeph2.cgi
20260522T154244Z,2026-05-22T15:42:44.637447Z,20260522T154244Z_batch01,Sar2899,2026-05-23T09:00:00Z,15 47 20.6,236.8358333333333,+11 08 55,11.14861111111111,148.2,21.3,10.44,263.0,Map/Offsets   !,https://cgi.minorplanetcenter.net/cgi-bin/confirmeph2.cgi
20260522T154244Z,2026-05-22T15:42:44.637447Z,20260522T154244Z_batch01,Sar2899,2026-05-23T10:00:00Z,15 46 38.9,236.66208333333333,+11 07 39,11.127500000000001,148.2,21.3,10.18,262.9,Map/Offsets   !,https://cgi.minorplanetcenter.net/cgi-bin/confirmeph2.cgi
20260522T154244Z,2026-05-22T15:42:44.637447Z,20260522T154244Z_batch01,Sar2899,2026-05-23T11:00:00Z,15 45 58.2,236.4925,+11 06 24,11.106666666666666,148.2,21.4,9.93,262.9,Map/Offsets   !,https://cgi.minorplanetcenter.net/cgi-bin/confirmeph2.cgi
20260522T154244Z,2026-05-22T15:42:44.637447Z,20260522T154244Z_batch01,Sar2899,2026-05-23T12:00:00Z,15 45 18.5,236.32708333333332,+11 05 11,11.086388888888889,148.2,21.4,9.69,262.8,Map/Offsets   !,https://cgi.minorplanetcenter.net/cgi-bin/confirmeph2.cgi
20260522T154244Z,2026-05-22T15:42:44.637447Z,20260522T154244Z_batch01,Sar2899,2026-05-23T13:00:00Z,15 44 39.8,236.16583333333332,+11 03 59,11.06638888888889,148.1,21.4,9.45,262.8,Map/Offsets   !,https://cgi.minorplanetcenter.net/cgi-bin/confirmeph2.cgi
20260522T154244Z,2026-05-22T15:42:44.637447Z,20260522T154244Z_batch01,Sar2899,2026-05-23T14:00:00Z,15 44 02.1,236.00875,+11 02 49,11.046944444444444,148.1,21.4,9.23,262.7,Map/Offsets   !,https://cgi.minorplanetcenter.net/cgi-bin/confirmeph2.cgi
20260522T154244Z,2026-05-22T15:42:44.637447Z,20260522T154244Z_batch01,CZYNHKZ,2026-05-22T14:00:00Z,16 22 24.7,245.60291666666666,+02 26 28,2.4411111111111112,156.3,21.4,1.35,247.5,Map/Offsets   Map/Offsets,https://cgi.minorplanetcenter.net/cgi-bin/confirmeph2.cgi
20260522T154244Z,2026-05-22T15:42:44.637447Z,20260522T154244Z_batch01,CZYNHKZ,2026-05-22T15:00:00Z,16 22 19.7,245.58208333333337,+02 25 57,2.4324999999999997,156.3,21.4,1.35,247.5,Map/Offsets   Map/Offsets,https://cgi.minorplanetcenter.net/cgi-bin/confirmeph2.cgi
20260522T154244Z,2026-05-22T15:42:44.637447Z,20260522T154244Z_batch01,CZYNHKZ,2026-05-22T16:00:00Z,16 22 14.7,245.56125000000003,+02 25 26,2.4238888888888885,156.3,21.4,1.35,247.4,Map/Offsets   Map/Offsets,https://cgi.minorplanetcenter.net/cgi-bin/confirmeph2.cgi
20260522T154244Z,2026-05-22T15:42:44.637447Z,20260522T154244Z_batch01,CZYNHKZ,2026-05-22T17:00:00Z,16 22 09.7,245.54041666666666,+02 24 55,2.415277777777778,156.3,21.4,1.35,247.4,Map/Offsets   Map/Offsets,https://cgi.minorplanetcenter.net/cgi-bin/confirmeph2.cgi
20260522T154244Z,2026-05-22T15:42:44.637447Z,20260522T154244Z_batch01,CZYNHKZ,2026-05-22T18:00:00Z,16 22 04.7,245.51958333333332,+02 24 24,2.4066666666666667,156.3,21.4,1.35,247.3,Map/Offsets   Map/Offsets,https://cgi.minorplanetcenter.net/cgi-bin/confirmeph2.cgi
20260522T154244Z,2026-05-22T15:42:44.637447Z,20260522T154244Z_batch01,CZYNHKZ,2026-05-22T19:00:00Z,16 21 59.7,245.49875000000003,+02 23 53,2.3980555555555556,156.4,21.4,1.35,247.3,Map/Offsets   Map/Offsets,https://cgi.minorplanetcenter.net/cgi-bin/confirmeph2.cgi
20260522T154244Z,2026-05-22T15:42:44.637447Z,20260522T154244Z_batch01,CZYNHKZ,2026-05-22T20:00:00Z,16 21 54.7,245.47791666666666,+02 23 21,2.3891666666666667,156.4,21.4,1.35,247.3,Map/Offsets   Map/Offsets,https://cgi.minorplanetcenter.net/cgi-bin/confirmeph2.cgi
20260522T154244Z,2026-05-22T15:42:44.637447Z,20260522T154244Z_batch01,CZYNHKZ,2026-05-22T21:00:00Z,16 21 49.8,245.45750000000004,+02 22 50,2.3805555555555555,156.4,21.4,1.35,247.2,Map/Offsets   Map/Offsets,https://cgi.minorplanetcenter.net/cgi-bin/confirmeph2.cgi
20260522T154244Z,2026-05-22T15:42:44.637447Z,20260522T154244Z_batch01,CZYNHKZ,2026-05-22T22:00:00Z,16 21 44.8,245.4366666666667,+02 22 18,2.3716666666666666,156.4,21.4,1.35,247.2,Map/Offsets   Map/Offsets,https://cgi.minorplanetcenter.net/cgi-bin/confirmeph2.cgi
20260522T154244Z,2026-05-22T15:42:44.637447Z,20260522T154244Z_batch01,CZYNHKZ,2026-05-22T23:00:00Z,16 21 39.8,245.41583333333332,+02 21 47,2.3630555555555555,156.4,21.4,1.36,247.1,Map/Offsets   Map/Offsets,https://cgi.minorplanetcenter.net/cgi-bin/confirmeph2.cgi
20260522T154244Z,2026-05-22T15:42:44.637447Z,20260522T154244Z_batch01,CZYNHKZ,2026-05-23T00:00:00Z,16 21 34.8,245.39500000000004,+02 21 15,2.354166666666667,156.4,21.4,1.36,247.1,Map/Offsets   Map/Offsets,https://cgi.minorplanetcenter.net/cgi-bin/confirmeph2.cgi
20260522T154244Z,2026-05-22T15:42:44.637447Z,20260522T154244Z_batch01,CZYNHKZ,2026-05-23T01:00:00Z,16 21 29.8,245.3741666666667,+02 20 43,2.345277777777778,156.5,21.4,1.36,247.0,Map/Offsets   Map/Offsets,https://cgi.minorplanetcenter.net/cgi-bin/confirmeph2.cgi
20260522T154244Z,2026-05-22T15:42:44.637447Z,20260522T154244Z_batch01,CZYNHKZ,2026-05-23T02:00:00Z,16 21 24.8,245.35333333333335,+02 20 12,2.336666666666667,156.5,21.4,1.36,247.0,Map/Offsets   Map/Offsets,https://cgi.minorplanetcenter.net/cgi-bin/confirmeph2.cgi
20260522T154244Z,2026-05-22T15:42:44.637447Z,20260522T154244Z_batch01,CZYNHKZ,2026-05-23T03:00:00Z,16 21 19.8,245.33250000000004,+02 19 40,2.3277777777777775,156.5,21.4,1.36,246.9,Map/Offsets   Map/Offsets,https://cgi.minorplanetcenter.net/cgi-bin/confirmeph2.cgi
20260522T154244Z,2026-05-22T15:42:44.637447Z,20260522T154244Z_batch01,CZYNHKZ,2026-05-23T04:00:00Z,16 21 14.8,245.3116666666667,+02 19 08,2.3188888888888886,156.5,21.4,1.36,246.9,Map/Offsets   Map/Offsets,https://cgi.minorplanetcenter.net/cgi-bin/confirmeph2.cgi
20260522T154244Z,2026-05-22T15:42:44.637447Z,20260522T154244Z_batch01,CZYNHKZ,2026-05-23T05:00:00Z,16 21 09.8,245.29083333333335,+02 18 36,2.3099999999999996,156.5,21.4,1.36,246.9,Map/Offsets   Map/Offsets,https://cgi.minorplanetcenter.net/cgi-bin/confirmeph2.cgi
20260522T154244Z,2026-05-22T15:42:44.637447Z,20260522T154244Z_batch01,CZYNHKZ,2026-05-23T06:00:00Z,16 21 04.7,245.26958333333334,+02 18 04,2.301111111111111,156.5,21.4,1.36,246.8,Map/Offsets   Map/Offsets,https://cgi.minorplanetcenter.net/cgi-bin/confirmeph2.cgi
20260522T154244Z,2026-05-22T15:42:44.637447Z,20260522T154244Z_batch01,CZYNHKZ,2026-05-23T07:00:00Z,16 20 59.7,245.24874999999997,+02 17 32,2.292222222222222,156.5,21.4,1.36,246.8,Map/Offsets   Map/Offsets,https://cgi.minorplanetcenter.net/cgi-bin/confirmeph2.cgi
20260522T154244Z,2026-05-22T15:42:44.637447Z,20260522T154244Z_batch01,CZYNHKZ,2026-05-23T08:00:00Z,16 20 54.7,245.22791666666663,+02 16 59,2.2830555555555554,156.6,21.4,1.36,246.7,Map/Offsets   Map/Offsets,https://cgi.minorplanetcenter.net/cgi-bin/confirmeph2.cgi
20260522T154244Z,2026-05-22T15:42:44.637447Z,20260522T154244Z_batch01,CZYNHKZ,2026-05-23T09:00:00Z,16 20 49.7,245.20708333333334,+02 16 27,2.2741666666666664,156.6,21.4,1.36,246.7,Map/Offsets   Map/Offsets,https://cgi.minorplanetcenter.net/cgi-bin/confirmeph2.cgi
20260522T154244Z,2026-05-22T15:42:44.637447Z,20260522T154244Z_batch01,CZYNHKZ,2026-05-23T10:00:00Z,16 20 44.7,245.18624999999997,+02 15 55,2.265277777777778,156.6,21.4,1.36,246.6,Map/Offsets   Map/Offsets,https://cgi.minorplanetcenter.net/cgi-bin/confirmeph2.cgi
20260522T154244Z,2026-05-22T15:42:44.637447Z,20260522T154244Z_batch01,CZYNHKZ,2026-05-23T11:00:00Z,16 20 39.7,245.16541666666663,+02 15 22,2.256111111111111,156.6,21.4,1.36,246.6,Map/Offsets   Map/Offsets,https://cgi.minorplanetcenter.net/cgi-bin/confirmeph2.cgi
20260522T154244Z,2026-05-22T15:42:44.637447Z,20260522T154244Z_batch01,CZYNHKZ,2026-05-23T12:00:00Z,16 20 34.7,245.14458333333334,+02 14 50,2.2472222222222222,156.6,21.4,1.36,246.6,Map/Offsets   Map/Offsets,https://cgi.minorplanetcenter.net/cgi-bin/confirmeph2.cgi
20260522T154244Z,2026-05-22T15:42:44.637447Z,20260522T154244Z_batch01,CZYNHKZ,2026-05-23T13:00:00Z,16 20 29.7,245.12374999999997,+02 14 17,2.2380555555555555,156.6,21.4,1.36,246.5,Map/Offsets   Map/Offsets,https://cgi.minorplanetcenter.net/cgi-bin/confirmeph2.cgi
20260522T154244Z,2026-05-22T15:42:44.637447Z,20260522T154244Z_batch01,CZYNHKZ,2026-05-23T14:00:00Z,16 20 24.7,245.10291666666663,+02 13 45,2.229166666666667,156.7,21.4,1.36,246.5,Map/Offsets   Map/Offsets,https://cgi.minorplanetcenter.net/cgi-bin/confirmeph2.cgi
20260522T154244Z,2026-05-22T15:42:44.637447Z,20260522T154244Z_batch01,C46CD31,2026-05-22T14:00:00Z,22 52 00.6,343.0025,-05 35 29,-5.591388888888889,78.9,21.3,133.2,88.1,Map/Offsets   !!,https://cgi.minorplanetcenter.net/cgi-bin/confirmeph2.cgi
20260522T154244Z,2026-05-22T15:42:44.637447Z,20260522T154244Z_batch01,C46CD31,2026-05-22T15:00:00Z,23 00 33.4,345.1391666666667,-05 31 04,-5.517777777777778,77.0,21.5,122.4,87.9,Map/Offsets   !!,https://cgi.minorplanetcenter.net/cgi-bin/confirmeph2.cgi
20260522T154244Z,2026-05-22T15:42:44.637447Z,20260522T154244Z_batch01,C46CD31,2026-05-22T16:00:00Z,23 08 24.8,347.1033333333333,-05 26 36,-5.443333333333333,75.2,21.7,112.6,87.7,Map/Offsets   !!,https://cgi.minorplanetcenter.net/cgi-bin/confirmeph2.cgi
20260522T154244Z,2026-05-22T15:42:44.637447Z,20260522T154244Z_batch01,C46CD31,2026-05-22T17:00:00Z,23 15 38.7,348.91125,-05 22 09,-5.369166666666667,73.5,21.8,103.7,87.6,Map/Offsets   !!,https://cgi.minorplanetcenter.net/cgi-bin/confirmeph2.cgi
20260522T154244Z,2026-05-22T15:42:44.637447Z,20260522T154244Z_batch01,C46CD31,2026-05-22T18:00:00Z,23 22 18.7,350.5779166666667,-05 17 46,-5.296111111111111,72.0,22.0,95.69,87.4,Map/Offsets   !!,https://cgi.minorplanetcenter.net/cgi-bin/confirmeph2.cgi
20260522T154244Z,2026-05-22T15:42:44.637447Z,20260522T154244Z_batch01,C46CD31,2026-05-22T19:00:00Z,23 28 27.8,352.11583333333334,-05 13 29,-5.224722222222223,70.6,22.2,88.43,87.3,Map/Offsets   !!,https://cgi.minorplanetcenter.net/cgi-bin/confirmeph2.cgi
20260522T154244Z,2026-05-22T15:42:44.637447Z,20260522T154244Z_batch01,C46CD31,2026-05-22T20:00:00Z,23 34 09.1,353.53791666666666,-05 09 19,-5.155277777777778,69.4,22.3,81.86,87.1,Map/Offsets   !!,https://cgi.minorplanetcenter.net/cgi-bin/confirmeph2.cgi
20260522T154244Z,2026-05-22T15:42:44.637447Z,20260522T154244Z_batch01,C46CD31,2026-05-22T21:00:00Z,23 39 25.3,354.85541666666666,-05 05 17,-5.088055555555555,68.2,22.5,75.91,87.0,Map/Offsets   !!,https://cgi.minorplanetcenter.net/cgi-bin/confirmeph2.cgi
20260522T154244Z,2026-05-22T15:42:44.637447Z,20260522T154244Z_batch01,C46CD31,2026-05-22T22:00:00Z,23 44 18.7,356.0779166666667,-05 01 24,-5.023333333333333,67.1,22.6,70.52,86.9,Map/Offsets   !!,https://cgi.minorplanetcenter.net/cgi-bin/confirmeph2.cgi
20260522T154244Z,2026-05-22T15:42:44.637447Z,20260522T154244Z_batch01,C46CD31,2026-05-22T23:00:00Z,23 48 51.5,357.21458333333334,-04 57 40,-4.961111111111111,66.1,22.8,65.63,86.8,Map/Offsets   !!,https://cgi.minorplanetcenter.net/cgi-bin/confirmeph2.cgi
20260522T154244Z,2026-05-22T15:42:44.637447Z,20260522T154244Z_batch01,C46CD31,2026-05-23T00:00:00Z,23 53 05.5,358.2729166666667,-04 54 05,-4.9013888888888895,65.1,22.9,61.19,86.7,Map/Offsets   !!,https://cgi.minorplanetcenter.net/cgi-bin/confirmeph2.cgi
20260522T154244Z,2026-05-22T15:42:44.637447Z,20260522T154244Z_batch01,C46CD31,2026-05-23T01:00:00Z,23 57 02.5,359.2604166666667,-04 50 39,-4.844166666666666,64.3,23.0,57.15,86.6,Map/Offsets   !,https://cgi.minorplanetcenter.net/cgi-bin/confirmeph2.cgi
20260522T154244Z,2026-05-22T15:42:44.637447Z,20260522T154244Z_batch01,C46CD31,2026-05-23T02:00:00Z,00 00 44.1,0.18375,-04 47 22,-4.789444444444444,63.4,23.2,53.47,86.6,Map/Offsets   !,https://cgi.minorplanetcenter.net/cgi-bin/confirmeph2.cgi
20260522T154244Z,2026-05-22T15:42:44.637447Z,20260522T154244Z_batch01,C46CD31,2026-05-23T03:00:00Z,00 04 11.5,1.0479166666666666,-04 44 13,-4.736944444444444,62.7,23.3,50.11,86.5,Map/Offsets   !,https://cgi.minorplanetcenter.net/cgi-bin/confirmeph2.cgi
20260522T154244Z,2026-05-22T15:42:44.637447Z,20260522T154244Z_batch01,C46CD31,2026-05-23T04:00:00Z,00 07 25.9,1.8579166666666667,-04 41 12,-4.6866666666666665,62.0,23.4,47.04,86.4,Map/Offsets   !,https://cgi.minorplanetcenter.net/cgi-bin/confirmeph2.cgi
20260522T154244Z,2026-05-22T15:42:44.637447Z,20260522T154244Z_batch01,C46CD31,2026-05-23T05:00:00Z,00 10 28.6,2.6191666666666666,-04 38 19,-4.638611111111111,61.3,23.5,44.23,86.3,Map/Offsets   !,https://cgi.minorplanetcenter.net/cgi-bin/confirmeph2.cgi
20260522T154244Z,2026-05-22T15:42:44.637447Z,20260522T154244Z_batch01,C46CD31,2026-05-23T06:00:00Z,00 13 20.5,3.3354166666666667,-04 35 34,-4.592777777777777,60.7,23.6,41.65,86.3,Map/Offsets   !,https://cgi.minorplanetcenter.net/cgi-bin/confirmeph2.cgi
20260522T154244Z,2026-05-22T15:42:44.637447Z,20260522T154244Z_batch01,C46CD31,2026-05-23T07:00:00Z,00 16 02.5,4.010416666666667,-04 32 56,-4.5488888888888885,60.1,23.7,39.27,86.2,Map/Offsets   !,https://cgi.minorplanetcenter.net/cgi-bin/confirmeph2.cgi
20260522T154244Z,2026-05-22T15:42:44.637447Z,20260522T154244Z_batch01,C46CD31,2026-05-23T08:00:00Z,00 18 35.3,4.647083333333334,-04 30 24,-4.506666666666667,59.6,23.8,37.09,86.2,Map/Offsets   !,https://cgi.minorplanetcenter.net/cgi-bin/confirmeph2.cgi
20260522T154244Z,2026-05-22T15:42:44.637447Z,20260522T154244Z_batch01,C46CD31,2026-05-23T09:00:00Z,00 20 59.6,5.248333333333333,-04 27 59,-4.466388888888889,59.1,23.9,35.07,86.1,Map/Offsets   !,https://cgi.minorplanetcenter.net/cgi-bin/confirmeph2.cgi
20260522T154244Z,2026-05-22T15:42:44.637447Z,20260522T154244Z_batch01,C46CD31,2026-05-23T10:00:00Z,00 23 16.2,5.817500000000001,-04 25 41,-4.428055555555556,58.6,24.0,33.21,86.1,Map/Offsets   !,https://cgi.minorplanetcenter.net/cgi-bin/confirmeph2.cgi
20260522T154244Z,2026-05-22T15:42:44.637447Z,20260522T154244Z_batch01,C46CD31,2026-05-23T11:00:00Z,00 25 25.7,6.357083333333334,-04 23 27,-4.390833333333334,58.1,24.1,31.49,86.0,Map/Offsets   !,https://cgi.minorplanetcenter.net/cgi-bin/confirmeph2.cgi
20260522T154244Z,2026-05-22T15:42:44.637447Z,20260522T154244Z_batch01,C46CD31,2026-05-23T12:00:00Z,00 27 28.5,6.86875,-04 21 20,-4.355555555555555,57.7,24.2,29.89,86.0,Map/Offsets   !,https://cgi.minorplanetcenter.net/cgi-bin/confirmeph2.cgi
20260522T154244Z,2026-05-22T15:42:44.637447Z,20260522T154244Z_batch01,C46CD31,2026-05-23T13:00:00Z,00 29 25.1,7.354583333333333,-04 19 17,-4.3213888888888885,57.3,24.3,28.41,86.0,Map/Offsets   !,https://cgi.minorplanetcenter.net/cgi-bin/confirmeph2.cgi
20260522T154244Z,2026-05-22T15:42:44.637447Z,20260522T154244Z_batch01,C46CD31,2026-05-23T14:00:00Z,00 31 15.9,7.81625,-04 17 20,-4.288888888888889,56.9,24.4,27.03,85.9,Map/Offsets   !,https://cgi.minorplanetcenter.net/cgi-bin/confirmeph2.cgi
20260522T154244Z,2026-05-22T15:42:44.637447Z,20260522T154244Z_batch01,ST26ED8,2026-05-22T14:00:00Z,17 41 58.9,265.49541666666664,+16 57 19,16.955277777777777,134.5,20.3,22.14,332.4,Map/Offsets   !,https://cgi.minorplanetcenter.net/cgi-bin/confirmeph2.cgi
20260522T154244Z,2026-05-22T15:42:44.637447Z,20260522T154244Z_batch01,ST26ED8,2026-05-22T15:00:00Z,17 41 16.1,265.31708333333336,+17 16 50,17.280555555555555,134.4,20.3,21.94,332.3,Map/Offsets   !,https://cgi.minorplanetcenter.net/cgi-bin/confirmeph2.cgi
20260522T154244Z,2026-05-22T15:42:44.637447Z,20260522T154244Z_batch01,ST26ED8,2026-05-22T16:00:00Z,17 40 33.5,265.13958333333335,+17 36 10,17.602777777777778,134.2,20.3,21.74,332.3,Map/Offsets   !,https://cgi.minorplanetcenter.net/cgi-bin/confirmeph2.cgi
20260522T154244Z,2026-05-22T15:42:44.637447Z,20260522T154244Z_batch01,ST26ED8,2026-05-22T17:00:00Z,17 39 51.1,264.9629166666667,+17 55 19,17.921944444444446,134.1,20.3,21.54,332.2,Map/Offsets   !,https://cgi.minorplanetcenter.net/cgi-bin/confirmeph2.cgi
20260522T154244Z,2026-05-22T15:42:44.637447Z,20260522T154244Z_batch01,ST26ED8,2026-05-22T18:00:00Z,17 39 09.0,264.7875,+18 14 17,18.238055555555558,133.9,20.3,21.34,332.1,Map/Offsets   !,https://cgi.minorplanetcenter.net/cgi-bin/confirmeph2.cgi
20260522T154244Z,2026-05-22T15:42:44.637447Z,20260522T154244Z_batch01,ST26ED8,2026-05-22T19:00:00Z,17 38 27.1,264.61291666666665,+18 33 03,18.550833333333333,133.8,20.4,21.15,332.1,Map/Offsets   !,https://cgi.minorplanetcenter.net/cgi-bin/confirmeph2.cgi
20260522T154244Z,2026-05-22T15:42:44.637447Z,20260522T154244Z_batch01,ST26ED8,2026-05-22T20:00:00Z,17 37 45.4,264.43916666666667,+18 51 39,18.860833333333336,133.6,20.4,20.95,332.0,Map/Offsets   !,https://cgi.minorplanetcenter.net/cgi-bin/confirmeph2.cgi
20260522T154244Z,2026-05-22T15:42:44.637447Z,20260522T154244Z_batch01,ST26ED8,2026-05-22T21:00:00Z,17 37 03.9,264.26625,+19 10 04,19.16777777777778,133.4,20.4,20.76,331.9,Map/Offsets   !,https://cgi.minorplanetcenter.net/cgi-bin/confirmeph2.cgi
20260522T154244Z,2026-05-22T15:42:44.637447Z,20260522T154244Z_batch01,ST26ED8,2026-05-22T22:00:00Z,17 36 22.7,264.0945833333334,+19 28 18,19.471666666666664,133.3,20.4,20.57,331.9,Map/Offsets   !,https://cgi.minorplanetcenter.net/cgi-bin/confirmeph2.cgi
20260522T154244Z,2026-05-22T15:42:44.637447Z,20260522T154244Z_batch01,ST26ED8,2026-05-22T23:00:00Z,17 35 41.7,263.92375,+19 46 20,19.772222222222222,133.1,20.4,20.37,331.8,Map/Offsets   !,https://cgi.minorplanetcenter.net/cgi-bin/confirmeph2.cgi
20260522T154244Z,2026-05-22T15:42:44.637447Z,20260522T154244Z_batch01,ST26ED8,2026-05-23T00:00:00Z,17 35 00.9,263.75375,+20 04 13,20.07027777777778,133.0,20.4,20.18,331.8,Map/Offsets   !,https://cgi.minorplanetcenter.net/cgi-bin/confirmeph2.cgi
20260522T154244Z,2026-05-22T15:42:44.637447Z,20260522T154244Z_batch01,ST26ED8,2026-05-23T01:00:00Z,17 34 20.4,263.585,+20 21 54,20.365000000000002,132.8,20.4,19.99,331.7,Map/Offsets   !,https://cgi.minorplanetcenter.net/cgi-bin/confirmeph2.cgi
20260522T154244Z,2026-05-22T15:42:44.637447Z,20260522T154244Z_batch01,ST26ED8,2026-05-23T02:00:00Z,17 33 40.0,263.4166666666667,+20 39 25,20.65694444444444,132.7,20.4,19.81,331.6,Map/Offsets   !,https://cgi.minorplanetcenter.net/cgi-bin/confirmeph2.cgi
20260522T154244Z,2026-05-22T15:42:44.637447Z,20260522T154244Z_batch01,ST26ED8,2026-05-23T03:00:00Z,17 32 59.9,263.24958333333336,+20 56 46,20.94611111111111,132.5,20.5,19.62,331.6,Map/Offsets   !,https://cgi.minorplanetcenter.net/cgi-bin/confirmeph2.cgi
20260522T154244Z,2026-05-22T15:42:44.637447Z,20260522T154244Z_batch01,ST26ED8,2026-05-23T04:00:00Z,17 32 20.0,263.08333333333337,+21 13 56,21.23222222222222,132.4,20.5,19.43,331.5,Map/Offsets   !,https://cgi.minorplanetcenter.net/cgi-bin/confirmeph2.cgi
20260522T154244Z,2026-05-22T15:42:44.637447Z,20260522T154244Z_batch01,ST26ED8,2026-05-23T05:00:00Z,17 31 40.3,262.91791666666666,+21 30 55,21.51527777777778,132.2,20.5,19.25,331.4,Map/Offsets   !,https://cgi.minorplanetcenter.net/cgi-bin/confirmeph2.cgi
20260522T154244Z,2026-05-22T15:42:44.637447Z,20260522T154244Z_batch01,ST26ED8,2026-05-23T06:00:00Z,17 31 00.9,262.75375,+21 47 44,21.795555555555556,132.1,20.5,19.07,331.4,Map/Offsets   !,https://cgi.minorplanetcenter.net/cgi-bin/confirmeph2.cgi
20260522T154244Z,2026-05-22T15:42:44.637447Z,20260522T154244Z_batch01,ST26ED8,2026-05-23T07:00:00Z,17 30 21.6,262.59000000000003,+22 04 24,22.073333333333334,131.9,20.5,18.89,331.3,Map/Offsets   !,https://cgi.minorplanetcenter.net/cgi-bin/confirmeph2.cgi
20260522T154244Z,2026-05-22T15:42:44.637447Z,20260522T154244Z_batch01,ST26ED8,2026-05-23T08:00:00Z,17 29 42.6,262.4275,+22 20 52,22.347777777777775,131.8,20.5,18.71,331.2,Map/Offsets   !,https://cgi.minorplanetcenter.net/cgi-bin/confirmeph2.cgi
20260522T154244Z,2026-05-22T15:42:44.637447Z,20260522T154244Z_batch01,ST26ED8,2026-05-23T09:00:00Z,17 29 03.7,262.2654166666667,+22 37 11,22.619722222222222,131.6,20.6,18.53,331.2,Map/Offsets   !,https://cgi.minorplanetcenter.net/cgi-bin/confirmeph2.cgi
20260522T154244Z,2026-05-22T15:42:44.637447Z,20260522T154244Z_batch01,ST26ED8,2026-05-23T10:00:00Z,17 28 25.1,262.1045833333333,+22 53 20,22.88888888888889,131.4,20.6,18.35,331.1,Map/Offsets   !,https://cgi.minorplanetcenter.net/cgi-bin/confirmeph2.cgi
20260522T154244Z,2026-05-22T15:42:44.637447Z,20260522T154244Z_batch01,ST26ED8,2026-05-23T11:00:00Z,17 27 46.7,261.9445833333333,+23 09 19,23.155277777777776,131.3,20.6,18.18,331.0,Map/Offsets   !,https://cgi.minorplanetcenter.net/cgi-bin/confirmeph2.cgi
20260522T154244Z,2026-05-22T15:42:44.637447Z,20260522T154244Z_batch01,ST26ED8,2026-05-23T12:00:00Z,17 27 08.5,261.78541666666666,+23 25 08,23.41888888888889,131.1,20.6,18.0,331.0,Map/Offsets   !,https://cgi.minorplanetcenter.net/cgi-bin/confirmeph2.cgi
20260522T154244Z,2026-05-22T15:42:44.637447Z,20260522T154244Z_batch01,ST26ED8,2026-05-23T13:00:00Z,17 26 30.6,261.62750000000005,+23 40 48,23.68,131.0,20.6,17.83,330.9,Map/Offsets   !,https://cgi.minorplanetcenter.net/cgi-bin/confirmeph2.cgi
20260522T154244Z,2026-05-22T15:42:44.637447Z,20260522T154244Z_batch01,ST26ED8,2026-05-23T14:00:00Z,17 25 52.8,261.47,+23 56 18,23.938333333333333,130.8,20.6,17.66,330.8,Map/Offsets   !,https://cgi.minorplanetcenter.net/cgi-bin/confirmeph2.cgi
20260522T154244Z,2026-05-22T15:42:44.637447Z,20260522T154244Z_batch01,ST26ED1,2026-05-22T14:00:00Z,00 48 44.0,12.183333333333334,-17 27 43,-17.461944444444445,59.5,23.4,56.74,79.6,Map/Offsets   !!,https://cgi.minorplanetcenter.net/cgi-bin/confirmeph2.cgi
20260522T154244Z,2026-05-22T15:42:44.637447Z,20260522T154244Z_batch01,ST26ED1,2026-05-22T15:00:00Z,00 52 25.1,13.104583333333334,-17 17 56,-17.29888888888889,58.8,23.6,50.73,79.4,Map/Offsets   !!,https://cgi.minorplanetcenter.net/cgi-bin/confirmeph2.cgi
20260522T154244Z,2026-05-22T15:42:44.637447Z,20260522T154244Z_batch01,ST26ED1,2026-05-22T16:00:00Z,00 55 43.0,13.929166666666665,-17 08 57,-17.149166666666666,58.1,23.8,45.61,79.1,Map/Offsets   !!,https://cgi.minorplanetcenter.net/cgi-bin/confirmeph2.cgi
20260522T154244Z,2026-05-22T15:42:44.637447Z,20260522T154244Z_batch01,ST26ED1,2026-05-22T17:00:00Z,00 58 41.1,14.671249999999999,-17 00 41,-17.011388888888888,57.5,23.9,41.21,78.9,Map/Offsets   !!,https://cgi.minorplanetcenter.net/cgi-bin/confirmeph2.cgi
20260522T154244Z,2026-05-22T15:42:44.637447Z,20260522T154244Z_batch01,ST26ED1,2026-05-22T18:00:00Z,01 01 22.1,15.342083333333333,-16 53 03,-16.884166666666665,56.9,24.1,37.41,78.7,Map/Offsets   !!,https://cgi.minorplanetcenter.net/cgi-bin/confirmeph2.cgi
20260522T154244Z,2026-05-22T15:42:44.637447Z,20260522T154244Z_batch01,ST26ED1,2026-05-22T19:00:00Z,01 03 48.4,15.951666666666666,-16 45 59,-16.76638888888889,56.4,24.2,34.1,78.5,Map/Offsets   !!,https://cgi.minorplanetcenter.net/cgi-bin/confirmeph2.cgi
20260522T154244Z,2026-05-22T15:42:44.637447Z,20260522T154244Z_batch01,ST26ED1,2026-05-22T20:00:00Z,01 06 01.9,16.507916666666667,-16 39 27,-16.6575,56.0,24.3,31.21,78.4,Map/Offsets   !!,https://cgi.minorplanetcenter.net/cgi-bin/confirmeph2.cgi
20260522T154244Z,2026-05-22T15:42:44.637447Z,20260522T154244Z_batch01,ST26ED1,2026-05-22T21:00:00Z,01 08 04.2,17.017500000000002,-16 33 23,-16.55638888888889,55.6,24.5,28.67,78.2,Map/Offsets   !!,https://cgi.minorplanetcenter.net/cgi-bin/confirmeph2.cgi
20260522T154244Z,2026-05-22T15:42:44.637447Z,20260522T154244Z_batch01,ST26ED1,2026-05-22T22:00:00Z,01 09 56.5,17.485416666666666,-16 27 43,-16.461944444444445,55.2,24.6,26.42,78.1,Map/Offsets   !!,https://cgi.minorplanetcenter.net/cgi-bin/confirmeph2.cgi
20260522T154244Z,2026-05-22T15:42:44.637447Z,20260522T154244Z_batch01,ST26ED1,2026-05-22T23:00:00Z,01 11 40.1,17.91708333333333,-16 22 27,-16.374166666666667,54.9,24.7,24.42,77.9,Map/Offsets   !!,https://cgi.minorplanetcenter.net/cgi-bin/confirmeph2.cgi
20260522T154244Z,2026-05-22T15:42:44.637447Z,20260522T154244Z_batch01,ST26ED1,2026-05-23T00:00:00Z,01 13 15.9,18.316250000000004,-16 17 31,-16.291944444444447,54.6,24.8,22.64,77.8,Map/Offsets   !!,https://cgi.minorplanetcenter.net/cgi-bin/confirmeph2.cgi
20260522T154244Z,2026-05-22T15:42:44.637447Z,20260522T154244Z_batch01,ST26ED1,2026-05-23T01:00:00Z,01 14 44.8,18.686666666666667,-16 12 53,-16.21472222222222,54.3,24.9,21.05,77.7,Map/Offsets   !!,https://cgi.minorplanetcenter.net/cgi-bin/confirmeph2.cgi
20260522T154244Z,2026-05-22T15:42:44.637447Z,20260522T154244Z_batch01,ST26ED1,2026-05-23T02:00:00Z,01 16 07.5,19.03125,-16 08 33,-16.1425,54.0,25.0,19.61,77.6,Map/Offsets   !!,https://cgi.minorplanetcenter.net/cgi-bin/confirmeph2.cgi
20260522T154244Z,2026-05-22T15:42:44.637447Z,20260522T154244Z_batch01,ST26ED1,2026-05-23T03:00:00Z,01 17 24.6,19.352499999999996,-16 04 28,-16.074444444444445,53.8,25.1,18.32,77.5,Map/Offsets   !!,https://cgi.minorplanetcenter.net/cgi-bin/confirmeph2.cgi
20260522T154244Z,2026-05-22T15:42:44.637447Z,20260522T154244Z_batch01,ST26ED1,2026-05-23T04:00:00Z,01 18 36.6,19.6525,-16 00 38,-16.010555555555555,53.6,25.2,17.15,77.4,Map/Offsets   !!,https://cgi.minorplanetcenter.net/cgi-bin/confirmeph2.cgi
20260522T154244Z,2026-05-22T15:42:44.637447Z,20260522T154244Z_batch01,ST26ED1,2026-05-23T05:00:00Z,01 19 44.1,19.93375,-15 57 01,-15.950277777777776,53.4,25.3,16.09,77.4,Map/Offsets   !!,https://cgi.minorplanetcenter.net/cgi-bin/confirmeph2.cgi
20260522T154244Z,2026-05-22T15:42:44.637447Z,20260522T154244Z_batch01,ST26ED1,2026-05-23T06:00:00Z,01 20 47.4,20.1975,-15 53 35,-15.893055555555556,53.2,25.4,15.12,77.3,Map/Offsets   !!,https://cgi.minorplanetcenter.net/cgi-bin/confirmeph2.cgi
20260522T154244Z,2026-05-22T15:42:44.637447Z,20260522T154244Z_batch01,ST26ED1,2026-05-23T07:00:00Z,01 21 46.9,20.44541666666667,-15 50 21,-15.839166666666667,53.0,25.4,14.24,77.2,Map/Offsets   !!,https://cgi.minorplanetcenter.net/cgi-bin/confirmeph2.cgi
20260522T154244Z,2026-05-22T15:42:44.637447Z,20260522T154244Z_batch01,ST26ED1,2026-05-23T08:00:00Z,01 22 43.0,20.679166666666667,-15 47 17,-15.788055555555555,52.8,25.5,13.43,77.1,Map/Offsets   !!,https://cgi.minorplanetcenter.net/cgi-bin/confirmeph2.cgi
20260522T154244Z,2026-05-22T15:42:44.637447Z,20260522T154244Z_batch01,ST26ED1,2026-05-23T09:00:00Z,01 23 35.9,20.899583333333332,-15 44 22,-15.739444444444443,52.7,25.6,12.69,77.1,Map/Offsets   !!,https://cgi.minorplanetcenter.net/cgi-bin/confirmeph2.cgi
20260522T154244Z,2026-05-22T15:42:44.637447Z,20260522T154244Z_batch01,ST26ED1,2026-05-23T10:00:00Z,01 24 25.9,21.107916666666668,-15 41 36,-15.693333333333333,52.5,25.7,12.01,77.0,Map/Offsets   !,https://cgi.minorplanetcenter.net/cgi-bin/confirmeph2.cgi
20260522T154244Z,2026-05-22T15:42:44.637447Z,20260522T154244Z_batch01,ST26ED1,2026-05-23T11:00:00Z,01 25 13.2,21.305000000000003,-15 38 58,-15.649444444444445,52.4,25.7,11.38,77.0,Map/Offsets   !,https://cgi.minorplanetcenter.net/cgi-bin/confirmeph2.cgi
20260522T154244Z,2026-05-22T15:42:44.637447Z,20260522T154244Z_batch01,ST26ED1,2026-05-23T12:00:00Z,01 25 58.1,21.492083333333333,-15 36 27,-15.6075,52.3,25.8,10.8,76.9,Map/Offsets   !,https://cgi.minorplanetcenter.net/cgi-bin/confirmeph2.cgi
20260522T154244Z,2026-05-22T15:42:44.637447Z,20260522T154244Z_batch01,ST26ED1,2026-05-23T13:00:00Z,01 26 40.7,21.669583333333332,-15 34 04,-15.567777777777778,52.2,25.9,10.27,76.8,Map/Offsets   !,https://cgi.minorplanetcenter.net/cgi-bin/confirmeph2.cgi
20260522T154244Z,2026-05-22T15:42:44.637447Z,20260522T154244Z_batch01,ST26ED1,2026-05-23T14:00:00Z,01 27 21.2,21.83833333333333,-15 31 47,-15.529722222222222,52.0,25.9,9.77,76.8,Map/Offsets   !,https://cgi.minorplanetcenter.net/cgi-bin/confirmeph2.cgi
20260522T154244Z,2026-05-22T15:42:44.637447Z,20260522T154244Z_batch01,TF26EE0,2026-05-22T14:00:00Z,16 24 26.8,246.11166666666665,+08 47 27,8.790833333333333,150.0,22.9,1.27,275.2,Map/Offsets   !,https://cgi.minorplanetcenter.net/cgi-bin/confirmeph2.cgi
20260522T154244Z,2026-05-22T15:42:44.637447Z,20260522T154244Z_batch01,TF26EE0,2026-05-22T15:00:00Z,16 24 21.7,246.09041666666664,+08 47 33,8.7925,150.0,23.0,1.23,275.1,Map/Offsets   !,https://cgi.minorplanetcenter.net/cgi-bin/confirmeph2.cgi
20260522T154244Z,2026-05-22T15:42:44.637447Z,20260522T154244Z_batch01,TF26EE0,2026-05-22T16:00:00Z,16 24 16.8,246.06999999999996,+08 47 40,8.794444444444444,150.0,23.0,1.19,275.0,Map/Offsets   !,https://cgi.minorplanetcenter.net/cgi-bin/confirmeph2.cgi
20260522T154244Z,2026-05-22T15:42:44.637447Z,20260522T154244Z_batch01,TF26EE0,2026-05-22T17:00:00Z,16 24 12.1,246.05041666666665,+08 47 46,8.796111111111111,150.0,23.0,1.15,274.9,Map/Offsets   !,https://cgi.minorplanetcenter.net/cgi-bin/confirmeph2.cgi
20260522T154244Z,2026-05-22T15:42:44.637447Z,20260522T154244Z_batch01,TF26EE0,2026-05-22T18:00:00Z,16 24 07.5,246.03125,+08 47 51,8.7975,150.0,23.1,1.12,274.8,Map/Offsets   !,https://cgi.minorplanetcenter.net/cgi-bin/confirmeph2.cgi
20260522T154244Z,2026-05-22T15:42:44.637447Z,20260522T154244Z_batch01,TF26EE0,2026-05-22T19:00:00Z,16 24 03.1,246.01291666666663,+08 47 57,8.799166666666666,150.0,23.1,1.08,274.7,Map/Offsets   !,https://cgi.minorplanetcenter.net/cgi-bin/confirmeph2.cgi
20260522T154244Z,2026-05-22T15:42:44.637447Z,20260522T154244Z_batch01,TF26EE0,2026-05-22T20:00:00Z,16 23 58.7,245.9945833333333,+08 48 02,8.800555555555556,150.0,23.1,1.05,274.5,Map/Offsets   !,https://cgi.minorplanetcenter.net/cgi-bin/confirmeph2.cgi
20260522T154244Z,2026-05-22T15:42:44.637447Z,20260522T154244Z_batch01,TF26EE0,2026-05-22T21:00:00Z,16 23 54.6,245.97749999999996,+08 48 07,8.801944444444445,150.0,23.2,1.02,274.4,Map/Offsets   !,https://cgi.minorplanetcenter.net/cgi-bin/confirmeph2.cgi
20260522T154244Z,2026-05-22T15:42:44.637447Z,20260522T154244Z_batch01,TF26EE0,2026-05-22T22:00:00Z,16 23 50.5,245.96041666666665,+08 48 12,8.803333333333335,150.0,23.2,0.99,274.3,Map/Offsets   !,https://cgi.minorplanetcenter.net/cgi-bin/confirmeph2.cgi
20260522T154244Z,2026-05-22T15:42:44.637447Z,20260522T154244Z_batch01,TF26EE0,2026-05-22T23:00:00Z,16 23 46.6,245.94416666666663,+08 48 16,8.804444444444446,150.0,23.2,0.96,274.2,Map/Offsets   !,https://cgi.minorplanetcenter.net/cgi-bin/confirmeph2.cgi
20260522T154244Z,2026-05-22T15:42:44.637447Z,20260522T154244Z_batch01,TF26EE0,2026-05-23T00:00:00Z,16 23 42.7,245.92791666666668,+08 48 20,8.805555555555557,150.0,23.3,0.93,274.0,Map/Offsets   !,https://cgi.minorplanetcenter.net/cgi-bin/confirmeph2.cgi
20260522T154244Z,2026-05-22T15:42:44.637447Z,20260522T154244Z_batch01,TF26EE0,2026-05-23T01:00:00Z,16 23 39.0,245.9125,+08 48 24,8.806666666666667,150.0,23.3,0.91,273.9,Map/Offsets   !,https://cgi.minorplanetcenter.net/cgi-bin/confirmeph2.cgi
20260522T154244Z,2026-05-22T15:42:44.637447Z,20260522T154244Z_batch01,TF26EE0,2026-05-23T02:00:00Z,16 23 35.4,245.89749999999998,+08 48 27,8.807500000000001,150.0,23.3,0.88,273.8,Map/Offsets   !,https://cgi.minorplanetcenter.net/cgi-bin/confirmeph2.cgi
20260522T154244Z,2026-05-22T15:42:44.637447Z,20260522T154244Z_batch01,TF26EE0,2026-05-23T03:00:00Z,16 23 31.9,245.8829166666667,+08 48 31,8.808611111111112,150.0,23.4,0.86,273.6,Map/Offsets   !,https://cgi.minorplanetcenter.net/cgi-bin/confirmeph2.cgi
20260522T154244Z,2026-05-22T15:42:44.637447Z,20260522T154244Z_batch01,TF26EE0,2026-05-23T04:00:00Z,16 23 28.5,245.86874999999998,+08 48 34,8.809444444444445,150.0,23.4,0.84,273.5,Map/Offsets   !,https://cgi.minorplanetcenter.net/cgi-bin/confirmeph2.cgi
20260522T154244Z,2026-05-22T15:42:44.637447Z,20260522T154244Z_batch01,TF26EE0,2026-05-23T05:00:00Z,16 23 25.1,245.85458333333335,+08 48 37,8.81027777777778,150.1,23.4,0.81,273.3,Map/Offsets   !,https://cgi.minorplanetcenter.net/cgi-bin/confirmeph2.cgi
20260522T154244Z,2026-05-22T15:42:44.637447Z,20260522T154244Z_batch01,TF26EE0,2026-05-23T06:00:00Z,16 23 21.9,245.84124999999997,+08 48 40,8.811111111111112,150.1,23.5,0.79,273.2,Map/Offsets   !,https://cgi.minorplanetcenter.net/cgi-bin/confirmeph2.cgi
20260522T154244Z,2026-05-22T15:42:44.637447Z,20260522T154244Z_batch01,TF26EE0,2026-05-23T07:00:00Z,16 23 18.7,245.82791666666668,+08 48 42,8.811666666666667,150.1,23.5,0.77,273.0,Map/Offsets   !,https://cgi.minorplanetcenter.net/cgi-bin/confirmeph2.cgi
20260522T154244Z,2026-05-22T15:42:44.637447Z,20260522T154244Z_batch01,TF26EE0,2026-05-23T08:00:00Z,16 23 15.7,245.8154166666667,+08 48 45,8.8125,150.1,23.5,0.75,272.9,Map/Offsets   !,https://cgi.minorplanetcenter.net/cgi-bin/confirmeph2.cgi
20260522T154244Z,2026-05-22T15:42:44.637447Z,20260522T154244Z_batch01,TF26EE0,2026-05-23T09:00:00Z,16 23 12.7,245.80291666666665,+08 48 47,8.813055555555556,150.1,23.5,0.73,272.7,Map/Offsets   !,https://cgi.minorplanetcenter.net/cgi-bin/confirmeph2.cgi
20260522T154244Z,2026-05-22T15:42:44.637447Z,20260522T154244Z_batch01,TF26EE0,2026-05-23T10:00:00Z,16 23 09.7,245.79041666666666,+08 48 49,8.813611111111111,150.1,23.6,0.71,272.6,Map/Offsets   !,https://cgi.minorplanetcenter.net/cgi-bin/confirmeph2.cgi
20260522T154244Z,2026-05-22T15:42:44.637447Z,20260522T154244Z_batch01,TF26EE0,2026-05-23T11:00:00Z,16 23 06.9,245.77875,+08 48 51,8.814166666666667,150.1,23.6,0.7,272.4,Map/Offsets,https://cgi.minorplanetcenter.net/cgi-bin/confirmeph2.cgi
20260522T154244Z,2026-05-22T15:42:44.637447Z,20260522T154244Z_batch01,TF26EE0,2026-05-23T12:00:00Z,16 23 04.1,245.76708333333332,+08 48 52,8.814444444444446,150.1,23.6,0.68,272.2,Map/Offsets,https://cgi.minorplanetcenter.net/cgi-bin/confirmeph2.cgi
20260522T154244Z,2026-05-22T15:42:44.637447Z,20260522T154244Z_batch01,TF26EE0,2026-05-23T13:00:00Z,16 23 01.4,245.75583333333333,+08 48 54,8.815000000000001,150.1,23.6,0.66,272.0,Map/Offsets,https://cgi.minorplanetcenter.net/cgi-bin/confirmeph2.cgi
20260522T154244Z,2026-05-22T15:42:44.637447Z,20260522T154244Z_batch01,TF26EE0,2026-05-23T14:00:00Z,16 22 58.7,245.7445833333333,+08 48 55,8.815277777777778,150.1,23.7,0.65,271.9,Map/Offsets,https://cgi.minorplanetcenter.net/cgi-bin/confirmeph2.cgi
20260522T154244Z,2026-05-22T15:42:44.637447Z,20260522T154244Z_batch01,ST26EC8,2026-05-22T14:00:00Z,19 14 29.2,288.6216666666667,-24 20 56,-24.348888888888887,134.2,20.5,54.42,109.8,Map/Offsets   !,https://cgi.minorplanetcenter.net/cgi-bin/confirmeph2.cgi
20260522T154244Z,2026-05-22T15:42:44.637447Z,20260522T154244Z_batch01,ST26EC8,2026-05-22T15:00:00Z,19 18 12.0,289.55,-24 38 59,-24.649722222222223,133.4,20.5,53.18,109.4,Map/Offsets   !,https://cgi.minorplanetcenter.net/cgi-bin/confirmeph2.cgi
20260522T154244Z,2026-05-22T15:42:44.637447Z,20260522T154244Z_batch01,ST26EC8,2026-05-22T16:00:00Z,19 21 50.8,290.46166666666664,-24 56 17,-24.938055555555557,132.6,20.6,51.96,109.0,Map/Offsets   !,https://cgi.minorplanetcenter.net/cgi-bin/confirmeph2.cgi
20260522T154244Z,2026-05-22T15:42:44.637447Z,20260522T154244Z_batch01,ST26EC8,2026-05-22T17:00:00Z,19 25 25.4,291.35583333333335,-25 12 52,-25.214444444444442,131.9,20.6,50.76,108.7,Map/Offsets   !,https://cgi.minorplanetcenter.net/cgi-bin/confirmeph2.cgi
20260522T154244Z,2026-05-22T15:42:44.637447Z,20260522T154244Z_batch01,ST26EC8,2026-05-22T18:00:00Z,19 28 56.1,292.23374999999993,-25 28 45,-25.479166666666664,131.2,20.7,49.58,108.3,Map/Offsets   !,https://cgi.minorplanetcenter.net/cgi-bin/confirmeph2.cgi
20260522T154244Z,2026-05-22T15:42:44.637447Z,20260522T154244Z_batch01,ST26EC8,2026-05-22T19:00:00Z,19 32 22.7,293.0945833333334,-25 43 58,-25.732777777777777,130.5,20.7,48.42,107.9,Map/Offsets   !,https://cgi.minorplanetcenter.net/cgi-bin/confirmeph2.cgi
20260522T154244Z,2026-05-22T15:42:44.637447Z,20260522T154244Z_batch01,ST26EC8,2026-05-22T20:00:00Z,19 35 45.3,293.93874999999997,-25 58 32,-25.975555555555555,129.8,20.8,47.28,107.5,Map/Offsets   !,https://cgi.minorplanetcenter.net/cgi-bin/confirmeph2.cgi
20260522T154244Z,2026-05-22T15:42:44.637447Z,20260522T154244Z_batch01,ST26EC8,2026-05-22T21:00:00Z,19 39 03.9,294.76625,-26 12 29,-26.208055555555553,129.1,20.8,46.17,107.2,Map/Offsets   !,https://cgi.minorplanetcenter.net/cgi-bin/confirmeph2.cgi
20260522T154244Z,2026-05-22T15:42:44.637447Z,20260522T154244Z_batch01,ST26EC8,2026-05-22T22:00:00Z,19 42 18.6,295.5775,-26 25 49,-26.43027777777778,128.4,20.9,45.07,106.8,Map/Offsets   !,https://cgi.minorplanetcenter.net/cgi-bin/confirmeph2.cgi
20260522T154244Z,2026-05-22T15:42:44.637447Z,20260522T154244Z_batch01,ST26EC8,2026-05-22T23:00:00Z,19 45 29.4,296.3725,-26 38 34,-26.642777777777777,127.8,20.9,44.0,106.5,Map/Offsets   !,https://cgi.minorplanetcenter.net/cgi-bin/confirmeph2.cgi
20260522T154244Z,2026-05-22T15:42:44.637447Z,20260522T154244Z_batch01,ST26EC8,2026-05-23T00:00:00Z,19 48 36.3,297.15125,-26 50 45,-26.84583333333333,127.2,20.9,42.96,106.1,Map/Offsets   !,https://cgi.minorplanetcenter.net/cgi-bin/confirmeph2.cgi
20260522T154244Z,2026-05-22T15:42:44.637447Z,20260522T154244Z_batch01,ST26EC8,2026-05-23T01:00:00Z,19 51 39.5,297.9145833333333,-27 02 25,-27.040277777777778,126.6,21.0,41.94,105.8,Map/Offsets   !,https://cgi.minorplanetcenter.net/cgi-bin/confirmeph2.cgi
20260522T154244Z,2026-05-22T15:42:44.637447Z,20260522T154244Z_batch01,ST26EC8,2026-05-23T02:00:00Z,19 54 38.8,298.6616666666667,-27 13 33,-27.22583333333333,126.0,21.0,40.94,105.4,Map/Offsets   !,https://cgi.minorplanetcenter.net/cgi-bin/confirmeph2.cgi
20260522T154244Z,2026-05-22T15:42:44.637447Z,20260522T154244Z_batch01,ST26EC8,2026-05-23T03:00:00Z,19 57 34.5,299.39374999999995,-27 24 12,-27.403333333333332,125.4,21.1,39.96,105.1,Map/Offsets   !,https://cgi.minorplanetcenter.net/cgi-bin/confirmeph2.cgi
20260522T154244Z,2026-05-22T15:42:44.637447Z,20260522T154244Z_batch01,ST26EC8,2026-05-23T04:00:00Z,20 00 26.5,300.1104166666667,-27 34 22,-27.572777777777777,124.8,21.1,39.01,104.8,Map/Offsets   !,https://cgi.minorplanetcenter.net/cgi-bin/confirmeph2.cgi
20260522T154244Z,2026-05-22T15:42:44.637447Z,20260522T154244Z_batch01,ST26EC8,2026-05-23T05:00:00Z,20 03 15.0,300.8125,-27 44 05,-27.734722222222224,124.2,21.2,38.08,104.4,Map/Offsets   !,https://cgi.minorplanetcenter.net/cgi-bin/confirmeph2.cgi
20260522T154244Z,2026-05-22T15:42:44.637447Z,20260522T154244Z_batch01,ST26EC8,2026-05-23T06:00:00Z,20 05 59.9,301.4995833333333,-27 53 22,-27.889444444444443,123.7,21.2,37.18,104.1,Map/Offsets   !,https://cgi.minorplanetcenter.net/cgi-bin/confirmeph2.cgi
20260522T154244Z,2026-05-22T15:42:44.637447Z,20260522T154244Z_batch01,ST26EC8,2026-05-23T07:00:00Z,20 08 41.4,302.1725,-28 02 14,-28.037222222222223,123.2,21.2,36.3,103.8,Map/Offsets   !,https://cgi.minorplanetcenter.net/cgi-bin/confirmeph2.cgi
20260522T154244Z,2026-05-22T15:42:44.637447Z,20260522T154244Z_batch01,ST26EC8,2026-05-23T08:00:00Z,20 11 19.5,302.83124999999995,-28 10 41,-28.178055555555556,122.6,21.3,35.44,103.5,Map/Offsets   !,https://cgi.minorplanetcenter.net/cgi-bin/confirmeph2.cgi
20260522T154244Z,2026-05-22T15:42:44.637447Z,20260522T154244Z_batch01,ST26EC8,2026-05-23T09:00:00Z,20 13 54.2,303.4758333333333,-28 18 46,-28.31277777777778,122.1,21.3,34.61,103.2,Map/Offsets   !,https://cgi.minorplanetcenter.net/cgi-bin/confirmeph2.cgi
20260522T154244Z,2026-05-22T15:42:44.637447Z,20260522T154244Z_batch01,ST26EC8,2026-05-23T10:00:00Z,20 16 25.7,304.1070833333333,-28 26 29,-28.441388888888888,121.6,21.4,33.8,102.9,Map/Offsets   !,https://cgi.minorplanetcenter.net/cgi-bin/confirmeph2.cgi
20260522T154244Z,2026-05-22T15:42:44.637447Z,20260522T154244Z_batch01,ST26EC8,2026-05-23T11:00:00Z,20 18 54.0,304.725,-28 33 51,-28.56416666666667,121.2,21.4,33.01,102.6,Map/Offsets   !,https://cgi.minorplanetcenter.net/cgi-bin/confirmeph2.cgi
20260522T154244Z,2026-05-22T15:42:44.637447Z,20260522T154244Z_batch01,ST26EC8,2026-05-23T12:00:00Z,20 21 19.1,305.32958333333335,-28 40 53,-28.68138888888889,120.7,21.4,32.24,102.3,Map/Offsets   !,https://cgi.minorplanetcenter.net/cgi-bin/confirmeph2.cgi
20260522T154244Z,2026-05-22T15:42:44.637447Z,20260522T154244Z_batch01,ST26EC8,2026-05-23T13:00:00Z,20 23 41.2,305.9216666666666,-28 47 36,-28.793333333333337,120.2,21.5,31.49,102.0,Map/Offsets   !,https://cgi.minorplanetcenter.net/cgi-bin/confirmeph2.cgi
20260522T154244Z,2026-05-22T15:42:44.637447Z,20260522T154244Z_batch01,ST26EC8,2026-05-23T14:00:00Z,20 26 00.3,306.50124999999997,-28 54 01,-28.900277777777777,119.8,21.5,30.76,101.7,Map/Offsets   !,https://cgi.minorplanetcenter.net/cgi-bin/confirmeph2.cgi
20260522T154244Z,2026-05-22T15:42:44.637447Z,20260522T154244Z_batch01,ST26EC7,2026-05-22T14:00:00Z,02 20 09.7,35.040416666666665,-08 20 48,-8.346666666666668,37.2,28.1,4.41,93.2,Map/Offsets   !,https://cgi.minorplanetcenter.net/cgi-bin/confirmeph2.cgi
20260522T154244Z,2026-05-22T15:42:44.637447Z,20260522T154244Z_batch01,ST26EC7,2026-05-22T15:00:00Z,02 20 27.1,35.11291666666667,-08 21 03,-8.350833333333332,37.1,28.1,4.21,93.2,Map/Offsets   !,https://cgi.minorplanetcenter.net/cgi-bin/confirmeph2.cgi
20260522T154244Z,2026-05-22T15:42:44.637447Z,20260522T154244Z_batch01,ST26EC7,2026-05-22T16:00:00Z,02 20 43.7,35.18208333333334,-08 21 16,-8.354444444444445,37.1,28.2,4.02,93.1,Map/Offsets   !,https://cgi.minorplanetcenter.net/cgi-bin/confirmeph2.cgi
20260522T154244Z,2026-05-22T15:42:44.637447Z,20260522T154244Z_batch01,ST26EC7,2026-05-22T17:00:00Z,02 20 59.6,35.248333333333335,-08 21 29,-8.358055555555556,37.1,28.2,3.85,93.1,Map/Offsets   !,https://cgi.minorplanetcenter.net/cgi-bin/confirmeph2.cgi
20260522T154244Z,2026-05-22T15:42:44.637447Z,20260522T154244Z_batch01,ST26EC7,2026-05-22T18:00:00Z,02 21 14.8,35.31166666666667,-08 21 41,-8.361388888888888,37.1,28.3,3.69,93.1,Map/Offsets   !,https://cgi.minorplanetcenter.net/cgi-bin/confirmeph2.cgi
20260522T154244Z,2026-05-22T15:42:44.637447Z,20260522T154244Z_batch01,ST26EC7,2026-05-22T19:00:00Z,02 21 29.4,35.3725,-08 21 53,-8.364722222222222,37.1,28.3,3.54,93.0,Map/Offsets   !,https://cgi.minorplanetcenter.net/cgi-bin/confirmeph2.cgi
20260522T154244Z,2026-05-22T15:42:44.637447Z,20260522T154244Z_batch01,ST26EC7,2026-05-22T20:00:00Z,02 21 43.4,35.43083333333333,-08 22 04,-8.367777777777778,37.1,28.4,3.39,93.0,Map/Offsets   !,https://cgi.minorplanetcenter.net/cgi-bin/confirmeph2.cgi
20260522T154244Z,2026-05-22T15:42:44.637447Z,20260522T154244Z_batch01,ST26EC7,2026-05-22T21:00:00Z,02 21 56.8,35.486666666666665,-08 22 14,-8.370555555555557,37.1,28.4,3.26,92.9,Map/Offsets   !,https://cgi.minorplanetcenter.net/cgi-bin/confirmeph2.cgi
20260522T154244Z,2026-05-22T15:42:44.637447Z,20260522T154244Z_batch01,ST26EC7,2026-05-22T22:00:00Z,02 22 09.7,35.540416666666665,-08 22 24,-8.373333333333333,37.1,28.5,3.13,92.9,Map/Offsets   !,https://cgi.minorplanetcenter.net/cgi-bin/confirmeph2.cgi
20260522T154244Z,2026-05-22T15:42:44.637447Z,20260522T154244Z_batch01,ST26EC7,2026-05-22T23:00:00Z,02 22 22.1,35.59208333333333,-08 22 33,-8.375833333333334,37.1,28.5,3.01,92.9,Map/Offsets   !,https://cgi.minorplanetcenter.net/cgi-bin/confirmeph2.cgi
20260522T154244Z,2026-05-22T15:42:44.637447Z,20260522T154244Z_batch01,ST26EC7,2026-05-23T00:00:00Z,02 22 34.0,35.641666666666666,-08 22 42,-8.378333333333334,37.1,28.5,2.9,92.8,Map/Offsets   !,https://cgi.minorplanetcenter.net/cgi-bin/confirmeph2.cgi
20260522T154244Z,2026-05-22T15:42:44.637447Z,20260522T154244Z_batch01,ST26EC7,2026-05-23T01:00:00Z,02 22 45.5,35.68958333333334,-08 22 50,-8.380555555555556,37.1,28.6,2.79,92.8,Map/Offsets   !,https://cgi.minorplanetcenter.net/cgi-bin/confirmeph2.cgi
20260522T154244Z,2026-05-22T15:42:44.637447Z,20260522T154244Z_batch01,ST26EC7,2026-05-23T02:00:00Z,02 22 56.6,35.73583333333333,-08 22 58,-8.382777777777779,37.1,28.6,2.69,92.7,Map/Offsets   !,https://cgi.minorplanetcenter.net/cgi-bin/confirmeph2.cgi
20260522T154244Z,2026-05-22T15:42:44.637447Z,20260522T154244Z_batch01,ST26EC7,2026-05-23T03:00:00Z,02 23 07.3,35.78041666666667,-08 23 05,-8.384722222222221,37.1,28.6,2.6,92.7,Map/Offsets   !,https://cgi.minorplanetcenter.net/cgi-bin/confirmeph2.cgi
20260522T154244Z,2026-05-22T15:42:44.637447Z,20260522T154244Z_batch01,ST26EC7,2026-05-23T04:00:00Z,02 23 17.6,35.82333333333333,-08 23 12,-8.386666666666667,37.2,28.7,2.51,92.6,Map/Offsets   !,https://cgi.minorplanetcenter.net/cgi-bin/confirmeph2.cgi
20260522T154244Z,2026-05-22T15:42:44.637447Z,20260522T154244Z_batch01,ST26EC7,2026-05-23T05:00:00Z,02 23 27.6,35.865,-08 23 19,-8.38861111111111,37.2,28.7,2.42,92.6,Map/Offsets   !,https://cgi.minorplanetcenter.net/cgi-bin/confirmeph2.cgi
20260522T154244Z,2026-05-22T15:42:44.637447Z,20260522T154244Z_batch01,ST26EC7,2026-05-23T06:00:00Z,02 23 37.2,35.905,-08 23 25,-8.390277777777778,37.2,28.7,2.34,92.5,Map/Offsets   !,https://cgi.minorplanetcenter.net/cgi-bin/confirmeph2.cgi
20260522T154244Z,2026-05-22T15:42:44.637447Z,20260522T154244Z_batch01,ST26EC7,2026-05-23T07:00:00Z,02 23 46.5,35.943749999999994,-08 23 31,-8.391944444444444,37.2,28.8,2.27,92.5,Map/Offsets   !,https://cgi.minorplanetcenter.net/cgi-bin/confirmeph2.cgi
20260522T154244Z,2026-05-22T15:42:44.637447Z,20260522T154244Z_batch01,ST26EC7,2026-05-23T08:00:00Z,02 23 55.5,35.98125,-08 23 37,-8.393611111111111,37.2,28.8,2.19,92.4,Map/Offsets   !,https://cgi.minorplanetcenter.net/cgi-bin/confirmeph2.cgi
20260522T154244Z,2026-05-22T15:42:44.637447Z,20260522T154244Z_batch01,ST26EC7,2026-05-23T09:00:00Z,02 24 04.2,36.0175,-08 23 42,-8.395,37.2,28.8,2.12,92.3,Map/Offsets   !,https://cgi.minorplanetcenter.net/cgi-bin/confirmeph2.cgi
20260522T154244Z,2026-05-22T15:42:44.637447Z,20260522T154244Z_batch01,ST26EC7,2026-05-23T10:00:00Z,02 24 12.7,36.05291666666667,-08 23 47,-8.396388888888888,37.2,28.9,2.06,92.3,Map/Offsets   !,https://cgi.minorplanetcenter.net/cgi-bin/confirmeph2.cgi
20260522T154244Z,2026-05-22T15:42:44.637447Z,20260522T154244Z_batch01,ST26EC7,2026-05-23T11:00:00Z,02 24 20.9,36.08708333333333,-08 23 52,-8.397777777777778,37.2,28.9,1.99,92.2,Map/Offsets   !,https://cgi.minorplanetcenter.net/cgi-bin/confirmeph2.cgi
20260522T154244Z,2026-05-22T15:42:44.637447Z,20260522T154244Z_batch01,ST26EC7,2026-05-23T12:00:00Z,02 24 28.8,36.12,-08 23 57,-8.399166666666666,37.2,28.9,1.93,92.2,Map/Offsets   !,https://cgi.minorplanetcenter.net/cgi-bin/confirmeph2.cgi
20260522T154244Z,2026-05-22T15:42:44.637447Z,20260522T154244Z_batch01,ST26EC7,2026-05-23T13:00:00Z,02 24 36.5,36.15208333333333,-08 24 01,-8.400277777777777,37.2,29.0,1.88,92.1,Map/Offsets   !,https://cgi.minorplanetcenter.net/cgi-bin/confirmeph2.cgi
20260522T154244Z,2026-05-22T15:42:44.637447Z,20260522T154244Z_batch01,ST26EC7,2026-05-23T14:00:00Z,02 24 44.0,36.18333333333334,-08 24 05,-8.401388888888889,37.3,29.0,1.82,92.0,Map/Offsets   !,https://cgi.minorplanetcenter.net/cgi-bin/confirmeph2.cgi
20260522T154244Z,2026-05-22T15:42:44.637447Z,20260522T154244Z_batch01,ST26EC5,2026-05-22T14:00:00Z,15 58 40.3,239.66791666666666,-13 54 45,-13.9125,173.5,19.4,18.26,244.7,Map/Offsets,https://cgi.minorplanetcenter.net/cgi-bin/confirmeph2.cgi
20260522T154244Z,2026-05-22T15:42:44.637447Z,20260522T154244Z_batch01,ST26EC5,2026-05-22T15:00:00Z,15 57 32.9,239.38708333333332,-14 02 28,-14.04111111111111,173.6,19.4,17.92,244.8,Map/Offsets,https://cgi.minorplanetcenter.net/cgi-bin/confirmeph2.cgi
20260522T154244Z,2026-05-22T15:42:44.637447Z,20260522T154244Z_batch01,ST26EC5,2026-05-22T16:00:00Z,15 56 26.6,239.11083333333332,-14 10 01,-14.166944444444443,173.8,19.4,17.58,244.9,Map/Offsets,https://cgi.minorplanetcenter.net/cgi-bin/confirmeph2.cgi
20260522T154244Z,2026-05-22T15:42:44.637447Z,20260522T154244Z_batch01,ST26EC5,2026-05-22T17:00:00Z,15 55 21.5,238.83958333333334,-14 17 25,-14.290277777777778,173.9,19.4,17.25,244.9,Map/Offsets,https://cgi.minorplanetcenter.net/cgi-bin/confirmeph2.cgi
20260522T154244Z,2026-05-22T15:42:44.637447Z,20260522T154244Z_batch01,ST26EC5,2026-05-22T18:00:00Z,15 54 17.6,238.57333333333335,-14 24 39,-14.410833333333334,174.0,19.4,16.93,245.0,Map/Offsets,https://cgi.minorplanetcenter.net/cgi-bin/confirmeph2.cgi
20260522T154244Z,2026-05-22T15:42:44.637447Z,20260522T154244Z_batch01,ST26EC5,2026-05-22T19:00:00Z,15 53 14.8,238.31166666666667,-14 31 44,-14.52888888888889,174.0,19.4,16.62,245.0,Map/Offsets,https://cgi.minorplanetcenter.net/cgi-bin/confirmeph2.cgi
20260522T154244Z,2026-05-22T15:42:44.637447Z,20260522T154244Z_batch01,ST26EC5,2026-05-22T20:00:00Z,15 52 13.1,238.05458333333334,-14 38 40,-14.644444444444444,174.1,19.5,16.31,245.1,Map/Offsets,https://cgi.minorplanetcenter.net/cgi-bin/confirmeph2.cgi
20260522T154244Z,2026-05-22T15:42:44.637447Z,20260522T154244Z_batch01,ST26EC5,2026-05-22T21:00:00Z,15 51 12.5,237.80208333333331,-14 45 28,-14.757777777777777,174.1,19.5,16.01,245.2,Map/Offsets,https://cgi.minorplanetcenter.net/cgi-bin/confirmeph2.cgi
20260522T154244Z,2026-05-22T15:42:44.637447Z,20260522T154244Z_batch01,ST26EC5,2026-05-22T22:00:00Z,15 50 12.9,237.55375,-14 52 08,-14.86888888888889,174.2,19.5,15.72,245.2,Map/Offsets,https://cgi.minorplanetcenter.net/cgi-bin/confirmeph2.cgi
20260522T154244Z,2026-05-22T15:42:44.637447Z,20260522T154244Z_batch01,ST26EC5,2026-05-22T23:00:00Z,15 49 14.3,237.30958333333334,-14 58 39,-14.977500000000001,174.2,19.5,15.44,245.3,Map/Offsets,https://cgi.minorplanetcenter.net/cgi-bin/confirmeph2.cgi
20260522T154244Z,2026-05-22T15:42:44.637447Z,20260522T154244Z_batch01,ST26EC5,2026-05-23T00:00:00Z,15 48 16.7,237.06958333333336,-15 05 02,-15.08388888888889,174.2,19.5,15.16,245.4,Map/Offsets,https://cgi.minorplanetcenter.net/cgi-bin/confirmeph2.cgi
20260522T154244Z,2026-05-22T15:42:44.637447Z,20260522T154244Z_batch01,ST26EC5,2026-05-23T01:00:00Z,15 47 20.1,236.83375,-15 11 18,-15.188333333333334,174.2,19.6,14.89,245.4,Map/Offsets,https://cgi.minorplanetcenter.net/cgi-bin/confirmeph2.cgi
20260522T154244Z,2026-05-22T15:42:44.637447Z,20260522T154244Z_batch01,ST26EC5,2026-05-23T02:00:00Z,15 46 24.5,236.60208333333335,-15 17 26,-15.290555555555555,174.1,19.6,14.63,245.5,Map/Offsets,https://cgi.minorplanetcenter.net/cgi-bin/confirmeph2.cgi
20260522T154244Z,2026-05-22T15:42:44.637447Z,20260522T154244Z_batch01,ST26EC5,2026-05-23T03:00:00Z,15 45 29.7,236.37375,-15 23 27,-15.390833333333333,174.1,19.6,14.37,245.5,Map/Offsets,https://cgi.minorplanetcenter.net/cgi-bin/confirmeph2.cgi
20260522T154244Z,2026-05-22T15:42:44.637447Z,20260522T154244Z_batch01,ST26EC5,2026-05-23T04:00:00Z,15 44 35.9,236.1495833333333,-15 29 21,-15.489166666666666,174.0,19.6,14.12,245.6,Map/Offsets,https://cgi.minorplanetcenter.net/cgi-bin/confirmeph2.cgi
20260522T154244Z,2026-05-22T15:42:44.637447Z,20260522T154244Z_batch01,ST26EC5,2026-05-23T05:00:00Z,15 43 43.0,235.92916666666665,-15 35 07,-15.585277777777778,174.0,19.7,13.88,245.6,Map/Offsets,https://cgi.minorplanetcenter.net/cgi-bin/confirmeph2.cgi
20260522T154244Z,2026-05-22T15:42:44.637447Z,20260522T154244Z_batch01,ST26EC5,2026-05-23T06:00:00Z,15 42 50.9,235.7120833333333,-15 40 48,-15.68,173.9,19.7,13.64,245.7,Map/Offsets,https://cgi.minorplanetcenter.net/cgi-bin/confirmeph2.cgi
20260522T154244Z,2026-05-22T15:42:44.637447Z,20260522T154244Z_batch01,ST26EC5,2026-05-23T07:00:00Z,15 41 59.7,235.49875,-15 46 21,-15.7725,173.8,19.7,13.41,245.8,Map/Offsets,https://cgi.minorplanetcenter.net/cgi-bin/confirmeph2.cgi
20260522T154244Z,2026-05-22T15:42:44.637447Z,20260522T154244Z_batch01,ST26EC5,2026-05-23T08:00:00Z,15 41 09.3,235.28875000000002,-15 51 48,-15.863333333333333,173.7,19.7,13.18,245.8,Map/Offsets,https://cgi.minorplanetcenter.net/cgi-bin/confirmeph2.cgi
20260522T154244Z,2026-05-22T15:42:44.637447Z,20260522T154244Z_batch01,ST26EC5,2026-05-23T09:00:00Z,15 40 19.7,235.08208333333332,-15 57 09,-15.952499999999999,173.6,19.7,12.96,245.9,Map/Offsets,https://cgi.minorplanetcenter.net/cgi-bin/confirmeph2.cgi
20260522T154244Z,2026-05-22T15:42:44.637447Z,20260522T154244Z_batch01,ST26EC5,2026-05-23T10:00:00Z,15 39 30.9,234.87875000000003,-16 02 24,-16.040000000000003,173.5,19.8,12.74,245.9,Map/Offsets,https://cgi.minorplanetcenter.net/cgi-bin/confirmeph2.cgi
20260522T154244Z,2026-05-22T15:42:44.637447Z,20260522T154244Z_batch01,ST26EC5,2026-05-23T11:00:00Z,15 38 42.9,234.67874999999998,-16 07 33,-16.125833333333333,173.4,19.8,12.53,246.0,Map/Offsets,https://cgi.minorplanetcenter.net/cgi-bin/confirmeph2.cgi
20260522T154244Z,2026-05-22T15:42:44.637447Z,20260522T154244Z_batch01,ST26EC5,2026-05-23T12:00:00Z,15 37 55.6,234.48166666666668,-16 12 36,-16.21,173.2,19.8,12.32,246.0,Map/Offsets,https://cgi.minorplanetcenter.net/cgi-bin/confirmeph2.cgi
20260522T154244Z,2026-05-22T15:42:44.637447Z,20260522T154244Z_batch01,ST26EC5,2026-05-23T13:00:00Z,15 37 09.1,234.28791666666666,-16 17 34,-16.29277777777778,173.1,19.8,12.12,246.1,Map/Offsets,https://cgi.minorplanetcenter.net/cgi-bin/confirmeph2.cgi
20260522T154244Z,2026-05-22T15:42:44.637447Z,20260522T154244Z_batch01,ST26EC5,2026-05-23T14:00:00Z,15 36 23.3,234.09708333333333,-16 22 26,-16.37388888888889,173.0,19.9,11.92,246.1,Map/Offsets,https://cgi.minorplanetcenter.net/cgi-bin/confirmeph2.cgi
20260522T154244Z,2026-05-22T15:42:44.637447Z,20260522T154244Z_batch01,P12nfgD,2026-05-22T14:00:00Z,15 57 03.9,239.26624999999999,-07 33 34,-7.559444444444444,167.2,21.8,1.12,244.1,Map/Offsets,https://cgi.minorplanetcenter.net/cgi-bin/confirmeph2.cgi
20260522T154244Z,2026-05-22T15:42:44.637447Z,20260522T154244Z_batch01,P12nfgD,2026-05-22T15:00:00Z,15 56 59.9,239.24958333333333,-07 34 03,-7.5675,167.2,21.8,1.12,244.1,Map/Offsets,https://cgi.minorplanetcenter.net/cgi-bin/confirmeph2.cgi
20260522T154244Z,2026-05-22T15:42:44.637447Z,20260522T154244Z_batch01,P12nfgD,2026-05-22T16:00:00Z,15 56 55.8,239.2325,-07 34 32,-7.575555555555555,167.2,21.8,1.12,244.0,Map/Offsets,https://cgi.minorplanetcenter.net/cgi-bin/confirmeph2.cgi
20260522T154244Z,2026-05-22T15:42:44.637447Z,20260522T154244Z_batch01,P12nfgD,2026-05-22T17:00:00Z,15 56 51.7,239.21541666666667,-07 35 02,-7.583888888888889,167.2,21.8,1.12,244.0,Map/Offsets,https://cgi.minorplanetcenter.net/cgi-bin/confirmeph2.cgi
20260522T154244Z,2026-05-22T15:42:44.637447Z,20260522T154244Z_batch01,P12nfgD,2026-05-22T18:00:00Z,15 56 47.7,239.19875,-07 35 31,-7.591944444444444,167.2,21.8,1.12,244.0,Map/Offsets,https://cgi.minorplanetcenter.net/cgi-bin/confirmeph2.cgi
20260522T154244Z,2026-05-22T15:42:44.637447Z,20260522T154244Z_batch01,P12nfgD,2026-05-22T19:00:00Z,15 56 43.6,239.18166666666667,-07 36 01,-7.6002777777777775,167.2,21.8,1.12,244.0,Map/Offsets,https://cgi.minorplanetcenter.net/cgi-bin/confirmeph2.cgi
20260522T154244Z,2026-05-22T15:42:44.637447Z,20260522T154244Z_batch01,P12nfgD,2026-05-22T20:00:00Z,15 56 39.5,239.16458333333333,-07 36 30,-7.608333333333333,167.2,21.8,1.12,244.0,Map/Offsets,https://cgi.minorplanetcenter.net/cgi-bin/confirmeph2.cgi
20260522T154244Z,2026-05-22T15:42:44.637447Z,20260522T154244Z_batch01,P12nfgD,2026-05-22T21:00:00Z,15 56 35.5,239.14791666666667,-07 37 00,-7.616666666666667,167.2,21.8,1.12,244.0,Map/Offsets,https://cgi.minorplanetcenter.net/cgi-bin/confirmeph2.cgi
20260522T154244Z,2026-05-22T15:42:44.637447Z,20260522T154244Z_batch01,P12nfgD,2026-05-22T22:00:00Z,15 56 31.4,239.13083333333333,-07 37 29,-7.624722222222223,167.2,21.8,1.12,244.0,Map/Offsets,https://cgi.minorplanetcenter.net/cgi-bin/confirmeph2.cgi
20260522T154244Z,2026-05-22T15:42:44.637447Z,20260522T154244Z_batch01,P12nfgD,2026-05-22T23:00:00Z,15 56 27.3,239.11374999999998,-07 37 59,-7.633055555555556,167.2,21.8,1.12,243.9,Map/Offsets,https://cgi.minorplanetcenter.net/cgi-bin/confirmeph2.cgi
20260522T154244Z,2026-05-22T15:42:44.637447Z,20260522T154244Z_batch01,P12nfgD,2026-05-23T00:00:00Z,15 56 23.3,239.09708333333333,-07 38 28,-7.641111111111111,167.2,21.8,1.12,243.9,Map/Offsets,https://cgi.minorplanetcenter.net/cgi-bin/confirmeph2.cgi
20260522T154244Z,2026-05-22T15:42:44.637447Z,20260522T154244Z_batch01,P12nfgD,2026-05-23T01:00:00Z,15 56 19.2,239.07999999999998,-07 38 58,-7.649444444444444,167.2,21.8,1.12,243.9,Map/Offsets,https://cgi.minorplanetcenter.net/cgi-bin/confirmeph2.cgi
20260522T154244Z,2026-05-22T15:42:44.637447Z,20260522T154244Z_batch01,P12nfgD,2026-05-23T02:00:00Z,15 56 15.1,239.06291666666667,-07 39 28,-7.6577777777777785,167.2,21.8,1.12,243.9,Map/Offsets,https://cgi.minorplanetcenter.net/cgi-bin/confirmeph2.cgi
20260522T154244Z,2026-05-22T15:42:44.637447Z,20260522T154244Z_batch01,P12nfgD,2026-05-23T03:00:00Z,15 56 11.1,239.04625,-07 39 57,-7.6658333333333335,167.2,21.8,1.12,243.9,Map/Offsets,https://cgi.minorplanetcenter.net/cgi-bin/confirmeph2.cgi
20260522T154244Z,2026-05-22T15:42:44.637447Z,20260522T154244Z_batch01,P12nfgD,2026-05-23T04:00:00Z,15 56 07.0,239.02916666666667,-07 40 27,-7.674166666666667,167.2,21.8,1.12,243.9,Map/Offsets,https://cgi.minorplanetcenter.net/cgi-bin/confirmeph2.cgi
20260522T154244Z,2026-05-22T15:42:44.637447Z,20260522T154244Z_batch01,P12nfgD,2026-05-23T05:00:00Z,15 56 02.9,239.01208333333332,-07 40 57,-7.6825,167.2,21.8,1.12,243.9,Map/Offsets,https://cgi.minorplanetcenter.net/cgi-bin/confirmeph2.cgi
20260522T154244Z,2026-05-22T15:42:44.637447Z,20260522T154244Z_batch01,P12nfgD,2026-05-23T06:00:00Z,15 55 58.9,238.99541666666667,-07 41 26,-7.690555555555556,167.2,21.8,1.12,243.8,Map/Offsets,https://cgi.minorplanetcenter.net/cgi-bin/confirmeph2.cgi
20260522T154244Z,2026-05-22T15:42:44.637447Z,20260522T154244Z_batch01,P12nfgD,2026-05-23T07:00:00Z,15 55 54.8,238.97833333333332,-07 41 56,-7.698888888888889,167.2,21.8,1.12,243.8,Map/Offsets,https://cgi.minorplanetcenter.net/cgi-bin/confirmeph2.cgi
20260522T154244Z,2026-05-22T15:42:44.637447Z,20260522T154244Z_batch01,P12nfgD,2026-05-23T08:00:00Z,15 55 50.7,238.96125,-07 42 26,-7.707222222222223,167.2,21.8,1.12,243.8,Map/Offsets,https://cgi.minorplanetcenter.net/cgi-bin/confirmeph2.cgi
20260522T154244Z,2026-05-22T15:42:44.637447Z,20260522T154244Z_batch01,P12nfgD,2026-05-23T09:00:00Z,15 55 46.6,238.94416666666666,-07 42 56,-7.7155555555555555,167.2,21.8,1.12,243.8,Map/Offsets,https://cgi.minorplanetcenter.net/cgi-bin/confirmeph2.cgi
20260522T154244Z,2026-05-22T15:42:44.637447Z,20260522T154244Z_batch01,P12nfgD,2026-05-23T10:00:00Z,15 55 42.6,238.9275,-07 43 25,-7.723611111111111,167.1,21.8,1.12,243.8,Map/Offsets,https://cgi.minorplanetcenter.net/cgi-bin/confirmeph2.cgi
20260522T154244Z,2026-05-22T15:42:44.637447Z,20260522T154244Z_batch01,P12nfgD,2026-05-23T11:00:00Z,15 55 38.5,238.91041666666666,-07 43 55,-7.731944444444444,167.1,21.8,1.12,243.8,Map/Offsets,https://cgi.minorplanetcenter.net/cgi-bin/confirmeph2.cgi
20260522T154244Z,2026-05-22T15:42:44.637447Z,20260522T154244Z_batch01,P12nfgD,2026-05-23T12:00:00Z,15 55 34.4,238.89333333333332,-07 44 25,-7.740277777777778,167.1,21.8,1.12,243.8,Map/Offsets,https://cgi.minorplanetcenter.net/cgi-bin/confirmeph2.cgi
20260522T154244Z,2026-05-22T15:42:44.637447Z,20260522T154244Z_batch01,P12nfgD,2026-05-23T13:00:00Z,15 55 30.4,238.87666666666667,-07 44 55,-7.748611111111111,167.1,21.8,1.13,243.7,Map/Offsets,https://cgi.minorplanetcenter.net/cgi-bin/confirmeph2.cgi
20260522T154244Z,2026-05-22T15:42:44.637447Z,20260522T154244Z_batch01,P12nfgD,2026-05-23T14:00:00Z,15 55 26.3,238.85958333333332,-07 45 25,-7.756944444444445,167.1,21.8,1.13,243.7,Map/Offsets,https://cgi.minorplanetcenter.net/cgi-bin/confirmeph2.cgi
20260522T154244Z,2026-05-22T15:42:44.637447Z,20260522T154244Z_batch01,P12nffX,2026-05-22T14:00:00Z,16 22 01.3,245.5054166666667,-20 52 20,-20.872222222222224,173.9,21.7,0.68,249.5,Map/Offsets,https://cgi.minorplanetcenter.net/cgi-bin/confirmeph2.cgi
20260522T154244Z,2026-05-22T15:42:44.637447Z,20260522T154244Z_batch01,P12nffX,2026-05-22T15:00:00Z,16 21 58.6,245.49416666666667,-20 52 35,-20.87638888888889,173.9,21.7,0.68,249.5,Map/Offsets,https://cgi.minorplanetcenter.net/cgi-bin/confirmeph2.cgi
20260522T154244Z,2026-05-22T15:42:44.637447Z,20260522T154244Z_batch01,P12nffX,2026-05-22T16:00:00Z,16 21 55.8,245.48250000000002,-20 52 49,-20.880277777777778,174.0,21.7,0.68,249.5,Map/Offsets,https://cgi.minorplanetcenter.net/cgi-bin/confirmeph2.cgi
20260522T154244Z,2026-05-22T15:42:44.637447Z,20260522T154244Z_batch01,P12nffX,2026-05-22T17:00:00Z,16 21 53.1,245.47125,-20 53 03,-20.884166666666665,174.0,21.7,0.68,249.5,Map/Offsets,https://cgi.minorplanetcenter.net/cgi-bin/confirmeph2.cgi
20260522T154244Z,2026-05-22T15:42:44.637447Z,20260522T154244Z_batch01,P12nffX,2026-05-22T18:00:00Z,16 21 50.4,245.46,-20 53 17,-20.888055555555557,174.1,21.7,0.68,249.5,Map/Offsets,https://cgi.minorplanetcenter.net/cgi-bin/confirmeph2.cgi
20260522T154244Z,2026-05-22T15:42:44.637447Z,20260522T154244Z_batch01,P12nffX,2026-05-22T19:00:00Z,16 21 47.7,245.44875000000002,-20 53 31,-20.891944444444444,174.1,21.7,0.68,249.5,Map/Offsets,https://cgi.minorplanetcenter.net/cgi-bin/confirmeph2.cgi
20260522T154244Z,2026-05-22T15:42:44.637447Z,20260522T154244Z_batch01,P12nffX,2026-05-22T20:00:00Z,16 21 45.0,245.4375,-20 53 46,-20.89611111111111,174.2,21.7,0.68,249.6,Map/Offsets,https://cgi.minorplanetcenter.net/cgi-bin/confirmeph2.cgi
20260522T154244Z,2026-05-22T15:42:44.637447Z,20260522T154244Z_batch01,P12nffX,2026-05-22T21:00:00Z,16 21 42.2,245.42583333333334,-20 54 00,-20.9,174.2,21.7,0.68,249.6,Map/Offsets,https://cgi.minorplanetcenter.net/cgi-bin/confirmeph2.cgi
20260522T154244Z,2026-05-22T15:42:44.637447Z,20260522T154244Z_batch01,P12nffX,2026-05-22T22:00:00Z,16 21 39.5,245.41458333333335,-20 54 14,-20.903888888888886,174.3,21.7,0.68,249.6,Map/Offsets,https://cgi.minorplanetcenter.net/cgi-bin/confirmeph2.cgi
20260522T154244Z,2026-05-22T15:42:44.637447Z,20260522T154244Z_batch01,P12nffX,2026-05-22T23:00:00Z,16 21 36.8,245.40333333333334,-20 54 28,-20.907777777777778,174.3,21.7,0.68,249.6,Map/Offsets,https://cgi.minorplanetcenter.net/cgi-bin/confirmeph2.cgi
20260522T154244Z,2026-05-22T15:42:44.637447Z,20260522T154244Z_batch01,P12nffX,2026-05-23T00:00:00Z,16 21 34.1,245.39208333333335,-20 54 43,-20.911944444444444,174.4,21.7,0.68,249.6,Map/Offsets,https://cgi.minorplanetcenter.net/cgi-bin/confirmeph2.cgi
20260522T154244Z,2026-05-22T15:42:44.637447Z,20260522T154244Z_batch01,P12nffX,2026-05-23T01:00:00Z,16 21 31.3,245.3804166666667,-20 54 57,-20.91583333333333,174.4,21.7,0.68,249.6,Map/Offsets,https://cgi.minorplanetcenter.net/cgi-bin/confirmeph2.cgi
20260522T154244Z,2026-05-22T15:42:44.637447Z,20260522T154244Z_batch01,P12nffX,2026-05-23T02:00:00Z,16 21 28.6,245.36916666666667,-20 55 11,-20.919722222222223,174.5,21.7,0.68,249.6,Map/Offsets,https://cgi.minorplanetcenter.net/cgi-bin/confirmeph2.cgi
20260522T154244Z,2026-05-22T15:42:44.637447Z,20260522T154244Z_batch01,P12nffX,2026-05-23T03:00:00Z,16 21 25.9,245.35791666666668,-20 55 25,-20.92361111111111,174.5,21.7,0.68,249.6,Map/Offsets,https://cgi.minorplanetcenter.net/cgi-bin/confirmeph2.cgi
20260522T154244Z,2026-05-22T15:42:44.637447Z,20260522T154244Z_batch01,P12nffX,2026-05-23T04:00:00Z,16 21 23.2,245.3466666666667,-20 55 39,-20.927500000000002,174.6,21.7,0.68,249.6,Map/Offsets,https://cgi.minorplanetcenter.net/cgi-bin/confirmeph2.cgi
20260522T154244Z,2026-05-22T15:42:44.637447Z,20260522T154244Z_batch01,P12nffX,2026-05-23T05:00:00Z,16 21 20.4,245.335,-20 55 54,-20.93166666666667,174.6,21.7,0.68,249.6,Map/Offsets,https://cgi.minorplanetcenter.net/cgi-bin/confirmeph2.cgi
20260522T154244Z,2026-05-22T15:42:44.637447Z,20260522T154244Z_batch01,P12nffX,2026-05-23T06:00:00Z,16 21 17.7,245.32375000000002,-20 56 08,-20.935555555555556,174.7,21.7,0.68,249.6,Map/Offsets,https://cgi.minorplanetcenter.net/cgi-bin/confirmeph2.cgi
20260522T154244Z,2026-05-22T15:42:44.637447Z,20260522T154244Z_batch01,P12nffX,2026-05-23T07:00:00Z,16 21 14.9,245.31208333333336,-20 56 22,-20.939444444444444,174.7,21.7,0.68,249.6,Map/Offsets,https://cgi.minorplanetcenter.net/cgi-bin/confirmeph2.cgi
20260522T154244Z,2026-05-22T15:42:44.637447Z,20260522T154244Z_batch01,P12nffX,2026-05-23T08:00:00Z,16 21 12.2,245.30083333333334,-20 56 36,-20.943333333333335,174.8,21.7,0.68,249.6,Map/Offsets,https://cgi.minorplanetcenter.net/cgi-bin/confirmeph2.cgi
20260522T154244Z,2026-05-22T15:42:44.637447Z,20260522T154244Z_batch01,P12nffX,2026-05-23T09:00:00Z,16 21 09.5,245.28958333333335,-20 56 51,-20.9475,174.8,21.7,0.68,249.7,Map/Offsets,https://cgi.minorplanetcenter.net/cgi-bin/confirmeph2.cgi
20260522T154244Z,2026-05-22T15:42:44.637447Z,20260522T154244Z_batch01,P12nffX,2026-05-23T10:00:00Z,16 21 06.7,245.2779166666667,-20 57 05,-20.95138888888889,174.9,21.7,0.68,249.7,Map/Offsets,https://cgi.minorplanetcenter.net/cgi-bin/confirmeph2.cgi
20260522T154244Z,2026-05-22T15:42:44.637447Z,20260522T154244Z_batch01,P12nffX,2026-05-23T11:00:00Z,16 21 04.0,245.26666666666668,-20 57 19,-20.955277777777777,174.9,21.7,0.68,249.7,Map/Offsets,https://cgi.minorplanetcenter.net/cgi-bin/confirmeph2.cgi
20260522T154244Z,2026-05-22T15:42:44.637447Z,20260522T154244Z_batch01,P12nffX,2026-05-23T12:00:00Z,16 21 01.2,245.25500000000002,-20 57 33,-20.959166666666665,175.0,21.7,0.68,249.7,Map/Offsets,https://cgi.minorplanetcenter.net/cgi-bin/confirmeph2.cgi
20260522T154244Z,2026-05-22T15:42:44.637447Z,20260522T154244Z_batch01,P12nffX,2026-05-23T13:00:00Z,16 20 58.5,245.24374999999998,-20 57 48,-20.96333333333333,175.0,21.7,0.68,249.7,Map/Offsets,https://cgi.minorplanetcenter.net/cgi-bin/confirmeph2.cgi
20260522T154244Z,2026-05-22T15:42:44.637447Z,20260522T154244Z_batch01,P12nffX,2026-05-23T14:00:00Z,16 20 55.8,245.23249999999996,-20 58 02,-20.96722222222222,175.1,21.7,0.68,249.7,Map/Offsets,https://cgi.minorplanetcenter.net/cgi-bin/confirmeph2.cgi
20260522T154244Z,2026-05-22T15:42:44.637447Z,20260522T154244Z_batch01,P12nffV,2026-05-22T14:00:00Z,16 29 58.8,247.495,-18 41 50,-18.697222222222223,171.8,20.5,1.09,350.1,Map/Offsets,https://cgi.minorplanetcenter.net/cgi-bin/confirmeph2.cgi
20260522T154244Z,2026-05-22T15:42:44.637447Z,20260522T154244Z_batch01,P12nffV,2026-05-22T15:00:00Z,16 29 58.1,247.49208333333337,-18 40 46,-18.679444444444446,171.9,20.5,1.09,350.1,Map/Offsets,https://cgi.minorplanetcenter.net/cgi-bin/confirmeph2.cgi
20260522T154244Z,2026-05-22T15:42:44.637447Z,20260522T154244Z_batch01,P12nffV,2026-05-22T16:00:00Z,16 29 57.3,247.48875,-18 39 42,-18.661666666666665,171.9,20.5,1.09,350.1,Map/Offsets,https://cgi.minorplanetcenter.net/cgi-bin/confirmeph2.cgi
20260522T154244Z,2026-05-22T15:42:44.637447Z,20260522T154244Z_batch01,P12nffV,2026-05-22T17:00:00Z,16 29 56.5,247.4854166666667,-18 38 37,-18.64361111111111,171.9,20.5,1.09,350.1,Map/Offsets,https://cgi.minorplanetcenter.net/cgi-bin/confirmeph2.cgi
20260522T154244Z,2026-05-22T15:42:44.637447Z,20260522T154244Z_batch01,P12nffV,2026-05-22T18:00:00Z,16 29 55.7,247.48208333333335,-18 37 33,-18.625833333333333,172.0,20.5,1.09,350.1,Map/Offsets,https://cgi.minorplanetcenter.net/cgi-bin/confirmeph2.cgi
20260522T154244Z,2026-05-22T15:42:44.637447Z,20260522T154244Z_batch01,P12nffV,2026-05-22T19:00:00Z,16 29 54.9,247.47875000000005,-18 36 29,-18.608055555555556,172.0,20.5,1.09,350.1,Map/Offsets,https://cgi.minorplanetcenter.net/cgi-bin/confirmeph2.cgi
20260522T154244Z,2026-05-22T15:42:44.637447Z,20260522T154244Z_batch01,P12nffV,2026-05-22T20:00:00Z,16 29 54.1,247.4754166666667,-18 35 24,-18.59,172.0,20.5,1.09,350.1,Map/Offsets,https://cgi.minorplanetcenter.net/cgi-bin/confirmeph2.cgi
20260522T154244Z,2026-05-22T15:42:44.637447Z,20260522T154244Z_batch01,P12nffV,2026-05-22T21:00:00Z,16 29 53.3,247.47208333333333,-18 34 20,-18.572222222222223,172.1,20.5,1.09,350.0,Map/Offsets,https://cgi.minorplanetcenter.net/cgi-bin/confirmeph2.cgi
20260522T154244Z,2026-05-22T15:42:44.637447Z,20260522T154244Z_batch01,P12nffV,2026-05-22T22:00:00Z,16 29 52.5,247.46875000000003,-18 33 15,-18.554166666666667,172.1,20.5,1.09,350.0,Map/Offsets,https://cgi.minorplanetcenter.net/cgi-bin/confirmeph2.cgi
20260522T154244Z,2026-05-22T15:42:44.637447Z,20260522T154244Z_batch01,P12nffV,2026-05-22T23:00:00Z,16 29 51.7,247.46541666666667,-18 32 10,-18.53611111111111,172.1,20.5,1.09,350.0,Map/Offsets,https://cgi.minorplanetcenter.net/cgi-bin/confirmeph2.cgi
20260522T154244Z,2026-05-22T15:42:44.637447Z,20260522T154244Z_batch01,P12nffV,2026-05-23T00:00:00Z,16 29 50.9,247.46208333333337,-18 31 06,-18.51833333333333,172.2,20.5,1.09,350.0,Map/Offsets,https://cgi.minorplanetcenter.net/cgi-bin/confirmeph2.cgi
20260522T154244Z,2026-05-22T15:42:44.637447Z,20260522T154244Z_batch01,P12nffV,2026-05-23T01:00:00Z,16 29 50.1,247.45875,-18 30 01,-18.50027777777778,172.2,20.5,1.09,350.0,Map/Offsets,https://cgi.minorplanetcenter.net/cgi-bin/confirmeph2.cgi
20260522T154244Z,2026-05-22T15:42:44.637447Z,20260522T154244Z_batch01,P12nffV,2026-05-23T02:00:00Z,16 29 49.3,247.45541666666665,-18 28 57,-18.482499999999998,172.2,20.5,1.09,350.0,Map/Offsets,https://cgi.minorplanetcenter.net/cgi-bin/confirmeph2.cgi
20260522T154244Z,2026-05-22T15:42:44.637447Z,20260522T154244Z_batch01,P12nffV,2026-05-23T03:00:00Z,16 29 48.5,247.45208333333335,-18 27 52,-18.464444444444442,172.3,20.5,1.1,350.0,Map/Offsets,https://cgi.minorplanetcenter.net/cgi-bin/confirmeph2.cgi
20260522T154244Z,2026-05-22T15:42:44.637447Z,20260522T154244Z_batch01,P12nffV,2026-05-23T04:00:00Z,16 29 47.7,247.44875000000002,-18 26 47,-18.44638888888889,172.3,20.5,1.1,349.9,Map/Offsets,https://cgi.minorplanetcenter.net/cgi-bin/confirmeph2.cgi
20260522T154244Z,2026-05-22T15:42:44.637447Z,20260522T154244Z_batch01,P12nffV,2026-05-23T05:00:00Z,16 29 46.9,247.4454166666667,-18 25 42,-18.428333333333335,172.3,20.5,1.1,349.9,Map/Offsets,https://cgi.minorplanetcenter.net/cgi-bin/confirmeph2.cgi
20260522T154244Z,2026-05-22T15:42:44.637447Z,20260522T154244Z_batch01,P12nffV,2026-05-23T06:00:00Z,16 29 46.1,247.44208333333336,-18 24 38,-18.410555555555554,172.4,20.5,1.1,349.9,Map/Offsets,https://cgi.minorplanetcenter.net/cgi-bin/confirmeph2.cgi
20260522T154244Z,2026-05-22T15:42:44.637447Z,20260522T154244Z_batch01,P12nffV,2026-05-23T07:00:00Z,16 29 45.3,247.43875,-18 23 33,-18.3925,172.4,20.5,1.1,349.9,Map/Offsets,https://cgi.minorplanetcenter.net/cgi-bin/confirmeph2.cgi
20260522T154244Z,2026-05-22T15:42:44.637447Z,20260522T154244Z_batch01,P12nffV,2026-05-23T08:00:00Z,16 29 44.5,247.4354166666667,-18 22 28,-18.374444444444446,172.4,20.5,1.1,349.9,Map/Offsets,https://cgi.minorplanetcenter.net/cgi-bin/confirmeph2.cgi
20260522T154244Z,2026-05-22T15:42:44.637447Z,20260522T154244Z_batch01,P12nffV,2026-05-23T09:00:00Z,16 29 43.6,247.43166666666667,-18 21 23,-18.35638888888889,172.5,20.5,1.1,349.9,Map/Offsets,https://cgi.minorplanetcenter.net/cgi-bin/confirmeph2.cgi
20260522T154244Z,2026-05-22T15:42:44.637447Z,20260522T154244Z_batch01,P12nffV,2026-05-23T10:00:00Z,16 29 42.8,247.42833333333337,-18 20 18,-18.33833333333333,172.5,20.5,1.1,349.9,Map/Offsets,https://cgi.minorplanetcenter.net/cgi-bin/confirmeph2.cgi
20260522T154244Z,2026-05-22T15:42:44.637447Z,20260522T154244Z_batch01,P12nffV,2026-05-23T11:00:00Z,16 29 42.0,247.425,-18 19 13,-18.32027777777778,172.5,20.5,1.1,349.9,Map/Offsets,https://cgi.minorplanetcenter.net/cgi-bin/confirmeph2.cgi
20260522T154244Z,2026-05-22T15:42:44.637447Z,20260522T154244Z_batch01,P12nffV,2026-05-23T12:00:00Z,16 29 41.2,247.42166666666665,-18 18 08,-18.302222222222223,172.6,20.5,1.1,349.8,Map/Offsets,https://cgi.minorplanetcenter.net/cgi-bin/confirmeph2.cgi
20260522T154244Z,2026-05-22T15:42:44.637447Z,20260522T154244Z_batch01,P12nffV,2026-05-23T13:00:00Z,16 29 40.4,247.41833333333335,-18 17 03,-18.284166666666668,172.6,20.5,1.1,349.8,Map/Offsets,https://cgi.minorplanetcenter.net/cgi-bin/confirmeph2.cgi
20260522T154244Z,2026-05-22T15:42:44.637447Z,20260522T154244Z_batch01,P12nffV,2026-05-23T14:00:00Z,16 29 39.6,247.415,-18 15 58,-18.266111111111112,172.6,20.5,1.1,349.8,Map/Offsets,https://cgi.minorplanetcenter.net/cgi-bin/confirmeph2.cgi
20260522T154244Z,2026-05-22T15:42:44.637447Z,20260522T154244Z_batch01,P12nfaz,2026-05-22T14:00:00Z,13 14 37.1,198.65458333333333,-28 12 43,-28.211944444444445,142.6,22.0,0.55,329.6,Map/Offsets,https://cgi.minorplanetcenter.net/cgi-bin/confirmeph2.cgi
20260522T154244Z,2026-05-22T15:42:44.637447Z,20260522T154244Z_batch01,P12nfaz,2026-05-22T15:00:00Z,13 14 35.9,198.6495833333333,-28 12 14,-28.203888888888887,142.5,22.0,0.55,329.7,Map/Offsets,https://cgi.minorplanetcenter.net/cgi-bin/confirmeph2.cgi
20260522T154244Z,2026-05-22T15:42:44.637447Z,20260522T154244Z_batch01,P12nfaz,2026-05-22T16:00:00Z,13 14 34.6,198.64416666666665,-28 11 46,-28.19611111111111,142.5,22.0,0.55,329.7,Map/Offsets,https://cgi.minorplanetcenter.net/cgi-bin/confirmeph2.cgi
20260522T154244Z,2026-05-22T15:42:44.637447Z,20260522T154244Z_batch01,P12nfaz,2026-05-22T17:00:00Z,13 14 33.4,198.63916666666665,-28 11 18,-28.188333333333333,142.5,22.0,0.55,329.8,Map/Offsets,https://cgi.minorplanetcenter.net/cgi-bin/confirmeph2.cgi
20260522T154244Z,2026-05-22T15:42:44.637447Z,20260522T154244Z_batch01,P12nfaz,2026-05-22T18:00:00Z,13 14 32.1,198.63374999999996,-28 10 49,-28.18027777777778,142.4,22.0,0.55,329.8,Map/Offsets,https://cgi.minorplanetcenter.net/cgi-bin/confirmeph2.cgi
20260522T154244Z,2026-05-22T15:42:44.637447Z,20260522T154244Z_batch01,P12nfaz,2026-05-22T19:00:00Z,13 14 30.9,198.62875,-28 10 21,-28.1725,142.4,22.0,0.55,329.9,Map/Offsets,https://cgi.minorplanetcenter.net/cgi-bin/confirmeph2.cgi
20260522T154244Z,2026-05-22T15:42:44.637447Z,20260522T154244Z_batch01,P12nfaz,2026-05-22T20:00:00Z,13 14 29.6,198.62333333333333,-28 09 53,-28.16472222222222,142.3,22.0,0.55,330.0,Map/Offsets,https://cgi.minorplanetcenter.net/cgi-bin/confirmeph2.cgi
20260522T154244Z,2026-05-22T15:42:44.637447Z,20260522T154244Z_batch01,P12nfaz,2026-05-22T21:00:00Z,13 14 28.4,198.6183333333333,-28 09 24,-28.156666666666666,142.3,22.0,0.55,330.0,Map/Offsets,https://cgi.minorplanetcenter.net/cgi-bin/confirmeph2.cgi
20260522T154244Z,2026-05-22T15:42:44.637447Z,20260522T154244Z_batch01,P12nfaz,2026-05-22T22:00:00Z,13 14 27.2,198.61333333333332,-28 08 56,-28.148888888888887,142.3,22.0,0.55,330.1,Map/Offsets,https://cgi.minorplanetcenter.net/cgi-bin/confirmeph2.cgi
20260522T154244Z,2026-05-22T15:42:44.637447Z,20260522T154244Z_batch01,P12nfaz,2026-05-22T23:00:00Z,13 14 25.9,198.60791666666665,-28 08 27,-28.140833333333333,142.2,22.0,0.55,330.2,Map/Offsets,https://cgi.minorplanetcenter.net/cgi-bin/confirmeph2.cgi
20260522T154244Z,2026-05-22T15:42:44.637447Z,20260522T154244Z_batch01,P12nfaz,2026-05-23T00:00:00Z,13 14 24.7,198.60291666666663,-28 07 59,-28.133055555555558,142.2,22.0,0.54,330.2,Map/Offsets,https://cgi.minorplanetcenter.net/cgi-bin/confirmeph2.cgi
20260522T154244Z,2026-05-22T15:42:44.637447Z,20260522T154244Z_batch01,P12nfaz,2026-05-23T01:00:00Z,13 14 23.5,198.59791666666666,-28 07 31,-28.12527777777778,142.2,22.0,0.54,330.3,Map/Offsets,https://cgi.minorplanetcenter.net/cgi-bin/confirmeph2.cgi
20260522T154244Z,2026-05-22T15:42:44.637447Z,20260522T154244Z_batch01,P12nfaz,2026-05-23T02:00:00Z,13 14 22.3,198.59291666666667,-28 07 02,-28.11722222222222,142.1,22.0,0.54,330.4,Map/Offsets,https://cgi.minorplanetcenter.net/cgi-bin/confirmeph2.cgi
20260522T154244Z,2026-05-22T15:42:44.637447Z,20260522T154244Z_batch01,P12nfaz,2026-05-23T03:00:00Z,13 14 21.0,198.58749999999998,-28 06 34,-28.109444444444446,142.1,22.0,0.54,330.4,Map/Offsets,https://cgi.minorplanetcenter.net/cgi-bin/confirmeph2.cgi
20260522T154244Z,2026-05-22T15:42:44.637447Z,20260522T154244Z_batch01,P12nfaz,2026-05-23T04:00:00Z,13 14 19.8,198.58249999999998,-28 06 06,-28.101666666666667,142.0,22.0,0.54,330.5,Map/Offsets,https://cgi.minorplanetcenter.net/cgi-bin/confirmeph2.cgi
20260522T154244Z,2026-05-22T15:42:44.637447Z,20260522T154244Z_batch01,P12nfaz,2026-05-23T05:00:00Z,13 14 18.6,198.5775,-28 05 37,-28.09361111111111,142.0,22.0,0.54,330.5,Map/Offsets,https://cgi.minorplanetcenter.net/cgi-bin/confirmeph2.cgi
20260522T154244Z,2026-05-22T15:42:44.637447Z,20260522T154244Z_batch01,P12nfaz,2026-05-23T06:00:00Z,13 14 17.4,198.5725,-28 05 09,-28.085833333333333,142.0,22.0,0.54,330.6,Map/Offsets,https://cgi.minorplanetcenter.net/cgi-bin/confirmeph2.cgi
20260522T154244Z,2026-05-22T15:42:44.637447Z,20260522T154244Z_batch01,P12nfaz,2026-05-23T07:00:00Z,13 14 16.2,198.5675,-28 04 40,-28.07777777777778,141.9,22.0,0.54,330.7,Map/Offsets,https://cgi.minorplanetcenter.net/cgi-bin/confirmeph2.cgi
20260522T154244Z,2026-05-22T15:42:44.637447Z,20260522T154244Z_batch01,P12nfaz,2026-05-23T08:00:00Z,13 14 15.0,198.56249999999997,-28 04 12,-28.07,141.9,22.0,0.54,330.7,Map/Offsets,https://cgi.minorplanetcenter.net/cgi-bin/confirmeph2.cgi
20260522T154244Z,2026-05-22T15:42:44.637447Z,20260522T154244Z_batch01,P12nfaz,2026-05-23T09:00:00Z,13 14 13.8,198.55749999999998,-28 03 44,-28.06222222222222,141.9,22.0,0.54,330.8,Map/Offsets,https://cgi.minorplanetcenter.net/cgi-bin/confirmeph2.cgi
20260522T154244Z,2026-05-22T15:42:44.637447Z,20260522T154244Z_batch01,P12nfaz,2026-05-23T10:00:00Z,13 14 12.6,198.5525,-28 03 15,-28.054166666666667,141.8,22.0,0.54,330.9,Map/Offsets,https://cgi.minorplanetcenter.net/cgi-bin/confirmeph2.cgi
20260522T154244Z,2026-05-22T15:42:44.637447Z,20260522T154244Z_batch01,P12nfaz,2026-05-23T11:00:00Z,13 14 11.4,198.54749999999999,-28 02 47,-28.04638888888889,141.8,22.0,0.54,330.9,Map/Offsets,https://cgi.minorplanetcenter.net/cgi-bin/confirmeph2.cgi
20260522T154244Z,2026-05-22T15:42:44.637447Z,20260522T154244Z_batch01,P12nfaz,2026-05-23T12:00:00Z,13 14 10.2,198.5425,-28 02 18,-28.038333333333334,141.7,22.0,0.54,331.0,Map/Offsets,https://cgi.minorplanetcenter.net/cgi-bin/confirmeph2.cgi
20260522T154244Z,2026-05-22T15:42:44.637447Z,20260522T154244Z_batch01,P12nfaz,2026-05-23T13:00:00Z,13 14 09.0,198.53749999999997,-28 01 50,-28.030555555555555,141.7,22.0,0.54,331.1,Map/Offsets,https://cgi.minorplanetcenter.net/cgi-bin/confirmeph2.cgi
20260522T154244Z,2026-05-22T15:42:44.637447Z,20260522T154244Z_batch01,P12nfaz,2026-05-23T14:00:00Z,13 14 07.8,198.5325,-28 01 22,-28.022777777777776,141.7,22.0,0.54,331.1,Map/Offsets,https://cgi.minorplanetcenter.net/cgi-bin/confirmeph2.cgi
20260522T154244Z,2026-05-22T15:42:44.637447Z,20260522T154244Z_batch01,P22nfat,2026-05-22T14:00:00Z,16 10 45.1,242.68791666666667,+21 32 07,21.53527777777778,137.9,22.1,0.65,292.4,Map/Offsets,https://cgi.minorplanetcenter.net/cgi-bin/confirmeph2.cgi
20260522T154244Z,2026-05-22T15:42:44.637447Z,20260522T154244Z_batch01,P22nfat,2026-05-22T15:00:00Z,16 10 42.5,242.67708333333334,+21 32 22,21.539444444444445,137.9,22.1,0.65,292.3,Map/Offsets,https://cgi.minorplanetcenter.net/cgi-bin/confirmeph2.cgi
20260522T154244Z,2026-05-22T15:42:44.637447Z,20260522T154244Z_batch01,P22nfat,2026-05-22T16:00:00Z,16 10 39.9,242.66625,+21 32 37,21.54361111111111,137.9,22.1,0.65,292.2,Map/Offsets,https://cgi.minorplanetcenter.net/cgi-bin/confirmeph2.cgi
20260522T154244Z,2026-05-22T15:42:44.637447Z,20260522T154244Z_batch01,P22nfat,2026-05-22T17:00:00Z,16 10 37.3,242.65541666666672,+21 32 51,21.547500000000003,137.9,22.1,0.65,292.1,Map/Offsets,https://cgi.minorplanetcenter.net/cgi-bin/confirmeph2.cgi
20260522T154244Z,2026-05-22T15:42:44.637447Z,20260522T154244Z_batch01,P22nfat,2026-05-22T18:00:00Z,16 10 34.8,242.64500000000004,+21 33 06,21.551666666666666,137.9,22.1,0.65,292.1,Map/Offsets,https://cgi.minorplanetcenter.net/cgi-bin/confirmeph2.cgi
20260522T154244Z,2026-05-22T15:42:44.637447Z,20260522T154244Z_batch01,P22nfat,2026-05-22T19:00:00Z,16 10 32.2,242.6341666666667,+21 33 21,21.555833333333332,137.9,22.1,0.65,292.0,Map/Offsets,https://cgi.minorplanetcenter.net/cgi-bin/confirmeph2.cgi
20260522T154244Z,2026-05-22T15:42:44.637447Z,20260522T154244Z_batch01,P22nfat,2026-05-22T20:00:00Z,16 10 29.6,242.62333333333336,+21 33 35,21.559722222222224,137.9,22.1,0.65,291.9,Map/Offsets,https://cgi.minorplanetcenter.net/cgi-bin/confirmeph2.cgi
20260522T154244Z,2026-05-22T15:42:44.637447Z,20260522T154244Z_batch01,P22nfat,2026-05-22T21:00:00Z,16 10 27.0,242.6125,+21 33 49,21.56361111111111,137.9,22.1,0.65,291.8,Map/Offsets,https://cgi.minorplanetcenter.net/cgi-bin/confirmeph2.cgi
20260522T154244Z,2026-05-22T15:42:44.637447Z,20260522T154244Z_batch01,P22nfat,2026-05-22T22:00:00Z,16 10 24.4,242.6016666666667,+21 34 04,21.567777777777778,137.9,22.1,0.65,291.7,Map/Offsets,https://cgi.minorplanetcenter.net/cgi-bin/confirmeph2.cgi
20260522T154244Z,2026-05-22T15:42:44.637447Z,20260522T154244Z_batch01,P22nfat,2026-05-22T23:00:00Z,16 10 21.9,242.59125,+21 34 18,21.571666666666665,137.9,22.1,0.65,291.6,Map/Offsets,https://cgi.minorplanetcenter.net/cgi-bin/confirmeph2.cgi
20260522T154244Z,2026-05-22T15:42:44.637447Z,20260522T154244Z_batch01,P22nfat,2026-05-23T00:00:00Z,16 10 19.3,242.58041666666668,+21 34 32,21.575555555555557,137.8,22.1,0.64,291.5,Map/Offsets,https://cgi.minorplanetcenter.net/cgi-bin/confirmeph2.cgi
20260522T154244Z,2026-05-22T15:42:44.637447Z,20260522T154244Z_batch01,P22nfat,2026-05-23T01:00:00Z,16 10 16.7,242.56958333333333,+21 34 47,21.579722222222223,137.8,22.1,0.64,291.5,Map/Offsets,https://cgi.minorplanetcenter.net/cgi-bin/confirmeph2.cgi
20260522T154244Z,2026-05-22T15:42:44.637447Z,20260522T154244Z_batch01,P22nfat,2026-05-23T02:00:00Z,16 10 14.1,242.55875,+21 35 01,21.58361111111111,137.8,22.1,0.64,291.4,Map/Offsets,https://cgi.minorplanetcenter.net/cgi-bin/confirmeph2.cgi
20260522T154244Z,2026-05-22T15:42:44.637447Z,20260522T154244Z_batch01,P22nfat,2026-05-23T03:00:00Z,16 10 11.5,242.54791666666665,+21 35 15,21.5875,137.8,22.1,0.64,291.3,Map/Offsets,https://cgi.minorplanetcenter.net/cgi-bin/confirmeph2.cgi
20260522T154244Z,2026-05-22T15:42:44.637447Z,20260522T154244Z_batch01,P22nfat,2026-05-23T04:00:00Z,16 10 09.0,242.53750000000002,+21 35 29,21.591388888888886,137.8,22.1,0.64,291.2,Map/Offsets,https://cgi.minorplanetcenter.net/cgi-bin/confirmeph2.cgi
20260522T154244Z,2026-05-22T15:42:44.637447Z,20260522T154244Z_batch01,P22nfat,2026-05-23T05:00:00Z,16 10 06.4,242.5266666666667,+21 35 43,21.595277777777778,137.8,22.1,0.64,291.1,Map/Offsets,https://cgi.minorplanetcenter.net/cgi-bin/confirmeph2.cgi
20260522T154244Z,2026-05-22T15:42:44.637447Z,20260522T154244Z_batch01,P22nfat,2026-05-23T06:00:00Z,16 10 03.8,242.51583333333338,+21 35 56,21.598888888888887,137.8,22.1,0.64,291.0,Map/Offsets,https://cgi.minorplanetcenter.net/cgi-bin/confirmeph2.cgi
20260522T154244Z,2026-05-22T15:42:44.637447Z,20260522T154244Z_batch01,P22nfat,2026-05-23T07:00:00Z,16 10 01.2,242.50500000000002,+21 36 10,21.602777777777778,137.8,22.1,0.64,290.9,Map/Offsets,https://cgi.minorplanetcenter.net/cgi-bin/confirmeph2.cgi
20260522T154244Z,2026-05-22T15:42:44.637447Z,20260522T154244Z_batch01,P22nfat,2026-05-23T08:00:00Z,16 09 58.7,242.4945833333333,+21 36 24,21.60666666666667,137.8,22.1,0.64,290.9,Map/Offsets,https://cgi.minorplanetcenter.net/cgi-bin/confirmeph2.cgi
20260522T154244Z,2026-05-22T15:42:44.637447Z,20260522T154244Z_batch01,P22nfat,2026-05-23T09:00:00Z,16 09 56.1,242.48374999999996,+21 36 38,21.610555555555557,137.8,22.1,0.64,290.8,Map/Offsets,https://cgi.minorplanetcenter.net/cgi-bin/confirmeph2.cgi
20260522T154244Z,2026-05-22T15:42:44.637447Z,20260522T154244Z_batch01,P22nfat,2026-05-23T10:00:00Z,16 09 53.5,242.4729166666666,+21 36 51,21.61416666666667,137.8,22.1,0.64,290.7,Map/Offsets,https://cgi.minorplanetcenter.net/cgi-bin/confirmeph2.cgi
20260522T154244Z,2026-05-22T15:42:44.637447Z,20260522T154244Z_batch01,P22nfat,2026-05-23T11:00:00Z,16 09 50.9,242.46208333333334,+21 37 05,21.618055555555557,137.8,22.1,0.64,290.6,Map/Offsets,https://cgi.minorplanetcenter.net/cgi-bin/confirmeph2.cgi
20260522T154244Z,2026-05-22T15:42:44.637447Z,20260522T154244Z_batch01,P22nfat,2026-05-23T12:00:00Z,16 09 48.3,242.45125,+21 37 18,21.621666666666666,137.7,22.1,0.64,290.5,Map/Offsets,https://cgi.minorplanetcenter.net/cgi-bin/confirmeph2.cgi
20260522T154244Z,2026-05-22T15:42:44.637447Z,20260522T154244Z_batch01,P22nfat,2026-05-23T13:00:00Z,16 09 45.8,242.44083333333333,+21 37 32,21.625555555555557,137.7,22.1,0.64,290.4,Map/Offsets,https://cgi.minorplanetcenter.net/cgi-bin/confirmeph2.cgi
20260522T154244Z,2026-05-22T15:42:44.637447Z,20260522T154244Z_batch01,P22nfat,2026-05-23T14:00:00Z,16 09 43.2,242.42999999999998,+21 37 45,21.629166666666666,137.7,22.1,0.64,290.3,Map/Offsets,https://cgi.minorplanetcenter.net/cgi-bin/confirmeph2.cgi
20260522T154244Z,2026-05-22T15:42:44.637447Z,20260522T154244Z_batch01,NAOCAN7,2026-05-22T14:00:00Z,15 16 36.1,229.15041666666667,-21 48 31,-21.808611111111112,170.7,20.7,0.08,145.5,Map/Offsets,https://cgi.minorplanetcenter.net/cgi-bin/confirmeph2.cgi
20260522T154244Z,2026-05-22T15:42:44.637447Z,20260522T154244Z_batch01,NAOCAN7,2026-05-22T15:00:00Z,15 16 36.2,229.15083333333334,-21 48 35,-21.809722222222224,170.7,20.7,0.08,145.3,Map/Offsets,https://cgi.minorplanetcenter.net/cgi-bin/confirmeph2.cgi
20260522T154244Z,2026-05-22T15:42:44.637447Z,20260522T154244Z_batch01,NAOCAN7,2026-05-22T16:00:00Z,15 16 36.4,229.1516666666667,-21 48 39,-21.810833333333335,170.6,20.7,0.08,145.1,Map/Offsets,https://cgi.minorplanetcenter.net/cgi-bin/confirmeph2.cgi
20260522T154244Z,2026-05-22T15:42:44.637447Z,20260522T154244Z_batch01,NAOCAN7,2026-05-22T17:00:00Z,15 16 36.6,229.1525,-21 48 43,-21.811944444444446,170.6,20.7,0.08,145.0,Map/Offsets,https://cgi.minorplanetcenter.net/cgi-bin/confirmeph2.cgi
20260522T154244Z,2026-05-22T15:42:44.637447Z,20260522T154244Z_batch01,NAOCAN7,2026-05-22T18:00:00Z,15 16 36.8,229.15333333333334,-21 48 47,-21.813055555555557,170.6,20.7,0.08,144.8,Map/Offsets,https://cgi.minorplanetcenter.net/cgi-bin/confirmeph2.cgi
20260522T154244Z,2026-05-22T15:42:44.637447Z,20260522T154244Z_batch01,NAOCAN7,2026-05-22T19:00:00Z,15 16 37.0,229.1541666666667,-21 48 51,-21.81416666666667,170.5,20.7,0.08,144.6,Map/Offsets,https://cgi.minorplanetcenter.net/cgi-bin/confirmeph2.cgi
20260522T154244Z,2026-05-22T15:42:44.637447Z,20260522T154244Z_batch01,NAOCAN7,2026-05-22T20:00:00Z,15 16 37.2,229.15500000000003,-21 48 55,-21.81527777777778,170.5,20.7,0.08,144.4,Map/Offsets,https://cgi.minorplanetcenter.net/cgi-bin/confirmeph2.cgi
20260522T154244Z,2026-05-22T15:42:44.637447Z,20260522T154244Z_batch01,NAOCAN7,2026-05-22T21:00:00Z,15 16 37.4,229.15583333333333,-21 48 59,-21.81638888888889,170.4,20.7,0.08,144.2,Map/Offsets,https://cgi.minorplanetcenter.net/cgi-bin/confirmeph2.cgi
20260522T154244Z,2026-05-22T15:42:44.637447Z,20260522T154244Z_batch01,NAOCAN7,2026-05-22T22:00:00Z,15 16 37.6,229.15666666666667,-21 49 03,-21.8175,170.4,20.7,0.08,144.0,Map/Offsets,https://cgi.minorplanetcenter.net/cgi-bin/confirmeph2.cgi
20260522T154244Z,2026-05-22T15:42:44.637447Z,20260522T154244Z_batch01,NAOCAN7,2026-05-22T23:00:00Z,15 16 37.9,229.1579166666667,-21 49 07,-21.81861111111111,170.4,20.7,0.08,143.8,Map/Offsets,https://cgi.minorplanetcenter.net/cgi-bin/confirmeph2.cgi
20260522T154244Z,2026-05-22T15:42:44.637447Z,20260522T154244Z_batch01,NAOCAN7,2026-05-23T00:00:00Z,15 16 38.1,229.15875,-21 49 11,-21.81972222222222,170.3,20.7,0.08,143.6,Map/Offsets,https://cgi.minorplanetcenter.net/cgi-bin/confirmeph2.cgi
20260522T154244Z,2026-05-22T15:42:44.637447Z,20260522T154244Z_batch01,NAOCAN7,2026-05-23T01:00:00Z,15 16 38.3,229.15958333333336,-21 49 15,-21.820833333333333,170.3,20.7,0.08,143.4,Map/Offsets,https://cgi.minorplanetcenter.net/cgi-bin/confirmeph2.cgi
20260522T154244Z,2026-05-22T15:42:44.637447Z,20260522T154244Z_batch01,NAOCAN7,2026-05-23T02:00:00Z,15 16 38.5,229.1604166666667,-21 49 18,-21.821666666666665,170.3,20.7,0.08,143.2,Map/Offsets,https://cgi.minorplanetcenter.net/cgi-bin/confirmeph2.cgi
20260522T154244Z,2026-05-22T15:42:44.637447Z,20260522T154244Z_batch01,NAOCAN7,2026-05-23T03:00:00Z,15 16 38.7,229.16125,-21 49 22,-21.822777777777777,170.2,20.7,0.08,143.0,Map/Offsets,https://cgi.minorplanetcenter.net/cgi-bin/confirmeph2.cgi
20260522T154244Z,2026-05-22T15:42:44.637447Z,20260522T154244Z_batch01,NAOCAN7,2026-05-23T04:00:00Z,15 16 38.9,229.16208333333333,-21 49 26,-21.823888888888888,170.2,20.7,0.08,142.8,Map/Offsets,https://cgi.minorplanetcenter.net/cgi-bin/confirmeph2.cgi
20260522T154244Z,2026-05-22T15:42:44.637447Z,20260522T154244Z_batch01,NAOCAN7,2026-05-23T05:00:00Z,15 16 39.1,229.1629166666667,-21 49 30,-21.825,170.2,20.7,0.08,142.6,Map/Offsets,https://cgi.minorplanetcenter.net/cgi-bin/confirmeph2.cgi
20260522T154244Z,2026-05-22T15:42:44.637447Z,20260522T154244Z_batch01,NAOCAN7,2026-05-23T06:00:00Z,15 16 39.3,229.16375000000002,-21 49 34,-21.82611111111111,170.1,20.7,0.08,142.4,Map/Offsets,https://cgi.minorplanetcenter.net/cgi-bin/confirmeph2.cgi
20260522T154244Z,2026-05-22T15:42:44.637447Z,20260522T154244Z_batch01,NAOCAN7,2026-05-23T07:00:00Z,15 16 39.5,229.16458333333333,-21 49 38,-21.827222222222222,170.1,20.7,0.08,142.2,Map/Offsets,https://cgi.minorplanetcenter.net/cgi-bin/confirmeph2.cgi
20260522T154244Z,2026-05-22T15:42:44.637447Z,20260522T154244Z_batch01,NAOCAN7,2026-05-23T08:00:00Z,15 16 39.8,229.16583333333335,-21 49 42,-21.828333333333333,170.0,20.7,0.08,142.0,Map/Offsets,https://cgi.minorplanetcenter.net/cgi-bin/confirmeph2.cgi
20260522T154244Z,2026-05-22T15:42:44.637447Z,20260522T154244Z_batch01,NAOCAN7,2026-05-23T09:00:00Z,15 16 40.0,229.16666666666669,-21 49 46,-21.829444444444444,170.0,20.8,0.08,141.8,Map/Offsets,https://cgi.minorplanetcenter.net/cgi-bin/confirmeph2.cgi
20260522T154244Z,2026-05-22T15:42:44.637447Z,20260522T154244Z_batch01,NAOCAN7,2026-05-23T10:00:00Z,15 16 40.2,229.16750000000002,-21 49 50,-21.830555555555556,170.0,20.8,0.08,141.6,Map/Offsets,https://cgi.minorplanetcenter.net/cgi-bin/confirmeph2.cgi
20260522T154244Z,2026-05-22T15:42:44.637447Z,20260522T154244Z_batch01,NAOCAN7,2026-05-23T11:00:00Z,15 16 40.4,229.16833333333335,-21 49 53,-21.83138888888889,169.9,20.8,0.08,141.4,Map/Offsets,https://cgi.minorplanetcenter.net/cgi-bin/confirmeph2.cgi
20260522T154244Z,2026-05-22T15:42:44.637447Z,20260522T154244Z_batch01,NAOCAN7,2026-05-23T12:00:00Z,15 16 40.6,229.16916666666668,-21 49 57,-21.8325,169.9,20.8,0.08,141.2,Map/Offsets,https://cgi.minorplanetcenter.net/cgi-bin/confirmeph2.cgi
20260522T154244Z,2026-05-22T15:42:44.637447Z,20260522T154244Z_batch01,NAOCAN7,2026-05-23T13:00:00Z,15 16 40.9,229.17041666666668,-21 50 01,-21.83361111111111,169.9,20.8,0.08,141.0,Map/Offsets,https://cgi.minorplanetcenter.net/cgi-bin/confirmeph2.cgi
20260522T154244Z,2026-05-22T15:42:44.637447Z,20260522T154244Z_batch01,NAOCAN7,2026-05-23T14:00:00Z,15 16 41.1,229.17125000000001,-21 50 05,-21.834722222222222,169.8,20.8,0.08,140.8,Map/Offsets,https://cgi.minorplanetcenter.net/cgi-bin/confirmeph2.cgi
20260522T154244Z,2026-05-22T15:42:44.637447Z,20260522T154244Z_batch01,KPMa1Ih,2026-05-22T14:00:00Z,11 07 28.6,166.86916666666667,-26 40 00,-26.666666666666668,114.4,23.3,1.14,182.2,Map/Offsets,https://cgi.minorplanetcenter.net/cgi-bin/confirmeph2.cgi
20260522T154244Z,2026-05-22T15:42:44.637447Z,20260522T154244Z_batch01,KPMa1Ih,2026-05-22T15:00:00Z,11 07 28.5,166.86875,-26 41 08,-26.685555555555556,114.4,23.3,1.14,182.1,Map/Offsets,https://cgi.minorplanetcenter.net/cgi-bin/confirmeph2.cgi
20260522T154244Z,2026-05-22T15:42:44.637447Z,20260522T154244Z_batch01,KPMa1Ih,2026-05-22T16:00:00Z,11 07 28.3,166.86791666666667,-26 42 16,-26.704444444444444,114.4,23.3,1.13,182.1,Map/Offsets,https://cgi.minorplanetcenter.net/cgi-bin/confirmeph2.cgi
20260522T154244Z,2026-05-22T15:42:44.637447Z,20260522T154244Z_batch01,KPMa1Ih,2026-05-22T17:00:00Z,11 07 28.1,166.86708333333334,-26 43 24,-26.723333333333333,114.3,23.3,1.13,182.0,Map/Offsets,https://cgi.minorplanetcenter.net/cgi-bin/confirmeph2.cgi
20260522T154244Z,2026-05-22T15:42:44.637447Z,20260522T154244Z_batch01,KPMa1Ih,2026-05-22T18:00:00Z,11 07 27.9,166.86625,-26 44 32,-26.742222222222225,114.3,23.3,1.13,181.9,Map/Offsets,https://cgi.minorplanetcenter.net/cgi-bin/confirmeph2.cgi
20260522T154244Z,2026-05-22T15:42:44.637447Z,20260522T154244Z_batch01,KPMa1Ih,2026-05-22T19:00:00Z,11 07 27.8,166.86583333333334,-26 45 40,-26.761111111111113,114.3,23.3,1.13,181.9,Map/Offsets,https://cgi.minorplanetcenter.net/cgi-bin/confirmeph2.cgi
20260522T154244Z,2026-05-22T15:42:44.637447Z,20260522T154244Z_batch01,KPMa1Ih,2026-05-22T20:00:00Z,11 07 27.6,166.865,-26 46 48,-26.779999999999998,114.2,23.3,1.13,181.8,Map/Offsets,https://cgi.minorplanetcenter.net/cgi-bin/confirmeph2.cgi
20260522T154244Z,2026-05-22T15:42:44.637447Z,20260522T154244Z_batch01,KPMa1Ih,2026-05-22T21:00:00Z,11 07 27.4,166.86416666666668,-26 47 56,-26.79888888888889,114.2,23.3,1.13,181.7,Map/Offsets,https://cgi.minorplanetcenter.net/cgi-bin/confirmeph2.cgi
20260522T154244Z,2026-05-22T15:42:44.637447Z,20260522T154244Z_batch01,KPMa1Ih,2026-05-22T22:00:00Z,11 07 27.3,166.86375,-26 49 03,-26.8175,114.2,23.3,1.13,181.7,Map/Offsets,https://cgi.minorplanetcenter.net/cgi-bin/confirmeph2.cgi
20260522T154244Z,2026-05-22T15:42:44.637447Z,20260522T154244Z_batch01,KPMa1Ih,2026-05-22T23:00:00Z,11 07 27.1,166.86291666666668,-26 50 11,-26.836388888888887,114.1,23.3,1.13,181.6,Map/Offsets,https://cgi.minorplanetcenter.net/cgi-bin/confirmeph2.cgi
20260522T154244Z,2026-05-22T15:42:44.637447Z,20260522T154244Z_batch01,KPMa1Ih,2026-05-23T00:00:00Z,11 07 27.0,166.8625,-26 51 19,-26.85527777777778,114.1,23.3,1.13,181.6,Map/Offsets,https://cgi.minorplanetcenter.net/cgi-bin/confirmeph2.cgi
20260522T154244Z,2026-05-22T15:42:44.637447Z,20260522T154244Z_batch01,KPMa1Ih,2026-05-23T01:00:00Z,11 07 26.9,166.86208333333335,-26 52 26,-26.87388888888889,114.1,23.3,1.13,181.5,Map/Offsets,https://cgi.minorplanetcenter.net/cgi-bin/confirmeph2.cgi
20260522T154244Z,2026-05-22T15:42:44.637447Z,20260522T154244Z_batch01,KPMa1Ih,2026-05-23T02:00:00Z,11 07 26.7,166.86124999999998,-26 53 34,-26.892777777777777,114.0,23.3,1.13,181.4,Map/Offsets,https://cgi.minorplanetcenter.net/cgi-bin/confirmeph2.cgi
20260522T154244Z,2026-05-22T15:42:44.637447Z,20260522T154244Z_batch01,KPMa1Ih,2026-05-23T03:00:00Z,11 07 26.6,166.86083333333335,-26 54 41,-26.911388888888887,114.0,23.3,1.12,181.4,Map/Offsets,https://cgi.minorplanetcenter.net/cgi-bin/confirmeph2.cgi
20260522T154244Z,2026-05-22T15:42:44.637447Z,20260522T154244Z_batch01,KPMa1Ih,2026-05-23T04:00:00Z,11 07 26.5,166.86041666666668,-26 55 49,-26.93027777777778,114.0,23.3,1.12,181.3,Map/Offsets,https://cgi.minorplanetcenter.net/cgi-bin/confirmeph2.cgi
20260522T154244Z,2026-05-22T15:42:44.637447Z,20260522T154244Z_batch01,KPMa1Ih,2026-05-23T05:00:00Z,11 07 26.4,166.86,-26 56 56,-26.948888888888888,114.0,23.3,1.12,181.3,Map/Offsets,https://cgi.minorplanetcenter.net/cgi-bin/confirmeph2.cgi
20260522T154244Z,2026-05-22T15:42:44.637447Z,20260522T154244Z_batch01,KPMa1Ih,2026-05-23T06:00:00Z,11 07 26.3,166.85958333333335,-26 58 03,-26.967499999999998,113.9,23.3,1.12,181.2,Map/Offsets,https://cgi.minorplanetcenter.net/cgi-bin/confirmeph2.cgi
20260522T154244Z,2026-05-22T15:42:44.637447Z,20260522T154244Z_batch01,KPMa1Ih,2026-05-23T07:00:00Z,11 07 26.2,166.85916666666668,-26 59 10,-26.98611111111111,113.9,23.3,1.12,181.1,Map/Offsets,https://cgi.minorplanetcenter.net/cgi-bin/confirmeph2.cgi
20260522T154244Z,2026-05-22T15:42:44.637447Z,20260522T154244Z_batch01,KPMa1Ih,2026-05-23T08:00:00Z,11 07 26.1,166.85875000000001,-27 00 18,-27.005,113.9,23.3,1.12,181.1,Map/Offsets,https://cgi.minorplanetcenter.net/cgi-bin/confirmeph2.cgi
20260522T154244Z,2026-05-22T15:42:44.637447Z,20260522T154244Z_batch01,KPMa1Ih,2026-05-23T09:00:00Z,11 07 26.0,166.85833333333332,-27 01 25,-27.02361111111111,113.8,23.3,1.12,181.0,Map/Offsets,https://cgi.minorplanetcenter.net/cgi-bin/confirmeph2.cgi
20260522T154244Z,2026-05-22T15:42:44.637447Z,20260522T154244Z_batch01,KPMa1Ih,2026-05-23T10:00:00Z,11 07 25.9,166.85791666666665,-27 02 32,-27.042222222222225,113.8,23.3,1.12,180.9,Map/Offsets,https://cgi.minorplanetcenter.net/cgi-bin/confirmeph2.cgi
20260522T154244Z,2026-05-22T15:42:44.637447Z,20260522T154244Z_batch01,KPMa1Ih,2026-05-23T11:00:00Z,11 07 25.8,166.85750000000002,-27 03 39,-27.060833333333335,113.8,23.3,1.12,180.9,Map/Offsets,https://cgi.minorplanetcenter.net/cgi-bin/confirmeph2.cgi
20260522T154244Z,2026-05-22T15:42:44.637447Z,20260522T154244Z_batch01,KPMa1Ih,2026-05-23T12:00:00Z,11 07 25.7,166.85708333333335,-27 04 46,-27.079444444444444,113.7,23.3,1.12,180.8,Map/Offsets,https://cgi.minorplanetcenter.net/cgi-bin/confirmeph2.cgi
20260522T154244Z,2026-05-22T15:42:44.637447Z,20260522T154244Z_batch01,KPMa1Ih,2026-05-23T13:00:00Z,11 07 25.7,166.85708333333335,-27 05 53,-27.098055555555554,113.7,23.3,1.11,180.8,Map/Offsets,https://cgi.minorplanetcenter.net/cgi-bin/confirmeph2.cgi
20260522T154244Z,2026-05-22T15:42:44.637447Z,20260522T154244Z_batch01,KPMa1Ih,2026-05-23T14:00:00Z,11 07 25.6,166.85666666666668,-27 06 59,-27.116388888888892,113.7,23.3,1.11,180.7,Map/Offsets,https://cgi.minorplanetcenter.net/cgi-bin/confirmeph2.cgi
