snapshot_id,fetched_at_utc,batch_id,designation,ephem_time_utc,ra_hms,ra_deg,dec_dms,dec_deg,elong_deg,v_mag,motion_arcsec_per_min,pa_deg,uncertainty,source_url
20260716T150002Z,2026-07-16T15:00:02.317255Z,20260716T150002Z_batch01,P22ooQf,2026-07-16T14:00:00Z,23 19 28.7,349.8695833333333,+22 41 10,22.68611111111111,111.2,21.0,1.41,6.1,Map/Offsets,https://cgi.minorplanetcenter.net/cgi-bin/confirmeph2.cgi
20260716T150002Z,2026-07-16T15:00:02.317255Z,20260716T150002Z_batch01,P22ooQf,2026-07-16T15:00:00Z,23 19 29.3,349.87208333333336,+22 42 34,22.709444444444443,111.2,21.0,1.41,6.1,Map/Offsets,https://cgi.minorplanetcenter.net/cgi-bin/confirmeph2.cgi
20260716T150002Z,2026-07-16T15:00:02.317255Z,20260716T150002Z_batch01,P22ooQf,2026-07-16T16:00:00Z,23 19 30.0,349.875,+22 43 57,22.732499999999998,111.2,21.0,1.41,6.1,Map/Offsets,https://cgi.minorplanetcenter.net/cgi-bin/confirmeph2.cgi
20260716T150002Z,2026-07-16T15:00:02.317255Z,20260716T150002Z_batch01,P22ooQf,2026-07-16T17:00:00Z,23 19 30.6,349.8775,+22 45 21,22.75583333333333,111.2,21.0,1.41,6.0,Map/Offsets,https://cgi.minorplanetcenter.net/cgi-bin/confirmeph2.cgi
20260716T150002Z,2026-07-16T15:00:02.317255Z,20260716T150002Z_batch01,P22ooQf,2026-07-16T18:00:00Z,23 19 31.3,349.88041666666663,+22 46 45,22.779166666666665,111.2,21.0,1.4,6.0,Map/Offsets,https://cgi.minorplanetcenter.net/cgi-bin/confirmeph2.cgi
20260716T150002Z,2026-07-16T15:00:02.317255Z,20260716T150002Z_batch01,P22ooQf,2026-07-16T19:00:00Z,23 19 31.9,349.8829166666667,+22 48 09,22.802500000000002,111.3,21.0,1.4,6.0,Map/Offsets,https://cgi.minorplanetcenter.net/cgi-bin/confirmeph2.cgi
20260716T150002Z,2026-07-16T15:00:02.317255Z,20260716T150002Z_batch01,P22ooQf,2026-07-16T20:00:00Z,23 19 32.5,349.8854166666667,+22 49 33,22.825833333333332,111.3,21.0,1.4,5.9,Map/Offsets,https://cgi.minorplanetcenter.net/cgi-bin/confirmeph2.cgi
20260716T150002Z,2026-07-16T15:00:02.317255Z,20260716T150002Z_batch01,P22ooQf,2026-07-16T21:00:00Z,23 19 33.2,349.8883333333333,+22 50 57,22.849166666666665,111.3,21.0,1.4,5.9,Map/Offsets,https://cgi.minorplanetcenter.net/cgi-bin/confirmeph2.cgi
20260716T150002Z,2026-07-16T15:00:02.317255Z,20260716T150002Z_batch01,P22ooQf,2026-07-16T22:00:00Z,23 19 33.8,349.8908333333333,+22 52 20,22.872222222222224,111.3,21.0,1.4,5.9,Map/Offsets,https://cgi.minorplanetcenter.net/cgi-bin/confirmeph2.cgi
20260716T150002Z,2026-07-16T15:00:02.317255Z,20260716T150002Z_batch01,P22ooQf,2026-07-16T23:00:00Z,23 19 34.4,349.8933333333333,+22 53 44,22.895555555555553,111.3,21.0,1.4,5.8,Map/Offsets,https://cgi.minorplanetcenter.net/cgi-bin/confirmeph2.cgi
20260716T150002Z,2026-07-16T15:00:02.317255Z,20260716T150002Z_batch01,P22ooQf,2026-07-17T00:00:00Z,23 19 35.0,349.8958333333333,+22 55 08,22.91888888888889,111.4,21.0,1.4,5.8,Map/Offsets,https://cgi.minorplanetcenter.net/cgi-bin/confirmeph2.cgi
20260716T150002Z,2026-07-16T15:00:02.317255Z,20260716T150002Z_batch01,P22ooQf,2026-07-17T01:00:00Z,23 19 35.7,349.89874999999995,+22 56 32,22.942222222222224,111.4,21.0,1.4,5.8,Map/Offsets,https://cgi.minorplanetcenter.net/cgi-bin/confirmeph2.cgi
20260716T150002Z,2026-07-16T15:00:02.317255Z,20260716T150002Z_batch01,P22ooQf,2026-07-17T02:00:00Z,23 19 36.3,349.90125,+22 57 56,22.965555555555554,111.4,21.0,1.4,5.7,Map/Offsets,https://cgi.minorplanetcenter.net/cgi-bin/confirmeph2.cgi
20260716T150002Z,2026-07-16T15:00:02.317255Z,20260716T150002Z_batch01,P22ooQf,2026-07-17T03:00:00Z,23 19 36.9,349.90375,+22 59 20,22.98888888888889,111.4,21.0,1.4,5.7,Map/Offsets,https://cgi.minorplanetcenter.net/cgi-bin/confirmeph2.cgi
20260716T150002Z,2026-07-16T15:00:02.317255Z,20260716T150002Z_batch01,P22ooQf,2026-07-17T04:00:00Z,23 19 37.5,349.90625,+23 00 43,23.011944444444445,111.4,21.0,1.4,5.7,Map/Offsets,https://cgi.minorplanetcenter.net/cgi-bin/confirmeph2.cgi
20260716T150002Z,2026-07-16T15:00:02.317255Z,20260716T150002Z_batch01,P22ooQf,2026-07-17T05:00:00Z,23 19 38.1,349.90875,+23 02 07,23.03527777777778,111.5,21.0,1.4,5.6,Map/Offsets,https://cgi.minorplanetcenter.net/cgi-bin/confirmeph2.cgi
20260716T150002Z,2026-07-16T15:00:02.317255Z,20260716T150002Z_batch01,P22ooQf,2026-07-17T06:00:00Z,23 19 38.7,349.91125,+23 03 31,23.058611111111112,111.5,21.0,1.4,5.6,Map/Offsets,https://cgi.minorplanetcenter.net/cgi-bin/confirmeph2.cgi
20260716T150002Z,2026-07-16T15:00:02.317255Z,20260716T150002Z_batch01,P22ooQf,2026-07-17T07:00:00Z,23 19 39.3,349.91375,+23 04 55,23.081944444444446,111.5,21.0,1.4,5.6,Map/Offsets,https://cgi.minorplanetcenter.net/cgi-bin/confirmeph2.cgi
20260716T150002Z,2026-07-16T15:00:02.317255Z,20260716T150002Z_batch01,P22ooQf,2026-07-17T08:00:00Z,23 19 39.9,349.91625,+23 06 19,23.10527777777778,111.5,21.0,1.4,5.5,Map/Offsets,https://cgi.minorplanetcenter.net/cgi-bin/confirmeph2.cgi
20260716T150002Z,2026-07-16T15:00:02.317255Z,20260716T150002Z_batch01,P22ooQf,2026-07-17T09:00:00Z,23 19 40.4,349.91833333333335,+23 07 43,23.128611111111113,111.5,21.0,1.4,5.5,Map/Offsets,https://cgi.minorplanetcenter.net/cgi-bin/confirmeph2.cgi
20260716T150002Z,2026-07-16T15:00:02.317255Z,20260716T150002Z_batch01,P22ooQf,2026-07-17T10:00:00Z,23 19 41.0,349.9208333333333,+23 09 06,23.151666666666664,111.6,21.0,1.4,5.5,Map/Offsets,https://cgi.minorplanetcenter.net/cgi-bin/confirmeph2.cgi
20260716T150002Z,2026-07-16T15:00:02.317255Z,20260716T150002Z_batch01,P22ooQf,2026-07-17T11:00:00Z,23 19 41.6,349.92333333333335,+23 10 30,23.175,111.6,21.0,1.4,5.4,Map/Offsets,https://cgi.minorplanetcenter.net/cgi-bin/confirmeph2.cgi
20260716T150002Z,2026-07-16T15:00:02.317255Z,20260716T150002Z_batch01,P22ooQf,2026-07-17T12:00:00Z,23 19 42.2,349.92583333333334,+23 11 54,23.198333333333334,111.6,21.0,1.4,5.4,Map/Offsets,https://cgi.minorplanetcenter.net/cgi-bin/confirmeph2.cgi
20260716T150002Z,2026-07-16T15:00:02.317255Z,20260716T150002Z_batch01,P22ooQf,2026-07-17T13:00:00Z,23 19 42.8,349.92833333333334,+23 13 18,23.221666666666664,111.6,21.0,1.4,5.4,Map/Offsets,https://cgi.minorplanetcenter.net/cgi-bin/confirmeph2.cgi
20260716T150002Z,2026-07-16T15:00:02.317255Z,20260716T150002Z_batch01,P22ooQf,2026-07-17T14:00:00Z,23 19 43.3,349.93041666666664,+23 14 42,23.245,111.6,21.0,1.4,5.3,Map/Offsets,https://cgi.minorplanetcenter.net/cgi-bin/confirmeph2.cgi
20260716T150002Z,2026-07-16T15:00:02.317255Z,20260716T150002Z_batch01,P22ooPS,2026-07-16T14:00:00Z,23 13 40.9,348.42041666666665,+21 14 29,21.24138888888889,113.1,21.3,6.05,124.7,Map/Offsets,https://cgi.minorplanetcenter.net/cgi-bin/confirmeph2.cgi
20260716T150002Z,2026-07-16T15:00:02.317255Z,20260716T150002Z_batch01,P22ooPS,2026-07-16T15:00:00Z,23 14 02.4,348.51000000000005,+21 11 00,21.183333333333334,113.1,21.2,6.16,124.7,Map/Offsets,https://cgi.minorplanetcenter.net/cgi-bin/confirmeph2.cgi
20260716T150002Z,2026-07-16T15:00:02.317255Z,20260716T150002Z_batch01,P22ooPS,2026-07-16T16:00:00Z,23 14 24.3,348.60125,+21 07 28,21.124444444444446,113.1,21.2,6.27,124.8,Map/Offsets,https://cgi.minorplanetcenter.net/cgi-bin/confirmeph2.cgi
20260716T150002Z,2026-07-16T15:00:02.317255Z,20260716T150002Z_batch01,P22ooPS,2026-07-16T17:00:00Z,23 14 46.6,348.69416666666666,+21 03 51,21.06416666666667,113.1,21.2,6.39,124.8,Map/Offsets,https://cgi.minorplanetcenter.net/cgi-bin/confirmeph2.cgi
20260716T150002Z,2026-07-16T15:00:02.317255Z,20260716T150002Z_batch01,P22ooPS,2026-07-16T18:00:00Z,23 15 09.3,348.78875,+21 00 10,21.002777777777776,113.1,21.2,6.51,124.9,Map/Offsets,https://cgi.minorplanetcenter.net/cgi-bin/confirmeph2.cgi
20260716T150002Z,2026-07-16T15:00:02.317255Z,20260716T150002Z_batch01,P22ooPS,2026-07-16T19:00:00Z,23 15 32.4,348.885,+20 56 24,20.94,113.1,21.2,6.64,124.9,Map/Offsets,https://cgi.minorplanetcenter.net/cgi-bin/confirmeph2.cgi
20260716T150002Z,2026-07-16T15:00:02.317255Z,20260716T150002Z_batch01,P22ooPS,2026-07-16T20:00:00Z,23 15 55.9,348.98291666666665,+20 52 34,20.87611111111111,113.1,21.1,6.76,125.0,Map/Offsets,https://cgi.minorplanetcenter.net/cgi-bin/confirmeph2.cgi
20260716T150002Z,2026-07-16T15:00:02.317255Z,20260716T150002Z_batch01,P22ooPS,2026-07-16T21:00:00Z,23 16 19.9,349.0829166666667,+20 48 39,20.810833333333335,113.1,21.1,6.89,125.0,Map/Offsets,https://cgi.minorplanetcenter.net/cgi-bin/confirmeph2.cgi
20260716T150002Z,2026-07-16T15:00:02.317255Z,20260716T150002Z_batch01,P22ooPS,2026-07-16T22:00:00Z,23 16 44.2,349.18416666666667,+20 44 39,20.74416666666667,113.1,21.1,7.03,125.1,Map/Offsets,https://cgi.minorplanetcenter.net/cgi-bin/confirmeph2.cgi
20260716T150002Z,2026-07-16T15:00:02.317255Z,20260716T150002Z_batch01,P22ooPS,2026-07-16T23:00:00Z,23 17 09.1,349.2879166666667,+20 40 34,20.676111111111112,113.1,21.1,7.17,125.1,Map/Offsets,https://cgi.minorplanetcenter.net/cgi-bin/confirmeph2.cgi
20260716T150002Z,2026-07-16T15:00:02.317255Z,20260716T150002Z_batch01,P22ooPS,2026-07-17T00:00:00Z,23 17 34.4,349.3933333333333,+20 36 24,20.60666666666667,113.1,21.1,7.31,125.2,Map/Offsets,https://cgi.minorplanetcenter.net/cgi-bin/confirmeph2.cgi
20260716T150002Z,2026-07-16T15:00:02.317255Z,20260716T150002Z_batch01,P22ooPS,2026-07-17T01:00:00Z,23 18 00.2,349.50083333333333,+20 32 08,20.535555555555558,113.1,21.0,7.46,125.2,Map/Offsets,https://cgi.minorplanetcenter.net/cgi-bin/confirmeph2.cgi
20260716T150002Z,2026-07-16T15:00:02.317255Z,20260716T150002Z_batch01,P22ooPS,2026-07-17T02:00:00Z,23 18 26.4,349.61,+20 27 47,20.463055555555556,113.1,21.0,7.61,125.3,Map/Offsets,https://cgi.minorplanetcenter.net/cgi-bin/confirmeph2.cgi
20260716T150002Z,2026-07-16T15:00:02.317255Z,20260716T150002Z_batch01,P22ooPS,2026-07-17T03:00:00Z,23 18 53.2,349.7216666666667,+20 23 20,20.38888888888889,113.1,21.0,7.77,125.3,Map/Offsets,https://cgi.minorplanetcenter.net/cgi-bin/confirmeph2.cgi
20260716T150002Z,2026-07-16T15:00:02.317255Z,20260716T150002Z_batch01,P22ooPS,2026-07-17T04:00:00Z,23 19 20.6,349.8358333333333,+20 18 47,20.313055555555557,113.1,21.0,7.93,125.4,Map/Offsets,https://cgi.minorplanetcenter.net/cgi-bin/confirmeph2.cgi
20260716T150002Z,2026-07-16T15:00:02.317255Z,20260716T150002Z_batch01,P22ooPS,2026-07-17T05:00:00Z,23 19 48.4,349.95166666666665,+20 14 09,20.235833333333336,113.1,20.9,8.1,125.4,Map/Offsets,https://cgi.minorplanetcenter.net/cgi-bin/confirmeph2.cgi
20260716T150002Z,2026-07-16T15:00:02.317255Z,20260716T150002Z_batch01,P22ooPS,2026-07-17T06:00:00Z,23 20 16.8,350.06999999999994,+20 09 24,20.156666666666666,113.0,20.9,8.27,125.5,Map/Offsets,https://cgi.minorplanetcenter.net/cgi-bin/confirmeph2.cgi
20260716T150002Z,2026-07-16T15:00:02.317255Z,20260716T150002Z_batch01,P22ooPS,2026-07-17T07:00:00Z,23 20 45.8,350.19083333333333,+20 04 32,20.075555555555557,113.0,20.9,8.45,125.6,Map/Offsets,https://cgi.minorplanetcenter.net/cgi-bin/confirmeph2.cgi
20260716T150002Z,2026-07-16T15:00:02.317255Z,20260716T150002Z_batch01,P22ooPS,2026-07-17T08:00:00Z,23 21 15.4,350.31416666666667,+19 59 34,19.99277777777778,113.0,20.9,8.63,125.6,Map/Offsets,https://cgi.minorplanetcenter.net/cgi-bin/confirmeph2.cgi
20260716T150002Z,2026-07-16T15:00:02.317255Z,20260716T150002Z_batch01,P22ooPS,2026-07-17T09:00:00Z,23 21 45.6,350.44000000000005,+19 54 29,19.908055555555553,113.0,20.9,8.82,125.7,Map/Offsets,https://cgi.minorplanetcenter.net/cgi-bin/confirmeph2.cgi
20260716T150002Z,2026-07-16T15:00:02.317255Z,20260716T150002Z_batch01,P22ooPS,2026-07-17T10:00:00Z,23 22 16.4,350.5683333333333,+19 49 17,19.82138888888889,113.0,20.8,9.02,125.7,Map/Offsets,https://cgi.minorplanetcenter.net/cgi-bin/confirmeph2.cgi
20260716T150002Z,2026-07-16T15:00:02.317255Z,20260716T150002Z_batch01,P22ooPS,2026-07-17T11:00:00Z,23 22 47.8,350.69916666666666,+19 43 57,19.732499999999998,113.0,20.8,9.22,125.8,Map/Offsets,https://cgi.minorplanetcenter.net/cgi-bin/confirmeph2.cgi
20260716T150002Z,2026-07-16T15:00:02.317255Z,20260716T150002Z_batch01,P22ooPS,2026-07-17T12:00:00Z,23 23 20.0,350.8333333333333,+19 38 30,19.641666666666666,113.0,20.8,9.43,125.8,Map/Offsets,https://cgi.minorplanetcenter.net/cgi-bin/confirmeph2.cgi
20260716T150002Z,2026-07-16T15:00:02.317255Z,20260716T150002Z_batch01,P22ooPS,2026-07-17T13:00:00Z,23 23 52.8,350.96999999999997,+19 32 54,19.548333333333336,113.0,20.8,9.65,125.9,Map/Offsets,https://cgi.minorplanetcenter.net/cgi-bin/confirmeph2.cgi
20260716T150002Z,2026-07-16T15:00:02.317255Z,20260716T150002Z_batch01,P22ooPS,2026-07-17T14:00:00Z,23 24 26.3,351.10958333333326,+19 27 11,19.453055555555554,112.9,20.7,9.87,125.9,Map/Offsets,https://cgi.minorplanetcenter.net/cgi-bin/confirmeph2.cgi
20260716T150002Z,2026-07-16T15:00:02.317255Z,20260716T150002Z_batch01,P22ooQe,2026-07-16T14:00:00Z,23 55 54.6,358.9775,+23 45 03,23.750833333333333,103.6,21.8,0.95,36.0,Map/Offsets,https://cgi.minorplanetcenter.net/cgi-bin/confirmeph2.cgi
20260716T150002Z,2026-07-16T15:00:02.317255Z,20260716T150002Z_batch01,P22ooQe,2026-07-16T15:00:00Z,23 55 57.1,358.9879166666667,+23 45 49,23.76361111111111,103.6,21.8,0.95,36.0,Map/Offsets,https://cgi.minorplanetcenter.net/cgi-bin/confirmeph2.cgi
20260716T150002Z,2026-07-16T15:00:02.317255Z,20260716T150002Z_batch01,P22ooQe,2026-07-16T16:00:00Z,23 55 59.5,358.9979166666667,+23 46 36,23.776666666666667,103.6,21.8,0.95,36.0,Map/Offsets,https://cgi.minorplanetcenter.net/cgi-bin/confirmeph2.cgi
20260716T150002Z,2026-07-16T15:00:02.317255Z,20260716T150002Z_batch01,P22ooQe,2026-07-16T17:00:00Z,23 56 02.0,359.0083333333333,+23 47 22,23.789444444444445,103.6,21.8,0.95,35.9,Map/Offsets,https://cgi.minorplanetcenter.net/cgi-bin/confirmeph2.cgi
20260716T150002Z,2026-07-16T15:00:02.317255Z,20260716T150002Z_batch01,P22ooQe,2026-07-16T18:00:00Z,23 56 04.4,359.0183333333333,+23 48 08,23.802222222222223,103.7,21.8,0.95,35.9,Map/Offsets,https://cgi.minorplanetcenter.net/cgi-bin/confirmeph2.cgi
20260716T150002Z,2026-07-16T15:00:02.317255Z,20260716T150002Z_batch01,P22ooQe,2026-07-16T19:00:00Z,23 56 06.8,359.0283333333333,+23 48 54,23.815,103.7,21.8,0.95,35.9,Map/Offsets,https://cgi.minorplanetcenter.net/cgi-bin/confirmeph2.cgi
20260716T150002Z,2026-07-16T15:00:02.317255Z,20260716T150002Z_batch01,P22ooQe,2026-07-16T20:00:00Z,23 56 09.3,359.03875,+23 49 40,23.82777777777778,103.7,21.8,0.95,35.9,Map/Offsets,https://cgi.minorplanetcenter.net/cgi-bin/confirmeph2.cgi
20260716T150002Z,2026-07-16T15:00:02.317255Z,20260716T150002Z_batch01,P22ooQe,2026-07-16T21:00:00Z,23 56 11.7,359.04875000000004,+23 50 27,23.840833333333332,103.7,21.8,0.95,35.9,Map/Offsets,https://cgi.minorplanetcenter.net/cgi-bin/confirmeph2.cgi
20260716T150002Z,2026-07-16T15:00:02.317255Z,20260716T150002Z_batch01,P22ooQe,2026-07-16T22:00:00Z,23 56 14.2,359.05916666666667,+23 51 13,23.853611111111114,103.8,21.8,0.95,35.9,Map/Offsets,https://cgi.minorplanetcenter.net/cgi-bin/confirmeph2.cgi
20260716T150002Z,2026-07-16T15:00:02.317255Z,20260716T150002Z_batch01,P22ooQe,2026-07-16T23:00:00Z,23 56 16.6,359.06916666666666,+23 51 59,23.866388888888892,103.8,21.8,0.95,35.8,Map/Offsets,https://cgi.minorplanetcenter.net/cgi-bin/confirmeph2.cgi
20260716T150002Z,2026-07-16T15:00:02.317255Z,20260716T150002Z_batch01,P22ooQe,2026-07-17T00:00:00Z,23 56 19.0,359.07916666666665,+23 52 45,23.879166666666666,103.8,21.8,0.95,35.8,Map/Offsets,https://cgi.minorplanetcenter.net/cgi-bin/confirmeph2.cgi
20260716T150002Z,2026-07-16T15:00:02.317255Z,20260716T150002Z_batch01,P22ooQe,2026-07-17T01:00:00Z,23 56 21.4,359.0891666666667,+23 53 31,23.891944444444444,103.8,21.7,0.95,35.8,Map/Offsets,https://cgi.minorplanetcenter.net/cgi-bin/confirmeph2.cgi
20260716T150002Z,2026-07-16T15:00:02.317255Z,20260716T150002Z_batch01,P22ooQe,2026-07-17T02:00:00Z,23 56 23.9,359.0995833333334,+23 54 17,23.904722222222222,103.8,21.7,0.95,35.8,Map/Offsets,https://cgi.minorplanetcenter.net/cgi-bin/confirmeph2.cgi
20260716T150002Z,2026-07-16T15:00:02.317255Z,20260716T150002Z_batch01,P22ooQe,2026-07-17T03:00:00Z,23 56 26.3,359.1095833333333,+23 55 04,23.91777777777778,103.9,21.7,0.95,35.8,Map/Offsets,https://cgi.minorplanetcenter.net/cgi-bin/confirmeph2.cgi
20260716T150002Z,2026-07-16T15:00:02.317255Z,20260716T150002Z_batch01,P22ooQe,2026-07-17T04:00:00Z,23 56 28.7,359.1195833333333,+23 55 50,23.930555555555557,103.9,21.7,0.95,35.7,Map/Offsets,https://cgi.minorplanetcenter.net/cgi-bin/confirmeph2.cgi
20260716T150002Z,2026-07-16T15:00:02.317255Z,20260716T150002Z_batch01,P22ooQe,2026-07-17T05:00:00Z,23 56 31.1,359.12958333333336,+23 56 36,23.943333333333335,103.9,21.7,0.95,35.7,Map/Offsets,https://cgi.minorplanetcenter.net/cgi-bin/confirmeph2.cgi
20260716T150002Z,2026-07-16T15:00:02.317255Z,20260716T150002Z_batch01,P22ooQe,2026-07-17T06:00:00Z,23 56 33.6,359.14,+23 57 22,23.95611111111111,103.9,21.7,0.95,35.7,Map/Offsets,https://cgi.minorplanetcenter.net/cgi-bin/confirmeph2.cgi
20260716T150002Z,2026-07-16T15:00:02.317255Z,20260716T150002Z_batch01,P22ooQe,2026-07-17T07:00:00Z,23 56 36.0,359.15000000000003,+23 58 08,23.968888888888888,104.0,21.7,0.95,35.7,Map/Offsets,https://cgi.minorplanetcenter.net/cgi-bin/confirmeph2.cgi
20260716T150002Z,2026-07-16T15:00:02.317255Z,20260716T150002Z_batch01,P22ooQe,2026-07-17T08:00:00Z,23 56 38.4,359.15999999999997,+23 58 54,23.981666666666666,104.0,21.7,0.95,35.7,Map/Offsets,https://cgi.minorplanetcenter.net/cgi-bin/confirmeph2.cgi
20260716T150002Z,2026-07-16T15:00:02.317255Z,20260716T150002Z_batch01,P22ooQe,2026-07-17T09:00:00Z,23 56 40.8,359.17,+23 59 40,23.994444444444447,104.0,21.7,0.95,35.6,Map/Offsets,https://cgi.minorplanetcenter.net/cgi-bin/confirmeph2.cgi
20260716T150002Z,2026-07-16T15:00:02.317255Z,20260716T150002Z_batch01,P22ooQe,2026-07-17T10:00:00Z,23 56 43.2,359.18,+24 00 27,24.0075,104.0,21.7,0.95,35.6,Map/Offsets,https://cgi.minorplanetcenter.net/cgi-bin/confirmeph2.cgi
20260716T150002Z,2026-07-16T15:00:02.317255Z,20260716T150002Z_batch01,P22ooQe,2026-07-17T11:00:00Z,23 56 45.6,359.19,+24 01 13,24.02027777777778,104.0,21.7,0.95,35.6,Map/Offsets,https://cgi.minorplanetcenter.net/cgi-bin/confirmeph2.cgi
20260716T150002Z,2026-07-16T15:00:02.317255Z,20260716T150002Z_batch01,P22ooQe,2026-07-17T12:00:00Z,23 56 48.0,359.2,+24 01 59,24.033055555555556,104.1,21.7,0.94,35.6,Map/Offsets,https://cgi.minorplanetcenter.net/cgi-bin/confirmeph2.cgi
20260716T150002Z,2026-07-16T15:00:02.317255Z,20260716T150002Z_batch01,P22ooQe,2026-07-17T13:00:00Z,23 56 50.4,359.21,+24 02 45,24.045833333333334,104.1,21.7,0.94,35.6,Map/Offsets,https://cgi.minorplanetcenter.net/cgi-bin/confirmeph2.cgi
20260716T150002Z,2026-07-16T15:00:02.317255Z,20260716T150002Z_batch01,P22ooQe,2026-07-17T14:00:00Z,23 56 52.8,359.22,+24 03 31,24.058611111111112,104.1,21.7,0.94,35.5,Map/Offsets,https://cgi.minorplanetcenter.net/cgi-bin/confirmeph2.cgi
20260716T150002Z,2026-07-16T15:00:02.317255Z,20260716T150002Z_batch01,P22ooOY,2026-07-16T14:00:00Z,22 50 54.6,342.72749999999996,+14 18 32,14.30888888888889,121.6,20.9,9.06,44.2,Map/Offsets,https://cgi.minorplanetcenter.net/cgi-bin/confirmeph2.cgi
20260716T150002Z,2026-07-16T15:00:02.317255Z,20260716T150002Z_batch01,P22ooOY,2026-07-16T15:00:00Z,22 51 20.7,342.83625,+14 25 03,14.417499999999999,121.5,20.9,9.14,44.2,Map/Offsets,https://cgi.minorplanetcenter.net/cgi-bin/confirmeph2.cgi
20260716T150002Z,2026-07-16T15:00:02.317255Z,20260716T150002Z_batch01,P22ooOY,2026-07-16T16:00:00Z,22 51 47.2,342.9466666666667,+14 31 38,14.527222222222223,121.3,20.8,9.22,44.2,Map/Offsets,https://cgi.minorplanetcenter.net/cgi-bin/confirmeph2.cgi
20260716T150002Z,2026-07-16T15:00:02.317255Z,20260716T150002Z_batch01,P22ooOY,2026-07-16T17:00:00Z,22 52 13.9,343.05791666666664,+14 38 17,14.638055555555555,121.2,20.8,9.31,44.2,Map/Offsets,https://cgi.minorplanetcenter.net/cgi-bin/confirmeph2.cgi
20260716T150002Z,2026-07-16T15:00:02.317255Z,20260716T150002Z_batch01,P22ooOY,2026-07-16T18:00:00Z,22 52 40.9,343.17041666666665,+14 44 59,14.749722222222221,121.1,20.8,9.39,44.3,Map/Offsets,https://cgi.minorplanetcenter.net/cgi-bin/confirmeph2.cgi
20260716T150002Z,2026-07-16T15:00:02.317255Z,20260716T150002Z_batch01,P22ooOY,2026-07-16T19:00:00Z,22 53 08.1,343.28375,+14 51 44,14.862222222222222,121.0,20.8,9.48,44.3,Map/Offsets,https://cgi.minorplanetcenter.net/cgi-bin/confirmeph2.cgi
20260716T150002Z,2026-07-16T15:00:02.317255Z,20260716T150002Z_batch01,P22ooOY,2026-07-16T20:00:00Z,22 53 35.7,343.39874999999995,+14 58 33,14.975833333333334,120.9,20.8,9.57,44.3,Map/Offsets,https://cgi.minorplanetcenter.net/cgi-bin/confirmeph2.cgi
20260716T150002Z,2026-07-16T15:00:02.317255Z,20260716T150002Z_batch01,P22ooOY,2026-07-16T21:00:00Z,22 54 03.5,343.51458333333335,+15 05 26,15.090555555555556,120.7,20.8,9.66,44.3,Map/Offsets,https://cgi.minorplanetcenter.net/cgi-bin/confirmeph2.cgi
20260716T150002Z,2026-07-16T15:00:02.317255Z,20260716T150002Z_batch01,P22ooOY,2026-07-16T22:00:00Z,22 54 31.6,343.6316666666666,+15 12 22,15.20611111111111,120.6,20.8,9.75,44.4,Map/Offsets,https://cgi.minorplanetcenter.net/cgi-bin/confirmeph2.cgi
20260716T150002Z,2026-07-16T15:00:02.317255Z,20260716T150002Z_batch01,P22ooOY,2026-07-16T23:00:00Z,22 55 00.0,343.75,+15 19 22,15.322777777777777,120.5,20.8,9.84,44.4,Map/Offsets,https://cgi.minorplanetcenter.net/cgi-bin/confirmeph2.cgi
20260716T150002Z,2026-07-16T15:00:02.317255Z,20260716T150002Z_batch01,P22ooOY,2026-07-17T00:00:00Z,22 55 28.7,343.86958333333337,+15 26 26,15.440555555555555,120.4,20.8,9.93,44.4,Map/Offsets,https://cgi.minorplanetcenter.net/cgi-bin/confirmeph2.cgi
20260716T150002Z,2026-07-16T15:00:02.317255Z,20260716T150002Z_batch01,P22ooOY,2026-07-17T01:00:00Z,22 55 57.7,343.9904166666667,+15 33 33,15.559166666666668,120.2,20.8,10.03,44.5,Map/Offsets,https://cgi.minorplanetcenter.net/cgi-bin/confirmeph2.cgi
20260716T150002Z,2026-07-16T15:00:02.317255Z,20260716T150002Z_batch01,P22ooOY,2026-07-17T02:00:00Z,22 56 27.1,344.11291666666665,+15 40 45,15.679166666666665,120.1,20.8,10.12,44.5,Map/Offsets,https://cgi.minorplanetcenter.net/cgi-bin/confirmeph2.cgi
20260716T150002Z,2026-07-16T15:00:02.317255Z,20260716T150002Z_batch01,P22ooOY,2026-07-17T03:00:00Z,22 56 56.7,344.23625000000004,+15 48 00,15.8,120.0,20.8,10.22,44.5,Map/Offsets,https://cgi.minorplanetcenter.net/cgi-bin/confirmeph2.cgi
20260716T150002Z,2026-07-16T15:00:02.317255Z,20260716T150002Z_batch01,P22ooOY,2026-07-17T04:00:00Z,22 57 26.6,344.36083333333335,+15 55 19,15.921944444444444,119.9,20.8,10.32,44.6,Map/Offsets,https://cgi.minorplanetcenter.net/cgi-bin/confirmeph2.cgi
20260716T150002Z,2026-07-16T15:00:02.317255Z,20260716T150002Z_batch01,P22ooOY,2026-07-17T05:00:00Z,22 57 56.9,344.4870833333333,+16 02 42,16.045,119.7,20.8,10.41,44.6,Map/Offsets,https://cgi.minorplanetcenter.net/cgi-bin/confirmeph2.cgi
20260716T150002Z,2026-07-16T15:00:02.317255Z,20260716T150002Z_batch01,P22ooOY,2026-07-17T06:00:00Z,22 58 27.5,344.6145833333333,+16 10 09,16.16916666666667,119.6,20.7,10.51,44.6,Map/Offsets,https://cgi.minorplanetcenter.net/cgi-bin/confirmeph2.cgi
20260716T150002Z,2026-07-16T15:00:02.317255Z,20260716T150002Z_batch01,P22ooOY,2026-07-17T07:00:00Z,22 58 58.4,344.7433333333333,+16 17 40,16.294444444444448,119.4,20.7,10.61,44.7,Map/Offsets,https://cgi.minorplanetcenter.net/cgi-bin/confirmeph2.cgi
20260716T150002Z,2026-07-16T15:00:02.317255Z,20260716T150002Z_batch01,P22ooOY,2026-07-17T08:00:00Z,22 59 29.7,344.87375000000003,+16 25 15,16.420833333333334,119.3,20.7,10.72,44.7,Map/Offsets,https://cgi.minorplanetcenter.net/cgi-bin/confirmeph2.cgi
20260716T150002Z,2026-07-16T15:00:02.317255Z,20260716T150002Z_batch01,P22ooOY,2026-07-17T09:00:00Z,23 00 01.3,345.0054166666667,+16 32 54,16.548333333333336,119.2,20.7,10.82,44.7,Map/Offsets,https://cgi.minorplanetcenter.net/cgi-bin/confirmeph2.cgi
20260716T150002Z,2026-07-16T15:00:02.317255Z,20260716T150002Z_batch01,P22ooOY,2026-07-17T10:00:00Z,23 00 33.2,345.1383333333333,+16 40 38,16.677222222222223,119.0,20.7,10.93,44.8,Map/Offsets,https://cgi.minorplanetcenter.net/cgi-bin/confirmeph2.cgi
20260716T150002Z,2026-07-16T15:00:02.317255Z,20260716T150002Z_batch01,P22ooOY,2026-07-17T11:00:00Z,23 01 05.5,345.2729166666667,+16 48 25,16.806944444444444,118.9,20.7,11.03,44.8,Map/Offsets,https://cgi.minorplanetcenter.net/cgi-bin/confirmeph2.cgi
20260716T150002Z,2026-07-16T15:00:02.317255Z,20260716T150002Z_batch01,P22ooOY,2026-07-17T12:00:00Z,23 01 38.2,345.40916666666664,+16 56 17,16.938055555555557,118.7,20.7,11.14,44.8,Map/Offsets,https://cgi.minorplanetcenter.net/cgi-bin/confirmeph2.cgi
20260716T150002Z,2026-07-16T15:00:02.317255Z,20260716T150002Z_batch01,P22ooOY,2026-07-17T13:00:00Z,23 02 11.2,345.5466666666667,+17 04 13,17.07027777777778,118.6,20.7,11.25,44.9,Map/Offsets,https://cgi.minorplanetcenter.net/cgi-bin/confirmeph2.cgi
20260716T150002Z,2026-07-16T15:00:02.317255Z,20260716T150002Z_batch01,P22ooOY,2026-07-17T14:00:00Z,23 02 44.6,345.68583333333333,+17 12 14,17.203888888888887,118.4,20.7,11.36,44.9,Map/Offsets,https://cgi.minorplanetcenter.net/cgi-bin/confirmeph2.cgi
20260716T150002Z,2026-07-16T15:00:02.317255Z,20260716T150002Z_batch01,P22ooOw,2026-07-16T14:00:00Z,17 43 33.7,265.8904166666666,+55 13 58,55.23277777777778,99.3,22.2,0.68,317.4,Map/Offsets,https://cgi.minorplanetcenter.net/cgi-bin/confirmeph2.cgi
20260716T150002Z,2026-07-16T15:00:02.317255Z,20260716T150002Z_batch01,P22ooOw,2026-07-16T15:00:00Z,17 43 30.5,265.87708333333336,+55 14 28,55.24111111111111,99.3,22.2,0.67,317.4,Map/Offsets,https://cgi.minorplanetcenter.net/cgi-bin/confirmeph2.cgi
20260716T150002Z,2026-07-16T15:00:02.317255Z,20260716T150002Z_batch01,P22ooOw,2026-07-16T16:00:00Z,17 43 27.3,265.86375,+55 14 58,55.24944444444444,99.3,22.2,0.67,317.3,Map/Offsets,https://cgi.minorplanetcenter.net/cgi-bin/confirmeph2.cgi
20260716T150002Z,2026-07-16T15:00:02.317255Z,20260716T150002Z_batch01,P22ooOw,2026-07-16T17:00:00Z,17 43 24.1,265.85041666666666,+55 15 28,55.257777777777775,99.3,22.2,0.67,317.3,Map/Offsets,https://cgi.minorplanetcenter.net/cgi-bin/confirmeph2.cgi
20260716T150002Z,2026-07-16T15:00:02.317255Z,20260716T150002Z_batch01,P22ooOw,2026-07-16T18:00:00Z,17 43 20.9,265.8370833333333,+55 15 57,55.26583333333333,99.3,22.2,0.67,317.3,Map/Offsets,https://cgi.minorplanetcenter.net/cgi-bin/confirmeph2.cgi
20260716T150002Z,2026-07-16T15:00:02.317255Z,20260716T150002Z_batch01,P22ooOw,2026-07-16T19:00:00Z,17 43 17.7,265.82374999999996,+55 16 27,55.274166666666666,99.3,22.2,0.67,317.2,Map/Offsets,https://cgi.minorplanetcenter.net/cgi-bin/confirmeph2.cgi
20260716T150002Z,2026-07-16T15:00:02.317255Z,20260716T150002Z_batch01,P22ooOw,2026-07-16T20:00:00Z,17 43 14.5,265.81041666666664,+55 16 56,55.282222222222224,99.2,22.2,0.67,317.2,Map/Offsets,https://cgi.minorplanetcenter.net/cgi-bin/confirmeph2.cgi
20260716T150002Z,2026-07-16T15:00:02.317255Z,20260716T150002Z_batch01,P22ooOw,2026-07-16T21:00:00Z,17 43 11.3,265.79708333333326,+55 17 26,55.29055555555556,99.2,22.2,0.67,317.2,Map/Offsets,https://cgi.minorplanetcenter.net/cgi-bin/confirmeph2.cgi
20260716T150002Z,2026-07-16T15:00:02.317255Z,20260716T150002Z_batch01,P22ooOw,2026-07-16T22:00:00Z,17 43 08.1,265.78375,+55 17 55,55.29861111111111,99.2,22.2,0.67,317.1,Map/Offsets,https://cgi.minorplanetcenter.net/cgi-bin/confirmeph2.cgi
20260716T150002Z,2026-07-16T15:00:02.317255Z,20260716T150002Z_batch01,P22ooOw,2026-07-16T23:00:00Z,17 43 05.0,265.7708333333333,+55 18 24,55.306666666666665,99.2,22.2,0.67,317.1,Map/Offsets,https://cgi.minorplanetcenter.net/cgi-bin/confirmeph2.cgi
20260716T150002Z,2026-07-16T15:00:02.317255Z,20260716T150002Z_batch01,P22ooOw,2026-07-17T00:00:00Z,17 43 01.8,265.75749999999994,+55 18 54,55.315,99.2,22.2,0.66,317.1,Map/Offsets,https://cgi.minorplanetcenter.net/cgi-bin/confirmeph2.cgi
20260716T150002Z,2026-07-16T15:00:02.317255Z,20260716T150002Z_batch01,P22ooOw,2026-07-17T01:00:00Z,17 42 58.6,265.7441666666666,+55 19 23,55.323055555555555,99.2,22.2,0.66,317.0,Map/Offsets,https://cgi.minorplanetcenter.net/cgi-bin/confirmeph2.cgi
20260716T150002Z,2026-07-16T15:00:02.317255Z,20260716T150002Z_batch01,P22ooOw,2026-07-17T02:00:00Z,17 42 55.4,265.73083333333335,+55 19 52,55.33111111111111,99.2,22.2,0.66,317.0,Map/Offsets,https://cgi.minorplanetcenter.net/cgi-bin/confirmeph2.cgi
20260716T150002Z,2026-07-16T15:00:02.317255Z,20260716T150002Z_batch01,P22ooOw,2026-07-17T03:00:00Z,17 42 52.2,265.71750000000003,+55 20 21,55.33916666666667,99.1,22.2,0.66,317.0,Map/Offsets,https://cgi.minorplanetcenter.net/cgi-bin/confirmeph2.cgi
20260716T150002Z,2026-07-16T15:00:02.317255Z,20260716T150002Z_batch01,P22ooOw,2026-07-17T04:00:00Z,17 42 49.1,265.7045833333333,+55 20 50,55.34722222222222,99.1,22.2,0.66,316.9,Map/Offsets,https://cgi.minorplanetcenter.net/cgi-bin/confirmeph2.cgi
20260716T150002Z,2026-07-16T15:00:02.317255Z,20260716T150002Z_batch01,P22ooOw,2026-07-17T05:00:00Z,17 42 45.9,265.69124999999997,+55 21 19,55.35527777777778,99.1,22.2,0.66,316.9,Map/Offsets,https://cgi.minorplanetcenter.net/cgi-bin/confirmeph2.cgi
20260716T150002Z,2026-07-16T15:00:02.317255Z,20260716T150002Z_batch01,P22ooOw,2026-07-17T06:00:00Z,17 42 42.7,265.6779166666667,+55 21 47,55.363055555555555,99.1,22.2,0.66,316.8,Map/Offsets,https://cgi.minorplanetcenter.net/cgi-bin/confirmeph2.cgi
20260716T150002Z,2026-07-16T15:00:02.317255Z,20260716T150002Z_batch01,P22ooOw,2026-07-17T07:00:00Z,17 42 39.6,265.66499999999996,+55 22 16,55.37111111111111,99.1,22.2,0.66,316.8,Map/Offsets,https://cgi.minorplanetcenter.net/cgi-bin/confirmeph2.cgi
20260716T150002Z,2026-07-16T15:00:02.317255Z,20260716T150002Z_batch01,P22ooOw,2026-07-17T08:00:00Z,17 42 36.4,265.65166666666664,+55 22 45,55.37916666666667,99.1,22.2,0.66,316.8,Map/Offsets,https://cgi.minorplanetcenter.net/cgi-bin/confirmeph2.cgi
20260716T150002Z,2026-07-16T15:00:02.317255Z,20260716T150002Z_batch01,P22ooOw,2026-07-17T09:00:00Z,17 42 33.2,265.6383333333333,+55 23 13,55.386944444444445,99.0,22.2,0.65,316.7,Map/Offsets,https://cgi.minorplanetcenter.net/cgi-bin/confirmeph2.cgi
20260716T150002Z,2026-07-16T15:00:02.317255Z,20260716T150002Z_batch01,P22ooOw,2026-07-17T10:00:00Z,17 42 30.1,265.62541666666664,+55 23 42,55.394999999999996,99.0,22.2,0.65,316.7,Map/Offsets,https://cgi.minorplanetcenter.net/cgi-bin/confirmeph2.cgi
20260716T150002Z,2026-07-16T15:00:02.317255Z,20260716T150002Z_batch01,P22ooOw,2026-07-17T11:00:00Z,17 42 26.9,265.6120833333333,+55 24 11,55.403055555555554,99.0,22.2,0.65,316.7,Map/Offsets,https://cgi.minorplanetcenter.net/cgi-bin/confirmeph2.cgi
20260716T150002Z,2026-07-16T15:00:02.317255Z,20260716T150002Z_batch01,P22ooOw,2026-07-17T12:00:00Z,17 42 23.8,265.5991666666667,+55 24 39,55.41083333333333,99.0,22.2,0.65,316.6,Map/Offsets,https://cgi.minorplanetcenter.net/cgi-bin/confirmeph2.cgi
20260716T150002Z,2026-07-16T15:00:02.317255Z,20260716T150002Z_batch01,P22ooOw,2026-07-17T13:00:00Z,17 42 20.6,265.5858333333333,+55 25 07,55.41861111111111,99.0,22.2,0.65,316.6,Map/Offsets,https://cgi.minorplanetcenter.net/cgi-bin/confirmeph2.cgi
20260716T150002Z,2026-07-16T15:00:02.317255Z,20260716T150002Z_batch01,P22ooOw,2026-07-17T14:00:00Z,17 42 17.5,265.5729166666667,+55 25 36,55.42666666666666,99.0,22.2,0.65,316.6,Map/Offsets,https://cgi.minorplanetcenter.net/cgi-bin/confirmeph2.cgi
20260716T150002Z,2026-07-16T15:00:02.317255Z,20260716T150002Z_batch01,P12ooOz,2026-07-16T14:00:00Z,15 53 40.2,238.4175,+20 32 49,20.546944444444446,110.2,21.3,4.31,99.0,Map/Offsets,https://cgi.minorplanetcenter.net/cgi-bin/confirmeph2.cgi
20260716T150002Z,2026-07-16T15:00:02.317255Z,20260716T150002Z_batch01,P12ooOz,2026-07-16T15:00:00Z,15 53 58.2,238.4925,+20 32 09,20.535833333333336,110.2,21.3,4.24,99.1,Map/Offsets,https://cgi.minorplanetcenter.net/cgi-bin/confirmeph2.cgi
20260716T150002Z,2026-07-16T15:00:02.317255Z,20260716T150002Z_batch01,P12ooOz,2026-07-16T16:00:00Z,15 54 15.9,238.56625,+20 31 29,20.52472222222222,110.3,21.3,4.16,99.1,Map/Offsets,https://cgi.minorplanetcenter.net/cgi-bin/confirmeph2.cgi
20260716T150002Z,2026-07-16T15:00:02.317255Z,20260716T150002Z_batch01,P12ooOz,2026-07-16T17:00:00Z,15 54 33.4,238.63916666666665,+20 30 50,20.51388888888889,110.3,21.4,4.09,99.1,Map/Offsets,https://cgi.minorplanetcenter.net/cgi-bin/confirmeph2.cgi
20260716T150002Z,2026-07-16T15:00:02.317255Z,20260716T150002Z_batch01,P12ooOz,2026-07-16T18:00:00Z,15 54 50.5,238.71041666666667,+20 30 11,20.503055555555555,110.3,21.4,4.02,99.2,Map/Offsets,https://cgi.minorplanetcenter.net/cgi-bin/confirmeph2.cgi
20260716T150002Z,2026-07-16T15:00:02.317255Z,20260716T150002Z_batch01,P12ooOz,2026-07-16T19:00:00Z,15 55 07.3,238.78041666666667,+20 29 33,20.4925,110.4,21.4,3.95,99.2,Map/Offsets,https://cgi.minorplanetcenter.net/cgi-bin/confirmeph2.cgi
20260716T150002Z,2026-07-16T15:00:02.317255Z,20260716T150002Z_batch01,P12ooOz,2026-07-16T20:00:00Z,15 55 23.8,238.84916666666666,+20 28 55,20.481944444444444,110.4,21.4,3.88,99.2,Map/Offsets,https://cgi.minorplanetcenter.net/cgi-bin/confirmeph2.cgi
20260716T150002Z,2026-07-16T15:00:02.317255Z,20260716T150002Z_batch01,P12ooOz,2026-07-16T21:00:00Z,15 55 40.0,238.91666666666666,+20 28 18,20.471666666666664,110.4,21.4,3.82,99.3,Map/Offsets,https://cgi.minorplanetcenter.net/cgi-bin/confirmeph2.cgi
20260716T150002Z,2026-07-16T15:00:02.317255Z,20260716T150002Z_batch01,P12ooOz,2026-07-16T22:00:00Z,15 55 56.0,238.98333333333335,+20 27 41,20.461388888888887,110.5,21.5,3.76,99.3,Map/Offsets,https://cgi.minorplanetcenter.net/cgi-bin/confirmeph2.cgi
20260716T150002Z,2026-07-16T15:00:02.317255Z,20260716T150002Z_batch01,P12ooOz,2026-07-16T23:00:00Z,15 56 11.7,239.04874999999998,+20 27 05,20.45138888888889,110.5,21.5,3.69,99.3,Map/Offsets,https://cgi.minorplanetcenter.net/cgi-bin/confirmeph2.cgi
20260716T150002Z,2026-07-16T15:00:02.317255Z,20260716T150002Z_batch01,P12ooOz,2026-07-17T00:00:00Z,15 56 27.1,239.11291666666668,+20 26 29,20.441388888888888,110.5,21.5,3.63,99.4,Map/Offsets,https://cgi.minorplanetcenter.net/cgi-bin/confirmeph2.cgi
20260716T150002Z,2026-07-16T15:00:02.317255Z,20260716T150002Z_batch01,P12ooOz,2026-07-17T01:00:00Z,15 56 42.3,239.17624999999998,+20 25 54,20.43166666666667,110.5,21.5,3.58,99.4,Map/Offsets,https://cgi.minorplanetcenter.net/cgi-bin/confirmeph2.cgi
20260716T150002Z,2026-07-16T15:00:02.317255Z,20260716T150002Z_batch01,P12ooOz,2026-07-17T02:00:00Z,15 56 57.2,239.23833333333332,+20 25 19,20.421944444444446,110.6,21.5,3.52,99.4,Map/Offsets,https://cgi.minorplanetcenter.net/cgi-bin/confirmeph2.cgi
20260716T150002Z,2026-07-16T15:00:02.317255Z,20260716T150002Z_batch01,P12ooOz,2026-07-17T03:00:00Z,15 57 11.9,239.29958333333335,+20 24 45,20.412499999999998,110.6,21.5,3.46,99.5,Map/Offsets,https://cgi.minorplanetcenter.net/cgi-bin/confirmeph2.cgi
20260716T150002Z,2026-07-16T15:00:02.317255Z,20260716T150002Z_batch01,P12ooOz,2026-07-17T04:00:00Z,15 57 26.4,239.35999999999999,+20 24 11,20.403055555555554,110.6,21.6,3.41,99.5,Map/Offsets,https://cgi.minorplanetcenter.net/cgi-bin/confirmeph2.cgi
20260716T150002Z,2026-07-16T15:00:02.317255Z,20260716T150002Z_batch01,P12ooOz,2026-07-17T05:00:00Z,15 57 40.6,239.41916666666665,+20 23 37,20.39361111111111,110.6,21.6,3.35,99.5,Map/Offsets,https://cgi.minorplanetcenter.net/cgi-bin/confirmeph2.cgi
20260716T150002Z,2026-07-16T15:00:02.317255Z,20260716T150002Z_batch01,P12ooOz,2026-07-17T06:00:00Z,15 57 54.6,239.4775,+20 23 04,20.384444444444444,110.7,21.6,3.3,99.6,Map/Offsets,https://cgi.minorplanetcenter.net/cgi-bin/confirmeph2.cgi
20260716T150002Z,2026-07-16T15:00:02.317255Z,20260716T150002Z_batch01,P12ooOz,2026-07-17T07:00:00Z,15 58 08.4,239.535,+20 22 31,20.37527777777778,110.7,21.6,3.25,99.6,Map/Offsets,https://cgi.minorplanetcenter.net/cgi-bin/confirmeph2.cgi
20260716T150002Z,2026-07-16T15:00:02.317255Z,20260716T150002Z_batch01,P12ooOz,2026-07-17T08:00:00Z,15 58 22.0,239.59166666666667,+20 21 59,20.366388888888892,110.7,21.6,3.2,99.6,Map/Offsets,https://cgi.minorplanetcenter.net/cgi-bin/confirmeph2.cgi
20260716T150002Z,2026-07-16T15:00:02.317255Z,20260716T150002Z_batch01,P12ooOz,2026-07-17T09:00:00Z,15 58 35.3,239.64708333333334,+20 21 27,20.3575,110.7,21.6,3.15,99.7,Map/Offsets,https://cgi.minorplanetcenter.net/cgi-bin/confirmeph2.cgi
20260716T150002Z,2026-07-16T15:00:02.317255Z,20260716T150002Z_batch01,P12ooOz,2026-07-17T10:00:00Z,15 58 48.5,239.70208333333335,+20 20 55,20.34861111111111,110.7,21.7,3.11,99.7,Map/Offsets,https://cgi.minorplanetcenter.net/cgi-bin/confirmeph2.cgi
20260716T150002Z,2026-07-16T15:00:02.317255Z,20260716T150002Z_batch01,P12ooOz,2026-07-17T11:00:00Z,15 59 01.5,239.75625,+20 20 24,20.34,110.7,21.7,3.06,99.7,Map/Offsets,https://cgi.minorplanetcenter.net/cgi-bin/confirmeph2.cgi
20260716T150002Z,2026-07-16T15:00:02.317255Z,20260716T150002Z_batch01,P12ooOz,2026-07-17T12:00:00Z,15 59 14.2,239.80916666666667,+20 19 53,20.33138888888889,110.8,21.7,3.02,99.8,Map/Offsets,https://cgi.minorplanetcenter.net/cgi-bin/confirmeph2.cgi
20260716T150002Z,2026-07-16T15:00:02.317255Z,20260716T150002Z_batch01,P12ooOz,2026-07-17T13:00:00Z,15 59 26.8,239.86166666666668,+20 19 23,20.323055555555555,110.8,21.7,2.97,99.8,Map/Offsets,https://cgi.minorplanetcenter.net/cgi-bin/confirmeph2.cgi
20260716T150002Z,2026-07-16T15:00:02.317255Z,20260716T150002Z_batch01,P12ooOz,2026-07-17T14:00:00Z,15 59 39.2,239.91333333333333,+20 18 52,20.314444444444444,110.8,21.7,2.93,99.8,Map/Offsets,https://cgi.minorplanetcenter.net/cgi-bin/confirmeph2.cgi
20260716T150002Z,2026-07-16T15:00:02.317255Z,20260716T150002Z_batch01,P12ooOy,2026-07-16T14:00:00Z,15 10 43.9,227.68291666666667,+18 02 50,18.047222222222224,102.7,22.3,0.95,293.7,Map/Offsets,https://cgi.minorplanetcenter.net/cgi-bin/confirmeph2.cgi
20260716T150002Z,2026-07-16T15:00:02.317255Z,20260716T150002Z_batch01,P12ooOy,2026-07-16T15:00:00Z,15 10 40.3,227.66791666666666,+18 03 12,18.053333333333335,102.7,22.3,0.94,293.7,Map/Offsets,https://cgi.minorplanetcenter.net/cgi-bin/confirmeph2.cgi
20260716T150002Z,2026-07-16T15:00:02.317255Z,20260716T150002Z_batch01,P12ooOy,2026-07-16T16:00:00Z,15 10 36.7,227.65291666666664,+18 03 35,18.059722222222224,102.6,22.3,0.93,293.7,Map/Offsets,https://cgi.minorplanetcenter.net/cgi-bin/confirmeph2.cgi
20260716T150002Z,2026-07-16T15:00:02.317255Z,20260716T150002Z_batch01,P12ooOy,2026-07-16T17:00:00Z,15 10 33.1,227.63791666666665,+18 03 58,18.066111111111113,102.6,22.3,0.93,293.7,Map/Offsets,https://cgi.minorplanetcenter.net/cgi-bin/confirmeph2.cgi
20260716T150002Z,2026-07-16T15:00:02.317255Z,20260716T150002Z_batch01,P12ooOy,2026-07-16T18:00:00Z,15 10 29.5,227.62291666666667,+18 04 20,18.072222222222223,102.6,22.3,0.92,293.7,Map/Offsets,https://cgi.minorplanetcenter.net/cgi-bin/confirmeph2.cgi
20260716T150002Z,2026-07-16T15:00:02.317255Z,20260716T150002Z_batch01,P12ooOy,2026-07-16T19:00:00Z,15 10 26.0,227.60833333333332,+18 04 42,18.078333333333333,102.5,22.3,0.92,293.7,Map/Offsets,https://cgi.minorplanetcenter.net/cgi-bin/confirmeph2.cgi
20260716T150002Z,2026-07-16T15:00:02.317255Z,20260716T150002Z_batch01,P12ooOy,2026-07-16T20:00:00Z,15 10 22.5,227.59375,+18 05 04,18.084444444444443,102.5,22.3,0.91,293.7,Map/Offsets,https://cgi.minorplanetcenter.net/cgi-bin/confirmeph2.cgi
20260716T150002Z,2026-07-16T15:00:02.317255Z,20260716T150002Z_batch01,P12ooOy,2026-07-16T21:00:00Z,15 10 19.0,227.57916666666665,+18 05 26,18.090555555555554,102.4,22.3,0.91,293.7,Map/Offsets,https://cgi.minorplanetcenter.net/cgi-bin/confirmeph2.cgi
20260716T150002Z,2026-07-16T15:00:02.317255Z,20260716T150002Z_batch01,P12ooOy,2026-07-16T22:00:00Z,15 10 15.5,227.56458333333333,+18 05 48,18.096666666666664,102.4,22.3,0.9,293.7,Map/Offsets,https://cgi.minorplanetcenter.net/cgi-bin/confirmeph2.cgi
20260716T150002Z,2026-07-16T15:00:02.317255Z,20260716T150002Z_batch01,P12ooOy,2026-07-16T23:00:00Z,15 10 12.1,227.55041666666665,+18 06 09,18.102500000000003,102.3,22.3,0.89,293.7,Map/Offsets,https://cgi.minorplanetcenter.net/cgi-bin/confirmeph2.cgi
20260716T150002Z,2026-07-16T15:00:02.317255Z,20260716T150002Z_batch01,P12ooOy,2026-07-17T00:00:00Z,15 10 08.6,227.53583333333333,+18 06 31,18.108611111111113,102.3,22.3,0.89,293.6,Map/Offsets,https://cgi.minorplanetcenter.net/cgi-bin/confirmeph2.cgi
20260716T150002Z,2026-07-16T15:00:02.317255Z,20260716T150002Z_batch01,P12ooOy,2026-07-17T01:00:00Z,15 10 05.2,227.52166666666668,+18 06 52,18.114444444444445,102.2,22.3,0.88,293.6,Map/Offsets,https://cgi.minorplanetcenter.net/cgi-bin/confirmeph2.cgi
20260716T150002Z,2026-07-16T15:00:02.317255Z,20260716T150002Z_batch01,P12ooOy,2026-07-17T02:00:00Z,15 10 01.8,227.5075,+18 07 13,18.12027777777778,102.2,22.3,0.88,293.6,Map/Offsets,https://cgi.minorplanetcenter.net/cgi-bin/confirmeph2.cgi
20260716T150002Z,2026-07-16T15:00:02.317255Z,20260716T150002Z_batch01,P12ooOy,2026-07-17T03:00:00Z,15 09 58.4,227.49333333333334,+18 07 34,18.12611111111111,102.1,22.3,0.87,293.6,Map/Offsets,https://cgi.minorplanetcenter.net/cgi-bin/confirmeph2.cgi
20260716T150002Z,2026-07-16T15:00:02.317255Z,20260716T150002Z_batch01,P12ooOy,2026-07-17T04:00:00Z,15 09 55.1,227.47958333333332,+18 07 55,18.131944444444446,102.1,22.4,0.87,293.6,Map/Offsets,https://cgi.minorplanetcenter.net/cgi-bin/confirmeph2.cgi
20260716T150002Z,2026-07-16T15:00:02.317255Z,20260716T150002Z_batch01,P12ooOy,2026-07-17T05:00:00Z,15 09 51.8,227.46583333333334,+18 08 16,18.137777777777778,102.0,22.4,0.86,293.6,Map/Offsets,https://cgi.minorplanetcenter.net/cgi-bin/confirmeph2.cgi
20260716T150002Z,2026-07-16T15:00:02.317255Z,20260716T150002Z_batch01,P12ooOy,2026-07-17T06:00:00Z,15 09 48.4,227.45166666666665,+18 08 36,18.143333333333334,102.0,22.4,0.86,293.6,Map/Offsets,https://cgi.minorplanetcenter.net/cgi-bin/confirmeph2.cgi
20260716T150002Z,2026-07-16T15:00:02.317255Z,20260716T150002Z_batch01,P12ooOy,2026-07-17T07:00:00Z,15 09 45.2,227.43833333333333,+18 08 57,18.149166666666666,101.9,22.4,0.85,293.6,Map/Offsets,https://cgi.minorplanetcenter.net/cgi-bin/confirmeph2.cgi
20260716T150002Z,2026-07-16T15:00:02.317255Z,20260716T150002Z_batch01,P12ooOy,2026-07-17T08:00:00Z,15 09 41.9,227.42458333333335,+18 09 17,18.154722222222222,101.9,22.4,0.84,293.6,Map/Offsets,https://cgi.minorplanetcenter.net/cgi-bin/confirmeph2.cgi
20260716T150002Z,2026-07-16T15:00:02.317255Z,20260716T150002Z_batch01,P12ooOy,2026-07-17T09:00:00Z,15 09 38.6,227.41083333333333,+18 09 37,18.160277777777775,101.8,22.4,0.84,293.5,Map/Offsets,https://cgi.minorplanetcenter.net/cgi-bin/confirmeph2.cgi
20260716T150002Z,2026-07-16T15:00:02.317255Z,20260716T150002Z_batch01,P12ooOy,2026-07-17T10:00:00Z,15 09 35.4,227.3975,+18 09 57,18.16583333333333,101.8,22.4,0.83,293.5,Map/Offsets,https://cgi.minorplanetcenter.net/cgi-bin/confirmeph2.cgi
20260716T150002Z,2026-07-16T15:00:02.317255Z,20260716T150002Z_batch01,P12ooOy,2026-07-17T11:00:00Z,15 09 32.2,227.3841666666667,+18 10 17,18.17138888888889,101.8,22.4,0.83,293.5,Map/Offsets,https://cgi.minorplanetcenter.net/cgi-bin/confirmeph2.cgi
20260716T150002Z,2026-07-16T15:00:02.317255Z,20260716T150002Z_batch01,P12ooOy,2026-07-17T12:00:00Z,15 09 29.0,227.37083333333334,+18 10 37,18.176944444444445,101.7,22.4,0.82,293.5,Map/Offsets,https://cgi.minorplanetcenter.net/cgi-bin/confirmeph2.cgi
20260716T150002Z,2026-07-16T15:00:02.317255Z,20260716T150002Z_batch01,P12ooOy,2026-07-17T13:00:00Z,15 09 25.8,227.35750000000002,+18 10 57,18.1825,101.7,22.4,0.82,293.5,Map/Offsets,https://cgi.minorplanetcenter.net/cgi-bin/confirmeph2.cgi
20260716T150002Z,2026-07-16T15:00:02.317255Z,20260716T150002Z_batch01,P12ooOy,2026-07-17T14:00:00Z,15 09 22.7,227.34458333333333,+18 11 16,18.18777777777778,101.6,22.4,0.81,293.5,Map/Offsets,https://cgi.minorplanetcenter.net/cgi-bin/confirmeph2.cgi
20260716T150002Z,2026-07-16T15:00:02.317255Z,20260716T150002Z_batch01,P22ooOt,2026-07-16T14:00:00Z,20 54 39.8,313.6658333333333,+15 39 09,15.6525,139.0,22.2,0.83,151.4,Map/Offsets,https://cgi.minorplanetcenter.net/cgi-bin/confirmeph2.cgi
20260716T150002Z,2026-07-16T15:00:02.317255Z,20260716T150002Z_batch01,P22ooOt,2026-07-16T15:00:00Z,20 54 41.5,313.67291666666665,+15 38 25,15.640277777777778,139.0,22.2,0.83,151.4,Map/Offsets,https://cgi.minorplanetcenter.net/cgi-bin/confirmeph2.cgi
20260716T150002Z,2026-07-16T15:00:02.317255Z,20260716T150002Z_batch01,P22ooOt,2026-07-16T16:00:00Z,20 54 43.1,313.6795833333333,+15 37 41,15.628055555555555,139.0,22.2,0.84,151.5,Map/Offsets,https://cgi.minorplanetcenter.net/cgi-bin/confirmeph2.cgi
20260716T150002Z,2026-07-16T15:00:02.317255Z,20260716T150002Z_batch01,P22ooOt,2026-07-16T17:00:00Z,20 54 44.8,313.68666666666667,+15 36 57,15.615833333333333,139.0,22.2,0.84,151.6,Map/Offsets,https://cgi.minorplanetcenter.net/cgi-bin/confirmeph2.cgi
20260716T150002Z,2026-07-16T15:00:02.317255Z,20260716T150002Z_batch01,P22ooOt,2026-07-16T18:00:00Z,20 54 46.4,313.69333333333327,+15 36 12,15.603333333333333,139.1,22.2,0.84,151.7,Map/Offsets,https://cgi.minorplanetcenter.net/cgi-bin/confirmeph2.cgi
20260716T150002Z,2026-07-16T15:00:02.317255Z,20260716T150002Z_batch01,P22ooOt,2026-07-16T19:00:00Z,20 54 48.1,313.7004166666666,+15 35 28,15.591111111111111,139.1,22.1,0.84,151.8,Map/Offsets,https://cgi.minorplanetcenter.net/cgi-bin/confirmeph2.cgi
20260716T150002Z,2026-07-16T15:00:02.317255Z,20260716T150002Z_batch01,P22ooOt,2026-07-16T20:00:00Z,20 54 49.8,313.7075,+15 34 43,15.57861111111111,139.1,22.1,0.84,151.9,Map/Offsets,https://cgi.minorplanetcenter.net/cgi-bin/confirmeph2.cgi
20260716T150002Z,2026-07-16T15:00:02.317255Z,20260716T150002Z_batch01,P22ooOt,2026-07-16T21:00:00Z,20 54 51.4,313.71416666666664,+15 33 59,15.56638888888889,139.2,22.1,0.85,151.9,Map/Offsets,https://cgi.minorplanetcenter.net/cgi-bin/confirmeph2.cgi
20260716T150002Z,2026-07-16T15:00:02.317255Z,20260716T150002Z_batch01,P22ooOt,2026-07-16T22:00:00Z,20 54 53.1,313.72124999999994,+15 33 14,15.55388888888889,139.2,22.1,0.85,152.0,Map/Offsets,https://cgi.minorplanetcenter.net/cgi-bin/confirmeph2.cgi
20260716T150002Z,2026-07-16T15:00:02.317255Z,20260716T150002Z_batch01,P22ooOt,2026-07-16T23:00:00Z,20 54 54.7,313.7279166666666,+15 32 29,15.54138888888889,139.2,22.1,0.85,152.1,Map/Offsets,https://cgi.minorplanetcenter.net/cgi-bin/confirmeph2.cgi
20260716T150002Z,2026-07-16T15:00:02.317255Z,20260716T150002Z_batch01,P22ooOt,2026-07-17T00:00:00Z,20 54 56.4,313.735,+15 31 44,15.52888888888889,139.3,22.1,0.85,152.2,Map/Offsets,https://cgi.minorplanetcenter.net/cgi-bin/confirmeph2.cgi
20260716T150002Z,2026-07-16T15:00:02.317255Z,20260716T150002Z_batch01,P22ooOt,2026-07-17T01:00:00Z,20 54 58.0,313.7416666666667,+15 30 58,15.516111111111112,139.3,22.1,0.85,152.3,Map/Offsets,https://cgi.minorplanetcenter.net/cgi-bin/confirmeph2.cgi
20260716T150002Z,2026-07-16T15:00:02.317255Z,20260716T150002Z_batch01,P22ooOt,2026-07-17T02:00:00Z,20 54 59.7,313.74875,+15 30 13,15.50361111111111,139.3,22.1,0.86,152.4,Map/Offsets,https://cgi.minorplanetcenter.net/cgi-bin/confirmeph2.cgi
20260716T150002Z,2026-07-16T15:00:02.317255Z,20260716T150002Z_batch01,P22ooOt,2026-07-17T03:00:00Z,20 55 01.3,313.7554166666667,+15 29 27,15.490833333333333,139.4,22.1,0.86,152.4,Map/Offsets,https://cgi.minorplanetcenter.net/cgi-bin/confirmeph2.cgi
20260716T150002Z,2026-07-16T15:00:02.317255Z,20260716T150002Z_batch01,P22ooOt,2026-07-17T04:00:00Z,20 55 03.0,313.7625,+15 28 42,15.478333333333333,139.4,22.1,0.86,152.5,Map/Offsets,https://cgi.minorplanetcenter.net/cgi-bin/confirmeph2.cgi
20260716T150002Z,2026-07-16T15:00:02.317255Z,20260716T150002Z_batch01,P22ooOt,2026-07-17T05:00:00Z,20 55 04.6,313.76916666666665,+15 27 56,15.465555555555556,139.4,22.1,0.86,152.6,Map/Offsets,https://cgi.minorplanetcenter.net/cgi-bin/confirmeph2.cgi
20260716T150002Z,2026-07-16T15:00:02.317255Z,20260716T150002Z_batch01,P22ooOt,2026-07-17T06:00:00Z,20 55 06.2,313.77583333333337,+15 27 10,15.452777777777778,139.5,22.1,0.86,152.7,Map/Offsets,https://cgi.minorplanetcenter.net/cgi-bin/confirmeph2.cgi
20260716T150002Z,2026-07-16T15:00:02.317255Z,20260716T150002Z_batch01,P22ooOt,2026-07-17T07:00:00Z,20 55 07.9,313.78291666666667,+15 26 24,15.44,139.5,22.1,0.87,152.8,Map/Offsets,https://cgi.minorplanetcenter.net/cgi-bin/confirmeph2.cgi
20260716T150002Z,2026-07-16T15:00:02.317255Z,20260716T150002Z_batch01,P22ooOt,2026-07-17T08:00:00Z,20 55 09.5,313.7895833333333,+15 25 38,15.427222222222222,139.5,22.1,0.87,152.8,Map/Offsets,https://cgi.minorplanetcenter.net/cgi-bin/confirmeph2.cgi
20260716T150002Z,2026-07-16T15:00:02.317255Z,20260716T150002Z_batch01,P22ooOt,2026-07-17T09:00:00Z,20 55 11.2,313.7966666666667,+15 24 51,15.414166666666667,139.6,22.1,0.87,152.9,Map/Offsets,https://cgi.minorplanetcenter.net/cgi-bin/confirmeph2.cgi
20260716T150002Z,2026-07-16T15:00:02.317255Z,20260716T150002Z_batch01,P22ooOt,2026-07-17T10:00:00Z,20 55 12.8,313.80333333333334,+15 24 05,15.401388888888889,139.6,22.1,0.87,153.0,Map/Offsets,https://cgi.minorplanetcenter.net/cgi-bin/confirmeph2.cgi
20260716T150002Z,2026-07-16T15:00:02.317255Z,20260716T150002Z_batch01,P22ooOt,2026-07-17T11:00:00Z,20 55 14.5,313.8104166666667,+15 23 18,15.388333333333334,139.6,22.1,0.87,153.1,Map/Offsets,https://cgi.minorplanetcenter.net/cgi-bin/confirmeph2.cgi
20260716T150002Z,2026-07-16T15:00:02.317255Z,20260716T150002Z_batch01,P22ooOt,2026-07-17T12:00:00Z,20 55 16.1,313.81708333333336,+15 22 31,15.375277777777779,139.7,22.1,0.87,153.1,Map/Offsets,https://cgi.minorplanetcenter.net/cgi-bin/confirmeph2.cgi
20260716T150002Z,2026-07-16T15:00:02.317255Z,20260716T150002Z_batch01,P22ooOt,2026-07-17T13:00:00Z,20 55 17.7,313.82375,+15 21 45,15.362499999999999,139.7,22.1,0.88,153.2,Map/Offsets,https://cgi.minorplanetcenter.net/cgi-bin/confirmeph2.cgi
20260716T150002Z,2026-07-16T15:00:02.317255Z,20260716T150002Z_batch01,P22ooOt,2026-07-17T14:00:00Z,20 55 19.4,313.8308333333333,+15 20 58,15.349444444444446,139.7,22.1,0.88,153.3,Map/Offsets,https://cgi.minorplanetcenter.net/cgi-bin/confirmeph2.cgi
20260716T150002Z,2026-07-16T15:00:02.317255Z,20260716T150002Z_batch01,P22ooOs,2026-07-16T14:00:00Z,20 35 32.6,308.8858333333333,+10 26 16,10.437777777777779,145.6,21.6,1.35,236.6,Map/Offsets,https://cgi.minorplanetcenter.net/cgi-bin/confirmeph2.cgi
20260716T150002Z,2026-07-16T15:00:02.317255Z,20260716T150002Z_batch01,P22ooOs,2026-07-16T15:00:00Z,20 35 28.0,308.8666666666667,+10 25 31,10.425277777777778,145.7,21.6,1.35,236.6,Map/Offsets,https://cgi.minorplanetcenter.net/cgi-bin/confirmeph2.cgi
20260716T150002Z,2026-07-16T15:00:02.317255Z,20260716T150002Z_batch01,P22ooOs,2026-07-16T16:00:00Z,20 35 23.4,308.84749999999997,+10 24 47,10.413055555555555,145.7,21.6,1.35,236.6,Map/Offsets,https://cgi.minorplanetcenter.net/cgi-bin/confirmeph2.cgi
20260716T150002Z,2026-07-16T15:00:02.317255Z,20260716T150002Z_batch01,P22ooOs,2026-07-16T17:00:00Z,20 35 18.9,308.82875,+10 24 02,10.400555555555556,145.7,21.6,1.35,236.5,Map/Offsets,https://cgi.minorplanetcenter.net/cgi-bin/confirmeph2.cgi
20260716T150002Z,2026-07-16T15:00:02.317255Z,20260716T150002Z_batch01,P22ooOs,2026-07-16T18:00:00Z,20 35 14.3,308.80958333333336,+10 23 17,10.388055555555555,145.8,21.6,1.35,236.5,Map/Offsets,https://cgi.minorplanetcenter.net/cgi-bin/confirmeph2.cgi
20260716T150002Z,2026-07-16T15:00:02.317255Z,20260716T150002Z_batch01,P22ooOs,2026-07-16T19:00:00Z,20 35 09.7,308.79041666666666,+10 22 33,10.375833333333334,145.8,21.6,1.35,236.5,Map/Offsets,https://cgi.minorplanetcenter.net/cgi-bin/confirmeph2.cgi
20260716T150002Z,2026-07-16T15:00:02.317255Z,20260716T150002Z_batch01,P22ooOs,2026-07-16T20:00:00Z,20 35 05.1,308.77125,+10 21 48,10.363333333333333,145.9,21.6,1.35,236.5,Map/Offsets,https://cgi.minorplanetcenter.net/cgi-bin/confirmeph2.cgi
20260716T150002Z,2026-07-16T15:00:02.317255Z,20260716T150002Z_batch01,P22ooOs,2026-07-16T21:00:00Z,20 35 00.5,308.7520833333333,+10 21 03,10.350833333333332,145.9,21.6,1.35,236.5,Map/Offsets,https://cgi.minorplanetcenter.net/cgi-bin/confirmeph2.cgi
20260716T150002Z,2026-07-16T15:00:02.317255Z,20260716T150002Z_batch01,P22ooOs,2026-07-16T22:00:00Z,20 34 55.9,308.73291666666665,+10 20 18,10.338333333333335,145.9,21.6,1.35,236.5,Map/Offsets,https://cgi.minorplanetcenter.net/cgi-bin/confirmeph2.cgi
20260716T150002Z,2026-07-16T15:00:02.317255Z,20260716T150002Z_batch01,P22ooOs,2026-07-16T23:00:00Z,20 34 51.3,308.71375,+10 19 33,10.325833333333334,146.0,21.6,1.36,236.5,Map/Offsets,https://cgi.minorplanetcenter.net/cgi-bin/confirmeph2.cgi
20260716T150002Z,2026-07-16T15:00:02.317255Z,20260716T150002Z_batch01,P22ooOs,2026-07-17T00:00:00Z,20 34 46.7,308.6945833333333,+10 18 48,10.313333333333334,146.0,21.6,1.36,236.5,Map/Offsets,https://cgi.minorplanetcenter.net/cgi-bin/confirmeph2.cgi
20260716T150002Z,2026-07-16T15:00:02.317255Z,20260716T150002Z_batch01,P22ooOs,2026-07-17T01:00:00Z,20 34 42.1,308.67541666666665,+10 18 03,10.300833333333333,146.1,21.6,1.36,236.4,Map/Offsets,https://cgi.minorplanetcenter.net/cgi-bin/confirmeph2.cgi
20260716T150002Z,2026-07-16T15:00:02.317255Z,20260716T150002Z_batch01,P22ooOs,2026-07-17T02:00:00Z,20 34 37.5,308.65625,+10 17 18,10.288333333333334,146.1,21.6,1.36,236.4,Map/Offsets,https://cgi.minorplanetcenter.net/cgi-bin/confirmeph2.cgi
20260716T150002Z,2026-07-16T15:00:02.317255Z,20260716T150002Z_batch01,P22ooOs,2026-07-17T03:00:00Z,20 34 32.9,308.6370833333333,+10 16 33,10.275833333333335,146.1,21.6,1.36,236.4,Map/Offsets,https://cgi.minorplanetcenter.net/cgi-bin/confirmeph2.cgi
20260716T150002Z,2026-07-16T15:00:02.317255Z,20260716T150002Z_batch01,P22ooOs,2026-07-17T04:00:00Z,20 34 28.3,308.61791666666664,+10 15 48,10.263333333333334,146.2,21.6,1.36,236.4,Map/Offsets,https://cgi.minorplanetcenter.net/cgi-bin/confirmeph2.cgi
20260716T150002Z,2026-07-16T15:00:02.317255Z,20260716T150002Z_batch01,P22ooOs,2026-07-17T05:00:00Z,20 34 23.7,308.59875,+10 15 03,10.250833333333333,146.2,21.6,1.36,236.4,Map/Offsets,https://cgi.minorplanetcenter.net/cgi-bin/confirmeph2.cgi
20260716T150002Z,2026-07-16T15:00:02.317255Z,20260716T150002Z_batch01,P22ooOs,2026-07-17T06:00:00Z,20 34 19.1,308.57958333333335,+10 14 17,10.238055555555555,146.3,21.6,1.36,236.4,Map/Offsets,https://cgi.minorplanetcenter.net/cgi-bin/confirmeph2.cgi
20260716T150002Z,2026-07-16T15:00:02.317255Z,20260716T150002Z_batch01,P22ooOs,2026-07-17T07:00:00Z,20 34 14.5,308.5604166666667,+10 13 32,10.225555555555555,146.3,21.6,1.36,236.4,Map/Offsets,https://cgi.minorplanetcenter.net/cgi-bin/confirmeph2.cgi
20260716T150002Z,2026-07-16T15:00:02.317255Z,20260716T150002Z_batch01,P22ooOs,2026-07-17T08:00:00Z,20 34 09.9,308.54125,+10 12 47,10.213055555555554,146.3,21.6,1.36,236.3,Map/Offsets,https://cgi.minorplanetcenter.net/cgi-bin/confirmeph2.cgi
20260716T150002Z,2026-07-16T15:00:02.317255Z,20260716T150002Z_batch01,P22ooOs,2026-07-17T09:00:00Z,20 34 05.3,308.52208333333334,+10 12 01,10.200277777777776,146.4,21.6,1.37,236.3,Map/Offsets,https://cgi.minorplanetcenter.net/cgi-bin/confirmeph2.cgi
20260716T150002Z,2026-07-16T15:00:02.317255Z,20260716T150002Z_batch01,P22ooOs,2026-07-17T10:00:00Z,20 34 00.6,308.5025,+10 11 16,10.187777777777779,146.4,21.6,1.37,236.3,Map/Offsets,https://cgi.minorplanetcenter.net/cgi-bin/confirmeph2.cgi
20260716T150002Z,2026-07-16T15:00:02.317255Z,20260716T150002Z_batch01,P22ooOs,2026-07-17T11:00:00Z,20 33 56.0,308.48333333333335,+10 10 30,10.174999999999999,146.5,21.6,1.37,236.3,Map/Offsets,https://cgi.minorplanetcenter.net/cgi-bin/confirmeph2.cgi
20260716T150002Z,2026-07-16T15:00:02.317255Z,20260716T150002Z_batch01,P22ooOs,2026-07-17T12:00:00Z,20 33 51.4,308.4641666666667,+10 09 45,10.1625,146.5,21.6,1.37,236.3,Map/Offsets,https://cgi.minorplanetcenter.net/cgi-bin/confirmeph2.cgi
20260716T150002Z,2026-07-16T15:00:02.317255Z,20260716T150002Z_batch01,P22ooOs,2026-07-17T13:00:00Z,20 33 46.8,308.44500000000005,+10 08 59,10.149722222222222,146.5,21.6,1.37,236.3,Map/Offsets,https://cgi.minorplanetcenter.net/cgi-bin/confirmeph2.cgi
20260716T150002Z,2026-07-16T15:00:02.317255Z,20260716T150002Z_batch01,P22ooOs,2026-07-17T14:00:00Z,20 33 42.1,308.42541666666665,+10 08 14,10.137222222222222,146.6,21.6,1.37,236.3,Map/Offsets,https://cgi.minorplanetcenter.net/cgi-bin/confirmeph2.cgi
20260716T150002Z,2026-07-16T15:00:02.317255Z,20260716T150002Z_batch01,ST26G49,2026-07-16T14:00:00Z,18 24 00.9,276.00374999999997,+00 29 35,0.4930555555555556,151.0,18.3,88.99,125.7,Map/Offsets   !!,https://cgi.minorplanetcenter.net/cgi-bin/confirmeph2.cgi
20260716T150002Z,2026-07-16T15:00:02.317255Z,20260716T150002Z_batch01,ST26G49,2026-07-16T15:00:00Z,18 28 47.5,277.19791666666663,-00 21 54,-0.365,152.4,18.3,87.43,125.7,Map/Offsets   !!,https://cgi.minorplanetcenter.net/cgi-bin/confirmeph2.cgi
20260716T150002Z,2026-07-16T15:00:02.317255Z,20260716T150002Z_batch01,ST26G49,2026-07-16T16:00:00Z,18 33 28.9,278.37041666666664,-01 12 27,-1.2075,153.7,18.3,85.8,125.7,Map/Offsets   !!,https://cgi.minorplanetcenter.net/cgi-bin/confirmeph2.cgi
20260716T150002Z,2026-07-16T15:00:02.317255Z,20260716T150002Z_batch01,ST26G49,2026-07-16T17:00:00Z,18 38 05.1,279.52125,-02 02 00,-2.033333333333333,155.1,18.3,84.12,125.7,Map/Offsets   !!,https://cgi.minorplanetcenter.net/cgi-bin/confirmeph2.cgi
20260716T150002Z,2026-07-16T15:00:02.317255Z,20260716T150002Z_batch01,ST26G49,2026-07-16T18:00:00Z,18 42 36.0,280.65000000000003,-02 50 31,-2.8419444444444446,156.4,18.3,82.38,125.6,Map/Offsets   !!,https://cgi.minorplanetcenter.net/cgi-bin/confirmeph2.cgi
20260716T150002Z,2026-07-16T15:00:02.317255Z,20260716T150002Z_batch01,ST26G49,2026-07-16T19:00:00Z,18 47 01.5,281.75625,-03 37 56,-3.6322222222222225,157.7,18.2,80.61,125.5,Map/Offsets   !!,https://cgi.minorplanetcenter.net/cgi-bin/confirmeph2.cgi
20260716T150002Z,2026-07-16T15:00:02.317255Z,20260716T150002Z_batch01,ST26G49,2026-07-16T20:00:00Z,18 51 21.7,282.84041666666667,-04 24 14,-4.403888888888889,158.9,18.2,78.81,125.5,Map/Offsets   !!,https://cgi.minorplanetcenter.net/cgi-bin/confirmeph2.cgi
20260716T150002Z,2026-07-16T15:00:02.317255Z,20260716T150002Z_batch01,ST26G49,2026-07-16T21:00:00Z,18 55 36.5,283.90208333333334,-05 09 24,-5.156666666666667,160.1,18.2,76.98,125.4,Map/Offsets   !!,https://cgi.minorplanetcenter.net/cgi-bin/confirmeph2.cgi
20260716T150002Z,2026-07-16T15:00:02.317255Z,20260716T150002Z_batch01,ST26G49,2026-07-16T22:00:00Z,18 59 45.8,284.94083333333333,-05 53 23,-5.889722222222222,161.3,18.2,75.15,125.3,Map/Offsets   !!,https://cgi.minorplanetcenter.net/cgi-bin/confirmeph2.cgi
20260716T150002Z,2026-07-16T15:00:02.317255Z,20260716T150002Z_batch01,ST26G49,2026-07-16T23:00:00Z,19 03 49.8,285.95750000000004,-06 36 13,-6.60361111111111,162.4,18.2,73.31,125.2,Map/Offsets   !!,https://cgi.minorplanetcenter.net/cgi-bin/confirmeph2.cgi
20260716T150002Z,2026-07-16T15:00:02.317255Z,20260716T150002Z_batch01,ST26G49,2026-07-17T00:00:00Z,19 07 48.4,286.9516666666667,-07 17 51,-7.2975,163.5,18.2,71.47,125.1,Map/Offsets   !!,https://cgi.minorplanetcenter.net/cgi-bin/confirmeph2.cgi
20260716T150002Z,2026-07-16T15:00:02.317255Z,20260716T150002Z_batch01,ST26G49,2026-07-17T01:00:00Z,19 11 41.7,287.92375000000004,-07 58 18,-7.971666666666667,164.6,18.2,69.64,124.9,Map/Offsets   !!,https://cgi.minorplanetcenter.net/cgi-bin/confirmeph2.cgi
20260716T150002Z,2026-07-16T15:00:02.317255Z,20260716T150002Z_batch01,ST26G49,2026-07-17T02:00:00Z,19 15 29.7,288.87375000000003,-08 37 35,-8.62638888888889,165.6,18.2,67.83,124.8,Map/Offsets   !!,https://cgi.minorplanetcenter.net/cgi-bin/confirmeph2.cgi
20260716T150002Z,2026-07-16T15:00:02.317255Z,20260716T150002Z_batch01,ST26G49,2026-07-17T03:00:00Z,19 19 12.4,289.8016666666667,-09 15 42,-9.261666666666667,166.5,18.2,66.03,124.6,Map/Offsets   !!,https://cgi.minorplanetcenter.net/cgi-bin/confirmeph2.cgi
20260716T150002Z,2026-07-16T15:00:02.317255Z,20260716T150002Z_batch01,ST26G49,2026-07-17T04:00:00Z,19 22 50.0,290.70833333333337,-09 52 40,-9.877777777777778,167.5,18.2,64.26,124.5,Map/Offsets   !!,https://cgi.minorplanetcenter.net/cgi-bin/confirmeph2.cgi
20260716T150002Z,2026-07-16T15:00:02.317255Z,20260716T150002Z_batch01,ST26G49,2026-07-17T05:00:00Z,19 26 22.5,291.59375,-10 28 29,-10.474722222222223,168.4,18.2,62.51,124.3,Map/Offsets   !!,https://cgi.minorplanetcenter.net/cgi-bin/confirmeph2.cgi
20260716T150002Z,2026-07-16T15:00:02.317255Z,20260716T150002Z_batch01,ST26G49,2026-07-17T06:00:00Z,19 29 50.0,292.45833333333337,-11 03 12,-11.053333333333335,169.2,18.2,60.8,124.2,Map/Offsets   !!,https://cgi.minorplanetcenter.net/cgi-bin/confirmeph2.cgi
20260716T150002Z,2026-07-16T15:00:02.317255Z,20260716T150002Z_batch01,ST26G49,2026-07-17T07:00:00Z,19 33 12.5,293.3020833333333,-11 36 48,-11.613333333333333,170.0,18.2,59.12,124.0,Map/Offsets   !!,https://cgi.minorplanetcenter.net/cgi-bin/confirmeph2.cgi
20260716T150002Z,2026-07-16T15:00:02.317255Z,20260716T150002Z_batch01,ST26G49,2026-07-17T08:00:00Z,19 36 30.2,294.12583333333333,-12 09 20,-12.155555555555557,170.7,18.2,57.47,123.8,Map/Offsets   !!,https://cgi.minorplanetcenter.net/cgi-bin/confirmeph2.cgi
20260716T150002Z,2026-07-16T15:00:02.317255Z,20260716T150002Z_batch01,ST26G49,2026-07-17T09:00:00Z,19 39 43.2,294.93,-12 40 49,-12.680277777777777,171.3,18.2,55.86,123.7,Map/Offsets   !!,https://cgi.minorplanetcenter.net/cgi-bin/confirmeph2.cgi
20260716T150002Z,2026-07-16T15:00:02.317255Z,20260716T150002Z_batch01,ST26G49,2026-07-17T10:00:00Z,19 42 51.5,295.71458333333334,-13 11 16,-13.187777777777779,171.9,18.2,54.29,123.5,Map/Offsets   !!,https://cgi.minorplanetcenter.net/cgi-bin/confirmeph2.cgi
20260716T150002Z,2026-07-16T15:00:02.317255Z,20260716T150002Z_batch01,ST26G49,2026-07-17T11:00:00Z,19 45 55.2,296.48,-13 40 44,-13.678888888888888,172.5,18.2,52.75,123.3,Map/Offsets   !!,https://cgi.minorplanetcenter.net/cgi-bin/confirmeph2.cgi
20260716T150002Z,2026-07-16T15:00:02.317255Z,20260716T150002Z_batch01,ST26G49,2026-07-17T12:00:00Z,19 48 54.5,297.2270833333333,-14 09 14,-14.15388888888889,172.9,18.2,51.26,123.1,Map/Offsets   !!,https://cgi.minorplanetcenter.net/cgi-bin/confirmeph2.cgi
20260716T150002Z,2026-07-16T15:00:02.317255Z,20260716T150002Z_batch01,ST26G49,2026-07-17T13:00:00Z,19 51 49.4,297.9558333333333,-14 36 47,-14.613055555555555,173.3,18.2,49.81,123.0,Map/Offsets   !!,https://cgi.minorplanetcenter.net/cgi-bin/confirmeph2.cgi
20260716T150002Z,2026-07-16T15:00:02.317255Z,20260716T150002Z_batch01,ST26G49,2026-07-17T14:00:00Z,19 54 40.1,298.6670833333333,-15 03 26,-15.057222222222222,173.6,18.2,48.4,122.8,Map/Offsets   !!,https://cgi.minorplanetcenter.net/cgi-bin/confirmeph2.cgi
20260716T150002Z,2026-07-16T15:00:02.317255Z,20260716T150002Z_batch01,ST26G48,2026-07-16T14:00:00Z,17 43 58.6,265.9941666666666,+11 44 13,11.736944444444443,136.0,19.0,45.34,12.9,Map/Offsets   !,https://cgi.minorplanetcenter.net/cgi-bin/confirmeph2.cgi
20260716T150002Z,2026-07-16T15:00:02.317255Z,20260716T150002Z_batch01,ST26G48,2026-07-16T15:00:00Z,17 44 38.9,266.1620833333334,+12 27 10,12.452777777777778,135.5,19.1,42.82,13.0,Map/Offsets   !,https://cgi.minorplanetcenter.net/cgi-bin/confirmeph2.cgi
20260716T150002Z,2026-07-16T15:00:02.317255Z,20260716T150002Z_batch01,ST26G48,2026-07-16T16:00:00Z,17 45 17.3,266.32208333333335,+13 07 44,13.12888888888889,135.1,19.2,40.49,13.0,Map/Offsets   !,https://cgi.minorplanetcenter.net/cgi-bin/confirmeph2.cgi
20260716T150002Z,2026-07-16T15:00:02.317255Z,20260716T150002Z_batch01,ST26G48,2026-07-16T17:00:00Z,17 45 53.8,266.4741666666667,+13 46 08,13.76888888888889,134.7,19.3,38.34,13.0,Map/Offsets   !,https://cgi.minorplanetcenter.net/cgi-bin/confirmeph2.cgi
20260716T150002Z,2026-07-16T15:00:02.317255Z,20260716T150002Z_batch01,ST26G48,2026-07-16T18:00:00Z,17 46 28.5,266.61875,+14 22 29,14.374722222222223,134.3,19.3,36.34,13.1,Map/Offsets   !,https://cgi.minorplanetcenter.net/cgi-bin/confirmeph2.cgi
20260716T150002Z,2026-07-16T15:00:02.317255Z,20260716T150002Z_batch01,ST26G48,2026-07-16T19:00:00Z,17 47 01.7,266.75708333333336,+14 56 58,14.949444444444445,133.9,19.4,34.49,13.1,Map/Offsets   !,https://cgi.minorplanetcenter.net/cgi-bin/confirmeph2.cgi
20260716T150002Z,2026-07-16T15:00:02.317255Z,20260716T150002Z_batch01,ST26G48,2026-07-16T20:00:00Z,17 47 33.3,266.8887500000001,+15 29 43,15.495277777777776,133.5,19.5,32.77,13.1,Map/Offsets   !,https://cgi.minorplanetcenter.net/cgi-bin/confirmeph2.cgi
20260716T150002Z,2026-07-16T15:00:02.317255Z,20260716T150002Z_batch01,ST26G48,2026-07-16T21:00:00Z,17 48 03.6,267.01500000000004,+16 00 50,16.01388888888889,133.2,19.5,31.17,13.2,Map/Offsets   !,https://cgi.minorplanetcenter.net/cgi-bin/confirmeph2.cgi
20260716T150002Z,2026-07-16T15:00:02.317255Z,20260716T150002Z_batch01,ST26G48,2026-07-16T22:00:00Z,17 48 32.5,267.1354166666667,+16 30 27,16.5075,132.8,19.6,29.68,13.2,Map/Offsets   !,https://cgi.minorplanetcenter.net/cgi-bin/confirmeph2.cgi
20260716T150002Z,2026-07-16T15:00:02.317255Z,20260716T150002Z_batch01,ST26G48,2026-07-16T23:00:00Z,17 49 00.3,267.25124999999997,+16 58 39,16.9775,132.5,19.6,28.29,13.3,Map/Offsets   !,https://cgi.minorplanetcenter.net/cgi-bin/confirmeph2.cgi
20260716T150002Z,2026-07-16T15:00:02.317255Z,20260716T150002Z_batch01,ST26G48,2026-07-17T00:00:00Z,17 49 26.8,267.3616666666667,+17 25 32,17.425555555555558,132.2,19.7,26.99,13.3,Map/Offsets   !,https://cgi.minorplanetcenter.net/cgi-bin/confirmeph2.cgi
20260716T150002Z,2026-07-16T15:00:02.317255Z,20260716T150002Z_batch01,ST26G48,2026-07-17T01:00:00Z,17 49 52.3,267.46791666666667,+17 51 12,17.853333333333335,131.9,19.8,25.77,13.3,Map/Offsets   !,https://cgi.minorplanetcenter.net/cgi-bin/confirmeph2.cgi
20260716T150002Z,2026-07-16T15:00:02.317255Z,20260716T150002Z_batch01,ST26G48,2026-07-17T02:00:00Z,17 50 16.8,267.56999999999994,+18 15 43,18.261944444444445,131.6,19.8,24.64,13.4,Map/Offsets   !,https://cgi.minorplanetcenter.net/cgi-bin/confirmeph2.cgi
20260716T150002Z,2026-07-16T15:00:02.317255Z,20260716T150002Z_batch01,ST26G48,2026-07-17T03:00:00Z,17 50 40.4,267.66833333333335,+18 39 10,18.652777777777775,131.3,19.9,23.57,13.4,Map/Offsets   !,https://cgi.minorplanetcenter.net/cgi-bin/confirmeph2.cgi
20260716T150002Z,2026-07-16T15:00:02.317255Z,20260716T150002Z_batch01,ST26G48,2026-07-17T04:00:00Z,17 51 03.0,267.7625,+19 01 36,19.026666666666667,131.1,19.9,22.57,13.4,Map/Offsets   !,https://cgi.minorplanetcenter.net/cgi-bin/confirmeph2.cgi
20260716T150002Z,2026-07-16T15:00:02.317255Z,20260716T150002Z_batch01,ST26G48,2026-07-17T05:00:00Z,17 51 24.8,267.85333333333335,+19 23 05,19.384722222222223,130.8,20.0,21.63,13.5,Map/Offsets   !,https://cgi.minorplanetcenter.net/cgi-bin/confirmeph2.cgi
20260716T150002Z,2026-07-16T15:00:02.317255Z,20260716T150002Z_batch01,ST26G48,2026-07-17T06:00:00Z,17 51 45.8,267.9408333333334,+19 43 41,19.728055555555553,130.6,20.0,20.75,13.5,Map/Offsets   !,https://cgi.minorplanetcenter.net/cgi-bin/confirmeph2.cgi
20260716T150002Z,2026-07-16T15:00:02.317255Z,20260716T150002Z_batch01,ST26G48,2026-07-17T07:00:00Z,17 52 06.0,268.025,+20 03 27,20.0575,130.3,20.1,19.91,13.5,Map/Offsets   !,https://cgi.minorplanetcenter.net/cgi-bin/confirmeph2.cgi
20260716T150002Z,2026-07-16T15:00:02.317255Z,20260716T150002Z_batch01,ST26G48,2026-07-17T08:00:00Z,17 52 25.5,268.10625000000005,+20 22 25,20.37361111111111,130.1,20.1,19.13,13.6,Map/Offsets   !,https://cgi.minorplanetcenter.net/cgi-bin/confirmeph2.cgi
20260716T150002Z,2026-07-16T15:00:02.317255Z,20260716T150002Z_batch01,ST26G48,2026-07-17T09:00:00Z,17 52 44.4,268.185,+20 40 39,20.677500000000002,129.9,20.2,18.39,13.6,Map/Offsets   !,https://cgi.minorplanetcenter.net/cgi-bin/confirmeph2.cgi
20260716T150002Z,2026-07-16T15:00:02.317255Z,20260716T150002Z_batch01,ST26G48,2026-07-17T10:00:00Z,17 53 02.5,268.2604166666667,+20 58 11,20.96972222222222,129.6,20.2,17.69,13.7,Map/Offsets   !,https://cgi.minorplanetcenter.net/cgi-bin/confirmeph2.cgi
20260716T150002Z,2026-07-16T15:00:02.317255Z,20260716T150002Z_batch01,ST26G48,2026-07-17T11:00:00Z,17 53 20.1,268.33375,+21 15 02,21.250555555555554,129.4,20.3,17.03,13.7,Map/Offsets   !,https://cgi.minorplanetcenter.net/cgi-bin/confirmeph2.cgi
20260716T150002Z,2026-07-16T15:00:02.317255Z,20260716T150002Z_batch01,ST26G48,2026-07-17T12:00:00Z,17 53 37.1,268.40458333333333,+21 31 17,21.52138888888889,129.2,20.3,16.4,13.7,Map/Offsets   !,https://cgi.minorplanetcenter.net/cgi-bin/confirmeph2.cgi
20260716T150002Z,2026-07-16T15:00:02.317255Z,20260716T150002Z_batch01,ST26G48,2026-07-17T13:00:00Z,17 53 53.6,268.47333333333336,+21 46 55,21.781944444444445,129.0,20.4,15.81,13.8,Map/Offsets   !,https://cgi.minorplanetcenter.net/cgi-bin/confirmeph2.cgi
20260716T150002Z,2026-07-16T15:00:02.317255Z,20260716T150002Z_batch01,ST26G48,2026-07-17T14:00:00Z,17 54 09.5,268.5395833333333,+22 02 00,22.033333333333335,128.8,20.4,15.25,13.8,Map/Offsets   !,https://cgi.minorplanetcenter.net/cgi-bin/confirmeph2.cgi
20260716T150002Z,2026-07-16T15:00:02.317255Z,20260716T150002Z_batch01,ST26G46,2026-07-16T14:00:00Z,21 40 10.0,325.0416666666667,-00 28 30,-0.47500000000000003,144.5,18.5,29.31,310.0,Map/Offsets,https://cgi.minorplanetcenter.net/cgi-bin/confirmeph2.cgi
20260716T150002Z,2026-07-16T15:00:02.317255Z,20260716T150002Z_batch01,ST26G46,2026-07-16T15:00:00Z,21 38 40.7,324.6695833333333,-00 09 46,-0.16277777777777777,144.6,18.5,28.99,310.0,Map/Offsets,https://cgi.minorplanetcenter.net/cgi-bin/confirmeph2.cgi
20260716T150002Z,2026-07-16T15:00:02.317255Z,20260716T150002Z_batch01,ST26G46,2026-07-16T16:00:00Z,21 37 12.3,324.30125,+00 08 46,0.1461111111111111,144.7,18.5,28.67,310.0,Map/Offsets,https://cgi.minorplanetcenter.net/cgi-bin/confirmeph2.cgi
20260716T150002Z,2026-07-16T15:00:02.317255Z,20260716T150002Z_batch01,ST26G46,2026-07-16T17:00:00Z,21 35 45.0,323.9375,+00 27 06,0.45166666666666666,144.9,18.5,28.35,310.0,Map/Offsets,https://cgi.minorplanetcenter.net/cgi-bin/confirmeph2.cgi
20260716T150002Z,2026-07-16T15:00:02.317255Z,20260716T150002Z_batch01,ST26G46,2026-07-16T18:00:00Z,21 34 18.6,323.5775,+00 45 13,0.7536111111111111,145.0,18.6,28.03,310.0,Map/Offsets,https://cgi.minorplanetcenter.net/cgi-bin/confirmeph2.cgi
20260716T150002Z,2026-07-16T15:00:02.317255Z,20260716T150002Z_batch01,ST26G46,2026-07-16T19:00:00Z,21 32 53.2,323.2216666666667,+01 03 07,1.0519444444444446,145.1,18.6,27.72,310.0,Map/Offsets,https://cgi.minorplanetcenter.net/cgi-bin/confirmeph2.cgi
20260716T150002Z,2026-07-16T15:00:02.317255Z,20260716T150002Z_batch01,ST26G46,2026-07-16T20:00:00Z,21 31 28.7,322.8695833333333,+01 20 50,1.347222222222222,145.2,18.6,27.4,310.0,Map/Offsets,https://cgi.minorplanetcenter.net/cgi-bin/confirmeph2.cgi
20260716T150002Z,2026-07-16T15:00:02.317255Z,20260716T150002Z_batch01,ST26G46,2026-07-16T21:00:00Z,21 30 05.1,322.52125,+01 38 20,1.6388888888888888,145.3,18.6,27.09,310.0,Map/Offsets,https://cgi.minorplanetcenter.net/cgi-bin/confirmeph2.cgi
20260716T150002Z,2026-07-16T15:00:02.317255Z,20260716T150002Z_batch01,ST26G46,2026-07-16T22:00:00Z,21 28 42.5,322.1770833333333,+01 55 37,1.9269444444444443,145.4,18.6,26.78,309.9,Map/Offsets,https://cgi.minorplanetcenter.net/cgi-bin/confirmeph2.cgi
20260716T150002Z,2026-07-16T15:00:02.317255Z,20260716T150002Z_batch01,ST26G46,2026-07-16T23:00:00Z,21 27 20.7,321.83624999999995,+02 12 42,2.211666666666667,145.4,18.6,26.47,309.9,Map/Offsets,https://cgi.minorplanetcenter.net/cgi-bin/confirmeph2.cgi
20260716T150002Z,2026-07-16T15:00:02.317255Z,20260716T150002Z_batch01,ST26G46,2026-07-17T00:00:00Z,21 25 59.9,321.49958333333336,+02 29 36,2.493333333333333,145.5,18.6,26.17,309.9,Map/Offsets,https://cgi.minorplanetcenter.net/cgi-bin/confirmeph2.cgi
20260716T150002Z,2026-07-16T15:00:02.317255Z,20260716T150002Z_batch01,ST26G46,2026-07-17T01:00:00Z,21 24 40.0,321.1666666666667,+02 46 17,2.7713888888888887,145.6,18.6,25.86,309.9,Map/Offsets,https://cgi.minorplanetcenter.net/cgi-bin/confirmeph2.cgi
20260716T150002Z,2026-07-16T15:00:02.317255Z,20260716T150002Z_batch01,ST26G46,2026-07-17T02:00:00Z,21 23 21.0,320.8375,+03 02 46,3.046111111111111,145.7,18.6,25.56,309.9,Map/Offsets,https://cgi.minorplanetcenter.net/cgi-bin/confirmeph2.cgi
20260716T150002Z,2026-07-16T15:00:02.317255Z,20260716T150002Z_batch01,ST26G46,2026-07-17T03:00:00Z,21 22 02.8,320.51166666666666,+03 19 03,3.3175,145.7,18.7,25.26,309.8,Map/Offsets,https://cgi.minorplanetcenter.net/cgi-bin/confirmeph2.cgi
20260716T150002Z,2026-07-16T15:00:02.317255Z,20260716T150002Z_batch01,ST26G46,2026-07-17T04:00:00Z,21 20 45.5,320.18958333333336,+03 35 08,3.5855555555555556,145.8,18.7,24.97,309.8,Map/Offsets,https://cgi.minorplanetcenter.net/cgi-bin/confirmeph2.cgi
20260716T150002Z,2026-07-16T15:00:02.317255Z,20260716T150002Z_batch01,ST26G46,2026-07-17T05:00:00Z,21 19 29.1,319.87125,+03 51 01,3.850277777777778,145.8,18.7,24.67,309.8,Map/Offsets,https://cgi.minorplanetcenter.net/cgi-bin/confirmeph2.cgi
20260716T150002Z,2026-07-16T15:00:02.317255Z,20260716T150002Z_batch01,ST26G46,2026-07-17T06:00:00Z,21 18 13.5,319.55625000000003,+04 06 42,4.111666666666666,145.9,18.7,24.38,309.8,Map/Offsets,https://cgi.minorplanetcenter.net/cgi-bin/confirmeph2.cgi
20260716T150002Z,2026-07-16T15:00:02.317255Z,20260716T150002Z_batch01,ST26G46,2026-07-17T07:00:00Z,21 16 58.7,319.2445833333333,+04 22 12,4.369999999999999,145.9,18.7,24.09,309.7,Map/Offsets,https://cgi.minorplanetcenter.net/cgi-bin/confirmeph2.cgi
20260716T150002Z,2026-07-16T15:00:02.317255Z,20260716T150002Z_batch01,ST26G46,2026-07-17T08:00:00Z,21 15 44.8,318.93666666666667,+04 37 30,4.625000000000001,145.9,18.7,23.81,309.7,Map/Offsets,https://cgi.minorplanetcenter.net/cgi-bin/confirmeph2.cgi
20260716T150002Z,2026-07-16T15:00:02.317255Z,20260716T150002Z_batch01,ST26G46,2026-07-17T09:00:00Z,21 14 31.7,318.6320833333333,+04 52 37,4.876944444444445,146.0,18.7,23.52,309.7,Map/Offsets,https://cgi.minorplanetcenter.net/cgi-bin/confirmeph2.cgi
20260716T150002Z,2026-07-16T15:00:02.317255Z,20260716T150002Z_batch01,ST26G46,2026-07-17T10:00:00Z,21 13 19.4,318.3308333333333,+05 07 32,5.125555555555555,146.0,18.7,23.24,309.6,Map/Offsets,https://cgi.minorplanetcenter.net/cgi-bin/confirmeph2.cgi
20260716T150002Z,2026-07-16T15:00:02.317255Z,20260716T150002Z_batch01,ST26G46,2026-07-17T11:00:00Z,21 12 08.0,318.0333333333333,+05 22 16,5.3711111111111105,146.0,18.7,22.97,309.6,Map/Offsets,https://cgi.minorplanetcenter.net/cgi-bin/confirmeph2.cgi
20260716T150002Z,2026-07-16T15:00:02.317255Z,20260716T150002Z_batch01,ST26G46,2026-07-17T12:00:00Z,21 10 57.3,317.73875,+05 36 49,5.613611111111111,146.0,18.8,22.69,309.6,Map/Offsets,https://cgi.minorplanetcenter.net/cgi-bin/confirmeph2.cgi
20260716T150002Z,2026-07-16T15:00:02.317255Z,20260716T150002Z_batch01,ST26G46,2026-07-17T13:00:00Z,21 09 47.4,317.4475,+05 51 11,5.853055555555555,146.0,18.8,22.42,309.5,Map/Offsets,https://cgi.minorplanetcenter.net/cgi-bin/confirmeph2.cgi
20260716T150002Z,2026-07-16T15:00:02.317255Z,20260716T150002Z_batch01,ST26G46,2026-07-17T14:00:00Z,21 08 38.2,317.15916666666664,+06 05 22,6.089444444444444,146.1,18.8,22.15,309.5,Map/Offsets,https://cgi.minorplanetcenter.net/cgi-bin/confirmeph2.cgi
20260716T150002Z,2026-07-16T15:00:02.317255Z,20260716T150002Z_batch01,orA4471,2026-07-16T14:00:00Z,16 14 47.0,243.69583333333335,-18 10 17,-18.17138888888889,131.3,19.8,1.61,85.3,Map/Offsets,https://cgi.minorplanetcenter.net/cgi-bin/confirmeph2.cgi
20260716T150002Z,2026-07-16T15:00:02.317255Z,20260716T150002Z_batch01,orA4471,2026-07-16T15:00:00Z,16 14 53.8,243.7241666666667,-18 10 09,-18.16916666666667,131.3,19.8,1.61,85.3,Map/Offsets,https://cgi.minorplanetcenter.net/cgi-bin/confirmeph2.cgi
20260716T150002Z,2026-07-16T15:00:02.317255Z,20260716T150002Z_batch01,orA4471,2026-07-16T16:00:00Z,16 15 00.5,243.7520833333333,-18 10 01,-18.166944444444447,131.3,19.8,1.6,85.3,Map/Offsets,https://cgi.minorplanetcenter.net/cgi-bin/confirmeph2.cgi
20260716T150002Z,2026-07-16T15:00:02.317255Z,20260716T150002Z_batch01,orA4471,2026-07-16T17:00:00Z,16 15 07.3,243.78041666666664,-18 09 53,-18.16472222222222,131.3,19.8,1.6,85.3,Map/Offsets,https://cgi.minorplanetcenter.net/cgi-bin/confirmeph2.cgi
20260716T150002Z,2026-07-16T15:00:02.317255Z,20260716T150002Z_batch01,orA4471,2026-07-16T18:00:00Z,16 15 14.0,243.8083333333333,-18 09 45,-18.162499999999998,131.2,19.8,1.6,85.3,Map/Offsets,https://cgi.minorplanetcenter.net/cgi-bin/confirmeph2.cgi
20260716T150002Z,2026-07-16T15:00:02.317255Z,20260716T150002Z_batch01,orA4471,2026-07-16T19:00:00Z,16 15 20.7,243.83624999999998,-18 09 38,-18.160555555555554,131.2,19.8,1.59,85.3,Map/Offsets,https://cgi.minorplanetcenter.net/cgi-bin/confirmeph2.cgi
20260716T150002Z,2026-07-16T15:00:02.317255Z,20260716T150002Z_batch01,orA4471,2026-07-16T20:00:00Z,16 15 27.3,243.86374999999998,-18 09 30,-18.15833333333333,131.2,19.8,1.59,85.3,Map/Offsets,https://cgi.minorplanetcenter.net/cgi-bin/confirmeph2.cgi
20260716T150002Z,2026-07-16T15:00:02.317255Z,20260716T150002Z_batch01,orA4471,2026-07-16T21:00:00Z,16 15 34.0,243.89166666666665,-18 09 22,-18.15611111111111,131.2,19.8,1.59,85.3,Map/Offsets,https://cgi.minorplanetcenter.net/cgi-bin/confirmeph2.cgi
20260716T150002Z,2026-07-16T15:00:02.317255Z,20260716T150002Z_batch01,orA4471,2026-07-16T22:00:00Z,16 15 40.6,243.91916666666668,-18 09 14,-18.153888888888886,131.2,19.8,1.58,85.4,Map/Offsets,https://cgi.minorplanetcenter.net/cgi-bin/confirmeph2.cgi
20260716T150002Z,2026-07-16T15:00:02.317255Z,20260716T150002Z_batch01,orA4471,2026-07-16T23:00:00Z,16 15 47.3,243.94708333333335,-18 09 07,-18.151944444444442,131.2,19.8,1.58,85.4,Map/Offsets,https://cgi.minorplanetcenter.net/cgi-bin/confirmeph2.cgi
20260716T150002Z,2026-07-16T15:00:02.317255Z,20260716T150002Z_batch01,orA4471,2026-07-17T00:00:00Z,16 15 53.9,243.97458333333336,-18 08 59,-18.149722222222223,131.2,19.8,1.57,85.4,Map/Offsets,https://cgi.minorplanetcenter.net/cgi-bin/confirmeph2.cgi
20260716T150002Z,2026-07-16T15:00:02.317255Z,20260716T150002Z_batch01,orA4471,2026-07-17T01:00:00Z,16 16 00.5,244.0020833333333,-18 08 51,-18.1475,131.1,19.8,1.57,85.4,Map/Offsets,https://cgi.minorplanetcenter.net/cgi-bin/confirmeph2.cgi
20260716T150002Z,2026-07-16T15:00:02.317255Z,20260716T150002Z_batch01,orA4471,2026-07-17T02:00:00Z,16 16 07.0,244.02916666666664,-18 08 44,-18.145555555555553,131.1,19.9,1.57,85.4,Map/Offsets,https://cgi.minorplanetcenter.net/cgi-bin/confirmeph2.cgi
20260716T150002Z,2026-07-16T15:00:02.317255Z,20260716T150002Z_batch01,orA4471,2026-07-17T03:00:00Z,16 16 13.6,244.05666666666664,-18 08 36,-18.143333333333334,131.1,19.9,1.56,85.4,Map/Offsets,https://cgi.minorplanetcenter.net/cgi-bin/confirmeph2.cgi
20260716T150002Z,2026-07-16T15:00:02.317255Z,20260716T150002Z_batch01,orA4471,2026-07-17T04:00:00Z,16 16 20.2,244.08416666666665,-18 08 29,-18.141388888888887,131.1,19.9,1.56,85.4,Map/Offsets,https://cgi.minorplanetcenter.net/cgi-bin/confirmeph2.cgi
20260716T150002Z,2026-07-16T15:00:02.317255Z,20260716T150002Z_batch01,orA4471,2026-07-17T05:00:00Z,16 16 26.7,244.11125,-18 08 21,-18.139166666666664,131.1,19.9,1.56,85.4,Map/Offsets,https://cgi.minorplanetcenter.net/cgi-bin/confirmeph2.cgi
20260716T150002Z,2026-07-16T15:00:02.317255Z,20260716T150002Z_batch01,orA4471,2026-07-17T06:00:00Z,16 16 33.2,244.1383333333333,-18 08 14,-18.13722222222222,131.1,19.9,1.55,85.4,Map/Offsets,https://cgi.minorplanetcenter.net/cgi-bin/confirmeph2.cgi
20260716T150002Z,2026-07-16T15:00:02.317255Z,20260716T150002Z_batch01,orA4471,2026-07-17T07:00:00Z,16 16 39.7,244.16541666666663,-18 08 07,-18.135277777777777,131.0,19.9,1.55,85.5,Map/Offsets,https://cgi.minorplanetcenter.net/cgi-bin/confirmeph2.cgi
20260716T150002Z,2026-07-16T15:00:02.317255Z,20260716T150002Z_batch01,orA4471,2026-07-17T08:00:00Z,16 16 46.2,244.1925,-18 07 59,-18.133055555555558,131.0,19.9,1.54,85.5,Map/Offsets,https://cgi.minorplanetcenter.net/cgi-bin/confirmeph2.cgi
20260716T150002Z,2026-07-16T15:00:02.317255Z,20260716T150002Z_batch01,orA4471,2026-07-17T09:00:00Z,16 16 52.7,244.21958333333333,-18 07 52,-18.13111111111111,131.0,19.9,1.54,85.5,Map/Offsets,https://cgi.minorplanetcenter.net/cgi-bin/confirmeph2.cgi
20260716T150002Z,2026-07-16T15:00:02.317255Z,20260716T150002Z_batch01,orA4471,2026-07-17T10:00:00Z,16 16 59.1,244.24625,-18 07 45,-18.129166666666666,131.0,19.9,1.54,85.5,Map/Offsets,https://cgi.minorplanetcenter.net/cgi-bin/confirmeph2.cgi
20260716T150002Z,2026-07-16T15:00:02.317255Z,20260716T150002Z_batch01,orA4471,2026-07-17T11:00:00Z,16 17 05.6,244.27333333333334,-18 07 37,-18.126944444444444,131.0,19.9,1.53,85.5,Map/Offsets,https://cgi.minorplanetcenter.net/cgi-bin/confirmeph2.cgi
20260716T150002Z,2026-07-16T15:00:02.317255Z,20260716T150002Z_batch01,orA4471,2026-07-17T12:00:00Z,16 17 12.0,244.30000000000004,-18 07 30,-18.125,131.0,19.9,1.53,85.5,Map/Offsets,https://cgi.minorplanetcenter.net/cgi-bin/confirmeph2.cgi
20260716T150002Z,2026-07-16T15:00:02.317255Z,20260716T150002Z_batch01,orA4471,2026-07-17T13:00:00Z,16 17 18.4,244.3266666666667,-18 07 23,-18.123055555555556,131.0,19.9,1.53,85.5,Map/Offsets,https://cgi.minorplanetcenter.net/cgi-bin/confirmeph2.cgi
20260716T150002Z,2026-07-16T15:00:02.317255Z,20260716T150002Z_batch01,orA4471,2026-07-17T14:00:00Z,16 17 24.8,244.35333333333335,-18 07 16,-18.121111111111112,130.9,19.9,1.52,85.5,Map/Offsets,https://cgi.minorplanetcenter.net/cgi-bin/confirmeph2.cgi
20260716T150002Z,2026-07-16T15:00:02.317255Z,20260716T150002Z_batch01,X89848,2026-07-16T14:00:00Z,22 05 48.6,331.4525,-13 03 21,-13.055833333333334,144.8,19.7,0.07,211.2,Map/Offsets,https://cgi.minorplanetcenter.net/cgi-bin/confirmeph2.cgi
20260716T150002Z,2026-07-16T15:00:02.317255Z,20260716T150002Z_batch01,X89848,2026-07-16T15:00:00Z,22 05 48.4,331.45166666666665,-13 03 25,-13.056944444444445,144.9,19.7,0.07,211.5,Map/Offsets,https://cgi.minorplanetcenter.net/cgi-bin/confirmeph2.cgi
20260716T150002Z,2026-07-16T15:00:02.317255Z,20260716T150002Z_batch01,X89848,2026-07-16T16:00:00Z,22 05 48.2,331.4508333333333,-13 03 29,-13.058055555555557,144.9,19.7,0.07,211.7,Map/Offsets,https://cgi.minorplanetcenter.net/cgi-bin/confirmeph2.cgi
20260716T150002Z,2026-07-16T15:00:02.317255Z,20260716T150002Z_batch01,X89848,2026-07-16T17:00:00Z,22 05 48.1,331.4504166666666,-13 03 32,-13.05888888888889,144.9,19.7,0.07,212.0,Map/Offsets,https://cgi.minorplanetcenter.net/cgi-bin/confirmeph2.cgi
20260716T150002Z,2026-07-16T15:00:02.317255Z,20260716T150002Z_batch01,X89848,2026-07-16T18:00:00Z,22 05 47.9,331.4495833333333,-13 03 36,-13.06,145.0,19.7,0.07,212.2,Map/Offsets,https://cgi.minorplanetcenter.net/cgi-bin/confirmeph2.cgi
20260716T150002Z,2026-07-16T15:00:02.317255Z,20260716T150002Z_batch01,X89848,2026-07-16T19:00:00Z,22 05 47.8,331.44916666666666,-13 03 40,-13.061111111111112,145.0,19.7,0.07,212.5,Map/Offsets,https://cgi.minorplanetcenter.net/cgi-bin/confirmeph2.cgi
20260716T150002Z,2026-07-16T15:00:02.317255Z,20260716T150002Z_batch01,X89848,2026-07-16T20:00:00Z,22 05 47.6,331.4483333333333,-13 03 44,-13.062222222222223,145.1,19.7,0.07,212.7,Map/Offsets,https://cgi.minorplanetcenter.net/cgi-bin/confirmeph2.cgi
20260716T150002Z,2026-07-16T15:00:02.317255Z,20260716T150002Z_batch01,X89848,2026-07-16T21:00:00Z,22 05 47.4,331.4475,-13 03 47,-13.063055555555556,145.1,19.7,0.07,212.9,Map/Offsets,https://cgi.minorplanetcenter.net/cgi-bin/confirmeph2.cgi
20260716T150002Z,2026-07-16T15:00:02.317255Z,20260716T150002Z_batch01,X89848,2026-07-16T22:00:00Z,22 05 47.3,331.4470833333333,-13 03 51,-13.064166666666667,145.1,19.7,0.07,213.2,Map/Offsets,https://cgi.minorplanetcenter.net/cgi-bin/confirmeph2.cgi
20260716T150002Z,2026-07-16T15:00:02.317255Z,20260716T150002Z_batch01,X89848,2026-07-16T23:00:00Z,22 05 47.1,331.44625,-13 03 55,-13.065277777777778,145.2,19.7,0.08,213.4,Map/Offsets,https://cgi.minorplanetcenter.net/cgi-bin/confirmeph2.cgi
20260716T150002Z,2026-07-16T15:00:02.317255Z,20260716T150002Z_batch01,X89848,2026-07-17T00:00:00Z,22 05 46.9,331.4454166666667,-13 03 59,-13.06638888888889,145.2,19.7,0.08,213.6,Map/Offsets,https://cgi.minorplanetcenter.net/cgi-bin/confirmeph2.cgi
20260716T150002Z,2026-07-16T15:00:02.317255Z,20260716T150002Z_batch01,X89848,2026-07-17T01:00:00Z,22 05 46.8,331.445,-13 04 02,-13.067222222222222,145.3,19.7,0.08,213.9,Map/Offsets,https://cgi.minorplanetcenter.net/cgi-bin/confirmeph2.cgi
20260716T150002Z,2026-07-16T15:00:02.317255Z,20260716T150002Z_batch01,X89848,2026-07-17T02:00:00Z,22 05 46.6,331.4441666666666,-13 04 06,-13.068333333333333,145.3,19.7,0.08,214.1,Map/Offsets,https://cgi.minorplanetcenter.net/cgi-bin/confirmeph2.cgi
20260716T150002Z,2026-07-16T15:00:02.317255Z,20260716T150002Z_batch01,X89848,2026-07-17T03:00:00Z,22 05 46.4,331.4433333333333,-13 04 10,-13.069444444444445,145.3,19.7,0.08,214.3,Map/Offsets,https://cgi.minorplanetcenter.net/cgi-bin/confirmeph2.cgi
20260716T150002Z,2026-07-16T15:00:02.317255Z,20260716T150002Z_batch01,X89848,2026-07-17T04:00:00Z,22 05 46.2,331.4425,-13 04 14,-13.070555555555556,145.4,19.7,0.08,214.5,Map/Offsets,https://cgi.minorplanetcenter.net/cgi-bin/confirmeph2.cgi
20260716T150002Z,2026-07-16T15:00:02.317255Z,20260716T150002Z_batch01,X89848,2026-07-17T05:00:00Z,22 05 46.0,331.44166666666666,-13 04 18,-13.071666666666667,145.4,19.7,0.08,214.7,Map/Offsets,https://cgi.minorplanetcenter.net/cgi-bin/confirmeph2.cgi
20260716T150002Z,2026-07-16T15:00:02.317255Z,20260716T150002Z_batch01,X89848,2026-07-17T06:00:00Z,22 05 45.9,331.44124999999997,-13 04 22,-13.072777777777777,145.5,19.7,0.08,215.0,Map/Offsets,https://cgi.minorplanetcenter.net/cgi-bin/confirmeph2.cgi
20260716T150002Z,2026-07-16T15:00:02.317255Z,20260716T150002Z_batch01,X89848,2026-07-17T07:00:00Z,22 05 45.7,331.4404166666667,-13 04 25,-13.073611111111111,145.5,19.7,0.08,215.2,Map/Offsets,https://cgi.minorplanetcenter.net/cgi-bin/confirmeph2.cgi
20260716T150002Z,2026-07-16T15:00:02.317255Z,20260716T150002Z_batch01,X89848,2026-07-17T08:00:00Z,22 05 45.5,331.43958333333336,-13 04 29,-13.074722222222222,145.5,19.7,0.08,215.4,Map/Offsets,https://cgi.minorplanetcenter.net/cgi-bin/confirmeph2.cgi
20260716T150002Z,2026-07-16T15:00:02.317255Z,20260716T150002Z_batch01,X89848,2026-07-17T09:00:00Z,22 05 45.3,331.43874999999997,-13 04 33,-13.075833333333334,145.6,19.7,0.08,215.6,Map/Offsets,https://cgi.minorplanetcenter.net/cgi-bin/confirmeph2.cgi
20260716T150002Z,2026-07-16T15:00:02.317255Z,20260716T150002Z_batch01,X89848,2026-07-17T10:00:00Z,22 05 45.1,331.43791666666664,-13 04 37,-13.076944444444445,145.6,19.7,0.08,215.8,Map/Offsets,https://cgi.minorplanetcenter.net/cgi-bin/confirmeph2.cgi
20260716T150002Z,2026-07-16T15:00:02.317255Z,20260716T150002Z_batch01,X89848,2026-07-17T11:00:00Z,22 05 44.9,331.4370833333333,-13 04 41,-13.078055555555554,145.7,19.7,0.08,216.0,Map/Offsets,https://cgi.minorplanetcenter.net/cgi-bin/confirmeph2.cgi
20260716T150002Z,2026-07-16T15:00:02.317255Z,20260716T150002Z_batch01,X89848,2026-07-17T12:00:00Z,22 05 44.7,331.43625,-13 04 45,-13.079166666666666,145.7,19.7,0.08,216.2,Map/Offsets,https://cgi.minorplanetcenter.net/cgi-bin/confirmeph2.cgi
20260716T150002Z,2026-07-16T15:00:02.317255Z,20260716T150002Z_batch01,X89848,2026-07-17T13:00:00Z,22 05 44.5,331.43541666666664,-13 04 49,-13.080277777777777,145.8,19.7,0.08,216.4,Map/Offsets,https://cgi.minorplanetcenter.net/cgi-bin/confirmeph2.cgi
20260716T150002Z,2026-07-16T15:00:02.317255Z,20260716T150002Z_batch01,X89848,2026-07-17T14:00:00Z,22 05 44.3,331.4345833333333,-13 04 53,-13.081388888888888,145.8,19.7,0.08,216.6,Map/Offsets,https://cgi.minorplanetcenter.net/cgi-bin/confirmeph2.cgi
20260716T150002Z,2026-07-16T15:00:02.317255Z,20260716T150002Z_batch01,A11EJqb,2026-07-16T14:00:00Z,03 19 05.0,49.770833333333336,-20 31 14,-20.520555555555553,76.7,18.5,0.27,46.0,Map/Offsets,https://cgi.minorplanetcenter.net/cgi-bin/confirmeph2.cgi
20260716T150002Z,2026-07-16T15:00:02.317255Z,20260716T150002Z_batch01,A11EJqb,2026-07-16T15:00:00Z,03 19 05.9,49.77458333333333,-20 31 02,-20.51722222222222,76.7,18.5,0.27,46.0,Map/Offsets,https://cgi.minorplanetcenter.net/cgi-bin/confirmeph2.cgi
20260716T150002Z,2026-07-16T15:00:02.317255Z,20260716T150002Z_batch01,A11EJqb,2026-07-16T16:00:00Z,03 19 06.7,49.77791666666667,-20 30 51,-20.514166666666668,76.8,18.5,0.27,45.9,Map/Offsets,https://cgi.minorplanetcenter.net/cgi-bin/confirmeph2.cgi
20260716T150002Z,2026-07-16T15:00:02.317255Z,20260716T150002Z_batch01,A11EJqb,2026-07-16T17:00:00Z,03 19 07.5,49.78124999999999,-20 30 40,-20.511111111111113,76.8,18.5,0.27,45.9,Map/Offsets,https://cgi.minorplanetcenter.net/cgi-bin/confirmeph2.cgi
20260716T150002Z,2026-07-16T15:00:02.317255Z,20260716T150002Z_batch01,A11EJqb,2026-07-16T18:00:00Z,03 19 08.3,49.78458333333333,-20 30 29,-20.508055555555554,76.8,18.5,0.27,45.9,Map/Offsets,https://cgi.minorplanetcenter.net/cgi-bin/confirmeph2.cgi
20260716T150002Z,2026-07-16T15:00:02.317255Z,20260716T150002Z_batch01,A11EJqb,2026-07-16T19:00:00Z,03 19 09.2,49.78833333333333,-20 30 17,-20.504722222222224,76.8,18.5,0.27,45.8,Map/Offsets,https://cgi.minorplanetcenter.net/cgi-bin/confirmeph2.cgi
20260716T150002Z,2026-07-16T15:00:02.317255Z,20260716T150002Z_batch01,A11EJqb,2026-07-16T20:00:00Z,03 19 10.0,49.791666666666664,-20 30 06,-20.501666666666665,76.9,18.5,0.27,45.8,Map/Offsets,https://cgi.minorplanetcenter.net/cgi-bin/confirmeph2.cgi
20260716T150002Z,2026-07-16T15:00:02.317255Z,20260716T150002Z_batch01,A11EJqb,2026-07-16T21:00:00Z,03 19 10.8,49.795,-20 29 55,-20.498611111111114,76.9,18.5,0.27,45.8,Map/Offsets,https://cgi.minorplanetcenter.net/cgi-bin/confirmeph2.cgi
20260716T150002Z,2026-07-16T15:00:02.317255Z,20260716T150002Z_batch01,A11EJqb,2026-07-16T22:00:00Z,03 19 11.6,49.798333333333325,-20 29 44,-20.495555555555555,76.9,18.5,0.27,45.7,Map/Offsets,https://cgi.minorplanetcenter.net/cgi-bin/confirmeph2.cgi
20260716T150002Z,2026-07-16T15:00:02.317255Z,20260716T150002Z_batch01,A11EJqb,2026-07-16T23:00:00Z,03 19 12.4,49.80166666666666,-20 29 33,-20.4925,76.9,18.5,0.27,45.7,Map/Offsets,https://cgi.minorplanetcenter.net/cgi-bin/confirmeph2.cgi
20260716T150002Z,2026-07-16T15:00:02.317255Z,20260716T150002Z_batch01,A11EJqb,2026-07-17T00:00:00Z,03 19 13.3,49.80541666666666,-20 29 21,-20.489166666666666,77.0,18.5,0.27,45.7,Map/Offsets,https://cgi.minorplanetcenter.net/cgi-bin/confirmeph2.cgi
20260716T150002Z,2026-07-16T15:00:02.317255Z,20260716T150002Z_batch01,A11EJqb,2026-07-17T01:00:00Z,03 19 14.1,49.808749999999996,-20 29 10,-20.48611111111111,77.0,18.5,0.27,45.6,Map/Offsets,https://cgi.minorplanetcenter.net/cgi-bin/confirmeph2.cgi
20260716T150002Z,2026-07-16T15:00:02.317255Z,20260716T150002Z_batch01,A11EJqb,2026-07-17T02:00:00Z,03 19 14.9,49.812083333333334,-20 28 59,-20.483055555555556,77.0,18.5,0.27,45.6,Map/Offsets,https://cgi.minorplanetcenter.net/cgi-bin/confirmeph2.cgi
20260716T150002Z,2026-07-16T15:00:02.317255Z,20260716T150002Z_batch01,A11EJqb,2026-07-17T03:00:00Z,03 19 15.7,49.815416666666664,-20 28 48,-20.479999999999997,77.1,18.5,0.26,45.6,Map/Offsets,https://cgi.minorplanetcenter.net/cgi-bin/confirmeph2.cgi
20260716T150002Z,2026-07-16T15:00:02.317255Z,20260716T150002Z_batch01,A11EJqb,2026-07-17T04:00:00Z,03 19 16.5,49.818749999999994,-20 28 37,-20.47694444444444,77.1,18.5,0.26,45.5,Map/Offsets,https://cgi.minorplanetcenter.net/cgi-bin/confirmeph2.cgi
20260716T150002Z,2026-07-16T15:00:02.317255Z,20260716T150002Z_batch01,A11EJqb,2026-07-17T05:00:00Z,03 19 17.3,49.82208333333333,-20 28 26,-20.473888888888887,77.1,18.5,0.26,45.5,Map/Offsets,https://cgi.minorplanetcenter.net/cgi-bin/confirmeph2.cgi
20260716T150002Z,2026-07-16T15:00:02.317255Z,20260716T150002Z_batch01,A11EJqb,2026-07-17T06:00:00Z,03 19 18.1,49.82541666666666,-20 28 15,-20.47083333333333,77.1,18.5,0.26,45.4,Map/Offsets,https://cgi.minorplanetcenter.net/cgi-bin/confirmeph2.cgi
20260716T150002Z,2026-07-16T15:00:02.317255Z,20260716T150002Z_batch01,A11EJqb,2026-07-17T07:00:00Z,03 19 18.9,49.82875,-20 28 04,-20.467777777777776,77.2,18.5,0.26,45.4,Map/Offsets,https://cgi.minorplanetcenter.net/cgi-bin/confirmeph2.cgi
20260716T150002Z,2026-07-16T15:00:02.317255Z,20260716T150002Z_batch01,A11EJqb,2026-07-17T08:00:00Z,03 19 19.7,49.83208333333333,-20 27 52,-20.464444444444442,77.2,18.5,0.26,45.4,Map/Offsets,https://cgi.minorplanetcenter.net/cgi-bin/confirmeph2.cgi
20260716T150002Z,2026-07-16T15:00:02.317255Z,20260716T150002Z_batch01,A11EJqb,2026-07-17T09:00:00Z,03 19 20.5,49.83541666666666,-20 27 41,-20.461388888888887,77.2,18.5,0.26,45.3,Map/Offsets,https://cgi.minorplanetcenter.net/cgi-bin/confirmeph2.cgi
20260716T150002Z,2026-07-16T15:00:02.317255Z,20260716T150002Z_batch01,A11EJqb,2026-07-17T10:00:00Z,03 19 21.3,49.83875,-20 27 30,-20.458333333333332,77.2,18.5,0.26,45.3,Map/Offsets,https://cgi.minorplanetcenter.net/cgi-bin/confirmeph2.cgi
20260716T150002Z,2026-07-16T15:00:02.317255Z,20260716T150002Z_batch01,A11EJqb,2026-07-17T11:00:00Z,03 19 22.1,49.84208333333333,-20 27 19,-20.455277777777777,77.3,18.5,0.26,45.3,Map/Offsets,https://cgi.minorplanetcenter.net/cgi-bin/confirmeph2.cgi
20260716T150002Z,2026-07-16T15:00:02.317255Z,20260716T150002Z_batch01,A11EJqb,2026-07-17T12:00:00Z,03 19 22.9,49.845416666666665,-20 27 08,-20.452222222222222,77.3,18.5,0.26,45.2,Map/Offsets,https://cgi.minorplanetcenter.net/cgi-bin/confirmeph2.cgi
20260716T150002Z,2026-07-16T15:00:02.317255Z,20260716T150002Z_batch01,A11EJqb,2026-07-17T13:00:00Z,03 19 23.7,49.848749999999995,-20 26 57,-20.449166666666667,77.3,18.5,0.26,45.2,Map/Offsets,https://cgi.minorplanetcenter.net/cgi-bin/confirmeph2.cgi
20260716T150002Z,2026-07-16T15:00:02.317255Z,20260716T150002Z_batch01,A11EJqb,2026-07-17T14:00:00Z,03 19 24.5,49.85208333333333,-20 26 46,-20.44611111111111,77.4,18.5,0.26,45.2,Map/Offsets,https://cgi.minorplanetcenter.net/cgi-bin/confirmeph2.cgi
20260716T150002Z,2026-07-16T15:00:02.317255Z,20260716T150002Z_batch01,P12onSk,2026-07-16T14:00:00Z,22 18 33.4,334.6391666666667,-32 15 45,-32.2625,143.7,21.3,0.55,141.7,Map/Offsets,https://cgi.minorplanetcenter.net/cgi-bin/confirmeph2.cgi
20260716T150002Z,2026-07-16T15:00:02.317255Z,20260716T150002Z_batch01,P12onSk,2026-07-16T15:00:00Z,22 18 35.0,334.64583333333337,-32 16 10,-32.269444444444446,143.7,21.3,0.55,141.8,Map/Offsets,https://cgi.minorplanetcenter.net/cgi-bin/confirmeph2.cgi
20260716T150002Z,2026-07-16T15:00:02.317255Z,20260716T150002Z_batch01,P12onSk,2026-07-16T16:00:00Z,22 18 36.6,334.65250000000003,-32 16 36,-32.276666666666664,143.7,21.3,0.55,141.9,Map/Offsets,https://cgi.minorplanetcenter.net/cgi-bin/confirmeph2.cgi
20260716T150002Z,2026-07-16T15:00:02.317255Z,20260716T150002Z_batch01,P12onSk,2026-07-16T17:00:00Z,22 18 38.2,334.6591666666667,-32 17 02,-32.28388888888889,143.8,21.3,0.55,142.0,Map/Offsets,https://cgi.minorplanetcenter.net/cgi-bin/confirmeph2.cgi
20260716T150002Z,2026-07-16T15:00:02.317255Z,20260716T150002Z_batch01,P12onSk,2026-07-16T18:00:00Z,22 18 39.8,334.66583333333335,-32 17 28,-32.29111111111111,143.8,21.3,0.55,142.1,Map/Offsets,https://cgi.minorplanetcenter.net/cgi-bin/confirmeph2.cgi
20260716T150002Z,2026-07-16T15:00:02.317255Z,20260716T150002Z_batch01,P12onSk,2026-07-16T19:00:00Z,22 18 41.4,334.6725,-32 17 54,-32.29833333333333,143.8,21.3,0.55,142.2,Map/Offsets,https://cgi.minorplanetcenter.net/cgi-bin/confirmeph2.cgi
20260716T150002Z,2026-07-16T15:00:02.317255Z,20260716T150002Z_batch01,P12onSk,2026-07-16T20:00:00Z,22 18 43.0,334.6791666666667,-32 18 20,-32.30555555555555,143.8,21.3,0.55,142.3,Map/Offsets,https://cgi.minorplanetcenter.net/cgi-bin/confirmeph2.cgi
20260716T150002Z,2026-07-16T15:00:02.317255Z,20260716T150002Z_batch01,P12onSk,2026-07-16T21:00:00Z,22 18 44.5,334.6854166666667,-32 18 45,-32.3125,143.9,21.2,0.55,142.4,Map/Offsets,https://cgi.minorplanetcenter.net/cgi-bin/confirmeph2.cgi
20260716T150002Z,2026-07-16T15:00:02.317255Z,20260716T150002Z_batch01,P12onSk,2026-07-16T22:00:00Z,22 18 46.1,334.69208333333336,-32 19 11,-32.319722222222225,143.9,21.2,0.55,142.5,Map/Offsets,https://cgi.minorplanetcenter.net/cgi-bin/confirmeph2.cgi
20260716T150002Z,2026-07-16T15:00:02.317255Z,20260716T150002Z_batch01,P12onSk,2026-07-16T23:00:00Z,22 18 47.7,334.69875,-32 19 37,-32.32694444444445,143.9,21.2,0.55,142.6,Map/Offsets,https://cgi.minorplanetcenter.net/cgi-bin/confirmeph2.cgi
20260716T150002Z,2026-07-16T15:00:02.317255Z,20260716T150002Z_batch01,P12onSk,2026-07-17T00:00:00Z,22 18 49.3,334.7054166666667,-32 20 04,-32.33444444444444,143.9,21.2,0.55,142.7,Map/Offsets,https://cgi.minorplanetcenter.net/cgi-bin/confirmeph2.cgi
20260716T150002Z,2026-07-16T15:00:02.317255Z,20260716T150002Z_batch01,P12onSk,2026-07-17T01:00:00Z,22 18 50.8,334.71166666666664,-32 20 30,-32.34166666666667,144.0,21.2,0.55,142.8,Map/Offsets,https://cgi.minorplanetcenter.net/cgi-bin/confirmeph2.cgi
20260716T150002Z,2026-07-16T15:00:02.317255Z,20260716T150002Z_batch01,P12onSk,2026-07-17T02:00:00Z,22 18 52.4,334.71833333333336,-32 20 56,-32.348888888888894,144.0,21.2,0.55,142.9,Map/Offsets,https://cgi.minorplanetcenter.net/cgi-bin/confirmeph2.cgi
20260716T150002Z,2026-07-16T15:00:02.317255Z,20260716T150002Z_batch01,P12onSk,2026-07-17T03:00:00Z,22 18 54.0,334.725,-32 21 22,-32.35611111111111,144.0,21.2,0.55,143.0,Map/Offsets,https://cgi.minorplanetcenter.net/cgi-bin/confirmeph2.cgi
20260716T150002Z,2026-07-16T15:00:02.317255Z,20260716T150002Z_batch01,P12onSk,2026-07-17T04:00:00Z,22 18 55.5,334.73125,-32 21 48,-32.36333333333334,144.0,21.2,0.55,143.0,Map/Offsets,https://cgi.minorplanetcenter.net/cgi-bin/confirmeph2.cgi
20260716T150002Z,2026-07-16T15:00:02.317255Z,20260716T150002Z_batch01,P12onSk,2026-07-17T05:00:00Z,22 18 57.1,334.73791666666665,-32 22 14,-32.370555555555555,144.1,21.2,0.55,143.1,Map/Offsets,https://cgi.minorplanetcenter.net/cgi-bin/confirmeph2.cgi
20260716T150002Z,2026-07-16T15:00:02.317255Z,20260716T150002Z_batch01,P12onSk,2026-07-17T06:00:00Z,22 18 58.6,334.7441666666667,-32 22 41,-32.378055555555555,144.1,21.2,0.55,143.2,Map/Offsets,https://cgi.minorplanetcenter.net/cgi-bin/confirmeph2.cgi
20260716T150002Z,2026-07-16T15:00:02.317255Z,20260716T150002Z_batch01,P12onSk,2026-07-17T07:00:00Z,22 19 00.2,334.75083333333333,-32 23 07,-32.38527777777778,144.1,21.2,0.55,143.3,Map/Offsets,https://cgi.minorplanetcenter.net/cgi-bin/confirmeph2.cgi
20260716T150002Z,2026-07-16T15:00:02.317255Z,20260716T150002Z_batch01,P12onSk,2026-07-17T08:00:00Z,22 19 01.7,334.7570833333333,-32 23 33,-32.3925,144.1,21.2,0.55,143.4,Map/Offsets,https://cgi.minorplanetcenter.net/cgi-bin/confirmeph2.cgi
20260716T150002Z,2026-07-16T15:00:02.317255Z,20260716T150002Z_batch01,P12onSk,2026-07-17T09:00:00Z,22 19 03.3,334.76374999999996,-32 24 00,-32.4,144.2,21.2,0.55,143.5,Map/Offsets,https://cgi.minorplanetcenter.net/cgi-bin/confirmeph2.cgi
20260716T150002Z,2026-07-16T15:00:02.317255Z,20260716T150002Z_batch01,P12onSk,2026-07-17T10:00:00Z,22 19 04.8,334.77000000000004,-32 24 26,-32.407222222222224,144.2,21.2,0.55,143.6,Map/Offsets,https://cgi.minorplanetcenter.net/cgi-bin/confirmeph2.cgi
20260716T150002Z,2026-07-16T15:00:02.317255Z,20260716T150002Z_batch01,P12onSk,2026-07-17T11:00:00Z,22 19 06.3,334.77625,-32 24 53,-32.414722222222224,144.2,21.2,0.55,143.7,Map/Offsets,https://cgi.minorplanetcenter.net/cgi-bin/confirmeph2.cgi
20260716T150002Z,2026-07-16T15:00:02.317255Z,20260716T150002Z_batch01,P12onSk,2026-07-17T12:00:00Z,22 19 07.9,334.78291666666667,-32 25 19,-32.42194444444444,144.3,21.2,0.55,143.8,Map/Offsets,https://cgi.minorplanetcenter.net/cgi-bin/confirmeph2.cgi
20260716T150002Z,2026-07-16T15:00:02.317255Z,20260716T150002Z_batch01,P12onSk,2026-07-17T13:00:00Z,22 19 09.4,334.7891666666667,-32 25 46,-32.42944444444444,144.3,21.2,0.55,143.9,Map/Offsets,https://cgi.minorplanetcenter.net/cgi-bin/confirmeph2.cgi
20260716T150002Z,2026-07-16T15:00:02.317255Z,20260716T150002Z_batch01,P12onSk,2026-07-17T14:00:00Z,22 19 10.9,334.79541666666665,-32 26 12,-32.43666666666666,144.3,21.2,0.55,144.0,Map/Offsets,https://cgi.minorplanetcenter.net/cgi-bin/confirmeph2.cgi
20260716T150002Z,2026-07-16T15:00:02.317255Z,20260716T150002Z_batch01,P12onSi,2026-07-16T14:00:00Z,22 00 24.7,330.10291666666666,-23 53 55,-23.898611111111112,148.1,20.8,0.44,349.9,Map/Offsets,https://cgi.minorplanetcenter.net/cgi-bin/confirmeph2.cgi
20260716T150002Z,2026-07-16T15:00:02.317255Z,20260716T150002Z_batch01,P12onSi,2026-07-16T15:00:00Z,22 00 24.4,330.1016666666667,-23 53 28,-23.891111111111112,148.1,20.8,0.44,349.8,Map/Offsets,https://cgi.minorplanetcenter.net/cgi-bin/confirmeph2.cgi
20260716T150002Z,2026-07-16T15:00:02.317255Z,20260716T150002Z_batch01,P12onSi,2026-07-16T16:00:00Z,22 00 24.1,330.10041666666666,-23 53 02,-23.883888888888887,148.2,20.8,0.45,349.7,Map/Offsets,https://cgi.minorplanetcenter.net/cgi-bin/confirmeph2.cgi
20260716T150002Z,2026-07-16T15:00:02.317255Z,20260716T150002Z_batch01,P12onSi,2026-07-16T17:00:00Z,22 00 23.7,330.09875,-23 52 36,-23.87666666666667,148.2,20.8,0.45,349.6,Map/Offsets,https://cgi.minorplanetcenter.net/cgi-bin/confirmeph2.cgi
20260716T150002Z,2026-07-16T15:00:02.317255Z,20260716T150002Z_batch01,P12onSi,2026-07-16T18:00:00Z,22 00 23.4,330.09749999999997,-23 52 09,-23.86916666666667,148.2,20.8,0.45,349.5,Map/Offsets,https://cgi.minorplanetcenter.net/cgi-bin/confirmeph2.cgi
20260716T150002Z,2026-07-16T15:00:02.317255Z,20260716T150002Z_batch01,P12onSi,2026-07-16T19:00:00Z,22 00 23.0,330.09583333333336,-23 51 43,-23.861944444444447,148.3,20.8,0.45,349.4,Map/Offsets,https://cgi.minorplanetcenter.net/cgi-bin/confirmeph2.cgi
20260716T150002Z,2026-07-16T15:00:02.317255Z,20260716T150002Z_batch01,P12onSi,2026-07-16T20:00:00Z,22 00 22.6,330.0941666666667,-23 51 17,-23.854722222222225,148.3,20.8,0.45,349.3,Map/Offsets,https://cgi.minorplanetcenter.net/cgi-bin/confirmeph2.cgi
20260716T150002Z,2026-07-16T15:00:02.317255Z,20260716T150002Z_batch01,P12onSi,2026-07-16T21:00:00Z,22 00 22.3,330.09291666666667,-23 50 50,-23.84722222222222,148.4,20.8,0.45,349.2,Map/Offsets,https://cgi.minorplanetcenter.net/cgi-bin/confirmeph2.cgi
20260716T150002Z,2026-07-16T15:00:02.317255Z,20260716T150002Z_batch01,P12onSi,2026-07-16T22:00:00Z,22 00 21.9,330.09125,-23 50 24,-23.84,148.4,20.8,0.45,349.1,Map/Offsets,https://cgi.minorplanetcenter.net/cgi-bin/confirmeph2.cgi
20260716T150002Z,2026-07-16T15:00:02.317255Z,20260716T150002Z_batch01,P12onSi,2026-07-16T23:00:00Z,22 00 21.5,330.08958333333334,-23 49 58,-23.83277777777778,148.4,20.8,0.45,349.0,Map/Offsets,https://cgi.minorplanetcenter.net/cgi-bin/confirmeph2.cgi
20260716T150002Z,2026-07-16T15:00:02.317255Z,20260716T150002Z_batch01,P12onSi,2026-07-17T00:00:00Z,22 00 21.2,330.08833333333337,-23 49 31,-23.825277777777778,148.5,20.8,0.45,348.9,Map/Offsets,https://cgi.minorplanetcenter.net/cgi-bin/confirmeph2.cgi
20260716T150002Z,2026-07-16T15:00:02.317255Z,20260716T150002Z_batch01,P12onSi,2026-07-17T01:00:00Z,22 00 20.8,330.08666666666664,-23 49 05,-23.818055555555556,148.5,20.8,0.45,348.8,Map/Offsets,https://cgi.minorplanetcenter.net/cgi-bin/confirmeph2.cgi
20260716T150002Z,2026-07-16T15:00:02.317255Z,20260716T150002Z_batch01,P12onSi,2026-07-17T02:00:00Z,22 00 20.4,330.085,-23 48 39,-23.810833333333335,148.6,20.8,0.45,348.7,Map/Offsets,https://cgi.minorplanetcenter.net/cgi-bin/confirmeph2.cgi
20260716T150002Z,2026-07-16T15:00:02.317255Z,20260716T150002Z_batch01,P12onSi,2026-07-17T03:00:00Z,22 00 20.0,330.08333333333337,-23 48 12,-23.803333333333335,148.6,20.8,0.45,348.7,Map/Offsets,https://cgi.minorplanetcenter.net/cgi-bin/confirmeph2.cgi
20260716T150002Z,2026-07-16T15:00:02.317255Z,20260716T150002Z_batch01,P12onSi,2026-07-17T04:00:00Z,22 00 19.6,330.08166666666665,-23 47 46,-23.796111111111113,148.6,20.8,0.45,348.6,Map/Offsets,https://cgi.minorplanetcenter.net/cgi-bin/confirmeph2.cgi
20260716T150002Z,2026-07-16T15:00:02.317255Z,20260716T150002Z_batch01,P12onSi,2026-07-17T05:00:00Z,22 00 19.2,330.08,-23 47 19,-23.788611111111113,148.7,20.8,0.45,348.5,Map/Offsets,https://cgi.minorplanetcenter.net/cgi-bin/confirmeph2.cgi
20260716T150002Z,2026-07-16T15:00:02.317255Z,20260716T150002Z_batch01,P12onSi,2026-07-17T06:00:00Z,22 00 18.8,330.0783333333333,-23 46 53,-23.781388888888888,148.7,20.8,0.45,348.4,Map/Offsets,https://cgi.minorplanetcenter.net/cgi-bin/confirmeph2.cgi
20260716T150002Z,2026-07-16T15:00:02.317255Z,20260716T150002Z_batch01,P12onSi,2026-07-17T07:00:00Z,22 00 18.4,330.0766666666667,-23 46 26,-23.773888888888887,148.7,20.8,0.45,348.3,Map/Offsets,https://cgi.minorplanetcenter.net/cgi-bin/confirmeph2.cgi
20260716T150002Z,2026-07-16T15:00:02.317255Z,20260716T150002Z_batch01,P12onSi,2026-07-17T08:00:00Z,22 00 18.0,330.075,-23 46 00,-23.766666666666666,148.8,20.8,0.45,348.2,Map/Offsets,https://cgi.minorplanetcenter.net/cgi-bin/confirmeph2.cgi
20260716T150002Z,2026-07-16T15:00:02.317255Z,20260716T150002Z_batch01,P12onSi,2026-07-17T09:00:00Z,22 00 17.6,330.0733333333333,-23 45 33,-23.759166666666665,148.8,20.8,0.45,348.1,Map/Offsets,https://cgi.minorplanetcenter.net/cgi-bin/confirmeph2.cgi
20260716T150002Z,2026-07-16T15:00:02.317255Z,20260716T150002Z_batch01,P12onSi,2026-07-17T10:00:00Z,22 00 17.2,330.07166666666666,-23 45 07,-23.751944444444444,148.9,20.8,0.45,348.0,Map/Offsets,https://cgi.minorplanetcenter.net/cgi-bin/confirmeph2.cgi
20260716T150002Z,2026-07-16T15:00:02.317255Z,20260716T150002Z_batch01,P12onSi,2026-07-17T11:00:00Z,22 00 16.8,330.07,-23 44 40,-23.744444444444447,148.9,20.8,0.45,347.9,Map/Offsets,https://cgi.minorplanetcenter.net/cgi-bin/confirmeph2.cgi
20260716T150002Z,2026-07-16T15:00:02.317255Z,20260716T150002Z_batch01,P12onSi,2026-07-17T12:00:00Z,22 00 16.4,330.0683333333333,-23 44 14,-23.737222222222222,148.9,20.7,0.45,347.8,Map/Offsets,https://cgi.minorplanetcenter.net/cgi-bin/confirmeph2.cgi
20260716T150002Z,2026-07-16T15:00:02.317255Z,20260716T150002Z_batch01,P12onSi,2026-07-17T13:00:00Z,22 00 16.0,330.06666666666666,-23 43 47,-23.72972222222222,149.0,20.7,0.45,347.7,Map/Offsets,https://cgi.minorplanetcenter.net/cgi-bin/confirmeph2.cgi
20260716T150002Z,2026-07-16T15:00:02.317255Z,20260716T150002Z_batch01,P12onSi,2026-07-17T14:00:00Z,22 00 15.6,330.06500000000005,-23 43 21,-23.722499999999997,149.0,20.7,0.45,347.6,Map/Offsets,https://cgi.minorplanetcenter.net/cgi-bin/confirmeph2.cgi
20260716T150002Z,2026-07-16T15:00:02.317255Z,20260716T150002Z_batch01,P12onSj,2026-07-16T14:00:00Z,22 46 29.8,341.62416666666667,-28 41 17,-28.688055555555557,137.9,21.0,0.77,139.1,Map/Offsets,https://cgi.minorplanetcenter.net/cgi-bin/confirmeph2.cgi
20260716T150002Z,2026-07-16T15:00:02.317255Z,20260716T150002Z_batch01,P12onSj,2026-07-16T15:00:00Z,22 46 32.1,341.63375,-28 41 52,-28.697777777777777,137.9,21.0,0.77,139.2,Map/Offsets,https://cgi.minorplanetcenter.net/cgi-bin/confirmeph2.cgi
20260716T150002Z,2026-07-16T15:00:02.317255Z,20260716T150002Z_batch01,P12onSj,2026-07-16T16:00:00Z,22 46 34.4,341.6433333333333,-28 42 27,-28.7075,137.9,21.0,0.77,139.2,Map/Offsets,https://cgi.minorplanetcenter.net/cgi-bin/confirmeph2.cgi
20260716T150002Z,2026-07-16T15:00:02.317255Z,20260716T150002Z_batch01,P12onSj,2026-07-16T17:00:00Z,22 46 36.7,341.65291666666667,-28 43 02,-28.71722222222222,138.0,21.0,0.77,139.3,Map/Offsets,https://cgi.minorplanetcenter.net/cgi-bin/confirmeph2.cgi
20260716T150002Z,2026-07-16T15:00:02.317255Z,20260716T150002Z_batch01,P12onSj,2026-07-16T18:00:00Z,22 46 39.0,341.6625,-28 43 37,-28.72694444444444,138.0,21.0,0.77,139.3,Map/Offsets,https://cgi.minorplanetcenter.net/cgi-bin/confirmeph2.cgi
20260716T150002Z,2026-07-16T15:00:02.317255Z,20260716T150002Z_batch01,P12onSj,2026-07-16T19:00:00Z,22 46 41.3,341.6720833333333,-28 44 12,-28.736666666666668,138.0,20.9,0.77,139.4,Map/Offsets,https://cgi.minorplanetcenter.net/cgi-bin/confirmeph2.cgi
20260716T150002Z,2026-07-16T15:00:02.317255Z,20260716T150002Z_batch01,P12onSj,2026-07-16T20:00:00Z,22 46 43.6,341.6816666666666,-28 44 47,-28.74638888888889,138.0,20.9,0.77,139.4,Map/Offsets,https://cgi.minorplanetcenter.net/cgi-bin/confirmeph2.cgi
20260716T150002Z,2026-07-16T15:00:02.317255Z,20260716T150002Z_batch01,P12onSj,2026-07-16T21:00:00Z,22 46 45.9,341.69124999999997,-28 45 23,-28.75638888888889,138.1,20.9,0.77,139.5,Map/Offsets,https://cgi.minorplanetcenter.net/cgi-bin/confirmeph2.cgi
20260716T150002Z,2026-07-16T15:00:02.317255Z,20260716T150002Z_batch01,P12onSj,2026-07-16T22:00:00Z,22 46 48.2,341.7008333333333,-28 45 58,-28.766111111111112,138.1,20.9,0.77,139.6,Map/Offsets,https://cgi.minorplanetcenter.net/cgi-bin/confirmeph2.cgi
20260716T150002Z,2026-07-16T15:00:02.317255Z,20260716T150002Z_batch01,P12onSj,2026-07-16T23:00:00Z,22 46 50.5,341.7104166666666,-28 46 33,-28.77583333333333,138.1,20.9,0.77,139.6,Map/Offsets,https://cgi.minorplanetcenter.net/cgi-bin/confirmeph2.cgi
20260716T150002Z,2026-07-16T15:00:02.317255Z,20260716T150002Z_batch01,P12onSj,2026-07-17T00:00:00Z,22 46 52.8,341.71999999999997,-28 47 09,-28.785833333333336,138.1,20.9,0.78,139.7,Map/Offsets,https://cgi.minorplanetcenter.net/cgi-bin/confirmeph2.cgi
20260716T150002Z,2026-07-16T15:00:02.317255Z,20260716T150002Z_batch01,P12onSj,2026-07-17T01:00:00Z,22 46 55.0,341.7291666666667,-28 47 44,-28.795555555555556,138.2,20.9,0.78,139.7,Map/Offsets,https://cgi.minorplanetcenter.net/cgi-bin/confirmeph2.cgi
20260716T150002Z,2026-07-16T15:00:02.317255Z,20260716T150002Z_batch01,P12onSj,2026-07-17T02:00:00Z,22 46 57.3,341.73875,-28 48 20,-28.805555555555557,138.2,20.9,0.78,139.8,Map/Offsets,https://cgi.minorplanetcenter.net/cgi-bin/confirmeph2.cgi
20260716T150002Z,2026-07-16T15:00:02.317255Z,20260716T150002Z_batch01,P12onSj,2026-07-17T03:00:00Z,22 46 59.6,341.74833333333333,-28 48 55,-28.81527777777778,138.2,20.9,0.78,139.8,Map/Offsets,https://cgi.minorplanetcenter.net/cgi-bin/confirmeph2.cgi
20260716T150002Z,2026-07-16T15:00:02.317255Z,20260716T150002Z_batch01,P12onSj,2026-07-17T04:00:00Z,22 47 01.9,341.7579166666667,-28 49 31,-28.825277777777778,138.2,20.9,0.78,139.9,Map/Offsets,https://cgi.minorplanetcenter.net/cgi-bin/confirmeph2.cgi
20260716T150002Z,2026-07-16T15:00:02.317255Z,20260716T150002Z_batch01,P12onSj,2026-07-17T05:00:00Z,22 47 04.2,341.76750000000004,-28 50 07,-28.835277777777776,138.3,20.9,0.78,139.9,Map/Offsets,https://cgi.minorplanetcenter.net/cgi-bin/confirmeph2.cgi
20260716T150002Z,2026-07-16T15:00:02.317255Z,20260716T150002Z_batch01,P12onSj,2026-07-17T06:00:00Z,22 47 06.5,341.7770833333334,-28 50 43,-28.845277777777778,138.3,20.9,0.78,140.0,Map/Offsets,https://cgi.minorplanetcenter.net/cgi-bin/confirmeph2.cgi
20260716T150002Z,2026-07-16T15:00:02.317255Z,20260716T150002Z_batch01,P12onSj,2026-07-17T07:00:00Z,22 47 08.8,341.7866666666667,-28 51 19,-28.85527777777778,138.3,20.9,0.78,140.0,Map/Offsets,https://cgi.minorplanetcenter.net/cgi-bin/confirmeph2.cgi
20260716T150002Z,2026-07-16T15:00:02.317255Z,20260716T150002Z_batch01,P12onSj,2026-07-17T08:00:00Z,22 47 11.1,341.79625,-28 51 54,-28.865000000000002,138.4,20.9,0.78,140.1,Map/Offsets,https://cgi.minorplanetcenter.net/cgi-bin/confirmeph2.cgi
20260716T150002Z,2026-07-16T15:00:02.317255Z,20260716T150002Z_batch01,P12onSj,2026-07-17T09:00:00Z,22 47 13.4,341.80583333333334,-28 52 30,-28.875,138.4,20.9,0.78,140.2,Map/Offsets,https://cgi.minorplanetcenter.net/cgi-bin/confirmeph2.cgi
20260716T150002Z,2026-07-16T15:00:02.317255Z,20260716T150002Z_batch01,P12onSj,2026-07-17T10:00:00Z,22 47 15.7,341.8154166666667,-28 53 07,-28.885277777777777,138.4,20.9,0.78,140.2,Map/Offsets,https://cgi.minorplanetcenter.net/cgi-bin/confirmeph2.cgi
20260716T150002Z,2026-07-16T15:00:02.317255Z,20260716T150002Z_batch01,P12onSj,2026-07-17T11:00:00Z,22 47 17.9,341.82458333333335,-28 53 43,-28.89527777777778,138.4,20.9,0.78,140.3,Map/Offsets,https://cgi.minorplanetcenter.net/cgi-bin/confirmeph2.cgi
20260716T150002Z,2026-07-16T15:00:02.317255Z,20260716T150002Z_batch01,P12onSj,2026-07-17T12:00:00Z,22 47 20.2,341.8341666666667,-28 54 19,-28.905277777777776,138.5,20.9,0.78,140.3,Map/Offsets,https://cgi.minorplanetcenter.net/cgi-bin/confirmeph2.cgi
20260716T150002Z,2026-07-16T15:00:02.317255Z,20260716T150002Z_batch01,P12onSj,2026-07-17T13:00:00Z,22 47 22.5,341.84375000000006,-28 54 55,-28.915277777777778,138.5,20.9,0.78,140.4,Map/Offsets,https://cgi.minorplanetcenter.net/cgi-bin/confirmeph2.cgi
20260716T150002Z,2026-07-16T15:00:02.317255Z,20260716T150002Z_batch01,P12onSj,2026-07-17T14:00:00Z,22 47 24.8,341.85333333333335,-28 55 31,-28.92527777777778,138.5,20.9,0.79,140.4,Map/Offsets,https://cgi.minorplanetcenter.net/cgi-bin/confirmeph2.cgi
20260716T150002Z,2026-07-16T15:00:02.317255Z,20260716T150002Z_batch01,ZTF10Ep,2026-07-16T14:00:00Z,02 19 57.3,34.988749999999996,-09 07 24,-9.123333333333333,84.7,20.0,109.7,73.7,Map/Offsets   !!,https://cgi.minorplanetcenter.net/cgi-bin/confirmeph2.cgi
20260716T150002Z,2026-07-16T15:00:02.317255Z,20260716T150002Z_batch01,ZTF10Ep,2026-07-16T15:00:00Z,02 26 51.2,36.71333333333334,-08 37 17,-8.62138888888889,82.9,20.1,103.6,73.5,Map/Offsets   !!,https://cgi.minorplanetcenter.net/cgi-bin/confirmeph2.cgi
20260716T150002Z,2026-07-16T15:00:02.317255Z,20260716T150002Z_batch01,ZTF10Ep,2026-07-16T16:00:00Z,02 33 21.2,38.33833333333333,-08 08 24,-8.139999999999999,81.3,20.3,97.82,73.2,Map/Offsets   !!,https://cgi.minorplanetcenter.net/cgi-bin/confirmeph2.cgi
20260716T150002Z,2026-07-16T15:00:02.317255Z,20260716T150002Z_batch01,ZTF10Ep,2026-07-16T17:00:00Z,02 39 28.5,39.86875,-07 40 47,-7.679722222222223,79.8,20.4,92.37,73.0,Map/Offsets   !!,https://cgi.minorplanetcenter.net/cgi-bin/confirmeph2.cgi
20260716T150002Z,2026-07-16T15:00:02.317255Z,20260716T150002Z_batch01,ZTF10Ep,2026-07-16T18:00:00Z,02 45 14.7,41.31125,-07 14 24,-7.24,78.3,20.5,87.25,72.8,Map/Offsets   !!,https://cgi.minorplanetcenter.net/cgi-bin/confirmeph2.cgi
20260716T150002Z,2026-07-16T15:00:02.317255Z,20260716T150002Z_batch01,ZTF10Ep,2026-07-16T19:00:00Z,02 50 41.2,42.67166666666667,-06 49 14,-6.820555555555555,77.0,20.7,82.43,72.7,Map/Offsets   !!,https://cgi.minorplanetcenter.net/cgi-bin/confirmeph2.cgi
20260716T150002Z,2026-07-16T15:00:02.317255Z,20260716T150002Z_batch01,ZTF10Ep,2026-07-16T20:00:00Z,02 55 49.1,43.95458333333333,-06 25 14,-6.420555555555556,75.7,20.8,77.92,72.5,Map/Offsets   !,https://cgi.minorplanetcenter.net/cgi-bin/confirmeph2.cgi
20260716T150002Z,2026-07-16T15:00:02.317255Z,20260716T150002Z_batch01,ZTF10Ep,2026-07-16T21:00:00Z,03 00 39.8,45.16583333333333,-06 02 22,-6.039444444444444,74.5,20.9,73.7,72.4,Map/Offsets   !,https://cgi.minorplanetcenter.net/cgi-bin/confirmeph2.cgi
20260716T150002Z,2026-07-16T15:00:02.317255Z,20260716T150002Z_batch01,ZTF10Ep,2026-07-16T22:00:00Z,03 05 14.5,46.31041666666667,-05 40 35,-5.676388888888889,73.3,21.0,69.74,72.3,Map/Offsets   !,https://cgi.minorplanetcenter.net/cgi-bin/confirmeph2.cgi
20260716T150002Z,2026-07-16T15:00:02.317255Z,20260716T150002Z_batch01,ZTF10Ep,2026-07-16T23:00:00Z,03 09 34.2,47.3925,-05 19 50,-5.330555555555556,72.2,21.2,66.05,72.2,Map/Offsets   !,https://cgi.minorplanetcenter.net/cgi-bin/confirmeph2.cgi
20260716T150002Z,2026-07-16T15:00:02.317255Z,20260716T150002Z_batch01,ZTF10Ep,2026-07-17T00:00:00Z,03 13 40.0,48.41666666666667,-05 00 04,-5.001111111111111,71.2,21.3,62.59,72.1,Map/Offsets   !,https://cgi.minorplanetcenter.net/cgi-bin/confirmeph2.cgi
20260716T150002Z,2026-07-16T15:00:02.317255Z,20260716T150002Z_batch01,ZTF10Ep,2026-07-17T01:00:00Z,03 17 32.7,49.38625,-04 41 15,-4.6875,70.2,21.4,59.36,72.0,Map/Offsets   !,https://cgi.minorplanetcenter.net/cgi-bin/confirmeph2.cgi
20260716T150002Z,2026-07-16T15:00:02.317255Z,20260716T150002Z_batch01,ZTF10Ep,2026-07-17T02:00:00Z,03 21 13.4,50.30583333333333,-04 23 19,-4.3886111111111115,69.3,21.5,56.35,71.9,Map/Offsets   !,https://cgi.minorplanetcenter.net/cgi-bin/confirmeph2.cgi
20260716T150002Z,2026-07-16T15:00:02.317255Z,20260716T150002Z_batch01,ZTF10Ep,2026-07-17T03:00:00Z,03 24 42.7,51.17791666666667,-04 06 14,-4.103888888888888,68.4,21.6,53.53,71.8,Map/Offsets   !,https://cgi.minorplanetcenter.net/cgi-bin/confirmeph2.cgi
20260716T150002Z,2026-07-16T15:00:02.317255Z,20260716T150002Z_batch01,ZTF10Ep,2026-07-17T04:00:00Z,03 28 01.5,52.00625,-03 49 56,-3.832222222222222,67.6,21.7,50.89,71.8,Map/Offsets   !,https://cgi.minorplanetcenter.net/cgi-bin/confirmeph2.cgi
20260716T150002Z,2026-07-16T15:00:02.317255Z,20260716T150002Z_batch01,ZTF10Ep,2026-07-17T05:00:00Z,03 31 10.5,52.79375,-03 34 24,-3.5733333333333333,66.8,21.8,48.42,71.7,Map/Offsets   !,https://cgi.minorplanetcenter.net/cgi-bin/confirmeph2.cgi
20260716T150002Z,2026-07-16T15:00:02.317255Z,20260716T150002Z_batch01,ZTF10Ep,2026-07-17T06:00:00Z,03 34 10.3,53.54291666666666,-03 19 34,-3.326111111111111,66.1,21.9,46.11,71.7,Map/Offsets   !,https://cgi.minorplanetcenter.net/cgi-bin/confirmeph2.cgi
20260716T150002Z,2026-07-16T15:00:02.317255Z,20260716T150002Z_batch01,ZTF10Ep,2026-07-17T07:00:00Z,03 37 01.5,54.25625,-03 05 24,-3.0900000000000003,65.4,22.0,43.94,71.6,Map/Offsets   !,https://cgi.minorplanetcenter.net/cgi-bin/confirmeph2.cgi
20260716T150002Z,2026-07-16T15:00:02.317255Z,20260716T150002Z_batch01,ZTF10Ep,2026-07-17T08:00:00Z,03 39 44.6,54.93583333333333,-02 51 53,-2.8647222222222224,64.7,22.1,41.91,71.6,Map/Offsets   !,https://cgi.minorplanetcenter.net/cgi-bin/confirmeph2.cgi
20260716T150002Z,2026-07-16T15:00:02.317255Z,20260716T150002Z_batch01,ZTF10Ep,2026-07-17T09:00:00Z,03 42 20.2,55.58416666666667,-02 38 57,-2.6491666666666664,64.0,22.2,40.01,71.6,Map/Offsets   !,https://cgi.minorplanetcenter.net/cgi-bin/confirmeph2.cgi
20260716T150002Z,2026-07-16T15:00:02.317255Z,20260716T150002Z_batch01,ZTF10Ep,2026-07-17T10:00:00Z,03 44 48.8,56.20333333333333,-02 26 35,-2.443055555555556,63.4,22.3,38.23,71.5,Map/Offsets   !,https://cgi.minorplanetcenter.net/cgi-bin/confirmeph2.cgi
20260716T150002Z,2026-07-16T15:00:02.317255Z,20260716T150002Z_batch01,ZTF10Ep,2026-07-17T11:00:00Z,03 47 10.7,56.79458333333333,-02 14 44,-2.2455555555555557,62.8,22.4,36.55,71.5,Map/Offsets   !,https://cgi.minorplanetcenter.net/cgi-bin/confirmeph2.cgi
20260716T150002Z,2026-07-16T15:00:02.317255Z,20260716T150002Z_batch01,ZTF10Ep,2026-07-17T12:00:00Z,03 49 26.4,57.36,-02 03 24,-2.0566666666666666,62.3,22.5,34.97,71.5,Map/Offsets   !,https://cgi.minorplanetcenter.net/cgi-bin/confirmeph2.cgi
20260716T150002Z,2026-07-16T15:00:02.317255Z,20260716T150002Z_batch01,ZTF10Ep,2026-07-17T13:00:00Z,03 51 36.3,57.90125,-01 52 32,-1.8755555555555556,61.8,22.5,33.49,71.5,Map/Offsets   !,https://cgi.minorplanetcenter.net/cgi-bin/confirmeph2.cgi
20260716T150002Z,2026-07-16T15:00:02.317255Z,20260716T150002Z_batch01,ZTF10Ep,2026-07-17T14:00:00Z,03 53 40.7,58.41958333333333,-01 42 08,-1.702222222222222,61.2,22.6,32.09,71.5,Map/Offsets   !,https://cgi.minorplanetcenter.net/cgi-bin/confirmeph2.cgi
20260716T150002Z,2026-07-16T15:00:02.317255Z,20260716T150002Z_batch01,P12onRT,2026-07-16T14:00:00Z,20 25 57.1,306.4879166666667,-39 48 24,-39.806666666666665,159.3,19.8,0.66,25.8,Map/Offsets,https://cgi.minorplanetcenter.net/cgi-bin/confirmeph2.cgi
20260716T150002Z,2026-07-16T15:00:02.317255Z,20260716T150002Z_batch01,P12onRT,2026-07-16T15:00:00Z,20 25 58.6,306.4941666666667,-39 47 48,-39.79666666666667,159.3,19.8,0.66,25.7,Map/Offsets,https://cgi.minorplanetcenter.net/cgi-bin/confirmeph2.cgi
20260716T150002Z,2026-07-16T15:00:02.317255Z,20260716T150002Z_batch01,P12onRT,2026-07-16T16:00:00Z,20 26 00.1,306.50041666666664,-39 47 13,-39.786944444444444,159.4,19.8,0.66,25.6,Map/Offsets,https://cgi.minorplanetcenter.net/cgi-bin/confirmeph2.cgi
20260716T150002Z,2026-07-16T15:00:02.317255Z,20260716T150002Z_batch01,P12onRT,2026-07-16T17:00:00Z,20 26 01.6,306.50666666666666,-39 46 37,-39.776944444444446,159.4,19.8,0.66,25.5,Map/Offsets,https://cgi.minorplanetcenter.net/cgi-bin/confirmeph2.cgi
20260716T150002Z,2026-07-16T15:00:02.317255Z,20260716T150002Z_batch01,P12onRT,2026-07-16T18:00:00Z,20 26 03.1,306.5129166666667,-39 46 01,-39.76694444444444,159.4,19.8,0.67,25.5,Map/Offsets,https://cgi.minorplanetcenter.net/cgi-bin/confirmeph2.cgi
20260716T150002Z,2026-07-16T15:00:02.317255Z,20260716T150002Z_batch01,P12onRT,2026-07-16T19:00:00Z,20 26 04.6,306.51916666666665,-39 45 25,-39.75694444444444,159.4,19.8,0.67,25.4,Map/Offsets,https://cgi.minorplanetcenter.net/cgi-bin/confirmeph2.cgi
20260716T150002Z,2026-07-16T15:00:02.317255Z,20260716T150002Z_batch01,P12onRT,2026-07-16T20:00:00Z,20 26 06.0,306.525,-39 44 48,-39.74666666666667,159.4,19.8,0.67,25.3,Map/Offsets,https://cgi.minorplanetcenter.net/cgi-bin/confirmeph2.cgi
20260716T150002Z,2026-07-16T15:00:02.317255Z,20260716T150002Z_batch01,P12onRT,2026-07-16T21:00:00Z,20 26 07.5,306.53125,-39 44 12,-39.736666666666665,159.4,19.8,0.67,25.2,Map/Offsets,https://cgi.minorplanetcenter.net/cgi-bin/confirmeph2.cgi
20260716T150002Z,2026-07-16T15:00:02.317255Z,20260716T150002Z_batch01,P12onRT,2026-07-16T22:00:00Z,20 26 09.0,306.5375,-39 43 36,-39.72666666666667,159.5,19.8,0.67,25.2,Map/Offsets,https://cgi.minorplanetcenter.net/cgi-bin/confirmeph2.cgi
20260716T150002Z,2026-07-16T15:00:02.317255Z,20260716T150002Z_batch01,P12onRT,2026-07-16T23:00:00Z,20 26 10.5,306.54375000000005,-39 42 59,-39.71638888888889,159.5,19.8,0.67,25.1,Map/Offsets,https://cgi.minorplanetcenter.net/cgi-bin/confirmeph2.cgi
20260716T150002Z,2026-07-16T15:00:02.317255Z,20260716T150002Z_batch01,P12onRT,2026-07-17T00:00:00Z,20 26 12.0,306.55,-39 42 23,-39.70638888888889,159.5,19.8,0.67,25.0,Map/Offsets,https://cgi.minorplanetcenter.net/cgi-bin/confirmeph2.cgi
20260716T150002Z,2026-07-16T15:00:02.317255Z,20260716T150002Z_batch01,P12onRT,2026-07-17T01:00:00Z,20 26 13.5,306.55625,-39 41 46,-39.69611111111111,159.5,19.8,0.67,24.9,Map/Offsets,https://cgi.minorplanetcenter.net/cgi-bin/confirmeph2.cgi
20260716T150002Z,2026-07-16T15:00:02.317255Z,20260716T150002Z_batch01,P12onRT,2026-07-17T02:00:00Z,20 26 14.9,306.56208333333336,-39 41 09,-39.68583333333333,159.5,19.8,0.67,24.9,Map/Offsets,https://cgi.minorplanetcenter.net/cgi-bin/confirmeph2.cgi
20260716T150002Z,2026-07-16T15:00:02.317255Z,20260716T150002Z_batch01,P12onRT,2026-07-17T03:00:00Z,20 26 16.4,306.5683333333333,-39 40 33,-39.67583333333333,159.5,19.8,0.68,24.8,Map/Offsets,https://cgi.minorplanetcenter.net/cgi-bin/confirmeph2.cgi
20260716T150002Z,2026-07-16T15:00:02.317255Z,20260716T150002Z_batch01,P12onRT,2026-07-17T04:00:00Z,20 26 17.9,306.57458333333335,-39 39 56,-39.66555555555556,159.6,19.8,0.68,24.7,Map/Offsets,https://cgi.minorplanetcenter.net/cgi-bin/confirmeph2.cgi
20260716T150002Z,2026-07-16T15:00:02.317255Z,20260716T150002Z_batch01,P12onRT,2026-07-17T05:00:00Z,20 26 19.3,306.5804166666667,-39 39 19,-39.655277777777776,159.6,19.8,0.68,24.7,Map/Offsets,https://cgi.minorplanetcenter.net/cgi-bin/confirmeph2.cgi
20260716T150002Z,2026-07-16T15:00:02.317255Z,20260716T150002Z_batch01,P12onRT,2026-07-17T06:00:00Z,20 26 20.8,306.58666666666664,-39 38 42,-39.644999999999996,159.6,19.8,0.68,24.6,Map/Offsets,https://cgi.minorplanetcenter.net/cgi-bin/confirmeph2.cgi
20260716T150002Z,2026-07-16T15:00:02.317255Z,20260716T150002Z_batch01,P12onRT,2026-07-17T07:00:00Z,20 26 22.3,306.59291666666667,-39 38 05,-39.63472222222222,159.6,19.8,0.68,24.5,Map/Offsets,https://cgi.minorplanetcenter.net/cgi-bin/confirmeph2.cgi
20260716T150002Z,2026-07-16T15:00:02.317255Z,20260716T150002Z_batch01,P12onRT,2026-07-17T08:00:00Z,20 26 23.8,306.5991666666667,-39 37 27,-39.62416666666667,159.6,19.8,0.68,24.4,Map/Offsets,https://cgi.minorplanetcenter.net/cgi-bin/confirmeph2.cgi
20260716T150002Z,2026-07-16T15:00:02.317255Z,20260716T150002Z_batch01,P12onRT,2026-07-17T09:00:00Z,20 26 25.2,306.605,-39 36 50,-39.61388888888889,159.6,19.8,0.68,24.4,Map/Offsets,https://cgi.minorplanetcenter.net/cgi-bin/confirmeph2.cgi
20260716T150002Z,2026-07-16T15:00:02.317255Z,20260716T150002Z_batch01,P12onRT,2026-07-17T10:00:00Z,20 26 26.7,306.61125000000004,-39 36 13,-39.603611111111114,159.7,19.8,0.68,24.3,Map/Offsets,https://cgi.minorplanetcenter.net/cgi-bin/confirmeph2.cgi
20260716T150002Z,2026-07-16T15:00:02.317255Z,20260716T150002Z_batch01,P12onRT,2026-07-17T11:00:00Z,20 26 28.1,306.61708333333337,-39 35 35,-39.59305555555556,159.7,19.8,0.69,24.2,Map/Offsets,https://cgi.minorplanetcenter.net/cgi-bin/confirmeph2.cgi
20260716T150002Z,2026-07-16T15:00:02.317255Z,20260716T150002Z_batch01,P12onRT,2026-07-17T12:00:00Z,20 26 29.6,306.62333333333333,-39 34 58,-39.58277777777778,159.7,19.8,0.69,24.2,Map/Offsets,https://cgi.minorplanetcenter.net/cgi-bin/confirmeph2.cgi
20260716T150002Z,2026-07-16T15:00:02.317255Z,20260716T150002Z_batch01,P12onRT,2026-07-17T13:00:00Z,20 26 31.1,306.62958333333336,-39 34 20,-39.57222222222222,159.7,19.8,0.69,24.1,Map/Offsets,https://cgi.minorplanetcenter.net/cgi-bin/confirmeph2.cgi
20260716T150002Z,2026-07-16T15:00:02.317255Z,20260716T150002Z_batch01,P12onRT,2026-07-17T14:00:00Z,20 26 32.5,306.6354166666667,-39 33 42,-39.56166666666666,159.7,19.8,0.69,24.0,Map/Offsets,https://cgi.minorplanetcenter.net/cgi-bin/confirmeph2.cgi
20260716T150002Z,2026-07-16T15:00:02.317255Z,20260716T150002Z_batch01,W2onRQ,2026-07-16T14:00:00Z,19 58 09.4,299.53916666666663,-25 29 23,-25.489722222222223,174.5,19.8,13.65,7.4,Map/Offsets   !,https://cgi.minorplanetcenter.net/cgi-bin/confirmeph2.cgi
20260716T150002Z,2026-07-16T15:00:02.317255Z,20260716T150002Z_batch01,W2onRQ,2026-07-16T15:00:00Z,19 58 17.2,299.57166666666666,-25 15 56,-25.265555555555554,174.7,19.8,13.49,7.4,Map/Offsets   !,https://cgi.minorplanetcenter.net/cgi-bin/confirmeph2.cgi
20260716T150002Z,2026-07-16T15:00:02.317255Z,20260716T150002Z_batch01,W2onRQ,2026-07-16T16:00:00Z,19 58 24.8,299.6033333333333,-25 02 38,-25.04388888888889,174.8,19.8,13.33,7.4,Map/Offsets   !,https://cgi.minorplanetcenter.net/cgi-bin/confirmeph2.cgi
20260716T150002Z,2026-07-16T15:00:02.317255Z,20260716T150002Z_batch01,W2onRQ,2026-07-16T17:00:00Z,19 58 32.3,299.6345833333333,-24 49 29,-24.82472222222222,175.0,19.8,13.17,7.4,Map/Offsets   !,https://cgi.minorplanetcenter.net/cgi-bin/confirmeph2.cgi
20260716T150002Z,2026-07-16T15:00:02.317255Z,20260716T150002Z_batch01,W2onRQ,2026-07-16T18:00:00Z,19 58 39.7,299.6654166666666,-24 36 30,-24.608333333333334,175.1,19.8,13.02,7.4,Map/Offsets   !,https://cgi.minorplanetcenter.net/cgi-bin/confirmeph2.cgi
20260716T150002Z,2026-07-16T15:00:02.317255Z,20260716T150002Z_batch01,W2onRQ,2026-07-16T19:00:00Z,19 58 47.0,299.6958333333333,-24 23 40,-24.394444444444446,175.3,19.8,12.87,7.4,Map/Offsets   !,https://cgi.minorplanetcenter.net/cgi-bin/confirmeph2.cgi
20260716T150002Z,2026-07-16T15:00:02.317255Z,20260716T150002Z_batch01,W2onRQ,2026-07-16T20:00:00Z,19 58 54.2,299.7258333333333,-24 10 58,-24.18277777777778,175.4,19.8,12.72,7.3,Map/Offsets   !,https://cgi.minorplanetcenter.net/cgi-bin/confirmeph2.cgi
20260716T150002Z,2026-07-16T15:00:02.317255Z,20260716T150002Z_batch01,W2onRQ,2026-07-16T21:00:00Z,19 59 01.3,299.7554166666667,-23 58 26,-23.973888888888887,175.5,19.9,12.57,7.3,Map/Offsets   !,https://cgi.minorplanetcenter.net/cgi-bin/confirmeph2.cgi
20260716T150002Z,2026-07-16T15:00:02.317255Z,20260716T150002Z_batch01,W2onRQ,2026-07-16T22:00:00Z,19 59 08.3,299.78458333333333,-23 46 02,-23.76722222222222,175.6,19.9,12.43,7.3,Map/Offsets   !,https://cgi.minorplanetcenter.net/cgi-bin/confirmeph2.cgi
20260716T150002Z,2026-07-16T15:00:02.317255Z,20260716T150002Z_batch01,W2onRQ,2026-07-16T23:00:00Z,19 59 15.1,299.8129166666667,-23 33 46,-23.56277777777778,175.8,19.9,12.29,7.3,Map/Offsets   !,https://cgi.minorplanetcenter.net/cgi-bin/confirmeph2.cgi
20260716T150002Z,2026-07-16T15:00:02.317255Z,20260716T150002Z_batch01,W2onRQ,2026-07-17T00:00:00Z,19 59 21.9,299.84125,-23 21 39,-23.360833333333336,175.9,19.9,12.15,7.3,Map/Offsets   !,https://cgi.minorplanetcenter.net/cgi-bin/confirmeph2.cgi
20260716T150002Z,2026-07-16T15:00:02.317255Z,20260716T150002Z_batch01,W2onRQ,2026-07-17T01:00:00Z,19 59 28.6,299.8691666666667,-23 09 40,-23.16111111111111,176.0,19.9,12.01,7.3,Map/Offsets   !,https://cgi.minorplanetcenter.net/cgi-bin/confirmeph2.cgi
20260716T150002Z,2026-07-16T15:00:02.317255Z,20260716T150002Z_batch01,W2onRQ,2026-07-17T02:00:00Z,19 59 35.1,299.89625,-22 57 50,-22.96388888888889,176.1,19.9,11.87,7.3,Map/Offsets   !,https://cgi.minorplanetcenter.net/cgi-bin/confirmeph2.cgi
20260716T150002Z,2026-07-16T15:00:02.317255Z,20260716T150002Z_batch01,W2onRQ,2026-07-17T03:00:00Z,19 59 41.6,299.92333333333335,-22 46 07,-22.76861111111111,176.2,19.9,11.74,7.3,Map/Offsets   !,https://cgi.minorplanetcenter.net/cgi-bin/confirmeph2.cgi
20260716T150002Z,2026-07-16T15:00:02.317255Z,20260716T150002Z_batch01,W2onRQ,2026-07-17T04:00:00Z,19 59 48.0,299.95,-22 34 32,-22.575555555555557,176.2,19.9,11.61,7.2,Map/Offsets   !,https://cgi.minorplanetcenter.net/cgi-bin/confirmeph2.cgi
20260716T150002Z,2026-07-16T15:00:02.317255Z,20260716T150002Z_batch01,W2onRQ,2026-07-17T05:00:00Z,19 59 54.3,299.97625,-22 23 06,-22.384999999999998,176.3,19.9,11.48,7.2,Map/Offsets   !,https://cgi.minorplanetcenter.net/cgi-bin/confirmeph2.cgi
20260716T150002Z,2026-07-16T15:00:02.317255Z,20260716T150002Z_batch01,W2onRQ,2026-07-17T06:00:00Z,20 00 00.5,300.0020833333333,-22 11 46,-22.19611111111111,176.4,19.9,11.35,7.2,Map/Offsets   !,https://cgi.minorplanetcenter.net/cgi-bin/confirmeph2.cgi
20260716T150002Z,2026-07-16T15:00:02.317255Z,20260716T150002Z_batch01,W2onRQ,2026-07-17T07:00:00Z,20 00 06.6,300.02750000000003,-22 00 35,-22.009722222222223,176.4,19.9,11.22,7.2,Map/Offsets   !,https://cgi.minorplanetcenter.net/cgi-bin/confirmeph2.cgi
20260716T150002Z,2026-07-16T15:00:02.317255Z,20260716T150002Z_batch01,W2onRQ,2026-07-17T08:00:00Z,20 00 12.7,300.05291666666665,-21 49 30,-21.825,176.5,19.9,11.1,7.2,Map/Offsets   !,https://cgi.minorplanetcenter.net/cgi-bin/confirmeph2.cgi
20260716T150002Z,2026-07-16T15:00:02.317255Z,20260716T150002Z_batch01,W2onRQ,2026-07-17T09:00:00Z,20 00 18.6,300.0775,-21 38 33,-21.6425,176.5,20.0,10.97,7.2,Map/Offsets   !,https://cgi.minorplanetcenter.net/cgi-bin/confirmeph2.cgi
20260716T150002Z,2026-07-16T15:00:02.317255Z,20260716T150002Z_batch01,W2onRQ,2026-07-17T10:00:00Z,20 00 24.5,300.1020833333333,-21 27 44,-21.46222222222222,176.5,20.0,10.85,7.2,Map/Offsets   !,https://cgi.minorplanetcenter.net/cgi-bin/confirmeph2.cgi
20260716T150002Z,2026-07-16T15:00:02.317255Z,20260716T150002Z_batch01,W2onRQ,2026-07-17T11:00:00Z,20 00 30.3,300.12624999999997,-21 17 01,-21.283611111111114,176.6,20.0,10.73,7.2,Map/Offsets   !,https://cgi.minorplanetcenter.net/cgi-bin/confirmeph2.cgi
20260716T150002Z,2026-07-16T15:00:02.317255Z,20260716T150002Z_batch01,W2onRQ,2026-07-17T12:00:00Z,20 00 36.0,300.15000000000003,-21 06 26,-21.107222222222223,176.6,20.0,10.62,7.2,Map/Offsets   !,https://cgi.minorplanetcenter.net/cgi-bin/confirmeph2.cgi
20260716T150002Z,2026-07-16T15:00:02.317255Z,20260716T150002Z_batch01,W2onRQ,2026-07-17T13:00:00Z,20 00 41.7,300.17375000000004,-20 55 57,-20.9325,176.6,20.0,10.5,7.2,Map/Offsets   !,https://cgi.minorplanetcenter.net/cgi-bin/confirmeph2.cgi
20260716T150002Z,2026-07-16T15:00:02.317255Z,20260716T150002Z_batch01,W2onRQ,2026-07-17T14:00:00Z,20 00 47.2,300.19666666666666,-20 45 36,-20.76,176.6,20.0,10.39,7.2,Map/Offsets   !,https://cgi.minorplanetcenter.net/cgi-bin/confirmeph2.cgi
20260716T150002Z,2026-07-16T15:00:02.317255Z,20260716T150002Z_batch01,P12onRm,2026-07-16T14:00:00Z,19 41 08.0,295.28333333333336,-24 51 12,-24.853333333333335,176.5,20.9,1.46,166.3,Map/Offsets,https://cgi.minorplanetcenter.net/cgi-bin/confirmeph2.cgi
20260716T150002Z,2026-07-16T15:00:02.317255Z,20260716T150002Z_batch01,P12onRm,2026-07-16T15:00:00Z,19 41 09.5,295.2895833333333,-24 52 37,-24.876944444444444,176.5,20.9,1.46,166.3,Map/Offsets,https://cgi.minorplanetcenter.net/cgi-bin/confirmeph2.cgi
20260716T150002Z,2026-07-16T15:00:02.317255Z,20260716T150002Z_batch01,P12onRm,2026-07-16T16:00:00Z,19 41 11.0,295.29583333333335,-24 54 02,-24.900555555555552,176.4,20.9,1.46,166.2,Map/Offsets,https://cgi.minorplanetcenter.net/cgi-bin/confirmeph2.cgi
20260716T150002Z,2026-07-16T15:00:02.317255Z,20260716T150002Z_batch01,P12onRm,2026-07-16T17:00:00Z,19 41 12.6,295.3025,-24 55 28,-24.924444444444447,176.4,20.9,1.46,166.2,Map/Offsets,https://cgi.minorplanetcenter.net/cgi-bin/confirmeph2.cgi
20260716T150002Z,2026-07-16T15:00:02.317255Z,20260716T150002Z_batch01,P12onRm,2026-07-16T18:00:00Z,19 41 14.1,295.30875,-24 56 53,-24.948055555555555,176.4,20.9,1.46,166.2,Map/Offsets,https://cgi.minorplanetcenter.net/cgi-bin/confirmeph2.cgi
20260716T150002Z,2026-07-16T15:00:02.317255Z,20260716T150002Z_batch01,P12onRm,2026-07-16T19:00:00Z,19 41 15.6,295.31500000000005,-24 58 18,-24.971666666666664,176.3,20.9,1.46,166.2,Map/Offsets,https://cgi.minorplanetcenter.net/cgi-bin/confirmeph2.cgi
20260716T150002Z,2026-07-16T15:00:02.317255Z,20260716T150002Z_batch01,P12onRm,2026-07-16T20:00:00Z,19 41 17.2,295.3216666666667,-24 59 43,-24.99527777777778,176.3,20.9,1.46,166.2,Map/Offsets,https://cgi.minorplanetcenter.net/cgi-bin/confirmeph2.cgi
20260716T150002Z,2026-07-16T15:00:02.317255Z,20260716T150002Z_batch01,P12onRm,2026-07-16T21:00:00Z,19 41 18.7,295.3279166666667,-25 01 08,-25.01888888888889,176.3,20.9,1.46,166.2,Map/Offsets,https://cgi.minorplanetcenter.net/cgi-bin/confirmeph2.cgi
20260716T150002Z,2026-07-16T15:00:02.317255Z,20260716T150002Z_batch01,P12onRm,2026-07-16T22:00:00Z,19 41 20.2,295.33416666666665,-25 02 33,-25.0425,176.2,20.9,1.46,166.2,Map/Offsets,https://cgi.minorplanetcenter.net/cgi-bin/confirmeph2.cgi
20260716T150002Z,2026-07-16T15:00:02.317255Z,20260716T150002Z_batch01,P12onRm,2026-07-16T23:00:00Z,19 41 21.8,295.3408333333333,-25 03 58,-25.066111111111113,176.2,20.9,1.46,166.2,Map/Offsets,https://cgi.minorplanetcenter.net/cgi-bin/confirmeph2.cgi
20260716T150002Z,2026-07-16T15:00:02.317255Z,20260716T150002Z_batch01,P12onRm,2026-07-17T00:00:00Z,19 41 23.3,295.34708333333333,-25 05 23,-25.08972222222222,176.2,20.9,1.46,166.2,Map/Offsets,https://cgi.minorplanetcenter.net/cgi-bin/confirmeph2.cgi
20260716T150002Z,2026-07-16T15:00:02.317255Z,20260716T150002Z_batch01,P12onRm,2026-07-17T01:00:00Z,19 41 24.8,295.3533333333333,-25 06 48,-25.113333333333333,176.1,20.9,1.46,166.2,Map/Offsets,https://cgi.minorplanetcenter.net/cgi-bin/confirmeph2.cgi
20260716T150002Z,2026-07-16T15:00:02.317255Z,20260716T150002Z_batch01,P12onRm,2026-07-17T02:00:00Z,19 41 26.4,295.35999999999996,-25 08 13,-25.136944444444445,176.1,20.9,1.46,166.2,Map/Offsets,https://cgi.minorplanetcenter.net/cgi-bin/confirmeph2.cgi
20260716T150002Z,2026-07-16T15:00:02.317255Z,20260716T150002Z_batch01,P12onRm,2026-07-17T03:00:00Z,19 41 27.9,295.36625000000004,-25 09 38,-25.160555555555554,176.0,21.0,1.46,166.2,Map/Offsets,https://cgi.minorplanetcenter.net/cgi-bin/confirmeph2.cgi
20260716T150002Z,2026-07-16T15:00:02.317255Z,20260716T150002Z_batch01,P12onRm,2026-07-17T04:00:00Z,19 41 29.5,295.3729166666667,-25 11 03,-25.184166666666666,176.0,21.0,1.46,166.2,Map/Offsets,https://cgi.minorplanetcenter.net/cgi-bin/confirmeph2.cgi
20260716T150002Z,2026-07-16T15:00:02.317255Z,20260716T150002Z_batch01,P12onRm,2026-07-17T05:00:00Z,19 41 31.0,295.37916666666666,-25 12 28,-25.20777777777778,176.0,21.0,1.46,166.2,Map/Offsets,https://cgi.minorplanetcenter.net/cgi-bin/confirmeph2.cgi
20260716T150002Z,2026-07-16T15:00:02.317255Z,20260716T150002Z_batch01,P12onRm,2026-07-17T06:00:00Z,19 41 32.5,295.3854166666667,-25 13 53,-25.231388888888887,175.9,21.0,1.46,166.2,Map/Offsets,https://cgi.minorplanetcenter.net/cgi-bin/confirmeph2.cgi
20260716T150002Z,2026-07-16T15:00:02.317255Z,20260716T150002Z_batch01,P12onRm,2026-07-17T07:00:00Z,19 41 34.1,295.39208333333335,-25 15 18,-25.255,175.9,21.0,1.46,166.2,Map/Offsets,https://cgi.minorplanetcenter.net/cgi-bin/confirmeph2.cgi
20260716T150002Z,2026-07-16T15:00:02.317255Z,20260716T150002Z_batch01,P12onRm,2026-07-17T08:00:00Z,19 41 35.6,295.3983333333333,-25 16 43,-25.27861111111111,175.9,21.0,1.46,166.2,Map/Offsets,https://cgi.minorplanetcenter.net/cgi-bin/confirmeph2.cgi
20260716T150002Z,2026-07-16T15:00:02.317255Z,20260716T150002Z_batch01,P12onRm,2026-07-17T09:00:00Z,19 41 37.2,295.405,-25 18 08,-25.302222222222223,175.8,21.0,1.46,166.2,Map/Offsets,https://cgi.minorplanetcenter.net/cgi-bin/confirmeph2.cgi
20260716T150002Z,2026-07-16T15:00:02.317255Z,20260716T150002Z_batch01,P12onRm,2026-07-17T10:00:00Z,19 41 38.7,295.41125000000005,-25 19 33,-25.325833333333332,175.8,21.0,1.46,166.2,Map/Offsets,https://cgi.minorplanetcenter.net/cgi-bin/confirmeph2.cgi
20260716T150002Z,2026-07-16T15:00:02.317255Z,20260716T150002Z_batch01,P12onRm,2026-07-17T11:00:00Z,19 41 40.3,295.41791666666666,-25 20 58,-25.349444444444444,175.8,21.0,1.46,166.2,Map/Offsets,https://cgi.minorplanetcenter.net/cgi-bin/confirmeph2.cgi
20260716T150002Z,2026-07-16T15:00:02.317255Z,20260716T150002Z_batch01,P12onRm,2026-07-17T12:00:00Z,19 41 41.8,295.4241666666667,-25 22 23,-25.373055555555556,175.7,21.0,1.46,166.1,Map/Offsets,https://cgi.minorplanetcenter.net/cgi-bin/confirmeph2.cgi
20260716T150002Z,2026-07-16T15:00:02.317255Z,20260716T150002Z_batch01,P12onRm,2026-07-17T13:00:00Z,19 41 43.3,295.4304166666667,-25 23 48,-25.396666666666665,175.7,21.0,1.46,166.1,Map/Offsets,https://cgi.minorplanetcenter.net/cgi-bin/confirmeph2.cgi
20260716T150002Z,2026-07-16T15:00:02.317255Z,20260716T150002Z_batch01,P12onRm,2026-07-17T14:00:00Z,19 41 44.9,295.4370833333333,-25 25 13,-25.42027777777778,175.6,21.0,1.46,166.1,Map/Offsets,https://cgi.minorplanetcenter.net/cgi-bin/confirmeph2.cgi
20260716T150002Z,2026-07-16T15:00:02.317255Z,20260716T150002Z_batch01,ST26G39,2026-07-16T14:00:00Z,18 08 15.7,272.0654166666667,+33 52 43,33.87861111111111,120.4,20.8,16.66,339.7,Map/Offsets   !,https://cgi.minorplanetcenter.net/cgi-bin/confirmeph2.cgi
20260716T150002Z,2026-07-16T15:00:02.317255Z,20260716T150002Z_batch01,ST26G39,2026-07-16T15:00:00Z,18 07 48.1,271.9504166666666,+34 08 10,34.13611111111111,120.1,20.9,16.33,339.6,Map/Offsets   !,https://cgi.minorplanetcenter.net/cgi-bin/confirmeph2.cgi
20260716T150002Z,2026-07-16T15:00:02.317255Z,20260716T150002Z_batch01,ST26G39,2026-07-16T16:00:00Z,18 07 20.8,271.83666666666664,+34 23 20,34.388888888888886,119.8,20.9,16.01,339.6,Map/Offsets   !,https://cgi.minorplanetcenter.net/cgi-bin/confirmeph2.cgi
20260716T150002Z,2026-07-16T15:00:02.317255Z,20260716T150002Z_batch01,ST26G39,2026-07-16T17:00:00Z,18 06 53.9,271.7245833333334,+34 38 11,34.63638888888889,119.6,20.9,15.7,339.5,Map/Offsets   !,https://cgi.minorplanetcenter.net/cgi-bin/confirmeph2.cgi
20260716T150002Z,2026-07-16T15:00:02.317255Z,20260716T150002Z_batch01,ST26G39,2026-07-16T18:00:00Z,18 06 27.3,271.61375000000004,+34 52 45,34.87916666666667,119.3,20.9,15.4,339.4,Map/Offsets   !,https://cgi.minorplanetcenter.net/cgi-bin/confirmeph2.cgi
20260716T150002Z,2026-07-16T15:00:02.317255Z,20260716T150002Z_batch01,ST26G39,2026-07-16T19:00:00Z,18 06 01.1,271.50458333333336,+35 07 02,35.117222222222225,119.0,21.0,15.11,339.4,Map/Offsets   !,https://cgi.minorplanetcenter.net/cgi-bin/confirmeph2.cgi
20260716T150002Z,2026-07-16T15:00:02.317255Z,20260716T150002Z_batch01,ST26G39,2026-07-16T20:00:00Z,18 05 35.3,271.3970833333333,+35 21 03,35.350833333333334,118.8,21.0,14.83,339.3,Map/Offsets   !,https://cgi.minorplanetcenter.net/cgi-bin/confirmeph2.cgi
20260716T150002Z,2026-07-16T15:00:02.317255Z,20260716T150002Z_batch01,ST26G39,2026-07-16T21:00:00Z,18 05 09.7,271.29041666666666,+35 34 47,35.57972222222222,118.5,21.0,14.55,339.3,Map/Offsets   !,https://cgi.minorplanetcenter.net/cgi-bin/confirmeph2.cgi
20260716T150002Z,2026-07-16T15:00:02.317255Z,20260716T150002Z_batch01,ST26G39,2026-07-16T22:00:00Z,18 04 44.6,271.18583333333333,+35 48 15,35.80416666666667,118.3,21.1,14.28,339.2,Map/Offsets   !,https://cgi.minorplanetcenter.net/cgi-bin/confirmeph2.cgi
20260716T150002Z,2026-07-16T15:00:02.317255Z,20260716T150002Z_batch01,ST26G39,2026-07-16T23:00:00Z,18 04 19.7,271.08208333333334,+36 01 29,36.02472222222222,118.0,21.1,14.01,339.1,Map/Offsets   !,https://cgi.minorplanetcenter.net/cgi-bin/confirmeph2.cgi
20260716T150002Z,2026-07-16T15:00:02.317255Z,20260716T150002Z_batch01,ST26G39,2026-07-17T00:00:00Z,18 03 55.2,270.98,+36 14 27,36.240833333333335,117.8,21.1,13.76,339.1,Map/Offsets   !,https://cgi.minorplanetcenter.net/cgi-bin/confirmeph2.cgi
20260716T150002Z,2026-07-16T15:00:02.317255Z,20260716T150002Z_batch01,ST26G39,2026-07-17T01:00:00Z,18 03 31.0,270.87916666666666,+36 27 11,36.45305555555556,117.6,21.1,13.51,339.0,Map/Offsets   !,https://cgi.minorplanetcenter.net/cgi-bin/confirmeph2.cgi
20260716T150002Z,2026-07-16T15:00:02.317255Z,20260716T150002Z_batch01,ST26G39,2026-07-17T02:00:00Z,18 03 07.1,270.77958333333333,+36 39 40,36.66111111111111,117.3,21.2,13.26,339.0,Map/Offsets   !,https://cgi.minorplanetcenter.net/cgi-bin/confirmeph2.cgi
20260716T150002Z,2026-07-16T15:00:02.317255Z,20260716T150002Z_batch01,ST26G39,2026-07-17T03:00:00Z,18 02 43.5,270.68125000000003,+36 51 56,36.86555555555556,117.1,21.2,13.03,338.9,Map/Offsets   !,https://cgi.minorplanetcenter.net/cgi-bin/confirmeph2.cgi
20260716T150002Z,2026-07-16T15:00:02.317255Z,20260716T150002Z_batch01,ST26G39,2026-07-17T04:00:00Z,18 02 20.2,270.5841666666667,+37 03 59,37.06638888888889,116.9,21.2,12.79,338.8,Map/Offsets   !,https://cgi.minorplanetcenter.net/cgi-bin/confirmeph2.cgi
20260716T150002Z,2026-07-16T15:00:02.317255Z,20260716T150002Z_batch01,ST26G39,2026-07-17T05:00:00Z,18 01 57.2,270.4883333333333,+37 15 48,37.263333333333335,116.7,21.2,12.57,338.8,Map/Offsets   !,https://cgi.minorplanetcenter.net/cgi-bin/confirmeph2.cgi
20260716T150002Z,2026-07-16T15:00:02.317255Z,20260716T150002Z_batch01,ST26G39,2026-07-17T06:00:00Z,18 01 34.5,270.39374999999995,+37 27 25,37.456944444444446,116.5,21.3,12.35,338.7,Map/Offsets   !,https://cgi.minorplanetcenter.net/cgi-bin/confirmeph2.cgi
20260716T150002Z,2026-07-16T15:00:02.317255Z,20260716T150002Z_batch01,ST26G39,2026-07-17T07:00:00Z,18 01 12.1,270.30041666666665,+37 38 49,37.64694444444444,116.2,21.3,12.13,338.7,Map/Offsets   !,https://cgi.minorplanetcenter.net/cgi-bin/confirmeph2.cgi
20260716T150002Z,2026-07-16T15:00:02.317255Z,20260716T150002Z_batch01,ST26G39,2026-07-17T08:00:00Z,18 00 50.0,270.2083333333333,+37 50 01,37.83361111111111,116.0,21.3,11.92,338.6,Map/Offsets   !,https://cgi.minorplanetcenter.net/cgi-bin/confirmeph2.cgi
20260716T150002Z,2026-07-16T15:00:02.317255Z,20260716T150002Z_batch01,ST26G39,2026-07-17T09:00:00Z,18 00 28.1,270.11708333333337,+38 01 01,38.01694444444444,115.8,21.3,11.72,338.6,Map/Offsets   !,https://cgi.minorplanetcenter.net/cgi-bin/confirmeph2.cgi
20260716T150002Z,2026-07-16T15:00:02.317255Z,20260716T150002Z_batch01,ST26G39,2026-07-17T10:00:00Z,18 00 06.5,270.02708333333334,+38 11 50,38.197222222222216,115.6,21.4,11.52,338.5,Map/Offsets   !,https://cgi.minorplanetcenter.net/cgi-bin/confirmeph2.cgi
20260716T150002Z,2026-07-16T15:00:02.317255Z,20260716T150002Z_batch01,ST26G39,2026-07-17T11:00:00Z,17 59 45.2,269.93833333333333,+38 22 27,38.37416666666667,115.4,21.4,11.32,338.5,Map/Offsets   !,https://cgi.minorplanetcenter.net/cgi-bin/confirmeph2.cgi
20260716T150002Z,2026-07-16T15:00:02.317255Z,20260716T150002Z_batch01,ST26G39,2026-07-17T12:00:00Z,17 59 24.1,269.8504166666667,+38 32 54,38.54833333333333,115.2,21.4,11.13,338.4,Map/Offsets   !,https://cgi.minorplanetcenter.net/cgi-bin/confirmeph2.cgi
20260716T150002Z,2026-07-16T15:00:02.317255Z,20260716T150002Z_batch01,ST26G39,2026-07-17T13:00:00Z,17 59 03.3,269.76375,+38 43 09,38.719166666666666,115.0,21.4,10.94,338.4,Map/Offsets   !,https://cgi.minorplanetcenter.net/cgi-bin/confirmeph2.cgi
20260716T150002Z,2026-07-16T15:00:02.317255Z,20260716T150002Z_batch01,ST26G39,2026-07-17T14:00:00Z,17 58 42.7,269.67791666666665,+38 53 14,38.88722222222222,114.9,21.5,10.76,338.3,Map/Offsets   !,https://cgi.minorplanetcenter.net/cgi-bin/confirmeph2.cgi
20260716T150002Z,2026-07-16T15:00:02.317255Z,20260716T150002Z_batch01,XA9yiXA,2026-07-16T14:00:00Z,19 37 54.4,294.4766666666667,-05 19 04,-5.317777777777778,163.9,20.0,1.03,325.7,Map/Offsets,https://cgi.minorplanetcenter.net/cgi-bin/confirmeph2.cgi
20260716T150002Z,2026-07-16T15:00:02.317255Z,20260716T150002Z_batch01,XA9yiXA,2026-07-16T15:00:00Z,19 37 52.1,294.46708333333333,-05 18 13,-5.303611111111111,163.9,20.0,1.03,325.7,Map/Offsets,https://cgi.minorplanetcenter.net/cgi-bin/confirmeph2.cgi
20260716T150002Z,2026-07-16T15:00:02.317255Z,20260716T150002Z_batch01,XA9yiXA,2026-07-16T16:00:00Z,19 37 49.8,294.45750000000004,-05 17 22,-5.289444444444444,163.9,20.0,1.03,325.7,Map/Offsets,https://cgi.minorplanetcenter.net/cgi-bin/confirmeph2.cgi
20260716T150002Z,2026-07-16T15:00:02.317255Z,20260716T150002Z_batch01,XA9yiXA,2026-07-16T17:00:00Z,19 37 47.5,294.4479166666667,-05 16 31,-5.275277777777777,163.9,20.0,1.03,325.7,Map/Offsets,https://cgi.minorplanetcenter.net/cgi-bin/confirmeph2.cgi
20260716T150002Z,2026-07-16T15:00:02.317255Z,20260716T150002Z_batch01,XA9yiXA,2026-07-16T18:00:00Z,19 37 45.2,294.43833333333333,-05 15 40,-5.261111111111111,163.9,20.0,1.03,325.7,Map/Offsets,https://cgi.minorplanetcenter.net/cgi-bin/confirmeph2.cgi
20260716T150002Z,2026-07-16T15:00:02.317255Z,20260716T150002Z_batch01,XA9yiXA,2026-07-16T19:00:00Z,19 37 42.8,294.42833333333334,-05 14 50,-5.247222222222223,163.9,20.0,1.02,325.6,Map/Offsets,https://cgi.minorplanetcenter.net/cgi-bin/confirmeph2.cgi
20260716T150002Z,2026-07-16T15:00:02.317255Z,20260716T150002Z_batch01,XA9yiXA,2026-07-16T20:00:00Z,19 37 40.5,294.41875,-05 13 59,-5.233055555555556,163.9,20.0,1.02,325.6,Map/Offsets,https://cgi.minorplanetcenter.net/cgi-bin/confirmeph2.cgi
20260716T150002Z,2026-07-16T15:00:02.317255Z,20260716T150002Z_batch01,XA9yiXA,2026-07-16T21:00:00Z,19 37 38.2,294.4091666666667,-05 13 08,-5.218888888888889,163.8,20.0,1.02,325.6,Map/Offsets,https://cgi.minorplanetcenter.net/cgi-bin/confirmeph2.cgi
20260716T150002Z,2026-07-16T15:00:02.317255Z,20260716T150002Z_batch01,XA9yiXA,2026-07-16T22:00:00Z,19 37 35.9,294.39958333333334,-05 12 17,-5.204722222222222,163.8,20.0,1.02,325.6,Map/Offsets,https://cgi.minorplanetcenter.net/cgi-bin/confirmeph2.cgi
20260716T150002Z,2026-07-16T15:00:02.317255Z,20260716T150002Z_batch01,XA9yiXA,2026-07-16T23:00:00Z,19 37 33.5,294.38958333333335,-05 11 27,-5.190833333333334,163.8,20.0,1.02,325.6,Map/Offsets,https://cgi.minorplanetcenter.net/cgi-bin/confirmeph2.cgi
20260716T150002Z,2026-07-16T15:00:02.317255Z,20260716T150002Z_batch01,XA9yiXA,2026-07-17T00:00:00Z,19 37 31.2,294.38,-05 10 36,-5.176666666666667,163.8,20.0,1.02,325.6,Map/Offsets,https://cgi.minorplanetcenter.net/cgi-bin/confirmeph2.cgi
20260716T150002Z,2026-07-16T15:00:02.317255Z,20260716T150002Z_batch01,XA9yiXA,2026-07-17T01:00:00Z,19 37 28.9,294.37041666666664,-05 09 46,-5.162777777777778,163.8,20.0,1.02,325.6,Map/Offsets,https://cgi.minorplanetcenter.net/cgi-bin/confirmeph2.cgi
20260716T150002Z,2026-07-16T15:00:02.317255Z,20260716T150002Z_batch01,XA9yiXA,2026-07-17T02:00:00Z,19 37 26.6,294.36083333333335,-05 08 55,-5.148611111111111,163.8,20.0,1.02,325.5,Map/Offsets,https://cgi.minorplanetcenter.net/cgi-bin/confirmeph2.cgi
20260716T150002Z,2026-07-16T15:00:02.317255Z,20260716T150002Z_batch01,XA9yiXA,2026-07-17T03:00:00Z,19 37 24.3,294.35125,-05 08 04,-5.134444444444445,163.8,20.0,1.02,325.5,Map/Offsets,https://cgi.minorplanetcenter.net/cgi-bin/confirmeph2.cgi
20260716T150002Z,2026-07-16T15:00:02.317255Z,20260716T150002Z_batch01,XA9yiXA,2026-07-17T04:00:00Z,19 37 21.9,294.34125,-05 07 14,-5.120555555555555,163.8,20.0,1.02,325.5,Map/Offsets,https://cgi.minorplanetcenter.net/cgi-bin/confirmeph2.cgi
20260716T150002Z,2026-07-16T15:00:02.317255Z,20260716T150002Z_batch01,XA9yiXA,2026-07-17T05:00:00Z,19 37 19.6,294.33166666666665,-05 06 23,-5.106388888888889,163.8,20.0,1.02,325.5,Map/Offsets,https://cgi.minorplanetcenter.net/cgi-bin/confirmeph2.cgi
20260716T150002Z,2026-07-16T15:00:02.317255Z,20260716T150002Z_batch01,XA9yiXA,2026-07-17T06:00:00Z,19 37 17.3,294.32208333333335,-05 05 33,-5.092499999999999,163.7,20.0,1.02,325.5,Map/Offsets,https://cgi.minorplanetcenter.net/cgi-bin/confirmeph2.cgi
20260716T150002Z,2026-07-16T15:00:02.317255Z,20260716T150002Z_batch01,XA9yiXA,2026-07-17T07:00:00Z,19 37 15.0,294.3125,-05 04 42,-5.078333333333333,163.7,20.0,1.02,325.5,Map/Offsets,https://cgi.minorplanetcenter.net/cgi-bin/confirmeph2.cgi
20260716T150002Z,2026-07-16T15:00:02.317255Z,20260716T150002Z_batch01,XA9yiXA,2026-07-17T08:00:00Z,19 37 12.6,294.3025,-05 03 52,-5.064444444444444,163.7,20.0,1.02,325.5,Map/Offsets,https://cgi.minorplanetcenter.net/cgi-bin/confirmeph2.cgi
20260716T150002Z,2026-07-16T15:00:02.317255Z,20260716T150002Z_batch01,XA9yiXA,2026-07-17T09:00:00Z,19 37 10.3,294.2929166666667,-05 03 02,-5.0505555555555555,163.7,20.0,1.02,325.4,Map/Offsets,https://cgi.minorplanetcenter.net/cgi-bin/confirmeph2.cgi
20260716T150002Z,2026-07-16T15:00:02.317255Z,20260716T150002Z_batch01,XA9yiXA,2026-07-17T10:00:00Z,19 37 08.0,294.28333333333336,-05 02 11,-5.036388888888888,163.7,20.0,1.02,325.4,Map/Offsets,https://cgi.minorplanetcenter.net/cgi-bin/confirmeph2.cgi
20260716T150002Z,2026-07-16T15:00:02.317255Z,20260716T150002Z_batch01,XA9yiXA,2026-07-17T11:00:00Z,19 37 05.7,294.27375,-05 01 21,-5.0225,163.7,20.0,1.02,325.4,Map/Offsets,https://cgi.minorplanetcenter.net/cgi-bin/confirmeph2.cgi
20260716T150002Z,2026-07-16T15:00:02.317255Z,20260716T150002Z_batch01,XA9yiXA,2026-07-17T12:00:00Z,19 37 03.4,294.2641666666667,-05 00 31,-5.008611111111111,163.7,20.0,1.02,325.4,Map/Offsets,https://cgi.minorplanetcenter.net/cgi-bin/confirmeph2.cgi
20260716T150002Z,2026-07-16T15:00:02.317255Z,20260716T150002Z_batch01,XA9yiXA,2026-07-17T13:00:00Z,19 37 01.0,294.25416666666666,-04 59 40,-4.9944444444444445,163.6,20.0,1.02,325.4,Map/Offsets,https://cgi.minorplanetcenter.net/cgi-bin/confirmeph2.cgi
20260716T150002Z,2026-07-16T15:00:02.317255Z,20260716T150002Z_batch01,XA9yiXA,2026-07-17T14:00:00Z,19 36 58.7,294.24458333333337,-04 58 50,-4.980555555555556,163.6,20.0,1.02,325.4,Map/Offsets,https://cgi.minorplanetcenter.net/cgi-bin/confirmeph2.cgi
20260716T150002Z,2026-07-16T15:00:02.317255Z,20260716T150002Z_batch01,P12onNt,2026-07-16T14:00:00Z,19 59 04.2,299.7675,-29 51 06,-29.851666666666667,170.7,20.0,8.32,11.5,Map/Offsets,https://cgi.minorplanetcenter.net/cgi-bin/confirmeph2.cgi
20260716T150002Z,2026-07-16T15:00:02.317255Z,20260716T150002Z_batch01,P12onNt,2026-07-16T15:00:00Z,19 59 11.8,299.7991666666667,-29 42 59,-29.71638888888889,170.8,20.0,8.25,11.5,Map/Offsets,https://cgi.minorplanetcenter.net/cgi-bin/confirmeph2.cgi
20260716T150002Z,2026-07-16T15:00:02.317255Z,20260716T150002Z_batch01,P12onNt,2026-07-16T16:00:00Z,19 59 19.3,299.8304166666667,-29 34 56,-29.58222222222222,170.9,20.0,8.18,11.4,Map/Offsets,https://cgi.minorplanetcenter.net/cgi-bin/confirmeph2.cgi
20260716T150002Z,2026-07-16T15:00:02.317255Z,20260716T150002Z_batch01,P12onNt,2026-07-16T17:00:00Z,19 59 26.7,299.86125000000004,-29 26 57,-29.449166666666667,171.1,20.1,8.11,11.4,Map/Offsets,https://cgi.minorplanetcenter.net/cgi-bin/confirmeph2.cgi
20260716T150002Z,2026-07-16T15:00:02.317255Z,20260716T150002Z_batch01,P12onNt,2026-07-16T18:00:00Z,19 59 34.1,299.89208333333335,-29 19 02,-29.31722222222222,171.2,20.1,8.04,11.4,Map/Offsets,https://cgi.minorplanetcenter.net/cgi-bin/confirmeph2.cgi
20260716T150002Z,2026-07-16T15:00:02.317255Z,20260716T150002Z_batch01,P12onNt,2026-07-16T19:00:00Z,19 59 41.3,299.9220833333333,-29 11 10,-29.18611111111111,171.3,20.1,7.98,11.4,Map/Offsets,https://cgi.minorplanetcenter.net/cgi-bin/confirmeph2.cgi
20260716T150002Z,2026-07-16T15:00:02.317255Z,20260716T150002Z_batch01,P12onNt,2026-07-16T20:00:00Z,19 59 48.5,299.95208333333335,-29 03 23,-29.05638888888889,171.4,20.1,7.91,11.4,Map/Offsets,https://cgi.minorplanetcenter.net/cgi-bin/confirmeph2.cgi
20260716T150002Z,2026-07-16T15:00:02.317255Z,20260716T150002Z_batch01,P12onNt,2026-07-16T21:00:00Z,19 59 55.6,299.9816666666667,-28 55 40,-28.92777777777778,171.5,20.1,7.85,11.3,Map/Offsets,https://cgi.minorplanetcenter.net/cgi-bin/confirmeph2.cgi
20260716T150002Z,2026-07-16T15:00:02.317255Z,20260716T150002Z_batch01,P12onNt,2026-07-16T22:00:00Z,20 00 02.6,300.0108333333333,-28 48 00,-28.8,171.6,20.1,7.78,11.3,Map/Offsets,https://cgi.minorplanetcenter.net/cgi-bin/confirmeph2.cgi
20260716T150002Z,2026-07-16T15:00:02.317255Z,20260716T150002Z_batch01,P12onNt,2026-07-16T23:00:00Z,20 00 09.6,300.04,-28 40 24,-28.673333333333336,171.7,20.1,7.72,11.3,Map/Offsets,https://cgi.minorplanetcenter.net/cgi-bin/confirmeph2.cgi
20260716T150002Z,2026-07-16T15:00:02.317255Z,20260716T150002Z_batch01,P12onNt,2026-07-17T00:00:00Z,20 00 16.4,300.0683333333333,-28 32 51,-28.547500000000003,171.9,20.1,7.66,11.3,Map/Offsets,https://cgi.minorplanetcenter.net/cgi-bin/confirmeph2.cgi
20260716T150002Z,2026-07-16T15:00:02.317255Z,20260716T150002Z_batch01,P12onNt,2026-07-17T01:00:00Z,20 00 23.2,300.09666666666664,-28 25 23,-28.423055555555557,172.0,20.1,7.6,11.3,Map/Offsets,https://cgi.minorplanetcenter.net/cgi-bin/confirmeph2.cgi
20260716T150002Z,2026-07-16T15:00:02.317255Z,20260716T150002Z_batch01,P12onNt,2026-07-17T02:00:00Z,20 00 30.0,300.125,-28 17 58,-28.299444444444447,172.1,20.1,7.53,11.3,Map/Offsets,https://cgi.minorplanetcenter.net/cgi-bin/confirmeph2.cgi
20260716T150002Z,2026-07-16T15:00:02.317255Z,20260716T150002Z_batch01,P12onNt,2026-07-17T03:00:00Z,20 00 36.6,300.1525,-28 10 36,-28.17666666666667,172.2,20.1,7.47,11.3,Map/Offsets,https://cgi.minorplanetcenter.net/cgi-bin/confirmeph2.cgi
20260716T150002Z,2026-07-16T15:00:02.317255Z,20260716T150002Z_batch01,P12onNt,2026-07-17T04:00:00Z,20 00 43.2,300.18,-28 03 18,-28.055,172.3,20.1,7.41,11.2,Map/Offsets,https://cgi.minorplanetcenter.net/cgi-bin/confirmeph2.cgi
20260716T150002Z,2026-07-16T15:00:02.317255Z,20260716T150002Z_batch01,P12onNt,2026-07-17T05:00:00Z,20 00 49.7,300.20708333333334,-27 56 04,-27.934444444444445,172.4,20.1,7.35,11.2,Map/Offsets,https://cgi.minorplanetcenter.net/cgi-bin/confirmeph2.cgi
20260716T150002Z,2026-07-16T15:00:02.317255Z,20260716T150002Z_batch01,P12onNt,2026-07-17T06:00:00Z,20 00 56.1,300.23375,-27 48 53,-27.814722222222223,172.5,20.1,7.29,11.2,Map/Offsets,https://cgi.minorplanetcenter.net/cgi-bin/confirmeph2.cgi
20260716T150002Z,2026-07-16T15:00:02.317255Z,20260716T150002Z_batch01,P12onNt,2026-07-17T07:00:00Z,20 01 02.5,300.2604166666667,-27 41 45,-27.695833333333333,172.6,20.1,7.24,11.2,Map/Offsets,https://cgi.minorplanetcenter.net/cgi-bin/confirmeph2.cgi
20260716T150002Z,2026-07-16T15:00:02.317255Z,20260716T150002Z_batch01,P12onNt,2026-07-17T08:00:00Z,20 01 08.8,300.28666666666663,-27 34 41,-27.578055555555554,172.7,20.1,7.18,11.2,Map/Offsets,https://cgi.minorplanetcenter.net/cgi-bin/confirmeph2.cgi
20260716T150002Z,2026-07-16T15:00:02.317255Z,20260716T150002Z_batch01,P12onNt,2026-07-17T09:00:00Z,20 01 15.1,300.31291666666664,-27 27 40,-27.461111111111112,172.8,20.1,7.12,11.2,Map/Offsets,https://cgi.minorplanetcenter.net/cgi-bin/confirmeph2.cgi
20260716T150002Z,2026-07-16T15:00:02.317255Z,20260716T150002Z_batch01,P12onNt,2026-07-17T10:00:00Z,20 01 21.3,300.33875,-27 20 42,-27.345,172.9,20.1,7.07,11.1,Map/Offsets,https://cgi.minorplanetcenter.net/cgi-bin/confirmeph2.cgi
20260716T150002Z,2026-07-16T15:00:02.317255Z,20260716T150002Z_batch01,P12onNt,2026-07-17T11:00:00Z,20 01 27.4,300.3641666666666,-27 13 48,-27.229999999999997,173.0,20.1,7.01,11.1,Map/Offsets,https://cgi.minorplanetcenter.net/cgi-bin/confirmeph2.cgi
20260716T150002Z,2026-07-16T15:00:02.317255Z,20260716T150002Z_batch01,P12onNt,2026-07-17T12:00:00Z,20 01 33.4,300.38916666666665,-27 06 57,-27.115833333333335,173.1,20.1,6.95,11.1,Map/Offsets,https://cgi.minorplanetcenter.net/cgi-bin/confirmeph2.cgi
20260716T150002Z,2026-07-16T15:00:02.317255Z,20260716T150002Z_batch01,P12onNt,2026-07-17T13:00:00Z,20 01 39.4,300.41416666666663,-27 00 09,-27.0025,173.2,20.1,6.9,11.1,Map/Offsets,https://cgi.minorplanetcenter.net/cgi-bin/confirmeph2.cgi
20260716T150002Z,2026-07-16T15:00:02.317255Z,20260716T150002Z_batch01,P12onNt,2026-07-17T14:00:00Z,20 01 45.4,300.4391666666666,-26 53 25,-26.890277777777776,173.3,20.2,6.85,11.1,Map/Offsets,https://cgi.minorplanetcenter.net/cgi-bin/confirmeph2.cgi
20260716T150002Z,2026-07-16T15:00:02.317255Z,20260716T150002Z_batch01,P12omkz,2026-07-16T14:00:00Z,20 35 12.1,308.80041666666665,-34 41 05,-34.68472222222222,162.3,21.3,2.37,109.2,Map/Offsets,https://cgi.minorplanetcenter.net/cgi-bin/confirmeph2.cgi
20260716T150002Z,2026-07-16T15:00:02.317255Z,20260716T150002Z_batch01,P12omkz,2026-07-16T15:00:00Z,20 35 23.0,308.8458333333333,-34 41 52,-34.69777777777777,162.3,21.3,2.37,109.1,Map/Offsets,https://cgi.minorplanetcenter.net/cgi-bin/confirmeph2.cgi
20260716T150002Z,2026-07-16T15:00:02.317255Z,20260716T150002Z_batch01,P12omkz,2026-07-16T16:00:00Z,20 35 33.9,308.89124999999996,-34 42 38,-34.71055555555556,162.3,21.3,2.37,109.1,Map/Offsets,https://cgi.minorplanetcenter.net/cgi-bin/confirmeph2.cgi
20260716T150002Z,2026-07-16T15:00:02.317255Z,20260716T150002Z_batch01,P12omkz,2026-07-16T17:00:00Z,20 35 44.8,308.93666666666667,-34 43 25,-34.72361111111111,162.3,21.3,2.37,109.1,Map/Offsets,https://cgi.minorplanetcenter.net/cgi-bin/confirmeph2.cgi
20260716T150002Z,2026-07-16T15:00:02.317255Z,20260716T150002Z_batch01,P12omkz,2026-07-16T18:00:00Z,20 35 55.7,308.9820833333333,-34 44 11,-34.73638888888889,162.2,21.3,2.37,109.0,Map/Offsets,https://cgi.minorplanetcenter.net/cgi-bin/confirmeph2.cgi
20260716T150002Z,2026-07-16T15:00:02.317255Z,20260716T150002Z_batch01,P12omkz,2026-07-16T19:00:00Z,20 36 06.7,309.02791666666667,-34 44 58,-34.74944444444444,162.2,21.3,2.37,109.0,Map/Offsets,https://cgi.minorplanetcenter.net/cgi-bin/confirmeph2.cgi
20260716T150002Z,2026-07-16T15:00:02.317255Z,20260716T150002Z_batch01,P12omkz,2026-07-16T20:00:00Z,20 36 17.6,309.0733333333334,-34 45 44,-34.76222222222222,162.2,21.3,2.37,109.0,Map/Offsets,https://cgi.minorplanetcenter.net/cgi-bin/confirmeph2.cgi
20260716T150002Z,2026-07-16T15:00:02.317255Z,20260716T150002Z_batch01,P12omkz,2026-07-16T21:00:00Z,20 36 28.5,309.11875000000003,-34 46 30,-34.775,162.2,21.3,2.38,108.9,Map/Offsets,https://cgi.minorplanetcenter.net/cgi-bin/confirmeph2.cgi
20260716T150002Z,2026-07-16T15:00:02.317255Z,20260716T150002Z_batch01,P12omkz,2026-07-16T22:00:00Z,20 36 39.5,309.1645833333333,-34 47 17,-34.78805555555555,162.2,21.3,2.38,108.9,Map/Offsets,https://cgi.minorplanetcenter.net/cgi-bin/confirmeph2.cgi
20260716T150002Z,2026-07-16T15:00:02.317255Z,20260716T150002Z_batch01,P12omkz,2026-07-16T23:00:00Z,20 36 50.4,309.21000000000004,-34 48 03,-34.80083333333333,162.2,21.3,2.38,108.8,Map/Offsets,https://cgi.minorplanetcenter.net/cgi-bin/confirmeph2.cgi
20260716T150002Z,2026-07-16T15:00:02.317255Z,20260716T150002Z_batch01,P12omkz,2026-07-17T00:00:00Z,20 37 01.4,309.2558333333333,-34 48 49,-34.81361111111111,162.1,21.3,2.38,108.8,Map/Offsets,https://cgi.minorplanetcenter.net/cgi-bin/confirmeph2.cgi
20260716T150002Z,2026-07-16T15:00:02.317255Z,20260716T150002Z_batch01,P12omkz,2026-07-17T01:00:00Z,20 37 12.4,309.3016666666667,-34 49 35,-34.82638888888889,162.1,21.3,2.38,108.8,Map/Offsets,https://cgi.minorplanetcenter.net/cgi-bin/confirmeph2.cgi
20260716T150002Z,2026-07-16T15:00:02.317255Z,20260716T150002Z_batch01,P12omkz,2026-07-17T02:00:00Z,20 37 23.4,309.34749999999997,-34 50 20,-34.83888888888889,162.1,21.3,2.38,108.7,Map/Offsets,https://cgi.minorplanetcenter.net/cgi-bin/confirmeph2.cgi
20260716T150002Z,2026-07-16T15:00:02.317255Z,20260716T150002Z_batch01,P12omkz,2026-07-17T03:00:00Z,20 37 34.3,309.3929166666667,-34 51 06,-34.85166666666667,162.1,21.3,2.38,108.7,Map/Offsets,https://cgi.minorplanetcenter.net/cgi-bin/confirmeph2.cgi
20260716T150002Z,2026-07-16T15:00:02.317255Z,20260716T150002Z_batch01,P12omkz,2026-07-17T04:00:00Z,20 37 45.3,309.43874999999997,-34 51 52,-34.864444444444445,162.1,21.3,2.38,108.6,Map/Offsets,https://cgi.minorplanetcenter.net/cgi-bin/confirmeph2.cgi
20260716T150002Z,2026-07-16T15:00:02.317255Z,20260716T150002Z_batch01,P12omkz,2026-07-17T05:00:00Z,20 37 56.3,309.4845833333334,-34 52 38,-34.87722222222222,162.1,21.3,2.38,108.6,Map/Offsets,https://cgi.minorplanetcenter.net/cgi-bin/confirmeph2.cgi
20260716T150002Z,2026-07-16T15:00:02.317255Z,20260716T150002Z_batch01,P12omkz,2026-07-17T06:00:00Z,20 38 07.4,309.5308333333333,-34 53 23,-34.88972222222222,162.0,21.3,2.38,108.6,Map/Offsets,https://cgi.minorplanetcenter.net/cgi-bin/confirmeph2.cgi
20260716T150002Z,2026-07-16T15:00:02.317255Z,20260716T150002Z_batch01,P12omkz,2026-07-17T07:00:00Z,20 38 18.4,309.5766666666667,-34 54 09,-34.902499999999996,162.0,21.3,2.38,108.5,Map/Offsets,https://cgi.minorplanetcenter.net/cgi-bin/confirmeph2.cgi
20260716T150002Z,2026-07-16T15:00:02.317255Z,20260716T150002Z_batch01,P12omkz,2026-07-17T08:00:00Z,20 38 29.4,309.6225,-34 54 54,-34.915,162.0,21.3,2.39,108.5,Map/Offsets,https://cgi.minorplanetcenter.net/cgi-bin/confirmeph2.cgi
20260716T150002Z,2026-07-16T15:00:02.317255Z,20260716T150002Z_batch01,P12omkz,2026-07-17T09:00:00Z,20 38 40.5,309.66875,-34 55 39,-34.927499999999995,162.0,21.3,2.39,108.4,Map/Offsets,https://cgi.minorplanetcenter.net/cgi-bin/confirmeph2.cgi
20260716T150002Z,2026-07-16T15:00:02.317255Z,20260716T150002Z_batch01,P12omkz,2026-07-17T10:00:00Z,20 38 51.5,309.71458333333334,-34 56 25,-34.94027777777777,162.0,21.3,2.39,108.4,Map/Offsets,https://cgi.minorplanetcenter.net/cgi-bin/confirmeph2.cgi
20260716T150002Z,2026-07-16T15:00:02.317255Z,20260716T150002Z_batch01,P12omkz,2026-07-17T11:00:00Z,20 39 02.6,309.7608333333333,-34 57 10,-34.95277777777778,162.0,21.3,2.39,108.4,Map/Offsets,https://cgi.minorplanetcenter.net/cgi-bin/confirmeph2.cgi
20260716T150002Z,2026-07-16T15:00:02.317255Z,20260716T150002Z_batch01,P12omkz,2026-07-17T12:00:00Z,20 39 13.6,309.8066666666666,-34 57 55,-34.96527777777778,161.9,21.3,2.39,108.3,Map/Offsets,https://cgi.minorplanetcenter.net/cgi-bin/confirmeph2.cgi
20260716T150002Z,2026-07-16T15:00:02.317255Z,20260716T150002Z_batch01,P12omkz,2026-07-17T13:00:00Z,20 39 24.7,309.85291666666666,-34 58 40,-34.97777777777778,161.9,21.3,2.39,108.3,Map/Offsets,https://cgi.minorplanetcenter.net/cgi-bin/confirmeph2.cgi
20260716T150002Z,2026-07-16T15:00:02.317255Z,20260716T150002Z_batch01,P12omkz,2026-07-17T14:00:00Z,20 39 35.8,309.89916666666664,-34 59 25,-34.99027777777778,161.9,21.3,2.39,108.2,Map/Offsets,https://cgi.minorplanetcenter.net/cgi-bin/confirmeph2.cgi
20260716T150002Z,2026-07-16T15:00:02.317255Z,20260716T150002Z_batch01,P12omkc,2026-07-16T14:00:00Z,19 38 38.7,294.66125,-37 52 31,-37.875277777777775,163.5,21.0,0.49,324.6,Map/Offsets,https://cgi.minorplanetcenter.net/cgi-bin/confirmeph2.cgi
20260716T150002Z,2026-07-16T15:00:02.317255Z,20260716T150002Z_batch01,P12omkc,2026-07-16T15:00:00Z,19 38 37.3,294.65541666666667,-37 52 07,-37.868611111111115,163.5,21.0,0.5,324.6,Map/Offsets,https://cgi.minorplanetcenter.net/cgi-bin/confirmeph2.cgi
20260716T150002Z,2026-07-16T15:00:02.317255Z,20260716T150002Z_batch01,P12omkc,2026-07-16T16:00:00Z,19 38 35.8,294.64916666666664,-37 51 42,-37.861666666666665,163.5,21.0,0.5,324.7,Map/Offsets,https://cgi.minorplanetcenter.net/cgi-bin/confirmeph2.cgi
20260716T150002Z,2026-07-16T15:00:02.317255Z,20260716T150002Z_batch01,P12omkc,2026-07-16T17:00:00Z,19 38 34.4,294.6433333333333,-37 51 18,-37.855000000000004,163.5,21.0,0.5,324.7,Map/Offsets,https://cgi.minorplanetcenter.net/cgi-bin/confirmeph2.cgi
20260716T150002Z,2026-07-16T15:00:02.317255Z,20260716T150002Z_batch01,P12omkc,2026-07-16T18:00:00Z,19 38 32.9,294.6370833333333,-37 50 54,-37.848333333333336,163.5,21.0,0.5,324.8,Map/Offsets,https://cgi.minorplanetcenter.net/cgi-bin/confirmeph2.cgi
20260716T150002Z,2026-07-16T15:00:02.317255Z,20260716T150002Z_batch01,P12omkc,2026-07-16T19:00:00Z,19 38 31.5,294.63124999999997,-37 50 29,-37.84138888888889,163.5,21.0,0.5,324.8,Map/Offsets,https://cgi.minorplanetcenter.net/cgi-bin/confirmeph2.cgi
20260716T150002Z,2026-07-16T15:00:02.317255Z,20260716T150002Z_batch01,P12omkc,2026-07-16T20:00:00Z,19 38 30.0,294.625,-37 50 05,-37.834722222222226,163.4,21.0,0.5,324.9,Map/Offsets,https://cgi.minorplanetcenter.net/cgi-bin/confirmeph2.cgi
20260716T150002Z,2026-07-16T15:00:02.317255Z,20260716T150002Z_batch01,P12omkc,2026-07-16T21:00:00Z,19 38 28.6,294.6191666666667,-37 49 40,-37.82777777777778,163.4,21.0,0.5,324.9,Map/Offsets,https://cgi.minorplanetcenter.net/cgi-bin/confirmeph2.cgi
20260716T150002Z,2026-07-16T15:00:02.317255Z,20260716T150002Z_batch01,P12omkc,2026-07-16T22:00:00Z,19 38 27.1,294.61291666666665,-37 49 16,-37.821111111111115,163.4,21.0,0.5,325.0,Map/Offsets,https://cgi.minorplanetcenter.net/cgi-bin/confirmeph2.cgi
20260716T150002Z,2026-07-16T15:00:02.317255Z,20260716T150002Z_batch01,P12omkc,2026-07-16T23:00:00Z,19 38 25.7,294.6070833333333,-37 48 51,-37.814166666666665,163.4,21.0,0.5,325.0,Map/Offsets,https://cgi.minorplanetcenter.net/cgi-bin/confirmeph2.cgi
20260716T150002Z,2026-07-16T15:00:02.317255Z,20260716T150002Z_batch01,P12omkc,2026-07-17T00:00:00Z,19 38 24.2,294.60083333333336,-37 48 26,-37.80722222222222,163.4,21.0,0.5,325.1,Map/Offsets,https://cgi.minorplanetcenter.net/cgi-bin/confirmeph2.cgi
20260716T150002Z,2026-07-16T15:00:02.317255Z,20260716T150002Z_batch01,P12omkc,2026-07-17T01:00:00Z,19 38 22.7,294.59458333333333,-37 48 02,-37.800555555555555,163.4,21.0,0.5,325.1,Map/Offsets,https://cgi.minorplanetcenter.net/cgi-bin/confirmeph2.cgi
20260716T150002Z,2026-07-16T15:00:02.317255Z,20260716T150002Z_batch01,P12omkc,2026-07-17T02:00:00Z,19 38 21.3,294.58875,-37 47 37,-37.79361111111111,163.4,21.0,0.5,325.2,Map/Offsets,https://cgi.minorplanetcenter.net/cgi-bin/confirmeph2.cgi
20260716T150002Z,2026-07-16T15:00:02.317255Z,20260716T150002Z_batch01,P12omkc,2026-07-17T03:00:00Z,19 38 19.8,294.58250000000004,-37 47 12,-37.78666666666666,163.4,21.0,0.5,325.2,Map/Offsets,https://cgi.minorplanetcenter.net/cgi-bin/confirmeph2.cgi
20260716T150002Z,2026-07-16T15:00:02.317255Z,20260716T150002Z_batch01,P12omkc,2026-07-17T04:00:00Z,19 38 18.4,294.5766666666667,-37 46 47,-37.77972222222222,163.4,21.0,0.5,325.3,Map/Offsets,https://cgi.minorplanetcenter.net/cgi-bin/confirmeph2.cgi
20260716T150002Z,2026-07-16T15:00:02.317255Z,20260716T150002Z_batch01,P12omkc,2026-07-17T05:00:00Z,19 38 16.9,294.57041666666663,-37 46 22,-37.772777777777776,163.4,21.0,0.51,325.3,Map/Offsets,https://cgi.minorplanetcenter.net/cgi-bin/confirmeph2.cgi
20260716T150002Z,2026-07-16T15:00:02.317255Z,20260716T150002Z_batch01,P12omkc,2026-07-17T06:00:00Z,19 38 15.5,294.5645833333333,-37 45 57,-37.76583333333333,163.4,21.0,0.51,325.4,Map/Offsets,https://cgi.minorplanetcenter.net/cgi-bin/confirmeph2.cgi
20260716T150002Z,2026-07-16T15:00:02.317255Z,20260716T150002Z_batch01,P12omkc,2026-07-17T07:00:00Z,19 38 14.0,294.5583333333333,-37 45 32,-37.75888888888889,163.4,21.0,0.51,325.4,Map/Offsets,https://cgi.minorplanetcenter.net/cgi-bin/confirmeph2.cgi
20260716T150002Z,2026-07-16T15:00:02.317255Z,20260716T150002Z_batch01,P12omkc,2026-07-17T08:00:00Z,19 38 12.6,294.55249999999995,-37 45 07,-37.75194444444445,163.4,21.0,0.51,325.5,Map/Offsets,https://cgi.minorplanetcenter.net/cgi-bin/confirmeph2.cgi
20260716T150002Z,2026-07-16T15:00:02.317255Z,20260716T150002Z_batch01,P12omkc,2026-07-17T09:00:00Z,19 38 11.1,294.54625,-37 44 42,-37.745,163.4,21.0,0.51,325.5,Map/Offsets,https://cgi.minorplanetcenter.net/cgi-bin/confirmeph2.cgi
20260716T150002Z,2026-07-16T15:00:02.317255Z,20260716T150002Z_batch01,P12omkc,2026-07-17T10:00:00Z,19 38 09.7,294.54041666666666,-37 44 17,-37.738055555555555,163.4,21.0,0.51,325.6,Map/Offsets,https://cgi.minorplanetcenter.net/cgi-bin/confirmeph2.cgi
20260716T150002Z,2026-07-16T15:00:02.317255Z,20260716T150002Z_batch01,P12omkc,2026-07-17T11:00:00Z,19 38 08.2,294.53416666666664,-37 43 52,-37.73111111111111,163.4,21.0,0.51,325.6,Map/Offsets,https://cgi.minorplanetcenter.net/cgi-bin/confirmeph2.cgi
20260716T150002Z,2026-07-16T15:00:02.317255Z,20260716T150002Z_batch01,P12omkc,2026-07-17T12:00:00Z,19 38 06.8,294.5283333333333,-37 43 27,-37.72416666666667,163.4,21.0,0.51,325.7,Map/Offsets,https://cgi.minorplanetcenter.net/cgi-bin/confirmeph2.cgi
20260716T150002Z,2026-07-16T15:00:02.317255Z,20260716T150002Z_batch01,P12omkc,2026-07-17T13:00:00Z,19 38 05.3,294.52208333333334,-37 43 01,-37.716944444444444,163.4,21.0,0.51,325.7,Map/Offsets,https://cgi.minorplanetcenter.net/cgi-bin/confirmeph2.cgi
20260716T150002Z,2026-07-16T15:00:02.317255Z,20260716T150002Z_batch01,P12omkc,2026-07-17T14:00:00Z,19 38 03.8,294.5158333333333,-37 42 36,-37.71,163.4,21.0,0.51,325.8,Map/Offsets,https://cgi.minorplanetcenter.net/cgi-bin/confirmeph2.cgi
20260716T150002Z,2026-07-16T15:00:02.317255Z,20260716T150002Z_batch01,P12o4vO,2026-07-16T14:00:00Z,09 53 55.0,148.47916666666666,-10 04 45,-10.079166666666666,45.1,26.9,1.11,75.2,Map/Offsets,https://cgi.minorplanetcenter.net/cgi-bin/confirmeph2.cgi
20260716T150002Z,2026-07-16T15:00:02.317255Z,20260716T150002Z_batch01,P12o4vO,2026-07-16T15:00:00Z,09 53 59.3,148.49708333333334,-10 04 28,-10.074444444444444,45.1,26.9,1.08,75.1,Map/Offsets,https://cgi.minorplanetcenter.net/cgi-bin/confirmeph2.cgi
20260716T150002Z,2026-07-16T15:00:02.317255Z,20260716T150002Z_batch01,P12o4vO,2026-07-16T16:00:00Z,09 54 03.5,148.51458333333335,-10 04 12,-10.07,45.0,26.9,1.06,74.9,Map/Offsets,https://cgi.minorplanetcenter.net/cgi-bin/confirmeph2.cgi
20260716T150002Z,2026-07-16T15:00:02.317255Z,20260716T150002Z_batch01,P12o4vO,2026-07-16T17:00:00Z,09 54 07.6,148.53166666666667,-10 03 55,-10.065277777777778,45.0,26.9,1.04,74.8,Map/Offsets,https://cgi.minorplanetcenter.net/cgi-bin/confirmeph2.cgi
20260716T150002Z,2026-07-16T15:00:02.317255Z,20260716T150002Z_batch01,P12o4vO,2026-07-16T18:00:00Z,09 54 11.6,148.54833333333335,-10 03 39,-10.060833333333335,45.0,27.0,1.01,74.6,Map/Offsets,https://cgi.minorplanetcenter.net/cgi-bin/confirmeph2.cgi
20260716T150002Z,2026-07-16T15:00:02.317255Z,20260716T150002Z_batch01,P12o4vO,2026-07-16T19:00:00Z,09 54 15.5,148.56458333333333,-10 03 23,-10.05638888888889,45.0,27.0,0.99,74.5,Map/Offsets,https://cgi.minorplanetcenter.net/cgi-bin/confirmeph2.cgi
20260716T150002Z,2026-07-16T15:00:02.317255Z,20260716T150002Z_batch01,P12o4vO,2026-07-16T20:00:00Z,09 54 19.4,148.58083333333335,-10 03 07,-10.051944444444445,44.9,27.0,0.97,74.4,Map/Offsets,https://cgi.minorplanetcenter.net/cgi-bin/confirmeph2.cgi
20260716T150002Z,2026-07-16T15:00:02.317255Z,20260716T150002Z_batch01,P12o4vO,2026-07-16T21:00:00Z,09 54 23.1,148.59625,-10 02 52,-10.047777777777778,44.9,27.0,0.95,74.2,Map/Offsets,https://cgi.minorplanetcenter.net/cgi-bin/confirmeph2.cgi
20260716T150002Z,2026-07-16T15:00:02.317255Z,20260716T150002Z_batch01,P12o4vO,2026-07-16T22:00:00Z,09 54 26.8,148.61166666666668,-10 02 36,-10.043333333333333,44.9,27.0,0.93,74.1,Map/Offsets,https://cgi.minorplanetcenter.net/cgi-bin/confirmeph2.cgi
20260716T150002Z,2026-07-16T15:00:02.317255Z,20260716T150002Z_batch01,P12o4vO,2026-07-16T23:00:00Z,09 54 30.4,148.62666666666667,-10 02 21,-10.039166666666667,44.9,27.0,0.91,73.9,Map/Offsets,https://cgi.minorplanetcenter.net/cgi-bin/confirmeph2.cgi
20260716T150002Z,2026-07-16T15:00:02.317255Z,20260716T150002Z_batch01,P12o4vO,2026-07-17T00:00:00Z,09 54 33.9,148.64125,-10 02 06,-10.035,44.8,27.1,0.89,73.7,Map/Offsets,https://cgi.minorplanetcenter.net/cgi-bin/confirmeph2.cgi
20260716T150002Z,2026-07-16T15:00:02.317255Z,20260716T150002Z_batch01,P12o4vO,2026-07-17T01:00:00Z,09 54 37.4,148.65583333333333,-10 01 51,-10.030833333333334,44.8,27.1,0.88,73.6,Map/Offsets,https://cgi.minorplanetcenter.net/cgi-bin/confirmeph2.cgi
20260716T150002Z,2026-07-16T15:00:02.317255Z,20260716T150002Z_batch01,P12o4vO,2026-07-17T02:00:00Z,09 54 40.8,148.67,-10 01 36,-10.026666666666667,44.8,27.1,0.86,73.4,Map/Offsets,https://cgi.minorplanetcenter.net/cgi-bin/confirmeph2.cgi
20260716T150002Z,2026-07-16T15:00:02.317255Z,20260716T150002Z_batch01,P12o4vO,2026-07-17T03:00:00Z,09 54 44.1,148.68375,-10 01 21,-10.0225,44.7,27.1,0.84,73.2,Map/Offsets,https://cgi.minorplanetcenter.net/cgi-bin/confirmeph2.cgi
20260716T150002Z,2026-07-16T15:00:02.317255Z,20260716T150002Z_batch01,P12o4vO,2026-07-17T04:00:00Z,09 54 47.3,148.69708333333335,-10 01 07,-10.018611111111111,44.7,27.1,0.83,73.1,Map/Offsets,https://cgi.minorplanetcenter.net/cgi-bin/confirmeph2.cgi
20260716T150002Z,2026-07-16T15:00:02.317255Z,20260716T150002Z_batch01,P12o4vO,2026-07-17T05:00:00Z,09 54 50.5,148.71041666666667,-10 00 53,-10.014722222222222,44.7,27.1,0.81,72.9,Map/Offsets,https://cgi.minorplanetcenter.net/cgi-bin/confirmeph2.cgi
20260716T150002Z,2026-07-16T15:00:02.317255Z,20260716T150002Z_batch01,P12o4vO,2026-07-17T06:00:00Z,09 54 53.6,148.72333333333333,-10 00 38,-10.010555555555555,44.7,27.2,0.79,72.7,Map/Offsets,https://cgi.minorplanetcenter.net/cgi-bin/confirmeph2.cgi
20260716T150002Z,2026-07-16T15:00:02.317255Z,20260716T150002Z_batch01,P12o4vO,2026-07-17T07:00:00Z,09 54 56.6,148.73583333333335,-10 00 24,-10.006666666666666,44.6,27.2,0.78,72.5,Map/Offsets,https://cgi.minorplanetcenter.net/cgi-bin/confirmeph2.cgi
20260716T150002Z,2026-07-16T15:00:02.317255Z,20260716T150002Z_batch01,P12o4vO,2026-07-17T08:00:00Z,09 54 59.6,148.74833333333333,-10 00 10,-10.002777777777778,44.6,27.2,0.76,72.3,Map/Offsets,https://cgi.minorplanetcenter.net/cgi-bin/confirmeph2.cgi
20260716T150002Z,2026-07-16T15:00:02.317255Z,20260716T150002Z_batch01,P12o4vO,2026-07-17T09:00:00Z,09 55 02.6,148.76083333333332,-09 59 56,-9.998888888888889,44.6,27.2,0.75,72.1,Map/Offsets,https://cgi.minorplanetcenter.net/cgi-bin/confirmeph2.cgi
20260716T150002Z,2026-07-16T15:00:02.317255Z,20260716T150002Z_batch01,P12o4vO,2026-07-17T10:00:00Z,09 55 05.4,148.77249999999998,-09 59 43,-9.995277777777776,44.6,27.2,0.73,71.9,Map/Offsets,https://cgi.minorplanetcenter.net/cgi-bin/confirmeph2.cgi
20260716T150002Z,2026-07-16T15:00:02.317255Z,20260716T150002Z_batch01,P12o4vO,2026-07-17T11:00:00Z,09 55 08.2,148.78416666666666,-09 59 29,-9.991388888888888,44.5,27.2,0.72,71.7,Map/Offsets,https://cgi.minorplanetcenter.net/cgi-bin/confirmeph2.cgi
20260716T150002Z,2026-07-16T15:00:02.317255Z,20260716T150002Z_batch01,P12o4vO,2026-07-17T12:00:00Z,09 55 11.0,148.79583333333332,-09 59 16,-9.987777777777778,44.5,27.2,0.71,71.5,Map/Offsets,https://cgi.minorplanetcenter.net/cgi-bin/confirmeph2.cgi
20260716T150002Z,2026-07-16T15:00:02.317255Z,20260716T150002Z_batch01,P12o4vO,2026-07-17T13:00:00Z,09 55 13.7,148.8070833333333,-09 59 02,-9.983888888888888,44.5,27.3,0.69,71.3,Map/Offsets,https://cgi.minorplanetcenter.net/cgi-bin/confirmeph2.cgi
20260716T150002Z,2026-07-16T15:00:02.317255Z,20260716T150002Z_batch01,P12o4vO,2026-07-17T14:00:00Z,09 55 16.3,148.81791666666666,-09 58 49,-9.980277777777777,44.4,27.3,0.68,71.1,Map/Offsets,https://cgi.minorplanetcenter.net/cgi-bin/confirmeph2.cgi
20260716T150002Z,2026-07-16T15:00:02.317255Z,20260716T150002Z_batch01,ZTF10El,2026-07-16T14:00:00Z,00 48 56.7,12.236250000000002,-03 06 14,-3.103888888888889,103.5,23.3,2.23,90.1,Map/Offsets   !,https://cgi.minorplanetcenter.net/cgi-bin/confirmeph2.cgi
20260716T150002Z,2026-07-16T15:00:02.317255Z,20260716T150002Z_batch01,ZTF10El,2026-07-16T15:00:00Z,00 49 05.6,12.273333333333333,-03 06 14,-3.103888888888889,103.5,23.3,2.2,90.1,Map/Offsets   !,https://cgi.minorplanetcenter.net/cgi-bin/confirmeph2.cgi
20260716T150002Z,2026-07-16T15:00:02.317255Z,20260716T150002Z_batch01,ZTF10El,2026-07-16T16:00:00Z,00 49 14.4,12.31,-03 06 14,-3.103888888888889,103.5,23.3,2.16,90.1,Map/Offsets   !,https://cgi.minorplanetcenter.net/cgi-bin/confirmeph2.cgi
20260716T150002Z,2026-07-16T15:00:02.317255Z,20260716T150002Z_batch01,ZTF10El,2026-07-16T17:00:00Z,00 49 23.0,12.345833333333333,-03 06 14,-3.103888888888889,103.6,23.4,2.13,90.1,Map/Offsets   !,https://cgi.minorplanetcenter.net/cgi-bin/confirmeph2.cgi
20260716T150002Z,2026-07-16T15:00:02.317255Z,20260716T150002Z_batch01,ZTF10El,2026-07-16T18:00:00Z,00 49 31.4,12.380833333333333,-03 06 14,-3.103888888888889,103.6,23.4,2.1,90.1,Map/Offsets   !,https://cgi.minorplanetcenter.net/cgi-bin/confirmeph2.cgi
20260716T150002Z,2026-07-16T15:00:02.317255Z,20260716T150002Z_batch01,ZTF10El,2026-07-16T19:00:00Z,00 49 39.8,12.415833333333333,-03 06 15,-3.104166666666667,103.6,23.4,2.07,90.1,Map/Offsets   !,https://cgi.minorplanetcenter.net/cgi-bin/confirmeph2.cgi
20260716T150002Z,2026-07-16T15:00:02.317255Z,20260716T150002Z_batch01,ZTF10El,2026-07-16T20:00:00Z,00 49 48.0,12.45,-03 06 15,-3.104166666666667,103.6,23.4,2.03,90.1,Map/Offsets   !,https://cgi.minorplanetcenter.net/cgi-bin/confirmeph2.cgi
20260716T150002Z,2026-07-16T15:00:02.317255Z,20260716T150002Z_batch01,ZTF10El,2026-07-16T21:00:00Z,00 49 56.1,12.483749999999999,-03 06 15,-3.104166666666667,103.6,23.4,2.0,90.1,Map/Offsets   !,https://cgi.minorplanetcenter.net/cgi-bin/confirmeph2.cgi
20260716T150002Z,2026-07-16T15:00:02.317255Z,20260716T150002Z_batch01,ZTF10El,2026-07-16T22:00:00Z,00 50 04.0,12.516666666666666,-03 06 15,-3.104166666666667,103.6,23.4,1.97,90.2,Map/Offsets   !,https://cgi.minorplanetcenter.net/cgi-bin/confirmeph2.cgi
20260716T150002Z,2026-07-16T15:00:02.317255Z,20260716T150002Z_batch01,ZTF10El,2026-07-16T23:00:00Z,00 50 11.9,12.549583333333334,-03 06 16,-3.1044444444444443,103.6,23.4,1.94,90.2,Map/Offsets   !,https://cgi.minorplanetcenter.net/cgi-bin/confirmeph2.cgi
20260716T150002Z,2026-07-16T15:00:02.317255Z,20260716T150002Z_batch01,ZTF10El,2026-07-17T00:00:00Z,00 50 19.6,12.581666666666667,-03 06 16,-3.1044444444444443,103.6,23.5,1.91,90.2,Map/Offsets   !,https://cgi.minorplanetcenter.net/cgi-bin/confirmeph2.cgi
20260716T150002Z,2026-07-16T15:00:02.317255Z,20260716T150002Z_batch01,ZTF10El,2026-07-17T01:00:00Z,00 50 27.2,12.613333333333333,-03 06 17,-3.104722222222222,103.6,23.5,1.89,90.2,Map/Offsets   !,https://cgi.minorplanetcenter.net/cgi-bin/confirmeph2.cgi
20260716T150002Z,2026-07-16T15:00:02.317255Z,20260716T150002Z_batch01,ZTF10El,2026-07-17T02:00:00Z,00 50 34.7,12.644583333333333,-03 06 17,-3.104722222222222,103.6,23.5,1.86,90.2,Map/Offsets   !,https://cgi.minorplanetcenter.net/cgi-bin/confirmeph2.cgi
20260716T150002Z,2026-07-16T15:00:02.317255Z,20260716T150002Z_batch01,ZTF10El,2026-07-17T03:00:00Z,00 50 42.1,12.675416666666667,-03 06 17,-3.104722222222222,103.6,23.5,1.83,90.2,Map/Offsets   !,https://cgi.minorplanetcenter.net/cgi-bin/confirmeph2.cgi
20260716T150002Z,2026-07-16T15:00:02.317255Z,20260716T150002Z_batch01,ZTF10El,2026-07-17T04:00:00Z,00 50 49.4,12.705833333333333,-03 06 18,-3.105,103.7,23.5,1.8,90.2,Map/Offsets   !,https://cgi.minorplanetcenter.net/cgi-bin/confirmeph2.cgi
20260716T150002Z,2026-07-16T15:00:02.317255Z,20260716T150002Z_batch01,ZTF10El,2026-07-17T05:00:00Z,00 50 56.6,12.735833333333334,-03 06 18,-3.105,103.7,23.5,1.78,90.2,Map/Offsets   !,https://cgi.minorplanetcenter.net/cgi-bin/confirmeph2.cgi
20260716T150002Z,2026-07-16T15:00:02.317255Z,20260716T150002Z_batch01,ZTF10El,2026-07-17T06:00:00Z,00 51 03.6,12.765,-03 06 19,-3.105277777777778,103.7,23.5,1.75,90.3,Map/Offsets   !,https://cgi.minorplanetcenter.net/cgi-bin/confirmeph2.cgi
20260716T150002Z,2026-07-16T15:00:02.317255Z,20260716T150002Z_batch01,ZTF10El,2026-07-17T07:00:00Z,00 51 10.6,12.794166666666666,-03 06 19,-3.105277777777778,103.7,23.6,1.73,90.3,Map/Offsets   !,https://cgi.minorplanetcenter.net/cgi-bin/confirmeph2.cgi
20260716T150002Z,2026-07-16T15:00:02.317255Z,20260716T150002Z_batch01,ZTF10El,2026-07-17T08:00:00Z,00 51 17.5,12.822916666666666,-03 06 20,-3.1055555555555556,103.7,23.6,1.7,90.3,Map/Offsets   !,https://cgi.minorplanetcenter.net/cgi-bin/confirmeph2.cgi
20260716T150002Z,2026-07-16T15:00:02.317255Z,20260716T150002Z_batch01,ZTF10El,2026-07-17T09:00:00Z,00 51 24.3,12.85125,-03 06 20,-3.1055555555555556,103.7,23.6,1.68,90.3,Map/Offsets   !,https://cgi.minorplanetcenter.net/cgi-bin/confirmeph2.cgi
20260716T150002Z,2026-07-16T15:00:02.317255Z,20260716T150002Z_batch01,ZTF10El,2026-07-17T10:00:00Z,00 51 30.9,12.87875,-03 06 21,-3.1058333333333334,103.7,23.6,1.66,90.3,Map/Offsets   !,https://cgi.minorplanetcenter.net/cgi-bin/confirmeph2.cgi
20260716T150002Z,2026-07-16T15:00:02.317255Z,20260716T150002Z_batch01,ZTF10El,2026-07-17T11:00:00Z,00 51 37.5,12.90625,-03 06 21,-3.1058333333333334,103.7,23.6,1.63,90.3,Map/Offsets   !,https://cgi.minorplanetcenter.net/cgi-bin/confirmeph2.cgi
20260716T150002Z,2026-07-16T15:00:02.317255Z,20260716T150002Z_batch01,ZTF10El,2026-07-17T12:00:00Z,00 51 44.0,12.933333333333334,-03 06 22,-3.1061111111111113,103.8,23.6,1.61,90.3,Map/Offsets   !,https://cgi.minorplanetcenter.net/cgi-bin/confirmeph2.cgi
20260716T150002Z,2026-07-16T15:00:02.317255Z,20260716T150002Z_batch01,ZTF10El,2026-07-17T13:00:00Z,00 51 50.4,12.959999999999999,-03 06 22,-3.1061111111111113,103.8,23.6,1.59,90.4,Map/Offsets   !,https://cgi.minorplanetcenter.net/cgi-bin/confirmeph2.cgi
20260716T150002Z,2026-07-16T15:00:02.317255Z,20260716T150002Z_batch01,ZTF10El,2026-07-17T14:00:00Z,00 51 56.8,12.986666666666666,-03 06 23,-3.106388888888889,103.8,23.7,1.57,90.4,Map/Offsets   !,https://cgi.minorplanetcenter.net/cgi-bin/confirmeph2.cgi
20260716T150002Z,2026-07-16T15:00:02.317255Z,20260716T150002Z_batch01,ZTF10En,2026-07-16T14:00:00Z,09 55 11.6,148.79833333333332,-25 58 33,-25.97583333333333,57.3,29.2,0.12,314.8,Map/Offsets,https://cgi.minorplanetcenter.net/cgi-bin/confirmeph2.cgi
20260716T150002Z,2026-07-16T15:00:02.317255Z,20260716T150002Z_batch01,ZTF10En,2026-07-16T15:00:00Z,09 55 11.2,148.79666666666668,-25 58 28,-25.974444444444444,57.2,29.2,0.12,314.9,Map/Offsets,https://cgi.minorplanetcenter.net/cgi-bin/confirmeph2.cgi
20260716T150002Z,2026-07-16T15:00:02.317255Z,20260716T150002Z_batch01,ZTF10En,2026-07-16T16:00:00Z,09 55 10.8,148.795,-25 58 23,-25.973055555555554,57.2,29.2,0.12,315.0,Map/Offsets,https://cgi.minorplanetcenter.net/cgi-bin/confirmeph2.cgi
20260716T150002Z,2026-07-16T15:00:02.317255Z,20260716T150002Z_batch01,ZTF10En,2026-07-16T17:00:00Z,09 55 10.4,148.79333333333332,-25 58 18,-25.971666666666664,57.2,29.2,0.12,315.1,Map/Offsets,https://cgi.minorplanetcenter.net/cgi-bin/confirmeph2.cgi
20260716T150002Z,2026-07-16T15:00:02.317255Z,20260716T150002Z_batch01,ZTF10En,2026-07-16T18:00:00Z,09 55 10.1,148.79208333333332,-25 58 12,-25.97,57.1,29.3,0.12,315.3,Map/Offsets,https://cgi.minorplanetcenter.net/cgi-bin/confirmeph2.cgi
20260716T150002Z,2026-07-16T15:00:02.317255Z,20260716T150002Z_batch01,ZTF10En,2026-07-16T19:00:00Z,09 55 09.7,148.79041666666666,-25 58 07,-25.96861111111111,57.1,29.3,0.12,315.4,Map/Offsets,https://cgi.minorplanetcenter.net/cgi-bin/confirmeph2.cgi
20260716T150002Z,2026-07-16T15:00:02.317255Z,20260716T150002Z_batch01,ZTF10En,2026-07-16T20:00:00Z,09 55 09.3,148.78875,-25 58 02,-25.96722222222222,57.1,29.3,0.12,315.5,Map/Offsets,https://cgi.minorplanetcenter.net/cgi-bin/confirmeph2.cgi
20260716T150002Z,2026-07-16T15:00:02.317255Z,20260716T150002Z_batch01,ZTF10En,2026-07-16T21:00:00Z,09 55 08.9,148.78708333333333,-25 57 57,-25.965833333333332,57.0,29.3,0.12,315.6,Map/Offsets,https://cgi.minorplanetcenter.net/cgi-bin/confirmeph2.cgi
20260716T150002Z,2026-07-16T15:00:02.317255Z,20260716T150002Z_batch01,ZTF10En,2026-07-16T22:00:00Z,09 55 08.6,148.78583333333333,-25 57 52,-25.964444444444442,57.0,29.3,0.12,315.8,Map/Offsets,https://cgi.minorplanetcenter.net/cgi-bin/confirmeph2.cgi
20260716T150002Z,2026-07-16T15:00:02.317255Z,20260716T150002Z_batch01,ZTF10En,2026-07-16T23:00:00Z,09 55 08.2,148.78416666666666,-25 57 47,-25.963055555555556,57.0,29.3,0.12,315.9,Map/Offsets,https://cgi.minorplanetcenter.net/cgi-bin/confirmeph2.cgi
20260716T150002Z,2026-07-16T15:00:02.317255Z,20260716T150002Z_batch01,ZTF10En,2026-07-17T00:00:00Z,09 55 07.8,148.7825,-25 57 41,-25.961388888888887,57.0,29.3,0.12,316.0,Map/Offsets,https://cgi.minorplanetcenter.net/cgi-bin/confirmeph2.cgi
20260716T150002Z,2026-07-16T15:00:02.317255Z,20260716T150002Z_batch01,ZTF10En,2026-07-17T01:00:00Z,09 55 07.4,148.78083333333333,-25 57 36,-25.96,56.9,29.4,0.12,316.1,Map/Offsets,https://cgi.minorplanetcenter.net/cgi-bin/confirmeph2.cgi
20260716T150002Z,2026-07-16T15:00:02.317255Z,20260716T150002Z_batch01,ZTF10En,2026-07-17T02:00:00Z,09 55 07.0,148.77916666666664,-25 57 31,-25.95861111111111,56.9,29.4,0.12,316.2,Map/Offsets,https://cgi.minorplanetcenter.net/cgi-bin/confirmeph2.cgi
20260716T150002Z,2026-07-16T15:00:02.317255Z,20260716T150002Z_batch01,ZTF10En,2026-07-17T03:00:00Z,09 55 06.7,148.77791666666667,-25 57 25,-25.956944444444442,56.9,29.4,0.12,316.3,Map/Offsets,https://cgi.minorplanetcenter.net/cgi-bin/confirmeph2.cgi
20260716T150002Z,2026-07-16T15:00:02.317255Z,20260716T150002Z_batch01,ZTF10En,2026-07-17T04:00:00Z,09 55 06.3,148.77624999999998,-25 57 20,-25.955555555555556,56.8,29.4,0.12,316.4,Map/Offsets,https://cgi.minorplanetcenter.net/cgi-bin/confirmeph2.cgi
20260716T150002Z,2026-07-16T15:00:02.317255Z,20260716T150002Z_batch01,ZTF10En,2026-07-17T05:00:00Z,09 55 05.9,148.77458333333334,-25 57 15,-25.954166666666666,56.8,29.4,0.12,316.5,Map/Offsets,https://cgi.minorplanetcenter.net/cgi-bin/confirmeph2.cgi
20260716T150002Z,2026-07-16T15:00:02.317255Z,20260716T150002Z_batch01,ZTF10En,2026-07-17T06:00:00Z,09 55 05.5,148.77291666666665,-25 57 09,-25.9525,56.8,29.4,0.13,316.6,Map/Offsets,https://cgi.minorplanetcenter.net/cgi-bin/confirmeph2.cgi
20260716T150002Z,2026-07-16T15:00:02.317255Z,20260716T150002Z_batch01,ZTF10En,2026-07-17T07:00:00Z,09 55 05.1,148.77125,-25 57 04,-25.95111111111111,56.7,29.4,0.13,316.7,Map/Offsets,https://cgi.minorplanetcenter.net/cgi-bin/confirmeph2.cgi
20260716T150002Z,2026-07-16T15:00:02.317255Z,20260716T150002Z_batch01,ZTF10En,2026-07-17T08:00:00Z,09 55 04.8,148.76999999999998,-25 56 58,-25.949444444444445,56.7,29.5,0.13,316.9,Map/Offsets,https://cgi.minorplanetcenter.net/cgi-bin/confirmeph2.cgi
20260716T150002Z,2026-07-16T15:00:02.317255Z,20260716T150002Z_batch01,ZTF10En,2026-07-17T09:00:00Z,09 55 04.4,148.76833333333332,-25 56 53,-25.948055555555555,56.7,29.5,0.13,317.0,Map/Offsets,https://cgi.minorplanetcenter.net/cgi-bin/confirmeph2.cgi
20260716T150002Z,2026-07-16T15:00:02.317255Z,20260716T150002Z_batch01,ZTF10En,2026-07-17T10:00:00Z,09 55 04.0,148.76666666666665,-25 56 47,-25.94638888888889,56.7,29.5,0.13,317.0,Map/Offsets,https://cgi.minorplanetcenter.net/cgi-bin/confirmeph2.cgi
20260716T150002Z,2026-07-16T15:00:02.317255Z,20260716T150002Z_batch01,ZTF10En,2026-07-17T11:00:00Z,09 55 03.6,148.765,-25 56 41,-25.94472222222222,56.6,29.5,0.13,317.1,Map/Offsets,https://cgi.minorplanetcenter.net/cgi-bin/confirmeph2.cgi
20260716T150002Z,2026-07-16T15:00:02.317255Z,20260716T150002Z_batch01,ZTF10En,2026-07-17T12:00:00Z,09 55 03.2,148.76333333333332,-25 56 36,-25.943333333333335,56.6,29.5,0.13,317.2,Map/Offsets,https://cgi.minorplanetcenter.net/cgi-bin/confirmeph2.cgi
20260716T150002Z,2026-07-16T15:00:02.317255Z,20260716T150002Z_batch01,ZTF10En,2026-07-17T13:00:00Z,09 55 02.8,148.76166666666666,-25 56 30,-25.941666666666666,56.6,29.5,0.13,317.3,Map/Offsets,https://cgi.minorplanetcenter.net/cgi-bin/confirmeph2.cgi
20260716T150002Z,2026-07-16T15:00:02.317255Z,20260716T150002Z_batch01,ZTF10En,2026-07-17T14:00:00Z,09 55 02.4,148.76,-25 56 24,-25.94,56.5,29.5,0.13,317.4,Map/Offsets,https://cgi.minorplanetcenter.net/cgi-bin/confirmeph2.cgi
20260716T150002Z,2026-07-16T15:00:02.317255Z,20260716T150002Z_batch01,TF26G22,2026-07-16T14:00:00Z,07 45 07.7,116.28208333333333,-18 16 58,-18.282777777777778,39.6,29.4,0.47,47.8,Map/Offsets   Map/Offsets,https://cgi.minorplanetcenter.net/cgi-bin/confirmeph2.cgi
20260716T150002Z,2026-07-16T15:00:02.317255Z,20260716T150002Z_batch01,TF26G22,2026-07-16T15:00:00Z,07 45 09.2,116.28833333333333,-18 16 39,-18.2775,39.6,29.4,0.47,47.6,Map/Offsets   Map/Offsets,https://cgi.minorplanetcenter.net/cgi-bin/confirmeph2.cgi
20260716T150002Z,2026-07-16T15:00:02.317255Z,20260716T150002Z_batch01,TF26G22,2026-07-16T16:00:00Z,07 45 10.6,116.29416666666667,-18 16 21,-18.272499999999997,39.6,29.4,0.46,47.3,Map/Offsets   Map/Offsets,https://cgi.minorplanetcenter.net/cgi-bin/confirmeph2.cgi
20260716T150002Z,2026-07-16T15:00:02.317255Z,20260716T150002Z_batch01,TF26G22,2026-07-16T17:00:00Z,07 45 12.0,116.3,-18 16 02,-18.26722222222222,39.6,29.4,0.46,47.0,Map/Offsets   Map/Offsets,https://cgi.minorplanetcenter.net/cgi-bin/confirmeph2.cgi
20260716T150002Z,2026-07-16T15:00:02.317255Z,20260716T150002Z_batch01,TF26G22,2026-07-16T18:00:00Z,07 45 13.4,116.30583333333334,-18 15 43,-18.261944444444445,39.6,29.4,0.45,46.8,Map/Offsets   Map/Offsets,https://cgi.minorplanetcenter.net/cgi-bin/confirmeph2.cgi
20260716T150002Z,2026-07-16T15:00:02.317255Z,20260716T150002Z_batch01,TF26G22,2026-07-16T19:00:00Z,07 45 14.8,116.31166666666667,-18 15 24,-18.256666666666668,39.6,29.4,0.45,46.5,Map/Offsets   Map/Offsets,https://cgi.minorplanetcenter.net/cgi-bin/confirmeph2.cgi
20260716T150002Z,2026-07-16T15:00:02.317255Z,20260716T150002Z_batch01,TF26G22,2026-07-16T20:00:00Z,07 45 16.2,116.3175,-18 15 06,-18.251666666666665,39.6,29.4,0.44,46.3,Map/Offsets   Map/Offsets,https://cgi.minorplanetcenter.net/cgi-bin/confirmeph2.cgi
20260716T150002Z,2026-07-16T15:00:02.317255Z,20260716T150002Z_batch01,TF26G22,2026-07-16T21:00:00Z,07 45 17.5,116.32291666666667,-18 14 48,-18.246666666666666,39.6,29.4,0.44,46.0,Map/Offsets   Map/Offsets,https://cgi.minorplanetcenter.net/cgi-bin/confirmeph2.cgi
20260716T150002Z,2026-07-16T15:00:02.317255Z,20260716T150002Z_batch01,TF26G22,2026-07-16T22:00:00Z,07 45 18.9,116.32875,-18 14 29,-18.24138888888889,39.5,29.5,0.44,45.7,Map/Offsets   Map/Offsets,https://cgi.minorplanetcenter.net/cgi-bin/confirmeph2.cgi
20260716T150002Z,2026-07-16T15:00:02.317255Z,20260716T150002Z_batch01,TF26G22,2026-07-16T23:00:00Z,07 45 20.2,116.33416666666668,-18 14 11,-18.23638888888889,39.5,29.5,0.43,45.5,Map/Offsets   Map/Offsets,https://cgi.minorplanetcenter.net/cgi-bin/confirmeph2.cgi
20260716T150002Z,2026-07-16T15:00:02.317255Z,20260716T150002Z_batch01,TF26G22,2026-07-17T00:00:00Z,07 45 21.4,116.33916666666667,-18 13 53,-18.231388888888887,39.5,29.5,0.43,45.2,Map/Offsets   Map/Offsets,https://cgi.minorplanetcenter.net/cgi-bin/confirmeph2.cgi
20260716T150002Z,2026-07-16T15:00:02.317255Z,20260716T150002Z_batch01,TF26G22,2026-07-17T01:00:00Z,07 45 22.7,116.34458333333333,-18 13 35,-18.226388888888888,39.5,29.5,0.42,44.9,Map/Offsets   Map/Offsets,https://cgi.minorplanetcenter.net/cgi-bin/confirmeph2.cgi
20260716T150002Z,2026-07-16T15:00:02.317255Z,20260716T150002Z_batch01,TF26G22,2026-07-17T02:00:00Z,07 45 24.0,116.35000000000001,-18 13 17,-18.22138888888889,39.5,29.5,0.42,44.6,Map/Offsets   Map/Offsets,https://cgi.minorplanetcenter.net/cgi-bin/confirmeph2.cgi
20260716T150002Z,2026-07-16T15:00:02.317255Z,20260716T150002Z_batch01,TF26G22,2026-07-17T03:00:00Z,07 45 25.2,116.35499999999999,-18 12 59,-18.21638888888889,39.5,29.5,0.42,44.4,Map/Offsets   Map/Offsets,https://cgi.minorplanetcenter.net/cgi-bin/confirmeph2.cgi
20260716T150002Z,2026-07-16T15:00:02.317255Z,20260716T150002Z_batch01,TF26G22,2026-07-17T04:00:00Z,07 45 26.4,116.36,-18 12 41,-18.211388888888887,39.5,29.5,0.41,44.1,Map/Offsets   Map/Offsets,https://cgi.minorplanetcenter.net/cgi-bin/confirmeph2.cgi
20260716T150002Z,2026-07-16T15:00:02.317255Z,20260716T150002Z_batch01,TF26G22,2026-07-17T05:00:00Z,07 45 27.6,116.365,-18 12 24,-18.206666666666667,39.5,29.5,0.41,43.8,Map/Offsets   Map/Offsets,https://cgi.minorplanetcenter.net/cgi-bin/confirmeph2.cgi
20260716T150002Z,2026-07-16T15:00:02.317255Z,20260716T150002Z_batch01,TF26G22,2026-07-17T06:00:00Z,07 45 28.8,116.37,-18 12 06,-18.201666666666664,39.4,29.5,0.41,43.5,Map/Offsets   Map/Offsets,https://cgi.minorplanetcenter.net/cgi-bin/confirmeph2.cgi
20260716T150002Z,2026-07-16T15:00:02.317255Z,20260716T150002Z_batch01,TF26G22,2026-07-17T07:00:00Z,07 45 30.0,116.375,-18 11 48,-18.196666666666665,39.4,29.6,0.4,43.2,Map/Offsets   Map/Offsets,https://cgi.minorplanetcenter.net/cgi-bin/confirmeph2.cgi
20260716T150002Z,2026-07-16T15:00:02.317255Z,20260716T150002Z_batch01,TF26G22,2026-07-17T08:00:00Z,07 45 31.1,116.37958333333333,-18 11 31,-18.191944444444445,39.4,29.6,0.4,43.0,Map/Offsets   Map/Offsets,https://cgi.minorplanetcenter.net/cgi-bin/confirmeph2.cgi
20260716T150002Z,2026-07-16T15:00:02.317255Z,20260716T150002Z_batch01,TF26G22,2026-07-17T09:00:00Z,07 45 32.3,116.38458333333332,-18 11 13,-18.186944444444446,39.4,29.6,0.4,42.7,Map/Offsets   Map/Offsets,https://cgi.minorplanetcenter.net/cgi-bin/confirmeph2.cgi
20260716T150002Z,2026-07-16T15:00:02.317255Z,20260716T150002Z_batch01,TF26G22,2026-07-17T10:00:00Z,07 45 33.4,116.38916666666667,-18 10 56,-18.182222222222222,39.4,29.6,0.39,42.4,Map/Offsets   Map/Offsets,https://cgi.minorplanetcenter.net/cgi-bin/confirmeph2.cgi
20260716T150002Z,2026-07-16T15:00:02.317255Z,20260716T150002Z_batch01,TF26G22,2026-07-17T11:00:00Z,07 45 34.5,116.39375,-18 10 38,-18.177222222222223,39.4,29.6,0.39,42.1,Map/Offsets   Map/Offsets,https://cgi.minorplanetcenter.net/cgi-bin/confirmeph2.cgi
20260716T150002Z,2026-07-16T15:00:02.317255Z,20260716T150002Z_batch01,TF26G22,2026-07-17T12:00:00Z,07 45 35.6,116.39833333333333,-18 10 21,-18.1725,39.4,29.6,0.39,41.8,Map/Offsets   Map/Offsets,https://cgi.minorplanetcenter.net/cgi-bin/confirmeph2.cgi
20260716T150002Z,2026-07-16T15:00:02.317255Z,20260716T150002Z_batch01,TF26G22,2026-07-17T13:00:00Z,07 45 36.7,116.40291666666667,-18 10 04,-18.16777777777778,39.4,29.6,0.38,41.6,Map/Offsets   Map/Offsets,https://cgi.minorplanetcenter.net/cgi-bin/confirmeph2.cgi
20260716T150002Z,2026-07-16T15:00:02.317255Z,20260716T150002Z_batch01,TF26G22,2026-07-17T14:00:00Z,07 45 37.7,116.40708333333333,-18 09 47,-18.163055555555555,39.4,29.6,0.38,41.3,Map/Offsets   Map/Offsets,https://cgi.minorplanetcenter.net/cgi-bin/confirmeph2.cgi
20260716T150002Z,2026-07-16T15:00:02.317255Z,20260716T150002Z_batch01,ST26G01,2026-07-16T14:00:00Z,22 11 59.9,332.9995833333333,-62 29 27,-62.490833333333335,131.7,23.3,2.65,95.5,Map/Offsets,https://cgi.minorplanetcenter.net/cgi-bin/confirmeph2.cgi
20260716T150002Z,2026-07-16T15:00:02.317255Z,20260716T150002Z_batch01,ST26G01,2026-07-16T15:00:00Z,22 12 22.7,333.09458333333333,-62 29 42,-62.495,131.6,23.3,2.63,95.4,Map/Offsets,https://cgi.minorplanetcenter.net/cgi-bin/confirmeph2.cgi
20260716T150002Z,2026-07-16T15:00:02.317255Z,20260716T150002Z_batch01,ST26G01,2026-07-16T16:00:00Z,22 12 45.2,333.1883333333333,-62 29 57,-62.49916666666667,131.6,23.3,2.6,95.3,Map/Offsets,https://cgi.minorplanetcenter.net/cgi-bin/confirmeph2.cgi
20260716T150002Z,2026-07-16T15:00:02.317255Z,20260716T150002Z_batch01,ST26G01,2026-07-16T17:00:00Z,22 13 07.6,333.28166666666664,-62 30 11,-62.503055555555555,131.6,23.3,2.58,95.2,Map/Offsets,https://cgi.minorplanetcenter.net/cgi-bin/confirmeph2.cgi
20260716T150002Z,2026-07-16T15:00:02.317255Z,20260716T150002Z_batch01,ST26G01,2026-07-16T18:00:00Z,22 13 29.8,333.37416666666667,-62 30 25,-62.50694444444444,131.5,23.3,2.56,95.1,Map/Offsets,https://cgi.minorplanetcenter.net/cgi-bin/confirmeph2.cgi
20260716T150002Z,2026-07-16T15:00:02.317255Z,20260716T150002Z_batch01,ST26G01,2026-07-16T19:00:00Z,22 13 51.7,333.4654166666666,-62 30 38,-62.510555555555555,131.5,23.4,2.53,94.9,Map/Offsets,https://cgi.minorplanetcenter.net/cgi-bin/confirmeph2.cgi
20260716T150002Z,2026-07-16T15:00:02.317255Z,20260716T150002Z_batch01,ST26G01,2026-07-16T20:00:00Z,22 14 13.5,333.55625000000003,-62 30 51,-62.51416666666667,131.5,23.4,2.51,94.8,Map/Offsets,https://cgi.minorplanetcenter.net/cgi-bin/confirmeph2.cgi
20260716T150002Z,2026-07-16T15:00:02.317255Z,20260716T150002Z_batch01,ST26G01,2026-07-16T21:00:00Z,22 14 35.0,333.64583333333337,-62 31 03,-62.5175,131.5,23.4,2.49,94.7,Map/Offsets,https://cgi.minorplanetcenter.net/cgi-bin/confirmeph2.cgi
20260716T150002Z,2026-07-16T15:00:02.317255Z,20260716T150002Z_batch01,ST26G01,2026-07-16T22:00:00Z,22 14 56.4,333.735,-62 31 15,-62.520833333333336,131.4,23.4,2.46,94.6,Map/Offsets,https://cgi.minorplanetcenter.net/cgi-bin/confirmeph2.cgi
20260716T150002Z,2026-07-16T15:00:02.317255Z,20260716T150002Z_batch01,ST26G01,2026-07-16T23:00:00Z,22 15 17.6,333.8233333333333,-62 31 27,-62.524166666666666,131.4,23.4,2.44,94.5,Map/Offsets,https://cgi.minorplanetcenter.net/cgi-bin/confirmeph2.cgi
20260716T150002Z,2026-07-16T15:00:02.317255Z,20260716T150002Z_batch01,ST26G01,2026-07-17T00:00:00Z,22 15 38.6,333.9108333333333,-62 31 38,-62.52722222222222,131.4,23.4,2.42,94.4,Map/Offsets,https://cgi.minorplanetcenter.net/cgi-bin/confirmeph2.cgi
20260716T150002Z,2026-07-16T15:00:02.317255Z,20260716T150002Z_batch01,ST26G01,2026-07-17T01:00:00Z,22 15 59.5,333.9979166666667,-62 31 49,-62.530277777777776,131.4,23.4,2.4,94.3,Map/Offsets,https://cgi.minorplanetcenter.net/cgi-bin/confirmeph2.cgi
20260716T150002Z,2026-07-16T15:00:02.317255Z,20260716T150002Z_batch01,ST26G01,2026-07-17T02:00:00Z,22 16 20.1,334.08375,-62 32 00,-62.53333333333333,131.3,23.4,2.38,94.2,Map/Offsets,https://cgi.minorplanetcenter.net/cgi-bin/confirmeph2.cgi
20260716T150002Z,2026-07-16T15:00:02.317255Z,20260716T150002Z_batch01,ST26G01,2026-07-17T03:00:00Z,22 16 40.6,334.1691666666667,-62 32 10,-62.53611111111111,131.3,23.4,2.36,94.0,Map/Offsets,https://cgi.minorplanetcenter.net/cgi-bin/confirmeph2.cgi
20260716T150002Z,2026-07-16T15:00:02.317255Z,20260716T150002Z_batch01,ST26G01,2026-07-17T04:00:00Z,22 17 00.9,334.25375,-62 32 20,-62.538888888888884,131.3,23.4,2.33,93.9,Map/Offsets,https://cgi.minorplanetcenter.net/cgi-bin/confirmeph2.cgi
20260716T150002Z,2026-07-16T15:00:02.317255Z,20260716T150002Z_batch01,ST26G01,2026-07-17T05:00:00Z,22 17 21.0,334.3375,-62 32 29,-62.54138888888889,131.3,23.5,2.31,93.8,Map/Offsets,https://cgi.minorplanetcenter.net/cgi-bin/confirmeph2.cgi
20260716T150002Z,2026-07-16T15:00:02.317255Z,20260716T150002Z_batch01,ST26G01,2026-07-17T06:00:00Z,22 17 40.9,334.4204166666667,-62 32 38,-62.54388888888889,131.3,23.5,2.29,93.7,Map/Offsets,https://cgi.minorplanetcenter.net/cgi-bin/confirmeph2.cgi
20260716T150002Z,2026-07-16T15:00:02.317255Z,20260716T150002Z_batch01,ST26G01,2026-07-17T07:00:00Z,22 18 00.7,334.5029166666667,-62 32 47,-62.546388888888885,131.2,23.5,2.27,93.6,Map/Offsets,https://cgi.minorplanetcenter.net/cgi-bin/confirmeph2.cgi
20260716T150002Z,2026-07-16T15:00:02.317255Z,20260716T150002Z_batch01,ST26G01,2026-07-17T08:00:00Z,22 18 20.3,334.58458333333334,-62 32 55,-62.54861111111111,131.2,23.5,2.25,93.5,Map/Offsets,https://cgi.minorplanetcenter.net/cgi-bin/confirmeph2.cgi
20260716T150002Z,2026-07-16T15:00:02.317255Z,20260716T150002Z_batch01,ST26G01,2026-07-17T09:00:00Z,22 18 39.7,334.66541666666666,-62 33 04,-62.551111111111105,131.2,23.5,2.23,93.4,Map/Offsets,https://cgi.minorplanetcenter.net/cgi-bin/confirmeph2.cgi
20260716T150002Z,2026-07-16T15:00:02.317255Z,20260716T150002Z_batch01,ST26G01,2026-07-17T10:00:00Z,22 18 58.9,334.74541666666664,-62 33 11,-62.55305555555555,131.2,23.5,2.21,93.3,Map/Offsets,https://cgi.minorplanetcenter.net/cgi-bin/confirmeph2.cgi
20260716T150002Z,2026-07-16T15:00:02.317255Z,20260716T150002Z_batch01,ST26G01,2026-07-17T11:00:00Z,22 19 18.0,334.825,-62 33 19,-62.555277777777775,131.1,23.5,2.19,93.2,Map/Offsets,https://cgi.minorplanetcenter.net/cgi-bin/confirmeph2.cgi
20260716T150002Z,2026-07-16T15:00:02.317255Z,20260716T150002Z_batch01,ST26G01,2026-07-17T12:00:00Z,22 19 37.0,334.90416666666664,-62 33 26,-62.55722222222222,131.1,23.5,2.17,93.1,Map/Offsets,https://cgi.minorplanetcenter.net/cgi-bin/confirmeph2.cgi
20260716T150002Z,2026-07-16T15:00:02.317255Z,20260716T150002Z_batch01,ST26G01,2026-07-17T13:00:00Z,22 19 55.7,334.9820833333333,-62 33 33,-62.55916666666666,131.1,23.5,2.16,93.0,Map/Offsets,https://cgi.minorplanetcenter.net/cgi-bin/confirmeph2.cgi
20260716T150002Z,2026-07-16T15:00:02.317255Z,20260716T150002Z_batch01,ST26G01,2026-07-17T14:00:00Z,22 20 14.3,335.05958333333336,-62 33 39,-62.56083333333333,131.1,23.5,2.14,92.8,Map/Offsets,https://cgi.minorplanetcenter.net/cgi-bin/confirmeph2.cgi
