snapshot_id,fetched_at_utc,batch_id,designation,ephem_time_utc,ra_hms,ra_deg,dec_dms,dec_deg,elong_deg,v_mag,motion_arcsec_per_min,pa_deg,uncertainty,source_url
20260522T104236Z,2026-05-22T10:42:36.393909Z,20260522T104236Z_batch01,ST26EE8,2026-05-22T09:00:00Z,15 48 10.4,237.04333333333332,+09 46 51,9.780833333333334,149.8,19.2,26.67,293.4,Map/Offsets   !,https://cgi.minorplanetcenter.net/cgi-bin/confirmeph2.cgi
20260522T104236Z,2026-05-22T10:42:36.393909Z,20260522T104236Z_batch01,ST26EE8,2026-05-22T10:00:00Z,15 46 32.1,236.63375,+09 57 17,9.954722222222221,149.6,19.2,26.07,293.3,Map/Offsets   !,https://cgi.minorplanetcenter.net/cgi-bin/confirmeph2.cgi
20260522T104236Z,2026-05-22T10:42:36.393909Z,20260522T104236Z_batch01,ST26EE8,2026-05-22T11:00:00Z,15 44 55.9,236.23291666666665,+10 07 27,10.124166666666667,149.4,19.3,25.48,293.2,Map/Offsets   !,https://cgi.minorplanetcenter.net/cgi-bin/confirmeph2.cgi
20260522T104236Z,2026-05-22T10:42:36.393909Z,20260522T104236Z_batch01,ST26EE8,2026-05-22T12:00:00Z,15 43 21.8,235.84083333333334,+10 17 22,10.289444444444444,149.2,19.3,24.9,293.1,Map/Offsets   !,https://cgi.minorplanetcenter.net/cgi-bin/confirmeph2.cgi
20260522T104236Z,2026-05-22T10:42:36.393909Z,20260522T104236Z_batch01,ST26EE8,2026-05-22T13:00:00Z,15 41 49.7,235.45708333333332,+10 27 01,10.450277777777776,149.0,19.3,24.35,293.1,Map/Offsets   !,https://cgi.minorplanetcenter.net/cgi-bin/confirmeph2.cgi
20260522T104236Z,2026-05-22T10:42:36.393909Z,20260522T104236Z_batch01,ST26EE8,2026-05-22T14:00:00Z,15 40 19.5,235.08125,+10 36 26,10.607222222222221,148.8,19.4,23.81,293.0,Map/Offsets   !,https://cgi.minorplanetcenter.net/cgi-bin/confirmeph2.cgi
20260522T104236Z,2026-05-22T10:42:36.393909Z,20260522T104236Z_batch01,ST26EE8,2026-05-22T15:00:00Z,15 38 51.3,234.71375,+10 45 37,10.760277777777778,148.6,19.4,23.28,292.9,Map/Offsets   !,https://cgi.minorplanetcenter.net/cgi-bin/confirmeph2.cgi
20260522T104236Z,2026-05-22T10:42:36.393909Z,20260522T104236Z_batch01,ST26EE8,2026-05-22T16:00:00Z,15 37 24.9,234.35375000000002,+10 54 34,10.909444444444444,148.3,19.4,22.77,292.8,Map/Offsets   !,https://cgi.minorplanetcenter.net/cgi-bin/confirmeph2.cgi
20260522T104236Z,2026-05-22T10:42:36.393909Z,20260522T104236Z_batch01,ST26EE8,2026-05-22T17:00:00Z,15 36 00.3,234.00124999999997,+11 03 18,11.055000000000001,148.1,19.5,22.28,292.8,Map/Offsets   !,https://cgi.minorplanetcenter.net/cgi-bin/confirmeph2.cgi
20260522T104236Z,2026-05-22T10:42:36.393909Z,20260522T104236Z_batch01,ST26EE8,2026-05-22T18:00:00Z,15 34 37.4,233.65583333333333,+11 11 48,11.196666666666667,147.9,19.5,21.79,292.7,Map/Offsets   !,https://cgi.minorplanetcenter.net/cgi-bin/confirmeph2.cgi
20260522T104236Z,2026-05-22T10:42:36.393909Z,20260522T104236Z_batch01,ST26EE8,2026-05-22T19:00:00Z,15 33 16.3,233.3179166666667,+11 20 07,11.335277777777778,147.7,19.5,21.33,292.6,Map/Offsets   !,https://cgi.minorplanetcenter.net/cgi-bin/confirmeph2.cgi
20260522T104236Z,2026-05-22T10:42:36.393909Z,20260522T104236Z_batch01,ST26EE8,2026-05-22T20:00:00Z,15 31 56.8,232.98666666666668,+11 28 13,11.470277777777778,147.5,19.5,20.87,292.6,Map/Offsets   !,https://cgi.minorplanetcenter.net/cgi-bin/confirmeph2.cgi
20260522T104236Z,2026-05-22T10:42:36.393909Z,20260522T104236Z_batch01,ST26EE8,2026-05-22T21:00:00Z,15 30 38.9,232.66208333333333,+11 36 08,11.602222222222222,147.3,19.6,20.43,292.5,Map/Offsets   !,https://cgi.minorplanetcenter.net/cgi-bin/confirmeph2.cgi
20260522T104236Z,2026-05-22T10:42:36.393909Z,20260522T104236Z_batch01,ST26EE8,2026-05-22T22:00:00Z,15 29 22.6,232.34416666666664,+11 43 51,11.730833333333333,147.1,19.6,20.0,292.4,Map/Offsets   !,https://cgi.minorplanetcenter.net/cgi-bin/confirmeph2.cgi
20260522T104236Z,2026-05-22T10:42:36.393909Z,20260522T104236Z_batch01,ST26EE8,2026-05-22T23:00:00Z,15 28 07.8,232.03250000000003,+11 51 23,11.856388888888889,146.9,19.6,19.58,292.3,Map/Offsets   !,https://cgi.minorplanetcenter.net/cgi-bin/confirmeph2.cgi
20260522T104236Z,2026-05-22T10:42:36.393909Z,20260522T104236Z_batch01,ST26EE8,2026-05-23T00:00:00Z,15 26 54.5,231.72708333333333,+11 58 44,11.97888888888889,146.7,19.7,19.18,292.3,Map/Offsets   !,https://cgi.minorplanetcenter.net/cgi-bin/confirmeph2.cgi
20260522T104236Z,2026-05-22T10:42:36.393909Z,20260522T104236Z_batch01,ST26EE8,2026-05-23T01:00:00Z,15 25 42.7,231.42791666666665,+12 05 55,12.098611111111111,146.5,19.7,18.78,292.2,Map/Offsets   !,https://cgi.minorplanetcenter.net/cgi-bin/confirmeph2.cgi
20260522T104236Z,2026-05-22T10:42:36.393909Z,20260522T104236Z_batch01,ST26EE8,2026-05-23T02:00:00Z,15 24 32.2,231.1341666666667,+12 12 56,12.215555555555556,146.3,19.7,18.4,292.1,Map/Offsets   !,https://cgi.minorplanetcenter.net/cgi-bin/confirmeph2.cgi
20260522T104236Z,2026-05-22T10:42:36.393909Z,20260522T104236Z_batch01,ST26EE8,2026-05-23T03:00:00Z,15 23 23.2,230.84666666666666,+12 19 48,12.33,146.1,19.7,18.03,292.1,Map/Offsets   !,https://cgi.minorplanetcenter.net/cgi-bin/confirmeph2.cgi
20260522T104236Z,2026-05-22T10:42:36.393909Z,20260522T104236Z_batch01,ST26EE8,2026-05-23T04:00:00Z,15 22 15.4,230.5641666666667,+12 26 29,12.44138888888889,145.9,19.8,17.66,292.0,Map/Offsets   !,https://cgi.minorplanetcenter.net/cgi-bin/confirmeph2.cgi
20260522T104236Z,2026-05-22T10:42:36.393909Z,20260522T104236Z_batch01,ST26EE8,2026-05-23T05:00:00Z,15 21 09.0,230.2875,+12 33 02,12.550555555555556,145.7,19.8,17.31,291.9,Map/Offsets,https://cgi.minorplanetcenter.net/cgi-bin/confirmeph2.cgi
20260522T104236Z,2026-05-22T10:42:36.393909Z,20260522T104236Z_batch01,ST26EE8,2026-05-23T06:00:00Z,15 20 03.8,230.01583333333335,+12 39 26,12.657222222222222,145.5,19.8,16.97,291.9,Map/Offsets,https://cgi.minorplanetcenter.net/cgi-bin/confirmeph2.cgi
20260522T104236Z,2026-05-22T10:42:36.393909Z,20260522T104236Z_batch01,ST26EE8,2026-05-23T07:00:00Z,15 18 59.9,229.74958333333333,+12 45 41,12.761388888888888,145.3,19.9,16.63,291.8,Map/Offsets,https://cgi.minorplanetcenter.net/cgi-bin/confirmeph2.cgi
20260522T104236Z,2026-05-22T10:42:36.393909Z,20260522T104236Z_batch01,ST26EE8,2026-05-23T08:00:00Z,15 17 57.2,229.48833333333332,+12 51 48,12.863333333333333,145.1,19.9,16.31,291.8,Map/Offsets,https://cgi.minorplanetcenter.net/cgi-bin/confirmeph2.cgi
20260522T104236Z,2026-05-22T10:42:36.393909Z,20260522T104236Z_batch01,ST26EE8,2026-05-23T09:00:00Z,15 16 55.6,229.23166666666668,+12 57 46,12.962777777777777,144.9,19.9,15.99,291.7,Map/Offsets,https://cgi.minorplanetcenter.net/cgi-bin/confirmeph2.cgi
20260522T104236Z,2026-05-22T10:42:36.393909Z,20260522T104236Z_batch01,MKp7968,2026-05-22T09:00:00Z,14 07 27.5,211.86458333333334,+05 08 17,5.138055555555556,143.3,21.7,1.65,350.7,Map/Offsets,https://cgi.minorplanetcenter.net/cgi-bin/confirmeph2.cgi
20260522T104236Z,2026-05-22T10:42:36.393909Z,20260522T104236Z_batch01,MKp7968,2026-05-22T10:00:00Z,14 07 26.4,211.86,+05 09 55,5.165277777777778,143.2,21.7,1.65,350.7,Map/Offsets,https://cgi.minorplanetcenter.net/cgi-bin/confirmeph2.cgi
20260522T104236Z,2026-05-22T10:42:36.393909Z,20260522T104236Z_batch01,MKp7968,2026-05-22T11:00:00Z,14 07 25.3,211.85541666666666,+05 11 33,5.1925,143.2,21.7,1.65,350.8,Map/Offsets,https://cgi.minorplanetcenter.net/cgi-bin/confirmeph2.cgi
20260522T104236Z,2026-05-22T10:42:36.393909Z,20260522T104236Z_batch01,MKp7968,2026-05-22T12:00:00Z,14 07 24.3,211.85125000000002,+05 13 11,5.219722222222222,143.1,21.7,1.65,350.8,Map/Offsets,https://cgi.minorplanetcenter.net/cgi-bin/confirmeph2.cgi
20260522T104236Z,2026-05-22T10:42:36.393909Z,20260522T104236Z_batch01,MKp7968,2026-05-22T13:00:00Z,14 07 23.2,211.84666666666666,+05 14 49,5.246944444444445,143.0,21.7,1.65,350.8,Map/Offsets,https://cgi.minorplanetcenter.net/cgi-bin/confirmeph2.cgi
20260522T104236Z,2026-05-22T10:42:36.393909Z,20260522T104236Z_batch01,MKp7968,2026-05-22T14:00:00Z,14 07 22.2,211.8425,+05 16 27,5.274166666666667,143.0,21.7,1.65,350.9,Map/Offsets,https://cgi.minorplanetcenter.net/cgi-bin/confirmeph2.cgi
20260522T104236Z,2026-05-22T10:42:36.393909Z,20260522T104236Z_batch01,MKp7968,2026-05-22T15:00:00Z,14 07 21.1,211.83791666666667,+05 18 05,5.301388888888889,142.9,21.7,1.65,350.9,Map/Offsets,https://cgi.minorplanetcenter.net/cgi-bin/confirmeph2.cgi
20260522T104236Z,2026-05-22T10:42:36.393909Z,20260522T104236Z_batch01,MKp7968,2026-05-22T16:00:00Z,14 07 20.1,211.83375,+05 19 43,5.328611111111111,142.9,21.7,1.66,350.9,Map/Offsets,https://cgi.minorplanetcenter.net/cgi-bin/confirmeph2.cgi
20260522T104236Z,2026-05-22T10:42:36.393909Z,20260522T104236Z_batch01,MKp7968,2026-05-22T17:00:00Z,14 07 19.0,211.82916666666668,+05 21 21,5.355833333333333,142.8,21.7,1.66,351.0,Map/Offsets,https://cgi.minorplanetcenter.net/cgi-bin/confirmeph2.cgi
20260522T104236Z,2026-05-22T10:42:36.393909Z,20260522T104236Z_batch01,MKp7968,2026-05-22T18:00:00Z,14 07 18.0,211.82500000000002,+05 22 59,5.383055555555555,142.8,21.6,1.66,351.0,Map/Offsets,https://cgi.minorplanetcenter.net/cgi-bin/confirmeph2.cgi
20260522T104236Z,2026-05-22T10:42:36.393909Z,20260522T104236Z_batch01,MKp7968,2026-05-22T19:00:00Z,14 07 16.9,211.8204166666667,+05 24 37,5.410277777777778,142.7,21.6,1.66,351.1,Map/Offsets,https://cgi.minorplanetcenter.net/cgi-bin/confirmeph2.cgi
20260522T104236Z,2026-05-22T10:42:36.393909Z,20260522T104236Z_batch01,MKp7968,2026-05-22T20:00:00Z,14 07 15.9,211.81625,+05 26 15,5.4375,142.6,21.6,1.66,351.1,Map/Offsets,https://cgi.minorplanetcenter.net/cgi-bin/confirmeph2.cgi
20260522T104236Z,2026-05-22T10:42:36.393909Z,20260522T104236Z_batch01,MKp7968,2026-05-22T21:00:00Z,14 07 14.9,211.81208333333333,+05 27 54,5.465,142.6,21.6,1.66,351.1,Map/Offsets,https://cgi.minorplanetcenter.net/cgi-bin/confirmeph2.cgi
20260522T104236Z,2026-05-22T10:42:36.393909Z,20260522T104236Z_batch01,MKp7968,2026-05-22T22:00:00Z,14 07 13.9,211.8079166666667,+05 29 32,5.492222222222222,142.5,21.6,1.66,351.2,Map/Offsets,https://cgi.minorplanetcenter.net/cgi-bin/confirmeph2.cgi
20260522T104236Z,2026-05-22T10:42:36.393909Z,20260522T104236Z_batch01,MKp7968,2026-05-22T23:00:00Z,14 07 12.8,211.80333333333334,+05 31 10,5.519444444444445,142.5,21.6,1.66,351.2,Map/Offsets,https://cgi.minorplanetcenter.net/cgi-bin/confirmeph2.cgi
20260522T104236Z,2026-05-22T10:42:36.393909Z,20260522T104236Z_batch01,MKp7968,2026-05-23T00:00:00Z,14 07 11.8,211.79916666666665,+05 32 49,5.546944444444445,142.4,21.6,1.66,351.3,Map/Offsets,https://cgi.minorplanetcenter.net/cgi-bin/confirmeph2.cgi
20260522T104236Z,2026-05-22T10:42:36.393909Z,20260522T104236Z_batch01,MKp7968,2026-05-23T01:00:00Z,14 07 10.8,211.79500000000002,+05 34 27,5.574166666666667,142.4,21.6,1.66,351.3,Map/Offsets,https://cgi.minorplanetcenter.net/cgi-bin/confirmeph2.cgi
20260522T104236Z,2026-05-22T10:42:36.393909Z,20260522T104236Z_batch01,MKp7968,2026-05-23T02:00:00Z,14 07 09.8,211.79083333333332,+05 36 06,5.601666666666667,142.3,21.6,1.66,351.3,Map/Offsets,https://cgi.minorplanetcenter.net/cgi-bin/confirmeph2.cgi
20260522T104236Z,2026-05-22T10:42:36.393909Z,20260522T104236Z_batch01,MKp7968,2026-05-23T03:00:00Z,14 07 08.8,211.78666666666666,+05 37 44,5.6288888888888895,142.2,21.6,1.66,351.4,Map/Offsets,https://cgi.minorplanetcenter.net/cgi-bin/confirmeph2.cgi
20260522T104236Z,2026-05-22T10:42:36.393909Z,20260522T104236Z_batch01,MKp7968,2026-05-23T04:00:00Z,14 07 07.8,211.78250000000003,+05 39 23,5.656388888888889,142.2,21.6,1.66,351.4,Map/Offsets,https://cgi.minorplanetcenter.net/cgi-bin/confirmeph2.cgi
20260522T104236Z,2026-05-22T10:42:36.393909Z,20260522T104236Z_batch01,MKp7968,2026-05-23T05:00:00Z,14 07 06.8,211.77833333333334,+05 41 02,5.683888888888889,142.1,21.6,1.66,351.4,Map/Offsets,https://cgi.minorplanetcenter.net/cgi-bin/confirmeph2.cgi
20260522T104236Z,2026-05-22T10:42:36.393909Z,20260522T104236Z_batch01,MKp7968,2026-05-23T06:00:00Z,14 07 05.8,211.77416666666667,+05 42 40,5.711111111111111,142.1,21.6,1.66,351.5,Map/Offsets,https://cgi.minorplanetcenter.net/cgi-bin/confirmeph2.cgi
20260522T104236Z,2026-05-22T10:42:36.393909Z,20260522T104236Z_batch01,MKp7968,2026-05-23T07:00:00Z,14 07 04.8,211.77,+05 44 19,5.738611111111111,142.0,21.6,1.66,351.5,Map/Offsets,https://cgi.minorplanetcenter.net/cgi-bin/confirmeph2.cgi
20260522T104236Z,2026-05-22T10:42:36.393909Z,20260522T104236Z_batch01,MKp7968,2026-05-23T08:00:00Z,14 07 03.8,211.76583333333335,+05 45 58,5.766111111111111,142.0,21.6,1.66,351.6,Map/Offsets,https://cgi.minorplanetcenter.net/cgi-bin/confirmeph2.cgi
20260522T104236Z,2026-05-22T10:42:36.393909Z,20260522T104236Z_batch01,MKp7968,2026-05-23T09:00:00Z,14 07 02.9,211.76208333333332,+05 47 37,5.793611111111111,141.9,21.6,1.67,351.6,Map/Offsets,https://cgi.minorplanetcenter.net/cgi-bin/confirmeph2.cgi
20260522T104236Z,2026-05-22T10:42:36.393909Z,20260522T104236Z_batch01,C46CH71,2026-05-22T09:00:00Z,15 10 36.0,227.64999999999998,+28 41 15,28.6875,129.8,19.5,28.14,177.7,Map/Offsets,https://cgi.minorplanetcenter.net/cgi-bin/confirmeph2.cgi
20260522T104236Z,2026-05-22T10:42:36.393909Z,20260522T104236Z_batch01,C46CH71,2026-05-22T10:00:00Z,15 10 41.0,227.67083333333332,+28 13 19,28.221944444444443,130.2,19.5,27.77,177.7,Map/Offsets,https://cgi.minorplanetcenter.net/cgi-bin/confirmeph2.cgi
20260522T104236Z,2026-05-22T10:42:36.393909Z,20260522T104236Z_batch01,C46CH71,2026-05-22T11:00:00Z,15 10 45.9,227.69125,+27 45 45,27.7625,130.7,19.5,27.4,177.8,Map/Offsets,https://cgi.minorplanetcenter.net/cgi-bin/confirmeph2.cgi
20260522T104236Z,2026-05-22T10:42:36.393909Z,20260522T104236Z_batch01,C46CH71,2026-05-22T12:00:00Z,15 10 50.7,227.71125,+27 18 33,27.309166666666666,131.1,19.6,27.04,177.8,Map/Offsets,https://cgi.minorplanetcenter.net/cgi-bin/confirmeph2.cgi
20260522T104236Z,2026-05-22T10:42:36.393909Z,20260522T104236Z_batch01,C46CH71,2026-05-22T13:00:00Z,15 10 55.4,227.73083333333332,+26 51 43,26.861944444444447,131.5,19.6,26.68,177.8,Map/Offsets,https://cgi.minorplanetcenter.net/cgi-bin/confirmeph2.cgi
20260522T104236Z,2026-05-22T10:42:36.393909Z,20260522T104236Z_batch01,C46CH71,2026-05-22T14:00:00Z,15 11 00.0,227.75,+26 25 14,26.420555555555556,131.9,19.6,26.32,177.8,Map/Offsets,https://cgi.minorplanetcenter.net/cgi-bin/confirmeph2.cgi
20260522T104236Z,2026-05-22T10:42:36.393909Z,20260522T104236Z_batch01,C46CH71,2026-05-22T15:00:00Z,15 11 04.5,227.76875,+25 59 07,25.985277777777778,132.3,19.6,25.97,177.8,Map/Offsets,https://cgi.minorplanetcenter.net/cgi-bin/confirmeph2.cgi
20260522T104236Z,2026-05-22T10:42:36.393909Z,20260522T104236Z_batch01,C46CH71,2026-05-22T16:00:00Z,15 11 08.9,227.78708333333333,+25 33 20,25.555555555555557,132.8,19.6,25.62,177.8,Map/Offsets,https://cgi.minorplanetcenter.net/cgi-bin/confirmeph2.cgi
20260522T104236Z,2026-05-22T10:42:36.393909Z,20260522T104236Z_batch01,C46CH71,2026-05-22T17:00:00Z,15 11 13.3,227.80541666666667,+25 07 54,25.131666666666668,133.1,19.6,25.28,177.8,Map/Offsets,https://cgi.minorplanetcenter.net/cgi-bin/confirmeph2.cgi
20260522T104236Z,2026-05-22T10:42:36.393909Z,20260522T104236Z_batch01,C46CH71,2026-05-22T18:00:00Z,15 11 17.5,227.82291666666669,+24 42 48,24.71333333333333,133.5,19.6,24.94,177.8,Map/Offsets,https://cgi.minorplanetcenter.net/cgi-bin/confirmeph2.cgi
20260522T104236Z,2026-05-22T10:42:36.393909Z,20260522T104236Z_batch01,C46CH71,2026-05-22T19:00:00Z,15 11 21.7,227.84041666666667,+24 18 03,24.300833333333333,133.9,19.6,24.61,177.8,Map/Offsets,https://cgi.minorplanetcenter.net/cgi-bin/confirmeph2.cgi
20260522T104236Z,2026-05-22T10:42:36.393909Z,20260522T104236Z_batch01,C46CH71,2026-05-22T20:00:00Z,15 11 25.8,227.85750000000002,+23 53 37,23.89361111111111,134.3,19.6,24.28,177.8,Map/Offsets,https://cgi.minorplanetcenter.net/cgi-bin/confirmeph2.cgi
20260522T104236Z,2026-05-22T10:42:36.393909Z,20260522T104236Z_batch01,C46CH71,2026-05-22T21:00:00Z,15 11 29.8,227.87416666666667,+23 29 31,23.491944444444446,134.7,19.6,23.95,177.8,Map/Offsets,https://cgi.minorplanetcenter.net/cgi-bin/confirmeph2.cgi
20260522T104236Z,2026-05-22T10:42:36.393909Z,20260522T104236Z_batch01,C46CH71,2026-05-22T22:00:00Z,15 11 33.7,227.89041666666668,+23 05 45,23.09583333333333,135.0,19.6,23.63,177.8,Map/Offsets,https://cgi.minorplanetcenter.net/cgi-bin/confirmeph2.cgi
20260522T104236Z,2026-05-22T10:42:36.393909Z,20260522T104236Z_batch01,C46CH71,2026-05-22T23:00:00Z,15 11 37.6,227.90666666666667,+22 42 18,22.705,135.4,19.6,23.31,177.8,Map/Offsets,https://cgi.minorplanetcenter.net/cgi-bin/confirmeph2.cgi
20260522T104236Z,2026-05-22T10:42:36.393909Z,20260522T104236Z_batch01,C46CH71,2026-05-23T00:00:00Z,15 11 41.4,227.9225,+22 19 09,22.319166666666668,135.8,19.6,23.0,177.8,Map/Offsets,https://cgi.minorplanetcenter.net/cgi-bin/confirmeph2.cgi
20260522T104236Z,2026-05-22T10:42:36.393909Z,20260522T104236Z_batch01,C46CH71,2026-05-23T01:00:00Z,15 11 45.1,227.9379166666667,+21 56 20,21.93888888888889,136.1,19.6,22.69,177.8,Map/Offsets,https://cgi.minorplanetcenter.net/cgi-bin/confirmeph2.cgi
20260522T104236Z,2026-05-22T10:42:36.393909Z,20260522T104236Z_batch01,C46CH71,2026-05-23T02:00:00Z,15 11 48.8,227.95333333333335,+21 33 48,21.563333333333333,136.5,19.6,22.39,177.8,Map/Offsets,https://cgi.minorplanetcenter.net/cgi-bin/confirmeph2.cgi
20260522T104236Z,2026-05-22T10:42:36.393909Z,20260522T104236Z_batch01,C46CH71,2026-05-23T03:00:00Z,15 11 52.4,227.96833333333333,+21 11 35,21.193055555555556,136.8,19.6,22.09,177.8,Map/Offsets,https://cgi.minorplanetcenter.net/cgi-bin/confirmeph2.cgi
20260522T104236Z,2026-05-22T10:42:36.393909Z,20260522T104236Z_batch01,C46CH71,2026-05-23T04:00:00Z,15 11 55.9,227.98291666666665,+20 49 39,20.8275,137.1,19.6,21.79,177.8,Map/Offsets,https://cgi.minorplanetcenter.net/cgi-bin/confirmeph2.cgi
20260522T104236Z,2026-05-22T10:42:36.393909Z,20260522T104236Z_batch01,C46CH71,2026-05-23T05:00:00Z,15 11 59.4,227.9975,+20 28 02,20.46722222222222,137.5,19.6,21.5,177.9,Map/Offsets,https://cgi.minorplanetcenter.net/cgi-bin/confirmeph2.cgi
20260522T104236Z,2026-05-22T10:42:36.393909Z,20260522T104236Z_batch01,C46CH71,2026-05-23T06:00:00Z,15 12 02.8,228.01166666666666,+20 06 41,20.11138888888889,137.8,19.7,21.21,177.9,Map/Offsets,https://cgi.minorplanetcenter.net/cgi-bin/confirmeph2.cgi
20260522T104236Z,2026-05-22T10:42:36.393909Z,20260522T104236Z_batch01,C46CH71,2026-05-23T07:00:00Z,15 12 06.1,228.02541666666664,+19 45 38,19.760555555555555,138.1,19.7,20.93,177.9,Map/Offsets,https://cgi.minorplanetcenter.net/cgi-bin/confirmeph2.cgi
20260522T104236Z,2026-05-22T10:42:36.393909Z,20260522T104236Z_batch01,C46CH71,2026-05-23T08:00:00Z,15 12 09.4,228.03916666666666,+19 24 51,19.414166666666667,138.4,19.7,20.65,177.9,Map/Offsets,https://cgi.minorplanetcenter.net/cgi-bin/confirmeph2.cgi
20260522T104236Z,2026-05-22T10:42:36.393909Z,20260522T104236Z_batch01,C46CH71,2026-05-23T09:00:00Z,15 12 12.7,228.05291666666668,+19 04 22,19.072777777777777,138.8,19.7,20.37,177.9,Map/Offsets,https://cgi.minorplanetcenter.net/cgi-bin/confirmeph2.cgi
20260522T104236Z,2026-05-22T10:42:36.393909Z,20260522T104236Z_batch01,C46CH41,2026-05-22T09:00:00Z,15 29 26.9,232.36208333333332,+20 38 04,20.634444444444444,138.5,19.8,27.16,140.1,Map/Offsets   !,https://cgi.minorplanetcenter.net/cgi-bin/confirmeph2.cgi
20260522T104236Z,2026-05-22T10:42:36.393909Z,20260522T104236Z_batch01,C46CH41,2026-05-22T10:00:00Z,15 30 41.0,232.67083333333332,+20 17 14,20.287222222222223,138.9,19.8,27.08,140.3,Map/Offsets   !,https://cgi.minorplanetcenter.net/cgi-bin/confirmeph2.cgi
20260522T104236Z,2026-05-22T10:42:36.393909Z,20260522T104236Z_batch01,C46CH41,2026-05-22T11:00:00Z,15 31 54.6,232.97750000000002,+19 56 26,19.940555555555555,139.3,19.8,27.0,140.4,Map/Offsets   !,https://cgi.minorplanetcenter.net/cgi-bin/confirmeph2.cgi
20260522T104236Z,2026-05-22T10:42:36.393909Z,20260522T104236Z_batch01,C46CH41,2026-05-22T12:00:00Z,15 33 07.6,233.28166666666667,+19 35 39,19.594166666666666,139.7,19.8,26.92,140.5,Map/Offsets   !,https://cgi.minorplanetcenter.net/cgi-bin/confirmeph2.cgi
20260522T104236Z,2026-05-22T10:42:36.393909Z,20260522T104236Z_batch01,C46CH41,2026-05-22T13:00:00Z,15 34 20.1,233.58375,+19 14 54,19.248333333333335,140.0,19.8,26.83,140.6,Map/Offsets   !,https://cgi.minorplanetcenter.net/cgi-bin/confirmeph2.cgi
20260522T104236Z,2026-05-22T10:42:36.393909Z,20260522T104236Z_batch01,C46CH41,2026-05-22T14:00:00Z,15 35 32.0,233.88333333333333,+18 54 12,18.903333333333332,140.4,19.8,26.74,140.7,Map/Offsets   !,https://cgi.minorplanetcenter.net/cgi-bin/confirmeph2.cgi
20260522T104236Z,2026-05-22T10:42:36.393909Z,20260522T104236Z_batch01,C46CH41,2026-05-22T15:00:00Z,15 36 43.4,234.18083333333334,+18 33 32,18.55888888888889,140.8,19.8,26.65,140.8,Map/Offsets   !,https://cgi.minorplanetcenter.net/cgi-bin/confirmeph2.cgi
20260522T104236Z,2026-05-22T10:42:36.393909Z,20260522T104236Z_batch01,C46CH41,2026-05-22T16:00:00Z,15 37 54.2,234.47583333333336,+18 12 55,18.21527777777778,141.1,19.8,26.55,140.9,Map/Offsets   !,https://cgi.minorplanetcenter.net/cgi-bin/confirmeph2.cgi
20260522T104236Z,2026-05-22T10:42:36.393909Z,20260522T104236Z_batch01,C46CH41,2026-05-22T17:00:00Z,15 39 04.5,234.76875,+17 52 21,17.8725,141.5,19.8,26.46,141.0,Map/Offsets   !,https://cgi.minorplanetcenter.net/cgi-bin/confirmeph2.cgi
20260522T104236Z,2026-05-22T10:42:36.393909Z,20260522T104236Z_batch01,C46CH41,2026-05-22T18:00:00Z,15 40 14.3,235.0595833333333,+17 31 50,17.530555555555555,141.8,19.8,26.36,141.0,Map/Offsets   !,https://cgi.minorplanetcenter.net/cgi-bin/confirmeph2.cgi
20260522T104236Z,2026-05-22T10:42:36.393909Z,20260522T104236Z_batch01,C46CH41,2026-05-22T19:00:00Z,15 41 23.5,235.3479166666667,+17 11 21,17.189166666666665,142.2,19.7,26.25,141.1,Map/Offsets   !,https://cgi.minorplanetcenter.net/cgi-bin/confirmeph2.cgi
20260522T104236Z,2026-05-22T10:42:36.393909Z,20260522T104236Z_batch01,C46CH41,2026-05-22T20:00:00Z,15 42 32.2,235.63416666666666,+16 50 56,16.848888888888887,142.5,19.7,26.15,141.2,Map/Offsets   !,https://cgi.minorplanetcenter.net/cgi-bin/confirmeph2.cgi
20260522T104236Z,2026-05-22T10:42:36.393909Z,20260522T104236Z_batch01,C46CH41,2026-05-22T21:00:00Z,15 43 40.4,235.91833333333335,+16 30 35,16.509722222222223,142.9,19.7,26.04,141.3,Map/Offsets   !,https://cgi.minorplanetcenter.net/cgi-bin/confirmeph2.cgi
20260522T104236Z,2026-05-22T10:42:36.393909Z,20260522T104236Z_batch01,C46CH41,2026-05-22T22:00:00Z,15 44 48.1,236.20041666666665,+16 10 17,16.17138888888889,143.3,19.7,25.93,141.4,Map/Offsets   !,https://cgi.minorplanetcenter.net/cgi-bin/confirmeph2.cgi
20260522T104236Z,2026-05-22T10:42:36.393909Z,20260522T104236Z_batch01,C46CH41,2026-05-22T23:00:00Z,15 45 55.2,236.48,+15 50 03,15.834166666666667,143.6,19.7,25.82,141.5,Map/Offsets   !,https://cgi.minorplanetcenter.net/cgi-bin/confirmeph2.cgi
20260522T104236Z,2026-05-22T10:42:36.393909Z,20260522T104236Z_batch01,C46CH41,2026-05-23T00:00:00Z,15 47 01.8,236.7575,+15 29 53,15.498055555555554,143.9,19.7,25.71,141.5,Map/Offsets   !,https://cgi.minorplanetcenter.net/cgi-bin/confirmeph2.cgi
20260522T104236Z,2026-05-22T10:42:36.393909Z,20260522T104236Z_batch01,C46CH41,2026-05-23T01:00:00Z,15 48 07.9,237.0329166666667,+15 09 48,15.163333333333334,144.3,19.7,25.59,141.6,Map/Offsets   !,https://cgi.minorplanetcenter.net/cgi-bin/confirmeph2.cgi
20260522T104236Z,2026-05-22T10:42:36.393909Z,20260522T104236Z_batch01,C46CH41,2026-05-23T02:00:00Z,15 49 13.5,237.30625,+14 49 46,14.829444444444444,144.6,19.7,25.47,141.7,Map/Offsets   !,https://cgi.minorplanetcenter.net/cgi-bin/confirmeph2.cgi
20260522T104236Z,2026-05-22T10:42:36.393909Z,20260522T104236Z_batch01,C46CH41,2026-05-23T03:00:00Z,15 50 18.6,237.5775,+14 29 49,14.496944444444443,145.0,19.7,25.35,141.8,Map/Offsets   !,https://cgi.minorplanetcenter.net/cgi-bin/confirmeph2.cgi
20260522T104236Z,2026-05-22T10:42:36.393909Z,20260522T104236Z_batch01,C46CH41,2026-05-23T04:00:00Z,15 51 23.2,237.84666666666666,+14 09 56,14.165555555555557,145.3,19.7,25.23,141.8,Map/Offsets   !,https://cgi.minorplanetcenter.net/cgi-bin/confirmeph2.cgi
20260522T104236Z,2026-05-22T10:42:36.393909Z,20260522T104236Z_batch01,C46CH41,2026-05-23T05:00:00Z,15 52 27.2,238.11333333333334,+13 50 08,13.835555555555556,145.6,19.7,25.11,141.9,Map/Offsets   !,https://cgi.minorplanetcenter.net/cgi-bin/confirmeph2.cgi
20260522T104236Z,2026-05-22T10:42:36.393909Z,20260522T104236Z_batch01,C46CH41,2026-05-23T06:00:00Z,15 53 30.8,238.3783333333333,+13 30 25,13.506944444444445,146.0,19.7,24.98,142.0,Map/Offsets   !,https://cgi.minorplanetcenter.net/cgi-bin/confirmeph2.cgi
20260522T104236Z,2026-05-22T10:42:36.393909Z,20260522T104236Z_batch01,C46CH41,2026-05-23T07:00:00Z,15 54 33.9,238.64125,+13 10 47,13.179722222222221,146.3,19.7,24.85,142.0,Map/Offsets   !,https://cgi.minorplanetcenter.net/cgi-bin/confirmeph2.cgi
20260522T104236Z,2026-05-22T10:42:36.393909Z,20260522T104236Z_batch01,C46CH41,2026-05-23T08:00:00Z,15 55 36.4,238.90166666666667,+12 51 14,12.85388888888889,146.6,19.7,24.72,142.1,Map/Offsets   !,https://cgi.minorplanetcenter.net/cgi-bin/confirmeph2.cgi
20260522T104236Z,2026-05-22T10:42:36.393909Z,20260522T104236Z_batch01,C46CH41,2026-05-23T09:00:00Z,15 56 38.5,239.16041666666666,+12 31 46,12.529444444444445,146.9,19.7,24.59,142.2,Map/Offsets   !,https://cgi.minorplanetcenter.net/cgi-bin/confirmeph2.cgi
20260522T104236Z,2026-05-22T10:42:36.393909Z,20260522T104236Z_batch01,ST26EE4,2026-05-22T09:00:00Z,18 04 39.7,271.16541666666666,+14 54 35,14.909722222222223,132.5,20.0,38.75,49.9,Map/Offsets   !!,https://cgi.minorplanetcenter.net/cgi-bin/confirmeph2.cgi
20260522T104236Z,2026-05-22T10:42:36.393909Z,20260522T104236Z_batch01,ST26EE4,2026-05-22T10:00:00Z,18 06 38.7,271.66125000000005,+15 18 44,15.312222222222223,131.9,20.1,36.35,50.0,Map/Offsets   !!,https://cgi.minorplanetcenter.net/cgi-bin/confirmeph2.cgi
20260522T104236Z,2026-05-22T10:42:36.393909Z,20260522T104236Z_batch01,ST26EE4,2026-05-22T11:00:00Z,18 08 30.9,272.12875,+15 41 21,15.689166666666667,131.4,20.2,34.17,50.1,Map/Offsets   !!,https://cgi.minorplanetcenter.net/cgi-bin/confirmeph2.cgi
20260522T104236Z,2026-05-22T10:42:36.393909Z,20260522T104236Z_batch01,ST26EE4,2026-05-22T12:00:00Z,18 10 16.8,272.57,+16 02 34,16.04277777777778,130.8,20.3,32.17,50.3,Map/Offsets   !!,https://cgi.minorplanetcenter.net/cgi-bin/confirmeph2.cgi
20260522T104236Z,2026-05-22T10:42:36.393909Z,20260522T104236Z_batch01,ST26EE4,2026-05-22T13:00:00Z,18 11 57.0,272.9875,+16 22 30,16.375,130.3,20.3,30.33,50.4,Map/Offsets   !!,https://cgi.minorplanetcenter.net/cgi-bin/confirmeph2.cgi
20260522T104236Z,2026-05-22T10:42:36.393909Z,20260522T104236Z_batch01,ST26EE4,2026-05-22T14:00:00Z,18 13 31.8,273.38249999999994,+16 41 16,16.68777777777778,129.9,20.4,28.64,50.5,Map/Offsets   !!,https://cgi.minorplanetcenter.net/cgi-bin/confirmeph2.cgi
20260522T104236Z,2026-05-22T10:42:36.393909Z,20260522T104236Z_batch01,ST26EE4,2026-05-22T15:00:00Z,18 15 01.7,273.7570833333333,+16 58 58,16.982777777777777,129.4,20.5,27.09,50.6,Map/Offsets   !!,https://cgi.minorplanetcenter.net/cgi-bin/confirmeph2.cgi
20260522T104236Z,2026-05-22T10:42:36.393909Z,20260522T104236Z_batch01,ST26EE4,2026-05-22T16:00:00Z,18 16 27.1,274.11291666666665,+17 15 41,17.261388888888888,129.0,20.6,25.66,50.7,Map/Offsets   !!,https://cgi.minorplanetcenter.net/cgi-bin/confirmeph2.cgi
20260522T104236Z,2026-05-22T10:42:36.393909Z,20260522T104236Z_batch01,ST26EE4,2026-05-22T17:00:00Z,18 17 48.2,274.4508333333334,+17 31 29,17.52472222222222,128.6,20.6,24.33,50.8,Map/Offsets   !!,https://cgi.minorplanetcenter.net/cgi-bin/confirmeph2.cgi
20260522T104236Z,2026-05-22T10:42:36.393909Z,20260522T104236Z_batch01,ST26EE4,2026-05-22T18:00:00Z,18 19 05.4,274.7725,+17 46 26,17.773888888888887,128.3,20.7,23.1,50.9,Map/Offsets   !!,https://cgi.minorplanetcenter.net/cgi-bin/confirmeph2.cgi
20260522T104236Z,2026-05-22T10:42:36.393909Z,20260522T104236Z_batch01,ST26EE4,2026-05-22T19:00:00Z,18 20 19.0,275.07916666666665,+18 00 37,18.010277777777777,127.9,20.8,21.96,51.0,Map/Offsets   !!,https://cgi.minorplanetcenter.net/cgi-bin/confirmeph2.cgi
20260522T104236Z,2026-05-22T10:42:36.393909Z,20260522T104236Z_batch01,ST26EE4,2026-05-22T20:00:00Z,18 21 29.1,275.37125,+18 14 05,18.234722222222224,127.6,20.8,20.9,51.1,Map/Offsets   !!,https://cgi.minorplanetcenter.net/cgi-bin/confirmeph2.cgi
20260522T104236Z,2026-05-22T10:42:36.393909Z,20260522T104236Z_batch01,ST26EE4,2026-05-22T21:00:00Z,18 22 36.1,275.6504166666667,+18 26 53,18.448055555555555,127.3,20.9,19.92,51.2,Map/Offsets   !!,https://cgi.minorplanetcenter.net/cgi-bin/confirmeph2.cgi
20260522T104236Z,2026-05-22T10:42:36.393909Z,20260522T104236Z_batch01,ST26EE4,2026-05-22T22:00:00Z,18 23 40.1,275.9170833333333,+18 39 03,18.65083333333333,127.0,20.9,19.0,51.3,Map/Offsets   !!,https://cgi.minorplanetcenter.net/cgi-bin/confirmeph2.cgi
20260522T104236Z,2026-05-22T10:42:36.393909Z,20260522T104236Z_batch01,ST26EE4,2026-05-22T23:00:00Z,18 24 41.3,276.17208333333326,+18 50 39,18.844166666666666,126.7,21.0,18.14,51.4,Map/Offsets   !,https://cgi.minorplanetcenter.net/cgi-bin/confirmeph2.cgi
20260522T104236Z,2026-05-22T10:42:36.393909Z,20260522T104236Z_batch01,ST26EE4,2026-05-23T00:00:00Z,18 25 39.9,276.41625,+19 01 42,19.028333333333332,126.4,21.1,17.34,51.5,Map/Offsets   !,https://cgi.minorplanetcenter.net/cgi-bin/confirmeph2.cgi
20260522T104236Z,2026-05-22T10:42:36.393909Z,20260522T104236Z_batch01,ST26EE4,2026-05-23T01:00:00Z,18 26 36.1,276.6504166666667,+19 12 16,19.204444444444444,126.1,21.1,16.58,51.5,Map/Offsets   !,https://cgi.minorplanetcenter.net/cgi-bin/confirmeph2.cgi
20260522T104236Z,2026-05-22T10:42:36.393909Z,20260522T104236Z_batch01,ST26EE4,2026-05-23T02:00:00Z,18 27 30.0,276.875,+19 22 21,19.3725,125.9,21.2,15.88,51.6,Map/Offsets   !,https://cgi.minorplanetcenter.net/cgi-bin/confirmeph2.cgi
20260522T104236Z,2026-05-22T10:42:36.393909Z,20260522T104236Z_batch01,ST26EE4,2026-05-23T03:00:00Z,18 28 21.7,277.09041666666667,+19 31 59,19.533055555555556,125.7,21.2,15.22,51.7,Map/Offsets   !,https://cgi.minorplanetcenter.net/cgi-bin/confirmeph2.cgi
20260522T104236Z,2026-05-22T10:42:36.393909Z,20260522T104236Z_batch01,ST26EE4,2026-05-23T04:00:00Z,18 29 11.4,277.2975,+19 41 13,19.686944444444446,125.4,21.3,14.6,51.8,Map/Offsets   !,https://cgi.minorplanetcenter.net/cgi-bin/confirmeph2.cgi
20260522T104236Z,2026-05-22T10:42:36.393909Z,20260522T104236Z_batch01,ST26EE4,2026-05-23T05:00:00Z,18 29 59.2,277.49666666666667,+19 50 03,19.834166666666665,125.2,21.3,14.01,51.8,Map/Offsets   !,https://cgi.minorplanetcenter.net/cgi-bin/confirmeph2.cgi
20260522T104236Z,2026-05-22T10:42:36.393909Z,20260522T104236Z_batch01,ST26EE4,2026-05-23T06:00:00Z,18 30 45.1,277.68791666666664,+19 58 32,19.975555555555555,125.0,21.4,13.46,51.9,Map/Offsets   !,https://cgi.minorplanetcenter.net/cgi-bin/confirmeph2.cgi
20260522T104236Z,2026-05-22T10:42:36.393909Z,20260522T104236Z_batch01,ST26EE4,2026-05-23T07:00:00Z,18 31 29.4,277.8725,+20 06 40,20.111111111111114,124.8,21.4,12.94,52.0,Map/Offsets   !,https://cgi.minorplanetcenter.net/cgi-bin/confirmeph2.cgi
20260522T104236Z,2026-05-22T10:42:36.393909Z,20260522T104236Z_batch01,ST26EE4,2026-05-23T08:00:00Z,18 32 12.0,278.05,+20 14 29,20.24138888888889,124.6,21.5,12.45,52.0,Map/Offsets   !,https://cgi.minorplanetcenter.net/cgi-bin/confirmeph2.cgi
20260522T104236Z,2026-05-22T10:42:36.393909Z,20260522T104236Z_batch01,ST26EE4,2026-05-23T09:00:00Z,18 32 53.1,278.22125,+20 21 59,20.366388888888892,124.5,21.5,11.99,52.1,Map/Offsets   !,https://cgi.minorplanetcenter.net/cgi-bin/confirmeph2.cgi
20260522T104236Z,2026-05-22T10:42:36.393909Z,20260522T104236Z_batch01,ST26EE3,2026-05-22T09:00:00Z,16 06 46.9,241.69541666666672,+12 22 20,12.372222222222224,147.2,19.4,50.46,137.2,Map/Offsets   !,https://cgi.minorplanetcenter.net/cgi-bin/confirmeph2.cgi
20260522T104236Z,2026-05-22T10:42:36.393909Z,20260522T104236Z_batch01,ST26EE3,2026-05-22T10:00:00Z,16 09 05.6,242.2733333333333,+11 45 35,11.759722222222223,147.7,19.4,49.53,137.4,Map/Offsets   !,https://cgi.minorplanetcenter.net/cgi-bin/confirmeph2.cgi
20260522T104236Z,2026-05-22T10:42:36.393909Z,20260522T104236Z_batch01,ST26EE3,2026-05-22T11:00:00Z,16 11 21.1,242.8379166666667,+11 09 28,11.157777777777778,148.2,19.4,48.61,137.5,Map/Offsets   !,https://cgi.minorplanetcenter.net/cgi-bin/confirmeph2.cgi
20260522T104236Z,2026-05-22T10:42:36.393909Z,20260522T104236Z_batch01,ST26EE3,2026-05-22T12:00:00Z,16 13 33.6,243.39,+10 33 57,10.565833333333334,148.8,19.4,47.7,137.6,Map/Offsets   !,https://cgi.minorplanetcenter.net/cgi-bin/confirmeph2.cgi
20260522T104236Z,2026-05-22T10:42:36.393909Z,20260522T104236Z_batch01,ST26EE3,2026-05-22T13:00:00Z,16 15 43.0,243.92916666666667,+09 59 02,9.983888888888888,149.2,19.4,46.79,137.7,Map/Offsets   !,https://cgi.minorplanetcenter.net/cgi-bin/confirmeph2.cgi
20260522T104236Z,2026-05-22T10:42:36.393909Z,20260522T104236Z_batch01,ST26EE3,2026-05-22T14:00:00Z,16 17 49.6,244.4566666666667,+09 24 45,9.4125,149.7,19.4,45.9,137.8,Map/Offsets   !,https://cgi.minorplanetcenter.net/cgi-bin/confirmeph2.cgi
20260522T104236Z,2026-05-22T10:42:36.393909Z,20260522T104236Z_batch01,ST26EE3,2026-05-22T15:00:00Z,16 19 53.2,244.97166666666664,+08 51 04,8.851111111111111,150.2,19.4,45.01,137.8,Map/Offsets   !,https://cgi.minorplanetcenter.net/cgi-bin/confirmeph2.cgi
20260522T104236Z,2026-05-22T10:42:36.393909Z,20260522T104236Z_batch01,ST26EE3,2026-05-22T16:00:00Z,16 21 54.1,245.4754166666667,+08 18 00,8.3,150.6,19.4,44.13,137.9,Map/Offsets   !,https://cgi.minorplanetcenter.net/cgi-bin/confirmeph2.cgi
20260522T104236Z,2026-05-22T10:42:36.393909Z,20260522T104236Z_batch01,ST26EE3,2026-05-22T17:00:00Z,16 23 52.3,245.96791666666667,+07 45 33,7.759166666666666,151.0,19.4,43.27,138.0,Map/Offsets   !,https://cgi.minorplanetcenter.net/cgi-bin/confirmeph2.cgi
20260522T104236Z,2026-05-22T10:42:36.393909Z,20260522T104236Z_batch01,ST26EE3,2026-05-22T18:00:00Z,16 25 47.9,246.44958333333332,+07 13 42,7.2283333333333335,151.4,19.5,42.41,138.1,Map/Offsets   !,https://cgi.minorplanetcenter.net/cgi-bin/confirmeph2.cgi
20260522T104236Z,2026-05-22T10:42:36.393909Z,20260522T104236Z_batch01,ST26EE3,2026-05-22T19:00:00Z,16 27 41.0,246.92083333333332,+06 42 27,6.7075000000000005,151.8,19.5,41.57,138.1,Map/Offsets   !,https://cgi.minorplanetcenter.net/cgi-bin/confirmeph2.cgi
20260522T104236Z,2026-05-22T10:42:36.393909Z,20260522T104236Z_batch01,ST26EE3,2026-05-22T20:00:00Z,16 29 31.5,247.38125,+06 11 47,6.196388888888889,152.2,19.5,40.74,138.2,Map/Offsets   !,https://cgi.minorplanetcenter.net/cgi-bin/confirmeph2.cgi
20260522T104236Z,2026-05-22T10:42:36.393909Z,20260522T104236Z_batch01,ST26EE3,2026-05-22T21:00:00Z,16 31 19.6,247.83166666666662,+05 41 43,5.695277777777778,152.6,19.5,39.93,138.2,Map/Offsets   !,https://cgi.minorplanetcenter.net/cgi-bin/confirmeph2.cgi
20260522T104236Z,2026-05-22T10:42:36.393909Z,20260522T104236Z_batch01,ST26EE3,2026-05-22T22:00:00Z,16 33 05.4,248.2725,+05 12 14,5.203888888888889,152.9,19.5,39.13,138.3,Map/Offsets   !,https://cgi.minorplanetcenter.net/cgi-bin/confirmeph2.cgi
20260522T104236Z,2026-05-22T10:42:36.393909Z,20260522T104236Z_batch01,ST26EE3,2026-05-22T23:00:00Z,16 34 48.9,248.70374999999999,+04 43 19,4.7219444444444445,153.2,19.5,38.34,138.3,Map/Offsets   !,https://cgi.minorplanetcenter.net/cgi-bin/confirmeph2.cgi
20260522T104236Z,2026-05-22T10:42:36.393909Z,20260522T104236Z_batch01,ST26EE3,2026-05-23T00:00:00Z,16 36 30.1,249.12541666666667,+04 14 58,4.249444444444444,153.5,19.5,37.57,138.3,Map/Offsets   !,https://cgi.minorplanetcenter.net/cgi-bin/confirmeph2.cgi
20260522T104236Z,2026-05-22T10:42:36.393909Z,20260522T104236Z_batch01,ST26EE3,2026-05-23T01:00:00Z,16 38 09.2,249.53833333333333,+03 47 11,3.786388888888889,153.8,19.5,36.81,138.4,Map/Offsets   !,https://cgi.minorplanetcenter.net/cgi-bin/confirmeph2.cgi
20260522T104236Z,2026-05-22T10:42:36.393909Z,20260522T104236Z_batch01,ST26EE3,2026-05-23T02:00:00Z,16 39 46.2,249.94249999999997,+03 19 56,3.332222222222222,154.1,19.6,36.07,138.4,Map/Offsets   !,https://cgi.minorplanetcenter.net/cgi-bin/confirmeph2.cgi
20260522T104236Z,2026-05-22T10:42:36.393909Z,20260522T104236Z_batch01,ST26EE3,2026-05-23T03:00:00Z,16 41 21.1,250.3379166666667,+02 53 14,2.8872222222222224,154.3,19.6,35.34,138.4,Map/Offsets   !,https://cgi.minorplanetcenter.net/cgi-bin/confirmeph2.cgi
20260522T104236Z,2026-05-22T10:42:36.393909Z,20260522T104236Z_batch01,ST26EE3,2026-05-23T04:00:00Z,16 42 54.0,250.725,+02 27 04,2.4511111111111115,154.6,19.6,34.62,138.4,Map/Offsets   !,https://cgi.minorplanetcenter.net/cgi-bin/confirmeph2.cgi
20260522T104236Z,2026-05-22T10:42:36.393909Z,20260522T104236Z_batch01,ST26EE3,2026-05-23T05:00:00Z,16 44 25.0,251.10416666666666,+02 01 25,2.0236111111111112,154.8,19.6,33.92,138.5,Map/Offsets   !,https://cgi.minorplanetcenter.net/cgi-bin/confirmeph2.cgi
20260522T104236Z,2026-05-22T10:42:36.393909Z,20260522T104236Z_batch01,ST26EE3,2026-05-23T06:00:00Z,16 45 54.1,251.47541666666666,+01 36 16,1.6044444444444446,155.0,19.6,33.24,138.5,Map/Offsets   !,https://cgi.minorplanetcenter.net/cgi-bin/confirmeph2.cgi
20260522T104236Z,2026-05-22T10:42:36.393909Z,20260522T104236Z_batch01,ST26EE3,2026-05-23T07:00:00Z,16 47 21.3,251.83875000000003,+01 11 38,1.193888888888889,155.3,19.6,32.56,138.5,Map/Offsets   !,https://cgi.minorplanetcenter.net/cgi-bin/confirmeph2.cgi
20260522T104236Z,2026-05-22T10:42:36.393909Z,20260522T104236Z_batch01,ST26EE3,2026-05-23T08:00:00Z,16 48 46.8,252.19500000000005,+00 47 30,0.7916666666666666,155.4,19.7,31.91,138.5,Map/Offsets   !,https://cgi.minorplanetcenter.net/cgi-bin/confirmeph2.cgi
20260522T104236Z,2026-05-22T10:42:36.393909Z,20260522T104236Z_batch01,ST26EE3,2026-05-23T09:00:00Z,16 50 10.5,252.54375,+00 23 51,0.3975,155.6,19.7,31.26,138.5,Map/Offsets   !,https://cgi.minorplanetcenter.net/cgi-bin/confirmeph2.cgi
20260522T104236Z,2026-05-22T10:42:36.393909Z,20260522T104236Z_batch01,CENWC52,2026-05-22T09:00:00Z,15 50 06.2,237.52583333333334,-03 28 41,-3.4780555555555557,163.1,20.2,12.81,284.9,Map/Offsets   !,https://cgi.minorplanetcenter.net/cgi-bin/confirmeph2.cgi
20260522T104236Z,2026-05-22T10:42:36.393909Z,20260522T104236Z_batch01,CENWC52,2026-05-22T10:00:00Z,15 49 16.5,237.31875,-03 25 23,-3.4230555555555555,163.0,20.2,12.84,285.0,Map/Offsets   !,https://cgi.minorplanetcenter.net/cgi-bin/confirmeph2.cgi
20260522T104236Z,2026-05-22T10:42:36.393909Z,20260522T104236Z_batch01,CENWC52,2026-05-22T11:00:00Z,15 48 26.8,237.11166666666668,-03 22 04,-3.367777777777778,162.9,20.2,12.87,285.0,Map/Offsets   !,https://cgi.minorplanetcenter.net/cgi-bin/confirmeph2.cgi
20260522T104236Z,2026-05-22T10:42:36.393909Z,20260522T104236Z_batch01,CENWC52,2026-05-22T12:00:00Z,15 47 36.9,236.90374999999997,-03 18 44,-3.312222222222222,162.8,20.2,12.9,285.0,Map/Offsets   !,https://cgi.minorplanetcenter.net/cgi-bin/confirmeph2.cgi
20260522T104236Z,2026-05-22T10:42:36.393909Z,20260522T104236Z_batch01,CENWC52,2026-05-22T13:00:00Z,15 46 46.9,236.6954166666667,-03 15 24,-3.256666666666667,162.7,20.2,12.92,285.0,Map/Offsets   !,https://cgi.minorplanetcenter.net/cgi-bin/confirmeph2.cgi
20260522T104236Z,2026-05-22T10:42:36.393909Z,20260522T104236Z_batch01,CENWC52,2026-05-22T14:00:00Z,15 45 56.8,236.48666666666668,-03 12 04,-3.2011111111111115,162.6,20.2,12.95,285.0,Map/Offsets   !,https://cgi.minorplanetcenter.net/cgi-bin/confirmeph2.cgi
20260522T104236Z,2026-05-22T10:42:36.393909Z,20260522T104236Z_batch01,CENWC52,2026-05-22T15:00:00Z,15 45 06.7,236.27791666666667,-03 08 42,-3.145,162.5,20.2,12.98,285.0,Map/Offsets   !,https://cgi.minorplanetcenter.net/cgi-bin/confirmeph2.cgi
20260522T104236Z,2026-05-22T10:42:36.393909Z,20260522T104236Z_batch01,CENWC52,2026-05-22T16:00:00Z,15 44 16.4,236.06833333333333,-03 05 21,-3.089166666666667,162.4,20.2,13.01,285.0,Map/Offsets   !,https://cgi.minorplanetcenter.net/cgi-bin/confirmeph2.cgi
20260522T104236Z,2026-05-22T10:42:36.393909Z,20260522T104236Z_batch01,CENWC52,2026-05-22T17:00:00Z,15 43 26.0,235.85833333333332,-03 01 59,-3.0330555555555554,162.3,20.2,13.04,285.0,Map/Offsets   !,https://cgi.minorplanetcenter.net/cgi-bin/confirmeph2.cgi
20260522T104236Z,2026-05-22T10:42:36.393909Z,20260522T104236Z_batch01,CENWC52,2026-05-22T18:00:00Z,15 42 35.5,235.64791666666665,-02 58 36,-2.9766666666666666,162.2,20.2,13.06,285.0,Map/Offsets   !,https://cgi.minorplanetcenter.net/cgi-bin/confirmeph2.cgi
20260522T104236Z,2026-05-22T10:42:36.393909Z,20260522T104236Z_batch01,CENWC52,2026-05-22T19:00:00Z,15 41 44.9,235.43708333333333,-02 55 13,-2.9202777777777778,162.1,20.2,13.09,285.0,Map/Offsets   !,https://cgi.minorplanetcenter.net/cgi-bin/confirmeph2.cgi
20260522T104236Z,2026-05-22T10:42:36.393909Z,20260522T104236Z_batch01,CENWC52,2026-05-22T20:00:00Z,15 40 54.2,235.22583333333333,-02 51 49,-2.863611111111111,162.0,20.2,13.12,285.0,Map/Offsets   !,https://cgi.minorplanetcenter.net/cgi-bin/confirmeph2.cgi
20260522T104236Z,2026-05-22T10:42:36.393909Z,20260522T104236Z_batch01,CENWC52,2026-05-22T21:00:00Z,15 40 03.4,235.01416666666665,-02 48 25,-2.8069444444444445,161.9,20.2,13.14,285.0,Map/Offsets   !,https://cgi.minorplanetcenter.net/cgi-bin/confirmeph2.cgi
20260522T104236Z,2026-05-22T10:42:36.393909Z,20260522T104236Z_batch01,CENWC52,2026-05-22T22:00:00Z,15 39 12.5,234.80208333333331,-02 45 00,-2.75,161.8,20.2,13.17,285.0,Map/Offsets   !,https://cgi.minorplanetcenter.net/cgi-bin/confirmeph2.cgi
20260522T104236Z,2026-05-22T10:42:36.393909Z,20260522T104236Z_batch01,CENWC52,2026-05-22T23:00:00Z,15 38 21.5,234.58958333333334,-02 41 35,-2.693055555555556,161.6,20.2,13.2,285.0,Map/Offsets   !,https://cgi.minorplanetcenter.net/cgi-bin/confirmeph2.cgi
20260522T104236Z,2026-05-22T10:42:36.393909Z,20260522T104236Z_batch01,CENWC52,2026-05-23T00:00:00Z,15 37 30.5,234.37708333333333,-02 38 10,-2.636111111111111,161.5,20.2,13.22,285.0,Map/Offsets   !,https://cgi.minorplanetcenter.net/cgi-bin/confirmeph2.cgi
20260522T104236Z,2026-05-22T10:42:36.393909Z,20260522T104236Z_batch01,CENWC52,2026-05-23T01:00:00Z,15 36 39.3,234.16375,-02 34 44,-2.578888888888889,161.4,20.2,13.25,285.0,Map/Offsets   !,https://cgi.minorplanetcenter.net/cgi-bin/confirmeph2.cgi
20260522T104236Z,2026-05-22T10:42:36.393909Z,20260522T104236Z_batch01,CENWC52,2026-05-23T02:00:00Z,15 35 48.0,233.95000000000002,-02 31 17,-2.5213888888888887,161.2,20.2,13.27,285.0,Map/Offsets   !,https://cgi.minorplanetcenter.net/cgi-bin/confirmeph2.cgi
20260522T104236Z,2026-05-22T10:42:36.393909Z,20260522T104236Z_batch01,CENWC52,2026-05-23T03:00:00Z,15 34 56.7,233.73625,-02 27 51,-2.464166666666667,161.1,20.2,13.29,285.0,Map/Offsets   !,https://cgi.minorplanetcenter.net/cgi-bin/confirmeph2.cgi
20260522T104236Z,2026-05-22T10:42:36.393909Z,20260522T104236Z_batch01,CENWC52,2026-05-23T04:00:00Z,15 34 05.2,233.52166666666668,-02 24 23,-2.406388888888889,161.0,20.2,13.32,285.0,Map/Offsets   !,https://cgi.minorplanetcenter.net/cgi-bin/confirmeph2.cgi
20260522T104236Z,2026-05-22T10:42:36.393909Z,20260522T104236Z_batch01,CENWC52,2026-05-23T05:00:00Z,15 33 13.7,233.30708333333334,-02 20 56,-2.3488888888888892,160.8,20.2,13.34,285.1,Map/Offsets   !,https://cgi.minorplanetcenter.net/cgi-bin/confirmeph2.cgi
20260522T104236Z,2026-05-22T10:42:36.393909Z,20260522T104236Z_batch01,CENWC52,2026-05-23T06:00:00Z,15 32 22.1,233.09208333333333,-02 17 28,-2.291111111111111,160.7,20.2,13.36,285.1,Map/Offsets   !,https://cgi.minorplanetcenter.net/cgi-bin/confirmeph2.cgi
20260522T104236Z,2026-05-22T10:42:36.393909Z,20260522T104236Z_batch01,CENWC52,2026-05-23T07:00:00Z,15 31 30.3,232.87625000000003,-02 13 59,-2.2330555555555556,160.5,20.2,13.39,285.1,Map/Offsets   !,https://cgi.minorplanetcenter.net/cgi-bin/confirmeph2.cgi
20260522T104236Z,2026-05-22T10:42:36.393909Z,20260522T104236Z_batch01,CENWC52,2026-05-23T08:00:00Z,15 30 38.6,232.66083333333333,-02 10 30,-2.175,160.4,20.2,13.41,285.1,Map/Offsets   !,https://cgi.minorplanetcenter.net/cgi-bin/confirmeph2.cgi
20260522T104236Z,2026-05-22T10:42:36.393909Z,20260522T104236Z_batch01,CENWC52,2026-05-23T09:00:00Z,15 29 46.7,232.44458333333333,-02 07 01,-2.1169444444444445,160.2,20.2,13.43,285.1,Map/Offsets   !,https://cgi.minorplanetcenter.net/cgi-bin/confirmeph2.cgi
20260522T104236Z,2026-05-22T10:42:36.393909Z,20260522T104236Z_batch01,CENU0L2,2026-05-22T09:00:00Z,13 58 13.7,209.55708333333334,-04 01 25,-4.023611111111111,147.2,21.6,11.65,61.9,Map/Offsets   !,https://cgi.minorplanetcenter.net/cgi-bin/confirmeph2.cgi
20260522T104236Z,2026-05-22T10:42:36.393909Z,20260522T104236Z_batch01,CENU0L2,2026-05-22T10:00:00Z,13 58 54.3,209.72625,-03 56 01,-3.9336111111111114,147.3,21.6,11.31,61.9,Map/Offsets   !,https://cgi.minorplanetcenter.net/cgi-bin/confirmeph2.cgi
20260522T104236Z,2026-05-22T10:42:36.393909Z,20260522T104236Z_batch01,CENU0L2,2026-05-22T11:00:00Z,13 59 33.8,209.89083333333332,-03 50 46,-3.8461111111111115,147.3,21.6,10.99,61.9,Map/Offsets   !,https://cgi.minorplanetcenter.net/cgi-bin/confirmeph2.cgi
20260522T104236Z,2026-05-22T10:42:36.393909Z,20260522T104236Z_batch01,CENU0L2,2026-05-22T12:00:00Z,14 00 12.2,210.05083333333334,-03 45 41,-3.761388888888889,147.4,21.7,10.69,61.9,Map/Offsets   !,https://cgi.minorplanetcenter.net/cgi-bin/confirmeph2.cgi
20260522T104236Z,2026-05-22T10:42:36.393909Z,20260522T104236Z_batch01,CENU0L2,2026-05-22T13:00:00Z,14 00 49.5,210.20625,-03 40 43,-3.678611111111111,147.4,21.7,10.4,61.9,Map/Offsets   !,https://cgi.minorplanetcenter.net/cgi-bin/confirmeph2.cgi
20260522T104236Z,2026-05-22T10:42:36.393909Z,20260522T104236Z_batch01,CENU0L2,2026-05-22T14:00:00Z,14 01 25.7,210.35708333333335,-03 35 54,-3.5983333333333336,147.4,21.7,10.12,62.0,Map/Offsets   !,https://cgi.minorplanetcenter.net/cgi-bin/confirmeph2.cgi
20260522T104236Z,2026-05-22T10:42:36.393909Z,20260522T104236Z_batch01,CENU0L2,2026-05-22T15:00:00Z,14 02 01.0,210.50416666666666,-03 31 12,-3.52,147.5,21.7,9.85,62.0,Map/Offsets   !,https://cgi.minorplanetcenter.net/cgi-bin/confirmeph2.cgi
20260522T104236Z,2026-05-22T10:42:36.393909Z,20260522T104236Z_batch01,CENU0L2,2026-05-22T16:00:00Z,14 02 35.4,210.64749999999998,-03 26 38,-3.443888888888889,147.5,21.8,9.59,62.0,Map/Offsets   !,https://cgi.minorplanetcenter.net/cgi-bin/confirmeph2.cgi
20260522T104236Z,2026-05-22T10:42:36.393909Z,20260522T104236Z_batch01,CENU0L2,2026-05-22T17:00:00Z,14 03 08.8,210.7866666666667,-03 22 11,-3.3697222222222223,147.6,21.8,9.34,62.0,Map/Offsets   !,https://cgi.minorplanetcenter.net/cgi-bin/confirmeph2.cgi
20260522T104236Z,2026-05-22T10:42:36.393909Z,20260522T104236Z_batch01,CENU0L2,2026-05-22T18:00:00Z,14 03 41.4,210.9225,-03 17 51,-3.2975,147.6,21.8,9.1,62.0,Map/Offsets   !,https://cgi.minorplanetcenter.net/cgi-bin/confirmeph2.cgi
20260522T104236Z,2026-05-22T10:42:36.393909Z,20260522T104236Z_batch01,CENU0L2,2026-05-22T19:00:00Z,14 04 13.2,211.05499999999998,-03 13 38,-3.227222222222222,147.6,21.9,8.87,62.0,Map/Offsets   !,https://cgi.minorplanetcenter.net/cgi-bin/confirmeph2.cgi
20260522T104236Z,2026-05-22T10:42:36.393909Z,20260522T104236Z_batch01,CENU0L2,2026-05-22T20:00:00Z,14 04 44.2,211.18416666666667,-03 09 31,-3.158611111111111,147.7,21.9,8.64,62.0,Map/Offsets   !,https://cgi.minorplanetcenter.net/cgi-bin/confirmeph2.cgi
20260522T104236Z,2026-05-22T10:42:36.393909Z,20260522T104236Z_batch01,CENU0L2,2026-05-22T21:00:00Z,14 05 14.3,211.30958333333334,-03 05 31,-3.0919444444444446,147.7,21.9,8.43,62.0,Map/Offsets   !,https://cgi.minorplanetcenter.net/cgi-bin/confirmeph2.cgi
20260522T104236Z,2026-05-22T10:42:36.393909Z,20260522T104236Z_batch01,CENU0L2,2026-05-22T22:00:00Z,14 05 43.8,211.4325,-03 01 36,-3.0266666666666664,147.7,21.9,8.22,62.0,Map/Offsets   !,https://cgi.minorplanetcenter.net/cgi-bin/confirmeph2.cgi
20260522T104236Z,2026-05-22T10:42:36.393909Z,20260522T104236Z_batch01,CENU0L2,2026-05-22T23:00:00Z,14 06 12.5,211.55208333333331,-02 57 47,-2.9630555555555556,147.7,22.0,8.02,62.0,Map/Offsets   !,https://cgi.minorplanetcenter.net/cgi-bin/confirmeph2.cgi
20260522T104236Z,2026-05-22T10:42:36.393909Z,20260522T104236Z_batch01,CENU0L2,2026-05-23T00:00:00Z,14 06 40.6,211.66916666666665,-02 54 04,-2.901111111111111,147.8,22.0,7.83,62.0,Map/Offsets   !,https://cgi.minorplanetcenter.net/cgi-bin/confirmeph2.cgi
20260522T104236Z,2026-05-22T10:42:36.393909Z,20260522T104236Z_batch01,CENU0L2,2026-05-23T01:00:00Z,14 07 07.9,211.7829166666667,-02 50 26,-2.8405555555555555,147.8,22.0,7.65,62.0,Map/Offsets   !,https://cgi.minorplanetcenter.net/cgi-bin/confirmeph2.cgi
20260522T104236Z,2026-05-22T10:42:36.393909Z,20260522T104236Z_batch01,CENU0L2,2026-05-23T02:00:00Z,14 07 34.7,211.89458333333334,-02 46 54,-2.7816666666666667,147.8,22.0,7.47,62.0,Map/Offsets   !,https://cgi.minorplanetcenter.net/cgi-bin/confirmeph2.cgi
20260522T104236Z,2026-05-22T10:42:36.393909Z,20260522T104236Z_batch01,CENU0L2,2026-05-23T03:00:00Z,14 08 00.8,212.00333333333333,-02 43 26,-2.723888888888889,147.8,22.1,7.3,62.0,Map/Offsets   !,https://cgi.minorplanetcenter.net/cgi-bin/confirmeph2.cgi
20260522T104236Z,2026-05-22T10:42:36.393909Z,20260522T104236Z_batch01,CENU0L2,2026-05-23T04:00:00Z,14 08 26.3,212.10958333333332,-02 40 03,-2.6675,147.8,22.1,7.13,62.1,Map/Offsets   !,https://cgi.minorplanetcenter.net/cgi-bin/confirmeph2.cgi
20260522T104236Z,2026-05-22T10:42:36.393909Z,20260522T104236Z_batch01,CENU0L2,2026-05-23T05:00:00Z,14 08 51.2,212.21333333333334,-02 36 45,-2.6125000000000003,147.8,22.1,6.97,62.1,Map/Offsets   !,https://cgi.minorplanetcenter.net/cgi-bin/confirmeph2.cgi
20260522T104236Z,2026-05-22T10:42:36.393909Z,20260522T104236Z_batch01,CENU0L2,2026-05-23T06:00:00Z,14 09 15.6,212.315,-02 33 31,-2.558611111111111,147.8,22.1,6.81,62.1,Map/Offsets   !,https://cgi.minorplanetcenter.net/cgi-bin/confirmeph2.cgi
20260522T104236Z,2026-05-22T10:42:36.393909Z,20260522T104236Z_batch01,CENU0L2,2026-05-23T07:00:00Z,14 09 39.4,212.41416666666666,-02 30 22,-2.506111111111111,147.9,22.2,6.66,62.1,Map/Offsets   !,https://cgi.minorplanetcenter.net/cgi-bin/confirmeph2.cgi
20260522T104236Z,2026-05-22T10:42:36.393909Z,20260522T104236Z_batch01,CENU0L2,2026-05-23T08:00:00Z,14 10 02.8,212.51166666666666,-02 27 17,-2.4547222222222222,147.9,22.2,6.52,62.1,Map/Offsets   !,https://cgi.minorplanetcenter.net/cgi-bin/confirmeph2.cgi
20260522T104236Z,2026-05-22T10:42:36.393909Z,20260522T104236Z_batch01,CENU0L2,2026-05-23T09:00:00Z,14 10 25.6,212.60666666666665,-02 24 16,-2.404444444444444,147.9,22.2,6.38,62.1,Map/Offsets   !,https://cgi.minorplanetcenter.net/cgi-bin/confirmeph2.cgi
20260522T104236Z,2026-05-22T10:42:36.393909Z,20260522T104236Z_batch01,CENV8M2,2026-05-22T09:00:00Z,15 03 03.7,225.76541666666665,-02 09 12,-2.1533333333333333,157.8,19.4,39.19,50.8,Map/Offsets   ***,https://cgi.minorplanetcenter.net/cgi-bin/confirmeph2.cgi
20260522T104236Z,2026-05-22T10:42:36.393909Z,20260522T104236Z_batch01,CENV8M2,2026-05-22T10:00:00Z,15 05 14.9,226.31208333333333,-01 42 28,-1.7077777777777778,157.7,19.2,45.64,50.8,Map/Offsets   ***,https://cgi.minorplanetcenter.net/cgi-bin/confirmeph2.cgi
20260522T104236Z,2026-05-22T10:42:36.393909Z,20260522T104236Z_batch01,CENV8M2,2026-05-22T11:00:00Z,15 07 48.5,226.95208333333335,-01 11 09,-1.1858333333333333,157.6,19.0,53.8,50.8,Map/Offsets   ***,https://cgi.minorplanetcenter.net/cgi-bin/confirmeph2.cgi
20260522T104236Z,2026-05-22T10:42:36.393909Z,20260522T104236Z_batch01,CENV8M2,2026-05-22T12:00:00Z,15 10 50.8,227.71166666666664,-00 33 58,-0.5661111111111111,157.4,18.8,64.32,50.8,Map/Offsets   ***,https://cgi.minorplanetcenter.net/cgi-bin/confirmeph2.cgi
20260522T104236Z,2026-05-22T10:42:36.393909Z,20260522T104236Z_batch01,CENV8M2,2026-05-22T13:00:00Z,15 14 30.6,228.6275,+00 10 53,0.18138888888888888,157.1,18.6,78.2,50.8,Map/Offsets   ***,https://cgi.minorplanetcenter.net/cgi-bin/confirmeph2.cgi
20260522T104236Z,2026-05-22T10:42:36.393909Z,20260522T104236Z_batch01,CENV8M2,2026-05-22T14:00:00Z,15 19 00.5,229.75208333333333,+01 05 56,1.0988888888888888,156.7,18.4,96.99,50.8,Map/Offsets   ***,https://cgi.minorplanetcenter.net/cgi-bin/confirmeph2.cgi
20260522T104236Z,2026-05-22T10:42:36.393909Z,20260522T104236Z_batch01,CENV8M2,2026-05-22T15:00:00Z,15 24 39.6,231.165,+02 15 00,2.25,156.1,18.2,123.2,50.8,Map/Offsets   ***,https://cgi.minorplanetcenter.net/cgi-bin/confirmeph2.cgi
20260522T104236Z,2026-05-22T10:42:36.393909Z,20260522T104236Z_batch01,CENV8M2,2026-05-22T16:00:00Z,15 31 57.9,232.99125,+03 43 57,3.7325,155.1,17.9,161.3,50.9,Map/Offsets   ***,https://cgi.minorplanetcenter.net/cgi-bin/confirmeph2.cgi
20260522T104236Z,2026-05-22T10:42:36.393909Z,20260522T104236Z_batch01,CENV8M2,2026-05-22T17:00:00Z,15 41 44.6,235.43583333333333,+05 42 11,5.703055555555555,153.6,17.6,219.0,51.1,Map/Offsets   ***,https://cgi.minorplanetcenter.net/cgi-bin/confirmeph2.cgi
20260522T104236Z,2026-05-22T10:42:36.393909Z,20260522T104236Z_batch01,CENV8M2,2026-05-22T18:00:00Z,15 55 27.0,238.86249999999998,+08 25 23,8.423055555555555,151.2,17.3,311.3,51.6,Map/Offsets   ***,https://cgi.minorplanetcenter.net/cgi-bin/confirmeph2.cgi
20260522T104236Z,2026-05-22T10:42:36.393909Z,20260522T104236Z_batch01,CENV8M2,2026-05-22T19:00:00Z,16 15 50.8,243.96166666666664,+12 20 27,12.340833333333334,146.9,17.0,467.0,52.5,Map/Offsets   ***,https://cgi.minorplanetcenter.net/cgi-bin/confirmeph2.cgi
20260522T104236Z,2026-05-22T10:42:36.393909Z,20260522T104236Z_batch01,CENV8M2,2026-05-22T20:00:00Z,16 48 39.2,252.16333333333336,+18 11 34,18.192777777777778,139.4,16.7,739.8,54.7,Map/Offsets   ***,https://cgi.minorplanetcenter.net/cgi-bin/confirmeph2.cgi
20260522T104236Z,2026-05-22T10:42:36.393909Z,20260522T104236Z_batch01,CENV8M2,2026-05-22T21:00:00Z,17 46 16.0,266.56666666666666,+26 44 55,26.748611111111114,125.9,16.6,1186.0,60.2,Map/Offsets   ***,https://cgi.minorplanetcenter.net/cgi-bin/confirmeph2.cgi
20260522T104236Z,2026-05-22T10:42:36.393909Z,20260522T104236Z_batch01,CENV8M2,2026-05-22T22:00:00Z,19 29 12.5,292.3020833333333,+36 13 21,36.222500000000004,104.4,16.9,1622.0,73.9,Map/Offsets   ***,https://cgi.minorplanetcenter.net/cgi-bin/confirmeph2.cgi
20260522T104236Z,2026-05-22T10:42:36.393909Z,20260522T104236Z_batch01,CENV8M2,2026-05-22T23:00:00Z,21 45 23.5,326.34791666666666,+38 56 01,38.933611111111105,79.6,18.0,1494.0,95.0,Map/Offsets   ***,https://cgi.minorplanetcenter.net/cgi-bin/confirmeph2.cgi
20260522T104236Z,2026-05-22T10:42:36.393909Z,20260522T104236Z_batch01,CENV8M2,2026-05-23T00:00:00Z,23 26 49.1,351.70458333333335,+34 17 07,34.28527777777778,60.6,19.6,997.6,110.3,Map/Offsets   ***,https://cgi.minorplanetcenter.net/cgi-bin/confirmeph2.cgi
20260522T104236Z,2026-05-22T10:42:36.393909Z,20260522T104236Z_batch01,CENV8M2,2026-05-23T01:00:00Z,00 23 26.4,5.860000000000001,+28 52 46,28.879444444444445,49.0,21.1,618.4,117.7,Map/Offsets   ***,https://cgi.minorplanetcenter.net/cgi-bin/confirmeph2.cgi
20260522T104236Z,2026-05-22T10:42:36.393909Z,20260522T104236Z_batch01,CENV8M2,2026-05-23T02:00:00Z,00 55 45.5,13.939583333333333,+24 46 46,24.779444444444444,42.1,22.3,397.9,121.4,Map/Offsets   ***,https://cgi.minorplanetcenter.net/cgi-bin/confirmeph2.cgi
20260522T104236Z,2026-05-22T10:42:36.393909Z,20260522T104236Z_batch01,CENV8M2,2026-05-23T03:00:00Z,01 15 54.1,18.975416666666668,+21 50 31,21.841944444444444,37.8,23.3,271.0,123.4,Map/Offsets   ***,https://cgi.minorplanetcenter.net/cgi-bin/confirmeph2.cgi
20260522T104236Z,2026-05-22T10:42:36.393909Z,20260522T104236Z_batch01,CENV8M2,2026-05-23T04:00:00Z,01 29 27.8,22.365833333333335,+19 42 08,19.702222222222222,34.9,24.1,194.2,124.6,Map/Offsets   ***,https://cgi.minorplanetcenter.net/cgi-bin/confirmeph2.cgi
20260522T104236Z,2026-05-22T10:42:36.393909Z,20260522T104236Z_batch01,CENV8M2,2026-05-23T05:00:00Z,01 39 09.4,24.789166666666667,+18 05 49,18.096944444444443,32.9,24.8,145.2,125.4,Map/Offsets   ***,https://cgi.minorplanetcenter.net/cgi-bin/confirmeph2.cgi
20260522T104236Z,2026-05-22T10:42:36.393909Z,20260522T104236Z_batch01,CENV8M2,2026-05-23T06:00:00Z,01 46 24.2,26.600833333333334,+16 51 23,16.85638888888889,31.5,25.3,112.2,125.9,Map/Offsets   ***,https://cgi.minorplanetcenter.net/cgi-bin/confirmeph2.cgi
20260522T104236Z,2026-05-22T10:42:36.393909Z,20260522T104236Z_batch01,CENV8M2,2026-05-23T07:00:00Z,01 52 01.0,28.004166666666666,+15 52 23,15.873055555555556,30.4,25.7,89.19,126.3,Map/Offsets   ***,https://cgi.minorplanetcenter.net/cgi-bin/confirmeph2.cgi
20260522T104236Z,2026-05-22T10:42:36.393909Z,20260522T104236Z_batch01,CENV8M2,2026-05-23T08:00:00Z,01 56 29.3,29.122083333333332,+15 04 35,15.07638888888889,29.6,26.1,72.48,126.6,Map/Offsets   ***,https://cgi.minorplanetcenter.net/cgi-bin/confirmeph2.cgi
20260522T104236Z,2026-05-22T10:42:36.393909Z,20260522T104236Z_batch01,CENV8M2,2026-05-23T09:00:00Z,02 00 07.9,30.03291666666667,+14 25 07,14.41861111111111,29.0,26.4,60.02,126.9,Map/Offsets   ***,https://cgi.minorplanetcenter.net/cgi-bin/confirmeph2.cgi
20260522T104236Z,2026-05-22T10:42:36.393909Z,20260522T104236Z_batch01,NAOCBPP,2026-05-22T09:00:00Z,14 50 41.3,222.67208333333335,-18 19 44,-18.328888888888887,164.7,22.1,1.74,163.5,Map/Offsets,https://cgi.minorplanetcenter.net/cgi-bin/confirmeph2.cgi
20260522T104236Z,2026-05-22T10:42:36.393909Z,20260522T104236Z_batch01,NAOCBPP,2026-05-22T10:00:00Z,14 50 43.4,222.68083333333334,-18 21 24,-18.35666666666667,164.6,22.1,1.74,163.4,Map/Offsets,https://cgi.minorplanetcenter.net/cgi-bin/confirmeph2.cgi
20260522T104236Z,2026-05-22T10:42:36.393909Z,20260522T104236Z_batch01,NAOCBPP,2026-05-22T11:00:00Z,14 50 45.4,222.68916666666667,-18 23 04,-18.384444444444444,164.6,22.1,1.73,163.4,Map/Offsets,https://cgi.minorplanetcenter.net/cgi-bin/confirmeph2.cgi
20260522T104236Z,2026-05-22T10:42:36.393909Z,20260522T104236Z_batch01,NAOCBPP,2026-05-22T12:00:00Z,14 50 47.5,222.69791666666669,-18 24 43,-18.411944444444444,164.6,22.1,1.73,163.4,Map/Offsets,https://cgi.minorplanetcenter.net/cgi-bin/confirmeph2.cgi
20260522T104236Z,2026-05-22T10:42:36.393909Z,20260522T104236Z_batch01,NAOCBPP,2026-05-22T13:00:00Z,14 50 49.6,222.70666666666668,-18 26 23,-18.439722222222223,164.6,22.1,1.73,163.4,Map/Offsets,https://cgi.minorplanetcenter.net/cgi-bin/confirmeph2.cgi
20260522T104236Z,2026-05-22T10:42:36.393909Z,20260522T104236Z_batch01,NAOCBPP,2026-05-22T14:00:00Z,14 50 51.7,222.71541666666667,-18 28 02,-18.46722222222222,164.5,22.1,1.73,163.4,Map/Offsets,https://cgi.minorplanetcenter.net/cgi-bin/confirmeph2.cgi
20260522T104236Z,2026-05-22T10:42:36.393909Z,20260522T104236Z_batch01,NAOCBPP,2026-05-22T15:00:00Z,14 50 53.8,222.72416666666666,-18 29 42,-18.495,164.5,22.1,1.73,163.3,Map/Offsets,https://cgi.minorplanetcenter.net/cgi-bin/confirmeph2.cgi
20260522T104236Z,2026-05-22T10:42:36.393909Z,20260522T104236Z_batch01,NAOCBPP,2026-05-22T16:00:00Z,14 50 55.9,222.73291666666665,-18 31 21,-18.522499999999997,164.5,22.1,1.73,163.3,Map/Offsets,https://cgi.minorplanetcenter.net/cgi-bin/confirmeph2.cgi
20260522T104236Z,2026-05-22T10:42:36.393909Z,20260522T104236Z_batch01,NAOCBPP,2026-05-22T17:00:00Z,14 50 58.0,222.74166666666667,-18 33 00,-18.55,164.4,22.1,1.72,163.3,Map/Offsets,https://cgi.minorplanetcenter.net/cgi-bin/confirmeph2.cgi
20260522T104236Z,2026-05-22T10:42:36.393909Z,20260522T104236Z_batch01,NAOCBPP,2026-05-22T18:00:00Z,14 51 00.1,222.75041666666667,-18 34 39,-18.5775,164.4,22.1,1.72,163.3,Map/Offsets,https://cgi.minorplanetcenter.net/cgi-bin/confirmeph2.cgi
20260522T104236Z,2026-05-22T10:42:36.393909Z,20260522T104236Z_batch01,NAOCBPP,2026-05-22T19:00:00Z,14 51 02.2,222.75916666666666,-18 36 18,-18.605,164.4,22.1,1.72,163.2,Map/Offsets,https://cgi.minorplanetcenter.net/cgi-bin/confirmeph2.cgi
20260522T104236Z,2026-05-22T10:42:36.393909Z,20260522T104236Z_batch01,NAOCBPP,2026-05-22T20:00:00Z,14 51 04.3,222.76791666666665,-18 37 57,-18.6325,164.4,22.1,1.72,163.2,Map/Offsets,https://cgi.minorplanetcenter.net/cgi-bin/confirmeph2.cgi
20260522T104236Z,2026-05-22T10:42:36.393909Z,20260522T104236Z_batch01,NAOCBPP,2026-05-22T21:00:00Z,14 51 06.4,222.77666666666664,-18 39 36,-18.66,164.3,22.1,1.72,163.2,Map/Offsets,https://cgi.minorplanetcenter.net/cgi-bin/confirmeph2.cgi
20260522T104236Z,2026-05-22T10:42:36.393909Z,20260522T104236Z_batch01,NAOCBPP,2026-05-22T22:00:00Z,14 51 08.5,222.78541666666666,-18 41 15,-18.6875,164.3,22.1,1.72,163.2,Map/Offsets,https://cgi.minorplanetcenter.net/cgi-bin/confirmeph2.cgi
20260522T104236Z,2026-05-22T10:42:36.393909Z,20260522T104236Z_batch01,NAOCBPP,2026-05-22T23:00:00Z,14 51 10.6,222.79416666666668,-18 42 53,-18.71472222222222,164.3,22.1,1.72,163.1,Map/Offsets,https://cgi.minorplanetcenter.net/cgi-bin/confirmeph2.cgi
20260522T104236Z,2026-05-22T10:42:36.393909Z,20260522T104236Z_batch01,NAOCBPP,2026-05-23T00:00:00Z,14 51 12.7,222.80291666666668,-18 44 32,-18.742222222222225,164.3,22.1,1.71,163.1,Map/Offsets,https://cgi.minorplanetcenter.net/cgi-bin/confirmeph2.cgi
20260522T104236Z,2026-05-22T10:42:36.393909Z,20260522T104236Z_batch01,NAOCBPP,2026-05-23T01:00:00Z,14 51 14.8,222.81166666666667,-18 46 10,-18.769444444444442,164.2,22.1,1.71,163.1,Map/Offsets,https://cgi.minorplanetcenter.net/cgi-bin/confirmeph2.cgi
20260522T104236Z,2026-05-22T10:42:36.393909Z,20260522T104236Z_batch01,NAOCBPP,2026-05-23T02:00:00Z,14 51 16.9,222.82041666666666,-18 47 48,-18.796666666666667,164.2,22.1,1.71,163.1,Map/Offsets,https://cgi.minorplanetcenter.net/cgi-bin/confirmeph2.cgi
20260522T104236Z,2026-05-22T10:42:36.393909Z,20260522T104236Z_batch01,NAOCBPP,2026-05-23T03:00:00Z,14 51 19.0,222.82916666666665,-18 49 26,-18.823888888888888,164.2,22.1,1.71,163.0,Map/Offsets,https://cgi.minorplanetcenter.net/cgi-bin/confirmeph2.cgi
20260522T104236Z,2026-05-22T10:42:36.393909Z,20260522T104236Z_batch01,NAOCBPP,2026-05-23T04:00:00Z,14 51 21.1,222.83791666666667,-18 51 04,-18.851111111111113,164.1,22.1,1.71,163.0,Map/Offsets,https://cgi.minorplanetcenter.net/cgi-bin/confirmeph2.cgi
20260522T104236Z,2026-05-22T10:42:36.393909Z,20260522T104236Z_batch01,NAOCBPP,2026-05-23T05:00:00Z,14 51 23.2,222.84666666666666,-18 52 42,-18.878333333333334,164.1,22.1,1.71,163.0,Map/Offsets,https://cgi.minorplanetcenter.net/cgi-bin/confirmeph2.cgi
20260522T104236Z,2026-05-22T10:42:36.393909Z,20260522T104236Z_batch01,NAOCBPP,2026-05-23T06:00:00Z,14 51 25.3,222.85541666666666,-18 54 20,-18.905555555555555,164.1,22.1,1.71,163.0,Map/Offsets,https://cgi.minorplanetcenter.net/cgi-bin/confirmeph2.cgi
20260522T104236Z,2026-05-22T10:42:36.393909Z,20260522T104236Z_batch01,NAOCBPP,2026-05-23T07:00:00Z,14 51 27.4,222.86416666666665,-18 55 58,-18.93277777777778,164.1,22.1,1.7,162.9,Map/Offsets,https://cgi.minorplanetcenter.net/cgi-bin/confirmeph2.cgi
20260522T104236Z,2026-05-22T10:42:36.393909Z,20260522T104236Z_batch01,NAOCBPP,2026-05-23T08:00:00Z,14 51 29.6,222.87333333333333,-18 57 36,-18.96,164.0,22.1,1.7,162.9,Map/Offsets,https://cgi.minorplanetcenter.net/cgi-bin/confirmeph2.cgi
20260522T104236Z,2026-05-22T10:42:36.393909Z,20260522T104236Z_batch01,NAOCBPP,2026-05-23T09:00:00Z,14 51 31.7,222.88208333333333,-18 59 13,-18.986944444444447,164.0,22.1,1.7,162.9,Map/Offsets,https://cgi.minorplanetcenter.net/cgi-bin/confirmeph2.cgi
20260522T104236Z,2026-05-22T10:42:36.393909Z,20260522T104236Z_batch01,8N2S001,2026-05-22T09:00:00Z,17 50 49.1,267.7045833333333,+17 35 20,17.58888888888889,132.6,19.2,17.37,207.9,Map/Offsets   !,https://cgi.minorplanetcenter.net/cgi-bin/confirmeph2.cgi
20260522T104236Z,2026-05-22T10:42:36.393909Z,20260522T104236Z_batch01,8N2S001,2026-05-22T10:00:00Z,17 50 14.8,267.56166666666667,+17 19 55,17.331944444444446,132.9,19.2,17.51,207.9,Map/Offsets   !,https://cgi.minorplanetcenter.net/cgi-bin/confirmeph2.cgi
20260522T104236Z,2026-05-22T10:42:36.393909Z,20260522T104236Z_batch01,8N2S001,2026-05-22T11:00:00Z,17 49 40.4,267.41833333333335,+17 04 23,17.073055555555555,133.2,19.2,17.64,207.9,Map/Offsets   !,https://cgi.minorplanetcenter.net/cgi-bin/confirmeph2.cgi
20260522T104236Z,2026-05-22T10:42:36.393909Z,20260522T104236Z_batch01,8N2S001,2026-05-22T12:00:00Z,17 49 05.8,267.27416666666664,+16 48 44,16.81222222222222,133.6,19.2,17.78,207.8,Map/Offsets   !,https://cgi.minorplanetcenter.net/cgi-bin/confirmeph2.cgi
20260522T104236Z,2026-05-22T10:42:36.393909Z,20260522T104236Z_batch01,8N2S001,2026-05-22T13:00:00Z,17 48 31.1,267.12958333333336,+16 32 56,16.54888888888889,133.9,19.2,17.91,207.8,Map/Offsets   !,https://cgi.minorplanetcenter.net/cgi-bin/confirmeph2.cgi
20260522T104236Z,2026-05-22T10:42:36.393909Z,20260522T104236Z_batch01,8N2S001,2026-05-22T14:00:00Z,17 47 56.2,266.9841666666667,+16 17 02,16.28388888888889,134.2,19.2,18.05,207.7,Map/Offsets   !,https://cgi.minorplanetcenter.net/cgi-bin/confirmeph2.cgi
20260522T104236Z,2026-05-22T10:42:36.393909Z,20260522T104236Z_batch01,8N2S001,2026-05-22T15:00:00Z,17 47 21.1,266.83791666666673,+16 00 59,16.01638888888889,134.5,19.2,18.19,207.7,Map/Offsets   !,https://cgi.minorplanetcenter.net/cgi-bin/confirmeph2.cgi
20260522T104236Z,2026-05-22T10:42:36.393909Z,20260522T104236Z_batch01,8N2S001,2026-05-22T16:00:00Z,17 46 45.8,266.69083333333333,+15 44 49,15.746944444444443,134.8,19.1,18.33,207.7,Map/Offsets   !,https://cgi.minorplanetcenter.net/cgi-bin/confirmeph2.cgi
20260522T104236Z,2026-05-22T10:42:36.393909Z,20260522T104236Z_batch01,8N2S001,2026-05-22T17:00:00Z,17 46 10.4,266.54333333333335,+15 28 31,15.475277777777778,135.1,19.1,18.47,207.6,Map/Offsets   !,https://cgi.minorplanetcenter.net/cgi-bin/confirmeph2.cgi
20260522T104236Z,2026-05-22T10:42:36.393909Z,20260522T104236Z_batch01,8N2S001,2026-05-22T18:00:00Z,17 45 34.8,266.39500000000004,+15 12 05,15.201388888888888,135.5,19.1,18.6,207.6,Map/Offsets   !,https://cgi.minorplanetcenter.net/cgi-bin/confirmeph2.cgi
20260522T104236Z,2026-05-22T10:42:36.393909Z,20260522T104236Z_batch01,8N2S001,2026-05-22T19:00:00Z,17 44 59.0,266.2458333333334,+14 55 32,14.925555555555555,135.8,19.1,18.74,207.5,Map/Offsets   !,https://cgi.minorplanetcenter.net/cgi-bin/confirmeph2.cgi
20260522T104236Z,2026-05-22T10:42:36.393909Z,20260522T104236Z_batch01,8N2S001,2026-05-22T20:00:00Z,17 44 23.0,266.09583333333336,+14 38 51,14.647499999999999,136.1,19.1,18.88,207.5,Map/Offsets   !,https://cgi.minorplanetcenter.net/cgi-bin/confirmeph2.cgi
20260522T104236Z,2026-05-22T10:42:36.393909Z,20260522T104236Z_batch01,8N2S001,2026-05-22T21:00:00Z,17 43 46.9,265.9454166666667,+14 22 02,14.367222222222223,136.4,19.1,19.02,207.5,Map/Offsets   !,https://cgi.minorplanetcenter.net/cgi-bin/confirmeph2.cgi
20260522T104236Z,2026-05-22T10:42:36.393909Z,20260522T104236Z_batch01,8N2S001,2026-05-22T22:00:00Z,17 43 10.6,265.7941666666666,+14 05 05,14.084722222222222,136.8,19.0,19.16,207.4,Map/Offsets   !,https://cgi.minorplanetcenter.net/cgi-bin/confirmeph2.cgi
20260522T104236Z,2026-05-22T10:42:36.393909Z,20260522T104236Z_batch01,8N2S001,2026-05-22T23:00:00Z,17 42 34.1,265.6420833333333,+13 48 01,13.800277777777778,137.1,19.0,19.31,207.4,Map/Offsets   !,https://cgi.minorplanetcenter.net/cgi-bin/confirmeph2.cgi
20260522T104236Z,2026-05-22T10:42:36.393909Z,20260522T104236Z_batch01,8N2S001,2026-05-23T00:00:00Z,17 41 57.4,265.4891666666667,+13 30 48,13.513333333333334,137.4,19.0,19.45,207.4,Map/Offsets   !,https://cgi.minorplanetcenter.net/cgi-bin/confirmeph2.cgi
20260522T104236Z,2026-05-22T10:42:36.393909Z,20260522T104236Z_batch01,8N2S001,2026-05-23T01:00:00Z,17 41 20.5,265.3354166666667,+13 13 28,13.224444444444444,137.8,19.0,19.59,207.3,Map/Offsets   !,https://cgi.minorplanetcenter.net/cgi-bin/confirmeph2.cgi
20260522T104236Z,2026-05-22T10:42:36.393909Z,20260522T104236Z_batch01,8N2S001,2026-05-23T02:00:00Z,17 40 43.5,265.18125000000003,+12 56 00,12.933333333333334,138.1,19.0,19.73,207.3,Map/Offsets   !,https://cgi.minorplanetcenter.net/cgi-bin/confirmeph2.cgi
20260522T104236Z,2026-05-22T10:42:36.393909Z,20260522T104236Z_batch01,8N2S001,2026-05-23T03:00:00Z,17 40 06.3,265.02625000000006,+12 38 24,12.639999999999999,138.5,19.0,19.87,207.3,Map/Offsets   !,https://cgi.minorplanetcenter.net/cgi-bin/confirmeph2.cgi
20260522T104236Z,2026-05-22T10:42:36.393909Z,20260522T104236Z_batch01,8N2S001,2026-05-23T04:00:00Z,17 39 28.9,264.87041666666664,+12 20 40,12.344444444444445,138.8,18.9,20.01,207.2,Map/Offsets   !,https://cgi.minorplanetcenter.net/cgi-bin/confirmeph2.cgi
20260522T104236Z,2026-05-22T10:42:36.393909Z,20260522T104236Z_batch01,8N2S001,2026-05-23T05:00:00Z,17 38 51.3,264.71375,+12 02 48,12.046666666666667,139.2,18.9,20.16,207.2,Map/Offsets   !,https://cgi.minorplanetcenter.net/cgi-bin/confirmeph2.cgi
20260522T104236Z,2026-05-22T10:42:36.393909Z,20260522T104236Z_batch01,8N2S001,2026-05-23T06:00:00Z,17 38 13.6,264.5566666666667,+11 44 49,11.746944444444443,139.5,18.9,20.3,207.2,Map/Offsets   !,https://cgi.minorplanetcenter.net/cgi-bin/confirmeph2.cgi
20260522T104236Z,2026-05-22T10:42:36.393909Z,20260522T104236Z_batch01,8N2S001,2026-05-23T07:00:00Z,17 37 35.6,264.3983333333333,+11 26 41,11.444722222222222,139.9,18.9,20.44,207.1,Map/Offsets   !,https://cgi.minorplanetcenter.net/cgi-bin/confirmeph2.cgi
20260522T104236Z,2026-05-22T10:42:36.393909Z,20260522T104236Z_batch01,8N2S001,2026-05-23T08:00:00Z,17 36 57.5,264.2395833333333,+11 08 26,11.140555555555554,140.2,18.9,20.58,207.1,Map/Offsets   !,https://cgi.minorplanetcenter.net/cgi-bin/confirmeph2.cgi
20260522T104236Z,2026-05-22T10:42:36.393909Z,20260522T104236Z_batch01,8N2S001,2026-05-23T09:00:00Z,17 36 19.2,264.08000000000004,+10 50 02,10.83388888888889,140.6,18.9,20.72,207.1,Map/Offsets   !,https://cgi.minorplanetcenter.net/cgi-bin/confirmeph2.cgi
20260522T104236Z,2026-05-22T10:42:36.393909Z,20260522T104236Z_batch01,Sar2899,2026-05-22T09:00:00Z,16 11 37.7,242.90708333333333,+11 48 10,11.802777777777779,147.6,20.5,21.36,264.4,Map/Offsets   !!,https://cgi.minorplanetcenter.net/cgi-bin/confirmeph2.cgi
20260522T104236Z,2026-05-22T10:42:36.393909Z,20260522T104236Z_batch01,Sar2899,2026-05-22T10:00:00Z,16 10 12.4,242.55166666666668,+11 46 07,11.768611111111111,147.7,20.6,20.63,264.4,Map/Offsets   !!,https://cgi.minorplanetcenter.net/cgi-bin/confirmeph2.cgi
20260522T104236Z,2026-05-22T10:42:36.393909Z,20260522T104236Z_batch01,Sar2899,2026-05-22T11:00:00Z,16 08 50.0,242.20833333333334,+11 44 06,11.735,147.7,20.6,19.93,264.3,Map/Offsets   !!,https://cgi.minorplanetcenter.net/cgi-bin/confirmeph2.cgi
20260522T104236Z,2026-05-22T10:42:36.393909Z,20260522T104236Z_batch01,Sar2899,2026-05-22T12:00:00Z,16 07 30.3,241.87625,+11 42 08,11.702222222222222,147.8,20.6,19.27,264.2,Map/Offsets   !!,https://cgi.minorplanetcenter.net/cgi-bin/confirmeph2.cgi
20260522T104236Z,2026-05-22T10:42:36.393909Z,20260522T104236Z_batch01,Sar2899,2026-05-22T13:00:00Z,16 06 13.3,241.5554166666667,+11 40 13,11.670277777777777,147.9,20.7,18.63,264.1,Map/Offsets   !!,https://cgi.minorplanetcenter.net/cgi-bin/confirmeph2.cgi
20260522T104236Z,2026-05-22T10:42:36.393909Z,20260522T104236Z_batch01,Sar2899,2026-05-22T14:00:00Z,16 04 58.9,241.24541666666664,+11 38 19,11.63861111111111,147.9,20.7,18.03,264.1,Map/Offsets   !!,https://cgi.minorplanetcenter.net/cgi-bin/confirmeph2.cgi
20260522T104236Z,2026-05-22T10:42:36.393909Z,20260522T104236Z_batch01,Sar2899,2026-05-22T15:00:00Z,16 03 46.8,240.94500000000005,+11 36 29,11.608055555555556,147.9,20.8,17.46,264.0,Map/Offsets   !!,https://cgi.minorplanetcenter.net/cgi-bin/confirmeph2.cgi
20260522T104236Z,2026-05-22T10:42:36.393909Z,20260522T104236Z_batch01,Sar2899,2026-05-22T16:00:00Z,16 02 37.0,240.65416666666667,+11 34 40,11.577777777777778,148.0,20.8,16.91,263.9,Map/Offsets   !!,https://cgi.minorplanetcenter.net/cgi-bin/confirmeph2.cgi
20260522T104236Z,2026-05-22T10:42:36.393909Z,20260522T104236Z_batch01,Sar2899,2026-05-22T17:00:00Z,16 01 29.5,240.37291666666667,+11 32 54,11.548333333333334,148.0,20.8,16.38,263.9,Map/Offsets   !!,https://cgi.minorplanetcenter.net/cgi-bin/confirmeph2.cgi
20260522T104236Z,2026-05-22T10:42:36.393909Z,20260522T104236Z_batch01,Sar2899,2026-05-22T18:00:00Z,16 00 24.0,240.10000000000002,+11 31 10,11.519444444444446,148.1,20.9,15.88,263.8,Map/Offsets   !!,https://cgi.minorplanetcenter.net/cgi-bin/confirmeph2.cgi
20260522T104236Z,2026-05-22T10:42:36.393909Z,20260522T104236Z_batch01,Sar2899,2026-05-22T19:00:00Z,15 59 20.5,239.83541666666665,+11 29 28,11.49111111111111,148.1,20.9,15.4,263.7,Map/Offsets   !!,https://cgi.minorplanetcenter.net/cgi-bin/confirmeph2.cgi
20260522T104236Z,2026-05-22T10:42:36.393909Z,20260522T104236Z_batch01,Sar2899,2026-05-22T20:00:00Z,15 58 19.0,239.57916666666668,+11 27 48,11.463333333333333,148.1,20.9,14.95,263.7,Map/Offsets   !!,https://cgi.minorplanetcenter.net/cgi-bin/confirmeph2.cgi
20260522T104236Z,2026-05-22T10:42:36.393909Z,20260522T104236Z_batch01,Sar2899,2026-05-22T21:00:00Z,15 57 19.2,239.32999999999998,+11 26 10,11.436111111111112,148.1,20.9,14.51,263.6,Map/Offsets   !!,https://cgi.minorplanetcenter.net/cgi-bin/confirmeph2.cgi
20260522T104236Z,2026-05-22T10:42:36.393909Z,20260522T104236Z_batch01,Sar2899,2026-05-22T22:00:00Z,15 56 21.3,239.08875,+11 24 34,11.409444444444444,148.1,21.0,14.09,263.5,Map/Offsets   !!,https://cgi.minorplanetcenter.net/cgi-bin/confirmeph2.cgi
20260522T104236Z,2026-05-22T10:42:36.393909Z,20260522T104236Z_batch01,Sar2899,2026-05-22T23:00:00Z,15 55 25.0,238.85416666666666,+11 23 00,11.383333333333333,148.2,21.0,13.68,263.5,Map/Offsets   !,https://cgi.minorplanetcenter.net/cgi-bin/confirmeph2.cgi
20260522T104236Z,2026-05-22T10:42:36.393909Z,20260522T104236Z_batch01,Sar2899,2026-05-23T00:00:00Z,15 54 30.3,238.62625000000003,+11 21 28,11.357777777777777,148.2,21.0,13.3,263.4,Map/Offsets   !,https://cgi.minorplanetcenter.net/cgi-bin/confirmeph2.cgi
20260522T104236Z,2026-05-22T10:42:36.393909Z,20260522T104236Z_batch01,Sar2899,2026-05-23T01:00:00Z,15 53 37.2,238.405,+11 19 57,11.3325,148.2,21.1,12.93,263.4,Map/Offsets   !,https://cgi.minorplanetcenter.net/cgi-bin/confirmeph2.cgi
20260522T104236Z,2026-05-22T10:42:36.393909Z,20260522T104236Z_batch01,Sar2899,2026-05-23T02:00:00Z,15 52 45.5,238.18958333333333,+11 18 29,11.308055555555557,148.2,21.1,12.57,263.3,Map/Offsets   !,https://cgi.minorplanetcenter.net/cgi-bin/confirmeph2.cgi
20260522T104236Z,2026-05-22T10:42:36.393909Z,20260522T104236Z_batch01,Sar2899,2026-05-23T03:00:00Z,15 51 55.3,237.98041666666668,+11 17 02,11.283888888888889,148.2,21.1,12.23,263.3,Map/Offsets   !,https://cgi.minorplanetcenter.net/cgi-bin/confirmeph2.cgi
20260522T104236Z,2026-05-22T10:42:36.393909Z,20260522T104236Z_batch01,Sar2899,2026-05-23T04:00:00Z,15 51 06.4,237.77666666666664,+11 15 37,11.260277777777778,148.2,21.2,11.9,263.2,Map/Offsets   !,https://cgi.minorplanetcenter.net/cgi-bin/confirmeph2.cgi
20260522T104236Z,2026-05-22T10:42:36.393909Z,20260522T104236Z_batch01,Sar2899,2026-05-23T05:00:00Z,15 50 18.8,237.57833333333335,+11 14 14,11.237222222222222,148.2,21.2,11.59,263.2,Map/Offsets   !,https://cgi.minorplanetcenter.net/cgi-bin/confirmeph2.cgi
20260522T104236Z,2026-05-22T10:42:36.393909Z,20260522T104236Z_batch01,Sar2899,2026-05-23T06:00:00Z,15 49 32.5,237.38541666666666,+11 12 52,11.214444444444444,148.2,21.2,11.28,263.1,Map/Offsets   !,https://cgi.minorplanetcenter.net/cgi-bin/confirmeph2.cgi
20260522T104236Z,2026-05-22T10:42:36.393909Z,20260522T104236Z_batch01,Sar2899,2026-05-23T07:00:00Z,15 48 47.5,237.19791666666669,+11 11 31,11.191944444444445,148.2,21.2,10.99,263.1,Map/Offsets   !,https://cgi.minorplanetcenter.net/cgi-bin/confirmeph2.cgi
20260522T104236Z,2026-05-22T10:42:36.393909Z,20260522T104236Z_batch01,Sar2899,2026-05-23T08:00:00Z,15 48 03.5,237.01458333333335,+11 10 13,11.170277777777777,148.2,21.3,10.71,263.0,Map/Offsets   !,https://cgi.minorplanetcenter.net/cgi-bin/confirmeph2.cgi
20260522T104236Z,2026-05-22T10:42:36.393909Z,20260522T104236Z_batch01,Sar2899,2026-05-23T09:00:00Z,15 47 20.8,236.83666666666667,+11 08 55,11.14861111111111,148.2,21.3,10.44,263.0,Map/Offsets   !,https://cgi.minorplanetcenter.net/cgi-bin/confirmeph2.cgi
20260522T104236Z,2026-05-22T10:42:36.393909Z,20260522T104236Z_batch01,CZYNHKZ,2026-05-22T09:00:00Z,16 22 49.7,245.70708333333334,+02 29 02,2.483888888888889,156.2,21.4,1.35,247.7,Map/Offsets   Map/Offsets,https://cgi.minorplanetcenter.net/cgi-bin/confirmeph2.cgi
20260522T104236Z,2026-05-22T10:42:36.393909Z,20260522T104236Z_batch01,CZYNHKZ,2026-05-22T10:00:00Z,16 22 44.7,245.68625,+02 28 32,2.4755555555555557,156.2,21.4,1.35,247.7,Map/Offsets   Map/Offsets,https://cgi.minorplanetcenter.net/cgi-bin/confirmeph2.cgi
20260522T104236Z,2026-05-22T10:42:36.393909Z,20260522T104236Z_batch01,CZYNHKZ,2026-05-22T11:00:00Z,16 22 39.7,245.66541666666666,+02 28 01,2.4669444444444446,156.2,21.4,1.35,247.7,Map/Offsets   Map/Offsets,https://cgi.minorplanetcenter.net/cgi-bin/confirmeph2.cgi
20260522T104236Z,2026-05-22T10:42:36.393909Z,20260522T104236Z_batch01,CZYNHKZ,2026-05-22T12:00:00Z,16 22 34.7,245.64458333333337,+02 27 30,2.4583333333333335,156.2,21.4,1.35,247.6,Map/Offsets   Map/Offsets,https://cgi.minorplanetcenter.net/cgi-bin/confirmeph2.cgi
20260522T104236Z,2026-05-22T10:42:36.393909Z,20260522T104236Z_batch01,CZYNHKZ,2026-05-22T13:00:00Z,16 22 29.7,245.62375,+02 26 59,2.4497222222222224,156.3,21.4,1.35,247.6,Map/Offsets   Map/Offsets,https://cgi.minorplanetcenter.net/cgi-bin/confirmeph2.cgi
20260522T104236Z,2026-05-22T10:42:36.393909Z,20260522T104236Z_batch01,CZYNHKZ,2026-05-22T14:00:00Z,16 22 24.7,245.60291666666666,+02 26 28,2.4411111111111112,156.3,21.4,1.35,247.5,Map/Offsets   Map/Offsets,https://cgi.minorplanetcenter.net/cgi-bin/confirmeph2.cgi
20260522T104236Z,2026-05-22T10:42:36.393909Z,20260522T104236Z_batch01,CZYNHKZ,2026-05-22T15:00:00Z,16 22 19.7,245.58208333333337,+02 25 57,2.4324999999999997,156.3,21.4,1.35,247.5,Map/Offsets   Map/Offsets,https://cgi.minorplanetcenter.net/cgi-bin/confirmeph2.cgi
20260522T104236Z,2026-05-22T10:42:36.393909Z,20260522T104236Z_batch01,CZYNHKZ,2026-05-22T16:00:00Z,16 22 14.7,245.56125000000003,+02 25 26,2.4238888888888885,156.3,21.4,1.35,247.4,Map/Offsets   Map/Offsets,https://cgi.minorplanetcenter.net/cgi-bin/confirmeph2.cgi
20260522T104236Z,2026-05-22T10:42:36.393909Z,20260522T104236Z_batch01,CZYNHKZ,2026-05-22T17:00:00Z,16 22 09.7,245.54041666666666,+02 24 55,2.415277777777778,156.3,21.4,1.35,247.4,Map/Offsets   Map/Offsets,https://cgi.minorplanetcenter.net/cgi-bin/confirmeph2.cgi
20260522T104236Z,2026-05-22T10:42:36.393909Z,20260522T104236Z_batch01,CZYNHKZ,2026-05-22T18:00:00Z,16 22 04.7,245.51958333333332,+02 24 24,2.4066666666666667,156.3,21.4,1.35,247.3,Map/Offsets   Map/Offsets,https://cgi.minorplanetcenter.net/cgi-bin/confirmeph2.cgi
20260522T104236Z,2026-05-22T10:42:36.393909Z,20260522T104236Z_batch01,CZYNHKZ,2026-05-22T19:00:00Z,16 21 59.7,245.49875000000003,+02 23 53,2.3980555555555556,156.4,21.4,1.35,247.3,Map/Offsets   Map/Offsets,https://cgi.minorplanetcenter.net/cgi-bin/confirmeph2.cgi
20260522T104236Z,2026-05-22T10:42:36.393909Z,20260522T104236Z_batch01,CZYNHKZ,2026-05-22T20:00:00Z,16 21 54.7,245.47791666666666,+02 23 21,2.3891666666666667,156.4,21.4,1.35,247.3,Map/Offsets   Map/Offsets,https://cgi.minorplanetcenter.net/cgi-bin/confirmeph2.cgi
20260522T104236Z,2026-05-22T10:42:36.393909Z,20260522T104236Z_batch01,CZYNHKZ,2026-05-22T21:00:00Z,16 21 49.8,245.45750000000004,+02 22 50,2.3805555555555555,156.4,21.4,1.35,247.2,Map/Offsets   Map/Offsets,https://cgi.minorplanetcenter.net/cgi-bin/confirmeph2.cgi
20260522T104236Z,2026-05-22T10:42:36.393909Z,20260522T104236Z_batch01,CZYNHKZ,2026-05-22T22:00:00Z,16 21 44.8,245.4366666666667,+02 22 18,2.3716666666666666,156.4,21.4,1.35,247.2,Map/Offsets   Map/Offsets,https://cgi.minorplanetcenter.net/cgi-bin/confirmeph2.cgi
20260522T104236Z,2026-05-22T10:42:36.393909Z,20260522T104236Z_batch01,CZYNHKZ,2026-05-22T23:00:00Z,16 21 39.8,245.41583333333332,+02 21 47,2.3630555555555555,156.4,21.4,1.36,247.1,Map/Offsets   Map/Offsets,https://cgi.minorplanetcenter.net/cgi-bin/confirmeph2.cgi
20260522T104236Z,2026-05-22T10:42:36.393909Z,20260522T104236Z_batch01,CZYNHKZ,2026-05-23T00:00:00Z,16 21 34.8,245.39500000000004,+02 21 15,2.354166666666667,156.4,21.4,1.36,247.1,Map/Offsets   Map/Offsets,https://cgi.minorplanetcenter.net/cgi-bin/confirmeph2.cgi
20260522T104236Z,2026-05-22T10:42:36.393909Z,20260522T104236Z_batch01,CZYNHKZ,2026-05-23T01:00:00Z,16 21 29.8,245.3741666666667,+02 20 43,2.345277777777778,156.5,21.4,1.36,247.0,Map/Offsets   Map/Offsets,https://cgi.minorplanetcenter.net/cgi-bin/confirmeph2.cgi
20260522T104236Z,2026-05-22T10:42:36.393909Z,20260522T104236Z_batch01,CZYNHKZ,2026-05-23T02:00:00Z,16 21 24.8,245.35333333333335,+02 20 12,2.336666666666667,156.5,21.4,1.36,247.0,Map/Offsets   Map/Offsets,https://cgi.minorplanetcenter.net/cgi-bin/confirmeph2.cgi
20260522T104236Z,2026-05-22T10:42:36.393909Z,20260522T104236Z_batch01,CZYNHKZ,2026-05-23T03:00:00Z,16 21 19.8,245.33250000000004,+02 19 40,2.3277777777777775,156.5,21.4,1.36,246.9,Map/Offsets   Map/Offsets,https://cgi.minorplanetcenter.net/cgi-bin/confirmeph2.cgi
20260522T104236Z,2026-05-22T10:42:36.393909Z,20260522T104236Z_batch01,CZYNHKZ,2026-05-23T04:00:00Z,16 21 14.8,245.3116666666667,+02 19 08,2.3188888888888886,156.5,21.4,1.36,246.9,Map/Offsets   Map/Offsets,https://cgi.minorplanetcenter.net/cgi-bin/confirmeph2.cgi
20260522T104236Z,2026-05-22T10:42:36.393909Z,20260522T104236Z_batch01,CZYNHKZ,2026-05-23T05:00:00Z,16 21 09.8,245.29083333333335,+02 18 36,2.3099999999999996,156.5,21.4,1.36,246.9,Map/Offsets   Map/Offsets,https://cgi.minorplanetcenter.net/cgi-bin/confirmeph2.cgi
20260522T104236Z,2026-05-22T10:42:36.393909Z,20260522T104236Z_batch01,CZYNHKZ,2026-05-23T06:00:00Z,16 21 04.7,245.26958333333334,+02 18 04,2.301111111111111,156.5,21.4,1.36,246.8,Map/Offsets   Map/Offsets,https://cgi.minorplanetcenter.net/cgi-bin/confirmeph2.cgi
20260522T104236Z,2026-05-22T10:42:36.393909Z,20260522T104236Z_batch01,CZYNHKZ,2026-05-23T07:00:00Z,16 20 59.7,245.24874999999997,+02 17 32,2.292222222222222,156.5,21.4,1.36,246.8,Map/Offsets   Map/Offsets,https://cgi.minorplanetcenter.net/cgi-bin/confirmeph2.cgi
20260522T104236Z,2026-05-22T10:42:36.393909Z,20260522T104236Z_batch01,CZYNHKZ,2026-05-23T08:00:00Z,16 20 54.7,245.22791666666663,+02 16 59,2.2830555555555554,156.6,21.4,1.36,246.7,Map/Offsets   Map/Offsets,https://cgi.minorplanetcenter.net/cgi-bin/confirmeph2.cgi
20260522T104236Z,2026-05-22T10:42:36.393909Z,20260522T104236Z_batch01,CZYNHKZ,2026-05-23T09:00:00Z,16 20 49.7,245.20708333333334,+02 16 27,2.2741666666666664,156.6,21.4,1.36,246.7,Map/Offsets   Map/Offsets,https://cgi.minorplanetcenter.net/cgi-bin/confirmeph2.cgi
20260522T104236Z,2026-05-22T10:42:36.393909Z,20260522T104236Z_batch01,P22nfmx,2026-05-22T09:00:00Z,14 25 26.3,216.35958333333332,+01 31 41,1.5280555555555555,149.0,21.2,5.69,86.8,Map/Offsets,https://cgi.minorplanetcenter.net/cgi-bin/confirmeph2.cgi
20260522T104236Z,2026-05-22T10:42:36.393909Z,20260522T104236Z_batch01,P22nfmx,2026-05-22T10:00:00Z,14 25 49.1,216.45458333333332,+01 32 00,1.5333333333333332,149.0,21.2,5.68,86.8,Map/Offsets,https://cgi.minorplanetcenter.net/cgi-bin/confirmeph2.cgi
20260522T104236Z,2026-05-22T10:42:36.393909Z,20260522T104236Z_batch01,P22nfmx,2026-05-22T11:00:00Z,14 26 11.7,216.54874999999998,+01 32 19,1.538611111111111,149.0,21.2,5.67,86.8,Map/Offsets,https://cgi.minorplanetcenter.net/cgi-bin/confirmeph2.cgi
20260522T104236Z,2026-05-22T10:42:36.393909Z,20260522T104236Z_batch01,P22nfmx,2026-05-22T12:00:00Z,14 26 34.4,216.64333333333335,+01 32 38,1.5438888888888889,149.1,21.2,5.66,86.8,Map/Offsets,https://cgi.minorplanetcenter.net/cgi-bin/confirmeph2.cgi
20260522T104236Z,2026-05-22T10:42:36.393909Z,20260522T104236Z_batch01,P22nfmx,2026-05-22T13:00:00Z,14 26 57.0,216.7375,+01 32 57,1.5491666666666666,149.1,21.2,5.65,86.9,Map/Offsets,https://cgi.minorplanetcenter.net/cgi-bin/confirmeph2.cgi
20260522T104236Z,2026-05-22T10:42:36.393909Z,20260522T104236Z_batch01,P22nfmx,2026-05-22T14:00:00Z,14 27 19.5,216.83124999999998,+01 33 15,1.5541666666666667,149.1,21.2,5.64,86.9,Map/Offsets,https://cgi.minorplanetcenter.net/cgi-bin/confirmeph2.cgi
20260522T104236Z,2026-05-22T10:42:36.393909Z,20260522T104236Z_batch01,P22nfmx,2026-05-22T15:00:00Z,14 27 42.0,216.92499999999998,+01 33 33,1.5591666666666668,149.2,21.2,5.63,86.9,Map/Offsets,https://cgi.minorplanetcenter.net/cgi-bin/confirmeph2.cgi
20260522T104236Z,2026-05-22T10:42:36.393909Z,20260522T104236Z_batch01,P22nfmx,2026-05-22T16:00:00Z,14 28 04.5,217.01875,+01 33 52,1.5644444444444445,149.2,21.2,5.62,86.9,Map/Offsets,https://cgi.minorplanetcenter.net/cgi-bin/confirmeph2.cgi
20260522T104236Z,2026-05-22T10:42:36.393909Z,20260522T104236Z_batch01,P22nfmx,2026-05-22T17:00:00Z,14 28 26.9,217.11208333333335,+01 34 10,1.5694444444444444,149.2,21.2,5.61,86.9,Map/Offsets,https://cgi.minorplanetcenter.net/cgi-bin/confirmeph2.cgi
20260522T104236Z,2026-05-22T10:42:36.393909Z,20260522T104236Z_batch01,P22nfmx,2026-05-22T18:00:00Z,14 28 49.3,217.20541666666668,+01 34 28,1.5744444444444445,149.2,21.2,5.59,86.9,Map/Offsets,https://cgi.minorplanetcenter.net/cgi-bin/confirmeph2.cgi
20260522T104236Z,2026-05-22T10:42:36.393909Z,20260522T104236Z_batch01,P22nfmx,2026-05-22T19:00:00Z,14 29 11.6,217.29833333333332,+01 34 46,1.5794444444444444,149.3,21.2,5.58,87.0,Map/Offsets,https://cgi.minorplanetcenter.net/cgi-bin/confirmeph2.cgi
20260522T104236Z,2026-05-22T10:42:36.393909Z,20260522T104236Z_batch01,P22nfmx,2026-05-22T20:00:00Z,14 29 33.9,217.39124999999999,+01 35 03,1.5841666666666667,149.3,21.2,5.57,87.0,Map/Offsets,https://cgi.minorplanetcenter.net/cgi-bin/confirmeph2.cgi
20260522T104236Z,2026-05-22T10:42:36.393909Z,20260522T104236Z_batch01,P22nfmx,2026-05-22T21:00:00Z,14 29 56.2,217.48416666666665,+01 35 21,1.5891666666666668,149.3,21.2,5.56,87.0,Map/Offsets,https://cgi.minorplanetcenter.net/cgi-bin/confirmeph2.cgi
20260522T104236Z,2026-05-22T10:42:36.393909Z,20260522T104236Z_batch01,P22nfmx,2026-05-22T22:00:00Z,14 30 18.4,217.57666666666665,+01 35 38,1.5938888888888891,149.3,21.2,5.55,87.0,Map/Offsets,https://cgi.minorplanetcenter.net/cgi-bin/confirmeph2.cgi
20260522T104236Z,2026-05-22T10:42:36.393909Z,20260522T104236Z_batch01,P22nfmx,2026-05-22T23:00:00Z,14 30 40.5,217.66875000000002,+01 35 56,1.598888888888889,149.4,21.3,5.54,87.0,Map/Offsets,https://cgi.minorplanetcenter.net/cgi-bin/confirmeph2.cgi
20260522T104236Z,2026-05-22T10:42:36.393909Z,20260522T104236Z_batch01,P22nfmx,2026-05-23T00:00:00Z,14 31 02.6,217.76083333333335,+01 36 13,1.603611111111111,149.4,21.3,5.53,87.0,Map/Offsets,https://cgi.minorplanetcenter.net/cgi-bin/confirmeph2.cgi
20260522T104236Z,2026-05-22T10:42:36.393909Z,20260522T104236Z_batch01,P22nfmx,2026-05-23T01:00:00Z,14 31 24.7,217.85291666666666,+01 36 30,1.6083333333333334,149.4,21.3,5.52,87.1,Map/Offsets,https://cgi.minorplanetcenter.net/cgi-bin/confirmeph2.cgi
20260522T104236Z,2026-05-22T10:42:36.393909Z,20260522T104236Z_batch01,P22nfmx,2026-05-23T02:00:00Z,14 31 46.7,217.94458333333336,+01 36 47,1.6130555555555557,149.4,21.3,5.5,87.1,Map/Offsets,https://cgi.minorplanetcenter.net/cgi-bin/confirmeph2.cgi
20260522T104236Z,2026-05-22T10:42:36.393909Z,20260522T104236Z_batch01,P22nfmx,2026-05-23T03:00:00Z,14 32 08.7,218.03625,+01 37 03,1.6175,149.5,21.3,5.49,87.1,Map/Offsets,https://cgi.minorplanetcenter.net/cgi-bin/confirmeph2.cgi
20260522T104236Z,2026-05-22T10:42:36.393909Z,20260522T104236Z_batch01,P22nfmx,2026-05-23T04:00:00Z,14 32 30.6,218.1275,+01 37 20,1.6222222222222222,149.5,21.3,5.48,87.1,Map/Offsets,https://cgi.minorplanetcenter.net/cgi-bin/confirmeph2.cgi
20260522T104236Z,2026-05-22T10:42:36.393909Z,20260522T104236Z_batch01,P22nfmx,2026-05-23T05:00:00Z,14 32 52.5,218.21875,+01 37 36,1.6266666666666667,149.5,21.3,5.47,87.1,Map/Offsets,https://cgi.minorplanetcenter.net/cgi-bin/confirmeph2.cgi
20260522T104236Z,2026-05-22T10:42:36.393909Z,20260522T104236Z_batch01,P22nfmx,2026-05-23T06:00:00Z,14 33 14.3,218.30958333333334,+01 37 53,1.631388888888889,149.5,21.3,5.46,87.2,Map/Offsets,https://cgi.minorplanetcenter.net/cgi-bin/confirmeph2.cgi
20260522T104236Z,2026-05-22T10:42:36.393909Z,20260522T104236Z_batch01,P22nfmx,2026-05-23T07:00:00Z,14 33 36.1,218.40041666666667,+01 38 09,1.6358333333333333,149.6,21.3,5.45,87.2,Map/Offsets,https://cgi.minorplanetcenter.net/cgi-bin/confirmeph2.cgi
20260522T104236Z,2026-05-22T10:42:36.393909Z,20260522T104236Z_batch01,P22nfmx,2026-05-23T08:00:00Z,14 33 57.9,218.49125,+01 38 25,1.6402777777777777,149.6,21.3,5.44,87.2,Map/Offsets,https://cgi.minorplanetcenter.net/cgi-bin/confirmeph2.cgi
20260522T104236Z,2026-05-22T10:42:36.393909Z,20260522T104236Z_batch01,P22nfmx,2026-05-23T09:00:00Z,14 34 19.6,218.58166666666668,+01 38 41,1.6447222222222222,149.6,21.3,5.43,87.2,Map/Offsets,https://cgi.minorplanetcenter.net/cgi-bin/confirmeph2.cgi
20260522T104236Z,2026-05-22T10:42:36.393909Z,20260522T104236Z_batch01,C46CD31,2026-05-22T09:00:00Z,21 56 31.8,329.1325,-05 52 41,-5.878055555555556,91.7,20.3,202.1,89.5,Map/Offsets   !!,https://cgi.minorplanetcenter.net/cgi-bin/confirmeph2.cgi
20260522T104236Z,2026-05-22T10:42:36.393909Z,20260522T104236Z_batch01,C46CD31,2026-05-22T10:00:00Z,22 09 32.8,332.38666666666666,-05 50 28,-5.841111111111111,88.7,20.5,186.5,89.2,Map/Offsets   !!,https://cgi.minorplanetcenter.net/cgi-bin/confirmeph2.cgi
20260522T104236Z,2026-05-22T10:42:36.393909Z,20260522T104236Z_batch01,C46CD31,2026-05-22T11:00:00Z,22 21 32.5,335.3854166666667,-05 47 26,-5.790555555555556,86.0,20.7,171.7,88.9,Map/Offsets   !!,https://cgi.minorplanetcenter.net/cgi-bin/confirmeph2.cgi
20260522T104236Z,2026-05-22T10:42:36.393909Z,20260522T104236Z_batch01,C46CD31,2026-05-22T12:00:00Z,22 32 34.3,338.1429166666667,-05 43 48,-5.73,83.4,20.9,157.8,88.6,Map/Offsets   !!,https://cgi.minorplanetcenter.net/cgi-bin/confirmeph2.cgi
20260522T104236Z,2026-05-22T10:42:36.393909Z,20260522T104236Z_batch01,C46CD31,2026-05-22T13:00:00Z,22 42 42.3,340.67625,-05 39 46,-5.662777777777778,81.1,21.1,145.0,88.3,Map/Offsets   !!,https://cgi.minorplanetcenter.net/cgi-bin/confirmeph2.cgi
20260522T104236Z,2026-05-22T10:42:36.393909Z,20260522T104236Z_batch01,C46CD31,2026-05-22T14:00:00Z,22 52 00.6,343.0025,-05 35 29,-5.591388888888889,78.9,21.3,133.2,88.1,Map/Offsets   !!,https://cgi.minorplanetcenter.net/cgi-bin/confirmeph2.cgi
20260522T104236Z,2026-05-22T10:42:36.393909Z,20260522T104236Z_batch01,C46CD31,2026-05-22T15:00:00Z,23 00 33.4,345.1391666666667,-05 31 04,-5.517777777777778,77.0,21.5,122.4,87.9,Map/Offsets   !!,https://cgi.minorplanetcenter.net/cgi-bin/confirmeph2.cgi
20260522T104236Z,2026-05-22T10:42:36.393909Z,20260522T104236Z_batch01,C46CD31,2026-05-22T16:00:00Z,23 08 24.8,347.1033333333333,-05 26 36,-5.443333333333333,75.2,21.7,112.6,87.7,Map/Offsets   !!,https://cgi.minorplanetcenter.net/cgi-bin/confirmeph2.cgi
20260522T104236Z,2026-05-22T10:42:36.393909Z,20260522T104236Z_batch01,C46CD31,2026-05-22T17:00:00Z,23 15 38.7,348.91125,-05 22 09,-5.369166666666667,73.5,21.8,103.7,87.6,Map/Offsets   !!,https://cgi.minorplanetcenter.net/cgi-bin/confirmeph2.cgi
20260522T104236Z,2026-05-22T10:42:36.393909Z,20260522T104236Z_batch01,C46CD31,2026-05-22T18:00:00Z,23 22 18.7,350.5779166666667,-05 17 46,-5.296111111111111,72.0,22.0,95.69,87.4,Map/Offsets   !!,https://cgi.minorplanetcenter.net/cgi-bin/confirmeph2.cgi
20260522T104236Z,2026-05-22T10:42:36.393909Z,20260522T104236Z_batch01,C46CD31,2026-05-22T19:00:00Z,23 28 27.8,352.11583333333334,-05 13 29,-5.224722222222223,70.6,22.2,88.43,87.3,Map/Offsets   !!,https://cgi.minorplanetcenter.net/cgi-bin/confirmeph2.cgi
20260522T104236Z,2026-05-22T10:42:36.393909Z,20260522T104236Z_batch01,C46CD31,2026-05-22T20:00:00Z,23 34 09.1,353.53791666666666,-05 09 19,-5.155277777777778,69.4,22.3,81.86,87.1,Map/Offsets   !!,https://cgi.minorplanetcenter.net/cgi-bin/confirmeph2.cgi
20260522T104236Z,2026-05-22T10:42:36.393909Z,20260522T104236Z_batch01,C46CD31,2026-05-22T21:00:00Z,23 39 25.3,354.85541666666666,-05 05 17,-5.088055555555555,68.2,22.5,75.91,87.0,Map/Offsets   !!,https://cgi.minorplanetcenter.net/cgi-bin/confirmeph2.cgi
20260522T104236Z,2026-05-22T10:42:36.393909Z,20260522T104236Z_batch01,C46CD31,2026-05-22T22:00:00Z,23 44 18.7,356.0779166666667,-05 01 24,-5.023333333333333,67.1,22.6,70.52,86.9,Map/Offsets   !!,https://cgi.minorplanetcenter.net/cgi-bin/confirmeph2.cgi
20260522T104236Z,2026-05-22T10:42:36.393909Z,20260522T104236Z_batch01,C46CD31,2026-05-22T23:00:00Z,23 48 51.5,357.21458333333334,-04 57 40,-4.961111111111111,66.1,22.8,65.63,86.8,Map/Offsets   !!,https://cgi.minorplanetcenter.net/cgi-bin/confirmeph2.cgi
20260522T104236Z,2026-05-22T10:42:36.393909Z,20260522T104236Z_batch01,C46CD31,2026-05-23T00:00:00Z,23 53 05.5,358.2729166666667,-04 54 05,-4.9013888888888895,65.1,22.9,61.19,86.7,Map/Offsets   !!,https://cgi.minorplanetcenter.net/cgi-bin/confirmeph2.cgi
20260522T104236Z,2026-05-22T10:42:36.393909Z,20260522T104236Z_batch01,C46CD31,2026-05-23T01:00:00Z,23 57 02.5,359.2604166666667,-04 50 39,-4.844166666666666,64.3,23.0,57.15,86.6,Map/Offsets   !,https://cgi.minorplanetcenter.net/cgi-bin/confirmeph2.cgi
20260522T104236Z,2026-05-22T10:42:36.393909Z,20260522T104236Z_batch01,C46CD31,2026-05-23T02:00:00Z,00 00 44.1,0.18375,-04 47 22,-4.789444444444444,63.4,23.2,53.47,86.6,Map/Offsets   !,https://cgi.minorplanetcenter.net/cgi-bin/confirmeph2.cgi
20260522T104236Z,2026-05-22T10:42:36.393909Z,20260522T104236Z_batch01,C46CD31,2026-05-23T03:00:00Z,00 04 11.5,1.0479166666666666,-04 44 13,-4.736944444444444,62.7,23.3,50.11,86.5,Map/Offsets   !,https://cgi.minorplanetcenter.net/cgi-bin/confirmeph2.cgi
20260522T104236Z,2026-05-22T10:42:36.393909Z,20260522T104236Z_batch01,C46CD31,2026-05-23T04:00:00Z,00 07 25.9,1.8579166666666667,-04 41 12,-4.6866666666666665,62.0,23.4,47.04,86.4,Map/Offsets   !,https://cgi.minorplanetcenter.net/cgi-bin/confirmeph2.cgi
20260522T104236Z,2026-05-22T10:42:36.393909Z,20260522T104236Z_batch01,C46CD31,2026-05-23T05:00:00Z,00 10 28.6,2.6191666666666666,-04 38 19,-4.638611111111111,61.3,23.5,44.23,86.3,Map/Offsets   !,https://cgi.minorplanetcenter.net/cgi-bin/confirmeph2.cgi
20260522T104236Z,2026-05-22T10:42:36.393909Z,20260522T104236Z_batch01,C46CD31,2026-05-23T06:00:00Z,00 13 20.5,3.3354166666666667,-04 35 34,-4.592777777777777,60.7,23.6,41.65,86.3,Map/Offsets   !,https://cgi.minorplanetcenter.net/cgi-bin/confirmeph2.cgi
20260522T104236Z,2026-05-22T10:42:36.393909Z,20260522T104236Z_batch01,C46CD31,2026-05-23T07:00:00Z,00 16 02.5,4.010416666666667,-04 32 56,-4.5488888888888885,60.1,23.7,39.27,86.2,Map/Offsets   !,https://cgi.minorplanetcenter.net/cgi-bin/confirmeph2.cgi
20260522T104236Z,2026-05-22T10:42:36.393909Z,20260522T104236Z_batch01,C46CD31,2026-05-23T08:00:00Z,00 18 35.3,4.647083333333334,-04 30 24,-4.506666666666667,59.6,23.8,37.09,86.2,Map/Offsets   !,https://cgi.minorplanetcenter.net/cgi-bin/confirmeph2.cgi
20260522T104236Z,2026-05-22T10:42:36.393909Z,20260522T104236Z_batch01,C46CD31,2026-05-23T09:00:00Z,00 20 59.6,5.248333333333333,-04 27 59,-4.466388888888889,59.1,23.9,35.07,86.1,Map/Offsets   !,https://cgi.minorplanetcenter.net/cgi-bin/confirmeph2.cgi
20260522T104236Z,2026-05-22T10:42:36.393909Z,20260522T104236Z_batch01,ST26ED8,2026-05-22T09:00:00Z,17 45 36.5,266.40208333333334,+15 16 53,15.28138888888889,135.2,20.2,23.15,332.6,Map/Offsets   !,https://cgi.minorplanetcenter.net/cgi-bin/confirmeph2.cgi
20260522T104236Z,2026-05-22T10:42:36.393909Z,20260522T104236Z_batch01,ST26ED8,2026-05-22T10:00:00Z,17 44 52.5,266.21875,+15 37 21,15.6225,135.1,20.2,22.95,332.6,Map/Offsets   !,https://cgi.minorplanetcenter.net/cgi-bin/confirmeph2.cgi
20260522T104236Z,2026-05-22T10:42:36.393909Z,20260522T104236Z_batch01,ST26ED8,2026-05-22T11:00:00Z,17 44 08.7,266.03625,+15 57 38,15.960555555555555,134.9,20.2,22.74,332.5,Map/Offsets   !,https://cgi.minorplanetcenter.net/cgi-bin/confirmeph2.cgi
20260522T104236Z,2026-05-22T10:42:36.393909Z,20260522T104236Z_batch01,ST26ED8,2026-05-22T12:00:00Z,17 43 25.2,265.855,+16 17 43,16.29527777777778,134.8,20.3,22.54,332.5,Map/Offsets   !,https://cgi.minorplanetcenter.net/cgi-bin/confirmeph2.cgi
20260522T104236Z,2026-05-22T10:42:36.393909Z,20260522T104236Z_batch01,ST26ED8,2026-05-22T13:00:00Z,17 42 41.9,265.6745833333333,+16 37 37,16.626944444444444,134.6,20.3,22.34,332.4,Map/Offsets   !,https://cgi.minorplanetcenter.net/cgi-bin/confirmeph2.cgi
20260522T104236Z,2026-05-22T10:42:36.393909Z,20260522T104236Z_batch01,ST26ED8,2026-05-22T14:00:00Z,17 41 58.9,265.49541666666664,+16 57 19,16.955277777777777,134.5,20.3,22.14,332.4,Map/Offsets   !,https://cgi.minorplanetcenter.net/cgi-bin/confirmeph2.cgi
20260522T104236Z,2026-05-22T10:42:36.393909Z,20260522T104236Z_batch01,ST26ED8,2026-05-22T15:00:00Z,17 41 16.1,265.31708333333336,+17 16 50,17.280555555555555,134.4,20.3,21.94,332.3,Map/Offsets   !,https://cgi.minorplanetcenter.net/cgi-bin/confirmeph2.cgi
20260522T104236Z,2026-05-22T10:42:36.393909Z,20260522T104236Z_batch01,ST26ED8,2026-05-22T16:00:00Z,17 40 33.5,265.13958333333335,+17 36 10,17.602777777777778,134.2,20.3,21.74,332.3,Map/Offsets   !,https://cgi.minorplanetcenter.net/cgi-bin/confirmeph2.cgi
20260522T104236Z,2026-05-22T10:42:36.393909Z,20260522T104236Z_batch01,ST26ED8,2026-05-22T17:00:00Z,17 39 51.1,264.9629166666667,+17 55 19,17.921944444444446,134.1,20.3,21.54,332.2,Map/Offsets   !,https://cgi.minorplanetcenter.net/cgi-bin/confirmeph2.cgi
20260522T104236Z,2026-05-22T10:42:36.393909Z,20260522T104236Z_batch01,ST26ED8,2026-05-22T18:00:00Z,17 39 09.0,264.7875,+18 14 17,18.238055555555558,133.9,20.3,21.34,332.1,Map/Offsets   !,https://cgi.minorplanetcenter.net/cgi-bin/confirmeph2.cgi
20260522T104236Z,2026-05-22T10:42:36.393909Z,20260522T104236Z_batch01,ST26ED8,2026-05-22T19:00:00Z,17 38 27.1,264.61291666666665,+18 33 03,18.550833333333333,133.8,20.4,21.15,332.1,Map/Offsets   !,https://cgi.minorplanetcenter.net/cgi-bin/confirmeph2.cgi
20260522T104236Z,2026-05-22T10:42:36.393909Z,20260522T104236Z_batch01,ST26ED8,2026-05-22T20:00:00Z,17 37 45.4,264.43916666666667,+18 51 39,18.860833333333336,133.6,20.4,20.95,332.0,Map/Offsets   !,https://cgi.minorplanetcenter.net/cgi-bin/confirmeph2.cgi
20260522T104236Z,2026-05-22T10:42:36.393909Z,20260522T104236Z_batch01,ST26ED8,2026-05-22T21:00:00Z,17 37 03.9,264.26625,+19 10 04,19.16777777777778,133.4,20.4,20.76,331.9,Map/Offsets   !,https://cgi.minorplanetcenter.net/cgi-bin/confirmeph2.cgi
20260522T104236Z,2026-05-22T10:42:36.393909Z,20260522T104236Z_batch01,ST26ED8,2026-05-22T22:00:00Z,17 36 22.7,264.0945833333334,+19 28 18,19.471666666666664,133.3,20.4,20.57,331.9,Map/Offsets   !,https://cgi.minorplanetcenter.net/cgi-bin/confirmeph2.cgi
20260522T104236Z,2026-05-22T10:42:36.393909Z,20260522T104236Z_batch01,ST26ED8,2026-05-22T23:00:00Z,17 35 41.7,263.92375,+19 46 20,19.772222222222222,133.1,20.4,20.37,331.8,Map/Offsets   !,https://cgi.minorplanetcenter.net/cgi-bin/confirmeph2.cgi
20260522T104236Z,2026-05-22T10:42:36.393909Z,20260522T104236Z_batch01,ST26ED8,2026-05-23T00:00:00Z,17 35 00.9,263.75375,+20 04 13,20.07027777777778,133.0,20.4,20.18,331.8,Map/Offsets   !,https://cgi.minorplanetcenter.net/cgi-bin/confirmeph2.cgi
20260522T104236Z,2026-05-22T10:42:36.393909Z,20260522T104236Z_batch01,ST26ED8,2026-05-23T01:00:00Z,17 34 20.4,263.585,+20 21 54,20.365000000000002,132.8,20.4,19.99,331.7,Map/Offsets   !,https://cgi.minorplanetcenter.net/cgi-bin/confirmeph2.cgi
20260522T104236Z,2026-05-22T10:42:36.393909Z,20260522T104236Z_batch01,ST26ED8,2026-05-23T02:00:00Z,17 33 40.0,263.4166666666667,+20 39 25,20.65694444444444,132.7,20.4,19.81,331.6,Map/Offsets   !,https://cgi.minorplanetcenter.net/cgi-bin/confirmeph2.cgi
20260522T104236Z,2026-05-22T10:42:36.393909Z,20260522T104236Z_batch01,ST26ED8,2026-05-23T03:00:00Z,17 32 59.9,263.24958333333336,+20 56 46,20.94611111111111,132.5,20.5,19.62,331.6,Map/Offsets   !,https://cgi.minorplanetcenter.net/cgi-bin/confirmeph2.cgi
20260522T104236Z,2026-05-22T10:42:36.393909Z,20260522T104236Z_batch01,ST26ED8,2026-05-23T04:00:00Z,17 32 20.0,263.08333333333337,+21 13 56,21.23222222222222,132.4,20.5,19.43,331.5,Map/Offsets   !,https://cgi.minorplanetcenter.net/cgi-bin/confirmeph2.cgi
20260522T104236Z,2026-05-22T10:42:36.393909Z,20260522T104236Z_batch01,ST26ED8,2026-05-23T05:00:00Z,17 31 40.3,262.91791666666666,+21 30 55,21.51527777777778,132.2,20.5,19.25,331.4,Map/Offsets   !,https://cgi.minorplanetcenter.net/cgi-bin/confirmeph2.cgi
20260522T104236Z,2026-05-22T10:42:36.393909Z,20260522T104236Z_batch01,ST26ED8,2026-05-23T06:00:00Z,17 31 00.9,262.75375,+21 47 44,21.795555555555556,132.1,20.5,19.07,331.4,Map/Offsets   !,https://cgi.minorplanetcenter.net/cgi-bin/confirmeph2.cgi
20260522T104236Z,2026-05-22T10:42:36.393909Z,20260522T104236Z_batch01,ST26ED8,2026-05-23T07:00:00Z,17 30 21.6,262.59000000000003,+22 04 24,22.073333333333334,131.9,20.5,18.89,331.3,Map/Offsets   !,https://cgi.minorplanetcenter.net/cgi-bin/confirmeph2.cgi
20260522T104236Z,2026-05-22T10:42:36.393909Z,20260522T104236Z_batch01,ST26ED8,2026-05-23T08:00:00Z,17 29 42.6,262.4275,+22 20 52,22.347777777777775,131.8,20.5,18.71,331.2,Map/Offsets   !,https://cgi.minorplanetcenter.net/cgi-bin/confirmeph2.cgi
20260522T104236Z,2026-05-22T10:42:36.393909Z,20260522T104236Z_batch01,ST26ED8,2026-05-23T09:00:00Z,17 29 03.7,262.2654166666667,+22 37 11,22.619722222222222,131.6,20.6,18.53,331.2,Map/Offsets   !,https://cgi.minorplanetcenter.net/cgi-bin/confirmeph2.cgi
20260522T104236Z,2026-05-22T10:42:36.393909Z,20260522T104236Z_batch01,ST26ED1,2026-05-22T09:00:00Z,00 21 19.1,5.329583333333333,-18 31 51,-18.530833333333334,65.2,22.3,110.2,81.8,Map/Offsets   !!,https://cgi.minorplanetcenter.net/cgi-bin/confirmeph2.cgi
20260522T104236Z,2026-05-22T10:42:36.393909Z,20260522T104236Z_batch01,ST26ED1,2026-05-22T10:00:00Z,00 28 25.7,7.107083333333334,-18 16 41,-18.278055555555554,63.7,22.6,94.97,81.2,Map/Offsets   !!,https://cgi.minorplanetcenter.net/cgi-bin/confirmeph2.cgi
20260522T104236Z,2026-05-22T10:42:36.393909Z,20260522T104236Z_batch01,ST26ED1,2026-05-22T11:00:00Z,00 34 33.8,8.640833333333333,-18 02 46,-18.046111111111113,62.5,22.8,82.55,80.7,Map/Offsets   !!,https://cgi.minorplanetcenter.net/cgi-bin/confirmeph2.cgi
20260522T104236Z,2026-05-22T10:42:36.393909Z,20260522T104236Z_batch01,ST26ED1,2026-05-22T12:00:00Z,00 39 54.3,9.97625,-17 50 02,-17.833888888888886,61.3,23.0,72.33,80.3,Map/Offsets   !!,https://cgi.minorplanetcenter.net/cgi-bin/confirmeph2.cgi
20260522T104236Z,2026-05-22T10:42:36.393909Z,20260522T104236Z_batch01,ST26ED1,2026-05-22T13:00:00Z,00 44 35.5,11.147916666666665,-17 38 23,-17.639722222222222,60.4,23.2,63.85,79.9,Map/Offsets   !!,https://cgi.minorplanetcenter.net/cgi-bin/confirmeph2.cgi
20260522T104236Z,2026-05-22T10:42:36.393909Z,20260522T104236Z_batch01,ST26ED1,2026-05-22T14:00:00Z,00 48 44.0,12.183333333333334,-17 27 43,-17.461944444444445,59.5,23.4,56.74,79.6,Map/Offsets   !!,https://cgi.minorplanetcenter.net/cgi-bin/confirmeph2.cgi
20260522T104236Z,2026-05-22T10:42:36.393909Z,20260522T104236Z_batch01,ST26ED1,2026-05-22T15:00:00Z,00 52 25.1,13.104583333333334,-17 17 56,-17.29888888888889,58.8,23.6,50.73,79.4,Map/Offsets   !!,https://cgi.minorplanetcenter.net/cgi-bin/confirmeph2.cgi
20260522T104236Z,2026-05-22T10:42:36.393909Z,20260522T104236Z_batch01,ST26ED1,2026-05-22T16:00:00Z,00 55 43.0,13.929166666666665,-17 08 57,-17.149166666666666,58.1,23.8,45.61,79.1,Map/Offsets   !!,https://cgi.minorplanetcenter.net/cgi-bin/confirmeph2.cgi
20260522T104236Z,2026-05-22T10:42:36.393909Z,20260522T104236Z_batch01,ST26ED1,2026-05-22T17:00:00Z,00 58 41.1,14.671249999999999,-17 00 41,-17.011388888888888,57.5,23.9,41.21,78.9,Map/Offsets   !!,https://cgi.minorplanetcenter.net/cgi-bin/confirmeph2.cgi
20260522T104236Z,2026-05-22T10:42:36.393909Z,20260522T104236Z_batch01,ST26ED1,2026-05-22T18:00:00Z,01 01 22.1,15.342083333333333,-16 53 03,-16.884166666666665,56.9,24.1,37.41,78.7,Map/Offsets   !!,https://cgi.minorplanetcenter.net/cgi-bin/confirmeph2.cgi
20260522T104236Z,2026-05-22T10:42:36.393909Z,20260522T104236Z_batch01,ST26ED1,2026-05-22T19:00:00Z,01 03 48.4,15.951666666666666,-16 45 59,-16.76638888888889,56.4,24.2,34.1,78.5,Map/Offsets   !!,https://cgi.minorplanetcenter.net/cgi-bin/confirmeph2.cgi
20260522T104236Z,2026-05-22T10:42:36.393909Z,20260522T104236Z_batch01,ST26ED1,2026-05-22T20:00:00Z,01 06 01.9,16.507916666666667,-16 39 27,-16.6575,56.0,24.3,31.21,78.4,Map/Offsets   !!,https://cgi.minorplanetcenter.net/cgi-bin/confirmeph2.cgi
20260522T104236Z,2026-05-22T10:42:36.393909Z,20260522T104236Z_batch01,ST26ED1,2026-05-22T21:00:00Z,01 08 04.2,17.017500000000002,-16 33 23,-16.55638888888889,55.6,24.5,28.67,78.2,Map/Offsets   !!,https://cgi.minorplanetcenter.net/cgi-bin/confirmeph2.cgi
20260522T104236Z,2026-05-22T10:42:36.393909Z,20260522T104236Z_batch01,ST26ED1,2026-05-22T22:00:00Z,01 09 56.5,17.485416666666666,-16 27 43,-16.461944444444445,55.2,24.6,26.42,78.1,Map/Offsets   !!,https://cgi.minorplanetcenter.net/cgi-bin/confirmeph2.cgi
20260522T104236Z,2026-05-22T10:42:36.393909Z,20260522T104236Z_batch01,ST26ED1,2026-05-22T23:00:00Z,01 11 40.1,17.91708333333333,-16 22 27,-16.374166666666667,54.9,24.7,24.42,77.9,Map/Offsets   !!,https://cgi.minorplanetcenter.net/cgi-bin/confirmeph2.cgi
20260522T104236Z,2026-05-22T10:42:36.393909Z,20260522T104236Z_batch01,ST26ED1,2026-05-23T00:00:00Z,01 13 15.9,18.316250000000004,-16 17 31,-16.291944444444447,54.6,24.8,22.64,77.8,Map/Offsets   !!,https://cgi.minorplanetcenter.net/cgi-bin/confirmeph2.cgi
20260522T104236Z,2026-05-22T10:42:36.393909Z,20260522T104236Z_batch01,ST26ED1,2026-05-23T01:00:00Z,01 14 44.8,18.686666666666667,-16 12 53,-16.21472222222222,54.3,24.9,21.05,77.7,Map/Offsets   !!,https://cgi.minorplanetcenter.net/cgi-bin/confirmeph2.cgi
20260522T104236Z,2026-05-22T10:42:36.393909Z,20260522T104236Z_batch01,ST26ED1,2026-05-23T02:00:00Z,01 16 07.5,19.03125,-16 08 33,-16.1425,54.0,25.0,19.61,77.6,Map/Offsets   !!,https://cgi.minorplanetcenter.net/cgi-bin/confirmeph2.cgi
20260522T104236Z,2026-05-22T10:42:36.393909Z,20260522T104236Z_batch01,ST26ED1,2026-05-23T03:00:00Z,01 17 24.6,19.352499999999996,-16 04 28,-16.074444444444445,53.8,25.1,18.32,77.5,Map/Offsets   !!,https://cgi.minorplanetcenter.net/cgi-bin/confirmeph2.cgi
20260522T104236Z,2026-05-22T10:42:36.393909Z,20260522T104236Z_batch01,ST26ED1,2026-05-23T04:00:00Z,01 18 36.6,19.6525,-16 00 38,-16.010555555555555,53.6,25.2,17.15,77.4,Map/Offsets   !!,https://cgi.minorplanetcenter.net/cgi-bin/confirmeph2.cgi
20260522T104236Z,2026-05-22T10:42:36.393909Z,20260522T104236Z_batch01,ST26ED1,2026-05-23T05:00:00Z,01 19 44.1,19.93375,-15 57 01,-15.950277777777776,53.4,25.3,16.09,77.4,Map/Offsets   !!,https://cgi.minorplanetcenter.net/cgi-bin/confirmeph2.cgi
20260522T104236Z,2026-05-22T10:42:36.393909Z,20260522T104236Z_batch01,ST26ED1,2026-05-23T06:00:00Z,01 20 47.4,20.1975,-15 53 35,-15.893055555555556,53.2,25.4,15.12,77.3,Map/Offsets   !!,https://cgi.minorplanetcenter.net/cgi-bin/confirmeph2.cgi
20260522T104236Z,2026-05-22T10:42:36.393909Z,20260522T104236Z_batch01,ST26ED1,2026-05-23T07:00:00Z,01 21 46.9,20.44541666666667,-15 50 21,-15.839166666666667,53.0,25.4,14.24,77.2,Map/Offsets   !!,https://cgi.minorplanetcenter.net/cgi-bin/confirmeph2.cgi
20260522T104236Z,2026-05-22T10:42:36.393909Z,20260522T104236Z_batch01,ST26ED1,2026-05-23T08:00:00Z,01 22 43.0,20.679166666666667,-15 47 17,-15.788055555555555,52.8,25.5,13.43,77.1,Map/Offsets   !!,https://cgi.minorplanetcenter.net/cgi-bin/confirmeph2.cgi
20260522T104236Z,2026-05-22T10:42:36.393909Z,20260522T104236Z_batch01,ST26ED1,2026-05-23T09:00:00Z,01 23 35.9,20.899583333333332,-15 44 22,-15.739444444444443,52.7,25.6,12.69,77.1,Map/Offsets   !!,https://cgi.minorplanetcenter.net/cgi-bin/confirmeph2.cgi
20260522T104236Z,2026-05-22T10:42:36.393909Z,20260522T104236Z_batch01,TF26EE0,2026-05-22T09:00:00Z,16 24 54.8,246.2283333333333,+08 46 47,8.779722222222222,150.0,22.7,1.52,275.6,Map/Offsets   !,https://cgi.minorplanetcenter.net/cgi-bin/confirmeph2.cgi
20260522T104236Z,2026-05-22T10:42:36.393909Z,20260522T104236Z_batch01,TF26EE0,2026-05-22T10:00:00Z,16 24 48.8,246.20333333333332,+08 46 56,8.782222222222224,150.0,22.8,1.46,275.6,Map/Offsets   !,https://cgi.minorplanetcenter.net/cgi-bin/confirmeph2.cgi
20260522T104236Z,2026-05-22T10:42:36.393909Z,20260522T104236Z_batch01,TF26EE0,2026-05-22T11:00:00Z,16 24 43.0,246.17916666666667,+08 47 04,8.784444444444444,150.0,22.8,1.41,275.5,Map/Offsets   !,https://cgi.minorplanetcenter.net/cgi-bin/confirmeph2.cgi
20260522T104236Z,2026-05-22T10:42:36.393909Z,20260522T104236Z_batch01,TF26EE0,2026-05-22T12:00:00Z,16 24 37.4,246.15583333333333,+08 47 12,8.786666666666667,150.0,22.8,1.36,275.4,Map/Offsets   !,https://cgi.minorplanetcenter.net/cgi-bin/confirmeph2.cgi
20260522T104236Z,2026-05-22T10:42:36.393909Z,20260522T104236Z_batch01,TF26EE0,2026-05-22T13:00:00Z,16 24 32.0,246.13333333333333,+08 47 19,8.788611111111111,150.0,22.9,1.32,275.3,Map/Offsets   !,https://cgi.minorplanetcenter.net/cgi-bin/confirmeph2.cgi
20260522T104236Z,2026-05-22T10:42:36.393909Z,20260522T104236Z_batch01,TF26EE0,2026-05-22T14:00:00Z,16 24 26.8,246.11166666666665,+08 47 27,8.790833333333333,150.0,22.9,1.27,275.2,Map/Offsets   !,https://cgi.minorplanetcenter.net/cgi-bin/confirmeph2.cgi
20260522T104236Z,2026-05-22T10:42:36.393909Z,20260522T104236Z_batch01,TF26EE0,2026-05-22T15:00:00Z,16 24 21.7,246.09041666666664,+08 47 33,8.7925,150.0,23.0,1.23,275.1,Map/Offsets   !,https://cgi.minorplanetcenter.net/cgi-bin/confirmeph2.cgi
20260522T104236Z,2026-05-22T10:42:36.393909Z,20260522T104236Z_batch01,TF26EE0,2026-05-22T16:00:00Z,16 24 16.8,246.06999999999996,+08 47 40,8.794444444444444,150.0,23.0,1.19,275.0,Map/Offsets   !,https://cgi.minorplanetcenter.net/cgi-bin/confirmeph2.cgi
20260522T104236Z,2026-05-22T10:42:36.393909Z,20260522T104236Z_batch01,TF26EE0,2026-05-22T17:00:00Z,16 24 12.1,246.05041666666665,+08 47 46,8.796111111111111,150.0,23.0,1.15,274.9,Map/Offsets   !,https://cgi.minorplanetcenter.net/cgi-bin/confirmeph2.cgi
20260522T104236Z,2026-05-22T10:42:36.393909Z,20260522T104236Z_batch01,TF26EE0,2026-05-22T18:00:00Z,16 24 07.5,246.03125,+08 47 51,8.7975,150.0,23.1,1.12,274.8,Map/Offsets   !,https://cgi.minorplanetcenter.net/cgi-bin/confirmeph2.cgi
20260522T104236Z,2026-05-22T10:42:36.393909Z,20260522T104236Z_batch01,TF26EE0,2026-05-22T19:00:00Z,16 24 03.1,246.01291666666663,+08 47 57,8.799166666666666,150.0,23.1,1.08,274.7,Map/Offsets   !,https://cgi.minorplanetcenter.net/cgi-bin/confirmeph2.cgi
20260522T104236Z,2026-05-22T10:42:36.393909Z,20260522T104236Z_batch01,TF26EE0,2026-05-22T20:00:00Z,16 23 58.7,245.9945833333333,+08 48 02,8.800555555555556,150.0,23.1,1.05,274.5,Map/Offsets   !,https://cgi.minorplanetcenter.net/cgi-bin/confirmeph2.cgi
20260522T104236Z,2026-05-22T10:42:36.393909Z,20260522T104236Z_batch01,TF26EE0,2026-05-22T21:00:00Z,16 23 54.6,245.97749999999996,+08 48 07,8.801944444444445,150.0,23.2,1.02,274.4,Map/Offsets   !,https://cgi.minorplanetcenter.net/cgi-bin/confirmeph2.cgi
20260522T104236Z,2026-05-22T10:42:36.393909Z,20260522T104236Z_batch01,TF26EE0,2026-05-22T22:00:00Z,16 23 50.5,245.96041666666665,+08 48 12,8.803333333333335,150.0,23.2,0.99,274.3,Map/Offsets   !,https://cgi.minorplanetcenter.net/cgi-bin/confirmeph2.cgi
20260522T104236Z,2026-05-22T10:42:36.393909Z,20260522T104236Z_batch01,TF26EE0,2026-05-22T23:00:00Z,16 23 46.6,245.94416666666663,+08 48 16,8.804444444444446,150.0,23.2,0.96,274.2,Map/Offsets   !,https://cgi.minorplanetcenter.net/cgi-bin/confirmeph2.cgi
20260522T104236Z,2026-05-22T10:42:36.393909Z,20260522T104236Z_batch01,TF26EE0,2026-05-23T00:00:00Z,16 23 42.7,245.92791666666668,+08 48 20,8.805555555555557,150.0,23.3,0.93,274.0,Map/Offsets   !,https://cgi.minorplanetcenter.net/cgi-bin/confirmeph2.cgi
20260522T104236Z,2026-05-22T10:42:36.393909Z,20260522T104236Z_batch01,TF26EE0,2026-05-23T01:00:00Z,16 23 39.0,245.9125,+08 48 24,8.806666666666667,150.0,23.3,0.91,273.9,Map/Offsets   !,https://cgi.minorplanetcenter.net/cgi-bin/confirmeph2.cgi
20260522T104236Z,2026-05-22T10:42:36.393909Z,20260522T104236Z_batch01,TF26EE0,2026-05-23T02:00:00Z,16 23 35.4,245.89749999999998,+08 48 27,8.807500000000001,150.0,23.3,0.88,273.8,Map/Offsets   !,https://cgi.minorplanetcenter.net/cgi-bin/confirmeph2.cgi
20260522T104236Z,2026-05-22T10:42:36.393909Z,20260522T104236Z_batch01,TF26EE0,2026-05-23T03:00:00Z,16 23 31.9,245.8829166666667,+08 48 31,8.808611111111112,150.0,23.4,0.86,273.6,Map/Offsets   !,https://cgi.minorplanetcenter.net/cgi-bin/confirmeph2.cgi
20260522T104236Z,2026-05-22T10:42:36.393909Z,20260522T104236Z_batch01,TF26EE0,2026-05-23T04:00:00Z,16 23 28.5,245.86874999999998,+08 48 34,8.809444444444445,150.0,23.4,0.84,273.5,Map/Offsets   !,https://cgi.minorplanetcenter.net/cgi-bin/confirmeph2.cgi
20260522T104236Z,2026-05-22T10:42:36.393909Z,20260522T104236Z_batch01,TF26EE0,2026-05-23T05:00:00Z,16 23 25.1,245.85458333333335,+08 48 37,8.81027777777778,150.1,23.4,0.81,273.3,Map/Offsets   !,https://cgi.minorplanetcenter.net/cgi-bin/confirmeph2.cgi
20260522T104236Z,2026-05-22T10:42:36.393909Z,20260522T104236Z_batch01,TF26EE0,2026-05-23T06:00:00Z,16 23 21.9,245.84124999999997,+08 48 40,8.811111111111112,150.1,23.5,0.79,273.2,Map/Offsets   !,https://cgi.minorplanetcenter.net/cgi-bin/confirmeph2.cgi
20260522T104236Z,2026-05-22T10:42:36.393909Z,20260522T104236Z_batch01,TF26EE0,2026-05-23T07:00:00Z,16 23 18.7,245.82791666666668,+08 48 42,8.811666666666667,150.1,23.5,0.77,273.0,Map/Offsets   !,https://cgi.minorplanetcenter.net/cgi-bin/confirmeph2.cgi
20260522T104236Z,2026-05-22T10:42:36.393909Z,20260522T104236Z_batch01,TF26EE0,2026-05-23T08:00:00Z,16 23 15.7,245.8154166666667,+08 48 45,8.8125,150.1,23.5,0.75,272.9,Map/Offsets   !,https://cgi.minorplanetcenter.net/cgi-bin/confirmeph2.cgi
20260522T104236Z,2026-05-22T10:42:36.393909Z,20260522T104236Z_batch01,TF26EE0,2026-05-23T09:00:00Z,16 23 12.7,245.80291666666665,+08 48 47,8.813055555555556,150.1,23.5,0.73,272.7,Map/Offsets   !,https://cgi.minorplanetcenter.net/cgi-bin/confirmeph2.cgi
20260522T104236Z,2026-05-22T10:42:36.393909Z,20260522T104236Z_batch01,ST26EC8,2026-05-22T09:00:00Z,18 54 55.1,283.7295833333333,-22 38 47,-22.64638888888889,138.3,20.3,60.78,111.7,Map/Offsets   !!,https://cgi.minorplanetcenter.net/cgi-bin/confirmeph2.cgi
20260522T104236Z,2026-05-22T10:42:36.393909Z,20260522T104236Z_batch01,ST26EC8,2026-05-22T10:00:00Z,18 58 57.9,284.74125,-23 00 52,-23.014444444444443,137.4,20.3,59.49,111.3,Map/Offsets   !,https://cgi.minorplanetcenter.net/cgi-bin/confirmeph2.cgi
20260522T104236Z,2026-05-22T10:42:36.393909Z,20260522T104236Z_batch01,ST26EC8,2026-05-22T11:00:00Z,19 02 56.7,285.73625000000004,-23 22 06,-23.368333333333332,136.6,20.3,58.21,111.0,Map/Offsets   !,https://cgi.minorplanetcenter.net/cgi-bin/confirmeph2.cgi
20260522T104236Z,2026-05-22T10:42:36.393909Z,20260522T104236Z_batch01,ST26EC8,2026-05-22T12:00:00Z,19 06 51.6,286.71500000000003,-23 42 31,-23.70861111111111,135.8,20.4,56.93,110.6,Map/Offsets   !,https://cgi.minorplanetcenter.net/cgi-bin/confirmeph2.cgi
20260522T104236Z,2026-05-22T10:42:36.393909Z,20260522T104236Z_batch01,ST26EC8,2026-05-22T13:00:00Z,19 10 42.4,287.6766666666667,-24 02 07,-24.03527777777778,135.0,20.4,55.67,110.2,Map/Offsets   !,https://cgi.minorplanetcenter.net/cgi-bin/confirmeph2.cgi
20260522T104236Z,2026-05-22T10:42:36.393909Z,20260522T104236Z_batch01,ST26EC8,2026-05-22T14:00:00Z,19 14 29.2,288.6216666666667,-24 20 56,-24.348888888888887,134.2,20.5,54.42,109.8,Map/Offsets   !,https://cgi.minorplanetcenter.net/cgi-bin/confirmeph2.cgi
20260522T104236Z,2026-05-22T10:42:36.393909Z,20260522T104236Z_batch01,ST26EC8,2026-05-22T15:00:00Z,19 18 12.0,289.55,-24 38 59,-24.649722222222223,133.4,20.5,53.18,109.4,Map/Offsets   !,https://cgi.minorplanetcenter.net/cgi-bin/confirmeph2.cgi
20260522T104236Z,2026-05-22T10:42:36.393909Z,20260522T104236Z_batch01,ST26EC8,2026-05-22T16:00:00Z,19 21 50.8,290.46166666666664,-24 56 17,-24.938055555555557,132.6,20.6,51.96,109.0,Map/Offsets   !,https://cgi.minorplanetcenter.net/cgi-bin/confirmeph2.cgi
20260522T104236Z,2026-05-22T10:42:36.393909Z,20260522T104236Z_batch01,ST26EC8,2026-05-22T17:00:00Z,19 25 25.4,291.35583333333335,-25 12 52,-25.214444444444442,131.9,20.6,50.76,108.7,Map/Offsets   !,https://cgi.minorplanetcenter.net/cgi-bin/confirmeph2.cgi
20260522T104236Z,2026-05-22T10:42:36.393909Z,20260522T104236Z_batch01,ST26EC8,2026-05-22T18:00:00Z,19 28 56.1,292.23374999999993,-25 28 45,-25.479166666666664,131.2,20.7,49.58,108.3,Map/Offsets   !,https://cgi.minorplanetcenter.net/cgi-bin/confirmeph2.cgi
20260522T104236Z,2026-05-22T10:42:36.393909Z,20260522T104236Z_batch01,ST26EC8,2026-05-22T19:00:00Z,19 32 22.7,293.0945833333334,-25 43 58,-25.732777777777777,130.5,20.7,48.42,107.9,Map/Offsets   !,https://cgi.minorplanetcenter.net/cgi-bin/confirmeph2.cgi
20260522T104236Z,2026-05-22T10:42:36.393909Z,20260522T104236Z_batch01,ST26EC8,2026-05-22T20:00:00Z,19 35 45.3,293.93874999999997,-25 58 32,-25.975555555555555,129.8,20.8,47.28,107.5,Map/Offsets   !,https://cgi.minorplanetcenter.net/cgi-bin/confirmeph2.cgi
20260522T104236Z,2026-05-22T10:42:36.393909Z,20260522T104236Z_batch01,ST26EC8,2026-05-22T21:00:00Z,19 39 03.9,294.76625,-26 12 29,-26.208055555555553,129.1,20.8,46.17,107.2,Map/Offsets   !,https://cgi.minorplanetcenter.net/cgi-bin/confirmeph2.cgi
20260522T104236Z,2026-05-22T10:42:36.393909Z,20260522T104236Z_batch01,ST26EC8,2026-05-22T22:00:00Z,19 42 18.6,295.5775,-26 25 49,-26.43027777777778,128.4,20.9,45.07,106.8,Map/Offsets   !,https://cgi.minorplanetcenter.net/cgi-bin/confirmeph2.cgi
20260522T104236Z,2026-05-22T10:42:36.393909Z,20260522T104236Z_batch01,ST26EC8,2026-05-22T23:00:00Z,19 45 29.4,296.3725,-26 38 34,-26.642777777777777,127.8,20.9,44.0,106.5,Map/Offsets   !,https://cgi.minorplanetcenter.net/cgi-bin/confirmeph2.cgi
20260522T104236Z,2026-05-22T10:42:36.393909Z,20260522T104236Z_batch01,ST26EC8,2026-05-23T00:00:00Z,19 48 36.3,297.15125,-26 50 45,-26.84583333333333,127.2,20.9,42.96,106.1,Map/Offsets   !,https://cgi.minorplanetcenter.net/cgi-bin/confirmeph2.cgi
20260522T104236Z,2026-05-22T10:42:36.393909Z,20260522T104236Z_batch01,ST26EC8,2026-05-23T01:00:00Z,19 51 39.5,297.9145833333333,-27 02 25,-27.040277777777778,126.6,21.0,41.94,105.8,Map/Offsets   !,https://cgi.minorplanetcenter.net/cgi-bin/confirmeph2.cgi
20260522T104236Z,2026-05-22T10:42:36.393909Z,20260522T104236Z_batch01,ST26EC8,2026-05-23T02:00:00Z,19 54 38.8,298.6616666666667,-27 13 33,-27.22583333333333,126.0,21.0,40.94,105.4,Map/Offsets   !,https://cgi.minorplanetcenter.net/cgi-bin/confirmeph2.cgi
20260522T104236Z,2026-05-22T10:42:36.393909Z,20260522T104236Z_batch01,ST26EC8,2026-05-23T03:00:00Z,19 57 34.5,299.39374999999995,-27 24 12,-27.403333333333332,125.4,21.1,39.96,105.1,Map/Offsets   !,https://cgi.minorplanetcenter.net/cgi-bin/confirmeph2.cgi
20260522T104236Z,2026-05-22T10:42:36.393909Z,20260522T104236Z_batch01,ST26EC8,2026-05-23T04:00:00Z,20 00 26.5,300.1104166666667,-27 34 22,-27.572777777777777,124.8,21.1,39.01,104.8,Map/Offsets   !,https://cgi.minorplanetcenter.net/cgi-bin/confirmeph2.cgi
20260522T104236Z,2026-05-22T10:42:36.393909Z,20260522T104236Z_batch01,ST26EC8,2026-05-23T05:00:00Z,20 03 15.0,300.8125,-27 44 05,-27.734722222222224,124.2,21.2,38.08,104.4,Map/Offsets   !,https://cgi.minorplanetcenter.net/cgi-bin/confirmeph2.cgi
20260522T104236Z,2026-05-22T10:42:36.393909Z,20260522T104236Z_batch01,ST26EC8,2026-05-23T06:00:00Z,20 05 59.9,301.4995833333333,-27 53 22,-27.889444444444443,123.7,21.2,37.18,104.1,Map/Offsets   !,https://cgi.minorplanetcenter.net/cgi-bin/confirmeph2.cgi
20260522T104236Z,2026-05-22T10:42:36.393909Z,20260522T104236Z_batch01,ST26EC8,2026-05-23T07:00:00Z,20 08 41.4,302.1725,-28 02 14,-28.037222222222223,123.2,21.2,36.3,103.8,Map/Offsets   !,https://cgi.minorplanetcenter.net/cgi-bin/confirmeph2.cgi
20260522T104236Z,2026-05-22T10:42:36.393909Z,20260522T104236Z_batch01,ST26EC8,2026-05-23T08:00:00Z,20 11 19.5,302.83124999999995,-28 10 41,-28.178055555555556,122.6,21.3,35.44,103.5,Map/Offsets   !,https://cgi.minorplanetcenter.net/cgi-bin/confirmeph2.cgi
20260522T104236Z,2026-05-22T10:42:36.393909Z,20260522T104236Z_batch01,ST26EC8,2026-05-23T09:00:00Z,20 13 54.2,303.4758333333333,-28 18 46,-28.31277777777778,122.1,21.3,34.61,103.2,Map/Offsets   !,https://cgi.minorplanetcenter.net/cgi-bin/confirmeph2.cgi
20260522T104236Z,2026-05-22T10:42:36.393909Z,20260522T104236Z_batch01,ST26EC7,2026-05-22T09:00:00Z,02 18 28.9,34.620416666666664,-08 19 23,-8.323055555555555,37.2,27.8,5.65,93.4,Map/Offsets   !,https://cgi.minorplanetcenter.net/cgi-bin/confirmeph2.cgi
20260522T104236Z,2026-05-22T10:42:36.393909Z,20260522T104236Z_batch01,ST26EC7,2026-05-22T10:00:00Z,02 18 51.2,34.71333333333333,-08 19 42,-8.328333333333333,37.2,27.9,5.36,93.3,Map/Offsets   !,https://cgi.minorplanetcenter.net/cgi-bin/confirmeph2.cgi
20260522T104236Z,2026-05-22T10:42:36.393909Z,20260522T104236Z_batch01,ST26EC7,2026-05-22T11:00:00Z,02 19 12.3,34.801249999999996,-08 20 00,-8.333333333333334,37.2,27.9,5.1,93.3,Map/Offsets   !,https://cgi.minorplanetcenter.net/cgi-bin/confirmeph2.cgi
20260522T104236Z,2026-05-22T10:42:36.393909Z,20260522T104236Z_batch01,ST26EC7,2026-05-22T12:00:00Z,02 19 32.3,34.88458333333333,-08 20 17,-8.338055555555556,37.2,28.0,4.85,93.3,Map/Offsets   !,https://cgi.minorplanetcenter.net/cgi-bin/confirmeph2.cgi
20260522T104236Z,2026-05-22T10:42:36.393909Z,20260522T104236Z_batch01,ST26EC7,2026-05-22T13:00:00Z,02 19 51.5,34.96458333333333,-08 20 33,-8.342500000000001,37.2,28.0,4.62,93.2,Map/Offsets   !,https://cgi.minorplanetcenter.net/cgi-bin/confirmeph2.cgi
20260522T104236Z,2026-05-22T10:42:36.393909Z,20260522T104236Z_batch01,ST26EC7,2026-05-22T14:00:00Z,02 20 09.7,35.040416666666665,-08 20 48,-8.346666666666668,37.2,28.1,4.41,93.2,Map/Offsets   !,https://cgi.minorplanetcenter.net/cgi-bin/confirmeph2.cgi
20260522T104236Z,2026-05-22T10:42:36.393909Z,20260522T104236Z_batch01,ST26EC7,2026-05-22T15:00:00Z,02 20 27.1,35.11291666666667,-08 21 03,-8.350833333333332,37.1,28.1,4.21,93.2,Map/Offsets   !,https://cgi.minorplanetcenter.net/cgi-bin/confirmeph2.cgi
20260522T104236Z,2026-05-22T10:42:36.393909Z,20260522T104236Z_batch01,ST26EC7,2026-05-22T16:00:00Z,02 20 43.7,35.18208333333334,-08 21 16,-8.354444444444445,37.1,28.2,4.02,93.1,Map/Offsets   !,https://cgi.minorplanetcenter.net/cgi-bin/confirmeph2.cgi
20260522T104236Z,2026-05-22T10:42:36.393909Z,20260522T104236Z_batch01,ST26EC7,2026-05-22T17:00:00Z,02 20 59.6,35.248333333333335,-08 21 29,-8.358055555555556,37.1,28.2,3.85,93.1,Map/Offsets   !,https://cgi.minorplanetcenter.net/cgi-bin/confirmeph2.cgi
20260522T104236Z,2026-05-22T10:42:36.393909Z,20260522T104236Z_batch01,ST26EC7,2026-05-22T18:00:00Z,02 21 14.8,35.31166666666667,-08 21 41,-8.361388888888888,37.1,28.3,3.69,93.1,Map/Offsets   !,https://cgi.minorplanetcenter.net/cgi-bin/confirmeph2.cgi
20260522T104236Z,2026-05-22T10:42:36.393909Z,20260522T104236Z_batch01,ST26EC7,2026-05-22T19:00:00Z,02 21 29.4,35.3725,-08 21 53,-8.364722222222222,37.1,28.3,3.54,93.0,Map/Offsets   !,https://cgi.minorplanetcenter.net/cgi-bin/confirmeph2.cgi
20260522T104236Z,2026-05-22T10:42:36.393909Z,20260522T104236Z_batch01,ST26EC7,2026-05-22T20:00:00Z,02 21 43.4,35.43083333333333,-08 22 04,-8.367777777777778,37.1,28.4,3.39,93.0,Map/Offsets   !,https://cgi.minorplanetcenter.net/cgi-bin/confirmeph2.cgi
20260522T104236Z,2026-05-22T10:42:36.393909Z,20260522T104236Z_batch01,ST26EC7,2026-05-22T21:00:00Z,02 21 56.8,35.486666666666665,-08 22 14,-8.370555555555557,37.1,28.4,3.26,92.9,Map/Offsets   !,https://cgi.minorplanetcenter.net/cgi-bin/confirmeph2.cgi
20260522T104236Z,2026-05-22T10:42:36.393909Z,20260522T104236Z_batch01,ST26EC7,2026-05-22T22:00:00Z,02 22 09.7,35.540416666666665,-08 22 24,-8.373333333333333,37.1,28.5,3.13,92.9,Map/Offsets   !,https://cgi.minorplanetcenter.net/cgi-bin/confirmeph2.cgi
20260522T104236Z,2026-05-22T10:42:36.393909Z,20260522T104236Z_batch01,ST26EC7,2026-05-22T23:00:00Z,02 22 22.1,35.59208333333333,-08 22 33,-8.375833333333334,37.1,28.5,3.01,92.9,Map/Offsets   !,https://cgi.minorplanetcenter.net/cgi-bin/confirmeph2.cgi
20260522T104236Z,2026-05-22T10:42:36.393909Z,20260522T104236Z_batch01,ST26EC7,2026-05-23T00:00:00Z,02 22 34.0,35.641666666666666,-08 22 42,-8.378333333333334,37.1,28.5,2.9,92.8,Map/Offsets   !,https://cgi.minorplanetcenter.net/cgi-bin/confirmeph2.cgi
20260522T104236Z,2026-05-22T10:42:36.393909Z,20260522T104236Z_batch01,ST26EC7,2026-05-23T01:00:00Z,02 22 45.5,35.68958333333334,-08 22 50,-8.380555555555556,37.1,28.6,2.79,92.8,Map/Offsets   !,https://cgi.minorplanetcenter.net/cgi-bin/confirmeph2.cgi
20260522T104236Z,2026-05-22T10:42:36.393909Z,20260522T104236Z_batch01,ST26EC7,2026-05-23T02:00:00Z,02 22 56.6,35.73583333333333,-08 22 58,-8.382777777777779,37.1,28.6,2.69,92.7,Map/Offsets   !,https://cgi.minorplanetcenter.net/cgi-bin/confirmeph2.cgi
20260522T104236Z,2026-05-22T10:42:36.393909Z,20260522T104236Z_batch01,ST26EC7,2026-05-23T03:00:00Z,02 23 07.3,35.78041666666667,-08 23 05,-8.384722222222221,37.1,28.6,2.6,92.7,Map/Offsets   !,https://cgi.minorplanetcenter.net/cgi-bin/confirmeph2.cgi
20260522T104236Z,2026-05-22T10:42:36.393909Z,20260522T104236Z_batch01,ST26EC7,2026-05-23T04:00:00Z,02 23 17.6,35.82333333333333,-08 23 12,-8.386666666666667,37.2,28.7,2.51,92.6,Map/Offsets   !,https://cgi.minorplanetcenter.net/cgi-bin/confirmeph2.cgi
20260522T104236Z,2026-05-22T10:42:36.393909Z,20260522T104236Z_batch01,ST26EC7,2026-05-23T05:00:00Z,02 23 27.6,35.865,-08 23 19,-8.38861111111111,37.2,28.7,2.42,92.6,Map/Offsets   !,https://cgi.minorplanetcenter.net/cgi-bin/confirmeph2.cgi
20260522T104236Z,2026-05-22T10:42:36.393909Z,20260522T104236Z_batch01,ST26EC7,2026-05-23T06:00:00Z,02 23 37.2,35.905,-08 23 25,-8.390277777777778,37.2,28.7,2.34,92.5,Map/Offsets   !,https://cgi.minorplanetcenter.net/cgi-bin/confirmeph2.cgi
20260522T104236Z,2026-05-22T10:42:36.393909Z,20260522T104236Z_batch01,ST26EC7,2026-05-23T07:00:00Z,02 23 46.5,35.943749999999994,-08 23 31,-8.391944444444444,37.2,28.8,2.27,92.5,Map/Offsets   !,https://cgi.minorplanetcenter.net/cgi-bin/confirmeph2.cgi
20260522T104236Z,2026-05-22T10:42:36.393909Z,20260522T104236Z_batch01,ST26EC7,2026-05-23T08:00:00Z,02 23 55.5,35.98125,-08 23 37,-8.393611111111111,37.2,28.8,2.19,92.4,Map/Offsets   !,https://cgi.minorplanetcenter.net/cgi-bin/confirmeph2.cgi
20260522T104236Z,2026-05-22T10:42:36.393909Z,20260522T104236Z_batch01,ST26EC7,2026-05-23T09:00:00Z,02 24 04.2,36.0175,-08 23 42,-8.395,37.2,28.8,2.12,92.3,Map/Offsets   !,https://cgi.minorplanetcenter.net/cgi-bin/confirmeph2.cgi
20260522T104236Z,2026-05-22T10:42:36.393909Z,20260522T104236Z_batch01,ST26EC5,2026-05-22T09:00:00Z,16 04 36.6,241.1525,-13 13 32,-13.225555555555555,172.5,19.3,20.14,244.4,Map/Offsets,https://cgi.minorplanetcenter.net/cgi-bin/confirmeph2.cgi
20260522T104236Z,2026-05-22T10:42:36.393909Z,20260522T104236Z_batch01,ST26EC5,2026-05-22T10:00:00Z,16 03 22.7,240.84458333333336,-13 22 09,-13.369166666666667,172.8,19.3,19.74,244.4,Map/Offsets,https://cgi.minorplanetcenter.net/cgi-bin/confirmeph2.cgi
20260522T104236Z,2026-05-22T10:42:36.393909Z,20260522T104236Z_batch01,ST26EC5,2026-05-22T11:00:00Z,16 02 10.2,240.54250000000005,-13 30 34,-13.509444444444444,173.0,19.3,19.36,244.5,Map/Offsets,https://cgi.minorplanetcenter.net/cgi-bin/confirmeph2.cgi
20260522T104236Z,2026-05-22T10:42:36.393909Z,20260522T104236Z_batch01,ST26EC5,2026-05-22T12:00:00Z,16 00 58.9,240.24541666666664,-13 38 49,-13.646944444444443,173.2,19.3,18.99,244.6,Map/Offsets,https://cgi.minorplanetcenter.net/cgi-bin/confirmeph2.cgi
20260522T104236Z,2026-05-22T10:42:36.393909Z,20260522T104236Z_batch01,ST26EC5,2026-05-22T13:00:00Z,15 59 49.0,239.95416666666665,-13 46 52,-13.781111111111112,173.3,19.3,18.62,244.7,Map/Offsets,https://cgi.minorplanetcenter.net/cgi-bin/confirmeph2.cgi
20260522T104236Z,2026-05-22T10:42:36.393909Z,20260522T104236Z_batch01,ST26EC5,2026-05-22T14:00:00Z,15 58 40.3,239.66791666666666,-13 54 45,-13.9125,173.5,19.4,18.26,244.7,Map/Offsets,https://cgi.minorplanetcenter.net/cgi-bin/confirmeph2.cgi
20260522T104236Z,2026-05-22T10:42:36.393909Z,20260522T104236Z_batch01,ST26EC5,2026-05-22T15:00:00Z,15 57 32.9,239.38708333333332,-14 02 28,-14.04111111111111,173.6,19.4,17.92,244.8,Map/Offsets,https://cgi.minorplanetcenter.net/cgi-bin/confirmeph2.cgi
20260522T104236Z,2026-05-22T10:42:36.393909Z,20260522T104236Z_batch01,ST26EC5,2026-05-22T16:00:00Z,15 56 26.6,239.11083333333332,-14 10 01,-14.166944444444443,173.8,19.4,17.58,244.9,Map/Offsets,https://cgi.minorplanetcenter.net/cgi-bin/confirmeph2.cgi
20260522T104236Z,2026-05-22T10:42:36.393909Z,20260522T104236Z_batch01,ST26EC5,2026-05-22T17:00:00Z,15 55 21.5,238.83958333333334,-14 17 25,-14.290277777777778,173.9,19.4,17.25,244.9,Map/Offsets,https://cgi.minorplanetcenter.net/cgi-bin/confirmeph2.cgi
20260522T104236Z,2026-05-22T10:42:36.393909Z,20260522T104236Z_batch01,ST26EC5,2026-05-22T18:00:00Z,15 54 17.6,238.57333333333335,-14 24 39,-14.410833333333334,174.0,19.4,16.93,245.0,Map/Offsets,https://cgi.minorplanetcenter.net/cgi-bin/confirmeph2.cgi
20260522T104236Z,2026-05-22T10:42:36.393909Z,20260522T104236Z_batch01,ST26EC5,2026-05-22T19:00:00Z,15 53 14.8,238.31166666666667,-14 31 44,-14.52888888888889,174.0,19.4,16.62,245.0,Map/Offsets,https://cgi.minorplanetcenter.net/cgi-bin/confirmeph2.cgi
20260522T104236Z,2026-05-22T10:42:36.393909Z,20260522T104236Z_batch01,ST26EC5,2026-05-22T20:00:00Z,15 52 13.1,238.05458333333334,-14 38 40,-14.644444444444444,174.1,19.5,16.31,245.1,Map/Offsets,https://cgi.minorplanetcenter.net/cgi-bin/confirmeph2.cgi
20260522T104236Z,2026-05-22T10:42:36.393909Z,20260522T104236Z_batch01,ST26EC5,2026-05-22T21:00:00Z,15 51 12.5,237.80208333333331,-14 45 28,-14.757777777777777,174.1,19.5,16.01,245.2,Map/Offsets,https://cgi.minorplanetcenter.net/cgi-bin/confirmeph2.cgi
20260522T104236Z,2026-05-22T10:42:36.393909Z,20260522T104236Z_batch01,ST26EC5,2026-05-22T22:00:00Z,15 50 12.9,237.55375,-14 52 08,-14.86888888888889,174.2,19.5,15.72,245.2,Map/Offsets,https://cgi.minorplanetcenter.net/cgi-bin/confirmeph2.cgi
20260522T104236Z,2026-05-22T10:42:36.393909Z,20260522T104236Z_batch01,ST26EC5,2026-05-22T23:00:00Z,15 49 14.3,237.30958333333334,-14 58 39,-14.977500000000001,174.2,19.5,15.44,245.3,Map/Offsets,https://cgi.minorplanetcenter.net/cgi-bin/confirmeph2.cgi
20260522T104236Z,2026-05-22T10:42:36.393909Z,20260522T104236Z_batch01,ST26EC5,2026-05-23T00:00:00Z,15 48 16.7,237.06958333333336,-15 05 02,-15.08388888888889,174.2,19.5,15.16,245.4,Map/Offsets,https://cgi.minorplanetcenter.net/cgi-bin/confirmeph2.cgi
20260522T104236Z,2026-05-22T10:42:36.393909Z,20260522T104236Z_batch01,ST26EC5,2026-05-23T01:00:00Z,15 47 20.1,236.83375,-15 11 18,-15.188333333333334,174.2,19.6,14.89,245.4,Map/Offsets,https://cgi.minorplanetcenter.net/cgi-bin/confirmeph2.cgi
20260522T104236Z,2026-05-22T10:42:36.393909Z,20260522T104236Z_batch01,ST26EC5,2026-05-23T02:00:00Z,15 46 24.5,236.60208333333335,-15 17 26,-15.290555555555555,174.1,19.6,14.63,245.5,Map/Offsets,https://cgi.minorplanetcenter.net/cgi-bin/confirmeph2.cgi
20260522T104236Z,2026-05-22T10:42:36.393909Z,20260522T104236Z_batch01,ST26EC5,2026-05-23T03:00:00Z,15 45 29.7,236.37375,-15 23 27,-15.390833333333333,174.1,19.6,14.37,245.5,Map/Offsets,https://cgi.minorplanetcenter.net/cgi-bin/confirmeph2.cgi
20260522T104236Z,2026-05-22T10:42:36.393909Z,20260522T104236Z_batch01,ST26EC5,2026-05-23T04:00:00Z,15 44 35.9,236.1495833333333,-15 29 21,-15.489166666666666,174.0,19.6,14.12,245.6,Map/Offsets,https://cgi.minorplanetcenter.net/cgi-bin/confirmeph2.cgi
20260522T104236Z,2026-05-22T10:42:36.393909Z,20260522T104236Z_batch01,ST26EC5,2026-05-23T05:00:00Z,15 43 43.0,235.92916666666665,-15 35 07,-15.585277777777778,174.0,19.7,13.88,245.6,Map/Offsets,https://cgi.minorplanetcenter.net/cgi-bin/confirmeph2.cgi
20260522T104236Z,2026-05-22T10:42:36.393909Z,20260522T104236Z_batch01,ST26EC5,2026-05-23T06:00:00Z,15 42 50.9,235.7120833333333,-15 40 48,-15.68,173.9,19.7,13.64,245.7,Map/Offsets,https://cgi.minorplanetcenter.net/cgi-bin/confirmeph2.cgi
20260522T104236Z,2026-05-22T10:42:36.393909Z,20260522T104236Z_batch01,ST26EC5,2026-05-23T07:00:00Z,15 41 59.7,235.49875,-15 46 21,-15.7725,173.8,19.7,13.41,245.8,Map/Offsets,https://cgi.minorplanetcenter.net/cgi-bin/confirmeph2.cgi
20260522T104236Z,2026-05-22T10:42:36.393909Z,20260522T104236Z_batch01,ST26EC5,2026-05-23T08:00:00Z,15 41 09.3,235.28875000000002,-15 51 48,-15.863333333333333,173.7,19.7,13.18,245.8,Map/Offsets,https://cgi.minorplanetcenter.net/cgi-bin/confirmeph2.cgi
20260522T104236Z,2026-05-22T10:42:36.393909Z,20260522T104236Z_batch01,ST26EC5,2026-05-23T09:00:00Z,15 40 19.7,235.08208333333332,-15 57 09,-15.952499999999999,173.6,19.7,12.96,245.9,Map/Offsets,https://cgi.minorplanetcenter.net/cgi-bin/confirmeph2.cgi
20260522T104236Z,2026-05-22T10:42:36.393909Z,20260522T104236Z_batch01,P12nfgD,2026-05-22T09:00:00Z,15 57 24.2,239.35083333333333,-07 31 07,-7.518611111111111,167.2,21.8,1.12,244.1,Map/Offsets,https://cgi.minorplanetcenter.net/cgi-bin/confirmeph2.cgi
20260522T104236Z,2026-05-22T10:42:36.393909Z,20260522T104236Z_batch01,P12nfgD,2026-05-22T10:00:00Z,15 57 20.2,239.33416666666665,-07 31 36,-7.526666666666666,167.2,21.8,1.12,244.1,Map/Offsets,https://cgi.minorplanetcenter.net/cgi-bin/confirmeph2.cgi
20260522T104236Z,2026-05-22T10:42:36.393909Z,20260522T104236Z_batch01,P12nfgD,2026-05-22T11:00:00Z,15 57 16.1,239.31708333333333,-07 32 06,-7.535,167.2,21.8,1.12,244.1,Map/Offsets,https://cgi.minorplanetcenter.net/cgi-bin/confirmeph2.cgi
20260522T104236Z,2026-05-22T10:42:36.393909Z,20260522T104236Z_batch01,P12nfgD,2026-05-22T12:00:00Z,15 57 12.0,239.3,-07 32 35,-7.543055555555555,167.2,21.8,1.12,244.1,Map/Offsets,https://cgi.minorplanetcenter.net/cgi-bin/confirmeph2.cgi
20260522T104236Z,2026-05-22T10:42:36.393909Z,20260522T104236Z_batch01,P12nfgD,2026-05-22T13:00:00Z,15 57 08.0,239.28333333333333,-07 33 04,-7.551111111111111,167.2,21.8,1.12,244.1,Map/Offsets,https://cgi.minorplanetcenter.net/cgi-bin/confirmeph2.cgi
20260522T104236Z,2026-05-22T10:42:36.393909Z,20260522T104236Z_batch01,P12nfgD,2026-05-22T14:00:00Z,15 57 03.9,239.26624999999999,-07 33 34,-7.559444444444444,167.2,21.8,1.12,244.1,Map/Offsets,https://cgi.minorplanetcenter.net/cgi-bin/confirmeph2.cgi
20260522T104236Z,2026-05-22T10:42:36.393909Z,20260522T104236Z_batch01,P12nfgD,2026-05-22T15:00:00Z,15 56 59.9,239.24958333333333,-07 34 03,-7.5675,167.2,21.8,1.12,244.1,Map/Offsets,https://cgi.minorplanetcenter.net/cgi-bin/confirmeph2.cgi
20260522T104236Z,2026-05-22T10:42:36.393909Z,20260522T104236Z_batch01,P12nfgD,2026-05-22T16:00:00Z,15 56 55.8,239.2325,-07 34 32,-7.575555555555555,167.2,21.8,1.12,244.0,Map/Offsets,https://cgi.minorplanetcenter.net/cgi-bin/confirmeph2.cgi
20260522T104236Z,2026-05-22T10:42:36.393909Z,20260522T104236Z_batch01,P12nfgD,2026-05-22T17:00:00Z,15 56 51.7,239.21541666666667,-07 35 02,-7.583888888888889,167.2,21.8,1.12,244.0,Map/Offsets,https://cgi.minorplanetcenter.net/cgi-bin/confirmeph2.cgi
20260522T104236Z,2026-05-22T10:42:36.393909Z,20260522T104236Z_batch01,P12nfgD,2026-05-22T18:00:00Z,15 56 47.7,239.19875,-07 35 31,-7.591944444444444,167.2,21.8,1.12,244.0,Map/Offsets,https://cgi.minorplanetcenter.net/cgi-bin/confirmeph2.cgi
20260522T104236Z,2026-05-22T10:42:36.393909Z,20260522T104236Z_batch01,P12nfgD,2026-05-22T19:00:00Z,15 56 43.6,239.18166666666667,-07 36 01,-7.6002777777777775,167.2,21.8,1.12,244.0,Map/Offsets,https://cgi.minorplanetcenter.net/cgi-bin/confirmeph2.cgi
20260522T104236Z,2026-05-22T10:42:36.393909Z,20260522T104236Z_batch01,P12nfgD,2026-05-22T20:00:00Z,15 56 39.5,239.16458333333333,-07 36 30,-7.608333333333333,167.2,21.8,1.12,244.0,Map/Offsets,https://cgi.minorplanetcenter.net/cgi-bin/confirmeph2.cgi
20260522T104236Z,2026-05-22T10:42:36.393909Z,20260522T104236Z_batch01,P12nfgD,2026-05-22T21:00:00Z,15 56 35.5,239.14791666666667,-07 37 00,-7.616666666666667,167.2,21.8,1.12,244.0,Map/Offsets,https://cgi.minorplanetcenter.net/cgi-bin/confirmeph2.cgi
20260522T104236Z,2026-05-22T10:42:36.393909Z,20260522T104236Z_batch01,P12nfgD,2026-05-22T22:00:00Z,15 56 31.4,239.13083333333333,-07 37 29,-7.624722222222223,167.2,21.8,1.12,244.0,Map/Offsets,https://cgi.minorplanetcenter.net/cgi-bin/confirmeph2.cgi
20260522T104236Z,2026-05-22T10:42:36.393909Z,20260522T104236Z_batch01,P12nfgD,2026-05-22T23:00:00Z,15 56 27.3,239.11374999999998,-07 37 59,-7.633055555555556,167.2,21.8,1.12,243.9,Map/Offsets,https://cgi.minorplanetcenter.net/cgi-bin/confirmeph2.cgi
20260522T104236Z,2026-05-22T10:42:36.393909Z,20260522T104236Z_batch01,P12nfgD,2026-05-23T00:00:00Z,15 56 23.3,239.09708333333333,-07 38 28,-7.641111111111111,167.2,21.8,1.12,243.9,Map/Offsets,https://cgi.minorplanetcenter.net/cgi-bin/confirmeph2.cgi
20260522T104236Z,2026-05-22T10:42:36.393909Z,20260522T104236Z_batch01,P12nfgD,2026-05-23T01:00:00Z,15 56 19.2,239.07999999999998,-07 38 58,-7.649444444444444,167.2,21.8,1.12,243.9,Map/Offsets,https://cgi.minorplanetcenter.net/cgi-bin/confirmeph2.cgi
20260522T104236Z,2026-05-22T10:42:36.393909Z,20260522T104236Z_batch01,P12nfgD,2026-05-23T02:00:00Z,15 56 15.1,239.06291666666667,-07 39 28,-7.6577777777777785,167.2,21.8,1.12,243.9,Map/Offsets,https://cgi.minorplanetcenter.net/cgi-bin/confirmeph2.cgi
20260522T104236Z,2026-05-22T10:42:36.393909Z,20260522T104236Z_batch01,P12nfgD,2026-05-23T03:00:00Z,15 56 11.1,239.04625,-07 39 57,-7.6658333333333335,167.2,21.8,1.12,243.9,Map/Offsets,https://cgi.minorplanetcenter.net/cgi-bin/confirmeph2.cgi
20260522T104236Z,2026-05-22T10:42:36.393909Z,20260522T104236Z_batch01,P12nfgD,2026-05-23T04:00:00Z,15 56 07.0,239.02916666666667,-07 40 27,-7.674166666666667,167.2,21.8,1.12,243.9,Map/Offsets,https://cgi.minorplanetcenter.net/cgi-bin/confirmeph2.cgi
20260522T104236Z,2026-05-22T10:42:36.393909Z,20260522T104236Z_batch01,P12nfgD,2026-05-23T05:00:00Z,15 56 02.9,239.01208333333332,-07 40 57,-7.6825,167.2,21.8,1.12,243.9,Map/Offsets,https://cgi.minorplanetcenter.net/cgi-bin/confirmeph2.cgi
20260522T104236Z,2026-05-22T10:42:36.393909Z,20260522T104236Z_batch01,P12nfgD,2026-05-23T06:00:00Z,15 55 58.9,238.99541666666667,-07 41 26,-7.690555555555556,167.2,21.8,1.12,243.8,Map/Offsets,https://cgi.minorplanetcenter.net/cgi-bin/confirmeph2.cgi
20260522T104236Z,2026-05-22T10:42:36.393909Z,20260522T104236Z_batch01,P12nfgD,2026-05-23T07:00:00Z,15 55 54.8,238.97833333333332,-07 41 56,-7.698888888888889,167.2,21.8,1.12,243.8,Map/Offsets,https://cgi.minorplanetcenter.net/cgi-bin/confirmeph2.cgi
20260522T104236Z,2026-05-22T10:42:36.393909Z,20260522T104236Z_batch01,P12nfgD,2026-05-23T08:00:00Z,15 55 50.7,238.96125,-07 42 26,-7.707222222222223,167.2,21.8,1.12,243.8,Map/Offsets,https://cgi.minorplanetcenter.net/cgi-bin/confirmeph2.cgi
20260522T104236Z,2026-05-22T10:42:36.393909Z,20260522T104236Z_batch01,P12nfgD,2026-05-23T09:00:00Z,15 55 46.6,238.94416666666666,-07 42 56,-7.7155555555555555,167.2,21.8,1.12,243.8,Map/Offsets,https://cgi.minorplanetcenter.net/cgi-bin/confirmeph2.cgi
20260522T104236Z,2026-05-22T10:42:36.393909Z,20260522T104236Z_batch01,P12nffX,2026-05-22T09:00:00Z,16 22 14.8,245.56166666666667,-20 51 09,-20.852500000000003,173.6,21.8,0.67,249.5,Map/Offsets,https://cgi.minorplanetcenter.net/cgi-bin/confirmeph2.cgi
20260522T104236Z,2026-05-22T10:42:36.393909Z,20260522T104236Z_batch01,P12nffX,2026-05-22T10:00:00Z,16 22 12.1,245.55041666666668,-20 51 24,-20.85666666666667,173.7,21.7,0.68,249.5,Map/Offsets,https://cgi.minorplanetcenter.net/cgi-bin/confirmeph2.cgi
20260522T104236Z,2026-05-22T10:42:36.393909Z,20260522T104236Z_batch01,P12nffX,2026-05-22T11:00:00Z,16 22 09.4,245.5391666666667,-20 51 38,-20.860555555555557,173.7,21.7,0.68,249.5,Map/Offsets,https://cgi.minorplanetcenter.net/cgi-bin/confirmeph2.cgi
20260522T104236Z,2026-05-22T10:42:36.393909Z,20260522T104236Z_batch01,P12nffX,2026-05-22T12:00:00Z,16 22 06.7,245.52791666666667,-20 51 52,-20.864444444444445,173.8,21.7,0.68,249.5,Map/Offsets,https://cgi.minorplanetcenter.net/cgi-bin/confirmeph2.cgi
20260522T104236Z,2026-05-22T10:42:36.393909Z,20260522T104236Z_batch01,P12nffX,2026-05-22T13:00:00Z,16 22 04.0,245.51666666666668,-20 52 06,-20.868333333333332,173.8,21.7,0.68,249.5,Map/Offsets,https://cgi.minorplanetcenter.net/cgi-bin/confirmeph2.cgi
20260522T104236Z,2026-05-22T10:42:36.393909Z,20260522T104236Z_batch01,P12nffX,2026-05-22T14:00:00Z,16 22 01.3,245.5054166666667,-20 52 20,-20.872222222222224,173.9,21.7,0.68,249.5,Map/Offsets,https://cgi.minorplanetcenter.net/cgi-bin/confirmeph2.cgi
20260522T104236Z,2026-05-22T10:42:36.393909Z,20260522T104236Z_batch01,P12nffX,2026-05-22T15:00:00Z,16 21 58.6,245.49416666666667,-20 52 35,-20.87638888888889,173.9,21.7,0.68,249.5,Map/Offsets,https://cgi.minorplanetcenter.net/cgi-bin/confirmeph2.cgi
20260522T104236Z,2026-05-22T10:42:36.393909Z,20260522T104236Z_batch01,P12nffX,2026-05-22T16:00:00Z,16 21 55.8,245.48250000000002,-20 52 49,-20.880277777777778,174.0,21.7,0.68,249.5,Map/Offsets,https://cgi.minorplanetcenter.net/cgi-bin/confirmeph2.cgi
20260522T104236Z,2026-05-22T10:42:36.393909Z,20260522T104236Z_batch01,P12nffX,2026-05-22T17:00:00Z,16 21 53.1,245.47125,-20 53 03,-20.884166666666665,174.0,21.7,0.68,249.5,Map/Offsets,https://cgi.minorplanetcenter.net/cgi-bin/confirmeph2.cgi
20260522T104236Z,2026-05-22T10:42:36.393909Z,20260522T104236Z_batch01,P12nffX,2026-05-22T18:00:00Z,16 21 50.4,245.46,-20 53 17,-20.888055555555557,174.1,21.7,0.68,249.5,Map/Offsets,https://cgi.minorplanetcenter.net/cgi-bin/confirmeph2.cgi
20260522T104236Z,2026-05-22T10:42:36.393909Z,20260522T104236Z_batch01,P12nffX,2026-05-22T19:00:00Z,16 21 47.7,245.44875000000002,-20 53 31,-20.891944444444444,174.1,21.7,0.68,249.5,Map/Offsets,https://cgi.minorplanetcenter.net/cgi-bin/confirmeph2.cgi
20260522T104236Z,2026-05-22T10:42:36.393909Z,20260522T104236Z_batch01,P12nffX,2026-05-22T20:00:00Z,16 21 45.0,245.4375,-20 53 46,-20.89611111111111,174.2,21.7,0.68,249.6,Map/Offsets,https://cgi.minorplanetcenter.net/cgi-bin/confirmeph2.cgi
20260522T104236Z,2026-05-22T10:42:36.393909Z,20260522T104236Z_batch01,P12nffX,2026-05-22T21:00:00Z,16 21 42.2,245.42583333333334,-20 54 00,-20.9,174.2,21.7,0.68,249.6,Map/Offsets,https://cgi.minorplanetcenter.net/cgi-bin/confirmeph2.cgi
20260522T104236Z,2026-05-22T10:42:36.393909Z,20260522T104236Z_batch01,P12nffX,2026-05-22T22:00:00Z,16 21 39.5,245.41458333333335,-20 54 14,-20.903888888888886,174.3,21.7,0.68,249.6,Map/Offsets,https://cgi.minorplanetcenter.net/cgi-bin/confirmeph2.cgi
20260522T104236Z,2026-05-22T10:42:36.393909Z,20260522T104236Z_batch01,P12nffX,2026-05-22T23:00:00Z,16 21 36.8,245.40333333333334,-20 54 28,-20.907777777777778,174.3,21.7,0.68,249.6,Map/Offsets,https://cgi.minorplanetcenter.net/cgi-bin/confirmeph2.cgi
20260522T104236Z,2026-05-22T10:42:36.393909Z,20260522T104236Z_batch01,P12nffX,2026-05-23T00:00:00Z,16 21 34.1,245.39208333333335,-20 54 43,-20.911944444444444,174.4,21.7,0.68,249.6,Map/Offsets,https://cgi.minorplanetcenter.net/cgi-bin/confirmeph2.cgi
20260522T104236Z,2026-05-22T10:42:36.393909Z,20260522T104236Z_batch01,P12nffX,2026-05-23T01:00:00Z,16 21 31.3,245.3804166666667,-20 54 57,-20.91583333333333,174.4,21.7,0.68,249.6,Map/Offsets,https://cgi.minorplanetcenter.net/cgi-bin/confirmeph2.cgi
20260522T104236Z,2026-05-22T10:42:36.393909Z,20260522T104236Z_batch01,P12nffX,2026-05-23T02:00:00Z,16 21 28.6,245.36916666666667,-20 55 11,-20.919722222222223,174.5,21.7,0.68,249.6,Map/Offsets,https://cgi.minorplanetcenter.net/cgi-bin/confirmeph2.cgi
20260522T104236Z,2026-05-22T10:42:36.393909Z,20260522T104236Z_batch01,P12nffX,2026-05-23T03:00:00Z,16 21 25.9,245.35791666666668,-20 55 25,-20.92361111111111,174.5,21.7,0.68,249.6,Map/Offsets,https://cgi.minorplanetcenter.net/cgi-bin/confirmeph2.cgi
20260522T104236Z,2026-05-22T10:42:36.393909Z,20260522T104236Z_batch01,P12nffX,2026-05-23T04:00:00Z,16 21 23.2,245.3466666666667,-20 55 39,-20.927500000000002,174.6,21.7,0.68,249.6,Map/Offsets,https://cgi.minorplanetcenter.net/cgi-bin/confirmeph2.cgi
20260522T104236Z,2026-05-22T10:42:36.393909Z,20260522T104236Z_batch01,P12nffX,2026-05-23T05:00:00Z,16 21 20.4,245.335,-20 55 54,-20.93166666666667,174.6,21.7,0.68,249.6,Map/Offsets,https://cgi.minorplanetcenter.net/cgi-bin/confirmeph2.cgi
20260522T104236Z,2026-05-22T10:42:36.393909Z,20260522T104236Z_batch01,P12nffX,2026-05-23T06:00:00Z,16 21 17.7,245.32375000000002,-20 56 08,-20.935555555555556,174.7,21.7,0.68,249.6,Map/Offsets,https://cgi.minorplanetcenter.net/cgi-bin/confirmeph2.cgi
20260522T104236Z,2026-05-22T10:42:36.393909Z,20260522T104236Z_batch01,P12nffX,2026-05-23T07:00:00Z,16 21 14.9,245.31208333333336,-20 56 22,-20.939444444444444,174.7,21.7,0.68,249.6,Map/Offsets,https://cgi.minorplanetcenter.net/cgi-bin/confirmeph2.cgi
20260522T104236Z,2026-05-22T10:42:36.393909Z,20260522T104236Z_batch01,P12nffX,2026-05-23T08:00:00Z,16 21 12.2,245.30083333333334,-20 56 36,-20.943333333333335,174.8,21.7,0.68,249.6,Map/Offsets,https://cgi.minorplanetcenter.net/cgi-bin/confirmeph2.cgi
20260522T104236Z,2026-05-22T10:42:36.393909Z,20260522T104236Z_batch01,P12nffX,2026-05-23T09:00:00Z,16 21 09.5,245.28958333333335,-20 56 51,-20.9475,174.8,21.7,0.68,249.7,Map/Offsets,https://cgi.minorplanetcenter.net/cgi-bin/confirmeph2.cgi
20260522T104236Z,2026-05-22T10:42:36.393909Z,20260522T104236Z_batch01,P12nffV,2026-05-22T09:00:00Z,16 30 02.8,247.51166666666666,-18 47 11,-18.78638888888889,171.6,20.5,1.08,350.2,Map/Offsets,https://cgi.minorplanetcenter.net/cgi-bin/confirmeph2.cgi
20260522T104236Z,2026-05-22T10:42:36.393909Z,20260522T104236Z_batch01,P12nffV,2026-05-22T10:00:00Z,16 30 02.0,247.5083333333333,-18 46 07,-18.76861111111111,171.7,20.5,1.08,350.2,Map/Offsets,https://cgi.minorplanetcenter.net/cgi-bin/confirmeph2.cgi
20260522T104236Z,2026-05-22T10:42:36.393909Z,20260522T104236Z_batch01,P12nffV,2026-05-22T11:00:00Z,16 30 01.2,247.505,-18 45 03,-18.750833333333333,171.7,20.5,1.09,350.2,Map/Offsets,https://cgi.minorplanetcenter.net/cgi-bin/confirmeph2.cgi
20260522T104236Z,2026-05-22T10:42:36.393909Z,20260522T104236Z_batch01,P12nffV,2026-05-22T12:00:00Z,16 30 00.4,247.50166666666667,-18 43 59,-18.733055555555556,171.7,20.5,1.09,350.2,Map/Offsets,https://cgi.minorplanetcenter.net/cgi-bin/confirmeph2.cgi
20260522T104236Z,2026-05-22T10:42:36.393909Z,20260522T104236Z_batch01,P12nffV,2026-05-22T13:00:00Z,16 29 59.6,247.49833333333333,-18 42 55,-18.71527777777778,171.8,20.5,1.09,350.2,Map/Offsets,https://cgi.minorplanetcenter.net/cgi-bin/confirmeph2.cgi
20260522T104236Z,2026-05-22T10:42:36.393909Z,20260522T104236Z_batch01,P12nffV,2026-05-22T14:00:00Z,16 29 58.8,247.495,-18 41 50,-18.697222222222223,171.8,20.5,1.09,350.1,Map/Offsets,https://cgi.minorplanetcenter.net/cgi-bin/confirmeph2.cgi
20260522T104236Z,2026-05-22T10:42:36.393909Z,20260522T104236Z_batch01,P12nffV,2026-05-22T15:00:00Z,16 29 58.1,247.49208333333337,-18 40 46,-18.679444444444446,171.9,20.5,1.09,350.1,Map/Offsets,https://cgi.minorplanetcenter.net/cgi-bin/confirmeph2.cgi
20260522T104236Z,2026-05-22T10:42:36.393909Z,20260522T104236Z_batch01,P12nffV,2026-05-22T16:00:00Z,16 29 57.3,247.48875,-18 39 42,-18.661666666666665,171.9,20.5,1.09,350.1,Map/Offsets,https://cgi.minorplanetcenter.net/cgi-bin/confirmeph2.cgi
20260522T104236Z,2026-05-22T10:42:36.393909Z,20260522T104236Z_batch01,P12nffV,2026-05-22T17:00:00Z,16 29 56.5,247.4854166666667,-18 38 37,-18.64361111111111,171.9,20.5,1.09,350.1,Map/Offsets,https://cgi.minorplanetcenter.net/cgi-bin/confirmeph2.cgi
20260522T104236Z,2026-05-22T10:42:36.393909Z,20260522T104236Z_batch01,P12nffV,2026-05-22T18:00:00Z,16 29 55.7,247.48208333333335,-18 37 33,-18.625833333333333,172.0,20.5,1.09,350.1,Map/Offsets,https://cgi.minorplanetcenter.net/cgi-bin/confirmeph2.cgi
20260522T104236Z,2026-05-22T10:42:36.393909Z,20260522T104236Z_batch01,P12nffV,2026-05-22T19:00:00Z,16 29 54.9,247.47875000000005,-18 36 29,-18.608055555555556,172.0,20.5,1.09,350.1,Map/Offsets,https://cgi.minorplanetcenter.net/cgi-bin/confirmeph2.cgi
20260522T104236Z,2026-05-22T10:42:36.393909Z,20260522T104236Z_batch01,P12nffV,2026-05-22T20:00:00Z,16 29 54.1,247.4754166666667,-18 35 24,-18.59,172.0,20.5,1.09,350.1,Map/Offsets,https://cgi.minorplanetcenter.net/cgi-bin/confirmeph2.cgi
20260522T104236Z,2026-05-22T10:42:36.393909Z,20260522T104236Z_batch01,P12nffV,2026-05-22T21:00:00Z,16 29 53.3,247.47208333333333,-18 34 20,-18.572222222222223,172.1,20.5,1.09,350.0,Map/Offsets,https://cgi.minorplanetcenter.net/cgi-bin/confirmeph2.cgi
20260522T104236Z,2026-05-22T10:42:36.393909Z,20260522T104236Z_batch01,P12nffV,2026-05-22T22:00:00Z,16 29 52.5,247.46875000000003,-18 33 15,-18.554166666666667,172.1,20.5,1.09,350.0,Map/Offsets,https://cgi.minorplanetcenter.net/cgi-bin/confirmeph2.cgi
20260522T104236Z,2026-05-22T10:42:36.393909Z,20260522T104236Z_batch01,P12nffV,2026-05-22T23:00:00Z,16 29 51.7,247.46541666666667,-18 32 10,-18.53611111111111,172.1,20.5,1.09,350.0,Map/Offsets,https://cgi.minorplanetcenter.net/cgi-bin/confirmeph2.cgi
20260522T104236Z,2026-05-22T10:42:36.393909Z,20260522T104236Z_batch01,P12nffV,2026-05-23T00:00:00Z,16 29 50.9,247.46208333333337,-18 31 06,-18.51833333333333,172.2,20.5,1.09,350.0,Map/Offsets,https://cgi.minorplanetcenter.net/cgi-bin/confirmeph2.cgi
20260522T104236Z,2026-05-22T10:42:36.393909Z,20260522T104236Z_batch01,P12nffV,2026-05-23T01:00:00Z,16 29 50.1,247.45875,-18 30 01,-18.50027777777778,172.2,20.5,1.09,350.0,Map/Offsets,https://cgi.minorplanetcenter.net/cgi-bin/confirmeph2.cgi
20260522T104236Z,2026-05-22T10:42:36.393909Z,20260522T104236Z_batch01,P12nffV,2026-05-23T02:00:00Z,16 29 49.3,247.45541666666665,-18 28 57,-18.482499999999998,172.2,20.5,1.09,350.0,Map/Offsets,https://cgi.minorplanetcenter.net/cgi-bin/confirmeph2.cgi
20260522T104236Z,2026-05-22T10:42:36.393909Z,20260522T104236Z_batch01,P12nffV,2026-05-23T03:00:00Z,16 29 48.5,247.45208333333335,-18 27 52,-18.464444444444442,172.3,20.5,1.1,350.0,Map/Offsets,https://cgi.minorplanetcenter.net/cgi-bin/confirmeph2.cgi
20260522T104236Z,2026-05-22T10:42:36.393909Z,20260522T104236Z_batch01,P12nffV,2026-05-23T04:00:00Z,16 29 47.7,247.44875000000002,-18 26 47,-18.44638888888889,172.3,20.5,1.1,349.9,Map/Offsets,https://cgi.minorplanetcenter.net/cgi-bin/confirmeph2.cgi
20260522T104236Z,2026-05-22T10:42:36.393909Z,20260522T104236Z_batch01,P12nffV,2026-05-23T05:00:00Z,16 29 46.9,247.4454166666667,-18 25 42,-18.428333333333335,172.3,20.5,1.1,349.9,Map/Offsets,https://cgi.minorplanetcenter.net/cgi-bin/confirmeph2.cgi
20260522T104236Z,2026-05-22T10:42:36.393909Z,20260522T104236Z_batch01,P12nffV,2026-05-23T06:00:00Z,16 29 46.1,247.44208333333336,-18 24 38,-18.410555555555554,172.4,20.5,1.1,349.9,Map/Offsets,https://cgi.minorplanetcenter.net/cgi-bin/confirmeph2.cgi
20260522T104236Z,2026-05-22T10:42:36.393909Z,20260522T104236Z_batch01,P12nffV,2026-05-23T07:00:00Z,16 29 45.3,247.43875,-18 23 33,-18.3925,172.4,20.5,1.1,349.9,Map/Offsets,https://cgi.minorplanetcenter.net/cgi-bin/confirmeph2.cgi
20260522T104236Z,2026-05-22T10:42:36.393909Z,20260522T104236Z_batch01,P12nffV,2026-05-23T08:00:00Z,16 29 44.5,247.4354166666667,-18 22 28,-18.374444444444446,172.4,20.5,1.1,349.9,Map/Offsets,https://cgi.minorplanetcenter.net/cgi-bin/confirmeph2.cgi
20260522T104236Z,2026-05-22T10:42:36.393909Z,20260522T104236Z_batch01,P12nffV,2026-05-23T09:00:00Z,16 29 43.6,247.43166666666667,-18 21 23,-18.35638888888889,172.5,20.5,1.1,349.9,Map/Offsets,https://cgi.minorplanetcenter.net/cgi-bin/confirmeph2.cgi
20260522T104236Z,2026-05-22T10:42:36.393909Z,20260522T104236Z_batch01,P12nfaz,2026-05-22T09:00:00Z,13 14 43.5,198.68124999999998,-28 15 05,-28.25138888888889,142.8,22.0,0.55,329.3,Map/Offsets,https://cgi.minorplanetcenter.net/cgi-bin/confirmeph2.cgi
20260522T104236Z,2026-05-22T10:42:36.393909Z,20260522T104236Z_batch01,P12nfaz,2026-05-22T10:00:00Z,13 14 42.2,198.67583333333332,-28 14 36,-28.243333333333336,142.7,22.0,0.55,329.3,Map/Offsets,https://cgi.minorplanetcenter.net/cgi-bin/confirmeph2.cgi
20260522T104236Z,2026-05-22T10:42:36.393909Z,20260522T104236Z_batch01,P12nfaz,2026-05-22T11:00:00Z,13 14 40.9,198.67041666666665,-28 14 08,-28.235555555555557,142.7,22.0,0.55,329.4,Map/Offsets,https://cgi.minorplanetcenter.net/cgi-bin/confirmeph2.cgi
20260522T104236Z,2026-05-22T10:42:36.393909Z,20260522T104236Z_batch01,P12nfaz,2026-05-22T12:00:00Z,13 14 39.7,198.66541666666666,-28 13 39,-28.2275,142.7,22.0,0.55,329.5,Map/Offsets,https://cgi.minorplanetcenter.net/cgi-bin/confirmeph2.cgi
20260522T104236Z,2026-05-22T10:42:36.393909Z,20260522T104236Z_batch01,P12nfaz,2026-05-22T13:00:00Z,13 14 38.4,198.66,-28 13 11,-28.21972222222222,142.6,22.0,0.55,329.5,Map/Offsets,https://cgi.minorplanetcenter.net/cgi-bin/confirmeph2.cgi
20260522T104236Z,2026-05-22T10:42:36.393909Z,20260522T104236Z_batch01,P12nfaz,2026-05-22T14:00:00Z,13 14 37.1,198.65458333333333,-28 12 43,-28.211944444444445,142.6,22.0,0.55,329.6,Map/Offsets,https://cgi.minorplanetcenter.net/cgi-bin/confirmeph2.cgi
20260522T104236Z,2026-05-22T10:42:36.393909Z,20260522T104236Z_batch01,P12nfaz,2026-05-22T15:00:00Z,13 14 35.9,198.6495833333333,-28 12 14,-28.203888888888887,142.5,22.0,0.55,329.7,Map/Offsets,https://cgi.minorplanetcenter.net/cgi-bin/confirmeph2.cgi
20260522T104236Z,2026-05-22T10:42:36.393909Z,20260522T104236Z_batch01,P12nfaz,2026-05-22T16:00:00Z,13 14 34.6,198.64416666666665,-28 11 46,-28.19611111111111,142.5,22.0,0.55,329.7,Map/Offsets,https://cgi.minorplanetcenter.net/cgi-bin/confirmeph2.cgi
20260522T104236Z,2026-05-22T10:42:36.393909Z,20260522T104236Z_batch01,P12nfaz,2026-05-22T17:00:00Z,13 14 33.4,198.63916666666665,-28 11 18,-28.188333333333333,142.5,22.0,0.55,329.8,Map/Offsets,https://cgi.minorplanetcenter.net/cgi-bin/confirmeph2.cgi
20260522T104236Z,2026-05-22T10:42:36.393909Z,20260522T104236Z_batch01,P12nfaz,2026-05-22T18:00:00Z,13 14 32.1,198.63374999999996,-28 10 49,-28.18027777777778,142.4,22.0,0.55,329.8,Map/Offsets,https://cgi.minorplanetcenter.net/cgi-bin/confirmeph2.cgi
20260522T104236Z,2026-05-22T10:42:36.393909Z,20260522T104236Z_batch01,P12nfaz,2026-05-22T19:00:00Z,13 14 30.9,198.62875,-28 10 21,-28.1725,142.4,22.0,0.55,329.9,Map/Offsets,https://cgi.minorplanetcenter.net/cgi-bin/confirmeph2.cgi
20260522T104236Z,2026-05-22T10:42:36.393909Z,20260522T104236Z_batch01,P12nfaz,2026-05-22T20:00:00Z,13 14 29.6,198.62333333333333,-28 09 53,-28.16472222222222,142.3,22.0,0.55,330.0,Map/Offsets,https://cgi.minorplanetcenter.net/cgi-bin/confirmeph2.cgi
20260522T104236Z,2026-05-22T10:42:36.393909Z,20260522T104236Z_batch01,P12nfaz,2026-05-22T21:00:00Z,13 14 28.4,198.6183333333333,-28 09 24,-28.156666666666666,142.3,22.0,0.55,330.0,Map/Offsets,https://cgi.minorplanetcenter.net/cgi-bin/confirmeph2.cgi
20260522T104236Z,2026-05-22T10:42:36.393909Z,20260522T104236Z_batch01,P12nfaz,2026-05-22T22:00:00Z,13 14 27.2,198.61333333333332,-28 08 56,-28.148888888888887,142.3,22.0,0.55,330.1,Map/Offsets,https://cgi.minorplanetcenter.net/cgi-bin/confirmeph2.cgi
20260522T104236Z,2026-05-22T10:42:36.393909Z,20260522T104236Z_batch01,P12nfaz,2026-05-22T23:00:00Z,13 14 25.9,198.60791666666665,-28 08 27,-28.140833333333333,142.2,22.0,0.55,330.2,Map/Offsets,https://cgi.minorplanetcenter.net/cgi-bin/confirmeph2.cgi
20260522T104236Z,2026-05-22T10:42:36.393909Z,20260522T104236Z_batch01,P12nfaz,2026-05-23T00:00:00Z,13 14 24.7,198.60291666666663,-28 07 59,-28.133055555555558,142.2,22.0,0.54,330.2,Map/Offsets,https://cgi.minorplanetcenter.net/cgi-bin/confirmeph2.cgi
20260522T104236Z,2026-05-22T10:42:36.393909Z,20260522T104236Z_batch01,P12nfaz,2026-05-23T01:00:00Z,13 14 23.5,198.59791666666666,-28 07 31,-28.12527777777778,142.2,22.0,0.54,330.3,Map/Offsets,https://cgi.minorplanetcenter.net/cgi-bin/confirmeph2.cgi
20260522T104236Z,2026-05-22T10:42:36.393909Z,20260522T104236Z_batch01,P12nfaz,2026-05-23T02:00:00Z,13 14 22.3,198.59291666666667,-28 07 02,-28.11722222222222,142.1,22.0,0.54,330.4,Map/Offsets,https://cgi.minorplanetcenter.net/cgi-bin/confirmeph2.cgi
20260522T104236Z,2026-05-22T10:42:36.393909Z,20260522T104236Z_batch01,P12nfaz,2026-05-23T03:00:00Z,13 14 21.0,198.58749999999998,-28 06 34,-28.109444444444446,142.1,22.0,0.54,330.4,Map/Offsets,https://cgi.minorplanetcenter.net/cgi-bin/confirmeph2.cgi
20260522T104236Z,2026-05-22T10:42:36.393909Z,20260522T104236Z_batch01,P12nfaz,2026-05-23T04:00:00Z,13 14 19.8,198.58249999999998,-28 06 06,-28.101666666666667,142.0,22.0,0.54,330.5,Map/Offsets,https://cgi.minorplanetcenter.net/cgi-bin/confirmeph2.cgi
20260522T104236Z,2026-05-22T10:42:36.393909Z,20260522T104236Z_batch01,P12nfaz,2026-05-23T05:00:00Z,13 14 18.6,198.5775,-28 05 37,-28.09361111111111,142.0,22.0,0.54,330.5,Map/Offsets,https://cgi.minorplanetcenter.net/cgi-bin/confirmeph2.cgi
20260522T104236Z,2026-05-22T10:42:36.393909Z,20260522T104236Z_batch01,P12nfaz,2026-05-23T06:00:00Z,13 14 17.4,198.5725,-28 05 09,-28.085833333333333,142.0,22.0,0.54,330.6,Map/Offsets,https://cgi.minorplanetcenter.net/cgi-bin/confirmeph2.cgi
20260522T104236Z,2026-05-22T10:42:36.393909Z,20260522T104236Z_batch01,P12nfaz,2026-05-23T07:00:00Z,13 14 16.2,198.5675,-28 04 40,-28.07777777777778,141.9,22.0,0.54,330.7,Map/Offsets,https://cgi.minorplanetcenter.net/cgi-bin/confirmeph2.cgi
20260522T104236Z,2026-05-22T10:42:36.393909Z,20260522T104236Z_batch01,P12nfaz,2026-05-23T08:00:00Z,13 14 15.0,198.56249999999997,-28 04 12,-28.07,141.9,22.0,0.54,330.7,Map/Offsets,https://cgi.minorplanetcenter.net/cgi-bin/confirmeph2.cgi
20260522T104236Z,2026-05-22T10:42:36.393909Z,20260522T104236Z_batch01,P12nfaz,2026-05-23T09:00:00Z,13 14 13.8,198.55749999999998,-28 03 44,-28.06222222222222,141.9,22.0,0.54,330.8,Map/Offsets,https://cgi.minorplanetcenter.net/cgi-bin/confirmeph2.cgi
20260522T104236Z,2026-05-22T10:42:36.393909Z,20260522T104236Z_batch01,P22nfat,2026-05-22T09:00:00Z,16 10 58.0,242.7416666666667,+21 30 52,21.514444444444443,138.0,22.1,0.65,292.8,Map/Offsets,https://cgi.minorplanetcenter.net/cgi-bin/confirmeph2.cgi
20260522T104236Z,2026-05-22T10:42:36.393909Z,20260522T104236Z_batch01,P22nfat,2026-05-22T10:00:00Z,16 10 55.4,242.73083333333335,+21 31 07,21.51861111111111,138.0,22.1,0.65,292.7,Map/Offsets,https://cgi.minorplanetcenter.net/cgi-bin/confirmeph2.cgi
20260522T104236Z,2026-05-22T10:42:36.393909Z,20260522T104236Z_batch01,P22nfat,2026-05-22T11:00:00Z,16 10 52.8,242.72000000000003,+21 31 22,21.522777777777776,137.9,22.1,0.65,292.7,Map/Offsets,https://cgi.minorplanetcenter.net/cgi-bin/confirmeph2.cgi
20260522T104236Z,2026-05-22T10:42:36.393909Z,20260522T104236Z_batch01,P22nfat,2026-05-22T12:00:00Z,16 10 50.2,242.70916666666668,+21 31 37,21.526944444444442,137.9,22.1,0.65,292.6,Map/Offsets,https://cgi.minorplanetcenter.net/cgi-bin/confirmeph2.cgi
20260522T104236Z,2026-05-22T10:42:36.393909Z,20260522T104236Z_batch01,P22nfat,2026-05-22T13:00:00Z,16 10 47.7,242.69875000000002,+21 31 52,21.53111111111111,137.9,22.1,0.65,292.5,Map/Offsets,https://cgi.minorplanetcenter.net/cgi-bin/confirmeph2.cgi
20260522T104236Z,2026-05-22T10:42:36.393909Z,20260522T104236Z_batch01,P22nfat,2026-05-22T14:00:00Z,16 10 45.1,242.68791666666667,+21 32 07,21.53527777777778,137.9,22.1,0.65,292.4,Map/Offsets,https://cgi.minorplanetcenter.net/cgi-bin/confirmeph2.cgi
20260522T104236Z,2026-05-22T10:42:36.393909Z,20260522T104236Z_batch01,P22nfat,2026-05-22T15:00:00Z,16 10 42.5,242.67708333333334,+21 32 22,21.539444444444445,137.9,22.1,0.65,292.3,Map/Offsets,https://cgi.minorplanetcenter.net/cgi-bin/confirmeph2.cgi
20260522T104236Z,2026-05-22T10:42:36.393909Z,20260522T104236Z_batch01,P22nfat,2026-05-22T16:00:00Z,16 10 39.9,242.66625,+21 32 37,21.54361111111111,137.9,22.1,0.65,292.2,Map/Offsets,https://cgi.minorplanetcenter.net/cgi-bin/confirmeph2.cgi
20260522T104236Z,2026-05-22T10:42:36.393909Z,20260522T104236Z_batch01,P22nfat,2026-05-22T17:00:00Z,16 10 37.3,242.65541666666672,+21 32 51,21.547500000000003,137.9,22.1,0.65,292.1,Map/Offsets,https://cgi.minorplanetcenter.net/cgi-bin/confirmeph2.cgi
20260522T104236Z,2026-05-22T10:42:36.393909Z,20260522T104236Z_batch01,P22nfat,2026-05-22T18:00:00Z,16 10 34.8,242.64500000000004,+21 33 06,21.551666666666666,137.9,22.1,0.65,292.1,Map/Offsets,https://cgi.minorplanetcenter.net/cgi-bin/confirmeph2.cgi
20260522T104236Z,2026-05-22T10:42:36.393909Z,20260522T104236Z_batch01,P22nfat,2026-05-22T19:00:00Z,16 10 32.2,242.6341666666667,+21 33 21,21.555833333333332,137.9,22.1,0.65,292.0,Map/Offsets,https://cgi.minorplanetcenter.net/cgi-bin/confirmeph2.cgi
20260522T104236Z,2026-05-22T10:42:36.393909Z,20260522T104236Z_batch01,P22nfat,2026-05-22T20:00:00Z,16 10 29.6,242.62333333333336,+21 33 35,21.559722222222224,137.9,22.1,0.65,291.9,Map/Offsets,https://cgi.minorplanetcenter.net/cgi-bin/confirmeph2.cgi
20260522T104236Z,2026-05-22T10:42:36.393909Z,20260522T104236Z_batch01,P22nfat,2026-05-22T21:00:00Z,16 10 27.0,242.6125,+21 33 49,21.56361111111111,137.9,22.1,0.65,291.8,Map/Offsets,https://cgi.minorplanetcenter.net/cgi-bin/confirmeph2.cgi
20260522T104236Z,2026-05-22T10:42:36.393909Z,20260522T104236Z_batch01,P22nfat,2026-05-22T22:00:00Z,16 10 24.4,242.6016666666667,+21 34 04,21.567777777777778,137.9,22.1,0.65,291.7,Map/Offsets,https://cgi.minorplanetcenter.net/cgi-bin/confirmeph2.cgi
20260522T104236Z,2026-05-22T10:42:36.393909Z,20260522T104236Z_batch01,P22nfat,2026-05-22T23:00:00Z,16 10 21.9,242.59125,+21 34 18,21.571666666666665,137.9,22.1,0.65,291.6,Map/Offsets,https://cgi.minorplanetcenter.net/cgi-bin/confirmeph2.cgi
20260522T104236Z,2026-05-22T10:42:36.393909Z,20260522T104236Z_batch01,P22nfat,2026-05-23T00:00:00Z,16 10 19.3,242.58041666666668,+21 34 32,21.575555555555557,137.8,22.1,0.64,291.5,Map/Offsets,https://cgi.minorplanetcenter.net/cgi-bin/confirmeph2.cgi
20260522T104236Z,2026-05-22T10:42:36.393909Z,20260522T104236Z_batch01,P22nfat,2026-05-23T01:00:00Z,16 10 16.7,242.56958333333333,+21 34 47,21.579722222222223,137.8,22.1,0.64,291.5,Map/Offsets,https://cgi.minorplanetcenter.net/cgi-bin/confirmeph2.cgi
20260522T104236Z,2026-05-22T10:42:36.393909Z,20260522T104236Z_batch01,P22nfat,2026-05-23T02:00:00Z,16 10 14.1,242.55875,+21 35 01,21.58361111111111,137.8,22.1,0.64,291.4,Map/Offsets,https://cgi.minorplanetcenter.net/cgi-bin/confirmeph2.cgi
20260522T104236Z,2026-05-22T10:42:36.393909Z,20260522T104236Z_batch01,P22nfat,2026-05-23T03:00:00Z,16 10 11.6,242.54833333333337,+21 35 15,21.5875,137.8,22.1,0.64,291.3,Map/Offsets,https://cgi.minorplanetcenter.net/cgi-bin/confirmeph2.cgi
20260522T104236Z,2026-05-22T10:42:36.393909Z,20260522T104236Z_batch01,P22nfat,2026-05-23T04:00:00Z,16 10 09.0,242.53750000000002,+21 35 29,21.591388888888886,137.8,22.1,0.64,291.2,Map/Offsets,https://cgi.minorplanetcenter.net/cgi-bin/confirmeph2.cgi
20260522T104236Z,2026-05-22T10:42:36.393909Z,20260522T104236Z_batch01,P22nfat,2026-05-23T05:00:00Z,16 10 06.4,242.5266666666667,+21 35 43,21.595277777777778,137.8,22.1,0.64,291.1,Map/Offsets,https://cgi.minorplanetcenter.net/cgi-bin/confirmeph2.cgi
20260522T104236Z,2026-05-22T10:42:36.393909Z,20260522T104236Z_batch01,P22nfat,2026-05-23T06:00:00Z,16 10 03.8,242.51583333333338,+21 35 56,21.598888888888887,137.8,22.1,0.64,291.0,Map/Offsets,https://cgi.minorplanetcenter.net/cgi-bin/confirmeph2.cgi
20260522T104236Z,2026-05-22T10:42:36.393909Z,20260522T104236Z_batch01,P22nfat,2026-05-23T07:00:00Z,16 10 01.2,242.50500000000002,+21 36 10,21.602777777777778,137.8,22.1,0.64,290.9,Map/Offsets,https://cgi.minorplanetcenter.net/cgi-bin/confirmeph2.cgi
20260522T104236Z,2026-05-22T10:42:36.393909Z,20260522T104236Z_batch01,P22nfat,2026-05-23T08:00:00Z,16 09 58.7,242.4945833333333,+21 36 24,21.60666666666667,137.8,22.1,0.64,290.9,Map/Offsets,https://cgi.minorplanetcenter.net/cgi-bin/confirmeph2.cgi
20260522T104236Z,2026-05-22T10:42:36.393909Z,20260522T104236Z_batch01,P22nfat,2026-05-23T09:00:00Z,16 09 56.1,242.48374999999996,+21 36 38,21.610555555555557,137.8,22.1,0.64,290.8,Map/Offsets,https://cgi.minorplanetcenter.net/cgi-bin/confirmeph2.cgi
20260522T104236Z,2026-05-22T10:42:36.393909Z,20260522T104236Z_batch01,NAOCAN7,2026-05-22T09:00:00Z,15 16 35.1,229.14625,-21 48 12,-21.803333333333335,170.9,20.7,0.08,146.5,Map/Offsets,https://cgi.minorplanetcenter.net/cgi-bin/confirmeph2.cgi
20260522T104236Z,2026-05-22T10:42:36.393909Z,20260522T104236Z_batch01,NAOCAN7,2026-05-22T10:00:00Z,15 16 35.3,229.14708333333334,-21 48 16,-21.804444444444446,170.8,20.7,0.08,146.3,Map/Offsets,https://cgi.minorplanetcenter.net/cgi-bin/confirmeph2.cgi
20260522T104236Z,2026-05-22T10:42:36.393909Z,20260522T104236Z_batch01,NAOCAN7,2026-05-22T11:00:00Z,15 16 35.5,229.14791666666667,-21 48 20,-21.805555555555557,170.8,20.7,0.08,146.1,Map/Offsets,https://cgi.minorplanetcenter.net/cgi-bin/confirmeph2.cgi
20260522T104236Z,2026-05-22T10:42:36.393909Z,20260522T104236Z_batch01,NAOCAN7,2026-05-22T12:00:00Z,15 16 35.7,229.14875,-21 48 23,-21.80638888888889,170.8,20.7,0.08,145.9,Map/Offsets,https://cgi.minorplanetcenter.net/cgi-bin/confirmeph2.cgi
20260522T104236Z,2026-05-22T10:42:36.393909Z,20260522T104236Z_batch01,NAOCAN7,2026-05-22T13:00:00Z,15 16 35.9,229.14958333333334,-21 48 27,-21.8075,170.7,20.7,0.08,145.7,Map/Offsets,https://cgi.minorplanetcenter.net/cgi-bin/confirmeph2.cgi
20260522T104236Z,2026-05-22T10:42:36.393909Z,20260522T104236Z_batch01,NAOCAN7,2026-05-22T14:00:00Z,15 16 36.1,229.15041666666667,-21 48 31,-21.808611111111112,170.7,20.7,0.08,145.5,Map/Offsets,https://cgi.minorplanetcenter.net/cgi-bin/confirmeph2.cgi
20260522T104236Z,2026-05-22T10:42:36.393909Z,20260522T104236Z_batch01,NAOCAN7,2026-05-22T15:00:00Z,15 16 36.2,229.15083333333334,-21 48 35,-21.809722222222224,170.7,20.7,0.08,145.3,Map/Offsets,https://cgi.minorplanetcenter.net/cgi-bin/confirmeph2.cgi
20260522T104236Z,2026-05-22T10:42:36.393909Z,20260522T104236Z_batch01,NAOCAN7,2026-05-22T16:00:00Z,15 16 36.4,229.1516666666667,-21 48 39,-21.810833333333335,170.6,20.7,0.08,145.1,Map/Offsets,https://cgi.minorplanetcenter.net/cgi-bin/confirmeph2.cgi
20260522T104236Z,2026-05-22T10:42:36.393909Z,20260522T104236Z_batch01,NAOCAN7,2026-05-22T17:00:00Z,15 16 36.6,229.1525,-21 48 43,-21.811944444444446,170.6,20.7,0.08,145.0,Map/Offsets,https://cgi.minorplanetcenter.net/cgi-bin/confirmeph2.cgi
20260522T104236Z,2026-05-22T10:42:36.393909Z,20260522T104236Z_batch01,NAOCAN7,2026-05-22T18:00:00Z,15 16 36.8,229.15333333333334,-21 48 47,-21.813055555555557,170.6,20.7,0.08,144.8,Map/Offsets,https://cgi.minorplanetcenter.net/cgi-bin/confirmeph2.cgi
20260522T104236Z,2026-05-22T10:42:36.393909Z,20260522T104236Z_batch01,NAOCAN7,2026-05-22T19:00:00Z,15 16 37.0,229.1541666666667,-21 48 51,-21.81416666666667,170.5,20.7,0.08,144.6,Map/Offsets,https://cgi.minorplanetcenter.net/cgi-bin/confirmeph2.cgi
20260522T104236Z,2026-05-22T10:42:36.393909Z,20260522T104236Z_batch01,NAOCAN7,2026-05-22T20:00:00Z,15 16 37.2,229.15500000000003,-21 48 55,-21.81527777777778,170.5,20.7,0.08,144.4,Map/Offsets,https://cgi.minorplanetcenter.net/cgi-bin/confirmeph2.cgi
20260522T104236Z,2026-05-22T10:42:36.393909Z,20260522T104236Z_batch01,NAOCAN7,2026-05-22T21:00:00Z,15 16 37.4,229.15583333333333,-21 48 59,-21.81638888888889,170.4,20.7,0.08,144.2,Map/Offsets,https://cgi.minorplanetcenter.net/cgi-bin/confirmeph2.cgi
20260522T104236Z,2026-05-22T10:42:36.393909Z,20260522T104236Z_batch01,NAOCAN7,2026-05-22T22:00:00Z,15 16 37.6,229.15666666666667,-21 49 03,-21.8175,170.4,20.7,0.08,144.0,Map/Offsets,https://cgi.minorplanetcenter.net/cgi-bin/confirmeph2.cgi
20260522T104236Z,2026-05-22T10:42:36.393909Z,20260522T104236Z_batch01,NAOCAN7,2026-05-22T23:00:00Z,15 16 37.9,229.1579166666667,-21 49 07,-21.81861111111111,170.4,20.7,0.08,143.8,Map/Offsets,https://cgi.minorplanetcenter.net/cgi-bin/confirmeph2.cgi
20260522T104236Z,2026-05-22T10:42:36.393909Z,20260522T104236Z_batch01,NAOCAN7,2026-05-23T00:00:00Z,15 16 38.1,229.15875,-21 49 11,-21.81972222222222,170.3,20.7,0.08,143.6,Map/Offsets,https://cgi.minorplanetcenter.net/cgi-bin/confirmeph2.cgi
20260522T104236Z,2026-05-22T10:42:36.393909Z,20260522T104236Z_batch01,NAOCAN7,2026-05-23T01:00:00Z,15 16 38.3,229.15958333333336,-21 49 15,-21.820833333333333,170.3,20.7,0.08,143.4,Map/Offsets,https://cgi.minorplanetcenter.net/cgi-bin/confirmeph2.cgi
20260522T104236Z,2026-05-22T10:42:36.393909Z,20260522T104236Z_batch01,NAOCAN7,2026-05-23T02:00:00Z,15 16 38.5,229.1604166666667,-21 49 18,-21.821666666666665,170.3,20.7,0.08,143.2,Map/Offsets,https://cgi.minorplanetcenter.net/cgi-bin/confirmeph2.cgi
20260522T104236Z,2026-05-22T10:42:36.393909Z,20260522T104236Z_batch01,NAOCAN7,2026-05-23T03:00:00Z,15 16 38.7,229.16125,-21 49 22,-21.822777777777777,170.2,20.7,0.08,143.0,Map/Offsets,https://cgi.minorplanetcenter.net/cgi-bin/confirmeph2.cgi
20260522T104236Z,2026-05-22T10:42:36.393909Z,20260522T104236Z_batch01,NAOCAN7,2026-05-23T04:00:00Z,15 16 38.9,229.16208333333333,-21 49 26,-21.823888888888888,170.2,20.7,0.08,142.8,Map/Offsets,https://cgi.minorplanetcenter.net/cgi-bin/confirmeph2.cgi
20260522T104236Z,2026-05-22T10:42:36.393909Z,20260522T104236Z_batch01,NAOCAN7,2026-05-23T05:00:00Z,15 16 39.1,229.1629166666667,-21 49 30,-21.825,170.2,20.7,0.08,142.6,Map/Offsets,https://cgi.minorplanetcenter.net/cgi-bin/confirmeph2.cgi
20260522T104236Z,2026-05-22T10:42:36.393909Z,20260522T104236Z_batch01,NAOCAN7,2026-05-23T06:00:00Z,15 16 39.3,229.16375000000002,-21 49 34,-21.82611111111111,170.1,20.7,0.08,142.4,Map/Offsets,https://cgi.minorplanetcenter.net/cgi-bin/confirmeph2.cgi
20260522T104236Z,2026-05-22T10:42:36.393909Z,20260522T104236Z_batch01,NAOCAN7,2026-05-23T07:00:00Z,15 16 39.5,229.16458333333333,-21 49 38,-21.827222222222222,170.1,20.7,0.08,142.2,Map/Offsets,https://cgi.minorplanetcenter.net/cgi-bin/confirmeph2.cgi
20260522T104236Z,2026-05-22T10:42:36.393909Z,20260522T104236Z_batch01,NAOCAN7,2026-05-23T08:00:00Z,15 16 39.8,229.16583333333335,-21 49 42,-21.828333333333333,170.0,20.7,0.08,142.0,Map/Offsets,https://cgi.minorplanetcenter.net/cgi-bin/confirmeph2.cgi
20260522T104236Z,2026-05-22T10:42:36.393909Z,20260522T104236Z_batch01,NAOCAN7,2026-05-23T09:00:00Z,15 16 40.0,229.16666666666669,-21 49 46,-21.829444444444444,170.0,20.8,0.08,141.8,Map/Offsets,https://cgi.minorplanetcenter.net/cgi-bin/confirmeph2.cgi
20260522T104236Z,2026-05-22T10:42:36.393909Z,20260522T104236Z_batch01,KPMa1Ih,2026-05-22T09:00:00Z,11 07 29.7,166.87375,-26 34 18,-26.571666666666665,114.6,23.3,1.14,182.5,Map/Offsets,https://cgi.minorplanetcenter.net/cgi-bin/confirmeph2.cgi
20260522T104236Z,2026-05-22T10:42:36.393909Z,20260522T104236Z_batch01,KPMa1Ih,2026-05-22T10:00:00Z,11 07 29.5,166.8729166666667,-26 35 27,-26.590833333333332,114.5,23.3,1.14,182.4,Map/Offsets,https://cgi.minorplanetcenter.net/cgi-bin/confirmeph2.cgi
20260522T104236Z,2026-05-22T10:42:36.393909Z,20260522T104236Z_batch01,KPMa1Ih,2026-05-22T11:00:00Z,11 07 29.3,166.87208333333334,-26 36 35,-26.609722222222224,114.5,23.3,1.14,182.4,Map/Offsets,https://cgi.minorplanetcenter.net/cgi-bin/confirmeph2.cgi
20260522T104236Z,2026-05-22T10:42:36.393909Z,20260522T104236Z_batch01,KPMa1Ih,2026-05-22T12:00:00Z,11 07 29.0,166.87083333333334,-26 37 43,-26.628611111111113,114.5,23.3,1.14,182.3,Map/Offsets,https://cgi.minorplanetcenter.net/cgi-bin/confirmeph2.cgi
20260522T104236Z,2026-05-22T10:42:36.393909Z,20260522T104236Z_batch01,KPMa1Ih,2026-05-22T13:00:00Z,11 07 28.8,166.87,-26 38 52,-26.647777777777776,114.4,23.3,1.14,182.2,Map/Offsets,https://cgi.minorplanetcenter.net/cgi-bin/confirmeph2.cgi
20260522T104236Z,2026-05-22T10:42:36.393909Z,20260522T104236Z_batch01,KPMa1Ih,2026-05-22T14:00:00Z,11 07 28.6,166.86916666666667,-26 40 00,-26.666666666666668,114.4,23.3,1.14,182.2,Map/Offsets,https://cgi.minorplanetcenter.net/cgi-bin/confirmeph2.cgi
20260522T104236Z,2026-05-22T10:42:36.393909Z,20260522T104236Z_batch01,KPMa1Ih,2026-05-22T15:00:00Z,11 07 28.5,166.86875,-26 41 08,-26.685555555555556,114.4,23.3,1.14,182.1,Map/Offsets,https://cgi.minorplanetcenter.net/cgi-bin/confirmeph2.cgi
20260522T104236Z,2026-05-22T10:42:36.393909Z,20260522T104236Z_batch01,KPMa1Ih,2026-05-22T16:00:00Z,11 07 28.3,166.86791666666667,-26 42 16,-26.704444444444444,114.4,23.3,1.13,182.1,Map/Offsets,https://cgi.minorplanetcenter.net/cgi-bin/confirmeph2.cgi
20260522T104236Z,2026-05-22T10:42:36.393909Z,20260522T104236Z_batch01,KPMa1Ih,2026-05-22T17:00:00Z,11 07 28.1,166.86708333333334,-26 43 24,-26.723333333333333,114.3,23.3,1.13,182.0,Map/Offsets,https://cgi.minorplanetcenter.net/cgi-bin/confirmeph2.cgi
20260522T104236Z,2026-05-22T10:42:36.393909Z,20260522T104236Z_batch01,KPMa1Ih,2026-05-22T18:00:00Z,11 07 27.9,166.86625,-26 44 32,-26.742222222222225,114.3,23.3,1.13,181.9,Map/Offsets,https://cgi.minorplanetcenter.net/cgi-bin/confirmeph2.cgi
20260522T104236Z,2026-05-22T10:42:36.393909Z,20260522T104236Z_batch01,KPMa1Ih,2026-05-22T19:00:00Z,11 07 27.8,166.86583333333334,-26 45 40,-26.761111111111113,114.3,23.3,1.13,181.9,Map/Offsets,https://cgi.minorplanetcenter.net/cgi-bin/confirmeph2.cgi
20260522T104236Z,2026-05-22T10:42:36.393909Z,20260522T104236Z_batch01,KPMa1Ih,2026-05-22T20:00:00Z,11 07 27.6,166.865,-26 46 48,-26.779999999999998,114.2,23.3,1.13,181.8,Map/Offsets,https://cgi.minorplanetcenter.net/cgi-bin/confirmeph2.cgi
20260522T104236Z,2026-05-22T10:42:36.393909Z,20260522T104236Z_batch01,KPMa1Ih,2026-05-22T21:00:00Z,11 07 27.4,166.86416666666668,-26 47 56,-26.79888888888889,114.2,23.3,1.13,181.7,Map/Offsets,https://cgi.minorplanetcenter.net/cgi-bin/confirmeph2.cgi
20260522T104236Z,2026-05-22T10:42:36.393909Z,20260522T104236Z_batch01,KPMa1Ih,2026-05-22T22:00:00Z,11 07 27.3,166.86375,-26 49 03,-26.8175,114.2,23.3,1.13,181.7,Map/Offsets,https://cgi.minorplanetcenter.net/cgi-bin/confirmeph2.cgi
20260522T104236Z,2026-05-22T10:42:36.393909Z,20260522T104236Z_batch01,KPMa1Ih,2026-05-22T23:00:00Z,11 07 27.1,166.86291666666668,-26 50 11,-26.836388888888887,114.1,23.3,1.13,181.6,Map/Offsets,https://cgi.minorplanetcenter.net/cgi-bin/confirmeph2.cgi
20260522T104236Z,2026-05-22T10:42:36.393909Z,20260522T104236Z_batch01,KPMa1Ih,2026-05-23T00:00:00Z,11 07 27.0,166.8625,-26 51 19,-26.85527777777778,114.1,23.3,1.13,181.6,Map/Offsets,https://cgi.minorplanetcenter.net/cgi-bin/confirmeph2.cgi
20260522T104236Z,2026-05-22T10:42:36.393909Z,20260522T104236Z_batch01,KPMa1Ih,2026-05-23T01:00:00Z,11 07 26.9,166.86208333333335,-26 52 26,-26.87388888888889,114.1,23.3,1.13,181.5,Map/Offsets,https://cgi.minorplanetcenter.net/cgi-bin/confirmeph2.cgi
20260522T104236Z,2026-05-22T10:42:36.393909Z,20260522T104236Z_batch01,KPMa1Ih,2026-05-23T02:00:00Z,11 07 26.7,166.86124999999998,-26 53 34,-26.892777777777777,114.0,23.3,1.13,181.4,Map/Offsets,https://cgi.minorplanetcenter.net/cgi-bin/confirmeph2.cgi
20260522T104236Z,2026-05-22T10:42:36.393909Z,20260522T104236Z_batch01,KPMa1Ih,2026-05-23T03:00:00Z,11 07 26.6,166.86083333333335,-26 54 41,-26.911388888888887,114.0,23.3,1.12,181.4,Map/Offsets,https://cgi.minorplanetcenter.net/cgi-bin/confirmeph2.cgi
20260522T104236Z,2026-05-22T10:42:36.393909Z,20260522T104236Z_batch01,KPMa1Ih,2026-05-23T04:00:00Z,11 07 26.5,166.86041666666668,-26 55 49,-26.93027777777778,114.0,23.3,1.12,181.3,Map/Offsets,https://cgi.minorplanetcenter.net/cgi-bin/confirmeph2.cgi
20260522T104236Z,2026-05-22T10:42:36.393909Z,20260522T104236Z_batch01,KPMa1Ih,2026-05-23T05:00:00Z,11 07 26.4,166.86,-26 56 56,-26.948888888888888,114.0,23.3,1.12,181.3,Map/Offsets,https://cgi.minorplanetcenter.net/cgi-bin/confirmeph2.cgi
20260522T104236Z,2026-05-22T10:42:36.393909Z,20260522T104236Z_batch01,KPMa1Ih,2026-05-23T06:00:00Z,11 07 26.3,166.85958333333335,-26 58 03,-26.967499999999998,113.9,23.3,1.12,181.2,Map/Offsets,https://cgi.minorplanetcenter.net/cgi-bin/confirmeph2.cgi
20260522T104236Z,2026-05-22T10:42:36.393909Z,20260522T104236Z_batch01,KPMa1Ih,2026-05-23T07:00:00Z,11 07 26.2,166.85916666666668,-26 59 10,-26.98611111111111,113.9,23.3,1.12,181.1,Map/Offsets,https://cgi.minorplanetcenter.net/cgi-bin/confirmeph2.cgi
20260522T104236Z,2026-05-22T10:42:36.393909Z,20260522T104236Z_batch01,KPMa1Ih,2026-05-23T08:00:00Z,11 07 26.1,166.85875000000001,-27 00 18,-27.005,113.9,23.3,1.12,181.1,Map/Offsets,https://cgi.minorplanetcenter.net/cgi-bin/confirmeph2.cgi
20260522T104236Z,2026-05-22T10:42:36.393909Z,20260522T104236Z_batch01,KPMa1Ih,2026-05-23T09:00:00Z,11 07 26.0,166.85833333333332,-27 01 25,-27.02361111111111,113.8,23.3,1.12,181.0,Map/Offsets,https://cgi.minorplanetcenter.net/cgi-bin/confirmeph2.cgi
