snapshot_id,fetched_at_utc,batch_id,designation,ephem_time_utc,ra_hms,ra_deg,dec_dms,dec_deg,elong_deg,v_mag,motion_arcsec_per_min,pa_deg,uncertainty,source_url
20260528T084821Z,2026-05-28T08:48:21.628339Z,20260528T084821Z_batch01,CEP5YT2,2026-05-28T07:00:00Z,14 16 45.4,214.18916666666667,+38 11 22,38.18944444444444,113.8,21.3,2.85,98.6,Map/Offsets,https://cgi.minorplanetcenter.net/cgi-bin/confirmeph2.cgi
20260528T084821Z,2026-05-28T08:48:21.628339Z,20260528T084821Z_batch01,CEP5YT2,2026-05-28T08:00:00Z,14 16 59.8,214.24916666666667,+38 10 56,38.18222222222222,113.9,21.3,2.87,98.6,Map/Offsets,https://cgi.minorplanetcenter.net/cgi-bin/confirmeph2.cgi
20260528T084821Z,2026-05-28T08:48:21.628339Z,20260528T084821Z_batch01,CEP5YT2,2026-05-28T09:00:00Z,14 17 14.3,214.30958333333334,+38 10 30,38.175,113.9,21.3,2.89,98.7,Map/Offsets,https://cgi.minorplanetcenter.net/cgi-bin/confirmeph2.cgi
20260528T084821Z,2026-05-28T08:48:21.628339Z,20260528T084821Z_batch01,CEP5YT2,2026-05-28T10:00:00Z,14 17 28.9,214.37041666666667,+38 10 04,38.16777777777777,113.9,21.3,2.91,98.8,Map/Offsets,https://cgi.minorplanetcenter.net/cgi-bin/confirmeph2.cgi
20260528T084821Z,2026-05-28T08:48:21.628339Z,20260528T084821Z_batch01,CEP5YT2,2026-05-28T11:00:00Z,14 17 43.5,214.43125,+38 09 37,38.16027777777778,113.9,21.3,2.93,98.8,Map/Offsets,https://cgi.minorplanetcenter.net/cgi-bin/confirmeph2.cgi
20260528T084821Z,2026-05-28T08:48:21.628339Z,20260528T084821Z_batch01,CEP5YT2,2026-05-28T12:00:00Z,14 17 58.3,214.49291666666667,+38 09 10,38.15277777777778,113.9,21.3,2.95,98.9,Map/Offsets,https://cgi.minorplanetcenter.net/cgi-bin/confirmeph2.cgi
20260528T084821Z,2026-05-28T08:48:21.628339Z,20260528T084821Z_batch01,CEP5YT2,2026-05-28T13:00:00Z,14 18 13.2,214.555,+38 08 42,38.144999999999996,113.9,21.3,2.97,99.0,Map/Offsets,https://cgi.minorplanetcenter.net/cgi-bin/confirmeph2.cgi
20260528T084821Z,2026-05-28T08:48:21.628339Z,20260528T084821Z_batch01,CEP5YT2,2026-05-28T14:00:00Z,14 18 28.2,214.6175,+38 08 14,38.13722222222222,113.9,21.3,2.99,99.0,Map/Offsets,https://cgi.minorplanetcenter.net/cgi-bin/confirmeph2.cgi
20260528T084821Z,2026-05-28T08:48:21.628339Z,20260528T084821Z_batch01,CEP5YT2,2026-05-28T15:00:00Z,14 18 43.3,214.68041666666667,+38 07 46,38.129444444444445,113.9,21.3,3.02,99.1,Map/Offsets,https://cgi.minorplanetcenter.net/cgi-bin/confirmeph2.cgi
20260528T084821Z,2026-05-28T08:48:21.628339Z,20260528T084821Z_batch01,CEP5YT2,2026-05-28T16:00:00Z,14 18 58.5,214.74375,+38 07 17,38.12138888888889,113.9,21.3,3.04,99.1,Map/Offsets,https://cgi.minorplanetcenter.net/cgi-bin/confirmeph2.cgi
20260528T084821Z,2026-05-28T08:48:21.628339Z,20260528T084821Z_batch01,CEP5YT2,2026-05-28T17:00:00Z,14 19 13.8,214.80749999999998,+38 06 48,38.11333333333334,113.9,21.3,3.06,99.2,Map/Offsets,https://cgi.minorplanetcenter.net/cgi-bin/confirmeph2.cgi
20260528T084821Z,2026-05-28T08:48:21.628339Z,20260528T084821Z_batch01,CEP5YT2,2026-05-28T18:00:00Z,14 19 29.2,214.87166666666667,+38 06 18,38.105000000000004,113.9,21.3,3.08,99.3,Map/Offsets,https://cgi.minorplanetcenter.net/cgi-bin/confirmeph2.cgi
20260528T084821Z,2026-05-28T08:48:21.628339Z,20260528T084821Z_batch01,CEP5YT2,2026-05-28T19:00:00Z,14 19 44.7,214.93625,+38 05 48,38.09666666666667,113.9,21.3,3.11,99.3,Map/Offsets,https://cgi.minorplanetcenter.net/cgi-bin/confirmeph2.cgi
20260528T084821Z,2026-05-28T08:48:21.628339Z,20260528T084821Z_batch01,CEP5YT2,2026-05-28T20:00:00Z,14 20 00.3,215.00125,+38 05 18,38.08833333333334,114.0,21.2,3.13,99.4,Map/Offsets,https://cgi.minorplanetcenter.net/cgi-bin/confirmeph2.cgi
20260528T084821Z,2026-05-28T08:48:21.628339Z,20260528T084821Z_batch01,CEP5YT2,2026-05-28T21:00:00Z,14 20 16.1,215.06708333333336,+38 04 47,38.07972222222222,114.0,21.2,3.15,99.5,Map/Offsets,https://cgi.minorplanetcenter.net/cgi-bin/confirmeph2.cgi
20260528T084821Z,2026-05-28T08:48:21.628339Z,20260528T084821Z_batch01,CEP5YT2,2026-05-28T22:00:00Z,14 20 31.9,215.1329166666667,+38 04 15,38.07083333333334,114.0,21.2,3.18,99.5,Map/Offsets,https://cgi.minorplanetcenter.net/cgi-bin/confirmeph2.cgi
20260528T084821Z,2026-05-28T08:48:21.628339Z,20260528T084821Z_batch01,CEP5YT2,2026-05-28T23:00:00Z,14 20 47.9,215.19958333333335,+38 03 44,38.06222222222222,114.0,21.2,3.2,99.6,Map/Offsets,https://cgi.minorplanetcenter.net/cgi-bin/confirmeph2.cgi
20260528T084821Z,2026-05-28T08:48:21.628339Z,20260528T084821Z_batch01,CEP5YT2,2026-05-29T00:00:00Z,14 21 04.0,215.26666666666665,+38 03 11,38.05305555555555,114.0,21.2,3.22,99.7,Map/Offsets,https://cgi.minorplanetcenter.net/cgi-bin/confirmeph2.cgi
20260528T084821Z,2026-05-28T08:48:21.628339Z,20260528T084821Z_batch01,CEP5YT2,2026-05-29T01:00:00Z,14 21 20.2,215.33416666666668,+38 02 39,38.04416666666666,114.0,21.2,3.25,99.7,Map/Offsets,https://cgi.minorplanetcenter.net/cgi-bin/confirmeph2.cgi
20260528T084821Z,2026-05-28T08:48:21.628339Z,20260528T084821Z_batch01,CEP5YT2,2026-05-29T02:00:00Z,14 21 36.5,215.40208333333334,+38 02 06,38.035,114.0,21.2,3.27,99.8,Map/Offsets,https://cgi.minorplanetcenter.net/cgi-bin/confirmeph2.cgi
20260528T084821Z,2026-05-28T08:48:21.628339Z,20260528T084821Z_batch01,CEP5YT2,2026-05-29T03:00:00Z,14 21 53.0,215.47083333333333,+38 01 32,38.025555555555556,114.0,21.2,3.3,99.9,Map/Offsets,https://cgi.minorplanetcenter.net/cgi-bin/confirmeph2.cgi
20260528T084821Z,2026-05-28T08:48:21.628339Z,20260528T084821Z_batch01,CEP5YT2,2026-05-29T04:00:00Z,14 22 09.5,215.53958333333333,+38 00 58,38.01611111111111,114.1,21.2,3.32,99.9,Map/Offsets,https://cgi.minorplanetcenter.net/cgi-bin/confirmeph2.cgi
20260528T084821Z,2026-05-28T08:48:21.628339Z,20260528T084821Z_batch01,CEP5YT2,2026-05-29T05:00:00Z,14 22 26.2,215.60916666666668,+38 00 23,38.006388888888885,114.1,21.2,3.35,100.0,Map/Offsets,https://cgi.minorplanetcenter.net/cgi-bin/confirmeph2.cgi
20260528T084821Z,2026-05-28T08:48:21.628339Z,20260528T084821Z_batch01,CEP5YT2,2026-05-29T06:00:00Z,14 22 43.0,215.67916666666667,+37 59 48,37.99666666666667,114.1,21.2,3.37,100.1,Map/Offsets,https://cgi.minorplanetcenter.net/cgi-bin/confirmeph2.cgi
20260528T084821Z,2026-05-28T08:48:21.628339Z,20260528T084821Z_batch01,CEP5YT2,2026-05-29T07:00:00Z,14 23 00.0,215.75,+37 59 13,37.98694444444445,114.1,21.2,3.4,100.1,Map/Offsets,https://cgi.minorplanetcenter.net/cgi-bin/confirmeph2.cgi
20260528T084821Z,2026-05-28T08:48:21.628339Z,20260528T084821Z_batch01,A11CWPw,2026-05-28T07:00:00Z,00 08 07.8,2.0325,-00 29 03,-0.4841666666666667,65.0,18.6,119.2,61.0,Map/Offsets   ***,https://cgi.minorplanetcenter.net/cgi-bin/confirmeph2.cgi
20260528T084821Z,2026-05-28T08:48:21.628339Z,20260528T084821Z_batch01,A11CWPw,2026-05-28T08:00:00Z,00 15 07.7,3.7820833333333335,+00 29 07,0.4852777777777778,63.0,18.7,120.8,61.0,Map/Offsets   ***,https://cgi.minorplanetcenter.net/cgi-bin/confirmeph2.cgi
20260528T084821Z,2026-05-28T08:48:21.628339Z,20260528T084821Z_batch01,A11CWPw,2026-05-28T09:00:00Z,00 22 13.0,5.554166666666666,+01 27 59,1.4663888888888887,61.0,18.8,122.2,61.0,Map/Offsets   ***,https://cgi.minorplanetcenter.net/cgi-bin/confirmeph2.cgi
20260528T084821Z,2026-05-28T08:48:21.628339Z,20260528T084821Z_batch01,A11CWPw,2026-05-28T10:00:00Z,00 29 22.8,7.345000000000001,+02 27 20,2.4555555555555557,59.0,19.0,123.2,61.1,Map/Offsets   ***,https://cgi.minorplanetcenter.net/cgi-bin/confirmeph2.cgi
20260528T084821Z,2026-05-28T08:48:21.628339Z,20260528T084821Z_batch01,A11CWPw,2026-05-28T11:00:00Z,00 36 36.4,9.151666666666666,+03 26 59,3.4497222222222224,57.0,19.1,124.0,61.2,Map/Offsets   ***,https://cgi.minorplanetcenter.net/cgi-bin/confirmeph2.cgi
20260528T084821Z,2026-05-28T08:48:21.628339Z,20260528T084821Z_batch01,A11CWPw,2026-05-28T12:00:00Z,00 43 53.1,10.971250000000001,+04 26 43,4.445277777777778,55.0,19.3,124.4,61.3,Map/Offsets   ***,https://cgi.minorplanetcenter.net/cgi-bin/confirmeph2.cgi
20260528T084821Z,2026-05-28T08:48:21.628339Z,20260528T084821Z_batch01,A11CWPw,2026-05-28T13:00:00Z,00 51 11.8,12.799166666666666,+05 26 18,5.4383333333333335,53.0,19.5,124.5,61.5,Map/Offsets   ***,https://cgi.minorplanetcenter.net/cgi-bin/confirmeph2.cgi
20260528T084821Z,2026-05-28T08:48:21.628339Z,20260528T084821Z_batch01,A11CWPw,2026-05-28T14:00:00Z,00 58 31.9,14.632916666666667,+06 25 32,6.4255555555555555,50.9,19.7,124.3,61.7,Map/Offsets   ***,https://cgi.minorplanetcenter.net/cgi-bin/confirmeph2.cgi
20260528T084821Z,2026-05-28T08:48:21.628339Z,20260528T084821Z_batch01,A11CWPw,2026-05-28T15:00:00Z,01 05 52.2,16.467499999999998,+07 24 12,7.403333333333333,48.9,19.9,123.7,61.9,Map/Offsets   ***,https://cgi.minorplanetcenter.net/cgi-bin/confirmeph2.cgi
20260528T084821Z,2026-05-28T08:48:21.628339Z,20260528T084821Z_batch01,A11CWPw,2026-05-28T16:00:00Z,01 13 12.1,18.30041666666667,+08 22 05,8.368055555555555,46.9,20.1,122.9,62.1,Map/Offsets   ***,https://cgi.minorplanetcenter.net/cgi-bin/confirmeph2.cgi
20260528T084821Z,2026-05-28T08:48:21.628339Z,20260528T084821Z_batch01,A11CWPw,2026-05-28T17:00:00Z,01 20 30.4,20.126666666666665,+09 18 59,9.31638888888889,44.9,20.3,121.7,62.4,Map/Offsets   ***,https://cgi.minorplanetcenter.net/cgi-bin/confirmeph2.cgi
20260528T084821Z,2026-05-28T08:48:21.628339Z,20260528T084821Z_batch01,A11CWPw,2026-05-28T18:00:00Z,01 27 46.5,21.94375,+10 14 43,10.245277777777776,43.0,20.5,120.3,62.7,Map/Offsets   ***,https://cgi.minorplanetcenter.net/cgi-bin/confirmeph2.cgi
20260528T084821Z,2026-05-28T08:48:21.628339Z,20260528T084821Z_batch01,A11CWPw,2026-05-28T19:00:00Z,01 34 59.3,23.747083333333332,+11 09 09,11.1525,41.0,20.8,118.6,63.1,Map/Offsets   ***,https://cgi.minorplanetcenter.net/cgi-bin/confirmeph2.cgi
20260528T084821Z,2026-05-28T08:48:21.628339Z,20260528T084821Z_batch01,A11CWPw,2026-05-28T20:00:00Z,01 42 08.2,25.534166666666668,+12 02 06,12.035,39.1,21.1,116.6,63.4,Map/Offsets   ***,https://cgi.minorplanetcenter.net/cgi-bin/confirmeph2.cgi
20260528T084821Z,2026-05-28T08:48:21.628339Z,20260528T084821Z_batch01,A11CWPw,2026-05-28T21:00:00Z,01 49 12.2,27.300833333333333,+12 53 28,12.89111111111111,37.3,21.4,114.5,63.8,Map/Offsets   ***,https://cgi.minorplanetcenter.net/cgi-bin/confirmeph2.cgi
20260528T084821Z,2026-05-28T08:48:21.628339Z,20260528T084821Z_batch01,A11CWPw,2026-05-28T22:00:00Z,01 56 10.8,29.044999999999998,+13 43 07,13.71861111111111,35.4,21.7,112.1,64.2,Map/Offsets   ***,https://cgi.minorplanetcenter.net/cgi-bin/confirmeph2.cgi
20260528T084821Z,2026-05-28T08:48:21.628339Z,20260528T084821Z_batch01,A11CWPw,2026-05-28T23:00:00Z,02 03 03.3,30.763749999999995,+14 31 00,14.516666666666667,33.6,22.0,109.6,64.6,Map/Offsets   ***,https://cgi.minorplanetcenter.net/cgi-bin/confirmeph2.cgi
20260528T084821Z,2026-05-28T08:48:21.628339Z,20260528T084821Z_batch01,A11CWPw,2026-05-29T00:00:00Z,02 09 49.0,32.454166666666666,+15 17 02,15.283888888888889,31.9,22.3,107.0,65.1,Map/Offsets   ***,https://cgi.minorplanetcenter.net/cgi-bin/confirmeph2.cgi
20260528T084821Z,2026-05-28T08:48:21.628339Z,20260528T084821Z_batch01,A11CWPw,2026-05-29T01:00:00Z,02 16 27.5,34.11458333333333,+16 01 11,16.01972222222222,30.2,22.6,104.2,65.5,Map/Offsets   ***,https://cgi.minorplanetcenter.net/cgi-bin/confirmeph2.cgi
20260528T084821Z,2026-05-28T08:48:21.628339Z,20260528T084821Z_batch01,A11CWPw,2026-05-29T02:00:00Z,02 22 58.2,35.74250000000001,+16 43 26,16.723888888888887,28.5,23.0,101.4,66.0,Map/Offsets   ***,https://cgi.minorplanetcenter.net/cgi-bin/confirmeph2.cgi
20260528T084821Z,2026-05-28T08:48:21.628339Z,20260528T084821Z_batch01,A11CWPw,2026-05-29T03:00:00Z,02 29 20.9,37.33708333333333,+17 23 46,17.39611111111111,26.9,23.3,98.5,66.4,Map/Offsets   ***,https://cgi.minorplanetcenter.net/cgi-bin/confirmeph2.cgi
20260528T084821Z,2026-05-28T08:48:21.628339Z,20260528T084821Z_batch01,A11CWPw,2026-05-29T04:00:00Z,02 35 35.1,38.89625,+18 02 12,18.03666666666667,25.4,23.7,95.58,66.9,Map/Offsets   ***,https://cgi.minorplanetcenter.net/cgi-bin/confirmeph2.cgi
20260528T084821Z,2026-05-28T08:48:21.628339Z,20260528T084821Z_batch01,A11CWPw,2026-05-29T05:00:00Z,02 41 40.6,40.41916666666667,+18 38 45,18.645833333333332,23.9,24.1,92.65,67.4,Map/Offsets   ***,https://cgi.minorplanetcenter.net/cgi-bin/confirmeph2.cgi
20260528T084821Z,2026-05-28T08:48:21.628339Z,20260528T084821Z_batch01,A11CWPw,2026-05-29T06:00:00Z,02 47 37.2,41.905,+19 13 27,19.224166666666665,22.4,24.6,89.72,67.9,Map/Offsets   ***,https://cgi.minorplanetcenter.net/cgi-bin/confirmeph2.cgi
20260528T084821Z,2026-05-28T08:48:21.628339Z,20260528T084821Z_batch01,A11CWPw,2026-05-29T07:00:00Z,02 53 24.7,43.352916666666665,+19 46 21,19.772499999999997,21.0,25.0,86.81,68.4,Map/Offsets   ***,https://cgi.minorplanetcenter.net/cgi-bin/confirmeph2.cgi
20260528T084821Z,2026-05-28T08:48:21.628339Z,20260528T084821Z_batch01,C1F4195,2026-05-28T07:00:00Z,16 08 34.2,242.14249999999998,+10 10 11,10.169722222222221,148.3,22.7,2.95,11.8,Map/Offsets,https://cgi.minorplanetcenter.net/cgi-bin/confirmeph2.cgi
20260528T084821Z,2026-05-28T08:48:21.628339Z,20260528T084821Z_batch01,C1F4195,2026-05-28T08:00:00Z,16 08 36.6,242.1525,+10 13 03,10.2175,148.3,22.7,2.93,11.8,Map/Offsets,https://cgi.minorplanetcenter.net/cgi-bin/confirmeph2.cgi
20260528T084821Z,2026-05-28T08:48:21.628339Z,20260528T084821Z_batch01,C1F4195,2026-05-28T09:00:00Z,16 08 39.0,242.1625,+10 15 54,10.265,148.2,22.7,2.9,11.8,Map/Offsets,https://cgi.minorplanetcenter.net/cgi-bin/confirmeph2.cgi
20260528T084821Z,2026-05-28T08:48:21.628339Z,20260528T084821Z_batch01,C1F4195,2026-05-28T10:00:00Z,16 08 41.4,242.1725,+10 18 44,10.312222222222223,148.1,22.7,2.87,11.8,Map/Offsets,https://cgi.minorplanetcenter.net/cgi-bin/confirmeph2.cgi
20260528T084821Z,2026-05-28T08:48:21.628339Z,20260528T084821Z_batch01,C1F4195,2026-05-28T11:00:00Z,16 08 43.8,242.18249999999998,+10 21 32,10.358888888888888,148.1,22.7,2.85,11.8,Map/Offsets,https://cgi.minorplanetcenter.net/cgi-bin/confirmeph2.cgi
20260528T084821Z,2026-05-28T08:48:21.628339Z,20260528T084821Z_batch01,C1F4195,2026-05-28T12:00:00Z,16 08 46.2,242.1925,+10 24 18,10.405000000000001,148.0,22.7,2.82,11.8,Map/Offsets,https://cgi.minorplanetcenter.net/cgi-bin/confirmeph2.cgi
20260528T084821Z,2026-05-28T08:48:21.628339Z,20260528T084821Z_batch01,C1F4195,2026-05-28T13:00:00Z,16 08 48.5,242.20208333333335,+10 27 03,10.450833333333332,148.0,22.7,2.8,11.8,Map/Offsets,https://cgi.minorplanetcenter.net/cgi-bin/confirmeph2.cgi
20260528T084821Z,2026-05-28T08:48:21.628339Z,20260528T084821Z_batch01,C1F4195,2026-05-28T14:00:00Z,16 08 50.8,242.21166666666664,+10 29 47,10.496388888888887,147.9,22.7,2.77,11.9,Map/Offsets,https://cgi.minorplanetcenter.net/cgi-bin/confirmeph2.cgi
20260528T084821Z,2026-05-28T08:48:21.628339Z,20260528T084821Z_batch01,C1F4195,2026-05-28T15:00:00Z,16 08 53.1,242.22125,+10 32 29,10.54138888888889,147.9,22.7,2.75,11.9,Map/Offsets,https://cgi.minorplanetcenter.net/cgi-bin/confirmeph2.cgi
20260528T084821Z,2026-05-28T08:48:21.628339Z,20260528T084821Z_batch01,C1F4195,2026-05-28T16:00:00Z,16 08 55.4,242.23083333333332,+10 35 09,10.585833333333333,147.8,22.8,2.72,11.9,Map/Offsets,https://cgi.minorplanetcenter.net/cgi-bin/confirmeph2.cgi
20260528T084821Z,2026-05-28T08:48:21.628339Z,20260528T084821Z_batch01,C1F4195,2026-05-28T17:00:00Z,16 08 57.7,242.24041666666668,+10 37 49,10.630277777777778,147.8,22.8,2.7,11.9,Map/Offsets,https://cgi.minorplanetcenter.net/cgi-bin/confirmeph2.cgi
20260528T084821Z,2026-05-28T08:48:21.628339Z,20260528T084821Z_batch01,C1F4195,2026-05-28T18:00:00Z,16 09 00.0,242.24999999999997,+10 40 26,10.673888888888888,147.7,22.8,2.67,11.9,Map/Offsets,https://cgi.minorplanetcenter.net/cgi-bin/confirmeph2.cgi
20260528T084821Z,2026-05-28T08:48:21.628339Z,20260528T084821Z_batch01,C1F4195,2026-05-28T19:00:00Z,16 09 02.2,242.25916666666666,+10 43 03,10.7175,147.7,22.8,2.65,11.9,Map/Offsets,https://cgi.minorplanetcenter.net/cgi-bin/confirmeph2.cgi
20260528T084821Z,2026-05-28T08:48:21.628339Z,20260528T084821Z_batch01,C1F4195,2026-05-28T20:00:00Z,16 09 04.4,242.2683333333333,+10 45 37,10.760277777777778,147.6,22.8,2.63,12.0,Map/Offsets,https://cgi.minorplanetcenter.net/cgi-bin/confirmeph2.cgi
20260528T084821Z,2026-05-28T08:48:21.628339Z,20260528T084821Z_batch01,C1F4195,2026-05-28T21:00:00Z,16 09 06.6,242.27749999999997,+10 48 11,10.803055555555556,147.6,22.8,2.6,12.0,Map/Offsets,https://cgi.minorplanetcenter.net/cgi-bin/confirmeph2.cgi
20260528T084821Z,2026-05-28T08:48:21.628339Z,20260528T084821Z_batch01,C1F4195,2026-05-28T22:00:00Z,16 09 08.8,242.28666666666663,+10 50 43,10.845277777777778,147.5,22.8,2.58,12.0,Map/Offsets,https://cgi.minorplanetcenter.net/cgi-bin/confirmeph2.cgi
20260528T084821Z,2026-05-28T08:48:21.628339Z,20260528T084821Z_batch01,C1F4195,2026-05-28T23:00:00Z,16 09 11.0,242.2958333333333,+10 53 14,10.887222222222222,147.4,22.8,2.56,12.0,Map/Offsets,https://cgi.minorplanetcenter.net/cgi-bin/confirmeph2.cgi
20260528T084821Z,2026-05-28T08:48:21.628339Z,20260528T084821Z_batch01,C1F4195,2026-05-29T00:00:00Z,16 09 13.2,242.305,+10 55 43,10.92861111111111,147.4,22.8,2.54,12.0,Map/Offsets,https://cgi.minorplanetcenter.net/cgi-bin/confirmeph2.cgi
20260528T084821Z,2026-05-28T08:48:21.628339Z,20260528T084821Z_batch01,C1F4195,2026-05-29T01:00:00Z,16 09 15.3,242.31374999999997,+10 58 12,10.97,147.3,22.9,2.51,12.0,Map/Offsets,https://cgi.minorplanetcenter.net/cgi-bin/confirmeph2.cgi
20260528T084821Z,2026-05-28T08:48:21.628339Z,20260528T084821Z_batch01,C1F4195,2026-05-29T02:00:00Z,16 09 17.4,242.3225,+11 00 38,11.010555555555555,147.3,22.9,2.49,12.1,Map/Offsets,https://cgi.minorplanetcenter.net/cgi-bin/confirmeph2.cgi
20260528T084821Z,2026-05-28T08:48:21.628339Z,20260528T084821Z_batch01,C1F4195,2026-05-29T03:00:00Z,16 09 19.5,242.33124999999995,+11 03 04,11.051111111111112,147.2,22.9,2.47,12.1,Map/Offsets,https://cgi.minorplanetcenter.net/cgi-bin/confirmeph2.cgi
20260528T084821Z,2026-05-28T08:48:21.628339Z,20260528T084821Z_batch01,C1F4195,2026-05-29T04:00:00Z,16 09 21.6,242.33999999999997,+11 05 28,11.091111111111111,147.2,22.9,2.45,12.1,Map/Offsets,https://cgi.minorplanetcenter.net/cgi-bin/confirmeph2.cgi
20260528T084821Z,2026-05-28T08:48:21.628339Z,20260528T084821Z_batch01,C1F4195,2026-05-29T05:00:00Z,16 09 23.7,242.34874999999994,+11 07 51,11.130833333333333,147.1,22.9,2.43,12.1,Map/Offsets,https://cgi.minorplanetcenter.net/cgi-bin/confirmeph2.cgi
20260528T084821Z,2026-05-28T08:48:21.628339Z,20260528T084821Z_batch01,C1F4195,2026-05-29T06:00:00Z,16 09 25.8,242.3575,+11 10 13,11.170277777777777,147.1,22.9,2.41,12.1,Map/Offsets,https://cgi.minorplanetcenter.net/cgi-bin/confirmeph2.cgi
20260528T084821Z,2026-05-28T08:48:21.628339Z,20260528T084821Z_batch01,C1F4195,2026-05-29T07:00:00Z,16 09 27.9,242.36625,+11 12 34,11.209444444444443,147.0,22.9,2.39,12.2,Map/Offsets,https://cgi.minorplanetcenter.net/cgi-bin/confirmeph2.cgi
20260528T084821Z,2026-05-28T08:48:21.628339Z,20260528T084821Z_batch01,P12nfxd,2026-05-28T07:00:00Z,17 47 59.7,266.99875000000003,+17 09 35,17.15972222222222,135.7,21.9,1.16,329.4,Map/Offsets,https://cgi.minorplanetcenter.net/cgi-bin/confirmeph2.cgi
20260528T084821Z,2026-05-28T08:48:21.628339Z,20260528T084821Z_batch01,P12nfxd,2026-05-28T08:00:00Z,17 47 57.2,266.98833333333334,+17 10 35,17.17638888888889,135.7,21.9,1.16,329.3,Map/Offsets,https://cgi.minorplanetcenter.net/cgi-bin/confirmeph2.cgi
20260528T084821Z,2026-05-28T08:48:21.628339Z,20260528T084821Z_batch01,P12nfxd,2026-05-28T09:00:00Z,17 47 54.7,266.97791666666666,+17 11 35,17.193055555555556,135.7,21.9,1.16,329.2,Map/Offsets,https://cgi.minorplanetcenter.net/cgi-bin/confirmeph2.cgi
20260528T084821Z,2026-05-28T08:48:21.628339Z,20260528T084821Z_batch01,P12nfxd,2026-05-28T10:00:00Z,17 47 52.2,266.96750000000003,+17 12 34,17.209444444444443,135.7,21.9,1.16,329.1,Map/Offsets,https://cgi.minorplanetcenter.net/cgi-bin/confirmeph2.cgi
20260528T084821Z,2026-05-28T08:48:21.628339Z,20260528T084821Z_batch01,P12nfxd,2026-05-28T11:00:00Z,17 47 49.7,266.9570833333334,+17 13 34,17.22611111111111,135.7,21.9,1.15,329.0,Map/Offsets,https://cgi.minorplanetcenter.net/cgi-bin/confirmeph2.cgi
20260528T084821Z,2026-05-28T08:48:21.628339Z,20260528T084821Z_batch01,P12nfxd,2026-05-28T12:00:00Z,17 47 47.2,266.9466666666667,+17 14 33,17.2425,135.7,21.9,1.15,328.9,Map/Offsets,https://cgi.minorplanetcenter.net/cgi-bin/confirmeph2.cgi
20260528T084821Z,2026-05-28T08:48:21.628339Z,20260528T084821Z_batch01,P12nfxd,2026-05-28T13:00:00Z,17 47 44.8,266.93666666666667,+17 15 32,17.25888888888889,135.7,21.9,1.15,328.9,Map/Offsets,https://cgi.minorplanetcenter.net/cgi-bin/confirmeph2.cgi
20260528T084821Z,2026-05-28T08:48:21.628339Z,20260528T084821Z_batch01,P12nfxd,2026-05-28T14:00:00Z,17 47 42.3,266.92625000000004,+17 16 31,17.275277777777777,135.7,21.9,1.15,328.8,Map/Offsets,https://cgi.minorplanetcenter.net/cgi-bin/confirmeph2.cgi
20260528T084821Z,2026-05-28T08:48:21.628339Z,20260528T084821Z_batch01,P12nfxd,2026-05-28T15:00:00Z,17 47 39.8,266.91583333333335,+17 17 29,17.29138888888889,135.7,21.9,1.14,328.7,Map/Offsets,https://cgi.minorplanetcenter.net/cgi-bin/confirmeph2.cgi
20260528T084821Z,2026-05-28T08:48:21.628339Z,20260528T084821Z_batch01,P12nfxd,2026-05-28T16:00:00Z,17 47 37.3,266.9054166666667,+17 18 28,17.30777777777778,135.7,21.9,1.14,328.6,Map/Offsets,https://cgi.minorplanetcenter.net/cgi-bin/confirmeph2.cgi
20260528T084821Z,2026-05-28T08:48:21.628339Z,20260528T084821Z_batch01,P12nfxd,2026-05-28T17:00:00Z,17 47 34.8,266.89500000000004,+17 19 26,17.323888888888888,135.8,21.9,1.14,328.5,Map/Offsets,https://cgi.minorplanetcenter.net/cgi-bin/confirmeph2.cgi
20260528T084821Z,2026-05-28T08:48:21.628339Z,20260528T084821Z_batch01,P12nfxd,2026-05-28T18:00:00Z,17 47 32.3,266.88458333333335,+17 20 25,17.340277777777775,135.8,21.9,1.14,328.4,Map/Offsets,https://cgi.minorplanetcenter.net/cgi-bin/confirmeph2.cgi
20260528T084821Z,2026-05-28T08:48:21.628339Z,20260528T084821Z_batch01,P12nfxd,2026-05-28T19:00:00Z,17 47 29.8,266.87416666666667,+17 21 23,17.35638888888889,135.8,21.9,1.13,328.4,Map/Offsets,https://cgi.minorplanetcenter.net/cgi-bin/confirmeph2.cgi
20260528T084821Z,2026-05-28T08:48:21.628339Z,20260528T084821Z_batch01,P12nfxd,2026-05-28T20:00:00Z,17 47 27.3,266.86375000000004,+17 22 20,17.372222222222224,135.8,21.9,1.13,328.3,Map/Offsets,https://cgi.minorplanetcenter.net/cgi-bin/confirmeph2.cgi
20260528T084821Z,2026-05-28T08:48:21.628339Z,20260528T084821Z_batch01,P12nfxd,2026-05-28T21:00:00Z,17 47 24.8,266.85333333333335,+17 23 18,17.388333333333332,135.8,21.9,1.13,328.2,Map/Offsets,https://cgi.minorplanetcenter.net/cgi-bin/confirmeph2.cgi
20260528T084821Z,2026-05-28T08:48:21.628339Z,20260528T084821Z_batch01,P12nfxd,2026-05-28T22:00:00Z,17 47 22.3,266.84291666666667,+17 24 16,17.404444444444444,135.8,21.9,1.13,328.1,Map/Offsets,https://cgi.minorplanetcenter.net/cgi-bin/confirmeph2.cgi
20260528T084821Z,2026-05-28T08:48:21.628339Z,20260528T084821Z_batch01,P12nfxd,2026-05-28T23:00:00Z,17 47 19.8,266.83250000000004,+17 25 13,17.42027777777778,135.8,21.9,1.12,328.0,Map/Offsets,https://cgi.minorplanetcenter.net/cgi-bin/confirmeph2.cgi
20260528T084821Z,2026-05-28T08:48:21.628339Z,20260528T084821Z_batch01,P12nfxd,2026-05-29T00:00:00Z,17 47 17.3,266.82208333333335,+17 26 10,17.43611111111111,135.8,21.9,1.12,327.9,Map/Offsets,https://cgi.minorplanetcenter.net/cgi-bin/confirmeph2.cgi
20260528T084821Z,2026-05-28T08:48:21.628339Z,20260528T084821Z_batch01,P12nfxd,2026-05-29T01:00:00Z,17 47 14.8,266.8116666666667,+17 27 07,17.451944444444443,135.8,21.9,1.12,327.9,Map/Offsets,https://cgi.minorplanetcenter.net/cgi-bin/confirmeph2.cgi
20260528T084821Z,2026-05-28T08:48:21.628339Z,20260528T084821Z_batch01,P12nfxd,2026-05-29T02:00:00Z,17 47 12.3,266.80125000000004,+17 28 04,17.467777777777776,135.8,21.9,1.12,327.8,Map/Offsets,https://cgi.minorplanetcenter.net/cgi-bin/confirmeph2.cgi
20260528T084821Z,2026-05-28T08:48:21.628339Z,20260528T084821Z_batch01,P12nfxd,2026-05-29T03:00:00Z,17 47 09.8,266.79083333333335,+17 29 00,17.483333333333334,135.8,21.9,1.11,327.7,Map/Offsets,https://cgi.minorplanetcenter.net/cgi-bin/confirmeph2.cgi
20260528T084821Z,2026-05-28T08:48:21.628339Z,20260528T084821Z_batch01,P12nfxd,2026-05-29T04:00:00Z,17 47 07.3,266.78041666666667,+17 29 57,17.499166666666667,135.8,22.0,1.11,327.6,Map/Offsets,https://cgi.minorplanetcenter.net/cgi-bin/confirmeph2.cgi
20260528T084821Z,2026-05-28T08:48:21.628339Z,20260528T084821Z_batch01,P12nfxd,2026-05-29T05:00:00Z,17 47 04.8,266.77000000000004,+17 30 53,17.514722222222222,135.8,22.0,1.11,327.5,Map/Offsets,https://cgi.minorplanetcenter.net/cgi-bin/confirmeph2.cgi
20260528T084821Z,2026-05-28T08:48:21.628339Z,20260528T084821Z_batch01,P12nfxd,2026-05-29T06:00:00Z,17 47 02.3,266.75958333333335,+17 31 49,17.530277777777776,135.8,22.0,1.11,327.4,Map/Offsets,https://cgi.minorplanetcenter.net/cgi-bin/confirmeph2.cgi
20260528T084821Z,2026-05-28T08:48:21.628339Z,20260528T084821Z_batch01,P12nfxd,2026-05-29T07:00:00Z,17 46 59.8,266.74916666666667,+17 32 45,17.545833333333334,135.8,22.0,1.11,327.4,Map/Offsets,https://cgi.minorplanetcenter.net/cgi-bin/confirmeph2.cgi
20260528T084821Z,2026-05-28T08:48:21.628339Z,20260528T084821Z_batch01,C1F32J5,2026-05-28T07:00:00Z,17 10 52.6,257.7191666666667,+17 09 08,17.15222222222222,139.4,22.0,4.98,355.0,Map/Offsets,https://cgi.minorplanetcenter.net/cgi-bin/confirmeph2.cgi
20260528T084821Z,2026-05-28T08:48:21.628339Z,20260528T084821Z_batch01,C1F32J5,2026-05-28T08:00:00Z,17 10 50.8,257.71166666666664,+17 14 06,17.235,139.3,22.0,4.98,355.0,Map/Offsets,https://cgi.minorplanetcenter.net/cgi-bin/confirmeph2.cgi
20260528T084821Z,2026-05-28T08:48:21.628339Z,20260528T084821Z_batch01,C1F32J5,2026-05-28T09:00:00Z,17 10 48.9,257.70375,+17 19 03,17.3175,139.3,22.0,4.98,355.0,Map/Offsets,https://cgi.minorplanetcenter.net/cgi-bin/confirmeph2.cgi
20260528T084821Z,2026-05-28T08:48:21.628339Z,20260528T084821Z_batch01,C1F32J5,2026-05-28T10:00:00Z,17 10 47.1,257.69625,+17 24 00,17.4,139.2,22.0,4.97,355.0,Map/Offsets,https://cgi.minorplanetcenter.net/cgi-bin/confirmeph2.cgi
20260528T084821Z,2026-05-28T08:48:21.628339Z,20260528T084821Z_batch01,C1F32J5,2026-05-28T11:00:00Z,17 10 45.3,257.68874999999997,+17 28 58,17.482777777777777,139.1,22.0,4.97,355.0,Map/Offsets,https://cgi.minorplanetcenter.net/cgi-bin/confirmeph2.cgi
20260528T084821Z,2026-05-28T08:48:21.628339Z,20260528T084821Z_batch01,C1F32J5,2026-05-28T12:00:00Z,17 10 43.5,257.68125000000003,+17 33 55,17.56527777777778,139.1,22.0,4.97,355.0,Map/Offsets,https://cgi.minorplanetcenter.net/cgi-bin/confirmeph2.cgi
20260528T084821Z,2026-05-28T08:48:21.628339Z,20260528T084821Z_batch01,C1F32J5,2026-05-28T13:00:00Z,17 10 41.7,257.67375000000004,+17 38 51,17.6475,139.0,22.0,4.96,355.0,Map/Offsets,https://cgi.minorplanetcenter.net/cgi-bin/confirmeph2.cgi
20260528T084821Z,2026-05-28T08:48:21.628339Z,20260528T084821Z_batch01,C1F32J5,2026-05-28T14:00:00Z,17 10 39.9,257.66625,+17 43 48,17.729999999999997,138.9,22.0,4.96,355.0,Map/Offsets,https://cgi.minorplanetcenter.net/cgi-bin/confirmeph2.cgi
20260528T084821Z,2026-05-28T08:48:21.628339Z,20260528T084821Z_batch01,C1F32J5,2026-05-28T15:00:00Z,17 10 38.0,257.65833333333336,+17 48 44,17.81222222222222,138.8,22.0,4.96,355.0,Map/Offsets,https://cgi.minorplanetcenter.net/cgi-bin/confirmeph2.cgi
20260528T084821Z,2026-05-28T08:48:21.628339Z,20260528T084821Z_batch01,C1F32J5,2026-05-28T16:00:00Z,17 10 36.2,257.65083333333337,+17 53 40,17.894444444444446,138.8,22.1,4.95,355.0,Map/Offsets,https://cgi.minorplanetcenter.net/cgi-bin/confirmeph2.cgi
20260528T084821Z,2026-05-28T08:48:21.628339Z,20260528T084821Z_batch01,C1F32J5,2026-05-28T17:00:00Z,17 10 34.4,257.6433333333333,+17 58 36,17.976666666666667,138.7,22.1,4.95,354.9,Map/Offsets,https://cgi.minorplanetcenter.net/cgi-bin/confirmeph2.cgi
20260528T084821Z,2026-05-28T08:48:21.628339Z,20260528T084821Z_batch01,C1F32J5,2026-05-28T18:00:00Z,17 10 32.5,257.6354166666667,+18 03 32,18.05888888888889,138.6,22.1,4.95,354.9,Map/Offsets,https://cgi.minorplanetcenter.net/cgi-bin/confirmeph2.cgi
20260528T084821Z,2026-05-28T08:48:21.628339Z,20260528T084821Z_batch01,C1F32J5,2026-05-28T19:00:00Z,17 10 30.7,257.6279166666667,+18 08 28,18.141111111111112,138.6,22.1,4.94,354.9,Map/Offsets,https://cgi.minorplanetcenter.net/cgi-bin/confirmeph2.cgi
20260528T084821Z,2026-05-28T08:48:21.628339Z,20260528T084821Z_batch01,C1F32J5,2026-05-28T20:00:00Z,17 10 28.9,257.62041666666664,+18 13 23,18.223055555555554,138.5,22.1,4.94,354.9,Map/Offsets,https://cgi.minorplanetcenter.net/cgi-bin/confirmeph2.cgi
20260528T084821Z,2026-05-28T08:48:21.628339Z,20260528T084821Z_batch01,C1F32J5,2026-05-28T21:00:00Z,17 10 27.0,257.6125,+18 18 18,18.305,138.4,22.1,4.94,354.9,Map/Offsets,https://cgi.minorplanetcenter.net/cgi-bin/confirmeph2.cgi
20260528T084821Z,2026-05-28T08:48:21.628339Z,20260528T084821Z_batch01,C1F32J5,2026-05-28T22:00:00Z,17 10 25.1,257.6045833333334,+18 23 13,18.386944444444445,138.4,22.1,4.93,354.9,Map/Offsets,https://cgi.minorplanetcenter.net/cgi-bin/confirmeph2.cgi
20260528T084821Z,2026-05-28T08:48:21.628339Z,20260528T084821Z_batch01,C1F32J5,2026-05-28T23:00:00Z,17 10 23.3,257.59708333333333,+18 28 08,18.468888888888888,138.3,22.1,4.93,354.9,Map/Offsets,https://cgi.minorplanetcenter.net/cgi-bin/confirmeph2.cgi
20260528T084821Z,2026-05-28T08:48:21.628339Z,20260528T084821Z_batch01,C1F32J5,2026-05-29T00:00:00Z,17 10 21.4,257.5891666666667,+18 33 03,18.550833333333333,138.2,22.1,4.93,354.9,Map/Offsets,https://cgi.minorplanetcenter.net/cgi-bin/confirmeph2.cgi
20260528T084821Z,2026-05-28T08:48:21.628339Z,20260528T084821Z_batch01,C1F32J5,2026-05-29T01:00:00Z,17 10 19.6,257.58166666666665,+18 37 57,18.6325,138.1,22.1,4.92,354.9,Map/Offsets,https://cgi.minorplanetcenter.net/cgi-bin/confirmeph2.cgi
20260528T084821Z,2026-05-28T08:48:21.628339Z,20260528T084821Z_batch01,C1F32J5,2026-05-29T02:00:00Z,17 10 17.7,257.57375,+18 42 51,18.714166666666667,138.1,22.1,4.92,354.8,Map/Offsets,https://cgi.minorplanetcenter.net/cgi-bin/confirmeph2.cgi
20260528T084821Z,2026-05-28T08:48:21.628339Z,20260528T084821Z_batch01,C1F32J5,2026-05-29T03:00:00Z,17 10 15.8,257.5658333333334,+18 47 45,18.795833333333334,138.0,22.1,4.92,354.8,Map/Offsets,https://cgi.minorplanetcenter.net/cgi-bin/confirmeph2.cgi
20260528T084821Z,2026-05-28T08:48:21.628339Z,20260528T084821Z_batch01,C1F32J5,2026-05-29T04:00:00Z,17 10 14.0,257.55833333333334,+18 52 39,18.8775,137.9,22.1,4.91,354.8,Map/Offsets,https://cgi.minorplanetcenter.net/cgi-bin/confirmeph2.cgi
20260528T084821Z,2026-05-28T08:48:21.628339Z,20260528T084821Z_batch01,C1F32J5,2026-05-29T05:00:00Z,17 10 12.1,257.5504166666667,+18 57 33,18.959166666666665,137.9,22.1,4.91,354.8,Map/Offsets,https://cgi.minorplanetcenter.net/cgi-bin/confirmeph2.cgi
20260528T084821Z,2026-05-28T08:48:21.628339Z,20260528T084821Z_batch01,C1F32J5,2026-05-29T06:00:00Z,17 10 10.2,257.5425,+19 02 26,19.040555555555557,137.8,22.1,4.91,354.8,Map/Offsets,https://cgi.minorplanetcenter.net/cgi-bin/confirmeph2.cgi
20260528T084821Z,2026-05-28T08:48:21.628339Z,20260528T084821Z_batch01,C1F32J5,2026-05-29T07:00:00Z,17 10 08.3,257.53458333333333,+19 07 19,19.121944444444445,137.7,22.1,4.9,354.8,Map/Offsets,https://cgi.minorplanetcenter.net/cgi-bin/confirmeph2.cgi
20260528T084821Z,2026-05-28T08:48:21.628339Z,20260528T084821Z_batch01,C1F3245,2026-05-28T07:00:00Z,16 58 24.2,254.60083333333333,+10 26 18,10.438333333333334,146.7,22.7,0.85,253.2,Map/Offsets,https://cgi.minorplanetcenter.net/cgi-bin/confirmeph2.cgi
20260528T084821Z,2026-05-28T08:48:21.628339Z,20260528T084821Z_batch01,C1F3245,2026-05-28T08:00:00Z,16 58 20.9,254.58708333333328,+10 26 04,10.434444444444445,146.7,22.7,0.85,253.1,Map/Offsets,https://cgi.minorplanetcenter.net/cgi-bin/confirmeph2.cgi
20260528T084821Z,2026-05-28T08:48:21.628339Z,20260528T084821Z_batch01,C1F3245,2026-05-28T09:00:00Z,16 58 17.6,254.57333333333332,+10 25 49,10.430277777777777,146.7,22.7,0.85,253.1,Map/Offsets,https://cgi.minorplanetcenter.net/cgi-bin/confirmeph2.cgi
20260528T084821Z,2026-05-28T08:48:21.628339Z,20260528T084821Z_batch01,C1F3245,2026-05-28T10:00:00Z,16 58 14.2,254.5591666666666,+10 25 34,10.42611111111111,146.8,22.7,0.85,253.0,Map/Offsets,https://cgi.minorplanetcenter.net/cgi-bin/confirmeph2.cgi
20260528T084821Z,2026-05-28T08:48:21.628339Z,20260528T084821Z_batch01,C1F3245,2026-05-28T11:00:00Z,16 58 10.9,254.54541666666665,+10 25 19,10.421944444444444,146.8,22.7,0.85,253.0,Map/Offsets,https://cgi.minorplanetcenter.net/cgi-bin/confirmeph2.cgi
20260528T084821Z,2026-05-28T08:48:21.628339Z,20260528T084821Z_batch01,C1F3245,2026-05-28T12:00:00Z,16 58 07.6,254.53166666666667,+10 25 04,10.417777777777777,146.8,22.7,0.86,252.9,Map/Offsets,https://cgi.minorplanetcenter.net/cgi-bin/confirmeph2.cgi
20260528T084821Z,2026-05-28T08:48:21.628339Z,20260528T084821Z_batch01,C1F3245,2026-05-28T13:00:00Z,16 58 04.3,254.51791666666662,+10 24 49,10.413611111111111,146.8,22.7,0.86,252.9,Map/Offsets,https://cgi.minorplanetcenter.net/cgi-bin/confirmeph2.cgi
20260528T084821Z,2026-05-28T08:48:21.628339Z,20260528T084821Z_batch01,C1F3245,2026-05-28T14:00:00Z,16 58 00.9,254.50375,+10 24 34,10.409444444444444,146.8,22.7,0.86,252.8,Map/Offsets,https://cgi.minorplanetcenter.net/cgi-bin/confirmeph2.cgi
20260528T084821Z,2026-05-28T08:48:21.628339Z,20260528T084821Z_batch01,C1F3245,2026-05-28T15:00:00Z,16 57 57.6,254.48999999999995,+10 24 18,10.405000000000001,146.8,22.7,0.86,252.8,Map/Offsets,https://cgi.minorplanetcenter.net/cgi-bin/confirmeph2.cgi
20260528T084821Z,2026-05-28T08:48:21.628339Z,20260528T084821Z_batch01,C1F3245,2026-05-28T16:00:00Z,16 57 54.3,254.47625,+10 24 03,10.400833333333333,146.8,22.7,0.86,252.7,Map/Offsets,https://cgi.minorplanetcenter.net/cgi-bin/confirmeph2.cgi
20260528T084821Z,2026-05-28T08:48:21.628339Z,20260528T084821Z_batch01,C1F3245,2026-05-28T17:00:00Z,16 57 50.9,254.46208333333334,+10 23 48,10.396666666666667,146.9,22.7,0.86,252.7,Map/Offsets,https://cgi.minorplanetcenter.net/cgi-bin/confirmeph2.cgi
20260528T084821Z,2026-05-28T08:48:21.628339Z,20260528T084821Z_batch01,C1F3245,2026-05-28T18:00:00Z,16 57 47.6,254.44833333333332,+10 23 32,10.392222222222221,146.9,22.6,0.86,252.6,Map/Offsets,https://cgi.minorplanetcenter.net/cgi-bin/confirmeph2.cgi
20260528T084821Z,2026-05-28T08:48:21.628339Z,20260528T084821Z_batch01,C1F3245,2026-05-28T19:00:00Z,16 57 44.3,254.43458333333334,+10 23 17,10.388055555555555,146.9,22.6,0.86,252.6,Map/Offsets,https://cgi.minorplanetcenter.net/cgi-bin/confirmeph2.cgi
20260528T084821Z,2026-05-28T08:48:21.628339Z,20260528T084821Z_batch01,C1F3245,2026-05-28T20:00:00Z,16 57 40.9,254.42041666666665,+10 23 02,10.383888888888889,146.9,22.6,0.86,252.6,Map/Offsets,https://cgi.minorplanetcenter.net/cgi-bin/confirmeph2.cgi
20260528T084821Z,2026-05-28T08:48:21.628339Z,20260528T084821Z_batch01,C1F3245,2026-05-28T21:00:00Z,16 57 37.6,254.40666666666667,+10 22 46,10.379444444444445,146.9,22.6,0.86,252.5,Map/Offsets,https://cgi.minorplanetcenter.net/cgi-bin/confirmeph2.cgi
20260528T084821Z,2026-05-28T08:48:21.628339Z,20260528T084821Z_batch01,C1F3245,2026-05-28T22:00:00Z,16 57 34.3,254.39291666666665,+10 22 31,10.375277777777779,146.9,22.6,0.86,252.5,Map/Offsets,https://cgi.minorplanetcenter.net/cgi-bin/confirmeph2.cgi
20260528T084821Z,2026-05-28T08:48:21.628339Z,20260528T084821Z_batch01,C1F3245,2026-05-28T23:00:00Z,16 57 30.9,254.37875,+10 22 15,10.370833333333334,146.9,22.6,0.86,252.4,Map/Offsets,https://cgi.minorplanetcenter.net/cgi-bin/confirmeph2.cgi
20260528T084821Z,2026-05-28T08:48:21.628339Z,20260528T084821Z_batch01,C1F3245,2026-05-29T00:00:00Z,16 57 27.6,254.36499999999998,+10 21 59,10.366388888888888,146.9,22.6,0.86,252.4,Map/Offsets,https://cgi.minorplanetcenter.net/cgi-bin/confirmeph2.cgi
20260528T084821Z,2026-05-28T08:48:21.628339Z,20260528T084821Z_batch01,C1F3245,2026-05-29T01:00:00Z,16 57 24.2,254.35083333333333,+10 21 44,10.362222222222222,147.0,22.6,0.86,252.3,Map/Offsets,https://cgi.minorplanetcenter.net/cgi-bin/confirmeph2.cgi
20260528T084821Z,2026-05-28T08:48:21.628339Z,20260528T084821Z_batch01,C1F3245,2026-05-29T02:00:00Z,16 57 20.9,254.3370833333333,+10 21 28,10.357777777777777,147.0,22.6,0.86,252.3,Map/Offsets,https://cgi.minorplanetcenter.net/cgi-bin/confirmeph2.cgi
20260528T084821Z,2026-05-28T08:48:21.628339Z,20260528T084821Z_batch01,C1F3245,2026-05-29T03:00:00Z,16 57 17.5,254.32291666666666,+10 21 12,10.353333333333333,147.0,22.6,0.86,252.2,Map/Offsets,https://cgi.minorplanetcenter.net/cgi-bin/confirmeph2.cgi
20260528T084821Z,2026-05-28T08:48:21.628339Z,20260528T084821Z_batch01,C1F3245,2026-05-29T04:00:00Z,16 57 14.2,254.30916666666664,+10 20 56,10.34888888888889,147.0,22.6,0.86,252.2,Map/Offsets,https://cgi.minorplanetcenter.net/cgi-bin/confirmeph2.cgi
20260528T084821Z,2026-05-28T08:48:21.628339Z,20260528T084821Z_batch01,C1F3245,2026-05-29T05:00:00Z,16 57 10.8,254.295,+10 20 40,10.344444444444445,147.0,22.6,0.87,252.1,Map/Offsets,https://cgi.minorplanetcenter.net/cgi-bin/confirmeph2.cgi
20260528T084821Z,2026-05-28T08:48:21.628339Z,20260528T084821Z_batch01,C1F3245,2026-05-29T06:00:00Z,16 57 07.5,254.28125,+10 20 24,10.34,147.0,22.6,0.87,252.1,Map/Offsets,https://cgi.minorplanetcenter.net/cgi-bin/confirmeph2.cgi
20260528T084821Z,2026-05-28T08:48:21.628339Z,20260528T084821Z_batch01,C1F3245,2026-05-29T07:00:00Z,16 57 04.1,254.26708333333332,+10 20 08,10.335555555555556,147.0,22.6,0.87,252.0,Map/Offsets,https://cgi.minorplanetcenter.net/cgi-bin/confirmeph2.cgi
20260528T084821Z,2026-05-28T08:48:21.628339Z,20260528T084821Z_batch01,SJA1250,2026-05-28T07:00:00Z,16 45 12.6,251.30249999999998,+60 38 35,60.643055555555556,97.8,20.2,1.55,226.6,Map/Offsets,https://cgi.minorplanetcenter.net/cgi-bin/confirmeph2.cgi
20260528T084821Z,2026-05-28T08:48:21.628339Z,20260528T084821Z_batch01,SJA1250,2026-05-28T08:00:00Z,16 45 03.5,251.26458333333335,+60 37 31,60.625277777777775,97.8,20.2,1.55,226.5,Map/Offsets,https://cgi.minorplanetcenter.net/cgi-bin/confirmeph2.cgi
20260528T084821Z,2026-05-28T08:48:21.628339Z,20260528T084821Z_batch01,SJA1250,2026-05-28T09:00:00Z,16 44 54.3,251.22625000000002,+60 36 27,60.6075,97.8,20.2,1.55,226.5,Map/Offsets,https://cgi.minorplanetcenter.net/cgi-bin/confirmeph2.cgi
20260528T084821Z,2026-05-28T08:48:21.628339Z,20260528T084821Z_batch01,SJA1250,2026-05-28T10:00:00Z,16 44 45.2,251.18833333333333,+60 35 23,60.58972222222222,97.8,20.2,1.55,226.4,Map/Offsets,https://cgi.minorplanetcenter.net/cgi-bin/confirmeph2.cgi
20260528T084821Z,2026-05-28T08:48:21.628339Z,20260528T084821Z_batch01,SJA1250,2026-05-28T11:00:00Z,16 44 36.0,251.15000000000003,+60 34 19,60.57194444444445,97.8,20.2,1.55,226.4,Map/Offsets,https://cgi.minorplanetcenter.net/cgi-bin/confirmeph2.cgi
20260528T084821Z,2026-05-28T08:48:21.628339Z,20260528T084821Z_batch01,SJA1250,2026-05-28T12:00:00Z,16 44 26.9,251.11208333333335,+60 33 15,60.55416666666667,97.8,20.2,1.55,226.3,Map/Offsets,https://cgi.minorplanetcenter.net/cgi-bin/confirmeph2.cgi
20260528T084821Z,2026-05-28T08:48:21.628339Z,20260528T084821Z_batch01,SJA1250,2026-05-28T13:00:00Z,16 44 17.8,251.07416666666668,+60 32 11,60.53638888888889,97.9,20.2,1.55,226.3,Map/Offsets,https://cgi.minorplanetcenter.net/cgi-bin/confirmeph2.cgi
20260528T084821Z,2026-05-28T08:48:21.628339Z,20260528T084821Z_batch01,SJA1250,2026-05-28T14:00:00Z,16 44 08.7,251.03625,+60 31 06,60.51833333333333,97.9,20.2,1.55,226.2,Map/Offsets,https://cgi.minorplanetcenter.net/cgi-bin/confirmeph2.cgi
20260528T084821Z,2026-05-28T08:48:21.628339Z,20260528T084821Z_batch01,SJA1250,2026-05-28T15:00:00Z,16 43 59.6,250.9983333333333,+60 30 02,60.50055555555556,97.9,20.2,1.55,226.1,Map/Offsets,https://cgi.minorplanetcenter.net/cgi-bin/confirmeph2.cgi
20260528T084821Z,2026-05-28T08:48:21.628339Z,20260528T084821Z_batch01,SJA1250,2026-05-28T16:00:00Z,16 43 50.6,250.96083333333328,+60 28 57,60.4825,97.9,20.2,1.55,226.1,Map/Offsets,https://cgi.minorplanetcenter.net/cgi-bin/confirmeph2.cgi
20260528T084821Z,2026-05-28T08:48:21.628339Z,20260528T084821Z_batch01,SJA1250,2026-05-28T17:00:00Z,16 43 41.5,250.92291666666665,+60 27 53,60.46472222222223,97.9,20.2,1.55,226.0,Map/Offsets,https://cgi.minorplanetcenter.net/cgi-bin/confirmeph2.cgi
20260528T084821Z,2026-05-28T08:48:21.628339Z,20260528T084821Z_batch01,SJA1250,2026-05-28T18:00:00Z,16 43 32.5,250.88541666666663,+60 26 48,60.446666666666665,97.9,20.2,1.55,226.0,Map/Offsets,https://cgi.minorplanetcenter.net/cgi-bin/confirmeph2.cgi
20260528T084821Z,2026-05-28T08:48:21.628339Z,20260528T084821Z_batch01,SJA1250,2026-05-28T19:00:00Z,16 43 23.4,250.84749999999997,+60 25 43,60.42861111111111,98.0,20.2,1.55,225.9,Map/Offsets,https://cgi.minorplanetcenter.net/cgi-bin/confirmeph2.cgi
20260528T084821Z,2026-05-28T08:48:21.628339Z,20260528T084821Z_batch01,SJA1250,2026-05-28T20:00:00Z,16 43 14.4,250.81,+60 24 39,60.41083333333333,98.0,20.2,1.55,225.8,Map/Offsets,https://cgi.minorplanetcenter.net/cgi-bin/confirmeph2.cgi
20260528T084821Z,2026-05-28T08:48:21.628339Z,20260528T084821Z_batch01,SJA1250,2026-05-28T21:00:00Z,16 43 05.4,250.77249999999998,+60 23 34,60.39277777777778,98.0,20.2,1.55,225.8,Map/Offsets,https://cgi.minorplanetcenter.net/cgi-bin/confirmeph2.cgi
20260528T084821Z,2026-05-28T08:48:21.628339Z,20260528T084821Z_batch01,SJA1250,2026-05-28T22:00:00Z,16 42 56.4,250.735,+60 22 29,60.374722222222225,98.0,20.2,1.55,225.7,Map/Offsets,https://cgi.minorplanetcenter.net/cgi-bin/confirmeph2.cgi
20260528T084821Z,2026-05-28T08:48:21.628339Z,20260528T084821Z_batch01,SJA1250,2026-05-28T23:00:00Z,16 42 47.4,250.6975,+60 21 24,60.35666666666667,98.0,20.2,1.55,225.7,Map/Offsets,https://cgi.minorplanetcenter.net/cgi-bin/confirmeph2.cgi
20260528T084821Z,2026-05-28T08:48:21.628339Z,20260528T084821Z_batch01,SJA1250,2026-05-29T00:00:00Z,16 42 38.4,250.65999999999997,+60 20 18,60.33833333333334,98.0,20.2,1.55,225.6,Map/Offsets,https://cgi.minorplanetcenter.net/cgi-bin/confirmeph2.cgi
20260528T084821Z,2026-05-28T08:48:21.628339Z,20260528T084821Z_batch01,SJA1250,2026-05-29T01:00:00Z,16 42 29.5,250.62291666666667,+60 19 13,60.32027777777778,98.0,20.2,1.55,225.5,Map/Offsets,https://cgi.minorplanetcenter.net/cgi-bin/confirmeph2.cgi
20260528T084821Z,2026-05-28T08:48:21.628339Z,20260528T084821Z_batch01,SJA1250,2026-05-29T02:00:00Z,16 42 20.5,250.58541666666665,+60 18 08,60.30222222222222,98.1,20.2,1.55,225.5,Map/Offsets,https://cgi.minorplanetcenter.net/cgi-bin/confirmeph2.cgi
20260528T084821Z,2026-05-28T08:48:21.628339Z,20260528T084821Z_batch01,SJA1250,2026-05-29T03:00:00Z,16 42 11.6,250.54833333333335,+60 17 02,60.28388888888889,98.1,20.2,1.55,225.4,Map/Offsets,https://cgi.minorplanetcenter.net/cgi-bin/confirmeph2.cgi
20260528T084821Z,2026-05-28T08:48:21.628339Z,20260528T084821Z_batch01,SJA1250,2026-05-29T04:00:00Z,16 42 02.6,250.51083333333332,+60 15 57,60.26583333333333,98.1,20.2,1.55,225.4,Map/Offsets,https://cgi.minorplanetcenter.net/cgi-bin/confirmeph2.cgi
20260528T084821Z,2026-05-28T08:48:21.628339Z,20260528T084821Z_batch01,SJA1250,2026-05-29T05:00:00Z,16 41 53.7,250.47375000000002,+60 14 51,60.2475,98.1,20.2,1.56,225.3,Map/Offsets,https://cgi.minorplanetcenter.net/cgi-bin/confirmeph2.cgi
20260528T084821Z,2026-05-28T08:48:21.628339Z,20260528T084821Z_batch01,SJA1250,2026-05-29T06:00:00Z,16 41 44.8,250.43666666666667,+60 13 46,60.22944444444445,98.1,20.2,1.56,225.3,Map/Offsets,https://cgi.minorplanetcenter.net/cgi-bin/confirmeph2.cgi
20260528T084821Z,2026-05-28T08:48:21.628339Z,20260528T084821Z_batch01,SJA1250,2026-05-29T07:00:00Z,16 41 35.9,250.3995833333333,+60 12 40,60.211111111111116,98.1,20.2,1.56,225.2,Map/Offsets,https://cgi.minorplanetcenter.net/cgi-bin/confirmeph2.cgi
20260528T084821Z,2026-05-28T08:48:21.628339Z,20260528T084821Z_batch01,C1F2HL5,2026-05-28T07:00:00Z,16 37 45.5,249.43958333333336,-12 05 49,-12.096944444444444,169.7,22.4,4.66,97.9,Map/Offsets,https://cgi.minorplanetcenter.net/cgi-bin/confirmeph2.cgi
20260528T084821Z,2026-05-28T08:48:21.628339Z,20260528T084821Z_batch01,C1F2HL5,2026-05-28T08:00:00Z,16 38 04.3,249.51791666666665,-12 06 28,-12.107777777777777,169.7,22.4,4.66,97.9,Map/Offsets,https://cgi.minorplanetcenter.net/cgi-bin/confirmeph2.cgi
20260528T084821Z,2026-05-28T08:48:21.628339Z,20260528T084821Z_batch01,C1F2HL5,2026-05-28T09:00:00Z,16 38 23.2,249.59666666666666,-12 07 06,-12.118333333333334,169.6,22.4,4.66,97.9,Map/Offsets,https://cgi.minorplanetcenter.net/cgi-bin/confirmeph2.cgi
20260528T084821Z,2026-05-28T08:48:21.628339Z,20260528T084821Z_batch01,C1F2HL5,2026-05-28T10:00:00Z,16 38 42.1,249.67541666666665,-12 07 45,-12.129166666666666,169.6,22.4,4.66,97.9,Map/Offsets,https://cgi.minorplanetcenter.net/cgi-bin/confirmeph2.cgi
20260528T084821Z,2026-05-28T08:48:21.628339Z,20260528T084821Z_batch01,C1F2HL5,2026-05-28T11:00:00Z,16 39 01.0,249.75416666666666,-12 08 23,-12.139722222222222,169.6,22.4,4.66,97.9,Map/Offsets,https://cgi.minorplanetcenter.net/cgi-bin/confirmeph2.cgi
20260528T084821Z,2026-05-28T08:48:21.628339Z,20260528T084821Z_batch01,C1F2HL5,2026-05-28T12:00:00Z,16 39 19.8,249.8325,-12 09 01,-12.150277777777777,169.6,22.4,4.66,97.9,Map/Offsets,https://cgi.minorplanetcenter.net/cgi-bin/confirmeph2.cgi
20260528T084821Z,2026-05-28T08:48:21.628339Z,20260528T084821Z_batch01,C1F2HL5,2026-05-28T13:00:00Z,16 39 38.7,249.91125,-12 09 39,-12.160833333333334,169.6,22.4,4.66,97.9,Map/Offsets,https://cgi.minorplanetcenter.net/cgi-bin/confirmeph2.cgi
20260528T084821Z,2026-05-28T08:48:21.628339Z,20260528T084821Z_batch01,C1F2HL5,2026-05-28T14:00:00Z,16 39 57.6,249.98999999999995,-12 10 18,-12.171666666666667,169.6,22.4,4.66,97.8,Map/Offsets,https://cgi.minorplanetcenter.net/cgi-bin/confirmeph2.cgi
20260528T084821Z,2026-05-28T08:48:21.628339Z,20260528T084821Z_batch01,C1F2HL5,2026-05-28T15:00:00Z,16 40 16.5,250.06875000000002,-12 10 56,-12.182222222222222,169.6,22.4,4.66,97.8,Map/Offsets,https://cgi.minorplanetcenter.net/cgi-bin/confirmeph2.cgi
20260528T084821Z,2026-05-28T08:48:21.628339Z,20260528T084821Z_batch01,C1F2HL5,2026-05-28T16:00:00Z,16 40 35.4,250.1475,-12 11 34,-12.192777777777778,169.6,22.4,4.66,97.8,Map/Offsets,https://cgi.minorplanetcenter.net/cgi-bin/confirmeph2.cgi
20260528T084821Z,2026-05-28T08:48:21.628339Z,20260528T084821Z_batch01,C1F2HL5,2026-05-28T17:00:00Z,16 40 54.2,250.22583333333336,-12 12 12,-12.203333333333333,169.6,22.4,4.66,97.8,Map/Offsets,https://cgi.minorplanetcenter.net/cgi-bin/confirmeph2.cgi
20260528T084821Z,2026-05-28T08:48:21.628339Z,20260528T084821Z_batch01,C1F2HL5,2026-05-28T18:00:00Z,16 41 13.1,250.30458333333337,-12 12 50,-12.213888888888889,169.5,22.4,4.66,97.8,Map/Offsets,https://cgi.minorplanetcenter.net/cgi-bin/confirmeph2.cgi
20260528T084821Z,2026-05-28T08:48:21.628339Z,20260528T084821Z_batch01,C1F2HL5,2026-05-28T19:00:00Z,16 41 32.0,250.38333333333335,-12 13 28,-12.224444444444444,169.5,22.4,4.66,97.8,Map/Offsets,https://cgi.minorplanetcenter.net/cgi-bin/confirmeph2.cgi
20260528T084821Z,2026-05-28T08:48:21.628339Z,20260528T084821Z_batch01,C1F2HL5,2026-05-28T20:00:00Z,16 41 50.9,250.46208333333337,-12 14 06,-12.235,169.5,22.4,4.66,97.8,Map/Offsets,https://cgi.minorplanetcenter.net/cgi-bin/confirmeph2.cgi
20260528T084821Z,2026-05-28T08:48:21.628339Z,20260528T084821Z_batch01,C1F2HL5,2026-05-28T21:00:00Z,16 42 09.8,250.5408333333333,-12 14 44,-12.245555555555555,169.5,22.4,4.66,97.8,Map/Offsets,https://cgi.minorplanetcenter.net/cgi-bin/confirmeph2.cgi
20260528T084821Z,2026-05-28T08:48:21.628339Z,20260528T084821Z_batch01,C1F2HL5,2026-05-28T22:00:00Z,16 42 28.6,250.61916666666664,-12 15 22,-12.25611111111111,169.5,22.4,4.66,97.8,Map/Offsets,https://cgi.minorplanetcenter.net/cgi-bin/confirmeph2.cgi
20260528T084821Z,2026-05-28T08:48:21.628339Z,20260528T084821Z_batch01,C1F2HL5,2026-05-28T23:00:00Z,16 42 47.5,250.69791666666666,-12 15 59,-12.266388888888889,169.5,22.4,4.65,97.8,Map/Offsets,https://cgi.minorplanetcenter.net/cgi-bin/confirmeph2.cgi
20260528T084821Z,2026-05-28T08:48:21.628339Z,20260528T084821Z_batch01,C1F2HL5,2026-05-29T00:00:00Z,16 43 06.4,250.77666666666664,-12 16 37,-12.276944444444446,169.5,22.4,4.65,97.8,Map/Offsets,https://cgi.minorplanetcenter.net/cgi-bin/confirmeph2.cgi
20260528T084821Z,2026-05-28T08:48:21.628339Z,20260528T084821Z_batch01,C1F2HL5,2026-05-29T01:00:00Z,16 43 25.3,250.85541666666666,-12 17 15,-12.2875,169.4,22.4,4.65,97.8,Map/Offsets,https://cgi.minorplanetcenter.net/cgi-bin/confirmeph2.cgi
20260528T084821Z,2026-05-28T08:48:21.628339Z,20260528T084821Z_batch01,C1F2HL5,2026-05-29T02:00:00Z,16 43 44.1,250.93375,-12 17 52,-12.297777777777778,169.4,22.4,4.65,97.7,Map/Offsets,https://cgi.minorplanetcenter.net/cgi-bin/confirmeph2.cgi
20260528T084821Z,2026-05-28T08:48:21.628339Z,20260528T084821Z_batch01,C1F2HL5,2026-05-29T03:00:00Z,16 44 03.0,251.0125,-12 18 30,-12.308333333333334,169.4,22.4,4.65,97.7,Map/Offsets,https://cgi.minorplanetcenter.net/cgi-bin/confirmeph2.cgi
20260528T084821Z,2026-05-28T08:48:21.628339Z,20260528T084821Z_batch01,C1F2HL5,2026-05-29T04:00:00Z,16 44 21.9,251.09125,-12 19 08,-12.318888888888889,169.4,22.4,4.65,97.7,Map/Offsets,https://cgi.minorplanetcenter.net/cgi-bin/confirmeph2.cgi
20260528T084821Z,2026-05-28T08:48:21.628339Z,20260528T084821Z_batch01,C1F2HL5,2026-05-29T05:00:00Z,16 44 40.8,251.17000000000002,-12 19 45,-12.329166666666666,169.4,22.4,4.65,97.7,Map/Offsets,https://cgi.minorplanetcenter.net/cgi-bin/confirmeph2.cgi
20260528T084821Z,2026-05-28T08:48:21.628339Z,20260528T084821Z_batch01,C1F2HL5,2026-05-29T06:00:00Z,16 44 59.6,251.24833333333333,-12 20 22,-12.339444444444444,169.4,22.4,4.65,97.7,Map/Offsets,https://cgi.minorplanetcenter.net/cgi-bin/confirmeph2.cgi
20260528T084821Z,2026-05-28T08:48:21.628339Z,20260528T084821Z_batch01,C1F2HL5,2026-05-29T07:00:00Z,16 45 18.5,251.32708333333335,-12 21 00,-12.35,169.4,22.4,4.65,97.7,Map/Offsets,https://cgi.minorplanetcenter.net/cgi-bin/confirmeph2.cgi
20260528T084821Z,2026-05-28T08:48:21.628339Z,20260528T084821Z_batch01,C1F1TD5,2026-05-28T07:00:00Z,15 49 10.8,237.295,+04 33 57,4.565833333333333,153.0,25.3,0.99,101.9,Map/Offsets   !,https://cgi.minorplanetcenter.net/cgi-bin/confirmeph2.cgi
20260528T084821Z,2026-05-28T08:48:21.628339Z,20260528T084821Z_batch01,C1F1TD5,2026-05-28T08:00:00Z,15 49 14.7,237.31125,+04 33 45,4.5625,153.0,25.4,0.97,102.0,Map/Offsets   !,https://cgi.minorplanetcenter.net/cgi-bin/confirmeph2.cgi
20260528T084821Z,2026-05-28T08:48:21.628339Z,20260528T084821Z_batch01,C1F1TD5,2026-05-28T09:00:00Z,15 49 18.4,237.32666666666665,+04 33 33,4.559166666666666,153.0,25.4,0.95,102.0,Map/Offsets   !,https://cgi.minorplanetcenter.net/cgi-bin/confirmeph2.cgi
20260528T084821Z,2026-05-28T08:48:21.628339Z,20260528T084821Z_batch01,C1F1TD5,2026-05-28T10:00:00Z,15 49 22.1,237.34208333333333,+04 33 21,4.555833333333333,153.0,25.4,0.93,102.1,Map/Offsets   !,https://cgi.minorplanetcenter.net/cgi-bin/confirmeph2.cgi
20260528T084821Z,2026-05-28T08:48:21.628339Z,20260528T084821Z_batch01,C1F1TD5,2026-05-28T11:00:00Z,15 49 25.8,237.3575,+04 33 09,4.5525,153.0,25.4,0.92,102.2,Map/Offsets   !,https://cgi.minorplanetcenter.net/cgi-bin/confirmeph2.cgi
20260528T084821Z,2026-05-28T08:48:21.628339Z,20260528T084821Z_batch01,C1F1TD5,2026-05-28T12:00:00Z,15 49 29.3,237.37208333333334,+04 32 58,4.549444444444444,153.0,25.4,0.9,102.3,Map/Offsets   !,https://cgi.minorplanetcenter.net/cgi-bin/confirmeph2.cgi
20260528T084821Z,2026-05-28T08:48:21.628339Z,20260528T084821Z_batch01,C1F1TD5,2026-05-28T13:00:00Z,15 49 32.8,237.38666666666666,+04 32 46,4.546111111111111,152.9,25.5,0.88,102.4,Map/Offsets   !,https://cgi.minorplanetcenter.net/cgi-bin/confirmeph2.cgi
20260528T084821Z,2026-05-28T08:48:21.628339Z,20260528T084821Z_batch01,C1F1TD5,2026-05-28T14:00:00Z,15 49 36.2,237.4008333333333,+04 32 35,4.543055555555555,152.9,25.5,0.87,102.5,Map/Offsets   !,https://cgi.minorplanetcenter.net/cgi-bin/confirmeph2.cgi
20260528T084821Z,2026-05-28T08:48:21.628339Z,20260528T084821Z_batch01,C1F1TD5,2026-05-28T15:00:00Z,15 49 39.6,237.415,+04 32 24,4.54,152.9,25.5,0.85,102.6,Map/Offsets   !,https://cgi.minorplanetcenter.net/cgi-bin/confirmeph2.cgi
20260528T084821Z,2026-05-28T08:48:21.628339Z,20260528T084821Z_batch01,C1F1TD5,2026-05-28T16:00:00Z,15 49 42.9,237.42874999999998,+04 32 13,4.536944444444444,152.9,25.5,0.83,102.7,Map/Offsets   !,https://cgi.minorplanetcenter.net/cgi-bin/confirmeph2.cgi
20260528T084821Z,2026-05-28T08:48:21.628339Z,20260528T084821Z_batch01,C1F1TD5,2026-05-28T17:00:00Z,15 49 46.1,237.44208333333333,+04 32 02,4.533888888888889,152.9,25.6,0.82,102.8,Map/Offsets   !,https://cgi.minorplanetcenter.net/cgi-bin/confirmeph2.cgi
20260528T084821Z,2026-05-28T08:48:21.628339Z,20260528T084821Z_batch01,C1F1TD5,2026-05-28T18:00:00Z,15 49 49.3,237.45541666666668,+04 31 51,4.530833333333334,152.9,25.6,0.8,102.9,Map/Offsets   !,https://cgi.minorplanetcenter.net/cgi-bin/confirmeph2.cgi
20260528T084821Z,2026-05-28T08:48:21.628339Z,20260528T084821Z_batch01,C1F1TD5,2026-05-28T19:00:00Z,15 49 52.4,237.46833333333333,+04 31 40,4.527777777777778,152.9,25.6,0.79,103.0,Map/Offsets   !,https://cgi.minorplanetcenter.net/cgi-bin/confirmeph2.cgi
20260528T084821Z,2026-05-28T08:48:21.628339Z,20260528T084821Z_batch01,C1F1TD5,2026-05-28T20:00:00Z,15 49 55.5,237.48125,+04 31 30,4.525,152.9,25.6,0.78,103.1,Map/Offsets   !,https://cgi.minorplanetcenter.net/cgi-bin/confirmeph2.cgi
20260528T084821Z,2026-05-28T08:48:21.628339Z,20260528T084821Z_batch01,C1F1TD5,2026-05-28T21:00:00Z,15 49 58.5,237.49374999999998,+04 31 19,4.521944444444444,152.9,25.6,0.76,103.2,Map/Offsets   !,https://cgi.minorplanetcenter.net/cgi-bin/confirmeph2.cgi
20260528T084821Z,2026-05-28T08:48:21.628339Z,20260528T084821Z_batch01,C1F1TD5,2026-05-28T22:00:00Z,15 50 01.4,237.50583333333333,+04 31 09,4.519166666666667,152.8,25.7,0.75,103.3,Map/Offsets   !,https://cgi.minorplanetcenter.net/cgi-bin/confirmeph2.cgi
20260528T084821Z,2026-05-28T08:48:21.628339Z,20260528T084821Z_batch01,C1F1TD5,2026-05-28T23:00:00Z,15 50 04.3,237.51791666666668,+04 30 59,4.516388888888889,152.8,25.7,0.74,103.4,Map/Offsets   !,https://cgi.minorplanetcenter.net/cgi-bin/confirmeph2.cgi
20260528T084821Z,2026-05-28T08:48:21.628339Z,20260528T084821Z_batch01,C1F1TD5,2026-05-29T00:00:00Z,15 50 07.2,237.53000000000003,+04 30 48,4.513333333333334,152.8,25.7,0.73,103.5,Map/Offsets   !,https://cgi.minorplanetcenter.net/cgi-bin/confirmeph2.cgi
20260528T084821Z,2026-05-28T08:48:21.628339Z,20260528T084821Z_batch01,C1F1TD5,2026-05-29T01:00:00Z,15 50 10.0,237.54166666666669,+04 30 38,4.510555555555555,152.8,25.7,0.71,103.7,Map/Offsets   !,https://cgi.minorplanetcenter.net/cgi-bin/confirmeph2.cgi
20260528T084821Z,2026-05-28T08:48:21.628339Z,20260528T084821Z_batch01,C1F1TD5,2026-05-29T02:00:00Z,15 50 12.8,237.55333333333334,+04 30 28,4.507777777777778,152.8,25.7,0.7,103.8,Map/Offsets   !,https://cgi.minorplanetcenter.net/cgi-bin/confirmeph2.cgi
20260528T084821Z,2026-05-28T08:48:21.628339Z,20260528T084821Z_batch01,C1F1TD5,2026-05-29T03:00:00Z,15 50 15.5,237.56458333333336,+04 30 18,4.505,152.8,25.8,0.69,103.9,Map/Offsets   !,https://cgi.minorplanetcenter.net/cgi-bin/confirmeph2.cgi
20260528T084821Z,2026-05-28T08:48:21.628339Z,20260528T084821Z_batch01,C1F1TD5,2026-05-29T04:00:00Z,15 50 18.1,237.57541666666668,+04 30 08,4.502222222222223,152.8,25.8,0.68,104.0,Map/Offsets   !,https://cgi.minorplanetcenter.net/cgi-bin/confirmeph2.cgi
20260528T084821Z,2026-05-28T08:48:21.628339Z,20260528T084821Z_batch01,C1F1TD5,2026-05-29T05:00:00Z,15 50 20.8,237.58666666666667,+04 29 58,4.499444444444444,152.8,25.8,0.67,104.1,Map/Offsets   !,https://cgi.minorplanetcenter.net/cgi-bin/confirmeph2.cgi
20260528T084821Z,2026-05-28T08:48:21.628339Z,20260528T084821Z_batch01,C1F1TD5,2026-05-29T06:00:00Z,15 50 23.3,237.59708333333333,+04 29 49,4.496944444444445,152.7,25.8,0.66,104.3,Map/Offsets   !,https://cgi.minorplanetcenter.net/cgi-bin/confirmeph2.cgi
20260528T084821Z,2026-05-28T08:48:21.628339Z,20260528T084821Z_batch01,C1F1TD5,2026-05-29T07:00:00Z,15 50 25.9,237.60791666666668,+04 29 39,4.494166666666667,152.7,25.8,0.65,104.4,Map/Offsets   !,https://cgi.minorplanetcenter.net/cgi-bin/confirmeph2.cgi
20260528T084821Z,2026-05-28T08:48:21.628339Z,20260528T084821Z_batch01,C03UYWZ,2026-05-28T07:00:00Z,16 43 15.4,250.8141666666666,+15 33 23,15.55638888888889,142.6,22.2,4.46,354.6,Map/Offsets,https://cgi.minorplanetcenter.net/cgi-bin/confirmeph2.cgi
20260528T084821Z,2026-05-28T08:48:21.628339Z,20260528T084821Z_batch01,C03UYWZ,2026-05-28T08:00:00Z,16 43 13.6,250.80666666666664,+15 37 50,15.630555555555556,142.5,22.2,4.46,354.6,Map/Offsets,https://cgi.minorplanetcenter.net/cgi-bin/confirmeph2.cgi
20260528T084821Z,2026-05-28T08:48:21.628339Z,20260528T084821Z_batch01,C03UYWZ,2026-05-28T09:00:00Z,16 43 11.9,250.79958333333332,+15 42 16,15.704444444444444,142.4,22.2,4.46,354.5,Map/Offsets,https://cgi.minorplanetcenter.net/cgi-bin/confirmeph2.cgi
20260528T084821Z,2026-05-28T08:48:21.628339Z,20260528T084821Z_batch01,C03UYWZ,2026-05-28T10:00:00Z,16 43 10.1,250.7920833333333,+15 46 42,15.778333333333334,142.3,22.2,4.46,354.5,Map/Offsets,https://cgi.minorplanetcenter.net/cgi-bin/confirmeph2.cgi
20260528T084821Z,2026-05-28T08:48:21.628339Z,20260528T084821Z_batch01,C03UYWZ,2026-05-28T11:00:00Z,16 43 08.3,250.7845833333333,+15 51 09,15.8525,142.3,22.2,4.46,354.5,Map/Offsets,https://cgi.minorplanetcenter.net/cgi-bin/confirmeph2.cgi
20260528T084821Z,2026-05-28T08:48:21.628339Z,20260528T084821Z_batch01,C03UYWZ,2026-05-28T12:00:00Z,16 43 06.6,250.77749999999997,+15 55 35,15.926388888888889,142.2,22.2,4.46,354.5,Map/Offsets,https://cgi.minorplanetcenter.net/cgi-bin/confirmeph2.cgi
20260528T084821Z,2026-05-28T08:48:21.628339Z,20260528T084821Z_batch01,C03UYWZ,2026-05-28T13:00:00Z,16 43 04.8,250.77,+16 00 01,16.00027777777778,142.1,22.2,4.46,354.5,Map/Offsets,https://cgi.minorplanetcenter.net/cgi-bin/confirmeph2.cgi
20260528T084821Z,2026-05-28T08:48:21.628339Z,20260528T084821Z_batch01,C03UYWZ,2026-05-28T14:00:00Z,16 43 03.0,250.76249999999996,+16 04 27,16.074166666666667,142.1,22.2,4.45,354.5,Map/Offsets,https://cgi.minorplanetcenter.net/cgi-bin/confirmeph2.cgi
20260528T084821Z,2026-05-28T08:48:21.628339Z,20260528T084821Z_batch01,C03UYWZ,2026-05-28T15:00:00Z,16 43 01.2,250.755,+16 08 53,16.148055555555555,142.0,22.2,4.45,354.5,Map/Offsets,https://cgi.minorplanetcenter.net/cgi-bin/confirmeph2.cgi
20260528T084821Z,2026-05-28T08:48:21.628339Z,20260528T084821Z_batch01,C03UYWZ,2026-05-28T16:00:00Z,16 42 59.5,250.74791666666667,+16 13 19,16.221944444444443,141.9,22.2,4.45,354.5,Map/Offsets,https://cgi.minorplanetcenter.net/cgi-bin/confirmeph2.cgi
20260528T084821Z,2026-05-28T08:48:21.628339Z,20260528T084821Z_batch01,C03UYWZ,2026-05-28T17:00:00Z,16 42 57.7,250.74041666666668,+16 17 45,16.295833333333334,141.8,22.2,4.45,354.5,Map/Offsets,https://cgi.minorplanetcenter.net/cgi-bin/confirmeph2.cgi
20260528T084821Z,2026-05-28T08:48:21.628339Z,20260528T084821Z_batch01,C03UYWZ,2026-05-28T18:00:00Z,16 42 55.9,250.73291666666665,+16 22 11,16.369722222222222,141.8,22.2,4.45,354.5,Map/Offsets,https://cgi.minorplanetcenter.net/cgi-bin/confirmeph2.cgi
20260528T084821Z,2026-05-28T08:48:21.628339Z,20260528T084821Z_batch01,C03UYWZ,2026-05-28T19:00:00Z,16 42 54.1,250.72541666666666,+16 26 36,16.443333333333335,141.7,22.2,4.45,354.5,Map/Offsets,https://cgi.minorplanetcenter.net/cgi-bin/confirmeph2.cgi
20260528T084821Z,2026-05-28T08:48:21.628339Z,20260528T084821Z_batch01,C03UYWZ,2026-05-28T20:00:00Z,16 42 52.3,250.71791666666667,+16 31 02,16.51722222222222,141.6,22.2,4.45,354.5,Map/Offsets,https://cgi.minorplanetcenter.net/cgi-bin/confirmeph2.cgi
20260528T084821Z,2026-05-28T08:48:21.628339Z,20260528T084821Z_batch01,C03UYWZ,2026-05-28T21:00:00Z,16 42 50.5,250.71041666666665,+16 35 28,16.59111111111111,141.5,22.2,4.45,354.5,Map/Offsets,https://cgi.minorplanetcenter.net/cgi-bin/confirmeph2.cgi
20260528T084821Z,2026-05-28T08:48:21.628339Z,20260528T084821Z_batch01,C03UYWZ,2026-05-28T22:00:00Z,16 42 48.7,250.70291666666665,+16 39 53,16.66472222222222,141.5,22.3,4.45,354.5,Map/Offsets,https://cgi.minorplanetcenter.net/cgi-bin/confirmeph2.cgi
20260528T084821Z,2026-05-28T08:48:21.628339Z,20260528T084821Z_batch01,C03UYWZ,2026-05-28T23:00:00Z,16 42 46.9,250.6954166666667,+16 44 18,16.738333333333333,141.4,22.3,4.44,354.4,Map/Offsets,https://cgi.minorplanetcenter.net/cgi-bin/confirmeph2.cgi
20260528T084821Z,2026-05-28T08:48:21.628339Z,20260528T084821Z_batch01,C03UYWZ,2026-05-29T00:00:00Z,16 42 45.2,250.6883333333333,+16 48 44,16.81222222222222,141.3,22.3,4.44,354.4,Map/Offsets,https://cgi.minorplanetcenter.net/cgi-bin/confirmeph2.cgi
20260528T084821Z,2026-05-28T08:48:21.628339Z,20260528T084821Z_batch01,C03UYWZ,2026-05-29T01:00:00Z,16 42 43.3,250.68041666666664,+16 53 09,16.885833333333334,141.3,22.3,4.44,354.4,Map/Offsets,https://cgi.minorplanetcenter.net/cgi-bin/confirmeph2.cgi
20260528T084821Z,2026-05-28T08:48:21.628339Z,20260528T084821Z_batch01,C03UYWZ,2026-05-29T02:00:00Z,16 42 41.5,250.67291666666668,+16 57 34,16.959444444444443,141.2,22.3,4.44,354.4,Map/Offsets,https://cgi.minorplanetcenter.net/cgi-bin/confirmeph2.cgi
20260528T084821Z,2026-05-28T08:48:21.628339Z,20260528T084821Z_batch01,C03UYWZ,2026-05-29T03:00:00Z,16 42 39.7,250.66541666666663,+17 02 00,17.033333333333335,141.1,22.3,4.44,354.4,Map/Offsets,https://cgi.minorplanetcenter.net/cgi-bin/confirmeph2.cgi
20260528T084821Z,2026-05-28T08:48:21.628339Z,20260528T084821Z_batch01,C03UYWZ,2026-05-29T04:00:00Z,16 42 37.9,250.65791666666667,+17 06 25,17.106944444444444,141.0,22.3,4.44,354.4,Map/Offsets,https://cgi.minorplanetcenter.net/cgi-bin/confirmeph2.cgi
20260528T084821Z,2026-05-28T08:48:21.628339Z,20260528T084821Z_batch01,C03UYWZ,2026-05-29T05:00:00Z,16 42 36.1,250.65041666666667,+17 10 50,17.180555555555557,141.0,22.3,4.44,354.4,Map/Offsets,https://cgi.minorplanetcenter.net/cgi-bin/confirmeph2.cgi
20260528T084821Z,2026-05-28T08:48:21.628339Z,20260528T084821Z_batch01,C03UYWZ,2026-05-29T06:00:00Z,16 42 34.3,250.64291666666665,+17 15 15,17.254166666666666,140.9,22.3,4.44,354.4,Map/Offsets,https://cgi.minorplanetcenter.net/cgi-bin/confirmeph2.cgi
20260528T084821Z,2026-05-28T08:48:21.628339Z,20260528T084821Z_batch01,C03UYWZ,2026-05-29T07:00:00Z,16 42 32.5,250.63541666666666,+17 19 39,17.3275,140.8,22.3,4.43,354.4,Map/Offsets,https://cgi.minorplanetcenter.net/cgi-bin/confirmeph2.cgi
20260528T084821Z,2026-05-28T08:48:21.628339Z,20260528T084821Z_batch01,P12nfw2,2026-05-28T07:00:00Z,21 10 01.3,317.5054166666667,-02 56 51,-2.9475000000000002,107.1,21.7,2.38,64.1,Map/Offsets,https://cgi.minorplanetcenter.net/cgi-bin/confirmeph2.cgi
20260528T084821Z,2026-05-28T08:48:21.628339Z,20260528T084821Z_batch01,P12nfw2,2026-05-28T08:00:00Z,21 10 09.9,317.54125,-02 55 49,-2.9302777777777775,107.1,21.7,2.39,64.1,Map/Offsets,https://cgi.minorplanetcenter.net/cgi-bin/confirmeph2.cgi
20260528T084821Z,2026-05-28T08:48:21.628339Z,20260528T084821Z_batch01,P12nfw2,2026-05-28T09:00:00Z,21 10 18.5,317.57708333333335,-02 54 46,-2.912777777777778,107.1,21.7,2.39,64.0,Map/Offsets,https://cgi.minorplanetcenter.net/cgi-bin/confirmeph2.cgi
20260528T084821Z,2026-05-28T08:48:21.628339Z,20260528T084821Z_batch01,P12nfw2,2026-05-28T10:00:00Z,21 10 27.1,317.6129166666667,-02 53 44,-2.8955555555555557,107.1,21.7,2.39,64.0,Map/Offsets,https://cgi.minorplanetcenter.net/cgi-bin/confirmeph2.cgi
20260528T084821Z,2026-05-28T08:48:21.628339Z,20260528T084821Z_batch01,P12nfw2,2026-05-28T11:00:00Z,21 10 35.7,317.64875,-02 52 41,-2.8780555555555556,107.1,21.7,2.39,64.0,Map/Offsets,https://cgi.minorplanetcenter.net/cgi-bin/confirmeph2.cgi
20260528T084821Z,2026-05-28T08:48:21.628339Z,20260528T084821Z_batch01,P12nfw2,2026-05-28T12:00:00Z,21 10 44.3,317.68458333333336,-02 51 38,-2.8605555555555555,107.1,21.7,2.39,64.0,Map/Offsets,https://cgi.minorplanetcenter.net/cgi-bin/confirmeph2.cgi
20260528T084821Z,2026-05-28T08:48:21.628339Z,20260528T084821Z_batch01,P12nfw2,2026-05-28T13:00:00Z,21 10 52.9,317.72041666666667,-02 50 35,-2.843055555555556,107.1,21.7,2.39,64.0,Map/Offsets,https://cgi.minorplanetcenter.net/cgi-bin/confirmeph2.cgi
20260528T084821Z,2026-05-28T08:48:21.628339Z,20260528T084821Z_batch01,P12nfw2,2026-05-28T14:00:00Z,21 11 01.5,317.75625,-02 49 33,-2.825833333333333,107.1,21.7,2.39,64.0,Map/Offsets,https://cgi.minorplanetcenter.net/cgi-bin/confirmeph2.cgi
20260528T084821Z,2026-05-28T08:48:21.628339Z,20260528T084821Z_batch01,P12nfw2,2026-05-28T15:00:00Z,21 11 10.1,317.7920833333333,-02 48 30,-2.808333333333333,107.1,21.7,2.39,64.0,Map/Offsets,https://cgi.minorplanetcenter.net/cgi-bin/confirmeph2.cgi
20260528T084821Z,2026-05-28T08:48:21.628339Z,20260528T084821Z_batch01,P12nfw2,2026-05-28T16:00:00Z,21 11 18.7,317.8279166666667,-02 47 27,-2.790833333333333,107.1,21.7,2.39,64.0,Map/Offsets,https://cgi.minorplanetcenter.net/cgi-bin/confirmeph2.cgi
20260528T084821Z,2026-05-28T08:48:21.628339Z,20260528T084821Z_batch01,P12nfw2,2026-05-28T17:00:00Z,21 11 27.3,317.86375,-02 46 24,-2.7733333333333334,107.1,21.7,2.39,64.0,Map/Offsets,https://cgi.minorplanetcenter.net/cgi-bin/confirmeph2.cgi
20260528T084821Z,2026-05-28T08:48:21.628339Z,20260528T084821Z_batch01,P12nfw2,2026-05-28T18:00:00Z,21 11 35.9,317.89958333333334,-02 45 21,-2.7558333333333334,107.1,21.6,2.39,64.0,Map/Offsets,https://cgi.minorplanetcenter.net/cgi-bin/confirmeph2.cgi
20260528T084821Z,2026-05-28T08:48:21.628339Z,20260528T084821Z_batch01,P12nfw2,2026-05-28T19:00:00Z,21 11 44.6,317.93583333333333,-02 44 18,-2.7383333333333333,107.1,21.6,2.39,64.0,Map/Offsets,https://cgi.minorplanetcenter.net/cgi-bin/confirmeph2.cgi
20260528T084821Z,2026-05-28T08:48:21.628339Z,20260528T084821Z_batch01,P12nfw2,2026-05-28T20:00:00Z,21 11 53.2,317.97166666666664,-02 43 15,-2.7208333333333337,107.1,21.6,2.39,64.0,Map/Offsets,https://cgi.minorplanetcenter.net/cgi-bin/confirmeph2.cgi
20260528T084821Z,2026-05-28T08:48:21.628339Z,20260528T084821Z_batch01,P12nfw2,2026-05-28T21:00:00Z,21 12 01.8,318.0075,-02 42 12,-2.7033333333333336,107.1,21.6,2.39,64.0,Map/Offsets,https://cgi.minorplanetcenter.net/cgi-bin/confirmeph2.cgi
20260528T084821Z,2026-05-28T08:48:21.628339Z,20260528T084821Z_batch01,P12nfw2,2026-05-28T22:00:00Z,21 12 10.4,318.04333333333335,-02 41 09,-2.6858333333333335,107.1,21.6,2.39,64.0,Map/Offsets,https://cgi.minorplanetcenter.net/cgi-bin/confirmeph2.cgi
20260528T084821Z,2026-05-28T08:48:21.628339Z,20260528T084821Z_batch01,P12nfw2,2026-05-28T23:00:00Z,21 12 19.0,318.07916666666665,-02 40 06,-2.668333333333333,107.1,21.6,2.4,64.0,Map/Offsets,https://cgi.minorplanetcenter.net/cgi-bin/confirmeph2.cgi
20260528T084821Z,2026-05-28T08:48:21.628339Z,20260528T084821Z_batch01,P12nfw2,2026-05-29T00:00:00Z,21 12 27.6,318.11499999999995,-02 39 03,-2.6508333333333334,107.1,21.6,2.4,64.0,Map/Offsets,https://cgi.minorplanetcenter.net/cgi-bin/confirmeph2.cgi
20260528T084821Z,2026-05-28T08:48:21.628339Z,20260528T084821Z_batch01,P12nfw2,2026-05-29T01:00:00Z,21 12 36.3,318.15125,-02 38 00,-2.6333333333333333,107.1,21.6,2.4,64.0,Map/Offsets,https://cgi.minorplanetcenter.net/cgi-bin/confirmeph2.cgi
20260528T084821Z,2026-05-28T08:48:21.628339Z,20260528T084821Z_batch01,P12nfw2,2026-05-29T02:00:00Z,21 12 44.9,318.1870833333333,-02 36 57,-2.6158333333333332,107.1,21.6,2.4,64.0,Map/Offsets,https://cgi.minorplanetcenter.net/cgi-bin/confirmeph2.cgi
20260528T084821Z,2026-05-28T08:48:21.628339Z,20260528T084821Z_batch01,P12nfw2,2026-05-29T03:00:00Z,21 12 53.5,318.2229166666666,-02 35 54,-2.5983333333333336,107.1,21.6,2.4,64.0,Map/Offsets,https://cgi.minorplanetcenter.net/cgi-bin/confirmeph2.cgi
20260528T084821Z,2026-05-28T08:48:21.628339Z,20260528T084821Z_batch01,P12nfw2,2026-05-29T04:00:00Z,21 13 02.1,318.25875,-02 34 51,-2.580833333333333,107.1,21.6,2.4,64.0,Map/Offsets,https://cgi.minorplanetcenter.net/cgi-bin/confirmeph2.cgi
20260528T084821Z,2026-05-28T08:48:21.628339Z,20260528T084821Z_batch01,P12nfw2,2026-05-29T05:00:00Z,21 13 10.8,318.29499999999996,-02 33 48,-2.563333333333333,107.1,21.6,2.4,64.0,Map/Offsets,https://cgi.minorplanetcenter.net/cgi-bin/confirmeph2.cgi
20260528T084821Z,2026-05-28T08:48:21.628339Z,20260528T084821Z_batch01,P12nfw2,2026-05-29T06:00:00Z,21 13 19.4,318.3308333333333,-02 32 44,-2.5455555555555556,107.1,21.6,2.4,64.0,Map/Offsets,https://cgi.minorplanetcenter.net/cgi-bin/confirmeph2.cgi
20260528T084821Z,2026-05-28T08:48:21.628339Z,20260528T084821Z_batch01,P12nfw2,2026-05-29T07:00:00Z,21 13 28.1,318.3670833333333,-02 31 41,-2.5280555555555555,107.1,21.6,2.4,63.9,Map/Offsets,https://cgi.minorplanetcenter.net/cgi-bin/confirmeph2.cgi
20260528T084821Z,2026-05-28T08:48:21.628339Z,20260528T084821Z_batch01,NAOCLYL,2026-05-28T07:00:00Z,15 54 32.3,238.63458333333335,-17 40 10,-17.669444444444444,173.1,21.8,2.33,3.7,Map/Offsets,https://cgi.minorplanetcenter.net/cgi-bin/confirmeph2.cgi
20260528T084821Z,2026-05-28T08:48:21.628339Z,20260528T084821Z_batch01,NAOCLYL,2026-05-28T08:00:00Z,15 54 33.0,238.63750000000002,-17 37 51,-17.630833333333335,173.1,21.8,2.33,3.8,Map/Offsets,https://cgi.minorplanetcenter.net/cgi-bin/confirmeph2.cgi
20260528T084821Z,2026-05-28T08:48:21.628339Z,20260528T084821Z_batch01,NAOCLYL,2026-05-28T09:00:00Z,15 54 33.6,238.64000000000001,-17 35 32,-17.592222222222222,173.0,21.8,2.32,3.8,Map/Offsets,https://cgi.minorplanetcenter.net/cgi-bin/confirmeph2.cgi
20260528T084821Z,2026-05-28T08:48:21.628339Z,20260528T084821Z_batch01,NAOCLYL,2026-05-28T10:00:00Z,15 54 34.2,238.64249999999998,-17 33 12,-17.553333333333335,172.9,21.8,2.32,3.8,Map/Offsets,https://cgi.minorplanetcenter.net/cgi-bin/confirmeph2.cgi
20260528T084821Z,2026-05-28T08:48:21.628339Z,20260528T084821Z_batch01,NAOCLYL,2026-05-28T11:00:00Z,15 54 34.9,238.64541666666665,-17 30 54,-17.515,172.9,21.8,2.32,3.8,Map/Offsets,https://cgi.minorplanetcenter.net/cgi-bin/confirmeph2.cgi
20260528T084821Z,2026-05-28T08:48:21.628339Z,20260528T084821Z_batch01,NAOCLYL,2026-05-28T12:00:00Z,15 54 35.5,238.64791666666667,-17 28 35,-17.476388888888888,172.8,21.8,2.32,3.8,Map/Offsets,https://cgi.minorplanetcenter.net/cgi-bin/confirmeph2.cgi
20260528T084821Z,2026-05-28T08:48:21.628339Z,20260528T084821Z_batch01,NAOCLYL,2026-05-28T13:00:00Z,15 54 36.2,238.65083333333334,-17 26 16,-17.43777777777778,172.8,21.8,2.31,3.8,Map/Offsets,https://cgi.minorplanetcenter.net/cgi-bin/confirmeph2.cgi
20260528T084821Z,2026-05-28T08:48:21.628339Z,20260528T084821Z_batch01,NAOCLYL,2026-05-28T14:00:00Z,15 54 36.8,238.65333333333334,-17 23 58,-17.399444444444445,172.7,21.8,2.31,3.8,Map/Offsets,https://cgi.minorplanetcenter.net/cgi-bin/confirmeph2.cgi
20260528T084821Z,2026-05-28T08:48:21.628339Z,20260528T084821Z_batch01,NAOCLYL,2026-05-28T15:00:00Z,15 54 37.4,238.65583333333333,-17 21 39,-17.360833333333336,172.7,21.9,2.31,3.8,Map/Offsets,https://cgi.minorplanetcenter.net/cgi-bin/confirmeph2.cgi
20260528T084821Z,2026-05-28T08:48:21.628339Z,20260528T084821Z_batch01,NAOCLYL,2026-05-28T16:00:00Z,15 54 38.1,238.65875,-17 19 21,-17.322499999999998,172.6,21.9,2.31,3.8,Map/Offsets,https://cgi.minorplanetcenter.net/cgi-bin/confirmeph2.cgi
20260528T084821Z,2026-05-28T08:48:21.628339Z,20260528T084821Z_batch01,NAOCLYL,2026-05-28T17:00:00Z,15 54 38.7,238.66125,-17 17 03,-17.284166666666668,172.5,21.9,2.31,3.8,Map/Offsets,https://cgi.minorplanetcenter.net/cgi-bin/confirmeph2.cgi
20260528T084821Z,2026-05-28T08:48:21.628339Z,20260528T084821Z_batch01,NAOCLYL,2026-05-28T18:00:00Z,15 54 39.3,238.66375,-17 14 45,-17.245833333333334,172.5,21.9,2.3,3.8,Map/Offsets,https://cgi.minorplanetcenter.net/cgi-bin/confirmeph2.cgi
20260528T084821Z,2026-05-28T08:48:21.628339Z,20260528T084821Z_batch01,NAOCLYL,2026-05-28T19:00:00Z,15 54 40.0,238.66666666666669,-17 12 27,-17.2075,172.4,21.9,2.3,3.8,Map/Offsets,https://cgi.minorplanetcenter.net/cgi-bin/confirmeph2.cgi
20260528T084821Z,2026-05-28T08:48:21.628339Z,20260528T084821Z_batch01,NAOCLYL,2026-05-28T20:00:00Z,15 54 40.6,238.66916666666668,-17 10 09,-17.16916666666667,172.4,21.9,2.3,3.8,Map/Offsets,https://cgi.minorplanetcenter.net/cgi-bin/confirmeph2.cgi
20260528T084821Z,2026-05-28T08:48:21.628339Z,20260528T084821Z_batch01,NAOCLYL,2026-05-28T21:00:00Z,15 54 41.3,238.67208333333335,-17 07 52,-17.13111111111111,172.3,21.9,2.3,3.8,Map/Offsets,https://cgi.minorplanetcenter.net/cgi-bin/confirmeph2.cgi
20260528T084821Z,2026-05-28T08:48:21.628339Z,20260528T084821Z_batch01,NAOCLYL,2026-05-28T22:00:00Z,15 54 41.9,238.67458333333335,-17 05 34,-17.092777777777776,172.3,21.9,2.3,3.8,Map/Offsets,https://cgi.minorplanetcenter.net/cgi-bin/confirmeph2.cgi
20260528T084821Z,2026-05-28T08:48:21.628339Z,20260528T084821Z_batch01,NAOCLYL,2026-05-28T23:00:00Z,15 54 42.6,238.6775,-17 03 17,-17.054722222222225,172.2,21.9,2.29,3.8,Map/Offsets,https://cgi.minorplanetcenter.net/cgi-bin/confirmeph2.cgi
20260528T084821Z,2026-05-28T08:48:21.628339Z,20260528T084821Z_batch01,NAOCLYL,2026-05-29T00:00:00Z,15 54 43.2,238.68,-17 00 59,-17.01638888888889,172.2,21.9,2.29,3.8,Map/Offsets,https://cgi.minorplanetcenter.net/cgi-bin/confirmeph2.cgi
20260528T084821Z,2026-05-28T08:48:21.628339Z,20260528T084821Z_batch01,NAOCLYL,2026-05-29T01:00:00Z,15 54 43.8,238.6825,-16 58 42,-16.97833333333333,172.1,21.9,2.29,3.8,Map/Offsets,https://cgi.minorplanetcenter.net/cgi-bin/confirmeph2.cgi
20260528T084821Z,2026-05-28T08:48:21.628339Z,20260528T084821Z_batch01,NAOCLYL,2026-05-29T02:00:00Z,15 54 44.5,238.68541666666667,-16 56 25,-16.940277777777776,172.0,21.9,2.29,3.8,Map/Offsets,https://cgi.minorplanetcenter.net/cgi-bin/confirmeph2.cgi
20260528T084821Z,2026-05-28T08:48:21.628339Z,20260528T084821Z_batch01,NAOCLYL,2026-05-29T03:00:00Z,15 54 45.1,238.6879166666667,-16 54 09,-16.9025,172.0,21.9,2.28,3.9,Map/Offsets,https://cgi.minorplanetcenter.net/cgi-bin/confirmeph2.cgi
20260528T084821Z,2026-05-28T08:48:21.628339Z,20260528T084821Z_batch01,NAOCLYL,2026-05-29T04:00:00Z,15 54 45.8,238.69083333333336,-16 51 52,-16.864444444444445,171.9,21.9,2.28,3.9,Map/Offsets,https://cgi.minorplanetcenter.net/cgi-bin/confirmeph2.cgi
20260528T084821Z,2026-05-28T08:48:21.628339Z,20260528T084821Z_batch01,NAOCLYL,2026-05-29T05:00:00Z,15 54 46.4,238.69333333333333,-16 49 35,-16.82638888888889,171.9,21.9,2.28,3.9,Map/Offsets,https://cgi.minorplanetcenter.net/cgi-bin/confirmeph2.cgi
20260528T084821Z,2026-05-28T08:48:21.628339Z,20260528T084821Z_batch01,NAOCLYL,2026-05-29T06:00:00Z,15 54 47.0,238.69583333333333,-16 47 19,-16.788611111111113,171.8,21.9,2.28,3.9,Map/Offsets,https://cgi.minorplanetcenter.net/cgi-bin/confirmeph2.cgi
20260528T084821Z,2026-05-28T08:48:21.628339Z,20260528T084821Z_batch01,NAOCLYL,2026-05-29T07:00:00Z,15 54 47.7,238.69875,-16 45 03,-16.750833333333333,171.8,21.9,2.28,3.9,Map/Offsets,https://cgi.minorplanetcenter.net/cgi-bin/confirmeph2.cgi
20260528T084821Z,2026-05-28T08:48:21.628339Z,20260528T084821Z_batch01,A11CQzo,2026-05-28T07:00:00Z,22 14 32.2,333.6341666666667,-16 20 18,-16.33833333333333,96.9,21.9,7.94,79.7,Map/Offsets   !!,https://cgi.minorplanetcenter.net/cgi-bin/confirmeph2.cgi
20260528T084821Z,2026-05-28T08:48:21.628339Z,20260528T084821Z_batch01,A11CQzo,2026-05-28T08:00:00Z,22 15 04.4,333.7683333333333,-16 18 54,-16.315,96.8,21.9,7.78,79.7,Map/Offsets   !!,https://cgi.minorplanetcenter.net/cgi-bin/confirmeph2.cgi
20260528T084821Z,2026-05-28T08:48:21.628339Z,20260528T084821Z_batch01,A11CQzo,2026-05-28T09:00:00Z,22 15 36.0,333.90000000000003,-16 17 31,-16.291944444444447,96.7,21.9,7.62,79.6,Map/Offsets   !!,https://cgi.minorplanetcenter.net/cgi-bin/confirmeph2.cgi
20260528T084821Z,2026-05-28T08:48:21.628339Z,20260528T084821Z_batch01,A11CQzo,2026-05-28T10:00:00Z,22 16 06.9,334.02875,-16 16 09,-16.269166666666667,96.7,21.9,7.47,79.6,Map/Offsets   !!,https://cgi.minorplanetcenter.net/cgi-bin/confirmeph2.cgi
20260528T084821Z,2026-05-28T08:48:21.628339Z,20260528T084821Z_batch01,A11CQzo,2026-05-28T11:00:00Z,22 16 37.2,334.155,-16 14 49,-16.246944444444445,96.6,22.0,7.32,79.5,Map/Offsets   !!,https://cgi.minorplanetcenter.net/cgi-bin/confirmeph2.cgi
20260528T084821Z,2026-05-28T08:48:21.628339Z,20260528T084821Z_batch01,A11CQzo,2026-05-28T12:00:00Z,22 17 06.9,334.27875,-16 13 30,-16.224999999999998,96.5,22.0,7.17,79.5,Map/Offsets   !!,https://cgi.minorplanetcenter.net/cgi-bin/confirmeph2.cgi
20260528T084821Z,2026-05-28T08:48:21.628339Z,20260528T084821Z_batch01,A11CQzo,2026-05-28T13:00:00Z,22 17 36.0,334.40000000000003,-16 12 12,-16.203333333333333,96.4,22.0,7.03,79.5,Map/Offsets   !!,https://cgi.minorplanetcenter.net/cgi-bin/confirmeph2.cgi
20260528T084821Z,2026-05-28T08:48:21.628339Z,20260528T084821Z_batch01,A11CQzo,2026-05-28T14:00:00Z,22 18 04.5,334.51875,-16 10 55,-16.181944444444447,96.3,22.0,6.9,79.4,Map/Offsets   !!,https://cgi.minorplanetcenter.net/cgi-bin/confirmeph2.cgi
20260528T084821Z,2026-05-28T08:48:21.628339Z,20260528T084821Z_batch01,A11CQzo,2026-05-28T15:00:00Z,22 18 32.5,334.6354166666667,-16 09 40,-16.16111111111111,96.3,22.0,6.76,79.4,Map/Offsets   !!,https://cgi.minorplanetcenter.net/cgi-bin/confirmeph2.cgi
20260528T084821Z,2026-05-28T08:48:21.628339Z,20260528T084821Z_batch01,A11CQzo,2026-05-28T16:00:00Z,22 18 59.9,334.74958333333336,-16 08 26,-16.140555555555554,96.2,22.1,6.63,79.4,Map/Offsets   !!,https://cgi.minorplanetcenter.net/cgi-bin/confirmeph2.cgi
20260528T084821Z,2026-05-28T08:48:21.628339Z,20260528T084821Z_batch01,A11CQzo,2026-05-28T17:00:00Z,22 19 26.8,334.8616666666667,-16 07 13,-16.12027777777778,96.1,22.1,6.51,79.3,Map/Offsets   !!,https://cgi.minorplanetcenter.net/cgi-bin/confirmeph2.cgi
20260528T084821Z,2026-05-28T08:48:21.628339Z,20260528T084821Z_batch01,A11CQzo,2026-05-28T18:00:00Z,22 19 53.1,334.97125,-16 06 01,-16.10027777777778,96.1,22.1,6.39,79.3,Map/Offsets   !!,https://cgi.minorplanetcenter.net/cgi-bin/confirmeph2.cgi
20260528T084821Z,2026-05-28T08:48:21.628339Z,20260528T084821Z_batch01,A11CQzo,2026-05-28T19:00:00Z,22 20 19.0,335.07916666666665,-16 04 51,-16.080833333333334,96.0,22.1,6.27,79.3,Map/Offsets   !!,https://cgi.minorplanetcenter.net/cgi-bin/confirmeph2.cgi
20260528T084821Z,2026-05-28T08:48:21.628339Z,20260528T084821Z_batch01,A11CQzo,2026-05-28T20:00:00Z,22 20 44.4,335.185,-16 03 41,-16.06138888888889,95.9,22.2,6.15,79.2,Map/Offsets   !!,https://cgi.minorplanetcenter.net/cgi-bin/confirmeph2.cgi
20260528T084821Z,2026-05-28T08:48:21.628339Z,20260528T084821Z_batch01,A11CQzo,2026-05-28T21:00:00Z,22 21 09.3,335.28875000000005,-16 02 33,-16.0425,95.9,22.2,6.04,79.2,Map/Offsets   !!,https://cgi.minorplanetcenter.net/cgi-bin/confirmeph2.cgi
20260528T084821Z,2026-05-28T08:48:21.628339Z,20260528T084821Z_batch01,A11CQzo,2026-05-28T22:00:00Z,22 21 33.8,335.3908333333334,-16 01 26,-16.023888888888887,95.8,22.2,5.93,79.2,Map/Offsets   !!,https://cgi.minorplanetcenter.net/cgi-bin/confirmeph2.cgi
20260528T084821Z,2026-05-28T08:48:21.628339Z,20260528T084821Z_batch01,A11CQzo,2026-05-28T23:00:00Z,22 21 57.8,335.4908333333334,-16 00 19,-16.005277777777778,95.8,22.2,5.83,79.1,Map/Offsets   !!,https://cgi.minorplanetcenter.net/cgi-bin/confirmeph2.cgi
20260528T084821Z,2026-05-28T08:48:21.628339Z,20260528T084821Z_batch01,A11CQzo,2026-05-29T00:00:00Z,22 22 21.4,335.5891666666667,-15 59 14,-15.987222222222222,95.7,22.3,5.72,79.1,Map/Offsets   !!,https://cgi.minorplanetcenter.net/cgi-bin/confirmeph2.cgi
20260528T084821Z,2026-05-28T08:48:21.628339Z,20260528T084821Z_batch01,A11CQzo,2026-05-29T01:00:00Z,22 22 44.6,335.68583333333333,-15 58 10,-15.969444444444445,95.7,22.3,5.62,79.1,Map/Offsets   !!,https://cgi.minorplanetcenter.net/cgi-bin/confirmeph2.cgi
20260528T084821Z,2026-05-28T08:48:21.628339Z,20260528T084821Z_batch01,A11CQzo,2026-05-29T02:00:00Z,22 23 07.4,335.7808333333333,-15 57 06,-15.951666666666666,95.6,22.3,5.52,79.1,Map/Offsets   !!,https://cgi.minorplanetcenter.net/cgi-bin/confirmeph2.cgi
20260528T084821Z,2026-05-28T08:48:21.628339Z,20260528T084821Z_batch01,A11CQzo,2026-05-29T03:00:00Z,22 23 29.7,335.87375,-15 56 04,-15.934444444444445,95.6,22.3,5.43,79.0,Map/Offsets   !!,https://cgi.minorplanetcenter.net/cgi-bin/confirmeph2.cgi
20260528T084821Z,2026-05-28T08:48:21.628339Z,20260528T084821Z_batch01,A11CQzo,2026-05-29T04:00:00Z,22 23 51.7,335.96541666666667,-15 55 02,-15.917222222222222,95.5,22.3,5.34,79.0,Map/Offsets   !!,https://cgi.minorplanetcenter.net/cgi-bin/confirmeph2.cgi
20260528T084821Z,2026-05-28T08:48:21.628339Z,20260528T084821Z_batch01,A11CQzo,2026-05-29T05:00:00Z,22 24 13.3,336.05541666666664,-15 54 02,-15.900555555555556,95.5,22.4,5.24,79.0,Map/Offsets   !!,https://cgi.minorplanetcenter.net/cgi-bin/confirmeph2.cgi
20260528T084821Z,2026-05-28T08:48:21.628339Z,20260528T084821Z_batch01,A11CQzo,2026-05-29T06:00:00Z,22 24 34.5,336.14374999999995,-15 53 02,-15.883888888888889,95.4,22.4,5.16,79.0,Map/Offsets   !!,https://cgi.minorplanetcenter.net/cgi-bin/confirmeph2.cgi
20260528T084821Z,2026-05-28T08:48:21.628339Z,20260528T084821Z_batch01,A11CQzo,2026-05-29T07:00:00Z,22 24 55.4,336.2308333333333,-15 52 03,-15.8675,95.4,22.4,5.07,78.9,Map/Offsets   !!,https://cgi.minorplanetcenter.net/cgi-bin/confirmeph2.cgi
20260528T084821Z,2026-05-28T08:48:21.628339Z,20260528T084821Z_batch01,oKr0080,2026-05-28T07:00:00Z,23 29 41.6,352.42333333333335,+18 36 19,18.60527777777778,67.4,20.4,0.13,59.0,Map/Offsets,https://cgi.minorplanetcenter.net/cgi-bin/confirmeph2.cgi
20260528T084821Z,2026-05-28T08:48:21.628339Z,20260528T084821Z_batch01,oKr0080,2026-05-28T08:00:00Z,23 29 42.0,352.425,+18 36 23,18.60638888888889,67.4,20.4,0.13,58.9,Map/Offsets,https://cgi.minorplanetcenter.net/cgi-bin/confirmeph2.cgi
20260528T084821Z,2026-05-28T08:48:21.628339Z,20260528T084821Z_batch01,oKr0080,2026-05-28T09:00:00Z,23 29 42.5,352.4270833333333,+18 36 27,18.6075,67.5,20.4,0.13,58.9,Map/Offsets,https://cgi.minorplanetcenter.net/cgi-bin/confirmeph2.cgi
20260528T084821Z,2026-05-28T08:48:21.628339Z,20260528T084821Z_batch01,oKr0080,2026-05-28T10:00:00Z,23 29 43.0,352.4291666666667,+18 36 31,18.608611111111113,67.5,20.4,0.13,58.8,Map/Offsets,https://cgi.minorplanetcenter.net/cgi-bin/confirmeph2.cgi
20260528T084821Z,2026-05-28T08:48:21.628339Z,20260528T084821Z_batch01,oKr0080,2026-05-28T11:00:00Z,23 29 43.4,352.43083333333334,+18 36 35,18.609722222222224,67.6,20.4,0.12,58.7,Map/Offsets,https://cgi.minorplanetcenter.net/cgi-bin/confirmeph2.cgi
20260528T084821Z,2026-05-28T08:48:21.628339Z,20260528T084821Z_batch01,oKr0080,2026-05-28T12:00:00Z,23 29 43.9,352.43291666666664,+18 36 39,18.610833333333336,67.6,20.4,0.12,58.7,Map/Offsets,https://cgi.minorplanetcenter.net/cgi-bin/confirmeph2.cgi
20260528T084821Z,2026-05-28T08:48:21.628339Z,20260528T084821Z_batch01,oKr0080,2026-05-28T13:00:00Z,23 29 44.3,352.43458333333336,+18 36 43,18.611944444444447,67.6,20.4,0.12,58.6,Map/Offsets,https://cgi.minorplanetcenter.net/cgi-bin/confirmeph2.cgi
20260528T084821Z,2026-05-28T08:48:21.628339Z,20260528T084821Z_batch01,oKr0080,2026-05-28T14:00:00Z,23 29 44.7,352.43625000000003,+18 36 47,18.613055555555558,67.7,20.4,0.12,58.5,Map/Offsets,https://cgi.minorplanetcenter.net/cgi-bin/confirmeph2.cgi
20260528T084821Z,2026-05-28T08:48:21.628339Z,20260528T084821Z_batch01,oKr0080,2026-05-28T15:00:00Z,23 29 45.2,352.43833333333333,+18 36 50,18.61388888888889,67.7,20.4,0.12,58.5,Map/Offsets,https://cgi.minorplanetcenter.net/cgi-bin/confirmeph2.cgi
20260528T084821Z,2026-05-28T08:48:21.628339Z,20260528T084821Z_batch01,oKr0080,2026-05-28T16:00:00Z,23 29 45.6,352.44000000000005,+18 36 54,18.615000000000002,67.7,20.4,0.12,58.4,Map/Offsets,https://cgi.minorplanetcenter.net/cgi-bin/confirmeph2.cgi
20260528T084821Z,2026-05-28T08:48:21.628339Z,20260528T084821Z_batch01,oKr0080,2026-05-28T17:00:00Z,23 29 46.1,352.44208333333336,+18 36 58,18.616111111111113,67.8,20.4,0.12,58.3,Map/Offsets,https://cgi.minorplanetcenter.net/cgi-bin/confirmeph2.cgi
20260528T084821Z,2026-05-28T08:48:21.628339Z,20260528T084821Z_batch01,oKr0080,2026-05-28T18:00:00Z,23 29 46.5,352.44375,+18 37 02,18.61722222222222,67.8,20.4,0.12,58.3,Map/Offsets,https://cgi.minorplanetcenter.net/cgi-bin/confirmeph2.cgi
20260528T084821Z,2026-05-28T08:48:21.628339Z,20260528T084821Z_batch01,oKr0080,2026-05-28T19:00:00Z,23 29 46.9,352.4454166666667,+18 37 06,18.618333333333332,67.8,20.4,0.12,58.2,Map/Offsets,https://cgi.minorplanetcenter.net/cgi-bin/confirmeph2.cgi
20260528T084821Z,2026-05-28T08:48:21.628339Z,20260528T084821Z_batch01,oKr0080,2026-05-28T20:00:00Z,23 29 47.4,352.4475,+18 37 10,18.619444444444444,67.9,20.4,0.12,58.1,Map/Offsets,https://cgi.minorplanetcenter.net/cgi-bin/confirmeph2.cgi
20260528T084821Z,2026-05-28T08:48:21.628339Z,20260528T084821Z_batch01,oKr0080,2026-05-28T21:00:00Z,23 29 47.8,352.44916666666666,+18 37 13,18.62027777777778,67.9,20.4,0.12,58.1,Map/Offsets,https://cgi.minorplanetcenter.net/cgi-bin/confirmeph2.cgi
20260528T084821Z,2026-05-28T08:48:21.628339Z,20260528T084821Z_batch01,oKr0080,2026-05-28T22:00:00Z,23 29 48.2,352.4508333333334,+18 37 17,18.62138888888889,67.9,20.4,0.12,58.0,Map/Offsets,https://cgi.minorplanetcenter.net/cgi-bin/confirmeph2.cgi
20260528T084821Z,2026-05-28T08:48:21.628339Z,20260528T084821Z_batch01,oKr0080,2026-05-28T23:00:00Z,23 29 48.7,352.4529166666667,+18 37 21,18.6225,68.0,20.4,0.12,57.9,Map/Offsets,https://cgi.minorplanetcenter.net/cgi-bin/confirmeph2.cgi
20260528T084821Z,2026-05-28T08:48:21.628339Z,20260528T084821Z_batch01,oKr0080,2026-05-29T00:00:00Z,23 29 49.1,352.45458333333335,+18 37 25,18.62361111111111,68.0,20.4,0.12,57.8,Map/Offsets,https://cgi.minorplanetcenter.net/cgi-bin/confirmeph2.cgi
20260528T084821Z,2026-05-28T08:48:21.628339Z,20260528T084821Z_batch01,oKr0080,2026-05-29T01:00:00Z,23 29 49.5,352.45625000000007,+18 37 29,18.62472222222222,68.0,20.4,0.12,57.8,Map/Offsets,https://cgi.minorplanetcenter.net/cgi-bin/confirmeph2.cgi
20260528T084821Z,2026-05-28T08:48:21.628339Z,20260528T084821Z_batch01,oKr0080,2026-05-29T02:00:00Z,23 29 49.9,352.4579166666667,+18 37 32,18.625555555555557,68.1,20.4,0.12,57.7,Map/Offsets,https://cgi.minorplanetcenter.net/cgi-bin/confirmeph2.cgi
20260528T084821Z,2026-05-28T08:48:21.628339Z,20260528T084821Z_batch01,oKr0080,2026-05-29T03:00:00Z,23 29 50.3,352.45958333333334,+18 37 36,18.62666666666667,68.1,20.4,0.12,57.6,Map/Offsets,https://cgi.minorplanetcenter.net/cgi-bin/confirmeph2.cgi
20260528T084821Z,2026-05-28T08:48:21.628339Z,20260528T084821Z_batch01,oKr0080,2026-05-29T04:00:00Z,23 29 50.7,352.46125,+18 37 40,18.62777777777778,68.2,20.4,0.12,57.5,Map/Offsets,https://cgi.minorplanetcenter.net/cgi-bin/confirmeph2.cgi
20260528T084821Z,2026-05-28T08:48:21.628339Z,20260528T084821Z_batch01,oKr0080,2026-05-29T05:00:00Z,23 29 51.2,352.46333333333337,+18 37 43,18.628611111111113,68.2,20.4,0.12,57.5,Map/Offsets,https://cgi.minorplanetcenter.net/cgi-bin/confirmeph2.cgi
20260528T084821Z,2026-05-28T08:48:21.628339Z,20260528T084821Z_batch01,oKr0080,2026-05-29T06:00:00Z,23 29 51.6,352.46500000000003,+18 37 47,18.629722222222224,68.2,20.4,0.11,57.4,Map/Offsets,https://cgi.minorplanetcenter.net/cgi-bin/confirmeph2.cgi
20260528T084821Z,2026-05-28T08:48:21.628339Z,20260528T084821Z_batch01,oKr0080,2026-05-29T07:00:00Z,23 29 52.0,352.46666666666664,+18 37 51,18.630833333333335,68.3,20.4,0.11,57.3,Map/Offsets,https://cgi.minorplanetcenter.net/cgi-bin/confirmeph2.cgi
20260528T084821Z,2026-05-28T08:48:21.628339Z,20260528T084821Z_batch01,C1F1535,2026-05-28T07:00:00Z,16 45 28.7,251.3695833333333,+07 03 10,7.052777777777778,150.8,22.3,0.7,359.8,Map/Offsets,https://cgi.minorplanetcenter.net/cgi-bin/confirmeph2.cgi
20260528T084821Z,2026-05-28T08:48:21.628339Z,20260528T084821Z_batch01,C1F1535,2026-05-28T08:00:00Z,16 45 28.7,251.3695833333333,+07 03 52,7.064444444444444,150.8,22.3,0.7,359.8,Map/Offsets,https://cgi.minorplanetcenter.net/cgi-bin/confirmeph2.cgi
20260528T084821Z,2026-05-28T08:48:21.628339Z,20260528T084821Z_batch01,C1F1535,2026-05-28T09:00:00Z,16 45 28.7,251.3695833333333,+07 04 34,7.076111111111111,150.8,22.3,0.7,359.8,Map/Offsets,https://cgi.minorplanetcenter.net/cgi-bin/confirmeph2.cgi
20260528T084821Z,2026-05-28T08:48:21.628339Z,20260528T084821Z_batch01,C1F1535,2026-05-28T10:00:00Z,16 45 28.7,251.3695833333333,+07 05 16,7.087777777777777,150.8,22.3,0.7,359.8,Map/Offsets,https://cgi.minorplanetcenter.net/cgi-bin/confirmeph2.cgi
20260528T084821Z,2026-05-28T08:48:21.628339Z,20260528T084821Z_batch01,C1F1535,2026-05-28T11:00:00Z,16 45 28.7,251.3695833333333,+07 05 58,7.099444444444444,150.8,22.3,0.7,359.7,Map/Offsets,https://cgi.minorplanetcenter.net/cgi-bin/confirmeph2.cgi
20260528T084821Z,2026-05-28T08:48:21.628339Z,20260528T084821Z_batch01,C1F1535,2026-05-28T12:00:00Z,16 45 28.7,251.3695833333333,+07 06 41,7.1113888888888885,150.8,22.3,0.7,359.7,Map/Offsets,https://cgi.minorplanetcenter.net/cgi-bin/confirmeph2.cgi
20260528T084821Z,2026-05-28T08:48:21.628339Z,20260528T084821Z_batch01,C1F1535,2026-05-28T13:00:00Z,16 45 28.7,251.3695833333333,+07 07 23,7.123055555555555,150.8,22.3,0.7,359.7,Map/Offsets,https://cgi.minorplanetcenter.net/cgi-bin/confirmeph2.cgi
20260528T084821Z,2026-05-28T08:48:21.628339Z,20260528T084821Z_batch01,C1F1535,2026-05-28T14:00:00Z,16 45 28.7,251.3695833333333,+07 08 05,7.134722222222223,150.7,22.3,0.7,359.7,Map/Offsets,https://cgi.minorplanetcenter.net/cgi-bin/confirmeph2.cgi
20260528T084821Z,2026-05-28T08:48:21.628339Z,20260528T084821Z_batch01,C1F1535,2026-05-28T15:00:00Z,16 45 28.6,251.36916666666667,+07 08 47,7.14638888888889,150.7,22.3,0.7,359.6,Map/Offsets,https://cgi.minorplanetcenter.net/cgi-bin/confirmeph2.cgi
20260528T084821Z,2026-05-28T08:48:21.628339Z,20260528T084821Z_batch01,C1F1535,2026-05-28T16:00:00Z,16 45 28.6,251.36916666666667,+07 09 29,7.158055555555556,150.7,22.3,0.7,359.6,Map/Offsets,https://cgi.minorplanetcenter.net/cgi-bin/confirmeph2.cgi
20260528T084821Z,2026-05-28T08:48:21.628339Z,20260528T084821Z_batch01,C1F1535,2026-05-28T17:00:00Z,16 45 28.6,251.36916666666667,+07 10 11,7.169722222222222,150.7,22.3,0.7,359.6,Map/Offsets,https://cgi.minorplanetcenter.net/cgi-bin/confirmeph2.cgi
20260528T084821Z,2026-05-28T08:48:21.628339Z,20260528T084821Z_batch01,C1F1535,2026-05-28T18:00:00Z,16 45 28.6,251.36916666666667,+07 10 54,7.181666666666667,150.7,22.3,0.7,359.6,Map/Offsets,https://cgi.minorplanetcenter.net/cgi-bin/confirmeph2.cgi
20260528T084821Z,2026-05-28T08:48:21.628339Z,20260528T084821Z_batch01,C1F1535,2026-05-28T19:00:00Z,16 45 28.6,251.36916666666667,+07 11 36,7.193333333333333,150.7,22.3,0.7,359.5,Map/Offsets,https://cgi.minorplanetcenter.net/cgi-bin/confirmeph2.cgi
20260528T084821Z,2026-05-28T08:48:21.628339Z,20260528T084821Z_batch01,C1F1535,2026-05-28T20:00:00Z,16 45 28.5,251.36875,+07 12 18,7.205,150.7,22.3,0.7,359.5,Map/Offsets,https://cgi.minorplanetcenter.net/cgi-bin/confirmeph2.cgi
20260528T084821Z,2026-05-28T08:48:21.628339Z,20260528T084821Z_batch01,C1F1535,2026-05-28T21:00:00Z,16 45 28.5,251.36875,+07 13 00,7.216666666666667,150.7,22.3,0.7,359.5,Map/Offsets,https://cgi.minorplanetcenter.net/cgi-bin/confirmeph2.cgi
20260528T084821Z,2026-05-28T08:48:21.628339Z,20260528T084821Z_batch01,C1F1535,2026-05-28T22:00:00Z,16 45 28.5,251.36875,+07 13 42,7.2283333333333335,150.7,22.3,0.7,359.5,Map/Offsets,https://cgi.minorplanetcenter.net/cgi-bin/confirmeph2.cgi
20260528T084821Z,2026-05-28T08:48:21.628339Z,20260528T084821Z_batch01,C1F1535,2026-05-28T23:00:00Z,16 45 28.5,251.36875,+07 14 24,7.24,150.7,22.3,0.7,359.4,Map/Offsets,https://cgi.minorplanetcenter.net/cgi-bin/confirmeph2.cgi
20260528T084821Z,2026-05-28T08:48:21.628339Z,20260528T084821Z_batch01,C1F1535,2026-05-29T00:00:00Z,16 45 28.4,251.36833333333334,+07 15 07,7.251944444444445,150.7,22.3,0.7,359.4,Map/Offsets,https://cgi.minorplanetcenter.net/cgi-bin/confirmeph2.cgi
20260528T084821Z,2026-05-28T08:48:21.628339Z,20260528T084821Z_batch01,C1F1535,2026-05-29T01:00:00Z,16 45 28.4,251.36833333333334,+07 15 49,7.2636111111111115,150.6,22.3,0.7,359.4,Map/Offsets,https://cgi.minorplanetcenter.net/cgi-bin/confirmeph2.cgi
20260528T084821Z,2026-05-28T08:48:21.628339Z,20260528T084821Z_batch01,C1F1535,2026-05-29T02:00:00Z,16 45 28.4,251.36833333333334,+07 16 31,7.275277777777777,150.6,22.3,0.7,359.4,Map/Offsets,https://cgi.minorplanetcenter.net/cgi-bin/confirmeph2.cgi
20260528T084821Z,2026-05-28T08:48:21.628339Z,20260528T084821Z_batch01,C1F1535,2026-05-29T03:00:00Z,16 45 28.3,251.36791666666667,+07 17 13,7.286944444444444,150.6,22.3,0.7,359.4,Map/Offsets,https://cgi.minorplanetcenter.net/cgi-bin/confirmeph2.cgi
20260528T084821Z,2026-05-28T08:48:21.628339Z,20260528T084821Z_batch01,C1F1535,2026-05-29T04:00:00Z,16 45 28.3,251.36791666666667,+07 17 55,7.298611111111111,150.6,22.3,0.7,359.3,Map/Offsets,https://cgi.minorplanetcenter.net/cgi-bin/confirmeph2.cgi
20260528T084821Z,2026-05-28T08:48:21.628339Z,20260528T084821Z_batch01,C1F1535,2026-05-29T05:00:00Z,16 45 28.3,251.36791666666667,+07 18 38,7.310555555555555,150.6,22.3,0.7,359.3,Map/Offsets,https://cgi.minorplanetcenter.net/cgi-bin/confirmeph2.cgi
20260528T084821Z,2026-05-28T08:48:21.628339Z,20260528T084821Z_batch01,C1F1535,2026-05-29T06:00:00Z,16 45 28.2,251.3675,+07 19 20,7.322222222222222,150.6,22.3,0.7,359.3,Map/Offsets,https://cgi.minorplanetcenter.net/cgi-bin/confirmeph2.cgi
20260528T084821Z,2026-05-28T08:48:21.628339Z,20260528T084821Z_batch01,C1F1535,2026-05-29T07:00:00Z,16 45 28.2,251.3675,+07 20 02,7.333888888888889,150.6,22.3,0.7,359.3,Map/Offsets,https://cgi.minorplanetcenter.net/cgi-bin/confirmeph2.cgi
20260528T084821Z,2026-05-28T08:48:21.628339Z,20260528T084821Z_batch01,6EN3D21,2026-05-28T07:00:00Z,16 09 46.6,242.44416666666663,-80 24 39,-80.41083333333334,121.0,19.0,1.45,229.9,Map/Offsets,https://cgi.minorplanetcenter.net/cgi-bin/confirmeph2.cgi
20260528T084821Z,2026-05-28T08:48:21.628339Z,20260528T084821Z_batch01,6EN3D21,2026-05-28T08:00:00Z,16 09 19.8,242.3325,-80 25 35,-80.4263888888889,121.0,19.0,1.46,230.0,Map/Offsets,https://cgi.minorplanetcenter.net/cgi-bin/confirmeph2.cgi
20260528T084821Z,2026-05-28T08:48:21.628339Z,20260528T084821Z_batch01,6EN3D21,2026-05-28T09:00:00Z,16 08 52.9,242.22041666666667,-80 26 31,-80.44194444444445,121.0,19.0,1.46,230.2,Map/Offsets,https://cgi.minorplanetcenter.net/cgi-bin/confirmeph2.cgi
20260528T084821Z,2026-05-28T08:48:21.628339Z,20260528T084821Z_batch01,6EN3D21,2026-05-28T10:00:00Z,16 08 25.9,242.10791666666665,-80 27 27,-80.4575,121.0,19.0,1.46,230.4,Map/Offsets,https://cgi.minorplanetcenter.net/cgi-bin/confirmeph2.cgi
20260528T084821Z,2026-05-28T08:48:21.628339Z,20260528T084821Z_batch01,6EN3D21,2026-05-28T11:00:00Z,16 07 58.8,241.99499999999998,-80 28 23,-80.47305555555556,121.0,19.0,1.46,230.5,Map/Offsets,https://cgi.minorplanetcenter.net/cgi-bin/confirmeph2.cgi
20260528T084821Z,2026-05-28T08:48:21.628339Z,20260528T084821Z_batch01,6EN3D21,2026-05-28T12:00:00Z,16 07 31.6,241.88166666666666,-80 29 18,-80.48833333333333,120.9,19.0,1.46,230.7,Map/Offsets,https://cgi.minorplanetcenter.net/cgi-bin/confirmeph2.cgi
20260528T084821Z,2026-05-28T08:48:21.628339Z,20260528T084821Z_batch01,6EN3D21,2026-05-28T13:00:00Z,16 07 04.2,241.7675,-80 30 14,-80.5038888888889,120.9,18.9,1.46,230.8,Map/Offsets,https://cgi.minorplanetcenter.net/cgi-bin/confirmeph2.cgi
20260528T084821Z,2026-05-28T08:48:21.628339Z,20260528T084821Z_batch01,6EN3D21,2026-05-28T14:00:00Z,16 06 36.7,241.65291666666667,-80 31 09,-80.51916666666666,120.9,18.9,1.46,231.0,Map/Offsets,https://cgi.minorplanetcenter.net/cgi-bin/confirmeph2.cgi
20260528T084821Z,2026-05-28T08:48:21.628339Z,20260528T084821Z_batch01,6EN3D21,2026-05-28T15:00:00Z,16 06 09.1,241.53791666666672,-80 32 04,-80.53444444444445,120.9,18.9,1.46,231.2,Map/Offsets,https://cgi.minorplanetcenter.net/cgi-bin/confirmeph2.cgi
20260528T084821Z,2026-05-28T08:48:21.628339Z,20260528T084821Z_batch01,6EN3D21,2026-05-28T16:00:00Z,16 05 41.4,241.4225,-80 32 59,-80.54972222222221,120.9,18.9,1.46,231.3,Map/Offsets,https://cgi.minorplanetcenter.net/cgi-bin/confirmeph2.cgi
20260528T084821Z,2026-05-28T08:48:21.628339Z,20260528T084821Z_batch01,6EN3D21,2026-05-28T17:00:00Z,16 05 13.6,241.30666666666664,-80 33 53,-80.56472222222222,120.9,18.9,1.46,231.5,Map/Offsets,https://cgi.minorplanetcenter.net/cgi-bin/confirmeph2.cgi
20260528T084821Z,2026-05-28T08:48:21.628339Z,20260528T084821Z_batch01,6EN3D21,2026-05-28T18:00:00Z,16 04 45.6,241.19000000000003,-80 34 48,-80.58,120.9,18.9,1.46,231.7,Map/Offsets,https://cgi.minorplanetcenter.net/cgi-bin/confirmeph2.cgi
20260528T084821Z,2026-05-28T08:48:21.628339Z,20260528T084821Z_batch01,6EN3D21,2026-05-28T19:00:00Z,16 04 17.5,241.07291666666666,-80 35 42,-80.595,120.9,18.9,1.46,231.8,Map/Offsets,https://cgi.minorplanetcenter.net/cgi-bin/confirmeph2.cgi
20260528T084821Z,2026-05-28T08:48:21.628339Z,20260528T084821Z_batch01,6EN3D21,2026-05-28T20:00:00Z,16 03 49.3,240.95541666666665,-80 36 36,-80.61,120.9,18.9,1.46,232.0,Map/Offsets,https://cgi.minorplanetcenter.net/cgi-bin/confirmeph2.cgi
20260528T084821Z,2026-05-28T08:48:21.628339Z,20260528T084821Z_batch01,6EN3D21,2026-05-28T21:00:00Z,16 03 21.0,240.83749999999998,-80 37 30,-80.625,120.8,18.9,1.46,232.2,Map/Offsets,https://cgi.minorplanetcenter.net/cgi-bin/confirmeph2.cgi
20260528T084821Z,2026-05-28T08:48:21.628339Z,20260528T084821Z_batch01,6EN3D21,2026-05-28T22:00:00Z,16 02 52.5,240.71875000000003,-80 38 24,-80.64,120.8,18.9,1.46,232.3,Map/Offsets,https://cgi.minorplanetcenter.net/cgi-bin/confirmeph2.cgi
20260528T084821Z,2026-05-28T08:48:21.628339Z,20260528T084821Z_batch01,6EN3D21,2026-05-28T23:00:00Z,16 02 23.9,240.59958333333338,-80 39 18,-80.655,120.8,18.9,1.47,232.5,Map/Offsets,https://cgi.minorplanetcenter.net/cgi-bin/confirmeph2.cgi
20260528T084821Z,2026-05-28T08:48:21.628339Z,20260528T084821Z_batch01,6EN3D21,2026-05-29T00:00:00Z,16 01 55.2,240.48,-80 40 11,-80.66972222222223,120.8,18.9,1.47,232.7,Map/Offsets,https://cgi.minorplanetcenter.net/cgi-bin/confirmeph2.cgi
20260528T084821Z,2026-05-28T08:48:21.628339Z,20260528T084821Z_batch01,6EN3D21,2026-05-29T01:00:00Z,16 01 26.4,240.35999999999996,-80 41 04,-80.68444444444445,120.8,18.9,1.47,232.8,Map/Offsets,https://cgi.minorplanetcenter.net/cgi-bin/confirmeph2.cgi
20260528T084821Z,2026-05-28T08:48:21.628339Z,20260528T084821Z_batch01,6EN3D21,2026-05-29T02:00:00Z,16 00 57.5,240.23958333333331,-80 41 57,-80.69916666666667,120.8,18.9,1.47,233.0,Map/Offsets,https://cgi.minorplanetcenter.net/cgi-bin/confirmeph2.cgi
20260528T084821Z,2026-05-28T08:48:21.628339Z,20260528T084821Z_batch01,6EN3D21,2026-05-29T03:00:00Z,16 00 28.4,240.11833333333334,-80 42 50,-80.71388888888889,120.8,18.9,1.47,233.2,Map/Offsets,https://cgi.minorplanetcenter.net/cgi-bin/confirmeph2.cgi
20260528T084821Z,2026-05-28T08:48:21.628339Z,20260528T084821Z_batch01,6EN3D21,2026-05-29T04:00:00Z,15 59 59.2,239.99666666666664,-80 43 43,-80.7286111111111,120.8,18.9,1.47,233.4,Map/Offsets,https://cgi.minorplanetcenter.net/cgi-bin/confirmeph2.cgi
20260528T084821Z,2026-05-28T08:48:21.628339Z,20260528T084821Z_batch01,6EN3D21,2026-05-29T05:00:00Z,15 59 29.9,239.8745833333333,-80 44 35,-80.74305555555556,120.8,18.9,1.47,233.5,Map/Offsets,https://cgi.minorplanetcenter.net/cgi-bin/confirmeph2.cgi
20260528T084821Z,2026-05-28T08:48:21.628339Z,20260528T084821Z_batch01,6EN3D21,2026-05-29T06:00:00Z,15 59 00.4,239.75166666666667,-80 45 28,-80.75777777777778,120.8,18.9,1.47,233.7,Map/Offsets,https://cgi.minorplanetcenter.net/cgi-bin/confirmeph2.cgi
20260528T084821Z,2026-05-28T08:48:21.628339Z,20260528T084821Z_batch01,6EN3D21,2026-05-29T07:00:00Z,15 58 30.8,239.62833333333333,-80 46 20,-80.77222222222223,120.7,18.9,1.47,233.9,Map/Offsets,https://cgi.minorplanetcenter.net/cgi-bin/confirmeph2.cgi
20260528T084821Z,2026-05-28T08:48:21.628339Z,20260528T084821Z_batch01,C1EYPU5,2026-05-28T07:00:00Z,15 53 46.9,238.44541666666666,+03 35 49,3.5969444444444445,154.2,22.9,0.72,65.1,Map/Offsets,https://cgi.minorplanetcenter.net/cgi-bin/confirmeph2.cgi
20260528T084821Z,2026-05-28T08:48:21.628339Z,20260528T084821Z_batch01,C1EYPU5,2026-05-28T08:00:00Z,15 53 49.5,238.45624999999998,+03 36 07,3.6019444444444444,154.2,22.9,0.72,65.2,Map/Offsets,https://cgi.minorplanetcenter.net/cgi-bin/confirmeph2.cgi
20260528T084821Z,2026-05-28T08:48:21.628339Z,20260528T084821Z_batch01,C1EYPU5,2026-05-28T09:00:00Z,15 53 52.1,238.46708333333333,+03 36 25,3.6069444444444447,154.2,22.9,0.72,65.3,Map/Offsets,https://cgi.minorplanetcenter.net/cgi-bin/confirmeph2.cgi
20260528T084821Z,2026-05-28T08:48:21.628339Z,20260528T084821Z_batch01,C1EYPU5,2026-05-28T10:00:00Z,15 53 54.7,238.47791666666666,+03 36 43,3.6119444444444446,154.2,22.9,0.72,65.4,Map/Offsets,https://cgi.minorplanetcenter.net/cgi-bin/confirmeph2.cgi
20260528T084821Z,2026-05-28T08:48:21.628339Z,20260528T084821Z_batch01,C1EYPU5,2026-05-28T11:00:00Z,15 53 57.4,238.48916666666668,+03 37 01,3.6169444444444445,154.2,22.9,0.72,65.5,Map/Offsets,https://cgi.minorplanetcenter.net/cgi-bin/confirmeph2.cgi
20260528T084821Z,2026-05-28T08:48:21.628339Z,20260528T084821Z_batch01,C1EYPU5,2026-05-28T12:00:00Z,15 54 00.0,238.5,+03 37 19,3.6219444444444444,154.1,22.9,0.72,65.6,Map/Offsets,https://cgi.minorplanetcenter.net/cgi-bin/confirmeph2.cgi
20260528T084821Z,2026-05-28T08:48:21.628339Z,20260528T084821Z_batch01,C1EYPU5,2026-05-28T13:00:00Z,15 54 02.6,238.51083333333335,+03 37 37,3.6269444444444443,154.1,22.9,0.72,65.7,Map/Offsets,https://cgi.minorplanetcenter.net/cgi-bin/confirmeph2.cgi
20260528T084821Z,2026-05-28T08:48:21.628339Z,20260528T084821Z_batch01,C1EYPU5,2026-05-28T14:00:00Z,15 54 05.2,238.52166666666668,+03 37 54,3.631666666666667,154.1,22.9,0.72,65.8,Map/Offsets,https://cgi.minorplanetcenter.net/cgi-bin/confirmeph2.cgi
20260528T084821Z,2026-05-28T08:48:21.628339Z,20260528T084821Z_batch01,C1EYPU5,2026-05-28T15:00:00Z,15 54 07.9,238.5329166666667,+03 38 12,3.6366666666666667,154.1,22.9,0.72,65.9,Map/Offsets,https://cgi.minorplanetcenter.net/cgi-bin/confirmeph2.cgi
20260528T084821Z,2026-05-28T08:48:21.628339Z,20260528T084821Z_batch01,C1EYPU5,2026-05-28T16:00:00Z,15 54 10.5,238.54375,+03 38 30,3.6416666666666666,154.1,22.9,0.72,66.0,Map/Offsets,https://cgi.minorplanetcenter.net/cgi-bin/confirmeph2.cgi
20260528T084821Z,2026-05-28T08:48:21.628339Z,20260528T084821Z_batch01,C1EYPU5,2026-05-28T17:00:00Z,15 54 13.1,238.55458333333334,+03 38 47,3.6463888888888887,154.0,22.9,0.72,66.1,Map/Offsets,https://cgi.minorplanetcenter.net/cgi-bin/confirmeph2.cgi
20260528T084821Z,2026-05-28T08:48:21.628339Z,20260528T084821Z_batch01,C1EYPU5,2026-05-28T18:00:00Z,15 54 15.7,238.56541666666666,+03 39 04,3.651111111111111,154.0,22.9,0.72,66.2,Map/Offsets,https://cgi.minorplanetcenter.net/cgi-bin/confirmeph2.cgi
20260528T084821Z,2026-05-28T08:48:21.628339Z,20260528T084821Z_batch01,C1EYPU5,2026-05-28T19:00:00Z,15 54 18.4,238.57666666666665,+03 39 22,3.656111111111111,154.0,22.9,0.72,66.3,Map/Offsets,https://cgi.minorplanetcenter.net/cgi-bin/confirmeph2.cgi
20260528T084821Z,2026-05-28T08:48:21.628339Z,20260528T084821Z_batch01,C1EYPU5,2026-05-28T20:00:00Z,15 54 21.0,238.5875,+03 39 39,3.660833333333333,154.0,22.9,0.72,66.4,Map/Offsets,https://cgi.minorplanetcenter.net/cgi-bin/confirmeph2.cgi
20260528T084821Z,2026-05-28T08:48:21.628339Z,20260528T084821Z_batch01,C1EYPU5,2026-05-28T21:00:00Z,15 54 23.6,238.59833333333336,+03 39 56,3.6655555555555557,154.0,22.9,0.72,66.5,Map/Offsets,https://cgi.minorplanetcenter.net/cgi-bin/confirmeph2.cgi
20260528T084821Z,2026-05-28T08:48:21.628339Z,20260528T084821Z_batch01,C1EYPU5,2026-05-28T22:00:00Z,15 54 26.3,238.60958333333335,+03 40 13,3.6702777777777778,154.0,22.9,0.72,66.7,Map/Offsets,https://cgi.minorplanetcenter.net/cgi-bin/confirmeph2.cgi
20260528T084821Z,2026-05-28T08:48:21.628339Z,20260528T084821Z_batch01,C1EYPU5,2026-05-28T23:00:00Z,15 54 28.9,238.62041666666667,+03 40 30,3.675,153.9,22.9,0.72,66.8,Map/Offsets,https://cgi.minorplanetcenter.net/cgi-bin/confirmeph2.cgi
20260528T084821Z,2026-05-28T08:48:21.628339Z,20260528T084821Z_batch01,C1EYPU5,2026-05-29T00:00:00Z,15 54 31.5,238.63125,+03 40 47,3.679722222222222,153.9,22.9,0.71,66.9,Map/Offsets,https://cgi.minorplanetcenter.net/cgi-bin/confirmeph2.cgi
20260528T084821Z,2026-05-28T08:48:21.628339Z,20260528T084821Z_batch01,C1EYPU5,2026-05-29T01:00:00Z,15 54 34.2,238.64249999999998,+03 41 04,3.684444444444445,153.9,22.9,0.71,67.0,Map/Offsets,https://cgi.minorplanetcenter.net/cgi-bin/confirmeph2.cgi
20260528T084821Z,2026-05-28T08:48:21.628339Z,20260528T084821Z_batch01,C1EYPU5,2026-05-29T02:00:00Z,15 54 36.8,238.65333333333334,+03 41 20,3.688888888888889,153.9,22.9,0.71,67.1,Map/Offsets,https://cgi.minorplanetcenter.net/cgi-bin/confirmeph2.cgi
20260528T084821Z,2026-05-28T08:48:21.628339Z,20260528T084821Z_batch01,C1EYPU5,2026-05-29T03:00:00Z,15 54 39.4,238.66416666666666,+03 41 37,3.693611111111111,153.9,22.9,0.71,67.2,Map/Offsets,https://cgi.minorplanetcenter.net/cgi-bin/confirmeph2.cgi
20260528T084821Z,2026-05-28T08:48:21.628339Z,20260528T084821Z_batch01,C1EYPU5,2026-05-29T04:00:00Z,15 54 42.1,238.67541666666668,+03 41 54,3.6983333333333337,153.8,22.9,0.71,67.3,Map/Offsets,https://cgi.minorplanetcenter.net/cgi-bin/confirmeph2.cgi
20260528T084821Z,2026-05-28T08:48:21.628339Z,20260528T084821Z_batch01,C1EYPU5,2026-05-29T05:00:00Z,15 54 44.7,238.68625,+03 42 10,3.702777777777778,153.8,22.9,0.71,67.4,Map/Offsets,https://cgi.minorplanetcenter.net/cgi-bin/confirmeph2.cgi
20260528T084821Z,2026-05-28T08:48:21.628339Z,20260528T084821Z_batch01,C1EYPU5,2026-05-29T06:00:00Z,15 54 47.4,238.69750000000002,+03 42 27,3.7075,153.8,22.9,0.71,67.5,Map/Offsets,https://cgi.minorplanetcenter.net/cgi-bin/confirmeph2.cgi
20260528T084821Z,2026-05-28T08:48:21.628339Z,20260528T084821Z_batch01,C1EYPU5,2026-05-29T07:00:00Z,15 54 50.0,238.70833333333334,+03 42 43,3.7119444444444447,153.8,22.9,0.71,67.6,Map/Offsets,https://cgi.minorplanetcenter.net/cgi-bin/confirmeph2.cgi
20260528T084821Z,2026-05-28T08:48:21.628339Z,20260528T084821Z_batch01,NAOCBPP,2026-05-28T07:00:00Z,14 55 53.2,223.97166666666666,-22 03 31,-22.058611111111112,160.7,22.4,1.57,159.8,Map/Offsets   Map/Offsets,https://cgi.minorplanetcenter.net/cgi-bin/confirmeph2.cgi
20260528T084821Z,2026-05-28T08:48:21.628339Z,20260528T084821Z_batch01,NAOCBPP,2026-05-28T08:00:00Z,14 55 55.6,223.98166666666665,-22 05 00,-22.083333333333332,160.7,22.4,1.56,159.8,Map/Offsets   Map/Offsets,https://cgi.minorplanetcenter.net/cgi-bin/confirmeph2.cgi
20260528T084821Z,2026-05-28T08:48:21.628339Z,20260528T084821Z_batch01,NAOCBPP,2026-05-28T09:00:00Z,14 55 57.9,223.99124999999998,-22 06 28,-22.10777777777778,160.6,22.4,1.56,159.7,Map/Offsets   Map/Offsets,https://cgi.minorplanetcenter.net/cgi-bin/confirmeph2.cgi
20260528T084821Z,2026-05-28T08:48:21.628339Z,20260528T084821Z_batch01,NAOCBPP,2026-05-28T10:00:00Z,14 56 00.2,224.00083333333333,-22 07 55,-22.131944444444446,160.6,22.4,1.56,159.7,Map/Offsets   Map/Offsets,https://cgi.minorplanetcenter.net/cgi-bin/confirmeph2.cgi
20260528T084821Z,2026-05-28T08:48:21.628339Z,20260528T084821Z_batch01,NAOCBPP,2026-05-28T11:00:00Z,14 56 02.6,224.01083333333335,-22 09 23,-22.156388888888888,160.6,22.4,1.56,159.7,Map/Offsets   Map/Offsets,https://cgi.minorplanetcenter.net/cgi-bin/confirmeph2.cgi
20260528T084821Z,2026-05-28T08:48:21.628339Z,20260528T084821Z_batch01,NAOCBPP,2026-05-28T12:00:00Z,14 56 04.9,224.02041666666668,-22 10 51,-22.180833333333336,160.5,22.4,1.56,159.6,Map/Offsets   Map/Offsets,https://cgi.minorplanetcenter.net/cgi-bin/confirmeph2.cgi
20260528T084821Z,2026-05-28T08:48:21.628339Z,20260528T084821Z_batch01,NAOCBPP,2026-05-28T13:00:00Z,14 56 07.3,224.03041666666667,-22 12 19,-22.205277777777777,160.5,22.4,1.56,159.6,Map/Offsets   Map/Offsets,https://cgi.minorplanetcenter.net/cgi-bin/confirmeph2.cgi
20260528T084821Z,2026-05-28T08:48:21.628339Z,20260528T084821Z_batch01,NAOCBPP,2026-05-28T14:00:00Z,14 56 09.6,224.04,-22 13 46,-22.229444444444443,160.5,22.4,1.56,159.6,Map/Offsets   Map/Offsets,https://cgi.minorplanetcenter.net/cgi-bin/confirmeph2.cgi
20260528T084821Z,2026-05-28T08:48:21.628339Z,20260528T084821Z_batch01,NAOCBPP,2026-05-28T15:00:00Z,14 56 12.0,224.05,-22 15 14,-22.253888888888888,160.5,22.4,1.55,159.5,Map/Offsets   Map/Offsets,https://cgi.minorplanetcenter.net/cgi-bin/confirmeph2.cgi
20260528T084821Z,2026-05-28T08:48:21.628339Z,20260528T084821Z_batch01,NAOCBPP,2026-05-28T16:00:00Z,14 56 14.3,224.05958333333334,-22 16 41,-22.278055555555554,160.4,22.4,1.55,159.5,Map/Offsets   Map/Offsets,https://cgi.minorplanetcenter.net/cgi-bin/confirmeph2.cgi
20260528T084821Z,2026-05-28T08:48:21.628339Z,20260528T084821Z_batch01,NAOCBPP,2026-05-28T17:00:00Z,14 56 16.7,224.06958333333336,-22 18 08,-22.302222222222223,160.4,22.4,1.55,159.5,Map/Offsets   Map/Offsets,https://cgi.minorplanetcenter.net/cgi-bin/confirmeph2.cgi
20260528T084821Z,2026-05-28T08:48:21.628339Z,20260528T084821Z_batch01,NAOCBPP,2026-05-28T18:00:00Z,14 56 19.0,224.07916666666668,-22 19 35,-22.32638888888889,160.4,22.4,1.55,159.4,Map/Offsets   Map/Offsets,https://cgi.minorplanetcenter.net/cgi-bin/confirmeph2.cgi
20260528T084821Z,2026-05-28T08:48:21.628339Z,20260528T084821Z_batch01,NAOCBPP,2026-05-28T19:00:00Z,14 56 21.4,224.08916666666667,-22 21 02,-22.350555555555555,160.3,22.4,1.55,159.4,Map/Offsets   Map/Offsets,https://cgi.minorplanetcenter.net/cgi-bin/confirmeph2.cgi
20260528T084821Z,2026-05-28T08:48:21.628339Z,20260528T084821Z_batch01,NAOCBPP,2026-05-28T20:00:00Z,14 56 23.7,224.09875,-22 22 29,-22.37472222222222,160.3,22.4,1.55,159.4,Map/Offsets   Map/Offsets,https://cgi.minorplanetcenter.net/cgi-bin/confirmeph2.cgi
20260528T084821Z,2026-05-28T08:48:21.628339Z,20260528T084821Z_batch01,NAOCBPP,2026-05-28T21:00:00Z,14 56 26.1,224.10875000000001,-22 23 56,-22.398888888888887,160.3,22.4,1.55,159.3,Map/Offsets   Map/Offsets,https://cgi.minorplanetcenter.net/cgi-bin/confirmeph2.cgi
20260528T084821Z,2026-05-28T08:48:21.628339Z,20260528T084821Z_batch01,NAOCBPP,2026-05-28T22:00:00Z,14 56 28.5,224.11875,-22 25 23,-22.423055555555557,160.3,22.4,1.55,159.3,Map/Offsets   Map/Offsets,https://cgi.minorplanetcenter.net/cgi-bin/confirmeph2.cgi
20260528T084821Z,2026-05-28T08:48:21.628339Z,20260528T084821Z_batch01,NAOCBPP,2026-05-28T23:00:00Z,14 56 30.8,224.12833333333333,-22 26 50,-22.447222222222223,160.2,22.4,1.54,159.3,Map/Offsets   Map/Offsets,https://cgi.minorplanetcenter.net/cgi-bin/confirmeph2.cgi
20260528T084821Z,2026-05-28T08:48:21.628339Z,20260528T084821Z_batch01,NAOCBPP,2026-05-29T00:00:00Z,14 56 33.2,224.13833333333335,-22 28 17,-22.47138888888889,160.2,22.4,1.54,159.2,Map/Offsets   Map/Offsets,https://cgi.minorplanetcenter.net/cgi-bin/confirmeph2.cgi
20260528T084821Z,2026-05-28T08:48:21.628339Z,20260528T084821Z_batch01,NAOCBPP,2026-05-29T01:00:00Z,14 56 35.6,224.14833333333334,-22 29 43,-22.49527777777778,160.2,22.4,1.54,159.2,Map/Offsets   Map/Offsets,https://cgi.minorplanetcenter.net/cgi-bin/confirmeph2.cgi
20260528T084821Z,2026-05-28T08:48:21.628339Z,20260528T084821Z_batch01,NAOCBPP,2026-05-29T02:00:00Z,14 56 37.9,224.15791666666667,-22 31 10,-22.519444444444442,160.1,22.4,1.54,159.2,Map/Offsets   Map/Offsets,https://cgi.minorplanetcenter.net/cgi-bin/confirmeph2.cgi
20260528T084821Z,2026-05-28T08:48:21.628339Z,20260528T084821Z_batch01,NAOCBPP,2026-05-29T03:00:00Z,14 56 40.3,224.16791666666666,-22 32 36,-22.543333333333337,160.1,22.4,1.54,159.2,Map/Offsets   Map/Offsets,https://cgi.minorplanetcenter.net/cgi-bin/confirmeph2.cgi
20260528T084821Z,2026-05-28T08:48:21.628339Z,20260528T084821Z_batch01,NAOCBPP,2026-05-29T04:00:00Z,14 56 42.7,224.17791666666668,-22 34 02,-22.56722222222222,160.1,22.4,1.54,159.1,Map/Offsets   Map/Offsets,https://cgi.minorplanetcenter.net/cgi-bin/confirmeph2.cgi
20260528T084821Z,2026-05-28T08:48:21.628339Z,20260528T084821Z_batch01,NAOCBPP,2026-05-29T05:00:00Z,14 56 45.1,224.1879166666667,-22 35 28,-22.59111111111111,160.1,22.4,1.54,159.1,Map/Offsets   Map/Offsets,https://cgi.minorplanetcenter.net/cgi-bin/confirmeph2.cgi
20260528T084821Z,2026-05-28T08:48:21.628339Z,20260528T084821Z_batch01,NAOCBPP,2026-05-29T06:00:00Z,14 56 47.4,224.1975,-22 36 54,-22.615000000000002,160.0,22.4,1.54,159.1,Map/Offsets   Map/Offsets,https://cgi.minorplanetcenter.net/cgi-bin/confirmeph2.cgi
20260528T084821Z,2026-05-28T08:48:21.628339Z,20260528T084821Z_batch01,NAOCBPP,2026-05-29T07:00:00Z,14 56 49.8,224.20749999999998,-22 38 20,-22.63888888888889,160.0,22.4,1.53,159.0,Map/Offsets   Map/Offsets,https://cgi.minorplanetcenter.net/cgi-bin/confirmeph2.cgi
20260528T084821Z,2026-05-28T08:48:21.628339Z,20260528T084821Z_batch01,ST26EC8,2026-05-28T07:00:00Z,22 14 03.0,333.5125,-30 57 29,-30.958055555555553,101.8,24.0,4.78,88.2,Map/Offsets   !,https://cgi.minorplanetcenter.net/cgi-bin/confirmeph2.cgi
20260528T084821Z,2026-05-28T08:48:21.628339Z,20260528T084821Z_batch01,ST26EC8,2026-05-28T08:00:00Z,22 14 25.1,333.6045833333334,-30 57 20,-30.955555555555556,101.8,24.1,4.72,88.2,Map/Offsets   !,https://cgi.minorplanetcenter.net/cgi-bin/confirmeph2.cgi
20260528T084821Z,2026-05-28T08:48:21.628339Z,20260528T084821Z_batch01,ST26EC8,2026-05-28T09:00:00Z,22 14 47.0,333.6958333333334,-30 57 11,-30.953055555555554,101.8,24.1,4.67,88.1,Map/Offsets   !,https://cgi.minorplanetcenter.net/cgi-bin/confirmeph2.cgi
20260528T084821Z,2026-05-28T08:48:21.628339Z,20260528T084821Z_batch01,ST26EC8,2026-05-28T10:00:00Z,22 15 08.7,333.78625,-30 57 02,-30.950555555555553,101.7,24.1,4.62,88.1,Map/Offsets   !,https://cgi.minorplanetcenter.net/cgi-bin/confirmeph2.cgi
20260528T084821Z,2026-05-28T08:48:21.628339Z,20260528T084821Z_batch01,ST26EC8,2026-05-28T11:00:00Z,22 15 30.1,333.87541666666664,-30 56 53,-30.948055555555555,101.7,24.1,4.57,88.1,Map/Offsets   !,https://cgi.minorplanetcenter.net/cgi-bin/confirmeph2.cgi
20260528T084821Z,2026-05-28T08:48:21.628339Z,20260528T084821Z_batch01,ST26EC8,2026-05-28T12:00:00Z,22 15 51.2,333.96333333333337,-30 56 44,-30.945555555555554,101.7,24.1,4.52,88.0,Map/Offsets   !,https://cgi.minorplanetcenter.net/cgi-bin/confirmeph2.cgi
20260528T084821Z,2026-05-28T08:48:21.628339Z,20260528T084821Z_batch01,ST26EC8,2026-05-28T13:00:00Z,22 16 12.2,334.05083333333334,-30 56 34,-30.942777777777778,101.6,24.1,4.47,88.0,Map/Offsets   !,https://cgi.minorplanetcenter.net/cgi-bin/confirmeph2.cgi
20260528T084821Z,2026-05-28T08:48:21.628339Z,20260528T084821Z_batch01,ST26EC8,2026-05-28T14:00:00Z,22 16 32.9,334.1370833333333,-30 56 25,-30.940277777777776,101.6,24.1,4.42,87.9,Map/Offsets   !,https://cgi.minorplanetcenter.net/cgi-bin/confirmeph2.cgi
20260528T084821Z,2026-05-28T08:48:21.628339Z,20260528T084821Z_batch01,ST26EC8,2026-05-28T15:00:00Z,22 16 53.3,334.22208333333333,-30 56 15,-30.9375,101.6,24.1,4.37,87.9,Map/Offsets   !,https://cgi.minorplanetcenter.net/cgi-bin/confirmeph2.cgi
20260528T084821Z,2026-05-28T08:48:21.628339Z,20260528T084821Z_batch01,ST26EC8,2026-05-28T16:00:00Z,22 17 13.6,334.3066666666667,-30 56 05,-30.934722222222224,101.5,24.2,4.32,87.8,Map/Offsets   !,https://cgi.minorplanetcenter.net/cgi-bin/confirmeph2.cgi
20260528T084821Z,2026-05-28T08:48:21.628339Z,20260528T084821Z_batch01,ST26EC8,2026-05-28T17:00:00Z,22 17 33.6,334.39000000000004,-30 55 55,-30.931944444444447,101.5,24.2,4.27,87.8,Map/Offsets   !,https://cgi.minorplanetcenter.net/cgi-bin/confirmeph2.cgi
20260528T084821Z,2026-05-28T08:48:21.628339Z,20260528T084821Z_batch01,ST26EC8,2026-05-28T18:00:00Z,22 17 53.4,334.4725,-30 55 46,-30.929444444444446,101.5,24.2,4.23,87.8,Map/Offsets   !,https://cgi.minorplanetcenter.net/cgi-bin/confirmeph2.cgi
20260528T084821Z,2026-05-28T08:48:21.628339Z,20260528T084821Z_batch01,ST26EC8,2026-05-28T19:00:00Z,22 18 13.0,334.5541666666667,-30 55 36,-30.92666666666667,101.4,24.2,4.18,87.7,Map/Offsets   !,https://cgi.minorplanetcenter.net/cgi-bin/confirmeph2.cgi
20260528T084821Z,2026-05-28T08:48:21.628339Z,20260528T084821Z_batch01,ST26EC8,2026-05-28T20:00:00Z,22 18 32.4,334.635,-30 55 26,-30.92388888888889,101.4,24.2,4.14,87.7,Map/Offsets   !,https://cgi.minorplanetcenter.net/cgi-bin/confirmeph2.cgi
20260528T084821Z,2026-05-28T08:48:21.628339Z,20260528T084821Z_batch01,ST26EC8,2026-05-28T21:00:00Z,22 18 51.6,334.71500000000003,-30 55 16,-30.921111111111113,101.4,24.2,4.09,87.6,Map/Offsets   !,https://cgi.minorplanetcenter.net/cgi-bin/confirmeph2.cgi
20260528T084821Z,2026-05-28T08:48:21.628339Z,20260528T084821Z_batch01,ST26EC8,2026-05-28T22:00:00Z,22 19 10.5,334.79375,-30 55 05,-30.918055555555558,101.4,24.2,4.05,87.6,Map/Offsets   !,https://cgi.minorplanetcenter.net/cgi-bin/confirmeph2.cgi
20260528T084821Z,2026-05-28T08:48:21.628339Z,20260528T084821Z_batch01,ST26EC8,2026-05-28T23:00:00Z,22 19 29.3,334.87208333333336,-30 54 55,-30.915277777777778,101.3,24.2,4.01,87.6,Map/Offsets   !,https://cgi.minorplanetcenter.net/cgi-bin/confirmeph2.cgi
20260528T084821Z,2026-05-28T08:48:21.628339Z,20260528T084821Z_batch01,ST26EC8,2026-05-29T00:00:00Z,22 19 47.9,334.9495833333333,-30 54 45,-30.912499999999998,101.3,24.2,3.97,87.5,Map/Offsets   !,https://cgi.minorplanetcenter.net/cgi-bin/confirmeph2.cgi
20260528T084821Z,2026-05-28T08:48:21.628339Z,20260528T084821Z_batch01,ST26EC8,2026-05-29T01:00:00Z,22 20 06.3,335.02625,-30 54 35,-30.90972222222222,101.3,24.3,3.93,87.5,Map/Offsets   !,https://cgi.minorplanetcenter.net/cgi-bin/confirmeph2.cgi
20260528T084821Z,2026-05-28T08:48:21.628339Z,20260528T084821Z_batch01,ST26EC8,2026-05-29T02:00:00Z,22 20 24.5,335.1020833333333,-30 54 24,-30.906666666666666,101.3,24.3,3.88,87.5,Map/Offsets   !,https://cgi.minorplanetcenter.net/cgi-bin/confirmeph2.cgi
20260528T084821Z,2026-05-28T08:48:21.628339Z,20260528T084821Z_batch01,ST26EC8,2026-05-29T03:00:00Z,22 20 42.5,335.1770833333333,-30 54 14,-30.903888888888886,101.2,24.3,3.84,87.4,Map/Offsets   !,https://cgi.minorplanetcenter.net/cgi-bin/confirmeph2.cgi
20260528T084821Z,2026-05-28T08:48:21.628339Z,20260528T084821Z_batch01,ST26EC8,2026-05-29T04:00:00Z,22 21 00.3,335.25125,-30 54 04,-30.90111111111111,101.2,24.3,3.81,87.4,Map/Offsets   !,https://cgi.minorplanetcenter.net/cgi-bin/confirmeph2.cgi
20260528T084821Z,2026-05-28T08:48:21.628339Z,20260528T084821Z_batch01,ST26EC8,2026-05-29T05:00:00Z,22 21 17.9,335.32458333333335,-30 53 53,-30.898055555555555,101.2,24.3,3.77,87.4,Map/Offsets   !,https://cgi.minorplanetcenter.net/cgi-bin/confirmeph2.cgi
20260528T084821Z,2026-05-28T08:48:21.628339Z,20260528T084821Z_batch01,ST26EC8,2026-05-29T06:00:00Z,22 21 35.3,335.39708333333334,-30 53 43,-30.89527777777778,101.2,24.3,3.73,87.3,Map/Offsets   !,https://cgi.minorplanetcenter.net/cgi-bin/confirmeph2.cgi
20260528T084821Z,2026-05-28T08:48:21.628339Z,20260528T084821Z_batch01,ST26EC8,2026-05-29T07:00:00Z,22 21 52.6,335.4691666666667,-30 53 32,-30.892222222222223,101.1,24.3,3.69,87.3,Map/Offsets   !,https://cgi.minorplanetcenter.net/cgi-bin/confirmeph2.cgi
20260528T084821Z,2026-05-28T08:48:21.628339Z,20260528T084821Z_batch01,P12nfaz,2026-05-28T07:00:00Z,13 12 15.4,198.06416666666667,-27 08 12,-27.136666666666667,137.3,22.1,0.5,339.0,Map/Offsets,https://cgi.minorplanetcenter.net/cgi-bin/confirmeph2.cgi
20260528T084821Z,2026-05-28T08:48:21.628339Z,20260528T084821Z_batch01,P12nfaz,2026-05-28T08:00:00Z,13 12 14.6,198.06083333333333,-27 07 44,-27.128888888888888,137.2,22.1,0.5,339.1,Map/Offsets,https://cgi.minorplanetcenter.net/cgi-bin/confirmeph2.cgi
20260528T084821Z,2026-05-28T08:48:21.628339Z,20260528T084821Z_batch01,P12nfaz,2026-05-28T09:00:00Z,13 12 13.8,198.05749999999998,-27 07 16,-27.121111111111112,137.2,22.1,0.5,339.2,Map/Offsets,https://cgi.minorplanetcenter.net/cgi-bin/confirmeph2.cgi
20260528T084821Z,2026-05-28T08:48:21.628339Z,20260528T084821Z_batch01,P12nfaz,2026-05-28T10:00:00Z,13 12 13.0,198.05416666666665,-27 06 48,-27.113333333333333,137.2,22.1,0.5,339.2,Map/Offsets,https://cgi.minorplanetcenter.net/cgi-bin/confirmeph2.cgi
20260528T084821Z,2026-05-28T08:48:21.628339Z,20260528T084821Z_batch01,P12nfaz,2026-05-28T11:00:00Z,13 12 12.2,198.05083333333332,-27 06 20,-27.105555555555558,137.1,22.1,0.5,339.3,Map/Offsets,https://cgi.minorplanetcenter.net/cgi-bin/confirmeph2.cgi
20260528T084821Z,2026-05-28T08:48:21.628339Z,20260528T084821Z_batch01,P12nfaz,2026-05-28T12:00:00Z,13 12 11.4,198.04749999999999,-27 05 52,-27.097777777777775,137.1,22.1,0.5,339.4,Map/Offsets,https://cgi.minorplanetcenter.net/cgi-bin/confirmeph2.cgi
20260528T084821Z,2026-05-28T08:48:21.628339Z,20260528T084821Z_batch01,P12nfaz,2026-05-28T13:00:00Z,13 12 10.6,198.04416666666665,-27 05 24,-27.09,137.0,22.1,0.5,339.5,Map/Offsets,https://cgi.minorplanetcenter.net/cgi-bin/confirmeph2.cgi
20260528T084821Z,2026-05-28T08:48:21.628339Z,20260528T084821Z_batch01,P12nfaz,2026-05-28T14:00:00Z,13 12 09.8,198.0408333333333,-27 04 56,-27.08222222222222,137.0,22.1,0.5,339.5,Map/Offsets,https://cgi.minorplanetcenter.net/cgi-bin/confirmeph2.cgi
20260528T084821Z,2026-05-28T08:48:21.628339Z,20260528T084821Z_batch01,P12nfaz,2026-05-28T15:00:00Z,13 12 09.1,198.03791666666663,-27 04 28,-27.074444444444445,137.0,22.1,0.5,339.6,Map/Offsets,https://cgi.minorplanetcenter.net/cgi-bin/confirmeph2.cgi
20260528T084821Z,2026-05-28T08:48:21.628339Z,20260528T084821Z_batch01,P12nfaz,2026-05-28T16:00:00Z,13 12 08.3,198.03458333333333,-27 04 00,-27.066666666666666,136.9,22.1,0.5,339.7,Map/Offsets,https://cgi.minorplanetcenter.net/cgi-bin/confirmeph2.cgi
20260528T084821Z,2026-05-28T08:48:21.628339Z,20260528T084821Z_batch01,P12nfaz,2026-05-28T17:00:00Z,13 12 07.5,198.03125,-27 03 32,-27.05888888888889,136.9,22.1,0.5,339.8,Map/Offsets,https://cgi.minorplanetcenter.net/cgi-bin/confirmeph2.cgi
20260528T084821Z,2026-05-28T08:48:21.628339Z,20260528T084821Z_batch01,P12nfaz,2026-05-28T18:00:00Z,13 12 06.7,198.02791666666667,-27 03 04,-27.051111111111112,136.9,22.1,0.5,339.9,Map/Offsets,https://cgi.minorplanetcenter.net/cgi-bin/confirmeph2.cgi
20260528T084821Z,2026-05-28T08:48:21.628339Z,20260528T084821Z_batch01,P12nfaz,2026-05-28T19:00:00Z,13 12 06.0,198.025,-27 02 36,-27.043333333333337,136.8,22.1,0.5,339.9,Map/Offsets,https://cgi.minorplanetcenter.net/cgi-bin/confirmeph2.cgi
20260528T084821Z,2026-05-28T08:48:21.628339Z,20260528T084821Z_batch01,P12nfaz,2026-05-28T20:00:00Z,13 12 05.2,198.02166666666668,-27 02 08,-27.035555555555558,136.8,22.1,0.5,340.0,Map/Offsets,https://cgi.minorplanetcenter.net/cgi-bin/confirmeph2.cgi
20260528T084821Z,2026-05-28T08:48:21.628339Z,20260528T084821Z_batch01,P12nfaz,2026-05-28T21:00:00Z,13 12 04.5,198.01875,-27 01 40,-27.02777777777778,136.7,22.1,0.5,340.1,Map/Offsets,https://cgi.minorplanetcenter.net/cgi-bin/confirmeph2.cgi
20260528T084821Z,2026-05-28T08:48:21.628339Z,20260528T084821Z_batch01,P12nfaz,2026-05-28T22:00:00Z,13 12 03.7,198.01541666666665,-27 01 12,-27.02,136.7,22.1,0.5,340.2,Map/Offsets,https://cgi.minorplanetcenter.net/cgi-bin/confirmeph2.cgi
20260528T084821Z,2026-05-28T08:48:21.628339Z,20260528T084821Z_batch01,P12nfaz,2026-05-28T23:00:00Z,13 12 02.9,198.01208333333332,-27 00 44,-27.01222222222222,136.7,22.1,0.49,340.2,Map/Offsets,https://cgi.minorplanetcenter.net/cgi-bin/confirmeph2.cgi
20260528T084821Z,2026-05-28T08:48:21.628339Z,20260528T084821Z_batch01,P12nfaz,2026-05-29T00:00:00Z,13 12 02.2,198.00916666666666,-27 00 16,-27.004444444444445,136.6,22.1,0.49,340.3,Map/Offsets,https://cgi.minorplanetcenter.net/cgi-bin/confirmeph2.cgi
20260528T084821Z,2026-05-28T08:48:21.628339Z,20260528T084821Z_batch01,P12nfaz,2026-05-29T01:00:00Z,13 12 01.5,198.00625,-26 59 48,-26.996666666666666,136.6,22.1,0.49,340.4,Map/Offsets,https://cgi.minorplanetcenter.net/cgi-bin/confirmeph2.cgi
20260528T084821Z,2026-05-28T08:48:21.628339Z,20260528T084821Z_batch01,P12nfaz,2026-05-29T02:00:00Z,13 12 00.7,198.00291666666666,-26 59 20,-26.98888888888889,136.5,22.1,0.49,340.5,Map/Offsets,https://cgi.minorplanetcenter.net/cgi-bin/confirmeph2.cgi
20260528T084821Z,2026-05-28T08:48:21.628339Z,20260528T084821Z_batch01,P12nfaz,2026-05-29T03:00:00Z,13 12 00.0,198.0,-26 58 52,-26.981111111111108,136.5,22.1,0.49,340.6,Map/Offsets,https://cgi.minorplanetcenter.net/cgi-bin/confirmeph2.cgi
20260528T084821Z,2026-05-28T08:48:21.628339Z,20260528T084821Z_batch01,P12nfaz,2026-05-29T04:00:00Z,13 11 59.2,197.99666666666667,-26 58 25,-26.973611111111108,136.5,22.1,0.49,340.6,Map/Offsets,https://cgi.minorplanetcenter.net/cgi-bin/confirmeph2.cgi
20260528T084821Z,2026-05-28T08:48:21.628339Z,20260528T084821Z_batch01,P12nfaz,2026-05-29T05:00:00Z,13 11 58.5,197.99375,-26 57 57,-26.965833333333332,136.4,22.1,0.49,340.7,Map/Offsets,https://cgi.minorplanetcenter.net/cgi-bin/confirmeph2.cgi
20260528T084821Z,2026-05-28T08:48:21.628339Z,20260528T084821Z_batch01,P12nfaz,2026-05-29T06:00:00Z,13 11 57.8,197.99083333333334,-26 57 29,-26.958055555555553,136.4,22.1,0.49,340.8,Map/Offsets,https://cgi.minorplanetcenter.net/cgi-bin/confirmeph2.cgi
20260528T084821Z,2026-05-28T08:48:21.628339Z,20260528T084821Z_batch01,P12nfaz,2026-05-29T07:00:00Z,13 11 57.1,197.98791666666665,-26 57 01,-26.950277777777778,136.3,22.1,0.49,340.9,Map/Offsets,https://cgi.minorplanetcenter.net/cgi-bin/confirmeph2.cgi
20260528T084821Z,2026-05-28T08:48:21.628339Z,20260528T084821Z_batch01,NAOCAN7,2026-05-28T07:00:00Z,15 17 23.8,229.34916666666666,-21 57 43,-21.961944444444445,165.7,21.2,0.11,120.4,Map/Offsets,https://cgi.minorplanetcenter.net/cgi-bin/confirmeph2.cgi
20260528T084821Z,2026-05-28T08:48:21.628339Z,20260528T084821Z_batch01,NAOCAN7,2026-05-28T08:00:00Z,15 17 24.2,229.35083333333333,-21 57 46,-21.962777777777777,165.6,21.2,0.11,120.3,Map/Offsets,https://cgi.minorplanetcenter.net/cgi-bin/confirmeph2.cgi
20260528T084821Z,2026-05-28T08:48:21.628339Z,20260528T084821Z_batch01,NAOCAN7,2026-05-28T09:00:00Z,15 17 24.6,229.3525,-21 57 49,-21.96361111111111,165.6,21.2,0.11,120.2,Map/Offsets,https://cgi.minorplanetcenter.net/cgi-bin/confirmeph2.cgi
20260528T084821Z,2026-05-28T08:48:21.628339Z,20260528T084821Z_batch01,NAOCAN7,2026-05-28T10:00:00Z,15 17 25.0,229.35416666666666,-21 57 53,-21.96472222222222,165.6,21.2,0.11,120.1,Map/Offsets,https://cgi.minorplanetcenter.net/cgi-bin/confirmeph2.cgi
20260528T084821Z,2026-05-28T08:48:21.628339Z,20260528T084821Z_batch01,NAOCAN7,2026-05-28T11:00:00Z,15 17 25.4,229.35583333333332,-21 57 56,-21.965555555555554,165.5,21.2,0.11,120.0,Map/Offsets,https://cgi.minorplanetcenter.net/cgi-bin/confirmeph2.cgi
20260528T084821Z,2026-05-28T08:48:21.628339Z,20260528T084821Z_batch01,NAOCAN7,2026-05-28T12:00:00Z,15 17 25.9,229.35791666666665,-21 58 00,-21.966666666666665,165.5,21.2,0.11,119.8,Map/Offsets,https://cgi.minorplanetcenter.net/cgi-bin/confirmeph2.cgi
20260528T084821Z,2026-05-28T08:48:21.628339Z,20260528T084821Z_batch01,NAOCAN7,2026-05-28T13:00:00Z,15 17 26.3,229.35958333333335,-21 58 03,-21.967499999999998,165.4,21.2,0.11,119.7,Map/Offsets,https://cgi.minorplanetcenter.net/cgi-bin/confirmeph2.cgi
20260528T084821Z,2026-05-28T08:48:21.628339Z,20260528T084821Z_batch01,NAOCAN7,2026-05-28T14:00:00Z,15 17 26.7,229.36124999999998,-21 58 06,-21.96833333333333,165.4,21.2,0.11,119.6,Map/Offsets,https://cgi.minorplanetcenter.net/cgi-bin/confirmeph2.cgi
20260528T084821Z,2026-05-28T08:48:21.628339Z,20260528T084821Z_batch01,NAOCAN7,2026-05-28T15:00:00Z,15 17 27.1,229.36291666666668,-21 58 10,-21.96944444444444,165.4,21.2,0.11,119.5,Map/Offsets,https://cgi.minorplanetcenter.net/cgi-bin/confirmeph2.cgi
20260528T084821Z,2026-05-28T08:48:21.628339Z,20260528T084821Z_batch01,NAOCAN7,2026-05-28T16:00:00Z,15 17 27.6,229.365,-21 58 13,-21.970277777777778,165.3,21.2,0.11,119.4,Map/Offsets,https://cgi.minorplanetcenter.net/cgi-bin/confirmeph2.cgi
20260528T084821Z,2026-05-28T08:48:21.628339Z,20260528T084821Z_batch01,NAOCAN7,2026-05-28T17:00:00Z,15 17 28.0,229.36666666666665,-21 58 16,-21.97111111111111,165.3,21.2,0.11,119.3,Map/Offsets,https://cgi.minorplanetcenter.net/cgi-bin/confirmeph2.cgi
20260528T084821Z,2026-05-28T08:48:21.628339Z,20260528T084821Z_batch01,NAOCAN7,2026-05-28T18:00:00Z,15 17 28.4,229.36833333333334,-21 58 20,-21.97222222222222,165.3,21.2,0.11,119.2,Map/Offsets,https://cgi.minorplanetcenter.net/cgi-bin/confirmeph2.cgi
20260528T084821Z,2026-05-28T08:48:21.628339Z,20260528T084821Z_batch01,NAOCAN7,2026-05-28T19:00:00Z,15 17 28.8,229.36999999999998,-21 58 23,-21.973055555555554,165.2,21.3,0.11,119.0,Map/Offsets,https://cgi.minorplanetcenter.net/cgi-bin/confirmeph2.cgi
20260528T084821Z,2026-05-28T08:48:21.628339Z,20260528T084821Z_batch01,NAOCAN7,2026-05-28T20:00:00Z,15 17 29.3,229.37208333333334,-21 58 26,-21.973888888888887,165.2,21.3,0.12,118.9,Map/Offsets,https://cgi.minorplanetcenter.net/cgi-bin/confirmeph2.cgi
20260528T084821Z,2026-05-28T08:48:21.628339Z,20260528T084821Z_batch01,NAOCAN7,2026-05-28T21:00:00Z,15 17 29.7,229.37375,-21 58 30,-21.974999999999998,165.1,21.3,0.12,118.8,Map/Offsets,https://cgi.minorplanetcenter.net/cgi-bin/confirmeph2.cgi
20260528T084821Z,2026-05-28T08:48:21.628339Z,20260528T084821Z_batch01,NAOCAN7,2026-05-28T22:00:00Z,15 17 30.2,229.37583333333333,-21 58 33,-21.97583333333333,165.1,21.3,0.12,118.7,Map/Offsets,https://cgi.minorplanetcenter.net/cgi-bin/confirmeph2.cgi
20260528T084821Z,2026-05-28T08:48:21.628339Z,20260528T084821Z_batch01,NAOCAN7,2026-05-28T23:00:00Z,15 17 30.6,229.3775,-21 58 36,-21.976666666666667,165.1,21.3,0.12,118.6,Map/Offsets,https://cgi.minorplanetcenter.net/cgi-bin/confirmeph2.cgi
20260528T084821Z,2026-05-28T08:48:21.628339Z,20260528T084821Z_batch01,NAOCAN7,2026-05-29T00:00:00Z,15 17 31.0,229.37916666666666,-21 58 40,-21.977777777777778,165.0,21.3,0.12,118.5,Map/Offsets,https://cgi.minorplanetcenter.net/cgi-bin/confirmeph2.cgi
20260528T084821Z,2026-05-28T08:48:21.628339Z,20260528T084821Z_batch01,NAOCAN7,2026-05-29T01:00:00Z,15 17 31.5,229.38125,-21 58 43,-21.97861111111111,165.0,21.3,0.12,118.4,Map/Offsets,https://cgi.minorplanetcenter.net/cgi-bin/confirmeph2.cgi
20260528T084821Z,2026-05-28T08:48:21.628339Z,20260528T084821Z_batch01,NAOCAN7,2026-05-29T02:00:00Z,15 17 31.9,229.38291666666666,-21 58 46,-21.979444444444443,165.0,21.3,0.12,118.3,Map/Offsets,https://cgi.minorplanetcenter.net/cgi-bin/confirmeph2.cgi
20260528T084821Z,2026-05-28T08:48:21.628339Z,20260528T084821Z_batch01,NAOCAN7,2026-05-29T03:00:00Z,15 17 32.4,229.385,-21 58 50,-21.980555555555554,164.9,21.3,0.12,118.2,Map/Offsets,https://cgi.minorplanetcenter.net/cgi-bin/confirmeph2.cgi
20260528T084821Z,2026-05-28T08:48:21.628339Z,20260528T084821Z_batch01,NAOCAN7,2026-05-29T04:00:00Z,15 17 32.8,229.38666666666666,-21 58 53,-21.981388888888887,164.9,21.3,0.12,118.1,Map/Offsets,https://cgi.minorplanetcenter.net/cgi-bin/confirmeph2.cgi
20260528T084821Z,2026-05-28T08:48:21.628339Z,20260528T084821Z_batch01,NAOCAN7,2026-05-29T05:00:00Z,15 17 33.3,229.38875,-21 58 56,-21.98222222222222,164.9,21.3,0.12,118.0,Map/Offsets,https://cgi.minorplanetcenter.net/cgi-bin/confirmeph2.cgi
20260528T084821Z,2026-05-28T08:48:21.628339Z,20260528T084821Z_batch01,NAOCAN7,2026-05-29T06:00:00Z,15 17 33.7,229.39041666666668,-21 59 00,-21.983333333333334,164.8,21.3,0.12,117.8,Map/Offsets,https://cgi.minorplanetcenter.net/cgi-bin/confirmeph2.cgi
20260528T084821Z,2026-05-28T08:48:21.628339Z,20260528T084821Z_batch01,NAOCAN7,2026-05-29T07:00:00Z,15 17 34.2,229.39249999999998,-21 59 03,-21.984166666666667,164.8,21.3,0.12,117.7,Map/Offsets,https://cgi.minorplanetcenter.net/cgi-bin/confirmeph2.cgi
20260528T084821Z,2026-05-28T08:48:21.628339Z,20260528T084821Z_batch01,KPMa1Ih,2026-05-28T07:00:00Z,11 07 52.2,166.9675,-29 05 41,-29.09472222222222,110.5,23.5,1.02,173.6,Map/Offsets,https://cgi.minorplanetcenter.net/cgi-bin/confirmeph2.cgi
20260528T084821Z,2026-05-28T08:48:21.628339Z,20260528T084821Z_batch01,KPMa1Ih,2026-05-28T08:00:00Z,11 07 52.7,166.96958333333333,-29 06 42,-29.111666666666668,110.4,23.5,1.02,173.5,Map/Offsets,https://cgi.minorplanetcenter.net/cgi-bin/confirmeph2.cgi
20260528T084821Z,2026-05-28T08:48:21.628339Z,20260528T084821Z_batch01,KPMa1Ih,2026-05-28T09:00:00Z,11 07 53.2,166.97166666666666,-29 07 43,-29.128611111111113,110.4,23.5,1.02,173.5,Map/Offsets,https://cgi.minorplanetcenter.net/cgi-bin/confirmeph2.cgi
20260528T084821Z,2026-05-28T08:48:21.628339Z,20260528T084821Z_batch01,KPMa1Ih,2026-05-28T10:00:00Z,11 07 53.8,166.97416666666666,-29 08 43,-29.14527777777778,110.4,23.5,1.02,173.4,Map/Offsets,https://cgi.minorplanetcenter.net/cgi-bin/confirmeph2.cgi
20260528T084821Z,2026-05-28T08:48:21.628339Z,20260528T084821Z_batch01,KPMa1Ih,2026-05-28T11:00:00Z,11 07 54.3,166.97625,-29 09 44,-29.16222222222222,110.3,23.5,1.02,173.3,Map/Offsets,https://cgi.minorplanetcenter.net/cgi-bin/confirmeph2.cgi
20260528T084821Z,2026-05-28T08:48:21.628339Z,20260528T084821Z_batch01,KPMa1Ih,2026-05-28T12:00:00Z,11 07 54.9,166.97875000000002,-29 10 45,-29.179166666666667,110.3,23.5,1.02,173.3,Map/Offsets,https://cgi.minorplanetcenter.net/cgi-bin/confirmeph2.cgi
20260528T084821Z,2026-05-28T08:48:21.628339Z,20260528T084821Z_batch01,KPMa1Ih,2026-05-28T13:00:00Z,11 07 55.4,166.98083333333335,-29 11 45,-29.195833333333333,110.3,23.5,1.02,173.2,Map/Offsets,https://cgi.minorplanetcenter.net/cgi-bin/confirmeph2.cgi
20260528T084821Z,2026-05-28T08:48:21.628339Z,20260528T084821Z_batch01,KPMa1Ih,2026-05-28T14:00:00Z,11 07 56.0,166.98333333333335,-29 12 46,-29.212777777777777,110.3,23.5,1.02,173.2,Map/Offsets,https://cgi.minorplanetcenter.net/cgi-bin/confirmeph2.cgi
20260528T084821Z,2026-05-28T08:48:21.628339Z,20260528T084821Z_batch01,KPMa1Ih,2026-05-28T15:00:00Z,11 07 56.5,166.98541666666665,-29 13 46,-29.229444444444443,110.2,23.5,1.02,173.1,Map/Offsets,https://cgi.minorplanetcenter.net/cgi-bin/confirmeph2.cgi
20260528T084821Z,2026-05-28T08:48:21.628339Z,20260528T084821Z_batch01,KPMa1Ih,2026-05-28T16:00:00Z,11 07 57.1,166.98791666666668,-29 14 47,-29.24638888888889,110.2,23.5,1.02,173.0,Map/Offsets,https://cgi.minorplanetcenter.net/cgi-bin/confirmeph2.cgi
20260528T084821Z,2026-05-28T08:48:21.628339Z,20260528T084821Z_batch01,KPMa1Ih,2026-05-28T17:00:00Z,11 07 57.7,166.99041666666668,-29 15 47,-29.263055555555557,110.2,23.5,1.01,173.0,Map/Offsets,https://cgi.minorplanetcenter.net/cgi-bin/confirmeph2.cgi
20260528T084821Z,2026-05-28T08:48:21.628339Z,20260528T084821Z_batch01,KPMa1Ih,2026-05-28T18:00:00Z,11 07 58.2,166.9925,-29 16 48,-29.279999999999998,110.2,23.6,1.01,172.9,Map/Offsets,https://cgi.minorplanetcenter.net/cgi-bin/confirmeph2.cgi
20260528T084821Z,2026-05-28T08:48:21.628339Z,20260528T084821Z_batch01,KPMa1Ih,2026-05-28T19:00:00Z,11 07 58.8,166.995,-29 17 48,-29.296666666666667,110.1,23.6,1.01,172.8,Map/Offsets,https://cgi.minorplanetcenter.net/cgi-bin/confirmeph2.cgi
20260528T084821Z,2026-05-28T08:48:21.628339Z,20260528T084821Z_batch01,KPMa1Ih,2026-05-28T20:00:00Z,11 07 59.4,166.9975,-29 18 49,-29.31361111111111,110.1,23.6,1.01,172.8,Map/Offsets,https://cgi.minorplanetcenter.net/cgi-bin/confirmeph2.cgi
20260528T084821Z,2026-05-28T08:48:21.628339Z,20260528T084821Z_batch01,KPMa1Ih,2026-05-28T21:00:00Z,11 08 00.0,167.0,-29 19 49,-29.330277777777777,110.1,23.6,1.01,172.7,Map/Offsets,https://cgi.minorplanetcenter.net/cgi-bin/confirmeph2.cgi
20260528T084821Z,2026-05-28T08:48:21.628339Z,20260528T084821Z_batch01,KPMa1Ih,2026-05-28T22:00:00Z,11 08 00.6,167.0025,-29 20 49,-29.346944444444443,110.0,23.6,1.01,172.6,Map/Offsets,https://cgi.minorplanetcenter.net/cgi-bin/confirmeph2.cgi
20260528T084821Z,2026-05-28T08:48:21.628339Z,20260528T084821Z_batch01,KPMa1Ih,2026-05-28T23:00:00Z,11 08 01.2,167.005,-29 21 49,-29.363611111111112,110.0,23.6,1.01,172.6,Map/Offsets,https://cgi.minorplanetcenter.net/cgi-bin/confirmeph2.cgi
20260528T084821Z,2026-05-28T08:48:21.628339Z,20260528T084821Z_batch01,KPMa1Ih,2026-05-29T00:00:00Z,11 08 01.8,167.0075,-29 22 49,-29.380277777777778,110.0,23.6,1.01,172.5,Map/Offsets,https://cgi.minorplanetcenter.net/cgi-bin/confirmeph2.cgi
20260528T084821Z,2026-05-28T08:48:21.628339Z,20260528T084821Z_batch01,KPMa1Ih,2026-05-29T01:00:00Z,11 08 02.4,167.01,-29 23 50,-29.397222222222222,110.0,23.6,1.01,172.5,Map/Offsets,https://cgi.minorplanetcenter.net/cgi-bin/confirmeph2.cgi
20260528T084821Z,2026-05-28T08:48:21.628339Z,20260528T084821Z_batch01,KPMa1Ih,2026-05-29T02:00:00Z,11 08 03.0,167.0125,-29 24 50,-29.413888888888888,109.9,23.6,1.01,172.4,Map/Offsets,https://cgi.minorplanetcenter.net/cgi-bin/confirmeph2.cgi
20260528T084821Z,2026-05-28T08:48:21.628339Z,20260528T084821Z_batch01,KPMa1Ih,2026-05-29T03:00:00Z,11 08 03.6,167.015,-29 25 50,-29.430555555555557,109.9,23.6,1.01,172.3,Map/Offsets,https://cgi.minorplanetcenter.net/cgi-bin/confirmeph2.cgi
20260528T084821Z,2026-05-28T08:48:21.628339Z,20260528T084821Z_batch01,KPMa1Ih,2026-05-29T04:00:00Z,11 08 04.2,167.01749999999998,-29 26 50,-29.447222222222223,109.9,23.6,1.01,172.3,Map/Offsets,https://cgi.minorplanetcenter.net/cgi-bin/confirmeph2.cgi
20260528T084821Z,2026-05-28T08:48:21.628339Z,20260528T084821Z_batch01,KPMa1Ih,2026-05-29T05:00:00Z,11 08 04.8,167.01999999999998,-29 27 50,-29.46388888888889,109.9,23.6,1.01,172.2,Map/Offsets,https://cgi.minorplanetcenter.net/cgi-bin/confirmeph2.cgi
20260528T084821Z,2026-05-28T08:48:21.628339Z,20260528T084821Z_batch01,KPMa1Ih,2026-05-29T06:00:00Z,11 08 05.5,167.02291666666665,-29 28 49,-29.480277777777776,109.8,23.6,1.01,172.1,Map/Offsets,https://cgi.minorplanetcenter.net/cgi-bin/confirmeph2.cgi
20260528T084821Z,2026-05-28T08:48:21.628339Z,20260528T084821Z_batch01,KPMa1Ih,2026-05-29T07:00:00Z,11 08 06.1,167.02541666666667,-29 29 49,-29.496944444444445,109.8,23.6,1.01,172.1,Map/Offsets,https://cgi.minorplanetcenter.net/cgi-bin/confirmeph2.cgi
