tracklet_id,source_file,source_file_index,ObjID,night,n_det,night_span_min,dt_min,mean_ra,mean_dec,mean_dra,mean_ddec,mean_mag,ra0,dec0,mjd0_tai,mjd0_utc,mag0,filter0,snr0,ra1,dec1,mjd1_tai,mjd1_utc,mag1,filter1,snr1,H_r,H_filter,range_km,obj_sun_km,ecl_lon,ecl_lat,prob_map,prob_map_file,prob_map_obstime_str,prob_map_center_lon_deg,prob_map_center_lat_deg,prob_map_dist_deg,population,a_au,e,q_au,n_det_per_night,P_NEO_vdp,vlam,vbeta,mag_bin_label,digest2_id,P_NEO_d2,mean_mag_V,mag_bin_label_Vband,P_NEO_vdp_Vband,observationId0,observationStartMJD0,visitExposureTime0,visitTime0,fieldRA0,fieldDec0,rotSkyPos0,band0,visit_match_error_s0,observationId1,observationStartMJD1,visitExposureTime1,visitTime1,fieldRA1,fieldDec1,rotSkyPos1,band1,visit_match_error_s1,field_key,on_sensor0,detector0,on_sensor1,detector1,field_label
inst00305_part003:S100BZtZa:61642,inst00305_part003.h5,4883,S100BZtZa,61642,2,34.173501619370654,34.173501619370654,331.3198952448246,-10.22600475333177,-0.243910732045925,0.017290731902801948,22.083369028191168,331.3227807182177,-10.226212786106094,61642.14693033903,61642.146502098294,22.336315517999427,r,25.045952849769822,331.3170097714315,-10.225796720557446,61642.17066193738,61642.17023369664,21.83042253838291,i,28.589003509293338,18.633492301749875,18.385429337953518,274966201.37421304,426135483.3613721,329.72464293216115,1.4317569884484773,grid_dlon+000_lat+01,prob_maps_grid_dlon+000_lat+01.npz,2026-01-01T00:00:00,100.20000624993276,1.0,3.47741859088205,MBA,3.1868531916842207,0.12648,2.78378,2,0.00033702377868648496,-0.2189683535886087,0.09999580880416364,mag22,D000343,0.0,22.67793969023765,mag22,0.00010991804535834554,373773,61642.14675094088,30.0,31.0,330.4153278564736,-10.669984224775128,173.57048323698308,r,0.0,373825,61642.17048253923,30.0,31.0,330.4153278564736,-10.669984224775128,156.47074690898765,i,0.0,373773-373825,True,81,True,84,N
inst00293_part003:S100A4zya:61642,inst00293_part003.h5,4691,S100A4zya,61642,2,36.45291106891818,36.45291106891818,308.21367306470574,-20.793119711130217,-0.24934580253733446,0.07226258900828894,23.149780834124307,308.2168194036324,-20.79402763470201,61642.20517481482,61642.20474657408,23.265741634230547,i,7.5055368590392035,308.2105267257791,-20.792211787558422,61642.2304893364,61642.23006109566,23.03382003401807,z,5.152334346356282,19.88172423959736,19.27113792081876,253923478.99246463,395352724.977117,305.35043578937,-1.9209337032533278,grid_dlon-030_lat-02,prob_maps_grid_dlon-030_lat-02.npz,2026-01-01T00:00:00,70.20000624993276,-2.0,2.119350240972544,MBA,2.330256036495661,0.25909,1.72651,2,0.002891083164982312,-0.20825604148070692,0.1274292093776347,mag23,D001149,0.01,24.108642913305548,mag24+,0.0026951554743485672,373905,61642.20499541667,30.0,31.0,308.8151615658631,-22.414323129384417,73.50827098113933,i,0.0,373961,61642.23030993825,30.0,31.0,308.8151615658631,-22.414323129384417,71.32351469269727,z,0.0,373905-373961,True,75,True,75,H
inst00289_part002:S100zpXVa:61642,inst00289_part002.h5,4626,S100zpXVa,61642,3,34.17312336503528,34.17312336503528,317.359891038255,-13.2272744804694,-0.2125459732708362,-0.11535172800897585,23.11751159958463,317.36242625847706,-13.225912281579596,61642.14349528497,61642.14306704423,23.307498828131596,r,11.561733435695873,317.357355818033,-13.228636679359207,61642.16722662064,61642.1667983799,22.92752437103767,i,9.325825213101082,20.348879224237244,20.12855421628843,196909120.27590483,344890899.38103515,315.8109636121961,3.0018956777069805,grid_dlon-020_lat+03,prob_maps_grid_dlon-020_lat+03.npz,2026-01-01T00:00:00,80.20000624993276,3.0,2.6391974062149,MBA,2.3671723484032237,0.07188,2.19702,3,0.00117442155669543,-0.2319436672496018,-0.04966152015407624,mag23,D001564,0.0,23.6089573832962,mag23,0.0011101560791838964,373765,61642.14331588682,30.0,31.0,315.6825177941189,-13.277114016451204,144.96652051211944,r,0.0,373817,61642.167047222494,30.0,31.0,315.6825177941189,-13.277114016451204,120.54319117917052,i,6.28642737865448e-07,373765-373817,True,124,True,165,A
inst00236_part011:S100rxCpa:61642,inst00236_part011.h5,3787,S100rxCpa,61642,2,34.21338453772478,34.21338453772478,347.43432362278935,-10.63106100720206,-0.19242130106184796,-0.07885190646173215,22.604276975854766,347.43661474566306,-10.63012402056407,61642.253589535016,61642.25316129428,23.03597320362343,g,17.264143196871,347.4320324999156,-10.631997993840049,61642.27734882983,61642.276920589095,22.172580748086098,r,31.645286620643958,18.23262021363077,18.646365873287138,269494382.84562075,417964817.2413141,344.30066122622367,-4.83040650230998,grid_dlon+010_lat-05,prob_maps_grid_dlon+010_lat-05.npz,2026-01-01T00:00:00,110.20000624993276,-5.0,1.034378512991516,MBA,2.8718242910998195,0.02384,2.80336,2,0.0005029186416688299,-0.20562610998807207,0.001066579337955345,mag22,D002329,0.01,22.55791110256763,mag22,0.00032202929837687593,374006,61642.253410136866,30.0,31.0,347.6615257772227,-8.854711246793014,125.93350398601339,g,0.0,374058,61642.27716943168,30.0,31.0,347.6615257772227,-8.854711246793014,109.34834614082037,r,0.0,374006-374058,True,161,True,155,B
inst00138_part007:S100ecFga:61642,inst00138_part007.h5,2215,S100ecFga,61642,2,34.17127062915824,34.17127062915824,320.735984245889,-14.878271168966203,-0.203894871810968,-0.1476657387208217,23.15144528691484,320.7384098637831,-14.876503299550198,61642.14436164236,61642.14393340162,23.429724640134985,r,9.614264135608144,320.7335586279949,-14.880039038382208,61642.168091691405,61642.167663450666,22.873165933694693,i,8.362968036929296,20.86372678016621,20.60897287640455,183228602.18582368,332362083.53725326,318.43970200928857,0.4430207113360325,grid_dlon-010_lat+00,prob_maps_grid_dlon-010_lat+00.npz,2026-01-01T00:00:00,90.20000624993276,0.0,4.75360899982876,MBA,2.4013093218965724,0.07433,2.22282,2,0.0019802931099445692,-0.23296585394249067,-0.07979707928564854,mag23,D003902,0.0,23.762472410510284,mag23,0.00033676562733013027,373767,61642.14418224421,30.0,31.0,321.102050420575,-13.536656576810467,159.46952532922018,r,0.0,373819,61642.167912293255,30.0,31.0,321.102050420575,-13.536656576810467,134.67718928161105,i,0.0,373767-373819,True,181,True,156,P
inst00112_part009:S100aXeoa:61642,inst00112_part009.h5,1801,S100aXeoa,61642,2,34.328452760819346,34.328452760819346,256.7121363452389,-23.627417207324612,0.13253195025779393,-0.00749926564014545,22.10789489612384,256.7105619671464,-23.627321531214204,61642.05405392916,61642.05362568842,22.396033162743844,r,21.123018416934986,256.71371072333136,-23.62751288343502,61642.07789313247,61642.07746489173,21.81975662950384,i,21.183462741680138,17.16265064956528,16.908742821973306,364064807.73342353,432224270.11794686,257.83897012532924,-0.747174381268018,grid_dlon-080_lat-01,prob_maps_grid_dlon-080_lat-01.npz,2026-01-01T00:00:00,20.200006249932756,-1.0,4.76207743468197,MBA,3.0250536703795703,0.11031,2.69136,2,0.0014695273721540994,0.12160934300815658,0.0036342782880675753,mag22,D004526,0.01,22.739152074150535,mag22,0.0011390193055477846,373567,61642.05387453101,30.0,31.0,255.57356396909347,-22.958749626878994,72.95550297090713,r,0.0,373619,61642.07771373432,30.0,31.0,255.57356396909347,-22.958749626878994,70.77344610239842,i,0.0,373567-373619,True,149,True,149,V
inst00317_part012:S100DZkAa:61642,inst00317_part012.h5,5084,S100DZkAa,61642,2,34.18257205397822,34.18257205397822,262.99258936632515,-23.195509989056873,0.050932855425956526,0.00450983669849005,22.678829124383107,262.9919648200941,-23.19560582039795,61642.10585084488,61642.10542260414,22.776172063101658,i,8.573613663239508,262.9932139125562,-23.195414157715792,61642.12958874214,61642.1291605014,22.581486185664556,z,7.846795131939692,17.999957387707358,17.401534176738565,376807980.0604651,456060785.6172762,263.55765270148123,0.0872927534633678,grid_dlon-070_lat+00,prob_maps_grid_dlon-070_lat+00.npz,2026-01-01T00:00:00,30.200006249932756,0.0,0.43190502427628913,MBA,2.636622809633438,0.16167,2.21036,2,0.001369757590261777,0.046541803239419643,0.006776396698226199,mag22,D004589,0.0,23.61729494764454,mag23,0.0015860744379918663,373684,61642.105671446734,30.0,31.0,262.3464125266547,-22.444355960056903,71.11750764041383,i,6.28642737865448e-07,373736,61642.12940934399,30.0,31.0,262.3464125266547,-22.444355960056903,70.824918879744,z,0.0,373684-373736,True,107,True,107,Z
inst00148_part001:S100fq9wa:61642,inst00148_part001.h5,2369,S100fq9wa,61642,2,34.20976972673088,34.20976972673088,347.1818918364536,-14.165916326663382,-0.17361007060783018,-0.12109392388246576,20.975041686133835,347.18395278165775,-14.164482899554491,61642.254867323965,61642.254439083226,21.24786552286853,g,87.92371411399358,347.1798308912495,-14.167349753772275,61642.2786241085,61642.27819586776,20.702217849399144,r,122.62832025859583,16.162798272891994,16.452164705033937,317327974.62265605,465623127.28498304,342.68287680667606,-7.988259168181888,grid_dlon+010_lat-08,prob_maps_grid_dlon+010_lat-08.npz,2026-01-01T00:00:00,110.20000624993276,-8.0,0.5987801320063916,MBA,3.01311399492701,0.04987,2.86285,2,0.00039966299940443265,-0.20429305794572025,-0.04549025506478567,mag20,D006749,0.02,20.942876981099904,mag20,0.00035179382307639793,374009,61642.254687925815,30.0,31.0,346.6804859599491,-14.744148465919585,117.19964498642732,g,0.0,374061,61642.27844471035,30.0,31.0,346.6804859599491,-14.744148465919585,99.02150734848671,r,0.0,374009-374061,True,88,True,127,Y
inst00156_part012:S100gyCaa:61642,inst00156_part012.h5,2508,S100gyCaa,61642,2,34.312762225745246,34.312762225745246,248.4998059370654,-31.159883775765053,0.13678324146440635,0.0232168909211044,21.820855789888448,248.4981722638994,-31.160157761616635,61642.05831489474,61642.057886654,22.06009737946136,r,28.79374525594166,248.50143961023136,-31.159609789913468,61642.08214320184,61642.0817149611,21.58161420031554,i,32.59018306749547,16.50268400259067,16.258285870959835,403027774.85146093,454563313.06583464,251.47716238711504,-9.092450431139332,grid_dlon-080_lat-08,prob_maps_grid_dlon-080_lat-08.npz,2026-01-01T00:00:00,20.200006249932756,-8.0,1.9461784983064427,MBA,2.7381811598575827,0.17145,2.26872,2,0.0025487735900238807,0.1137680592078254,0.0402438417747439,mag21,D007289,0.77,22.402569918928613,mag22,0.0026398759676567935,373577,61642.05813549659,30.0,31.0,247.8261477933222,-30.764583262605335,58.24793538934472,r,0.0,373629,61642.08196380369,30.0,31.0,247.8261477933222,-30.764583262605335,60.83513165254162,i,0.0,373577-373629,True,106,True,106,T
inst00327_part005:S100Fw4Ka:61642,inst00327_part005.h5,5237,S100Fw4Ka,61642,2,34.34539839159697,34.34539839159697,272.9042747466368,-22.76467845809838,0.12554099399922203,-0.0425611704737483,20.340683314789196,272.9027765860655,-22.76417090226583,61642.09502691247,61642.094598671734,20.44553836297961,i,86.17653635126732,272.9057729072082,-22.765186013930933,61642.11887788358,61642.11844964284,20.23582826659878,z,72.13044337171695,18.15066694582517,17.522714386719056,167080914.31299102,277654878.94301677,272.6741684592125,0.6476079844769497,grid_dlon-060_lat+01,prob_maps_grid_dlon-060_lat+01.npz,2026-01-01T00:00:00,40.200006249932756,1.0,0.5714162206509525,MBA,2.213635393251372,0.20369,1.76274,2,0.0008822691176348012,0.11488756014001947,-0.04488577351398626,mag20,D011047,0.03,21.31796892807014,mag21,0.0008218230924278734,373659,61642.094847514316,30.0,31.0,272.320612345032,-21.213523687699524,77.52003801990354,i,6.28642737865448e-07,373711,61642.11869848543,30.0,31.0,272.320612345032,-21.213523687699524,73.83158954872613,z,0.0,373659-373711,True,116,True,113,F
inst00158_part015:S100gQHza:61642,inst00158_part015.h5,2543,S100gQHza,61642,2,34.21338453772478,34.21338453772478,348.4924700058643,-8.789887485458962,-0.17994373781792222,-0.08728644176137976,24.03005083105839,348.4945625990185,-8.788855898100884,61642.253589535016,61642.25316129428,24.454890134281822,g,5.113570220949335,348.4903774127101,-8.79091907281704,61642.27734882983,61642.276920589095,23.60521152783496,r,9.258276722936515,19.26407822652228,19.653248705179305,313553810.9213747,461329840.31301093,345.9837032341399,-3.541910400542105,grid_dlon+010_lat-04,prob_maps_grid_dlon+010_lat-04.npz,2026-01-01T00:00:00,110.20000624993276,-4.0,2.741959462652164,MBA,2.926556073922146,0.05901,2.75386,2,0.0009010363808631576,-0.1981753699175868,-0.010907555159290382,mag24+,D011060,0.0,23.986802125879084,mag23,0.0002528031855523944,374006,61642.253410136866,30.0,31.0,347.6615257772227,-8.854711246793014,125.93350398601339,g,0.0,374058,61642.27716943168,30.0,31.0,347.6615257772227,-8.854711246793014,109.34834614082037,r,0.0,374006-374058,True,131,True,138,B
inst00870_part009:S10582bRa:61642,inst00870_part009.h5,13929,S10582bRa,61642,2,36.45291106891818,36.45291106891818,307.6250389806362,-21.753740572110658,-0.11514796758299689,0.12216512475556385,23.28550563414997,307.6264956125273,-21.755303065949246,61642.20517481482,61642.20474657408,23.49286941915245,i,7.133756987833269,307.6235823487451,-21.75217807827207,61642.2304893364,61642.23006109566,23.078141849147492,z,4.806197653246072,22.940642900031968,22.320438355280544,98145699.17523336,242827669.7325636,304.5829317476844,-2.7181618745953493,grid_dlon-030_lat-03,prob_maps_grid_dlon-030_lat-03.npz,2026-01-01T00:00:00,70.20000624993276,-3.0,1.3794706630456857,MBA,2.199092571273786,0.26165,1.6237,2,0.0011951024817450763,-0.07412255706682176,0.14450031372770777,mag23,D011606,0.03,24.255067278869426,mag24+,0.0013447236354775845,373905,61642.20499541667,30.0,31.0,308.8151615658631,-22.414323129384417,73.50827098113933,i,0.0,373961,61642.23030993825,30.0,31.0,308.8151615658631,-22.414323129384417,71.32351469269727,z,0.0,373905-373961,True,36,True,36,H
inst00000_part012:S00003tqa:61642,inst00000_part012.h5,12,S00003tqa,61642,2,36.56775874318555,36.56775874318555,308.4913210923953,-14.746421451069445,-0.41185966911830235,0.0975440507931804,23.365786718851183,308.4965190293946,-14.747672244441464,61642.18475161897,61642.18432337823,23.584335176663433,i,6.782172739509419,308.48612315539606,-14.745170657697427,61642.21014589587,61642.20971765513,23.147238261038932,z,4.911470879171057,20.958961147038067,20.357190918594508,187167938.76223955,330735936.3704319,307.10083068749867,3.873201539152955,grid_dlon-030_lat+04,prob_maps_grid_dlon-030_lat+04.npz,2026-01-01T00:00:00,70.20000624993276,4.0,3.8904660205967425,NEO,1.7024773342486137,0.369057929355,1.074164574497,2,0.8110419148569453,-0.36245975359303834,0.19332653359369095,mag23,D012032,1.0,24.250595800256676,mag24+,1.0,373857,61642.184572220816,30.0,31.0,307.55006857284826,-14.514477456298348,92.2770262254423,i,0.0,373913,61642.20996649772,30.0,31.0,307.55006857284826,-14.514477456298348,84.45627244608112,z,0.0,373857-373913,True,143,True,143,R
inst00559_part012:S101q79da:61642,inst00559_part012.h5,8956,S101q79da,61642,2,34.27103605354205,34.27103605354205,352.3454003496339,-1.5376783243533898,-0.2216987718083229,-0.033221417177748847,23.58669579720594,352.3480249542512,-1.537293070657598,61642.24252131733,61642.24209307659,23.936319694283753,g,8.954822087233039,352.3427757450167,-1.5380635780491816,61642.26632064792,61642.26589240718,23.237071900128125,r,9.707196375296629,20.21137825974183,20.51258414250909,205870954.5762757,351287692.7401899,352.359336931196,1.6242697361115008,grid_dlon+020_lat+02,prob_maps_grid_dlon+020_lat+02.npz,2026-01-01T00:00:00,120.20000624993276,2.0,0.9845460430903471,MBA,2.2714225724378134,0.19034,1.83908,2,0.0006252805390920579,-0.21684446456895443,0.05687594691674603,mag23,D012465,0.0,23.55411165469685,mag23,0.0007927690038744574,373980,61642.24234191918,30.0,31.0,351.51746422492533,-2.161525241498186,143.23632355643025,g,0.0,374032,61642.26614124977,30.0,31.0,351.51746422492533,-2.161525241498186,127.70107224370017,r,0.0,373980-374032,True,84,True,87,L
inst00752_part012:S102A3cWa:61642,inst00752_part012.h5,12044,S102A3cWa,61642,2,34.18834700714797,34.18834700714797,338.66131234204187,-15.309222618050509,-0.23226018408733873,-0.1296261656665289,23.23795092444157,338.6640724524308,-15.307697631375163,61642.14821419839,61642.14778595765,23.444862046755706,r,9.825437100723617,338.65855223165295,-15.310747604725856,61642.17195610603,61642.17152786529,23.03103980212743,i,11.82773675803459,21.11182827996299,20.8614734764126,166636493.30457178,317332861.4746715,334.573097916451,-5.890889677501078,grid_dlon+000_lat-05,prob_maps_grid_dlon+000_lat-05.npz,2026-01-01T00:00:00,100.20000624993276,-5.0,1.656617027071021,MBA,2.2956619494775823,0.09268,2.0829,2,0.0010721330902145314,-0.2575410795026372,-0.03685734779105566,mag23,D012673,0.0,23.846477448028974,mag23,0.00312467572884592,373776,61642.14803480024,30.0,31.0,338.53272863894745,-13.867824161971438,188.3313940349604,r,0.0,373828,61642.17177670788,30.0,31.0,338.53272863894745,-13.867824161971438,176.4169057759705,i,0.0,373776-373828,True,174,True,175,J
inst00317_part004:S100DUKwa:61642,inst00317_part004.h5,5076,S100DUKwa,61642,2,34.312762225745246,34.312762225745246,246.24275296358508,-30.13336098165825,0.24941353198885863,-0.01123568808355465,22.61165062449266,246.23977795488074,-30.133222787321916,61642.05831489474,61642.057886654,22.80521471996622,r,13.339490227983594,246.24572797228944,-30.133499175994583,61642.08214320184,61642.0817149611,22.418086529019103,i,14.140052313986434,18.48173334253036,18.274263142035792,284551401.2788113,340357321.3851371,249.3755084681895,-8.378989160355866,grid_dlon-080_lat-08,prob_maps_grid_dlon-080_lat-08.npz,2026-01-01T00:00:00,20.200006249932756,-8.0,3.7315941113724245,MBA,2.3844175455982635,0.15238,2.02108,2,0.0013993189857684134,0.21699521058049184,0.023852673563102864,mag22,D013925,0.02,23.09738748245687,mag23,0.0014387567624547036,373577,61642.05813549659,30.0,31.0,247.8261477933222,-30.764583262605335,58.24793538934472,r,0.0,373629,61642.08196380369,30.0,31.0,247.8261477933222,-30.764583262605335,60.83513165254162,i,0.0,373577-373629,True,29,True,29,T
inst00226_part013:S100q6uUa:61642,inst00226_part013.h5,3629,S100q6uUa,61642,2,34.173501619370654,34.173501619370654,330.57608583117286,-11.109870353417179,-0.2247345577375739,-0.04068095723448485,23.348362088869074,330.57876979740917,-11.109400246116687,61642.14693033903,61642.146502098294,23.714347602321237,r,7.8108116806249415,330.5734018649366,-11.110340460717673,61642.17066193738,61642.17023369664,22.982376575416914,i,9.091927819321674,20.072908218191984,19.817722922218834,264477964.71358865,415605426.28886855,328.7317216930759,0.8572929485678679,grid_dlon+000_lat+01,prob_maps_grid_dlon+000_lat+01.npz,2026-01-01T00:00:00,100.20000624993276,1.0,4.4457217321372955,MBA,2.8483226153894887,0.05299,2.69739,2,0.000429851624887322,-0.22098195059317105,0.03825188146315818,mag23,D014883,0.0,23.96063916665024,mag23,0.0006766637453198888,373773,61642.14675094088,30.0,31.0,330.4153278564736,-10.669984224775128,173.57048323698308,r,0.0,373825,61642.17048253923,30.0,31.0,330.4153278564736,-10.669984224775128,156.47074690898765,i,0.0,373773-373825,True,136,True,136,N
inst00886_part002:STC006Wqa:61642,inst00886_part002.h5,14177,STC006Wqa,61642,2,34.3652157462202,34.3652157462202,10.197618038197191,3.0373329410969334,-0.015170745363641474,-0.00676228289272965,23.59624509133812,10.19780335833235,3.0373852220359607,61642.29824732186,61642.29781908112,23.748252146101724,r,5.866093918179217,10.197432718062032,3.037280660157906,61642.322112055015,61642.321683814276,23.44423803657451,i,6.5976021472233075,8.003054249047924,7.783885218443043,5551275204.470917,5669493845.210982,10.559707497898755,-1.244037291163421,grid_dlon+040_lat-01,prob_maps_grid_dlon+040_lat-01.npz,2026-01-01T00:00:00,140.20000624993276,-1.0,2.775340357456775,TNO,38.66506991328505,0.02093,37.85581,2,9.583716458868164e-05,-0.01659154893766407,-0.00028995542776198463,mag23,D015544,0.01,24.082359872895076,mag24+,8.980087586522547e-05,374107,61642.29806792371,30.0,31.0,10.459801237058713,1.9451247494775845,140.96344844814226,r,0.0,374159,61642.321932656865,30.0,31.0,10.459801237058713,1.9451247494775845,127.24220479209438,i,0.0,374107-374159,True,38,True,37,C
inst00316_part012:S100DPl3a:61642,inst00316_part012.h5,5068,S100DPl3a,61642,2,34.31595815112814,34.31595815112814,247.8856595536178,-23.101269812104306,0.2849811610734243,0.037017626003462,23.42570799933035,247.88229146017605,-23.10173612268928,61642.056621776544,61642.056193535806,23.652284080257065,r,6.276410946185611,247.8890276470596,-23.100803501519334,61642.08045230304,61642.0800240623,23.19913191840363,i,6.546710371873927,19.11732991471733,18.873203033306112,293272387.30224514,349184409.0662092,249.73216863598128,-1.2042614904256128,grid_dlon-080_lat-01,prob_maps_grid_dlon-080_lat-01.npz,2026-01-01T00:00:00,20.200006249932756,-1.0,3.360185293463995,MBA,2.604819724941147,0.1929,2.10235,2,0.0012007533023513277,0.2536839600146642,0.0758614490645505,mag23,D016482,0.0,24.032504966024238,mag24+,0.0019708151544214586,373573,61642.056442378394,30.0,31.0,248.6997815157693,-23.400569102553263,70.20225368589401,r,0.0,373625,61642.08027290489,30.0,31.0,248.6997815157693,-23.400569102553263,69.7145294114945,i,0.0,373573-373625,True,41,True,41,M
inst00372_part006:S100NeRJa:61642,inst00372_part006.h5,5958,S100NeRJa,61642,2,34.19528196332976,34.19528196332976,337.9939945917779,-8.924172809573264,-0.23680974885256204,-0.1026824984890402,23.115776104042133,337.99680980453513,-8.922936429556904,61642.149480002925,61642.149051762186,23.214646655863948,r,9.167522408300036,337.99117937902076,-8.925409189589624,61642.17322672651,61642.17279848577,23.016905552220322,i,11.106377487791942,19.8521101605192,19.60003128663916,252210365.62878162,403092806.48636705,336.3345808240327,0.2817657444603423,grid_dlon+000_lat+00,prob_maps_grid_dlon+000_lat+00.npz,2026-01-01T00:00:00,100.20000624993276,0.0,3.169465158842499,MBA,2.371705831985539,0.15912,1.99432,2,0.001227306396957029,-0.25532452420060103,-0.009165703360980668,mag23,D016523,0.0,23.705744817402973,mag23,0.001741878229672934,373779,61642.149300604775,30.0,31.0,336.49956488075304,-9.032870978565633,179.0276305438203,r,0.0,373831,61642.17304732836,30.0,31.0,336.49956488075304,-9.032870978565633,165.7758240074947,i,0.0,373779-373831,True,76,True,79,K
inst00024_part001:S1000KgQa:61642,inst00024_part001.h5,385,S1000KgQa,61642,2,34.38103106687777,34.38103106687777,269.4115542362765,-26.97619191947879,0.05803486182221082,0.04771162193503785,20.552487159191685,269.4108611343376,-26.976762932594834,61642.094557400014,61642.094129159275,20.673785731021244,i,78.78932725388322,269.4122473382155,-26.975620906362746,61642.11843311603,61642.118004875294,20.431188587362126,z,65.35727484407539,16.58701931441596,15.973229696831766,295915370.45232165,390644232.6293463,269.4707120209673,-3.537983767972018,grid_dlon-060_lat-04,prob_maps_grid_dlon-060_lat-04.npz,2026-01-01T00:00:00,40.200006249932756,-4.0,3.6819228225337515,MBA,2.7287506940588564,0.0995,2.45724,2,0.001455291656517625,0.05162305342759906,0.04792291516212647,mag20,D016655,0.17,21.51925746235992,mag21,0.0020760368275627226,373658,61642.094378001864,30.0,31.0,270.45866431300607,-26.63108025372794,65.10267945919445,i,0.0,373710,61642.11825371788,30.0,31.0,270.45866431300607,-26.63108025372794,64.98675224524713,z,0.0,373658-373710,True,46,True,46,E
inst00096_part011:S100918qa:61642,inst00096_part011.h5,1547,S100918qa,61642,2,34.38103106687777,34.38103106687777,269.8026080595558,-25.855138687033023,0.10180381344767464,0.0855288902987915,20.511851349972748,269.8013943173406,-25.856160632895207,61642.094557400014,61642.094129159275,20.640110557975195,i,80.42189448789681,269.803821801771,-25.854116741170838,61642.11843311603,61642.118004875294,20.3835921419703,z,65.63203615699328,17.706130520393028,17.099264380096493,204457254.0526898,306868203.3934575,269.8183407572328,-2.415979152253918,grid_dlon-060_lat-02,prob_maps_grid_dlon-060_lat-02.npz,2026-01-01T00:00:00,40.200006249932756,-2.0,3.3312632945537324,MBA,2.391300420656017,0.22502,1.85321,2,0.000838903854343018,0.09157720411412526,0.08565446781220555,mag20,D017477,0.05,21.462586969876256,mag21,0.0023746530303009293,373658,61642.094378001864,30.0,31.0,270.45866431300607,-26.63108025372794,65.10267945919445,i,0.0,373710,61642.11825371788,30.0,31.0,270.45866431300607,-26.63108025372794,64.98675224524713,z,0.0,373658-373710,True,81,True,81,E
inst00194_part010:S100lCXma:61642,inst00194_part010.h5,3114,S100lCXma,61642,2,34.17312336503528,34.17312336503528,314.86834408306606,-13.287970770945508,-0.1963037505955219,-0.015375431815793799,22.306067285767966,314.8706780026333,-13.287793064549062,61642.14349528497,61642.14306704423,22.57850906243088,r,24.983888964932884,314.8660101634988,-13.288148477341954,61642.16722662064,61642.1667983799,22.033625509105054,i,20.94307851754178,18.31691478821343,18.074708080818603,283871906.97692883,430122249.0208029,313.46658352180634,3.6401314710973875,grid_dlon-020_lat+04,prob_maps_grid_dlon-020_lat+04.npz,2026-01-01T00:00:00,80.20000624993276,4.0,0.46520346246846583,MBA,2.9641915279380253,0.02928,2.8774,2,0.0009500863566035223,-0.1880424989776147,0.03896599036458206,mag22,D019746,0.0,22.901359204949365,mag22,0.0010574929158670993,373765,61642.14331588682,30.0,31.0,315.6825177941189,-13.277114016451204,144.96652051211944,r,0.0,373817,61642.167047222494,30.0,31.0,315.6825177941189,-13.277114016451204,120.54319117917052,i,6.28642737865448e-07,373765-373817,True,61,True,57,A
inst00219_part009:S100p65va:61642,inst00219_part009.h5,3513,S100p65va,61642,2,36.52376041514799,36.52376041514799,291.302842043337,-27.63244308683265,-0.08373592315035491,0.034695634441481146,21.438464961706053,291.30390813397423,-27.63288017171639,61642.195375061776,61642.19494682104,21.614352511201634,i,35.53383721264958,291.3017759526998,-27.632006001948916,61642.22073878429,61642.22031054355,21.262577412210476,z,26.374131099301607,18.701879798092545,17.94479074037718,213031184.61249647,339859524.77549934,288.8642767646291,-5.577843791196336,grid_dlon-040_lat-05,prob_maps_grid_dlon-040_lat-05.npz,2026-01-01T00:00:00,60.200006249932756,-5.0,4.396760674562204,MBA,2.2099332264117324,0.04603,2.10821,2,0.0018860199917651158,-0.06868637360406032,0.04509954330866439,mag21,D020814,0.04,22.533674221328873,mag22,0.001488862177053847,373882,61642.195195663626,30.0,31.0,291.7046191581302,-27.179875848535122,64.83657429004097,i,0.0,373938,61642.220559386136,30.0,31.0,291.7046191581302,-27.179875848535122,66.39172205669752,z,0.0,373882-373938,True,53,True,53,U
inst00861_part003:S104BG6ta:61642,inst00861_part003.h5,13779,S104BG6ta,61642,2,34.17127062915824,34.17127062915824,321.67140040909516,-13.932384730355793,-0.24136214653989146,0.010816242523937,23.948270551186432,321.6742904550872,-13.93253316519301,61642.14436164236,61642.14393340162,24.207228471252094,r,5.1041279586589345,321.66851036310317,-13.932236295518575,61642.168091691405,61642.167663450666,23.689312631120774,i,4.148478515620334,22.60576164306336,22.38678490558374,133943344.25403804,283675075.034644,319.5944233073523,1.0613954625195947,grid_dlon-010_lat+01,prob_maps_grid_dlon-010_lat+01.npz,2026-01-01T00:00:00,90.20000624993276,1.0,3.5787244568791348,MBA,2.2912611970068784,0.17277,1.8954,2,0.0004752552810885824,-0.2192220396112096,0.08338815452336037,mag23,D022580,0.0,24.441485645602693,mag24+,0.0004826000826716282,373767,61642.14418224421,30.0,31.0,321.102050420575,-13.536656576810467,159.46952532922018,r,0.0,373819,61642.167912293255,30.0,31.0,321.102050420575,-13.536656576810467,134.67718928161105,i,0.0,373767-373819,True,128,True,139,P
inst00119_part000:S100bK93a:61642,inst00119_part000.h5,1904,S100bK93a,61642,2,34.19528196332976,34.19528196332976,337.72838732391324,-9.111908585237494,-0.2034885879788893,-0.09136483031858736,23.52331319780468,337.73083801530413,-9.110838538725039,61642.149480002925,61642.149051762186,23.518570838992325,r,5.887584534689893,337.72593663252235,-9.112978631749947,61642.17322672651,61642.17279848577,23.528055556617034,i,7.254326548965538,20.17707303045509,19.917983820861746,268297118.99625754,419216296.45630336,336.02153761100817,0.20389205985427453,grid_dlon+000_lat+00,prob_maps_grid_dlon+000_lat+00.npz,2026-01-01T00:00:00,100.20000624993276,0.0,2.8511721072473586,MBA,2.8425835344246613,0.08002,2.61512,2,0.0003500469928852302,-0.22044618144075495,-0.010989798564738546,mag23,D023295,0.0,24.145329376942932,mag24+,0.0007982996947157446,373779,61642.149300604775,30.0,31.0,336.49956488075304,-9.032870978565633,179.0276305438203,r,0.0,373831,61642.17304732836,30.0,31.0,336.49956488075304,-9.032870978565633,165.7758240074947,i,0.0,373779-373831,True,77,True,119,K
inst00266_part004:S100vVI1a:61642,inst00266_part004.h5,4260,S100vVI1a,61642,2,36.45291106891818,36.45291106891818,309.171677196374,-21.81998649142724,-0.16227191615559064,-0.0290470730367368,23.47883903691019,309.17373441457596,-21.819596721852616,61642.20517481482,61642.20474657408,23.670058323716788,i,5.959821516171186,309.169619978172,-21.820376261001865,61642.2304893364,61642.23006109566,23.287619750103595,z,4.081919665364298,19.83732991471733,19.23662023003963,287921871.6187201,429286320.0676699,305.95986115857863,-3.1376339200602996,grid_dlon-030_lat-03,prob_maps_grid_dlon-030_lat-03.npz,2026-01-01T00:00:00,70.20000624993276,-3.0,2.7307698855014166,MBA,3.235704593913549,0.17456,2.67088,2,0.0009002707804516876,-0.15333783979223273,0.009794904925245776,mag23,D024068,0.0,24.44221880687056,mag24+,0.000733101908137808,373905,61642.20499541667,30.0,31.0,308.8151615658631,-22.414323129384417,73.50827098113933,i,0.0,373961,61642.23030993825,30.0,31.0,308.8151615658631,-22.414323129384417,71.32351469269727,z,0.0,373905-373961,True,128,True,128,H
inst00286_part000:S100yVooa:61642,inst00286_part000.h5,4576,S100yVooa,61642,2,34.232301854062825,34.232301854062825,319.82667489612413,-6.672578034958276,-0.201007092420325,-0.03090166492251865,23.7881867817942,319.8290612547343,-6.672193772606715,61642.15414510912,61642.15371686838,23.919150696263493,r,5.745998178808079,319.824288537514,-6.672962297309837,61642.17791754096,61642.17748930022,23.657222867324904,i,6.724314352507626,20.312629722573888,20.048258526605316,259925840.5407472,408281659.7841197,320.1172850354327,8.5261808287124,grid_dlon-010_lat+08,prob_maps_grid_dlon-010_lat+08.npz,2026-01-01T00:00:00,90.20000624993276,8.0,3.1098183690313026,MBA,3.055104845502505,0.09772,2.75656,2,0.0006568792908474026,-0.20170933567600574,0.03195236078955128,mag23,D024329,0.0,24.37992825518888,mag24+,0.0003998216669011971,373790,61642.15396571097,30.0,31.0,319.87425652205366,-6.247018758978787,144.29627597575382,r,0.0,373842,61642.177738142804,30.0,31.0,319.87425652205366,-6.247018758978787,126.39120112850028,i,6.28642737865448e-07,373790-373842,True,98,True,105,W
inst00599_part010:S101B8i0a:61642,inst00599_part010.h5,9594,S101B8i0a,61642,2,34.18834700714797,34.18834700714797,339.4303013922225,-14.934461812448808,-0.2740711594710745,-0.0659409140413252,23.43112495426142,339.433574415599,-14.933674042097474,61642.14821419839,61642.14778595765,23.699013756619163,r,6.344660960187556,339.42702836884587,-14.935249582800141,61642.17195610603,61642.17152786529,23.16323615190368,i,7.696507155805863,22.076991904378204,21.822818948344608,142584935.2479365,293263578.21853054,335.4060462224894,-5.820447235343484,grid_dlon+000_lat-05,prob_maps_grid_dlon+000_lat-05.npz,2026-01-01T00:00:00,100.20000624993276,-5.0,2.3757854375830507,MBA,2.1754531946508173,0.15875,1.8301,2,0.0018688772177517235,-0.27164366785512506,0.03798582094665511,mag23,D024358,0.01,24.018306005916813,mag24+,0.060568021769571045,373776,61642.14803480024,30.0,31.0,338.53272863894745,-13.867824161971438,188.3313940349604,r,0.0,373828,61642.17177670788,30.0,31.0,338.53272863894745,-13.867824161971438,176.4169057759705,i,0.0,373776-373828,True,132,True,163,J
inst00602_part001:S101BOz9a:61642,inst00602_part001.h5,9633,S101BOz9a,61642,2,34.225487157236785,34.225487157236785,326.3792622034107,-3.8410397634588582,-0.2562719445900715,-0.0033100094044705,22.952486216806005,326.3823086821129,-3.8409919367363305,61642.153291680894,61642.152863440155,23.17194110423571,r,12.760999521397215,326.37621572470846,-3.841087590181386,61642.17705938031,61642.17663113957,22.7330313293763,i,14.520673914480575,20.19268400259067,19.948285870959836,208453264.28280398,358366387.3021575,327.2906456242798,9.107695454197362,grid_dlon-010_lat+08,prob_maps_grid_dlon-010_lat+08.npz,2026-01-01T00:00:00,90.20000624993276,8.0,4.255905327234021,MBA,2.6750105226670633,0.19222,2.16082,2,0.0004564053332170329,-0.2450794469235985,0.08265939855590622,mag22,D024529,0.01,23.53420034584617,mag23,0.000933465936161595,373788,61642.153112282744,30.0,31.0,325.93481101602737,-4.2091162795698995,156.0050468846943,r,0.0,373840,61642.17687998216,30.0,31.0,325.93481101602737,-4.2091162795698995,139.63401455881424,i,0.0,373788-373840,True,83,True,86,G
inst00246_part003:S100sWJ3a:61642,inst00246_part003.h5,3939,S100sWJ3a,61642,2,34.3652157462202,34.3652157462202,10.63756667465347,0.7167254500090086,-0.08289218859892954,-0.052130229668283096,22.152489284939726,10.63855494229523,0.7173499835622952,61642.29824732186,61642.29781908112,22.327873178875674,r,21.59918828394255,10.636578407011712,0.7161009164557219,61642.322112055015,61642.321683814276,21.977105391003782,i,23.71615536415516,17.61811872743967,17.409980741662608,319719539.607026,447861173.11425096,10.055078317974008,-3.551496804757421,grid_dlon+040_lat-04,prob_maps_grid_dlon+040_lat-04.npz,2026-01-01T00:00:00,140.20000624993276,-4.0,3.2998424639984267,MBA,3.0627997690231803,0.15143,2.599,2,0.001391893941681457,-0.09686788613852294,-0.015499022309392763,mag22,D026106,0.01,22.632508543277115,mag22,0.000683534866668599,374107,61642.29806792371,30.0,31.0,10.459801237058713,1.9451247494775845,140.96344844814226,r,0.0,374159,61642.321932656865,30.0,31.0,10.459801237058713,1.9451247494775845,127.24220479209438,i,0.0,374107-374159,True,181,True,152,C
inst00000_part007:S000023Ia:61642,inst00000_part007.h5,7,S000023Ia,61642,2,36.45291106891818,36.45291106891818,309.7819776586379,-22.101562820340856,-0.3495092472220473,-0.13679807080653,22.377445309841384,309.786385068883,-22.09983081897186,61642.20517481482,61642.20474657408,22.643335178357038,i,13.462940337401374,309.7775702483928,-22.103294821709852,61642.2304893364,61642.23006109566,22.111555441325727,z,9.18444235117496,20.2396173668706,19.621263900079942,188561215.02885538,331704735.5398054,306.4368985621924,-3.553410948868854,grid_dlon-030_lat-04,prob_maps_grid_dlon-030_lat-04.npz,2026-01-01T00:00:00,70.20000624993276,-4.0,3.2353096643065746,NEO,1.6108870859165023,0.690881188317,0.497955501754,2,1.0,-0.3486759940934836,-0.049694400427614985,mag22,D028089,1.0,23.350181409761444,mag23,1.0,373905,61642.20499541667,30.0,31.0,308.8151615658631,-22.414323129384417,73.50827098113933,i,0.0,373961,61642.23030993825,30.0,31.0,308.8151615658631,-22.414323129384417,71.32351469269727,z,0.0,373905-373961,True,142,True,142,H
inst00314_part011:S100DvnAa:61642,inst00314_part011.h5,5035,S100DvnAa,61642,2,34.18834700714797,34.18834700714797,338.5970749680062,-14.369526708013495,-0.195984543429652,-0.16696612014657386,21.76665799392992,338.599405545587,-14.36754795687663,61642.14821419839,61642.14778595765,21.99530523219041,r,33.67684572427196,338.59474439042543,-14.37150545915036,61642.17195610603,61642.17152786529,21.53801075566943,i,37.89133436924432,18.588252905469844,18.372097188695296,238921235.56605434,389635884.87853456,334.8664574261932,-4.99556825416401,grid_dlon+000_lat-05,prob_maps_grid_dlon+000_lat-05.npz,2026-01-01T00:00:00,100.20000624993276,-5.0,1.690044485023269,MBA,2.6873555557944298,0.06971,2.50002,2,0.0005222174473796003,-0.23922603618809982,-0.08442028764719445,mag21,D034029,0.0,22.244560805234624,mag22,0.00026763508054893943,373776,61642.14803480024,30.0,31.0,338.53272863894745,-13.867824161971438,188.3313940349604,r,0.0,373828,61642.17177670788,30.0,31.0,338.53272863894745,-13.867824161971438,176.4169057759705,i,0.0,373776-373828,True,135,True,136,J
inst00111_part003:S100aMAxa:61642,inst00111_part003.h5,1779,S100aMAxa,61642,2,34.173501619370654,34.173501619370654,331.7175567649557,-10.773757264775966,-0.19894807848315027,-0.07138919008699421,20.07715700087553,331.71991881198784,-10.772912102637719,61642.14693033903,61642.146502098294,20.328924995264565,r,123.22736856869918,331.71519471792357,-10.774602426914212,61642.17066193738,61642.17023369664,19.8253890064865,i,139.1780599475048,16.750816784732987,16.493656148326668,267555626.97605932,418754709.2576877,329.8994404374561,0.7818552632692112,grid_dlon+000_lat+01,prob_maps_grid_dlon+000_lat+01.npz,2026-01-01T00:00:00,100.20000624993276,1.0,3.282967221584487,MBA,3.0824095216034064,0.09343,2.79442,2,0.0005479313510431857,-0.2080845481509396,0.001602628798590862,mag20,D034328,0.02,20.683500852548864,mag20,0.00044508774375764867,373773,61642.14675094088,30.0,31.0,330.4153278564736,-10.669984224775128,173.57048323698308,r,0.0,373825,61642.17048253923,30.0,31.0,330.4153278564736,-10.669984224775128,156.47074690898765,i,0.0,373773-373825,True,80,True,122,N
inst00161_part004:S100h9m3a:61642,inst00161_part004.h5,2580,S100h9m3a,61642,2,34.34539839159697,34.34539839159697,271.451510651269,-22.11743166057383,0.039743133619733625,-0.0155878378833531,22.761506024981543,271.45103414551613,-22.117238613728922,61642.09502691247,61642.094598671734,22.967064327875995,i,11.035847605609606,271.45198715702185,-22.117624707418738,61642.11887788358,61642.11844964284,22.555947722087087,z,8.942518713540428,18.2455039198594,17.639479506314586,359135951.47470546,454098040.8455638,271.3411659332816,1.3150727444779484,grid_dlon-060_lat+01,prob_maps_grid_dlon-060_lat+01.npz,2026-01-01T00:00:00,40.200006249932756,1.0,1.8104569920010742,MBA,3.175917801599715,0.21361,2.49751,2,0.0012861966753125336,0.036669283448922,-0.015958130518450173,mag22,D037958,0.0,23.712026518666956,mag23,0.0013530058517944906,373659,61642.094847514316,30.0,31.0,272.320612345032,-21.213523687699524,77.52003801990354,i,6.28642737865448e-07,373711,61642.11869848543,30.0,31.0,272.320612345032,-21.213523687699524,73.83158954872613,z,0.0,373659-373711,True,55,True,55,F
inst00190_part012:S100l5gAa:61642,inst00190_part012.h5,3052,S100l5gAa,61642,2,36.431736872764304,36.431736872764304,318.13491298141156,-19.329441179575547,-0.19157681710629054,-0.0449254387499965,22.169582638846933,318.1373364825833,-19.328874064014,61642.207303253446,61642.20687501271,22.2868496327791,i,21.266897622309244,318.1324894802399,-19.33000829513709,61642.23260307072,61642.23217482998,22.052315644914763,z,14.294428957959536,18.27258303654217,17.69197373162316,305586688.0229571,452400418.7426705,314.72358661738525,-3.0485552135086498,grid_dlon-020_lat-03,prob_maps_grid_dlon-020_lat-03.npz,2026-01-01T00:00:00,80.20000624993276,-3.0,1.489718419775511,MBA,2.99514335749776,0.01784,2.94171,2,0.0008039195293724182,-0.1862309977425884,0.01072490592223735,mag22,D039972,0.01,23.10760890722377,mag23,0.0014364284532565963,373910,61642.207123855296,30.0,31.0,317.51308485366314,-17.84516531742886,88.53112261378887,i,0.0,373966,61642.23242367257,30.0,31.0,317.51308485366314,-17.84516531742886,80.808015289907,z,0.0,373910-373966,True,154,True,116,I
inst00129_part004:S100d2BWa:61642,inst00129_part004.h5,2068,S100d2BWa,61642,2,34.360883255722,34.360883255722,5.195176538860494,2.5516553943672733,-0.08398549009015668,-0.09949738740971159,23.278741800988513,5.196183941559411,2.552835633835217,61642.298680903965,61642.298252663226,23.484787830868612,r,7.888909837512562,5.194169136161577,2.550475154899329,61642.32254262845,61642.32211438771,23.07269577110841,i,9.330064680500568,19.165711842164868,18.90882070438257,285294006.8542146,419019106.60834235,5.775885314799798,0.2786746650212355,grid_dlon+030_lat+00,prob_maps_grid_dlon+030_lat+00.npz,2026-01-01T00:00:00,130.20000624993276,0.0,2.46695109496353,MBA,3.100434538828147,0.14392,2.65422,2,0.002990552788839575,-0.11645495258006656,-0.058119506881570346,mag23,D040606,0.0,23.899921096605944,mag23,0.0015347548953823656,374108,61642.298501505815,30.0,31.0,5.612435850997294,2.863202976914128,133.06386966920232,r,0.0,374160,61642.3223632303,30.0,31.0,5.612435850997294,2.863202976914128,120.3423953691796,i,0.0,374108-374160,True,102,True,99,D
inst00391_part012:S100QBMBa:61642,inst00391_part012.h5,6268,S100QBMBa,61642,2,34.3652157462202,34.3652157462202,10.00099560212766,3.3450860133395453,-0.11410206264634931,-0.041010587587046954,22.526635099736126,10.002359329551552,3.345578741563875,61642.29824732186,61642.29781908112,22.763988886784258,r,14.803819672712438,9.999631874703766,3.3445932851152156,61642.322112055015,61642.321683814276,22.289281312687997,i,17.560859848079055,19.2746308261487,19.02355177786327,217509702.24708807,348296350.6129557,10.499606514158929,-0.883979567543202,grid_dlon+040_lat-01,prob_maps_grid_dlon+040_lat-01.npz,2026-01-01T00:00:00,140.20000624993276,-1.0,2.827073487598776,MBA,2.397202684129679,0.13417,2.07557,2,0.001061615693039578,-0.12088327545686031,0.006894512522369708,mag22,D044462,0.0,23.12308332187286,mag23,0.0010016205332659958,374107,61642.29806792371,30.0,31.0,10.459801237058713,1.9451247494775845,140.96344844814226,r,0.0,374159,61642.321932656865,30.0,31.0,10.459801237058713,1.9451247494775845,127.24220479209438,i,0.0,374107-374159,True,5,True,6,C
inst00007_part003:S0000uQ8a:61642,inst00007_part003.h5,115,S0000uQ8a,61642,2,34.225487157236785,34.225487157236785,326.8429663149421,-3.323452793174889,-0.5971715695776677,-0.755495714400306,22.188579688672274,326.85006490671,-3.314470641978388,61642.153291680894,61642.152863440155,22.344269217391595,r,19.246959792971325,326.83586772317426,-3.33243494437139,61642.17705938031,61642.17663113957,22.032890159952952,i,19.89211605993345,23.60830879646685,23.36826017011514,44852710.20386058,195560849.86283302,327.908708870616,9.439351866430126,grid_dlon-010_lat+08,prob_maps_grid_dlon-010_lat+08.npz,2026-01-01T00:00:00,90.20000624993276,8.0,4.941558870009549,NEO,1.334624626648758,0.555931930814,0.592664181044,2,1.0,-0.8274139274370399,-0.5098916888589738,mag22,D045782,1.0,22.771319518557135,mag22,1.0,373788,61642.153112282744,30.0,31.0,325.93481101602737,-4.2091162795698995,156.0050468846943,r,0.0,373840,61642.17687998216,30.0,31.0,325.93481101602737,-4.2091162795698995,139.63401455881424,i,0.0,373788-373840,True,35,True,77,G
inst00767_part004:S102IaRFa:61642,inst00767_part004.h5,12276,S102IaRFa,61642,2,34.232301854062825,34.232301854062825,320.6096294370816,-6.4284130734739175,-0.21705775967079216,-0.00170146153070265,23.174341331439862,320.61221060885526,-6.428393566402471,61642.15414510912,61642.15371686838,23.493647666197344,r,10.911534345586833,320.607048265308,-6.428432580545364,61642.17791754096,61642.17748930022,22.855034996682384,i,12.399136717405499,22.287349465551426,22.037662986581452,111271952.75074606,260751582.94473195,320.9416092765686,8.517960226774928,grid_dlon-010_lat+08,prob_maps_grid_dlon-010_lat+08.npz,2026-01-01T00:00:00,90.20000624993276,8.0,2.2997445303162367,MBA,2.214897238523487,0.21274,1.7437,2,0.00029690686494277744,-0.20782893408727135,0.06543035564003598,mag23,D046030,0.01,23.776678344858407,mag23,0.0001616404147812619,373790,61642.15396571097,30.0,31.0,319.87425652205366,-6.247018758978787,144.29627597575382,r,0.0,373842,61642.177738142804,30.0,31.0,319.87425652205366,-6.247018758978787,126.39120112850028,i,6.28642737865448e-07,373790-373842,True,128,True,138,W
inst00121_part002:S100c0zGa:61642,inst00121_part002.h5,1938,S100c0zGa,61642,2,34.360883255722,34.360883255722,4.286784526158073,3.8873348384211077,-0.08426632315395624,-0.0873363414497572,18.70342935915506,4.287787997810369,3.8883755930335124,61642.298680903965,61642.298252663226,18.94626895197396,r,269.3606722759628,4.285781054505776,3.8862940838087026,61642.32254262845,61642.32211438771,18.460589766336156,i,295.2210116236046,16.242479032847804,16.00004608401498,169455346.50846058,306715212.3038472,5.47280869618308,1.8644734695214624,grid_dlon+030_lat+02,prob_maps_grid_dlon+030_lat+02.npz,2026-01-01T00:00:00,130.20000624993276,2.0,2.152354435123628,MBA,2.325579544550178,0.12043,2.04551,2,0.0014891806494775122,-0.11188862311741267,-0.04679745424142339,18_20,D047091,0.09,19.28338327514008,18_20,0.0007094995991063702,374108,61642.298501505815,30.0,31.0,5.612435850997294,2.863202976914128,133.06386966920232,r,0.0,374160,61642.3223632303,30.0,31.0,5.612435850997294,2.863202976914128,120.3423953691796,i,0.0,374108-374160,True,11,True,9,D
inst00067_part009:S1005zmca:61642,inst00067_part009.h5,1081,S1005zmca,61642,2,34.360883255722,34.360883255722,6.113506805445412,4.362227466802345,-0.10136903371606301,-0.083781567211892,20.123165122356234,6.114717991659745,4.363225959329521,61642.298680903965,61642.298252663226,20.37591786787681,r,107.26467649437775,6.112295619231077,4.3612289742751695,61642.32254262845,61642.32211438771,19.870412376835652,i,121.28084929840702,15.57018102129558,15.321390102541068,323076328.17421675,454368905.45229995,7.334652957376373,1.5784248410583948,grid_dlon+030_lat+02,prob_maps_grid_dlon+030_lat+02.npz,2026-01-01T00:00:00,130.20000624993276,2.0,4.032027219018989,MBA,3.038631581184773,0.05906,2.85917,2,0.0006973500058224404,-0.12602436949314216,-0.036952564611233425,mag20,D047237,0.03,20.701775019815166,mag20,0.0007146814270129871,374108,61642.298501505815,30.0,31.0,5.612435850997294,2.863202976914128,133.06386966920232,r,0.0,374160,61642.3223632303,30.0,31.0,5.612435850997294,2.863202976914128,120.3423953691796,i,0.0,374108-374160,True,31,True,72,D
inst00002_part006:S0000amca:61642,inst00002_part006.h5,38,S0000amca,61642,2,34.18834700714797,34.18834700714797,338.0561069821153,-13.848265329222237,-0.4137941225044335,-0.2881894322753179,23.787594362811948,338.0610043770196,-13.844815670060603,61642.14821419839,61642.14778595765,23.725134336148987,r,4.670234485049485,338.051209587211,-13.85171498838387,61642.17195610603,61642.17152786529,23.85005438947491,i,5.175992655446013,22.32266404745834,22.10328017777496,146325906.83762234,297237770.00023174,334.5715786877114,-4.316901595047314,grid_dlon+000_lat-04,prob_maps_grid_dlon+000_lat-04.npz,2026-01-01T00:00:00,100.20000624993276,-4.0,1.4306963483025021,NEO,2.1392342169161185,0.652966072046,0.74238685311,2,1.0,-0.48125014458537274,-0.11907943771500992,mag23,D047852,1.0,24.282314185036988,mag24+,1.0,373776,61642.14803480024,30.0,31.0,338.53272863894745,-13.867824161971438,188.3313940349604,r,0.0,373828,61642.17177670788,30.0,31.0,338.53272863894745,-13.867824161971438,176.4169057759705,i,0.0,373776-373828,True,102,True,102,J
inst00120_part007:S100bVe5a:61642,inst00120_part007.h5,1927,S100bVe5a,61642,2,34.173501619370654,34.173501619370654,330.1082250033435,-9.721145013523635,-0.24226569184320274,-0.08203042336268676,21.144858247805814,330.1110983214944,-9.720164976306553,61642.14693033903,61642.146502098294,21.3525735882877,r,57.41882050634578,330.10535168519255,-9.72212505074072,61642.17066193738,61642.17023369664,20.93714290732393,i,61.1181224646623,18.71108045307181,18.500201194708403,197832426.09792477,348914852.0830685,328.78022118909655,2.3194611751582515,grid_dlon+000_lat+02,prob_maps_grid_dlon+000_lat+02.npz,2026-01-01T00:00:00,100.20000624993276,2.0,4.406527409081221,MBA,2.4296946491354814,0.16948,2.01791,2,0.0021093833799779465,-0.2526328232038579,0.005426005634371485,mag21,D048423,0.01,21.63465705309741,mag21,0.002186077514416463,373773,61642.14675094088,30.0,31.0,330.4153278564736,-10.669984224775128,173.57048323698308,r,0.0,373825,61642.17048253923,30.0,31.0,330.4153278564736,-10.669984224775128,156.47074690898765,i,0.0,373773-373825,True,47,True,46,N
inst00075_part010:S1006w2ba:61642,inst00075_part010.h5,1210,S1006w2ba,61642,2,34.19528196332976,34.19528196332976,336.434898957009,-8.701585617067682,-0.2503964466032177,-0.07186248218730276,20.601462647892404,336.43787249854756,-8.70073017792079,61642.149480002925,61642.149051762186,20.84336648352724,r,80.92131943044794,336.4319254154704,-8.702441056214575,61642.17322672651,61642.17279848577,20.35955881225757,i,95.19708648649544,17.810343502569413,17.55719607080679,222299227.74531305,373343865.5700282,334.98278259204596,1.0538914943576638,grid_dlon+000_lat+01,prob_maps_grid_dlon+000_lat+01.npz,2026-01-01T00:00:00,100.20000624993276,1.0,1.8059214038679774,MBA,2.3893385002540137,0.15359,2.02236,2,0.0027413000839826267,-0.25671928810581945,0.023346351439253316,mag20,D049188,0.01,21.214266577085617,mag21,0.003076707763381843,373779,61642.149300604775,30.0,31.0,336.49956488075304,-9.032870978565633,179.0276305438203,r,0.0,373831,61642.17304732836,30.0,31.0,336.49956488075304,-9.032870978565633,165.7758240074947,i,0.0,373779-373831,True,91,True,91,K
inst00372_part014:S100NjP7a:61642,inst00372_part014.h5,5966,S100NjP7a,61642,2,36.431736872764304,36.431736872764304,319.1917634707228,-18.473880394724524,-0.24915910287603069,-0.0609891610561143,23.115314011549266,319.19489814503737,-18.473089472626057,61642.207303253446,61642.20687501271,23.603899708471975,i,6.864687766503509,319.1886287964082,-18.474671316822995,61642.23260307072,61642.23217482998,22.626728314626554,z,5.083892902409786,20.17576164306336,19.584648672762675,247523549.33296508,395249614.2820755,315.9349580143675,-2.5311156227466416,grid_dlon-020_lat-03,prob_maps_grid_dlon-020_lat-03.npz,2026-01-01T00:00:00,80.20000624993276,-3.0,2.740707169340047,MBA,2.3840349846615756,0.23395,1.82629,2,0.0013376173028373656,-0.24395062643816992,0.013066504384617221,mag23,D050823,0.0,23.98066533878659,mag23,0.00174578818789247,373910,61642.207123855296,30.0,31.0,317.51308485366314,-17.84516531742886,88.53112261378887,i,0.0,373966,61642.23242367257,30.0,31.0,317.51308485366314,-17.84516531742886,80.808015289907,z,0.0,373910-373966,True,187,True,185,I
inst00067_part004:S1005x73a:61642,inst00067_part004.h5,1076,S1005x73a,61642,2,34.31595815112814,34.31595815112814,246.91293667411173,-23.518198777013595,0.22725826542980637,-0.0333153351311781,21.896982870177215,246.91023181098677,-23.5178007608176,61642.056621776544,61642.056193535806,22.136598830756128,r,22.758124501635486,246.91564153723672,-23.51859679320959,61642.08045230304,61642.0800240623,21.657366909598302,i,23.904815192798793,17.171380333495765,16.923325639479067,336179500.1100868,386527857.1552824,248.91283027694848,-1.752890434130966,grid_dlon-080_lat-02,prob_maps_grid_dlon-080_lat-02.npz,2026-01-01T00:00:00,20.200006249932756,-2.0,4.180619765734525,MBA,3.1771004843342507,0.16793,2.64357,2,0.001445099311226279,0.21112550394453156,-0.00038871476778848114,mag21,D051248,0.03,22.513657230698147,mag22,0.0006921486984922935,373573,61642.056442378394,30.0,31.0,248.6997815157693,-23.400569102553263,70.20225368589401,r,0.0,373625,61642.08027290489,30.0,31.0,248.6997815157693,-23.400569102553263,69.7145294114945,i,0.0,373573-373625,True,2,True,2,M
inst00107_part008:S100akHFa:61642,inst00107_part008.h5,1720,S100akHFa,61642,2,34.19528196332976,34.19528196332976,336.6679500377513,-10.337808914060407,-0.23126146261218436,-0.1164972959158889,20.798514157013408,336.6706930771102,-10.33642618616958,61642.149480002925,61642.149051762186,21.022816891549887,r,68.009324956318,336.6652069983924,-10.339191641951235,61642.17322672651,61642.17279848577,20.574211422476925,i,79.58427701450042,17.802786669612544,17.55605025632677,237430340.09973904,388518049.8722825,334.59962064408563,-0.5533575015093704,grid_dlon+000_lat-01,prob_maps_grid_dlon+000_lat-01.npz,2026-01-01T00:00:00,100.20000624993276,-1.0,1.4904540122108858,MBA,2.3925322963353546,0.08968,2.17797,2,0.0017190935960337945,-0.2543516861578375,-0.0253470149611295,mag20,D051627,0.0,21.392463900686632,mag21,0.004264361051185096,373779,61642.149300604775,30.0,31.0,336.49956488075304,-9.032870978565633,179.0276305438203,r,0.0,373831,61642.17304732836,30.0,31.0,336.49956488075304,-9.032870978565633,165.7758240074947,i,0.0,373779-373831,True,174,True,176,K
inst00225_part008:S100pVcGa:61642,inst00225_part008.h5,3608,S100pVcGa,61642,2,34.3652157462202,34.3652157462202,11.017402070235931,0.5647186650361524,-0.033722039364527195,-0.0378201341107436,23.390482585795922,11.017796081372751,0.5651860144988023,61642.29824732186,61642.29781908112,23.713721638473427,r,7.611056259805933,11.017008059099112,0.5642513155735025,61642.322112055015,61642.321683814276,23.067243533118415,i,9.011831702785432,20.980408288179653,20.73255526245527,159128603.81716135,292574989.3243143,10.345663614578305,-3.840069279786822,grid_dlon+040_lat-04,prob_maps_grid_dlon+040_lat-04.npz,2026-01-01T00:00:00,140.20000624993276,-4.0,2.9829257559624747,MBA,2.419349257936557,0.19077,1.95781,2,0.0012397029459180323,-0.045934362409621454,-0.021608470071561126,mag23,D053158,0.0,24.01792732334065,mag24+,0.0016178408186266324,374107,61642.29806792371,30.0,31.0,10.459801237058713,1.9451247494775845,140.96344844814226,r,0.0,374159,61642.321932656865,30.0,31.0,10.459801237058713,1.9451247494775845,127.24220479209438,i,0.0,374107-374159,True,183,True,181,C
inst00304_part003:S100BPDya:61642,inst00304_part003.h5,4867,S100BPDya,61642,2,34.18834700714797,34.18834700714797,339.15846013093227,-13.319435461807382,-0.2035841153232381,-0.0454324669383649,23.247208790277735,339.1608775924044,-13.318885755936048,61642.14821419839,61642.14778595765,23.510373455584077,r,8.812551254318864,339.15604266946013,-13.319985167678716,61642.17195610603,61642.17152786529,22.984044124971394,i,10.675432473607868,19.312383280602464,19.061805022273024,302447965.9345044,453116185.3645233,335.7661723919929,-4.223853454162435,grid_dlon+000_lat-04,prob_maps_grid_dlon+000_lat-04.npz,2026-01-01T00:00:00,100.20000624993276,-4.0,2.5994096212516156,MBA,3.2152064428815477,0.09854,2.89838,2,0.0005776992265344677,-0.20131190062920928,0.03168912353671456,mag23,D054336,0.0,23.84540376800471,mag23,0.0003440025894370706,373776,61642.14803480024,30.0,31.0,338.53272863894745,-13.867824161971438,188.3313940349604,r,0.0,373828,61642.17177670788,30.0,31.0,338.53272863894745,-13.867824161971438,176.4169057759705,i,0.0,373776-373828,True,41,True,43,J
inst00202_part005:S100mHkUa:61642,inst00202_part005.h5,3237,S100mHkUa,61642,2,34.18834700714797,34.18834700714797,339.16059061924614,-13.982562263390092,-0.2022112697224189,-0.14871269281617927,20.737828680114376,339.162990850621,-13.980799225226379,61642.14821419839,61642.14778595765,20.99691786173583,r,73.32659771745371,339.1581903878714,-13.984325301553804,61642.17195610603,61642.17152786529,20.478739498492917,i,88.88090678625676,17.30920684850151,17.037803310091746,262472588.87741512,413117696.9415724,335.5200292788774,-4.839916643461872,grid_dlon+000_lat-05,prob_maps_grid_dlon+000_lat-05.npz,2026-01-01T00:00:00,100.20000624993276,-5.0,2.349072134239393,MBA,2.6404964322870144,0.04841,2.51267,2,0.0002288208876348636,-0.23838449705480227,-0.06476853240042105,mag20,D054964,0.01,21.34002537002263,mag21,0.0003251051231009987,373776,61642.14803480024,30.0,31.0,338.53272863894745,-13.867824161971438,188.3313940349604,r,0.0,373828,61642.17177670788,30.0,31.0,338.53272863894745,-13.867824161971438,176.4169057759705,i,0.0,373776-373828,True,85,True,88,J
inst00305_part000:S100BXeNa:61642,inst00305_part000.h5,4880,S100BXeNa,61642,2,34.18834700714797,34.18834700714797,337.88242502376505,-14.36066858012859,-0.231781929599787,-0.07164355526669974,20.89814413521469,337.88517738962884,-14.359818248088382,61642.14821419839,61642.14778595765,21.141841557752084,r,66.67952490110859,337.87967265790127,-14.361518912168794,61642.17195610603,61642.17152786529,20.654446712677295,i,77.94480340596488,18.400489771174403,18.154902470346094,198282983.3658291,349123136.03054094,334.22446728957664,-4.730658355608028,grid_dlon+000_lat-05,prob_maps_grid_dlon+000_lat-05.npz,2026-01-01T00:00:00,100.20000624993276,-5.0,1.0821071049627433,MBA,2.5783160527160263,0.09629,2.33005,2,0.0018260353072799935,-0.23592036773624991,0.016461202504516676,mag20,D056464,0.02,21.493241664868595,mag21,0.0012044232202873826,373776,61642.14803480024,30.0,31.0,338.53272863894745,-13.867824161971438,188.3313940349604,r,0.0,373828,61642.17177670788,30.0,31.0,338.53272863894745,-13.867824161971438,176.4169057759705,i,0.0,373776-373828,True,144,True,145,J
inst00000_part003:S00000NSa:61642,inst00000_part003.h5,3,S00000NSa,61642,2,34.20976972673088,34.20976972673088,346.10832978944495,-15.871939534855494,-0.4645973605185961,-0.1124401938261419,23.67508331149103,346.11384802031677,-15.870625028549268,61642.254867323965,61642.254439083226,23.819748112249147,g,8.57178086224144,346.1028115585732,-15.87325404116172,61642.2786241085,61642.27819586776,23.530418510732908,r,12.260728467318893,19.15898548609082,19.468444485715203,278368883.59852153,427000822.56475735,341.04267828563303,-9.15236845024759,grid_dlon+010_lat-08,prob_maps_grid_dlon+010_lat-08.npz,2026-01-01T00:00:00,110.20000624993276,-8.0,2.5180235843555168,NEO,1.6620647509042799,0.895880943704,0.173052613367,2,1.0,-0.4611339796374635,0.07130346004339104,mag23,D056592,1.0,23.633638825775826,mag23,1.0,374009,61642.254687925815,30.0,31.0,346.6804859599491,-14.744148465919585,117.19964498642732,g,0.0,374061,61642.27844471035,30.0,31.0,346.6804859599491,-14.744148465919585,99.02150734848671,r,0.0,374009-374061,True,111,True,69,Y
inst00000_part011:S000035Ia:61642,inst00000_part011.h5,11,S000035Ia,61642,2,34.27103605354205,34.27103605354205,352.37035327799634,-1.0090914195609573,-0.31385967494657274,-0.13948663235113556,23.43765051138366,352.3740937648039,-1.0074401505221104,61642.24252131733,61642.24209307659,23.618989132991036,g,10.3395045799092,352.3666127911888,-1.010742688599804,61642.26632064792,61642.26589240718,23.256311889776278,r,11.491635540132398,20.815418133756506,21.126086166181626,155495139.3683053,301480358.71405303,352.59088670737833,2.1001563613174623,grid_dlon+020_lat+02,prob_maps_grid_dlon+020_lat+02.npz,2026-01-01T00:00:00,120.20000624993276,2.0,0.6858383800328057,NEO,2.3624396614415715,0.514118860084,1.147864875684,2,1.0,-0.34361804011635333,-0.004367552971887074,mag23,D056776,1.0,23.409564345202032,mag23,1.0,373980,61642.24234191918,30.0,31.0,351.51746422492533,-2.161525241498186,143.23632355643025,g,0.0,374032,61642.26614124977,30.0,31.0,351.51746422492533,-2.161525241498186,127.70107224370017,r,0.0,373980-374032,True,34,True,76,L
inst00152_part007:S100fZeka:61642,inst00152_part007.h5,2439,S100fZeka,61642,2,36.56775874318555,36.56775874318555,308.72802963056097,-14.397104519155313,-0.17449716188608122,-0.015162754367269299,21.175753615164666,308.73024371485144,-14.396913442760932,61642.18475161897,61642.18432337823,21.25663831514645,i,49.80417407037266,308.72581554627055,-14.397295595549693,61642.21014589587,61642.20971765513,21.09486891518288,z,32.849291342163596,17.07265064956528,16.46914427102628,323344711.230121,465346317.6310705,307.41039867481135,4.1545265641135245,grid_dlon-030_lat+04,prob_maps_grid_dlon-030_lat+04.npz,2026-01-01T00:00:00,70.20000624993276,4.0,4.200811021469307,MBA,3.0113898592145656,0.0553,2.84486,2,0.0012925659135146895,-0.16789587523946944,0.027489112405414504,mag21,D057892,0.01,22.15660934413839,mag22,0.001661380699411381,373857,61642.184572220816,30.0,31.0,307.55006857284826,-14.514477456298348,92.2770262254423,i,0.0,373913,61642.20996649772,30.0,31.0,307.55006857284826,-14.514477456298348,84.45627244608112,z,0.0,373857-373913,True,171,True,172,R
inst00320_part007:S100EpTna:61642,inst00320_part007.h5,5127,S100EpTna,61642,2,34.225487157236785,34.225487157236785,326.5201163152598,-4.870939166353386,-0.19801224174987234,-0.06741772826099404,22.783248195861134,326.52247541534837,-4.870136565728891,61642.153291680894,61642.152863440155,23.088529038709602,r,15.81910230027016,326.5177572151713,-4.871741766977882,61642.17705938031,61642.17663113957,22.477967353012666,i,18.568922903537167,19.04399003388128,18.783698027074166,276017636.04276705,426011694.3433213,327.0752315860008,8.090319855048971,grid_dlon-010_lat+08,prob_maps_grid_dlon-010_lat+08.npz,2026-01-01T00:00:00,90.20000624993276,8.0,3.8948570640425415,MBA,3.0490186187801958,0.10789,2.72006,2,0.0003443695181001151,-0.21057733787733035,0.002597339287344047,mag22,D060047,0.01,23.399550168786966,mag23,0.00024434645877468577,373788,61642.153112282744,30.0,31.0,325.93481101602737,-4.2091162795698995,156.0050468846943,r,0.0,373840,61642.17687998216,30.0,31.0,325.93481101602737,-4.2091162795698995,139.63401455881424,i,0.0,373788-373840,True,141,True,142,G
inst00000_part005:S00001qPa:61642,inst00000_part005.h5,5,S00001qPa,61642,2,34.314723999705166,34.314723999705166,9.099422445309159,-4.8374758853527355,-0.31505589452724403,0.0019207277799547,22.99276596029508,9.10318114813765,-4.837487125073055,61642.30340807013,61642.302979829394,23.205754874787672,r,11.253076808001389,9.095663742480667,-4.837464645632416,61642.32723773958,61642.32680949884,22.77977704580249,i,12.296148477417642,19.809491863334166,19.561048030355167,214360899.08059558,348511607.7653582,6.434946944424861,-8.05100626866865,grid_dlon+030_lat-08,prob_maps_grid_dlon+030_lat-08.npz,2026-01-01T00:00:00,130.20000624993276,-8.0,3.105979590546612,NEO,2.2446812278628694,0.494336556275,1.135053239746,2,0.03704508009396079,-0.29027653371239676,0.12629467273235792,mag22,D060353,1.0,23.574717929939915,mag23,0.0804249530444021,374119,61642.30322867198,30.0,31.0,9.08702925754262,-4.299216293602096,134.79862427186353,r,0.0,374171,61642.32705834143,30.0,31.0,9.08702925754262,-4.299216293602096,118.99293609916184,i,0.0,374119-374171,True,144,True,105,S
inst00207_part015:S100ntdxa:61642,inst00207_part015.h5,3327,S100ntdxa,61642,2,34.314723999705166,34.314723999705166,10.614569818885057,-4.952602974657985,-0.09904544290295628,-0.0914042725243407,22.766217830014774,10.615744434862734,-4.951517461175213,61642.30340807013,61642.302979829394,22.991482455825462,r,15.469046544545135,10.613395202907384,-4.953688488140759,61642.32723773958,61642.32680949884,22.540953204204087,i,16.48785131020641,18.417521254676448,18.17788227349976,295557524.9207418,425974913.8242239,7.790008685094032,-8.754748791664488,grid_dlon+030_lat-08,prob_maps_grid_dlon+030_lat-08.npz,2026-01-01T00:00:00,130.20000624993276,-8.0,4.524023803737845,other,2.6027982047046097,0.31599,1.78034,2,0.0015893319033077034,-0.12827910054527666,-0.044914514387671196,mag22,D060496,0.01,23.358335556515016,mag23,0.0016739889592417743,374119,61642.30322867198,30.0,31.0,9.08702925754262,-4.299216293602096,134.79862427186353,r,0.0,374171,61642.32705834143,30.0,31.0,9.08702925754262,-4.299216293602096,118.99293609916184,i,0.0,374119-374171,True,169,True,177,S
inst00155_part014:S100grIra:61642,inst00155_part014.h5,2494,S100grIra,61642,2,34.167453416157514,34.167453416157514,328.33807294676546,-13.870139301994271,-0.2774776923731728,-0.03747529614737315,20.574777243742787,328.34136117200325,-13.869694322672505,61642.14565229184,61642.1452240511,20.824473883561716,r,84.93344297879057,328.3347847215277,-13.870584281316036,61642.16937969004,61642.168951449305,20.32508060392386,i,95.31789064239759,18.38968456605788,18.138334158786513,180891504.1117778,331721793.1700165,325.733364728778,-0.9874491066369948,grid_dlon-010_lat-01,prob_maps_grid_dlon-010_lat-01.npz,2026-01-01T00:00:00,90.20000624993276,-1.0,2.559502378606818,MBA,2.2772274754237607,0.19943,1.82308,2,0.001509321918999208,-0.26620164016989695,0.05595906501480294,mag20,D061478,0.01,21.186443084956274,mag21,0.012342373810206874,373770,61642.14547289369,30.0,31.0,326.7487961931708,-14.202079732179511,172.52492961637122,r,0.0,373822,61642.16920029189,30.0,31.0,326.7487961931708,-14.202079732179511,150.5092126177087,i,0.0,373770-373822,True,72,True,118,Q
inst00096_part001:S1008WIba:61642,inst00096_part001.h5,1537,S1008WIba,61642,2,34.31595815112814,34.31595815112814,248.2718063246341,-24.180572279696268,0.1881676736829581,-0.04911676627061125,22.099769619335603,248.2695532191364,-24.179987508948933,61642.056621776544,61642.056193535806,22.34861652464149,r,20.267809330806173,248.27405943013179,-24.181157050443602,61642.08045230304,61642.0800240623,21.850922714029714,i,21.05698800874427,17.57117289724631,17.329429717017792,316544368.04307115,371472404.19316393,250.24256425775656,-2.2190301610496044,grid_dlon-080_lat-02,prob_maps_grid_dlon-080_lat-02.npz,2026-01-01T00:00:00,20.200006249932756,-2.0,2.851998320226292,MBA,2.362667865370568,0.11015,2.10242,2,0.0020396968554311553,0.17715457313157304,-0.02328344029353666,mag22,D062906,0.01,22.68033990231781,mag22,0.0012226863239415196,373573,61642.056442378394,30.0,31.0,248.6997815157693,-23.400569102553263,70.20225368589401,r,0.0,373625,61642.08027290489,30.0,31.0,248.6997815157693,-23.400569102553263,69.7145294114945,i,0.0,373573-373625,True,58,True,58,M
inst00627_part014:S101IVPha:61642,inst00627_part014.h5,10046,S101IVPha,61642,2,34.17312336503528,34.17312336503528,315.6029099083608,-13.15963786317425,-0.2026039599659809,-0.1088012111990441,23.195306194419445,315.605319003145,-13.15834814592312,61642.14349528497,61642.14306704423,23.414231314408237,r,11.285571353452886,315.6005008135767,-13.160927580425382,61642.16722662064,61642.1667983799,22.976381074430652,i,9.568093353796154,20.5919058192355,20.342489211835577,187011883.73225087,334349484.2483268,314.1901862984642,3.560861676840594,grid_dlon-020_lat+04,prob_maps_grid_dlon-020_lat+04.npz,2026-01-01T00:00:00,80.20000624993276,4.0,1.1090585657206251,MBA,2.3009709781825607,0.07001,2.13988,2,0.0007283665291075284,-0.22052394270867196,-0.048117164343850424,mag23,D063104,0.0,23.792816982583865,mag23,0.0006281552764085756,373765,61642.14331588682,30.0,31.0,315.6825177941189,-13.277114016451204,144.96652051211944,r,0.0,373817,61642.167047222494,30.0,31.0,315.6825177941189,-13.277114016451204,120.54319117917052,i,6.28642737865448e-07,373765-373817,True,91,True,91,A
inst00225_part004:S100pSRQa:61642,inst00225_part004.h5,3604,S100pSRQa,61642,2,34.360883255722,34.360883255722,7.373158180288158,2.419272034268217,-0.05988827761111963,-0.00610329854667975,20.2119617024528,7.373871942102994,2.41934420806847,61642.298680903965,61642.298252663226,20.476657580704366,r,87.49817153450346,7.3724444184733215,2.419199860467964,61642.32254262845,61642.32211438771,19.947265824201235,i,100.80261701129831,18.01919762012779,17.76320065267918,154802214.71116555,290877863.1464509,7.722222709395127,-0.7032218793156408,grid_dlon+030_lat-01,prob_maps_grid_dlon+030_lat-01.npz,2026-01-01T00:00:00,130.20000624993276,-1.0,4.40750063680677,MBA,2.4005415928320066,0.19866,1.92365,2,0.0004303310398406626,-0.05739377067433016,0.017997683199559612,mag20,D066625,0.09,20.818761049773624,mag20,0.0005071938484592321,374108,61642.298501505815,30.0,31.0,5.612435850997294,2.863202976914128,133.06386966920232,r,0.0,374160,61642.3223632303,30.0,31.0,5.612435850997294,2.863202976914128,120.3423953691796,i,0.0,374108-374160,True,168,True,170,D
inst00403_part000:S100SA9Qa:61642,inst00403_part000.h5,6448,S100SA9Qa,61642,3,34.21338453772478,34.21338453772478,348.129192241306,-7.71541346542535,-0.17522364330017826,-0.07213434125065515,22.829328423934243,348.1312761261697,-7.714554267083634,61642.253589535016,61642.25316129428,23.276013683330184,g,16.571290167729007,348.1271083564423,-7.716272663767066,61642.27734882983,61642.276920589095,22.382643164538305,r,30.907938138866033,18.572452912350084,18.990366351651247,256393740.1145233,404460994.9777492,346.07189928164274,-2.412315436961559,grid_dlon+010_lat-02,prob_maps_grid_dlon+010_lat-02.npz,2026-01-01T00:00:00,110.20000624993276,-2.0,2.821901364123834,MBA,3.2050935613080647,0.16365,2.68058,3,0.0005424920361267109,-0.18818755238130466,0.0012177018877646635,mag22,D067249,0.0,22.788962072283,mag22,0.00039742081323317427,374006,61642.253410136866,30.0,31.0,347.6615257772227,-8.854711246793014,125.93350398601339,g,0.0,374058,61642.27716943168,30.0,31.0,347.6615257772227,-8.854711246793014,109.34834614082037,r,0.0,374006-374058,True,74,True,77,B
inst00527_part013:S101iAXza:61642,inst00527_part013.h5,8445,S101iAXza,61642,2,34.17127062915824,34.17127062915824,321.37525996701976,-14.690006432221658,-0.2828780404857408,0.04715144092482605,23.702601776873145,321.37864132957816,-14.690585835009582,61642.14436164236,61642.14393340162,23.87929740835369,r,5.66612731858552,321.37187860446136,-14.689427029433736,61642.168091691405,61642.167663450666,23.525906145392597,i,4.927646772048427,20.46230718892688,20.209618733434176,248756794.94976777,397838601.79283774,319.08575200089354,0.4308165643999467,grid_dlon-010_lat+00,prob_maps_grid_dlon-010_lat+00.npz,2026-01-01T00:00:00,90.20000624993276,0.0,4.109514558421841,MBA,2.6107566859605393,0.05324,2.47176,2,0.0008342391879802026,-0.24543583835590904,0.12985381891460188,mag23,D068329,0.01,24.302983043438967,mag24+,0.0017083567382658543,373767,61642.14418224421,30.0,31.0,321.102050420575,-13.536656576810467,159.46952532922018,r,0.0,373819,61642.167912293255,30.0,31.0,321.102050420575,-13.536656576810467,134.67718928161105,i,0.0,373767-373819,True,173,True,151,P
inst00602_part000:S101BMKBa:61642,inst00602_part000.h5,9632,S101BMKBa,61642,2,34.21338453772478,34.21338453772478,347.78331469281045,-9.552580579215308,-0.23139335227079794,-0.038830691033959044,22.898517537625587,347.7860603048971,-9.552115402266441,61642.253589535016,61642.25316129428,23.305240637831965,g,15.244242636991638,347.78056908072375,-9.553045756164174,61642.27734882983,61642.276920589095,22.49179443741921,r,26.982523686471414,19.99980856794864,20.39161602826583,174019260.3837338,322796545.3351465,345.0395186233591,-3.9710545990585753,grid_dlon+010_lat-04,prob_maps_grid_dlon+010_lat-04.npz,2026-01-01T00:00:00,110.20000624993276,-4.0,1.7594751674065428,MBA,2.40102883973577,0.13106,2.08635,2,0.0005435494266135348,-0.22581911676133978,0.05316398454473258,mag22,D068995,0.0,22.85690150935976,mag22,0.0005509244222617393,374006,61642.253410136866,30.0,31.0,347.6615257772227,-8.854711246793014,125.93350398601339,g,0.0,374058,61642.27716943168,30.0,31.0,347.6615257772227,-8.854711246793014,109.34834614082037,r,0.0,374006-374058,True,144,True,106,B
inst00091_part013:S1008qKja:61642,inst00091_part013.h5,1469,S1008qKja,61642,2,34.312762225745246,34.312762225745246,246.31812485822178,-31.443866243547532,0.18027021387189263,0.0956822418376987,23.702791089383588,246.315998189536,-31.445040788585477,61642.05831489474,61642.057886654,24.044711537549784,r,5.994920013261353,246.32025152690755,-31.442691698509584,61642.08214320184,61642.0817149611,23.360870641217396,i,6.764598240074638,18.19730879646685,17.957260170115138,406438840.3868933,453575652.9221972,249.65518940679104,-9.661689795291714,grid_dlon-080_lat-08,prob_maps_grid_dlon-080_lat-08.npz,2026-01-01T00:00:00,20.200006249932756,-8.0,3.813667268236046,MBA,3.086309432101809,0.02641,3.0048,2,0.003627328013097726,0.13821787722160095,0.11934315850092034,mag23,D071846,0.03,24.28553091926845,mag24+,0.00544326013396866,373577,61642.05813549659,30.0,31.0,247.8261477933222,-30.764583262605335,58.24793538934472,r,0.0,373629,61642.08196380369,30.0,31.0,247.8261477933222,-30.764583262605335,60.83513165254162,i,0.0,373577-373629,True,13,True,13,T
inst00143_part003:S100eNSqa:61642,inst00143_part003.h5,2291,S100eNSqa,61642,2,34.360883255722,34.360883255722,5.57750255966846,2.1876985569502514,-0.08800298266776486,-0.0195333805942411,22.308638160132908,5.578543527940724,2.187930721963781,61642.298680903965,61642.298252663226,22.54573150138124,r,18.888258028417205,5.576461591396196,2.187466391936722,61642.32254262845,61642.32211438771,22.07154481888458,i,21.939738879672106,19.36300608148853,19.113890243648505,198618140.15260768,334433498.2070348,5.982518175185371,-0.20680500745623273,grid_dlon+030_lat+00,prob_maps_grid_dlon+030_lat+00.npz,2026-01-01T00:00:00,130.20000624993276,0.0,2.66582610993765,MBA,2.995934203183545,0.24738,2.2548,2,0.0015938845614624855,-0.08848758277751125,0.01687727189426928,mag22,D072083,0.0,22.8747479164844,mag22,0.0015183898680920871,374108,61642.298501505815,30.0,31.0,5.612435850997294,2.863202976914128,133.06386966920232,r,0.0,374160,61642.3223632303,30.0,31.0,5.612435850997294,2.863202976914128,120.3423953691796,i,0.0,374108-374160,True,144,True,106,D
inst00084_part005:S1007xaIa:61642,inst00084_part005.h5,1349,S1007xaIa,61642,2,34.314723999705166,34.314723999705166,9.339575624863272,-4.927180473351952,-0.10705583410748121,-0.12066079719945691,22.260597397437785,9.340851011728944,-4.925747689791801,61642.30340807013,61642.302979829394,22.53583920100575,r,23.849799864762787,9.3383002379976,-4.9286132569121035,61642.32723773958,61642.32680949884,21.985355593869816,i,25.92061992731768,18.607761633543625,18.35643775492477,245761425.81804055,378755066.4666735,6.620895519808111,-8.228260292144776,grid_dlon+030_lat-08,prob_maps_grid_dlon+030_lat-08.npz,2026-01-01T00:00:00,130.20000624993276,-8.0,3.2994142732014535,MBA,2.5797817873662656,0.15037,2.19186,2,0.0012560435054354258,-0.14728242450048554,-0.0684662524494066,mag22,D073284,0.01,22.854159642513014,mag22,0.0006587050204514536,374119,61642.30322867198,30.0,31.0,9.08702925754262,-4.299216293602096,134.79862427186353,r,0.0,374171,61642.32705834143,30.0,31.0,9.08702925754262,-4.299216293602096,118.99293609916184,i,0.0,374119-374171,True,140,True,144,S
inst00000_part012:S00003j2a:61642,inst00000_part012.h5,12,S00003j2a,61642,2,34.328452760819346,34.328452760819346,255.46059703536577,-21.541032196451845,0.3699652834774498,0.1015175829192623,23.396787779203365,255.45614550411926,-21.542248594795108,61642.05405392916,61642.05362568842,23.78366973292639,r,4.679574771612204,255.46504856661227,-21.53981579810858,61642.07789313247,61642.07746489173,23.00990582548034,i,4.6198465870339405,20.84167518476736,20.597156396042948,187295190.92579246,269855531.4243455,256.4891241153763,1.219098564773743,grid_dlon-080_lat+01,prob_maps_grid_dlon-080_lat+01.npz,2026-01-01T00:00:00,20.200006249932756,1.0,3.41255578625836,NEO,1.6592339938474185,0.599745313472,0.664116182084,2,0.003985925981758518,0.332339466088714,0.1353821084797202,mag23,D073491,0.05,23.980631383160418,mag23,0.0056950600392278155,373567,61642.05387453101,30.0,31.0,255.57356396909347,-22.958749626878994,72.95550297090713,r,0.0,373619,61642.07771373432,30.0,31.0,255.57356396909347,-22.958749626878994,70.77344610239842,i,0.0,373567-373619,True,79,True,118,V
inst00447_part011:S1011jpra:61642,inst00447_part011.h5,7163,S1011jpra,61642,2,34.27103605354205,34.27103605354205,350.6426269944236,-1.999220299600739,-0.1902072827087869,-0.0323498342023094,23.874372241628084,350.6448611776822,-1.998838015915068,61642.24252131733,61642.24209307659,24.25062352723028,g,7.1643642860859265,350.6403928111651,-1.99960258328641,61642.26632064792,61642.26589240718,23.498120956025886,r,7.921059501837888,19.166961147038062,19.4800060723289,305197014.2916064,450746271.8013231,350.6122739260915,1.8698171429150847,grid_dlon+020_lat+02,prob_maps_grid_dlon+020_lat+02.npz,2026-01-01T00:00:00,120.20000624993276,2.0,2.6602844328242847,MBA,2.9946917576527157,0.03923,2.87721,2,0.0009062738594064107,-0.1876248281762251,0.0448964812817591,mag23,D073599,0.0,23.84436616929918,mag23,0.0014790060142521602,373980,61642.24234191918,30.0,31.0,351.51746422492533,-2.161525241498186,143.23632355643025,g,0.0,374032,61642.26614124977,30.0,31.0,351.51746422492533,-2.161525241498186,127.70107224370017,r,0.0,373980-374032,True,58,True,57,L
inst00204_part002:S100mWFYa:61642,inst00204_part002.h5,3266,S100mWFYa,61642,2,34.31595815112814,34.31595815112814,249.8814988761962,-23.596421926805423,0.09488949361345947,-0.0332186507153653,22.820304253858772,249.88037723570014,-23.596028733534904,61642.056621776544,61642.056193535806,23.150330704090283,r,10.13050896250223,249.88262051669227,-23.59681512007594,61642.08045230304,61642.0800240623,22.490277803627265,i,10.61119989186027,17.2428588522387,16.997704568883243,437983592.1398512,488349584.1054333,251.61709648016677,-1.4316434748937383,grid_dlon-080_lat-01,prob_maps_grid_dlon-080_lat-01.npz,2026-01-01T00:00:00,20.200006249932756,-1.0,1.5311430903715517,MBA,2.7973657289002554,0.218,2.18754,2,0.0024483617459023542,0.09071204126149071,-0.021005034328926794,mag22,D078459,0.02,23.422599684975534,mag23,0.001363864383295049,373573,61642.056442378394,30.0,31.0,248.6997815157693,-23.400569102553263,70.20225368589401,r,0.0,373625,61642.08027290489,30.0,31.0,248.6997815157693,-23.400569102553263,69.7145294114945,i,0.0,373573-373625,True,150,True,150,M
inst00013_part010:S0000WxWa:61642,inst00013_part010.h5,218,S0000WxWa,61642,2,34.20976972673088,34.20976972673088,347.4822373764491,-14.140207215214541,-0.23371380156303534,-5.086965233126158,20.781096971422876,347.4850166714506,-14.079784409927022,61642.254867323965,61642.254439083226,20.921549852146775,g,27.56067453486617,347.4794580814477,-14.200630020502063,61642.2786241085,61642.27819586776,20.64064409069898,r,25.851593271935805,24.466498929437552,24.774230763505287,6840678.47128888,157881365.06917036,342.96363633254276,-8.078751256480837,grid_dlon+010_lat-08,prob_maps_grid_dlon+010_lat-08.npz,2026-01-01T00:00:00,110.20000624993276,-8.0,0.32751219748946975,NEO,0.9412490516779249,0.373291936359,0.589888370581,2,0.0,-2.2257404528918476,-4.590478824977692,mag20,D078496,1.0,20.753866207917586,mag20,0.0,374009,61642.254687925815,30.0,31.0,346.6804859599491,-14.744148465919585,117.19964498642732,g,0.0,374061,61642.27844471035,30.0,31.0,346.6804859599491,-14.744148465919585,99.02150734848671,r,0.0,374009-374061,True,126,True,130,Y
inst00166_part007:S100hQ57a:61642,inst00166_part007.h5,2663,S100hQ57a,61642,2,34.21338453772478,34.21338453772478,349.11222556906085,-9.205653669681446,-0.2425037295130321,-0.05380759208151965,21.460785303421726,349.115107247892,-9.205013907055518,61642.253589535016,61642.25316129428,21.839008368215495,g,51.78452237908696,349.1093438902297,-9.206293432307376,61642.27734882983,61642.276920589095,21.082562238627958,r,86.77413078509944,17.879419529834752,18.27455097491461,210442420.20962086,358472628.2488977,346.38538523297376,-4.163958165457931,grid_dlon+010_lat-04,prob_maps_grid_dlon+010_lat-04.npz,2026-01-01T00:00:00,110.20000624993276,-4.0,3.1094287866299855,MBA,2.321958902832036,0.03497,2.24076,2,0.0008554606992780136,-0.24196974947547029,0.044244356912132465,mag21,D079059,0.01,21.416234328507116,mag21,0.001389346221672381,374006,61642.253410136866,30.0,31.0,347.6615257772227,-8.854711246793014,125.93350398601339,g,0.0,374058,61642.27716943168,30.0,31.0,347.6615257772227,-8.854711246793014,109.34834614082037,r,0.0,374006-374058,True,167,True,174,B
inst00113_part002:S100b18ia:61642,inst00113_part002.h5,1810,S100b18ia,61642,2,34.35887502506375,34.35887502506375,359.6001572495048,1.4553805926659735,-0.14821311960900518,-0.0662776665038124,23.416554878444508,359.60192252162057,1.4561777314450381,61642.299951649904,61642.299523409165,23.635123887069277,r,7.757819838384893,359.598391977389,1.4545834538869087,61642.32381197978,61642.32338373904,23.19798586981974,i,8.433517207346034,19.103208585318807,18.880986709070893,297374077.5881225,436088271.25418913,0.208331946605886,1.4943012994904565,grid_dlon+030_lat+01,prob_maps_grid_dlon+030_lat+01.npz,2026-01-01T00:00:00,130.20000624993276,1.0,3.156588973383163,MBA,2.8675791370958654,0.1123,2.54555,2,0.0007526423118785617,-0.16235822262013652,-0.0018495708826704216,mag23,D081905,0.0,23.905568169373616,mag23,0.0008496867898659929,374111,61642.299772251754,30.0,31.0,359.99405749316537,0.7464332850016774,123.00642522751502,r,0.0,374163,61642.32363258163,30.0,31.0,359.99405749316537,0.7464332850016774,111.19553170246147,i,0.0,374111-374163,True,41,True,41,AA
inst00090_part005:S1008f91a:61642,inst00090_part005.h5,1445,S1008f91a,61642,2,34.18257205397822,34.18257205397822,261.55007786588544,-21.006070421328047,0.17375690792569876,-0.023074596588807353,21.008836672549393,261.548015081881,-21.00579891976568,61642.10585084488,61642.10542260414,21.19474356540391,i,35.78295285899041,261.5521406498899,-21.006341922890417,61642.12958874214,61642.1291605014,20.822929779694878,z,35.25785326202428,17.919387792348022,17.330668554491005,224004366.38536593,311574020.89917797,262.10560912707007,2.202061177549622,grid_dlon-070_lat+02,prob_maps_grid_dlon-070_lat+02.npz,2026-01-01T00:00:00,30.200006249932756,2.0,1.0487061041790489,MBA,2.372656635421806,0.1892,1.92375,2,0.001306539217768724,0.16340210890888768,-0.013546720564910984,mag21,D083033,0.12,21.878168118058383,mag21,0.0006542895480476272,373684,61642.105671446734,30.0,31.0,262.3464125266547,-22.444355960056903,71.11750764041383,i,6.28642737865448e-07,373736,61642.12940934399,30.0,31.0,262.3464125266547,-22.444355960056903,70.824918879744,z,0.0,373684-373736,True,72,True,72,Z
inst00147_part004:S100fjPta:61642,inst00147_part004.h5,2356,S100fjPta,61642,2,36.431736872764304,36.431736872764304,317.93180304332157,-16.485147493543188,-0.22479006790090453,-0.07919506189966655,22.647735807655565,317.93464335641863,-16.48414238169066,61642.207303253446,61642.20687501271,22.884936987754187,i,12.33661967822203,317.92896273022455,-16.48615260539572,61642.23260307072,61642.23217482998,22.41053462755694,z,8.51196117225353,19.39469261804166,18.7789059177234,266642368.89015865,414105339.08863986,315.38099940619253,-0.2744596385042258,grid_dlon-020_lat+00,prob_maps_grid_dlon-020_lat+00.npz,2026-01-01T00:00:00,80.20000624993276,0.0,2.1638156799053037,MBA,2.401776710684274,0.167,2.00068,2,0.0008710638837029198,-0.22932600377246135,-0.012013322247466564,mag22,D083735,0.0,23.608829889932164,mag23,0.0011691062028819552,373910,61642.207123855296,30.0,31.0,317.51308485366314,-17.84516531742886,88.53112261378887,i,0.0,373966,61642.23242367257,30.0,31.0,317.51308485366314,-17.84516531742886,80.808015289907,z,0.0,373910-373966,True,118,True,122,I
inst00317_part000:S100DSeka:61642,inst00317_part000.h5,5072,S100DSeka,61642,2,34.27103605354205,34.27103605354205,351.3331682536995,-2.55059294519756,-0.17125564033124308,-0.0702211907004008,23.951200411300746,351.3352189167491,-2.5497604880820766,61642.24252131733,61642.24209307659,24.39205959927465,g,6.147451940859205,351.33111759064997,-2.5514254023130434,61642.26632064792,61642.26589240718,23.510341223326847,r,7.129287170825996,19.146619816515447,19.486042628443386,317919472.8224884,463176218.9386328,351.03020496108485,1.09164173726578,grid_dlon+020_lat+01,prob_maps_grid_dlon+020_lat+01.npz,2026-01-01T00:00:00,120.20000624993276,1.0,2.2410414808309507,MBA,2.9386742327637507,0.05896,2.76541,2,0.0003903549202378099,-0.1849497382528685,0.002727331551554197,mag23,D083910,0.0,23.905157782857362,mag23,0.0006180989690782479,373980,61642.24234191918,30.0,31.0,351.51746422492533,-2.161525241498186,143.23632355643025,g,0.0,374032,61642.26614124977,30.0,31.0,351.51746422492533,-2.161525241498186,127.70107224370017,r,0.0,373980-374032,True,105,True,102,L
inst00513_part015:S101fsj3a:61642,inst00513_part015.h5,8223,S101fsj3a,61642,2,34.38103106687777,34.38103106687777,270.59437841868146,-25.755408310493046,0.08638873239793285,-0.026806493346269902,23.356569468454722,270.5933336870535,-25.755108250909345,61642.094557400014,61642.094129159275,23.596362611599403,i,7.671565970630241,270.59542315030944,-25.755708370076743,61642.11843311603,61642.118004875294,23.116776325310042,z,6.126200947901697,20.07673302596157,19.475843710831334,231775177.58077615,332854182.87767845,270.5318991732961,-2.317232437751833,grid_dlon-060_lat-02,prob_maps_grid_dlon-060_lat-02.npz,2026-01-01T00:00:00,40.200006249932756,-2.0,2.6109744155593004,MBA,2.232416902675678,0.02193,2.18346,2,0.0015531418480148973,0.07775885197133271,-0.027127589635291226,mag23,D085577,0.0,24.30072575762339,mag24+,0.0015075698250061407,373658,61642.094378001864,30.0,31.0,270.45866431300607,-26.63108025372794,65.10267945919445,i,0.0,373710,61642.11825371788,30.0,31.0,270.45866431300607,-26.63108025372794,64.98675224524713,z,0.0,373658-373710,True,127,True,127,E
inst00090_part012:S1008iyoa:61642,inst00090_part012.h5,1452,S1008iyoa,61642,2,34.167453416157514,34.167453416157514,326.3615562542432,-15.43119295777295,-0.199399306894182,-0.0668470820370483,22.434620920726957,326.36391586051593,-15.430387417821395,61642.14565229184,61642.1452240511,22.70216983498339,r,19.273010231261274,326.3591966479705,-15.431998497724507,61642.16937969004,61642.168951449305,22.167072006470526,i,22.001608288845503,17.891868427083466,17.64344602537235,353541242.5703243,503708400.0600555,323.40799652398067,-1.8176888462944567,grid_dlon-010_lat-02,prob_maps_grid_dlon-010_lat-02.npz,2026-01-01T00:00:00,90.20000624993276,-2.0,0.29672465689956373,MBA,3.075064267352185,0.24145,2.33259,2,0.0003154327727903726,-0.20360493186223264,0.0006153749832378199,mag22,D085658,0.0,23.021174895354605,mag23,0.00038091771383385453,373770,61642.14547289369,30.0,31.0,326.7487961931708,-14.202079732179511,172.52492961637122,r,0.0,373822,61642.16920029189,30.0,31.0,326.7487961931708,-14.202079732179511,150.5092126177087,i,0.0,373770-373822,True,180,True,152,Q
inst00219_part011:S100p7fJa:61642,inst00219_part011.h5,3515,S100p7fJa,61642,2,34.3652157462202,34.3652157462202,12.049387569636934,1.530482360594155,-0.1453466772433709,0.018864424460348597,22.53368422307054,12.05112414662949,1.530258496684627,61642.29824732186,61642.29781908112,22.78247485582187,r,13.155299300600513,12.047650992644378,1.5307062245036829,61642.322112055015,61642.321683814276,22.28489359031921,i,15.85928622875347,17.269979766633305,17.01029200487906,407723414.1967546,532154098.8664983,11.67530229939937,-3.353918006949687,grid_dlon+040_lat-03,prob_maps_grid_dlon+040_lat-03.npz,2026-01-01T00:00:00,140.20000624993276,-3.0,1.686547989666486,MBA,3.1391813134919717,0.13178,2.7255,2,0.0011283041678104221,-0.1266751334299486,0.07399179249243486,mag22,D089657,0.01,23.163392218191483,mag23,0.0015355762796497594,374107,61642.29806792371,30.0,31.0,10.459801237058713,1.9451247494775845,140.96344844814226,r,0.0,374159,61642.321932656865,30.0,31.0,10.459801237058713,1.9451247494775845,127.24220479209438,i,0.0,374107-374159,True,165,True,166,C
inst00157_part005:S100gD7Va:61642,inst00157_part005.h5,2517,S100gD7Va,61642,2,36.45291106891818,36.45291106891818,309.6191625201072,-21.917231961935265,-0.17495294062495217,0.017523587790947003,22.273545468680318,309.62138172623395,-21.917457613248803,61642.20517481482,61642.20474657408,22.419604080113746,i,19.694233800242994,309.6169433139804,-21.91700631062173,61642.2304893364,61642.23006109566,22.127486857246886,z,13.388624794060277,18.532449874489085,17.917045262942864,287013590.9028877,428655337.62483203,306.337663519746,-3.336727811434106,grid_dlon-030_lat-03,prob_maps_grid_dlon-030_lat-03.npz,2026-01-01T00:00:00,70.20000624993276,-3.0,3.123305523718949,MBA,3.162112714402396,0.08175,2.90361,2,0.0011634065857564421,-0.15278788536289217,0.05818868516510172,mag22,D091217,0.0,23.24650020573746,mag23,0.001220681869286038,373905,61642.20499541667,30.0,31.0,308.8151615658631,-22.414323129384417,73.50827098113933,i,0.0,373961,61642.23030993825,30.0,31.0,308.8151615658631,-22.414323129384417,71.32351469269727,z,0.0,373905-373961,True,141,True,141,H
inst00535_part011:S101knKha:61642,inst00535_part011.h5,8571,S101knKha,61642,2,36.45291106891818,36.45291106891818,307.82700755233714,-23.36568439827156,-0.15706159825571736,-0.06714463733036025,22.67399005772315,307.8289776835272,-23.364840887327542,61642.20517481482,61642.20474657408,22.8864290201416,i,11.99135517879998,307.8250374211471,-23.366527909215577,61642.2304893364,61642.23006109566,22.4615510953047,z,8.808566960497703,20.171378259741832,19.586494843298937,199007693.6771062,340492748.38400924,304.3703056244777,-4.326922474503199,grid_dlon-030_lat-04,prob_maps_grid_dlon-030_lat-04.npz,2026-01-01T00:00:00,70.20000624993276,-4.0,1.1837790938699966,MBA,2.4185616288823266,0.12971,2.10485,2,0.002305876485267404,-0.15667323671985559,-0.029830914985966305,mag22,D091994,0.0,23.527495214424214,mag23,0.0014108865474854043,373905,61642.20499541667,30.0,31.0,308.8151615658631,-22.414323129384417,73.50827098113933,i,0.0,373961,61642.23030993825,30.0,31.0,308.8151615658631,-22.414323129384417,71.32351469269727,z,0.0,373905-373961,True,25,True,25,H
inst00018_part004:S100091wa:61642,inst00018_part004.h5,292,S100091wa,61642,2,36.52327183401212,36.52327183401212,297.6497961481953,-25.491829442270785,-0.1364879405371825,0.02977346102091815,20.527624188353492,297.6515290804172,-25.49220571754921,61642.19621749138,61642.19578925064,20.631464683168016,i,81.5052121867877,297.6480632159734,-25.491453166992358,61642.2215808746,61642.22115263386,20.42378369353897,z,51.48852447999298,16.289526254646525,15.696330838413783,326342411.3318832,456524820.56166744,294.83887399014463,-4.405781646144913,grid_dlon-040_lat-04,prob_maps_grid_dlon-040_lat-04.npz,2026-01-01T00:00:00,60.200006249932756,-4.0,1.6653323445469024,MBA,2.9875067780067233,0.0779,2.75478,2,0.0004615191855951709,-0.11590063662875259,0.052068292879267286,mag20,D093278,0.08,21.48129334993971,mag21,0.0013368938866842514,373884,61642.19603809323,30.0,31.0,297.722561514484,-24.817875390727316,67.88522708467251,i,0.0,373940,61642.22140147645,30.0,31.0,297.722561514484,-24.817875390727316,68.13687199255678,z,0.0,373884-373940,True,100,True,100,X
inst00438_part013:S100ZzFBa:61642,inst00438_part013.h5,7021,S100ZzFBa,61642,2,34.27103605354205,34.27103605354205,350.9938806642644,-1.6343563559595395,-0.19613646088081366,-0.10736108426408694,22.55546592060862,350.9962069895398,-1.6330812331291775,61642.24252131733,61642.24209307659,22.879569547826748,g,25.34639140277344,350.991554338989,-1.6356314787899018,61642.26632064792,61642.26589240718,22.231362293390493,r,27.826145981569084,19.266344532861464,19.57686126563758,192123787.34892374,338356228.4528835,351.0787504196841,2.067395196727852,grid_dlon+020_lat+02,prob_maps_grid_dlon+020_lat+02.npz,2026-01-01T00:00:00,120.20000624993276,2.0,2.191657760570792,MBA,2.227381625994727,0.16937,1.85013,2,0.0010615615231996936,-0.2226225079507285,-0.021641138571051835,mag22,D096587,0.0,22.50860465497104,mag22,0.0011743265354184117,373980,61642.24234191918,30.0,31.0,351.51746422492533,-2.161525241498186,143.23632355643025,g,0.0,374032,61642.26614124977,30.0,31.0,351.51746422492533,-2.161525241498186,127.70107224370017,r,0.0,373980-374032,True,49,True,49,L
inst00383_part010:S100Pcu6a:61642,inst00383_part010.h5,6138,S100Pcu6a,61642,2,34.3652157462202,34.3652157462202,10.41201306375629,2.4128082059084663,-0.09058001665228967,-0.016331630650419003,23.44410940423932,10.413094362672325,2.413031441319385,61642.29824732186,61642.29781908112,23.632499070968347,r,6.327049970069174,10.410931764840257,2.4125849704975475,61642.322112055015,61642.321683814276,23.255719737510294,i,7.131725444422121,20.51805039098328,20.297611723026392,200990759.80621806,332393355.8146149,10.512238045035094,-1.902551064657444,grid_dlon+040_lat-02,prob_maps_grid_dlon+040_lat-02.npz,2026-01-01T00:00:00,140.20000624993276,-2.0,2.813748418649641,MBA,2.3393293240524575,0.07049,2.17443,2,0.002235263386648852,-0.08972041070670891,0.020397072240906144,mag23,D097023,0.0,23.93649768121293,mag23,0.001192308959216893,374107,61642.29806792371,30.0,31.0,10.459801237058713,1.9451247494775845,140.96344844814226,r,0.0,374159,61642.321932656865,30.0,31.0,10.459801237058713,1.9451247494775845,127.24220479209438,i,0.0,374107-374159,True,51,True,90,C
inst00376_part000:S100NSfXa:61642,inst00376_part000.h5,6016,S100NSfXa,61642,2,34.360883255722,34.360883255722,6.962101525276525,2.296265565864954,-0.10468970539003267,-0.055770744124392355,22.840593711089728,6.963351861202227,2.2969408869343004,61642.298680903965,61642.298252663226,23.053855834356153,r,11.728643448821138,6.960851189350819,2.2955902447956076,61642.32254262845,61642.32211438771,22.627331587823303,i,13.721022958369536,18.749752101295154,18.498144958623676,278831827.46726406,411130273.19595903,7.2962787391929576,-0.6541369313186307,grid_dlon+030_lat-01,prob_maps_grid_dlon+030_lat-01.npz,2026-01-01T00:00:00,130.20000624993276,-1.0,3.9865849850842197,MBA,3.126160312218553,0.16725,2.60331,2,0.0011782800369102983,-0.11813496428786607,-0.009933030475161283,mag22,D097800,0.0,23.442448752466053,mag23,0.0010982892776750619,374108,61642.298501505815,30.0,31.0,5.612435850997294,2.863202976914128,133.06386966920232,r,0.0,374160,61642.3223632303,30.0,31.0,5.612435850997294,2.863202976914128,120.3423953691796,i,0.0,374108-374160,True,167,True,174,D
inst00240_part011:S100s8e0a:61642,inst00240_part011.h5,3851,S100s8e0a,61642,2,34.3652157462202,34.3652157462202,9.246916681117169,1.3650860565025775,-0.12430863926304858,-0.0062850282444174,22.84968009271467,9.248392953534108,1.3651700243212368,61642.29824732186,61642.29781908112,23.193296220636622,r,12.133059502071871,9.245440408700233,1.365002088683918,61642.322112055015,61642.321683814276,22.50606396479272,i,14.499639998512842,19.51604182531308,19.26136644974248,217911032.0162446,350123832.68417025,9.029109480361031,-2.4096172236095255,grid_dlon+040_lat-02,prob_maps_grid_dlon+040_lat-02.npz,2026-01-01T00:00:00,140.20000624993276,-2.0,4.314676218427505,MBA,2.2682280615229335,0.12813,1.9776,2,0.0018029176196071846,-0.11684955425694382,0.0430544554893911,mag22,D098155,0.0,23.44831364297219,mag23,0.0024724993978863683,374107,61642.29806792371,30.0,31.0,10.459801237058713,1.9451247494775845,140.96344844814226,r,0.0,374159,61642.321932656865,30.0,31.0,10.459801237058713,1.9451247494775845,127.24220479209438,i,0.0,374107-374159,True,109,True,66,C
inst00333_part000:S100GqiBa:61642,inst00333_part000.h5,5328,S100GqiBa,61642,2,36.45291106891818,36.45291106891818,309.4475676892341,-23.363192792551757,-0.16194685211334275,-0.10306139736169545,22.7806896210659,309.4496208550421,-23.36189215974416,61642.20517481482,61642.20474657408,22.793215393720644,i,11.46632977524705,309.4455145234262,-23.364493425359356,61642.2304893364,61642.23006109566,22.768163848411156,z,7.738695850732454,19.823181080727696,19.203510930966512,232617819.30361786,374464783.8857431,305.8161689855771,-4.69513589310995,grid_dlon-030_lat-05,prob_maps_grid_dlon-030_lat-05.npz,2026-01-01T00:00:00,70.20000624993276,-5.0,2.6015336262958746,MBA,2.8563659781519823,0.16148,2.39512,2,0.0010665899494291969,-0.1705164070669222,-0.06199206090364613,mag22,D099234,0.01,23.76717869009939,mag23,0.0011087923139102148,373905,61642.20499541667,30.0,31.0,308.8151615658631,-22.414323129384417,73.50827098113933,i,0.0,373961,61642.23030993825,30.0,31.0,308.8151615658631,-22.414323129384417,71.32351469269727,z,0.0,373905-373961,True,114,True,114,H
inst00000_part005:S00001pva:61642,inst00000_part005.h5,5,S00001pva,61642,2,34.19528196332976,34.19528196332976,337.44210708078276,-9.561049678369809,-0.2580260433754047,-0.08368535394243586,23.62111678330217,337.4451713226547,-9.560054670421101,61642.149480002925,61642.149051762186,23.687403410382522,r,5.845756265717821,337.4390428389109,-9.562044686318517,61642.17322672651,61642.17279848577,23.55483015622182,i,6.923534011323546,19.771521254676447,19.531882273499757,302685815.97771317,453650169.8025677,335.5936822776229,-0.10990248545508445,grid_dlon+000_lat+00,prob_maps_grid_dlon+000_lat+00.npz,2026-01-01T00:00:00,100.20000624993276,0.0,2.418514368545426,NEO,2.2899007335776056,0.441800168644,1.278222203305,2,0.0015001233010445854,-0.2673943765175807,0.01563342647266883,mag23,D099926,0.0,24.21323450980241,mag24+,0.010577398071258216,373779,61642.149300604775,30.0,31.0,336.49956488075304,-9.032870978565633,179.0276305438203,r,0.0,373831,61642.17304732836,30.0,31.0,336.49956488075304,-9.032870978565633,165.7758240074947,i,0.0,373779-373831,True,126,True,130,K
inst00041_part004:S1002Bl4a:61642,inst00041_part004.h5,660,S1002Bl4a,61642,2,34.38103106687777,34.38103106687777,271.5269284903289,-25.432599324211058,0.06869008487634236,0.0614061434163157,21.921182437155153,271.52611254386727,-25.433330768066043,61642.094557400014,61642.094129159275,22.087146824232367,i,24.640877148187084,271.5277444367905,-25.431867880356073,61642.11843311603,61642.118004875294,21.755218050077943,z,21.48213042000907,18.223208585318805,17.62646348331898,266688960.5884022,366588336.50953907,271.37589830502054,-2.0006311021937586,grid_dlon-060_lat-02,prob_maps_grid_dlon-060_lat-02.npz,2026-01-01T00:00:00,40.200006249932756,-2.0,1.747633154479376,MBA,2.457848328373884,0.08592,2.24667,2,0.0027543332276659055,0.0627194158700873,0.0607447668880239,mag21,D101356,0.01,22.78471895383617,mag22,0.0019983596072421705,373658,61642.094378001864,30.0,31.0,270.45866431300607,-26.63108025372794,65.10267945919445,i,0.0,373710,61642.11825371788,30.0,31.0,270.45866431300607,-26.63108025372794,64.98675224524713,z,0.0,373658-373710,True,166,True,166,E
inst00646_part008:S101PrAKa:61642,inst00646_part008.h5,10344,S101PrAKa,61642,2,34.27103605354205,34.27103605354205,352.2458104576911,-2.043977061349227,-0.17628922428774013,-0.10425861435125675,24.479739751661835,352.2479036974321,-2.042772117580481,61642.24252131733,61642.24209307659,24.757625895506404,g,4.039493857082162,352.2437172179501,-2.0451820051179723,61642.26632064792,61642.26589240718,24.201853607817267,r,5.183917916367569,21.30824278231108,21.702270141628286,182606385.09502357,328486208.4136367,352.06813492557865,1.1982415374874875,grid_dlon+020_lat+01,prob_maps_grid_dlon+020_lat+01.npz,2026-01-01T00:00:00,120.20000624993276,1.0,1.2174859792243495,MBA,2.465643884440078,0.12461,2.1584,2,0.0008469588646385217,-0.20305496349656815,-0.026361476878925687,mag24+,D101996,0.0,24.43746961003355,mag24+,0.0007471399715025132,373980,61642.24234191918,30.0,31.0,351.51746422492533,-2.161525241498186,143.23632355643025,g,0.0,374032,61642.26614124977,30.0,31.0,351.51746422492533,-2.161525241498186,127.70107224370017,r,0.0,373980-374032,True,88,True,128,L
inst00074_part012:S1006pKEa:61642,inst00074_part012.h5,1196,S1006pKEa,61642,2,34.34539839159697,34.34539839159697,272.6872785502159,-22.77645726826203,0.036663891474062814,-0.012222986224344999,22.271592042254312,272.6868358277038,-22.776312516471222,61642.09502691247,61642.094598671734,22.364788576287864,i,19.113649422058863,272.687721272728,-22.776602020052838,61642.11887788358,61642.11844964284,22.178395508220763,z,15.594422505643871,18.121868427083463,17.5110226238182,305433985.2572959,404932408.2831582,272.473880992269,0.6397136931566698,grid_dlon-060_lat+01,prob_maps_grid_dlon-060_lat+01.npz,2026-01-01T00:00:00,40.200006249932756,1.0,0.7432674497209999,MBA,2.8591672629027265,0.06357,2.67741,2,0.0011788464834684175,0.0335731696285166,-0.012851349421911847,mag22,D102567,0.0,23.220569418436114,mag23,0.0014893308001542515,373659,61642.094847514316,30.0,31.0,272.320612345032,-21.213523687699524,77.52003801990354,i,6.28642737865448e-07,373711,61642.11869848543,30.0,31.0,272.320612345032,-21.213523687699524,73.83158954872613,z,0.0,373659-373711,True,113,True,113,F
inst00085_part013:S1007IbSa:61642,inst00085_part013.h5,1373,S1007IbSa,61642,3,34.18834700714797,34.18834700714797,337.3415566171714,-14.867124232926663,-0.1813511820428279,-0.1025799129635899,22.258260500722507,337.34370911319473,-14.86590676627589,61642.14821419839,61642.14778595765,22.531743497249636,r,20.56475436831356,337.3394041211481,-14.868341699577439,61642.17195610603,61642.17152786529,21.984777504195378,i,24.86960976403179,17.778757017918174,17.52512396479998,353231697.5718675,503989676.42800355,333.54867390812404,-5.008158643835144,grid_dlon+000_lat-05,prob_maps_grid_dlon+000_lat-05.npz,2026-01-01T00:00:00,100.20000624993276,-5.0,0.37234433544286893,MBA,3.1703331933051806,0.09542,2.86782,3,0.0002769327600300853,-0.20151475726047574,-0.030774152856998912,mag22,D105367,0.01,22.873136535922526,mag22,0.0005107156031447707,373776,61642.14803480024,30.0,31.0,338.53272863894745,-13.867824161971438,188.3313940349604,r,0.0,373828,61642.17177670788,30.0,31.0,338.53272863894745,-13.867824161971438,176.4169057759705,i,0.0,373776-373828,True,182,True,159,J
inst00043_part003:S1002OCGa:61642,inst00043_part003.h5,691,S1002OCGa,61642,2,36.431736872764304,36.431736872764304,316.49387208065457,-17.0684394553723,-0.1922387374317062,-0.0617602644311417,17.670251117489187,316.49630406418976,-17.06766043404835,61642.207303253446,61642.20687501271,17.776817384016724,i,492.2992808162474,316.4914400971195,-17.069218476696246,61642.23260307072,61642.23217482998,17.563684850961653,z,392.4736873171637,14.308412209495229,13.702706182813401,265676031.95303303,412412945.60294247,313.8939448232228,-0.43044970582121694,grid_dlon-020_lat+00,prob_maps_grid_dlon-020_lat+00.npz,2026-01-01T00:00:00,80.20000624993276,0.0,0.7873594923261952,MBA,2.7832435339360546,0.01447,2.74297,2,9.372018947294407e-05,-0.19378097358940322,-0.006112838810130975,16_18,D105944,0.12,18.62754493467579,18_20,0.0006042393500036166,373910,61642.207123855296,30.0,31.0,317.51308485366314,-17.84516531742886,88.53112261378887,i,0.0,373966,61642.23242367257,30.0,31.0,317.51308485366314,-17.84516531742886,80.808015289907,z,0.0,373910-373966,True,37,True,36,I
inst00015_part013:S00015Jwa:61642,inst00015_part013.h5,253,S00015Jwa,61642,2,36.56775874318555,36.56775874318555,307.68632495334145,-13.888964765461754,0.21070097865261228,-0.4370883748533685,22.670068354067155,307.68364707822565,-13.883409580199775,61642.18475161897,61642.18432337823,22.762593670725174,i,11.909617220545748,307.6890028284573,-13.894519950723735,61642.21014589587,61642.20971765513,22.57754303740914,z,7.772094429171068,24.565073030455093,23.945738558639956,41055013.00332257,189172976.64331192,306.5542497685154,4.89624094377812,grid_dlon-030_lat+05,prob_maps_grid_dlon-030_lat+05.npz,2026-01-01T00:00:00,70.20000624993276,5.0,3.3434286704151868,NEO,2.4897411757901313,0.519922989882,1.195267499641,2,1.0,0.09201193405083821,-0.4737917344333228,mag22,D106452,0.86,23.6523297954272,mag23,0.5120961496184946,373857,61642.184572220816,30.0,31.0,307.55006857284826,-14.514477456298348,92.2770262254423,i,0.0,373913,61642.20996649772,30.0,31.0,307.55006857284826,-14.514477456298348,84.45627244608112,z,0.0,373857-373913,True,85,True,88,R
inst00444_part005:S1010EDya:61642,inst00444_part005.h5,7109,S1010EDya,61642,2,36.45291106891818,36.45291106891818,309.223111053798,-21.49692528242145,-0.17490000844113657,-0.025564727254936248,23.393483805616594,309.22533962940855,-21.496605571239325,61642.20517481482,61642.20474657408,23.699948746369977,i,6.790361673292947,309.22088247818743,-21.49724499360358,61642.2304893364,61642.23006109566,23.08701886486321,z,5.1086649370765524,19.362838885947976,18.65857420331328,321221444.7617308,462350882.8755275,306.08762393588796,-2.8370101133427266,grid_dlon-030_lat-03,prob_maps_grid_dlon-030_lat-03.npz,2026-01-01T00:00:00,70.20000624993276,-3.0,2.859711817952055,MBA,3.0955746215375677,0.17363,2.55809,2,0.0012182086201041767,-0.16412778057778626,0.016242017297789013,mag23,D109197,0.0,24.424909602303316,mag24+,0.0012613947627615537,373905,61642.20499541667,30.0,31.0,308.8151615658631,-22.414323129384417,73.50827098113933,i,0.0,373961,61642.23030993825,30.0,31.0,308.8151615658631,-22.414323129384417,71.32351469269727,z,0.0,373905-373961,True,130,True,130,H
inst00413_part003:S100UzDka:61642,inst00413_part003.h5,6611,S100UzDka,61642,2,34.173501619370654,34.173501619370654,330.3303059993946,-11.285369162923768,-0.24296646633632477,-0.1570354779893145,21.161864151678337,330.33319256341804,-11.28350407754266,61642.14693033903,61642.146502098294,21.38184745247031,r,57.09639415263787,330.3274194353712,-11.287234248304877,61642.17066193738,61642.17023369664,20.941880850886367,i,60.44233098804309,19.20540953333602,18.996631366665813,171403880.13231027,322531971.7053609,328.44475364397334,0.7760800090247152,grid_dlon+000_lat+01,prob_maps_grid_dlon+000_lat+01.npz,2026-01-01T00:00:00,100.20000624993276,1.0,4.735695423512208,MBA,2.3085972258571053,0.2358,1.76423,2,0.01185442506606618,-0.2778879231670696,-0.06499653779259887,mag21,D112577,0.01,21.655232785012522,mag21,0.12963505937833547,373773,61642.14675094088,30.0,31.0,330.4153278564736,-10.669984224775128,173.57048323698308,r,0.0,373825,61642.17048253923,30.0,31.0,330.4153278564736,-10.669984224775128,156.47074690898765,i,0.0,373773-373825,True,140,True,137,N
inst00249_part005:S100tpgoa:61642,inst00249_part005.h5,3989,S100tpgoa,61642,2,34.167453416157514,34.167453416157514,326.0946172553016,-15.174668803167505,-0.2097127880714162,-0.0544037999264583,23.07575072679306,326.0971154287271,-15.174024836337571,61642.14565229184,61642.1452240511,23.269084685040564,r,11.58515314837341,326.09211908187615,-15.175312769997438,61642.16937969004,61642.168951449305,22.882416768545557,i,13.123068406017545,19.608111714557428,19.365245376627612,254837450.1730863,405094853.50808597,323.2498075668592,-1.4904355350009348,grid_dlon-010_lat-01,prob_maps_grid_dlon-010_lat-01.npz,2026-01-01T00:00:00,90.20000624993276,-1.0,0.4962657944115284,MBA,2.925935089663185,0.07041,2.71992,2,0.00034942366551790117,-0.20908217744591082,0.015491580629469781,mag23,D114513,0.0,23.670505350165445,mag23,0.0004983980550169146,373770,61642.14547289369,30.0,31.0,326.7487961931708,-14.202079732179511,172.52492961637122,r,0.0,373822,61642.16920029189,30.0,31.0,326.7487961931708,-14.202079732179511,150.5092126177087,i,0.0,373770-373822,True,151,True,146,Q
inst00129_part014:S100d7lKa:61642,inst00129_part014.h5,2078,S100d7lKa,61642,2,34.312762225745246,34.312762225745246,247.42081215772487,-29.379757906478204,0.2658690302913027,-0.02916327639625465,20.642902527568197,247.41764872173692,-29.379408563257225,61642.05831489474,61642.057886654,20.89290462654993,r,71.10811915600834,247.42397559371284,-29.380107249699186,61642.08214320184,61642.0817149611,20.39290042858646,i,80.05635083605179,16.20120866657924,15.949157370738961,313065940.63462496,368202311.5993432,250.27489717347905,-7.473263164512481,grid_dlon-080_lat-08,prob_maps_grid_dlon-080_lat-08.npz,2026-01-01T00:00:00,20.200006249932756,-8.0,2.861804828319875,MBA,3.07921528401077,0.2201,2.40148,2,0.0002965928410444865,0.2354016329470627,0.006871747645862883,mag20,D115093,0.15,21.243745156829238,mag21,0.0008694971725279027,373577,61642.05813549659,30.0,31.0,247.8261477933222,-30.764583262605335,58.24793538934472,r,0.0,373629,61642.08196380369,30.0,31.0,247.8261477933222,-30.764583262605335,60.83513165254162,i,0.0,373577-373629,True,118,True,118,T
inst00087_part004:S1007Syna:61642,inst00087_part004.h5,1396,S1007Syna,61642,2,34.360883255722,34.360883255722,6.64563615427025,3.2374599646739446,-0.13464399416640707,-0.009614568594973099,22.101263393231903,6.647245747818658,3.237584714899233,61642.298680903965,61642.298252663226,22.345691556942473,r,21.970634953713198,6.644026560721841,3.2373352144486565,61642.32254262845,61642.32211438771,21.856835229521337,i,25.40836663822748,17.474309021344244,17.22682515009629,332578032.7628817,463676190.8360284,7.377643441094059,0.33537890757718875,grid_dlon+030_lat+00,prob_maps_grid_dlon+030_lat+00.npz,2026-01-01T00:00:00,130.20000624993276,0.0,4.066771157099284,MBA,3.071009951069328,0.09055,2.79293,2,0.0015665214668862124,-0.1272920601973005,0.044282186733260946,mag22,D116061,0.0,22.674438243135615,mag22,0.0013164856349189694,374108,61642.298501505815,30.0,31.0,5.612435850997294,2.863202976914128,133.06386966920232,r,0.0,374160,61642.3223632303,30.0,31.0,5.612435850997294,2.863202976914128,120.3423953691796,i,0.0,374108-374160,True,126,True,129,D
inst00268_part012:S100wiyVa:61642,inst00268_part012.h5,4300,S100wiyVa,61642,3,34.314723999705166,34.314723999705166,10.602143044623574,-3.4101334969097286,-0.16075890678442478,0.01840599086306945,21.345063178032177,10.604055519035057,-3.4103521602213753,61642.30340807013,61642.302979829394,21.590171106879023,r,47.08916513378348,10.60023057021209,-3.409914833598082,61642.32723773958,61642.32680949884,21.099955249185335,i,50.35753826725694,18.099332376945178,17.856187651343188,216038430.2707514,348403571.75035894,8.393659026193182,-7.332733906663235,grid_dlon+040_lat-08,prob_maps_grid_dlon+040_lat-08.npz,2026-01-01T00:00:00,140.20000624993276,-8.0,4.980627539432918,MBA,2.575885941130906,0.17376,2.1283,3,0.002947481174959456,-0.1413794904848088,0.08017610726050275,mag21,D118184,0.02,21.91887552668899,mag21,0.0014949245035894931,374119,61642.30322867198,30.0,31.0,9.08702925754262,-4.299216293602096,134.79862427186353,r,0.0,374171,61642.32705834143,30.0,31.0,9.08702925754262,-4.299216293602096,118.99293609916184,i,0.0,374119-374171,True,117,True,124,S
inst00053_part009:S1003YkNa:61642,inst00053_part009.h5,857,S1003YkNa,61642,2,36.440662667155266,36.440662667155266,312.6624172751858,-17.78323165270747,-0.17384401045699382,-0.060168064992676545,23.598592511860044,312.66462526814945,-17.78247294694008,61642.2064495027,61642.20602126196,23.701338448581573,i,7.080926529270851,312.66020928222224,-17.783990358474867,61642.23175551844,61642.2313272777,23.495846575138515,z,4.745055968429822,20.126491863334167,19.52419877835299,253305931.78882062,398061698.606874,310.1841648805839,-0.09635986836955407,grid_dlon-020_lat+00,prob_maps_grid_dlon-020_lat+00.npz,2026-01-01T00:00:00,80.20000624993276,0.0,3.05117443680684,MBA,3.0940947599623465,0.20325,2.46522,2,0.0011735789811183307,-0.1756291547043506,-0.013317650101216825,mag23,D118652,0.0,24.534393733507056,mag24+,0.0008038900057419,373908,61642.20627010455,30.0,31.0,312.23052900564977,-17.803267454871637,83.7253105327916,i,0.0,373964,61642.23157612029,30.0,31.0,312.23052900564977,-17.803267454871637,78.47421536379193,z,0.0,373908-373964,True,136,True,136,O
inst00443_part007:S1010tKGa:61642,inst00443_part007.h5,7095,S1010tKGa,61642,2,34.17127062915824,34.17127062915824,321.4260658801567,-13.473672686856727,-0.19609639342171936,-0.14870783961717104,20.47261818515736,321.42839359701867,-13.471911189743714,61642.14436164236,61642.14393340162,20.74412755004868,r,104.01594760288825,321.42373816329484,-13.47543418396974,61642.168091691405,61642.167663450666,20.20110882026604,i,92.6809505949511,19.01580505782905,18.76129766032324,135803194.1589715,285488018.91961855,319.5108499245925,1.5715395834037598,grid_dlon-010_lat+02,prob_maps_grid_dlon-010_lat+02.npz,2026-01-01T00:00:00,90.20000624993276,2.0,3.6867513608087688,MBA,2.2505919634337412,0.15113,1.91046,2,0.000606116939834663,-0.22758490430291822,-0.08200179183120947,mag20,D120152,0.01,21.08132052483412,mag21,0.0003121252724431472,373767,61642.14418224421,30.0,31.0,321.102050420575,-13.536656576810467,159.46952532922018,r,0.0,373819,61642.167912293255,30.0,31.0,321.102050420575,-13.536656576810467,134.67718928161105,i,0.0,373767-373819,True,93,True,96,P
inst00279_part003:S100xQgpa:61642,inst00279_part003.h5,4467,S100xQgpa,61642,2,36.440662667155266,36.440662667155266,310.90664126199124,-17.097142264189827,-0.18776874395597395,0.0085676775115251,22.76871150605964,310.9090283456624,-17.09724156972749,61642.2064495027,61642.20602126196,22.922281105658705,i,12.391352848841446,310.90425417832006,-17.09704295865216,61642.23175551844,61642.2313272777,22.615141906460575,z,8.396553816090575,19.694297472123985,19.0861425915787,234983333.46599934,379032722.3464834,308.75080892036175,1.009161884480139,grid_dlon-020_lat+01,prob_maps_grid_dlon-020_lat+01.npz,2026-01-01T00:00:00,80.20000624993276,1.0,4.483018143609518,MBA,2.7497977153736315,0.1596,2.31093,2,0.0017701805056083977,-0.17106810261528319,0.055026883029223914,mag22,D121924,0.0,23.722568914480938,mag23,0.001869384778150155,373908,61642.20627010455,30.0,31.0,312.23052900564977,-17.803267454871637,83.7253105327916,i,0.0,373964,61642.23157612029,30.0,31.0,312.23052900564977,-17.803267454871637,78.47421536379193,z,0.0,373908-373964,True,6,True,6,O
inst00143_part008:S100eQjQa:61642,inst00143_part008.h5,2296,S100eQjQa,61642,2,34.18257205397822,34.18257205397822,262.18130992031695,-22.03618776603141,0.1429495764313165,0.0319809387810053,19.869983691865336,262.17961218819573,-22.03656458002415,61642.10585084488,61642.10542260414,19.98956621386418,i,97.01624263540451,262.18300765243816,-22.035810952038666,61642.12958874214,61642.1291605014,19.750401169866493,z,91.79577901240505,16.4591988243327,15.855193226358367,249557718.36942863,335747269.1119604,262.7501911102303,1.20664578597653,grid_dlon-070_lat+01,prob_maps_grid_dlon-070_lat+01.npz,2026-01-01T00:00:00,30.200006249932756,1.0,0.4364914750452419,MBA,2.3230577334283677,0.10208,2.08592,2,0.0010462169891450384,0.1306104494267831,0.039105999075240656,18_20,D124247,0.1,20.824790465506968,mag20,0.0014305890464804095,373684,61642.105671446734,30.0,31.0,262.3464125266547,-22.444355960056903,71.11750764041383,i,6.28642737865448e-07,373736,61642.12940934399,30.0,31.0,262.3464125266547,-22.444355960056903,70.824918879744,z,0.0,373684-373736,True,86,True,86,Z
inst00080_part012:S10077Bwa:61642,inst00080_part012.h5,1292,S10077Bwa,61642,2,36.52376041514799,36.52376041514799,291.9082756237925,-27.402641664451046,-0.06603020415096433,0.2741835610753549,22.980920476407462,291.9090830973434,-27.406116295571522,61642.195375061776,61642.19494682104,23.367803119110253,i,7.024209189387822,291.9074681502416,-27.399167033330574,61642.22073878429,61642.22031054355,22.59403783370467,z,4.391756270478196,21.155893560741184,20.556672141392607,166457428.6152863,296384126.68039155,289.4318022544266,-5.429552360438742,grid_dlon-040_lat-05,prob_maps_grid_dlon-040_lat-05.npz,2026-01-01T00:00:00,60.200006249932756,-5.0,3.8153562031957087,other,2.3093835885355323,0.31231,1.58814,2,0.010688356892507652,-0.017165545726331048,0.2798589929663063,mag22,D125236,0.08,23.924248335014855,mag23,0.04520460464987976,373882,61642.195195663626,30.0,31.0,291.7046191581302,-27.179875848535122,64.83657429004097,i,0.0,373938,61642.220559386136,30.0,31.0,291.7046191581302,-27.179875848535122,66.39172205669752,z,0.0,373882-373938,True,95,True,95,U
inst00885_part003:STC0030Da:61642,inst00885_part003.h5,14162,STC0030Da,61642,2,36.52376041514799,36.52376041514799,292.5329830392141,-27.611266462755083,-0.01619160084805066,-0.0006651746909583001,23.200591891063517,292.5331685530306,-27.611241885550292,61642.195375061776,61642.19494682104,23.2661125528242,i,7.789716235968714,292.53279752539765,-27.611291039959877,61642.22073878429,61642.22031054355,23.135071229302838,z,4.85532652592268,7.609556397436612,7.004452528132199,6050368390.590608,6163971321.486735,289.95044428615586,-5.719526521069851,grid_dlon-040_lat-05,prob_maps_grid_dlon-040_lat-05.npz,2026-01-01T00:00:00,60.200006249932756,-5.0,3.3506241066466678,TNO,42.28508967512481,0.08057,38.87818,2,0.0001592089389127566,-0.014351565226185376,0.001540682186450647,mag23,D125702,0.01,24.15613936293132,mag24+,0.000223750946490037,373882,61642.195195663626,30.0,31.0,291.7046191581302,-27.179875848535122,64.83657429004097,i,0.0,373938,61642.220559386136,30.0,31.0,291.7046191581302,-27.179875848535122,66.39172205669752,z,0.0,373882-373938,True,145,True,145,U
inst00829_part014:S103Es73a:61642,inst00829_part014.h5,13278,S103Es73a,61642,2,34.3652157462202,34.3652157462202,11.023422292780767,2.1424824390147954,0.02002438262373448,-0.13969321739175133,23.693125728555618,11.023183069053403,2.144162305937925,61642.29824732186,61642.29781908112,23.908672851020622,r,3.7147978140666074,11.023661516508128,2.140802572091666,61642.322112055015,61642.321683814276,23.477578606090614,i,4.410169884960669,21.94438086960037,21.695619739389485,151336596.22536504,284752773.5766403,10.96909371086634,-2.390283662098077,grid_dlon+040_lat-02,prob_maps_grid_dlon+040_lat-02.npz,2026-01-01T00:00:00,140.20000624993276,-2.0,2.3873222566750427,MBA,2.382608259320588,0.20284,1.89932,2,0.00231190524094344,-0.036201248778156614,-0.13640513041398164,mag23,D129315,0.01,24.30750598916613,mag24+,0.0029895511174980183,374107,61642.29806792371,30.0,31.0,10.459801237058713,1.9451247494775845,140.96344844814226,r,0.0,374159,61642.321932656865,30.0,31.0,10.459801237058713,1.9451247494775845,127.24220479209438,i,0.0,374107-374159,True,89,True,89,C
inst00358_part000:S100KIT9a:61642,inst00358_part000.h5,5728,S100KIT9a,61642,2,34.312762225745246,34.312762225745246,246.83651860995104,-29.995175920872686,0.2909155663698205,0.0073571164103267,22.80509042269314,246.8330398791947,-29.995268437083467,61642.05831489474,61642.057886654,23.027292511172416,r,11.36646518919334,246.83999734070738,-29.995083404661905,61642.08214320184,61642.0817149611,22.582888334213866,i,13.143204257086568,18.77627980756107,18.518546422127613,276369564.3197481,334089379.7501218,249.86575311700335,-8.160351562164573,grid_dlon-080_lat-08,prob_maps_grid_dlon-080_lat-08.npz,2026-01-01T00:00:00,20.200006249932756,-8.0,3.2260421116309748,MBA,2.721183467665883,0.20471,2.16413,2,0.0009758541176497062,0.25015496969238327,0.04709038526962909,mag22,D129580,0.04,23.41654400056553,mag23,0.0015228609646758381,373577,61642.05813549659,30.0,31.0,247.8261477933222,-30.764583262605335,58.24793538934472,r,0.0,373629,61642.08196380369,30.0,31.0,247.8261477933222,-30.764583262605335,60.83513165254162,i,0.0,373577-373629,True,74,True,35,T
inst00047_part005:S1003gJha:61642,inst00047_part005.h5,757,S1003gJha,61642,2,34.27103605354205,34.27103605354205,352.5351330820267,-0.9368502662379826,-0.1996590582723569,-0.0749496061673615,18.676493808913776,352.53750670916014,-0.9359584230105951,61642.24252131733,61642.24209307659,19.07415893218189,g,358.94121651039256,352.5327594548932,-0.9377421094653702,61642.26632064792,61642.26589240718,18.278828685645657,r,417.1476356548415,14.328294359302006,14.723312985088537,260365131.6674239,404942481.8172396,352.7709006330817,2.1015233924826577,grid_dlon+020_lat+02,prob_maps_grid_dlon+020_lat+02.npz,2026-01-01T00:00:00,120.20000624993276,2.0,0.508705809007405,MBA,2.367164291354868,0.20221,1.8885,2,0.0011033574492628664,-0.2131505079659141,0.009923797513951936,18_20,D130035,0.25,18.63318082382524,18_20,0.0009008740961790761,373980,61642.24234191918,30.0,31.0,351.51746422492533,-2.161525241498186,143.23632355643025,g,0.0,374032,61642.26614124977,30.0,31.0,351.51746422492533,-2.161525241498186,127.70107224370017,r,0.0,373980-374032,True,33,True,75,L
inst00383_part010:S100PcLJa:61642,inst00383_part010.h5,6138,S100PcLJa,61642,2,34.312762225745246,34.312762225745246,247.95110307128783,-30.157197841429465,0.28732032812156066,0.0220771136621391,22.82497468516634,247.9476969092492,-30.157470373014355,61642.05831489474,61642.057886654,23.041206371186323,r,11.137396822974791,247.9545092333265,-30.15692530984457,61642.08214320184,61642.0817149611,22.60874299914635,i,11.939272245238216,18.818990197133363,18.603659508409635,275498690.2655189,335410671.7205707,250.85373358534318,-8.17144174309319,grid_dlon-080_lat-08,prob_maps_grid_dlon-080_lat-08.npz,2026-01-01T00:00:00,20.200006249932756,-8.0,2.2406423491528207,MBA,2.4561071432501733,0.09131,2.23184,2,0.0009097704944607513,0.2447428451505667,0.05930191916110853,mag22,D132729,0.04,23.301315176756706,mag23,0.0014225005718851223,373577,61642.05813549659,30.0,31.0,247.8261477933222,-30.764583262605335,58.24793538934472,r,0.0,373629,61642.08196380369,30.0,31.0,247.8261477933222,-30.764583262605335,60.83513165254162,i,0.0,373577-373629,True,128,True,128,T
inst00148_part000:S100fpsqa:61642,inst00148_part000.h5,2368,S100fpsqa,61642,2,34.38103106687777,34.38103106687777,271.5650305297631,-25.44988393745607,0.024467955500906267,-0.02172004096372275,22.083949366296288,271.5647340396539,-25.449627575602356,61642.094557400014,61642.094129159275,22.244038410180895,i,20.452129619130737,271.56532701987226,-25.45014029930979,61642.11843311603,61642.118004875294,21.923860322411684,z,17.78802705547111,18.588118727439667,18.021662085428787,252354697.88652718,353291661.19350344,271.4101389123128,-2.0182841961623432,grid_dlon-060_lat-02,prob_maps_grid_dlon-060_lat-02.npz,2026-01-01T00:00:00,40.200006249932756,-2.0,1.7134898863224415,MBA,2.246095853527194,0.18292,1.83524,2,0.0010992312672627247,0.021869772479466792,-0.021958929615956236,mag22,D133884,0.01,22.9222872808675,mag22,0.001261333785925127,373658,61642.094378001864,30.0,31.0,270.45866431300607,-26.63108025372794,65.10267945919445,i,0.0,373710,61642.11825371788,30.0,31.0,270.45866431300607,-26.63108025372794,64.98675224524713,z,0.0,373658-373710,True,166,True,166,E
inst00293_part003:S100A4AJa:61642,inst00293_part003.h5,4691,S100A4AJa,61642,2,36.440662667155266,36.440662667155266,313.41306549062324,-17.481262203802995,-0.16169112079741035,-0.07415410821288115,22.214045837299935,313.4151162345456,-17.48032491497392,61642.2064495027,61642.20602126196,22.34492540057068,i,21.233747126002168,313.41101474670086,-17.48219949263207,61642.23175551844,61642.2313272777,22.083166274029185,z,14.523784452736457,18.00360120176696,17.39627694376605,328922789.20708084,473576762.54253906,310.9546579749042,6.182970811232166e-05,grid_dlon-020_lat+00,prob_maps_grid_dlon-020_lat+00.npz,2026-01-01T00:00:00,80.20000624993276,0.0,2.2791597315173053,MBA,3.2027501552178648,0.01751,3.14667,2,0.0016994730641078496,-0.16862054140706184,-0.029168801530812815,mag22,D134333,0.0,23.157768893533884,mag23,0.0013867727853004073,373908,61642.20627010455,30.0,31.0,312.23052900564977,-17.803267454871637,83.7253105327916,i,0.0,373964,61642.23157612029,30.0,31.0,312.23052900564977,-17.803267454871637,78.47421536379193,z,0.0,373908-373964,True,171,True,172,O
inst00269_part015:S100wthca:61642,inst00269_part015.h5,4319,S100wthca,61642,2,36.52327183401212,36.52327183401212,298.35911221744703,-26.256943903790162,-0.09626681411249427,0.0047460149182498995,22.68308355355525,298.3603319217291,-26.257006685822844,61642.19621749138,61642.19578925064,22.73302341998471,i,12.758710518107607,298.357892513165,-26.25688112175748,61642.2215808746,61642.22115263386,22.63314368712579,z,7.248954941563481,19.91776942314277,19.340841855776844,208398434.57686716,342094227.91795784,295.3240865838983,-5.276959096495716,grid_dlon-040_lat-05,prob_maps_grid_dlon-040_lat-05.npz,2026-01-01T00:00:00,60.200006249932756,-5.0,2.1185343126058873,MBA,2.626557301824022,0.1283,2.28957,2,0.0009530820111343031,-0.08422190516486722,0.021041386702461983,mag22,D135151,0.01,23.652241697778404,mag23,0.0014003365615604933,373884,61642.19603809323,30.0,31.0,297.722561514484,-24.817875390727316,67.88522708467251,i,0.0,373940,61642.22140147645,30.0,31.0,297.722561514484,-24.817875390727316,68.13687199255678,z,0.0,373884-373940,True,113,True,113,X
inst00088_part001:S1007YBla:61642,inst00088_part001.h5,1409,S1007YBla,61642,2,34.17312336503528,34.17312336503528,317.025575708392,-13.196819201538213,-0.17806333314247036,-0.060002256805718496,23.183165874223775,317.0276880916015,-13.196092023997922,61642.14349528497,61642.14306704423,23.51507823204628,r,11.815941152604003,317.0234633251826,-13.197546379078505,61642.16722662064,61642.1667983799,22.851253516401265,i,9.360159280896786,17.96282170877033,17.748910948427145,402050252.92378974,548937594.4908736,315.5081734339712,3.126136979822462,grid_dlon-020_lat+03,prob_maps_grid_dlon-020_lat+03.npz,2026-01-01T00:00:00,80.20000624993276,3.0,2.3398095711894147,MBA,3.1346513202437376,0.2615,2.31494,2,0.0008659334223907894,-0.1835956967601937,-0.006867322181124678,mag23,D135590,0.0,23.664254925796627,mag23,0.0008474240452933759,373765,61642.14331588682,30.0,31.0,315.6825177941189,-13.277114016451204,144.96652051211944,r,0.0,373817,61642.167047222494,30.0,31.0,315.6825177941189,-13.277114016451204,120.54319117917052,i,6.28642737865448e-07,373765-373817,True,122,True,163,A
inst00227_part009:S100qd83a:61642,inst00227_part009.h5,3641,S100qd83a,61642,2,36.45291106891818,36.45291106891818,307.7237053836454,-22.599333137616277,-0.15293469652239886,-0.0140725682833352,21.084772178451686,307.7256403376153,-22.59914977625426,61642.20517481482,61642.20474657408,21.19913111481167,i,52.20432953368718,307.72177042967553,-22.599516498978293,61642.2304893364,61642.23006109566,20.970413242091706,z,37.118986161584175,16.937072232588076,16.326386189074498,324298886.45484936,464016756.414608,304.4654881317168,-3.560553237719898,grid_dlon-030_lat-04,prob_maps_grid_dlon-030_lat-04.npz,2026-01-01T00:00:00,70.20000624993276,-4.0,1.3089048127981626,MBA,3.235865608140708,0.08804,2.95098,2,0.0013284730536186398,-0.14063240593468274,0.020782146963045773,mag21,D136625,0.02,22.03838598937719,mag22,0.0011872294686724693,373905,61642.20499541667,30.0,31.0,308.8151615658631,-22.414323129384417,73.50827098113933,i,0.0,373961,61642.23030993825,30.0,31.0,308.8151615658631,-22.414323129384417,71.32351469269727,z,0.0,373905-373961,True,46,True,45,H
inst00272_part003:S100wOfDa:61642,inst00272_part003.h5,4355,S100wOfDa,61642,2,34.225487157236785,34.225487157236785,326.41669327843204,-3.781287831456255,-0.23432377953970748,-0.088883354800331,23.462659526242312,326.4194825308837,-3.7802314959337795,61642.153291680894,61642.152863440155,23.77652936913153,r,8.089170820762288,326.4139040259803,-3.7823441669787297,61642.17705938031,61642.17663113957,23.148789683353094,i,9.24420954459873,20.3704897711744,20.124902470346093,230483769.80636042,380336565.8873935,327.3465874540422,9.151450301527913,grid_dlon-010_lat+08,prob_maps_grid_dlon-010_lat+08.npz,2026-01-01T00:00:00,90.20000624993276,8.0,4.321396083995982,MBA,2.405251974587912,0.06816,2.24131,2,0.0012129143695807244,-0.2533073612922592,-0.005246436703400985,mag23,D136795,0.01,24.05775705589622,mag24+,0.0020750868645268285,373788,61642.153112282744,30.0,31.0,325.93481101602737,-4.2091162795698995,156.0050468846943,r,0.0,373840,61642.17687998216,30.0,31.0,325.93481101602737,-4.2091162795698995,139.63401455881424,i,0.0,373788-373840,True,82,True,85,G
inst00224_part013:S100pP8Ga:61642,inst00224_part013.h5,3597,S100pP8Ga,61642,2,34.17127062915824,34.17127062915824,321.03653165516806,-14.271946755055044,-0.1867141126391192,-0.0682610193766587,22.264154243824123,321.0387397579872,-14.271142406439676,61642.14436164236,61642.14393340162,22.488139313154708,r,24.234665587639093,321.0343235523489,-14.272751103670414,61642.168091691405,61642.167663450666,22.040169174493542,i,21.001170986102625,18.060343502569413,17.80719607080679,316390230.96919334,465202343.2391337,318.9035540748055,0.929960395360297,grid_dlon-010_lat+01,prob_maps_grid_dlon-010_lat+01.npz,2026-01-01T00:00:00,90.20000624993276,1.0,4.2696411669129555,MBA,3.0521263223466857,0.10103,2.74377,2,0.0003316581833237089,-0.1932173055770935,-0.008939178611950056,mag22,D137416,0.0,22.876958173017336,mag22,0.0002996856881145732,373767,61642.14418224421,30.0,31.0,321.102050420575,-13.536656576810467,159.46952532922018,r,0.0,373819,61642.167912293255,30.0,31.0,321.102050420575,-13.536656576810467,134.67718928161105,i,0.0,373767-373819,True,140,True,144,P
inst00282_part005:S100ykrNa:61642,inst00282_part005.h5,4517,S100ykrNa,61642,2,34.19528196332976,34.19528196332976,336.1838484580315,-8.060229093557421,-0.2852013784715992,0.0072697984881944,20.464325165919423,336.18723248186103,-8.060311689028312,61642.149480002925,61642.149051762186,20.68983604899069,r,89.41109160163164,336.1804644342019,-8.06014649808653,61642.17322672651,61642.17279848577,20.238814282848157,i,103.33925557206797,18.12067518476736,17.876156396042948,193109030.62072375,344139890.91866785,334.985177460784,1.7416553990618058,grid_dlon+000_lat+02,prob_maps_grid_dlon+000_lat+02.npz,2026-01-01T00:00:00,100.20000624993276,2.0,1.8258794977231074,MBA,2.5263624003692104,0.19829,2.02541,2,0.0005698291353896324,-0.2604776449938929,0.10957923737398695,mag20,D137427,0.01,21.048168769876476,mag21,0.0020293981012791955,373779,61642.149300604775,30.0,31.0,336.49956488075304,-9.032870978565633,179.0276305438203,r,0.0,373831,61642.17304732836,30.0,31.0,336.49956488075304,-9.032870978565633,165.7758240074947,i,0.0,373779-373831,True,47,True,46,K
inst00211_part002:S100nVfna:61642,inst00211_part002.h5,3378,S100nVfna,61642,2,34.38103106687777,34.38103106687777,270.5494485963868,-26.886561223462827,0.02570474737720903,0.0281943479706745,22.650547908921624,270.5491332413699,-26.886891130586484,61642.094557400014,61642.094129159275,22.809593828241155,i,13.367958864428974,270.5497639514037,-26.88623131633917,61642.11843311603,61642.118004875294,22.49150198960209,z,10.426092458603314,18.20658589676609,17.629161450530887,342244149.34263694,436328029.3356706,270.48707403047683,-3.4482162942800554,grid_dlon-060_lat-03,prob_maps_grid_dlon-060_lat-03.npz,2026-01-01T00:00:00,40.200006249932756,-3.0,2.6742841165767643,MBA,2.744547519067615,0.06648,2.56209,2,0.00150864920057037,0.0230755087870539,0.028106531667052206,mag22,D140517,0.02,23.56138645839074,mag23,0.0019866431609937966,373658,61642.094378001864,30.0,31.0,270.45866431300607,-26.63108025372794,65.10267945919445,i,0.0,373710,61642.11825371788,30.0,31.0,270.45866431300607,-26.63108025372794,64.98675224524713,z,0.0,373658-373710,True,95,True,95,E
inst00008_part013:S0000BUga:61642,inst00008_part013.h5,141,S0000BUga,61642,2,34.19528196332976,34.19528196332976,336.8407013178514,-9.825662805200128,-0.0892228325843023,0.0193260383911183,22.46730429783043,336.8417499053917,-9.825888565834871,61642.149480002925,61642.149051762186,22.777986292193404,r,18.255372866788033,336.8396527303111,-9.825437044565383,61642.17322672651,61642.17279848577,22.156622303467454,i,21.879143727335993,23.869479032847806,23.62704608401498,54724963.55336733,205885742.76900768,334.94512951268223,-0.13880903211916787,grid_dlon+000_lat+00,prob_maps_grid_dlon+000_lat+00.npz,2026-01-01T00:00:00,100.20000624993276,0.0,1.7729052512229144,NEO,2.1528003950742343,0.430114424824,1.226849891386,2,0.5594223838775485,-0.07475593970234704,0.0501394283721527,mag22,D142941,0.45,23.04725821381545,mag23,0.012716392442958599,373779,61642.149300604775,30.0,31.0,336.49956488075304,-9.032870978565633,179.0276305438203,r,0.0,373831,61642.17304732836,30.0,31.0,336.49956488075304,-9.032870978565633,165.7758240074947,i,0.0,373779-373831,True,138,True,141,K
inst00285_part009:S100yQO1a:61642,inst00285_part009.h5,4569,S100yQO1a,61642,2,34.18257205397822,34.18257205397822,262.35626403932486,-22.771635892075395,0.09685602501392407,-0.01287111470428815,22.500615696469687,262.3551101469242,-22.77148320589311,61642.10585084488,61642.10542260414,22.591196180075745,i,9.577830140754214,262.3574179317255,-22.771788578257677,61642.12958874214,61642.1291605014,22.410035212863626,z,8.984980654290338,18.4578660435789,17.838418230253282,317955542.5690268,399274808.00022507,262.95108921171385,0.48090805749863086,grid_dlon-070_lat+00,prob_maps_grid_dlon-070_lat+00.npz,2026-01-01T00:00:00,30.200006249932756,0.0,0.5147624818748294,MBA,2.7181327168947274,0.08723,2.48103,2,0.0015513266180501588,0.08986566477067338,-0.008127750264095113,mag22,D143413,0.01,23.462197466216406,mag23,0.00097105915384079,373684,61642.105671446734,30.0,31.0,262.3464125266547,-22.444355960056903,71.11750764041383,i,6.28642737865448e-07,373736,61642.12940934399,30.0,31.0,262.3464125266547,-22.444355960056903,70.824918879744,z,0.0,373684-373736,True,95,True,95,Z
inst00000_part000:S00000fqa:61642,inst00000_part000.h5,0,S00000fqa,61642,2,36.440662667155266,36.440662667155266,312.44477394470834,-16.585335542227497,-0.18473896798533368,-0.0844022475394786,22.949018610965055,312.44709027925626,-16.584261878214416,61642.2064495027,61642.20602126196,23.133305484909876,i,9.122673261462191,312.4424576101605,-16.58640920624058,61642.23175551844,61642.2313272777,22.76473173702023,z,6.230306175182336,17.630368011428263,17.008741934711885,476620939.70848197,620083272.6206598,310.3061762286199,1.1133102965177932,grid_dlon-020_lat+01,prob_maps_grid_dlon-020_lat+01.npz,2026-01-01T00:00:00,80.20000624993276,1.0,2.9298338113902025,NEO,3.4570450159363464,0.627322196121,1.28836394445,2,0.0005775764181864736,-0.1932501459344244,-0.03376378471572286,mag22,D144149,0.0,23.911276676253166,mag23,0.000803292151777829,373908,61642.20627010455,30.0,31.0,312.23052900564977,-17.803267454871637,83.7253105327916,i,0.0,373964,61642.23157612029,30.0,31.0,312.23052900564977,-17.803267454871637,78.47421536379193,z,0.0,373908-373964,True,80,True,119,O
inst00590_part000:S101yusaa:61642,inst00590_part000.h5,9440,S101yusaa,61642,2,34.21338453772478,34.21338453772478,347.068674431436,-9.37244338225132,-0.17251529162053053,-0.21052966249299354,22.08928707620057,347.07072526153274,-9.369943214740076,61642.253589535016,61642.25316129428,22.39549079094397,g,33.84086833912817,347.06662360133924,-9.37494354976256,61642.27734882983,61642.276920589095,21.783083361457166,r,49.62231536512237,20.16137825974183,20.46258414250909,130015637.93765454,279325279.0768751,344.45898445769467,-3.530850011544,grid_dlon+010_lat-04,prob_maps_grid_dlon+010_lat-04.npz,2026-01-01T00:00:00,110.20000624993276,-4.0,1.2686409165799795,MBA,2.211722773221438,0.16112,1.85537,2,0.0013581322049833796,-0.23907630326232338,-0.12788385405703137,mag22,D145623,0.01,22.05670293369148,mag22,0.0009182203359544878,374006,61642.253410136866,30.0,31.0,347.6615257772227,-8.854711246793014,125.93350398601339,g,0.0,374058,61642.27716943168,30.0,31.0,347.6615257772227,-8.854711246793014,109.34834614082037,r,0.0,374006-374058,True,100,True,61,B
inst00054_part013:S100479Ja:61642,inst00054_part013.h5,877,S100479Ja,61642,2,36.45291106891818,36.45291106891818,307.40708070904094,-22.153271620807292,-0.14466865834722425,-0.016265682594643803,20.212480237276154,307.40891466967065,-22.153066895433454,61642.20517481482,61642.20474657408,20.31846111410591,i,101.59700394568368,307.4052467484113,-22.15347634618113,61642.2304893364,61642.23006109566,20.106499360446392,z,72.58804592341312,15.388907267747696,14.772431323125657,396130176.03046703,535049421.80787206,304.28953670204436,-3.056730787607152,grid_dlon-030_lat-03,prob_maps_grid_dlon-030_lat-03.npz,2026-01-01T00:00:00,70.20000624993276,-3.0,1.0584961067417609,other,3.658856382398499,0.08326,3.35422,2,0.0015051116156838905,-0.13413375324189794,0.01664086200138003,mag20,D149939,0.12,21.200048914150496,mag21,0.0020291655446303784,373905,61642.20499541667,30.0,31.0,308.8151615658631,-22.414323129384417,73.50827098113933,i,0.0,373961,61642.23030993825,30.0,31.0,308.8151615658631,-22.414323129384417,71.32351469269727,z,0.0,373905-373961,True,7,True,7,H
inst00031_part003:S1001vfna:61642,inst00031_part003.h5,499,S1001vfna,61642,2,34.173501619370654,34.173501619370654,330.4304527764996,-11.240737970373461,-0.19072578937057752,-0.11319910127253115,22.844660723908994,330.43271876707195,-11.239398825753659,61642.14693033903,61642.146502098294,23.140076041971266,r,13.648013728055812,330.42818678592715,-11.242077114993263,61642.17066193738,61642.17023369664,22.549245405846722,i,15.901208563478793,18.84021459015503,18.583440391232973,314159723.8581315,465267054.80147827,328.55235611899616,0.7839906086608869,grid_dlon+000_lat+01,prob_maps_grid_dlon+000_lat+01.npz,2026-01-01T00:00:00,100.20000624993276,1.0,4.627840121216434,MBA,3.003738249028668,0.18411,2.45072,2,0.0008494881936914665,-0.21469984750285684,-0.041481645763441,mag22,D152551,0.0,23.431220332676023,mag23,0.0007227124434000033,373773,61642.14675094088,30.0,31.0,330.4153278564736,-10.669984224775128,173.57048323698308,r,0.0,373825,61642.17048253923,30.0,31.0,330.4153278564736,-10.669984224775128,156.47074690898765,i,0.0,373773-373825,True,136,True,137,N
inst00139_part013:S100en9ga:61642,inst00139_part013.h5,2237,S100en9ga,61642,2,34.360883255722,34.360883255722,5.3554279499227855,3.193849573794256,-0.10870164757008158,-0.0450956142158432,23.227192947813457,5.3567220982783965,3.194387966684789,61642.298680903965,61642.298252663226,23.409222317832725,r,8.556759924027435,5.354133801567173,3.193311180903723,61642.32254262845,61642.32211438771,23.045163577794188,i,9.882884153116695,17.212112834944683,16.968200977575194,487997261.568297,618383490.2141752,6.177242516661949,0.8049417432798512,grid_dlon+030_lat+01,prob_maps_grid_dlon+030_lat+01.npz,2026-01-01T00:00:00,130.20000624993276,1.0,2.859178359215332,other,3.956726380648106,0.29888,2.77414,2,0.001425404678264438,-0.11752962986329266,0.0015801457187584345,mag23,D153804,0.0,23.808991970238264,mag23,0.0007590454792249239,374108,61642.298501505815,30.0,31.0,5.612435850997294,2.863202976914128,133.06386966920232,r,0.0,374160,61642.3223632303,30.0,31.0,5.612435850997294,2.863202976914128,120.3423953691796,i,0.0,374108-374160,True,52,True,51,D
inst00229_part000:S100qpj1a:61642,inst00229_part000.h5,3664,S100qpj1a,61642,2,36.440662667155266,36.440662667155266,312.64013727590253,-17.11101290355635,-0.18451850172673195,-0.0651979461572891,22.073647968826837,312.64247527792793,-17.110180198256955,61642.2064495027,61642.20602126196,22.138145902035102,i,22.95869420132189,312.63779927387714,-17.111845608855745,61642.23175551844,61642.2313272777,22.00915003561857,z,14.957483043776723,18.426053291905006,17.848430087005465,283117180.3831054,427706081.0891091,310.344869244337,0.5567133421967274,grid_dlon-020_lat+01,prob_maps_grid_dlon-020_lat+01.npz,2026-01-01T00:00:00,80.20000624993276,1.0,2.9227583350631887,MBA,2.8728382502543233,0.14479,2.45688,2,0.001097265307141886,-0.18740525835357205,-0.015266125594584363,mag22,D154276,0.0,22.99521788182137,mag22,0.0005639093087155997,373908,61642.20627010455,30.0,31.0,312.23052900564977,-17.803267454871637,83.7253105327916,i,0.0,373964,61642.23157612029,30.0,31.0,312.23052900564977,-17.803267454871637,78.47421536379193,z,0.0,373908-373964,True,127,True,127,O
inst00084_part007:S1007yqwa:61642,inst00084_part007.h5,1351,S1007yqwa,61642,2,34.27103605354205,34.27103605354205,352.3868761789975,-1.2587868811506329,-0.14456949750049874,-0.08998953367855131,20.591577734640282,352.388600555082,-1.2577171698865277,61642.24252131733,61642.24209307659,20.901131061842946,g,118.3730859659757,352.385151802913,-1.259856592414738,61642.26632064792,61642.26589240718,20.282024407437618,r,126.54961337465288,15.95320779656018,16.258011592670066,292174152.02930963,436657480.31820583,352.5075118888492,1.8641951604072287,grid_dlon+020_lat+02,prob_maps_grid_dlon+020_lat+02.npz,2026-01-01T00:00:00,120.20000624993276,2.0,0.7738676358483924,MBA,3.1807752600826564,0.15796,2.67834,2,0.0012683293116456142,-0.16840169566957713,-0.025675847086277095,mag20,D155045,0.02,20.563566141970213,mag20,0.001522210331103678,373980,61642.24234191918,30.0,31.0,351.51746422492533,-2.161525241498186,143.23632355643025,g,0.0,374032,61642.26614124977,30.0,31.0,351.51746422492533,-2.161525241498186,127.70107224370017,r,0.0,373980-374032,True,74,True,80,L
inst00176_part008:S100jarXa:61642,inst00176_part008.h5,2824,S100jarXa,61642,2,34.17312336503528,34.17312336503528,315.49260296546026,-14.346038920773298,-0.1732829948616066,-0.1596178695765417,22.881315983371337,315.49467137581865,-14.344140892699222,61642.14349528497,61642.14306704423,23.1247574274762,r,13.865497149748572,315.49053455510193,-14.347936948847373,61642.16722662064,61642.1667983799,22.637874539266473,i,11.086127155936929,18.646000009338053,18.430321984670616,311974481.7048199,458327153.04360324,313.74950750259353,2.453897479113185,grid_dlon-020_lat+02,prob_maps_grid_dlon-020_lat+02.npz,2026-01-01T00:00:00,80.20000624993276,2.0,0.7347224558968617,MBA,3.1230026191219937,0.16766,2.5994,2,0.0020842440581396466,-0.2064810719117975,-0.10538081034566192,mag22,D155861,0.0,23.370993998700722,mag23,0.0010089596811791463,373765,61642.14331588682,30.0,31.0,315.6825177941189,-13.277114016451204,144.96652051211944,r,0.0,373817,61642.167047222494,30.0,31.0,315.6825177941189,-13.277114016451204,120.54319117917052,i,6.28642737865448e-07,373765-373817,True,148,True,146,A
inst00259_part015:S100uZtWa:61642,inst00259_part015.h5,4159,S100uZtWa,61642,2,36.56775874318555,36.56775874318555,308.721999342637,-14.612756663778086,-0.16775115765722065,-0.05677376297868455,22.027603740856296,308.72413168910185,-14.612034701279255,61642.18475161897,61642.18432337823,22.128706255135004,i,23.756101929832184,308.71986699617213,-14.613478626276919,61642.21014589587,61642.20971765513,21.92650122657759,z,15.405668584156727,18.35310955016029,17.73510557740868,288038102.8186659,430364331.4410068,307.3507983501381,3.947148980680452,grid_dlon-030_lat+04,prob_maps_grid_dlon-030_lat+04.npz,2026-01-01T00:00:00,70.20000624993276,4.0,4.138704513910056,MBA,2.7966781450398996,0.03006,2.71261,2,0.0016168490860972414,-0.17176261315059171,-0.014492715629792752,mag22,D159123,0.01,23.002498163447616,mag23,0.0012552638458417221,373857,61642.184572220816,30.0,31.0,307.55006857284826,-14.514477456298348,92.2770262254423,i,0.0,373913,61642.20996649772,30.0,31.0,307.55006857284826,-14.514477456298348,84.45627244608112,z,0.0,373857-373913,True,172,True,173,R
inst00279_part001:S100xOZMa:61642,inst00279_part001.h5,4465,S100xOZMa,61642,2,34.31595815112814,34.31595815112814,247.76904814526466,-23.5989620157849,0.25352117006364516,-0.0453500878096664,22.19539705717702,247.7660409898347,-23.5984193591139,61642.056621776544,61642.056193535806,22.38303818392169,r,18.463087537651596,247.77205530069466,-23.599504672455897,61642.08045230304,61642.0800240623,22.00775593043235,i,19.381697341220182,18.343252472596312,18.095120251886932,256111612.55269617,315938035.11873406,249.701050122296,-1.7123871964766633,grid_dlon-080_lat-02,prob_maps_grid_dlon-080_lat-02.npz,2026-01-01T00:00:00,20.200006249932756,-2.0,3.3972870862853677,MBA,2.2384469143024277,0.17944,1.83678,2,0.0009637857903502313,0.2366045506408798,-0.00985453646469243,mag22,D159663,0.02,22.810276805290087,mag22,0.0010486858691670115,373573,61642.056442378394,30.0,31.0,248.6997815157693,-23.400569102553263,70.20225368589401,r,0.0,373625,61642.08027290489,30.0,31.0,248.6997815157693,-23.400569102553263,69.7145294114945,i,0.0,373573-373625,True,46,True,46,M
inst00517_part005:S101gd9Ja:61642,inst00517_part005.h5,8277,S101gd9Ja,61642,2,34.17312336503528,34.17312336503528,315.5646068401635,-12.551896194349471,-0.20262778350003147,-0.023008075689378002,23.41093522348904,315.5670147961346,-12.551634647893989,61642.14349528497,61642.14306704423,23.667926134734678,r,8.347178968631294,315.56219888419247,-12.552157740804954,61642.16722662064,61642.1667983799,23.1539443122434,i,7.03886276839461,20.231173605500977,19.98249235191811,232454961.9235382,379423271.13319314,314.3277675773357,4.154074662787357,grid_dlon-020_lat+04,prob_maps_grid_dlon-020_lat+04.npz,2026-01-01T00:00:00,80.20000624993276,4.0,1.1662247015701672,MBA,3.0062029185691084,0.21811,2.35052,2,0.0011975512508221459,-0.19666420368836265,0.03426920748980444,mag23,D160371,0.0,24.008442871570928,mag24+,0.0007006354924528552,373765,61642.14331588682,30.0,31.0,315.6825177941189,-13.277114016451204,144.96652051211944,r,0.0,373817,61642.167047222494,30.0,31.0,315.6825177941189,-13.277114016451204,120.54319117917052,i,6.28642737865448e-07,373765-373817,True,48,True,44,A
inst00208_part008:S100nycJa:61642,inst00208_part008.h5,3336,S100nycJa,61642,2,36.56775874318555,36.56775874318555,307.9964451446677,-16.026993243993367,-0.1789004514953164,-0.0825989345197818,22.516421756422183,307.99871886811565,-16.025938216709406,61642.18475161897,61642.18432337823,22.574793915011185,i,16.42220878896723,307.9941714212198,-16.02804827127733,61642.21014589587,61642.20971765513,22.458049597833185,z,10.508136399361238,19.94691478821343,19.368269798917293,195355754.03917956,338372554.073297,306.32128349815986,2.749873129211628,grid_dlon-030_lat+03,prob_maps_grid_dlon-030_lat+03.npz,2026-01-01T00:00:00,70.20000624993276,3.0,3.11889731697283,MBA,2.2314828750188127,0.06978,2.07577,2,0.0008645166251135756,-0.18716497014680464,-0.03792393745173782,mag22,D160603,0.0,23.44815195750489,mag23,0.0012340613325006757,373857,61642.184572220816,30.0,31.0,307.55006857284826,-14.514477456298348,92.2770262254423,i,0.0,373913,61642.20996649772,30.0,31.0,307.55006857284826,-14.514477456298348,84.45627244608112,z,0.0,373857-373913,True,154,True,116,R
inst00170_part003:S100ikXha:61642,inst00170_part003.h5,2723,S100ikXha,61642,2,34.167453416157514,34.167453416157514,326.2051999475548,-14.87411606910279,-0.2173307091728982,-0.1624429118100929,23.80167403857322,326.20777690106473,-14.872206846898164,61642.14565229184,61642.1452240511,23.877552317108467,r,4.897541972474672,326.2026229940449,-14.876025291307414,61642.16937969004,61642.168951449305,23.725795760037975,i,5.582281944328515,20.6258131125788,20.378830597290964,249883296.04812837,400203524.5448092,323.44998410004484,-1.2420590403620757,grid_dlon-010_lat-01,prob_maps_grid_dlon-010_lat-01.npz,2026-01-01T00:00:00,90.20000624993276,-1.0,0.3671698689603042,MBA,2.580513505491244,0.19144,2.0865,2,0.0020315189328842156,-0.25200438547591997,-0.08385504128249478,mag23,D160835,0.0,24.382843441282258,mag24+,0.006317532366927589,373770,61642.14547289369,30.0,31.0,326.7487961931708,-14.202079732179511,172.52492961637122,r,0.0,373822,61642.16920029189,30.0,31.0,326.7487961931708,-14.202079732179511,150.5092126177087,i,0.0,373770-373822,True,148,True,106,Q
inst00177_part003:S100jgcEa:61642,inst00177_part003.h5,2835,S100jgcEa,61642,2,34.225487157236785,34.225487157236785,325.2965163753291,-3.1981468859863194,-0.22102093568328243,-0.01413794320038875,22.861782717481603,325.2991375364965,-3.1979679814464936,61642.153291680894,61642.152863440155,23.08966536694384,r,13.911745958889844,325.29389521416164,-3.198325790526145,61642.17705938031,61642.17663113957,22.63390006801936,i,15.974231846130143,20.24138033349577,19.993325639479067,197373086.45818284,346981451.97111905,326.4751255143267,10.074455916036852,grid_dlon-010_lat+12,prob_maps_grid_dlon-010_lat+12.npz,2026-01-01T00:00:00,90.20000624993276,12.0,3.815254077184041,other,3.137070211782941,0.32903,2.10488,2,0.0003290905515804748,-0.21617805005723292,0.05995966468679994,mag22,D161951,0.01,23.47845707800253,mag23,0.0007285397323714605,373788,61642.153112282744,30.0,31.0,325.93481101602737,-4.2091162795698995,156.0050468846943,r,0.0,373840,61642.17687998216,30.0,31.0,325.93481101602737,-4.2091162795698995,139.63401455881424,i,0.0,373788-373840,True,17,True,15,G
inst00243_part002:S100suCia:61642,inst00243_part002.h5,3890,S100suCia,61642,2,36.431736872764304,36.431736872764304,318.1545688547765,-19.17777242155304,-0.1899758729563648,-0.0358640847679488,22.664390784599505,318.15698093171807,-19.177325120696413,61642.207303253446,61642.20687501271,22.757932336424595,i,13.503468509414565,318.152156777835,-19.17821972240967,61642.23260307072,61642.23217482998,22.57084923277441,z,9.082100157847275,19.24429315648227,18.65344076501819,269697125.47755253,416739297.1289351,314.7863893579662,-2.9092202762481523,grid_dlon-020_lat-03,prob_maps_grid_dlon-020_lat-03.npz,2026-01-01T00:00:00,80.20000624993276,-3.0,1.554383803276256,MBA,3.143904822116214,0.13005,2.73504,2,0.0010083831295063879,-0.18222883705490348,0.018989631759381377,mag22,D162958,0.0,23.600950019581315,mag23,0.0013855068968625511,373910,61642.207123855296,30.0,31.0,317.51308485366314,-17.84516531742886,88.53112261378887,i,0.0,373966,61642.23242367257,30.0,31.0,317.51308485366314,-17.84516531742886,80.808015289907,z,0.0,373910-373966,True,154,True,154,I
inst00167_part002:S100hVwoa:61642,inst00167_part002.h5,2674,S100hVwoa,61642,2,34.34539839159697,34.34539839159697,272.22174516810236,-21.865334336306887,0.08103730121232945,-0.038088587830717,21.84906345375343,272.2207701197429,-21.864878720598387,61642.09502691247,61642.094598671734,21.929934090849873,i,28.093082453518267,272.2227202164618,-21.865789952015387,61642.11887788358,61642.11844964284,21.768192816656992,z,22.709909845476233,18.44440769707016,17.850575578855718,244387729.24486032,346957939.3146727,272.05873993726664,1.5580408195928506,grid_dlon-060_lat+02,prob_maps_grid_dlon-060_lat+02.npz,2026-01-01T00:00:00,40.200006249932756,2.0,1.1532937236277827,MBA,2.6328189112792924,0.12264,2.30993,2,0.0012604757164066695,0.07463869736995964,-0.0392442346605072,mag21,D163574,0.01,22.778487874897714,mag22,0.0012637492780466642,373659,61642.094847514316,30.0,31.0,272.320612345032,-21.213523687699524,77.52003801990354,i,6.28642737865448e-07,373711,61642.11869848543,30.0,31.0,272.320612345032,-21.213523687699524,73.83158954872613,z,0.0,373659-373711,True,100,True,100,F
inst00147_part003:S100fj3ja:61642,inst00147_part003.h5,2355,S100fj3ja,61642,2,34.34539839159697,34.34539839159697,273.95219248211504,-20.550003661041682,0.032893682069298005,-0.012986533728737499,22.93132278627734,273.95180463420934,-20.549844439341406,61642.09502691247,61642.094598671734,22.939297906378467,i,9.94762162596201,273.9525803300208,-20.550162882741958,61642.11887788358,61642.11844964284,22.92334766617622,z,7.790039880424773,18.9613560730075,18.39317358446255,292695595.70612884,394859288.7800934,273.70102120890687,2.8384637545957445,grid_dlon-060_lat+03,prob_maps_grid_dlon-060_lat+03.npz,2026-01-01T00:00:00,40.200006249932756,3.0,0.5992081903390332,MBA,2.852553397204887,0.08984,2.59628,2,0.0014626109379860214,0.030469826986855717,-0.013827117884419465,mag22,D165889,0.01,23.848149201814792,mag23,0.0025287709112750143,373659,61642.094847514316,30.0,31.0,272.320612345032,-21.213523687699524,77.52003801990354,i,6.28642737865448e-07,373711,61642.11869848543,30.0,31.0,272.320612345032,-21.213523687699524,73.83158954872613,z,0.0,373659-373711,True,177,True,177,F
inst00043_part002:S1002NZDa:61642,inst00043_part002.h5,690,S1002NZDa,61642,2,36.56775874318555,36.56775874318555,306.78578819299275,-14.92269372234344,-0.1708124454622289,-0.012933051986125349,22.673705305693154,306.7879454881515,-14.92252722937108,61642.18475161897,61642.18432337823,22.865563217517174,i,13.411839796942003,306.78363089783403,-14.922860215315803,61642.21014589587,61642.20971765513,22.481847393869135,z,10.255944524043372,18.591879798092545,17.83479074037718,328423299.5140046,468866208.0050771,305.4548623784672,4.1036829099197565,grid_dlon-030_lat+04,prob_maps_grid_dlon-030_lat+04.npz,2026-01-01T00:00:00,70.20000624993276,4.0,2.2448274212588544,MBA,2.984261992822415,0.08883,2.71917,2,0.0014379329747987776,-0.1637845246433389,0.026857329245045938,mag22,D167393,0.0,23.768914565315974,mag23,0.0016818166011077717,373857,61642.184572220816,30.0,31.0,307.55006857284826,-14.514477456298348,92.2770262254423,i,0.0,373913,61642.20996649772,30.0,31.0,307.55006857284826,-14.514477456298348,84.45627244608112,z,0.0,373857-373913,True,57,True,50,R
inst00144_part004:S100eW1ia:61642,inst00144_part004.h5,2308,S100eW1ia,61642,2,34.34539839159697,34.34539839159697,272.555039133303,-21.726601056511562,0.019779873789845998,-0.0350821986929624,22.7384266187877,272.5547856400922,-21.726169171158073,61642.09502691247,61642.094598671734,22.92488203198588,i,12.004566306648817,272.55529262651385,-21.72703294186505,61642.11887788358,61642.11844964284,22.551971205589513,z,9.670012687779588,18.565813112578795,17.963173702007605,319150090.9205776,417751601.7584319,272.3705908128233,1.6916229062853783,grid_dlon-060_lat+02,prob_maps_grid_dlon-060_lat+02.npz,2026-01-01T00:00:00,40.200006249932756,2.0,0.8140684333539743,MBA,2.7318012935186458,0.05529,2.58076,2,0.0010407237199157873,0.01775720724931668,-0.03540265032765541,mag22,D168769,0.0,23.675252916780092,mag23,0.0020016244933155434,373659,61642.094847514316,30.0,31.0,272.320612345032,-21.213523687699524,77.52003801990354,i,6.28642737865448e-07,373711,61642.11869848543,30.0,31.0,272.320612345032,-21.213523687699524,73.83158954872613,z,0.0,373659-373711,True,102,True,102,F
inst00257_part000:S100uy8aa:61642,inst00257_part000.h5,4112,S100uy8aa,61642,2,36.52327183401212,36.52327183401212,298.609282561625,-24.151025244379287,-0.13545395538618338,0.02223285585572805,23.48008366287796,298.61102276700524,-24.151262863141277,61642.19621749138,61642.19578925064,23.595455065117562,i,5.67563559053886,298.6075423562448,-24.150787625617298,61642.2215808746,61642.22115263386,23.364712260638356,z,3.298193415328031,19.18239490191185,18.600848111664163,346017302.86327446,477191838.10741156,295.9486900720854,-3.2525607358258934,grid_dlon-040_lat-03,prob_maps_grid_dlon-040_lat-03.npz,2026-01-01T00:00:00,60.200006249932756,-3.0,2.7366357195333837,MBA,3.166345698847817,0.09129,2.87729,2,0.0021134843836775577,-0.1172750398863863,0.045404060720480054,mag23,D169108,0.0,24.439235551213795,mag24+,0.0013028878648378,373884,61642.19603809323,30.0,31.0,297.722561514484,-24.817875390727316,67.88522708467251,i,0.0,373940,61642.22140147645,30.0,31.0,297.722561514484,-24.817875390727316,68.13687199255678,z,0.0,373884-373940,True,141,True,141,X
inst00031_part015:S1001AoPa:61642,inst00031_part015.h5,511,S1001AoPa,61642,2,34.21338453772478,34.21338453772478,348.17734153062185,-8.709867386035146,-0.18038734610831403,-0.07140910261712691,19.96774768432597,348.17948810218303,-8.709017280765565,61642.253589535016,61642.25316129428,20.335343553494578,g,165.4322657051409,348.1751949590607,-8.71071749130473,61642.27734882983,61642.276920589095,19.60015181515736,r,245.75476738909043,16.149616130849477,16.522810575475496,230102305.11166012,378362702.2207172,345.72770709127195,-3.3466831005968234,grid_dlon+010_lat-03,prob_maps_grid_dlon+010_lat-03.npz,2026-01-01T00:00:00,110.20000624993276,-3.0,2.471856596714313,MBA,3.112280615263262,0.18864,2.52518,2,0.001152084850592473,-0.19236541001318838,0.0037860358594520058,18_20,D170088,0.11,19.92493710885047,18_20,0.00031218094502976506,374006,61642.253410136866,30.0,31.0,347.6615257772227,-8.854711246793014,125.93350398601339,g,0.0,374058,61642.27716943168,30.0,31.0,347.6615257772227,-8.854711246793014,109.34834614082037,r,0.0,374006-374058,True,89,True,135,B
inst00076_part001:S1006zfXa:61642,inst00076_part001.h5,1217,S1006zfXa,61642,2,34.34539839159697,34.34539839159697,272.49811619328204,-21.22357142834069,0.055174150860159574,-0.11709224240378605,20.670122108731142,272.497456424863,-21.222177510399128,61642.09502691247,61642.094598671734,20.757558579814596,i,71.47390092767986,272.49877596170114,-21.224965346282257,61642.11887788358,61642.11844964284,20.582685637647685,z,58.78767859618469,17.275813112578795,16.673173702007606,247202783.56433824,349977916.0466435,272.3264282497164,2.195504488794023,grid_dlon-060_lat+02,prob_maps_grid_dlon-060_lat+02.npz,2026-01-01T00:00:00,40.200006249932756,2.0,0.8211807601315281,MBA,2.5956548047173795,0.12409,2.27356,2,0.0013521547590467158,0.049428899051867724,-0.11796698495166867,mag20,D170108,0.03,21.606948406723536,mag21,0.000670150164365969,373659,61642.094847514316,30.0,31.0,272.320612345032,-21.213523687699524,77.52003801990354,i,6.28642737865448e-07,373711,61642.11869848543,30.0,31.0,272.320612345032,-21.213523687699524,73.83158954872613,z,0.0,373659-373711,True,97,True,97,F
inst00000_part014:S00003Mka:61642,inst00000_part014.h5,14,S00003Mka,61642,2,34.167453416157514,34.167453416157514,325.77742132373123,-13.563383171660654,-0.7234854310305481,-0.05400906300722285,23.41773850383926,325.7860173856501,-13.562729092443009,61642.14565229184,61642.1452240511,23.672341225321496,r,8.096188697616954,325.76882526181237,-13.564037250878297,61642.16937969004,61642.168951449305,23.163135782357024,i,8.869318136217016,21.00492149080148,20.755274435994114,172692701.37696388,323171965.53192616,323.49074557493503,0.13209695447243514,grid_dlon-010_lat+00,prob_maps_grid_dlon-010_lat+00.npz,2026-01-01T00:00:00,90.20000624993276,0.0,0.34328977235289326,NEO,1.470136775355279,0.879952119031,0.176486804616,2,1.0,-0.681943630621164,0.18031850415891298,mag23,D170546,1.0,24.009464067845148,mag24+,1.0,373770,61642.14547289369,30.0,31.0,326.7487961931708,-14.202079732179511,172.52492961637122,r,0.0,373822,61642.16920029189,30.0,31.0,326.7487961931708,-14.202079732179511,150.5092126177087,i,0.0,373770-373822,True,59,True,54,Q
inst00059_part014:S1004H1ha:61642,inst00059_part014.h5,958,S1004H1ha,61642,2,36.431736872764304,36.431736872764304,316.0196944802847,-17.40688438077848,-0.16790809687662372,-0.05365925362873915,19.226749244360438,316.02181854053254,-17.406204816487236,61642.207303253446,61642.20687501271,19.365329065846225,i,195.9327770715929,316.017570420037,-17.407563945069718,61642.23260307072,61642.23217482998,19.08816942287465,z,156.02528809552928,15.985063688217815,15.425092224025377,252451104.2190988,398997881.5214301,313.36288441101067,-0.6244672224902628,grid_dlon-020_lat-01,prob_maps_grid_dlon-020_lat-01.npz,2026-01-01T00:00:00,80.20000624993276,-1.0,0.39683101670377463,MBA,3.24725921789066,0.17633,2.67467,2,0.001302388819331251,-0.1688842738132624,-0.005551487079659524,18_20,D170930,0.06,20.07165702033506,mag20,0.0003084051282267606,373910,61642.207123855296,30.0,31.0,317.51308485366314,-17.84516531742886,88.53112261378887,i,0.0,373966,61642.23242367257,30.0,31.0,317.51308485366314,-17.84516531742886,80.808015289907,z,0.0,373910-373966,True,5,True,4,I
inst00194_part011:S100lDaba:61642,inst00194_part011.h5,3115,S100lDaba,61642,2,34.232301854062825,34.232301854062825,321.04510368020004,-6.024065224306776,-0.24493315653476155,-0.00816646271649645,21.71274024709324,321.0480116080937,-6.023969649862417,61642.15414510912,61642.15371686838,21.97821848336379,r,39.52168003716898,321.0421957523064,-6.024160798751134,61642.17791754096,61642.17748930022,21.44726201082269,i,44.72006838781372,18.18933774855809,17.935828256735427,253761301.19746998,402496196.751512,321.485212011864,8.767104603933603,grid_dlon-010_lat+08,prob_maps_grid_dlon-010_lat+08.npz,2026-01-01T00:00:00,90.20000624993276,8.0,1.862377291648361,MBA,2.634303616836368,0.06797,2.45525,2,0.0002533370617374996,-0.23666382223228152,0.06848086001502084,mag21,D172415,0.01,22.316911990357813,mag22,0.0005711719718853446,373790,61642.15396571097,30.0,31.0,319.87425652205366,-6.247018758978787,144.29627597575382,r,0.0,373842,61642.177738142804,30.0,31.0,319.87425652205366,-6.247018758978787,126.39120112850028,i,6.28642737865448e-07,373790-373842,True,119,True,129,W
inst00459_part003:S1013yIMa:61642,inst00459_part003.h5,7347,S1013yIMa,61642,2,36.45291106891818,36.45291106891818,309.71041008030215,-21.866042576279575,-0.1762036343724901,-0.03096855524391865,23.353512152383274,309.71262065964174,-21.865656756838533,61642.20517481482,61642.20474657408,23.49570921664132,i,7.353127902673303,309.70819950096256,-21.866428395720618,61642.2304893364,61642.23006109566,23.21131508812523,z,4.912843714853597,19.56310955016029,18.945105577408683,293554431.4594948,435196719.0209241,306.4327258978164,-3.3087548804559797,grid_dlon-030_lat-03,prob_maps_grid_dlon-030_lat-03.npz,2026-01-01T00:00:00,70.20000624993276,-3.0,3.215023424911842,MBA,2.9072130439477375,0.0739,2.69237,2,0.0011157993777208886,-0.16630045614810907,0.011680323330800048,mag23,D175766,0.0,24.328406574974593,mag24+,0.0008140635937485905,373905,61642.20499541667,30.0,31.0,308.8151615658631,-22.414323129384417,73.50827098113933,i,0.0,373961,61642.23030993825,30.0,31.0,308.8151615658631,-22.414323129384417,71.32351469269727,z,0.0,373905-373961,True,141,True,141,H
inst00027_part014:S10018Wba:61642,inst00027_part014.h5,446,S10018Wba,61642,2,34.38103106687777,34.38103106687777,269.8981316002581,-25.19465035508847,0.11379225570495732,-0.0033508898722700003,21.341945386089687,269.8967737713238,-25.194610274712677,61642.094557400014,61642.094129159275,21.408568092667444,i,39.417315034432875,269.89948942919244,-25.19469043546426,61642.11843311603,61642.118004875294,21.27532267951193,z,30.51451931772484,17.997898479267985,17.409486937768346,245374730.73659372,344366620.0974478,269.90391110193286,-1.7554016173357032,grid_dlon-060_lat-02,prob_maps_grid_dlon-060_lat-02.npz,2026-01-01T00:00:00,40.200006249932756,-2.0,3.2288988420033164,MBA,2.390529215933877,0.1289,2.08239,2,0.0010042741458373484,0.10301752463535788,-0.0032780343161043558,mag21,D176441,0.06,22.29245844832134,mag22,0.0008262351369637236,373658,61642.094378001864,30.0,31.0,270.45866431300607,-26.63108025372794,65.10267945919445,i,0.0,373710,61642.11825371788,30.0,31.0,270.45866431300607,-26.63108025372794,64.98675224524713,z,0.0,373658-373710,True,79,True,79,E
inst00525_part014:S101i9Awa:61642,inst00525_part014.h5,8414,S101i9Awa,61642,2,34.20976972673088,34.20976972673088,347.9194830748383,-14.802460207451391,-0.2324286037972949,-0.04200370378968695,24.342917603867768,347.92223322017435,-14.801966920683592,61642.254867323965,61642.254439083226,24.409845696165696,g,4.217263273472821,347.9167329295023,-14.80295349421919,61642.2786241085,61642.27819586776,24.275989511569843,r,6.547964898159768,19.700202216489167,20.007855751855463,309349120.1230203,457302832.02147293,343.09415706516893,-8.854093280520027,grid_dlon+010_lat-08,prob_maps_grid_dlon+010_lat-08.npz,2026-01-01T00:00:00,110.20000624993276,-8.0,0.8743992262274821,MBA,2.714567549583834,0.14337,2.32538,2,0.0005060537395740912,-0.22579642823822976,0.049848894566469966,mag24+,D180406,0.0,24.295061852012307,mag24+,0.00111779229578179,374009,61642.254687925815,30.0,31.0,346.6804859599491,-14.744148465919585,117.19964498642732,g,0.0,374061,61642.27844471035,30.0,31.0,346.6804859599491,-14.744148465919585,99.02150734848671,r,0.0,374009-374061,True,164,True,171,Y
inst00216_part009:S100oFNia:61642,inst00216_part009.h5,3465,S100oFNia,61642,2,34.20976972673088,34.20976972673088,346.3286248298526,-15.916833411290387,-0.222229855926152,-0.13014449067640535,20.19078084094769,346.3312644519602,-15.915284634687266,61642.254867323965,61642.254439083226,20.471887448561276,g,151.91954664275502,346.325985207745,-15.91838218789351,61642.2786241085,61642.27819586776,19.909674233334098,r,202.84521512339916,17.550261001891215,17.840227677355664,163994585.84912914,313070902.5717399,341.22239895501303,-9.27660303110013,grid_dlon+010_lat-08,prob_maps_grid_dlon+010_lat-08.npz,2026-01-01T00:00:00,110.20000624993276,-8.0,2.4227592625822014,MBA,2.3054570583770433,0.11729,2.03505,2,0.0023307293101572277,-0.25088885518859144,-0.03605405737251119,mag20,D180707,0.09,20.160553163592024,mag20,0.0022495360172871694,374009,61642.254687925815,30.0,31.0,346.6804859599491,-14.744148465919585,117.19964498642732,g,0.0,374061,61642.27844471035,30.0,31.0,346.6804859599491,-14.744148465919585,99.02150734848671,r,0.0,374009-374061,True,114,True,108,Y
inst00551_part004:S101nTzha:61642,inst00551_part004.h5,8820,S101nTzha,61642,2,34.19528196332976,34.19528196332976,335.22688681507753,-8.550345560548529,-0.2083613108523862,-0.0785931091959518,23.38550603289559,335.22935877075986,-8.549412253590113,61642.149480002925,61642.149051762186,23.653932592739697,r,7.455692705531032,335.22441485939527,-8.551278867506944,61642.17322672651,61642.17279848577,23.117079473051486,i,8.912993044580208,20.280207465994746,20.036986774233633,244904208.2365451,396012498.67421865,333.9245104973467,1.6283660833732956,grid_dlon+000_lat+02,prob_maps_grid_dlon+000_lat+02.npz,2026-01-01T00:00:00,100.20000624993276,2.0,0.834195343095341,MBA,2.838713490511294,0.06942,2.64165,2,0.000546223553752196,-0.22061180996243268,0.0011642178079203263,mag23,D182194,0.0,23.97851925866196,mag23,0.0005066185762846253,373779,61642.149300604775,30.0,31.0,336.49956488075304,-9.032870978565633,179.0276305438203,r,0.0,373831,61642.17304732836,30.0,31.0,336.49956488075304,-9.032870978565633,165.7758240074947,i,0.0,373779-373831,True,69,True,66,K
inst00002_part015:S0000cJVa:61642,inst00002_part015.h5,47,S0000cJVa,61642,2,34.3652157462202,34.3652157462202,10.829003105431099,1.5095717786231537,-0.30590064926803207,-0.11977570109010495,23.6410280739874,10.832623379183929,1.5110017597574372,61642.29824732186,61642.29781908112,23.904979256848886,r,4.597205606321794,10.825382831678269,1.5081417974888705,61642.322112055015,61642.321683814276,23.377076891125917,i,5.037719180359914,22.57573334253036,22.36826314203579,108699196.01042062,245342951.75590855,10.542329425094424,-2.8968375430727713,grid_dlon+040_lat-03,prob_maps_grid_dlon+040_lat-03.npz,2026-01-01T00:00:00,140.20000624993276,-3.0,2.7838813496860184,NEO,2.4150893582246034,0.579988418562,1.014365500662,2,1.0,-0.3287007519403824,0.009394235785444977,mag23,D184042,1.0,24.12676493195161,mag24+,1.0,374107,61642.29806792371,30.0,31.0,10.459801237058713,1.9451247494775845,140.96344844814226,r,0.0,374159,61642.321932656865,30.0,31.0,10.459801237058713,1.9451247494775845,127.24220479209438,i,0.0,374107-374159,True,136,True,137,C
inst00366_part002:S100M9mUa:61642,inst00366_part002.h5,5858,S100M9mUa,61642,2,36.431736872764304,36.431736872764304,317.5211215115744,-17.511405931799935,-0.24552929141555896,-0.06427057391175064,22.04372872530184,317.5242299760944,-17.51059504789117,61642.207303253446,61642.20687501271,22.142869184257854,i,24.7958596191757,317.5180130470544,-17.512216815708705,61642.23260307072,61642.23217482998,21.94458826634582,z,16.779205546463643,19.954940374134363,19.36983664259723,176538030.20091468,324299386.45523417,314.7035206231541,-1.1396458119630861,grid_dlon-020_lat-01,prob_maps_grid_dlon-020_lat-01.npz,2026-01-01T00:00:00,80.20000624993276,-1.0,1.4754835156803179,MBA,2.2518854584020738,0.1514,1.91095,2,0.0015655000269602923,-0.24275049907597204,0.007265222786709842,mag22,D186343,0.01,22.983892082704607,mag22,0.001541807695399627,373910,61642.207123855296,30.0,31.0,317.51308485366314,-17.84516531742886,88.53112261378887,i,0.0,373966,61642.23242367257,30.0,31.0,317.51308485366314,-17.84516531742886,80.808015289907,z,0.0,373910-373966,True,93,True,93,I
inst00038_part010:S1002jhQa:61642,inst00038_part010.h5,618,S1002jhQa,61642,2,36.52327183401212,36.52327183401212,298.240221173445,-25.550011924452313,-0.12146686672434681,0.0613044353336297,17.864927739414167,298.2417621148088,-25.550787645945956,61642.19621749138,61642.19578925064,17.96155823137836,i,444.92370040445536,298.2386802320812,-25.549236202958667,61642.2215808746,61642.22115263386,17.768297247449976,z,320.6928991941504,14.669063694575884,14.064367139658385,239061100.7867482,371881920.53479886,295.35298773852395,-4.562563586641929,grid_dlon-040_lat-05,prob_maps_grid_dlon-040_lat-05.npz,2026-01-01T00:00:00,60.200006249932756,-5.0,2.1737268672270886,MBA,2.730959468230344,0.10638,2.44044,2,1.4519253296806253e-05,-0.09634749502962056,0.08089361861440122,16_18,D186892,0.09,18.82056059975578,18_20,0.0005151259472538895,373884,61642.19603809323,30.0,31.0,297.722561514484,-24.817875390727316,67.88522708467251,i,0.0,373940,61642.22140147645,30.0,31.0,297.722561514484,-24.817875390727316,68.13687199255678,z,0.0,373884-373940,True,107,True,107,X
inst00489_part011:S1019Xo7a:61642,inst00489_part011.h5,7835,S1019Xo7a,61642,2,36.45291106891818,36.45291106891818,308.2193212393443,-22.959766072155674,-0.17243927941128162,-0.04399401354926555,22.041810703508578,308.22150139357933,-22.959205577011595,61642.20517481482,61642.20474657408,22.150197300045523,i,21.547502534859674,308.2171410851093,-22.960326567299756,61642.2304893364,61642.23006109566,21.933424106971632,z,16.029645835801603,19.60090654526716,19.001322513713824,195761529.7441743,337656401.6588851,304.82085978531313,-4.02205684000934,grid_dlon-030_lat-04,prob_maps_grid_dlon-030_lat-04.npz,2026-01-01T00:00:00,70.20000624993276,-4.0,1.5884514112624735,MBA,2.3807932263814617,0.05752,2.24385,2,0.0011531535947503278,-0.16513095136922873,-0.003463301153425887,mag22,D187524,0.0,22.910488189794755,mag22,0.000833478434798904,373905,61642.20499541667,30.0,31.0,308.8151615658631,-22.414323129384417,73.50827098113933,i,0.0,373961,61642.23030993825,30.0,31.0,308.8151615658631,-22.414323129384417,71.32351469269727,z,0.0,373905-373961,True,57,True,50,H
inst00159_part006:S100gUfQa:61642,inst00159_part006.h5,2550,S100gUfQa,61642,2,34.314723999705166,34.314723999705166,9.203018036143986,-2.8136353905413425,-0.07343459226772181,-0.056385555792824796,21.46397354277035,9.203896003070781,-2.812967251646549,61642.30340807013,61642.302979829394,21.694955048041972,r,45.82684129717012,9.202140069217194,-2.814303529436136,61642.32723773958,61642.32680949884,21.23299203749873,i,49.16476577920047,16.706834176718402,16.459829530883013,342224035.9050221,472674185.1343521,7.337953094516813,-6.233351386954224,grid_dlon+030_lat-05,prob_maps_grid_dlon+030_lat-05.npz,2026-01-01T00:00:00,130.20000624993276,-5.0,4.194014328703691,other,3.9525062292096176,0.20937,3.12497,2,0.0022413796274469806,-0.09018693519240563,-0.02282941846865166,mag21,D190792,0.02,22.094144011887334,mag22,0.0017966133599704507,374119,61642.30322867198,30.0,31.0,9.08702925754262,-4.299216293602096,134.79862427186353,r,0.0,374171,61642.32705834143,30.0,31.0,9.08702925754262,-4.299216293602096,118.99293609916184,i,0.0,374119-374171,True,29,True,31,S
inst00038_part011:S1002jEDa:61642,inst00038_part011.h5,619,S1002jEDa,61642,3,34.21338453772478,34.21338453772478,349.29823748447984,-9.236942873028994,-0.1748623313876354,-0.0783723789388818,19.83898444217281,349.30031417894713,-9.236007641635377,61642.253589535016,61642.25316129428,20.24646495987914,g,166.92170879684792,349.2961607900126,-9.237878104422611,61642.27734882983,61642.276920589095,19.43150392446648,r,260.5328366009907,14.4975072712861,14.912151891252318,353247374.05237,500538976.84659094,346.54247984458203,-4.264682986008229,grid_dlon+010_lat-04,prob_maps_grid_dlon+010_lat-04.npz,2026-01-01T00:00:00,110.20000624993276,-4.0,3.2729175454870396,MBA,3.095834287022202,0.1262,2.70514,3,0.001362133204704725,-0.19002915174076904,-0.004454227922550466,18_20,D191007,0.19,19.78683255092049,18_20,0.00023740316164535397,374006,61642.253410136866,30.0,31.0,347.6615257772227,-8.854711246793014,125.93350398601339,g,0.0,374058,61642.27716943168,30.0,31.0,347.6615257772227,-8.854711246793014,109.34834614082037,r,0.0,374006-374058,True,169,True,177,B
inst00244_part015:S100sLtka:61642,inst00244_part015.h5,3919,S100sLtka,61642,2,34.19528196332976,34.19528196332976,336.7876528347755,-8.247165436504767,-0.19946973789262562,-0.07572817504699295,22.288829238367278,336.79001295225,-8.246267180321276,61642.149480002925,61642.149051762186,22.52166365024297,r,20.305261677747893,336.78529271730105,-8.248063692688259,61642.17322672651,61642.17279848577,22.055994826491585,i,24.17449310438789,18.47462209581592,18.230977353106116,296521906.5947044,447475911.14087427,335.4736393467161,1.3495198031746403,grid_dlon+000_lat+01,prob_maps_grid_dlon+000_lat+01.npz,2026-01-01T00:00:00,100.20000624993276,1.0,2.3224266464604955,MBA,2.9518568617806196,0.02416,2.88054,2,0.0004462963789404895,-0.2114855840482329,0.0017041749481698147,mag22,D193299,0.0,22.857851885261162,mag22,0.000406778087423176,373779,61642.149300604775,30.0,31.0,336.49956488075304,-9.032870978565633,179.0276305438203,r,0.0,373831,61642.17304732836,30.0,31.0,336.49956488075304,-9.032870978565633,165.7758240074947,i,0.0,373779-373831,True,48,True,41,K
inst00101_part015:S1009EDPa:61642,inst00101_part015.h5,1631,S1009EDPa,61642,2,34.314723999705166,34.314723999705166,8.852200566663043,-5.096976958963694,-0.10100931754246906,-0.047571118213886446,21.607077263474928,8.853398745316213,-5.096410279090786,61642.30340807013,61642.302979829394,21.84021517333247,r,40.6295906971288,8.851002388009874,-5.097543638836601,61642.32723773958,61642.32680949884,21.37393935361738,i,44.00050677123461,17.38120866657924,17.12915737073896,296582574.4226757,428869914.7457754,6.102556480078485,-8.191443673260101,grid_dlon+030_lat-08,prob_maps_grid_dlon+030_lat-08.npz,2026-01-01T00:00:00,130.20000624993276,-8.0,2.7797702415200516,MBA,3.131150029188558,0.1435,2.68183,2,0.000536426962019769,-0.11237423447289292,-0.003708574697504632,mag21,D194678,0.01,22.20791989273597,mag22,0.0008960573996487928,374119,61642.30322867198,30.0,31.0,9.08702925754262,-4.299216293602096,134.79862427186353,r,0.0,374171,61642.32705834143,30.0,31.0,9.08702925754262,-4.299216293602096,118.99293609916184,i,0.0,374119-374171,True,145,True,106,S
inst00009_part012:S0000FXCa:61642,inst00009_part012.h5,156,S0000FXCa,61642,2,34.18257205397822,34.18257205397822,262.6844075688921,-22.906123170249987,-0.09075064972939481,-0.3267045514972924,23.13636153039353,262.6854934850528,-22.90225239460203,61642.10585084488,61642.10542260414,23.22610648040204,i,5.8458737643758445,262.68332165273137,-22.909993945897945,61642.12958874214,61642.1291605014,23.046616580385013,z,5.087398708470046,23.97459825634104,23.376424234814458,46626876.38920045,174118137.53047502,263.2600728195088,0.36226091872256394,grid_dlon-070_lat+00,prob_maps_grid_dlon-070_lat+00.npz,2026-01-01T00:00:00,30.200006249932756,0.0,0.38336283707787233,NEO,1.812224104771064,0.453145272231,0.991023319471,2,0.7325739306857904,-0.06694026602114944,-0.33051939058364593,mag23,D194816,0.99,24.09293729557907,mag24+,1.0,373684,61642.105671446734,30.0,31.0,262.3464125266547,-22.444355960056903,71.11750764041383,i,6.28642737865448e-07,373736,61642.12940934399,30.0,31.0,262.3464125266547,-22.444355960056903,70.824918879744,z,0.0,373684-373736,True,105,True,105,Z
inst00278_part012:S100xMrda:61642,inst00278_part012.h5,4460,S100xMrda,61642,2,36.440662667155266,36.440662667155266,312.5579711666791,-19.02108638383931,-0.15959307241075746,-0.0605434373027855,22.906077827175686,312.55999362815857,-19.02029492961049,61642.2064495027,61642.20602126196,23.169027046828763,i,11.028134731340707,312.5559487051997,-19.021877838068136,61642.23175551844,61642.2313272777,22.64312860752261,z,8.069179793298773,18.337780125041668,17.753584276648095,360884706.4490375,504513808.32541156,309.7553052626708,-1.2617856555708302,grid_dlon-020_lat-01,prob_maps_grid_dlon-020_lat-01.npz,2026-01-01T00:00:00,80.20000624993276,-1.0,3.4883484564801357,MBA,3.2371379709825123,0.09365,2.93398,2,0.0014703343256555952,-0.1616448551821043,-0.017709203681235804,mag22,D194929,0.0,23.76249355052759,mag23,0.0008901152028928478,373908,61642.20627010455,30.0,31.0,312.23052900564977,-17.803267454871637,83.7253105327916,i,0.0,373964,61642.23157612029,30.0,31.0,312.23052900564977,-17.803267454871637,78.47421536379193,z,0.0,373908-373964,True,114,True,111,O
inst00198_part013:S100mcQJa:61642,inst00198_part013.h5,3181,S100mcQJa,61642,2,34.35887502506375,34.35887502506375,0.7725022434851496,2.1752694378835553,-0.18527826331248834,0.0336390708273396,21.611559416107454,0.7747146150585422,2.1748664151986885,61642.299951649904,61642.299523409165,21.849633327195395,r,32.14082094715657,0.770289871911757,2.1756724605684226,61642.32381197978,61642.32338373904,21.373485505019516,i,36.48389258855584,18.96059046339501,18.710074833721823,183934907.942532,323780898.4373227,1.5703024384444926,1.688477073395025,grid_dlon+030_lat+02,prob_maps_grid_dlon+030_lat+02.npz,2026-01-01T00:00:00,130.20000624993276,2.0,1.7830979232123971,MBA,2.2630427956217476,0.10832,2.01791,2,0.0012915235183834771,-0.15653853784363958,0.10453289737463371,mag21,D197313,0.0,22.22148458238563,mag22,0.0021059338828953974,374111,61642.299772251754,30.0,31.0,359.99405749316537,0.7464332850016774,123.00642522751502,r,0.0,374163,61642.32363258163,30.0,31.0,359.99405749316537,0.7464332850016774,111.19553170246147,i,0.0,374111-374163,True,72,True,78,AA
inst00786_part014:S102XELNa:61642,inst00786_part014.h5,12590,S102XELNa,61642,2,34.173501619370654,34.173501619370654,331.0294174382926,-10.35006230366902,-0.21065275865007788,-0.17459943438800601,24.061003269743246,331.0319145331707,-10.347953047904237,61642.14693033903,61642.146502098294,24.126308433280144,r,4.284553211697411,331.02692034341453,-10.352171559433803,61642.17066193738,61642.17023369664,23.995698106206348,i,4.939980893144336,21.43995738770736,21.189222096570234,215235670.36762622,366396804.7506115,329.41342119378646,1.415112935565349,grid_dlon+000_lat+01,prob_maps_grid_dlon+000_lat+01.npz,2026-01-01T00:00:00,100.20000624993276,1.0,3.7845674346095346,MBA,2.5596289857833447,0.16014,2.14973,2,0.002407088136483464,-0.25512145305745004,-0.0915420579030653,mag24+,D197481,0.0,24.651781173173013,mag24+,0.006626659703774258,373773,61642.14675094088,30.0,31.0,330.4153278564736,-10.669984224775128,173.57048323698308,r,0.0,373825,61642.17048253923,30.0,31.0,330.4153278564736,-10.669984224775128,156.47074690898765,i,0.0,373773-373825,True,82,True,85,N
inst00000_part004:S00001kea:61642,inst00000_part004.h5,4,S00001kea,61642,2,34.17312336503528,34.17312336503528,315.3519078562447,-13.710089331262898,-0.28251026520044387,-0.10977122196247349,23.315758961638032,315.35525906786404,-13.70879347691637,61642.14349528497,61642.14306704423,23.493360412099516,r,9.534113493417593,315.3485566446254,-13.711385185609426,61642.16722662064,61642.1667983799,23.138157511176544,i,8.098931419839857,19.708826915586187,19.463471615102392,256613821.8162307,403261383.58430064,313.7990750621659,3.102443956182997,grid_dlon-020_lat+03,prob_maps_grid_dlon-020_lat+03.npz,2026-01-01T00:00:00,80.20000624993276,3.0,0.6356198072968503,NEO,2.1634490431419344,0.502830274672,1.07560136654,2,0.45765623453790605,-0.2947498204058888,-0.0274859845338951,mag23,D197696,0.61,23.89928734653564,mag23,1.0,373765,61642.14331588682,30.0,31.0,315.6825177941189,-13.277114016451204,144.96652051211944,r,0.0,373817,61642.167047222494,30.0,31.0,315.6825177941189,-13.277114016451204,120.54319117917052,i,6.28642737865448e-07,373765-373817,True,105,True,102,A
inst00141_part005:S100eznEa:61642,inst00141_part005.h5,2261,S100eznEa,61642,2,34.18834700714797,34.18834700714797,339.53479484934485,-12.947452853630253,-0.21361028539113697,-0.07806087381769744,20.727467753912073,339.5373292386157,-12.946524058505831,61642.14821419839,61642.14778595765,20.981753250242267,r,72.76177153650677,339.53226046007404,-12.948381648754676,61642.17195610603,61642.17152786529,20.47318225758188,i,85.9054443020646,17.68268008142407,17.430290266324597,234375391.17099983,385055694.70805186,336.24624344171906,-4.0155082502218225,grid_dlon+000_lat-04,prob_maps_grid_dlon+000_lat-04.npz,2026-01-01T00:00:00,100.20000624993276,-4.0,3.0698638829406124,MBA,2.7777031416898836,0.09189,2.52246,2,0.001127098484822371,-0.22281574657624184,0.005364591615811182,mag20,D200686,0.03,21.33717748758748,mag21,0.001197459780736516,373776,61642.14803480024,30.0,31.0,338.53272863894745,-13.867824161971438,188.3313940349604,r,0.0,373828,61642.17177670788,30.0,31.0,338.53272863894745,-13.867824161971438,176.4169057759705,i,0.0,373776-373828,True,36,True,36,J
inst00590_part015:S101yK6Ua:61642,inst00590_part015.h5,9455,S101yK6Ua,61642,2,36.440662667155266,36.440662667155266,311.6582832490951,-17.00196776401988,-0.36271399862871456,0.1288506940195328,22.38620082814512,311.6628753580375,-17.00358709287072,61642.2064495027,61642.20602126196,22.592566353400237,i,15.416657341784797,311.6536911401527,-17.00034843516904,61642.23175551844,61642.2313272777,22.17983530289,z,11.204414747084243,20.66663543739103,20.08172900850218,154403515.34422314,300042551.2576306,309.4693033505105,0.9123809371074568,grid_dlon-020_lat+01,prob_maps_grid_dlon-020_lat+01.npz,2026-01-01T00:00:00,80.20000624993276,1.0,3.7655335974924267,other,1.919130151608351,0.17089,1.59117,2,0.013355379296004997,-0.3004808662707043,0.21598502275630596,mag22,D201878,0.38,23.244471819642943,mag23,0.01000733566161138,373908,61642.20627010455,30.0,31.0,312.23052900564977,-17.803267454871637,83.7253105327916,i,0.0,373964,61642.23157612029,30.0,31.0,312.23052900564977,-17.803267454871637,78.47421536379193,z,0.0,373908-373964,True,42,True,42,O
inst00020_part001:S1000k7Ia:61642,inst00020_part001.h5,321,S1000k7Ia,61642,2,34.34539839159697,34.34539839159697,271.13665686653934,-21.315079600219455,0.016784281209533503,-0.0490429294606923,20.752016906563767,271.1364582212805,-21.314494242021695,61642.09502691247,61642.094598671734,20.827240520090175,i,67.57800806538378,271.1368555117982,-21.315664958417212,61642.11887788358,61642.11844964284,20.676793293037356,z,54.8686362806192,15.830343292969133,15.247352563269256,390882765.4483714,484030223.91925544,271.05575281105274,2.1200208539330836,grid_dlon-060_lat+02,prob_maps_grid_dlon-060_lat+02.npz,2026-01-01T00:00:00,40.200006249932756,2.0,2.071721784639299,MBA,3.2439203354297694,0.046,3.0947,2,0.0017594595067698454,0.015258868892381136,-0.04916486604746752,mag20,D201948,0.04,21.68466434329451,mag21,0.0011615659876522259,373659,61642.094847514316,30.0,31.0,272.320612345032,-21.213523687699524,77.52003801990354,i,6.28642737865448e-07,373711,61642.11869848543,30.0,31.0,272.320612345032,-21.213523687699524,73.83158954872613,z,0.0,373659-373711,True,15,True,15,F
inst00001_part010:S000073Sa:61642,inst00001_part010.h5,26,S000073Sa,61642,2,36.52376041514799,36.52376041514799,291.2865168885679,-26.79171677583735,-0.6036839660256074,-0.2057836879020192,22.427134977623666,291.2941807132871,-26.789112457669983,61642.195375061776,61642.19494682104,22.622792551864272,i,12.971550861467682,291.2788530638488,-26.79432109400472,61642.22073878429,61642.22031054355,22.23147740338306,z,8.338624850908277,21.779681598060314,21.180078068795837,96910296.21345119,232000576.84354523,288.9722967149222,-4.743902655938562,grid_dlon-040_lat-05,prob_maps_grid_dlon-040_lat-05.npz,2026-01-01T00:00:00,60.200006249932756,-5.0,4.258313856966948,NEO,1.6957226615016272,0.616623696833,0.650099885163,2,1.0,-0.564945582477921,-0.125527070614107,mag22,D204816,1.0,23.36905690882783,mag23,1.0,373882,61642.195195663626,30.0,31.0,291.7046191581302,-27.179875848535122,64.83657429004097,i,0.0,373938,61642.220559386136,30.0,31.0,291.7046191581302,-27.179875848535122,66.39172205669752,z,0.0,373882-373938,True,83,True,83,U
inst00589_part011:S101yoYXa:61642,inst00589_part011.h5,9435,S101yoYXa,61642,2,34.27103605354205,34.27103605354205,350.92429746830254,-2.6210229340419087,-0.1916667558960313,-0.0357023770902008,23.968337206953784,350.9266072035395,-2.6205941009453007,61642.24252131733,61642.24209307659,24.40821293152365,g,6.702335481905286,350.92198773306563,-2.6214517671385167,61642.26632064792,61642.26589240718,23.52846148238392,r,8.215412741521357,20.169444428023525,20.53939813701831,223798785.50146785,369976751.2542021,350.626866538435,1.187443129107575,grid_dlon+020_lat+01,prob_maps_grid_dlon+020_lat+01.npz,2026-01-01T00:00:00,120.20000624993276,1.0,2.6491452911191815,MBA,2.7336073951259396,0.11942,2.40716,2,0.0010254502000860474,-0.19013790200397668,0.04239206376962077,mag23,D205194,0.0,23.938939069935476,mag23,0.0007560328824854914,373980,61642.24234191918,30.0,31.0,351.51746422492533,-2.161525241498186,143.23632355643025,g,0.0,374032,61642.26614124977,30.0,31.0,351.51746422492533,-2.161525241498186,127.70107224370017,r,0.0,373980-374032,True,103,True,100,L
inst00815_part011:S103lkeKa:61642,inst00815_part011.h5,13051,S103lkeKa,61642,2,34.19528196332976,34.19528196332976,336.37831601398295,-8.476616473990719,-0.23850449942759389,-0.0889891302077574,23.53196404558672,336.3811830482057,-8.475548376056153,61642.149480002925,61642.149051762186,23.639395934280245,r,7.37467861714039,336.3754489797603,-8.477684571925284,61642.17322672651,61642.17279848577,23.424532156893196,i,8.39150692969069,22.119929601534302,21.902901964089487,139690065.5226847,290763993.8980051,335.0127161364078,1.2837733909055677,grid_dlon+000_lat+01,prob_maps_grid_dlon+000_lat+01.npz,2026-01-01T00:00:00,100.20000624993276,1.0,1.8568636660386713,MBA,2.241020464986774,0.13804,1.93167,2,0.000928327742550224,-0.25216974521505087,0.003128900650005499,mag23,D205381,0.0,24.02906208149723,mag24+,0.0016454350446502464,373779,61642.149300604775,30.0,31.0,336.49956488075304,-9.032870978565633,179.0276305438203,r,0.0,373831,61642.17304732836,30.0,31.0,336.49956488075304,-9.032870978565633,165.7758240074947,i,0.0,373779-373831,True,52,True,52,K
inst00167_part015:S100i27xa:61642,inst00167_part015.h5,2687,S100i27xa,61642,2,34.17312336503528,34.17312336503528,316.44971063865535,-13.741851668085939,-0.2000594278380075,-0.00130193947125675,22.8893018436255,316.4520864447665,-13.74183757851076,61642.14349528497,61642.14306704423,23.232761110225443,r,16.15838597318546,316.44733483254424,-13.74186575766112,61642.16722662064,61642.1667983799,22.545842577025557,i,13.879626530650622,18.37249664932813,18.114856969429486,324584454.9098545,471417334.39973855,314.81321664393494,2.7669724456504787,grid_dlon-020_lat+03,prob_maps_grid_dlon-020_lat+03.npz,2026-01-01T00:00:00,80.20000624993276,3.0,1.6579064921324949,MBA,3.1720858580671663,0.0263,3.08866,2,0.0007922093336592776,-0.18665543030306667,0.054844441768333474,mag22,D205693,0.0,23.504444874196015,mag23,0.0010720867713877094,373765,61642.14331588682,30.0,31.0,315.6825177941189,-13.277114016451204,144.96652051211944,r,0.0,373817,61642.167047222494,30.0,31.0,315.6825177941189,-13.277114016451204,120.54319117917052,i,6.28642737865448e-07,373765-373817,True,138,True,142,A
inst00273_part010:S100x1vLa:61642,inst00273_part010.h5,4378,S100x1vLa,61642,2,34.27103605354205,34.27103605354205,351.8593083297587,-1.849220757717173,-0.22945874948051723,-0.027109126781218,22.060064369642863,351.8620400335964,-1.848901079826088,61642.24252131733,61642.24209307659,22.426289179677788,g,35.64871763637886,351.8565766259209,-1.849540435608258,61642.26632064792,61642.26589240718,21.693839559607937,r,43.49620135459674,18.4503493705174,18.825326612811004,209417916.73271966,355108800.2627977,351.7897811744036,1.5294585412092294,grid_dlon+020_lat+02,prob_maps_grid_dlon+020_lat+02.npz,2026-01-01T00:00:00,120.20000624993276,2.0,1.552607560206511,MBA,2.275257313109426,0.11392,2.01606,2,0.0006856902122647614,-0.22155448920251072,0.06542151008433329,mag22,D206064,0.0,22.024737756831858,mag22,0.0010206305955621014,373980,61642.24234191918,30.0,31.0,351.51746422492533,-2.161525241498186,143.23632355643025,g,0.0,374032,61642.26614124977,30.0,31.0,351.51746422492533,-2.161525241498186,127.70107224370017,r,0.0,373980-374032,True,86,True,86,L
inst00267_part003:S100w40ja:61642,inst00267_part003.h5,4275,S100w40ja,61642,2,36.56775874318555,36.56775874318555,308.43543937766617,-14.393064404441564,-0.1581477685784814,-0.01843804936132525,22.93915364879029,308.43743505945775,-14.392828988798685,61642.18475161897,61642.18432337823,23.021073341605458,i,10.782725236902904,308.43344369587464,-14.393299820084444,61642.21014589587,61642.20971765513,22.857233955975122,z,6.921071247543907,19.450343292969134,18.867352563269257,269261552.33262134,411612047.2884267,307.13617245500836,4.228931128806508,grid_dlon-030_lat+04,prob_maps_grid_dlon-030_lat+04.npz,2026-01-01T00:00:00,70.20000624993276,4.0,3.9304147855790075,MBA,3.102566975540342,0.10751,2.76901,2,0.001824668107803125,-0.15338994073662535,0.020119103718082742,mag22,D207551,0.0,23.87180108552103,mag23,0.0009102652512844638,373857,61642.184572220816,30.0,31.0,307.55006857284826,-14.514477456298348,92.2770262254423,i,0.0,373913,61642.20996649772,30.0,31.0,307.55006857284826,-14.514477456298348,84.45627244608112,z,0.0,373857-373913,True,141,True,142,R
inst00256_part011:S100uvH5a:61642,inst00256_part011.h5,4107,S100uvH5a,61642,3,36.52376041514799,36.52376041514799,293.1675507454032,-27.0173963705843,-0.09426584169053132,0.01799001671717965,23.152251764379763,293.16872427932356,-27.017646510829238,61642.195375061776,61642.19494682104,23.477076373219763,i,6.230074008908946,293.1663772114829,-27.017146230339367,61642.22073878429,61642.22031054355,22.827427155539763,z,4.080652871165718,19.646000009338053,19.078018533690006,280170490.05244505,406506937.0148208,290.6025501958166,-5.220339322923224,grid_dlon-040_lat-05,prob_maps_grid_dlon-040_lat-05.npz,2026-01-01T00:00:00,60.200006249932756,-5.0,2.629598489794273,MBA,2.7023694708693173,0.08756,2.46575,3,0.0014757576278260187,-0.08044168588735397,0.030963365328808307,mag23,D209243,0.0,23.99423323068976,mag23,0.0026071525913538745,373882,61642.195195663626,30.0,31.0,291.7046191581302,-27.179875848535122,64.83657429004097,i,0.0,373938,61642.220559386136,30.0,31.0,291.7046191581302,-27.179875848535122,66.39172205669752,z,0.0,373882-373938,True,180,True,180,U
inst00141_part001:S100ex95a:61642,inst00141_part001.h5,2257,S100ex95a,61642,2,34.167453416157514,34.167453416157514,327.1783270104822,-14.182567158227734,-0.19830958373905114,-0.07102008342828005,19.71290476275321,327.18067709480334,-14.181726299440172,61642.14565229184,61642.1452240511,19.96992230067241,r,167.18657071204126,327.175976926161,-14.183408017015298,61642.16937969004,61642.168951449305,19.455887224834015,i,185.8821148730574,16.124812036493452,15.870973596467817,272218081.9236686,422762935.2783143,324.5685236890065,-0.9030608950164736,grid_dlon-010_lat-01,prob_maps_grid_dlon-010_lat-01.npz,2026-01-01T00:00:00,90.20000624993276,-1.0,1.3979962459496944,MBA,3.100123751031259,0.12728,2.70554,2,0.0005741182265202837,-0.20497097737104625,-0.0026558890139243762,18_20,D209329,0.03,20.301931166285396,mag20,0.0007253649194960692,373770,61642.14547289369,30.0,31.0,326.7487961931708,-14.202079732179511,172.52492961637122,r,0.0,373822,61642.16920029189,30.0,31.0,326.7487961931708,-14.202079732179511,150.5092126177087,i,0.0,373770-373822,True,86,True,89,Q
inst00000_part002:S00000Efa:61642,inst00000_part002.h5,2,S00000Efa,61642,2,34.17312336503528,34.17312336503528,315.34266581809914,-12.82613488295714,-0.2451109830067611,-0.037073738919844904,21.440720393912493,315.34557418591146,-12.825696121049658,61642.14349528497,61642.14306704423,21.70332939784107,r,49.808260759173436,315.3397574502868,-12.826573644864622,61642.16722662064,61642.1667983799,21.17811138998391,i,42.75336844199856,18.78140828817965,18.533555262455266,191911504.55916405,339101825.9598882,314.04152073962797,3.952679270213247,grid_dlon-020_lat+04,prob_maps_grid_dlon-020_lat+04.npz,2026-01-01T00:00:00,80.20000624993276,4.0,0.8710396100611181,NEO,2.474798017188648,0.49018580561,1.261687157411,2,0.001633402771605039,-0.24026739453593574,0.032233076077730106,mag21,D209381,0.02,22.068165131457224,mag22,0.002979582154323823,373765,61642.14331588682,30.0,31.0,315.6825177941189,-13.277114016451204,144.96652051211944,r,0.0,373817,61642.167047222494,30.0,31.0,315.6825177941189,-13.277114016451204,120.54319117917052,i,6.28642737865448e-07,373765-373817,True,52,True,51,A
inst00144_part014:S100f1e6a:61642,inst00144_part014.h5,2318,S100f1e6a,61642,2,34.31595815112814,34.31595815112814,249.1904598442896,-22.206661958993642,0.1730123665711218,-0.0233952990925364,21.674420175933797,249.18839952357035,-22.20638657515956,61642.056621776544,61642.056193535806,21.875924954439583,r,27.399999040614464,249.1925201650089,-22.20693734282773,61642.08045230304,61642.0800240623,21.47291539742801,i,28.48759315659927,16.692479032847807,16.450046084014982,368967715.5901777,421273167.9350916,250.79334196792632,-0.14393019890663863,grid_dlon-080_lat+00,prob_maps_grid_dlon-080_lat+00.npz,2026-01-01T00:00:00,20.200006249932756,0.0,2.2973111159527337,MBA,2.9593130584301193,0.05203,2.80534,2,0.0005579092867980314,0.16187862497664302,-0.0005246292616805639,mag21,D209788,0.02,22.254374091918816,mag22,0.0006788910402480636,373573,61642.056442378394,30.0,31.0,248.6997815157693,-23.400569102553263,70.20225368589401,r,0.0,373625,61642.08027290489,30.0,31.0,248.6997815157693,-23.400569102553263,69.7145294114945,i,0.0,373573-373625,True,132,True,132,M
inst00012_part013:S0000T2ta:61642,inst00012_part013.h5,205,S0000T2ta,61642,2,34.360883255722,34.360883255722,5.138802758666771,2.5473394751015057,0.6145319324775659,0.05078762709473325,23.724584964946402,5.131456010983811,2.5467535571910345,61642.298680903965,61642.298252663226,23.890313727979628,r,4.45544072419719,5.14614950634973,2.547925393011977,61642.32254262845,61642.32211438771,23.55885620191318,i,4.877694816445191,24.39303414400689,24.17388703699119,52019436.14570624,196440225.4670324,5.7224648310073025,0.2970231237530556,grid_dlon+030_lat+00,prob_maps_grid_dlon+030_lat+00.npz,2026-01-01T00:00:00,130.20000624993276,0.0,2.4160671578222526,NEO,2.4295477744306138,0.540998116821,1.115167003737,2,1.0,0.5838170811081517,-0.19659518867134312,mag23,D210287,1.0,24.220697927955214,mag24+,1.0,374108,61642.298501505815,30.0,31.0,5.612435850997294,2.863202976914128,133.06386966920232,r,0.0,374160,61642.3223632303,30.0,31.0,5.612435850997294,2.863202976914128,120.3423953691796,i,0.0,374108-374160,True,99,True,99,D
inst00258_part013:S100uPkFa:61642,inst00258_part013.h5,4141,S100uPkFa,61642,3,36.52327183401212,36.52327183401212,299.3172221153963,-24.26074903123239,-0.1238968448398853,-0.01670442301973875,22.864574475091914,299.31876604778995,-24.26053311416221,61642.19621749138,61642.19578925064,23.047564830459553,i,9.632429695709245,299.31567818300266,-24.26096494830257,61642.2215808746,61642.22115263386,22.68158411972427,z,5.572781304461695,19.321356073007504,18.75317358446255,274992747.4788845,408204086.05286294,296.56213978051414,-3.484812770046003,grid_dlon-040_lat-03,prob_maps_grid_dlon-040_lat-03.npz,2026-01-01T00:00:00,60.200006249932756,-3.0,3.373424923516638,MBA,2.8521655478177217,0.04366,2.72764,3,0.0010577594911060457,-0.11425439767723734,0.0056575936202955075,mag22,D211464,0.0,23.781400890629364,mag23,0.0013129703603200118,373884,61642.19603809323,30.0,31.0,297.722561514484,-24.817875390727316,67.88522708467251,i,0.0,373940,61642.22140147645,30.0,31.0,297.722561514484,-24.817875390727316,68.13687199255678,z,0.0,373884-373940,True,178,True,178,X
inst00393_part014:S100QZeHa:61642,inst00393_part014.h5,6302,S100QZeHa,61642,2,36.431736872764304,36.431736872764304,317.960204728667,-19.53196354972205,-0.25419970725494734,0.06795344510647475,22.927326771259086,317.9634085793868,-19.53284476047612,61642.207303253446,61642.20687501271,22.999444231523576,i,10.533602549982353,317.9570008779473,-19.53108233896798,61642.23260307072,61642.23217482998,22.855209310994596,z,7.07485916156932,20.167242788790304,19.570426616142434,216697396.64626837,363927692.0199907,314.5059023520751,-3.193173314189488,grid_dlon-020_lat-03,prob_maps_grid_dlon-020_lat-03.npz,2026-01-01T00:00:00,80.20000624993276,-3.0,1.2858345383254515,MBA,2.6919083506381387,0.14282,2.30745,2,0.0010654826589475406,-0.20906347201692774,0.13579545025336884,mag22,D212203,0.01,23.87690015511665,mag23,0.0016692793354334374,373910,61642.207123855296,30.0,31.0,317.51308485366314,-17.84516531742886,88.53112261378887,i,0.0,373966,61642.23242367257,30.0,31.0,317.51308485366314,-17.84516531742886,80.808015289907,z,0.0,373910-373966,True,155,True,116,I
inst00215_part011:S100oyuKa:61642,inst00215_part011.h5,3451,S100oyuKa,61642,2,34.35887502506375,34.35887502506375,359.7567308286097,1.3855372121757528,-0.1425231852123246,-0.030022804956210097,23.60681153182268,359.7584253686253,1.3858765384403082,61642.299951649904,61642.299523409165,23.88747589728738,r,6.549354699832067,359.7550362885941,1.385197885911197,61642.32381197978,61642.32338373904,23.326147166357977,i,7.423899607770085,18.5128588522387,18.26770456888324,373626323.4051435,511329227.37571216,0.3241790991508253,1.3679441483001706,grid_dlon+030_lat+01,prob_maps_grid_dlon+030_lat+01.npz,2026-01-01T00:00:00,130.20000624993276,1.0,3.024265453153914,other,3.350105300287371,0.03609,3.2292,2,0.0015132002969822761,-0.14270380307951724,0.029147582366957563,mag23,D212443,0.0,24.20910696293944,mag24+,0.0018625049481414894,374111,61642.299772251754,30.0,31.0,359.99405749316537,0.7464332850016774,123.00642522751502,r,0.0,374163,61642.32363258163,30.0,31.0,359.99405749316537,0.7464332850016774,111.19553170246147,i,0.0,374111-374163,True,44,True,44,AA
inst00332_part009:S100GmkQa:61642,inst00332_part009.h5,5321,S100GmkQa,61642,2,34.35887502506375,34.35887502506375,359.3445440841855,0.41032991004213604,-0.1422744645200807,-0.0630076944927821,23.319723690658506,359.3462285977056,0.4110841834546253,61642.299951649904,61642.299523409165,23.79822964607463,r,8.243122413931317,359.3428595706654,0.40957563662964686,61642.32381197978,61642.32338373904,22.84121773524238,i,8.908930854594608,18.95893669449505,18.739930749600934,305116789.9737159,444310386.32872164,359.55797837291635,0.6371873428946209,grid_dlon+030_lat+01,prob_maps_grid_dlon+030_lat+01.npz,2026-01-01T00:00:00,130.20000624993276,1.0,3.7854257365753177,MBA,2.914879812148551,0.02902,2.83029,2,0.0006096236488082716,-0.15560356363085884,-0.0012165917701648299,mag23,D215280,0.0,23.809792941057573,mag23,0.000822189255600319,374111,61642.299772251754,30.0,31.0,359.99405749316537,0.7464332850016774,123.00642522751502,r,0.0,374163,61642.32363258163,30.0,31.0,359.99405749316537,0.7464332850016774,111.19553170246147,i,0.0,374111-374163,True,61,True,60,AA
inst00262_part000:S100viaka:61642,inst00262_part000.h5,4192,S100viaka,61642,2,36.431736872764304,36.431736872764304,317.7840464922552,-18.988388114625433,-0.1847774808606272,-0.0441103161394154,22.790940865797033,317.78638160803825,-18.98784531935981,61642.207303253446,61642.20687501271,22.93308644303189,i,12.008105496842076,317.78171137647206,-18.988930909891057,61642.23260307072,61642.23217482998,22.648795288562177,z,8.276043560808874,18.47734946555142,17.865876429018055,353449346.4686208,499977718.5233941,314.5075957515391,-2.6247312516743717,grid_dlon-020_lat-03,prob_maps_grid_dlon-020_lat-03.npz,2026-01-01T00:00:00,80.20000624993276,-3.0,1.3271028731298604,MBA,3.110367079935468,0.09502,2.81482,2,0.001327298125759653,-0.18014950758328285,0.009378991813553316,mag22,D215805,0.0,23.755064436778976,mag23,0.0022112438111641423,373910,61642.207123855296,30.0,31.0,317.51308485366314,-17.84516531742886,88.53112261378887,i,0.0,373966,61642.23242367257,30.0,31.0,317.51308485366314,-17.84516531742886,80.808015289907,z,0.0,373910-373966,True,114,True,111,I
inst00102_part004:S1009HjWa:61642,inst00102_part004.h5,1636,S1009HjWa,61642,2,34.3652157462202,34.3652157462202,9.811732142808184,3.3475913570131093,0.04310644747908483,-0.0942829215150228,20.70358642324497,9.81121917842006,3.348720397975096,61642.29824732186,61642.29781908112,20.997395901418837,r,69.06136861787209,9.812245107196304,3.346462316051122,61642.322112055015,61642.321683814276,20.409776945071105,i,82.37968799892799,19.100613157211704,18.832750790465745,125044261.28845163,260716463.59954122,10.326741608485916,-0.8076308613826956,grid_dlon+040_lat-01,prob_maps_grid_dlon+040_lat-01.npz,2026-01-01T00:00:00,140.20000624993276,-1.0,3.003723117558071,MBA,2.264343941056592,0.23452,1.73331,2,0.0008707288430484732,0.002630366444489898,-0.10360589620452705,mag20,D217155,0.05,21.290835632779228,mag21,0.0010838979665238765,374107,61642.29806792371,30.0,31.0,10.459801237058713,1.9451247494775845,140.96344844814226,r,0.0,374159,61642.321932656865,30.0,31.0,10.459801237058713,1.9451247494775845,127.24220479209438,i,0.0,374107-374159,True,5,True,4,C
inst00150_part009:S100fJRma:61642,inst00150_part009.h5,2409,S100fJRma,61642,2,34.312762225745246,34.312762225745246,246.30342390040676,-31.922602297486478,0.17025343429439627,0.0516888350078627,23.4177975276204,246.30144437559701,-31.923183570498175,61642.05831489474,61642.057886654,23.570986466684,r,6.375853448175439,246.30540342521653,-31.922021024474777,61642.08214320184,61642.0817149611,23.264608588556797,i,7.396319042350476,18.25481203649345,18.000973596467816,386210555.56186557,434655255.4270902,249.72149922094835,-10.136113326996322,grid_dlon-080_lat-12,prob_maps_grid_dlon-080_lat-12.npz,2026-01-01T00:00:00,20.200006249932756,-12.0,3.8478737111077144,MBA,2.3826592740368424,0.22806,1.83927,2,0.0024211124850796765,0.13632000566802588,0.07447005077344973,mag23,D217407,0.02,24.006823931152585,mag24+,0.0022664587541970597,373577,61642.05813549659,30.0,31.0,247.8261477933222,-30.764583262605335,58.24793538934472,r,0.0,373629,61642.08196380369,30.0,31.0,247.8261477933222,-30.764583262605335,60.83513165254162,i,0.0,373577-373629,True,11,True,18,T
inst00001_part008:S00006EPa:61642,inst00001_part008.h5,24,S00006EPa,61642,2,34.27103605354205,34.27103605354205,350.52004769830256,-2.779628881749235,-2.176281334293262,2.6645661170674093,20.31748032961435,350.5459466772744,-2.811329934999844,61642.24252131733,61642.24209307659,20.76079213754436,g,45.194542755357276,350.4941487193308,-2.747927828498626,61642.26632064792,61642.26589240718,19.874168521684343,r,62.87209088471165,21.6994897711744,22.086831951958935,21349650.297066674,171587480.84239924,350.19312516836396,1.2001311906170313,grid_dlon+020_lat+01,prob_maps_grid_dlon+020_lat+01.npz,2026-01-01T00:00:00,120.20000624993276,1.0,3.0827500176197837,NEO,2.902380254410602,0.677555790809,0.935855705905,2,0.0,-0.953899293604442,3.303853822138283,mag20,D217766,1.0,20.27964837765542,mag20,0.0,373980,61642.24234191918,30.0,31.0,351.51746422492533,-2.161525241498186,143.23632355643025,g,0.0,374032,61642.26614124977,30.0,31.0,351.51746422492533,-2.161525241498186,127.70107224370017,r,0.0,373980-374032,True,111,True,69,L
inst00060_part015:S1004OyZa:61642,inst00060_part015.h5,975,S1004OyZa,61642,2,36.56775874318555,36.56775874318555,306.86740890943867,-14.050619803348695,-0.16349260157136458,-0.0276308719141082,23.006325655437518,306.8694911567235,-14.05026495868366,61642.18475161897,61642.18432337823,23.313446745146848,i,9.207906299167272,306.86532666215385,-14.05097464801373,61642.21014589587,61642.20971765513,22.699204565728188,z,6.510248787933296,19.37576164306336,18.78464867276268,284860196.0313302,425909466.5970519,305.74106027384795,4.931546549191442,grid_dlon-030_lat+05,prob_maps_grid_dlon-030_lat+05.npz,2026-01-01T00:00:00,70.20000624993276,5.0,2.5295551986884024,MBA,3.023948314936127,0.11309,2.68197,2,0.0017934000736753637,-0.16119918264007282,0.011164754114289483,mag23,D217785,0.0,23.87167698267484,mag23,0.0010248946773907504,373857,61642.184572220816,30.0,31.0,307.55006857284826,-14.514477456298348,92.2770262254423,i,0.0,373913,61642.20996649772,30.0,31.0,307.55006857284826,-14.514477456298348,84.45627244608112,z,0.0,373857-373913,True,41,True,41,R
inst00007_part004:S0000v5da:61642,inst00007_part004.h5,116,S0000v5da,61642,2,34.360883255722,34.360883255722,5.849683516066931,3.2389676800882077,-0.12945113742003955,-0.9142395708502156,23.530156003533996,5.851209912042009,3.2498736230175336,61642.298680903965,61642.298252663226,23.66556155828262,r,4.027068423687654,5.848157120091855,3.2280617371588813,61642.32254262845,61642.32211438771,23.394750448785373,i,4.6051011826313415,23.61814378249914,23.370964090544426,65397737.08806893,208142044.66610223,6.648298404387187,0.65100194318537,grid_dlon+030_lat+01,prob_maps_grid_dlon+030_lat+01.npz,2026-01-01T00:00:00,130.20000624993276,1.0,3.341846049715721,NEO,1.2079178410571594,0.157911583086,1.017173622538,2,1.0,-0.4805179374967615,-0.7884607876712807,mag23,D218645,0.96,24.12019191298957,mag24+,1.0,374108,61642.298501505815,30.0,31.0,5.612435850997294,2.863202976914128,133.06386966920232,r,0.0,374160,61642.3223632303,30.0,31.0,5.612435850997294,2.863202976914128,120.3423953691796,i,0.0,374108-374160,True,86,True,86,D
inst00205_part008:S100n8KOa:61642,inst00205_part008.h5,3288,S100n8KOa,61642,2,34.312762225745246,34.312762225745246,246.6154867022292,-31.3232411060119,0.162442871204562,0.0487553023561713,22.480899081587552,246.61355510211757,-31.32383070767293,61642.05831489474,61642.057886654,22.715924598155645,r,14.691495573216427,246.61741830234078,-31.322651504350866,61642.08214320184,61642.0817149611,22.245873565019455,i,17.259324752904618,16.95641716791594,16.692870620941633,439709010.7038958,485662565.7941034,249.88957314766398,-9.501750516279404,grid_dlon-080_lat-08,prob_maps_grid_dlon-080_lat-08.npz,2026-01-01T00:00:00,20.200006249932756,-8.0,3.533261652240723,MBA,3.149477637956434,0.11077,2.80061,2,0.0009107806409833009,0.13096949405276892,0.07033948613246474,mag22,D220675,0.08,23.098028460645914,mag23,0.0016328674947958116,373577,61642.05813549659,30.0,31.0,247.8261477933222,-30.764583262605335,58.24793538934472,r,0.0,373629,61642.08196380369,30.0,31.0,247.8261477933222,-30.764583262605335,60.83513165254162,i,0.0,373577-373629,True,16,True,16,T
inst00502_part003:S101cN6La:61642,inst00502_part003.h5,8035,S101cN6La,61642,2,34.225487157236785,34.225487157236785,326.4842210200863,-4.495414575481702,-0.20066928327179928,-0.13197911202913393,23.59597438037938,326.48659714784117,-4.493841959507774,61642.153291680894,61642.152863440155,24.004545062168535,r,7.0487345894451465,326.4818448923314,-4.49698719145563,61642.17705938031,61642.17663113957,23.187403698590224,i,8.090919617773972,20.70657929526874,20.45921400446068,219267865.45726013,369294780.4807333,327.16837037878804,8.456111337364332,grid_dlon-010_lat+08,prob_maps_grid_dlon-010_lat+08.npz,2026-01-01T00:00:00,90.20000624993276,8.0,4.012954445849071,MBA,2.6805265557875537,0.16666,2.23379,2,0.0007905976073831833,-0.23528070984389246,-0.05726526154414199,mag23,D225288,0.0,24.1967603759187,mag24+,0.0012629426695138146,373788,61642.153112282744,30.0,31.0,325.93481101602737,-4.2091162795698995,156.0050468846943,r,0.0,373840,61642.17687998216,30.0,31.0,325.93481101602737,-4.2091162795698995,139.63401455881424,i,0.0,373788-373840,True,128,True,135,G
inst00359_part000:S100KTTBa:61642,inst00359_part000.h5,5744,S100KTTBa,61642,2,34.17312336503528,34.17312336503528,316.3822319204031,-13.013958412491156,-0.17546696779674315,-0.15579244526610497,23.574290898772485,316.38430751021275,-13.012099548427885,61642.14349528497,61642.14306704423,23.89016144068875,r,7.421429236501449,316.38015633059354,-13.015817276554428,61642.16722662064,61642.1667983799,23.25842035685622,i,6.364099141099132,19.75919762012779,19.503200652679176,278239172.3653391,425300041.9851122,314.96062767645714,3.4828446336960175,grid_dlon-020_lat+03,prob_maps_grid_dlon-020_lat+03.npz,2026-01-01T00:00:00,80.20000624993276,3.0,1.852882208846036,MBA,2.9336430285550734,0.09158,2.66498,2,0.002327409156501088,-0.20902378935860497,-0.09984465083023708,mag23,D227895,0.0,24.18109024609331,mag24+,0.0013460755829714907,373765,61642.14331588682,30.0,31.0,315.6825177941189,-13.277114016451204,144.96652051211944,r,0.0,373817,61642.167047222494,30.0,31.0,315.6825177941189,-13.277114016451204,120.54319117917052,i,6.28642737865448e-07,373765-373817,True,88,True,128,A
inst00267_part002:S100w3Haa:61642,inst00267_part002.h5,4274,S100w3Haa,61642,2,36.52376041514799,36.52376041514799,291.3866169069379,-28.761323853437503,-0.0031145217710870595,0.03684367918457425,21.627411101152013,291.38665050989977,-28.76178794566348,61642.195375061776,61642.19494682104,21.757236755772848,i,30.830672722221582,291.38658330397595,-28.760859761211528,61642.22073878429,61642.22031054355,21.497585446531183,z,20.7125790002079,19.33282170877033,18.765113460326514,171384742.86403292,300202724.1753591,288.7724043357891,-6.705442633745374,grid_dlon-040_lat-08,prob_maps_grid_dlon-040_lat-08.npz,2026-01-01T00:00:00,60.200006249932756,-8.0,4.634958050719562,MBA,2.4518537621731817,0.18571,1.99652,2,0.0005462364357786362,0.002698548196011656,0.03684736481425091,mag21,D227956,0.06,22.4622976408255,mag22,0.0009325374541905098,373882,61642.195195663626,30.0,31.0,291.7046191581302,-27.179875848535122,64.83657429004097,i,0.0,373938,61642.220559386136,30.0,31.0,291.7046191581302,-27.179875848535122,66.39172205669752,z,0.0,373882-373938,True,64,True,64,U
inst00624_part010:S101I1Nma:61642,inst00624_part010.h5,9994,S101I1Nma,61642,2,36.56775874318555,36.56775874318555,306.8786665420597,-15.204046003395344,-0.18334089371924642,0.07272367094475216,22.340543503820946,306.8809906513613,-15.204971020346049,61642.18475161897,61642.18432337823,22.517749643993913,i,20.050841365729937,306.8763424327581,-15.20312098644464,61642.21014589587,61642.20971765513,22.163337363647976,z,13.238313204092702,20.13321882882599,19.510276134174326,175205064.21902195,318005654.2060065,305.4747461478665,3.8090486370636047,grid_dlon-030_lat+04,prob_maps_grid_dlon-030_lat+04.npz,2026-01-01T00:00:00,70.20000624993276,4.0,2.2703583654353925,MBA,2.697519832341181,0.22223,2.09805,2,0.001809979418288013,-0.1547287955320908,0.11293956375138359,mag22,D228014,0.01,23.32026736964662,mag23,0.0014922281808996565,373857,61642.184572220816,30.0,31.0,307.55006857284826,-14.514477456298348,92.2770262254423,i,0.0,373913,61642.20996649772,30.0,31.0,307.55006857284826,-14.514477456298348,84.45627244608112,z,0.0,373857-373913,True,58,True,58,R
inst00090_part007:S1008gx3a:61642,inst00090_part007.h5,1447,S1008gx3a,61642,2,36.56775874318555,36.56775874318555,307.7100174119579,-14.089335744530153,-0.151472893086546,-0.041615029267843606,22.608364258558318,307.7119352358552,-14.088820862732303,61642.18475161897,61642.18432337823,22.71554881693074,i,13.681488689950502,307.7080995880606,-14.089850626328003,61642.21014589587,61642.20971765513,22.5011797001859,z,8.916259374047533,17.82268400259067,17.227754289169177,400356048.2125452,540977687.1883922,306.5275407608651,4.6963192707091235,grid_dlon-030_lat+05,prob_maps_grid_dlon-030_lat+05.npz,2026-01-01T00:00:00,70.20000624993276,5.0,3.32898886259008,MBA,3.2130275955139838,0.14044,2.76179,2,0.0011534225788382493,-0.15314449285565046,-0.004489823819656658,mag22,D229095,0.01,23.54060996938914,mag23,0.0008686212099577425,373857,61642.184572220816,30.0,31.0,307.55006857284826,-14.514477456298348,92.2770262254423,i,0.0,373913,61642.20996649772,30.0,31.0,307.55006857284826,-14.514477456298348,84.45627244608112,z,0.0,373857-373913,True,89,True,89,R
inst00619_part012:S101GH0ma:61642,inst00619_part012.h5,9916,S101GH0ma,61642,2,36.52376041514799,36.52376041514799,292.53374257754325,-27.688330917693243,-0.0065724057960163205,0.042011530395292304,22.74409760681159,292.533838813142,-27.688875694183935,61642.195375061776,61642.19494682104,22.765162647370047,i,12.80691995962692,292.5336463419446,-27.68778614120255,61642.22073878429,61642.22031054355,22.72303256625313,z,7.760498139016589,20.864665237346685,20.277953302548404,150243548.4529075,281645888.0929493,289.93924562649573,-5.795784209722629,grid_dlon-040_lat-05,prob_maps_grid_dlon-040_lat-05.npz,2026-01-01T00:00:00,60.200006249932756,-5.0,3.3787059621241835,MBA,2.138474774020954,0.15147,1.81456,2,0.0011979485798504661,0.0006895647178708185,0.04240716886803734,mag22,D229205,0.02,23.69614430426319,mag23,0.000745978833083539,373882,61642.195195663626,30.0,31.0,291.7046191581302,-27.179875848535122,64.83657429004097,i,0.0,373938,61642.220559386136,30.0,31.0,291.7046191581302,-27.179875848535122,66.39172205669752,z,0.0,373882-373938,True,145,True,145,U
inst00369_part012:S100MMlZa:61642,inst00369_part012.h5,5916,S100MMlZa,61642,2,34.27103605354205,34.27103605354205,350.7992935325782,-2.0766397587370635,-0.15594187788791714,-0.17358245141733955,23.00518214833162,350.80114508802285,-2.074578667119061,61642.24252131733,61642.24209307659,23.455865160751156,g,15.788555218346517,350.79744197713353,-2.078700850355066,61642.26632064792,61642.26589240718,22.55449913591208,r,20.049596849869236,19.477125515586216,19.868909792799982,202478606.45416915,348791801.69364476,350.72590786433807,1.73712480113525,grid_dlon+020_lat+02,prob_maps_grid_dlon+020_lat+02.npz,2026-01-01T00:00:00,120.20000624993276,2.0,2.5570113337901494,MBA,2.7013205922656223,0.17537,2.22759,2,0.003963434785064384,-0.21159841258811682,-0.09840763209470788,mag23,D230327,0.01,22.966272355531636,mag22,0.0008295034124386934,373980,61642.24234191918,30.0,31.0,351.51746422492533,-2.161525241498186,143.23632355643025,g,0.0,374032,61642.26614124977,30.0,31.0,351.51746422492533,-2.161525241498186,127.70107224370017,r,0.0,373980-374032,True,60,True,57,L
inst00229_part010:S100qv0Wa:61642,inst00229_part010.h5,3674,S100qv0Wa,61642,2,36.45291106891818,36.45291106891818,309.6534323013298,-21.253054452316903,-0.1621055583681439,-0.08924491279942484,20.770847871908497,309.6554861190004,-21.251922305945907,61642.20517481482,61642.20474657408,20.85928906141942,i,66.25480090108968,309.65137848365924,-21.2541865986879,61642.2304893364,61642.23006109566,20.682406682397573,z,46.26343637863451,16.94239490191185,16.36084811166417,294285590.14882237,436049820.75223875,306.5375305285383,-2.7024473848580155,grid_dlon-030_lat-03,prob_maps_grid_dlon-030_lat-03.npz,2026-01-01T00:00:00,70.20000624993276,-3.0,3.3183377526756264,MBA,3.183019153607389,0.20746,2.52267,2,0.0018413231214690357,-0.1689878621610034,-0.047922480322153356,mag20,D231123,0.01,21.72999976024433,mag21,0.001325331904403111,373905,61642.20499541667,30.0,31.0,308.8151615658631,-22.414323129384417,73.50827098113933,i,0.0,373961,61642.23030993825,30.0,31.0,308.8151615658631,-22.414323129384417,71.32351469269727,z,0.0,373905-373961,True,162,True,162,H
inst00340_part002:S100HAXpa:61642,inst00340_part002.h5,5442,S100HAXpa,61642,2,36.440662667155266,36.440662667155266,313.89874234760975,-17.405699684756605,-0.26578964296469765,-0.01892985570787085,23.54127530481407,313.9021170142626,-17.405464635931054,61642.2064495027,61642.20602126196,23.806258281664782,i,5.562027705724908,313.89536768095684,-17.405934733582157,61642.23175551844,61642.2313272777,23.276292327963365,z,3.6686033731615106,21.38207213216915,20.781668593821806,181947171.71902215,328167090.1504352,311.42093817130217,-0.05451175688523383,grid_dlon-020_lat+00,prob_maps_grid_dlon-020_lat+00.npz,2026-01-01T00:00:00,80.20000624993276,0.0,1.813698577949424,MBA,2.253923752128914,0.2367,1.72042,2,0.0012436562570549941,-0.24900292921050662,0.051755967274327595,mag23,D232379,0.01,24.499606710992264,mag24+,0.003937252837247353,373908,61642.20627010455,30.0,31.0,312.23052900564977,-17.803267454871637,83.7253105327916,i,0.0,373964,61642.23157612029,30.0,31.0,312.23052900564977,-17.803267454871637,78.47421536379193,z,0.0,373908-373964,True,177,True,178,O
inst00000_part003:S00000Oda:61642,inst00000_part003.h5,3,S00000Oda,61642,2,34.31595815112814,34.31595815112814,247.7215947619695,-23.000815461516208,-0.517991462180998,0.059702212117715744,21.411890598380044,247.7277664824249,-23.001533441556163,61642.056621776544,61642.056193535806,21.601338806317987,r,34.50980541537395,247.71542304151413,-23.000097481476253,61642.08045230304,61642.0800240623,21.2224423904421,i,33.58203676228504,19.15233726318173,18.943968742388066,144056497.18824306,223408702.4288934,249.56778564730106,-1.1276390209245648,grid_dlon-080_lat-01,prob_maps_grid_dlon-080_lat-01.npz,2026-01-01T00:00:00,20.200006249932756,-1.0,3.520668806460154,NEO,1.1242554773805298,0.977036638407,0.02581668505,2,1.0,-0.48045386074659274,-0.012897915166507604,mag21,D232668,1.0,21.902921855991977,mag21,1.0,373573,61642.056442378394,30.0,31.0,248.6997815157693,-23.400569102553263,70.20225368589401,r,0.0,373625,61642.08027290489,30.0,31.0,248.6997815157693,-23.400569102553263,69.7145294114945,i,0.0,373573-373625,True,40,True,40,M
inst00317_part003:S100DTO5a:61642,inst00317_part003.h5,5075,S100DTO5a,61642,2,36.431736872764304,36.431736872764304,318.9370194269575,-17.060930094185707,-0.1940073016100829,-0.0952576296005136,21.056028020525755,318.9394728844663,-17.059729810044786,61642.207303253446,61642.20687501271,21.22559048710776,i,49.095684825613766,318.9345659694486,-17.062130378326625,61642.23260307072,61642.23217482998,20.88646555394375,z,39.14032141949604,18.07920684850151,17.354245035550413,247581749.44906265,395464281.0392351,316.12851331914516,-1.1106043186421666,grid_dlon-020_lat-01,prob_maps_grid_dlon-020_lat-01.npz,2026-01-01T00:00:00,80.20000624993276,-1.0,2.895966543931443,MBA,2.879793238666746,0.15845,2.42349,2,0.001140614220304246,-0.20554179605638742,-0.03523435202881934,mag21,D233689,0.01,22.111782984975342,mag22,0.0009326016937847091,373910,61642.207123855296,30.0,31.0,317.51308485366314,-17.84516531742886,88.53112261378887,i,0.0,373966,61642.23242367257,30.0,31.0,317.51308485366314,-17.84516531742886,80.808015289907,z,0.0,373910-373966,True,166,True,167,I
inst00313_part007:S100DiKva:61642,inst00313_part007.h5,5015,S100DiKva,61642,2,34.232301854062825,34.232301854062825,320.7499851258007,-6.555999724006606,-0.21876620629050908,-0.12906255798809596,23.633717412722692,320.7525931226349,-6.554456326667325,61642.15414510912,61642.15371686838,23.99065337234904,r,8.269518094446394,320.7473771289666,-6.557543121345885,61642.17791754096,61642.17748930022,23.276781453096344,i,9.28845131892964,20.086269482013684,19.841863003198185,245771116.47446364,394507351.13298047,321.03546922505103,8.353320863200286,grid_dlon-010_lat+08,prob_maps_grid_dlon-010_lat+08.npz,2026-01-01T00:00:00,90.20000624993276,8.0,2.1756765830464806,MBA,2.348918465393191,0.12994,2.0437,2,0.0013840596308422497,-0.24936148413920897,-0.05498304477515813,mag23,D234849,0.01,24.24185440952451,mag24+,0.0012108635433239472,373790,61642.15396571097,30.0,31.0,319.87425652205366,-6.247018758978787,144.29627597575382,r,0.0,373842,61642.177738142804,30.0,31.0,319.87425652205366,-6.247018758978787,126.39120112850028,i,6.28642737865448e-07,373790-373842,True,131,True,141,W
inst00435_part010:S100YXnIa:61642,inst00435_part010.h5,6970,S100YXnIa,61642,2,34.360883255722,34.360883255722,5.4595285732573595,3.722910779154283,-0.11844244522989181,-0.0242395110901212,23.18040620295735,5.46093800424444,3.723199970650706,61642.298680903965,61642.298252663226,23.54106297608926,r,8.031784913875272,5.458119142270277,3.7226215876578594,61642.32254262845,61642.32211438771,22.819749429825443,i,9.422581414620426,19.30268008142407,19.050290266324595,271500706.2795988,404794747.98052186,6.482251120228672,1.249580143582099,grid_dlon+030_lat+01,prob_maps_grid_dlon+030_lat+01.npz,2026-01-01T00:00:00,130.20000624993276,1.0,3.167374785429226,MBA,2.883107785384493,0.05785,2.71632,2,0.0018885915146152961,-0.11815548075088303,0.0245548917018032,mag23,D235074,0.0,23.790115936632755,mag23,0.0017023471164551117,374108,61642.298501505815,30.0,31.0,5.612435850997294,2.863202976914128,133.06386966920232,r,0.0,374160,61642.3223632303,30.0,31.0,5.612435850997294,2.863202976914128,120.3423953691796,i,0.0,374108-374160,True,41,True,43,D
inst00059_part011:S1004FV9a:61642,inst00059_part011.h5,955,S1004FV9a,61642,2,34.312762225745246,34.312762225745246,248.80069338251582,-29.907779177455303,0.1668686279528196,0.0214672343835125,19.596251873948212,248.79870499158886,-29.908035139760887,61642.05831489474,61642.057886654,19.85162424179713,r,155.1461634556245,248.80268177344274,-29.90752321514972,61642.08214320184,61642.0817149611,19.340879506099295,i,173.83417359753878,14.550656298218891,14.292438322245648,376217752.2069318,429565899.92924917,251.5510105875176,-7.8158962685711755,grid_dlon-080_lat-08,prob_maps_grid_dlon-080_lat-08.npz,2026-01-01T00:00:00,20.200006249932756,-8.0,1.5477865697882285,MBA,2.74811291709575,0.05807,2.58853,2,0.0028172979585770835,0.14130977454852067,0.04224104163246267,18_20,D235221,0.44,20.223813551702566,mag20,0.0006640489444478931,373577,61642.05813549659,30.0,31.0,247.8261477933222,-30.764583262605335,58.24793538934472,r,0.0,373629,61642.08196380369,30.0,31.0,247.8261477933222,-30.764583262605335,60.83513165254162,i,0.0,373577-373629,True,171,True,171,T
inst00003_part006:S0000euwa:61642,inst00003_part006.h5,54,S0000euwa,61642,2,34.20976972673088,34.20976972673088,345.79514751041893,-16.179363730957828,-0.4728045973937963,-0.2835477364245866,22.15031864091921,345.8007675813382,-16.175995181823232,61642.254867323965,61642.254439083226,22.51404129858564,g,27.30796411627639,345.78952743949964,-16.182732280092424,61642.2786241085,61642.27819586776,21.786595983252784,r,42.96031710032578,22.66661008690621,23.060028748967945,50640093.573418684,200894038.90406564,340.64022054407286,-9.3176463100017,grid_dlon+010_lat-08,prob_maps_grid_dlon+010_lat-08.npz,2026-01-01T00:00:00,110.20000624993276,-8.0,2.9517362184769227,NEO,1.2163052907336378,0.105358979248,1.088156606848,2,1.0,-0.535846218825967,-0.08356157207102599,mag22,D237718,1.0,22.104289891951264,mag22,1.0,374009,61642.254687925815,30.0,31.0,346.6804859599491,-14.744148465919585,117.19964498642732,g,0.0,374061,61642.27844471035,30.0,31.0,346.6804859599491,-14.744148465919585,99.02150734848671,r,0.0,374009-374061,True,113,True,68,Y
inst00203_part011:S100mSZ0a:61642,inst00203_part011.h5,3259,S100mSZ0a,61642,2,34.167453416157514,34.167453416157514,326.5343995479431,-15.622712301211706,-0.2643170874838139,-0.0122364596842006,22.852890704440796,326.5375309556359,-15.622568206015265,61642.14565229184,61642.1452240511,23.035142192226065,r,13.41539186791234,326.5312681402504,-15.62285639640815,61642.16937969004,61642.168951449305,22.67063921665553,i,15.143678229075306,20.608111714557428,20.365245376627612,177151113.238283,327571612.6642001,323.50163224023555,-2.0536040948670213,grid_dlon-010_lat-02,prob_maps_grid_dlon-010_lat-02.npz,2026-01-01T00:00:00,90.20000624993276,-2.0,0.33209204632177,MBA,2.380213862773211,0.08633,2.17473,2,0.0002836327185542351,-0.24432966277930873,0.07298074670556934,mag22,D238639,0.0,23.44764532781318,mag23,0.002107891152197766,373770,61642.14547289369,30.0,31.0,326.7487961931708,-14.202079732179511,172.52492961637122,r,0.0,373822,61642.16920029189,30.0,31.0,326.7487961931708,-14.202079732179511,150.5092126177087,i,0.0,373770-373822,True,183,True,182,Q
inst00002_part014:S0000cqIa:61642,inst00002_part014.h5,46,S0000cqIa,61642,2,34.225487157236785,34.225487157236785,325.8707956593218,-5.161561102052928,-0.44993533398789803,-0.4038808195436536,23.68895239231139,325.87613819473285,-5.156774700298061,61642.153291680894,61642.152863440155,23.872710634772083,r,4.988661491423876,325.86545312391075,-5.166347503807795,61642.17705938031,61642.17663113957,23.505194149850695,i,5.4175247515737865,22.497935169411075,22.255916894090642,130158518.73330972,280445905.9171838,326.36143372538874,8.03229944896214,grid_dlon-010_lat+08,prob_maps_grid_dlon-010_lat+08.npz,2026-01-01T00:00:00,90.20000624993276,8.0,3.180175699702322,NEO,1.5136946377800362,0.615851193511,0.581483988492,2,1.0,-0.5624308208149329,-0.2318855074191793,mag23,D238738,1.0,24.25703549822075,mag24+,1.0,373788,61642.153112282744,30.0,31.0,325.93481101602737,-4.2091162795698995,156.0050468846943,r,0.0,373840,61642.17687998216,30.0,31.0,325.93481101602737,-4.2091162795698995,139.63401455881424,i,0.0,373788-373840,True,150,True,148,G
inst00136_part003:S100dV62a:61642,inst00136_part003.h5,2179,S100dV62a,61642,2,34.20976972673088,34.20976972673088,345.4321277291725,-14.289845759029738,-0.19802019706184742,-0.04881902062622105,21.652719729443707,345.4344787305662,-14.289264064805343,61642.254867323965,61642.254439083226,21.949955307603055,g,50.527404791778636,345.4297767277789,-14.290427453254132,61642.2786241085,61642.27819586776,21.355484151284358,r,73.50275272858322,16.75282170877033,17.04907220023945,327317238.1735672,476242288.024461,341.05804151343153,-7.440921091293807,grid_dlon+010_lat-08,prob_maps_grid_dlon+010_lat-08.npz,2026-01-01T00:00:00,110.20000624993276,-8.0,2.2927126580729675,MBA,3.1723229607283776,0.08509,2.90239,2,0.0006154612532901335,-0.19745661460456862,0.029514990813898592,mag21,D239994,0.01,21.623647529204256,mag21,0.0005311353959902084,374009,61642.254687925815,30.0,31.0,346.6804859599491,-14.744148465919585,117.19964498642732,g,0.0,374061,61642.27844471035,30.0,31.0,346.6804859599491,-14.744148465919585,99.02150734848671,r,0.0,374009-374061,True,17,True,15,Y
inst00160_part009:S100h3ANa:61642,inst00160_part009.h5,2569,S100h3ANa,61642,2,34.27103605354205,34.27103605354205,351.91080373450006,-0.7301191799900072,-0.18970638566249703,-0.013399898086962049,22.05793888171975,351.91306361507884,-0.7299606133756592,61642.24252131733,61642.24209307659,22.472086509558245,g,33.03653814289315,351.9085438539213,-0.7302777466043552,61642.26632064792,61642.26589240718,21.643791253881254,r,41.818430516976555,17.24657929526874,17.643868273213577,301571299.2164828,446085537.5413754,352.27839035724725,2.537727631843655,grid_dlon+020_lat+03,prob_maps_grid_dlon+020_lat+03.npz,2026-01-01T00:00:00,120.20000624993276,3.0,1.0934955985171815,MBA,3.0269108622459946,0.16242,2.53528,2,0.0019875124729586994,-0.17978885260740507,0.06246251360375777,mag22,D241602,0.0,22.014070608506177,mag22,0.0009360276375129715,373980,61642.24234191918,30.0,31.0,351.51746422492533,-2.161525241498186,143.23632355643025,g,0.0,374032,61642.26614124977,30.0,31.0,351.51746422492533,-2.161525241498186,127.70107224370017,r,0.0,373980-374032,True,29,True,34,L
inst00428_part003:S100Xv7ka:61642,inst00428_part003.h5,6851,S100Xv7ka,61642,2,34.19528196332976,34.19528196332976,337.3112335728339,-8.923654151395887,-0.1850436099831728,-0.12162387834024305,22.89759765331035,337.31343468716557,-8.922211784229132,61642.149480002925,61642.149051762186,23.06814097481824,r,11.225543715931455,337.3090324585022,-8.925096518562643,61642.17322672651,61642.17279848577,22.72705433180246,i,13.73661554683605,19.00721823332089,18.75025205397462,307892154.6000069,458835734.09023607,335.70756728032177,0.5304016882887728,grid_dlon+000_lat+01,prob_maps_grid_dlon+000_lat+01.npz,2026-01-01T00:00:00,100.20000624993276,1.0,2.5731139310178888,MBA,2.9671232294467056,0.05891,2.79233,2,0.0005901346093802352,-0.21469362400716444,-0.04604567637834414,mag22,D242483,0.0,23.50734559933573,mag23,0.0006489860807428774,373779,61642.149300604775,30.0,31.0,336.49956488075304,-9.032870978565633,179.0276305438203,r,0.0,373831,61642.17304732836,30.0,31.0,336.49956488075304,-9.032870978565633,165.7758240074947,i,0.0,373779-373831,True,85,True,85,K
inst00059_part002:S1004BQea:61642,inst00059_part002.h5,946,S1004BQea,61642,2,34.19528196332976,34.19528196332976,336.35140237470216,-9.268303237373782,-0.19835746074931068,-0.07856389681908679,19.51294054644545,336.35376005692115,-9.267367960372326,61642.149480002925,61642.149051762186,19.76493632110222,r,176.93380065040924,336.34904469248323,-9.26923851437524,61642.17322672651,61642.17279848577,19.260944771788676,i,204.05703087083208,15.567825576631863,15.313201237347132,311702301.0403906,462764317.8807189,334.69937327033523,0.5562310121579873,grid_dlon+000_lat+01,prob_maps_grid_dlon+000_lat+01.npz,2026-01-01T00:00:00,100.20000624993276,1.0,1.5850918480309397,MBA,2.9521428799370275,0.05991,2.77528,2,0.0009183178986606395,-0.21094599650145812,-0.001826456445306356,18_20,D243758,0.03,20.119739309098318,mag20,0.000329353304824229,373779,61642.149300604775,30.0,31.0,336.49956488075304,-9.032870978565633,179.0276305438203,r,0.0,373831,61642.17304732836,30.0,31.0,336.49956488075304,-9.032870978565633,165.7758240074947,i,0.0,373779-373831,True,98,True,98,K
inst00266_part002:S100vUtza:61642,inst00266_part002.h5,4258,S100vUtza,61642,2,34.173501619370654,34.173501619370654,330.4060684361349,-11.146107658179996,-0.21471815788641319,-0.11538362470719929,22.628895017582074,330.40862168448706,-11.144731537033033,61642.14693033903,61642.146502098294,22.846081934790277,r,15.603664055660794,330.4035151877828,-11.147483779326958,61642.17066193738,61642.17023369664,22.41170810037387,i,18.026760741891085,18.51943265880393,18.266294869372864,328732461.1223145,479836226.42262447,328.5626525766773,0.8810529131307466,grid_dlon+000_lat+01,prob_maps_grid_dlon+000_lat+01.npz,2026-01-01T00:00:00,100.20000624993276,1.0,4.614033329249173,MBA,2.525253081743682,0.27395,1.83346,2,0.00092261816011622,-0.23760407716943382,-0.035384267685487095,mag22,D244479,0.0,23.23260014820921,mag23,0.0013801555092757965,373773,61642.14675094088,30.0,31.0,330.4153278564736,-10.669984224775128,173.57048323698308,r,0.0,373825,61642.17048253923,30.0,31.0,330.4153278564736,-10.669984224775128,156.47074690898765,i,0.0,373773-373825,True,136,True,137,N
inst00257_part003:S100uA9Ta:61642,inst00257_part003.h5,4115,S100uA9Ta,61642,2,34.167453416157514,34.167453416157514,325.8000513642048,-14.224871630144651,-0.21165765274937845,-0.05861091277986005,21.81962309971398,325.8025620920578,-14.224175687608936,61642.14565229184,61642.1452240511,22.05902429830404,r,31.841606574573113,325.79754063635187,-14.225567572680367,61642.16937969004,61642.168951449305,21.580221901123917,i,36.262368800974045,18.22544839473177,17.9756421658212,273563547.5247404,423834888.4743959,323.2938900931399,-0.4998035713673752,grid_dlon-010_lat+00,prob_maps_grid_dlon-010_lat+00.npz,2026-01-01T00:00:00,90.20000624993276,0.0,0.5139965198751779,MBA,2.846064318529862,0.0205,2.78772,2,0.0006670080443230868,-0.2130372643783123,0.012153683884866463,mag21,D244854,0.0,22.423980933892775,mag22,0.0005700341761141993,373770,61642.14547289369,30.0,31.0,326.7487961931708,-14.202079732179511,172.52492961637122,r,0.0,373822,61642.16920029189,30.0,31.0,326.7487961931708,-14.202079732179511,150.5092126177087,i,0.0,373770-373822,True,104,True,61,Q
inst00700_part002:S1029653a:61642,inst00700_part002.h5,11202,S1029653a,61642,2,34.360883255722,34.360883255722,6.60864712520484,3.9606108919810312,-0.07353189777848101,-0.08068136337069834,23.284781648544318,6.609527694179235,3.9615869408107725,61642.298680903965,61642.298252663226,23.567013415839103,r,8.018370555940042,6.607766556230445,3.9596348431512896,61642.32254262845,61642.32211438771,23.00254988124953,i,8.848729598767635,20.530681049402,20.312638404532475,181907357.35815918,316858923.1093585,7.629503115551739,1.0142649715903838,grid_dlon+030_lat+01,prob_maps_grid_dlon+030_lat+01.npz,2026-01-01T00:00:00,130.20000624993276,1.0,4.304801602914612,MBA,2.403230559963727,0.1178,2.12013,2,0.0008346054224727976,-0.09928536054744047,-0.04512353211417223,mag23,D247735,0.0,23.772143244011843,mag23,0.0011743580682377413,374108,61642.298501505815,30.0,31.0,5.612435850997294,2.863202976914128,133.06386966920232,r,0.0,374160,61642.3223632303,30.0,31.0,5.612435850997294,2.863202976914128,120.3423953691796,i,0.0,374108-374160,True,76,True,79,D
inst00295_part004:S100Ap1Fa:61642,inst00295_part004.h5,4724,S100Ap1Fa,61642,2,34.232301854062825,34.232301854062825,320.5999131375191,-6.56601207348558,-0.21685188634129332,-0.043671458652672954,21.967519663179637,320.6024907382783,-6.565492858853987,61642.15414510912,61642.15371686838,22.24629870796701,r,30.973026897045653,320.59733553675994,-6.566531288117173,61642.17791754096,61642.17748930022,21.688740618392263,i,35.539837462549436,18.248865909777177,17.98955980053922,273217174.9593835,421800303.59740126,320.8891006943005,8.390174761680674,grid_dlon-010_lat+08,prob_maps_grid_dlon-010_lat+08.npz,2026-01-01T00:00:00,90.20000624993276,8.0,2.32612125313347,MBA,2.7886374687609545,0.11569,2.46602,2,0.0007403778783084355,-0.22069823525200052,0.025424036618024556,mag21,D248863,0.01,22.577959862640423,mag22,0.0006450921948892481,373790,61642.15396571097,30.0,31.0,319.87425652205366,-6.247018758978787,144.29627597575382,r,0.0,373842,61642.177738142804,30.0,31.0,319.87425652205366,-6.247018758978787,126.39120112850028,i,6.28642737865448e-07,373790-373842,True,131,True,138,W
inst00008_part003:S0000z4Xa:61642,inst00008_part003.h5,131,S0000z4Xa,61642,2,34.314723999705166,34.314723999705166,9.060724620285185,-5.445802275935209,1.0072640723569308,-0.43549822780506514,22.955445777864533,9.048729917338505,-5.440614117757933,61642.30340807013,61642.302979829394,23.294042167130403,r,8.24778579803172,9.072719323231865,-5.4509904341124855,61642.32723773958,61642.32680949884,22.61684938859866,i,9.63497004072564,23.75421882882599,23.49773104461176,42412529.9610991,187366043.57474095,6.155134140739216,-8.594046104589761,grid_dlon+030_lat-08,prob_maps_grid_dlon+030_lat-08.npz,2026-01-01T00:00:00,130.20000624993276,-8.0,2.8875138885296154,NEO,2.1268997381507977,0.63660404082,0.772906770425,2,1.0,0.7556663609149229,-0.7980106683120652,mag22,D249737,1.0,23.568714733252772,mag23,1.0,374119,61642.30322867198,30.0,31.0,9.08702925754262,-4.299216293602096,134.79862427186353,r,0.0,374171,61642.32705834143,30.0,31.0,9.08702925754262,-4.299216293602096,118.99293609916184,i,0.0,374119-374171,True,149,True,146,S
inst00239_part013:S100s07La:61642,inst00239_part013.h5,3837,S100s07La,61642,2,34.312762225745246,34.312762225745246,245.79969197881925,-30.987461696503956,0.233249316459815,-0.04302848702222225,22.52552276445155,245.7969053506018,-30.98693724187259,61642.05831489474,61642.057886654,22.742143201316217,r,13.282314410811376,245.8024786070367,-30.98798615113532,61642.08214320184,61642.0817149611,22.308902327586885,i,15.145185510904925,18.1255039198594,17.878618177252296,313215221.1854234,365741361.9220505,249.1360230996192,-9.283996014402934,grid_dlon-080_lat-08,prob_maps_grid_dlon-080_lat-08.npz,2026-01-01T00:00:00,20.200006249932756,-8.0,4.15514499357969,MBA,2.5776595631947608,0.05633,2.43246,2,0.0010775454593741458,0.20703303563862088,-0.009398864572290918,mag22,D251348,0.03,23.116904587199254,mag23,0.001095571633092419,373577,61642.05813549659,30.0,31.0,247.8261477933222,-30.764583262605335,58.24793538934472,r,0.0,373629,61642.08196380369,30.0,31.0,247.8261477933222,-30.764583262605335,60.83513165254162,i,0.0,373577-373629,True,1,True,1,T
inst00512_part015:S101fdJBa:61642,inst00512_part015.h5,8207,S101fdJBa,61642,2,36.52376041514799,36.52376041514799,292.6405817990043,-27.160257411643883,-0.11793091380633355,0.0035347001473603,23.244740837060654,292.64207628725,-27.16031530389063,61642.195375061776,61642.19494682104,23.577749733431883,i,6.9290718824506214,292.6390873107586,-27.160199519397132,61642.22073878429,61642.22031054355,22.911731940689425,z,4.4029408316770535,19.48018102129558,18.86310590823031,291623311.51840925,417024561.2537746,290.1148344669561,-5.288525811337746,grid_dlon-040_lat-05,prob_maps_grid_dlon-040_lat-05.npz,2026-01-01T00:00:00,60.200006249932756,-5.0,3.121429897403187,MBA,2.4808052648416434,0.12476,2.1713,2,0.0011229107112973279,-0.10357632258503843,0.01962818826225891,mag23,D252868,0.01,24.191634928830343,mag24+,0.0021125553873275384,373882,61642.195195663626,30.0,31.0,291.7046191581302,-27.179875848535122,64.83657429004097,i,0.0,373938,61642.220559386136,30.0,31.0,291.7046191581302,-27.179875848535122,66.39172205669752,z,0.0,373882-373938,True,140,True,140,U
inst00334_part013:S100GICda:61642,inst00334_part013.h5,5357,S100GICda,61642,2,34.35887502506375,34.35887502506375,359.18539732439797,1.1585935429055503,-0.1473302811429182,-0.055380561924023894,22.213483866149346,359.18715687011263,1.159255482373245,61642.299951649904,61642.299523409165,22.373836545730857,r,21.924289269906396,359.1836377786833,1.1579316034378555,61642.32381197978,61642.32338373904,22.05313118656784,i,23.530818397176592,17.998388542453913,17.78183491942491,292215889.66849136,431432133.37365544,359.70967178946455,1.386999094671925,grid_dlon+030_lat+01,prob_maps_grid_dlon+030_lat+01.npz,2026-01-01T00:00:00,130.20000624993276,1.0,3.6369548698698657,MBA,2.8795112858957026,0.02356,2.81167,2,0.001527524471963597,-0.15721979369119002,0.007795049106925132,mag22,D253532,0.0,22.70164894672444,mag22,0.0020147228199821885,374111,61642.299772251754,30.0,31.0,359.99405749316537,0.7464332850016774,123.00642522751502,r,0.0,374163,61642.32363258163,30.0,31.0,359.99405749316537,0.7464332850016774,111.19553170246147,i,0.0,374111-374163,True,46,True,46,AA
inst00301_part010:S100Bqjea:61642,inst00301_part010.h5,4826,S100Bqjea,61642,2,36.52376041514799,36.52376041514799,291.90396654286076,-28.986371812001146,-0.08871186341181517,0.02362720398148145,22.465539679274812,291.9050985473984,-28.98668999628605,61642.195375061776,61642.19494682104,22.654448659751644,i,12.107836751939297,291.90283453832313,-28.986053627716245,61642.22073878429,61642.22031054355,22.276630698797984,z,7.36519405781846,17.974357394436915,17.370667891913683,354907982.9076462,477225075.42080855,289.19019047019833,-6.994968165429052,grid_dlon-040_lat-08,prob_maps_grid_dlon-040_lat-08.npz,2026-01-01T00:00:00,60.200006249932756,-8.0,4.156064587897272,MBA,3.1829616665725737,0.11435,2.81899,2,0.0015278101605116362,-0.07374375186539624,0.03496310295165383,mag22,D256372,0.01,23.44487178736113,mag23,0.0022626585214559716,373882,61642.195195663626,30.0,31.0,291.7046191581302,-27.179875848535122,64.83657429004097,i,0.0,373938,61642.220559386136,30.0,31.0,291.7046191581302,-27.179875848535122,66.39172205669752,z,0.0,373882-373938,True,68,True,71,U
inst00215_part010:S100oxRla:61642,inst00215_part010.h5,3450,S100oxRla,61642,2,34.38103106687777,34.38103106687777,269.7633582457053,-25.697083096146443,0.031172162355242547,-0.0007373473350957,23.29677404483579,269.7629611580037,-25.697059239323604,61642.094557400014,61642.094129159275,23.59034481970384,i,6.866532543033718,269.76375533340695,-25.697106952969285,61642.11843311603,61642.118004875294,23.003203269967738,z,5.344741041020862,19.080352730693832,18.47779070664312,330075272.01272553,423539215.42514884,269.78272840075476,-2.25797703459189,grid_dlon-060_lat-02,prob_maps_grid_dlon-060_lat-02.npz,2026-01-01T00:00:00,40.200006249932756,-2.0,3.350747868222775,MBA,2.6037570320981698,0.08811,2.37434,2,0.0007830122972422483,0.02811220896007291,-0.0006911631236295798,mag23,D256917,0.0,24.248983338192673,mag24+,0.0018327286965058485,373658,61642.094378001864,30.0,31.0,270.45866431300607,-26.63108025372794,65.10267945919445,i,0.0,373710,61642.11825371788,30.0,31.0,270.45866431300607,-26.63108025372794,64.98675224524713,z,0.0,373658-373710,True,74,True,74,E
inst00048_part006:S1003nRGa:61642,inst00048_part006.h5,774,S1003nRGa,61642,2,34.173501619370654,34.173501619370654,330.20951537377056,-10.057025449239383,-0.20025701168558557,-0.039014281783582946,18.295902175105965,330.2118913695077,-10.056558322360162,61642.14693033903,61642.146502098294,18.554962130659266,r,378.3289249865546,330.20713937803345,-10.057492576118605,61642.17066193738,61642.17023369664,18.036842219552664,i,416.27440569522776,13.988702102431215,13.730010919884991,346462370.03658307,497531112.10336506,328.75788207610924,1.969783570442125,grid_dlon+000_lat+02,prob_maps_grid_dlon+000_lat+02.npz,2026-01-01T00:00:00,100.20000624993276,2.0,4.417373818807812,MBA,3.204658009568372,0.04895,3.04779,2,0.00030464623462537994,-0.19863705373609195,0.03149579050045211,18_20,D257639,0.09,18.905891255220972,18_20,0.00018125371360018126,373773,61642.14675094088,30.0,31.0,330.4153278564736,-10.669984224775128,173.57048323698308,r,0.0,373825,61642.17048253923,30.0,31.0,330.4153278564736,-10.669984224775128,156.47074690898765,i,0.0,373773-373825,True,50,True,49,N
inst00180_part010:S100jIp5a:61642,inst00180_part010.h5,2890,S100jIp5a,61642,2,36.45291106891818,36.45291106891818,308.8898402550126,-22.731258315615424,-0.2024122503639072,-0.0105131625176057,21.456142591737738,308.89240503068874,-22.73111733396124,61642.20517481482,61642.20474657408,21.582809259433628,i,37.40432227206818,308.8872754793365,-22.731399297269608,61642.2304893364,61642.23006109566,21.329475924041844,z,26.822886425447432,19.104434628470887,18.495655630626956,189187360.75004506,331664457.48285687,305.4777722341298,-3.9542831965924337,grid_dlon-030_lat-04,prob_maps_grid_dlon-030_lat-04.npz,2026-01-01T00:00:00,70.20000624993276,-4.0,2.245676485209154,MBA,2.184929113682806,0.05553,2.0636,2,0.0009783662191214415,-0.1838155887041956,0.036555845496600854,mag21,D259835,0.01,22.420486961110782,mag22,0.0009673156397436062,373905,61642.20499541667,30.0,31.0,308.8151615658631,-22.414323129384417,73.50827098113933,i,0.0,373961,61642.23030993825,30.0,31.0,308.8151615658631,-22.414323129384417,71.32351469269727,z,0.0,373905-373961,True,95,True,95,H
inst00767_part014:S102IDJsa:61642,inst00767_part014.h5,12286,S102IDJsa,61642,2,34.167453416157514,34.167453416157514,327.5131305796756,-14.86210198022337,-0.22148321702652313,-0.0039403318627733,22.746667031839394,327.5157559295628,-14.86204956354922,61642.14565229184,61642.1452240511,22.987013345304813,r,13.767535914833676,327.5105052297884,-14.86215439689752,61642.16937969004,61642.168951449305,22.50632071837397,i,16.010329633526467,21.517429717028858,21.259209432508,134972515.39008918,285693113.2517332,324.6462843858246,-1.6519050173665166,grid_dlon-010_lat-02,prob_maps_grid_dlon-010_lat-02.npz,2026-01-01T00:00:00,90.20000624993276,-2.0,1.5129815161992628,MBA,2.5567685003889173,0.25434,1.90648,2,0.00016472435666990408,-0.2030600900245775,0.06814647727804592,mag22,D260113,0.0,23.35745759933139,mag23,0.000991174548190319,373770,61642.14547289369,30.0,31.0,326.7487961931708,-14.202079732179511,172.52492961637122,r,0.0,373822,61642.16920029189,30.0,31.0,326.7487961931708,-14.202079732179511,150.5092126177087,i,0.0,373770-373822,True,130,True,141,Q
inst00156_part010:S100gxxfa:61642,inst00156_part010.h5,2506,S100gxxfa,61642,2,34.328452760819346,34.328452760819346,255.21666582112874,-22.30057531568451,0.09707965724893854,-0.04748993425689485,22.05119782808047,255.21550920789457,-22.300014866327867,61642.05405392916,61642.05362568842,22.241622846128305,r,23.609212515870325,255.21782243436292,-22.301135765041153,61642.07789313247,61642.07746489173,21.86077281003263,i,23.384830508806644,16.590759377471635,16.344098034118183,417999056.5796573,480073241.7050655,256.34044288079514,0.44063019782598434,grid_dlon-080_lat+00,prob_maps_grid_dlon-080_lat+00.npz,2026-01-01T00:00:00,20.200006249932756,0.0,3.2865066441344943,MBA,3.1640674261213166,0.04844,3.0108,2,0.001982062269747303,0.09417788290902739,-0.03812792576167688,mag22,D261271,0.01,22.637099793962285,mag22,0.001459619215233846,373567,61642.05387453101,30.0,31.0,255.57356396909347,-22.958749626878994,72.95550297090713,r,0.0,373619,61642.07771373432,30.0,31.0,255.57356396909347,-22.958749626878994,70.77344610239842,i,0.0,373567-373619,True,82,True,85,V
inst00115_part006:S100biqaa:61642,inst00115_part006.h5,1846,S100biqaa,61642,2,36.45291106891818,36.45291106891818,308.6343032005812,-21.784622775224697,-0.16572656888373588,-0.1001536636178244,20.28311720294846,308.636402636099,-21.78335463781841,61642.20517481482,61642.20474657408,20.395193083227362,i,97.51740532464189,308.6322037650635,-21.785890912630983,61642.2304893364,61642.23006109566,20.171041322669563,z,69.8553370750438,16.619332376945177,16.030650287767045,281021927.8588683,422120543.3217095,305.48495952056777,-2.9785803522336507,grid_dlon-030_lat-03,prob_maps_grid_dlon-030_lat-03.npz,2026-01-01T00:00:00,70.20000624993276,-3.0,2.2525001161368,MBA,2.6911089498563774,0.11574,2.37964,2,0.0017368129358066012,-0.17419887435008238,-0.0587364484643477,mag20,D261366,0.02,21.20246691518141,mag21,0.0022046744753924474,373905,61642.20499541667,30.0,31.0,308.8151615658631,-22.414323129384417,73.50827098113933,i,0.0,373961,61642.23030993825,30.0,31.0,308.8151615658631,-22.414323129384417,71.32351469269727,z,0.0,373905-373961,True,85,True,85,H
inst00194_part012:S100lDzka:61642,inst00194_part012.h5,3116,S100lDzka,61642,2,34.17312336503528,34.17312336503528,315.13844663317445,-14.129385583569398,-0.2310309293728378,0.0072474527399172,22.406989394219323,315.14119436302667,-14.12947412792419,61642.14349528497,61642.14306704423,22.617075825871133,r,22.122767096102354,315.13569890332235,-14.129297039214606,61642.16722662064,61642.1667983799,22.19690296256751,i,17.44925345493453,18.824443924337928,18.61822730671182,253251483.82249707,399787970.17538154,313.48133257122385,2.758871785394239,grid_dlon-020_lat+03,prob_maps_grid_dlon-020_lat+03.npz,2026-01-01T00:00:00,80.20000624993276,3.0,0.39238805011060385,MBA,2.7482259504675968,0.14884,2.33918,2,0.0008360002519709381,-0.2131316769546687,0.07019447712071089,mag22,D261439,0.0,22.898762087507503,mag22,0.0004380213508836201,373765,61642.14331588682,30.0,31.0,315.6825177941189,-13.277114016451204,144.96652051211944,r,0.0,373817,61642.167047222494,30.0,31.0,315.6825177941189,-13.277114016451204,120.54319117917052,i,6.28642737865448e-07,373765-373817,True,146,True,104,A
inst00097_part013:S10099S8a:61642,inst00097_part013.h5,1565,S10099S8a,61642,2,34.27103605354205,34.27103605354205,352.9265293427877,-1.2443168020994593,-0.1835960855066108,-0.0314757308891688,19.616917600123305,352.9287147763205,-1.2439417926141123,61642.24252131733,61642.24209307659,20.02268306768256,g,205.0663447571068,352.92434390925496,-1.2446918115848062,61642.26632064792,61642.26589240718,19.21115213256405,r,245.1450264918861,15.832589552768226,16.234548923297154,218689165.70381474,363583297.4529266,353.0091817048019,1.6645399238420597,grid_dlon+020_lat+02,prob_maps_grid_dlon+020_lat+02.npz,2026-01-01T00:00:00,120.20000624993276,2.0,0.4245321292633527,MBA,2.7319359927879194,0.1126,2.42432,2,0.0006277876599862183,-0.1811398020398098,0.04357070494725503,18_20,D261563,0.03,19.57236867682615,18_20,0.0005033348549749013,373980,61642.24234191918,30.0,31.0,351.51746422492533,-2.161525241498186,143.23632355643025,g,0.0,374032,61642.26614124977,30.0,31.0,351.51746422492533,-2.161525241498186,127.70107224370017,r,0.0,373980-374032,True,75,True,117,L
inst00505_part011:S101dzNPa:61642,inst00505_part011.h5,8091,S101dzNPa,61642,2,34.232301854062825,34.232301854062825,320.1356206537381,-6.539374668948613,-0.18177305199855798,-0.12957950879926206,23.189441374501193,320.13779610596544,-6.537834015010248,61642.15414510912,61642.15371686838,23.378187317766727,r,11.784938003581098,320.1334452015109,-6.5409153228869785,61642.17791754096,61642.17748930022,23.000695431235656,i,12.270151298726379,19.801224645710352,19.600119623251395,238466493.51032996,387010974.5064155,320.4540241688751,8.558368433914277,grid_dlon-010_lat+08,prob_maps_grid_dlon-010_lat+08.npz,2026-01-01T00:00:00,90.20000624993276,8.0,2.784793854955661,MBA,2.800986444625085,0.08966,2.54985,2,0.0005956153951953919,-0.21416027016743394,-0.0674897296140587,mag23,D262773,0.0,23.669321751249797,mag23,0.00046960418696113113,373790,61642.15396571097,30.0,31.0,319.87425652205366,-6.247018758978787,144.29627597575382,r,0.0,373842,61642.177738142804,30.0,31.0,319.87425652205366,-6.247018758978787,126.39120112850028,i,6.28642737865448e-07,373790-373842,True,136,True,136,W
inst00370_part003:S100MRfua:61642,inst00370_part003.h5,5923,S100MRfua,61642,2,34.225487157236785,34.225487157236785,326.5327515227169,-3.436560984722884,-0.23552108518707554,-0.0803785997058738,22.003696344557646,326.5355450644407,-3.4356053497097414,61642.153291680894,61642.152863440155,22.24961372299593,r,31.093327832809052,326.5299579809931,-3.437516619736027,61642.17705938031,61642.17663113957,21.757778966119364,i,33.78299457370185,18.50320779656018,18.283071513662073,254369332.26900488,404117574.85327184,327.5745067311337,9.437213537398904,grid_dlon-010_lat+08,prob_maps_grid_dlon-010_lat+08.npz,2026-01-01T00:00:00,90.20000624993276,8.0,4.6222078348665665,MBA,2.4210062389101936,0.12645,2.11487,2,0.0015194247990020274,-0.25184382168788194,0.003387152220672674,mag22,D264140,0.01,22.50062483089558,mag22,0.0033442747878408285,373788,61642.153112282744,30.0,31.0,325.93481101602737,-4.2091162795698995,156.0050468846943,r,0.0,373840,61642.17687998216,30.0,31.0,325.93481101602737,-4.2091162795698995,139.63401455881424,i,0.0,373788-373840,True,42,True,81,G
inst00491_part003:S101ai8Va:61642,inst00491_part003.h5,7859,S101ai8Va,61642,2,34.17127062915824,34.17127062915824,320.7615871776484,-14.587756429223539,-0.21136659102721428,-0.0148572438754607,23.391167478433005,320.76409507864923,-14.587591982794097,61642.14436164236,61642.14393340162,23.611120426752436,r,8.54037159887433,320.7590792766476,-14.587920875652983,61642.168091691405,61642.167663450666,23.171214530113577,i,7.313616652273091,19.52596459102519,19.277170817541347,288991301.31308097,437747125.42431426,318.5527568431177,0.7117805531802145,grid_dlon-010_lat+01,prob_maps_grid_dlon-010_lat+01.npz,2026-01-01T00:00:00,90.20000624993276,1.0,4.6288452527438775,MBA,3.0444680671915125,0.04988,2.89261,2,0.0008913307553572531,-0.1991944453472748,0.04889038096920393,mag23,D264155,0.0,23.973996660891654,mag23,0.0005917403934604652,373767,61642.14418224421,30.0,31.0,321.102050420575,-13.536656576810467,159.46952532922018,r,0.0,373819,61642.167912293255,30.0,31.0,321.102050420575,-13.536656576810467,134.67718928161105,i,0.0,373767-373819,True,151,True,146,P
inst00004_part015:S0000lf5a:61642,inst00004_part015.h5,79,S0000lf5a,61642,2,34.18834700714797,34.18834700714797,338.8521360820263,-13.71039893970943,-0.49704583624536813,-0.07883899986927606,23.42738949713106,338.85801200533524,-13.709486393645625,61642.14821419839,61642.14778595765,23.518479360164065,r,7.232848663150519,338.8462601587173,-13.711311485773235,61642.17195610603,61642.17152786529,23.336299634098058,i,7.899988944118309,23.21008045307181,22.999201194708405,92233412.54649933,243160055.26873738,335.3429285393655,-4.475760389749965,grid_dlon+000_lat-04,prob_maps_grid_dlon+000_lat-04.npz,2026-01-01T00:00:00,100.20000624993276,-4.0,2.2181307064057223,NEO,1.516001517489754,0.403200862786,0.904748397653,2,1.0,-0.4790026509366293,0.10651466584822886,mag23,D267224,1.0,23.917188302422655,mag23,1.0,373776,61642.14803480024,30.0,31.0,338.53272863894745,-13.867824161971438,188.3313940349604,r,0.0,373828,61642.17177670788,30.0,31.0,338.53272863894745,-13.867824161971438,176.4169057759705,i,0.0,373776-373828,True,90,True,90,J
inst00284_part013:S100yJnda:61642,inst00284_part013.h5,4557,S100yJnda,61642,2,34.314723999705166,34.314723999705166,8.381149554787726,-4.372053638157,-0.08869837966183272,-0.12425663233042619,21.996012771158618,8.38220573790636,-4.370568203064941,61642.30340807013,61642.302979829394,22.254082533077604,r,30.346902875388167,8.38009337166909,-4.37353907324906,61642.32723773958,61642.32680949884,21.737943009239636,i,31.147561431568924,18.081985486090822,17.863301726001467,265739064.34531206,399036899.7043313,5.958098693569762,-7.339738584452016,grid_dlon+030_lat-08,prob_maps_grid_dlon+030_lat-08.npz,2026-01-01T00:00:00,130.20000624993276,-8.0,2.7103656611591576,MBA,2.73232312890345,0.0233,2.66866,2,0.0017810515624217564,-0.1315611060114114,-0.0789655085451185,mag21,D267899,0.01,22.482711045157153,mag22,0.001492452683940274,374119,61642.30322867198,30.0,31.0,9.08702925754262,-4.299216293602096,134.79862427186353,r,0.0,374171,61642.32705834143,30.0,31.0,9.08702925754262,-4.299216293602096,118.99293609916184,i,0.0,374119-374171,True,60,True,60,S
inst00000_part002:S00000Gka:61642,inst00000_part002.h5,2,S00000Gka,61642,2,34.31595815112814,34.31595815112814,248.76310041458416,-21.636200936933825,1.6123831286197141,-0.43699298631666766,20.26067246153397,248.74388840760113,-21.630990864985538,61642.056621776544,61642.056193535806,20.4319843013608,r,61.72122684009679,248.7823124215672,-21.641411008882116,61642.08045230304,61642.0800240623,20.08936062170714,i,58.529767070563935,18.951118727439667,18.742980741662606,82149343.5038155,183110652.08184797,250.31953332714738,0.3641169324041056,grid_dlon-080_lat+00,prob_maps_grid_dlon-080_lat+00.npz,2026-01-01T00:00:00,20.200006249932756,0.0,2.7904661466819194,NEO,1.7483623735730898,0.759787523097,0.41997845628,2,1.0,1.54613724197811,-0.21647706393175126,mag20,D268059,1.0,20.74069171987136,mag20,1.0,373573,61642.056442378394,30.0,31.0,248.6997815157693,-23.400569102553263,70.20225368589401,r,0.0,373625,61642.08027290489,30.0,31.0,248.6997815157693,-23.400569102553263,69.7145294114945,i,0.0,373573-373625,True,120,True,120,M
inst00125_part013:S100cBqqa:61642,inst00125_part013.h5,2013,S100cBqqa,61642,2,34.232301854062825,34.232301854062825,320.82214866284926,-7.39382542444091,-0.1793616126183034,-0.07886099429184885,21.904145310183296,320.82427744275736,-7.392890591019872,61642.15414510912,61642.15371686838,22.143248160973716,r,32.44361136607383,320.82001988294115,-7.394760257861948,61642.17791754096,61642.17748930022,21.665042459392875,i,36.70291975084718,18.59084739855712,18.340807495896385,241020017.45660722,389899509.68898726,320.8409562613281,7.534803509617371,grid_dlon-010_lat+08,prob_maps_grid_dlon-010_lat+08.npz,2026-01-01T00:00:00,90.20000624993276,8.0,2.3870730042024664,MBA,3.1354365230651924,0.16064,2.63176,2,0.001071365849741679,-0.1952621999179589,-0.01962487482794926,mag21,D268204,0.01,22.503337814286912,mag22,0.00031976808152277785,373790,61642.15396571097,30.0,31.0,319.87425652205366,-6.247018758978787,144.29627597575382,r,0.0,373842,61642.177738142804,30.0,31.0,319.87425652205366,-6.247018758978787,126.39120112850028,i,6.28642737865448e-07,373790-373842,True,175,True,183,W
inst00104_part009:S1009YH2a:61642,inst00104_part009.h5,1673,S1009YH2a,61642,2,34.3652157462202,34.3652157462202,9.682197964601471,1.4477327679449559,-0.13849760967967373,-0.0053481587242821,20.397597799705405,9.683849214821066,1.44779473782313,61642.29824732186,61642.29781908112,20.629522017606295,r,91.66208577110318,9.680546714381876,1.4476707980667818,61642.322112055015,61642.321683814276,20.165673581804516,i,104.87345511378204,15.900950917299385,15.655484663035832,316601468.25474274,445583395.114481,9.462153752155618,-2.50450379542046,grid_dlon+040_lat-03,prob_maps_grid_dlon+040_lat-03.npz,2026-01-01T00:00:00,140.20000624993276,-3.0,3.8938004913514823,MBA,2.6795111933562015,0.11376,2.37469,2,0.00043269787787465064,-0.1295664575985216,0.04942201372885195,mag20,D270990,0.04,20.97211313666957,mag20,0.003652196695625436,374107,61642.29806792371,30.0,31.0,10.459801237058713,1.9451247494775845,140.96344844814226,r,0.0,374159,61642.321932656865,30.0,31.0,10.459801237058713,1.9451247494775845,127.24220479209438,i,0.0,374107-374159,True,104,True,101,C
inst00000_part003:S00000Xca:61642,inst00000_part003.h5,3,S00000Xca,61642,2,34.17312336503528,34.17312336503528,315.35219436656143,-13.518254317953406,-0.3241940459711339,-0.041459413062761005,23.265546142600318,315.3560433853776,-13.517788085191615,61642.14349528497,61642.14306704423,23.539062576430716,r,11.185049441907784,315.3483453477453,-13.5187205507152,61642.16722662064,61642.1667983799,22.99202970876992,i,9.507482051618164,19.29136909676913,19.047805165603847,274623218.95523804,421168334.8904046,313.85379978601435,3.2863332062667756,grid_dlon-020_lat+03,prob_maps_grid_dlon-020_lat+03.npz,2026-01-01T00:00:00,80.20000624993276,3.0,0.7397039069510211,NEO,1.787111144604709,0.61477427454,0.688441187158,2,0.9033631385805947,-0.31455300616342896,0.04959142478794279,mag23,D271309,1.0,23.857740976996475,mag23,0.8874094561750308,373765,61642.14331588682,30.0,31.0,315.6825177941189,-13.277114016451204,144.96652051211944,r,0.0,373817,61642.167047222494,30.0,31.0,315.6825177941189,-13.277114016451204,120.54319117917052,i,6.28642737865448e-07,373765-373817,True,102,True,99,A
inst00269_part001:S100wlpva:61642,inst00269_part001.h5,4305,S100wlpva,61642,2,34.360883255722,34.360883255722,6.480635101626603,2.0791203158461036,-0.0991649872811606,-0.05944378231614905,21.774117174796892,6.481814783235677,2.0798368142078973,61642.298680903965,61642.298252663226,21.986602522089424,r,29.39261573587338,6.47945542001753,2.0784038174843094,61642.32254262845,61642.32211438771,21.561631827504357,i,33.27708693705777,17.901373898025327,17.664935897942808,265128124.2052483,398297396.1138277,6.768479312060302,-0.6635445641526183,grid_dlon+030_lat-01,prob_maps_grid_dlon+030_lat-01.npz,2026-01-01T00:00:00,130.20000624993276,-1.0,3.460151146875714,MBA,2.8527640352764037,0.0702,2.6525,2,0.0025915542410158616,-0.11453340686075275,-0.015432847890177986,mag21,D271860,0.0,22.359181276854084,mag22,0.0013693759675118282,374108,61642.298501505815,30.0,31.0,5.612435850997294,2.863202976914128,133.06386966920232,r,0.0,374160,61642.3223632303,30.0,31.0,5.612435850997294,2.863202976914128,120.3423953691796,i,0.0,374108-374160,True,172,True,173,D
inst00009_part004:S0000DM6a:61642,inst00009_part004.h5,148,S0000DM6a,61642,2,34.3652157462202,34.3652157462202,10.08279180882309,2.537736483286202,-0.7183156605141315,-0.1886849717650985,23.72329954848071,10.091382932089687,2.540000767276121,61642.29824732186,61642.29781908112,23.97119738462627,r,5.12752089167653,10.074200685556491,2.535472199296283,61642.322112055015,61642.321683814276,23.47540171233515,i,6.01076473649437,23.91820866657924,23.666157370738958,54740728.53855369,196914952.04110947,10.258397224297427,-1.6587916503105182,grid_dlon+040_lat-02,prob_maps_grid_dlon+040_lat-02.npz,2026-01-01T00:00:00,140.20000624993276,-2.0,3.0848298576291424,NEO,0.8319124783488896,0.588929100862,0.341975010479,2,1.0,-0.7344732665793063,0.10755877727180312,mag23,D273426,1.0,24.324142177741752,mag24+,1.0,374107,61642.29806792371,30.0,31.0,10.459801237058713,1.9451247494775845,140.96344844814226,r,0.0,374159,61642.321932656865,30.0,31.0,10.459801237058713,1.9451247494775845,127.24220479209438,i,0.0,374107-374159,True,49,True,48,C
inst00638_part010:S101MywCa:61642,inst00638_part010.h5,10218,S101MywCa,61642,2,36.52376041514799,36.52376041514799,292.00043126987254,-28.505907377773713,-0.12362562131379176,0.0253814136440507,22.91454855687154,292.00201506569454,-28.506226027478625,61642.195375061776,61642.19494682104,23.13468424904677,i,9.430535182804961,291.99884747405054,-28.5055887280688,61642.22073878429,61642.22031054355,22.69441286469631,z,6.000101711600584,20.435515805246386,19.822537064945628,191766912.51937982,320050011.074275,289.3468506809252,-6.532585966842162,grid_dlon-040_lat-08,prob_maps_grid_dlon-040_lat-08.npz,2026-01-01T00:00:00,60.200006249932756,-8.0,4.144527692607142,MBA,2.2612288710991555,0.22677,1.74845,2,0.0017529185566728246,-0.10427949936508196,0.04138857143722439,mag22,D277941,0.03,23.862011491925912,mag23,0.001957740900307858,373882,61642.195195663626,30.0,31.0,291.7046191581302,-27.179875848535122,64.83657429004097,i,0.0,373938,61642.220559386136,30.0,31.0,291.7046191581302,-27.179875848535122,66.39172205669752,z,0.0,373882-373938,True,109,True,109,U
inst00003_part004:S0000e7na:61642,inst00003_part004.h5,52,S0000e7na,61642,2,34.328452760819346,34.328452760819346,255.858793358094,-24.59420861560837,0.6658871544217504,-0.1411457919906643,23.715102159422546,255.8508306596362,-24.592477885517408,61642.05405392916,61642.05362568842,23.993882595999384,r,3.648914894052877,255.86675605655185,-24.595939345699332,61642.07789313247,61642.07746489173,23.436321722845708,i,3.6799817721695685,22.632215962968747,22.377550677715934,97023862.8414289,200788443.36073664,257.15458043850555,-1.7831231245262988,grid_dlon-080_lat-02,prob_maps_grid_dlon-080_lat-02.npz,2026-01-01T00:00:00,20.200006249932756,-2.0,4.076744565348938,NEO,1.0960159064619373,0.398920913673,0.658792239656,2,0.9337175881262457,0.6166299873937092,-0.08160715759370801,mag23,D278525,0.84,24.31955148170661,mag24+,0.9643632898332989,373567,61642.05387453101,30.0,31.0,255.57356396909347,-22.958749626878994,72.95550297090713,r,0.0,373619,61642.07771373432,30.0,31.0,255.57356396909347,-22.958749626878994,70.77344610239842,i,0.0,373567-373619,True,110,True,110,V
inst00646_part001:S101Pho7a:61642,inst00646_part001.h5,10337,S101Pho7a,61642,2,34.167453416157514,34.167453416157514,326.72012726232253,-14.037426057460774,-0.2461025856797156,-0.10966167735056956,23.81359128500546,326.7230325627375,-14.036107344025448,61642.14565229184,61642.1452240511,24.17501825527154,r,6.713420369537516,326.7172219619076,-14.038744770896098,61642.16937969004,61642.168951449305,23.452164314739385,i,7.692541424154982,20.61786277521811,20.367719669352716,227819726.73148882,378344209.48817515,324.19794227447056,-0.618053267457932,grid_dlon-010_lat-01,prob_maps_grid_dlon-010_lat-01.npz,2026-01-01T00:00:00,90.20000624993276,-1.0,1.0929628889671237,MBA,2.2652223695994738,0.11791,1.99813,2,0.0022344264386154316,-0.2616483445914169,-0.024019842114220726,mag23,D278971,0.0,24.425871615652746,mag24+,0.00466621968261651,373770,61642.14547289369,30.0,31.0,326.7487961931708,-14.202079732179511,172.52492961637122,r,0.0,373822,61642.16920029189,30.0,31.0,326.7487961931708,-14.202079732179511,150.5092126177087,i,0.0,373770-373822,True,91,True,91,Q
inst00537_part005:S101kKyca:61642,inst00537_part005.h5,8597,S101kKyca,61642,3,36.440662667155266,36.440662667155266,311.77694228351885,-16.27646649220565,-0.17056840236731577,-0.04006673672823665,22.733744686402137,311.7791084096804,-16.27596990891342,61642.2064495027,61642.20602126196,22.883188411983152,i,12.557432346193655,311.77477615735734,-16.276963075497882,61642.23175551844,61642.2313272777,22.58430096082112,z,8.405555349087356,19.402449874489086,18.78704526294286,255994360.99395716,400435918.1800916,309.77109901269984,1.5818889243925272,grid_dlon-020_lat+02,prob_maps_grid_dlon-020_lat+02.npz,2026-01-01T00:00:00,80.20000624993276,2.0,3.4878686837227435,MBA,2.9229016205742466,0.09168,2.65493,3,0.000675535264126598,-0.16855978890244736,0.004774479205355545,mag22,D280035,0.0,23.706699423459273,mag23,0.0009290289791492746,373908,61642.20627010455,30.0,31.0,312.23052900564977,-17.803267454871637,83.7253105327916,i,0.0,373964,61642.23157612029,30.0,31.0,312.23052900564977,-17.803267454871637,78.47421536379193,z,0.0,373908-373964,True,72,True,72,O
inst00044_part002:S1002UPRa:61642,inst00044_part002.h5,706,S1002UPRa,61642,2,36.56775874318555,36.56775874318555,308.6370784370066,-15.049630691925165,-0.17248582557990016,-0.0524346311994999,20.844312259307582,308.63926698877987,-15.048963806796829,61642.18475161897,61642.18432337823,20.927644250059767,i,65.6832442580405,308.63488988523335,-15.0502975770535,61642.21014589587,61642.20971765513,20.760980268555397,z,42.9433101429606,16.80418290066442,16.224191864530155,314850672.8564184,456813997.77773404,307.16205352521393,3.544500858280219,grid_dlon-030_lat+04,prob_maps_grid_dlon-030_lat+04.npz,2026-01-01T00:00:00,70.20000624993276,4.0,3.9758000436317373,MBA,2.7214175116128065,0.19916,2.17942,2,0.0008930284028909489,-0.174712330066601,-0.009335660032450066,mag20,D280209,0.02,21.79012039477743,mag21,0.0005673622264364149,373857,61642.184572220816,30.0,31.0,307.55006857284826,-14.514477456298348,92.2770262254423,i,0.0,373913,61642.20996649772,30.0,31.0,307.55006857284826,-14.514477456298348,84.45627244608112,z,0.0,373857-373913,True,180,True,151,R
inst00571_part013:S101tsiNa:61642,inst00571_part013.h5,9149,S101tsiNa,61642,2,34.21338453772478,34.21338453772478,347.3414206327371,-8.783213656851945,-0.1790695861327679,-0.0869158567525279,24.612578039780093,347.34352465006066,-8.782195841208729,61642.253589535016,61642.25316129428,24.754747343543986,g,2.885615924345794,347.33931661541345,-8.784231472495163,61642.27734882983,61642.276920589095,24.4704087360162,r,5.353642784834659,20.96970192435248,21.369721746800494,228029626.598658,376625402.9647107,344.9368955615456,-3.0925647740325384,grid_dlon+010_lat-03,prob_maps_grid_dlon+010_lat-03.npz,2026-01-01T00:00:00,110.20000624993276,-3.0,1.6591975829781083,MBA,3.183269912085028,0.2379,2.42597,2,0.0004937978922668995,-0.1971245012428473,-0.011298511587319232,mag24+,D281397,0.0,24.5628562929796,mag24+,0.00041089625137975675,374006,61642.253410136866,30.0,31.0,347.6615257772227,-8.854711246793014,125.93350398601339,g,0.0,374058,61642.27716943168,30.0,31.0,347.6615257772227,-8.854711246793014,109.34834614082037,r,0.0,374006-374058,True,92,True,91,B
inst00485_part003:S1018Wzia:61642,inst00485_part003.h5,7763,S1018Wzia,61642,2,34.18834700714797,34.18834700714797,337.5661208781953,-14.260421077594465,-0.28390582536405606,0.00626027321579535,23.443276070262364,337.56949039948404,-14.260492049791372,61642.14821419839,61642.14778595765,23.581267814987726,r,6.078582126375528,337.56275135690663,-14.260350105397556,61642.17195610603,61642.17152786529,23.305284325537006,i,7.212273220316513,21.043935169411075,20.801916894090642,205200148.41867727,356077699.25303876,333.9758533649855,-4.524312284428053,grid_dlon+000_lat-05,prob_maps_grid_dlon+000_lat-05.npz,2026-01-01T00:00:00,100.20000624993276,-5.0,0.9302599624992655,MBA,2.5993789986352995,0.20129,2.07615,2,0.0004828556420935363,-0.25424219031158135,0.10730333015568796,mag23,D283537,0.01,24.011359176171723,mag24+,0.007640135019955715,373776,61642.14803480024,30.0,31.0,338.53272863894745,-13.867824161971438,188.3313940349604,r,0.0,373828,61642.17177670788,30.0,31.0,338.53272863894745,-13.867824161971438,176.4169057759705,i,0.0,373776-373828,True,146,True,107,J
inst00055_part002:S10049uFa:61642,inst00055_part002.h5,882,S10049uFa,61642,2,34.35887502506375,34.35887502506375,0.7567489630060606,0.6149676587706117,-0.13292021353238923,-0.01056391499776035,20.0547036171594,0.7583329225465718,0.6150935892451186,61642.299951649904,61642.299523409165,20.310302318499396,r,119.00052960100389,0.7551650034655495,0.6148417282961048,61642.32381197978,61642.32338373904,19.799104915819406,i,131.7572110164849,17.876053291905006,17.62839662251183,157458055.9187673,298573711.1300262,0.9350425792406214,0.2632148408201464,grid_dlon+030_lat+00,prob_maps_grid_dlon+030_lat+00.npz,2026-01-01T00:00:00,130.20000624993276,0.0,2.405380701459431,MBA,2.432993453872922,0.17814,1.99958,2,0.0008694233400697848,-0.12614973764199847,0.04317318311635996,mag20,D283969,0.03,20.646306994647567,mag20,0.0011200836118655266,374111,61642.299772251754,30.0,31.0,359.99405749316537,0.7464332850016774,123.00642522751502,r,0.0,374163,61642.32363258163,30.0,31.0,359.99405749316537,0.7464332850016774,111.19553170246147,i,0.0,374111-374163,True,138,True,138,AA
inst00315_part001:S100Dz2ga:61642,inst00315_part001.h5,5041,S100Dz2ga,61642,2,36.45291106891818,36.45291106891818,306.92007647653423,-22.20800151418736,-0.18693956813481283,-0.07800548781999145,22.450648810131717,306.9224326424089,-22.207002029568827,61642.20517481482,61642.20474657408,22.653849514903477,i,14.389421290035544,306.91772031065955,-22.209000998805887,61642.2304893364,61642.23006109566,22.24744810535996,z,10.00319851893609,20.36596459102519,19.747496462018795,172858309.35567415,314695330.424901,303.83802210640306,-3.0013369088802735,grid_dlon-030_lat-03,prob_maps_grid_dlon-030_lat-03.npz,2026-01-01T00:00:00,70.20000624993276,-3.0,0.6054622177114195,MBA,2.2529296413551956,0.15348,1.90715,2,0.0013493482057250832,-0.1869657111030048,-0.034328138832371034,mag22,D285105,0.01,23.403152348112922,mag23,0.0009722962117839121,373905,61642.20499541667,30.0,31.0,308.8151615658631,-22.414323129384417,73.50827098113933,i,0.0,373961,61642.23030993825,30.0,31.0,308.8151615658631,-22.414323129384417,71.32351469269727,z,0.0,373905-373961,True,1,True,1,H
inst00182_part015:S100k1z6a:61642,inst00182_part015.h5,2927,S100k1z6a,61642,2,34.17127062915824,34.17127062915824,321.0647238795605,-12.63083572064302,-0.19682108063909168,-0.1797823615222314,22.416472396066197,321.06706680512286,-12.62870098386147,61642.14436164236,61642.14393340162,22.616779987468785,r,23.243071912373708,321.0623809539981,-12.632970457424571,61642.168091691405,61642.167663450666,22.21616480466361,i,19.140599636666,19.147418133756503,18.927872824804208,231112893.32047242,380291706.21871525,319.4378005354045,2.4820068926309813,grid_dlon-010_lat+02,prob_maps_grid_dlon-010_lat+02.npz,2026-01-01T00:00:00,90.20000624993276,2.0,3.7657965287275403,MBA,2.5618394571032694,0.01123,2.53307,2,0.00015992161388994334,-0.23851803594975,-0.11146190933693102,mag22,D286448,0.01,22.91859957126199,mag22,0.001116625936668624,373767,61642.14418224421,30.0,31.0,321.102050420575,-13.536656576810467,159.46952532922018,r,0.0,373819,61642.167912293255,30.0,31.0,321.102050420575,-13.536656576810467,134.67718928161105,i,0.0,373767-373819,True,45,True,40,P
inst00070_part007:S1005UlRa:61642,inst00070_part007.h5,1127,S1005UlRa,61642,2,34.18257205397822,34.18257205397822,263.6622317351655,-22.552185202342173,0.06704439264371143,-0.0038712328155416503,21.01260439511917,263.6614321953207,-22.55213137050001,61642.10585084488,61642.10542260414,21.098655062398976,i,38.811917831998976,263.6630312750103,-22.552239034184336,61642.12958874214,61642.1291605014,20.926553727839362,z,35.62988299759579,16.554201139484036,15.960066789056839,345355667.68965256,427389469.1754123,264.14425744507344,0.7584457691729231,grid_dlon-070_lat+01,prob_maps_grid_dlon-070_lat+01.npz,2026-01-01T00:00:00,30.200006249932756,1.0,1.0380872099909493,MBA,2.926330552019988,0.15148,2.48305,2,0.0014912274151654846,0.06203325388385137,-0.0011484347246067412,mag21,D286820,0.08,21.95253760606233,mag21,0.001057395495106498,373684,61642.105671446734,30.0,31.0,262.3464125266547,-22.444355960056903,71.11750764041383,i,6.28642737865448e-07,373736,61642.12940934399,30.0,31.0,262.3464125266547,-22.444355960056903,70.824918879744,z,0.0,373684-373736,True,180,True,180,Z
inst00080_part007:S10075gWa:61642,inst00080_part007.h5,1287,S10075gWa,61642,2,34.19528196332976,34.19528196332976,336.06533102513373,-8.14458924781044,-0.24744609023694064,-0.09460130176459894,21.631152864457693,336.06827008424483,-8.143469617817283,61642.149480002925,61642.149051762186,21.85646648097608,r,35.33765358740107,336.06239196602263,-8.145708877803596,61642.17322672651,61642.17279848577,21.405839247939305,i,42.06958931722191,18.71084739855712,18.460807495896386,229566500.3634405,380597247.8330798,334.84512563551147,1.705777562233567,grid_dlon+000_lat+02,prob_maps_grid_dlon+000_lat+02.npz,2026-01-01T00:00:00,100.20000624993276,2.0,1.6932170612643027,MBA,2.324618253875743,0.1421,1.99429,2,0.004245042406063164,-0.262698005727262,0.0009750621329055274,mag21,D286910,0.0,22.230345368561306,mag22,0.0065392197221464795,373779,61642.149300604775,30.0,31.0,336.49956488075304,-9.032870978565633,179.0276305438203,r,0.0,373831,61642.17304732836,30.0,31.0,336.49956488075304,-9.032870978565633,165.7758240074947,i,0.0,373779-373831,True,54,True,47,K
inst00077_part001:S1006GLWa:61642,inst00077_part001.h5,1233,S1006GLWa,61642,2,34.19528196332976,34.19528196332976,337.9687032724938,-8.122856948258939,-0.19412550616193316,-0.0768094048842141,20.970851090057906,337.9710062593464,-8.121947038470289,61642.149480002925,61642.149051762186,21.184640061564714,r,58.26667131433317,337.96640028564127,-8.123766858047587,61642.17322672651,61642.17279848577,20.757062118551094,i,67.62172459920204,16.951373898025327,16.71493589794281,310069609.0999777,460866846.7366761,336.6068700791652,1.0358228586159393,grid_dlon+000_lat+01,prob_maps_grid_dlon+000_lat+01.npz,2026-01-01T00:00:00,100.20000624993276,1.0,3.4293915326888182,MBA,3.0779286984695204,0.11727,2.71698,2,0.0005257328220898842,-0.2069921888983108,-0.0005217210720155904,mag20,D290192,0.01,21.555915192115098,mag21,0.0005745042279538694,373779,61642.149300604775,30.0,31.0,336.49956488075304,-9.032870978565633,179.0276305438203,r,0.0,373831,61642.17304732836,30.0,31.0,336.49956488075304,-9.032870978565633,165.7758240074947,i,0.0,373779-373831,True,28,True,33,K
inst00313_part005:S100DhzBa:61642,inst00313_part005.h5,5013,S100DhzBa,61642,2,34.328452760819346,34.328452760819346,256.0888435730481,-22.14615638035376,0.196942154676534,0.08117389747032394,22.51952691877554,256.08649684462756,-22.147133176474437,61642.05405392916,61642.05362568842,22.72656628273128,r,15.836287179886853,256.09119030146866,-22.145179584233077,61642.07789313247,61642.07746489173,22.312487554819796,i,14.45437694446021,18.208399478113574,18.00782889963926,293154189.92359585,364750483.6350018,257.1287152272074,0.6738823910462283,grid_dlon-080_lat+01,prob_maps_grid_dlon-080_lat+01.npz,2026-01-01T00:00:00,20.200006249932756,1.0,4.058229635121197,MBA,3.1870162170393117,0.21194,2.51156,2,0.0017898786420739883,0.1738252618979172,0.09824758519188151,mag22,D290570,0.01,22.97169801913628,mag22,0.0021644364417218167,373567,61642.05387453101,30.0,31.0,255.57356396909347,-22.958749626878994,72.95550297090713,r,0.0,373619,61642.07771373432,30.0,31.0,255.57356396909347,-22.958749626878994,70.77344610239842,i,0.0,373567-373619,True,130,True,130,V
inst00033_part011:S1001M1ia:61642,inst00033_part011.h5,539,S1001M1ia,61642,2,34.328452760819346,34.328452760819346,255.70029460537938,-23.497959219101297,0.10845308603099177,-0.0053905639079917,20.77752487212163,255.69900304748737,-23.497899658179094,61642.05405392916,61642.05362568842,20.968775463310724,r,70.07355960623401,255.70158616327143,-23.498018780023504,61642.07789313247,61642.07746489173,20.58627428093254,i,65.25693080673332,15.358052033036108,15.151047709705527,408884152.69014776,472637902.2244936,256.90332183988096,-0.7062697067409138,grid_dlon-080_lat-01,prob_maps_grid_dlon-080_lat-01.npz,2026-01-01T00:00:00,20.200006249932756,-1.0,3.8309902201957886,MBA,3.0778313280082683,0.10987,2.73967,2,0.000657224721844206,0.0995154832159339,0.004408020922536065,mag20,D292656,0.08,21.246477162416102,mag21,0.001518545949016652,373567,61642.05387453101,30.0,31.0,255.57356396909347,-22.958749626878994,72.95550297090713,r,0.0,373619,61642.07771373432,30.0,31.0,255.57356396909347,-22.958749626878994,70.77344610239842,i,0.0,373567-373619,True,102,True,102,V
inst00259_part015:S100uZqha:61642,inst00259_part015.h5,4159,S100uZqha,61642,2,36.440662667155266,36.440662667155266,311.074072228918,-16.289114718502912,-0.21457486889788102,0.0766350956619807,22.12362702883017,311.0767860249011,-16.290081622923434,61642.2064495027,61642.20602126196,22.216829407377077,i,15.541439678669125,311.07135843293486,-16.28814781408239,61642.23175551844,61642.2313272777,22.03042465028327,z,10.32579092691968,19.80057326062511,19.188517322867035,185175133.9197395,330089986.74690664,309.1166212126091,1.7473276675050329,grid_dlon-020_lat+02,prob_maps_grid_dlon-020_lat+02.npz,2026-01-01T00:00:00,80.20000624993276,2.0,4.124941723556489,MBA,2.7254551588838765,0.19973,2.1811,2,0.0005434471889999158,-0.1788412110445325,0.1278227283017273,mag22,D296023,0.01,23.105109705963137,mag23,0.0007303810105246669,373908,61642.20627010455,30.0,31.0,312.23052900564977,-17.803267454871637,83.7253105327916,i,0.0,373964,61642.23157612029,30.0,31.0,312.23052900564977,-17.803267454871637,78.47421536379193,z,0.0,373908-373964,True,27,True,30,O
inst00004_part014:S0000kZXa:61642,inst00004_part014.h5,78,S0000kZXa,61642,2,34.360883255722,34.360883255722,5.653599820311939,3.8643117553709883,0.4334505591927538,-0.08765507491513475,23.20544479369986,5.6484478488367245,3.8653695613209935,61642.298680903965,61642.298252663226,23.38887699770757,r,7.116574907661984,5.658751791787154,3.863253949420983,61642.32254262845,61642.32211438771,23.022012589692153,i,8.394600724301156,23.10465629821889,22.846438322245646,73606833.46116394,215582570.10170168,6.716119765982442,1.3027363545755422,grid_dlon+030_lat+01,prob_maps_grid_dlon+030_lat+01.npz,2026-01-01T00:00:00,130.20000624993276,1.0,3.404880295867567,NEO,2.9479627990890633,0.573140520048,1.258365867337,2,1.0,0.36250877126395087,-0.25172361965919265,mag23,D296655,0.96,23.833006471454215,mag23,1.0,374108,61642.298501505815,30.0,31.0,5.612435850997294,2.863202976914128,133.06386966920232,r,0.0,374160,61642.3223632303,30.0,31.0,5.612435850997294,2.863202976914128,120.3423953691796,i,0.0,374108-374160,True,40,True,42,D
inst00478_part015:S1017wDKa:61642,inst00478_part015.h5,7663,S1017wDKa,61642,2,36.52376041514799,36.52376041514799,289.9995698677087,-27.828640676447254,-0.09899312893874165,0.0413392341449274,23.17086832162635,290.00085378899206,-27.82914777607926,61642.195375061776,61642.19494682104,23.809467590045998,i,4.907151127143301,289.9982859464253,-27.828133576815247,61642.22073878429,61642.22031054355,22.5322690532067,z,3.282523019209234,20.05137825974183,19.466494843298936,263313977.94035447,386644756.56795335,287.6889627849436,-5.609476557624775,grid_dlon-050_lat-05,prob_maps_grid_dlon-050_lat-05.npz,2026-01-01T00:00:00,50.200006249932756,-5.0,4.507454674995279,MBA,2.374424316856002,0.08804,2.16538,2,0.00102409152484072,-0.08146157094412938,0.05291844245193498,mag23,D297789,0.0,24.024373478327416,mag24+,0.002725567968454863,373882,61642.195195663626,30.0,31.0,291.7046191581302,-27.179875848535122,64.83657429004097,i,0.0,373938,61642.220559386136,30.0,31.0,291.7046191581302,-27.179875848535122,66.39172205669752,z,0.0,373882-373938,True,10,True,10,U
inst00000_part015:S00004d7a:61642,inst00000_part015.h5,15,S00004d7a,61642,2,34.27103605354205,34.27103605354205,352.6504637181613,-0.8424268603724281,0.027674698148072316,0.26679281893673856,20.30533943010036,352.6501337547348,-0.8455989592342188,61642.24252131733,61642.24209307659,20.62268778086684,g,134.78650823963795,352.6507936815878,-0.8392547615106373,61642.26632064792,61642.26589240718,19.987991079333884,r,145.52527611039585,21.20662390241712,21.517440971776203,43407572.171090536,192269215.50902593,352.9142232796381,2.1427606591060266,grid_dlon+020_lat+02,prob_maps_grid_dlon+020_lat+02.npz,2026-01-01T00:00:00,120.20000624993276,2.0,0.38276995140157666,NEO,1.684882482675471,0.436167078468,0.949992212645,2,1.0,0.13084136245258352,0.2341977843875327,mag20,D298923,0.95,20.26889845832416,mag20,1.0,373980,61642.24234191918,30.0,31.0,351.51746422492533,-2.161525241498186,143.23632355643025,g,0.0,374032,61642.26614124977,30.0,31.0,351.51746422492533,-2.161525241498186,127.70107224370017,r,0.0,373980-374032,True,33,True,75,L
inst00011_part010:S0000NYNa:61642,inst00011_part010.h5,186,S0000NYNa,61642,2,34.21338453772478,34.21338453772478,346.92050778977534,-8.646860968598343,-0.0263864623222819,0.4921545712361921,22.98551997517793,346.9208265799282,-8.652706790949361,61642.253589535016,61642.25316129428,23.302279140974893,g,12.715743637439466,346.92018899962244,-8.641015146247323,61642.27734882983,61642.276920589095,22.668760809380966,r,20.78856292757292,24.200851168265444,24.594172774670945,40240005.08951953,190604446.45313114,344.6059960391924,-2.8053581780142256,grid_dlon+010_lat-03,prob_maps_grid_dlon+010_lat-03.npz,2026-01-01T00:00:00,110.20000624993276,-3.0,1.3399281981436617,NEO,2.113842845398851,0.504053172264,1.048353653508,2,1.0,0.16707431198276468,0.46373448174155185,mag22,D299752,0.86,22.941347200506986,mag22,1.0,374006,61642.253410136866,30.0,31.0,347.6615257772227,-8.854711246793014,125.93350398601339,g,0.0,374058,61642.27716943168,30.0,31.0,347.6615257772227,-8.854711246793014,109.34834614082037,r,0.0,374006-374058,True,50,True,49,B
inst00220_part004:S100pbEma:61642,inst00220_part004.h5,3524,S100pbEma,61642,3,34.35887502506375,34.35887502506375,1.182839254807618,0.3518437217687963,-0.18783466475676325,0.0358552627229091,20.488123471642638,1.1850817946131542,0.35141489912708807,61642.299951649904,61642.299523409165,20.714217265225034,r,85.83412247062067,1.180596715002082,0.35227254441050454,61642.32381197978,61642.32338373904,20.26202967806024,i,94.66345710745064,17.49160479266153,17.250826890030858,203018258.46280426,342667853.3578136,1.221320115206356,-0.1476616704631633,grid_dlon+030_lat+00,prob_maps_grid_dlon+030_lat+00.npz,2026-01-01T00:00:00,130.20000624993276,0.0,2.1098309422609463,MBA,2.6592083229415326,0.15799,2.23908,3,0.0008407875369159285,-0.158079592891542,0.10759711411811781,mag20,D300031,0.01,21.07729658161178,mag21,0.0006621297557241997,374111,61642.299772251754,30.0,31.0,359.99405749316537,0.7464332850016774,123.00642522751502,r,0.0,374163,61642.32363258163,30.0,31.0,359.99405749316537,0.7464332850016774,111.19553170246147,i,0.0,374111-374163,True,171,True,172,AA
inst00025_part006:S1000SIca:61642,inst00025_part006.h5,406,S1000SIca,61642,2,34.3652157462202,34.3652157462202,9.708718715394099,1.6275702662666611,-0.08555519073206669,-0.01645514095254565,19.265525113123005,9.709741681660887,1.6277680307714097,61642.29824732186,61642.29781908112,19.516147490966535,r,201.54177056107415,9.70769574912731,1.6273725017619125,61642.322112055015,61642.321683814276,19.01490273527947,i,226.54333314000573,15.723492301749877,15.47542933795352,237446038.74733922,368458373.91697466,9.557200148776753,-2.349498128787235,grid_dlon+040_lat-02,prob_maps_grid_dlon+040_lat-02.npz,2026-01-01T00:00:00,140.20000624993276,-2.0,3.7832757500646315,MBA,2.7517770827409724,0.15592,2.32272,2,0.0009132354911723119,-0.08518987249548916,0.018423886696741207,18_20,D300509,0.17,19.860095775169484,18_20,0.0021257106991522503,374107,61642.29806792371,30.0,31.0,10.459801237058713,1.9451247494775845,140.96344844814226,r,0.0,374159,61642.321932656865,30.0,31.0,10.459801237058713,1.9451247494775845,127.24220479209438,i,0.0,374107-374159,True,100,True,61,C
inst00084_part014:S1007Bxta:61642,inst00084_part014.h5,1358,S1007Bxta,61642,2,34.314723999705166,34.314723999705166,8.803742608745354,-3.997924343888937,-0.10407972701113075,-0.058268717797189395,20.915809950519183,8.804983159364724,-3.9972297580892544,61642.30340807013,61642.302979829394,21.177433923357,r,72.30408142341369,8.802502058125981,-3.9986189296886194,61642.32723773958,61642.32680949884,20.65418597768136,i,78.18675942961511,17.795904305073634,17.541468944411825,209674874.50958675,344078156.71572757,6.497673676767216,-7.163376025735366,grid_dlon+030_lat-08,prob_maps_grid_dlon+030_lat-08.npz,2026-01-01T00:00:00,130.20000624993276,-8.0,3.2768879528500965,MBA,2.624963617524129,0.14107,2.25466,2,0.0008457256301776348,-0.11934712641080059,-0.012366395702207642,mag20,D301649,0.06,21.504341006107357,mag21,0.0009007714200811873,374119,61642.30322867198,30.0,31.0,9.08702925754262,-4.299216293602096,134.79862427186353,r,0.0,374171,61642.32705834143,30.0,31.0,9.08702925754262,-4.299216293602096,118.99293609916184,i,0.0,374119-374171,True,52,True,51,S
inst00885_part001:STC002qba:61642,inst00885_part001.h5,14160,STC002qba,61642,2,34.167453416157514,34.167453416157514,325.81795475583743,-15.419776738719293,-0.020580758488929953,-0.00661160773675095,23.017749036666565,325.81819074914046,-15.419700252891387,61642.14565229184,61642.1452240511,23.272398266097472,r,11.269037884822675,325.8177187625344,-15.4198532245472,61642.16937969004,61642.168951449305,22.763099807235662,i,13.084434519950165,7.249943080543298,6.997128999571286,5862031670.856215,6011613979.91246,322.91692905568965,-1.6338459149458517,grid_dlon-010_lat-02,prob_maps_grid_dlon-010_lat-02.npz,2026-01-01T00:00:00,90.20000624993276,-2.0,0.44733329191728516,TNO,40.84817841806344,0.06153,38.33479,2,0.00014731683668523865,-0.020919100431398503,0.0002881735491363696,mag23,D303435,0.69,23.62062003709528,mag23,0.00010696775282490294,373770,61642.14547289369,30.0,31.0,326.7487961931708,-14.202079732179511,172.52492961637122,r,0.0,373822,61642.16920029189,30.0,31.0,326.7487961931708,-14.202079732179511,150.5092126177087,i,0.0,373770-373822,True,182,True,157,Q
inst00045_part011:S10035Cia:61642,inst00045_part011.h5,731,S10035Cia,61642,2,34.20976972673088,34.20976972673088,345.9113290376614,-15.854880651410614,-0.23774812452403235,-0.0915906075359567,24.38791844716866,345.9141857547183,-15.853732776477727,61642.254867323965,61642.254439083226,24.630496998227144,g,2.7110449508997507,345.9084723206045,-15.856028526343499,61642.2786241085,61642.27819586776,24.145339896110176,r,4.7416409465040985,22.13678875306836,22.511661592795704,164843154.87294835,314040339.1542202,340.87278492132106,-9.06259099181795,grid_dlon+010_lat-08,prob_maps_grid_dlon+010_lat-08.npz,2026-01-01T00:00:00,110.20000624993276,-8.0,2.632715448383293,MBA,2.262180319539321,0.11435,2.0035,2,0.0015445138590975715,-0.24942371888333217,0.005040698226434126,mag24+,D304923,0.01,24.346256854372953,mag24+,0.0014114460944387988,374009,61642.254687925815,30.0,31.0,346.6804859599491,-14.744148465919585,117.19964498642732,g,0.0,374061,61642.27844471035,30.0,31.0,346.6804859599491,-14.744148465919585,99.02150734848671,r,0.0,374009-374061,True,109,True,69,Y
inst00145_part007:S100f5sMa:61642,inst00145_part007.h5,2327,S100f5sMa,61642,2,34.328452760819346,34.328452760819346,256.004989811033,-22.158166883401663,0.2619583033870584,0.0169457269562673,20.61619033110658,256.0018680845186,-22.15836596865617,61642.05405392916,61642.05362568842,20.8667126837747,r,75.23389276416103,256.0081115375474,-22.15796779814715,61642.07789313247,61642.07746489173,20.365667978438463,i,74.88330247156182,16.97962540921785,16.730768992338596,239435845.12877423,316070575.8453014,257.0525561299263,0.654477628483604,grid_dlon-080_lat+01,prob_maps_grid_dlon-080_lat+01.npz,2026-01-01T00:00:00,20.200006249932756,1.0,3.9839575179102784,MBA,2.3734632203118204,0.12642,2.07341,2,0.0007327647104787016,0.23987178504536222,0.040207261133229366,mag20,D305119,0.06,21.215421338767978,mag21,0.0005938918739676688,373567,61642.05387453101,30.0,31.0,255.57356396909347,-22.958749626878994,72.95550297090713,r,0.0,373619,61642.07771373432,30.0,31.0,255.57356396909347,-22.958749626878994,70.77344610239842,i,0.0,373567-373619,True,130,True,130,V
inst00228_part005:S100qjI7a:61642,inst00228_part005.h5,3653,S100qjI7a,61642,2,34.18257205397822,34.18257205397822,263.8450200929152,-22.186048729369478,0.10530793337899014,-0.0200290238092111,23.32987397461992,263.8437448312476,-22.18583592741013,61642.10585084488,61642.10542260414,23.315447535920534,i,4.485997728561295,263.8462953545828,-22.186261531328825,61642.12958874214,61642.1291605014,23.344300413319313,z,4.019989130642097,19.85660906055092,19.289451582225354,261418127.64028007,349391249.48068416,264.2973051695137,1.1315557138972652,grid_dlon-070_lat+01,prob_maps_grid_dlon-070_lat+01.npz,2026-01-01T00:00:00,30.200006249932756,1.0,1.1700623995150068,MBA,2.237455317247542,0.1048,2.00297,2,0.002311418491326612,0.0982959979329824,-0.0158512322030392,mag23,D305348,0.0,24.24042239239457,mag24+,0.0015437685275266806,373684,61642.105671446734,30.0,31.0,262.3464125266547,-22.444355960056903,71.11750764041383,i,6.28642737865448e-07,373736,61642.12940934399,30.0,31.0,262.3464125266547,-22.444355960056903,70.824918879744,z,0.0,373684-373736,True,176,True,176,Z
inst00000_part001:S00000nra:61642,inst00000_part001.h5,1,S00000nra,61642,2,34.17312336503528,34.17312336503528,315.4160491285653,-12.78079647185923,-0.2563664539570548,-0.08474729844058115,22.386646467850902,315.4190970364264,-12.77978526234602,61642.14349528497,61642.14306704423,22.596462323131927,r,22.900641354411846,315.4130012207042,-12.78180768137244,61642.16722662064,61642.1667983799,22.17683061256988,i,19.53240522930738,18.15849582856968,17.910966307612387,304524009.16505134,450969162.150801,314.1231998137945,3.9758446507414678,grid_dlon-020_lat+04,prob_maps_grid_dlon-020_lat+04.npz,2026-01-01T00:00:00,80.20000624993276,4.0,0.9517392493464172,NEO,2.0599298287887895,0.483974548601,1.062976219751,2,0.0016782799398793557,-0.2644245679260333,-0.010256541698321915,mag22,D306960,0.02,22.965680160238513,mag22,0.00548322562867301,373765,61642.14331588682,30.0,31.0,315.6825177941189,-13.277114016451204,144.96652051211944,r,0.0,373817,61642.167047222494,30.0,31.0,315.6825177941189,-13.277114016451204,120.54319117917052,i,6.28642737865448e-07,373765-373817,True,52,True,51,A
inst00452_part007:S1012eSza:61642,inst00452_part007.h5,7239,S1012eSza,61642,2,36.52327183401212,36.52327183401212,297.4792940443431,-23.808250306581456,-0.10134045305021952,-0.01729181924911665,23.175094187926135,297.48052315474285,-23.80803456874275,61642.19621749138,61642.19578925064,23.428359091004907,i,5.667821555129438,297.47806493394324,-23.80846604442016,61642.2215808746,61642.22115263386,22.921829284847366,z,3.3557002416807373,20.333034541874675,19.740984293558995,245286311.1683278,377729106.4965244,294.99739538427764,-2.722505132784567,grid_dlon-040_lat-03,prob_maps_grid_dlon-040_lat-03.npz,2026-01-01T00:00:00,60.200006249932756,-3.0,1.7952408440348233,MBA,2.658035205921427,0.15696,2.24083,2,0.001316133770931191,-0.09442179910371976,3.955323026487358e-05,mag23,D307738,0.0,24.10410989436714,mag24+,0.000788299432220775,373884,61642.19603809323,30.0,31.0,297.722561514484,-24.817875390727316,67.88522708467251,i,0.0,373940,61642.22140147645,30.0,31.0,297.722561514484,-24.817875390727316,68.13687199255678,z,0.0,373884-373940,True,87,True,87,X
inst00885_part000:STC0029ya:61642,inst00885_part000.h5,14159,STC0029ya,61642,2,34.167453416157514,34.167453416157514,325.22248296664515,-14.286460886957885,-0.01835223073856361,-0.0057356319300141,22.06035763131855,325.222696191455,-14.286396588437537,61642.14565229184,61642.1452240511,22.28147405399349,r,26.78256004500293,325.2222697418353,-14.286525185478233,61642.16937969004,61642.168951449305,21.839241208643607,i,28.782813805628933,5.735943870863926,5.524853521067133,6649022599.701065,6798590513.987631,322.7448411899993,-0.37445164388692764,grid_dlon-010_lat+00,prob_maps_grid_dlon-010_lat+00.npz,2026-01-01T00:00:00,90.20000624993276,0.0,0.5694661763980016,TNO,44.98244280225851,0.01351,44.37473,2,0.0005264364364730114,-0.01868300949167857,0.0003899466470606158,mag22,D308050,0.94,22.545504110251414,mag22,0.00031308040230045296,373770,61642.14547289369,30.0,31.0,326.7487961931708,-14.202079732179511,172.52492961637122,r,0.0,373822,61642.16920029189,30.0,31.0,326.7487961931708,-14.202079732179511,150.5092126177087,i,0.0,373770-373822,True,112,True,67,Q
inst00459_part009:S1013Dgma:61642,inst00459_part009.h5,7353,S1013Dgma,61642,2,34.17127062915824,34.17127062915824,319.6846197204073,-13.883403404672649,-0.24803178818761118,-0.02337138343941305,22.192966541158825,319.68756049393124,-13.883121597300827,61642.14436164236,61642.14393340162,22.46580535271854,r,25.20179242935768,319.68167894688327,-13.883685212044469,61642.168091691405,61642.167663450666,21.92012772959911,i,22.213524240603416,19.83310955016029,19.573209784098985,178951041.06916374,327854335.3617698,317.77405673933544,1.701591462079791,grid_dlon-020_lat+02,prob_maps_grid_dlon-020_lat+02.npz,2026-01-01T00:00:00,80.20000624993276,2.0,4.61110108795209,MBA,2.519322611456747,0.22526,1.95182,2,0.0009121469381075905,-0.23662920692801365,0.05079380418424831,mag22,D309744,0.0,22.809756757059844,mag22,0.001877200937618039,373767,61642.14418224421,30.0,31.0,321.102050420575,-13.536656576810467,159.46952532922018,r,0.0,373819,61642.167912293255,30.0,31.0,321.102050420575,-13.536656576810467,134.67718928161105,i,0.0,373767-373819,True,109,True,66,P
inst00540_part015:S101lz0fa:61642,inst00540_part015.h5,8655,S101lz0fa,61642,2,34.19528196332976,34.19528196332976,335.63349902255015,-9.240636249391434,-0.20791007385642998,-0.070597723706598,23.18005853430501,335.6359573535178,-9.239798477337434,61642.149480002925,61642.149051762186,23.398647248775237,r,9.944793945814501,335.6310406915824,-9.241474021445434,61642.17322672651,61642.17279848577,22.961469819834782,i,11.381085182220579,19.599563485224195,19.38044465190948,274523950.1730382,425645763.09542227,334.0492588827593,0.8394905652289021,grid_dlon+000_lat+01,prob_maps_grid_dlon+000_lat+01.npz,2026-01-01T00:00:00,100.20000624993276,1.0,0.8862475822941112,MBA,2.898581244640318,0.07877,2.67026,2,0.0005654827831058357,-0.2168702246155816,0.008566423836058146,mag23,D310834,0.0,23.66961388239553,mag23,0.0005026237857422123,373779,61642.149300604775,30.0,31.0,336.49956488075304,-9.032870978565633,179.0276305438203,r,0.0,373831,61642.17304732836,30.0,31.0,336.49956488075304,-9.032870978565633,165.7758240074947,i,0.0,373779-373831,True,107,True,104,K
inst00122_part004:S100c9I1a:61642,inst00122_part004.h5,1956,S100c9I1a,61642,2,34.38103106687777,34.38103106687777,271.50792301758867,-26.369175642360926,-0.01414508516884834,-0.048960002968115646,21.52671293137063,271.50809428508376,-26.368586723687702,61642.094557400014,61642.094129159275,21.6244504217977,i,34.76482755384378,271.5077517500936,-26.36976456103415,61642.11843311603,61642.118004875294,21.428975440943557,z,29.5124230086221,16.607179220953793,15.973969434175501,397128851.1337459,490549992.8432077,271.34890289676787,-2.9369751050259643,grid_dlon-060_lat-03,prob_maps_grid_dlon-060_lat-03.npz,2026-01-01T00:00:00,40.200006249932756,-3.0,1.7757475014686799,MBA,3.1488907644080055,0.1706,2.61169,2,0.0022566523831933,-0.013203113666447499,-0.04882448030429858,mag21,D312422,0.08,22.49274349719513,mag22,0.003885531131630598,373658,61642.094378001864,30.0,31.0,270.45866431300607,-26.63108025372794,65.10267945919445,i,0.0,373710,61642.11825371788,30.0,31.0,270.45866431300607,-26.63108025372794,64.98675224524713,z,0.0,373658-373710,True,143,True,143,E
inst00000_part015:S0000412a:61642,inst00000_part015.h5,15,S0000412a,61642,2,36.431736872764304,36.431736872764304,318.65854012463217,-16.885703928252184,-0.22226487915147283,-0.42157210509697823,21.169240346162546,318.66134632924764,-16.88036689828516,61642.207303253446,61642.20687501271,21.286325370989687,i,44.68975802769134,318.6557339200167,-16.89104095821921,61642.23260307072,61642.23217482998,21.05215532133541,z,32.376106666531946,21.092214590155027,20.452315382176295,91347324.23673046,240500306.6766367,315.9267964000927,-0.8636866705638447,grid_dlon-020_lat-01,prob_maps_grid_dlon-020_lat-01.npz,2026-01-01T00:00:00,80.20000624993276,-1.0,2.6955865333985307,NEO,2.3965874251732586,0.472154010255,1.265029061451,2,0.1102762596283469,-0.3289263164270756,-0.3388049676757822,mag21,D314307,0.19,22.138924963986252,mag22,0.012110560963294829,373910,61642.207123855296,30.0,31.0,317.51308485366314,-17.84516531742886,88.53112261378887,i,0.0,373966,61642.23242367257,30.0,31.0,317.51308485366314,-17.84516531742886,80.808015289907,z,0.0,373910-373966,True,162,True,163,I
inst00072_part005:S10067Rsa:61642,inst00072_part005.h5,1157,S10067Rsa,61642,2,36.431736872764304,36.431736872764304,316.8082042146849,-19.238450292135724,-0.18018208188052426,-0.0366674469074611,19.067772918354425,316.81048696720194,-19.23799020366818,61642.207303253446,61642.20687501271,19.228132414752775,i,214.28768966734492,316.80592146216793,-19.23891038060327,61642.23260307072,61642.23217482998,18.907413421956075,z,173.0203946136177,15.31090654526716,14.711322513713824,297486391.1035712,443762361.0541029,313.5517461340911,-2.5940444065555925,grid_dlon-020_lat-03,prob_maps_grid_dlon-020_lat-03.npz,2026-01-01T00:00:00,80.20000624993276,-3.0,0.5151242114417135,MBA,3.1838937507844323,0.12357,2.79046,2,0.0008235717922853034,-0.17361621372533925,0.014298057385167214,18_20,D316570,0.16,19.936450404640603,18_20,0.0011812823610500506,373910,61642.207123855296,30.0,31.0,317.51308485366314,-17.84516531742886,88.53112261378887,i,0.0,373966,61642.23242367257,30.0,31.0,317.51308485366314,-17.84516531742886,80.808015289907,z,0.0,373910-373966,True,67,True,63,I
inst00287_part010:S100zb4ha:61642,inst00287_part010.h5,4602,S100zb4ha,61642,2,34.360883255722,34.360883255722,4.47663140739823,2.9564615335589517,-0.09981492389497335,-0.10044925786277739,20.998928575989268,4.4778186386753305,2.9576589133592965,61642.298680903965,61642.298252663226,21.240886510398983,r,55.92905385093145,4.47544417612113,2.9552641537586073,61642.32254262845,61642.32211438771,20.756970641579557,i,64.7648583726823,17.970352730693833,17.71480566905217,204625668.56939125,340862110.85165846,5.277390408552423,0.9348105945731917,grid_dlon+030_lat+01,prob_maps_grid_dlon+030_lat+01.npz,2026-01-01T00:00:00,130.20000624993276,1.0,1.9537529292941487,MBA,2.433404505177752,0.0633,2.27937,2,0.0007303912625392563,-0.1313638993514716,-0.05267530774532568,mag20,D317595,0.01,21.6041229069371,mag21,0.0017172484747104144,374108,61642.298501505815,30.0,31.0,5.612435850997294,2.863202976914128,133.06386966920232,r,0.0,374160,61642.3223632303,30.0,31.0,5.612435850997294,2.863202976914128,120.3423953691796,i,0.0,374108-374160,True,55,True,54,D
inst00047_part006:S1003h9Ca:61642,inst00047_part006.h5,758,S1003h9Ca,61642,2,34.20976972673088,34.20976972673088,345.3559603411566,-15.105528892864267,-0.20364891498339283,-0.0537351062515646,20.990345521185816,345.35838149737606,-15.104894594226854,61642.254867323965,61642.254439083226,21.38440292393083,g,77.61829672245409,345.3535391849372,-15.106163191501683,61642.2786241085,61642.27819586776,20.596288118440807,r,128.54064551957418,16.125965174054503,16.529984356145956,314719871.3634336,463612786.22356975,340.66964611532075,-8.16389976624426,grid_dlon+010_lat-08,prob_maps_grid_dlon+010_lat-08.npz,2026-01-01T00:00:00,110.20000624993276,-8.0,2.6170323809266804,MBA,3.0517982496830256,0.02989,2.96058,2,0.00024095250988593665,-0.20410405099169512,0.02693454339620603,mag20,D320156,0.02,20.95036116503986,mag20,0.0003491827778397564,374009,61642.254687925815,30.0,31.0,346.6804859599491,-14.744148465919585,117.19964498642732,g,0.0,374061,61642.27844471035,30.0,31.0,346.6804859599491,-14.744148465919585,99.02150734848671,r,0.0,374009-374061,True,56,True,24,Y
inst00000_part004:S00001fqa:61642,inst00000_part004.h5,4,S00001fqa,61642,2,36.56775874318555,36.56775874318555,307.4785495693854,-14.421275527681473,-0.4243332533375931,-0.32668678994893097,21.221215829055527,307.4839357163501,-14.41712890226153,61642.18475161897,61642.18432337823,21.380026278502708,i,42.868830665882776,307.4731634224206,-14.425422153101415,61642.21014589587,61642.20971765513,21.062405379608347,z,28.02490247332126,19.63543449013128,19.0516586205009,143443356.2099713,287402796.06912565,306.2281927340594,4.428979618309439,grid_dlon-030_lat+04,prob_maps_grid_dlon-030_lat+04.npz,2026-01-01T00:00:00,70.20000624993276,4.0,3.0461206480399494,NEO,1.3049573999962916,0.510963555248,0.638171727447,2,1.0,-0.4794071172901478,-0.21714998062836208,mag21,D323364,1.0,22.142557208554628,mag22,1.0,373857,61642.184572220816,30.0,31.0,307.55006857284826,-14.514477456298348,92.2770262254423,i,0.0,373913,61642.20996649772,30.0,31.0,307.55006857284826,-14.514477456298348,84.45627244608112,z,0.0,373857-373913,True,94,True,94,R
inst00319_part002:S100EcWsa:61642,inst00319_part002.h5,5106,S100EcWsa,61642,2,34.225487157236785,34.225487157236785,325.52467562562134,-3.936986139132249,-0.20871024828699938,-0.14419636154372018,21.284933917625498,325.52715733872253,-3.935269110697038,61642.153291680894,61642.152863440155,21.550226867123733,r,54.51342849033889,325.52219391252015,-3.9387031675674598,61642.17705938031,61642.17663113957,21.019640968127263,i,61.99421123060906,19.278822081070302,19.027086957292823,163075136.07915795,312994386.05506265,326.4440171474053,9.301929226983018,grid_dlon-010_lat+08,prob_maps_grid_dlon-010_lat+08.npz,2026-01-01T00:00:00,90.20000624993276,8.0,3.512772850031312,MBA,2.3617686012157435,0.11659,2.08641,2,0.0006977707249735994,-0.2475561866601767,-0.06681534704468006,mag21,D323565,0.02,21.907846960332677,mag21,0.0008701701069629247,373788,61642.153112282744,30.0,31.0,325.93481101602737,-4.2091162795698995,156.0050468846943,r,0.0,373840,61642.17687998216,30.0,31.0,325.93481101602737,-4.2091162795698995,139.63401455881424,i,0.0,373788-373840,True,53,True,53,G
inst00492_part014:S101aGw8a:61642,inst00492_part014.h5,7886,S101aGw8a,61642,2,34.27103605354205,34.27103605354205,351.9553541160285,-2.5039260957885126,-0.16967694585367382,-0.0762979792541624,23.98532878780345,351.95737675795954,-2.503016003770498,61642.24252131733,61642.24209307659,24.23698855219015,g,6.885625336817401,351.95333147409747,-2.5048361878065273,61642.26632064792,61642.26589240718,23.73366902341675,r,7.681186407327121,19.524443924337927,19.842505207350417,277145297.5213814,422329689.4890285,351.6200667641343,0.8898800696521217,grid_dlon+020_lat+01,prob_maps_grid_dlon+020_lat+01.npz,2026-01-01T00:00:00,120.20000624993276,1.0,1.6529765441385778,MBA,2.920666242308508,0.0574,2.75302,2,0.0006211093724299763,-0.18588645119317873,-0.0033555271066807372,mag23,D324444,0.0,23.952823580453032,mag23,0.0006135925768723971,373980,61642.24234191918,30.0,31.0,351.51746422492533,-2.161525241498186,143.23632355643025,g,0.0,374032,61642.26614124977,30.0,31.0,351.51746422492533,-2.161525241498186,127.70107224370017,r,0.0,373980-374032,True,135,True,136,L
inst00250_part001:S100twBHa:61642,inst00250_part001.h5,4001,S100twBHa,61642,2,34.18834700714797,34.18834700714797,337.6035500336079,-14.969088702539349,-0.1962987561079157,-0.20657208568287705,20.698904519051574,337.60587818469713,-14.966635118721747,61642.14821419839,61642.14778595765,20.9037540766266,r,76.56568177001432,337.60122188251864,-14.971542286356948,61642.17195610603,61642.17152786529,20.494054961476543,i,83.95378924036983,18.107337263181737,17.89896874238807,201925315.0552523,352734398.7446241,333.7471554896794,-5.196320384329833,grid_dlon+000_lat-05,prob_maps_grid_dlon+000_lat-05.npz,2026-01-01T00:00:00,100.20000624993276,-5.0,0.6035547580350733,MBA,2.6015086502031317,0.12372,2.27965,2,0.0007346901208602962,-0.2535598766487666,-0.12193906801486214,mag20,D325319,0.02,21.189935776663503,mag21,0.0012607216654821382,373776,61642.14803480024,30.0,31.0,338.53272863894745,-13.867824161971438,188.3313940349604,r,0.0,373828,61642.17177670788,30.0,31.0,338.53272863894745,-13.867824161971438,176.4169057759705,i,0.0,373776-373828,True,181,True,152,J
inst00000_part003:S00000THa:61642,inst00000_part003.h5,3,S00000THa,61642,2,34.21338453772478,34.21338453772478,346.95866701749816,-9.42395439494845,-0.2756706072836819,-0.15669279841555855,22.533698931021192,346.9619515117537,-9.422090064063848,61642.253589535016,61642.25316129428,22.932344713258566,g,20.781381308928054,346.9553825232427,-9.42581872583305,61642.27734882983,61642.276920589095,22.13505314878382,r,35.6249271951506,19.216786669612542,19.60930470067916,197319159.77045828,346236187.41264313,344.3387391679119,-3.5361711817262,grid_dlon+010_lat-04,prob_maps_grid_dlon+010_lat-04.npz,2026-01-01T00:00:00,110.20000624993276,-4.0,1.1556284735246567,NEO,3.9277524627950506,0.70716364025,1.150188733204,2,0.9762631057541212,-0.3120471040319328,-0.038813993777024394,mag22,D326372,0.54,22.488394230342035,mag22,1.0,374006,61642.253410136866,30.0,31.0,347.6615257772227,-8.854711246793014,125.93350398601339,g,0.0,374058,61642.27716943168,30.0,31.0,347.6615257772227,-8.854711246793014,109.34834614082037,r,0.0,374006-374058,True,101,True,61,B
inst00257_part002:S100uzGma:61642,inst00257_part002.h5,4114,S100uzGma,61642,2,36.431736872764304,36.431736872764304,318.0128350462809,-16.121392816711875,-0.16978863818631015,-0.1143922645053463,23.272856287033832,318.014961873335,-16.119937981097607,61642.207303253446,61642.20687501271,23.394938550321594,i,7.519647272297424,318.01070821922684,-16.122847652326147,61642.23260307072,61642.23217482998,23.15077402374607,z,5.550212934346609,18.75960995525882,18.17822403538979,356356321.06876725,503537123.7545363,315.5627824948099,0.05007279937105279,grid_dlon-020_lat+00,prob_maps_grid_dlon-020_lat+00.npz,2026-01-01T00:00:00,80.20000624993276,0.0,2.3286619455647988,MBA,3.1505422233894707,0.08617,2.87906,2,0.0018082767168468232,-0.18964124962376153,-0.061051379586535885,mag23,D327328,0.0,24.12463225164404,mag24+,0.000860333879393851,373910,61642.207123855296,30.0,31.0,317.51308485366314,-17.84516531742886,88.53112261378887,i,0.0,373966,61642.23242367257,30.0,31.0,317.51308485366314,-17.84516531742886,80.808015289907,z,0.0,373910-373966,True,117,True,120,I
inst00546_part011:S101mS88a:61642,inst00546_part011.h5,8747,S101mS88a,61642,2,34.3652157462202,34.3652157462202,9.435355956818997,2.7074414978005996,-0.03781280928267726,-0.08809450030753516,22.213762098643762,9.435813243120776,2.7085023821389167,61642.29824732186,61642.29781908112,22.50467672881714,r,19.447801458488232,9.434898670517214,2.7063806134622825,61642.322112055015,61642.321683814276,21.922847468470383,i,23.102159386955012,19.66994308054329,19.41712899957128,174879198.76113993,308221116.3260846,9.729820838341428,-1.249056238038842,grid_dlon+040_lat-01,prob_maps_grid_dlon+040_lat-01.npz,2026-01-01T00:00:00,140.20000624993276,-1.0,3.6030951378311724,MBA,2.352277637002697,0.14363,2.01442,2,0.0026015739297564244,-0.06933235681696913,-0.06620096433023792,mag22,D327393,0.0,22.816633099072483,mag22,0.0022856675486150686,374107,61642.29806792371,30.0,31.0,10.459801237058713,1.9451247494775845,140.96344844814226,r,0.0,374159,61642.321932656865,30.0,31.0,10.459801237058713,1.9451247494775845,127.24220479209438,i,0.0,374107-374159,True,17,True,16,C
inst00046_part010:S1003c5Pa:61642,inst00046_part010.h5,746,S1003c5Pa,61642,2,34.3652157462202,34.3652157462202,9.766664451291119,0.6391949468085727,-0.07545812644689359,-0.09110246668394564,20.00686837444504,9.767567909889522,0.6402857748453357,61642.29824732186,61642.29781908112,20.25699315492803,r,117.76005022280397,9.76576099269272,0.6381041187718098,61642.322112055015,61642.321683814276,19.756743593962057,i,134.96563647717662,15.487761633543624,15.236437754924767,320262511.4603107,449382596.4784939,9.222114875470806,-3.281288513512704,grid_dlon+040_lat-03,prob_maps_grid_dlon+040_lat-03.npz,2026-01-01T00:00:00,140.20000624993276,-3.0,4.111816150957755,MBA,3.2070624448414664,0.07086,2.97981,2,0.0013776047255168356,-0.1053380335190974,-0.05415838962393219,mag20,D327665,0.07,20.600430619520274,mag20,0.0009154408747600728,374107,61642.29806792371,30.0,31.0,10.459801237058713,1.9451247494775845,140.96344844814226,r,0.0,374159,61642.321932656865,30.0,31.0,10.459801237058713,1.9451247494775845,127.24220479209438,i,0.0,374107-374159,True,154,True,115,C
inst00359_part007:S100KYtha:61642,inst00359_part007.h5,5751,S100KYtha,61642,2,34.27103605354205,34.27103605354205,350.9094415652823,-2.1829528908966878,-0.2879041039420265,0.04908262296021145,23.29933411859684,350.91286034479936,-2.183538194143991,61642.24252131733,61642.24209307659,23.62387070046492,g,10.859842150608664,350.9060227857653,-2.1823675876493844,61642.26632064792,61642.26589240718,22.974797536728754,r,14.538919922573742,20.288636722714703,20.706262713507307,174450382.6385315,321056872.3033455,350.7853847510956,1.5961148541442258,grid_dlon+020_lat+02,prob_maps_grid_dlon+020_lat+02.npz,2026-01-01T00:00:00,120.20000624993276,2.0,2.516606394582198,MBA,2.4470896750308517,0.22208,1.90364,2,0.0020752289455450235,-0.2453639511774813,0.15817981781884652,mag23,D329903,0.02,23.253071405089532,mag23,0.004739907643515673,373980,61642.24234191918,30.0,31.0,351.51746422492533,-2.161525241498186,143.23632355643025,g,0.0,374032,61642.26614124977,30.0,31.0,351.51746422492533,-2.161525241498186,127.70107224370017,r,0.0,373980-374032,True,99,True,60,L
inst00037_part004:S10029UMa:61642,inst00037_part004.h5,596,S10029UMa,61642,2,34.173501619370654,34.173501619370654,329.263396852435,-11.057438122374087,-0.1777790385749034,-0.12002789755373686,19.61589307472631,329.2655126940445,-11.056012264980671,61642.14693033903,61642.146502098294,19.875837251453543,r,169.57997860003496,329.26128101082554,-11.058863979767505,61642.17066193738,61642.17023369664,19.35594889799907,i,190.63153523102878,15.070140752133437,14.809758707640164,367706792.8085822,518678406.7209519,327.5400884129601,1.3500016466386542,grid_dlon-010_lat+01,prob_maps_grid_dlon-010_lat+01.npz,2026-01-01T00:00:00,90.20000624993276,1.0,4.378946472067792,MBA,3.1678655594901723,0.18953,2.56746,2,0.0008435151748537079,-0.20506373503584335,-0.05311966757411641,18_20,D331025,0.02,20.236134367086144,mag20,0.00041599257506441656,373773,61642.14675094088,30.0,31.0,330.4153278564736,-10.669984224775128,173.57048323698308,r,0.0,373825,61642.17048253923,30.0,31.0,330.4153278564736,-10.669984224775128,156.47074690898765,i,0.0,373773-373825,True,114,True,111,N
inst00885_part006:STC003Ssa:61642,inst00885_part006.h5,14165,STC003Ssa,61642,2,34.360883255722,34.360883255722,6.418633338842,1.5662705003336814,-0.01592129127163109,-0.0061211206595058,22.960497494726646,6.418830840205601,1.5663500922453264,61642.298680903965,61642.298252663226,23.07161724607192,r,9.758954450413263,6.418435837478398,1.5661909084220365,61642.32254262845,61642.32211438771,22.849377743381375,i,10.718269337561052,7.197780125041668,6.981859806816446,5824848922.813757,5949341742.578434,6.5087913878384605,-1.11012480976295,grid_dlon+030_lat-01,prob_maps_grid_dlon+030_lat-01.npz,2026-01-01T00:00:00,130.20000624993276,-1.0,3.1859695113192,TNO,40.558874508297954,0.03651,39.07807,2,5.148202655496609e-05,-0.01704190650898106,0.0006698417016838325,mag22,D335204,0.05,23.4486376879102,mag23,5.2088596057798625e-05,374108,61642.298501505815,30.0,31.0,5.612435850997294,2.863202976914128,133.06386966920232,r,0.0,374160,61642.3223632303,30.0,31.0,5.612435850997294,2.863202976914128,120.3423953691796,i,0.0,374108-374160,True,183,True,184,D
inst00219_part000:S100p1eQa:61642,inst00219_part000.h5,3504,S100p1eQa,61642,2,34.20976972673088,34.20976972673088,346.5935429289667,-15.462844721621535,-0.24872740191419007,-0.08832370247280405,22.9689142892192,346.5965018238657,-15.461804780434642,61642.254867323965,61642.254439083226,23.323402197919975,g,16.842573982292674,346.5905840340678,-15.463884662808427,61642.2786241085,61642.27819586776,22.614426380518424,r,25.05655393612738,19.894151750752293,20.190906766428057,186445866.35049516,335357893.3852318,341.6401621795601,-8.958780471166255,grid_dlon+010_lat-08,prob_maps_grid_dlon+010_lat-08.npz,2026-01-01T00:00:00,110.20000624993276,-8.0,1.9008867513758148,MBA,2.235760776411183,0.13654,1.93049,2,0.0014740898940110523,-0.25831615605130376,0.012638533735198486,mag22,D335886,0.01,22.938007522791143,mag22,0.0035777216182930733,374009,61642.254687925815,30.0,31.0,346.6804859599491,-14.744148465919585,117.19964498642732,g,0.0,374061,61642.27844471035,30.0,31.0,346.6804859599491,-14.744148465919585,99.02150734848671,r,0.0,374009-374061,True,106,True,103,Y
inst00409_part015:S100TWxZa:61642,inst00409_part015.h5,6559,S100TWxZa,61642,2,34.225487157236785,34.225487157236785,326.6850889149128,-3.828674836930298,-0.17591909633360042,-0.10368214201619355,23.69158438158109,326.68716575869655,-3.8274313405691838,61642.153291680894,61642.152863440155,23.950265098939656,r,7.1291279920227115,326.6830120711291,-3.8299183332914124,61642.17705938031,61642.17663113957,23.432903664222525,i,8.183827375868239,19.2104897711744,18.96490247034609,338772993.20326847,488493296.14588153,327.5858854136543,9.016808305719303,grid_dlon-010_lat+08,prob_maps_grid_dlon-010_lat+08.npz,2026-01-01T00:00:00,90.20000624993276,8.0,4.520311639270044,MBA,3.1646754114796556,0.04248,3.03024,2,0.000417384609047258,-0.20268690906579376,-0.0385567719187603,mag23,D336557,0.0,24.286681911234997,mag24+,0.000351652339060112,373788,61642.153112282744,30.0,31.0,325.93481101602737,-4.2091162795698995,156.0050468846943,r,0.0,373840,61642.17687998216,30.0,31.0,325.93481101602737,-4.2091162795698995,139.63401455881424,i,0.0,373788-373840,True,84,True,88,G
inst00003_part008:S0000f2ka:61642,inst00003_part008.h5,56,S0000f2ka,61642,2,34.34539839159697,34.34539839159697,273.3550166974452,-21.149506458342238,0.1545235300032804,0.1586001142105926,23.206416512813504,273.35317171155964,-21.151400831157872,61642.09502691247,61642.094598671734,23.39512184206823,i,8.127180393440751,273.35686168333075,-21.147612085526607,61642.11887788358,61642.11844964284,23.017711183558777,z,6.641359242234041,22.72590430507364,22.091173336270643,86138826.15080947,209808662.50996196,273.127352572282,2.25331522490278,grid_dlon-060_lat+02,prob_maps_grid_dlon-060_lat+02.npz,2026-01-01T00:00:00,40.200006249932756,2.0,0.253347447227191,NEO,2.1806931177718836,0.418302686073,1.268503329107,2,0.0022167914658567335,0.14788529486562457,0.1551996204985833,mag23,D336718,0.05,24.17524317654286,mag24+,0.006071698195622857,373659,61642.094847514316,30.0,31.0,272.320612345032,-21.213523687699524,77.52003801990354,i,6.28642737865448e-07,373711,61642.11869848543,30.0,31.0,272.320612345032,-21.213523687699524,73.83158954872613,z,0.0,373659-373711,True,143,True,143,F
inst00063_part012:S10058BLa:61642,inst00063_part012.h5,1020,S10058BLa,61642,2,36.52376041514799,36.52376041514799,292.4200536850485,-28.76038376313144,-0.10662727000090705,0.12993880047409775,18.038500515549394,292.42141063785715,-28.76203433028773,61642.195375061776,61642.19494682104,18.183948174690027,i,364.8308879202636,292.4186967322399,-28.75873319597515,61642.22073878429,61642.22031054355,17.89305285640876,z,283.98423634946846,15.046227183434778,14.483378528522366,218550604.00791395,345857684.6133473,289.67461403155113,-6.8398872889442615,grid_dlon-040_lat-08,prob_maps_grid_dlon-040_lat-08.npz,2026-01-01T00:00:00,60.200006249932756,-8.0,3.7331266075590426,MBA,2.535710312604294,0.1011,2.27935,2,0.0009997582696539488,-0.07304162683429043,0.14269552557293502,18_20,D340206,0.16,18.86512198702703,18_20,0.0007257356685884282,373882,61642.195195663626,30.0,31.0,291.7046191581302,-27.179875848535122,64.83657429004097,i,0.0,373938,61642.220559386136,30.0,31.0,291.7046191581302,-27.179875848535122,66.39172205669752,z,0.0,373882-373938,True,113,True,113,U
inst00135_part014:S100dSmSa:61642,inst00135_part014.h5,2174,S100dSmSa,61642,2,34.232301854062825,34.232301854062825,320.04282887287957,-5.601640951761214,-0.23756270220870118,-0.012448079186797599,19.43973307509461,320.0456514102392,-5.601493093437423,61642.15414510912,61642.15371686838,19.685458891656967,r,212.22830262643737,320.04000633552,-5.601788810085004,61642.17791754096,61642.17748930022,19.194007258532245,i,230.959909437428,16.088495828569684,15.84096630761239,240912848.42077142,389277127.9895468,320.6584963953096,9.478736689309347,grid_dlon-010_lat+08,prob_maps_grid_dlon-010_lat+08.npz,2026-01-01T00:00:00,90.20000624993276,8.0,2.925080086846895,MBA,2.738944886531094,0.15175,2.32331,2,0.0007825115191354653,-0.23186190257194456,0.06124787687725303,18_20,D340898,0.11,20.01876676748222,mag20,0.0005391578483197343,373790,61642.15396571097,30.0,31.0,319.87425652205366,-6.247018758978787,144.29627597575382,r,0.0,373842,61642.177738142804,30.0,31.0,319.87425652205366,-6.247018758978787,126.39120112850028,i,6.28642737865448e-07,373790-373842,True,44,True,82,W
inst00116_part011:S100bslwa:61642,inst00116_part011.h5,1867,S100bslwa,61642,2,36.52376041514799,36.52376041514799,292.12029011343816,-27.562513877495608,-0.044659278253784934,0.09369352250255064,18.871373395743717,292.1208567792865,-27.563704537856523,61642.195375061776,61642.19494682104,18.97124399715132,i,245.72708138298623,292.11972344758976,-27.561323217134692,61642.22073878429,61642.22031054355,18.77150279433612,z,174.5193208355018,16.956849861722446,16.369192940112168,154757525.89898762,285558695.0738685,289.59457603392406,-5.615795840601546,grid_dlon-040_lat-05,prob_maps_grid_dlon-040_lat-05.npz,2026-01-01T00:00:00,60.200006249932756,-5.0,3.680209249883904,MBA,2.258268430280405,0.16157,1.8934,2,0.0009470392100582918,-0.025159052434945275,0.09858491966087837,18_20,D341285,0.2,19.812180455631548,18_20,0.0011243074381372773,373882,61642.195195663626,30.0,31.0,291.7046191581302,-27.179875848535122,64.83657429004097,i,0.0,373938,61642.220559386136,30.0,31.0,291.7046191581302,-27.179875848535122,66.39172205669752,z,0.0,373882-373938,True,105,True,105,U
inst00344_part013:S100Iqcva:61642,inst00344_part013.h5,5517,S100Iqcva,61642,2,34.18834700714797,34.18834700714797,338.97900754327253,-14.617061525061544,-0.2575061182206443,-0.021903310597647,23.186029670634383,338.98206051427775,-14.616794922668852,61642.14821419839,61642.14778595765,23.393872640863574,r,9.578469821687033,338.9759545722673,-14.617328127454238,61642.17195610603,61642.17152786529,22.97818670040519,i,10.843781000419169,22.059203092848986,21.843857402329437,125886093.9425066,276677387.10574824,335.11850657492596,-5.362989469779139,grid_dlon+000_lat-05,prob_maps_grid_dlon+000_lat-05.npz,2026-01-01T00:00:00,100.20000624993276,-5.0,1.975717438684229,MBA,2.2542884622408357,0.17861,1.85165,2,0.0005653560416849545,-0.24041656211034854,0.07260226769438795,mag23,D342679,0.0,23.682172268304946,mag23,0.0005926295781105472,373776,61642.14803480024,30.0,31.0,338.53272863894745,-13.867824161971438,188.3313940349604,r,0.0,373828,61642.17177670788,30.0,31.0,338.53272863894745,-13.867824161971438,176.4169057759705,i,0.0,373776-373828,True,131,True,131,J
inst00135_part010:S100dQxWa:61642,inst00135_part010.h5,2170,S100dQxWa,61642,2,34.18834700714797,34.18834700714797,340.08022532032805,-14.008112030733852,-0.24931788547663436,-0.0958080381064208,20.51633973657438,340.083182248738,-14.006974819413312,61642.14821419839,61642.14778595765,20.74357983932093,r,86.8103740226682,340.0772683919181,-14.009249242054391,61642.17195610603,61642.17152786529,20.28909963382783,i,100.21586469109376,18.34375560216398,18.101473853805487,175498013.0586932,326097418.04063106,336.34108042301534,-5.197619453019983,grid_dlon+000_lat-05,prob_maps_grid_dlon+000_lat-05.npz,2026-01-01T00:00:00,100.20000624993276,-5.0,3.170825264374858,MBA,2.2671124645506966,0.04441,2.16643,2,0.0014868895542367823,-0.26125170441682444,0.0020440492547048493,mag20,D343524,0.05,21.094865882768893,mag21,0.003970049247335166,373776,61642.14803480024,30.0,31.0,338.53272863894745,-13.867824161971438,188.3313940349604,r,0.0,373828,61642.17177670788,30.0,31.0,338.53272863894745,-13.867824161971438,176.4169057759705,i,0.0,373776-373828,True,76,True,79,J
inst00001_part002:S000052na:61642,inst00001_part002.h5,18,S000052na,61642,2,36.431736872764304,36.431736872764304,318.0457197739699,-16.195086446762453,-0.38578312983993,-0.0359082113258509,22.077517392613657,318.05060672140627,-16.194632380657723,61642.207303253446,61642.20687501271,22.144188041752315,i,20.801558004452435,318.0408328265336,-16.195540512867183,61642.23260307072,61642.23217482998,22.010846743475003,z,14.811802399123447,21.373214590155023,20.73331538217629,113644570.08177593,262403934.1915391,315.571160973512,-0.02966556593782897,grid_dlon-020_lat+00,prob_maps_grid_dlon-020_lat+00.npz,2026-01-01T00:00:00,80.20000624993276,0.0,2.3366899486715584,NEO,1.493173201777135,0.325707950532,1.006834818437,2,1.0,-0.3645158167443691,0.0752920017080262,mag22,D344089,1.0,23.047202010437367,mag23,1.0,373910,61642.207123855296,30.0,31.0,317.51308485366314,-17.84516531742886,88.53112261378887,i,0.0,373966,61642.23242367257,30.0,31.0,317.51308485366314,-17.84516531742886,80.808015289907,z,0.0,373910-373966,True,117,True,120,I
inst00000_part000:S000004sa:61642,inst00000_part000.h5,0,S000004sa,61642,2,36.431736872764304,36.431736872764304,316.28156847843894,-17.470674191296688,-0.3025872956532117,-0.08782289555244846,19.158485672282275,316.2853972055225,-17.469561835746802,61642.207303253446,61642.20687501271,19.247822883206833,i,210.95588795375042,316.2777397513554,-17.471786546846573,61642.23260307072,61642.23217482998,19.069148461357713,z,157.71559088339637,16.09933931970626,15.521673437311746,238105250.6867388,384863947.17443705,313.58393618375436,-0.7572498369036165,grid_dlon-020_lat-01,prob_maps_grid_dlon-020_lat-01.npz,2026-01-01T00:00:00,80.20000624993276,-1.0,0.42535559732207734,NEO,1.991475922969392,0.456455911137,1.082454966043,2,0.3983789435568343,-0.3017188795892465,-0.0011289852534617434,18_20,D344360,1.0,20.069812234970527,mag20,1.0,373910,61642.207123855296,30.0,31.0,317.51308485366314,-17.84516531742886,88.53112261378887,i,0.0,373966,61642.23242367257,30.0,31.0,317.51308485366314,-17.84516531742886,80.808015289907,z,0.0,373910-373966,True,8,True,8,I
inst00261_part008:S100vdPxa:61642,inst00261_part008.h5,4184,S100vdPxa,61642,2,34.34539839159697,34.34539839159697,273.9682819177155,-20.45825120182807,0.15361997137142752,0.08170290218278944,20.731170524567197,273.96645008206696,-20.459225403724634,61642.09502691247,61642.094598671734,20.815268391178513,i,65.06456929645917,273.970113753364,-20.4572769999315,61642.11887788358,61642.11844964284,20.64707265795588,z,51.40330423480659,18.62962540921785,18.043776531898942,158359997.91185427,271276048.705012,273.71863177656076,2.92976696036246,grid_dlon-060_lat+03,prob_maps_grid_dlon-060_lat+03.npz,2026-01-01T00:00:00,40.200006249932756,3.0,0.5987692889746687,MBA,2.394520328031144,0.25251,1.78988,2,0.0007782820378460661,0.1463193295223525,0.07770456844633465,mag20,D345036,0.06,21.667393992668256,mag21,0.0008709112362221384,373659,61642.094847514316,30.0,31.0,272.320612345032,-21.213523687699524,77.52003801990354,i,6.28642737865448e-07,373711,61642.11869848543,30.0,31.0,272.320612345032,-21.213523687699524,73.83158954872613,z,0.0,373659-373711,True,170,True,177,F
inst00038_part013:S1002kG5a:61642,inst00038_part013.h5,621,S1002kG5a,61642,2,34.21338453772478,34.21338453772478,347.5045371230499,-9.008225290651877,-0.18419747943326198,-0.1051116137671997,22.499107773184456,347.5067275400576,-9.006978678591496,61642.253589535016,61642.25316129428,22.861274609828886,g,21.960665374682353,347.5023467060421,-9.009471902712258,61642.27734882983,61642.276920589095,22.13694093654003,r,38.43818763427362,18.00995738770736,18.399245640520252,282446873.729079,430773255.62871045,344.9979686455167,-3.3625330283991,grid_dlon+010_lat-03,prob_maps_grid_dlon+010_lat-03.npz,2026-01-01T00:00:00,110.20000624993276,-3.0,1.7555264233382908,MBA,2.7936090459129788,0.03426,2.6979,2,0.00047725615665449424,-0.20884536507913343,-0.02605812837519841,mag22,D345410,0.0,22.449862132664204,mag22,0.0007436163009096706,374006,61642.253410136866,30.0,31.0,347.6615257772227,-8.854711246793014,125.93350398601339,g,0.0,374058,61642.27716943168,30.0,31.0,347.6615257772227,-8.854711246793014,109.34834614082037,r,0.0,374006-374058,True,95,True,95,B
inst00143_part009:S100eQU8a:61642,inst00143_part009.h5,2297,S100eQU8a,61642,2,34.360883255722,34.360883255722,6.9085565587836575,2.956531157014826,-0.09828817328375353,-0.061977041294194055,21.082567647092354,6.909726556445776,2.9572699094974477,61642.298680903965,61642.298252663226,21.312250601823862,r,53.53339021417169,6.907386561121541,2.955792404532205,61642.32254262845,61642.32211438771,20.85288469236085,i,58.16246216567614,16.29977954886228,16.08473792754109,343563113.0413709,474318847.401116,7.50786450157623,-0.026406770955634717,grid_dlon+030_lat+00,prob_maps_grid_dlon+030_lat+00.npz,2026-01-01T00:00:00,130.20000624993276,0.0,4.183222469839527,MBA,3.216752147251825,0.02317,3.14222,2,0.001449332277484398,-0.11465405130580592,-0.018178827100877985,mag21,D346055,0.01,21.56782971955126,mag21,0.002408545790546339,374108,61642.298501505815,30.0,31.0,5.612435850997294,2.863202976914128,133.06386966920232,r,0.0,374160,61642.3223632303,30.0,31.0,5.612435850997294,2.863202976914128,120.3423953691796,i,0.0,374108-374160,True,132,True,163,D
inst00547_part005:S101n0MCa:61642,inst00547_part005.h5,8757,S101n0MCa,61642,2,36.431736872764304,36.431736872764304,318.3848360876789,-17.388415803525188,-0.20818690653605737,-0.0029129349613252,22.895801127312513,318.38745867370596,-17.388374744294214,61642.207303253446,61642.20687501271,23.15960299708671,i,10.69143820615664,318.3822135016518,-17.38845686275616,61642.23260307072,61642.23217482998,22.631999257538315,z,7.28438644150319,19.4398665984213,18.837104565354167,278954128.6454923,426403382.347535,315.52722140348607,-1.2655869748512285,grid_dlon-020_lat-01,prob_maps_grid_dlon-020_lat-01.npz,2026-01-01T00:00:00,80.20000624993276,-1.0,2.3078933666155717,MBA,3.0122497727609026,0.05386,2.85001,2,0.00043001605911148597,-0.19059284785882596,0.056316100188551835,mag22,D346351,0.0,23.858696561958347,mag23,0.0009388763660920312,373910,61642.207123855296,30.0,31.0,317.51308485366314,-17.84516531742886,88.53112261378887,i,0.0,373966,61642.23242367257,30.0,31.0,317.51308485366314,-17.84516531742886,80.808015289907,z,0.0,373910-373966,True,134,True,141,I
inst00256_part011:S100uvKJa:61642,inst00256_part011.h5,4107,S100uvKJa,61642,2,34.38103106687777,34.38103106687777,272.51580089933736,-26.687856086837854,0.04989837828460861,0.02815367808990045,21.365329513683406,272.51520432614586,-26.68819031448695,61642.094557400014,61642.094129159275,21.55850088086827,i,31.906730100352434,272.51639747252887,-26.687521859188756,61642.11843311603,61642.118004875294,21.17215814649854,z,27.075938240195473,17.89279827289199,17.322915726887082,246727166.74190894,349361598.8923582,272.24743329233416,-3.268233496917587,grid_dlon-060_lat-03,prob_maps_grid_dlon-060_lat-03.npz,2026-01-01T00:00:00,40.200006249932756,-3.0,0.9162376921906824,MBA,2.179159620418143,0.07161,2.02311,2,0.0021624453486021795,0.045141509630545994,0.02736967573637109,mag21,D347823,0.12,22.19241378679632,mag22,0.0012910101312558044,373658,61642.094378001864,30.0,31.0,270.45866431300607,-26.63108025372794,65.10267945919445,i,0.0,373710,61642.11825371788,30.0,31.0,270.45866431300607,-26.63108025372794,64.98675224524713,z,0.0,373658-373710,True,188,True,188,E
inst00103_part009:S1009R8ra:61642,inst00103_part009.h5,1657,S1009R8ra,61642,2,34.312762225745246,34.312762225745246,249.46593825919743,-30.189822972446756,0.19012595197935783,0.11565166741266125,21.11398114528696,249.46367118884075,-30.19119921233591,61642.05831489474,61642.057886654,21.325827350424028,r,48.60513599455824,249.46820532955414,-30.188446732557598,61642.08214320184,61642.0817149611,20.902134940149892,i,54.36892162422467,15.991369096769136,15.74780516560385,382105460.3187965,436470453.5731207,252.16713693992384,-8.012666929281226,grid_dlon-080_lat-08,prob_maps_grid_dlon-080_lat-08.npz,2026-01-01T00:00:00,20.200006249932756,-8.0,0.9207581061861128,MBA,3.1603037878376172,0.26396,2.32611,2,0.0019494055905218714,0.1478464361377484,0.13765336814802176,mag21,D348433,0.29,21.70617597968311,mag21,0.001515398897809296,373577,61642.05813549659,30.0,31.0,247.8261477933222,-30.764583262605335,58.24793538934472,r,0.0,373629,61642.08196380369,30.0,31.0,247.8261477933222,-30.764583262605335,60.83513165254162,i,0.0,373577-373629,True,176,True,176,T
inst00275_part005:S100xguea:61642,inst00275_part005.h5,4405,S100xguea,61642,2,36.52327183401212,36.52327183401212,299.0062163952116,-25.190628104426068,-0.09619417150883608,0.00715649633616455,21.941978307908776,299.00743890617,-25.190720120786043,61642.19621749138,61642.19578925064,22.041084721410847,i,25.84303011922517,299.00499388425317,-25.190536088066096,61642.2215808746,61642.22115263386,21.84287189440671,z,16.6616003617572,19.92107133358289,19.353077307384254,158757909.3630873,295216590.3846567,296.10330022741164,-4.34209064436068,grid_dlon-040_lat-04,prob_maps_grid_dlon-040_lat-04.npz,2026-01-01T00:00:00,60.200006249932756,-4.0,2.899815297441518,MBA,2.399948210806678,0.18902,1.94631,2,0.0007757126058089082,-0.08425918439602932,0.023859389059209233,mag21,D349071,0.01,22.798901000524523,mag22,0.0018275203010871802,373884,61642.19603809323,30.0,31.0,297.722561514484,-24.817875390727316,67.88522708467251,i,0.0,373940,61642.22140147645,30.0,31.0,297.722561514484,-24.817875390727316,68.13687199255678,z,0.0,373884-373940,True,151,True,151,X
inst00578_part010:S101vlUBa:61642,inst00578_part010.h5,9258,S101vlUBa,61642,2,34.314723999705166,34.314723999705166,9.800860090014908,-3.823331099927965,0.051160384781947454,-0.13021855307508323,23.308131494061918,9.8002552218544,-3.821774678041261,61642.30340807013,61642.302979829394,23.625070182977133,r,8.540001338059952,9.801464958175416,-3.8248875218146687,61642.32723773958,61642.32680949884,22.991192805146706,i,9.338405193119284,21.54034350256941,21.287196070806786,137644115.3711117,274279664.6746154,7.488339283251477,-7.396707245295536,grid_dlon+030_lat-08,prob_maps_grid_dlon+030_lat-08.npz,2026-01-01T00:00:00,130.20000624993276,-8.0,4.202482596332725,other,2.5372604991133603,0.30637,1.75992,2,0.0017358051886021781,-0.004618986511301116,-0.1397914072867222,mag23,D349159,0.05,23.92093542325513,mag23,0.001582640237468531,374119,61642.30322867198,30.0,31.0,9.08702925754262,-4.299216293602096,134.79862427186353,r,0.0,374171,61642.32705834143,30.0,31.0,9.08702925754262,-4.299216293602096,118.99293609916184,i,0.0,374119-374171,True,87,True,127,S
inst00652_part004:S101RxWna:61642,inst00652_part004.h5,10436,S101RxWna,61642,3,34.17312336503528,34.17312336503528,315.8582281287779,-11.996441238457885,-0.2324282425894091,-0.0429341768981905,23.417042944702704,315.8610047101158,-11.995913334176793,61642.14349528497,61642.14306704423,23.84871617842339,r,7.341711951331883,315.85545154744005,-11.996969142738978,61642.16722662064,61642.1667983799,22.985369710982017,i,6.142644386393642,20.487652441843544,20.245190639596796,222293552.93796694,369484164.569778,314.76262329471587,4.60446406172461,grid_dlon-020_lat+05,prob_maps_grid_dlon-020_lat+05.npz,2026-01-01T00:00:00,80.20000624993276,5.0,1.6392877366426761,MBA,2.3242098299080185,0.06286,2.17811,3,0.0010770886706816742,-0.2308704225953526,0.023972357109546642,mag23,D349507,0.01,24.001852305105906,mag24+,0.002405003456815118,373765,61642.14331588682,30.0,31.0,315.6825177941189,-13.277114016451204,144.96652051211944,r,0.0,373817,61642.167047222494,30.0,31.0,315.6825177941189,-13.277114016451204,120.54319117917052,i,6.28642737865448e-07,373765-373817,True,36,True,35,A
inst00194_part014:S100lELCa:61642,inst00194_part014.h5,3118,S100lELCa,61642,2,34.167453416157514,34.167453416157514,326.21287133598275,-13.260374421919018,-0.22227486257308854,-0.0699971758091078,21.77854003419301,326.2155098734678,-13.259542336727916,61642.14565229184,61642.1452240511,22.026231721516137,r,34.08194827758388,326.2102327984977,-13.26120650711012,61642.16937969004,61642.168951449305,21.530848346869885,i,38.60781928328825,18.718495828569683,18.47096630761239,231669972.75228366,382151955.0570078,323.990549335239,0.27848182177236513,grid_dlon-010_lat+00,prob_maps_grid_dlon-010_lat+00.npz,2026-01-01T00:00:00,90.20000624993276,0.0,0.8628356605483076,MBA,2.635325992339833,0.08096,2.42197,2,0.001882034061098113,-0.22732719557878842,0.0054635748671751395,mag21,D350209,0.0,22.357573726580622,mag22,0.0007726165876975133,373770,61642.14547289369,30.0,31.0,326.7487961931708,-14.202079732179511,172.52492961637122,r,0.0,373822,61642.16920029189,30.0,31.0,326.7487961931708,-14.202079732179511,150.5092126177087,i,0.0,373770-373822,True,54,True,16,Q
inst00127_part007:S100cOcUa:61642,inst00127_part007.h5,2039,S100cOcUa,61642,2,34.38103106687777,34.38103106687777,270.944829524677,-25.801017024841045,0.05298307560390339,0.029248927785854598,23.102417807320617,270.9442136322441,-25.801365965296746,61642.094557400014,61642.094129159275,23.30991494992548,i,8.519860807816036,270.9454454171099,-25.80066808438534,61642.11843311603,61642.118004875294,22.89492066471575,z,6.670130840972747,19.1883865707286,18.599196901302776,295928621.9568204,393115166.24588656,270.8474897260736,-2.3645279709397844,grid_dlon-060_lat-02,prob_maps_grid_dlon-060_lat-02.npz,2026-01-01T00:00:00,40.200006249932756,-2.0,2.305046382507048,MBA,2.6888187814971114,0.02372,2.62504,2,0.001252998693407,0.047933044995612226,0.028935148790722835,mag23,D351141,0.0,24.04322090601784,mag24+,0.0010303305468447503,373658,61642.094378001864,30.0,31.0,270.45866431300607,-26.63108025372794,65.10267945919445,i,0.0,373710,61642.11825371788,30.0,31.0,270.45866431300607,-26.63108025372794,64.98675224524713,z,0.0,373658-373710,True,131,True,131,E
inst00001_part004:S00005yna:61642,inst00001_part004.h5,20,S00005yna,61642,2,36.440662667155266,36.440662667155266,310.63999295748863,-17.335418168595016,-0.055555847886286105,-0.1998966954576218,22.043458058593473,310.64069926789193,-17.3328920278674,61642.2064495027,61642.20602126196,22.134267586428695,i,21.515115914960386,310.6392866470854,-17.337944309322634,61642.23175551844,61642.2313272777,21.952648530758253,z,14.3940684672625,21.467432254468537,20.886832199652428,105726330.62779772,251972642.4893254,308.4429078978987,0.8452421019334008,grid_dlon-020_lat+01,prob_maps_grid_dlon-020_lat+01.npz,2026-01-01T00:00:00,80.20000624993276,1.0,4.793408298916682,NEO,2.247572792347736,0.438417436914,1.262197689449,2,0.0019084105011492822,-0.10302612292195486,-0.1793294287718562,mag22,D355100,0.05,22.980625858941046,mag22,0.002561595153676817,373908,61642.20627010455,30.0,31.0,312.23052900564977,-17.803267454871637,83.7253105327916,i,0.0,373964,61642.23157612029,30.0,31.0,312.23052900564977,-17.803267454871637,78.47421536379193,z,0.0,373908-373964,True,4,True,4,O
inst00390_part004:S100Qm7ra:61642,inst00390_part004.h5,6244,S100Qm7ra,61642,2,36.52327183401212,36.52327183401212,297.88525676488865,-25.354982145663907,-0.13972208660236637,0.03294274693416725,23.013577792798433,297.8870541156318,-25.355408944478466,61642.19621749138,61642.19578925064,23.091817030482517,i,10.308184531096371,297.8834594141455,-25.35455534684935,61642.2215808746,61642.22115263386,22.93533855511435,z,6.168608858692075,19.640487405435263,19.042848954711516,247935976.57792532,380246038.7926245,295.07394100072474,-4.310842507393548,grid_dlon-040_lat-04,prob_maps_grid_dlon-040_lat-04.npz,2026-01-01T00:00:00,60.200006249932756,-4.0,1.8761363836771385,MBA,2.4142651933701655,0.095,2.18491,2,0.001117799133587315,-0.11823438820120839,0.05592110127541592,mag23,D356387,0.0,23.950728838086917,mag23,0.0017427159450777883,373884,61642.19603809323,30.0,31.0,297.722561514484,-24.817875390727316,67.88522708467251,i,0.0,373940,61642.22140147645,30.0,31.0,297.722561514484,-24.817875390727316,68.13687199255678,z,0.0,373884-373940,True,102,True,102,X
inst00300_part005:S100BdhNa:61642,inst00300_part005.h5,4805,S100BdhNa,61642,2,34.17312336503528,34.17312336503528,314.93207116123403,-13.619901180331386,-0.20407144773659658,-0.0905996374213094,21.660517460454578,314.93449565124286,-13.618830552133387,61642.14349528497,61642.14306704423,21.890007090235734,r,42.45273065730465,314.92964667122527,-13.620971808529383,61642.16722662064,61642.1667983799,21.431027830673425,i,36.30972933978383,18.13117360550098,17.88249235191811,248493182.06214058,394992596.0537223,313.43262552264713,3.3041699065212806,grid_dlon-020_lat+03,prob_maps_grid_dlon-020_lat+03.npz,2026-01-01T00:00:00,80.20000624993276,3.0,0.4007159392718515,MBA,2.528172551996695,0.10427,2.26456,2,0.0007090085717508612,-0.21617255553463424,-0.03112656623466704,mag21,D356523,0.01,22.258025108536465,mag22,0.0011342047016321235,373765,61642.14331588682,30.0,31.0,315.6825177941189,-13.277114016451204,144.96652051211944,r,0.0,373817,61642.167047222494,30.0,31.0,315.6825177941189,-13.277114016451204,120.54319117917052,i,6.28642737865448e-07,373765-373817,True,100,True,61,A
inst00118_part001:S100bCOga:61642,inst00118_part001.h5,1889,S100bCOga,61642,2,34.38103106687777,34.38103106687777,269.88156582414956,-26.64076151013607,0.03404607470554687,0.0174629541779908,22.809116883324997,269.881167924456,-26.640971083252825,61642.094557400014,61642.094129159275,22.934695028581856,i,9.794502193401927,269.88196372384306,-26.640551937019314,61642.11843311603,61642.118004875294,22.683538738068137,z,8.50311047706819,18.714364370656508,18.121441805785697,321845871.8981644,415882634.4708761,269.8901054281275,-3.2015237497013227,grid_dlon-060_lat-03,prob_maps_grid_dlon-060_lat-03.npz,2026-01-01T00:00:00,40.200006249932756,-3.0,3.2396991009307317,MBA,2.446013012917933,0.15776,2.06013,2,0.0004461433193121045,0.030464744326750302,0.017488009170393375,mag22,D363032,0.02,23.6676750775393,mag23,0.0013969403201268065,373658,61642.094378001864,30.0,31.0,270.45866431300607,-26.63108025372794,65.10267945919445,i,0.0,373710,61642.11825371788,30.0,31.0,270.45866431300607,-26.63108025372794,64.98675224524713,z,0.0,373658-373710,True,51,True,51,E
inst00047_part013:S1003k60a:61642,inst00047_part013.h5,765,S1003k60a,61642,3,34.17127062915824,34.17127062915824,319.74996729616555,-13.183668673506823,-0.19881683380433246,-0.0637553858968587,18.049559715055643,319.75232706777456,-13.182914962113395,61642.14436164236,61642.14393340162,18.29793748011006,r,460.1753627734064,319.74760752455654,-13.18442238490025,61642.168091691405,61642.167663450666,17.801181950001226,i,419.4037527603753,14.155813112578796,13.90883059729096,285173389.03424424,433668577.93835664,318.04723003649286,2.3489981620548437,grid_dlon-020_lat+02,prob_maps_grid_dlon-020_lat+02.npz,2026-01-01T00:00:00,80.20000624993276,2.0,4.887087286961214,MBA,2.8592727617562455,0.05093,2.71365,3,0.0008237161265646057,-0.20396794486288938,-0.0019223645388688078,18_20,D368781,0.22,18.630729117764684,18_20,7.04455916340995e-05,373767,61642.14418224421,30.0,31.0,321.102050420575,-13.536656576810467,159.46952532922018,r,0.0,373819,61642.167912293255,30.0,31.0,321.102050420575,-13.536656576810467,134.67718928161105,i,0.0,373767-373819,True,66,True,25,P
inst00580_part010:S101vTHda:61642,inst00580_part010.h5,9290,S101vTHda,61642,2,34.225487157236785,34.225487157236785,326.64057885553416,-5.351232775928322,-0.3075187827058534,0.1108406350592385,22.806490805555732,326.64423884254677,-5.352548923723598,61642.153291680894,61642.152863440155,23.09004457883681,r,14.312458973495778,326.6369188685215,-5.349916628133047,61642.17705938031,61642.17663113957,22.522937032274655,i,16.15676014164609,20.99732991471733,20.753203033306114,154258705.32189313,304609396.505508,327.0268549906264,7.597591502172981,grid_dlon-010_lat+08,prob_maps_grid_dlon-010_lat+08.npz,2026-01-01T00:00:00,90.20000624993276,8.0,3.8664296090900065,MBA,2.570669256126543,0.21734,2.01196,2,0.003192122173555254,-0.2535414074285284,0.20705412680532903,mag22,D371070,0.05,23.41328777224962,mag23,0.004137476219813178,373788,61642.153112282744,30.0,31.0,325.93481101602737,-4.2091162795698995,156.0050468846943,r,0.0,373840,61642.17687998216,30.0,31.0,325.93481101602737,-4.2091162795698995,139.63401455881424,i,0.0,373788-373840,True,174,True,176,G
inst00107_part009:S100alp9a:61642,inst00107_part009.h5,1721,S100alp9a,61642,2,34.38103106687777,34.38103106687777,269.6526863776146,-26.8171947689586,-0.019226444972198754,0.03405888631717825,22.478017273580356,269.6529085563252,-26.817596675833947,61642.094557400014,61642.094129159275,22.690807359567167,i,14.042818083737316,269.652464198904,-26.816792862083258,61642.11843311603,61642.118004875294,22.265227187593545,z,12.21717303927203,16.38103149764646,15.78768891946825,559880912.8224373,645512683.1755548,269.68563213884295,-3.378287740816069,grid_dlon-060_lat-03,prob_maps_grid_dlon-060_lat-03.npz,2026-01-01T00:00:00,40.200006249932756,-3.0,3.458647750570879,other,3.9791587374499637,0.23805,3.03192,2,0.0013186017497602168,-0.017270878723748884,0.034017341707188,mag22,D372422,0.06,23.340328354112103,mag23,0.002110819468919437,373658,61642.094378001864,30.0,31.0,270.45866431300607,-26.63108025372794,65.10267945919445,i,0.0,373710,61642.11825371788,30.0,31.0,270.45866431300607,-26.63108025372794,64.98675224524713,z,0.0,373658-373710,True,48,True,48,E
inst00271_part009:S100wI7za:61642,inst00271_part009.h5,4345,S100wI7za,61642,2,34.312762225745246,34.312762225745246,247.877820205563,-30.994742815606543,0.19815593896143263,0.0460229063789602,23.458226858767482,247.87545358411532,-30.9953027446408,61642.05831489474,61642.057886654,23.704969221306936,r,6.784733671597789,247.88018682701068,-30.994182886572286,61642.08214320184,61642.0817149611,23.21148449622803,i,7.895255638195422,18.391227347322868,18.133842456379057,373114997.65621114,425162561.2533257,250.91878315666787,-9.008893375561145,grid_dlon-080_lat-08,prob_maps_grid_dlon-080_lat-08.npz,2026-01-01T00:00:00,20.200006249932756,-8.0,2.392178785297286,MBA,3.000085055711491,0.05944,2.82176,2,0.0020804905321172183,0.1629268257088435,0.0712529855186021,mag23,D373190,0.01,24.074384402388425,mag24+,0.0024593862501332336,373577,61642.05813549659,30.0,31.0,247.8261477933222,-30.764583262605335,58.24793538934472,r,0.0,373629,61642.08196380369,30.0,31.0,247.8261477933222,-30.764583262605335,60.83513165254162,i,0.0,373577-373629,True,95,True,95,T
inst00390_part006:S100Qnwba:61642,inst00390_part006.h5,6246,S100Qnwba,61642,2,34.21338453772478,34.21338453772478,347.57851068894166,-9.485945310815426,-0.21689373059390177,-0.06668231419641041,23.59516671268014,347.5810935501324,-9.485154692428504,61642.253589535016,61642.25316129428,23.876796749014563,g,8.128626111848288,347.5759278277509,-9.486735929202348,61642.27734882983,61642.276920589095,23.313536676345713,r,14.542868875006263,20.80524280104304,21.194537092689146,169093542.75662118,317969115.0564953,344.87907190764315,-3.83100549564834,grid_dlon+010_lat-04,prob_maps_grid_dlon+010_lat-04.npz,2026-01-01T00:00:00,110.20000624993276,-4.0,1.607697764148315,MBA,2.4447977144963597,0.13192,2.12228,2,0.0007626416085734761,-0.2235093944868462,0.021869009103288307,mag23,D374062,0.0,23.55062961999099,mag23,0.0009936001437337687,374006,61642.253410136866,30.0,31.0,347.6615257772227,-8.854711246793014,125.93350398601339,g,0.0,374058,61642.27716943168,30.0,31.0,347.6615257772227,-8.854711246793014,109.34834614082037,r,0.0,374006-374058,True,105,True,106,B
inst00104_part003:S1009VAMa:61642,inst00104_part003.h5,1667,S1009VAMa,61642,2,34.31595815112814,34.31595815112814,248.6047879429552,-21.77906741613961,0.21588728868324147,-0.052568508848266096,22.354084811742077,248.60220903861597,-21.77843134218079,61642.056621776544,61642.056193535806,22.561388572583628,r,13.28053615738598,248.60736684729443,-21.779703490098434,61642.08045230304,61642.0800240623,22.14678105090053,i,13.843104609893816,18.34658589676609,18.103228929405752,282272410.89666915,340284338.00004816,250.1946504193155,0.2014836066945709,grid_dlon-080_lat+00,prob_maps_grid_dlon-080_lat+00.npz,2026-01-01T00:00:00,20.200006249932756,0.0,2.8985018501369155,MBA,2.4467954806778986,0.19988,1.95773,2,0.0007341306726897416,0.20598509679351226,-0.02292088337441802,mag22,D374683,0.01,22.930855882336328,mag22,0.0007803270582062254,373573,61642.056442378394,30.0,31.0,248.6997815157693,-23.400569102553263,70.20225368589401,r,0.0,373625,61642.08027290489,30.0,31.0,248.6997815157693,-23.400569102553263,69.7145294114945,i,0.0,373573-373625,True,117,True,117,M
inst00358_part000:S100KJaia:61642,inst00358_part000.h5,5728,S100KJaia,61642,2,34.360883255722,34.360883255722,4.917731056578816,3.8749055136406616,-0.12129174658477213,-0.03843859084860035,23.57825981470267,4.919156776135708,3.8753699540216977,61642.298680903965,61642.298252663226,23.81843498887373,r,5.7325648162584155,4.9163053370219245,3.874441073259626,61642.32254262845,61642.32211438771,23.33808464053161,i,6.785932678366634,18.99462541335027,18.737719130911685,331072762.6358204,463614540.3791952,6.045996235574972,1.6033574942065536,grid_dlon+030_lat+02,prob_maps_grid_dlon+030_lat+02.npz,2026-01-01T00:00:00,130.20000624993276,2.0,2.7500251422717743,MBA,3.077195541202209,0.0401,2.9538,2,0.0018235101944771754,-0.12638631142939014,0.012689885141793103,mag23,D375449,0.0,24.180540683790984,mag24+,0.001196455416916098,374108,61642.298501505815,30.0,31.0,5.612435850997294,2.863202976914128,133.06386966920232,r,0.0,374160,61642.3223632303,30.0,31.0,5.612435850997294,2.863202976914128,120.3423953691796,i,0.0,374108-374160,True,15,True,8,D
inst00404_part011:S100STYoa:61642,inst00404_part011.h5,6475,S100STYoa,61642,2,34.18834700714797,34.18834700714797,339.35955751996147,-15.076447193888963,-0.2681241658659027,-0.0310295026264357,23.377891483416143,339.36275028873047,-15.076075695405097,61642.14821419839,61642.14778595765,23.593612608484175,r,7.726575890230946,339.3563647511924,-15.07681869237283,61642.17195610603,61642.17152786529,23.16217035834811,i,9.270194049755107,21.206053291905008,20.958396622511835,175070183.30902898,325685728.70243776,335.2889223245421,-5.926535415588526,grid_dlon+000_lat-05,prob_maps_grid_dlon+000_lat-05.npz,2026-01-01T00:00:00,100.20000624993276,-5.0,2.3067555840582967,MBA,2.395712546220271,0.10483,2.14457,2,0.0012492002621316066,-0.2530464579720819,0.06811552940721663,mag23,D378954,0.01,23.96949486090431,mag23,0.0029834911376549734,373776,61642.14803480024,30.0,31.0,338.53272863894745,-13.867824161971438,188.3313940349604,r,0.0,373828,61642.17177670788,30.0,31.0,338.53272863894745,-13.867824161971438,176.4169057759705,i,0.0,373776-373828,True,162,True,163,J
inst00172_part000:S100izwja:61642,inst00172_part000.h5,2752,S100izwja,61642,2,34.360883255722,34.360883255722,4.791522118324735,3.656525360515097,-0.11881133331770793,-0.049054942859556194,21.00611190590877,4.7929385002830145,3.657110924401754,61642.298680903965,61642.298252663226,21.24681739408884,r,56.74977654259267,4.790105736366456,3.65593979662844,61642.32254262845,61642.32211438771,20.765406417728702,i,64.46773381045175,16.68213658080234,16.43854550537824,302188303.93035555,435477537.1588501,5.843724020767953,1.4528087311969369,grid_dlon+030_lat+01,prob_maps_grid_dlon+030_lat+01.npz,2026-01-01T00:00:00,130.20000624993276,1.0,2.5593740936828415,MBA,2.9490547968021317,0.03936,2.83298,2,0.0008119374380553945,-0.1283423991945129,0.0019806766840436245,mag21,D380535,0.02,21.597566400530532,mag21,0.00036712285893853797,374108,61642.298501505815,30.0,31.0,5.612435850997294,2.863202976914128,133.06386966920232,r,0.0,374160,61642.3223632303,30.0,31.0,5.612435850997294,2.863202976914128,120.3423953691796,i,0.0,374108-374160,True,16,True,15,D
inst00016_part002:S000177da:61642,inst00016_part002.h5,258,S000177da,61642,2,34.19528196332976,34.19528196332976,337.1571676448677,-7.8219158109260345,-0.12165627705731927,0.006145689906973751,23.345356760184988,337.1586270554028,-7.821986443793852,61642.149480002925,61642.149051762186,23.774430847885625,r,7.541609575008462,337.1557082343326,-7.821845178058217,61642.17322672651,61642.17279848577,22.91628267248435,i,9.04762244838186,24.61259491725529,24.37158785780524,57731341.18728692,208819263.6693086,335.9700035296715,1.6112406892083266,grid_dlon+000_lat+02,prob_maps_grid_dlon+000_lat+02.npz,2026-01-01T00:00:00,100.20000624993276,2.0,2.8192689177777233,NEO,2.0032822921965767,0.359196331395,1.283710642091,2,0.007672931292629685,-0.10991700387594408,0.049916905558181617,mag23,D383134,0.33,23.92676890237975,mag23,0.004760619846076055,373779,61642.149300604775,30.0,31.0,336.49956488075304,-9.032870978565633,179.0276305438203,r,0.0,373831,61642.17304732836,30.0,31.0,336.49956488075304,-9.032870978565633,165.7758240074947,i,0.0,373779-373831,True,7,True,36,K
inst00278_part013:S100xN6xa:61642,inst00278_part013.h5,4461,S100xN6xa,61642,2,34.232301854062825,34.232301854062825,320.6661272464813,-5.898179408313865,-0.22055746716270924,-0.08476332894166075,21.215498569777786,320.66875194715317,-5.89717269026934,61642.15414510912,61642.15371686838,21.44471432979948,r,59.37245860157719,320.6635025458094,-5.899186126358392,61642.17791754096,61642.17748930022,20.986282809756087,i,66.18890441991297,17.668386570728593,17.42111718398226,256346156.6763042,404918427.4053365,321.16256562150244,9.00439028481201,grid_dlon-010_lat+08,prob_maps_grid_dlon-010_lat+08.npz,2026-01-01T00:00:00,90.20000624993276,8.0,2.255659615022109,MBA,2.538767279079856,0.14709,2.16534,2,0.0014092807654626262,-0.23780889726210488,-0.012204640835098871,mag21,D383866,0.03,21.814381385795524,mag21,0.001253712105894209,373790,61642.15396571097,30.0,31.0,319.87425652205366,-6.247018758978787,144.29627597575382,r,0.0,373842,61642.177738142804,30.0,31.0,319.87425652205366,-6.247018758978787,126.39120112850028,i,6.28642737865448e-07,373790-373842,True,87,True,127,W
inst00176_part001:S100j7dwa:61642,inst00176_part001.h5,2817,S100j7dwa,61642,2,34.167453416157514,34.167453416157514,325.1048035312502,-14.507004638969839,-0.19080631548716132,-0.08300853227017871,19.436280976796304,325.10706457571405,-14.506015688155205,61642.14565229184,61642.1452240511,19.70049900702821,r,189.13447024757133,325.10254248678626,-14.507993589784475,61642.16937969004,61642.168951449305,19.172062946564402,i,212.20001583827028,16.438783562331185,16.174843489066014,226183118.93180996,376351503.40696245,322.56509037185464,-0.5456930737291181,grid_dlon-010_lat-01,prob_maps_grid_dlon-010_lat-01.npz,2026-01-01T00:00:00,90.20000624993276,-1.0,0.7596348720947781,MBA,3.041557106659655,0.16332,2.54481,2,0.0007524749581316926,-0.20170655542064436,-0.01819617114316777,18_20,D385111,0.03,20.051437487730293,mag20,0.0008135389082459284,373770,61642.14547289369,30.0,31.0,326.7487961931708,-14.202079732179511,172.52492961637122,r,0.0,373822,61642.16920029189,30.0,31.0,326.7487961931708,-14.202079732179511,150.5092126177087,i,0.0,373770-373822,True,113,True,71,Q
inst00000_part000:S00000eVa:61642,inst00000_part000.h5,0,S00000eVa,61642,3,34.173501619370654,34.173501619370654,330.41824712814645,-9.413587937714915,-0.3373710824197682,-0.24082233161122435,20.00239628986089,330.422250854968,-9.410728753126495,61642.14693033903,61642.146502098294,20.22485994857146,r,130.71788554919067,330.41424340132494,-9.416447122303337,61642.17066193738,61642.17023369664,19.779932631150324,i,138.61692527032451,17.66005658569086,17.43893538116616,190856595.3267812,341954237.2546425,329.1737534660187,2.5023716058531873,grid_dlon+000_lat+03,prob_maps_grid_dlon+000_lat+03.npz,2026-01-01T00:00:00,100.20000624993276,3.0,4.032222568324262,NEO,1.8335805481132323,0.526945207802,0.867384065166,3,1.0,-0.39600316714718053,-0.11068061311726402,mag20,D385276,1.0,20.49446090869473,mag20,1.0,373773,61642.14675094088,30.0,31.0,330.4153278564736,-10.669984224775128,173.57048323698308,r,0.0,373825,61642.17048253923,30.0,31.0,330.4153278564736,-10.669984224775128,156.47074690898765,i,0.0,373773-373825,True,15,True,8,N
inst00000_part002:S00000Aca:61642,inst00000_part002.h5,2,S00000Aca,61642,2,34.34539839159697,34.34539839159697,273.1179702031794,-20.994778437850144,-0.04291697033205592,0.054648474313763906,20.96863129472071,273.11847795716716,-20.995428811821977,61642.09502691247,61642.094598671734,21.054902838964793,i,57.120331694480384,273.1174624491917,-20.994128063878314,61642.11887788358,61642.11844964284,20.882359750476628,z,46.84195561490364,18.684893560741184,18.085672141392607,170263002.7855448,280757613.84628296,272.90951073906285,2.4129757218331624,grid_dlon-060_lat+02,prob_maps_grid_dlon-060_lat+02.npz,2026-01-01T00:00:00,40.200006249932756,2.0,0.4653605749042494,NEO,2.330020439070828,0.470203384435,1.234436942817,2,0.0009856848385960681,-0.038909531854404995,0.0555033321888424,mag20,D386927,0.31,21.9119591533281,mag21,0.0013177807622771162,373659,61642.094847514316,30.0,31.0,272.320612345032,-21.213523687699524,77.52003801990354,i,6.28642737865448e-07,373711,61642.11869848543,30.0,31.0,272.320612345032,-21.213523687699524,73.83158954872613,z,0.0,373659-373711,True,139,True,139,F
inst00033_part005:S1001JoXa:61642,inst00033_part005.h5,533,S1001JoXa,61642,2,34.34539839159697,34.34539839159697,273.7543937089001,-20.991776870295908,0.017131214562490504,0.015450828408882001,19.82832888126399,273.75419287713305,-20.99196083145077,61642.09502691247,61642.094598671734,19.922781584810654,i,133.0393200139703,273.75459454066726,-20.991592909141044,61642.11887788358,61642.11844964284,19.733876177717324,z,108.77254900236966,16.016325192438707,15.432609675054946,280927916.29508394,383442817.4759815,273.5041168534343,2.401797825302127,grid_dlon-060_lat+02,prob_maps_grid_dlon-060_lat+02.npz,2026-01-01T00:00:00,40.200006249932756,2.0,0.553120695105884,MBA,2.3496462718260736,0.09111,2.13557,2,0.0014178984099731755,0.016406015189506587,0.015028619894525207,18_20,D387631,0.21,20.755719206209044,mag20,0.001785351082038509,373659,61642.094847514316,30.0,31.0,272.320612345032,-21.213523687699524,77.52003801990354,i,6.28642737865448e-07,373711,61642.11869848543,30.0,31.0,272.320612345032,-21.213523687699524,73.83158954872613,z,0.0,373659-373711,True,175,True,176,F
inst00006_part004:S0000qNMa:61642,inst00006_part004.h5,100,S0000qNMa,61642,2,34.21338453772478,34.21338453772478,347.0912062752107,-8.210732762894434,-0.010756124704462008,0.0195095919494127,22.51330335234922,347.0913344126809,-8.210962348490918,61642.253589535016,61642.25316129428,22.91876620543092,g,22.271149627826762,347.09107813774057,-8.210503177297948,61642.27734882983,61642.276920589095,22.107840499267514,r,40.56455912422934,23.42459404754405,23.823432668846458,45669094.48630047,195906350.96714863,344.93118571226444,-2.4689128876048336,grid_dlon+010_lat-02,prob_maps_grid_dlon+010_lat-02.npz,2026-01-01T00:00:00,110.20000624993276,-2.0,1.7162040638434721,NEO,2.2467660351928704,0.444252534447,1.248634529749,2,0.4411369034361101,-0.002242201132443411,0.02211200054662737,mag22,D387758,0.92,22.46687068350276,mag22,0.17012672570086548,374006,61642.253410136866,30.0,31.0,347.6615257772227,-8.854711246793014,125.93350398601339,g,0.0,374058,61642.27716943168,30.0,31.0,347.6615257772227,-8.854711246793014,109.34834614082037,r,0.0,374006-374058,True,45,True,41,B
inst00432_part010:S100YmIta:61642,inst00432_part010.h5,6922,S100YmIta,61642,2,34.3652157462202,34.3652157462202,9.788899180972066,2.0713558097582307,-0.09435558618965328,-0.0155867737341939,24.055548450070965,9.790023913308119,2.071514988403818,61642.29824732186,61642.29781908112,24.190426614037072,r,3.3294672689404754,9.787774448636014,2.0711966311126435,61642.322112055015,61642.321683814276,23.920670286104855,i,3.9938557797017578,21.30210538490989,21.04805193842231,196221618.23269868,328520755.887553,9.805193610250603,-1.9727293566995827,grid_dlon+040_lat-02,prob_maps_grid_dlon+040_lat-02.npz,2026-01-01T00:00:00,140.20000624993276,-2.0,3.519210433705066,MBA,2.333643162855043,0.07476,2.15918,2,0.0010668096033928003,-0.09290684554696922,0.02264596853153904,mag24+,D388534,0.0,24.657496511648652,mag24+,0.001418632405912237,374107,61642.29806792371,30.0,31.0,10.459801237058713,1.9451247494775845,140.96344844814226,r,0.0,374159,61642.321932656865,30.0,31.0,10.459801237058713,1.9451247494775845,127.24220479209438,i,0.0,374107-374159,True,60,True,50,C
inst00389_part004:S100Qb7Ga:61642,inst00389_part004.h5,6228,S100Qb7Ga,61642,2,34.31595815112814,34.31595815112814,248.27302849480628,-23.254725590156696,0.3186596708020719,0.04725648336885725,22.939992911007003,248.26921221302794,-23.255281276756204,61642.056621776544,61642.056193535806,23.302777645647595,r,9.353898034848847,248.2768447765846,-23.25416990355719,61642.08045230304,61642.0800240623,22.57720817636641,i,9.797845798565373,19.396733025961563,19.149543042224103,231852588.02891314,295630805.8416014,250.1072045650813,-1.3031214356339693,grid_dlon-080_lat-01,prob_maps_grid_dlon-080_lat-01.npz,2026-01-01T00:00:00,20.200006249932756,-1.0,2.9943172510975966,MBA,2.3658960343931112,0.21147,1.86558,2,0.0011967675322138195,0.2826909809000841,0.08986303946926787,mag22,D388701,0.0,23.5304498687829,mag23,0.00366994095412636,373573,61642.056442378394,30.0,31.0,248.6997815157693,-23.400569102553263,70.20225368589401,r,0.0,373625,61642.08027290489,30.0,31.0,248.6997815157693,-23.400569102553263,69.7145294114945,i,0.0,373573-373625,True,90,True,90,M
inst00199_part004:S100mgTza:61642,inst00199_part004.h5,3188,S100mgTza,61642,2,34.31595815112814,34.31595815112814,248.93659639305517,-23.61938024941638,0.17119049642650183,-0.01102341550595795,22.40161890664214,248.93455713131047,-23.619243779785762,61642.056621776544,61642.056193535806,22.65696185044577,r,15.32456496805057,248.9386356547999,-23.619516719047002,61642.08045230304,61642.0800240623,22.146275962838505,i,16.27045894163191,17.167329143999822,16.913774110237412,392889774.0048784,443647522.5952805,250.76271522199823,-1.5755407478888301,grid_dlon-080_lat-02,prob_maps_grid_dlon-080_lat-02.npz,2026-01-01T00:00:00,20.200006249932756,-2.0,2.361879589296368,MBA,3.2347522022728796,0.10774,2.88624,2,0.0012462211882300483,0.15687288340419706,0.01152179671304076,mag22,D389821,0.02,23.007844796404722,mag23,0.0010539339139188965,373573,61642.056442378394,30.0,31.0,248.6997815157693,-23.400569102553263,70.20225368589401,r,0.0,373625,61642.08027290489,30.0,31.0,248.6997815157693,-23.400569102553263,69.7145294114945,i,0.0,373573-373625,True,98,True,98,M
inst00176_part005:S100j928a:61642,inst00176_part005.h5,2821,S100j928a,61642,2,36.440662667155266,36.440662667155266,312.24611568822274,-17.624589709506502,-0.1850050277550997,-0.0095349936232567,22.772522465574657,312.24846711183136,-17.62447525718895,61642.2064495027,61642.20602126196,22.805926848090852,i,12.776571826162519,312.2437642646142,-17.624704161824056,61642.23175551844,61642.2313272777,22.73911808305846,z,8.397403348061012,18.40160479266153,17.827938563015692,344802576.7441791,488619076.963683,309.844736948531,0.16293980228646945,grid_dlon-020_lat+00,prob_maps_grid_dlon-020_lat+00.npz,2026-01-01T00:00:00,80.20000624993276,0.0,3.392995926975757,MBA,3.0776840013538744,0.08411,2.81882,2,0.0010975244037040024,-0.17244946357247437,0.03796641898469607,mag22,D392099,0.0,23.694583902558964,mag23,0.0014048607265572098,373908,61642.20627010455,30.0,31.0,312.23052900564977,-17.803267454871637,83.7253105327916,i,0.0,373964,61642.23157612029,30.0,31.0,312.23052900564977,-17.803267454871637,78.47421536379193,z,0.0,373908-373964,True,93,True,93,O
inst00021_part000:S1000qkZa:61642,inst00021_part000.h5,336,S1000qkZa,61642,2,34.312762225745246,34.312762225745246,248.62559281943612,-31.121582702027183,0.10960402674782661,0.0645075592016146,23.362548301069822,248.62431442817328,-31.12235662426083,61642.05831489474,61642.057886654,23.68750438942765,r,7.582189993828226,248.626871210699,-31.12080877979354,61642.08214320184,61642.0817149611,23.03759221271199,i,8.732932995077437,17.33864337878167,17.088520650299785,487338131.60865575,535177153.4345926,251.5792872543442,-9.038716902200385,grid_dlon-080_lat-08,prob_maps_grid_dlon-080_lat-08.npz,2026-01-01T00:00:00,20.200006249932756,-8.0,1.831543603994358,MBA,3.1767673204458866,0.14956,2.70165,2,0.0011540767477978917,0.08439091338976498,0.07758254530664957,mag23,D392120,0.05,23.96402765077004,mag23,0.0020551082794929895,373577,61642.05813549659,30.0,31.0,247.8261477933222,-30.764583262605335,58.24793538934472,r,0.0,373629,61642.08196380369,30.0,31.0,247.8261477933222,-30.764583262605335,60.83513165254162,i,0.0,373577-373629,True,145,True,145,T
inst00279_part015:S100xX6Ra:61642,inst00279_part015.h5,4479,S100xX6Ra,61642,2,34.38103106687777,34.38103106687777,270.58658245622223,-26.942235498146644,0.08023921580549087,-0.025835404133336,23.243411961686423,270.5856202167958,-26.941933567935962,61642.094557400014,61642.094129159275,23.519213998692894,i,7.999844228206807,270.5875446956487,-26.942537428357323,61642.11843311603,61642.118004875294,22.96760992467995,z,6.335910745321769,19.587958423197023,18.992488673053955,267409220.99974984,365761547.3511597,270.5200261038523,-3.504020950372953,grid_dlon-060_lat-04,prob_maps_grid_dlon-060_lat-04.npz,2026-01-01T00:00:00,40.200006249932756,-4.0,2.650328960832486,MBA,2.7167307564071215,0.10022,2.44446,2,0.001683589774895269,0.07155812898399457,-0.02612702703174183,mag23,D394439,0.0,24.180923288632467,mag24+,0.0015610363163308383,373658,61642.094378001864,30.0,31.0,270.45866431300607,-26.63108025372794,65.10267945919445,i,0.0,373710,61642.11825371788,30.0,31.0,270.45866431300607,-26.63108025372794,64.98675224524713,z,0.0,373658-373710,True,95,True,95,E
inst00818_part008:S103p3Yfa:61642,inst00818_part008.h5,13096,S103p3Yfa,61642,2,34.17127062915824,34.17127062915824,321.4221570334859,-12.882704599266608,-0.23945380304993547,-0.0306089536093971,23.32276067318713,321.4249876160166,-12.88236217689365,61642.14436164236,61642.14393340162,23.574548027456657,r,9.366575434737037,321.4193264509552,-12.883047021639566,61642.168091691405,61642.167663450666,23.070973318917602,i,8.058209156588054,22.06420113948404,21.814974351118884,128265989.46972884,278020556.4006289,319.6912013592018,2.134358732513497,grid_dlon-010_lat+02,prob_maps_grid_dlon-010_lat+02.npz,2026-01-01T00:00:00,90.20000624993276,2.0,3.4840115819494866,MBA,2.23797113564281,0.18654,1.8205,2,0.0007341746691305061,-0.2315223994492512,0.04354906547178355,mag23,D394900,0.0,23.917786322068245,mag23,0.0009005735415114445,373767,61642.14418224421,30.0,31.0,321.102050420575,-13.536656576810467,159.46952532922018,r,0.0,373819,61642.167912293255,30.0,31.0,321.102050420575,-13.536656576810467,134.67718928161105,i,0.0,373767-373819,True,44,True,82,P
inst00065_part006:S1005jW2a:61642,inst00065_part006.h5,1046,S1005jW2a,61642,2,36.52376041514799,36.52376041514799,291.4770612149945,-27.726609161869014,-0.05481902064996397,-0.026129347784271,17.01711703635266,291.4777593184165,-27.726279231834248,61642.195375061776,61642.19494682104,17.158854632958874,i,656.7254817500956,291.4763631115725,-27.72693909190378,61642.22073878429,61642.22031054355,16.87537943974644,z,521.1571846873603,14.478257210277114,13.905296747019024,189389785.17030165,317541437.24981,289.0038572600839,-5.693494934085912,grid_dlon-040_lat-05,prob_maps_grid_dlon-040_lat-05.npz,2026-01-01T00:00:00,60.200006249932756,-5.0,4.275658804050752,MBA,2.32038055433348,0.0908,2.10969,2,1.4815737216588731e-05,-0.052083248453467935,-0.01874593342807467,16_18,D396327,0.09,17.861820289333636,16_18,0.0010503768632505594,373882,61642.195195663626,30.0,31.0,291.7046191581302,-27.179875848535122,64.83657429004097,i,0.0,373938,61642.220559386136,30.0,31.0,291.7046191581302,-27.179875848535122,66.39172205669752,z,0.0,373882-373938,True,60,True,60,U
inst00884_part010:STC000E9a:61642,inst00884_part010.h5,14153,STC000E9a,61642,2,34.17312336503528,34.17312336503528,316.41502674324636,-14.813999429892089,-0.019992913789429342,-0.0058568327648615,23.503764596259316,316.41529419434505,-14.81394277203638,61642.14349528497,61642.14306704423,23.735850652188155,r,7.45893197661155,316.41475929214766,-14.814056087747797,61642.16722662064,61642.1667983799,23.271678540330477,i,6.2868730899681555,7.763849520878809,7.509248577612182,5877549508.497755,6022362913.662462,314.4715110169034,1.7500888422852838,grid_dlon-020_lat+02,prob_maps_grid_dlon-020_lat+02.npz,2026-01-01T00:00:00,80.20000624993276,2.0,1.3235500345360902,TNO,37.48670579732364,0.08682,34.23211,2,2.639672535640095e-06,-0.020205637073701474,-3.65132087960293e-05,mag23,D396963,0.93,24.124516018647135,mag24+,5.719512322648596e-06,373765,61642.14331588682,30.0,31.0,315.6825177941189,-13.277114016451204,144.96652051211944,r,0.0,373817,61642.167047222494,30.0,31.0,315.6825177941189,-13.277114016451204,120.54319117917052,i,6.28642737865448e-07,373765-373817,True,179,True,185,A
inst00074_part012:S1006pLca:61642,inst00074_part012.h5,1196,S1006pLca,61642,3,34.173501619370654,34.173501619370654,330.0642390354095,-11.549288304604914,-0.1834566255146493,-0.13594045134042348,20.47557572579256,330.0664175852115,-11.547676681565468,61642.14693033903,61642.146502098294,20.719478194482562,r,94.39763268084658,330.06206048560756,-11.550899927644362,61642.17066193738,61642.17023369664,20.23167325710256,i,104.62092882297965,16.52975651332879,16.289272302357418,311360657.3411794,462430306.0927492,328.1088550170268,0.61841049965022,grid_dlon-010_lat+01,prob_maps_grid_dlon-010_lat+01.npz,2026-01-01T00:00:00,90.20000624993276,1.0,4.948436218578041,MBA,3.0226592291450003,0.04807,2.87736,3,0.0004959498900951713,-0.2155994628197228,-0.06564551184338108,mag20,D397614,0.0,21.046303423435145,mag21,0.0004962147880164823,373773,61642.14675094088,30.0,31.0,330.4153278564736,-10.669984224775128,173.57048323698308,r,0.0,373825,61642.17048253923,30.0,31.0,330.4153278564736,-10.669984224775128,156.47074690898765,i,0.0,373773-373825,True,150,True,148,N
inst00096_part009:S10090hOa:61642,inst00096_part009.h5,1545,S10090hOa,61642,3,34.18834700714797,34.18834700714797,337.7834935193799,-12.891743154052396,-0.1602708336728104,-0.0539318813875764,22.262289459768567,337.7853932861483,-12.891105290482942,61642.14821419839,61642.14778595765,22.517733527657857,r,21.852987504521053,337.7815937526115,-12.892381017621851,61642.17195610603,61642.17152786529,22.00684539187928,i,26.649387265733093,16.835711842164866,16.57882070438257,456691129.03687906,607548525.8033661,334.67872722482576,-3.3300644772023094,grid_dlon+000_lat-03,prob_maps_grid_dlon+000_lat-03.npz,2026-01-01T00:00:00,100.20000624993276,-3.0,1.538137695883445,other,3.9638436517052953,0.06849,3.69236,3,0.0011713176091910779,-0.16538680734689,0.0075001951209690285,mag22,D398191,0.04,22.883468755385998,mag22,0.0007332633079272945,373776,61642.14803480024,30.0,31.0,338.53272863894745,-13.867824161971438,188.3313940349604,r,0.0,373828,61642.17177670788,30.0,31.0,338.53272863894745,-13.867824161971438,176.4169057759705,i,0.0,373776-373828,True,56,True,55,J
inst00207_part014:S100nt8sa:61642,inst00207_part014.h5,3326,S100nt8sa,61642,2,34.21338453772478,34.21338453772478,347.584922440271,-10.01272540210017,-0.27397072624026475,-0.0414890602633307,22.568533597180895,347.58818019664994,-10.012241323675376,61642.253589535016,61642.25316129428,22.995082696186824,g,19.997218822857356,347.581664683892,-10.013209480524965,61642.27734882983,61642.276920589095,22.14198449817497,r,35.48462929849097,18.552449874489085,18.957376042137543,242924297.86700577,391424935.88442934,344.6792285332438,-4.3186546789026705,grid_dlon+010_lat-04,prob_maps_grid_dlon+010_lat-04.npz,2026-01-01T00:00:00,110.20000624993276,-4.0,1.4347779292855227,MBA,2.3998669604623126,0.27841,1.73172,2,0.0033197829909844935,-0.2653986434290357,0.06689720851927297,mag22,D401402,0.01,22.521157555043352,mag22,0.009786542017898454,374006,61642.253410136866,30.0,31.0,347.6615257772227,-8.854711246793014,125.93350398601339,g,0.0,374058,61642.27716943168,30.0,31.0,347.6615257772227,-8.854711246793014,109.34834614082037,r,0.0,374006-374058,True,149,True,114,B
inst00012_part009:S0000RNZa:61642,inst00012_part009.h5,201,S0000RNZa,61642,2,34.17127062915824,34.17127062915824,321.3705915149814,-13.681825931977432,-0.22835329163522142,-0.0905710091443391,23.836804840188925,321.3733055514348,-13.680748532392206,61642.14436164236,61642.14393340162,24.10004000372705,r,5.713048086376765,321.36787747852804,-13.682903331562656,61642.168091691405,61642.167663450666,23.573569676650802,i,4.908939264702409,24.275162435997792,24.02656466844361,71928757.71106231,222092969.5468769,319.39483175743607,1.3904750841821931,grid_dlon-010_lat+01,prob_maps_grid_dlon-010_lat+01.npz,2026-01-01T00:00:00,90.20000624993276,1.0,3.7979165123807523,NEO,2.9505318923290056,0.599473540917,1.181766091246,2,0.0006185412346536323,-0.23910587890518478,-0.01711837253142444,mag23,D403212,0.0,24.452240171745316,mag24+,0.0014084441782697616,373767,61642.14418224421,30.0,31.0,321.102050420575,-13.536656576810467,159.46952532922018,r,0.0,373819,61642.167912293255,30.0,31.0,321.102050420575,-13.536656576810467,134.67718928161105,i,0.0,373767-373819,True,96,True,97,P
inst00064_part009:S1005edRa:61642,inst00064_part009.h5,1033,S1005edRa,61642,2,34.328452760819346,34.328452760819346,254.28358058614126,-22.6143560951065,0.180695729114121,-0.0365963249586407,21.165954503477863,254.28142942611913,-22.61391467557646,61642.05405392916,61642.05362568842,21.373708362142406,r,49.693935033724614,254.28573174616338,-22.614797514636543,61642.07789313247,61642.07746489173,20.958200644813324,i,46.47015073454835,17.121880120445226,16.910830398556108,271048805.55137515,341345237.1153942,255.51567583659602,0.03835111486974412,grid_dlon-080_lat+00,prob_maps_grid_dlon-080_lat+00.npz,2026-01-01T00:00:00,20.200006249932756,0.0,2.432368910672611,MBA,2.441681076241983,0.18457,1.99102,2,0.0009385059199251462,0.16977488000497507,-0.018410534169955573,mag21,D403346,0.02,21.635124104921754,mag21,0.0010036808535821445,373567,61642.05387453101,30.0,31.0,255.57356396909347,-22.958749626878994,72.95550297090713,r,0.0,373619,61642.07771373432,30.0,31.0,255.57356396909347,-22.958749626878994,70.77344610239842,i,0.0,373567-373619,True,37,True,37,V
inst00602_part012:S101C0eUa:61642,inst00602_part012.h5,9644,S101C0eUa,61642,2,36.52376041514799,36.52376041514799,290.8190203139103,-25.907000518924768,-0.06571440545966002,-0.0416175445190917,22.440139745883677,290.8198537635017,-25.906468023870172,61642.195375061776,61642.19494682104,22.64219760669639,i,14.808634887712321,290.8181868643188,-25.907533013979364,61642.22073878429,61642.22031054355,22.23808188507096,z,8.996768807644148,19.92421597469749,19.34197385651013,191101687.03732085,319002659.9763167,288.68366591446323,-3.8082891264960694,grid_dlon-040_lat-04,prob_maps_grid_dlon-040_lat-04.npz,2026-01-01T00:00:00,60.200006249932756,-4.0,4.543283170633739,MBA,2.3431296246820077,0.13913,2.01713,2,0.0016386008326173072,-0.06455335954387519,-0.03282233318760487,mag22,D404697,0.0,23.35816588937355,mag23,0.0016222985289313524,373882,61642.195195663626,30.0,31.0,291.7046191581302,-27.179875848535122,64.83657429004097,i,0.0,373938,61642.220559386136,30.0,31.0,291.7046191581302,-27.179875848535122,66.39172205669752,z,0.0,373882-373938,True,73,True,73,U
inst00357_part014:S100KHvOa:61642,inst00357_part014.h5,5726,S100KHvOa,61642,2,34.34539839159697,34.34539839159697,271.9757155553434,-21.251995756628816,0.045861393431486895,0.02975877066661825,23.316594510497453,271.9751832075693,-21.25235780358582,61642.09502691247,61642.094598671734,23.36565470586461,i,7.558445045888156,271.97624790311755,-21.25163370967181,61642.11887788358,61642.11844964284,23.26753431513029,z,6.134092305254125,20.313025988571063,19.709398276506192,216036576.23147023,320493273.4478302,271.8387691617257,2.174649055408126,grid_dlon-060_lat+02,prob_maps_grid_dlon-060_lat+02.npz,2026-01-01T00:00:00,40.200006249932756,2.0,1.297038926223617,MBA,2.4154556658585804,0.26163,1.7835,2,0.0011654398293346796,0.04317807016706155,0.029169385302155963,mag23,D405728,0.0,24.24719623399126,mag24+,0.0013368632385951963,373659,61642.094847514316,30.0,31.0,272.320612345032,-21.213523687699524,77.52003801990354,i,6.28642737865448e-07,373711,61642.11869848543,30.0,31.0,272.320612345032,-21.213523687699524,73.83158954872613,z,0.0,373659-373711,True,91,True,91,F
inst00264_part004:S100vD3ya:61642,inst00264_part004.h5,4228,S100vD3ya,61642,2,34.17312336503528,34.17312336503528,315.39755444950197,-12.92885933707673,-0.17350170361563233,-0.12001687535899555,19.61038741661398,315.3996130779354,-12.927431416484374,61642.14349528497,61642.14306704423,19.83097722463164,r,196.35396419643578,315.39549582106855,-12.930287257669088,61642.16722662064,61642.1667983799,19.38979760859633,i,165.7638313755281,17.560768134018733,17.34831553745712,156740644.0129083,304314062.0910059,314.06373431535064,3.8389943276520087,grid_dlon-020_lat+04,prob_maps_grid_dlon-020_lat+04.npz,2026-01-01T00:00:00,80.20000624993276,4.0,0.9063802709852499,MBA,2.3543058898268847,0.18147,1.92707,2,0.0008850854618589008,-0.1966560132181936,-0.0670799292432007,18_20,D406595,0.06,20.092071879156858,mag20,0.0007372335977336784,373765,61642.14331588682,30.0,31.0,315.6825177941189,-13.277114016451204,144.96652051211944,r,0.0,373817,61642.167047222494,30.0,31.0,315.6825177941189,-13.277114016451204,120.54319117917052,i,6.28642737865448e-07,373765-373817,True,52,True,51,A
inst00108_part009:S100at3aa:61642,inst00108_part009.h5,1737,S100at3aa,61642,2,34.34539839159697,34.34539839159697,271.70901603419077,-22.57214826379763,0.1347315871673409,-0.0273817119805484,19.88582825971606,271.70740862565924,-22.57182476483063,61642.09502691247,61642.094598671734,20.001416645208405,i,123.00705738066308,271.7106234427223,-22.572471762764625,61642.11887788358,61642.11844964284,19.770239874223716,z,104.55378444860365,16.86730879646685,16.26775204997708,218768796.91770086,322615088.29432696,271.5743745239955,0.8577705666502095,grid_dlon-060_lat+01,prob_maps_grid_dlon-060_lat+01.npz,2026-01-01T00:00:00,40.200006249932756,1.0,1.5561324450180554,MBA,2.4194452060509968,0.16113,2.0296,2,0.0007656875483605294,0.12409101265106007,-0.028855849632102835,18_20,D408486,0.14,20.82807620973898,mag20,0.000734018567659806,373659,61642.094847514316,30.0,31.0,272.320612345032,-21.213523687699524,77.52003801990354,i,6.28642737865448e-07,373711,61642.11869848543,30.0,31.0,272.320612345032,-21.213523687699524,73.83158954872613,z,0.0,373659-373711,True,63,True,63,F
inst00553_part006:S101onzta:61642,inst00553_part006.h5,8854,S101onzta,61642,2,34.3652157462202,34.3652157462202,9.74060506283922,3.554219072601695,-0.08175135674174497,-0.06774694142967536,23.359636963872802,9.741585879018544,3.5550244484619937,61642.29824732186,61642.29781908112,23.42191395007134,r,6.164884389080215,9.7396242466599,3.5534136967413965,61642.322112055015,61642.321683814276,23.29735997767426,i,7.321289910721919,20.21438086960037,19.965619739389485,215429707.80910376,346462885.7276599,10.342432215852467,-0.5897098196197117,grid_dlon+040_lat-01,prob_maps_grid_dlon+040_lat-01.npz,2026-01-01T00:00:00,140.20000624993276,-1.0,3.0099610386863507,MBA,2.393100955331784,0.03175,2.31712,2,0.0023705059375413447,-0.10162802484276026,-0.03033292327635755,mag23,D409188,0.0,23.974017224483315,mag23,0.001484662310954149,374107,61642.29806792371,30.0,31.0,10.459801237058713,1.9451247494775845,140.96344844814226,r,0.0,374159,61642.321932656865,30.0,31.0,10.459801237058713,1.9451247494775845,127.24220479209438,i,0.0,374107-374159,True,2,True,0,C
inst00335_part003:S100GMj0a:61642,inst00335_part003.h5,5363,S100GMj0a,61642,2,34.232301854062825,34.232301854062825,319.82445800485675,-6.6583074588486095,-0.22888769394346042,-0.0580685300774132,22.115032950660932,319.8271814333956,-6.657622302021365,61642.15414510912,61642.15371686838,22.304872646711353,r,29.157290489545844,319.82173457631797,-6.658992615675854,61642.17791754096,61642.17748930022,21.925193254610516,i,31.03013873222745,18.028130974984627,17.812673817019554,296173414.71514964,444390844.2334863,320.11960122180807,8.540437446028218,grid_dlon-010_lat+08,prob_maps_grid_dlon-010_lat+08.npz,2026-01-01T00:00:00,90.20000624993276,8.0,3.1099813821641695,MBA,2.444659280271711,0.21387,1.92182,2,0.0009103047695021651,-0.23681318168395568,0.014613427908755734,mag22,D409785,0.01,22.612359133641377,mag22,0.0013476678364505584,373790,61642.15396571097,30.0,31.0,319.87425652205366,-6.247018758978787,144.29627597575382,r,0.0,373842,61642.177738142804,30.0,31.0,319.87425652205366,-6.247018758978787,126.39120112850028,i,6.28642737865448e-07,373790-373842,True,98,True,105,W
inst00623_part002:S101HCfua:61642,inst00623_part002.h5,9970,S101HCfua,61642,2,34.17127062915824,34.17127062915824,320.76258383326837,-13.859840249230572,-0.19200551559622903,-0.13327775039538764,22.310763108636046,320.7648543967748,-13.85824744613627,61642.14436164236,61642.14393340162,22.550180777265144,r,23.22461599532061,320.7603132697619,-13.861433052324877,61642.168091691405,61642.167663450666,22.071345440006944,i,20.192848032311627,20.49308550051653,20.239979077579584,152578028.7278307,301966266.8968023,318.77801805952714,1.403978643782322,grid_dlon-010_lat+01,prob_maps_grid_dlon-010_lat+01.npz,2026-01-01T00:00:00,90.20000624993276,1.0,4.413132835386132,MBA,2.389034581153611,0.26405,1.75821,2,0.00015823815947623902,-0.21848139687188964,-0.06934062571851098,mag22,D410337,0.0,22.920784031056463,mag22,0.0007172938648696553,373767,61642.14418224421,30.0,31.0,321.102050420575,-13.536656576810467,159.46952532922018,r,0.0,373819,61642.167912293255,30.0,31.0,321.102050420575,-13.536656576810467,134.67718928161105,i,0.0,373767-373819,True,105,True,102,P
inst00000_part002:S00000y2a:61642,inst00000_part002.h5,2,S00000y2a,61642,2,34.17312336503528,34.17312336503528,316.99495372342557,-13.909317805177643,-0.2656970695234451,-0.08590742239670099,22.650761204227432,316.99810444951055,-13.908298562109024,61642.14349528497,61642.14306704423,22.987249463035933,r,15.472564715485957,316.9918029973406,-13.91033704824626,61642.16722662064,61642.1667983799,22.31427294541893,i,13.111294277435587,18.597940374134364,18.353501990861695,303224980.62690234,450407021.8696469,315.2718551984609,2.4532127059762523,grid_dlon-020_lat+02,prob_maps_grid_dlon-020_lat+02.npz,2026-01-01T00:00:00,80.20000624993276,2.0,2.148437207845793,NEO,2.080798633492726,0.507839831888,1.024086205267,2,0.003278576273768338,-0.27199427419696737,-0.007093833280514612,mag22,D410548,0.13,23.250259213365737,mag23,0.04523014425565002,373765,61642.14331588682,30.0,31.0,315.6825177941189,-13.277114016451204,144.96652051211944,r,0.0,373817,61642.167047222494,30.0,31.0,315.6825177941189,-13.277114016451204,120.54319117917052,i,6.28642737865448e-07,373765-373817,True,163,True,175,A
inst00043_part001:S1002NRKa:61642,inst00043_part001.h5,689,S1002NRKa,61642,2,36.52327183401212,36.52327183401212,297.75885523188003,-23.709241641223933,-0.1391672525711965,-0.0261144652120834,21.24800268397108,297.76062588216746,-23.70890890725529,61642.19621749138,61642.19578925064,21.352167672269218,i,45.746720762730064,297.75708458159266,-23.709574375192577,61642.2215808746,61642.22115263386,21.143837695672943,z,27.88361544223913,18.328636722714705,17.715424946351497,219575416.16645825,353076394.23310906,295.26744301605027,-2.6724342229829636,grid_dlon-040_lat-03,prob_maps_grid_dlon-040_lat-03.npz,2026-01-01T00:00:00,60.200006249932756,-3.0,2.0697969439724218,MBA,2.2311862890254686,0.06119,2.09466,2,0.002046993292022462,-0.13019549556713683,-0.002028969207957111,mag21,D410625,0.06,22.232577737619582,mag22,0.0011495322701684182,373884,61642.19603809323,30.0,31.0,297.722561514484,-24.817875390727316,67.88522708467251,i,0.0,373940,61642.22140147645,30.0,31.0,297.722561514484,-24.817875390727316,68.13687199255678,z,0.0,373884-373940,True,126,True,126,X
inst00511_part002:S101eOdya:61642,inst00511_part002.h5,8178,S101eOdya,61642,2,34.167453416157514,34.167453416157514,327.6093325792517,-13.711098724093233,-0.22143327853941655,-0.0200225959870106,23.280517471332807,327.6119712424618,-13.710882281220146,61642.14565229184,61642.1452240511,23.578709744723255,r,10.065105886150835,327.6066939160417,-13.711315166966319,61642.16937969004,61642.168951449305,22.982325197942362,i,10.893722365684594,19.61693717996509,19.399636365039616,270912411.9089819,421571452.32101804,325.1206784264046,-0.5990314062262455,grid_dlon-010_lat-01,prob_maps_grid_dlon-010_lat-01.npz,2026-01-01T00:00:00,90.20000624993276,-1.0,1.9876511366514467,MBA,3.043812569826283,0.08702,2.77894,2,0.00027338880471892713,-0.2093605952833271,0.05340227930635821,mag23,D412705,0.0,23.76088110629319,mag23,0.0003296452393159903,373770,61642.14547289369,30.0,31.0,326.7487961931708,-14.202079732179511,172.52492961637122,r,0.0,373822,61642.16920029189,30.0,31.0,326.7487961931708,-14.202079732179511,150.5092126177087,i,0.0,373770-373822,True,42,True,84,Q
inst00274_part014:S100xcE9a:61642,inst00274_part014.h5,4398,S100xcE9a,61642,2,34.38103106687777,34.38103106687777,270.3444777222777,-27.318027012747354,0.1733454806483235,0.06961317967912806,22.28415471741507,270.3424062199955,-27.318862137061785,61642.094557400014,61642.094129159275,22.366218803847776,i,18.172286146622408,270.3465492245599,-27.317191888432923,61642.11843311603,61642.118004875294,22.20209063098236,z,14.047528253009748,19.76450967309684,19.1992814942097,184300059.50590846,289481154.19178224,270.3028930092669,-3.8791125213906934,grid_dlon-060_lat-04,prob_maps_grid_dlon-060_lat-04.npz,2026-01-01T00:00:00,40.200006249932756,-4.0,2.8232278793880483,MBA,2.2247092789197023,0.13061,1.93414,2,0.0008729995169148958,0.15453321342170204,0.06924380788008415,mag22,D416378,0.01,23.19487322320537,mag23,0.0012607043950773318,373658,61642.094378001864,30.0,31.0,270.45866431300607,-26.63108025372794,65.10267945919445,i,0.0,373710,61642.11825371788,30.0,31.0,270.45866431300607,-26.63108025372794,64.98675224524713,z,0.0,373658-373710,True,60,True,60,E
inst00178_part004:S100joYKa:61642,inst00178_part004.h5,2852,S100joYKa,61642,2,34.232301854062825,34.232301854062825,319.82836321535785,-5.301300361633103,-0.20399375777278284,-0.0617385302804989,19.592918585128324,319.83078578890314,-5.3005673906231685,61642.15414510912,61642.15371686838,19.842741470490235,r,190.92185580685864,319.82594064181256,-5.302033332643037,61642.17791754096,61642.17748930022,19.343095699766412,i,210.24150840021522,16.56210538490989,16.308051938422313,219384306.6754248,367729585.1640595,320.5465956961081,9.8303262317858,grid_dlon-010_lat+08,prob_maps_grid_dlon-010_lat+08.npz,2026-01-01T00:00:00,90.20000624993276,8.0,3.2088747543260188,MBA,2.753457078135037,0.11269,2.44317,2,0.0006645018710414996,-0.21542317878954967,0.003930527948623672,18_20,D416486,0.2,20.19486664670601,mag20,0.0014603110110186792,373790,61642.15396571097,30.0,31.0,319.87425652205366,-6.247018758978787,144.29627597575382,r,0.0,373842,61642.177738142804,30.0,31.0,319.87425652205366,-6.247018758978787,126.39120112850028,i,6.28642737865448e-07,373790-373842,True,41,True,40,W
inst00000_part000:S00000bUa:61642,inst00000_part000.h5,0,S00000bUa,61642,2,34.21338453772478,34.21338453772478,348.1340442584088,-9.08394858132328,-0.3302687276139382,-0.1377884782581108,22.094886418736472,348.13796213267756,-9.082313229265873,61642.253589535016,61642.25316129428,22.427277778619153,g,30.529375445194955,348.13012638414,-9.085583933380688,61642.27734882983,61642.276920589095,21.762495058853794,r,50.24634519461829,17.305297472123986,17.68957153507716,304133295.01093477,452122689.30401015,345.5420634391007,-3.674451763068695,grid_dlon+010_lat-04,prob_maps_grid_dlon+010_lat-04.npz,2026-01-01T00:00:00,110.20000624993276,-4.0,2.2850916210200882,NEO,1.7202805509300396,0.807808568261,0.330623182076,2,1.0,-0.3547689226950291,0.0003420684359955495,mag22,D418869,1.0,22.05631488365931,mag22,1.0,374006,61642.253410136866,30.0,31.0,347.6615257772227,-8.854711246793014,125.93350398601339,g,0.0,374058,61642.27716943168,30.0,31.0,347.6615257772227,-8.854711246793014,109.34834614082037,r,0.0,374006-374058,True,136,True,136,B
inst00152_part011:S100g1pza:61642,inst00152_part011.h5,2443,S100g1pza,61642,2,34.232301854062825,34.232301854062825,319.1181256958283,-4.817059533926059,-0.19968419591771885,-0.03722154596621745,23.19643491763072,319.1205100441877,-4.816612831779125,61642.15414510912,61642.15371686838,23.528795942014337,r,11.992573348682177,319.115741347469,-4.817506236072995,61642.17791754096,61642.17748930022,22.864073893247106,i,12.97172115629454,19.242023050847017,19.020266945319445,272628591.0390632,420350218.7203351,320.0137036654503,10.508472718521613,grid_dlon-010_lat+12,prob_maps_grid_dlon-010_lat+12.npz,2026-01-01T00:00:00,90.20000624993276,12.0,3.5020554184319623,MBA,2.9896120759616944,0.07585,2.76285,2,0.0004709862741703488,-0.20425309137334585,0.02542482684876376,mag23,D419512,0.01,23.686167972311278,mag23,0.00037304195946441526,373790,61642.15396571097,30.0,31.0,319.87425652205366,-6.247018758978787,144.29627597575382,r,0.0,373842,61642.177738142804,30.0,31.0,319.87425652205366,-6.247018758978787,126.39120112850028,i,6.28642737865448e-07,373790-373842,True,9,True,4,W
inst00189_part003:S100kRZxa:61642,inst00189_part003.h5,3027,S100kRZxa,61642,2,34.34539839159697,34.34539839159697,271.07889718038405,-22.433764989897377,0.028976167504584777,0.03647782587139905,22.386550245535027,271.0785524585224,-22.43420908628764,61642.09502691247,61642.094598671734,22.414683338491123,i,15.684777522440363,271.07924190224566,-22.43332089350711,61642.11887788358,61642.11844964284,22.358417152578927,z,11.849864558049822,17.883990033881275,17.291593300325587,351812339.92702794,446470576.58501744,270.99352351634394,1.00178096040052,grid_dlon-060_lat+01,prob_maps_grid_dlon-060_lat+01.npz,2026-01-01T00:00:00,40.200006249932756,1.0,2.1304716544378746,MBA,3.0845688898073047,0.03215,2.9854,2,0.0019133104664189682,0.027059927851021428,0.036276169607780254,mag22,D419579,0.01,23.334956945209438,mag23,0.0016776928105847184,373659,61642.094847514316,30.0,31.0,272.320612345032,-21.213523687699524,77.52003801990354,i,6.28642737865448e-07,373711,61642.11869848543,30.0,31.0,272.320612345032,-21.213523687699524,73.83158954872613,z,0.0,373659-373711,True,23,True,23,F
inst00137_part015:S100e8xPa:61642,inst00137_part015.h5,2207,S100e8xPa,61642,2,36.431736872764304,36.431736872764304,317.66995054284166,-19.572282176933903,-0.19724297486872355,-0.04550080042529455,22.784842048329814,317.6724292544583,-19.571707867640008,61642.207303253446,61642.20687501271,22.959238147760647,i,10.200317550381387,317.66747183122504,-19.5728564862278,61642.23260307072,61642.23217482998,22.610445948898985,z,7.379162600764152,19.259730541026663,18.689170075100996,283819142.55171615,430483959.8059716,314.23225272991044,-3.150953571692198,grid_dlon-020_lat-03,prob_maps_grid_dlon-020_lat-03.npz,2026-01-01T00:00:00,80.20000624993276,-3.0,1.0089480786036504,MBA,2.964566620794594,0.10621,2.6497,2,0.000487072037430221,-0.1912932265597868,0.011251428428349914,mag22,D420051,0.0,23.62567197322882,mag23,0.0009274411549901819,373910,61642.207123855296,30.0,31.0,317.51308485366314,-17.84516531742886,88.53112261378887,i,0.0,373966,61642.23242367257,30.0,31.0,317.51308485366314,-17.84516531742886,80.808015289907,z,0.0,373910-373966,True,113,True,110,I
inst00000_part001:S00000jha:61642,inst00000_part001.h5,1,S00000jha,61642,2,36.440662667155266,36.440662667155266,312.0713117297865,-17.68435027897506,-0.2190043124310535,-0.299942627469141,18.403562964699816,312.0740849588643,-17.680554210574808,61642.2064495027,61642.20602126196,18.50026339767509,i,321.9305822640633,312.06853850070866,-17.68814634737531,61642.23175551844,61642.2313272777,18.306862531724537,z,247.65354759267245,17.890908218191985,17.279998900108776,102817942.19036672,249659616.18939102,309.66825639111414,0.14982024738067273,grid_dlon-020_lat+00,prob_maps_grid_dlon-020_lat+00.npz,2026-01-01T00:00:00,80.20000624993276,0.0,3.568708016557847,NEO,1.5749751852672353,0.30713648368,1.091242844981,2,0.3839620287613281,-0.2810529056547449,-0.23347881386360989,18_20,D420487,0.2,19.37156406459104,18_20,0.35528381582553614,373908,61642.20627010455,30.0,31.0,312.23052900564977,-17.803267454871637,83.7253105327916,i,0.0,373964,61642.23157612029,30.0,31.0,312.23052900564977,-17.803267454871637,78.47421536379193,z,0.0,373908-373964,True,90,True,90,O
inst00505_part009:S101dy5Ea:61642,inst00505_part009.h5,8089,S101dy5Ea,61642,2,36.431736872764304,36.431736872764304,317.79656511982813,-16.741893932811095,-0.2662043705881828,-0.04046585757685135,22.556089857468468,317.79992587992064,-16.741393022659686,61642.207303253446,61642.20687501271,22.805592248719012,i,13.281460423498684,317.7932043597357,-16.7423948429625,61642.23260307072,61642.23217482998,22.306587466217923,z,9.564262931117453,20.147330355799863,19.578693375394778,203057454.88572285,350817002.76800466,315.1814338238824,-0.48155442840121465,grid_dlon-020_lat+00,prob_maps_grid_dlon-020_lat+00.npz,2026-01-01T00:00:00,80.20000624993276,0.0,2.0054464467917343,MBA,2.2202869854307226,0.18184,1.81655,2,0.001423917555667389,-0.2555349422907825,0.03644817231179714,mag22,D420855,0.01,23.39739648207369,mag23,0.003288293713241089,373910,61642.207123855296,30.0,31.0,317.51308485366314,-17.84516531742886,88.53112261378887,i,0.0,373966,61642.23242367257,30.0,31.0,317.51308485366314,-17.84516531742886,80.808015289907,z,0.0,373910-373966,True,80,True,126,I
inst00018_part008:S1000aq7a:61642,inst00018_part008.h5,296,S1000aq7a,61642,3,34.21338453772478,34.21338453772478,349.16896378208236,-9.529665204594572,-0.14267787676904659,-0.060738661646626696,23.260761199897317,349.17065371996847,-9.52895166639152,61642.253589535016,61642.25316129428,23.51498088835322,g,10.659120279662321,349.16727384419625,-9.530378742797623,61642.27734882983,61642.276920589095,23.006541511441412,r,16.940013912086638,17.005063688217817,17.32101786366573,482196180.1029682,629234783.8747268,346.30973852527654,-4.484001164609077,grid_dlon+010_lat-04,prob_maps_grid_dlon+010_lat-04.npz,2026-01-01T00:00:00,110.20000624993276,-4.0,3.0678750897903697,other,3.9202747348287255,0.07984,3.60728,3,0.0008977485793266605,-0.15372731098053455,-0.0007378008950344535,mag23,D421505,0.02,23.229743336231586,mag23,0.0007255943603344474,374006,61642.253410136866,30.0,31.0,347.6615257772227,-8.854711246793014,125.93350398601339,g,0.0,374058,61642.27716943168,30.0,31.0,347.6615257772227,-8.854711246793014,109.34834614082037,r,0.0,374006-374058,True,177,True,179,B
inst00338_part014:S100HnTra:61642,inst00338_part014.h5,5422,S100HnTra,61642,2,34.18834700714797,34.18834700714797,339.22398236006325,-14.242623878218204,-0.17485985576469004,-0.1270681335661589,23.55524315797333,339.2260755921861,-14.241138575050247,61642.14821419839,61642.14778595765,23.95015781254012,r,5.463587419605439,339.2218891279404,-14.24410918138616,61642.17195610603,61642.17152786529,23.160328503406536,i,6.559921834510613,19.22285885223869,18.977704568883233,358811935.52630544,509355295.91672266,335.47984891308283,-5.104131153811434,grid_dlon+000_lat-05,prob_maps_grid_dlon+000_lat-05.npz,2026-01-01T00:00:00,100.20000624993276,-5.0,2.3057822213228305,MBA,3.1580151457688492,0.18261,2.58133,2,0.00019344131339565983,-0.2054879313565483,-0.054593370662384,mag23,D421940,0.0,24.157538589090098,mag24+,0.0002644464802520161,373776,61642.14803480024,30.0,31.0,338.53272863894745,-13.867824161971438,188.3313940349604,r,0.0,373828,61642.17177670788,30.0,31.0,338.53272863894745,-13.867824161971438,176.4169057759705,i,0.0,373776-373828,True,88,True,127,J
inst00000_part012:S00003p0a:61642,inst00000_part012.h5,12,S00003p0a,61642,2,34.314723999705166,34.314723999705166,8.821729477052658,-3.044493843219019,-0.17893503479915526,-0.1434130704021597,23.61987076020916,8.823875151203026,-3.0427853914656433,61642.30340807013,61642.302979829394,23.817591264672348,r,6.464165985531426,8.819583802902287,-3.0462022949723946,61642.32723773958,61642.32680949884,23.42215025574597,i,7.120684708925843,20.850849520878807,20.59624857761218,188678916.3987928,323605158.1236798,6.894275121464914,-6.2949164259006665,grid_dlon+030_lat-05,prob_maps_grid_dlon+030_lat-05.npz,2026-01-01T00:00:00,130.20000624993276,-5.0,3.7927868894104044,NEO,1.8391604024516521,0.707779114264,0.537441081815,2,0.0011356814458395245,-0.22217025138545476,-0.06106170883800406,mag23,D425166,0.92,24.24062218259698,mag24+,0.001823867031689741,374119,61642.30322867198,30.0,31.0,9.08702925754262,-4.299216293602096,134.79862427186353,r,0.0,374171,61642.32705834143,30.0,31.0,9.08702925754262,-4.299216293602096,118.99293609916184,i,0.0,374119-374171,True,7,True,36,S
inst00269_part012:S100wrBfa:61642,inst00269_part012.h5,4316,S100wrBfa,61642,2,34.17127062915824,34.17127062915824,321.2576870549762,-13.405286911850716,-0.16382703316194097,-0.0286384942371376,23.87903316812077,321.25967335443283,-13.40493254478641,61642.14436164236,61642.14393340162,24.274175657383346,r,5.212956685053393,321.25570075551957,-13.40564127891502,61642.168091691405,61642.167663450666,23.483890678858195,i,4.508347255032801,18.740816784732985,18.483656148326666,426651221.0741049,575405490.5547746,319.37638570336446,1.6874298108264225,grid_dlon-010_lat+02,prob_maps_grid_dlon-010_lat+02.npz,2026-01-01T00:00:00,90.20000624993276,2.0,3.809080572183503,other,3.9682530706417243,0.11582,3.50865,2,0.0012594922068841848,-0.160451133593122,0.022240514304185683,mag23,D425215,0.01,24.485377019794104,mag24+,0.0017912882349001577,373767,61642.14418224421,30.0,31.0,321.102050420575,-13.536656576810467,159.46952532922018,r,0.0,373819,61642.167912293255,30.0,31.0,321.102050420575,-13.536656576810467,134.67718928161105,i,0.0,373767-373819,True,93,True,93,P
inst00419_part008:S100VOfoa:61642,inst00419_part008.h5,6712,S100VOfoa,61642,2,36.440662667155266,36.440662667155266,312.87621994501336,-18.160368113714036,-0.2482098891391322,0.03493853567262585,22.06938682951969,312.8793617075032,-18.160816654529814,61642.2064495027,61642.20602126196,22.162059973751735,i,20.593494153131374,312.8730781825235,-18.159919572898254,61642.23175551844,61642.2313272777,21.976713685287645,z,14.412966539540484,20.597806683558293,19.967948669344196,149478566.83495432,295610239.5445353,310.27810744476346,-0.5144107301534548,grid_dlon-020_lat-01,prob_maps_grid_dlon-020_lat-01.npz,2026-01-01T00:00:00,80.20000624993276,-1.0,2.995334874099099,MBA,2.331670270692755,0.23234,1.78993,2,0.0008198864782956166,-0.2175948569129319,0.09746970581856616,mag22,D426090,0.01,23.041438160175495,mag23,0.0011168194818690705,373908,61642.20627010455,30.0,31.0,312.23052900564977,-17.803267454871637,83.7253105327916,i,0.0,373964,61642.23157612029,30.0,31.0,312.23052900564977,-17.803267454871637,78.47421536379193,z,0.0,373908-373964,True,144,True,144,O
inst00884_part014:STC001Cfa:61642,inst00884_part014.h5,14157,STC001Cfa,61642,2,34.167453416157514,34.167453416157514,327.8016159356404,-13.503874390018298,-0.017669862763530282,-0.005751865303026651,21.914651465858825,327.80182623436144,-13.503803030520281,61642.14565229184,61642.1452240511,22.148991185312603,r,30.641491711546003,327.8014056369194,-13.503945749516316,61642.16937969004,61642.168951449305,21.680311746405042,i,33.15294515650563,5.399799128309475,5.18441313524192,6985981463.305005,7136406976.303211,325.3663738218558,-0.466716323364465,grid_dlon-010_lat+00,prob_maps_grid_dlon-010_lat+00.npz,2026-01-01T00:00:00,90.20000624993276,0.0,2.24160346483653,TNO,43.79700678758206,0.1013,39.36037,2,0.0018079555124573083,-0.018115466006972326,0.0003672750978486414,mag21,D428396,0.94,22.410238330616906,mag22,0.00039331769923935854,373770,61642.14547289369,30.0,31.0,326.7487961931708,-14.202079732179511,172.52492961637122,r,0.0,373822,61642.16920029189,30.0,31.0,326.7487961931708,-14.202079732179511,150.5092126177087,i,0.0,373770-373822,True,35,True,77,Q
inst00005_part000:S0000lyGa:61642,inst00005_part000.h5,80,S0000lyGa,61642,2,36.440662667155266,36.440662667155266,311.34162994975645,-17.382925416933276,-1.0306360679870403,1.322855997944866,21.913571762794234,311.35467111706794,-17.39966884362127,61642.2064495027,61642.20602126196,22.022870210600555,i,13.095105410361722,311.3285887824449,-17.366181990245284,61642.23175551844,61642.2313272777,21.804273314987913,z,8.6287839753937,23.159637788491647,22.55292889411936,44214276.3273962,192864622.00743425,309.07704280676626,0.6246365138252457,grid_dlon-020_lat+01,prob_maps_grid_dlon-020_lat+01.npz,2026-01-01T00:00:00,80.20000624993276,1.0,4.173687430197214,NEO,1.264972829205443,0.284070280712,0.90563164252,2,1.0,-0.601437130530542,1.5348182413221438,mag21,D428534,0.98,22.867642868674878,mag22,1.0,373908,61642.20627010455,30.0,31.0,312.23052900564977,-17.803267454871637,83.7253105327916,i,0.0,373964,61642.23157612029,30.0,31.0,312.23052900564977,-17.803267454871637,78.47421536379193,z,0.0,373908-373964,True,41,True,40,O
inst00144_part001:S100eULUa:61642,inst00144_part001.h5,2305,S100eULUa,61642,2,34.31595815112814,34.31595815112814,247.62402536367685,-22.227663241445867,0.11202349727167277,0.01853551763356515,22.98413894430506,247.62268802831403,-22.22786685983659,61642.056621776544,61642.056193535806,23.13935169867004,r,9.381207824640788,247.62536269903973,-22.227459623055143,61642.08045230304,61642.0800240623,22.828926189940073,i,9.377499846232775,16.967852397420398,16.748831266431836,480559888.6396165,523703871.78304696,249.36188926964903,-0.37697866956572756,grid_dlon-080_lat+00,prob_maps_grid_dlon-080_lat+00.npz,2026-01-01T00:00:00,20.200006249932756,0.0,3.7432811376050315,MBA,3.073032273043882,0.1386,2.64711,2,0.0017708380458718858,0.09969827587105828,0.03402489137515373,mag22,D428746,0.01,23.48530767787322,mag23,0.002238164501254244,373573,61642.056442378394,30.0,31.0,248.6997815157693,-23.400569102553263,70.20225368589401,r,0.0,373625,61642.08027290489,30.0,31.0,248.6997815157693,-23.400569102553263,69.7145294114945,i,0.0,373573-373625,True,34,True,34,M
inst00154_part008:S100ggiBa:61642,inst00154_part008.h5,2472,S100ggiBa,61642,2,34.31595815112814,34.31595815112814,248.55062121157926,-23.46008294646395,0.25197408217515693,-0.043715668572484545,20.674953192349776,248.54761909385775,-23.45956548895186,61642.056621776544,61642.056193535806,20.93120530069048,r,63.87687601274261,248.55362332930073,-23.460600403976038,61642.08045230304,61642.0800240623,20.418701084009076,i,68.5230858430841,16.44712551558622,16.182115992489173,293190529.01253945,350545024.17604685,250.38944906954043,-1.4689575846089735,grid_dlon-080_lat-01,prob_maps_grid_dlon-080_lat-01.npz,2026-01-01T00:00:00,20.200006249932756,-1.0,2.737162293933617,MBA,2.3764083227330546,0.11952,2.09238,2,0.00021867799608850448,0.23512348704015334,-0.00961724824619429,mag20,D429064,0.17,21.292837199860603,mag21,0.0006166086290962476,373573,61642.056442378394,30.0,31.0,248.6997815157693,-23.400569102553263,70.20225368589401,r,0.0,373625,61642.08027290489,30.0,31.0,248.6997815157693,-23.400569102553263,69.7145294114945,i,0.0,373573-373625,True,91,True,91,M
inst00387_part002:S100PO57a:61642,inst00387_part002.h5,6194,S100PO57a,61642,2,34.18834700714797,34.18834700714797,339.97724645139385,-14.14763556643497,-0.22299436460449654,-0.10633487091076965,22.093052672020526,339.9798881845229,-14.146371646747863,61642.14821419839,61642.14778595765,22.26339856977935,r,24.32645423185482,339.97460471826486,-14.148899486122076,61642.17195610603,61642.17152786529,21.922706774261698,i,27.829954153956795,19.67591018038403,19.4526595478225,188974274.82366562,339557765.75898814,336.195510781585,-5.289437161729747,grid_dlon+000_lat-05,prob_maps_grid_dlon+000_lat-05.npz,2026-01-01T00:00:00,100.20000624993276,-5.0,3.032933354890456,MBA,2.4863982215703353,0.12732,2.16983,2,0.0006329599593389856,-0.24136088808534198,-0.017402332884344705,mag22,D429754,0.01,22.590393124198027,mag22,0.0010376421199079493,373776,61642.14803480024,30.0,31.0,338.53272863894745,-13.867824161971438,188.3313940349604,r,0.0,373828,61642.17177670788,30.0,31.0,338.53272863894745,-13.867824161971438,176.4169057759705,i,0.0,373776-373828,True,76,True,118,J
inst00053_part012:S1003ZQVa:61642,inst00053_part012.h5,860,S1003ZQVa,61642,2,34.328452760819346,34.328452760819346,255.5694325215967,-21.63815452402687,0.3122695715959928,-0.07886150761725574,18.345610174520818,255.56571295937033,-21.637215387742064,61642.05405392916,61642.05362568842,18.607668086120057,r,330.31855420536704,255.57315208382306,-21.639093660311676,61642.07789313247,61642.07746489173,18.08355226292158,i,332.86628816493715,14.860249448914498,14.601925974616222,228187471.59048682,305265693.5076586,256.59951011380167,1.1325293019438436,grid_dlon-080_lat+01,prob_maps_grid_dlon-080_lat+01.npz,2026-01-01T00:00:00,20.200006249932756,1.0,3.5183977666146924,MBA,2.389755650663859,0.26867,1.7477,2,0.002383712874659671,0.29671099670718265,-0.049693791902442136,18_20,D430108,0.16,18.953684199904597,18_20,0.0007007073759595748,373567,61642.05387453101,30.0,31.0,255.57356396909347,-22.958749626878994,72.95550297090713,r,0.0,373619,61642.07771373432,30.0,31.0,255.57356396909347,-22.958749626878994,70.77344610239842,i,0.0,373567-373619,True,119,True,119,V
inst00318_part004:S100E4nJa:61642,inst00318_part004.h5,5092,S100E4nJa,61642,2,34.232301854062825,34.232301854062825,319.11125366169705,-6.403547335675512,-0.2149917452290508,-0.07125898636003064,22.83270910495374,319.1138006908695,-6.402696851996911,61642.15414510912,61642.15371686838,23.099442453193767,r,14.411358363292806,319.1087066325247,-6.404397819354113,61642.17791754096,61642.17748930022,22.565975756713712,i,16.11621732426126,21.200343292969134,20.958392829611505,142394671.9376841,291176690.7674188,319.51586385179377,8.999739823734771,grid_dlon-010_lat+08,prob_maps_grid_dlon-010_lat+08.npz,2026-01-01T00:00:00,90.20000624993276,8.0,3.800261462982086,MBA,2.281213567597965,0.27091,1.66321,2,0.0006753598148712141,-0.22800992581581192,-0.0028278278973786443,mag22,D430271,0.01,23.424316275342235,mag23,0.0008426550199836455,373790,61642.15396571097,30.0,31.0,319.87425652205366,-6.247018758978787,144.29627597575382,r,0.0,373842,61642.177738142804,30.0,31.0,319.87425652205366,-6.247018758978787,126.39120112850028,i,6.28642737865448e-07,373790-373842,True,100,True,60,W
inst00352_part014:S100JPlca:61642,inst00352_part014.h5,5646,S100JPlca,61642,2,36.45291106891818,36.45291106891818,310.07289892613323,-23.762272909434262,-0.18626308351775478,0.03094598014715805,21.519393098386807,310.0752516534544,-23.76266185345997,61642.20517481482,61642.20474657408,21.656006117537405,i,30.937612809852826,310.0705461988121,-23.761883965408554,61642.2304893364,61642.23006109566,21.38278007923621,z,21.565806811445302,18.49882633619299,17.898104209343934,235810869.44076467,377858653.74914443,306.2701471256676,-5.227356969664279,grid_dlon-030_lat-05,prob_maps_grid_dlon-030_lat-05.npz,2026-01-01T00:00:00,70.20000624993276,-5.0,3.0460815965278174,MBA,2.7518732707128524,0.15789,2.31738,2,0.0006600576270427553,-0.1574374663714388,0.07374125069993377,mag21,D431319,0.01,22.471288889042874,mag22,0.0008025377040744228,373905,61642.20499541667,30.0,31.0,308.8151615658631,-22.414323129384417,73.50827098113933,i,0.0,373961,61642.23030993825,30.0,31.0,308.8151615658631,-22.414323129384417,71.32351469269727,z,0.0,373905-373961,True,158,True,158,H
inst00000_part005:S00001t1a:61642,inst00000_part005.h5,5,S00001t1a,61642,2,34.18257205397822,34.18257205397822,261.86531265900936,-21.898134517260115,0.10881380762472849,-0.016381904918573352,22.294324548162916,261.8640074409519,-21.897941779325826,61642.10585084488,61642.10542260414,22.517705380628737,i,12.246387276902412,261.8666178770668,-21.898327255194403,61642.12958874214,61642.1291605014,22.070943715697094,z,12.145276697602615,19.90934453286146,19.339010535168327,176133129.65602762,270363362.8251356,262.44988704301574,1.3283079233002957,grid_dlon-070_lat+01,prob_maps_grid_dlon-070_lat+01.npz,2026-01-01T00:00:00,30.200006249932756,1.0,0.7594142976667826,NEO,1.4259741994212516,0.316235924012,0.97502993085,2,0.001664313699273485,0.10175223323970421,-0.010671636472482189,mag22,D439216,0.01,23.12831401299459,mag23,0.001098347768570451,373684,61642.105671446734,30.0,31.0,262.3464125266547,-22.444355960056903,71.11750764041383,i,6.28642737865448e-07,373736,61642.12940934399,30.0,31.0,262.3464125266547,-22.444355960056903,70.824918879744,z,0.0,373684-373736,True,82,True,82,Z
inst00196_part005:S100lRkua:61642,inst00196_part005.h5,3141,S100lRkua,61642,2,34.27103605354205,34.27103605354205,352.2538504524362,-1.0285300345914625,-0.22163997878747485,-0.0359729906529415,23.686188504041212,352.25649127279917,-1.0281075193627986,61642.24252131733,61642.24209307659,24.11288255066803,g,7.962005758147525,352.2512096320732,-1.0289525498201266,61642.26632064792,61642.26589240718,23.25949445741439,r,10.413038008332645,20.077508403694964,20.482807647612788,207958633.2954807,353261795.549932,352.4761020718953,2.1282436562756475,grid_dlon+020_lat+02,prob_maps_grid_dlon+020_lat+02.npz,2026-01-01T00:00:00,120.20000624993276,2.0,0.8035698984506777,MBA,2.2699549220139925,0.08381,2.07971,2,0.0005865194294824533,-0.2179777300906323,0.05434836406833575,mag23,D439927,0.0,23.643380856428426,mag23,0.0007712629617529698,373980,61642.24234191918,30.0,31.0,351.51746422492533,-2.161525241498186,143.23632355643025,g,0.0,374032,61642.26614124977,30.0,31.0,351.51746422492533,-2.161525241498186,127.70107224370017,r,0.0,373980-374032,True,35,True,76,L
inst00292_part006:S100zWB4a:61642,inst00292_part006.h5,4678,S100zWB4a,61642,2,36.56775874318555,36.56775874318555,307.80826991752,-14.340879450916583,-0.18510388272540462,-0.02629936875978285,21.274505922634336,307.8106198428291,-14.34054441400844,61642.18475161897,61642.18432337823,21.35465004597405,i,46.91374712265381,307.805919992211,-14.341214487824727,61642.21014589587,61642.20971765513,21.194361799294622,z,31.749611624184563,18.39734946555142,17.785876429018057,221809289.05853206,364384228.07767224,306.5585309661058,4.429127692774336,grid_dlon-030_lat+04,prob_maps_grid_dlon-030_lat+04.npz,2026-01-01T00:00:00,70.20000624993276,4.0,3.3735062079680667,MBA,2.4342990468418138,0.04423,2.32663,2,0.0012514032855860864,-0.18086181438588128,0.018360633727568784,mag21,D440582,0.02,22.23862949361628,mag22,0.001140954053443508,373857,61642.184572220816,30.0,31.0,307.55006857284826,-14.514477456298348,92.2770262254423,i,0.0,373913,61642.20996649772,30.0,31.0,307.55006857284826,-14.514477456298348,84.45627244608112,z,0.0,373857-373913,True,96,True,96,R
inst00000_part007:S000023Wa:61642,inst00000_part007.h5,7,S000023Wa,61642,2,34.328452760819346,34.328452760819346,256.7672012131357,-22.757949714515952,0.42837558257362895,-0.07791219575943426,22.972296441216997,256.76207195567054,-22.75701672458339,61642.05405392916,61642.05362568842,23.2094898378802,r,9.084906697999624,256.7723304706009,-22.75888270444851,61642.07789313247,61642.07746489173,22.735103044553796,i,9.177594468415437,20.25062541335027,19.993719130911686,178351216.24968344,264652676.59580567,257.81004017303985,0.12328446620395789,grid_dlon-080_lat+00,prob_maps_grid_dlon-080_lat+00.npz,2026-01-01T00:00:00,20.200006249932756,0.0,4.7280385718138085,NEO,1.9301289184196497,0.384865413761,1.18728905362,2,0.001419748960546628,0.40047960851930636,-0.04161964378920209,mag22,D445219,0.04,23.574577310305312,mag23,0.002292961149849604,373567,61642.05387453101,30.0,31.0,255.57356396909347,-22.958749626878994,72.95550297090713,r,0.0,373619,61642.07771373432,30.0,31.0,255.57356396909347,-22.958749626878994,70.77344610239842,i,0.0,373567-373619,True,173,True,173,V
inst00001_part008:S00006u3a:61642,inst00001_part008.h5,24,S00006u3a,61642,2,36.56775874318555,36.56775874318555,307.87701412618617,-14.313751932747522,-1.0693421902505087,0.23717268533537533,21.320019029483902,307.8905963769973,-14.3167620499404,61642.18475161897,61642.18432337823,21.406220270427703,i,31.34839090502273,307.86343187537506,-14.310741815554644,61642.21014589587,61642.20971765513,21.2338177885401,z,21.198071029395386,21.685616130849475,21.10107571581019,64798757.53934774,211697096.14309865,306.6299647826168,4.439127074308387,grid_dlon-030_lat+04,prob_maps_grid_dlon-030_lat+04.npz,2026-01-01T00:00:00,70.20000624993276,4.0,3.4456318038198757,NEO,0.9330049198129493,0.712962100272,0.267807772619,2,1.0,-0.9493292084481423,0.4837586892854788,mag21,D447899,1.0,22.23494331367371,mag22,1.0,373857,61642.184572220816,30.0,31.0,307.55006857284826,-14.514477456298348,92.2770262254423,i,0.0,373913,61642.20996649772,30.0,31.0,307.55006857284826,-14.514477456298348,84.45627244608112,z,0.0,373857-373913,True,96,True,96,R
inst00129_part002:S100d1Aka:61642,inst00129_part002.h5,2066,S100d1Aka,61642,2,34.314723999705166,34.314723999705166,9.901467361500522,-4.661848365266996,-0.0887595234124311,-0.0817575726392091,24.031766688174898,9.902527869608207,-4.660849790833396,61642.30340807013,61642.302979829394,24.061823254465416,r,5.08495527487376,9.900406853392838,-4.662846939700596,61642.32723773958,61642.32680949884,24.00171012188438,i,5.202584328438677,18.60864134130751,18.392012443506978,410431446.63045776,539504450.6277438,7.246548159399949,-8.206517572681092,grid_dlon+030_lat-08,prob_maps_grid_dlon+030_lat-08.npz,2026-01-01T00:00:00,130.20000624993276,-8.0,3.922601916247082,other,3.3996226496931317,0.07778,3.1352,2,0.00132153230372565,-0.1147811118947348,-0.040053034706167834,mag24+,D448504,0.0,24.51975424466792,mag24+,0.001091630291313351,374119,61642.30322867198,30.0,31.0,9.08702925754262,-4.299216293602096,134.79862427186353,r,0.0,374171,61642.32705834143,30.0,31.0,9.08702925754262,-4.299216293602096,118.99293609916184,i,0.0,374119-374171,True,141,True,142,S
inst00000_part000:S000003Ja:61642,inst00000_part000.h5,0,S000003Ja,61642,2,34.34539839159697,34.34539839159697,273.35499715948805,-21.527166391733765,-0.10057024598934491,-0.0205731183104243,20.270048303015123,273.356198289096,-21.526920077525133,61642.09502691247,61642.094598671734,20.351437278594283,i,99.2100976098612,273.3537960298801,-21.527412705942396,61642.11887788358,61642.11844964284,20.188659327435964,z,79.20363744685052,15.852227977222842,15.271343026502958,336120496.1328838,435213133.3283876,273.1185313681992,1.8757581917954076,grid_dlon-060_lat+02,prob_maps_grid_dlon-060_lat+02.npz,2026-01-01T00:00:00,40.200006249932756,2.0,0.12435190569534157,NEO,2.334398137144658,0.618274602003,0.891099057985,2,0.0009758278450443884,-0.09405903372135711,-0.01838852247860429,mag20,D449014,1.0,21.211705276512166,mag21,0.0007239771477038203,373659,61642.094847514316,30.0,31.0,272.320612345032,-21.213523687699524,77.52003801990354,i,6.28642737865448e-07,373711,61642.11869848543,30.0,31.0,272.320612345032,-21.213523687699524,73.83158954872613,z,0.0,373659-373711,True,150,True,150,F
inst00306_part010:S100CdzUa:61642,inst00306_part010.h5,4906,S100CdzUa,61642,2,34.314723999705166,34.314723999705166,8.198475015194276,-4.867420869535012,-0.14950494337844492,-0.011934338570920449,23.35049813474982,8.200258617256168,-4.867289765274926,61642.30340807013,61642.302979829394,23.625556119306065,r,9.705492010285107,8.196691413132385,-4.867551973795099,61642.32723773958,61642.32680949884,23.075440150193575,i,10.566052596209003,19.495310916922488,19.24447148785834,255722344.54203293,389550533.94942105,5.59113574863777,-7.722091572600827,grid_dlon+030_lat-08,prob_maps_grid_dlon+030_lat-08.npz,2026-01-01T00:00:00,130.20000624993276,-8.0,2.278760084257465,MBA,2.5639409020911907,0.10386,2.29765,2,0.0023728500690104325,-0.14273939287179652,0.04823440051876866,mag23,D450393,0.01,23.976026646891484,mag23,0.0017922340022232198,374119,61642.30322867198,30.0,31.0,9.08702925754262,-4.299216293602096,134.79862427186353,r,0.0,374171,61642.32705834143,30.0,31.0,9.08702925754262,-4.299216293602096,118.99293609916184,i,0.0,374119-374171,True,101,True,62,S
inst00016_part001:S00016Xpa:61642,inst00016_part001.h5,257,S00016Xpa,61642,2,36.45291106891818,36.45291106891818,308.19571919227775,-22.748448539592687,0.475767223253916,-0.04650914541401355,23.0853859446701,308.1896718208196,-22.747856637938305,61642.20517481482,61642.20474657408,23.252995261758052,i,8.745299713202806,308.2017665637359,-22.749040441247068,61642.2304893364,61642.23006109566,22.917776627582153,z,5.772191421078987,24.61462579938311,24.04102384938564,44910218.135966085,192387344.3316567,304.8519671339265,-3.8119021913020803,grid_dlon-030_lat-04,prob_maps_grid_dlon-030_lat-04.npz,2026-01-01T00:00:00,70.20000624993276,-4.0,1.6302944777814863,NEO,2.2035178099994264,0.427403171141,1.26172731034,2,1.0,0.4146703077443549,-0.15323242668711293,mag23,D451509,0.98,23.99436209528446,mag23,1.0,373905,61642.20499541667,30.0,31.0,308.8151615658631,-22.414323129384417,73.50827098113933,i,0.0,373961,61642.23030993825,30.0,31.0,308.8151615658631,-22.414323129384417,71.32351469269727,z,0.0,373905-373961,True,50,True,50,H
inst00323_part002:S100EQX8a:61642,inst00323_part002.h5,5170,S100EQX8a,61642,2,34.328452760819346,34.328452760819346,255.1007203432856,-22.66076411306686,0.14630682190507263,-0.0134943715990636,23.107806507094274,255.09898741601737,-22.660580600204188,61642.05405392916,61642.05362568842,23.30262110665506,r,7.136605001124747,255.10245327055384,-22.660947625929534,61642.07789313247,61642.07746489173,22.912991907533492,i,7.05743369630346,18.388826336192988,18.142875355568897,365872178.8599796,430558381.85664546,256.27056435858316,0.07140012764776649,grid_dlon-080_lat+00,prob_maps_grid_dlon-080_lat+00.npz,2026-01-01T00:00:00,20.200006249932756,0.0,3.187754842657477,MBA,3.206348667458835,0.11635,2.83329,2,0.0014811518671918053,0.13568450767522486,0.00038501352787882905,mag23,D453119,0.0,23.70493115152538,mag23,0.0011312409585645465,373567,61642.05387453101,30.0,31.0,255.57356396909347,-22.958749626878994,72.95550297090713,r,0.0,373619,61642.07771373432,30.0,31.0,255.57356396909347,-22.958749626878994,70.77344610239842,i,0.0,373567-373619,True,83,True,83,V
inst00244_part004:S100sFexa:61642,inst00244_part004.h5,3908,S100sFexa,61642,2,34.17127062915824,34.17127062915824,320.6390156471164,-13.019650924562095,-0.22187807499652337,-0.11609273776648715,23.081504290428207,320.64165163676523,-13.018280933844359,61642.14436164236,61642.14393340162,23.46675725285208,r,11.472055041883257,320.6363796574676,-13.02102091527983,61642.168091691405,61642.167663450666,22.69625132800433,i,9.953569261335373,20.029943080543298,19.777128999571286,225640804.67799872,374682021.83978593,318.9225105385989,2.2403430724909366,grid_dlon-010_lat+02,prob_maps_grid_dlon-010_lat+02.npz,2026-01-01T00:00:00,90.20000624993276,2.0,4.256901158548684,MBA,2.375391866242989,0.06218,2.22769,2,0.0011604675089428446,-0.24159642132786535,-0.043922479461203215,mag23,D453719,0.0,23.68437529085692,mag23,0.0014259197692014797,373767,61642.14418224421,30.0,31.0,321.102050420575,-13.536656576810467,159.46952532922018,r,0.0,373819,61642.167912293255,30.0,31.0,321.102050420575,-13.536656576810467,134.67718928161105,i,0.0,373767-373819,True,50,True,49,P
inst00321_part000:S100EvMFa:61642,inst00321_part000.h5,5136,S100EvMFa,61642,2,34.173501619370654,34.173501619370654,330.2698106905191,-9.893369055684698,-0.22703386915428886,-0.14482985361640954,21.080915500223618,330.2725033984969,-9.891652756984332,61642.14693033903,61642.146502098294,21.29600655573671,r,59.895318810713455,330.2671179825413,-9.895085354385063,61642.17066193738,61642.17023369664,20.865824444710526,i,63.69002640960438,19.611880120445228,19.40083039855611,147927742.36892688,299046289.50903857,328.8702277726403,2.1028408393802787,grid_dlon+000_lat+02,prob_maps_grid_dlon+000_lat+02.npz,2026-01-01T00:00:00,100.20000624993276,2.0,4.306153282920114,MBA,2.2633193452600064,0.18502,1.84456,2,0.002133764613339312,-0.26010786669629843,-0.05859558584892478,mag21,D456819,0.01,21.55008510166751,mag21,0.0038431533490058795,373773,61642.14675094088,30.0,31.0,330.4153278564736,-10.669984224775128,173.57048323698308,r,0.0,373825,61642.17048253923,30.0,31.0,330.4153278564736,-10.669984224775128,156.47074690898765,i,0.0,373773-373825,True,49,True,48,N
inst00267_part008:S100w7mla:61642,inst00267_part008.h5,4280,S100w7mla,61642,2,34.3652157462202,34.3652157462202,10.093197412243654,1.3918349744111103,-0.09306096551138397,-0.12885035323238725,21.763807100242232,10.094308237216012,1.3933679769345018,61642.29824732186,61642.29781908112,21.980203002480348,r,31.18248851171332,10.092086587271297,1.3903019718877188,61642.322112055015,61642.321683814276,21.547411198004117,i,36.60995967709033,17.629808567948636,17.380356186429957,281258909.090823,410677353.1747745,9.818537500248036,-2.717096593181216,grid_dlon+040_lat-03,prob_maps_grid_dlon+040_lat-03.npz,2026-01-01T00:00:00,140.20000624993276,-3.0,3.5171574823870726,MBA,2.532010120888389,0.11075,2.25159,2,0.0023457107906525027,-0.1362556356109427,-0.08205954746703875,mag21,D458622,0.01,22.363450913812276,mag22,0.0013973071633874676,374107,61642.29806792371,30.0,31.0,10.459801237058713,1.9451247494775845,140.96344844814226,r,0.0,374159,61642.321932656865,30.0,31.0,10.459801237058713,1.9451247494775845,127.24220479209438,i,0.0,374107-374159,True,106,True,103,C
inst00324_part008:S100F4bea:61642,inst00324_part008.h5,5192,S100F4bea,61642,2,34.18834700714797,34.18834700714797,338.1016253573562,-13.428770552945023,-0.24536984051965915,-0.08130211404607145,23.247513379045266,338.1045517719261,-13.427792806294903,61642.14821419839,61642.14778595765,23.507692101283997,r,8.180164364982435,338.0986989427864,-13.429748299595143,61642.17195610603,61642.17152786529,22.98733465680653,i,9.940010847255582,20.11906369457588,19.864600275414247,246398793.1411027,397250877.09979033,334.76839019804044,-3.94353999807239,grid_dlon+000_lat-04,prob_maps_grid_dlon+000_lat-04.npz,2026-01-01T00:00:00,100.20000624993276,-4.0,1.5929727472160824,MBA,2.4343781917221925,0.17756,2.00213,2,0.001348312316592013,-0.2524039577451598,0.01275947255560799,mag23,D458751,0.0,23.852913103631018,mag23,0.0024771026440025233,373776,61642.14803480024,30.0,31.0,338.53272863894745,-13.867824161971438,188.3313940349604,r,0.0,373828,61642.17177670788,30.0,31.0,338.53272863894745,-13.867824161971438,176.4169057759705,i,0.0,373776-373828,True,60,True,60,J
inst00368_part010:S100MzZEa:61642,inst00368_part010.h5,5898,S100MzZEa,61642,2,34.27103605354205,34.27103605354205,351.19521407360804,-1.8589923615898845,-0.15764862887252165,-0.06928879833598015,23.543373241115887,351.1970892163681,-1.8581671571687248,61642.24252131733,61642.24209307659,23.921252471473505,g,9.667733584880924,351.19333893084803,-1.8598175660110443,61642.26632064792,61642.26589240718,23.165494010758273,r,12.718208124124548,18.5273489908251,18.938370682366063,315813086.0538585,460964797.1539788,351.17550748971274,1.7817250848070276,grid_dlon+020_lat+02,prob_maps_grid_dlon+020_lat+02.npz,2026-01-01T00:00:00,120.20000624993276,2.0,2.105209579469933,MBA,3.194654961782544,0.07503,2.95496,2,0.000571307489045583,-0.17220197309182858,-0.0017380495645837881,mag23,D462858,0.0,23.495002558749828,mag23,0.0009051343601383527,373980,61642.24234191918,30.0,31.0,351.51746422492533,-2.161525241498186,143.23632355643025,g,0.0,374032,61642.26614124977,30.0,31.0,351.51746422492533,-2.161525241498186,127.70107224370017,r,0.0,373980-374032,True,52,True,52,L
inst00110_part003:S100aFmRa:61642,inst00110_part003.h5,1763,S100aFmRa,61642,2,34.38103106687777,34.38103106687777,270.77687089779107,-26.27740483773582,0.05425742713359051,0.01586714086754375,20.55621827174635,270.7762238066737,-26.277593147838264,61642.094557400014,61642.094129159275,20.65167010057275,i,79.50098118417748,270.77751798890836,-26.277216527633374,61642.11843311603,61642.118004875294,20.460766442919947,z,64.9402336986224,16.402589552768227,15.806272881331065,312276998.67577904,408265051.612046,270.69357396672615,-2.840004358099494,grid_dlon-060_lat-03,prob_maps_grid_dlon-060_lat-03.npz,2026-01-01T00:00:00,40.200006249932756,-3.0,2.435219532432437,MBA,2.6852974788348067,0.14246,2.30275,2,0.001025317615397421,0.048795426370034554,0.015604201106096623,mag20,D462901,0.32,21.509945390415286,mag21,0.0009768072870542316,373658,61642.094378001864,30.0,31.0,270.45866431300607,-26.63108025372794,65.10267945919445,i,0.0,373710,61642.11825371788,30.0,31.0,270.45866431300607,-26.63108025372794,64.98675224524713,z,0.0,373658-373710,True,135,True,135,E
inst00233_part014:S100r7Qqa:61642,inst00233_part014.h5,3742,S100r7Qqa,61642,2,34.34539839159697,34.34539839159697,274.0666578552137,-21.016178320257346,0.10353980335060275,0.02783723778016,22.619444763990508,274.0654231181064,-21.016511843659416,61642.09502691247,61642.094598671734,22.894687682990565,i,12.363984483793866,274.067892592321,-21.015844796855273,61642.11887788358,61642.11844964284,22.344201844990454,z,10.604636257805039,20.27173334253036,19.71131442440813,172995519.3231317,284396489.8953842,273.7951149392092,2.3694903129414113,grid_dlon-060_lat+02,prob_maps_grid_dlon-060_lat+02.npz,2026-01-01T00:00:00,40.200006249932756,2.0,0.7661155918981984,MBA,2.2082777036048062,0.1761,1.8194,2,0.0008315527106675588,0.09748301031181188,0.02509732881804101,mag22,D463097,0.01,23.45813033958238,mag23,0.0020113186288800797,373659,61642.094847514316,30.0,31.0,272.320612345032,-21.213523687699524,77.52003801990354,i,6.28642737865448e-07,373711,61642.11869848543,30.0,31.0,272.320612345032,-21.213523687699524,73.83158954872613,z,0.0,373659-373711,True,179,True,179,F
inst00171_part004:S100itBaa:61642,inst00171_part004.h5,2740,S100itBaa,61642,2,36.52327183401212,36.52327183401212,297.3131230214393,-25.131232981859085,-0.121745528448477,-0.0125411613253226,21.614289242486144,297.31466554370775,-25.13107304502475,61642.19621749138,61642.19578925064,21.740070646300488,i,32.7861942746774,297.3115804991709,-25.13139291869342,61642.2215808746,61642.22115263386,21.488507838671804,z,19.443125410056087,16.932479032847805,16.353014381867265,375199213.38400185,504277464.3021133,294.6054642872838,-3.99532893392875,grid_dlon-040_lat-04,prob_maps_grid_dlon-040_lat-04.npz,2026-01-01T00:00:00,60.200006249932756,-4.0,1.3817397611689408,MBA,3.0405550507970593,0.15251,2.57684,2,0.0008055700174090174,-0.11092435379641619,0.00783719007837168,mag21,D463361,0.02,22.53127486061888,mag22,0.0010947103880776705,373884,61642.19603809323,30.0,31.0,297.722561514484,-24.817875390727316,67.88522708467251,i,0.0,373940,61642.22140147645,30.0,31.0,297.722561514484,-24.817875390727316,68.13687199255678,z,0.0,373884-373940,True,53,True,53,X
inst00041_part009:S1002Dg5a:61642,inst00041_part009.h5,665,S1002Dg5a,61642,2,34.38103106687777,34.38103106687777,270.382450703803,-24.74964016833828,0.0335657715826383,0.04645290080165575,22.108520686803566,270.38205105012923,-24.750186944201054,61642.094557400014,61642.094129159275,22.21976320185464,i,15.059111128977888,270.3828503574768,-24.749093392475512,61642.11843311603,61642.118004875294,21.99727817175249,z,11.621033885384644,17.572434490131283,16.9886586205009,345720906.52058274,439472412.6517955,270.3435432159556,-1.3108200824600138,grid_dlon-060_lat-01,prob_maps_grid_dlon-060_lat-01.npz,2026-01-01T00:00:00,40.200006249932756,-1.0,2.7973089693265822,MBA,2.9672630184366753,0.01121,2.934,2,0.0011984867778810054,0.030613890218133592,0.04637177980205757,mag22,D463889,0.01,23.029862066302666,mag23,0.0017718103804193381,373658,61642.094378001864,30.0,31.0,270.45866431300607,-26.63108025372794,65.10267945919445,i,0.0,373710,61642.11825371788,30.0,31.0,270.45866431300607,-26.63108025372794,64.98675224524713,z,0.0,373658-373710,True,120,True,120,E
inst00091_part005:S1008n28a:61642,inst00091_part005.h5,1461,S1008n28a,61642,2,34.328452760819346,34.328452760819346,254.9341027360567,-23.357010209661958,0.2080639551063424,0.03947220219756905,20.404356133442032,254.93162088494825,-23.357481341867757,61642.05405392916,61642.05362568842,20.644614063718105,r,89.72804903376213,254.9365845871652,-23.356539077456162,61642.07789313247,61642.07746489173,20.16409820316596,i,88.39692840899698,16.483935169411073,16.24191689409064,262630402.15414047,335112304.9589327,256.18961473681145,-0.6369257504853862,grid_dlon-080_lat-01,prob_maps_grid_dlon-080_lat-01.npz,2026-01-01T00:00:00,20.200006249932756,-1.0,3.1271549987835234,MBA,2.5817491895078106,0.18568,2.10237,2,0.00016334806142211464,0.18591977289251044,0.05901153075848665,mag20,D464215,0.02,20.97243923935139,mag20,0.0009204158655849915,373567,61642.05387453101,30.0,31.0,255.57356396909347,-22.958749626878994,72.95550297090713,r,0.0,373619,61642.07771373432,30.0,31.0,255.57356396909347,-22.958749626878994,70.77344610239842,i,0.0,373567-373619,True,50,True,50,V
inst00503_part006:S101d3tDa:61642,inst00503_part006.h5,8054,S101d3tDa,61642,2,34.360883255722,34.360883255722,4.797856383302644,3.903173417684558,-0.11334447517831281,-0.01097602529329295,21.920009239703496,4.799206820231632,3.9033119803774214,61642.298680903965,61642.298252663226,22.13605766555674,r,26.573593479525996,4.796505946373657,3.903034854991694,61642.32254262845,61642.32211438771,21.703960813850255,i,29.092939148840163,19.587816956492063,19.371469674230713,160682239.27271563,297919650.1342623,5.947369195176589,1.6767304013159179,grid_dlon+030_lat+02,prob_maps_grid_dlon+030_lat+02.npz,2026-01-01T00:00:00,130.20000624993276,2.0,2.642491712000001,MBA,2.216910206358059,0.1035,1.98746,2,0.0008348420248287969,-0.1082091257088335,0.03476673200626692,mag21,D465923,0.0,22.408539565472783,mag22,0.0008623395093807403,374108,61642.298501505815,30.0,31.0,5.612435850997294,2.863202976914128,133.06386966920232,r,0.0,374160,61642.3223632303,30.0,31.0,5.612435850997294,2.863202976914128,120.3423953691796,i,0.0,374108-374160,True,12,True,8,D
inst00216_part007:S100oF1ma:61642,inst00216_part007.h5,3463,S100oF1ma,61642,2,34.18257205397822,34.18257205397822,263.4323509223196,-22.45173131991699,0.07526068191733681,-0.041201023462138706,23.033098786641908,263.43144182518733,-22.451224154641007,61642.10585084488,61642.10542260414,23.289934418916786,i,6.04978684329745,263.43326001945184,-22.452238485192975,61642.12958874214,61642.1291605014,22.776263154367026,z,5.60806777324624,19.32408524836212,18.720194579806876,283048668.1033819,368644097.4984479,263.92757826837635,0.8493041979201625,grid_dlon-070_lat+01,prob_maps_grid_dlon-070_lat+01.npz,2026-01-01T00:00:00,30.200006249932756,1.0,0.8071066452170425,MBA,2.294742791149116,0.18607,1.86776,2,0.0019772132794539424,0.07136654067893038,-0.03799346352964866,mag23,D466144,0.0,24.002904206835034,mag24+,0.0012099565012607602,373684,61642.105671446734,30.0,31.0,262.3464125266547,-22.444355960056903,71.11750764041383,i,6.28642737865448e-07,373736,61642.12940934399,30.0,31.0,262.3464125266547,-22.444355960056903,70.824918879744,z,0.0,373684-373736,True,143,True,143,Z
inst00302_part010:S100BAdza:61642,inst00302_part010.h5,4842,S100BAdza,61642,2,34.173501619370654,34.173501619370654,331.2619303107763,-10.414526396788784,-0.19881177372558098,-0.08357996803790796,23.434030149315163,331.26427898752524,-10.413543880637635,61642.14693033903,61642.146502098294,23.604957927880903,r,8.105366793225627,331.25958163402737,-10.415508912939934,61642.17066193738,61642.17023369664,23.263102370749426,i,9.32372732701057,19.45466921412828,19.206592152472616,313359785.4348732,464526182.3529155,329.6053782006345,1.2749884601745067,grid_dlon+000_lat+01,prob_maps_grid_dlon+000_lat+01.npz,2026-01-01T00:00:00,100.20000624993276,1.0,3.5803510897450934,MBA,2.9430175143369577,0.09674,2.65831,2,0.0007633703379489468,-0.21246227199777434,-0.010112355232298795,mag23,D469107,0.0,24.027437996842547,mag24+,0.0006045775861710583,373773,61642.14675094088,30.0,31.0,330.4153278564736,-10.669984224775128,173.57048323698308,r,0.0,373825,61642.17048253923,30.0,31.0,330.4153278564736,-10.669984224775128,156.47074690898765,i,0.0,373773-373825,True,81,True,84,N
inst00047_part010:S1003iHWa:61642,inst00047_part010.h5,762,S1003iHWa,61642,2,34.18834700714797,34.18834700714797,337.7677909147695,-13.473608583838798,-0.24430986555033635,-0.09688307833321505,18.656993671091122,337.77069342239906,-13.472457109091588,61642.14821419839,61642.14778595765,18.909913027888646,r,300.37941814709217,337.76488840713995,-13.474760058586009,61642.17195610603,61642.17152786529,18.4040743142936,i,339.6129789488353,16.5756173668706,16.32054567386162,176742972.40434432,327678790.68232346,334.44938241589404,-3.8652369516173373,grid_dlon+000_lat-04,prob_maps_grid_dlon+000_lat-04.npz,2026-01-01T00:00:00,100.20000624993276,-4.0,1.2800782710500844,MBA,2.3419016779511335,0.15075,1.98886,2,0.002394087829168563,-0.25715413584628,-0.0023643786727624884,18_20,D470582,0.33,19.266447997229502,18_20,0.0010287101870974,373776,61642.14803480024,30.0,31.0,338.53272863894745,-13.867824161971438,188.3313940349604,r,0.0,373828,61642.17177670788,30.0,31.0,338.53272863894745,-13.867824161971438,176.4169057759705,i,0.0,373776-373828,True,100,True,61,J
inst00425_part015:S100X4cba:61642,inst00425_part015.h5,6815,S100X4cba,61642,2,36.52327183401212,36.52327183401212,297.4193218916536,-24.38329001165944,-0.1389281591290225,0.06910022427655921,21.969759394180315,297.4210773896927,-24.384169274579886,61642.19621749138,61642.19578925064,22.058984541454866,i,24.2819217803017,297.4175663936146,-24.38241074873899,61642.2215808746,61642.22115263386,21.880534246905764,z,14.427790762854823,18.939607244836548,18.35074566940161,228016391.07706717,360782489.5397439,294.83777569264043,-3.27771621077225,grid_dlon-040_lat-03,prob_maps_grid_dlon-040_lat-03.npz,2026-01-01T00:00:00,60.200006249932756,-3.0,1.6377593098114807,MBA,2.357615128537082,0.13488,2.03962,2,0.002551975136722327,-0.11189307170869223,0.09114359405122074,mag21,D472932,0.01,22.929013724778702,mag22,0.0024033757663362346,373884,61642.19603809323,30.0,31.0,297.722561514484,-24.817875390727316,67.88522708467251,i,0.0,373940,61642.22140147645,30.0,31.0,297.722561514484,-24.817875390727316,68.13687199255678,z,0.0,373884-373940,True,86,True,86,X
inst00135_part001:S100dM4ba:61642,inst00135_part001.h5,2161,S100dM4ba,61642,2,34.27103605354205,34.27103605354205,351.55015492295234,-2.467743283840668,-0.16094087032436388,-0.0545662511633114,23.301857500088595,351.5520756797436,-2.4670901376656387,61642.24252131733,61642.24209307659,23.69630120091995,g,12.886631840902362,351.5482341661611,-2.468396430015697,61642.26632064792,61642.26589240718,22.90741379925724,r,16.392109268334323,19.322610086906217,19.71602874896795,228980966.9912358,374774041.8038129,351.26213877102845,1.0825256986302552,grid_dlon+020_lat+01,prob_maps_grid_dlon+020_lat+01.npz,2026-01-01T00:00:00,120.20000624993276,1.0,2.0089289297830626,MBA,3.090436066178732,0.18705,2.51237,2,0.0010267359538355446,-0.16932131197460903,0.01311283028499229,mag23,D476103,0.0,23.255828751120646,mag23,0.0013191831933135102,373980,61642.24234191918,30.0,31.0,351.51746422492533,-2.161525241498186,143.23632355643025,g,0.0,374032,61642.26614124977,30.0,31.0,351.51746422492533,-2.161525241498186,127.70107224370017,r,0.0,373980-374032,True,98,True,98,L
inst00002_part012:S0000c1Ka:61642,inst00002_part012.h5,44,S0000c1Ka,61642,2,34.232301854062825,34.232301854062825,319.8418840497562,-7.264705785545384,-0.4144356606938061,-0.12478492983885865,23.608679096218538,319.84682798610226,-7.26323005218397,61642.15414510912,61642.15371686838,23.76385312448113,r,7.966050919855878,319.83694011341004,-7.266181518906797,61642.17791754096,61642.17748930022,23.45350506795594,i,8.93355248117807,22.407496427011576,22.153588091409386,114818568.36069039,264142909.00179058,319.94803229659163,7.958038545006149,grid_dlon-010_lat+08,prob_maps_grid_dlon-010_lat+08.npz,2026-01-01T00:00:00,90.20000624993276,8.0,3.2345032685549833,NEO,2.0711765151536095,0.522740079074,0.988489539846,2,1.0,-0.4337424671788758,0.007435313345319757,mag23,D478096,1.0,24.238091004809153,mag24+,1.0,373790,61642.15396571097,30.0,31.0,319.87425652205366,-6.247018758978787,144.29627597575382,r,0.0,373842,61642.177738142804,30.0,31.0,319.87425652205366,-6.247018758978787,126.39120112850028,i,6.28642737865448e-07,373790-373842,True,148,True,146,W
inst00161_part011:S100hcQza:61642,inst00161_part011.h5,2587,S100hcQza,61642,2,34.35887502506375,34.35887502506375,359.2887101318539,0.25806623322483724,-0.13413244707695599,-0.07273979996485261,22.32410082297187,359.2903074704728,0.2589401721501828,61642.299951649904,61642.299523409165,22.60556384413857,r,18.609019681802376,359.28711279323505,0.25719229429949164,61642.32381197978,61642.32338373904,22.042637801805174,i,21.025311114958743,17.280489771174402,17.03490247034609,380780580.1069027,519243293.2453202,359.4461809206739,0.5196962473483058,grid_dlon+030_lat+01,prob_maps_grid_dlon+030_lat+01.npz,2026-01-01T00:00:00,130.20000624993276,1.0,3.909412942175963,MBA,3.210827983027125,0.09974,2.89058,2,0.0015867332922139094,-0.15200314104597207,-0.013385547034895659,mag22,D481122,0.0,22.91919835262578,mag22,0.0020295478149109586,374111,61642.299772251754,30.0,31.0,359.99405749316537,0.7464332850016774,123.00642522751502,r,0.0,374163,61642.32363258163,30.0,31.0,359.99405749316537,0.7464332850016774,111.19553170246147,i,0.0,374111-374163,True,100,True,61,AA
inst00324_part012:S100F6Mma:61642,inst00324_part012.h5,5196,S100F6Mma,61642,2,34.225487157236785,34.225487157236785,326.404963324827,-5.098418954070704,-0.2555197977621073,-0.0714968944150983,22.28812887890295,326.40799961223934,-5.097569128847893,61642.153291680894,61642.152863440155,22.546125322383222,r,23.702564094312034,326.4019270374148,-5.099268779293515,61642.17705938031,61642.17663113957,22.030132435422676,i,26.69534146931339,19.39824278231108,19.157202568381848,214977165.3463497,365100911.8489013,326.88915912888405,7.914378915591843,grid_dlon-010_lat+08,prob_maps_grid_dlon-010_lat+08.npz,2026-01-01T00:00:00,90.20000624993276,8.0,3.7087252111857403,MBA,2.2644229693756572,0.10594,2.02453,2,0.0016885752117873193,-0.2662998644383516,0.017761124155194423,mag22,D483607,0.01,22.880926310521097,mag22,0.014589110945977923,373788,61642.153112282744,30.0,31.0,325.93481101602737,-4.2091162795698995,156.0050468846943,r,0.0,373840,61642.17687998216,30.0,31.0,325.93481101602737,-4.2091162795698995,139.63401455881424,i,0.0,373788-373840,True,142,True,143,G
inst00276_part013:S100xutca:61642,inst00276_part013.h5,4429,S100xutca,61642,2,34.17127062915824,34.17127062915824,319.5141486033482,-13.942700033774418,-0.23171810734343895,-0.0262493398919749,22.14593183786709,319.5169040888162,-13.942384672603144,61642.14436164236,61642.14393340162,22.417718172614556,r,27.440236503083245,319.51139311788023,-13.943015394945693,61642.168091691405,61642.167663450666,21.874145503119625,i,22.51810374794469,17.976961147038068,17.757250316671488,301845931.06460845,450141581.1527401,317.59832116880295,1.6952294052815913,grid_dlon-020_lat+02,prob_maps_grid_dlon-020_lat+02.npz,2026-01-01T00:00:00,80.20000624993276,2.0,4.436180972786766,MBA,2.609939942130474,0.17746,2.14678,2,0.0013146219728467367,-0.22238491207790959,0.043049266527879944,mag22,D484771,0.0,22.648681521195602,mag22,0.0012434071913385632,373767,61642.14418224421,30.0,31.0,321.102050420575,-13.536656576810467,159.46952532922018,r,0.0,373819,61642.167912293255,30.0,31.0,321.102050420575,-13.536656576810467,134.67718928161105,i,0.0,373767-373819,True,110,True,67,P
inst00405_part003:S100T03sa:61642,inst00405_part003.h5,6483,S100T03sa,61642,2,34.21338453772478,34.21338453772478,348.4859640538519,-7.994233007567454,-0.17286038265228765,-0.1339499873937379,23.123431502107245,348.48801232188083,-7.992641876708567,61642.253589535016,61642.25316129428,23.594288713739797,g,14.25488369758965,348.48391578582294,-7.99582413842634,61642.27734882983,61642.276920589095,22.65257429047469,r,25.10267495414453,19.203408815959108,19.589088452480837,226747291.5888536,374845170.55670494,346.28885424848653,-2.806874922760742,grid_dlon+010_lat-03,prob_maps_grid_dlon+010_lat-03.npz,2026-01-01T00:00:00,110.20000624993276,-3.0,3.014765342393619,MBA,2.705039129814394,0.08893,2.46448,2,0.0006933227706266843,-0.2101329451911636,-0.05652793280052812,mag23,D486892,0.0,23.08434304962641,mag23,0.0003143335850744826,374006,61642.253410136866,30.0,31.0,347.6615257772227,-8.854711246793014,125.93350398601339,g,0.0,374058,61642.27716943168,30.0,31.0,347.6615257772227,-8.854711246793014,109.34834614082037,r,0.0,374006-374058,True,80,True,119,B
inst00570_part002:S101t0wFa:61642,inst00570_part002.h5,9122,S101t0wFa,61642,2,34.18834700714797,34.18834700714797,339.9146587022159,-13.795881314097247,-0.18419216790420606,-0.20885455017939947,23.477890736152016,339.91682565650046,-13.793417547788499,61642.14821419839,61642.14778595765,23.827937785390006,r,7.036903113330023,339.91249174793137,-13.798345080405994,61642.17195610603,61642.17152786529,23.127843686914026,i,8.453815318511621,20.982434490131283,20.733645757635692,194324074.95467675,344935977.1579299,336.27147552456296,-4.940588832639896,grid_dlon+000_lat-05,prob_maps_grid_dlon+000_lat-05.npz,2026-01-01T00:00:00,100.20000624993276,-5.0,3.095627072846076,MBA,2.636893359791698,0.12819,2.29887,2,0.0007362232644131067,-0.24505278612581724,-0.12653960245467108,mag23,D487504,0.01,24.064244978516324,mag24+,0.0006096869560766298,373776,61642.14803480024,30.0,31.0,338.53272863894745,-13.867824161971438,188.3313940349604,r,0.0,373828,61642.17177670788,30.0,31.0,338.53272863894745,-13.867824161971438,176.4169057759705,i,0.0,373776-373828,True,73,True,76,J
inst00077_part007:S1006Jawa:61642,inst00077_part007.h5,1239,S1006Jawa,61642,2,34.314723999705166,34.314723999705166,8.674634123651742,-3.9934457852475016,-0.08479026621383884,-0.08153020819374651,22.730298441849442,8.675650119274337,-3.9924746974758265,61642.30340807013,61642.302979829394,22.94615405110653,r,15.685001618568066,8.673618128029148,-3.9944168730191767,61642.32723773958,61642.32680949884,22.51444283259235,i,17.15284617342595,19.187825576631862,18.93320123734713,239461054.9568571,373072418.4257662,6.380285867488344,-7.1082320039066955,grid_dlon+030_lat-08,prob_maps_grid_dlon+030_lat-08.npz,2026-01-01T00:00:00,130.20000624993276,-8.0,3.1785608306898094,MBA,2.7787221177102928,0.10696,2.48151,2,0.0016464111298726538,-0.11081964417677781,-0.04133709190519817,mag22,D487582,0.01,23.33709720450231,mag23,0.0012175959388844334,374119,61642.30322867198,30.0,31.0,9.08702925754262,-4.299216293602096,134.79862427186353,r,0.0,374171,61642.32705834143,30.0,31.0,9.08702925754262,-4.299216293602096,118.99293609916184,i,0.0,374119-374171,True,52,True,52,S
inst00000_part003:S00000X2a:61642,inst00000_part003.h5,3,S00000X2a,61642,2,34.3652157462202,34.3652157462202,10.818851898779826,3.258740606968158,-0.17485767638165017,-0.10525954874050375,23.45201251526251,10.820917150549576,3.2600122128197135,61642.29824732186,61642.29781908112,23.602177375119528,r,5.814763756313053,10.816786647010076,3.2574690011166028,61642.322112055015,61642.321683814276,23.30184765540549,i,6.856556083463002,19.291575293326908,19.045346655834905,296646272.71469784,424121717.633114,11.217344072656596,-1.282933631343005,grid_dlon+040_lat-01,prob_maps_grid_dlon+040_lat-01.npz,2026-01-01T00:00:00,140.20000624993276,-1.0,2.1258657193314034,NEO,2.5300899878266097,0.585349561758,1.049102922244,2,0.0022305400891159282,-0.2018781578705115,-0.028663901289979067,mag23,D488673,0.99,24.042665859427604,mag24+,0.0025119908376407592,374107,61642.29806792371,30.0,31.0,10.459801237058713,1.9451247494775845,140.96344844814226,r,0.0,374159,61642.321932656865,30.0,31.0,10.459801237058713,1.9451247494775845,127.24220479209438,i,0.0,374107-374159,True,32,True,35,C
inst00020_part005:S1000lGQa:61642,inst00020_part005.h5,325,S1000lGQa,61642,2,34.35887502506375,34.35887502506375,359.9325025127369,0.6752531972272271,-0.15685778185248916,0.0079290306065346,18.60578913677213,359.9343763316403,0.6751570997262613,61642.299951649904,61642.299523409165,18.860686842498826,r,301.1164431544633,359.93062869383357,0.6753492947281928,61642.32381197978,61642.32338373904,18.35089143104544,i,329.3167475612536,16.550215962968746,16.295550677715934,151384512.32525688,293176620.8845813,0.20281603380505528,0.6463733398096396,grid_dlon+030_lat+01,prob_maps_grid_dlon+030_lat+01.npz,2026-01-01T00:00:00,130.20000624993276,1.0,3.1431173654962192,MBA,2.2555282555282554,0.13716,1.94616,2,0.001141373955485278,-0.14075727548717068,0.06966869339216171,18_20,D491089,0.04,19.210238459056196,18_20,0.0010945955245103614,374111,61642.299772251754,30.0,31.0,359.99405749316537,0.7464332850016774,123.00642522751502,r,0.0,374163,61642.32363258163,30.0,31.0,359.99405749316537,0.7464332850016774,111.19553170246147,i,0.0,374111-374163,True,94,True,94,AA
inst00202_part015:S100mMDDa:61642,inst00202_part015.h5,3247,S100mMDDa,61642,2,36.56775874318555,36.56775874318555,307.3787401874011,-13.324991232689548,-0.17548551936577741,-0.0106593835870339,21.088544625334727,307.3809675279247,-13.324857840835943,61642.18475161897,61642.18432337823,21.195045969918315,i,51.35217499992201,307.3765128468775,-13.325124624543156,61642.21014589587,61642.20971765513,20.982043280751142,z,34.66484011318684,17.245913575643236,16.65418438283687,300392770.4704548,441676551.5341797,306.40088617255464,5.516007701271794,grid_dlon-030_lat+05,prob_maps_grid_dlon-030_lat+05.npz,2026-01-01T00:00:00,70.20000624993276,5.0,3.2299413350270614,MBA,2.993123323949304,0.10131,2.68989,2,0.0010172207744844654,-0.1690283956720478,0.031086819012446858,mag21,D491143,0.01,22.014360242497855,mag22,0.0015150144616578587,373857,61642.184572220816,30.0,31.0,307.55006857284826,-14.514477456298348,92.2770262254423,i,0.0,373913,61642.20996649772,30.0,31.0,307.55006857284826,-14.514477456298348,84.45627244608112,z,0.0,373857-373913,True,74,True,77,R
inst00332_part015:S100GpFia:61642,inst00332_part015.h5,5327,S100GpFia,61642,2,34.21338453772478,34.21338453772478,348.14203057148126,-10.206247868500576,-0.2626154765709998,-0.01450998758617325,23.539224523583623,348.1451417700549,-10.20607459991456,61642.253589535016,61642.25316129428,23.913870106632125,g,8.312068085495163,348.13891937290765,-10.206421137086593,61642.27734882983,61642.276920589095,23.164578940535122,r,14.954575200933718,19.757706697035843,20.15557770383598,226476743.90752146,374844467.31865233,345.1100800153236,-4.710796582112881,grid_dlon+010_lat-05,prob_maps_grid_dlon+010_lat-05.npz,2026-01-01T00:00:00,110.20000624993276,-5.0,1.8525131109502224,MBA,2.610752528624774,0.19126,2.11142,2,0.0006010982314442425,-0.24442049847369357,0.08759926420110833,mag23,D492252,0.01,23.49364681974764,mag23,0.0005881912117263947,374006,61642.253410136866,30.0,31.0,347.6615257772227,-8.854711246793014,125.93350398601339,g,0.0,374058,61642.27716943168,30.0,31.0,347.6615257772227,-8.854711246793014,109.34834614082037,r,0.0,374006-374058,True,181,True,159,B
inst00000_part002:S00000HUa:61642,inst00000_part002.h5,2,S00000HUa,61642,2,34.38103106687777,34.38103106687777,270.39850435934784,-25.705217662708918,-0.001138730811942581,-0.007704257450726349,22.313355201540947,270.3985219261076,-25.705122638357217,61642.094557400014,61642.094129159275,22.33569401747615,i,19.806490146017122,270.39848679258813,-25.705312687060623,61642.11843311603,61642.118004875294,22.291016385605744,z,14.990458409881198,18.912990033881275,18.320593300325587,241847343.87166113,341837855.1214868,270.3554795992031,-2.266433449730897,grid_dlon-060_lat-02,prob_maps_grid_dlon-060_lat-02.npz,2026-01-01T00:00:00,40.200006249932756,-2.0,2.780843743005927,NEO,1.725477300854272,0.79602042427,0.35196212776,2,0.0009748941456910612,-0.0010481865191072424,-0.007701387054965693,mag22,D494510,0.04,23.26176190121536,mag23,0.000997184199231668,373658,61642.094378001864,30.0,31.0,270.45866431300607,-26.63108025372794,65.10267945919445,i,0.0,373710,61642.11825371788,30.0,31.0,270.45866431300607,-26.63108025372794,64.98675224524713,z,0.0,373658-373710,True,87,True,87,E
inst00173_part010:S100iMRua:61642,inst00173_part010.h5,2778,S100iMRua,61642,2,36.52327183401212,36.52327183401212,296.44142705445927,-24.610790045727107,-0.11952080805550751,-0.010977742440578399,20.892149774526317,296.4429373278867,-24.610647339881208,61642.19621749138,61642.19578925064,20.997681812238476,i,60.783756783008904,296.4399167810318,-24.610932751573007,61642.2215808746,61642.22115263386,20.78661773681416,z,38.57096973120786,16.48730879646685,15.887752049977077,341314110.65380436,470261370.6504153,293.91993557189716,-3.340899470835045,grid_dlon-040_lat-03,prob_maps_grid_dlon-040_lat-03.npz,2026-01-01T00:00:00,60.200006249932756,-3.0,0.7751797050414797,MBA,3.1400077903033634,0.12712,2.74085,2,0.0004229263660117436,-0.10907234454303494,0.008475986391092385,mag20,D496052,0.08,21.834397724549238,mag21,0.0005641116357776122,373884,61642.19603809323,30.0,31.0,297.722561514484,-24.817875390727316,67.88522708467251,i,0.0,373940,61642.22140147645,30.0,31.0,297.722561514484,-24.817875390727316,68.13687199255678,z,0.0,373884-373940,True,37,True,37,X
inst00387_part015:S100PWVVa:61642,inst00387_part015.h5,6207,S100PWVVa,61642,2,34.35887502506375,34.35887502506375,359.8439798009227,-0.5226375135188781,-0.11267604375329116,-0.2791356987028081,23.237314168147208,359.8453333283269,-0.519317446156599,61642.299951649904,61642.299523409165,23.56962486501617,r,7.740518407397053,359.84262627351853,-0.5259575808811571,61642.32381197978,61642.32338373904,22.905003471278242,i,8.78424221820044,21.1058131125788,20.858830597290964,155657930.3105736,297687805.2802297,359.64509045904384,-0.41745488274958636,grid_dlon+030_lat+00,prob_maps_grid_dlon+030_lat+00.npz,2026-01-01T00:00:00,130.20000624993276,0.0,3.7044832533533794,other,2.564986853000567,0.31163,1.76566,2,0.01857108129998951,-0.21441553477123917,-0.21128178259582966,mag23,D497217,0.07,23.818483570856245,mag23,0.00817529946552932,374111,61642.299772251754,30.0,31.0,359.99405749316537,0.7464332850016774,123.00642522751502,r,0.0,374163,61642.32363258163,30.0,31.0,359.99405749316537,0.7464332850016774,111.19553170246147,i,0.0,374111-374163,True,153,True,114,AA
inst00304_part008:S100BSNya:61642,inst00304_part008.h5,4872,S100BSNya,61642,2,36.52376041514799,36.52376041514799,291.5142034877978,-26.991332583115856,-0.11667934450888809,0.01984698840276375,21.836898486140576,291.51568955654136,-26.99158212138908,61642.195375061776,61642.19494682104,21.958995589645156,i,26.89221949157283,291.51271741905424,-26.991083044842632,61642.22073878429,61642.22031054355,21.714801382635994,z,16.637711319443884,18.19779103055468,17.608485951019006,270408907.9461447,395344073.4823347,289.1447386121277,-4.970968860047103,grid_dlon-040_lat-05,prob_maps_grid_dlon-040_lat-05.npz,2026-01-01T00:00:00,60.200006249932756,-5.0,4.078266803374996,MBA,2.3309744967686643,0.13658,2.01261,2,0.0012545137449888224,-0.1003205754448842,0.03485722498651037,mag21,D497478,0.15,22.778412535121575,mag22,0.001961512138220819,373882,61642.195195663626,30.0,31.0,291.7046191581302,-27.179875848535122,64.83657429004097,i,0.0,373938,61642.220559386136,30.0,31.0,291.7046191581302,-27.179875848535122,66.39172205669752,z,0.0,373882-373938,True,93,True,93,U
inst00199_part008:S100mj3ka:61642,inst00199_part008.h5,3192,S100mj3ka,61642,2,34.312762225745246,34.312762225745246,248.29233451163577,-32.11155459399303,0.12480387833104364,0.07925397607045265,23.216248872073272,248.2908665731855,-32.1124808929809,61642.05831489474,61642.057886654,23.639822343552435,r,8.232156730195419,248.29380245008602,-32.11062829500516,61642.08214320184,61642.0817149611,22.792675400594106,i,8.927265445080184,17.330306591111583,17.113147547694055,471472392.5107113,519568346.9399651,251.44336214659884,-10.05980099007085,grid_dlon-080_lat-12,prob_maps_grid_dlon-080_lat-12.npz,2026-01-01T00:00:00,20.200006249932756,-12.0,2.543344579218827,MBA,3.178182864605815,0.09649,2.87152,2,0.003426479930145896,0.0941286690614822,0.09415988058338036,mag23,D497545,0.04,23.713101324379213,mag23,0.0020799155944432367,373577,61642.05813549659,30.0,31.0,247.8261477933222,-30.764583262605335,58.24793538934472,r,0.0,373629,61642.08196380369,30.0,31.0,247.8261477933222,-30.764583262605335,60.83513165254162,i,0.0,373577-373629,True,70,True,109,T
inst00055_part014:S1004eNKa:61642,inst00055_part014.h5,894,S1004eNKa,61642,3,34.312762225745246,34.312762225745246,249.539890756739,-30.379903099022986,0.1760847589529448,-0.02481128583065325,22.751589839932926,249.53778644059918,-30.379609130159707,61642.05831489474,61642.057886654,23.050329607506747,r,11.336789561890162,249.54199507287882,-30.380197067886265,61642.08214320184,61642.0817149611,22.452850072359105,i,12.913981943689436,17.926713090048498,17.68065680814248,355629406.7678366,411864516.553604,252.25801131370378,-8.191872000730328,grid_dlon-080_lat-08,prob_maps_grid_dlon-080_lat-08.npz,2026-01-01T00:00:00,20.200006249932756,-8.0,0.8516892265715789,MBA,2.6934991520633127,0.1155,2.3824,3,0.0011183189984258516,0.15547222490391333,-0.0032256275478148824,mag22,D499652,0.02,23.33093303179045,mag23,0.0007602795886140922,373577,61642.05813549659,30.0,31.0,247.8261477933222,-30.764583262605335,58.24793538934472,r,0.0,373629,61642.08196380369,30.0,31.0,247.8261477933222,-30.764583262605335,60.83513165254162,i,0.0,373577-373629,True,183,True,183,T
inst00063_part004:S100556la:61642,inst00063_part004.h5,1012,S100556la,61642,2,34.3652157462202,34.3652157462202,11.07781237272556,3.077100298296831,-0.050039202063978265,0.01176132119799575,20.0776280322179,11.078411675223492,3.076959581567977,61642.29824732186,61642.29781908112,20.334103901917143,r,114.45210164832568,11.077213070227629,3.077241015025685,61642.322112055015,61642.321683814276,19.821152162518654,i,131.5355669897931,17.592110160519198,17.34003128663916,168488308.04594848,300592081.7459341,11.384454566567635,-1.5511501204213052,grid_dlon+040_lat-02,prob_maps_grid_dlon+040_lat-02.npz,2026-01-01T00:00:00,140.20000624993276,-2.0,1.9910959948499425,MBA,2.427524429967427,0.17724,1.99727,2,0.001303958986059157,-0.041421919515177937,0.030340025573969868,mag20,D500078,0.09,20.667596745578738,mag20,0.0012355576443900459,374107,61642.29806792371,30.0,31.0,10.459801237058713,1.9451247494775845,140.96344844814226,r,0.0,374159,61642.321932656865,30.0,31.0,10.459801237058713,1.9451247494775845,127.24220479209438,i,0.0,374107-374159,True,35,True,74,C
inst00333_part005:S100GtY1a:61642,inst00333_part005.h5,5333,S100GtY1a,61642,2,36.52327183401212,36.52327183401212,297.17293495954516,-24.356939078053937,-0.11542080227743773,0.046148456251766154,21.367193202827295,297.1743947627745,-24.3575261668085,61642.19621749138,61642.19578925064,21.48438550370178,i,39.74152548468931,297.1714751563158,-24.356351989299373,61642.2215808746,61642.22115263386,21.25000090195281,z,24.57734625455663,18.656730234734848,18.029359408997415,209693440.42721486,342871314.067628,294.6215880691623,-3.2108027783327,grid_dlon-040_lat-03,prob_maps_grid_dlon-040_lat-03.npz,2026-01-01T00:00:00,60.200006249932756,-3.0,1.413659554626895,MBA,2.3566492004697808,0.11448,2.08686,2,0.002072765787890121,-0.09514569418188615,0.06450893632690594,mag21,D500691,0.01,22.35783379382988,mag22,0.001502832202987256,373884,61642.19603809323,30.0,31.0,297.722561514484,-24.817875390727316,67.88522708467251,i,0.0,373940,61642.22140147645,30.0,31.0,297.722561514484,-24.817875390727316,68.13687199255678,z,0.0,373884-373940,True,82,True,82,X
inst00166_part010:S100hRzLa:61642,inst00166_part010.h5,2666,S100hRzLa,61642,2,34.20976972673088,34.20976972673088,346.6496788926337,-16.437844676520754,-0.2700261145122783,0.018706057878880702,22.21277957004277,346.65288754290316,-16.438070462281015,61642.254867323965,61642.254439083226,22.601371308364566,g,26.963470557890016,346.64647024236416,-16.437618890760497,61642.2786241085,61642.27819586776,21.82418783172097,r,47.95833514446572,19.25022769774834,19.66211894883967,174048968.14688712,322904606.16085577,341.3027912778805,-9.876805042849508,grid_dlon+010_lat-08,prob_maps_grid_dlon+010_lat-08.npz,2026-01-01T00:00:00,110.20000624993276,-8.0,2.7272364520888117,MBA,2.5864449024588985,0.16548,2.15844,2,0.00018273873311052853,-0.2342910725785651,0.11894620135327018,mag22,D501251,0.02,22.160660621203096,mag22,0.0006736736226206842,374009,61642.254687925815,30.0,31.0,346.6804859599491,-14.744148465919585,117.19964498642732,g,0.0,374061,61642.27844471035,30.0,31.0,346.6804859599491,-14.744148465919585,99.02150734848671,r,0.0,374009-374061,True,157,True,116,Y
inst00571_part003:S101tixWa:61642,inst00571_part003.h5,9139,S101tixWa,61642,2,36.56775874318555,36.56775874318555,306.757921425799,-14.382890203802262,-0.1892726865697425,-0.02681652469408935,22.173126212953846,306.7603260505156,-14.382555546937903,61642.18475161897,61642.18432337823,22.31596695232928,i,20.683331432496317,306.7555168010824,-14.383224860666623,61642.21014589587,61642.20971765513,22.030285473578413,z,14.547079466508789,20.26185717196482,19.700758279077302,161309293.1408761,304407429.4984739,305.5578957453869,4.634305663764085,grid_dlon-030_lat+05,prob_maps_grid_dlon-030_lat+05.npz,2026-01-01T00:00:00,70.20000624993276,5.0,2.37380036509355,MBA,2.234788808518957,0.13041,1.94335,2,0.0006162503825977144,-0.18504442931141793,0.01774568894371556,mag22,D503313,0.01,23.002367933876545,mag23,0.0012380589979550766,373857,61642.184572220816,30.0,31.0,307.55006857284826,-14.514477456298348,92.2770262254423,i,0.0,373913,61642.20996649772,30.0,31.0,307.55006857284826,-14.514477456298348,84.45627244608112,z,0.0,373857-373913,True,49,True,48,R
inst00221_part006:S100plJca:61642,inst00221_part006.h5,3542,S100plJca,61642,2,34.20976972673088,34.20976972673088,346.2966579190678,-14.334574995644967,-0.23358837552021045,-0.09067154059310245,19.49823845453893,346.2994351157432,-14.333500414193114,61642.254867323965,61642.254439083226,19.863367355577193,g,227.3899120202394,346.29388072239243,-14.33564957709682,61642.2786241085,61642.27819586776,19.13310955350067,r,326.12198435706307,17.276788753068363,17.65166159279571,140129219.13141036,289511492.1873297,341.81902171575786,-7.8081311673804645,grid_dlon+010_lat-08,prob_maps_grid_dlon+010_lat-08.npz,2026-01-01T00:00:00,110.20000624993276,-8.0,1.475053012236154,MBA,2.2579090920013933,0.16773,1.87919,2,0.002592765970301789,-0.24603774008264032,0.0047903302571153565,18_20,D504285,0.22,19.456576861743223,18_20,0.001057024545325658,374009,61642.254687925815,30.0,31.0,346.6804859599491,-14.744148465919585,117.19964498642732,g,0.0,374061,61642.27844471035,30.0,31.0,346.6804859599491,-14.744148465919585,99.02150734848671,r,0.0,374009-374061,True,51,True,51,Y
inst00047_part013:S1003kl9a:61642,inst00047_part013.h5,765,S1003kl9a,61642,2,36.52327183401212,36.52327183401212,298.13394204206827,-25.13585473574585,-0.15300637052474766,0.32018868831068625,19.257292406164403,298.1358859636068,-25.139919986703944,61642.19621749138,61642.19578925064,19.40134402095774,i,187.6636512153716,298.1319981205297,-25.131789484787753,61642.2215808746,61642.22115263386,19.11324079137107,z,135.0037798176538,19.4295634852242,18.85034098422938,72683544.10879093,214194646.49073035,295.3366518653856,-4.137726454564757,grid_dlon-040_lat-04,prob_maps_grid_dlon-040_lat-04.npz,2026-01-01T00:00:00,60.200006249932756,-4.0,2.1174026228405225,NEO,2.3976732572548873,0.45933,1.29635,2,1.0,-0.07603062147569868,0.34052494360812247,18_20,D508699,0.25,20.106951421935022,mag20,1.0,373884,61642.19603809323,30.0,31.0,297.722561514484,-24.817875390727316,67.88522708467251,i,0.0,373940,61642.22140147645,30.0,31.0,297.722561514484,-24.817875390727316,68.13687199255678,z,0.0,373884-373940,True,105,True,105,X
inst00000_part002:S00000zva:61642,inst00000_part002.h5,2,S00000zva,61642,2,34.314723999705166,34.314723999705166,9.542069708289546,-4.4737878679041465,-0.22728674588916165,-0.0714914825755138,21.54806891773983,9.544777631892146,-4.472935158835297,61642.30340807013,61642.302979829394,21.80183987126474,r,43.76279163902367,9.539361784686946,-4.4746405769729956,61642.32723773958,61642.32680949884,21.29429796421492,i,47.390490167742534,18.651997900290848,18.40250369508452,190992460.33839458,325497353.9637952,6.989506906481398,-7.891971118409582,grid_dlon+030_lat-08,prob_maps_grid_dlon+030_lat-08.npz,2026-01-01T00:00:00,130.20000624993276,-8.0,3.6617148451959105,NEO,1.8330143841747204,0.318002207794,1.250111763089,2,0.0024572653248602725,-0.23864048461115397,0.024090512819724193,mag21,D510117,1.0,22.15056522265531,mag22,0.003499037915765865,374119,61642.30322867198,30.0,31.0,9.08702925754262,-4.299216293602096,134.79862427186353,r,0.0,374171,61642.32705834143,30.0,31.0,9.08702925754262,-4.299216293602096,118.99293609916184,i,0.0,374119-374171,True,135,True,136,S
inst00689_part006:S10259LLa:61642,inst00689_part006.h5,11030,S10259LLa,61642,3,34.173501619370654,34.173501619370654,329.1743949996502,-10.102574655829331,-0.18897820993894446,-0.19137791456617165,23.11415975202434,329.1766395723883,-10.100290987388139,61642.14693033903,61642.146502098294,23.33211737861219,r,10.419651083151221,329.17215042691214,-10.104858324270523,61642.17066193738,61642.17023369664,22.89620212543649,i,12.103248212213552,20.406730234734848,20.15049823034145,211866783.954992,362864842.88546145,327.78448231745335,2.2772292779057213,grid_dlon-010_lat+02,prob_maps_grid_dlon-010_lat+02.npz,2026-01-01T00:00:00,90.20000624993276,2.0,4.6176598141979435,MBA,2.889595408249395,0.28916,2.05404,3,0.0008947094727810355,-0.24045247413846432,-0.11624679325524051,mag23,D510390,0.0,23.733661521682887,mag23,0.0003956217075139749,373773,61642.14675094088,30.0,31.0,330.4153278564736,-10.669984224775128,173.57048323698308,r,0.0,373825,61642.17048253923,30.0,31.0,330.4153278564736,-10.669984224775128,156.47074690898765,i,0.0,373773-373825,True,66,True,56,N
inst00098_part004:S1009cV8a:61642,inst00098_part004.h5,1572,S1009cV8a,61642,2,36.440662667155266,36.440662667155266,312.3276751389908,-17.78474839125282,-0.16215167799005564,-0.04006384774656035,23.193177320605262,312.3297174126349,-17.784230886390148,61642.2064495027,61642.20602126196,23.348693548426507,i,8.905092626388715,312.32563286534673,-17.78526589611549,61642.23175551844,61642.2313272777,23.037661092784017,z,6.345646119616291,19.27733726318173,18.72206529079428,295375655.12319314,439570598.6918109,309.87673381124426,-0.012170881696651523,grid_dlon-020_lat+00,prob_maps_grid_dlon-020_lat+00.npz,2026-01-01T00:00:00,80.20000624993276,0.0,3.357105916203069,MBA,3.220851388670603,0.10922,2.86907,2,0.0008560035238885313,-0.159491896933655,0.0027569678576778445,mag23,D511872,0.0,24.03111202981098,mag24+,0.0009745221160724418,373908,61642.20627010455,30.0,31.0,312.23052900564977,-17.803267454871637,83.7253105327916,i,0.0,373964,61642.23157612029,30.0,31.0,312.23052900564977,-17.803267454871637,78.47421536379193,z,0.0,373908-373964,True,94,True,94,O
inst00081_part009:S1007dp4a:61642,inst00081_part009.h5,1305,S1007dp4a,61642,2,34.35887502506375,34.35887502506375,359.28688802504837,1.3724263643479815,-0.15303181626176826,-0.11553585298918956,23.76371428496762,359.2887124897165,1.3738227497393685,61642.299951649904,61642.299523409165,23.94190856478525,r,4.32742280115553,359.28506356038025,1.3710299789565943,61642.32381197978,61642.32338373904,23.585520005149988,i,4.881073203822146,19.84447872426307,19.60227419514979,287916620.53093624,427036496.8146917,359.88789710272124,1.5428076903775643,grid_dlon+030_lat+02,prob_maps_grid_dlon+030_lat+02.npz,2026-01-01T00:00:00,130.20000624993276,2.0,3.468344980786619,MBA,2.5914401612864046,0.17662,2.13374,2,0.001159970483087845,-0.18639434296947507,-0.0451239380843695,mag23,D513992,0.0,24.34144008981783,mag24+,0.0011992746813813489,374111,61642.299772251754,30.0,31.0,359.99405749316537,0.7464332850016774,123.00642522751502,r,0.0,374163,61642.32363258163,30.0,31.0,359.99405749316537,0.7464332850016774,111.19553170246147,i,0.0,374111-374163,True,45,True,45,AA
inst00611_part002:S101EiuDa:61642,inst00611_part002.h5,9778,S101EiuDa,61642,2,34.167453416157514,34.167453416157514,326.8854009281884,-13.362223198189085,-0.2537106592072084,-0.06794924365609975,22.545040458403165,326.88841354843896,-13.361430360472383,61642.14565229184,61642.1452240511,22.8566188191007,r,17.834028102248837,326.88238830793784,-13.363016035905787,61642.16937969004,61642.168951449305,22.233462097705626,i,20.671050331361563,20.133008026289865,19.874242633036296,190204452.72427446,340853352.5584435,324.57411412724605,-0.0348017428363242,grid_dlon-010_lat+00,prob_maps_grid_dlon-010_lat+00.npz,2026-01-01T00:00:00,90.20000624993276,0.0,1.400653197127119,MBA,2.363685918234913,0.2295,1.82122,2,0.0010403767248948006,-0.25537811900255725,0.018173390800715738,mag22,D514157,0.0,23.17079782536687,mag23,0.0018548271778114724,373770,61642.14547289369,30.0,31.0,326.7487961931708,-14.202079732179511,172.52492961637122,r,0.0,373822,61642.16920029189,30.0,31.0,326.7487961931708,-14.202079732179511,150.5092126177087,i,0.0,373770-373822,True,48,True,41,Q
inst00100_part004:S1009s8Qa:61642,inst00100_part004.h5,1604,S1009s8Qa,61642,2,34.18257205397822,34.18257205397822,261.5333085769404,-21.92952271331439,0.10975746816476087,-0.0180399785330571,19.827284699738534,261.5320073386893,-21.929308388457578,61642.10585084488,61642.10542260414,19.956067098355753,i,99.67258092486048,261.5346098151915,-21.929737038171204,61642.12958874214,61642.1291605014,19.698502301121316,z,95.66875566765285,15.740349370517396,15.11502762352748,310441294.43924403,390667020.1861962,262.14410393688104,1.2792788517856508,grid_dlon-070_lat+01,prob_maps_grid_dlon-070_lat+01.npz,2026-01-01T00:00:00,30.200006249932756,1.0,1.0291787747000334,MBA,2.705389418337167,0.0871,2.46975,2,0.0021656554138447777,0.10272340322261114,-0.01204451381646776,18_20,D514312,0.08,20.792257076211055,mag20,0.0028084642203698496,373684,61642.105671446734,30.0,31.0,262.3464125266547,-22.444355960056903,71.11750764041383,i,6.28642737865448e-07,373736,61642.12940934399,30.0,31.0,262.3464125266547,-22.444355960056903,70.824918879744,z,0.0,373684-373736,True,43,True,43,Z
inst00019_part005:S1000fxua:61642,inst00019_part005.h5,309,S1000fxua,61642,2,34.17127062915824,34.17127062915824,321.8983913328481,-14.031356687307186,-0.19921618737073732,-0.06010080397777855,20.761281728978368,321.9007516286137,-14.030642506176356,61642.14436164236,61642.14393340162,20.99251941930121,r,85.6967327770927,321.89603103708254,-14.032070868438016,61642.168091691405,61642.167663450666,20.530044038655525,i,73.71122048218672,16.569444428023523,16.332656109526653,312806517.75984454,461952047.9806303,319.7727418334661,0.8985328544836841,grid_dlon-010_lat+01,prob_maps_grid_dlon-010_lat+01.npz,2026-01-01T00:00:00,90.20000624993276,1.0,3.401392530873746,MBA,2.909948496107762,0.06609,2.71763,2,0.0004545107339976197,-0.2023971230790211,0.003425288549268196,mag20,D515303,0.01,21.338625619451715,mag21,0.0005067127636997411,373767,61642.14418224421,30.0,31.0,321.102050420575,-13.536656576810467,159.46952532922018,r,0.0,373819,61642.167912293255,30.0,31.0,321.102050420575,-13.536656576810467,134.67718928161105,i,0.0,373767-373819,True,131,True,141,P
inst00120_part007:S100bVrta:61642,inst00120_part007.h5,1927,S100bVrta,61642,2,36.52327183401212,36.52327183401212,297.4496534802644,-24.054052747614975,-0.07736874631695075,-0.0490547134834777,21.669375300200638,297.45063037428946,-24.05343112763684,61642.19621749138,61642.19578925064,21.787747433130956,i,32.68859133573365,297.44867658623923,-24.05467436759311,61642.2215808746,61642.22115263386,21.55100316727032,z,20.04487371471901,19.983162435997794,19.371733671690194,145722530.95108852,281957700.0865338,294.9255264927129,-2.959149163530282,grid_dlon-040_lat-03,prob_maps_grid_dlon-040_lat-03.npz,2026-01-01T00:00:00,60.200006249932756,-3.0,1.7022845086978697,MBA,2.180298786181139,0.1432,1.86808,2,0.0016544276957023236,-0.07856064462093837,-0.03524884765446475,mag21,D515879,0.0,22.647641628510446,mag22,0.0021057059660525568,373884,61642.19603809323,30.0,31.0,297.722561514484,-24.817875390727316,67.88522708467251,i,0.0,373940,61642.22140147645,30.0,31.0,297.722561514484,-24.817875390727316,68.13687199255678,z,0.0,373884-373940,True,85,True,85,X
inst00000_part000:S000007ua:61642,inst00000_part000.h5,0,S000007ua,61642,3,34.31595815112814,34.31595815112814,249.49194078227592,-24.659581098675567,0.030650672344004065,0.00031593295301675,23.295968962293834,249.4916047707341,-24.6595804961457,61642.056621776544,61642.056193535806,23.539366729409316,r,5.751265166794227,249.49227679381772,-24.659581701205436,61642.08045230304,61642.0800240623,23.052571195178352,i,6.049477474784447,16.733958423197027,16.487055805253103,595566784.7414305,639731035.3666947,251.4117629055386,-2.533727344470044,grid_dlon-080_lat-03,prob_maps_grid_dlon-080_lat-03.npz,2026-01-01T00:00:00,20.200006249932756,-3.0,1.7380896684962817,NEO,2.773397382562791,0.586770933584,1.146048411197,3,0.001575964778861795,0.02756595149041501,0.004198487086877011,mag23,D516610,0.16,23.88491315704073,mag23,0.0013976138780773552,373573,61642.056442378394,30.0,31.0,248.6997815157693,-23.400569102553263,70.20225368589401,r,0.0,373625,61642.08027290489,30.0,31.0,248.6997815157693,-23.400569102553263,69.7145294114945,i,0.0,373573-373625,True,115,True,115,M
inst00535_part011:S101knqYa:61642,inst00535_part011.h5,8571,S101knqYa,61642,2,36.431736872764304,36.431736872764304,319.2342151617359,-18.012771907200182,-0.249144431441417,-0.01077515641308685,23.047221197846333,319.2373762046615,-18.012658131072065,61642.207303253446,61642.20687501271,23.234447446309254,i,8.779561170855331,319.23105411881033,-18.012885683328296,61642.23260307072,61642.23217482998,22.859994949383413,z,5.96684141572603,20.51207231068713,19.911875377079596,210750328.9748809,358792759.04261494,316.11253424710264,-2.103605457831697,grid_dlon-020_lat-02,prob_maps_grid_dlon-020_lat-02.npz,2026-01-01T00:00:00,80.20000624993276,-2.0,2.8797388748506174,MBA,2.3615940897976175,0.03895,2.26961,2,0.0019837068890436772,-0.22931279084578982,0.06115530318584008,mag23,D518616,0.0,23.995345820766737,mag23,0.001020515315191035,373910,61642.207123855296,30.0,31.0,317.51308485366314,-17.84516531742886,88.53112261378887,i,0.0,373966,61642.23242367257,30.0,31.0,317.51308485366314,-17.84516531742886,80.808015289907,z,0.0,373910-373966,True,179,True,186,I
inst00062_part006:S1004Ywza:61642,inst00062_part006.h5,998,S1004Ywza,61642,2,34.225487157236785,34.225487157236785,326.8919071562935,-3.9518774879032317,-0.23466005952809021,-0.07840521818885049,19.494521572164338,326.89469827856055,-3.9509470079831153,61642.153291680894,61642.152863440155,19.704163509846794,r,202.5880449053189,326.88911603402636,-3.952807967823348,61642.17705938031,61642.17663113957,19.284879634481882,i,214.65039155538946,16.116937179965092,15.899636365039619,248158786.1738134,398096213.8511306,327.7405335363976,8.831294798172333,grid_dlon-010_lat+08,prob_maps_grid_dlon-010_lat+08.npz,2026-01-01T00:00:00,90.20000624993276,8.0,4.6342815370764745,MBA,2.4375930726380233,0.09345,2.2098,2,0.0008414442879771608,-0.2497910991704633,0.005123925956790703,18_20,D519748,0.24,19.974885207124718,18_20,0.0017939408917504885,373788,61642.153112282744,30.0,31.0,325.93481101602737,-4.2091162795698995,156.0050468846943,r,0.0,373840,61642.17687998216,30.0,31.0,325.93481101602737,-4.2091162795698995,139.63401455881424,i,0.0,373788-373840,True,87,True,126,G
inst00357_part005:S100KBjja:61642,inst00357_part005.h5,5717,S100KBjja,61642,2,34.225487157236785,34.225487157236785,325.2745565869533,-4.151481244185022,-0.2005905096113832,-0.04866306908930365,23.017342970209633,325.2769369846798,-4.150907402039071,61642.153291680894,61642.152863440155,23.2018261644586,r,13.059781383557352,325.27217618922674,-4.152055086330973,61642.17705938031,61642.17663113957,22.83285977596067,i,14.173024527792185,19.239730541026667,19.02431805582355,275498309.3958547,425081627.88796955,326.13346299104757,9.1823452283533,grid_dlon-010_lat+08,prob_maps_grid_dlon-010_lat+08.npz,2026-01-01T00:00:00,90.20000624993276,8.0,3.180017307155337,MBA,3.0968109085228415,0.10382,2.7753,2,0.0003284363307419233,-0.20755012357715324,0.020338921357364675,mag23,D521101,0.01,23.503024914386085,mag23,0.000323094392447071,373788,61642.153112282744,30.0,31.0,325.93481101602737,-4.2091162795698995,156.0050468846943,r,0.0,373840,61642.17687998216,30.0,31.0,325.93481101602737,-4.2091162795698995,139.63401455881424,i,0.0,373788-373840,True,99,True,60,G
inst00683_part001:S1022Qara:61642,inst00683_part001.h5,10929,S1022Qara,61642,2,34.225487157236785,34.225487157236785,326.3684099848877,-3.91365188350058,-0.22517827980587696,-0.1433829047495844,23.248752018171558,326.37109448539456,-3.9119511910591545,61642.153291680894,61642.152863440155,23.444979785235297,r,11.25524301516794,326.36572548438085,-3.915352575942005,61642.17705938031,61642.17663113957,23.052524251107823,i,12.363733212951853,21.12833620954152,20.90332374750264,162606842.10584724,312671070.646363,327.2556522087842,9.042921392371978,grid_dlon-010_lat+08,prob_maps_grid_dlon-010_lat+08.npz,2026-01-01T00:00:00,90.20000624993276,8.0,4.205598364794947,MBA,2.2578282473163642,0.14668,1.92665,2,0.0036917005415658117,-0.2629974960041148,-0.059738841293828455,mag23,D522325,0.01,23.745428270668913,mag23,0.0078460173622317,373788,61642.153112282744,30.0,31.0,325.93481101602737,-4.2091162795698995,156.0050468846943,r,0.0,373840,61642.17687998216,30.0,31.0,325.93481101602737,-4.2091162795698995,139.63401455881424,i,0.0,373788-373840,True,86,True,86,G
inst00817_part006:S103nAGya:61642,inst00817_part006.h5,13078,S103nAGya,61642,2,34.232301854062825,34.232301854062825,318.99324473913333,-5.940225090797211,-0.19992553199635704,-0.0138452271962042,23.60045004032712,318.9956109116008,-5.94003844226966,61642.15414510912,61642.15371686838,23.861361360267566,r,6.53876278618064,318.99087856666586,-5.9404117393247615,61642.17791754096,61642.17748930022,23.339538720386678,i,7.696549138901208,22.8306131572117,22.562750790465742,110867886.05569722,259886408.37604132,319.545523548397,9.47678860844013,grid_dlon-010_lat+08,prob_maps_grid_dlon-010_lat+08.npz,2026-01-01T00:00:00,90.20000624993276,8.0,3.9251513549376993,MBA,2.2288001123358843,0.28785,1.58724,2,0.0004911562283318017,-0.19631257961711274,0.047327893609144724,mag23,D524569,0.01,24.187699249861375,mag24+,0.0006602999378496164,373790,61642.15396571097,30.0,31.0,319.87425652205366,-6.247018758978787,144.29627597575382,r,0.0,373842,61642.177738142804,30.0,31.0,319.87425652205366,-6.247018758978787,126.39120112850028,i,6.28642737865448e-07,373790-373842,True,57,True,47,W
inst00114_part000:S100b7RDa:61642,inst00114_part000.h5,1824,S100b7RDa,61642,2,34.38103106687777,34.38103106687777,269.4683794879519,-26.316054200123617,0.034688532120134244,0.0168968214800881,21.41116330688766,269.46796766843886,-26.31625815801726,61642.094557400014,61642.094129159275,21.568704812795442,i,37.947464253844686,269.468791307465,-26.315850242229978,61642.11843311603,61642.118004875294,21.25362180097988,z,32.85822816168934,16.902071207437587,16.331862510535196,346072650.9405817,438245908.1950518,269.5190067152179,-2.8776532913151254,grid_dlon-060_lat-03,prob_maps_grid_dlon-060_lat-03.npz,2026-01-01T00:00:00,40.200006249932756,-3.0,3.6066006391970924,MBA,2.855534827174209,0.04586,2.72458,2,0.0018606337992875851,0.0310700165000887,0.017011608789876106,mag21,D524577,0.16,22.239300796352463,mag22,0.0007770433228992577,373658,61642.094378001864,30.0,31.0,270.45866431300607,-26.63108025372794,65.10267945919445,i,0.0,373710,61642.11825371788,30.0,31.0,270.45866431300607,-26.63108025372794,64.98675224524713,z,0.0,373658-373710,True,40,True,40,E
inst00151_part006:S100fQPca:61642,inst00151_part006.h5,2422,S100fQPca,61642,2,34.18257205397822,34.18257205397822,263.5519179068906,-21.081101972251222,0.04311898872605273,-0.01969971859689985,23.248495223678635,263.5514858778293,-21.08085433870835,61642.10585084488,61642.10542260414,23.43701878261359,i,3.8848899374801538,263.55234993595184,-21.081349605794095,61642.12958874214,61642.1291605014,23.05997166474368,z,3.6137578236618966,18.347706697035843,17.728668063013124,426282059.91413176,504203654.970193,263.97670704561455,2.223546729702929,grid_dlon-070_lat+02,prob_maps_grid_dlon-070_lat+02.npz,2026-01-01T00:00:00,30.200006249932756,2.0,0.8712147031866744,MBA,3.1134811539640155,0.08628,2.84485,2,0.0015739247094537876,0.04110453548733243,-0.017881394333143053,mag23,D524817,0.01,24.21982716066551,mag24+,0.001539517357068096,373684,61642.105671446734,30.0,31.0,262.3464125266547,-22.444355960056903,71.11750764041383,i,6.28642737865448e-07,373736,61642.12940934399,30.0,31.0,262.3464125266547,-22.444355960056903,70.824918879744,z,0.0,373684-373736,True,165,True,165,Z
inst00118_part009:S100bGDOa:61642,inst00118_part009.h5,1897,S100bGDOa,61642,2,34.312762225745246,34.312762225745246,246.6808194767678,-30.921304336773602,0.21441702432544685,0.07014829336298839,20.454683528369372,246.67826589717595,-30.92213941210913,61642.05831489474,61642.057886654,20.722709630645518,r,84.549134458002,246.6833730563597,-30.920469261438072,61642.08214320184,61642.0817149611,20.186657426093227,i,95.01329312313963,15.93701931441596,15.685480560676426,320942801.54548925,374462737.32348037,249.88044662713241,-9.096041144139225,grid_dlon-080_lat-08,prob_maps_grid_dlon-080_lat-08.npz,2026-01-01T00:00:00,20.200006249932756,-8.0,3.3894625567674,MBA,2.5511699213350427,0.20422,2.03017,2,0.00038138250359839344,0.1725727484776381,0.09858335428980723,mag20,D524978,0.32,21.059202967692944,mag21,0.0006467761709699496,373577,61642.05813549659,30.0,31.0,247.8261477933222,-30.764583262605335,58.24793538934472,r,0.0,373629,61642.08196380369,30.0,31.0,247.8261477933222,-30.764583262605335,60.83513165254162,i,0.0,373577-373629,True,38,True,45,T
inst00002_part007:S0000ayXa:61642,inst00002_part007.h5,39,S0000ayXa,61642,2,34.225487157236785,34.225487157236785,325.2404182104184,-5.091520163399564,-0.45521790440584475,-0.0138996331087994,23.905451193111574,325.2458470002711,-5.091347155913925,61642.153291680894,61642.152863440155,24.02049858897231,r,4.715303815683092,325.23498942056574,-5.091693170885203,61642.17705938031,61642.17663113957,23.790403797250843,i,5.006823201250467,22.34462199456957,22.126691026090455,144012909.86966312,294130425.90411574,325.78643349295925,8.30645289586541,grid_dlon-010_lat+08,prob_maps_grid_dlon-010_lat+08.npz,2026-01-01T00:00:00,90.20000624993276,8.0,2.622976128030891,NEO,1.7753202923656117,0.459923460883,0.958808839325,2,1.0,-0.43715684437028757,0.13662689029808905,mag23,D524984,1.0,24.40076016702112,mag24+,1.0,373788,61642.153112282744,30.0,31.0,325.93481101602737,-4.2091162795698995,156.0050468846943,r,0.0,373840,61642.17687998216,30.0,31.0,325.93481101602737,-4.2091162795698995,139.63401455881424,i,0.0,373788-373840,True,146,True,114,G
inst00236_part002:S100rsuDa:61642,inst00236_part002.h5,3778,S100rsuDa,61642,2,34.18257205397822,34.18257205397822,262.99095197010644,-23.893066001809306,0.16718162717270735,-0.0290510552677006,21.751502939780057,262.9889536564731,-23.89271861621766,61642.10585084488,61642.10542260414,21.826372011869207,i,18.848427535942164,262.9929502837398,-23.89341338740095,61642.12958874214,61642.1291605014,21.676633867690906,z,17.271760380425007,18.46889242738288,17.879124488038237,242682930.51457518,331037171.87262964,263.59000927328503,-0.6095140569584558,grid_dlon-070_lat-01,prob_maps_grid_dlon-070_lat-01.npz,2026-01-01T00:00:00,30.200006249932756,-1.0,0.599855521787781,MBA,2.630172288631854,0.17348,2.17389,2,0.0012078127947508304,0.15409337965738817,-0.021596947416685736,mag21,D525090,0.03,22.68237845174182,mag22,0.0010756907775605522,373684,61642.105671446734,30.0,31.0,262.3464125266547,-22.444355960056903,71.11750764041383,i,6.28642737865448e-07,373736,61642.12940934399,30.0,31.0,262.3464125266547,-22.444355960056903,70.824918879744,z,0.0,373684-373736,True,113,True,113,Z
inst00060_part012:S1004NeVa:61642,inst00060_part012.h5,972,S1004NeVa,61642,2,34.17127062915824,34.17127062915824,321.948089362307,-14.414443913118063,-0.19223129826952773,-0.04250857419471475,20.171006198788024,321.95036768507754,-14.413937836940788,61642.14436164236,61642.14393340162,20.4234497461003,r,128.46972685899124,321.9458110395364,-14.414949989295337,61642.168091691405,61642.167663450666,19.91856265147575,i,114.49986699178046,15.028663017824837,14.774204122052794,412616780.4579971,561563546.3426917,319.6985242901881,0.5196275512416546,grid_dlon-010_lat+01,prob_maps_grid_dlon-010_lat+01.npz,2026-01-01T00:00:00,90.20000624993276,1.0,3.507149112288969,MBA,3.1144575790986866,0.28349,2.23154,2,0.0005980843332895518,-0.19013338717866252,0.017950427921622443,mag20,D526872,0.02,20.76680207673523,mag20,0.0005342295509974395,373767,61642.14418224421,30.0,31.0,321.102050420575,-13.536656576810467,159.46952532922018,r,0.0,373819,61642.167912293255,30.0,31.0,321.102050420575,-13.536656576810467,134.67718928161105,i,0.0,373767-373819,True,164,True,172,P
inst00032_part008:S1001DWUa:61642,inst00032_part008.h5,520,S1001DWUa,61642,2,36.45291106891818,36.45291106891818,309.17132644580136,-21.896822061326255,-0.18613088558385038,0.025903207958346303,19.873871095102405,309.17368747969493,-21.897149049193672,61642.20517481482,61642.20474657408,19.980903595406097,i,131.93402987318825,309.16896541190783,-21.896495073458834,61642.2304893364,61642.23006109566,19.766838594798713,z,96.53830729075074,15.80057326062511,15.188517322867035,318844145.0122169,459849082.4187515,305.9401810170057,-3.2119150804620054,grid_dlon-030_lat-03,prob_maps_grid_dlon-030_lat-03.npz,2026-01-01T00:00:00,70.20000624993276,-3.0,2.715899006078948,MBA,3.213241328293861,0.13483,2.78,2,0.00046575376189205987,-0.1608792945593996,0.0685299056715336,18_20,D527571,0.04,20.85535377223537,mag20,0.0004980034340747127,373905,61642.20499541667,30.0,31.0,308.8151615658631,-22.414323129384417,73.50827098113933,i,0.0,373961,61642.23030993825,30.0,31.0,308.8151615658631,-22.414323129384417,71.32351469269727,z,0.0,373905-373961,True,128,True,128,H
inst00030_part000:S1001n7Wa:61642,inst00030_part000.h5,480,S1001n7Wa,61642,2,34.31595815112814,34.31595815112814,248.91890637721036,-23.248933416608644,0.13698330065764064,-0.026856118460256748,19.349203937115817,248.91727345776334,-23.248614472205663,61642.056621776544,61642.056193535806,19.59962694560688,r,170.72148999775075,248.9205392966574,-23.24925236101162,61642.08045230304,61642.0800240623,19.098780928624752,i,176.12225516080213,13.829616130849477,13.586387362992337,429683492.0834601,478300870.0765774,250.69363421488376,-1.2112263931499698,grid_dlon-080_lat-01,prob_maps_grid_dlon-080_lat-01.npz,2026-01-01T00:00:00,20.200006249932756,-1.0,2.4018115041596895,MBA,3.0367505529320344,0.16355,2.54009,2,0.0013471168606563578,0.12843661435321846,-0.008568107100624582,18_20,D528000,0.15,19.92281657412348,18_20,0.002324078606307494,373573,61642.056442378394,30.0,31.0,248.6997815157693,-23.400569102553263,70.20225368589401,r,0.0,373625,61642.08027290489,30.0,31.0,248.6997815157693,-23.400569102553263,69.7145294114945,i,0.0,373573-373625,True,97,True,97,M
inst00026_part006:S1000Z7Ba:61642,inst00026_part006.h5,422,S1000Z7Ba,61642,2,34.18257205397822,34.18257205397822,262.30641246438387,-23.172161479798447,0.11262644283661304,-0.00514678435530885,18.090037504524425,262.30507698789063,-23.172103571097043,61642.10585084488,61642.10542260414,18.23780485083773,i,304.51311661869977,262.30774794087705,-23.172219388499855,61642.12958874214,61642.1291605014,17.942270158211116,z,305.57283576563685,13.864364370656508,13.271441805785697,320425005.2735685,401540455.9059496,262.9265160629482,0.07851080111318282,grid_dlon-070_lat+00,prob_maps_grid_dlon-070_lat+00.npz,2026-01-01T00:00:00,30.200006249932756,0.0,0.22246448731115695,MBA,2.9815348847606913,0.10534,2.66746,2,0.0014436991391534354,0.10366774958444054,0.0003743162958697784,18_20,D528846,0.07,18.94859569873873,18_20,0.0010916428772716293,373684,61642.105671446734,30.0,31.0,262.3464125266547,-22.444355960056903,71.11750764041383,i,6.28642737865448e-07,373736,61642.12940934399,30.0,31.0,262.3464125266547,-22.444355960056903,70.824918879744,z,0.0,373684-373736,True,100,True,100,Z
inst00254_part003:S100u8gza:61642,inst00254_part003.h5,4067,S100u8gza,61642,2,34.34539839159697,34.34539839159697,273.9393313761825,-21.28664071815094,0.013177469645657195,0.03182536539297745,21.7726920606022,273.9391710586438,-21.287021478505462,61642.09502691247,61642.094598671734,21.872682568584587,i,27.533212598683228,273.93949169372127,-21.286259957796418,61642.11887788358,61642.11844964284,21.672701552619813,z,22.794342383862183,17.76905151455751,17.1268296478966,303084861.87138,404683391.83469135,273.66880007765104,2.102432358773369,grid_dlon-060_lat+02,prob_maps_grid_dlon-060_lat+02.npz,2026-01-01T00:00:00,40.200006249932756,2.0,0.5543532684635951,MBA,2.773460007477293,0.09058,2.52224,2,0.0021864584035476654,0.013152999826690461,0.03147770033985772,mag21,D529182,0.01,22.7658624127056,mag22,0.0026448701355771096,373659,61642.094847514316,30.0,31.0,272.320612345032,-21.213523687699524,77.52003801990354,i,6.28642737865448e-07,373711,61642.11869848543,30.0,31.0,272.320612345032,-21.213523687699524,73.83158954872613,z,0.0,373659-373711,True,183,True,183,F
inst00166_part011:S100hRMqa:61642,inst00166_part011.h5,2667,S100hRMqa,61642,2,36.56775874318555,36.56775874318555,306.5604791516231,-15.133917624592906,-0.1490245847997816,-0.04449987284544,23.10444446365519,306.5623626299248,-15.133349238516788,61642.18475161897,61642.18432337823,23.229370440684285,i,9.672907976665805,306.5585956733214,-15.134486010669024,61642.21014589587,61642.20971765513,22.979518486626098,z,6.445220088693498,21.2003493705174,20.575027623527482,161446292.30708763,304381738.51037526,305.192568081919,3.950361116294855,grid_dlon-030_lat+04,prob_maps_grid_dlon-030_lat+04.npz,2026-01-01T00:00:00,70.20000624993276,4.0,1.9807586978088167,MBA,2.2737759431257882,0.1279,1.98296,2,0.0006985950410337308,-0.1506668426701044,-0.00905945486612924,mag23,D529674,0.0,24.069416840127708,mag24+,0.0008566573587770656,373857,61642.184572220816,30.0,31.0,307.55006857284826,-14.514477456298348,92.2770262254423,i,0.0,373913,61642.20996649772,30.0,31.0,307.55006857284826,-14.514477456298348,84.45627244608112,z,0.0,373857-373913,True,55,True,54,R
inst00000_part001:S00000nEa:61642,inst00000_part001.h5,1,S00000nEa,61642,2,36.45291106891818,36.45291106891818,308.02801334383764,-22.16363963656668,-0.27211412394408596,0.015823729221907147,22.71559337274713,308.03144588431417,-22.16382213483016,61642.20517481482,61642.20474657408,22.819602809459575,i,12.436242006398823,308.0245808033612,-22.1634571383032,61642.2304893364,61642.23006109566,22.61158393603468,z,8.546406689183673,18.1565039198594,17.550479506314588,365623562.8390889,505280712.05917585,304.8455737203633,-3.206937678017035,grid_dlon-030_lat-03,prob_maps_grid_dlon-030_lat-03.npz,2026-01-01T00:00:00,70.20000624993276,-3.0,1.6262310523989039,NEO,2.0790538359713446,0.625822328309,0.777935523664,2,0.0025171868768568938,-0.24079300517760388,0.07719089289748307,mag22,D531227,0.49,23.666113866432543,mag23,0.003607993442546635,373905,61642.20499541667,30.0,31.0,308.8151615658631,-22.414323129384417,73.50827098113933,i,0.0,373961,61642.23030993825,30.0,31.0,308.8151615658631,-22.414323129384417,71.32351469269727,z,0.0,373905-373961,True,41,True,41,H
inst00051_part006:S1003J7Va:61642,inst00051_part006.h5,822,S1003J7Va,61642,2,34.34539839159697,34.34539839159697,271.0473272167717,-21.38642910384221,0.021815256062946584,-0.014836340195624052,20.42210902753127,271.047065421149,-21.386254545816456,61642.09502691247,61642.094598671734,20.53003131753472,i,85.36145933000448,271.0475890123944,-21.386603661867962,61642.11887788358,61642.11844964284,20.314186737527823,z,70.95351394889107,15.547663420886108,14.928659148646533,391264442.4496052,484245203.30591136,270.971959628738,2.0493045398288934,grid_dlon-060_lat+02,prob_maps_grid_dlon-060_lat+02.npz,2026-01-01T00:00:00,40.200006249932756,2.0,2.1525998427465316,MBA,3.1163262733232475,0.2068,2.47187,2,0.0018065795965920596,0.020217559571107147,-0.014983732283270948,mag20,D533015,0.15,21.413449878884737,mag21,0.0015765610838944356,373659,61642.094847514316,30.0,31.0,272.320612345032,-21.213523687699524,77.52003801990354,i,6.28642737865448e-07,373711,61642.11869848543,30.0,31.0,272.320612345032,-21.213523687699524,73.83158954872613,z,0.0,373659-373711,True,16,True,15,F
inst00262_part010:S100vo1za:61642,inst00262_part010.h5,4202,S100vo1za,61642,2,34.27103605354205,34.27103605354205,350.7113839093446,-1.5064344292597598,-0.1602322920528442,-0.08782946267763295,23.02099866420987,350.71328224040946,-1.50538167897035,61642.24252131733,61642.24209307659,23.3503265383499,g,16.508959585340722,350.7094855782797,-1.5074871795491698,61642.26632064792,61642.26589240718,22.691670790069836,r,17.77272970588418,17.90960995525882,18.20913182002718,337565380.29404336,482745865.4700722,350.86920346107445,2.2960045402888847,grid_dlon+020_lat+02,prob_maps_grid_dlon+020_lat+02.npz,2026-01-01T00:00:00,120.20000624993276,2.0,2.418352619032662,MBA,3.220523741007194,0.13125,2.79783,2,0.0009588348064719244,-0.18194949597704196,-0.017837394924665545,mag23,D533544,0.0,22.991866844182688,mag22,0.0006051616825293087,373980,61642.24234191918,30.0,31.0,351.51746422492533,-2.161525241498186,143.23632355643025,g,0.0,374032,61642.26614124977,30.0,31.0,351.51746422492533,-2.161525241498186,127.70107224370017,r,0.0,373980-374032,True,47,True,46,L
inst00187_part000:S100kz2wa:61642,inst00187_part000.h5,2992,S100kz2wa,61642,2,34.18257205397822,34.18257205397822,261.954643629532,-23.48650017265684,0.09249945114400021,-0.0150999655654829,21.829479823005236,261.95354804130744,-23.486315630246843,61642.10585084488,61642.10542260414,21.933464324100225,i,17.863781918824586,261.95573921775656,-23.48668471506684,61642.12958874214,61642.1291605014,21.725495321910252,z,18.049158413983935,17.405761643063357,16.814648672762672,345098280.1447351,424128828.39654714,262.62110522621765,-0.2529529469099604,grid_dlon-070_lat+00,prob_maps_grid_dlon-070_lat+00.npz,2026-01-01T00:00:00,30.200006249932756,0.0,0.5724702420120538,MBA,2.9094632148603186,0.04282,2.78488,2,0.001840702345611557,0.08554615142095233,-0.010353524399510846,mag21,D534801,0.01,22.694831150242564,mag22,0.0012536542527182418,373684,61642.105671446734,30.0,31.0,262.3464125266547,-22.444355960056903,71.11750764041383,i,6.28642737865448e-07,373736,61642.12940934399,30.0,31.0,262.3464125266547,-22.444355960056903,70.824918879744,z,0.0,373684-373736,True,59,True,59,Z
inst00210_part012:S100nRLya:61642,inst00210_part012.h5,3372,S100nRLya,61642,2,34.3652157462202,34.3652157462202,10.116393731187031,1.3703198633806126,-0.12791115590428648,-0.00544029244290835,22.994313832445922,10.117912482650297,1.370393181231737,61642.29824732186,61642.29781908112,23.182097503136323,r,11.016068801812132,10.114874979723766,1.3702465455294885,61642.322112055015,61642.321683814276,22.80653016175552,i,13.248400179786914,18.826165250382232,18.568349903643487,280992657.77208304,410401757.08124167,9.831450213111705,-2.7459807960143556,grid_dlon+040_lat-03,prob_maps_grid_dlon+040_lat-03.npz,2026-01-01T00:00:00,140.20000624993276,-3.0,3.5020732346800076,MBA,2.5333102493074793,0.278,1.82905,2,0.0008770953926374478,-0.119908327816404,0.04512755965590107,mag22,D535806,0.0,23.61596392880244,mag23,0.0024364045697288454,374107,61642.29806792371,30.0,31.0,10.459801237058713,1.9451247494775845,140.96344844814226,r,0.0,374159,61642.321932656865,30.0,31.0,10.459801237058713,1.9451247494775845,127.24220479209438,i,0.0,374107-374159,True,106,True,103,C
inst00001_part010:S00006XTa:61642,inst00001_part010.h5,26,S00006XTa,61642,2,36.52376041514799,36.52376041514799,292.6386597355129,-26.3571070941253,-1.3695862438793938,-1.804188780509461,20.819386018020975,292.65602877278747,-26.334220145125187,61642.195375061776,61642.19494682104,20.97689954748399,i,27.4787136978157,292.6212906982383,-26.379994043125414,61642.22073878429,61642.22031054355,20.66187248855796,z,19.11529249519717,21.75620866657924,21.137078062347214,38161821.980700925,181635552.90912753,290.2370118211033,-4.49465248890142,grid_dlon-040_lat-04,prob_maps_grid_dlon-040_lat-04.npz,2026-01-01T00:00:00,60.200006249932756,-4.0,3.0265839706360587,NEO,1.31693365874966,0.470087650988,0.697859408601,2,1.0,-1.4943400092228567,-1.5943033680567655,mag20,D535986,1.0,21.787307955673757,mag21,1.0,373882,61642.195195663626,30.0,31.0,291.7046191581302,-27.179875848535122,64.83657429004097,i,0.0,373938,61642.220559386136,30.0,31.0,291.7046191581302,-27.179875848535122,66.39172205669752,z,0.0,373882-373938,True,164,True,164,U
inst00094_part010:S1008LJ3a:61642,inst00094_part010.h5,1514,S1008LJ3a,61642,3,34.314723999705166,34.314723999705166,10.029605617901696,-3.837613616123297,-0.09088181269844672,-0.06220997000373164,22.27130563667278,10.030690334206042,-3.8368741277700296,61642.30340807013,61642.302979829394,22.498013291006203,r,24.69529015362014,10.028520901597346,-3.8383531044765644,61642.32723773958,61642.32680949884,22.044597982339354,i,25.294485864238286,17.761378259741832,17.54339002890908,313740164.5354688,444122925.7806784,7.6940894779634155,-7.500018676775195,grid_dlon+030_lat-08,prob_maps_grid_dlon+030_lat-08.npz,2026-01-01T00:00:00,130.20000624993276,-8.0,4.393247321077855,MBA,3.22911474401906,0.08919,2.94111,3,0.0012158176740804064,-0.10880983800768014,-0.021324113943487065,mag22,D538322,0.01,22.7579156077637,mag22,0.001270485755427707,374119,61642.30322867198,30.0,31.0,9.08702925754262,-4.299216293602096,134.79862427186353,r,0.0,374171,61642.32705834143,30.0,31.0,9.08702925754262,-4.299216293602096,118.99293609916184,i,0.0,374119-374171,True,87,True,129,S
inst00147_part012:S100fnnja:61642,inst00147_part012.h5,2364,S100fnnja,61642,2,36.45291106891818,36.45291106891818,308.9800702802375,-21.787290853453783,-0.1696315542234807,-0.031798280110143,20.9730077323277,308.98221944041,-21.786887547348616,61642.20517481482,61642.20474657408,21.087639809514705,i,57.720502651521166,308.97792112006505,-21.787694159558946,61642.2304893364,61642.23006109566,20.8583756551407,z,40.54074835012573,17.567412310704157,16.94324060559934,262473205.2483958,404038818.0855155,305.79563115511576,-3.0613142278878995,grid_dlon-030_lat-03,prob_maps_grid_dlon-030_lat-03.npz,2026-01-01T00:00:00,70.20000624993276,-3.0,2.56380280512945,MBA,2.907944584550777,0.09989,2.61747,2,0.0014253276843221693,-0.16068642967057908,0.008686076453135209,mag20,D538458,0.02,21.959767126728362,mag21,0.0005320545013827728,373905,61642.20499541667,30.0,31.0,308.8151615658631,-22.414323129384417,73.50827098113933,i,0.0,373961,61642.23030993825,30.0,31.0,308.8151615658631,-22.414323129384417,71.32351469269727,z,0.0,373905-373961,True,89,True,89,H
inst00022_part014:S1000CB2a:61642,inst00022_part014.h5,366,S1000CB2a,61642,2,34.34539839159697,34.34539839159697,271.56208662700567,-22.180891581015032,0.017286179509909072,-0.034061163984790005,16.79088904908094,271.5618782524693,-22.18048534305675,61642.09502691247,61642.094598671734,16.935917844019638,i,734.1946932690868,271.56229500154205,-22.181297818973317,61642.11887788358,61642.11844964284,16.645860254142242,z,676.0910878190163,12.94173334253036,12.381314424408131,282103595.42158496,381159743.2750984,271.44293795821466,1.2505447745198355,grid_dlon-060_lat+01,prob_maps_grid_dlon-060_lat+01.npz,2026-01-01T00:00:00,40.200006249932756,1.0,1.6996259873222632,MBA,2.3046975890053907,0.15595,1.94528,2,0.0,0.01564029684143458,-0.03423277274484419,16_18,D538618,0.08,17.62957462467281,16_18,0.004487880238408507,373659,61642.094847514316,30.0,31.0,272.320612345032,-21.213523687699524,77.52003801990354,i,6.28642737865448e-07,373711,61642.11869848543,30.0,31.0,272.320612345032,-21.213523687699524,73.83158954872613,z,0.0,373659-373711,True,55,True,55,F
inst00371_part013:S100N8uza:61642,inst00371_part013.h5,5949,S100N8uza,61642,2,34.34539839159697,34.34539839159697,273.01546331358503,-20.813518976236406,0.01732763267692948,-0.017122314588764898,22.646965092624274,273.01525368006315,-20.813326187984703,61642.09502691247,61642.094598671734,22.78509914872736,i,12.999351279915626,273.0156729471069,-20.813711764488108,61642.11887788358,61642.11844964284,22.508831036521187,z,10.611539315143732,18.4618853115272,17.837309229931265,321957266.13813937,421156631.7797923,272.8175458774956,2.5962338259922815,grid_dlon-060_lat+03,prob_maps_grid_dlon-060_lat+03.npz,2026-01-01T00:00:00,40.200006249932756,3.0,0.506882525676274,MBA,2.8503470292768496,0.08221,2.61602,2,0.001251448139617382,0.015850923314478196,-0.017457829564945952,mag22,D539154,0.01,23.62965586269301,mag23,0.002167119147691851,373659,61642.094847514316,30.0,31.0,272.320612345032,-21.213523687699524,77.52003801990354,i,6.28642737865448e-07,373711,61642.11869848543,30.0,31.0,272.320612345032,-21.213523687699524,73.83158954872613,z,0.0,373659-373711,True,138,True,138,F
inst00627_part012:S101ITp7a:61642,inst00627_part012.h5,10044,S101ITp7a,61642,2,36.440662667155266,36.440662667155266,313.5671697517454,-17.263994590878713,-0.15292025221870112,-0.01509697779397575,21.977162674381326,313.5691095381139,-17.26380356262162,61642.2064495027,61642.20602126196,22.168698380225813,i,24.230402568747003,313.5652299653769,-17.264185619135805,61642.23175551844,61642.2313272777,21.78562696853684,z,15.769156425174511,19.87002400572316,19.27910401904228,178981788.3403487,325106132.26286316,311.1555937117979,0.16876581806936483,grid_dlon-020_lat+00,prob_maps_grid_dlon-020_lat+00.npz,2026-01-01T00:00:00,80.20000624993276,0.0,2.0850660898032363,MBA,3.0945081404952894,0.28567,2.2105,2,0.00033842153388365245,-0.14457536114314698,0.025515928637214125,mag21,D539204,0.0,22.948058655339047,mag22,0.0013126928900745825,373908,61642.20627010455,30.0,31.0,312.23052900564977,-17.803267454871637,83.7253105327916,i,0.0,373964,61642.23157612029,30.0,31.0,312.23052900564977,-17.803267454871637,78.47421536379193,z,0.0,373908-373964,True,167,True,174,O
inst00887_part006:STR0016oa:61642,inst00887_part006.h5,14197,STR0016oa,61642,2,34.173501619370654,34.173501619370654,329.7115419608918,-11.368243348075357,-0.021913359111195043,-0.007844597509219849,23.522971039362865,329.7118165653509,-11.368151771826586,61642.14693033903,61642.146502098294,23.753547348803735,r,7.444637968970961,329.71126735643276,-11.368334924324126,61642.17066193738,61642.17023369664,23.29239472992199,i,8.535146388596434,8.08447872426307,7.842274195149789,5401818583.594883,5552763060.769146,327.8465788247818,0.9073506791857339,grid_dlon-010_lat+01,prob_maps_grid_dlon-010_lat+01.npz,2026-01-01T00:00:00,90.20000624993276,1.0,4.672344584438002,TNO,36.137093095583666,0.0354,34.85784,2,8.207563232612858e-06,-0.02287370950331033,1.2832487458046272e-05,mag23,D541906,0.53,24.100696844213076,mag24+,4.2170465194367705e-05,373773,61642.14675094088,30.0,31.0,330.4153278564736,-10.669984224775128,173.57048323698308,r,0.0,373825,61642.17048253923,30.0,31.0,330.4153278564736,-10.669984224775128,156.47074690898765,i,0.0,373773-373825,True,148,True,146,N
inst00036_part006:S100240ga:61642,inst00036_part006.h5,582,S100240ga,61642,2,34.225487157236785,34.225487157236785,326.68483253115875,-4.468151469357358,-0.2108803355811118,-0.1109548310319558,18.27162901265185,326.687342319109,-4.466835175953023,61642.153291680894,61642.152863440155,18.514946496693018,r,408.8650604833142,326.6823227432085,-4.469467762761693,61642.17705938031,61642.17663113957,18.028311528610686,i,442.51423644992616,14.629635005107236,14.384342018364823,270452564.0194342,420412350.1670445,327.3680770111667,8.414662379064806,grid_dlon-010_lat+08,prob_maps_grid_dlon-010_lat+08.npz,2026-01-01T00:00:00,90.20000624993276,8.0,4.207140673354137,MBA,2.587790973347889,0.09313,2.34679,2,0.000807507525927887,-0.23785880687825187,-0.033857546813875115,18_20,D542880,0.43,18.84728699428703,18_20,0.0005891533230594254,373788,61642.153112282744,30.0,31.0,325.93481101602737,-4.2091162795698995,156.0050468846943,r,0.0,373840,61642.17687998216,30.0,31.0,325.93481101602737,-4.2091162795698995,139.63401455881424,i,0.0,373788-373840,True,128,True,131,G
inst00357_part005:S100KBCUa:61642,inst00357_part005.h5,5717,S100KBCUa,61642,2,34.328452760819346,34.328452760819346,254.595975784781,-21.86817359706413,0.29600591557850586,-0.042030534052206345,22.168417826035814,254.59245088851867,-21.86766952305731,61642.05405392916,61642.05362568842,22.45498335901695,r,20.056276347161095,254.59950068104325,-21.86867767107095,61642.07789313247,61642.07746489173,21.88185229305468,i,20.226543103980156,18.89673023473485,18.640498230341453,211690732.58433354,289253000.8765091,255.72355926048704,0.811127383805139,grid_dlon-080_lat+01,prob_maps_grid_dlon-080_lat+01.npz,2026-01-01T00:00:00,20.200006249932756,1.0,2.646696906285795,MBA,2.227540543356214,0.13611,1.92435,2,0.0006551553485316231,0.277637478438194,-0.01276708958787456,mag22,D542899,0.03,22.787919595694362,mag22,0.0008770786537943662,373567,61642.05387453101,30.0,31.0,255.57356396909347,-22.958749626878994,72.95550297090713,r,0.0,373619,61642.07771373432,30.0,31.0,255.57356396909347,-22.958749626878994,70.77344610239842,i,0.0,373567-373619,True,34,True,34,V
inst00566_part013:S101s4zca:61642,inst00566_part013.h5,9069,S101s4zca,61642,2,36.56775874318555,36.56775874318555,308.82678541398786,-15.232064130541815,-0.21420482015953712,-0.01714877587076305,22.436778697648855,308.8295114194364,-15.231848942079798,61642.18475161897,61642.18432337823,22.59909076718045,i,16.625937743266128,308.82405940853937,-15.232279319003831,61642.21014589587,61642.20971765513,22.274466628117256,z,11.562198335524576,20.402821708770333,19.835113460326518,166558576.22027332,310684347.20029795,307.29414338515755,3.3221715626772714,grid_dlon-030_lat+03,prob_maps_grid_dlon-030_lat+03.npz,2026-01-01T00:00:00,70.20000624993276,3.0,4.094407934749425,MBA,2.3293829640323898,0.20345,1.85547,2,0.0008154816748295998,-0.20475482835241818,0.03502630759119454,mag22,D543516,0.01,23.27166523732234,mag23,0.001045031522905524,373857,61642.184572220816,30.0,31.0,307.55006857284826,-14.514477456298348,92.2770262254423,i,0.0,373913,61642.20996649772,30.0,31.0,307.55006857284826,-14.514477456298348,84.45627244608112,z,0.0,373857-373913,True,181,True,182,R
inst00247_part005:S100t7aQa:61642,inst00247_part005.h5,3957,S100t7aQa,61642,2,34.328452760819346,34.328452760819346,254.52493245672676,-23.195119558590484,0.10337193231183234,-0.0301424250394577,23.51539810527185,254.52369750065048,-23.194762593005702,61642.05405392916,61642.05362568842,23.53872577887589,r,6.925237295719169,254.52616741280303,-23.19547652417527,61642.07789313247,61642.07746489173,23.492070431667813,i,6.394541565004279,17.973588102883124,17.7654893691763,416722920.6926942,477653108.1982365,255.7988339551417,-0.5153059343658526,grid_dlon-080_lat-01,prob_maps_grid_dlon-080_lat-01.npz,2026-01-01T00:00:00,20.200006249932756,-1.0,2.758148070704004,MBA,3.2360043111488794,0.03506,3.12255,2,0.001288191455168162,0.0976827798084055,-0.01988724751402543,mag23,D544488,0.0,23.989908736095547,mag23,0.0013160171251811819,373567,61642.05387453101,30.0,31.0,255.57356396909347,-22.958749626878994,72.95550297090713,r,0.0,373619,61642.07771373432,30.0,31.0,255.57356396909347,-22.958749626878994,70.77344610239842,i,0.0,373567-373619,True,46,True,46,V
inst00159_part008:S100gVbga:61642,inst00159_part008.h5,2552,S100gVbga,61642,2,34.3652157462202,34.3652157462202,11.737209149411626,2.3619970191533133,-0.06943553825179763,-0.04072039707005805,22.383914589956746,11.738037042756787,2.362490182278293,61642.29824732186,61642.29781908112,22.57339839083962,r,16.959717991438044,11.736381256066466,2.3615038560283335,61642.322112055015,61642.321683814276,22.19443078907387,i,20.133671624785208,18.046301561510177,17.794591387476228,304273769.5597229,430905308.2039388,11.712103954832143,-2.4665584235949636,grid_dlon+040_lat-02,prob_maps_grid_dlon+040_lat-02.npz,2026-01-01T00:00:00,140.20000624993276,-2.0,1.6783457111896796,MBA,3.122366278571516,0.18319,2.55038,2,0.0013744976235761143,-0.07983584596003057,-0.01045458498553448,mag22,D545562,0.0,22.989323202480517,mag22,0.0005487473031551963,374107,61642.29806792371,30.0,31.0,10.459801237058713,1.9451247494775845,140.96344844814226,r,0.0,374159,61642.321932656865,30.0,31.0,10.459801237058713,1.9451247494775845,127.24220479209438,i,0.0,374107-374159,True,119,True,122,C
inst00477_part004:S10179dTa:61642,inst00477_part004.h5,7636,S10179dTa,61642,2,34.20976972673088,34.20976972673088,347.81926966822914,-14.223662112861849,-0.1984432516430134,-0.11150983762039066,23.87325074245979,347.82162457152816,-14.222331080776689,61642.254867323965,61642.254439083226,23.978696303866904,g,6.114190040498008,347.8169147649302,-14.224993144947009,61642.2786241085,61642.27819586776,23.767805181052676,r,9.198036069374286,19.932071207437588,20.22264765418062,259287895.63358924,407529281.40569484,343.234156885374,-8.283782375524336,grid_dlon+010_lat-08,prob_maps_grid_dlon+010_lat-08.npz,2026-01-01T00:00:00,110.20000624993276,-8.0,0.28770296897888226,MBA,2.691714794624062,0.07365,2.49347,2,0.0010930386566629473,-0.22303022739897913,-0.026959048419762106,mag23,D547672,0.0,23.84060308827917,mag23,0.0006396323207724618,374009,61642.254687925815,30.0,31.0,346.6804859599491,-14.744148465919585,117.19964498642732,g,0.0,374061,61642.27844471035,30.0,31.0,346.6804859599491,-14.744148465919585,99.02150734848671,r,0.0,374009-374061,True,129,True,133,Y
inst00092_part015:S1008yMqa:61642,inst00092_part015.h5,1487,S1008yMqa,61642,2,34.34539839159697,34.34539839159697,273.67482680013495,-21.708013142250735,0.012491470287456369,-0.00680927633225715,22.788588356388416,273.67466970745573,-21.707940005908224,61642.09502691247,61642.094598671734,22.976601022196487,i,10.853124372848223,273.67498389281417,-21.708086278593242,61642.11887788358,61642.11844964284,22.600575690580346,z,8.742428929102603,18.46591357564324,17.874184382836873,336019639.42101574,435629279.43908703,273.41150592230304,1.6877107678504892,grid_dlon-060_lat+02,prob_maps_grid_dlon-060_lat+02.npz,2026-01-01T00:00:00,40.200006249932756,2.0,0.424477509849712,MBA,2.750837350786835,0.08939,2.50494,2,0.0008079219771257834,0.011433091534370748,-0.007103074725143733,mag22,D548868,0.01,23.714403973551544,mag23,0.0013082562825416989,373659,61642.094847514316,30.0,31.0,272.320612345032,-21.213523687699524,77.52003801990354,i,6.28642737865448e-07,373711,61642.11869848543,30.0,31.0,272.320612345032,-21.213523687699524,73.83158954872613,z,0.0,373659-373711,True,181,True,182,F
inst00144_part010:S100eZ1la:61642,inst00144_part010.h5,2314,S100eZ1la,61642,2,34.35887502506375,34.35887502506375,0.029424273875349623,2.443853066617958,-0.12639463314525157,-0.0834635565440134,22.573968170269154,0.03092912979832363,2.4448414099548548,61642.299951649904,61642.299523409165,22.769229158035753,r,13.460050437713608,0.027919417952375625,2.442864723281061,61642.32381197978,61642.32338373904,22.37870718250256,i,15.248836933796493,19.98790918091917,19.742089410776952,182328852.01150003,322621367.64744526,0.9957253175780302,2.230375465601273,grid_dlon+030_lat+02,prob_maps_grid_dlon+030_lat+02.npz,2026-01-01T00:00:00,130.20000624993276,2.0,2.3416128162286323,MBA,2.382648826322255,0.09643,2.15289,2,0.001798040083377747,-0.14918090026275152,-0.026296153939617168,mag22,D551470,0.0,23.151878759492202,mag23,0.0020572473317923188,374111,61642.299772251754,30.0,31.0,359.99405749316537,0.7464332850016774,123.00642522751502,r,0.0,374163,61642.32363258163,30.0,31.0,359.99405749316537,0.7464332850016774,111.19553170246147,i,0.0,374111-374163,True,28,True,33,AA
inst00699_part007:S1028PHla:61642,inst00699_part007.h5,11191,S1028PHla,61642,2,34.173501619370654,34.173501619370654,329.7908838456862,-10.988815983951993,-0.2689876163658984,-0.06302095511521319,22.82615924277686,329.79408076836484,-10.988062329361465,61642.14693033903,61642.146502098294,22.994523978900375,r,12.428785317003522,329.7876869230076,-10.98956963854252,61642.17066193738,61642.17023369664,22.65779450665335,i,14.229898473098617,21.09962540921785,20.8507689923386,164404790.06202847,315494477.4320754,328.05011110837415,1.236915336596716,grid_dlon-010_lat+01,prob_maps_grid_dlon-010_lat+01.npz,2026-01-01T00:00:00,90.20000624993276,1.0,4.880712373101604,MBA,2.199629719069468,0.13039,1.91282,2,0.0009406458917449855,-0.2696877069352579,0.0316135635459417,mag22,D552891,0.0,23.42539025043826,mag23,0.00873261861240249,373773,61642.14675094088,30.0,31.0,330.4153278564736,-10.669984224775128,173.57048323698308,r,0.0,373825,61642.17048253923,30.0,31.0,330.4153278564736,-10.669984224775128,156.47074690898765,i,0.0,373773-373825,True,106,True,103,N
inst00617_part005:S101G0RUa:61642,inst00617_part005.h5,9877,S101G0RUa,61642,2,34.20976972673088,34.20976972673088,347.4125499900529,-13.254890448208737,-0.17377368741273125,-0.1856059798110552,23.320783026250766,347.41460054422936,-13.252697338120786,61642.254867323965,61642.254439083226,23.81210292170946,g,11.229595176198615,347.41049943587655,-13.257083558296689,61642.2786241085,61642.27819586776,22.82946313079207,r,19.657607764342224,20.047842840236097,20.431953453919625,189184324.03283817,337984205.6492543,343.250745005693,-7.237678280140239,grid_dlon+010_lat-08,prob_maps_grid_dlon+010_lat-08.npz,2026-01-01T00:00:00,110.20000624993276,-8.0,0.7629519087906026,MBA,2.525999741471497,0.14903,2.14955,2,0.0008708525391703774,-0.2301224118620795,-0.1046116217046415,mag23,D553752,0.01,23.288829572331142,mag23,0.00029273518911515737,374009,61642.254687925815,30.0,31.0,346.6804859599491,-14.744148465919585,117.19964498642732,g,0.0,374061,61642.27844471035,30.0,31.0,346.6804859599491,-14.744148465919585,99.02150734848671,r,0.0,374009-374061,True,75,True,117,Y
inst00126_part004:S100cEBUa:61642,inst00126_part004.h5,2020,S100cEBUa,61642,2,34.19528196332976,34.19528196332976,337.04410815349775,-9.953708971968027,-0.20686241368588199,-0.06699588926931979,20.116280310721052,337.0465640600809,-9.95291130220464,61642.149480002925,61642.149051762186,20.35411906807845,r,116.08771921955449,337.0416522469146,-9.954506641731411,61642.17322672651,61642.17279848577,19.878441553363654,i,134.06807263888314,16.50095091729938,16.25548466303583,282765517.97805566,433795433.61091673,335.0847459027111,-0.33131166649872845,grid_dlon+000_lat+00,prob_maps_grid_dlon+000_lat+00.npz,2026-01-01T00:00:00,100.20000624993276,0.0,1.9356433909821045,MBA,2.926585789295393,0.05536,2.76457,2,0.000752382938314941,-0.2141319005500056,0.01228940955045295,mag20,D554255,0.02,20.690795647685224,mag20,0.000853812675207698,373779,61642.149300604775,30.0,31.0,336.49956488075304,-9.032870978565633,179.0276305438203,r,0.0,373831,61642.17304732836,30.0,31.0,336.49956488075304,-9.032870978565633,165.7758240074947,i,0.0,373779-373831,True,134,True,141,K
inst00277_part004:S100xyB4a:61642,inst00277_part004.h5,4436,S100xyB4a,61642,2,34.328452760819346,34.328452760819346,255.40621150919816,-23.51025975333974,0.19663354519320997,-0.04905617622729955,23.144708623460907,255.40386112050732,-23.50967480072246,61642.05405392916,61642.05362568842,23.470186056405733,r,8.735742557974268,255.408561897889,-23.510844705957016,61642.07789313247,61642.07746489173,22.819231190516085,i,8.740300333340702,19.09600087576418,18.84370111846095,274430309.5569155,346670412.45688236,256.63616918816047,-0.7452742918184165,grid_dlon-080_lat-01,prob_maps_grid_dlon-080_lat-01.npz,2026-01-01T00:00:00,20.200006249932756,-1.0,3.5616809284489594,MBA,2.259901179924844,0.08723,2.06277,2,0.0013507239566016886,0.1843353621817964,-0.030735824962254528,mag23,D555294,0.0,23.74100750499996,mag23,0.0010776432447888405,373567,61642.05387453101,30.0,31.0,255.57356396909347,-22.958749626878994,72.95550297090713,r,0.0,373619,61642.07771373432,30.0,31.0,255.57356396909347,-22.958749626878994,70.77344610239842,i,0.0,373567-373619,True,99,True,99,V
inst00066_part010:S1005sD7a:61642,inst00066_part010.h5,1066,S1005sD7a,61642,2,34.19528196332976,34.19528196332976,336.7147090228753,-8.656642955932218,-0.2052244676642343,-0.13926423490086737,20.31113765504353,336.7171486230104,-8.654990038518143,61642.149480002925,61642.149051762186,20.55691018186424,r,101.92286618207135,336.7122694227402,-8.658295873346294,61642.17322672651,61642.17279848577,20.065365128222822,i,117.86756820778794,16.709635005107234,16.46434201836482,279722840.1245162,430720865.43886065,335.2567494725829,0.994757505084584,grid_dlon+000_lat+01,prob_maps_grid_dlon+000_lat+01.npz,2026-01-01T00:00:00,100.20000624993276,1.0,2.0790903025296337,MBA,2.6055666457537217,0.12335,2.28417,2,0.00018875387092834772,-0.23978230449833138,-0.055491089912767175,mag20,D555927,0.01,20.88679563667871,mag20,0.0015480403139631637,373779,61642.149300604775,30.0,31.0,336.49956488075304,-9.032870978565633,179.0276305438203,r,0.0,373831,61642.17304732836,30.0,31.0,336.49956488075304,-9.032870978565633,165.7758240074947,i,0.0,373779-373831,True,51,True,90,K
inst00283_part002:S100ysPUa:61642,inst00283_part002.h5,4530,S100ysPUa,61642,2,34.21338453772478,34.21338453772478,346.94890753588516,-8.109797869746139,-0.217231268773597,-0.05643523658223555,22.926589231239063,346.95149266092295,-8.109134410978662,61642.253589535016,61642.25316129428,23.198719905152636,g,17.404838325639442,346.9463224108474,-8.110461328513617,61642.27734882983,61642.276920589095,22.654458557325494,r,26.513601014191405,18.731880120445226,19.037367199000492,258717141.17374307,407279058.56059813,344.8404384650209,-2.3212371187196768,grid_dlon+010_lat-02,prob_maps_grid_dlon+010_lat-02.npz,2026-01-01T00:00:00,110.20000624993276,-2.0,1.59288351151314,MBA,2.617978558734163,0.12785,2.28327,2,0.0007460679790036532,-0.22029476433625186,0.031385888495336765,mag22,D556147,0.0,22.87922203223857,mag22,0.0012414890967272743,374006,61642.253410136866,30.0,31.0,347.6615257772227,-8.854711246793014,125.93350398601339,g,0.0,374058,61642.27716943168,30.0,31.0,347.6615257772227,-8.854711246793014,109.34834614082037,r,0.0,374006-374058,True,45,True,38,B
inst00348_part008:S100J4kta:61642,inst00348_part008.h5,5576,S100J4kta,61642,2,34.225487157236785,34.225487157236785,327.27478156894796,-4.348149520369466,-0.2500541921928956,-0.0779697955622026,22.420174435141632,327.27775114049416,-4.347213019862703,61642.153291680894,61642.152863440155,22.692978989310433,r,21.82949304692768,327.2718119974018,-4.34908602087623,61642.17705938031,61642.17663113957,22.14736988097283,i,24.825197489516892,19.490633334414923,19.24487972134974,213985951.58511066,364134958.1699965,327.96870411342803,8.329345180163557,grid_dlon-010_lat+08,prob_maps_grid_dlon-010_lat+08.npz,2026-01-01T00:00:00,90.20000624993276,8.0,4.7985981336421695,MBA,2.2931062034580845,0.06133,2.15247,2,0.0015627708592029317,-0.26379414763469317,0.01095139833198796,mag22,D559961,0.01,23.025294713791894,mag23,0.005960382804342434,373788,61642.153112282744,30.0,31.0,325.93481101602737,-4.2091162795698995,156.0050468846943,r,0.0,373840,61642.17687998216,30.0,31.0,325.93481101602737,-4.2091162795698995,139.63401455881424,i,0.0,373788-373840,True,122,True,132,G
inst00548_part012:S101nkvda:61642,inst00548_part012.h5,8780,S101nkvda,61642,2,34.167453416157514,34.167453416157514,327.8234309950539,-14.198613868652018,-0.18735115126464275,-0.16632981417293446,22.059053913424513,327.8256485308051,-14.19663547612308,61642.14565229184,61642.1452240511,22.2692345372691,r,27.76194399097904,327.82121345930267,-14.200592261180956,61642.16937969004,61642.168951449305,21.84887328957993,i,31.464207581264585,19.897769423142773,19.650570874626446,175561143.60811138,326308323.5030571,325.1523931310077,-1.1280280487915857,grid_dlon-010_lat-01,prob_maps_grid_dlon-010_lat-01.npz,2026-01-01T00:00:00,90.20000624993276,-1.0,1.9826372800170455,MBA,2.7529499392371317,0.23473,2.10675,2,0.0005634982749139968,-0.227075068068255,-0.09545243230830505,mag22,D561299,0.0,22.698483038798063,mag22,0.0004378228426463927,373770,61642.14547289369,30.0,31.0,326.7487961931708,-14.202079732179511,172.52492961637122,r,0.0,373822,61642.16920029189,30.0,31.0,326.7487961931708,-14.202079732179511,150.5092126177087,i,0.0,373770-373822,True,87,True,126,Q
inst00143_part010:S100eRiFa:61642,inst00143_part010.h5,2298,S100eRiFa,61642,2,34.31595815112814,34.31595815112814,249.45936208248617,-24.136177379961296,0.1582395965825169,-0.02280079670559405,23.547615264701477,249.45747759936842,-24.135899051420875,61642.056621776544,61642.056193535806,23.692352028783276,r,7.060412278497034,249.46124656560386,-24.13645570850172,61642.08045230304,61642.0800240623,23.402878500619675,i,6.917110854866579,18.686227183434777,18.477893770601256,322363078.7454128,379176564.3055247,251.3092495915108,-2.0195878786180956,grid_dlon-080_lat-02,prob_maps_grid_dlon-080_lat-02.npz,2026-01-01T00:00:00,20.200006249932756,-2.0,1.776998382295236,MBA,2.5708665208479493,0.27307,1.86884,2,0.001382255763048078,0.14626564186354332,-0.002410308444637209,mag23,D561434,0.0,24.01972149410022,mag24+,0.001011314211064717,373573,61642.056442378394,30.0,31.0,248.6997815157693,-23.400569102553263,70.20225368589401,r,0.0,373625,61642.08027290489,30.0,31.0,248.6997815157693,-23.400569102553263,69.7145294114945,i,0.0,373573-373625,True,146,True,146,M
inst00125_part000:S100cvdpa:61642,inst00125_part000.h5,2000,S100cvdpa,61642,2,34.38103106687777,34.38103106687777,270.6977519147241,-26.68904345623909,0.010927042920986825,0.0104604570135397,21.026992467852367,270.69761857679816,-26.689169595134263,61642.094557400014,61642.094129159275,21.17815005484387,i,52.858720444844415,270.6978852526501,-26.68891731734392,61642.11843311603,61642.118004875294,20.875834880860864,z,46.23071392902251,16.228990197133363,15.650659151205893,376386967.2419091,469240003.66057384,270.6205450708796,-3.251274547059896,grid_dlon-060_lat-03,prob_maps_grid_dlon-060_lat-03.npz,2026-01-01T00:00:00,40.200006249932756,-3.0,2.5155662719261236,MBA,2.9393203079267956,0.09459,2.66129,2,0.0008220159964812341,0.009829304892841792,0.010412966054512618,mag21,D562520,0.35,21.86633331664647,mag21,0.001309191360836641,373658,61642.094378001864,30.0,31.0,270.45866431300607,-26.63108025372794,65.10267945919445,i,0.0,373710,61642.11825371788,30.0,31.0,270.45866431300607,-26.63108025372794,64.98675224524713,z,0.0,373658-373710,True,98,True,98,E
inst00001_part002:S00004PRa:61642,inst00001_part002.h5,18,S00004PRa,61642,2,34.225487157236785,34.225487157236785,325.8035998786708,-4.2792232708411095,-0.269996750778162,0.0390289593767528,20.373556144688386,325.80681319801374,-4.279686181758663,61642.153291680894,61642.152863440155,20.568571732015165,r,113.94873330661817,325.8003865593279,-4.278760359923557,61642.17705938031,61642.17663113957,20.17854055736161,i,118.42589088718039,21.380090127645577,21.180752781749927,56824846.493671715,207425960.8380493,326.5944289396489,8.886637654044236,grid_dlon-010_lat+08,prob_maps_grid_dlon-010_lat+08.npz,2026-01-01T00:00:00,90.20000624993276,8.0,3.526295542319728,NEO,2.190169657333975,0.493897452894,1.108450442171,2,0.0003853693070818029,-0.2438067931322109,0.12646106513547237,mag20,D563577,0.03,20.845803362938458,mag20,0.001242516738469976,373788,61642.153112282744,30.0,31.0,325.93481101602737,-4.2091162795698995,156.0050468846943,r,0.0,373840,61642.17687998216,30.0,31.0,325.93481101602737,-4.2091162795698995,139.63401455881424,i,0.0,373788-373840,True,95,True,95,G
inst00283_part000:S100yrlBa:61642,inst00283_part000.h5,4528,S100yrlBa,61642,2,36.52327183401212,36.52327183401212,296.8539007439766,-25.326915617557937,-0.12887516769052504,0.0227666351453283,21.542841168227007,296.85553312292404,-25.32721152038525,61642.19621749138,61642.19578925064,21.721196323720914,i,33.63574071902731,296.8522683650292,-25.32661971473062,61642.2215808746,61642.22115263386,21.3644860127331,z,20.092971451752845,18.62239490191185,18.040848111664168,222817019.97657812,355008179.25873387,294.1603099314366,-4.112337179758801,grid_dlon-040_lat-04,prob_maps_grid_dlon-040_lat-04.npz,2026-01-01T00:00:00,60.200006249932756,-4.0,0.9432891928370165,MBA,2.2347686032768648,0.13698,1.92865,2,0.0008254346483080273,-0.1107659877869728,0.043379059526593024,mag21,D565624,0.01,22.501993056562842,mag22,0.0014482965352469665,373884,61642.19603809323,30.0,31.0,297.722561514484,-24.817875390727316,67.88522708467251,i,0.0,373940,61642.22140147645,30.0,31.0,297.722561514484,-24.817875390727316,68.13687199255678,z,0.0,373884-373940,True,47,True,47,X
inst00231_part005:S100qK65a:61642,inst00231_part005.h5,3701,S100qK65a,61642,2,34.31595815112814,34.31595815112814,248.3840935402358,-21.817137126152343,0.15404660017300495,-0.017335634414552402,23.088499344189337,248.38226078342134,-21.816905967032888,61642.056621776544,61642.056193535806,23.301130047206634,r,7.564280061771243,248.38592629705028,-21.817368285271797,61642.08045230304,61642.0800240623,22.87586864117204,i,7.564513385885089,17.847418133756506,17.62787282480421,398037122.3753911,446733359.2830089,249.99747701474973,0.13393979837913392,grid_dlon-080_lat+00,prob_maps_grid_dlon-080_lat+00.npz,2026-01-01T00:00:00,20.200006249932756,0.0,3.0915664927131328,MBA,2.935780562415521,0.01603,2.88872,2,0.001699839159126565,0.14400988445326138,0.0038078434564626546,mag23,D566053,0.01,23.590626519385125,mag23,0.0012610627890107262,373573,61642.056442378394,30.0,31.0,248.6997815157693,-23.400569102553263,70.20225368589401,r,0.0,373625,61642.08027290489,30.0,31.0,248.6997815157693,-23.400569102553263,69.7145294114945,i,0.0,373573-373625,True,78,True,78,M
inst00651_part007:S101Rfmaa:61642,inst00651_part007.h5,10423,S101Rfmaa,61642,2,34.21338453772478,34.21338453772478,347.20427735383134,-9.407798961768638,-0.17606717970481217,-0.10901831388727021,23.286605387617463,347.20636599693916,-9.406507090828383,61642.253589535016,61642.25316129428,23.59143546249619,g,11.883291444891466,347.20218871072353,-9.409090832708891,61642.27734882983,61642.276920589095,22.981775312738737,r,18.02837612998412,21.42539112974994,21.72216931092431,128634741.24417761,277918957.3013929,344.5687344759059,-3.615410043529294,grid_dlon+010_lat-04,prob_maps_grid_dlon+010_lat-04.npz,2026-01-01T00:00:00,110.20000624993276,-4.0,1.3446287381475892,MBA,2.4040793611761817,0.22733,1.85756,2,0.0007236524375691831,-0.202818200322862,-0.03293486292638933,mag23,D566379,0.0,23.254436076693153,mag23,0.0006285373556581,374006,61642.253410136866,30.0,31.0,347.6615257772227,-8.854711246793014,125.93350398601339,g,0.0,374058,61642.27716943168,30.0,31.0,347.6615257772227,-8.854711246793014,109.34834614082037,r,0.0,374006-374058,True,103,True,100,B
inst00662_part012:S101VoE5a:61642,inst00662_part012.h5,10604,S101VoE5a,61642,2,34.225487157236785,34.225487157236785,327.30984088218946,-3.713988800820667,-0.2622965670551255,0.035059357743403796,24.126993887803074,327.3129490091659,-3.714388080465689,61642.153291680894,61642.152863440155,24.472251250169165,r,4.7688709011675225,327.30673275521303,-3.713589521175645,61642.17705938031,61642.17663113957,23.781736525436987,i,5.504413770243301,21.73434564111757,21.48350071506374,179514087.2180813,329637888.8090172,328.21912635093605,8.914222514459338,grid_dlon+000_lat+08,prob_maps_grid_dlon+000_lat+08.npz,2026-01-01T00:00:00,100.20000624993276,8.0,5.045810105197642,MBA,2.674629985175104,0.17706,2.20106,2,0.0006710600148966496,-0.23724488643480776,0.12168119551451739,mag24+,D568231,0.01,24.713493172739334,mag24+,0.00039057252239795915,373788,61642.153112282744,30.0,31.0,325.93481101602737,-4.2091162795698995,156.0050468846943,r,0.0,373840,61642.17687998216,30.0,31.0,325.93481101602737,-4.2091162795698995,139.63401455881424,i,0.0,373788-373840,True,76,True,118,G
inst00550_part009:S101nJXoa:61642,inst00550_part009.h5,8809,S101nJXoa,61642,3,36.52376041514799,36.52376041514799,293.0669428221104,-26.588488746172764,-0.09974399651157122,0.01180650463324145,22.90053610700342,293.06816408067306,-26.588653336792717,61642.195375061776,61642.19494682104,23.17244659781246,i,7.366355440823697,293.06572156354775,-26.588324155552808,61642.22073878429,61642.22031054355,22.62862561619438,z,4.648143724611487,19.81398706716764,19.201970744312163,256166922.1606118,383302864.40119255,290.58101982834484,-4.782657371774239,grid_dlon-040_lat-05,prob_maps_grid_dlon-040_lat-05.npz,2026-01-01T00:00:00,60.200006249932756,-5.0,2.650808225906329,MBA,2.41806708120478,0.13478,2.09216,3,0.0011054013772038795,-0.0865527557075927,0.025611050715314564,mag22,D570850,0.01,23.85856536269126,mag23,0.0017226033827691595,373882,61642.195195663626,30.0,31.0,291.7046191581302,-27.179875848535122,64.83657429004097,i,0.0,373938,61642.220559386136,30.0,31.0,291.7046191581302,-27.179875848535122,66.39172205669752,z,0.0,373882-373938,True,175,True,175,U
inst00100_part011:S1009vFZa:61642,inst00100_part011.h5,1611,S1009vFZa,61642,2,36.431736872764304,36.431736872764304,316.6199870075881,-19.018004694359206,-0.19481156241405384,-0.00316986271288965,20.716276701804276,316.6224523310573,-19.017964750803376,61642.207303253446,61642.20687501271,20.877474052136996,i,68.01086176098318,316.61752168411897,-19.018044637915036,61642.23260307072,61642.23217482998,20.55507935147155,z,51.93704723373362,16.2149691941322,15.632821870777995,365582626.6640867,511486955.92660713,313.44534591500786,-2.3315221157397947,grid_dlon-020_lat-02,prob_maps_grid_dlon-020_lat-02.npz,2026-01-01T00:00:00,80.20000624993276,-2.0,0.3927956793995169,MBA,3.1672899498387674,0.10688,2.82877,2,0.0013083836031116483,-0.1773635405012404,0.05025757783882172,mag20,D576039,0.01,21.56345483102628,mag21,0.0016977972189640195,373910,61642.207123855296,30.0,31.0,317.51308485366314,-17.84516531742886,88.53112261378887,i,0.0,373966,61642.23242367257,30.0,31.0,317.51308485366314,-17.84516531742886,80.808015289907,z,0.0,373910-373966,True,63,True,56,I
inst00384_part014:S100Ppx4a:61642,inst00384_part014.h5,6158,S100Ppx4a,61642,2,34.31595815112814,34.31595815112814,249.68471721678924,-23.50106022540523,0.15201863988288739,-0.07231261749154444,23.407717101423916,249.68287772199017,-23.500205412282934,61642.056621776544,61642.056193535806,23.667486749052987,r,6.106723459403645,249.68655671158837,-23.501915038527525,61642.08045230304,61642.0800240623,23.147947453794846,i,6.530098852270323,18.633713759403857,18.37695939723296,343865292.24915564,399307472.89394593,251.425246726802,-1.3619921762111427,grid_dlon-080_lat-01,prob_maps_grid_dlon-080_lat-01.npz,2026-01-01T00:00:00,20.200006249932756,-1.0,1.6998823944387165,MBA,2.736576610396161,0.14757,2.33274,2,0.0012041414053567856,0.14810374061705248,-0.05236112137320364,mag23,D577168,0.0,24.020757704190956,mag24+,0.0017129003511969386,373573,61642.056442378394,30.0,31.0,248.6997815157693,-23.400569102553263,70.20225368589401,r,0.0,373625,61642.08027290489,30.0,31.0,248.6997815157693,-23.400569102553263,69.7145294114945,i,0.0,373573-373625,True,147,True,147,M
inst00153_part004:S100g66Aa:61642,inst00153_part004.h5,2452,S100g66Aa,61642,2,34.17312336503528,34.17312336503528,316.5650643538751,-11.97068826644529,-0.1625088265736303,-0.1097338408445162,21.786722029523265,316.5669947215432,-11.969384902778106,61642.14349528497,61642.14306704423,22.076975154626624,r,34.95592420793683,316.5631339862069,-11.971991630112472,61642.16722662064,61642.1667983799,21.496468904419906,i,30.083274249115313,18.019732609699176,17.764897759482288,273332942.44230556,420537925.76064265,315.43425420864367,4.429959308295102,grid_dlon-020_lat+04,prob_maps_grid_dlon-020_lat+04.npz,2026-01-01T00:00:00,80.20000624993276,4.0,2.3029814509279967,MBA,3.1552446930356166,0.10071,2.83748,2,0.0016999678518005742,-0.18449957135049322,-0.058970536727539255,mag21,D577321,0.01,22.411824270040974,mag22,0.001812911040763732,373765,61642.14331588682,30.0,31.0,315.6825177941189,-13.277114016451204,144.96652051211944,r,0.0,373817,61642.167047222494,30.0,31.0,315.6825177941189,-13.277114016451204,120.54319117917052,i,6.28642737865448e-07,373765-373817,True,34,True,75,A
inst00076_part013:S1006EXea:61642,inst00076_part013.h5,1229,S1006EXea,61642,2,34.20976972673088,34.20976972673088,345.12301992811456,-14.602027905069384,-0.2192736127503631,-0.09439462837210945,21.75637325655299,345.1256220715954,-14.600909597880372,61642.254867323965,61642.254439083226,22.166969095644493,g,41.383877779017574,345.1204177846337,-14.603146212258398,61642.2786241085,61642.27819586776,21.345777417461484,r,72.08342217864046,20.03316243599779,20.44263533397605,118099596.77634999,267903098.87839252,340.65756850126195,-7.612478802191709,grid_dlon+010_lat-08,prob_maps_grid_dlon+010_lat-08.npz,2026-01-01T00:00:00,110.20000624993276,-8.0,2.6524354981285256,MBA,2.2108621792058973,0.20237,1.76345,2,0.0020258269899608634,-0.23425692507387577,-0.004704371668708697,mag21,D577529,0.01,21.713737922576943,mag21,0.002176570555829472,374009,61642.254687925815,30.0,31.0,346.6804859599491,-14.744148465919585,117.19964498642732,g,0.0,374061,61642.27844471035,30.0,31.0,346.6804859599491,-14.744148465919585,99.02150734848671,r,0.0,374009-374061,True,21,True,13,Y
inst00873_part010:S105s3QKa:61642,inst00873_part010.h5,13978,S105s3QKa,61642,2,34.225487157236785,34.225487157236785,324.55910603583357,-4.3245001055272345,-0.210536655156853,0.4621852937036445,22.239935460345457,324.5616056945796,-4.329997800540341,61642.153291680894,61642.152863440155,22.506050074096336,r,23.01952707237662,324.5566063770875,-4.319002410514128,61642.17705938031,61642.17663113957,21.973820846594574,i,25.53078748359458,23.332434490131284,23.083645757635693,53145821.14389026,203661326.61862585,325.39326437197644,9.254290201800098,grid_dlon-010_lat+08,prob_maps_grid_dlon-010_lat+08.npz,2026-01-01T00:00:00,90.20000624993276,8.0,2.5427379074722367,NEO,2.3934301841399095,0.45965,1.29329,2,0.9999999999999999,-0.04715359558315007,0.5054927671122593,mag22,D578697,0.9,22.826289702709765,mag22,0.9999999999999999,373788,61642.153112282744,30.0,31.0,325.93481101602737,-4.2091162795698995,156.0050468846943,r,0.0,373840,61642.17687998216,30.0,31.0,325.93481101602737,-4.2091162795698995,139.63401455881424,i,0.0,373788-373840,True,70,True,66,G
inst00157_part000:S100gAKDa:61642,inst00157_part000.h5,2512,S100gAKDa,61642,2,34.314723999705166,34.314723999705166,9.623875409835989,-5.408129608570386,-0.12152069584086098,-0.05245295760407115,23.469850311742494,9.625332394638292,-5.407513640303414,61642.30340807013,61642.302979829394,23.996277346003076,r,7.372464276474997,9.622418425033686,-5.408745576837357,61642.32723773958,61642.32680949884,22.943423277481912,i,7.935663617848923,18.33768159806032,18.093089554038414,392593214.71868205,522420251.9803431,6.690778820839008,-8.782070211245104,grid_dlon+030_lat-08,prob_maps_grid_dlon+030_lat-08.npz,2026-01-01T00:00:00,130.20000624993276,-8.0,3.4511717557966177,MBA,2.941343486680274,0.23572,2.24801,2,0.001595985372916488,-0.1334255266701496,-0.0001375600598393651,mag23,D579660,0.01,24.056760757704076,mag24+,0.0009866732850059442,374119,61642.30322867198,30.0,31.0,9.08702925754262,-4.299216293602096,134.79862427186353,r,0.0,374171,61642.32705834143,30.0,31.0,9.08702925754262,-4.299216293602096,118.99293609916184,i,0.0,374119-374171,True,180,True,151,S
inst00493_part008:S101aPd1a:61642,inst00493_part008.h5,7896,S101aPd1a,61642,2,34.17312336503528,34.17312336503528,317.056162619575,-13.267707235581076,-0.18039617435915678,-0.1379630541388696,23.5392551561554,317.0583212143932,-13.266082682390744,61642.14349528497,61642.14306704423,23.619554659508303,r,7.498048933163595,317.05400402475686,-13.269331788771408,61642.16722662064,61642.1667983799,23.458955652802494,i,6.023882698736913,21.27989887456318,21.059425112552802,173446209.22979584,321491722.31943846,315.5160000745131,3.049647925591111,grid_dlon-020_lat+03,prob_maps_grid_dlon-020_lat+03.npz,2026-01-01T00:00:00,80.20000624993276,3.0,2.34475909247596,MBA,2.453530783259078,0.13362,2.12569,2,0.0016742868832077444,-0.20847522151340644,-0.08076896773600016,mag23,D581677,0.0,24.029830043602598,mag24+,0.0016450375759107904,373765,61642.14331588682,30.0,31.0,315.6825177941189,-13.277114016451204,144.96652051211944,r,0.0,373817,61642.167047222494,30.0,31.0,315.6825177941189,-13.277114016451204,120.54319117917052,i,6.28642737865448e-07,373765-373817,True,122,True,163,A
inst00052_part005:S1003PF0a:61642,inst00052_part005.h5,837,S1003PF0a,61642,2,34.31595815112814,34.31595815112814,247.56881076120717,-22.769617007230845,0.3705447484207401,-0.02314244465764085,18.077328832648497,247.56439492904707,-22.76933979424204,61642.056621776544,61642.056193535806,18.28370158354474,r,363.3385187034968,247.57322659336728,-22.76989422021965,61642.08045230304,61642.0800240623,17.870956081752254,i,357.113338274996,14.668535537071309,14.462402216078171,220950757.742596,284838615.49304235,249.3936370773337,-0.9204014395913401,grid_dlon-080_lat-01,prob_maps_grid_dlon-080_lat-01.npz,2026-01-01T00:00:00,20.200006249932756,-1.0,3.6933611727466684,MBA,2.3671302752754637,0.20407,1.88407,2,0.0011729726540919562,0.3412651671593549,0.028991188773049407,18_20,D583692,0.11,18.554926616570327,18_20,0.000854561801023122,373573,61642.056442378394,30.0,31.0,248.6997815157693,-23.400569102553263,70.20225368589401,r,0.0,373625,61642.08027290489,30.0,31.0,248.6997815157693,-23.400569102553263,69.7145294114945,i,0.0,373573-373625,True,39,True,39,M
inst00303_part013:S100BLPwa:61642,inst00303_part013.h5,4861,S100BLPwa,61642,2,34.167453416157514,34.167453416157514,326.4758191288435,-13.211874222709898,-0.19911100898805778,-0.07851852632447534,22.807800830468018,326.4781829585752,-13.210936375734075,61642.14565229184,61642.1452240511,22.990733598146267,r,13.344991819759974,326.4734552991119,-13.212812069685722,61642.16937969004,61642.168951449305,22.62486806278977,i,15.128971228927748,19.54136909676913,19.297805165603847,250774182.31967008,401286516.9151074,324.2481352364752,0.2394955444197693,grid_dlon-010_lat+00,prob_maps_grid_dlon-010_lat+00.npz,2026-01-01T00:00:00,90.20000624993276,0.0,1.1006176978123339,MBA,2.9518980615306267,0.09671,2.66642,2,0.0006923410243766752,-0.2089120323022129,-0.009795905478814327,mag22,D586381,0.0,23.39999566486417,mag23,0.0005106209704740181,373770,61642.14547289369,30.0,31.0,326.7487961931708,-14.202079732179511,172.52492961637122,r,0.0,373822,61642.16920029189,30.0,31.0,326.7487961931708,-14.202079732179511,150.5092126177087,i,0.0,373770-373822,True,47,True,45,Q
inst00105_part014:S100a8KTa:61642,inst00105_part014.h5,1694,S100a8KTa,61642,2,34.328452760819346,34.328452760819346,255.94304733075327,-23.006808152664544,0.09456312520231712,-0.07018937145559431,21.289478398678106,255.94192057519814,-23.005974092800816,61642.05405392916,61642.05362568842,21.527718994441233,r,45.5814190663669,255.9441740863084,-23.00764221252827,61642.07789313247,61642.07746489173,21.051237802914976,i,45.767469472986996,16.407530213669773,16.152926385268717,351231669.9365753,418542477.9208151,257.0774456841278,-0.19572441042200608,grid_dlon-080_lat+00,prob_maps_grid_dlon-080_lat+00.npz,2026-01-01T00:00:00,20.200006249932756,0.0,3.9986289292751303,MBA,2.6080291461029894,0.14088,2.24061,2,0.0010300957802685923,0.09341613151980963,-0.061451490376851756,mag21,D587527,0.03,21.90655201340939,mag21,0.001136977623515365,373567,61642.05387453101,30.0,31.0,255.57356396909347,-22.958749626878994,72.95550297090713,r,0.0,373619,61642.07771373432,30.0,31.0,255.57356396909347,-22.958749626878994,70.77344610239842,i,0.0,373567-373619,True,98,True,98,V
inst00000_part001:S00000lXa:61642,inst00000_part001.h5,1,S00000lXa,61642,2,36.440662667155266,36.440662667155266,311.0845765553506,-18.12980782486366,-1.0692246255267528,-0.4821927558975676,17.960862648954723,311.09810445795546,-18.123709715560175,61642.2064495027,61642.20602126196,18.10771645557185,i,321.64694727297183,311.07104865274573,-18.13590593416715,61642.23175551844,61642.2313272777,17.814008842337593,z,261.52082926539896,18.135205440749807,17.552495996664497,70193063.5418713,217660934.51310694,308.6450393096816,-0.031978377472884914,grid_dlon-020_lat+00,prob_maps_grid_dlon-020_lat+00.npz,2026-01-01T00:00:00,80.20000624993276,0.0,4.588889742821346,NEO,1.4590323198532993,0.715273924427,0.415424546566,2,1.0,-1.106858247814637,-0.19979830109950183,16_18,D589231,1.0,18.817366652290225,18_20,1.0,373908,61642.20627010455,30.0,31.0,312.23052900564977,-17.803267454871637,83.7253105327916,i,0.0,373964,61642.23157612029,30.0,31.0,312.23052900564977,-17.803267454871637,78.47421536379193,z,0.0,373908-373964,True,17,True,16,O
inst00405_part006:S100T316a:61642,inst00405_part006.h5,6486,S100T316a,61642,2,34.17312336503528,34.17312336503528,314.747545729833,-13.89693842218406,-0.17502815914395675,-0.19885979370460466,22.735282241832557,314.74962167420074,-13.89458140975789,61642.14349528497,61642.14306704423,22.94996182282902,r,16.41435373165653,314.7454697854653,-13.899295434610229,61642.16722662064,61642.1667983799,22.520602660836094,i,14.086949710280464,20.095452488851627,19.842856898398225,188955319.4275028,335860388.27803236,313.18239738587596,3.0886382701868187,grid_dlon-020_lat+03,prob_maps_grid_dlon-020_lat+03.npz,2026-01-01T00:00:00,80.20000624993276,3.0,0.0892844233711807,MBA,2.595583808904621,0.16942,2.15584,2,0.00357721067370764,-0.21917300234798925,-0.1432325676839571,mag22,D590453,0.01,23.322425343434332,mag23,0.0016394833425607588,373765,61642.14331588682,30.0,31.0,315.6825177941189,-13.277114016451204,144.96652051211944,r,0.0,373817,61642.167047222494,30.0,31.0,315.6825177941189,-13.277114016451204,120.54319117917052,i,6.28642737865448e-07,373765-373817,True,111,True,62,A
inst00124_part007:S100cqZea:61642,inst00124_part007.h5,1991,S100cqZea,61642,2,34.225487157236785,34.225487157236785,324.8606950395723,-5.014985417167223,-0.18735069689269812,-0.1060392977204502,20.94630148985204,324.86291959971186,-5.013724538847736,61642.153291680894,61642.152863440155,21.190493402657093,r,69.79300463612641,324.85847047943275,-5.01624629548671,61642.17705938031,61642.17663113957,20.702109577046986,i,79.3153028826387,16.650851168265444,16.398473521847546,326407631.0378525,475963682.93897843,325.45094075738047,8.503374323188694,grid_dlon-010_lat+08,prob_maps_grid_dlon-010_lat+08.npz,2026-01-01T00:00:00,90.20000624993276,8.0,2.324674346665984,MBA,2.9779254687870873,0.1574,2.5092,2,0.0002869839383913415,-0.21347309396938946,-0.0387560554784606,mag20,D591011,0.02,21.547827968004494,mag21,0.00025380385860558185,373788,61642.153112282744,30.0,31.0,325.93481101602737,-4.2091162795698995,156.0050468846943,r,0.0,373840,61642.17687998216,30.0,31.0,325.93481101602737,-4.2091162795698995,139.63401455881424,i,0.0,373788-373840,True,115,True,112,G
inst00002_part015:S0000cEfa:61642,inst00002_part015.h5,47,S0000cEfa,61642,2,34.17127062915824,34.17127062915824,321.65719000668093,-13.671222409768689,-0.02861545013018347,-1.085553005494495,21.472747564667316,321.65753562059285,-13.65834475498829,61642.14436164236,61642.14393340162,21.71118938829438,r,33.45246904556611,321.656844392769,-13.684100064549089,61642.168091691405,61642.167663450666,21.234305741040256,i,32.30463082336844,22.562961147038067,22.343250316671487,49925448.85597059,200374543.63732642,319.66283064505274,1.3138210041628382,grid_dlon-010_lat+01,prob_maps_grid_dlon-010_lat+01.npz,2026-01-01T00:00:00,90.20000624993276,1.0,3.52379310889233,NEO,2.988174746801121,0.63715068068,1.084257172886,2,1.0,-0.3652740709325163,-1.0226648658846498,mag21,D592821,0.89,21.97549724799583,mag21,1.0,373767,61642.14418224421,30.0,31.0,321.102050420575,-13.536656576810467,159.46952532922018,r,0.0,373819,61642.167912293255,30.0,31.0,321.102050420575,-13.536656576810467,134.67718928161105,i,0.0,373767-373819,True,89,True,135,P
inst00011_part005:S0000Mwka:61642,inst00011_part005.h5,181,S0000Mwka,61642,3,36.440662667155266,36.440662667155266,313.20522524490883,-18.576302285292822,-2.103668709857285,3.152712918958824,20.680632570707566,313.23184767911096,-18.61619318318997,61642.2064495027,61642.20602126196,20.80783064119857,i,19.628528187951876,313.1786028107067,-18.536411387395674,61642.23175551844,61642.2313272777,20.553434500216557,z,13.315157189996437,24.16044797533672,23.52465669861025,13138718.52807026,163573330.64722306,310.4657046778994,-0.9994980414436142,grid_dlon-020_lat-01,prob_maps_grid_dlon-020_lat-01.npz,2026-01-01T00:00:00,80.20000624993276,-1.0,2.768113106692432,NEO,0.9671748274539398,0.292054907666,0.684706672525,3,0.0,-1.060152712839793,3.5766359249713893,mag20,D593701,1.0,21.669975872097318,mag21,0.0,373908,61642.20627010455,30.0,31.0,312.23052900564977,-17.803267454871637,83.7253105327916,i,0.0,373964,61642.23157612029,30.0,31.0,312.23052900564977,-17.803267454871637,78.47421536379193,z,0.0,373908-373964,True,152,True,149,O
inst00210_part007:S100nOY6a:61642,inst00210_part007.h5,3367,S100nOY6a,61642,2,34.173501619370654,34.173501619370654,329.12345664761517,-10.54428864147572,-0.19906881949635147,-0.07359734369266885,23.21472070523891,329.1258244419042,-10.54341129354111,61642.14693033903,61642.146502098294,23.583784079872547,r,8.797033026516651,329.12108885332617,-10.54516598941033,61642.17066193738,61642.17023369664,22.845657330605277,i,10.731351952130014,19.271879798092545,18.99085879164491,313519432.11790216,464482842.7981062,327.586312906953,1.8792301480038314,grid_dlon-010_lat+02,prob_maps_grid_dlon-010_lat+02.npz,2026-01-01T00:00:00,90.20000624993276,2.0,4.412812922518454,MBA,3.0431431881043003,0.15398,2.57456,2,0.0004173894001397577,-0.20918793301015573,-0.0023196449765663487,mag23,D594804,0.0,23.833861913593996,mag23,0.00042578990680347404,373773,61642.14675094088,30.0,31.0,330.4153278564736,-10.669984224775128,173.57048323698308,r,0.0,373825,61642.17048253923,30.0,31.0,330.4153278564736,-10.669984224775128,156.47074690898765,i,0.0,373773-373825,True,108,True,66,N
inst00087_part009:S1007UPOa:61642,inst00087_part009.h5,1401,S1007UPOa,61642,2,34.328452760819346,34.328452760819346,256.15091651745365,-23.080022933414934,0.13757482199171284,-0.01309576665040035,22.958020962698562,256.14928792551495,-23.07988054676593,61642.05405392916,61642.05362568842,23.149502271336974,r,11.371368022031481,256.1525451093923,-23.080165320063937,61642.07789313247,61642.07746489173,22.766539654060153,i,10.378810928956531,17.904713228663084,17.703514222767364,361941389.68859625,429023085.3689562,257.2748706443376,-0.2502547056509321,grid_dlon-080_lat+00,prob_maps_grid_dlon-080_lat+00.npz,2026-01-01T00:00:00,20.200006249932756,0.0,4.198725331974695,MBA,3.0350572912004297,0.10632,2.71237,2,0.0009659808375106992,0.12723620737234922,-0.0009855695134447322,mag22,D595369,0.0,23.4445067399312,mag23,0.0013181317513431476,373567,61642.05387453101,30.0,31.0,255.57356396909347,-22.958749626878994,72.95550297090713,r,0.0,373619,61642.07771373432,30.0,31.0,255.57356396909347,-22.958749626878994,70.77344610239842,i,0.0,373567-373619,True,137,True,137,V
inst00083_part000:S1007nN3a:61642,inst00083_part000.h5,1328,S1007nN3a,61642,3,34.34539839159697,34.34539839159697,272.3201062323892,-20.09218075318629,0.13660124116922914,-0.04299499407322525,22.60902990343719,272.3184800312084,-20.091671119115066,61642.09502691247,61642.094598671734,22.590924348293598,i,13.592447926688877,272.32173243357005,-20.092690387257516,61642.11887788358,61642.11844964284,22.627135458580785,z,10.47011662254202,19.547066221445213,18.972969704540283,222002372.2705147,326426325.0118906,272.17865496101973,3.329524692900115,grid_dlon-060_lat+03,prob_maps_grid_dlon-060_lat+03.npz,2026-01-01T00:00:00,40.200006249932756,3.0,1.0011294305464447,MBA,2.5624904526707057,0.21444,2.01299,3,0.0014315692616333887,0.12779335086297183,-0.045058710603914524,mag22,D596773,0.01,23.566060198896906,mag23,0.0015620410577207203,373659,61642.094847514316,30.0,31.0,272.320612345032,-21.213523687699524,77.52003801990354,i,6.28642737865448e-07,373711,61642.11869848543,30.0,31.0,272.320612345032,-21.213523687699524,73.83158954872613,z,0.0,373659-373711,True,80,True,80,F
inst00093_part006:S1008CtFa:61642,inst00093_part006.h5,1494,S1008CtFa,61642,2,34.35887502506375,34.35887502506375,0.6376688783577151,1.0427980342053662,-0.12769352089482333,-0.0563770172161236,20.607457722446178,0.6391913531726345,1.0434690745000827,61642.299951649904,61642.299523409165,20.859304419564715,r,79.14934386940328,0.6361464035427957,1.0421269939106497,61642.32381197978,61642.32338373904,20.355611025327644,i,89.03075514529685,15.800143671624657,15.547166607282465,353277295.4321798,490595440.965536,0.9959769095808886,0.7031047735945788,grid_dlon+030_lat+01,prob_maps_grid_dlon+030_lat+01.npz,2026-01-01T00:00:00,130.20000624993276,1.0,2.3488395526536188,MBA,3.1797878551965746,0.17792,2.61404,2,0.00037710406377298436,-0.1395731155577664,-0.0009389404763032859,mag20,D598907,0.03,21.20029111516371,mag21,0.00018915338255622876,374111,61642.299772251754,30.0,31.0,359.99405749316537,0.7464332850016774,123.00642522751502,r,0.0,374163,61642.32363258163,30.0,31.0,359.99405749316537,0.7464332850016774,111.19553170246147,i,0.0,374111-374163,True,127,True,128,AA
inst00339_part003:S100Hr8Ja:61642,inst00339_part003.h5,5427,S100Hr8Ja,61642,2,34.3652157462202,34.3652157462202,12.079860097016962,2.3528367411093543,-0.09108975964777422,-0.1097539148046217,23.495783617196512,12.080962415118961,2.354148429823188,61642.29824732186,61642.29781908112,23.83491844673398,r,7.089656736529319,12.078757778914962,2.351525052395521,61642.322112055015,61642.321683814276,23.156648787659044,i,7.8919454603818915,19.216619816515447,19.002796749359952,281203030.6949998,408093853.65928197,12.024150537681747,-2.6083779268652956,grid_dlon+040_lat-03,prob_maps_grid_dlon+040_lat-03.npz,2026-01-01T00:00:00,140.20000624993276,-3.0,1.3578495516959261,MBA,2.638601928374656,0.18688,2.1455,2,0.0018839286957852207,-0.1266966837096781,-0.06565422530317626,mag23,D600365,0.0,24.002986867836558,mag24+,0.001583763319572106,374107,61642.29806792371,30.0,31.0,10.459801237058713,1.9451247494775845,140.96344844814226,r,0.0,374159,61642.321932656865,30.0,31.0,10.459801237058713,1.9451247494775845,127.24220479209438,i,0.0,374107-374159,True,121,True,124,C
inst00350_part006:S100JoEDa:61642,inst00350_part006.h5,5606,S100JoEDa,61642,2,36.45291106891818,36.45291106891818,310.21840959277137,-22.982270898429547,-0.24949086414643795,0.1024083214170158,22.77218721492671,310.22155848069315,-22.98356655288423,61642.20517481482,61642.20474657408,22.87716578970928,i,12.17404161544706,310.2152607048496,-22.98097524397486,61642.2304893364,61642.23006109566,22.667208640144143,z,8.488473145166408,19.51562301580096,18.900582746795514,245280267.17098022,387513623.78024286,306.6011774710996,-4.508014683280018,grid_dlon-030_lat-05,prob_maps_grid_dlon-030_lat-05.npz,2026-01-01T00:00:00,70.20000624993276,-5.0,3.404355280031704,MBA,2.6525021482057367,0.02244,2.59298,2,0.0037921723297776747,-0.19615553870123564,0.15812846066176395,mag22,D600653,0.01,23.7316044681312,mag23,0.002631621009441465,373905,61642.20499541667,30.0,31.0,308.8151615658631,-22.414323129384417,73.50827098113933,i,0.0,373961,61642.23030993825,30.0,31.0,308.8151615658631,-22.414323129384417,71.32351469269727,z,0.0,373905-373961,True,182,True,152,H
inst00208_part014:S100nBMMa:61642,inst00208_part014.h5,3342,S100nBMMa,61642,2,36.56775874318555,36.56775874318555,307.8780469958904,-15.766023491852454,-0.14843054127742533,-0.03719325665176,23.01826126566948,307.87991888244,-15.76554638391096,61642.18475161897,61642.18432337823,23.14049067870593,i,9.527491100386396,307.87617510934075,-15.766500599793948,61642.21014589587,61642.20971765513,22.896031852633026,z,7.174886812709601,18.76834295765685,18.034381289179983,346226561.4670843,487269135.9136064,306.2747226268293,3.0307810244694986,grid_dlon-030_lat+03,prob_maps_grid_dlon-030_lat+03.npz,2026-01-01T00:00:00,70.20000624993276,3.0,3.062446246258438,other,3.3535005670408786,0.03887,3.22315,2,0.0007203004933397791,-0.1478115697140918,-0.0011277302112537955,mag23,D602417,0.0,24.0838799764895,mag24+,0.0007226814597425741,373857,61642.184572220816,30.0,31.0,307.55006857284826,-14.514477456298348,92.2770262254423,i,0.0,373913,61642.20996649772,30.0,31.0,307.55006857284826,-14.514477456298348,84.45627244608112,z,0.0,373857-373913,True,153,True,114,R
inst00002_part013:S0000cgVa:61642,inst00002_part013.h5,45,S0000cgVa,61642,2,34.19528196332976,34.19528196332976,337.95119099717476,-8.19869168391059,-0.4338474628588941,-0.098440711734012,22.839422082717093,337.95633613242757,-8.19753713334548,61642.149480002925,61642.149051762186,23.025242697242717,r,10.007922899781676,337.94604586192196,-8.199846234475702,61642.17322672651,61642.17279848577,22.653601468191464,i,11.165324090505317,22.53062199456957,22.312691026090455,101374451.39189726,252355297.2762701,336.56278491094554,0.9717252626442139,grid_dlon+000_lat+01,prob_maps_grid_dlon+000_lat+01.npz,2026-01-01T00:00:00,100.20000624993276,1.0,3.3852371615591434,NEO,1.5751073830316964,0.288244751126,1.121090947413,2,1.0,-0.43551543891761085,0.0668373226631537,mag22,D603667,1.0,23.334731056626637,mag23,1.0,373779,61642.149300604775,30.0,31.0,336.49956488075304,-9.032870978565633,179.0276305438203,r,0.0,373831,61642.17304732836,30.0,31.0,336.49956488075304,-9.032870978565633,165.7758240074947,i,0.0,373779-373831,True,31,True,33,K
inst00000_part013:S00003zQa:61642,inst00000_part013.h5,13,S00003zQa,61642,2,34.360883255722,34.360883255722,7.004935069091517,3.5698499103109826,-0.08078920497138059,-0.10310204648611529,23.371728827792474,7.005932689498195,3.571084531570055,61642.298680903965,61642.298252663226,23.638589134723944,r,7.464367812605504,7.003937448684837,3.56861528905191,61642.32254262845,61642.32211438771,23.104868520861007,i,8.575946642375161,20.91558598896628,20.675315040213377,163345461.3073589,298922830.86937034,7.838442549683387,0.49908281331203763,grid_dlon+030_lat+00,prob_maps_grid_dlon+030_lat+00.npz,2026-01-01T00:00:00,130.20000624993276,0.0,4.541225818081023,NEO,1.9327015769993063,0.361091131934,1.23482017687,2,0.0029026303322623433,-0.11479305222682887,-0.06289020620270548,mag23,D604314,0.0,23.975413787579097,mag23,0.001342546655917186,374108,61642.298501505815,30.0,31.0,5.612435850997294,2.863202976914128,133.06386966920232,r,0.0,374160,61642.3223632303,30.0,31.0,5.612435850997294,2.863202976914128,120.3423953691796,i,0.0,374108-374160,True,118,True,124,D
inst00361_part001:S100Lgkra:61642,inst00361_part001.h5,5777,S100Lgkra,61642,3,34.173501619370654,34.173501619370654,330.1752703294658,-11.432705677393084,-0.2576769569002812,-0.1058855168590795,21.862296863496766,330.17833731197277,-11.431444702935773,61642.14693033903,61642.146502098294,22.102864477849177,r,31.60030353050115,330.17220334695884,-11.433966651850398,61642.17066193738,61642.17023369664,21.62172924914436,i,35.97960985453009,19.69282264296212,19.443456865657605,183283972.7325623,334395442.42245287,328.2512047593785,0.6903090357833072,grid_dlon+000_lat+01,prob_maps_grid_dlon+000_lat+01.npz,2026-01-01T00:00:00,100.20000624993276,1.0,4.933676714730803,MBA,2.2269974604414924,0.12977,1.938,3,0.004199545574661153,-0.2736093030369114,-0.012215694139485478,mag21,D604622,0.0,22.46883999783916,mag22,0.07364004800347393,373773,61642.14675094088,30.0,31.0,330.4153278564736,-10.669984224775128,173.57048323698308,r,0.0,373825,61642.17048253923,30.0,31.0,330.4153278564736,-10.669984224775128,156.47074690898765,i,0.0,373773-373825,True,140,True,147,N
inst00575_part007:S101usGaa:61642,inst00575_part007.h5,9207,S101usGaa,61642,2,36.440662667155266,36.440662667155266,312.33687488983537,-18.596723020846873,-0.15322190824825588,0.00108944331465975,23.06242604224748,312.3388104879901,-18.596737130251956,61642.2064495027,61642.20602126196,23.088200621880905,i,10.288455797160232,312.3349392916807,-18.596708911441787,61642.23175551844,61642.2313272777,23.03665146261406,z,6.930887476862811,21.667338135959163,21.056887203127573,136825979.86045355,282896024.1669069,309.6676328832432,-0.796810193035546,grid_dlon-020_lat-01,prob_maps_grid_dlon-020_lat-01.npz,2026-01-01T00:00:00,80.20000624993276,-1.0,3.5719693429609323,MBA,2.440385138020732,0.22729,1.88571,2,0.0009384366583689896,-0.13963398778110367,0.03995801601590977,mag23,D604935,0.0,24.025538839119907,mag24+,0.0008665588693228424,373908,61642.20627010455,30.0,31.0,312.23052900564977,-17.803267454871637,83.7253105327916,i,0.0,373964,61642.23157612029,30.0,31.0,312.23052900564977,-17.803267454871637,78.47421536379193,z,0.0,373908-373964,True,103,True,103,O
inst00032_part002:S1001Bvha:61642,inst00032_part002.h5,514,S1001Bvha,61642,2,34.312762225745246,34.312762225745246,248.81646421325576,-30.63747436005348,0.11485046404858154,0.0214068554757885,20.28900774962956,248.8150935632916,-30.63772894928693,61642.05831489474,61642.057886654,20.529905606966203,r,96.48070518107998,248.8178348632199,-30.637219770820032,61642.08214320184,61642.0817149611,20.04810989229292,i,107.21763877163656,14.34440769707016,14.101241314513942,485904911.10283196,534049695.8465129,251.67171510622285,-8.535872549458935,grid_dlon-080_lat-08,prob_maps_grid_dlon-080_lat-08.npz,2026-01-01T00:00:00,20.200006249932756,-8.0,1.5140906186734484,MBA,3.1683281826338354,0.19752,2.54252,2,0.00045946803479764587,0.0957177256931948,0.0355427157725031,mag20,D605046,0.65,20.86776643511562,mag20,0.0013443848741021105,373577,61642.05813549659,30.0,31.0,247.8261477933222,-30.764583262605335,58.24793538934472,r,0.0,373629,61642.08196380369,30.0,31.0,247.8261477933222,-30.764583262605335,60.83513165254162,i,0.0,373577-373629,True,140,True,140,T
inst00470_part006:S1015JVxa:61642,inst00470_part006.h5,7526,S1015JVxa,61642,2,34.38103106687777,34.38103106687777,269.8335533322577,-25.867699901354637,0.1487002492392593,-0.19367152894621895,22.638118387368195,269.83176926371794,-25.865368958938284,61642.094557400014,61642.094129159275,22.689259770384393,i,13.440041865203247,269.8353374007974,-25.87003084377099,61642.11843311603,61642.118004875294,22.586977004352,z,10.158001963560299,19.79776942314277,19.220841855776847,203636142.326526,306170877.97425914,269.84622768558694,-2.4285051588354323,grid_dlon-060_lat-02,prob_maps_grid_dlon-060_lat-02.npz,2026-01-01T00:00:00,40.200006249932756,-2.0,3.305197022829278,MBA,2.386879979439733,0.2218,1.85747,2,0.013278283319251797,0.13414545026475397,-0.19351664555119535,mag22,D605167,0.08,23.60727653159135,mag23,0.006312534300635645,373658,61642.094378001864,30.0,31.0,270.45866431300607,-26.63108025372794,65.10267945919445,i,0.0,373710,61642.11825371788,30.0,31.0,270.45866431300607,-26.63108025372794,64.98675224524713,z,0.0,373658-373710,True,81,True,81,E
inst00151_part012:S100fTvEa:61642,inst00151_part012.h5,2428,S100fTvEa,61642,2,34.3652157462202,34.3652157462202,9.232218083791567,1.1792893502796367,-0.08780513868088952,-0.0987806061799136,21.521084618342336,9.233265216336235,1.1804668175898154,61642.29824732186,61642.29781908112,21.769624007299242,r,37.20273167932816,9.231170951246895,1.1781118829694577,61642.322112055015,61642.321683814276,21.272545229385425,i,43.29876775532365,16.816446404204232,16.570824023342084,333961030.33239603,463173381.28370667,8.942499010817578,-2.574690458876737,grid_dlon+040_lat-03,prob_maps_grid_dlon+040_lat-03.npz,2026-01-01T00:00:00,140.20000624993276,-3.0,4.40239233022279,MBA,3.025118184683265,0.0481,2.87961,2,0.002406666256715811,-0.11966597811194385,-0.05632970362743993,mag21,D606020,0.0,22.15026059500025,mag22,0.0011261357221403357,374107,61642.29806792371,30.0,31.0,10.459801237058713,1.9451247494775845,140.96344844814226,r,0.0,374159,61642.321932656865,30.0,31.0,10.459801237058713,1.9451247494775845,127.24220479209438,i,0.0,374107-374159,True,109,True,70,C
inst00274_part014:S100xcDKa:61642,inst00274_part014.h5,4398,S100xcDKa,61642,2,34.314723999705166,34.314723999705166,9.280584078938375,-2.7719634900905588,-0.08401656447471367,-0.0288263600019616,20.610973180132927,9.281586476810105,-2.7716219858492925,61642.30340807013,61642.302979829394,20.854952182123625,r,88.69311027467357,9.279581681066645,-2.7723049943318245,61642.32723773958,61642.32680949884,20.366994178142228,i,94.76878319858264,18.042707752708303,17.794317021873198,174510072.10049802,309553022.4220675,7.426107394714968,-6.225665207680582,grid_dlon+030_lat-05,prob_maps_grid_dlon+030_lat-05.npz,2026-01-01T00:00:00,130.20000624993276,-5.0,4.276139840144077,MBA,2.2874895845732652,0.1599,1.92172,2,0.00039746230948249867,-0.08900617601245112,0.006655784785082525,mag20,D606879,0.04,21.24665615825973,mag21,0.0006111656472334849,374119,61642.30322867198,30.0,31.0,9.08702925754262,-4.299216293602096,134.79862427186353,r,0.0,374171,61642.32705834143,30.0,31.0,9.08702925754262,-4.299216293602096,118.99293609916184,i,0.0,374119-374171,True,29,True,34,S
inst00269_part015:S100wts5a:61642,inst00269_part015.h5,4319,S100wts5a,61642,3,34.20976972673088,34.20976972673088,345.9376625128144,-13.614998059115763,-0.19119933275980938,-0.10661498749910694,24.06342462050075,345.9399401429356,-13.613734631491004,61642.254867323965,61642.254439083226,24.20895593708566,g,5.400269090088344,345.93538488269326,-13.616261486740523,61642.2786241085,61642.27819586776,23.917893303915843,r,9.738287091269331,20.39020746599474,20.77988718068974,223878437.12861025,372986429.20472085,341.7780218128926,-7.009696684708958,grid_dlon+010_lat-08,prob_maps_grid_dlon+010_lat-08.npz,2026-01-01T00:00:00,110.20000624993276,-8.0,1.8003580522029723,MBA,2.793615258904386,0.10662,2.49576,3,0.0006118868203993617,-0.21425840724200557,-0.025986094944329973,mag24+,D607651,0.0,24.02353743981101,mag24+,0.0005353036113135915,374009,61642.254687925815,30.0,31.0,346.6804859599491,-14.744148465919585,117.19964498642732,g,0.0,374061,61642.27844471035,30.0,31.0,346.6804859599491,-14.744148465919585,99.02150734848671,r,0.0,374009-374061,True,7,True,36,Y
inst00148_part009:S100ftWva:61642,inst00148_part009.h5,2377,S100ftWva,61642,2,34.38103106687777,34.38103106687777,270.10871512883716,-26.036027390312206,0.03891799530047237,-0.0003714919427496,21.929118702210385,270.1082468026322,-26.036019106832516,61642.094557400014,61642.094129159275,22.00745943164106,i,25.06165912449163,270.1091834550421,-26.0360356737919,61642.11843311603,61642.118004875294,21.85077797277971,z,20.343720964692423,17.73321882882599,17.110276134174327,320874535.0636429,415356597.4874851,270.0939145437285,-2.596782962837636,grid_dlon-060_lat-03,prob_maps_grid_dlon-060_lat-03.npz,2026-01-01T00:00:00,40.200006249932756,-3.0,3.0563326637074684,MBA,2.7113862369684103,0.04367,2.59298,2,0.0008766805893895124,0.035004182293409895,-0.00039791169446694844,mag21,D608315,0.02,22.90884256803606,mag22,0.0011656211124640124,373658,61642.094378001864,30.0,31.0,270.45866431300607,-26.63108025372794,65.10267945919445,i,0.0,373710,61642.11825371788,30.0,31.0,270.45866431300607,-26.63108025372794,64.98675224524713,z,0.0,373658-373710,True,85,True,85,E
inst00000_part007:S00001Vga:61642,inst00000_part007.h5,7,S00001Vga,61642,2,34.35887502506375,34.35887502506375,359.2159983675549,0.46733081135774934,-0.46206682181003084,-0.1025645592255154,20.540012115573553,359.22151451061814,0.46855647356560165,61642.299951649904,61642.299523409165,20.780611381872912,r,78.44976844079098,359.2104822244917,0.4661051491498971,61642.32381197978,61642.32338373904,20.29941284927419,i,87.36673131804068,20.14225247259631,19.894120251886932,82031633.59948596,226971627.24601984,359.46270988759625,0.7406154027601772,grid_dlon+030_lat+01,prob_maps_grid_dlon+030_lat+01.npz,2026-01-01T00:00:00,130.20000624993276,1.0,3.871965354457504,NEO,1.6888644021197772,0.41326358097,0.990918251527,2,1.0,-0.4647609769230282,0.08969033844178056,mag20,D608957,1.0,21.154891863686622,mag21,1.0,374111,61642.299772251754,30.0,31.0,359.99405749316537,0.7464332850016774,123.00642522751502,r,0.0,374163,61642.32363258163,30.0,31.0,359.99405749316537,0.7464332850016774,111.19553170246147,i,0.0,374111-374163,True,61,True,57,AA
inst00427_part013:S100XqUIa:61642,inst00427_part013.h5,6845,S100XqUIa,61642,2,34.232301854062825,34.232301854062825,321.3416050579342,-6.479209445292392,-0.23565440333667986,-0.038089442141268054,21.501928014923735,321.344401097325,-6.478754333104621,61642.15414510912,61642.15371686838,21.707423345790446,r,46.13522476496176,321.33880901854343,-6.479664557480163,61642.17791754096,61642.17748930022,21.296432684057027,i,48.888502141695085,19.081672428784337,18.867531998703093,181713737.81853622,330915949.49057144,321.62397352034503,8.24251629686228,grid_dlon-010_lat+08,prob_maps_grid_dlon-010_lat+08.npz,2026-01-01T00:00:00,90.20000624993276,8.0,1.577050022826555,MBA,2.4209803878505696,0.08934,2.20469,2,0.00044198136387027444,-0.2367175360737628,0.03732533943536225,mag21,D609176,0.01,21.97439601622064,mag21,0.0020460278717539804,373790,61642.15396571097,30.0,31.0,319.87425652205366,-6.247018758978787,144.29627597575382,r,0.0,373842,61642.177738142804,30.0,31.0,319.87425652205366,-6.247018758978787,126.39120112850028,i,6.28642737865448e-07,373790-373842,True,132,True,166,W
inst00092_part005:S1008uAda:61642,inst00092_part005.h5,1477,S1008uAda,61642,2,34.232301854062825,34.232301854062825,319.9104728307092,-6.288043929167852,-0.22536657733659002,0.0200872757854572,23.480741587877077,319.91315944735675,-6.288293582975413,61642.15414510912,61642.15371686838,23.86256552764308,r,8.389476334812231,319.9077862140617,-6.287794275360292,61642.17791754096,61642.17748930022,23.098917648111076,i,8.959941205911385,19.300202216489165,19.08504708901723,308543490.49051386,456700561.08084965,320.3171141196343,8.866446051554483,grid_dlon-010_lat+08,prob_maps_grid_dlon-010_lat+08.npz,2026-01-01T00:00:00,90.20000624993276,8.0,2.993297156598869,MBA,3.2265295803135006,0.05072,3.06288,2,0.00033052533521168916,-0.2094370031527958,0.08810509822296367,mag23,D609285,0.01,23.955694498859845,mag23,6.349886205088096e-05,373790,61642.15396571097,30.0,31.0,319.87425652205366,-6.247018758978787,144.29627597575382,r,0.0,373842,61642.177738142804,30.0,31.0,319.87425652205366,-6.247018758978787,126.39120112850028,i,6.28642737865448e-07,373790-373842,True,94,True,94,W
inst00075_part008:S1006v6Xa:61642,inst00075_part008.h5,1208,S1006v6Xa,61642,2,34.314723999705166,34.314723999705166,8.490279336937109,-4.743546389024862,-0.09217404970877921,-0.11314965436578006,21.191025928718176,8.491379118166321,-4.742198939095403,61642.30340807013,61642.302979829394,21.41993489091392,r,58.97755745434204,8.489179555707892,-4.744893838954321,61642.32723773958,61642.32680949884,20.962116966522437,i,60.65488839108707,17.26905658569086,17.04793538116616,266971927.22495937,400214418.441814,5.910088650775818,-7.723894248888255,grid_dlon+030_lat-08,prob_maps_grid_dlon+030_lat-08.npz,2026-01-01T00:00:00,130.20000624993276,-8.0,2.595431170458118,MBA,2.7759890230745863,0.04527,2.65032,2,0.0014170532799303221,-0.1304143860919259,-0.06738028974317008,mag21,D610265,0.02,21.683090547552016,mag21,0.0009474649333935518,374119,61642.30322867198,30.0,31.0,9.08702925754262,-4.299216293602096,134.79862427186353,r,0.0,374171,61642.32705834143,30.0,31.0,9.08702925754262,-4.299216293602096,118.99293609916184,i,0.0,374119-374171,True,103,True,100,S
inst00225_part007:S100pUJGa:61642,inst00225_part007.h5,3607,S100pUJGa,61642,2,34.225487157236785,34.225487157236785,324.59207688829525,-3.665840368768846,-0.1778199792550464,-0.1223484449647545,21.262876753341544,324.59419192169065,-3.664388827320898,61642.153291680894,61642.152863440155,21.496704186226758,r,53.22866506346982,324.5899618548999,-3.6672919102167936,61642.17705938031,61642.17663113957,21.029049320456334,i,60.37098763649644,17.803252472596313,17.555120251886933,255069643.32376018,404434716.8025599,325.6443215665606,9.865537985548297,grid_dlon-010_lat+08,prob_maps_grid_dlon-010_lat+08.npz,2026-01-01T00:00:00,90.20000624993276,8.0,3.089683558481867,MBA,3.0562216207752697,0.10586,2.73269,2,0.00044404990761734203,-0.2109537059256005,-0.057138046636328876,mag21,D610583,0.02,21.877756501454613,mag21,0.0001785540404804082,373788,61642.153112282744,30.0,31.0,325.93481101602737,-4.2091162795698995,156.0050468846943,r,0.0,373840,61642.17687998216,30.0,31.0,325.93481101602737,-4.2091162795698995,139.63401455881424,i,0.0,373788-373840,True,56,True,25,G
inst00223_part003:S100pB2ma:61642,inst00223_part003.h5,3571,S100pB2ma,61642,2,36.431736872764304,36.431736872764304,317.77772169776426,-19.430134445346216,-0.18987470024569028,-0.05890026345426075,21.179644874254876,317.7801217488885,-19.429392033800706,61642.207303253446,61642.20687501271,21.286927107802118,i,47.01238394521736,317.77532164664,-19.430876856891725,61642.23260307072,61642.23217482998,21.072362640707635,z,32.326688148391106,17.496904270198502,16.899277378873645,292629296.5480217,439327530.280012,314.3714298703597,-3.045064194702717,grid_dlon-020_lat-03,prob_maps_grid_dlon-020_lat-03.npz,2026-01-01T00:00:00,80.20000624993276,-3.0,1.137662968772172,MBA,3.0293666177409775,0.10749,2.70374,2,0.000981052991822972,-0.18873423310116524,-0.0034584876651460234,mag21,D610791,0.01,22.12036749538123,mag22,0.0006681082497058714,373910,61642.207123855296,30.0,31.0,317.51308485366314,-17.84516531742886,88.53112261378887,i,0.0,373966,61642.23242367257,30.0,31.0,317.51308485366314,-17.84516531742886,80.808015289907,z,0.0,373910-373966,True,116,True,113,I
inst00281_part011:S100yeJga:61642,inst00281_part011.h5,4507,S100yeJga,61642,2,34.18257205397822,34.18257205397822,261.180471891351,-22.081883920877786,0.24117562449170957,0.01682274606596625,20.641688112199127,261.17760712732235,-22.082083387791094,61642.10585084488,61642.10542260414,20.744167474114573,i,52.701208455482785,261.18333665537966,-22.081684453964478,61642.12958874214,61642.1291605014,20.53920875028368,z,47.931275906389615,18.03445828670709,17.42547200732792,190831366.12983796,281970162.76560926,261.8265987759044,1.1076310222914052,grid_dlon-070_lat+01,prob_maps_grid_dlon-070_lat+01.npz,2026-01-01T00:00:00,30.200006249932756,1.0,1.3124855927025671,MBA,2.204779722389861,0.1715,1.82666,2,0.0005762237948761202,0.22208393961641404,0.030423911658231998,mag20,D616197,0.06,21.61621610487121,mag21,0.0006710096571368164,373684,61642.105671446734,30.0,31.0,262.3464125266547,-22.444355960056903,71.11750764041383,i,6.28642737865448e-07,373736,61642.12940934399,30.0,31.0,262.3464125266547,-22.444355960056903,70.824918879744,z,0.0,373684-373736,True,37,True,37,Z
inst00019_part006:S1000g3Wa:61642,inst00019_part006.h5,310,S1000g3Wa,61642,2,34.312762225745246,34.312762225745246,247.46423235718504,-31.0342711967467,0.140877099749295,0.0100077697033239,17.65175778442204,247.46255597929144,-31.034392703592495,61642.05831489474,61642.057886654,17.902368721407893,r,493.5848073661176,247.4659087350787,-31.034149689900907,61642.08214320184,61642.0817149611,17.40114684743618,i,535.9432967105384,12.028791415326404,11.776663349791741,443715380.9210061,491084766.37990737,250.57020286088357,-9.102199840892194,grid_dlon-080_lat-08,prob_maps_grid_dlon-080_lat-08.npz,2026-01-01T00:00:00,20.200006249932756,-8.0,2.748301912099079,MBA,3.2180768399493638,0.02837,3.12678,2,0.0007424456062886323,0.1192204570278778,0.02852522628700383,16_18,D617078,0.34,18.255094434630298,18_20,0.004701011965300792,373577,61642.05813549659,30.0,31.0,247.8261477933222,-30.764583262605335,58.24793538934472,r,0.0,373629,61642.08196380369,30.0,31.0,247.8261477933222,-30.764583262605335,60.83513165254162,i,0.0,373577-373629,True,52,True,52,T
inst00000_part000:S000001ja:61642,inst00000_part000.h5,0,S000001ja,61642,2,34.173501619370654,34.173501619370654,331.5857366640739,-11.028385315998221,-0.30750453656214455,-0.11824518600789319,18.130947624495,331.58938533323334,-11.026982614488508,61642.14693033903,61642.146502098294,18.381100854226833,r,406.68119214275833,331.5820879949145,-11.029788017507933,61642.17066193738,61642.17023369664,17.880794394763164,i,442.8247695256864,14.552732609699175,14.29789775948229,284223083.31548536,435415357.28148484,329.6890308198174,0.5886593401293656,grid_dlon+000_lat+01,prob_maps_grid_dlon+000_lat+01.npz,2026-01-01T00:00:00,100.20000624993276,1.0,3.5103046909064672,NEO,1.8331110857179715,0.590006298373,0.751563999527,2,1.0,-0.32413737846038526,-0.005170234471513685,18_20,D617938,0.94,18.756049865012713,18_20,1.0,373773,61642.14675094088,30.0,31.0,330.4153278564736,-10.669984224775128,173.57048323698308,r,0.0,373825,61642.17048253923,30.0,31.0,330.4153278564736,-10.669984224775128,156.47074690898765,i,0.0,373773-373825,True,119,True,129,N
inst00515_part015:S101fTOTa:61642,inst00515_part015.h5,8255,S101fTOTa,61642,2,34.21338453772478,34.21338453772478,347.88377838534336,-8.313601568228226,-0.14480347723161535,-0.22050409444157099,24.273519756085463,347.88546426167625,-8.310975328446059,61642.253589535016,61642.25316129428,24.494747706794115,g,3.865885820646603,347.8820925090104,-8.316227808010394,61642.27734882983,61642.276920589095,24.052291805376814,r,6.642559963454192,20.54075937747164,20.9091045119134,237446763.67860284,385756150.08496165,345.6145902707462,-2.8686037728791485,grid_dlon+010_lat-03,prob_maps_grid_dlon+010_lat-03.npz,2026-01-01T00:00:00,110.20000624993276,-3.0,2.33800433782384,MBA,3.2090825028254395,0.22136,2.49872,2,0.0020781653592234256,-0.2181106620151328,-0.14730451055575686,mag24+,D618179,0.01,24.24441524417206,mag24+,0.000522297810598589,374006,61642.253410136866,30.0,31.0,347.6615257772227,-8.854711246793014,125.93350398601339,g,0.0,374058,61642.27716943168,30.0,31.0,347.6615257772227,-8.854711246793014,109.34834614082037,r,0.0,374006-374058,True,83,True,86,B
inst00340_part009:S100HFsja:61642,inst00340_part009.h5,5449,S100HFsja,61642,2,34.17127062915824,34.17127062915824,322.39267926651297,-13.585614017502907,-0.21868395878394672,0.019064001908958697,23.36983424296006,322.39524743168005,-13.585860448049095,61642.14436164236,61642.14393340162,23.556410267814503,r,9.03750761216975,322.3901111013459,-13.58536758695672,61642.168091691405,61642.167663450666,23.183258218105617,i,7.161097046354616,20.427824915397206,20.222747029575814,218373927.45255992,367952860.18263733,320.3685625239405,1.1709325767513936,grid_dlon-010_lat+01,prob_maps_grid_dlon-010_lat+01.npz,2026-01-01T00:00:00,90.20000624993276,1.0,2.809264124248629,MBA,3.1811602831249584,0.24415,2.40448,2,0.0003309064069435971,-0.19576257634121108,0.08509060539209036,mag23,D618817,0.0,23.847087213384242,mag23,0.0008933077247659776,373767,61642.14418224421,30.0,31.0,321.102050420575,-13.536656576810467,159.46952532922018,r,0.0,373819,61642.167912293255,30.0,31.0,321.102050420575,-13.536656576810467,134.67718928161105,i,0.0,373767-373819,True,119,True,132,P
inst00061_part011:S1004TDSa:61642,inst00061_part011.h5,987,S1004TDSa,61642,2,34.18257205397822,34.18257205397822,261.81911301633636,-22.935414087927597,0.10457918870355254,-0.02157905937844215,19.60966103285597,261.8178731960318,-22.935156094419742,61642.10585084488,61642.10542260414,19.709036577573265,i,120.12925217372393,261.82035283664084,-22.93567208143545,61642.12958874214,61642.1291605014,19.510285488138678,z,109.94435074502464,15.290859758000208,14.709351387773058,328729267.0659988,408418235.52976525,262.4658041597577,0.2902715295535472,grid_dlon-070_lat+00,prob_maps_grid_dlon-070_lat+00.npz,2026-01-01T00:00:00,30.200006249932756,0.0,0.7291328674527087,MBA,3.0350611146583963,0.12296,2.66187,2,0.0024647958628877327,0.09737994500442644,-0.016092845076185205,18_20,D622387,0.08,20.550309645082915,mag20,0.0019503615515368542,373684,61642.105671446734,30.0,31.0,262.3464125266547,-22.444355960056903,71.11750764041383,i,6.28642737865448e-07,373736,61642.12940934399,30.0,31.0,262.3464125266547,-22.444355960056903,70.824918879744,z,0.0,373684-373736,True,50,True,50,Z
inst00461_part009:S10141Cba:61642,inst00461_part009.h5,7385,S10141Cba,61642,2,34.360883255722,34.360883255722,4.438391591977164,3.221519873164641,-0.16844190638113915,0.0088302991969756,23.4263008102389,4.440417811286068,3.221399915695996,61642.298680903965,61642.298252663226,23.644676058765484,r,7.541832592509883,4.436365372668263,3.221639830633286,61642.32254262845,61642.32211438771,23.207925561712315,i,8.74093539083491,19.211852493082493,18.9659227417526,283202966.6699467,417384246.35667765,5.3474838781520395,1.1932725186109208,grid_dlon+030_lat+01,prob_maps_grid_dlon+030_lat+01.npz,2026-01-01T00:00:00,130.20000624993276,1.0,2.031971728250074,MBA,2.54775552997755,0.12251,2.23563,2,0.0017101373783991042,-0.15090878957383363,0.0748161847361396,mag23,D622500,0.0,24.0203780684863,mag24+,0.002737827046334857,374108,61642.298501505815,30.0,31.0,5.612435850997294,2.863202976914128,133.06386966920232,r,0.0,374160,61642.3223632303,30.0,31.0,5.612435850997294,2.863202976914128,120.3423953691796,i,0.0,374108-374160,True,24,True,17,D
inst00001_part000:S00004oma:61642,inst00001_part000.h5,16,S00004oma,61642,2,36.52327183401212,36.52327183401212,297.0160700998094,-25.855330504909105,0.21169545713333857,0.7851701575432066,19.332016168339074,297.0133849879535,-25.86528910316209,61642.19621749138,61642.19578925064,19.45831277920565,i,153.9875043064166,297.0187552116652,-25.84537190665612,61642.2215808746,61642.22115263386,19.2057195574725,z,107.75220948108144,21.19092149080148,20.588318891669232,34453021.9667432,179814550.89249426,294.2088116295826,-4.65848323414749,grid_dlon-040_lat-05,prob_maps_grid_dlon-040_lat-05.npz,2026-01-01T00:00:00,60.200006249932756,-5.0,1.0426036503159284,NEO,1.421924437559548,0.168786254995,1.181923136858,2,1.0,0.33078032878735913,0.7376246753086821,18_20,D623753,0.97,20.276697276669843,mag20,1.0,373884,61642.19603809323,30.0,31.0,297.722561514484,-24.817875390727316,67.88522708467251,i,0.0,373940,61642.22140147645,30.0,31.0,297.722561514484,-24.817875390727316,68.13687199255678,z,0.0,373884-373940,True,55,True,55,X
inst00034_part013:S1001TsZa:61642,inst00034_part013.h5,557,S1001TsZa,61642,2,34.38103106687777,34.38103106687777,270.77628554741926,-27.625682695811893,0.04172709262805516,0.08572661962660716,20.830714429148845,270.7757873105319,-27.62670593060808,61642.094557400014,61642.094129159275,20.926689337086156,i,61.78641482945176,270.77678378430664,-27.624659461015707,61642.11843311603,61642.118004875294,20.734739521211534,z,50.21038859675942,16.69869951125807,16.104937302079843,312757860.1438216,408624492.73268986,270.68575443245567,-4.188259727922671,grid_dlon-060_lat-04,prob_maps_grid_dlon-060_lat-04.npz,2026-01-01T00:00:00,40.200006249932756,-4.0,2.4450344100258476,MBA,2.9347744485415883,0.09422,2.65826,2,0.0007145830016794192,0.03753295869627456,0.08552559514166373,mag20,D623895,0.07,21.785777127069,mag21,0.0018189840917415484,373658,61642.094378001864,30.0,31.0,270.45866431300607,-26.63108025372794,65.10267945919445,i,0.0,373710,61642.11825371788,30.0,31.0,270.45866431300607,-26.63108025372794,64.98675224524713,z,0.0,373658-373710,True,101,True,101,E
inst00632_part012:S101Knmfa:61642,inst00632_part012.h5,10124,S101Knmfa,61642,3,34.35887502506375,34.35887502506375,1.2251517371786633,0.2332644715393563,-0.19906628252669492,-0.0320756433669675,23.661725465705395,1.2275030515009462,0.2336472966160609,61642.299951649904,61642.299523409165,24.10748538153966,r,5.768583499960177,1.2228004228563805,0.23288164646265172,61642.32381197978,61642.32338373904,23.21596554987113,i,6.681934859174416,20.935711842164867,20.67882070438257,184233714.25417238,324369832.36821127,1.212984040186389,-0.2732874968381802,grid_dlon+030_lat+00,prob_maps_grid_dlon+030_lat+00.npz,2026-01-01T00:00:00,130.20000624993276,0.0,2.1305928810598616,MBA,2.196891797148867,0.1442,1.8801,3,0.0007991875677034294,-0.19540409578117085,0.04973613285708938,mag23,D626387,0.01,24.282904761322825,mag24+,0.0008139696065512602,374111,61642.299772251754,30.0,31.0,359.99405749316537,0.7464332850016774,123.00642522751502,r,0.0,374163,61642.32363258163,30.0,31.0,359.99405749316537,0.7464332850016774,111.19553170246147,i,0.0,374111-374163,True,174,True,175,AA
inst00334_part005:S100GDAKa:61642,inst00334_part005.h5,5349,S100GDAKa,61642,2,34.21338453772478,34.21338453772478,347.4895195991392,-8.262302139690423,-0.17653859648452472,-0.08055463182438125,23.369797753142016,347.4916165170194,-8.26133854140412,61642.253589535016,61642.25316129428,23.887593512433487,g,10.969643626678288,347.4874226812591,-8.263265737976727,61642.27734882983,61642.276920589095,22.852001993850546,r,19.794206401970737,18.169063694575883,18.562156260282013,338170341.64608836,486265091.2590251,345.27475333826794,-2.669550311954126,grid_dlon+010_lat-03,prob_maps_grid_dlon+010_lat-03.npz,2026-01-01T00:00:00,110.20000624993276,-3.0,2.0216627273941508,MBA,3.148712963067636,0.11541,2.78532,2,0.0006358634999526399,-0.1924889418491555,-0.006300510366641623,mag23,D627357,0.0,23.327641492860003,mag23,0.00030320112194638215,374006,61642.253410136866,30.0,31.0,347.6615257772227,-8.854711246793014,125.93350398601339,g,0.0,374058,61642.27716943168,30.0,31.0,347.6615257772227,-8.854711246793014,109.34834614082037,r,0.0,374006-374058,True,44,True,44,B
inst00375_part007:S100NLOva:61642,inst00375_part007.h5,6007,S100NLOva,61642,2,34.17312336503528,34.17312336503528,315.37070213229276,-13.553438281394476,-0.22275125135826976,-0.08097013777156084,22.22687244195353,315.37334730653185,-13.552475651319536,61642.14349528497,61642.14306704423,22.45102986754498,r,26.32718071664605,315.36805695805367,-13.554400911469415,61642.16722662064,61642.1667983799,22.002715016362085,i,22.25137403876597,19.93813140682312,19.694043635073786,169331470.75251502,316729908.27471185,313.86109241524804,3.247491548774885,grid_dlon-020_lat+03,prob_maps_grid_dlon-020_lat+03.npz,2026-01-01T00:00:00,80.20000624993276,3.0,0.7324118934565482,MBA,2.1624349922859216,0.02127,2.11644,2,0.0012060664324835318,-0.23099019442813362,-0.016247090594868497,mag22,D627652,0.01,22.802828806879745,mag22,0.002760809472214828,373765,61642.14331588682,30.0,31.0,315.6825177941189,-13.277114016451204,144.96652051211944,r,0.0,373817,61642.167047222494,30.0,31.0,315.6825177941189,-13.277114016451204,120.54319117917052,i,6.28642737865448e-07,373765-373817,True,102,True,99,A
inst00175_part002:S100iZg7a:61642,inst00175_part002.h5,2802,S100iZg7a,61642,2,34.19528196332976,34.19528196332976,336.09939330294225,-8.137807754205786,-0.2337183126206117,-0.07769015470212265,19.128220145259114,336.10216917214325,-8.136885033723903,61642.149480002925,61642.149051762186,19.345124883833964,r,229.04462507369342,336.0966174337413,-8.13873047468767,61642.17322672651,61642.17279848577,18.911315406684263,i,251.06371941931266,16.64337676730895,16.42245755674228,200252082.16954336,351291449.09778893,334.87901631179034,1.6998281138990379,grid_dlon+000_lat+02,prob_maps_grid_dlon+000_lat+02.npz,2026-01-01T00:00:00,100.20000624993276,2.0,1.7276259701372205,MBA,2.6196773173046504,0.20975,2.0702,2,0.0013730930022163757,-0.24388173046952097,0.011811202166058537,18_20,D628528,0.05,19.625762588516835,18_20,0.0016494741729568287,373779,61642.149300604775,30.0,31.0,336.49956488075304,-9.032870978565633,179.0276305438203,r,0.0,373831,61642.17304732836,30.0,31.0,336.49956488075304,-9.032870978565633,165.7758240074947,i,0.0,373779-373831,True,54,True,47,K
inst00201_part013:S100mCVka:61642,inst00201_part013.h5,3229,S100mCVka,61642,2,34.31595815112814,34.31595815112814,248.23956130642898,-22.47769079399279,0.10846998886227822,-0.04245892963436545,22.613812092801762,248.23827664541534,-22.47719437925539,61642.056621776544,61642.056193535806,22.833043664512065,r,12.015931927965644,248.24084596744262,-22.478187208730187,61642.08045230304,61642.0800240623,22.39458052109146,i,12.643812607812112,16.890408288179653,16.642555262455268,459935694.306074,505403174.6495727,249.9621662095438,-0.5391164577051515,grid_dlon-080_lat-01,prob_maps_grid_dlon-080_lat-01.npz,2026-01-01T00:00:00,20.200006249932756,-1.0,3.1577894741200714,MBA,3.0033501982770408,0.12244,2.63562,2,0.002130719322244563,0.10539967270882988,-0.027213550309568256,mag22,D632002,0.04,23.241256830346494,mag23,0.0012935685994297668,373573,61642.056442378394,30.0,31.0,248.6997815157693,-23.400569102553263,70.20225368589401,r,0.0,373625,61642.08027290489,30.0,31.0,248.6997815157693,-23.400569102553263,69.7145294114945,i,0.0,373573-373625,True,84,True,84,M
inst00105_part014:S100a8KXa:61642,inst00105_part014.h5,1694,S100a8KXa,61642,2,34.21338453772478,34.21338453772478,347.19044412304004,-8.69081193701934,-0.20140240276008015,-0.04698054079799725,24.17349071088109,347.1928226446723,-8.690253961156555,61642.253589535016,61642.25316129428,24.601162070761383,g,4.799398907945334,347.1880656014078,-8.691369912882125,61642.27734882983,61642.276920589095,23.745819351000797,r,8.605128213669406,19.714297472123985,20.09857153507716,283319692.2655054,431746781.99117893,344.8351545770916,-2.9494439379373345,grid_dlon+010_lat-03,prob_maps_grid_dlon+010_lat-03.npz,2026-01-01T00:00:00,110.20000624993276,-3.0,1.5556949732198566,MBA,2.998569140416444,0.0635,2.80816,2,0.000596519130234427,-0.20197464106516175,0.034032619403459086,mag24+,D634391,0.0,24.13491917580393,mag24+,0.0006257199262349561,374006,61642.253410136866,30.0,31.0,347.6615257772227,-8.854711246793014,125.93350398601339,g,0.0,374058,61642.27716943168,30.0,31.0,347.6615257772227,-8.854711246793014,109.34834614082037,r,0.0,374006-374058,True,53,True,52,B
inst00110_part009:S100aI37a:61642,inst00110_part009.h5,1769,S100aI37a,61642,2,34.35887502506375,34.35887502506375,0.45713518909735745,2.393475691307489,-0.1571250392255676,-0.05458228836397905,19.562249646276314,0.45900953715920423,2.3941306685502446,61642.299951649904,61642.299523409165,19.779619877364897,r,160.13187726590314,0.45526084103551057,2.392820714064734,61642.32381197978,61642.32338373904,19.344879415187727,i,169.8070224007575,15.916961147038066,15.697250316671484,247843935.92308623,386357349.656939,1.3679460501870382,2.014064160999899,grid_dlon+030_lat+02,prob_maps_grid_dlon+030_lat+02.npz,2026-01-01T00:00:00,130.20000624993276,2.0,1.9580820085324884,MBA,2.403120447389445,0.14884,2.04544,2,0.0007699006401607787,-0.16584453152894063,0.012410087849726763,18_20,D635532,0.13,20.064999329604827,mag20,0.0008368903144723178,374111,61642.299772251754,30.0,31.0,359.99405749316537,0.7464332850016774,123.00642522751502,r,0.0,374163,61642.32363258163,30.0,31.0,359.99405749316537,0.7464332850016774,111.19553170246147,i,0.0,374111-374163,True,33,True,72,AA
inst00078_part000:S1006NeJa:61642,inst00078_part000.h5,1248,S1006NeJa,61642,2,34.19528196332976,34.19528196332976,336.98597765426024,-8.128621178262486,-0.2697736233071455,-0.03346497243046355,23.44481632745048,336.98917982056975,-8.128222226667315,61642.149480002925,61642.149051762186,23.55854893701449,r,5.717840914701959,336.9827754879507,-8.129020129857658,61642.17322672651,61642.17279848577,23.331083717886468,i,6.893992675900546,21.62466497660016,21.375141371984295,175760127.23685253,326742938.59707165,335.699771702509,1.3880035119516758,grid_dlon+000_lat+01,prob_maps_grid_dlon+000_lat+01.npz,2026-01-01T00:00:00,100.20000624993276,1.0,2.5517783170894877,MBA,2.3624316818625646,0.21141,1.86299,2,0.0014231865557020069,-0.26084161456409155,0.06666525893487106,mag23,D639304,0.0,24.019674955466183,mag24+,0.012706385129382707,373779,61642.149300604775,30.0,31.0,336.49956488075304,-9.032870978565633,179.0276305438203,r,0.0,373831,61642.17304732836,30.0,31.0,336.49956488075304,-9.032870978565633,165.7758240074947,i,0.0,373779-373831,True,38,True,40,K
inst00618_part003:S101GgvZa:61642,inst00618_part003.h5,9891,S101GgvZa,61642,2,34.20976972673088,34.20976972673088,346.60729146607235,-13.35288768165912,-0.1640247679872811,-0.13049062898374092,23.163496264923324,346.60924115158525,-13.35133178158191,61642.254867323965,61642.254439083226,23.578304694503846,g,12.696897080670583,346.6053417805595,-13.35444358173633,61642.2786241085,61642.27819586776,22.7486878353428,r,23.023296137967346,20.81627980756108,21.215763786382944,143929567.4577477,293256592.36092234,342.4851554910826,-7.021785460626377,grid_dlon+010_lat-08,prob_maps_grid_dlon+010_lat-08.npz,2026-01-01T00:00:00,110.20000624993276,-8.0,1.2614083382080366,MBA,2.555118373683436,0.25279,1.90921,2,0.000993131285940846,-0.19933242731707448,-0.057942327616758445,mag23,D640640,0.0,23.117732478540383,mag23,0.0002376601616083448,374009,61642.254687925815,30.0,31.0,346.6804859599491,-14.744148465919585,117.19964498642732,g,0.0,374061,61642.27844471035,30.0,31.0,346.6804859599491,-14.744148465919585,99.02150734848671,r,0.0,374009-374061,True,32,True,73,Y
inst00252_part001:S100tOQna:61642,inst00252_part001.h5,4033,S100tOQna,61642,2,36.431736872764304,36.431736872764304,317.31574769357286,-16.746980041940432,-0.19176700584471013,-0.04253764436563305,23.091621557170388,317.31816623028243,-16.74643272011407,61642.207303253446,61642.20687501271,23.1053148316369,i,11.166996878176178,317.31332915686335,-16.747527363766793,61642.23260307072,61642.23217482998,23.077928282703876,z,7.26640933885502,19.317804355484224,18.721938042635365,285493871.713289,432549533.8601407,314.7397825011154,-0.3512606861084938,grid_dlon-020_lat+00,prob_maps_grid_dlon-020_lat+00.npz,2026-01-01T00:00:00,80.20000624993276,0.0,1.5455654150249467,MBA,2.932762051141687,0.05009,2.78586,2,0.001074208049177177,-0.18804938542930788,0.01301818598815291,mag23,D640796,0.0,24.059683514535024,mag24+,0.0008640440893608831,373910,61642.207123855296,30.0,31.0,317.51308485366314,-17.84516531742886,88.53112261378887,i,0.0,373966,61642.23242367257,30.0,31.0,317.51308485366314,-17.84516531742886,80.808015289907,z,0.0,373910-373966,True,74,True,77,I
inst00002_part000:S00008ELa:61642,inst00002_part000.h5,32,S00008ELa,61642,2,34.360883255722,34.360883255722,7.159284106078929,2.762879161979528,0.07105202731055436,-0.37798513756095586,23.117704737406527,7.158427947181565,2.767385894862013,61642.298680903965,61642.298252663226,23.5274998684479,r,7.509866675398746,7.160140264976292,2.758372429097043,61642.32254262845,61642.32211438771,22.707909606365153,i,8.797739775850319,21.99765064956528,21.743742821973306,107743143.47194573,246563394.72181493,7.661489251412031,-0.30318925175526734,grid_dlon+030_lat+00,prob_maps_grid_dlon+030_lat+00.npz,2026-01-01T00:00:00,130.20000624993276,0.0,4.347348810982631,NEO,1.7762375023470052,0.306011679268,1.232688081475,2,0.2905732433373282,-0.08397688871976729,-0.37530987798321613,mag23,D641607,0.14,23.74896191543322,mag23,0.006036035978858824,374108,61642.298501505815,30.0,31.0,5.612435850997294,2.863202976914128,133.06386966920232,r,0.0,374160,61642.3223632303,30.0,31.0,5.612435850997294,2.863202976914128,120.3423953691796,i,0.0,374108-374160,True,162,True,166,D
inst00054_part012:S100476Xa:61642,inst00054_part012.h5,876,S100476Xa,61642,2,36.431736872764304,36.431736872764304,316.81012647424893,-18.24529192226562,-0.236899324390638,-0.045594464982392446,19.74675557349388,316.81312401842655,-18.244715648120106,61642.207303253446,61642.20687501271,19.840036639237457,i,145.45194594056557,316.8071289300714,-18.24586819641113,61642.23260307072,61642.23217482998,19.653474507750303,z,106.74269579395636,16.608242782311073,16.025435579383643,246670082.65219086,393468278.11422074,313.8419167347726,-1.644157601747814,grid_dlon-020_lat-02,prob_maps_grid_dlon-020_lat-02.npz,2026-01-01T00:00:00,80.20000624993276,-2.0,0.7038417996002834,MBA,2.3729902408200516,0.14542,2.02791,2,0.0009115977597121089,-0.2286341168871606,0.021643895305611522,18_20,D643996,0.08,20.681319994110236,mag20,0.0009580976087771035,373910,61642.207123855296,30.0,31.0,317.51308485366314,-17.84516531742886,88.53112261378887,i,0.0,373966,61642.23242367257,30.0,31.0,317.51308485366314,-17.84516531742886,80.808015289907,z,0.0,373910-373966,True,57,True,50,I
inst00159_part005:S100gTLoa:61642,inst00159_part005.h5,2549,S100gTLoa,61642,2,34.17312336503528,34.17312336503528,316.82885252131507,-13.761914609849779,-0.21530112111826283,-0.00368639180231585,22.908897849708246,316.8314057975933,-13.76186596498232,61642.14349528497,61642.14306704423,23.038839649661707,r,14.501462262677508,316.8262992450369,-13.761963254717235,61642.16722662064,61642.1667983799,22.778956049754786,i,11.59159747678662,18.248154454779463,18.03153150699841,346896027.7565509,493829238.2800432,315.1602950580956,2.6411447854086902,grid_dlon-020_lat+03,prob_maps_grid_dlon-020_lat+03.npz,2026-01-01T00:00:00,80.20000624993276,3.0,2.020646768244424,MBA,3.0745512753227673,0.23784,2.3433,2,0.0010983083867036952,-0.20139212488682426,0.057203692428519144,mag22,D644838,0.0,23.397366342709837,mag23,0.000308841899690221,373765,61642.14331588682,30.0,31.0,315.6825177941189,-13.277114016451204,144.96652051211944,r,0.0,373817,61642.167047222494,30.0,31.0,315.6825177941189,-13.277114016451204,120.54319117917052,i,6.28642737865448e-07,373765-373817,True,133,True,171,A
inst00278_part005:S100xI9La:61642,inst00278_part005.h5,4453,S100xI9La,61642,3,36.45291106891818,36.45291106891818,307.1321695742215,-22.388465543741283,-0.1683994872824982,-0.05118362250048905,22.767316391121142,307.1343083177983,-22.387815940843527,61642.20517481482,61642.20474657408,22.927196089291517,i,11.795234120838051,307.1300308306447,-22.38911514663904,61642.2304893364,61642.23006109566,22.60743669295077,z,8.701539489725485,18.77103149764646,18.177688919468252,303914869.81978023,443506261.4310075,303.98545184381373,-3.2236052374363546,grid_dlon-030_lat-03,prob_maps_grid_dlon-030_lat-03.npz,2026-01-01T00:00:00,70.20000624993276,-3.0,0.7853905800053278,MBA,2.8097705731242804,0.09688,2.53756,3,0.0013529982448826526,-0.16370459330907738,-0.012233879878575209,mag22,D645249,0.0,23.62962747165289,mag23,0.0006667659781460923,373905,61642.20499541667,30.0,31.0,308.8151615658631,-22.414323129384417,73.50827098113933,i,0.0,373961,61642.23030993825,30.0,31.0,308.8151615658631,-22.414323129384417,71.32351469269727,z,0.0,373905-373961,True,5,True,5,H
inst00030_part006:S1001pAAa:61642,inst00030_part006.h5,486,S1001pAAa,61642,2,34.17312336503528,34.17312336503528,317.2404213215434,-13.306679555109584,-0.23269593695683466,-0.040984769656598696,21.472102069042396,317.2431824615672,-13.306193067451932,61642.14349528497,61642.14306704423,21.775920509447623,r,44.166471872155526,317.2376601815196,-13.307166042767236,61642.16722662064,61642.1667983799,21.16828362863717,i,39.444992594580874,19.06834295765685,18.79536048714708,182603360.6587913,330642550.37408924,315.676349724675,2.960007791606262,grid_dlon-020_lat+03,prob_maps_grid_dlon-020_lat+03.npz,2026-01-01T00:00:00,80.20000624993276,3.0,2.504901921742037,MBA,2.2709592029314085,0.18401,1.85308,2,0.0009466853704719549,-0.22883992704948478,0.027029950299197716,mag21,D645412,0.01,22.076741581895316,mag22,0.0015323916197983838,373765,61642.14331588682,30.0,31.0,315.6825177941189,-13.277114016451204,144.96652051211944,r,0.0,373817,61642.167047222494,30.0,31.0,315.6825177941189,-13.277114016451204,120.54319117917052,i,6.28642737865448e-07,373765-373817,True,125,True,166,A
inst00177_part001:S100jfwra:61642,inst00177_part001.h5,2833,S100jfwra,61642,2,34.360883255722,34.360883255722,7.148007857406753,2.212386910933814,-0.031820898627807744,-0.15627460228305168,21.420406427095486,7.148386630166442,2.214248523405891,61642.298680903965,61642.298252663226,21.66880089021138,r,37.14532350228709,7.147629084647065,2.2105252984617367,61642.32254262845,61642.32211438771,21.172011963979596,i,43.438633805815215,18.667804355484225,18.410211477536173,186327683.33821753,321283274.3723282,7.433847505807541,-0.8045404663768667,grid_dlon+030_lat-01,prob_maps_grid_dlon+030_lat-01.npz,2026-01-01T00:00:00,130.20000624993276,-1.0,4.113768337871219,MBA,2.5926746145990966,0.18721,2.1073,2,0.0007839947087348502,-0.0909096172828196,-0.13103389957963876,mag21,D647022,0.01,22.050194949559312,mag22,0.0003841958227713987,374108,61642.298501505815,30.0,31.0,5.612435850997294,2.863202976914128,133.06386966920232,r,0.0,374160,61642.3223632303,30.0,31.0,5.612435850997294,2.863202976914128,120.3423953691796,i,0.0,374108-374160,True,170,True,177,D
inst00086_part003:S1007KUya:61642,inst00086_part003.h5,1379,S1007KUya,61642,2,34.17312336503528,34.17312336503528,314.7691389351004,-12.948094616916034,-0.2318010539728778,-0.055330796064926455,20.34844859814931,314.77189125193854,-12.947436465913011,61642.14349528497,61642.14306704423,20.61479199521658,r,114.16666313172875,314.7663866182622,-12.948752767919057,61642.16722662064,61642.1667983799,20.08210520108204,i,101.57428108305251,17.05406833129229,16.79323490640264,233812956.97709137,380372557.520023,313.46937280260516,3.993462394353269,grid_dlon-020_lat+04,prob_maps_grid_dlon-020_lat+04.npz,2026-01-01T00:00:00,80.20000624993276,4.0,0.297677482192579,MBA,2.2804602144180808,0.12041,2.00587,2,0.0017815043283364474,-0.23292030975766168,0.010334246698310989,mag20,D647811,0.1,20.955213691746668,mag20,0.0009028620841608065,373765,61642.14331588682,30.0,31.0,315.6825177941189,-13.277114016451204,144.96652051211944,r,0.0,373817,61642.167047222494,30.0,31.0,315.6825177941189,-13.277114016451204,120.54319117917052,i,6.28642737865448e-07,373765-373817,True,57,True,47,A
